Copyright 1986-2022 Xilinx, Inc. All Rights Reserved. Copyright 2022-2025 Advanced Micro Devices, Inc. All Rights Reserved.
-----------------------------------------------------------------------------------------------------------------------------------------------------------------------------------------------------------------------------------------------------
| Tool Version      : Vivado v.2025.2 (lin64) Build 6299465 Fri Nov 14 12:34:56 MST 2025
| Date              : Thu Apr 16 11:56:13 2026
| Host              : nat-Yoga-Pro-9-16IAH10 running 64-bit Ubuntu 24.04.3 LTS
| Command           : report_timing_summary -max_paths 10 -routable_nets -report_unconstrained -file bd_0_wrapper_timing_summary_routed.rpt -pb bd_0_wrapper_timing_summary_routed.pb -rpx bd_0_wrapper_timing_summary_routed.rpx -warn_on_violation
| Design            : bd_0_wrapper
| Device            : xck26-sfvc784
| Speed File        : -2LV  PRODUCTION 1.30 05-15-2022
| Design State      : Routed
| Temperature Grade : C
-----------------------------------------------------------------------------------------------------------------------------------------------------------------------------------------------------------------------------------------------------

Timing Summary Report

------------------------------------------------------------------------------------------------
| Timer Settings
| --------------
------------------------------------------------------------------------------------------------

  Enable Multi Corner Analysis               :  Yes
  Enable Pessimism Removal                   :  Yes
  Pessimism Removal Resolution               :  Nearest Common Node
  Enable Input Delay Default Clock           :  No
  Enable Preset / Clear Arcs                 :  No
  Disable Flight Delays                      :  No
  Ignore I/O Paths                           :  No
  Timing Early Launch at Borrowing Latches   :  No
  Borrow Time for Max Delay Exceptions       :  Yes
  Merge Timing Exceptions                    :  Yes
  Inter-SLR Compensation                     :  Conservative

  Corner  Analyze    Analyze    
  Name    Max Paths  Min Paths  
  ------  ---------  ---------  
  Slow    Yes        Yes        
  Fast    Yes        Yes        


------------------------------------------------------------------------------------------------
| Report Methodology
| ------------------
------------------------------------------------------------------------------------------------

Rule       Severity  Description                    Violations  
---------  --------  -----------------------------  ----------  
TIMING-18  Warning   Missing input or output delay  1000        

Note: This report is based on the most recent report_methodology run and may not be up-to-date. Run report_methodology on the current design for the latest report.



check_timing report

Table of Contents
-----------------
1. checking no_clock (0)
2. checking constant_clock (0)
3. checking pulse_width_clock (0)
4. checking unconstrained_internal_endpoints (0)
5. checking no_input_delay (1743)
6. checking no_output_delay (1720)
7. checking multiple_clock (0)
8. checking generated_clocks (0)
9. checking loops (0)
10. checking partial_input_delay (0)
11. checking partial_output_delay (0)
12. checking latch_loops (0)

1. checking no_clock (0)
------------------------
 There are 0 register/latch pins with no clock.


2. checking constant_clock (0)
------------------------------
 There are 0 register/latch pins with constant_clock.


3. checking pulse_width_clock (0)
---------------------------------
 There are 0 register/latch pins which need pulse_width check


4. checking unconstrained_internal_endpoints (0)
------------------------------------------------
 There are 0 pins that are not constrained for maximum delay.

 There are 0 pins that are not constrained for maximum delay due to constant clock.


5. checking no_input_delay (1743)
---------------------------------
 There are 1743 input ports with no input delay specified. (HIGH)

 There are 0 input ports with no input delay but user has a false path constraint.


6. checking no_output_delay (1720)
----------------------------------
 There are 1720 ports with no output delay specified. (HIGH)

 There are 0 ports with no output delay but user has a false path constraint

 There are 0 ports with no output delay but with a timing clock defined on it or propagating through it


7. checking multiple_clock (0)
------------------------------
 There are 0 register/latch pins with multiple clocks.


8. checking generated_clocks (0)
--------------------------------
 There are 0 generated clocks that are not connected to a clock source.


9. checking loops (0)
---------------------
 There are 0 combinational loops in the design.


10. checking partial_input_delay (0)
------------------------------------
 There are 0 input ports with partial input delay specified.


11. checking partial_output_delay (0)
-------------------------------------
 There are 0 ports with partial output delay specified.


12. checking latch_loops (0)
----------------------------
 There are 0 combinational latch loops in the design through latch input



------------------------------------------------------------------------------------------------
| Design Timing Summary
| ---------------------
------------------------------------------------------------------------------------------------

    WNS(ns)      TNS(ns)  TNS Failing Endpoints  TNS Total Endpoints      WHS(ns)      THS(ns)  THS Failing Endpoints  THS Total Endpoints     WPWS(ns)     TPWS(ns)  TPWS Failing Endpoints  TPWS Total Endpoints  
    -------      -------  ---------------------  -------------------      -------      -------  ---------------------  -------------------     --------     --------  ----------------------  --------------------  
      1.692        0.000                      0               254585        0.034        0.000                      0               254585        4.238        0.000                       0                 58682  


All user specified timing constraints are met.


------------------------------------------------------------------------------------------------
| Clock Summary
| -------------
------------------------------------------------------------------------------------------------

Clock   Waveform(ns)       Period(ns)      Frequency(MHz)
-----   ------------       ----------      --------------
ap_clk  {0.000 5.000}      10.000          100.000         


------------------------------------------------------------------------------------------------
| Intra Clock Table
| -----------------
------------------------------------------------------------------------------------------------

Clock             WNS(ns)      TNS(ns)  TNS Failing Endpoints  TNS Total Endpoints      WHS(ns)      THS(ns)  THS Failing Endpoints  THS Total Endpoints     WPWS(ns)     TPWS(ns)  TPWS Failing Endpoints  TPWS Total Endpoints  
-----             -------      -------  ---------------------  -------------------      -------      -------  ---------------------  -------------------     --------     --------  ----------------------  --------------------  
ap_clk              1.692        0.000                      0               254585        0.034        0.000                      0               254585        4.238        0.000                       0                 58682  


------------------------------------------------------------------------------------------------
| Inter Clock Table
| -----------------
------------------------------------------------------------------------------------------------

From Clock    To Clock          WNS(ns)      TNS(ns)  TNS Failing Endpoints  TNS Total Endpoints      WHS(ns)      THS(ns)  THS Failing Endpoints  THS Total Endpoints  
----------    --------          -------      -------  ---------------------  -------------------      -------      -------  ---------------------  -------------------  


------------------------------------------------------------------------------------------------
| Other Path Groups Table
| -----------------------
------------------------------------------------------------------------------------------------

Path Group    From Clock    To Clock          WNS(ns)      TNS(ns)  TNS Failing Endpoints  TNS Total Endpoints      WHS(ns)      THS(ns)  THS Failing Endpoints  THS Total Endpoints  
----------    ----------    --------          -------      -------  ---------------------  -------------------      -------      -------  ---------------------  -------------------  


------------------------------------------------------------------------------------------------
| User Ignored Path Table
| -----------------------
------------------------------------------------------------------------------------------------

Path Group    From Clock    To Clock    
----------    ----------    --------    


------------------------------------------------------------------------------------------------
| Unconstrained Path Table
| ------------------------
------------------------------------------------------------------------------------------------

Path Group    From Clock    To Clock    
----------    ----------    --------    
(none)                                    
(none)        ap_clk                      
(none)                      ap_clk        


------------------------------------------------------------------------------------------------
| Timing Details
| --------------
------------------------------------------------------------------------------------------------


---------------------------------------------------------------------------------------------------
From Clock:  ap_clk
  To Clock:  ap_clk

Setup :            0  Failing Endpoints,  Worst Slack        1.692ns,  Total Violation        0.000ns
Hold  :            0  Failing Endpoints,  Worst Slack        0.034ns,  Total Violation        0.000ns
PW    :            0  Failing Endpoints,  Worst Slack        4.238ns,  Total Violation        0.000ns
---------------------------------------------------------------------------------------------------


Max Delay Paths
--------------------------------------------------------------------------------------
Slack (MET) :             1.692ns  (required time - arrival time)
  Source:                 bd_0_i/hls_inst/inst/gmem2_m_axi_U/store_unit_0/buff_wdata/raddr_reg[3]/C
                            (rising edge-triggered cell FDRE clocked by ap_clk  {rise@0.000ns fall@5.000ns period=10.000ns})
  Destination:            bd_0_i/hls_inst/inst/gmem2_m_axi_U/store_unit_0/buff_wdata/U_fifo_srl/dout_reg[58]/D
                            (rising edge-triggered cell FDRE clocked by ap_clk  {rise@0.000ns fall@5.000ns period=10.000ns})
  Path Group:             ap_clk
  Path Type:              Setup (Max at Slow Process Corner)
  Requirement:            10.000ns  (ap_clk rise@10.000ns - ap_clk rise@0.000ns)
  Data Path Delay:        8.305ns  (logic 0.200ns (2.408%)  route 8.105ns (97.592%))
  Logic Levels:           1  (SRLC32E=1)
  Clock Path Skew:        -0.012ns (DCD - SCD + CPR)
    Destination Clock Delay (DCD):    0.030ns = ( 10.030 - 10.000 ) 
    Source Clock Delay      (SCD):    0.042ns
    Clock Pessimism Removal (CPR):    0.000ns
  Clock Uncertainty:      0.035ns  ((TSJ^2 + TIJ^2)^1/2 + DJ) / 2 + PE
    Total System Jitter     (TSJ):    0.071ns
    Total Input Jitter      (TIJ):    0.000ns
    Discrete Jitter          (DJ):    0.000ns
    Phase Error              (PE):    0.000ns

    Location             Delay type                Incr(ns)  Path(ns)    Netlist Resource(s)
  -------------------------------------------------------------------    -------------------
                         (clock ap_clk rise edge)     0.000     0.000 r  
                                                      0.000     0.000 r  ap_clk (IN)
                         net (fo=60030, unset)        0.042     0.042    bd_0_i/hls_inst/inst/gmem2_m_axi_U/store_unit_0/buff_wdata/ap_clk
    SLICE_X44Y169        FDRE                                         r  bd_0_i/hls_inst/inst/gmem2_m_axi_U/store_unit_0/buff_wdata/raddr_reg[3]/C
  -------------------------------------------------------------------    -------------------
    SLICE_X44Y169        FDRE (Prop_EFF2_SLICEL_C_Q)
                                                      0.116     0.158 r  bd_0_i/hls_inst/inst/gmem2_m_axi_U/store_unit_0/buff_wdata/raddr_reg[3]/Q
                         net (fo=579, routed)         7.705     7.863    bd_0_i/hls_inst/inst/gmem2_m_axi_U/store_unit_0/buff_wdata/U_fifo_srl/A[3]
    SLICE_X17Y88         SRLC32E (Prop_H6LUT_SLICEM_A[3]_Q)
                                                      0.084     7.947 r  bd_0_i/hls_inst/inst/gmem2_m_axi_U/store_unit_0/buff_wdata/U_fifo_srl/mem_reg[30][58]_srl31/Q
                         net (fo=1, routed)           0.400     8.347    bd_0_i/hls_inst/inst/gmem2_m_axi_U/store_unit_0/buff_wdata/U_fifo_srl/mem_reg[30][58]_srl31_n_4
    SLICE_X17Y84         FDRE                                         r  bd_0_i/hls_inst/inst/gmem2_m_axi_U/store_unit_0/buff_wdata/U_fifo_srl/dout_reg[58]/D
  -------------------------------------------------------------------    -------------------

                         (clock ap_clk rise edge)    10.000    10.000 r  
                                                      0.000    10.000 r  ap_clk (IN)
                         net (fo=60030, unset)        0.030    10.030    bd_0_i/hls_inst/inst/gmem2_m_axi_U/store_unit_0/buff_wdata/U_fifo_srl/ap_clk
    SLICE_X17Y84         FDRE                                         r  bd_0_i/hls_inst/inst/gmem2_m_axi_U/store_unit_0/buff_wdata/U_fifo_srl/dout_reg[58]/C
                         clock pessimism              0.000    10.030    
                         clock uncertainty           -0.035     9.995    
    SLICE_X17Y84         FDRE (Setup_DFF2_SLICEM_C_D)
                                                      0.045    10.040    bd_0_i/hls_inst/inst/gmem2_m_axi_U/store_unit_0/buff_wdata/U_fifo_srl/dout_reg[58]
  -------------------------------------------------------------------
                         required time                         10.040    
                         arrival time                          -8.347    
  -------------------------------------------------------------------
                         slack                                  1.692    

Slack (MET) :             1.730ns  (required time - arrival time)
  Source:                 bd_0_i/hls_inst/inst/gmem2_m_axi_U/store_unit_0/buff_wdata/raddr_reg[3]/C
                            (rising edge-triggered cell FDRE clocked by ap_clk  {rise@0.000ns fall@5.000ns period=10.000ns})
  Destination:            bd_0_i/hls_inst/inst/gmem2_m_axi_U/store_unit_0/buff_wdata/U_fifo_srl/dout_reg[71]/D
                            (rising edge-triggered cell FDRE clocked by ap_clk  {rise@0.000ns fall@5.000ns period=10.000ns})
  Path Group:             ap_clk
  Path Type:              Setup (Max at Slow Process Corner)
  Requirement:            10.000ns  (ap_clk rise@10.000ns - ap_clk rise@0.000ns)
  Data Path Delay:        8.265ns  (logic 0.198ns (2.396%)  route 8.067ns (97.604%))
  Logic Levels:           1  (SRLC32E=1)
  Clock Path Skew:        -0.013ns (DCD - SCD + CPR)
    Destination Clock Delay (DCD):    0.029ns = ( 10.029 - 10.000 ) 
    Source Clock Delay      (SCD):    0.042ns
    Clock Pessimism Removal (CPR):    0.000ns
  Clock Uncertainty:      0.035ns  ((TSJ^2 + TIJ^2)^1/2 + DJ) / 2 + PE
    Total System Jitter     (TSJ):    0.071ns
    Total Input Jitter      (TIJ):    0.000ns
    Discrete Jitter          (DJ):    0.000ns
    Phase Error              (PE):    0.000ns

    Location             Delay type                Incr(ns)  Path(ns)    Netlist Resource(s)
  -------------------------------------------------------------------    -------------------
                         (clock ap_clk rise edge)     0.000     0.000 r  
                                                      0.000     0.000 r  ap_clk (IN)
                         net (fo=60030, unset)        0.042     0.042    bd_0_i/hls_inst/inst/gmem2_m_axi_U/store_unit_0/buff_wdata/ap_clk
    SLICE_X44Y169        FDRE                                         r  bd_0_i/hls_inst/inst/gmem2_m_axi_U/store_unit_0/buff_wdata/raddr_reg[3]/C
  -------------------------------------------------------------------    -------------------
    SLICE_X44Y169        FDRE (Prop_EFF2_SLICEL_C_Q)
                                                      0.116     0.158 r  bd_0_i/hls_inst/inst/gmem2_m_axi_U/store_unit_0/buff_wdata/raddr_reg[3]/Q
                         net (fo=579, routed)         7.689     7.847    bd_0_i/hls_inst/inst/gmem2_m_axi_U/store_unit_0/buff_wdata/U_fifo_srl/A[3]
    SLICE_X10Y77         SRLC32E (Prop_G6LUT_SLICEM_A[3]_Q)
                                                      0.082     7.929 r  bd_0_i/hls_inst/inst/gmem2_m_axi_U/store_unit_0/buff_wdata/U_fifo_srl/mem_reg[30][71]_srl31/Q
                         net (fo=1, routed)           0.378     8.307    bd_0_i/hls_inst/inst/gmem2_m_axi_U/store_unit_0/buff_wdata/U_fifo_srl/mem_reg[30][71]_srl31_n_4
    SLICE_X9Y77          FDRE                                         r  bd_0_i/hls_inst/inst/gmem2_m_axi_U/store_unit_0/buff_wdata/U_fifo_srl/dout_reg[71]/D
  -------------------------------------------------------------------    -------------------

                         (clock ap_clk rise edge)    10.000    10.000 r  
                                                      0.000    10.000 r  ap_clk (IN)
                         net (fo=60030, unset)        0.029    10.029    bd_0_i/hls_inst/inst/gmem2_m_axi_U/store_unit_0/buff_wdata/U_fifo_srl/ap_clk
    SLICE_X9Y77          FDRE                                         r  bd_0_i/hls_inst/inst/gmem2_m_axi_U/store_unit_0/buff_wdata/U_fifo_srl/dout_reg[71]/C
                         clock pessimism              0.000    10.029    
                         clock uncertainty           -0.035     9.994    
    SLICE_X9Y77          FDRE (Setup_BFF_SLICEL_C_D)
                                                      0.044    10.038    bd_0_i/hls_inst/inst/gmem2_m_axi_U/store_unit_0/buff_wdata/U_fifo_srl/dout_reg[71]
  -------------------------------------------------------------------
                         required time                         10.038    
                         arrival time                          -8.307    
  -------------------------------------------------------------------
                         slack                                  1.730    

Slack (MET) :             1.775ns  (required time - arrival time)
  Source:                 bd_0_i/hls_inst/inst/gmem2_m_axi_U/store_unit_0/buff_wdata/raddr_reg[3]/C
                            (rising edge-triggered cell FDRE clocked by ap_clk  {rise@0.000ns fall@5.000ns period=10.000ns})
  Destination:            bd_0_i/hls_inst/inst/gmem2_m_axi_U/store_unit_0/buff_wdata/U_fifo_srl/dout_reg[66]/D
                            (rising edge-triggered cell FDRE clocked by ap_clk  {rise@0.000ns fall@5.000ns period=10.000ns})
  Path Group:             ap_clk
  Path Type:              Setup (Max at Slow Process Corner)
  Requirement:            10.000ns  (ap_clk rise@10.000ns - ap_clk rise@0.000ns)
  Data Path Delay:        8.221ns  (logic 0.199ns (2.421%)  route 8.022ns (97.579%))
  Logic Levels:           1  (SRLC32E=1)
  Clock Path Skew:        -0.013ns (DCD - SCD + CPR)
    Destination Clock Delay (DCD):    0.029ns = ( 10.029 - 10.000 ) 
    Source Clock Delay      (SCD):    0.042ns
    Clock Pessimism Removal (CPR):    0.000ns
  Clock Uncertainty:      0.035ns  ((TSJ^2 + TIJ^2)^1/2 + DJ) / 2 + PE
    Total System Jitter     (TSJ):    0.071ns
    Total Input Jitter      (TIJ):    0.000ns
    Discrete Jitter          (DJ):    0.000ns
    Phase Error              (PE):    0.000ns

    Location             Delay type                Incr(ns)  Path(ns)    Netlist Resource(s)
  -------------------------------------------------------------------    -------------------
                         (clock ap_clk rise edge)     0.000     0.000 r  
                                                      0.000     0.000 r  ap_clk (IN)
                         net (fo=60030, unset)        0.042     0.042    bd_0_i/hls_inst/inst/gmem2_m_axi_U/store_unit_0/buff_wdata/ap_clk
    SLICE_X44Y169        FDRE                                         r  bd_0_i/hls_inst/inst/gmem2_m_axi_U/store_unit_0/buff_wdata/raddr_reg[3]/C
  -------------------------------------------------------------------    -------------------
    SLICE_X44Y169        FDRE (Prop_EFF2_SLICEL_C_Q)
                                                      0.116     0.158 r  bd_0_i/hls_inst/inst/gmem2_m_axi_U/store_unit_0/buff_wdata/raddr_reg[3]/Q
                         net (fo=579, routed)         7.587     7.745    bd_0_i/hls_inst/inst/gmem2_m_axi_U/store_unit_0/buff_wdata/U_fifo_srl/A[3]
    SLICE_X13Y80         SRLC32E (Prop_E6LUT_SLICEM_A[3]_Q)
                                                      0.083     7.828 r  bd_0_i/hls_inst/inst/gmem2_m_axi_U/store_unit_0/buff_wdata/U_fifo_srl/mem_reg[30][66]_srl31/Q
                         net (fo=1, routed)           0.435     8.263    bd_0_i/hls_inst/inst/gmem2_m_axi_U/store_unit_0/buff_wdata/U_fifo_srl/mem_reg[30][66]_srl31_n_4
    SLICE_X16Y80         FDRE                                         r  bd_0_i/hls_inst/inst/gmem2_m_axi_U/store_unit_0/buff_wdata/U_fifo_srl/dout_reg[66]/D
  -------------------------------------------------------------------    -------------------

                         (clock ap_clk rise edge)    10.000    10.000 r  
                                                      0.000    10.000 r  ap_clk (IN)
                         net (fo=60030, unset)        0.029    10.029    bd_0_i/hls_inst/inst/gmem2_m_axi_U/store_unit_0/buff_wdata/U_fifo_srl/ap_clk
    SLICE_X16Y80         FDRE                                         r  bd_0_i/hls_inst/inst/gmem2_m_axi_U/store_unit_0/buff_wdata/U_fifo_srl/dout_reg[66]/C
                         clock pessimism              0.000    10.029    
                         clock uncertainty           -0.035     9.994    
    SLICE_X16Y80         FDRE (Setup_AFF_SLICEL_C_D)
                                                      0.044    10.038    bd_0_i/hls_inst/inst/gmem2_m_axi_U/store_unit_0/buff_wdata/U_fifo_srl/dout_reg[66]
  -------------------------------------------------------------------
                         required time                         10.038    
                         arrival time                          -8.263    
  -------------------------------------------------------------------
                         slack                                  1.775    

Slack (MET) :             1.783ns  (required time - arrival time)
  Source:                 bd_0_i/hls_inst/inst/gmem2_m_axi_U/store_unit_0/buff_wdata/raddr_reg[3]/C
                            (rising edge-triggered cell FDRE clocked by ap_clk  {rise@0.000ns fall@5.000ns period=10.000ns})
  Destination:            bd_0_i/hls_inst/inst/gmem2_m_axi_U/store_unit_0/buff_wdata/U_fifo_srl/dout_reg[65]/D
                            (rising edge-triggered cell FDRE clocked by ap_clk  {rise@0.000ns fall@5.000ns period=10.000ns})
  Path Group:             ap_clk
  Path Type:              Setup (Max at Slow Process Corner)
  Requirement:            10.000ns  (ap_clk rise@10.000ns - ap_clk rise@0.000ns)
  Data Path Delay:        8.215ns  (logic 0.196ns (2.386%)  route 8.019ns (97.614%))
  Logic Levels:           1  (SRLC32E=1)
  Clock Path Skew:        -0.013ns (DCD - SCD + CPR)
    Destination Clock Delay (DCD):    0.029ns = ( 10.029 - 10.000 ) 
    Source Clock Delay      (SCD):    0.042ns
    Clock Pessimism Removal (CPR):    0.000ns
  Clock Uncertainty:      0.035ns  ((TSJ^2 + TIJ^2)^1/2 + DJ) / 2 + PE
    Total System Jitter     (TSJ):    0.071ns
    Total Input Jitter      (TIJ):    0.000ns
    Discrete Jitter          (DJ):    0.000ns
    Phase Error              (PE):    0.000ns

    Location             Delay type                Incr(ns)  Path(ns)    Netlist Resource(s)
  -------------------------------------------------------------------    -------------------
                         (clock ap_clk rise edge)     0.000     0.000 r  
                                                      0.000     0.000 r  ap_clk (IN)
                         net (fo=60030, unset)        0.042     0.042    bd_0_i/hls_inst/inst/gmem2_m_axi_U/store_unit_0/buff_wdata/ap_clk
    SLICE_X44Y169        FDRE                                         r  bd_0_i/hls_inst/inst/gmem2_m_axi_U/store_unit_0/buff_wdata/raddr_reg[3]/C
  -------------------------------------------------------------------    -------------------
    SLICE_X44Y169        FDRE (Prop_EFF2_SLICEL_C_Q)
                                                      0.116     0.158 r  bd_0_i/hls_inst/inst/gmem2_m_axi_U/store_unit_0/buff_wdata/raddr_reg[3]/Q
                         net (fo=579, routed)         7.584     7.742    bd_0_i/hls_inst/inst/gmem2_m_axi_U/store_unit_0/buff_wdata/U_fifo_srl/A[3]
    SLICE_X13Y80         SRLC32E (Prop_F6LUT_SLICEM_A[3]_Q)
                                                      0.080     7.822 r  bd_0_i/hls_inst/inst/gmem2_m_axi_U/store_unit_0/buff_wdata/U_fifo_srl/mem_reg[30][65]_srl31/Q
                         net (fo=1, routed)           0.435     8.257    bd_0_i/hls_inst/inst/gmem2_m_axi_U/store_unit_0/buff_wdata/U_fifo_srl/mem_reg[30][65]_srl31_n_4
    SLICE_X14Y78         FDRE                                         r  bd_0_i/hls_inst/inst/gmem2_m_axi_U/store_unit_0/buff_wdata/U_fifo_srl/dout_reg[65]/D
  -------------------------------------------------------------------    -------------------

                         (clock ap_clk rise edge)    10.000    10.000 r  
                                                      0.000    10.000 r  ap_clk (IN)
                         net (fo=60030, unset)        0.029    10.029    bd_0_i/hls_inst/inst/gmem2_m_axi_U/store_unit_0/buff_wdata/U_fifo_srl/ap_clk
    SLICE_X14Y78         FDRE                                         r  bd_0_i/hls_inst/inst/gmem2_m_axi_U/store_unit_0/buff_wdata/U_fifo_srl/dout_reg[65]/C
                         clock pessimism              0.000    10.029    
                         clock uncertainty           -0.035     9.994    
    SLICE_X14Y78         FDRE (Setup_CFF2_SLICEL_C_D)
                                                      0.046    10.040    bd_0_i/hls_inst/inst/gmem2_m_axi_U/store_unit_0/buff_wdata/U_fifo_srl/dout_reg[65]
  -------------------------------------------------------------------
                         required time                         10.040    
                         arrival time                          -8.257    
  -------------------------------------------------------------------
                         slack                                  1.783    

Slack (MET) :             1.863ns  (required time - arrival time)
  Source:                 bd_0_i/hls_inst/inst/gmem2_m_axi_U/store_unit_0/buff_wdata/raddr_reg[3]/C
                            (rising edge-triggered cell FDRE clocked by ap_clk  {rise@0.000ns fall@5.000ns period=10.000ns})
  Destination:            bd_0_i/hls_inst/inst/gmem2_m_axi_U/store_unit_0/buff_wdata/U_fifo_srl/dout_reg[92]/D
                            (rising edge-triggered cell FDRE clocked by ap_clk  {rise@0.000ns fall@5.000ns period=10.000ns})
  Path Group:             ap_clk
  Path Type:              Setup (Max at Slow Process Corner)
  Requirement:            10.000ns  (ap_clk rise@10.000ns - ap_clk rise@0.000ns)
  Data Path Delay:        8.133ns  (logic 0.198ns (2.435%)  route 7.935ns (97.565%))
  Logic Levels:           1  (SRLC32E=1)
  Clock Path Skew:        -0.013ns (DCD - SCD + CPR)
    Destination Clock Delay (DCD):    0.029ns = ( 10.029 - 10.000 ) 
    Source Clock Delay      (SCD):    0.042ns
    Clock Pessimism Removal (CPR):    0.000ns
  Clock Uncertainty:      0.035ns  ((TSJ^2 + TIJ^2)^1/2 + DJ) / 2 + PE
    Total System Jitter     (TSJ):    0.071ns
    Total Input Jitter      (TIJ):    0.000ns
    Discrete Jitter          (DJ):    0.000ns
    Phase Error              (PE):    0.000ns

    Location             Delay type                Incr(ns)  Path(ns)    Netlist Resource(s)
  -------------------------------------------------------------------    -------------------
                         (clock ap_clk rise edge)     0.000     0.000 r  
                                                      0.000     0.000 r  ap_clk (IN)
                         net (fo=60030, unset)        0.042     0.042    bd_0_i/hls_inst/inst/gmem2_m_axi_U/store_unit_0/buff_wdata/ap_clk
    SLICE_X44Y169        FDRE                                         r  bd_0_i/hls_inst/inst/gmem2_m_axi_U/store_unit_0/buff_wdata/raddr_reg[3]/C
  -------------------------------------------------------------------    -------------------
    SLICE_X44Y169        FDRE (Prop_EFF2_SLICEL_C_Q)
                                                      0.116     0.158 r  bd_0_i/hls_inst/inst/gmem2_m_axi_U/store_unit_0/buff_wdata/raddr_reg[3]/Q
                         net (fo=579, routed)         7.517     7.675    bd_0_i/hls_inst/inst/gmem2_m_axi_U/store_unit_0/buff_wdata/U_fifo_srl/A[3]
    SLICE_X12Y70         SRLC32E (Prop_B6LUT_SLICEM_A[3]_Q)
                                                      0.082     7.757 r  bd_0_i/hls_inst/inst/gmem2_m_axi_U/store_unit_0/buff_wdata/U_fifo_srl/mem_reg[30][92]_srl31/Q
                         net (fo=1, routed)           0.418     8.175    bd_0_i/hls_inst/inst/gmem2_m_axi_U/store_unit_0/buff_wdata/U_fifo_srl/mem_reg[30][92]_srl31_n_4
    SLICE_X15Y69         FDRE                                         r  bd_0_i/hls_inst/inst/gmem2_m_axi_U/store_unit_0/buff_wdata/U_fifo_srl/dout_reg[92]/D
  -------------------------------------------------------------------    -------------------

                         (clock ap_clk rise edge)    10.000    10.000 r  
                                                      0.000    10.000 r  ap_clk (IN)
                         net (fo=60030, unset)        0.029    10.029    bd_0_i/hls_inst/inst/gmem2_m_axi_U/store_unit_0/buff_wdata/U_fifo_srl/ap_clk
    SLICE_X15Y69         FDRE                                         r  bd_0_i/hls_inst/inst/gmem2_m_axi_U/store_unit_0/buff_wdata/U_fifo_srl/dout_reg[92]/C
                         clock pessimism              0.000    10.029    
                         clock uncertainty           -0.035     9.994    
    SLICE_X15Y69         FDRE (Setup_DFF_SLICEL_C_D)
                                                      0.044    10.038    bd_0_i/hls_inst/inst/gmem2_m_axi_U/store_unit_0/buff_wdata/U_fifo_srl/dout_reg[92]
  -------------------------------------------------------------------
                         required time                         10.038    
                         arrival time                          -8.175    
  -------------------------------------------------------------------
                         slack                                  1.863    

Slack (MET) :             1.889ns  (required time - arrival time)
  Source:                 bd_0_i/hls_inst/inst/gmem2_m_axi_U/store_unit_0/buff_wdata/raddr_reg[3]/C
                            (rising edge-triggered cell FDRE clocked by ap_clk  {rise@0.000ns fall@5.000ns period=10.000ns})
  Destination:            bd_0_i/hls_inst/inst/gmem2_m_axi_U/store_unit_0/buff_wdata/U_fifo_srl/dout_reg[69]/D
                            (rising edge-triggered cell FDRE clocked by ap_clk  {rise@0.000ns fall@5.000ns period=10.000ns})
  Path Group:             ap_clk
  Path Type:              Setup (Max at Slow Process Corner)
  Requirement:            10.000ns  (ap_clk rise@10.000ns - ap_clk rise@0.000ns)
  Data Path Delay:        8.109ns  (logic 0.196ns (2.417%)  route 7.913ns (97.583%))
  Logic Levels:           1  (SRLC32E=1)
  Clock Path Skew:        -0.013ns (DCD - SCD + CPR)
    Destination Clock Delay (DCD):    0.029ns = ( 10.029 - 10.000 ) 
    Source Clock Delay      (SCD):    0.042ns
    Clock Pessimism Removal (CPR):    0.000ns
  Clock Uncertainty:      0.035ns  ((TSJ^2 + TIJ^2)^1/2 + DJ) / 2 + PE
    Total System Jitter     (TSJ):    0.071ns
    Total Input Jitter      (TIJ):    0.000ns
    Discrete Jitter          (DJ):    0.000ns
    Phase Error              (PE):    0.000ns

    Location             Delay type                Incr(ns)  Path(ns)    Netlist Resource(s)
  -------------------------------------------------------------------    -------------------
                         (clock ap_clk rise edge)     0.000     0.000 r  
                                                      0.000     0.000 r  ap_clk (IN)
                         net (fo=60030, unset)        0.042     0.042    bd_0_i/hls_inst/inst/gmem2_m_axi_U/store_unit_0/buff_wdata/ap_clk
    SLICE_X44Y169        FDRE                                         r  bd_0_i/hls_inst/inst/gmem2_m_axi_U/store_unit_0/buff_wdata/raddr_reg[3]/C
  -------------------------------------------------------------------    -------------------
    SLICE_X44Y169        FDRE (Prop_EFF2_SLICEL_C_Q)
                                                      0.116     0.158 r  bd_0_i/hls_inst/inst/gmem2_m_axi_U/store_unit_0/buff_wdata/raddr_reg[3]/Q
                         net (fo=579, routed)         7.484     7.642    bd_0_i/hls_inst/inst/gmem2_m_axi_U/store_unit_0/buff_wdata/U_fifo_srl/A[3]
    SLICE_X17Y78         SRLC32E (Prop_F6LUT_SLICEM_A[3]_Q)
                                                      0.080     7.722 r  bd_0_i/hls_inst/inst/gmem2_m_axi_U/store_unit_0/buff_wdata/U_fifo_srl/mem_reg[30][69]_srl31/Q
                         net (fo=1, routed)           0.429     8.151    bd_0_i/hls_inst/inst/gmem2_m_axi_U/store_unit_0/buff_wdata/U_fifo_srl/mem_reg[30][69]_srl31_n_4
    SLICE_X14Y78         FDRE                                         r  bd_0_i/hls_inst/inst/gmem2_m_axi_U/store_unit_0/buff_wdata/U_fifo_srl/dout_reg[69]/D
  -------------------------------------------------------------------    -------------------

                         (clock ap_clk rise edge)    10.000    10.000 r  
                                                      0.000    10.000 r  ap_clk (IN)
                         net (fo=60030, unset)        0.029    10.029    bd_0_i/hls_inst/inst/gmem2_m_axi_U/store_unit_0/buff_wdata/U_fifo_srl/ap_clk
    SLICE_X14Y78         FDRE                                         r  bd_0_i/hls_inst/inst/gmem2_m_axi_U/store_unit_0/buff_wdata/U_fifo_srl/dout_reg[69]/C
                         clock pessimism              0.000    10.029    
                         clock uncertainty           -0.035     9.994    
    SLICE_X14Y78         FDRE (Setup_DFF2_SLICEL_C_D)
                                                      0.046    10.040    bd_0_i/hls_inst/inst/gmem2_m_axi_U/store_unit_0/buff_wdata/U_fifo_srl/dout_reg[69]
  -------------------------------------------------------------------
                         required time                         10.040    
                         arrival time                          -8.151    
  -------------------------------------------------------------------
                         slack                                  1.889    

Slack (MET) :             1.934ns  (required time - arrival time)
  Source:                 bd_0_i/hls_inst/inst/gmem2_m_axi_U/store_unit_0/buff_wdata/raddr_reg[3]/C
                            (rising edge-triggered cell FDRE clocked by ap_clk  {rise@0.000ns fall@5.000ns period=10.000ns})
  Destination:            bd_0_i/hls_inst/inst/gmem2_m_axi_U/store_unit_0/buff_wdata/U_fifo_srl/dout_reg[64]/D
                            (rising edge-triggered cell FDRE clocked by ap_clk  {rise@0.000ns fall@5.000ns period=10.000ns})
  Path Group:             ap_clk
  Path Type:              Setup (Max at Slow Process Corner)
  Requirement:            10.000ns  (ap_clk rise@10.000ns - ap_clk rise@0.000ns)
  Data Path Delay:        8.064ns  (logic 0.198ns (2.455%)  route 7.866ns (97.545%))
  Logic Levels:           1  (SRLC32E=1)
  Clock Path Skew:        -0.013ns (DCD - SCD + CPR)
    Destination Clock Delay (DCD):    0.029ns = ( 10.029 - 10.000 ) 
    Source Clock Delay      (SCD):    0.042ns
    Clock Pessimism Removal (CPR):    0.000ns
  Clock Uncertainty:      0.035ns  ((TSJ^2 + TIJ^2)^1/2 + DJ) / 2 + PE
    Total System Jitter     (TSJ):    0.071ns
    Total Input Jitter      (TIJ):    0.000ns
    Discrete Jitter          (DJ):    0.000ns
    Phase Error              (PE):    0.000ns

    Location             Delay type                Incr(ns)  Path(ns)    Netlist Resource(s)
  -------------------------------------------------------------------    -------------------
                         (clock ap_clk rise edge)     0.000     0.000 r  
                                                      0.000     0.000 r  ap_clk (IN)
                         net (fo=60030, unset)        0.042     0.042    bd_0_i/hls_inst/inst/gmem2_m_axi_U/store_unit_0/buff_wdata/ap_clk
    SLICE_X44Y169        FDRE                                         r  bd_0_i/hls_inst/inst/gmem2_m_axi_U/store_unit_0/buff_wdata/raddr_reg[3]/C
  -------------------------------------------------------------------    -------------------
    SLICE_X44Y169        FDRE (Prop_EFF2_SLICEL_C_Q)
                                                      0.116     0.158 r  bd_0_i/hls_inst/inst/gmem2_m_axi_U/store_unit_0/buff_wdata/raddr_reg[3]/Q
                         net (fo=579, routed)         7.451     7.609    bd_0_i/hls_inst/inst/gmem2_m_axi_U/store_unit_0/buff_wdata/U_fifo_srl/A[3]
    SLICE_X17Y78         SRLC32E (Prop_G6LUT_SLICEM_A[3]_Q)
                                                      0.082     7.691 r  bd_0_i/hls_inst/inst/gmem2_m_axi_U/store_unit_0/buff_wdata/U_fifo_srl/mem_reg[30][64]_srl31/Q
                         net (fo=1, routed)           0.415     8.106    bd_0_i/hls_inst/inst/gmem2_m_axi_U/store_unit_0/buff_wdata/U_fifo_srl/mem_reg[30][64]_srl31_n_4
    SLICE_X16Y72         FDRE                                         r  bd_0_i/hls_inst/inst/gmem2_m_axi_U/store_unit_0/buff_wdata/U_fifo_srl/dout_reg[64]/D
  -------------------------------------------------------------------    -------------------

                         (clock ap_clk rise edge)    10.000    10.000 r  
                                                      0.000    10.000 r  ap_clk (IN)
                         net (fo=60030, unset)        0.029    10.029    bd_0_i/hls_inst/inst/gmem2_m_axi_U/store_unit_0/buff_wdata/U_fifo_srl/ap_clk
    SLICE_X16Y72         FDRE                                         r  bd_0_i/hls_inst/inst/gmem2_m_axi_U/store_unit_0/buff_wdata/U_fifo_srl/dout_reg[64]/C
                         clock pessimism              0.000    10.029    
                         clock uncertainty           -0.035     9.994    
    SLICE_X16Y72         FDRE (Setup_BFF2_SLICEL_C_D)
                                                      0.046    10.040    bd_0_i/hls_inst/inst/gmem2_m_axi_U/store_unit_0/buff_wdata/U_fifo_srl/dout_reg[64]
  -------------------------------------------------------------------
                         required time                         10.040    
                         arrival time                          -8.106    
  -------------------------------------------------------------------
                         slack                                  1.934    

Slack (MET) :             1.944ns  (required time - arrival time)
  Source:                 bd_0_i/hls_inst/inst/gmem2_m_axi_U/store_unit_0/buff_wdata/raddr_reg[3]/C
                            (rising edge-triggered cell FDRE clocked by ap_clk  {rise@0.000ns fall@5.000ns period=10.000ns})
  Destination:            bd_0_i/hls_inst/inst/gmem2_m_axi_U/store_unit_0/buff_wdata/U_fifo_srl/dout_reg[96]/D
                            (rising edge-triggered cell FDRE clocked by ap_clk  {rise@0.000ns fall@5.000ns period=10.000ns})
  Path Group:             ap_clk
  Path Type:              Setup (Max at Slow Process Corner)
  Requirement:            10.000ns  (ap_clk rise@10.000ns - ap_clk rise@0.000ns)
  Data Path Delay:        8.051ns  (logic 0.199ns (2.472%)  route 7.852ns (97.528%))
  Logic Levels:           1  (SRLC32E=1)
  Clock Path Skew:        -0.012ns (DCD - SCD + CPR)
    Destination Clock Delay (DCD):    0.030ns = ( 10.030 - 10.000 ) 
    Source Clock Delay      (SCD):    0.042ns
    Clock Pessimism Removal (CPR):    0.000ns
  Clock Uncertainty:      0.035ns  ((TSJ^2 + TIJ^2)^1/2 + DJ) / 2 + PE
    Total System Jitter     (TSJ):    0.071ns
    Total Input Jitter      (TIJ):    0.000ns
    Discrete Jitter          (DJ):    0.000ns
    Phase Error              (PE):    0.000ns

    Location             Delay type                Incr(ns)  Path(ns)    Netlist Resource(s)
  -------------------------------------------------------------------    -------------------
                         (clock ap_clk rise edge)     0.000     0.000 r  
                                                      0.000     0.000 r  ap_clk (IN)
                         net (fo=60030, unset)        0.042     0.042    bd_0_i/hls_inst/inst/gmem2_m_axi_U/store_unit_0/buff_wdata/ap_clk
    SLICE_X44Y169        FDRE                                         r  bd_0_i/hls_inst/inst/gmem2_m_axi_U/store_unit_0/buff_wdata/raddr_reg[3]/C
  -------------------------------------------------------------------    -------------------
    SLICE_X44Y169        FDRE (Prop_EFF2_SLICEL_C_Q)
                                                      0.116     0.158 r  bd_0_i/hls_inst/inst/gmem2_m_axi_U/store_unit_0/buff_wdata/raddr_reg[3]/Q
                         net (fo=579, routed)         7.465     7.623    bd_0_i/hls_inst/inst/gmem2_m_axi_U/store_unit_0/buff_wdata/U_fifo_srl/A[3]
    SLICE_X13Y73         SRLC32E (Prop_A6LUT_SLICEM_A[3]_Q)
                                                      0.083     7.706 r  bd_0_i/hls_inst/inst/gmem2_m_axi_U/store_unit_0/buff_wdata/U_fifo_srl/mem_reg[30][96]_srl31/Q
                         net (fo=1, routed)           0.387     8.093    bd_0_i/hls_inst/inst/gmem2_m_axi_U/store_unit_0/buff_wdata/U_fifo_srl/mem_reg[30][96]_srl31_n_4
    SLICE_X12Y75         FDRE                                         r  bd_0_i/hls_inst/inst/gmem2_m_axi_U/store_unit_0/buff_wdata/U_fifo_srl/dout_reg[96]/D
  -------------------------------------------------------------------    -------------------

                         (clock ap_clk rise edge)    10.000    10.000 r  
                                                      0.000    10.000 r  ap_clk (IN)
                         net (fo=60030, unset)        0.030    10.030    bd_0_i/hls_inst/inst/gmem2_m_axi_U/store_unit_0/buff_wdata/U_fifo_srl/ap_clk
    SLICE_X12Y75         FDRE                                         r  bd_0_i/hls_inst/inst/gmem2_m_axi_U/store_unit_0/buff_wdata/U_fifo_srl/dout_reg[96]/C
                         clock pessimism              0.000    10.030    
                         clock uncertainty           -0.035     9.995    
    SLICE_X12Y75         FDRE (Setup_DFF_SLICEM_C_D)
                                                      0.043    10.038    bd_0_i/hls_inst/inst/gmem2_m_axi_U/store_unit_0/buff_wdata/U_fifo_srl/dout_reg[96]
  -------------------------------------------------------------------
                         required time                         10.038    
                         arrival time                          -8.093    
  -------------------------------------------------------------------
                         slack                                  1.944    

Slack (MET) :             1.951ns  (required time - arrival time)
  Source:                 bd_0_i/hls_inst/inst/gmem2_m_axi_U/store_unit_0/buff_wdata/raddr_reg[3]/C
                            (rising edge-triggered cell FDRE clocked by ap_clk  {rise@0.000ns fall@5.000ns period=10.000ns})
  Destination:            bd_0_i/hls_inst/inst/gmem2_m_axi_U/store_unit_0/buff_wdata/U_fifo_srl/dout_reg[59]/D
                            (rising edge-triggered cell FDRE clocked by ap_clk  {rise@0.000ns fall@5.000ns period=10.000ns})
  Path Group:             ap_clk
  Path Type:              Setup (Max at Slow Process Corner)
  Requirement:            10.000ns  (ap_clk rise@10.000ns - ap_clk rise@0.000ns)
  Data Path Delay:        8.045ns  (logic 0.200ns (2.486%)  route 7.845ns (97.514%))
  Logic Levels:           1  (SRLC32E=1)
  Clock Path Skew:        -0.013ns (DCD - SCD + CPR)
    Destination Clock Delay (DCD):    0.029ns = ( 10.029 - 10.000 ) 
    Source Clock Delay      (SCD):    0.042ns
    Clock Pessimism Removal (CPR):    0.000ns
  Clock Uncertainty:      0.035ns  ((TSJ^2 + TIJ^2)^1/2 + DJ) / 2 + PE
    Total System Jitter     (TSJ):    0.071ns
    Total Input Jitter      (TIJ):    0.000ns
    Discrete Jitter          (DJ):    0.000ns
    Phase Error              (PE):    0.000ns

    Location             Delay type                Incr(ns)  Path(ns)    Netlist Resource(s)
  -------------------------------------------------------------------    -------------------
                         (clock ap_clk rise edge)     0.000     0.000 r  
                                                      0.000     0.000 r  ap_clk (IN)
                         net (fo=60030, unset)        0.042     0.042    bd_0_i/hls_inst/inst/gmem2_m_axi_U/store_unit_0/buff_wdata/ap_clk
    SLICE_X44Y169        FDRE                                         r  bd_0_i/hls_inst/inst/gmem2_m_axi_U/store_unit_0/buff_wdata/raddr_reg[3]/C
  -------------------------------------------------------------------    -------------------
    SLICE_X44Y169        FDRE (Prop_EFF2_SLICEL_C_Q)
                                                      0.116     0.158 r  bd_0_i/hls_inst/inst/gmem2_m_axi_U/store_unit_0/buff_wdata/raddr_reg[3]/Q
                         net (fo=579, routed)         7.453     7.611    bd_0_i/hls_inst/inst/gmem2_m_axi_U/store_unit_0/buff_wdata/U_fifo_srl/A[3]
    SLICE_X17Y78         SRLC32E (Prop_H6LUT_SLICEM_A[3]_Q)
                                                      0.084     7.695 r  bd_0_i/hls_inst/inst/gmem2_m_axi_U/store_unit_0/buff_wdata/U_fifo_srl/mem_reg[30][59]_srl31/Q
                         net (fo=1, routed)           0.392     8.087    bd_0_i/hls_inst/inst/gmem2_m_axi_U/store_unit_0/buff_wdata/U_fifo_srl/mem_reg[30][59]_srl31_n_4
    SLICE_X14Y78         FDRE                                         r  bd_0_i/hls_inst/inst/gmem2_m_axi_U/store_unit_0/buff_wdata/U_fifo_srl/dout_reg[59]/D
  -------------------------------------------------------------------    -------------------

                         (clock ap_clk rise edge)    10.000    10.000 r  
                                                      0.000    10.000 r  ap_clk (IN)
                         net (fo=60030, unset)        0.029    10.029    bd_0_i/hls_inst/inst/gmem2_m_axi_U/store_unit_0/buff_wdata/U_fifo_srl/ap_clk
    SLICE_X14Y78         FDRE                                         r  bd_0_i/hls_inst/inst/gmem2_m_axi_U/store_unit_0/buff_wdata/U_fifo_srl/dout_reg[59]/C
                         clock pessimism              0.000    10.029    
                         clock uncertainty           -0.035     9.994    
    SLICE_X14Y78         FDRE (Setup_BFF_SLICEL_C_D)
                                                      0.044    10.038    bd_0_i/hls_inst/inst/gmem2_m_axi_U/store_unit_0/buff_wdata/U_fifo_srl/dout_reg[59]
  -------------------------------------------------------------------
                         required time                         10.038    
                         arrival time                          -8.087    
  -------------------------------------------------------------------
                         slack                                  1.951    

Slack (MET) :             1.968ns  (required time - arrival time)
  Source:                 bd_0_i/hls_inst/inst/gmem2_m_axi_U/store_unit_0/buff_wdata/raddr_reg[3]/C
                            (rising edge-triggered cell FDRE clocked by ap_clk  {rise@0.000ns fall@5.000ns period=10.000ns})
  Destination:            bd_0_i/hls_inst/inst/gmem2_m_axi_U/store_unit_0/buff_wdata/U_fifo_srl/dout_reg[62]/D
                            (rising edge-triggered cell FDRE clocked by ap_clk  {rise@0.000ns fall@5.000ns period=10.000ns})
  Path Group:             ap_clk
  Path Type:              Setup (Max at Slow Process Corner)
  Requirement:            10.000ns  (ap_clk rise@10.000ns - ap_clk rise@0.000ns)
  Data Path Delay:        8.028ns  (logic 0.196ns (2.441%)  route 7.832ns (97.559%))
  Logic Levels:           1  (SRLC32E=1)
  Clock Path Skew:        -0.013ns (DCD - SCD + CPR)
    Destination Clock Delay (DCD):    0.029ns = ( 10.029 - 10.000 ) 
    Source Clock Delay      (SCD):    0.042ns
    Clock Pessimism Removal (CPR):    0.000ns
  Clock Uncertainty:      0.035ns  ((TSJ^2 + TIJ^2)^1/2 + DJ) / 2 + PE
    Total System Jitter     (TSJ):    0.071ns
    Total Input Jitter      (TIJ):    0.000ns
    Discrete Jitter          (DJ):    0.000ns
    Phase Error              (PE):    0.000ns

    Location             Delay type                Incr(ns)  Path(ns)    Netlist Resource(s)
  -------------------------------------------------------------------    -------------------
                         (clock ap_clk rise edge)     0.000     0.000 r  
                                                      0.000     0.000 r  ap_clk (IN)
                         net (fo=60030, unset)        0.042     0.042    bd_0_i/hls_inst/inst/gmem2_m_axi_U/store_unit_0/buff_wdata/ap_clk
    SLICE_X44Y169        FDRE                                         r  bd_0_i/hls_inst/inst/gmem2_m_axi_U/store_unit_0/buff_wdata/raddr_reg[3]/C
  -------------------------------------------------------------------    -------------------
    SLICE_X44Y169        FDRE (Prop_EFF2_SLICEL_C_Q)
                                                      0.116     0.158 r  bd_0_i/hls_inst/inst/gmem2_m_axi_U/store_unit_0/buff_wdata/raddr_reg[3]/Q
                         net (fo=579, routed)         7.321     7.479    bd_0_i/hls_inst/inst/gmem2_m_axi_U/store_unit_0/buff_wdata/U_fifo_srl/A[3]
    SLICE_X17Y72         SRLC32E (Prop_C6LUT_SLICEM_A[3]_Q)
                                                      0.080     7.559 r  bd_0_i/hls_inst/inst/gmem2_m_axi_U/store_unit_0/buff_wdata/U_fifo_srl/mem_reg[30][62]_srl31/Q
                         net (fo=1, routed)           0.511     8.070    bd_0_i/hls_inst/inst/gmem2_m_axi_U/store_unit_0/buff_wdata/U_fifo_srl/mem_reg[30][62]_srl31_n_4
    SLICE_X14Y78         FDRE                                         r  bd_0_i/hls_inst/inst/gmem2_m_axi_U/store_unit_0/buff_wdata/U_fifo_srl/dout_reg[62]/D
  -------------------------------------------------------------------    -------------------

                         (clock ap_clk rise edge)    10.000    10.000 r  
                                                      0.000    10.000 r  ap_clk (IN)
                         net (fo=60030, unset)        0.029    10.029    bd_0_i/hls_inst/inst/gmem2_m_axi_U/store_unit_0/buff_wdata/U_fifo_srl/ap_clk
    SLICE_X14Y78         FDRE                                         r  bd_0_i/hls_inst/inst/gmem2_m_axi_U/store_unit_0/buff_wdata/U_fifo_srl/dout_reg[62]/C
                         clock pessimism              0.000    10.029    
                         clock uncertainty           -0.035     9.994    
    SLICE_X14Y78         FDRE (Setup_CFF_SLICEL_C_D)
                                                      0.044    10.038    bd_0_i/hls_inst/inst/gmem2_m_axi_U/store_unit_0/buff_wdata/U_fifo_srl/dout_reg[62]
  -------------------------------------------------------------------
                         required time                         10.038    
                         arrival time                          -8.070    
  -------------------------------------------------------------------
                         slack                                  1.968    





Min Delay Paths
--------------------------------------------------------------------------------------
Slack (MET) :             0.034ns  (arrival time - required time)
  Source:                 bd_0_i/hls_inst/inst/grp_gemm_stage_fu_148/gemm_read_X_U0/gmem0_addr_read_reg_637_reg[508]/C
                            (rising edge-triggered cell FDRE clocked by ap_clk  {rise@0.000ns fall@5.000ns period=10.000ns})
  Destination:            bd_0_i/hls_inst/inst/grp_gemm_stage_fu_148/X_stream_U/U_integrated_gcn_fifo_w512_d16_A_ram/mem_reg_0_15_504_511/RAMC/I
                            (rising edge-triggered cell RAMD32 clocked by ap_clk  {rise@0.000ns fall@5.000ns period=10.000ns})
  Path Group:             ap_clk
  Path Type:              Hold (Min at Fast Process Corner)
  Requirement:            0.000ns  (ap_clk rise@0.000ns - ap_clk rise@0.000ns)
  Data Path Delay:        0.138ns  (logic 0.085ns (61.594%)  route 0.053ns (38.406%))
  Logic Levels:           0  
  Clock Path Skew:        0.043ns (DCD - SCD - CPR)
    Destination Clock Delay (DCD):    0.057ns
    Source Clock Delay      (SCD):    0.014ns
    Clock Pessimism Removal (CPR):    -0.000ns

    Location             Delay type                Incr(ns)  Path(ns)    Netlist Resource(s)
  -------------------------------------------------------------------    -------------------
                         (clock ap_clk rise edge)     0.000     0.000 r  
                                                      0.000     0.000 r  ap_clk (IN)
                         net (fo=60030, unset)        0.014     0.014    bd_0_i/hls_inst/inst/grp_gemm_stage_fu_148/gemm_read_X_U0/ap_clk
    SLICE_X46Y151        FDRE                                         r  bd_0_i/hls_inst/inst/grp_gemm_stage_fu_148/gemm_read_X_U0/gmem0_addr_read_reg_637_reg[508]/C
  -------------------------------------------------------------------    -------------------
    SLICE_X46Y151        FDRE (Prop_GFF2_SLICEL_C_Q)
                                                      0.085     0.099 r  bd_0_i/hls_inst/inst/grp_gemm_stage_fu_148/gemm_read_X_U0/gmem0_addr_read_reg_637_reg[508]/Q
                         net (fo=1, routed)           0.053     0.152    bd_0_i/hls_inst/inst/grp_gemm_stage_fu_148/X_stream_U/U_integrated_gcn_fifo_w512_d16_A_ram/mem_reg_0_15_504_511/DIC0
    SLICE_X45Y151        RAMD32                                       r  bd_0_i/hls_inst/inst/grp_gemm_stage_fu_148/X_stream_U/U_integrated_gcn_fifo_w512_d16_A_ram/mem_reg_0_15_504_511/RAMC/I
  -------------------------------------------------------------------    -------------------

                         (clock ap_clk rise edge)     0.000     0.000 r  
                                                      0.000     0.000 r  ap_clk (IN)
                         net (fo=60030, unset)        0.057     0.057    bd_0_i/hls_inst/inst/grp_gemm_stage_fu_148/X_stream_U/U_integrated_gcn_fifo_w512_d16_A_ram/mem_reg_0_15_504_511/WCLK
    SLICE_X45Y151        RAMD32                                       r  bd_0_i/hls_inst/inst/grp_gemm_stage_fu_148/X_stream_U/U_integrated_gcn_fifo_w512_d16_A_ram/mem_reg_0_15_504_511/RAMC/CLK
                         clock pessimism              0.000     0.057    
    SLICE_X45Y151        RAMD32 (Hold_C5LUT_SLICEM_CLK_I)
                                                      0.061     0.118    bd_0_i/hls_inst/inst/grp_gemm_stage_fu_148/X_stream_U/U_integrated_gcn_fifo_w512_d16_A_ram/mem_reg_0_15_504_511/RAMC
  -------------------------------------------------------------------
                         required time                         -0.118    
                         arrival time                           0.152    
  -------------------------------------------------------------------
                         slack                                  0.034    

Slack (MET) :             0.035ns  (arrival time - required time)
  Source:                 bd_0_i/hls_inst/inst/grp_spmm_stage_fu_164/spmm_store_U0/trunc_ln297_5_reg_1947_reg[14]/C
                            (rising edge-triggered cell FDRE clocked by ap_clk  {rise@0.000ns fall@5.000ns period=10.000ns})
  Destination:            bd_0_i/hls_inst/inst/gmem6_m_axi_U/store_unit_0/buff_wdata/U_fifo_srl/mem_reg[30][110]_srl31/D
                            (rising edge-triggered cell SRLC32E clocked by ap_clk  {rise@0.000ns fall@5.000ns period=10.000ns})
  Path Group:             ap_clk
  Path Type:              Hold (Min at Slow Process Corner)
  Requirement:            0.000ns  (ap_clk rise@0.000ns - ap_clk rise@0.000ns)
  Data Path Delay:        0.189ns  (logic 0.112ns (59.259%)  route 0.077ns (40.741%))
  Logic Levels:           0  
  Clock Path Skew:        0.050ns (DCD - SCD - CPR)
    Destination Clock Delay (DCD):    0.079ns
    Source Clock Delay      (SCD):    0.029ns
    Clock Pessimism Removal (CPR):    -0.000ns

    Location             Delay type                Incr(ns)  Path(ns)    Netlist Resource(s)
  -------------------------------------------------------------------    -------------------
                         (clock ap_clk rise edge)     0.000     0.000 r  
                                                      0.000     0.000 r  ap_clk (IN)
                         net (fo=60030, unset)        0.029     0.029    bd_0_i/hls_inst/inst/grp_spmm_stage_fu_164/spmm_store_U0/ap_clk
    SLICE_X33Y200        FDRE                                         r  bd_0_i/hls_inst/inst/grp_spmm_stage_fu_164/spmm_store_U0/trunc_ln297_5_reg_1947_reg[14]/C
  -------------------------------------------------------------------    -------------------
    SLICE_X33Y200        FDRE (Prop_FFF_SLICEL_C_Q)
                                                      0.112     0.141 r  bd_0_i/hls_inst/inst/grp_spmm_stage_fu_164/spmm_store_U0/trunc_ln297_5_reg_1947_reg[14]/Q
                         net (fo=1, routed)           0.077     0.218    bd_0_i/hls_inst/inst/gmem6_m_axi_U/store_unit_0/buff_wdata/U_fifo_srl/I_CH0_WDATA[110]
    SLICE_X32Y200        SRLC32E                                      r  bd_0_i/hls_inst/inst/gmem6_m_axi_U/store_unit_0/buff_wdata/U_fifo_srl/mem_reg[30][110]_srl31/D
  -------------------------------------------------------------------    -------------------

                         (clock ap_clk rise edge)     0.000     0.000 r  
                                                      0.000     0.000 r  ap_clk (IN)
                         net (fo=60030, unset)        0.079     0.079    bd_0_i/hls_inst/inst/gmem6_m_axi_U/store_unit_0/buff_wdata/U_fifo_srl/ap_clk
    SLICE_X32Y200        SRLC32E                                      r  bd_0_i/hls_inst/inst/gmem6_m_axi_U/store_unit_0/buff_wdata/U_fifo_srl/mem_reg[30][110]_srl31/CLK
                         clock pessimism              0.000     0.079    
    SLICE_X32Y200        SRLC32E (Hold_H6LUT_SLICEM_CLK_D)
                                                      0.104     0.183    bd_0_i/hls_inst/inst/gmem6_m_axi_U/store_unit_0/buff_wdata/U_fifo_srl/mem_reg[30][110]_srl31
  -------------------------------------------------------------------
                         required time                         -0.183    
                         arrival time                           0.218    
  -------------------------------------------------------------------
                         slack                                  0.035    

Slack (MET) :             0.036ns  (arrival time - required time)
  Source:                 bd_0_i/hls_inst/inst/grp_gemm_stage_fu_148/gemm_write_U0/XW_stream_read_reg_494_reg[206]/C
                            (rising edge-triggered cell FDRE clocked by ap_clk  {rise@0.000ns fall@5.000ns period=10.000ns})
  Destination:            bd_0_i/hls_inst/inst/gmem2_m_axi_U/store_unit_0/buff_wdata/U_fifo_srl/mem_reg[30][206]_srl31/D
                            (rising edge-triggered cell SRLC32E clocked by ap_clk  {rise@0.000ns fall@5.000ns period=10.000ns})
  Path Group:             ap_clk
  Path Type:              Hold (Min at Fast Process Corner)
  Requirement:            0.000ns  (ap_clk rise@0.000ns - ap_clk rise@0.000ns)
  Data Path Delay:        0.136ns  (logic 0.082ns (60.294%)  route 0.054ns (39.706%))
  Logic Levels:           0  
  Clock Path Skew:        0.043ns (DCD - SCD - CPR)
    Destination Clock Delay (DCD):    0.057ns
    Source Clock Delay      (SCD):    0.014ns
    Clock Pessimism Removal (CPR):    -0.000ns

    Location             Delay type                Incr(ns)  Path(ns)    Netlist Resource(s)
  -------------------------------------------------------------------    -------------------
                         (clock ap_clk rise edge)     0.000     0.000 r  
                                                      0.000     0.000 r  ap_clk (IN)
                         net (fo=60030, unset)        0.014     0.014    bd_0_i/hls_inst/inst/grp_gemm_stage_fu_148/gemm_write_U0/ap_clk
    SLICE_X45Y85         FDRE                                         r  bd_0_i/hls_inst/inst/grp_gemm_stage_fu_148/gemm_write_U0/XW_stream_read_reg_494_reg[206]/C
  -------------------------------------------------------------------    -------------------
    SLICE_X45Y85         FDRE (Prop_BFF_SLICEM_C_Q)
                                                      0.082     0.096 r  bd_0_i/hls_inst/inst/grp_gemm_stage_fu_148/gemm_write_U0/XW_stream_read_reg_494_reg[206]/Q
                         net (fo=1, routed)           0.054     0.150    bd_0_i/hls_inst/inst/gmem2_m_axi_U/store_unit_0/buff_wdata/U_fifo_srl/dout_reg[511]_0[206]
    SLICE_X45Y83         SRLC32E                                      r  bd_0_i/hls_inst/inst/gmem2_m_axi_U/store_unit_0/buff_wdata/U_fifo_srl/mem_reg[30][206]_srl31/D
  -------------------------------------------------------------------    -------------------

                         (clock ap_clk rise edge)     0.000     0.000 r  
                                                      0.000     0.000 r  ap_clk (IN)
                         net (fo=60030, unset)        0.057     0.057    bd_0_i/hls_inst/inst/gmem2_m_axi_U/store_unit_0/buff_wdata/U_fifo_srl/ap_clk
    SLICE_X45Y83         SRLC32E                                      r  bd_0_i/hls_inst/inst/gmem2_m_axi_U/store_unit_0/buff_wdata/U_fifo_srl/mem_reg[30][206]_srl31/CLK
                         clock pessimism              0.000     0.057    
    SLICE_X45Y83         SRLC32E (Hold_H6LUT_SLICEM_CLK_D)
                                                      0.057     0.114    bd_0_i/hls_inst/inst/gmem2_m_axi_U/store_unit_0/buff_wdata/U_fifo_srl/mem_reg[30][206]_srl31
  -------------------------------------------------------------------
                         required time                         -0.114    
                         arrival time                           0.150    
  -------------------------------------------------------------------
                         slack                                  0.036    

Slack (MET) :             0.036ns  (arrival time - required time)
  Source:                 bd_0_i/hls_inst/inst/grp_gemm_stage_fu_148/gemm_write_U0/XW_stream_read_reg_494_reg[239]/C
                            (rising edge-triggered cell FDRE clocked by ap_clk  {rise@0.000ns fall@5.000ns period=10.000ns})
  Destination:            bd_0_i/hls_inst/inst/gmem2_m_axi_U/store_unit_0/buff_wdata/U_fifo_srl/mem_reg[30][239]_srl31/D
                            (rising edge-triggered cell SRLC32E clocked by ap_clk  {rise@0.000ns fall@5.000ns period=10.000ns})
  Path Group:             ap_clk
  Path Type:              Hold (Min at Fast Process Corner)
  Requirement:            0.000ns  (ap_clk rise@0.000ns - ap_clk rise@0.000ns)
  Data Path Delay:        0.136ns  (logic 0.082ns (60.294%)  route 0.054ns (39.706%))
  Logic Levels:           0  
  Clock Path Skew:        0.043ns (DCD - SCD - CPR)
    Destination Clock Delay (DCD):    0.057ns
    Source Clock Delay      (SCD):    0.014ns
    Clock Pessimism Removal (CPR):    -0.000ns

    Location             Delay type                Incr(ns)  Path(ns)    Netlist Resource(s)
  -------------------------------------------------------------------    -------------------
                         (clock ap_clk rise edge)     0.000     0.000 r  
                                                      0.000     0.000 r  ap_clk (IN)
                         net (fo=60030, unset)        0.014     0.014    bd_0_i/hls_inst/inst/grp_gemm_stage_fu_148/gemm_write_U0/ap_clk
    SLICE_X35Y68         FDRE                                         r  bd_0_i/hls_inst/inst/grp_gemm_stage_fu_148/gemm_write_U0/XW_stream_read_reg_494_reg[239]/C
  -------------------------------------------------------------------    -------------------
    SLICE_X35Y68         FDRE (Prop_AFF_SLICEM_C_Q)
                                                      0.082     0.096 r  bd_0_i/hls_inst/inst/grp_gemm_stage_fu_148/gemm_write_U0/XW_stream_read_reg_494_reg[239]/Q
                         net (fo=1, routed)           0.054     0.150    bd_0_i/hls_inst/inst/gmem2_m_axi_U/store_unit_0/buff_wdata/U_fifo_srl/dout_reg[511]_0[239]
    SLICE_X35Y67         SRLC32E                                      r  bd_0_i/hls_inst/inst/gmem2_m_axi_U/store_unit_0/buff_wdata/U_fifo_srl/mem_reg[30][239]_srl31/D
  -------------------------------------------------------------------    -------------------

                         (clock ap_clk rise edge)     0.000     0.000 r  
                                                      0.000     0.000 r  ap_clk (IN)
                         net (fo=60030, unset)        0.057     0.057    bd_0_i/hls_inst/inst/gmem2_m_axi_U/store_unit_0/buff_wdata/U_fifo_srl/ap_clk
    SLICE_X35Y67         SRLC32E                                      r  bd_0_i/hls_inst/inst/gmem2_m_axi_U/store_unit_0/buff_wdata/U_fifo_srl/mem_reg[30][239]_srl31/CLK
                         clock pessimism              0.000     0.057    
    SLICE_X35Y67         SRLC32E (Hold_H6LUT_SLICEM_CLK_D)
                                                      0.057     0.114    bd_0_i/hls_inst/inst/gmem2_m_axi_U/store_unit_0/buff_wdata/U_fifo_srl/mem_reg[30][239]_srl31
  -------------------------------------------------------------------
                         required time                         -0.114    
                         arrival time                           0.150    
  -------------------------------------------------------------------
                         slack                                  0.036    

Slack (MET) :             0.036ns  (arrival time - required time)
  Source:                 bd_0_i/hls_inst/inst/grp_gemm_stage_fu_148/gemm_write_U0/XW_stream_read_reg_494_reg[451]/C
                            (rising edge-triggered cell FDRE clocked by ap_clk  {rise@0.000ns fall@5.000ns period=10.000ns})
  Destination:            bd_0_i/hls_inst/inst/gmem2_m_axi_U/store_unit_0/buff_wdata/U_fifo_srl/mem_reg[30][451]_srl31/D
                            (rising edge-triggered cell SRLC32E clocked by ap_clk  {rise@0.000ns fall@5.000ns period=10.000ns})
  Path Group:             ap_clk
  Path Type:              Hold (Min at Fast Process Corner)
  Requirement:            0.000ns  (ap_clk rise@0.000ns - ap_clk rise@0.000ns)
  Data Path Delay:        0.136ns  (logic 0.082ns (60.294%)  route 0.054ns (39.706%))
  Logic Levels:           0  
  Clock Path Skew:        0.043ns (DCD - SCD - CPR)
    Destination Clock Delay (DCD):    0.057ns
    Source Clock Delay      (SCD):    0.014ns
    Clock Pessimism Removal (CPR):    -0.000ns

    Location             Delay type                Incr(ns)  Path(ns)    Netlist Resource(s)
  -------------------------------------------------------------------    -------------------
                         (clock ap_clk rise edge)     0.000     0.000 r  
                                                      0.000     0.000 r  ap_clk (IN)
                         net (fo=60030, unset)        0.014     0.014    bd_0_i/hls_inst/inst/grp_gemm_stage_fu_148/gemm_write_U0/ap_clk
    SLICE_X18Y119        FDRE                                         r  bd_0_i/hls_inst/inst/grp_gemm_stage_fu_148/gemm_write_U0/XW_stream_read_reg_494_reg[451]/C
  -------------------------------------------------------------------    -------------------
    SLICE_X18Y119        FDRE (Prop_AFF_SLICEM_C_Q)
                                                      0.082     0.096 r  bd_0_i/hls_inst/inst/grp_gemm_stage_fu_148/gemm_write_U0/XW_stream_read_reg_494_reg[451]/Q
                         net (fo=1, routed)           0.054     0.150    bd_0_i/hls_inst/inst/gmem2_m_axi_U/store_unit_0/buff_wdata/U_fifo_srl/dout_reg[511]_0[451]
    SLICE_X18Y118        SRLC32E                                      r  bd_0_i/hls_inst/inst/gmem2_m_axi_U/store_unit_0/buff_wdata/U_fifo_srl/mem_reg[30][451]_srl31/D
  -------------------------------------------------------------------    -------------------

                         (clock ap_clk rise edge)     0.000     0.000 r  
                                                      0.000     0.000 r  ap_clk (IN)
                         net (fo=60030, unset)        0.057     0.057    bd_0_i/hls_inst/inst/gmem2_m_axi_U/store_unit_0/buff_wdata/U_fifo_srl/ap_clk
    SLICE_X18Y118        SRLC32E                                      r  bd_0_i/hls_inst/inst/gmem2_m_axi_U/store_unit_0/buff_wdata/U_fifo_srl/mem_reg[30][451]_srl31/CLK
                         clock pessimism              0.000     0.057    
    SLICE_X18Y118        SRLC32E (Hold_H6LUT_SLICEM_CLK_D)
                                                      0.057     0.114    bd_0_i/hls_inst/inst/gmem2_m_axi_U/store_unit_0/buff_wdata/U_fifo_srl/mem_reg[30][451]_srl31
  -------------------------------------------------------------------
                         required time                         -0.114    
                         arrival time                           0.150    
  -------------------------------------------------------------------
                         slack                                  0.036    

Slack (MET) :             0.037ns  (arrival time - required time)
  Source:                 bd_0_i/hls_inst/inst/grp_spmm_stage_fu_164/spmm_store_U0/trunc_ln297_5_reg_1947_reg[12]/C
                            (rising edge-triggered cell FDRE clocked by ap_clk  {rise@0.000ns fall@5.000ns period=10.000ns})
  Destination:            bd_0_i/hls_inst/inst/gmem6_m_axi_U/store_unit_0/buff_wdata/U_fifo_srl/mem_reg[30][108]_srl31/D
                            (rising edge-triggered cell SRLC32E clocked by ap_clk  {rise@0.000ns fall@5.000ns period=10.000ns})
  Path Group:             ap_clk
  Path Type:              Hold (Min at Fast Process Corner)
  Requirement:            0.000ns  (ap_clk rise@0.000ns - ap_clk rise@0.000ns)
  Data Path Delay:        0.137ns  (logic 0.082ns (59.854%)  route 0.055ns (40.146%))
  Logic Levels:           0  
  Clock Path Skew:        0.043ns (DCD - SCD - CPR)
    Destination Clock Delay (DCD):    0.057ns
    Source Clock Delay      (SCD):    0.014ns
    Clock Pessimism Removal (CPR):    -0.000ns

    Location             Delay type                Incr(ns)  Path(ns)    Netlist Resource(s)
  -------------------------------------------------------------------    -------------------
                         (clock ap_clk rise edge)     0.000     0.000 r  
                                                      0.000     0.000 r  ap_clk (IN)
                         net (fo=60030, unset)        0.014     0.014    bd_0_i/hls_inst/inst/grp_spmm_stage_fu_164/spmm_store_U0/ap_clk
    SLICE_X28Y192        FDRE                                         r  bd_0_i/hls_inst/inst/grp_spmm_stage_fu_164/spmm_store_U0/trunc_ln297_5_reg_1947_reg[12]/C
  -------------------------------------------------------------------    -------------------
    SLICE_X28Y192        FDRE (Prop_FFF_SLICEM_C_Q)
                                                      0.082     0.096 r  bd_0_i/hls_inst/inst/grp_spmm_stage_fu_164/spmm_store_U0/trunc_ln297_5_reg_1947_reg[12]/Q
                         net (fo=1, routed)           0.055     0.151    bd_0_i/hls_inst/inst/gmem6_m_axi_U/store_unit_0/buff_wdata/U_fifo_srl/I_CH0_WDATA[108]
    SLICE_X28Y191        SRLC32E                                      r  bd_0_i/hls_inst/inst/gmem6_m_axi_U/store_unit_0/buff_wdata/U_fifo_srl/mem_reg[30][108]_srl31/D
  -------------------------------------------------------------------    -------------------

                         (clock ap_clk rise edge)     0.000     0.000 r  
                                                      0.000     0.000 r  ap_clk (IN)
                         net (fo=60030, unset)        0.057     0.057    bd_0_i/hls_inst/inst/gmem6_m_axi_U/store_unit_0/buff_wdata/U_fifo_srl/ap_clk
    SLICE_X28Y191        SRLC32E                                      r  bd_0_i/hls_inst/inst/gmem6_m_axi_U/store_unit_0/buff_wdata/U_fifo_srl/mem_reg[30][108]_srl31/CLK
                         clock pessimism              0.000     0.057    
    SLICE_X28Y191        SRLC32E (Hold_H6LUT_SLICEM_CLK_D)
                                                      0.057     0.114    bd_0_i/hls_inst/inst/gmem6_m_axi_U/store_unit_0/buff_wdata/U_fifo_srl/mem_reg[30][108]_srl31
  -------------------------------------------------------------------
                         required time                         -0.114    
                         arrival time                           0.151    
  -------------------------------------------------------------------
                         slack                                  0.037    

Slack (MET) :             0.037ns  (arrival time - required time)
  Source:                 bd_0_i/hls_inst/inst/grp_spmm_stage_fu_164/spmm_store_U0/trunc_ln297_9_reg_1967_reg[0]/C
                            (rising edge-triggered cell FDRE clocked by ap_clk  {rise@0.000ns fall@5.000ns period=10.000ns})
  Destination:            bd_0_i/hls_inst/inst/gmem6_m_axi_U/store_unit_0/buff_wdata/U_fifo_srl/mem_reg[30][160]_srl31/D
                            (rising edge-triggered cell SRLC32E clocked by ap_clk  {rise@0.000ns fall@5.000ns period=10.000ns})
  Path Group:             ap_clk
  Path Type:              Hold (Min at Fast Process Corner)
  Requirement:            0.000ns  (ap_clk rise@0.000ns - ap_clk rise@0.000ns)
  Data Path Delay:        0.137ns  (logic 0.082ns (59.854%)  route 0.055ns (40.146%))
  Logic Levels:           0  
  Clock Path Skew:        0.043ns (DCD - SCD - CPR)
    Destination Clock Delay (DCD):    0.057ns
    Source Clock Delay      (SCD):    0.014ns
    Clock Pessimism Removal (CPR):    -0.000ns

    Location             Delay type                Incr(ns)  Path(ns)    Netlist Resource(s)
  -------------------------------------------------------------------    -------------------
                         (clock ap_clk rise edge)     0.000     0.000 r  
                                                      0.000     0.000 r  ap_clk (IN)
                         net (fo=60030, unset)        0.014     0.014    bd_0_i/hls_inst/inst/grp_spmm_stage_fu_164/spmm_store_U0/ap_clk
    SLICE_X32Y190        FDRE                                         r  bd_0_i/hls_inst/inst/grp_spmm_stage_fu_164/spmm_store_U0/trunc_ln297_9_reg_1967_reg[0]/C
  -------------------------------------------------------------------    -------------------
    SLICE_X32Y190        FDRE (Prop_FFF_SLICEM_C_Q)
                                                      0.082     0.096 r  bd_0_i/hls_inst/inst/grp_spmm_stage_fu_164/spmm_store_U0/trunc_ln297_9_reg_1967_reg[0]/Q
                         net (fo=1, routed)           0.055     0.151    bd_0_i/hls_inst/inst/gmem6_m_axi_U/store_unit_0/buff_wdata/U_fifo_srl/I_CH0_WDATA[160]
    SLICE_X32Y189        SRLC32E                                      r  bd_0_i/hls_inst/inst/gmem6_m_axi_U/store_unit_0/buff_wdata/U_fifo_srl/mem_reg[30][160]_srl31/D
  -------------------------------------------------------------------    -------------------

                         (clock ap_clk rise edge)     0.000     0.000 r  
                                                      0.000     0.000 r  ap_clk (IN)
                         net (fo=60030, unset)        0.057     0.057    bd_0_i/hls_inst/inst/gmem6_m_axi_U/store_unit_0/buff_wdata/U_fifo_srl/ap_clk
    SLICE_X32Y189        SRLC32E                                      r  bd_0_i/hls_inst/inst/gmem6_m_axi_U/store_unit_0/buff_wdata/U_fifo_srl/mem_reg[30][160]_srl31/CLK
                         clock pessimism              0.000     0.057    
    SLICE_X32Y189        SRLC32E (Hold_H6LUT_SLICEM_CLK_D)
                                                      0.057     0.114    bd_0_i/hls_inst/inst/gmem6_m_axi_U/store_unit_0/buff_wdata/U_fifo_srl/mem_reg[30][160]_srl31
  -------------------------------------------------------------------
                         required time                         -0.114    
                         arrival time                           0.151    
  -------------------------------------------------------------------
                         slack                                  0.037    

Slack (MET) :             0.037ns  (arrival time - required time)
  Source:                 bd_0_i/hls_inst/inst/grp_spmm_stage_fu_164/spmm_store_U0/trunc_ln297_5_reg_1947_reg[8]/C
                            (rising edge-triggered cell FDRE clocked by ap_clk  {rise@0.000ns fall@5.000ns period=10.000ns})
  Destination:            bd_0_i/hls_inst/inst/gmem6_m_axi_U/store_unit_0/buff_wdata/U_fifo_srl/mem_reg[30][104]_srl31/D
                            (rising edge-triggered cell SRLC32E clocked by ap_clk  {rise@0.000ns fall@5.000ns period=10.000ns})
  Path Group:             ap_clk
  Path Type:              Hold (Min at Fast Process Corner)
  Requirement:            0.000ns  (ap_clk rise@0.000ns - ap_clk rise@0.000ns)
  Data Path Delay:        0.137ns  (logic 0.085ns (62.044%)  route 0.052ns (37.956%))
  Logic Levels:           0  
  Clock Path Skew:        0.043ns (DCD - SCD - CPR)
    Destination Clock Delay (DCD):    0.057ns
    Source Clock Delay      (SCD):    0.014ns
    Clock Pessimism Removal (CPR):    -0.000ns

    Location             Delay type                Incr(ns)  Path(ns)    Netlist Resource(s)
  -------------------------------------------------------------------    -------------------
                         (clock ap_clk rise edge)     0.000     0.000 r  
                                                      0.000     0.000 r  ap_clk (IN)
                         net (fo=60030, unset)        0.014     0.014    bd_0_i/hls_inst/inst/grp_spmm_stage_fu_164/spmm_store_U0/ap_clk
    SLICE_X33Y219        FDRE                                         r  bd_0_i/hls_inst/inst/grp_spmm_stage_fu_164/spmm_store_U0/trunc_ln297_5_reg_1947_reg[8]/C
  -------------------------------------------------------------------    -------------------
    SLICE_X33Y219        FDRE (Prop_FFF2_SLICEL_C_Q)
                                                      0.085     0.099 r  bd_0_i/hls_inst/inst/grp_spmm_stage_fu_164/spmm_store_U0/trunc_ln297_5_reg_1947_reg[8]/Q
                         net (fo=1, routed)           0.052     0.151    bd_0_i/hls_inst/inst/gmem6_m_axi_U/store_unit_0/buff_wdata/U_fifo_srl/I_CH0_WDATA[104]
    SLICE_X32Y218        SRLC32E                                      r  bd_0_i/hls_inst/inst/gmem6_m_axi_U/store_unit_0/buff_wdata/U_fifo_srl/mem_reg[30][104]_srl31/D
  -------------------------------------------------------------------    -------------------

                         (clock ap_clk rise edge)     0.000     0.000 r  
                                                      0.000     0.000 r  ap_clk (IN)
                         net (fo=60030, unset)        0.057     0.057    bd_0_i/hls_inst/inst/gmem6_m_axi_U/store_unit_0/buff_wdata/U_fifo_srl/ap_clk
    SLICE_X32Y218        SRLC32E                                      r  bd_0_i/hls_inst/inst/gmem6_m_axi_U/store_unit_0/buff_wdata/U_fifo_srl/mem_reg[30][104]_srl31/CLK
                         clock pessimism              0.000     0.057    
    SLICE_X32Y218        SRLC32E (Hold_H6LUT_SLICEM_CLK_D)
                                                      0.057     0.114    bd_0_i/hls_inst/inst/gmem6_m_axi_U/store_unit_0/buff_wdata/U_fifo_srl/mem_reg[30][104]_srl31
  -------------------------------------------------------------------
                         required time                         -0.114    
                         arrival time                           0.151    
  -------------------------------------------------------------------
                         slack                                  0.037    

Slack (MET) :             0.038ns  (arrival time - required time)
  Source:                 bd_0_i/hls_inst/inst/grp_gemm_stage_fu_148/gemm_write_U0/XW_stream_read_reg_494_reg[407]/C
                            (rising edge-triggered cell FDRE clocked by ap_clk  {rise@0.000ns fall@5.000ns period=10.000ns})
  Destination:            bd_0_i/hls_inst/inst/gmem2_m_axi_U/store_unit_0/buff_wdata/U_fifo_srl/mem_reg[30][407]_srl31/D
                            (rising edge-triggered cell SRLC32E clocked by ap_clk  {rise@0.000ns fall@5.000ns period=10.000ns})
  Path Group:             ap_clk
  Path Type:              Hold (Min at Fast Process Corner)
  Requirement:            0.000ns  (ap_clk rise@0.000ns - ap_clk rise@0.000ns)
  Data Path Delay:        0.138ns  (logic 0.083ns (60.145%)  route 0.055ns (39.855%))
  Logic Levels:           0  
  Clock Path Skew:        0.043ns (DCD - SCD - CPR)
    Destination Clock Delay (DCD):    0.057ns
    Source Clock Delay      (SCD):    0.014ns
    Clock Pessimism Removal (CPR):    -0.000ns

    Location             Delay type                Incr(ns)  Path(ns)    Netlist Resource(s)
  -------------------------------------------------------------------    -------------------
                         (clock ap_clk rise edge)     0.000     0.000 r  
                                                      0.000     0.000 r  ap_clk (IN)
                         net (fo=60030, unset)        0.014     0.014    bd_0_i/hls_inst/inst/grp_gemm_stage_fu_148/gemm_write_U0/ap_clk
    SLICE_X45Y142        FDRE                                         r  bd_0_i/hls_inst/inst/grp_gemm_stage_fu_148/gemm_write_U0/XW_stream_read_reg_494_reg[407]/C
  -------------------------------------------------------------------    -------------------
    SLICE_X45Y142        FDRE (Prop_HFF_SLICEM_C_Q)
                                                      0.083     0.097 r  bd_0_i/hls_inst/inst/grp_gemm_stage_fu_148/gemm_write_U0/XW_stream_read_reg_494_reg[407]/Q
                         net (fo=1, routed)           0.055     0.152    bd_0_i/hls_inst/inst/gmem2_m_axi_U/store_unit_0/buff_wdata/U_fifo_srl/dout_reg[511]_0[407]
    SLICE_X45Y141        SRLC32E                                      r  bd_0_i/hls_inst/inst/gmem2_m_axi_U/store_unit_0/buff_wdata/U_fifo_srl/mem_reg[30][407]_srl31/D
  -------------------------------------------------------------------    -------------------

                         (clock ap_clk rise edge)     0.000     0.000 r  
                                                      0.000     0.000 r  ap_clk (IN)
                         net (fo=60030, unset)        0.057     0.057    bd_0_i/hls_inst/inst/gmem2_m_axi_U/store_unit_0/buff_wdata/U_fifo_srl/ap_clk
    SLICE_X45Y141        SRLC32E                                      r  bd_0_i/hls_inst/inst/gmem2_m_axi_U/store_unit_0/buff_wdata/U_fifo_srl/mem_reg[30][407]_srl31/CLK
                         clock pessimism              0.000     0.057    
    SLICE_X45Y141        SRLC32E (Hold_H6LUT_SLICEM_CLK_D)
                                                      0.057     0.114    bd_0_i/hls_inst/inst/gmem2_m_axi_U/store_unit_0/buff_wdata/U_fifo_srl/mem_reg[30][407]_srl31
  -------------------------------------------------------------------
                         required time                         -0.114    
                         arrival time                           0.152    
  -------------------------------------------------------------------
                         slack                                  0.038    

Slack (MET) :             0.038ns  (arrival time - required time)
  Source:                 bd_0_i/hls_inst/inst/grp_spmm_stage_fu_164/spmm_store_U0/trunc_ln297_7_reg_1957_reg[2]/C
                            (rising edge-triggered cell FDRE clocked by ap_clk  {rise@0.000ns fall@5.000ns period=10.000ns})
  Destination:            bd_0_i/hls_inst/inst/gmem6_m_axi_U/store_unit_0/buff_wdata/U_fifo_srl/mem_reg[30][130]_srl31/D
                            (rising edge-triggered cell SRLC32E clocked by ap_clk  {rise@0.000ns fall@5.000ns period=10.000ns})
  Path Group:             ap_clk
  Path Type:              Hold (Min at Fast Process Corner)
  Requirement:            0.000ns  (ap_clk rise@0.000ns - ap_clk rise@0.000ns)
  Data Path Delay:        0.138ns  (logic 0.083ns (60.145%)  route 0.055ns (39.855%))
  Logic Levels:           0  
  Clock Path Skew:        0.043ns (DCD - SCD - CPR)
    Destination Clock Delay (DCD):    0.057ns
    Source Clock Delay      (SCD):    0.014ns
    Clock Pessimism Removal (CPR):    -0.000ns

    Location             Delay type                Incr(ns)  Path(ns)    Netlist Resource(s)
  -------------------------------------------------------------------    -------------------
                         (clock ap_clk rise edge)     0.000     0.000 r  
                                                      0.000     0.000 r  ap_clk (IN)
                         net (fo=60030, unset)        0.014     0.014    bd_0_i/hls_inst/inst/grp_spmm_stage_fu_164/spmm_store_U0/ap_clk
    SLICE_X28Y188        FDRE                                         r  bd_0_i/hls_inst/inst/grp_spmm_stage_fu_164/spmm_store_U0/trunc_ln297_7_reg_1957_reg[2]/C
  -------------------------------------------------------------------    -------------------
    SLICE_X28Y188        FDRE (Prop_CFF_SLICEM_C_Q)
                                                      0.083     0.097 r  bd_0_i/hls_inst/inst/grp_spmm_stage_fu_164/spmm_store_U0/trunc_ln297_7_reg_1957_reg[2]/Q
                         net (fo=1, routed)           0.055     0.152    bd_0_i/hls_inst/inst/gmem6_m_axi_U/store_unit_0/buff_wdata/U_fifo_srl/I_CH0_WDATA[130]
    SLICE_X28Y186        SRLC32E                                      r  bd_0_i/hls_inst/inst/gmem6_m_axi_U/store_unit_0/buff_wdata/U_fifo_srl/mem_reg[30][130]_srl31/D
  -------------------------------------------------------------------    -------------------

                         (clock ap_clk rise edge)     0.000     0.000 r  
                                                      0.000     0.000 r  ap_clk (IN)
                         net (fo=60030, unset)        0.057     0.057    bd_0_i/hls_inst/inst/gmem6_m_axi_U/store_unit_0/buff_wdata/U_fifo_srl/ap_clk
    SLICE_X28Y186        SRLC32E                                      r  bd_0_i/hls_inst/inst/gmem6_m_axi_U/store_unit_0/buff_wdata/U_fifo_srl/mem_reg[30][130]_srl31/CLK
                         clock pessimism              0.000     0.057    
    SLICE_X28Y186        SRLC32E (Hold_H6LUT_SLICEM_CLK_D)
                                                      0.057     0.114    bd_0_i/hls_inst/inst/gmem6_m_axi_U/store_unit_0/buff_wdata/U_fifo_srl/mem_reg[30][130]_srl31
  -------------------------------------------------------------------
                         required time                         -0.114    
                         arrival time                           0.152    
  -------------------------------------------------------------------
                         slack                                  0.038    





Pulse Width Checks
--------------------------------------------------------------------------------------
Clock Name:         ap_clk
Waveform(ns):       { 0.000 5.000 }
Period(ns):         10.000
Sources:            { ap_clk }

Check Type        Corner  Lib Pin             Reference Pin  Required(ns)  Actual(ns)  Slack(ns)  Location       Pin
Min Period        n/a     RAMB36E2/CLKARDCLK  n/a            1.960         10.000      8.040      RAMB36_X2Y28   bd_0_i/hls_inst/inst/gmem0_m_axi_U/load_unit_0/buff_rdata/U_fifo_mem/mem_reg_0/CLKARDCLK
Min Period        n/a     RAMB36E2/CLKBWRCLK  n/a            1.960         10.000      8.040      RAMB36_X2Y28   bd_0_i/hls_inst/inst/gmem0_m_axi_U/load_unit_0/buff_rdata/U_fifo_mem/mem_reg_0/CLKBWRCLK
Min Period        n/a     RAMB36E2/CLKARDCLK  n/a            1.960         10.000      8.040      RAMB36_X2Y29   bd_0_i/hls_inst/inst/gmem0_m_axi_U/load_unit_0/buff_rdata/U_fifo_mem/mem_reg_1/CLKARDCLK
Min Period        n/a     RAMB36E2/CLKBWRCLK  n/a            1.960         10.000      8.040      RAMB36_X2Y29   bd_0_i/hls_inst/inst/gmem0_m_axi_U/load_unit_0/buff_rdata/U_fifo_mem/mem_reg_1/CLKBWRCLK
Min Period        n/a     RAMB36E2/CLKARDCLK  n/a            1.960         10.000      8.040      RAMB36_X2Y30   bd_0_i/hls_inst/inst/gmem0_m_axi_U/load_unit_0/buff_rdata/U_fifo_mem/mem_reg_2/CLKARDCLK
Min Period        n/a     RAMB36E2/CLKBWRCLK  n/a            1.960         10.000      8.040      RAMB36_X2Y30   bd_0_i/hls_inst/inst/gmem0_m_axi_U/load_unit_0/buff_rdata/U_fifo_mem/mem_reg_2/CLKBWRCLK
Min Period        n/a     RAMB36E2/CLKARDCLK  n/a            1.960         10.000      8.040      RAMB36_X2Y25   bd_0_i/hls_inst/inst/gmem0_m_axi_U/load_unit_0/buff_rdata/U_fifo_mem/mem_reg_3/CLKARDCLK
Min Period        n/a     RAMB36E2/CLKBWRCLK  n/a            1.960         10.000      8.040      RAMB36_X2Y25   bd_0_i/hls_inst/inst/gmem0_m_axi_U/load_unit_0/buff_rdata/U_fifo_mem/mem_reg_3/CLKBWRCLK
Min Period        n/a     RAMB36E2/CLKARDCLK  n/a            1.960         10.000      8.040      RAMB36_X2Y26   bd_0_i/hls_inst/inst/gmem0_m_axi_U/load_unit_0/buff_rdata/U_fifo_mem/mem_reg_4/CLKARDCLK
Min Period        n/a     RAMB36E2/CLKBWRCLK  n/a            1.960         10.000      8.040      RAMB36_X2Y26   bd_0_i/hls_inst/inst/gmem0_m_axi_U/load_unit_0/buff_rdata/U_fifo_mem/mem_reg_4/CLKBWRCLK
Low Pulse Width   Slow    SRL16E/CLK          n/a            0.762         5.000       4.238      SLICE_X25Y175  bd_0_i/hls_inst/inst/bus_read/ost_ctrl_gen[0].fifo_burst/U_fifo_srl/mem_reg[14][0]_srl15/CLK
Low Pulse Width   Fast    SRL16E/CLK          n/a            0.762         5.000       4.238      SLICE_X25Y175  bd_0_i/hls_inst/inst/bus_read/ost_ctrl_gen[0].fifo_burst/U_fifo_srl/mem_reg[14][0]_srl15/CLK
Low Pulse Width   Slow    SRL16E/CLK          n/a            0.762         5.000       4.238      SLICE_X43Y168  bd_0_i/hls_inst/inst/bus_read/ost_ctrl_gen[0].fifo_burst/U_fifo_srl/mem_reg[14][0]_srl15__0/CLK
Low Pulse Width   Fast    SRL16E/CLK          n/a            0.762         5.000       4.238      SLICE_X43Y168  bd_0_i/hls_inst/inst/bus_read/ost_ctrl_gen[0].fifo_burst/U_fifo_srl/mem_reg[14][0]_srl15__0/CLK
Low Pulse Width   Slow    SRL16E/CLK          n/a            0.762         5.000       4.238      SLICE_X53Y168  bd_0_i/hls_inst/inst/bus_read/ost_ctrl_gen[0].fifo_burst/U_fifo_srl/mem_reg[14][0]_srl15__1/CLK
Low Pulse Width   Fast    SRL16E/CLK          n/a            0.762         5.000       4.238      SLICE_X53Y168  bd_0_i/hls_inst/inst/bus_read/ost_ctrl_gen[0].fifo_burst/U_fifo_srl/mem_reg[14][0]_srl15__1/CLK
Low Pulse Width   Slow    SRL16E/CLK          n/a            0.762         5.000       4.238      SLICE_X28Y168  bd_0_i/hls_inst/inst/bus_read/ost_ctrl_gen[0].fifo_burst/U_fifo_srl/mem_reg[14][0]_srl15__2/CLK
Low Pulse Width   Fast    SRL16E/CLK          n/a            0.762         5.000       4.238      SLICE_X28Y168  bd_0_i/hls_inst/inst/bus_read/ost_ctrl_gen[0].fifo_burst/U_fifo_srl/mem_reg[14][0]_srl15__2/CLK
Low Pulse Width   Slow    SRL16E/CLK          n/a            0.762         5.000       4.238      SLICE_X37Y170  bd_0_i/hls_inst/inst/bus_read/ost_ctrl_gen[0].fifo_burst/U_fifo_srl/mem_reg[14][0]_srl15__3/CLK
Low Pulse Width   Fast    SRL16E/CLK          n/a            0.762         5.000       4.238      SLICE_X37Y170  bd_0_i/hls_inst/inst/bus_read/ost_ctrl_gen[0].fifo_burst/U_fifo_srl/mem_reg[14][0]_srl15__3/CLK
High Pulse Width  Slow    SRL16E/CLK          n/a            0.762         5.000       4.238      SLICE_X25Y175  bd_0_i/hls_inst/inst/bus_read/ost_ctrl_gen[0].fifo_burst/U_fifo_srl/mem_reg[14][0]_srl15/CLK
High Pulse Width  Fast    SRL16E/CLK          n/a            0.762         5.000       4.238      SLICE_X25Y175  bd_0_i/hls_inst/inst/bus_read/ost_ctrl_gen[0].fifo_burst/U_fifo_srl/mem_reg[14][0]_srl15/CLK
High Pulse Width  Slow    SRL16E/CLK          n/a            0.762         5.000       4.238      SLICE_X43Y168  bd_0_i/hls_inst/inst/bus_read/ost_ctrl_gen[0].fifo_burst/U_fifo_srl/mem_reg[14][0]_srl15__0/CLK
High Pulse Width  Fast    SRL16E/CLK          n/a            0.762         5.000       4.238      SLICE_X43Y168  bd_0_i/hls_inst/inst/bus_read/ost_ctrl_gen[0].fifo_burst/U_fifo_srl/mem_reg[14][0]_srl15__0/CLK
High Pulse Width  Slow    SRL16E/CLK          n/a            0.762         5.000       4.238      SLICE_X53Y168  bd_0_i/hls_inst/inst/bus_read/ost_ctrl_gen[0].fifo_burst/U_fifo_srl/mem_reg[14][0]_srl15__1/CLK
High Pulse Width  Fast    SRL16E/CLK          n/a            0.762         5.000       4.238      SLICE_X53Y168  bd_0_i/hls_inst/inst/bus_read/ost_ctrl_gen[0].fifo_burst/U_fifo_srl/mem_reg[14][0]_srl15__1/CLK
High Pulse Width  Slow    SRL16E/CLK          n/a            0.762         5.000       4.238      SLICE_X28Y168  bd_0_i/hls_inst/inst/bus_read/ost_ctrl_gen[0].fifo_burst/U_fifo_srl/mem_reg[14][0]_srl15__2/CLK
High Pulse Width  Fast    SRL16E/CLK          n/a            0.762         5.000       4.238      SLICE_X28Y168  bd_0_i/hls_inst/inst/bus_read/ost_ctrl_gen[0].fifo_burst/U_fifo_srl/mem_reg[14][0]_srl15__2/CLK
High Pulse Width  Slow    SRL16E/CLK          n/a            0.762         5.000       4.238      SLICE_X37Y170  bd_0_i/hls_inst/inst/bus_read/ost_ctrl_gen[0].fifo_burst/U_fifo_srl/mem_reg[14][0]_srl15__3/CLK
High Pulse Width  Fast    SRL16E/CLK          n/a            0.762         5.000       4.238      SLICE_X37Y170  bd_0_i/hls_inst/inst/bus_read/ost_ctrl_gen[0].fifo_burst/U_fifo_srl/mem_reg[14][0]_srl15__3/CLK



--------------------------------------------------------------------------------------
Path Group:  (none)
From Clock:  
  To Clock:  

Max Delay             1 Endpoint
Min Delay             1 Endpoint
--------------------------------------------------------------------------------------


Max Delay Paths
--------------------------------------------------------------------------------------
Slack:                    inf
  Source:                 ap_ctrl_start
                            (input port)
  Destination:            ap_ctrl_idle
                            (output port)
  Path Group:             (none)
  Path Type:              Max at Slow Process Corner
  Data Path Delay:        0.219ns  (logic 0.187ns (85.388%)  route 0.032ns (14.612%))
  Logic Levels:           1  (LUT2=1)

    Location             Delay type                Incr(ns)  Path(ns)    Netlist Resource(s)
  -------------------------------------------------------------------    -------------------
                                                      0.000     0.000 f  ap_ctrl_start (IN)
                         net (fo=3, unset)            0.000     0.000    bd_0_i/hls_inst/inst/ap_start
    SLICE_X47Y169        LUT2 (Prop_D5LUT_SLICEL_I1_O)
                                                      0.187     0.187 r  bd_0_i/hls_inst/inst/ap_idle_INST_0/O
                         net (fo=0)                   0.032     0.219    ap_ctrl_idle
                                                                      r  ap_ctrl_idle (OUT)
  -------------------------------------------------------------------    -------------------





Min Delay Paths
--------------------------------------------------------------------------------------
Slack:                    inf
  Source:                 ap_ctrl_start
                            (input port)
  Destination:            ap_ctrl_idle
                            (output port)
  Path Group:             (none)
  Path Type:              Min at Fast Process Corner
  Data Path Delay:        0.069ns  (logic 0.053ns (76.812%)  route 0.016ns (23.188%))
  Logic Levels:           1  (LUT2=1)

    Location             Delay type                Incr(ns)  Path(ns)    Netlist Resource(s)
  -------------------------------------------------------------------    -------------------
                                                      0.000     0.000 f  ap_ctrl_start (IN)
                         net (fo=3, unset)            0.000     0.000    bd_0_i/hls_inst/inst/ap_start
    SLICE_X47Y169        LUT2 (Prop_D5LUT_SLICEL_I1_O)
                                                      0.053     0.053 r  bd_0_i/hls_inst/inst/ap_idle_INST_0/O
                         net (fo=0)                   0.016     0.069    ap_ctrl_idle
                                                                      r  ap_ctrl_idle (OUT)
  -------------------------------------------------------------------    -------------------





--------------------------------------------------------------------------------------
Path Group:  (none)
From Clock:  ap_clk
  To Clock:  

Max Delay          1720 Endpoints
Min Delay          1720 Endpoints
--------------------------------------------------------------------------------------


Max Delay Paths
--------------------------------------------------------------------------------------
Slack:                    inf
  Source:                 bd_0_i/hls_inst/inst/ap_CS_fsm_reg[0]/C
                            (rising edge-triggered cell FDSE clocked by ap_clk  {rise@0.000ns fall@5.000ns period=10.000ns})
  Destination:            ap_ctrl_idle
                            (output port)
  Path Group:             (none)
  Path Type:              Max at Slow Process Corner
  Data Path Delay:        1.475ns  (logic 0.266ns (18.039%)  route 1.209ns (81.961%))
  Logic Levels:           1  (LUT2=1)
  Clock Uncertainty:      0.025ns  ((TSJ^2 + TIJ^2)^1/2 + DJ) / 2 + PE
    Total System Jitter     (TSJ):    0.050ns
    Total Input Jitter      (TIJ):    0.000ns
    Discrete Jitter          (DJ):    0.000ns
    Phase Error              (PE):    0.000ns

    Location             Delay type                Incr(ns)  Path(ns)    Netlist Resource(s)
  -------------------------------------------------------------------    -------------------
                         (clock ap_clk rise edge)     0.000     0.000 r  
                                                      0.000     0.000 r  ap_clk (IN)
                         net (fo=60030, unset)        0.043     0.043    bd_0_i/hls_inst/inst/ap_clk
    SLICE_X43Y197        FDSE                                         r  bd_0_i/hls_inst/inst/ap_CS_fsm_reg[0]/C
  -------------------------------------------------------------------    -------------------
    SLICE_X43Y197        FDSE (Prop_HFF2_SLICEM_C_Q)
                                                      0.114     0.157 r  bd_0_i/hls_inst/inst/ap_CS_fsm_reg[0]/Q
                         net (fo=432, routed)         1.177     1.334    bd_0_i/hls_inst/inst/ap_CS_fsm_state1
    SLICE_X47Y169        LUT2 (Prop_D5LUT_SLICEL_I0_O)
                                                      0.152     1.486 r  bd_0_i/hls_inst/inst/ap_idle_INST_0/O
                         net (fo=0)                   0.032     1.518    ap_ctrl_idle
                                                                      r  ap_ctrl_idle (OUT)
  -------------------------------------------------------------------    -------------------

Slack:                    inf
  Source:                 bd_0_i/hls_inst/inst/ap_CS_fsm_reg[3]/C
                            (rising edge-triggered cell FDRE clocked by ap_clk  {rise@0.000ns fall@5.000ns period=10.000ns})
  Destination:            ap_ctrl_done
                            (output port)
  Path Group:             (none)
  Path Type:              Max at Slow Process Corner
  Data Path Delay:        0.768ns  (logic 0.278ns (36.178%)  route 0.490ns (63.822%))
  Logic Levels:           1  (LUT3=1)
  Clock Uncertainty:      0.025ns  ((TSJ^2 + TIJ^2)^1/2 + DJ) / 2 + PE
    Total System Jitter     (TSJ):    0.050ns
    Total Input Jitter      (TIJ):    0.000ns
    Discrete Jitter          (DJ):    0.000ns
    Phase Error              (PE):    0.000ns

    Location             Delay type                Incr(ns)  Path(ns)    Netlist Resource(s)
  -------------------------------------------------------------------    -------------------
                         (clock ap_clk rise edge)     0.000     0.000 r  
                                                      0.000     0.000 r  ap_clk (IN)
                         net (fo=60030, unset)        0.043     0.043    bd_0_i/hls_inst/inst/ap_clk
    SLICE_X43Y197        FDRE                                         r  bd_0_i/hls_inst/inst/ap_CS_fsm_reg[3]/C
  -------------------------------------------------------------------    -------------------
    SLICE_X43Y197        FDRE (Prop_GFF2_SLICEM_C_Q)
                                                      0.118     0.161 r  bd_0_i/hls_inst/inst/ap_CS_fsm_reg[3]/Q
                         net (fo=52, routed)          0.444     0.605    bd_0_i/hls_inst/inst/grp_spmm_stage_fu_164/spmm_store_U0/ap_done_0[0]
    SLICE_X32Y198        LUT3 (Prop_B5LUT_SLICEM_I0_O)
                                                      0.160     0.765 r  bd_0_i/hls_inst/inst/grp_spmm_stage_fu_164/spmm_store_U0/ap_ready_INST_0/O
                         net (fo=3, unset)            0.046     0.811    ap_ctrl_done
                                                                      r  ap_ctrl_done (OUT)
  -------------------------------------------------------------------    -------------------

Slack:                    inf
  Source:                 bd_0_i/hls_inst/inst/ap_CS_fsm_reg[3]/C
                            (rising edge-triggered cell FDRE clocked by ap_clk  {rise@0.000ns fall@5.000ns period=10.000ns})
  Destination:            ap_ctrl_ready
                            (output port)
  Path Group:             (none)
  Path Type:              Max at Slow Process Corner
  Data Path Delay:        0.768ns  (logic 0.278ns (36.178%)  route 0.490ns (63.822%))
  Logic Levels:           1  (LUT3=1)
  Clock Uncertainty:      0.025ns  ((TSJ^2 + TIJ^2)^1/2 + DJ) / 2 + PE
    Total System Jitter     (TSJ):    0.050ns
    Total Input Jitter      (TIJ):    0.000ns
    Discrete Jitter          (DJ):    0.000ns
    Phase Error              (PE):    0.000ns

    Location             Delay type                Incr(ns)  Path(ns)    Netlist Resource(s)
  -------------------------------------------------------------------    -------------------
                         (clock ap_clk rise edge)     0.000     0.000 r  
                                                      0.000     0.000 r  ap_clk (IN)
                         net (fo=60030, unset)        0.043     0.043    bd_0_i/hls_inst/inst/ap_clk
    SLICE_X43Y197        FDRE                                         r  bd_0_i/hls_inst/inst/ap_CS_fsm_reg[3]/C
  -------------------------------------------------------------------    -------------------
    SLICE_X43Y197        FDRE (Prop_GFF2_SLICEM_C_Q)
                                                      0.118     0.161 r  bd_0_i/hls_inst/inst/ap_CS_fsm_reg[3]/Q
                         net (fo=52, routed)          0.444     0.605    bd_0_i/hls_inst/inst/grp_spmm_stage_fu_164/spmm_store_U0/ap_done_0[0]
    SLICE_X32Y198        LUT3 (Prop_B5LUT_SLICEM_I0_O)
                                                      0.160     0.765 r  bd_0_i/hls_inst/inst/grp_spmm_stage_fu_164/spmm_store_U0/ap_ready_INST_0/O
                         net (fo=3, unset)            0.046     0.811    ap_ctrl_ready
                                                                      r  ap_ctrl_ready (OUT)
  -------------------------------------------------------------------    -------------------

Slack:                    inf
  Source:                 bd_0_i/hls_inst/inst/gmem0_m_axi_U/bus_read/rreq_burst_conv/burst_sequential/could_multi_bursts.burst_addr_base_reg[22]/C
                            (rising edge-triggered cell FDRE clocked by ap_clk  {rise@0.000ns fall@5.000ns period=10.000ns})
  Destination:            m_axi_gmem0_araddr[34]
                            (output port)
  Path Group:             (none)
  Path Type:              Max at Slow Process Corner
  Data Path Delay:        0.118ns  (logic 0.118ns (100.000%)  route 0.000ns (0.000%))
  Logic Levels:           0  
  Clock Uncertainty:      0.025ns  ((TSJ^2 + TIJ^2)^1/2 + DJ) / 2 + PE
    Total System Jitter     (TSJ):    0.050ns
    Total Input Jitter      (TIJ):    0.000ns
    Discrete Jitter          (DJ):    0.000ns
    Phase Error              (PE):    0.000ns

    Location             Delay type                Incr(ns)  Path(ns)    Netlist Resource(s)
  -------------------------------------------------------------------    -------------------
                         (clock ap_clk rise edge)     0.000     0.000 r  
                                                      0.000     0.000 r  ap_clk (IN)
                         net (fo=60030, unset)        0.043     0.043    bd_0_i/hls_inst/inst/gmem0_m_axi_U/bus_read/rreq_burst_conv/burst_sequential/ap_clk
    SLICE_X58Y185        FDRE                                         r  bd_0_i/hls_inst/inst/gmem0_m_axi_U/bus_read/rreq_burst_conv/burst_sequential/could_multi_bursts.burst_addr_base_reg[22]/C
  -------------------------------------------------------------------    -------------------
    SLICE_X58Y185        FDRE (Prop_GFF2_SLICEM_C_Q)
                                                      0.118     0.161 r  bd_0_i/hls_inst/inst/gmem0_m_axi_U/bus_read/rreq_burst_conv/burst_sequential/could_multi_bursts.burst_addr_base_reg[22]/Q
                         net (fo=0)                   0.000     0.161    m_axi_gmem0_araddr[34]
                                                                      r  m_axi_gmem0_araddr[34] (OUT)
  -------------------------------------------------------------------    -------------------

Slack:                    inf
  Source:                 bd_0_i/hls_inst/inst/gmem0_m_axi_U/bus_read/rreq_burst_conv/burst_sequential/could_multi_bursts.burst_addr_base_reg[27]/C
                            (rising edge-triggered cell FDRE clocked by ap_clk  {rise@0.000ns fall@5.000ns period=10.000ns})
  Destination:            m_axi_gmem0_araddr[39]
                            (output port)
  Path Group:             (none)
  Path Type:              Max at Slow Process Corner
  Data Path Delay:        0.118ns  (logic 0.118ns (100.000%)  route 0.000ns (0.000%))
  Logic Levels:           0  
  Clock Uncertainty:      0.025ns  ((TSJ^2 + TIJ^2)^1/2 + DJ) / 2 + PE
    Total System Jitter     (TSJ):    0.050ns
    Total Input Jitter      (TIJ):    0.000ns
    Discrete Jitter          (DJ):    0.000ns
    Phase Error              (PE):    0.000ns

    Location             Delay type                Incr(ns)  Path(ns)    Netlist Resource(s)
  -------------------------------------------------------------------    -------------------
                         (clock ap_clk rise edge)     0.000     0.000 r  
                                                      0.000     0.000 r  ap_clk (IN)
                         net (fo=60030, unset)        0.043     0.043    bd_0_i/hls_inst/inst/gmem0_m_axi_U/bus_read/rreq_burst_conv/burst_sequential/ap_clk
    SLICE_X58Y185        FDRE                                         r  bd_0_i/hls_inst/inst/gmem0_m_axi_U/bus_read/rreq_burst_conv/burst_sequential/could_multi_bursts.burst_addr_base_reg[27]/C
  -------------------------------------------------------------------    -------------------
    SLICE_X58Y185        FDRE (Prop_EFF2_SLICEM_C_Q)
                                                      0.118     0.161 r  bd_0_i/hls_inst/inst/gmem0_m_axi_U/bus_read/rreq_burst_conv/burst_sequential/could_multi_bursts.burst_addr_base_reg[27]/Q
                         net (fo=0)                   0.000     0.161    m_axi_gmem0_araddr[39]
                                                                      r  m_axi_gmem0_araddr[39] (OUT)
  -------------------------------------------------------------------    -------------------

Slack:                    inf
  Source:                 bd_0_i/hls_inst/inst/gmem0_m_axi_U/bus_read/rreq_burst_conv/burst_sequential/could_multi_bursts.burst_addr_base_reg[33]/C
                            (rising edge-triggered cell FDRE clocked by ap_clk  {rise@0.000ns fall@5.000ns period=10.000ns})
  Destination:            m_axi_gmem0_araddr[45]
                            (output port)
  Path Group:             (none)
  Path Type:              Max at Slow Process Corner
  Data Path Delay:        0.118ns  (logic 0.118ns (100.000%)  route 0.000ns (0.000%))
  Logic Levels:           0  
  Clock Uncertainty:      0.025ns  ((TSJ^2 + TIJ^2)^1/2 + DJ) / 2 + PE
    Total System Jitter     (TSJ):    0.050ns
    Total Input Jitter      (TIJ):    0.000ns
    Discrete Jitter          (DJ):    0.000ns
    Phase Error              (PE):    0.000ns

    Location             Delay type                Incr(ns)  Path(ns)    Netlist Resource(s)
  -------------------------------------------------------------------    -------------------
                         (clock ap_clk rise edge)     0.000     0.000 r  
                                                      0.000     0.000 r  ap_clk (IN)
                         net (fo=60030, unset)        0.043     0.043    bd_0_i/hls_inst/inst/gmem0_m_axi_U/bus_read/rreq_burst_conv/burst_sequential/ap_clk
    SLICE_X58Y188        FDRE                                         r  bd_0_i/hls_inst/inst/gmem0_m_axi_U/bus_read/rreq_burst_conv/burst_sequential/could_multi_bursts.burst_addr_base_reg[33]/C
  -------------------------------------------------------------------    -------------------
    SLICE_X58Y188        FDRE (Prop_GFF2_SLICEM_C_Q)
                                                      0.118     0.161 r  bd_0_i/hls_inst/inst/gmem0_m_axi_U/bus_read/rreq_burst_conv/burst_sequential/could_multi_bursts.burst_addr_base_reg[33]/Q
                         net (fo=0)                   0.000     0.161    m_axi_gmem0_araddr[45]
                                                                      r  m_axi_gmem0_araddr[45] (OUT)
  -------------------------------------------------------------------    -------------------

Slack:                    inf
  Source:                 bd_0_i/hls_inst/inst/gmem0_m_axi_U/bus_read/rreq_burst_conv/burst_sequential/could_multi_bursts.burst_addr_base_reg[36]/C
                            (rising edge-triggered cell FDRE clocked by ap_clk  {rise@0.000ns fall@5.000ns period=10.000ns})
  Destination:            m_axi_gmem0_araddr[48]
                            (output port)
  Path Group:             (none)
  Path Type:              Max at Slow Process Corner
  Data Path Delay:        0.118ns  (logic 0.118ns (100.000%)  route 0.000ns (0.000%))
  Logic Levels:           0  
  Clock Uncertainty:      0.025ns  ((TSJ^2 + TIJ^2)^1/2 + DJ) / 2 + PE
    Total System Jitter     (TSJ):    0.050ns
    Total Input Jitter      (TIJ):    0.000ns
    Discrete Jitter          (DJ):    0.000ns
    Phase Error              (PE):    0.000ns

    Location             Delay type                Incr(ns)  Path(ns)    Netlist Resource(s)
  -------------------------------------------------------------------    -------------------
                         (clock ap_clk rise edge)     0.000     0.000 r  
                                                      0.000     0.000 r  ap_clk (IN)
                         net (fo=60030, unset)        0.043     0.043    bd_0_i/hls_inst/inst/gmem0_m_axi_U/bus_read/rreq_burst_conv/burst_sequential/ap_clk
    SLICE_X58Y188        FDRE                                         r  bd_0_i/hls_inst/inst/gmem0_m_axi_U/bus_read/rreq_burst_conv/burst_sequential/could_multi_bursts.burst_addr_base_reg[36]/C
  -------------------------------------------------------------------    -------------------
    SLICE_X58Y188        FDRE (Prop_EFF2_SLICEM_C_Q)
                                                      0.118     0.161 r  bd_0_i/hls_inst/inst/gmem0_m_axi_U/bus_read/rreq_burst_conv/burst_sequential/could_multi_bursts.burst_addr_base_reg[36]/Q
                         net (fo=0)                   0.000     0.161    m_axi_gmem0_araddr[48]
                                                                      r  m_axi_gmem0_araddr[48] (OUT)
  -------------------------------------------------------------------    -------------------

Slack:                    inf
  Source:                 bd_0_i/hls_inst/inst/gmem0_m_axi_U/bus_read/rreq_burst_conv/burst_sequential/could_multi_bursts.burst_addr_base_reg[40]/C
                            (rising edge-triggered cell FDRE clocked by ap_clk  {rise@0.000ns fall@5.000ns period=10.000ns})
  Destination:            m_axi_gmem0_araddr[52]
                            (output port)
  Path Group:             (none)
  Path Type:              Max at Slow Process Corner
  Data Path Delay:        0.118ns  (logic 0.118ns (100.000%)  route 0.000ns (0.000%))
  Logic Levels:           0  
  Clock Uncertainty:      0.025ns  ((TSJ^2 + TIJ^2)^1/2 + DJ) / 2 + PE
    Total System Jitter     (TSJ):    0.050ns
    Total Input Jitter      (TIJ):    0.000ns
    Discrete Jitter          (DJ):    0.000ns
    Phase Error              (PE):    0.000ns

    Location             Delay type                Incr(ns)  Path(ns)    Netlist Resource(s)
  -------------------------------------------------------------------    -------------------
                         (clock ap_clk rise edge)     0.000     0.000 r  
                                                      0.000     0.000 r  ap_clk (IN)
                         net (fo=60030, unset)        0.043     0.043    bd_0_i/hls_inst/inst/gmem0_m_axi_U/bus_read/rreq_burst_conv/burst_sequential/ap_clk
    SLICE_X58Y187        FDRE                                         r  bd_0_i/hls_inst/inst/gmem0_m_axi_U/bus_read/rreq_burst_conv/burst_sequential/could_multi_bursts.burst_addr_base_reg[40]/C
  -------------------------------------------------------------------    -------------------
    SLICE_X58Y187        FDRE (Prop_AFF2_SLICEM_C_Q)
                                                      0.118     0.161 r  bd_0_i/hls_inst/inst/gmem0_m_axi_U/bus_read/rreq_burst_conv/burst_sequential/could_multi_bursts.burst_addr_base_reg[40]/Q
                         net (fo=0)                   0.000     0.161    m_axi_gmem0_araddr[52]
                                                                      r  m_axi_gmem0_araddr[52] (OUT)
  -------------------------------------------------------------------    -------------------

Slack:                    inf
  Source:                 bd_0_i/hls_inst/inst/gmem0_m_axi_U/bus_read/rreq_burst_conv/burst_sequential/could_multi_bursts.burst_addr_base_reg[43]/C
                            (rising edge-triggered cell FDRE clocked by ap_clk  {rise@0.000ns fall@5.000ns period=10.000ns})
  Destination:            m_axi_gmem0_araddr[55]
                            (output port)
  Path Group:             (none)
  Path Type:              Max at Slow Process Corner
  Data Path Delay:        0.118ns  (logic 0.118ns (100.000%)  route 0.000ns (0.000%))
  Logic Levels:           0  
  Clock Uncertainty:      0.025ns  ((TSJ^2 + TIJ^2)^1/2 + DJ) / 2 + PE
    Total System Jitter     (TSJ):    0.050ns
    Total Input Jitter      (TIJ):    0.000ns
    Discrete Jitter          (DJ):    0.000ns
    Phase Error              (PE):    0.000ns

    Location             Delay type                Incr(ns)  Path(ns)    Netlist Resource(s)
  -------------------------------------------------------------------    -------------------
                         (clock ap_clk rise edge)     0.000     0.000 r  
                                                      0.000     0.000 r  ap_clk (IN)
                         net (fo=60030, unset)        0.043     0.043    bd_0_i/hls_inst/inst/gmem0_m_axi_U/bus_read/rreq_burst_conv/burst_sequential/ap_clk
    SLICE_X58Y193        FDRE                                         r  bd_0_i/hls_inst/inst/gmem0_m_axi_U/bus_read/rreq_burst_conv/burst_sequential/could_multi_bursts.burst_addr_base_reg[43]/C
  -------------------------------------------------------------------    -------------------
    SLICE_X58Y193        FDRE (Prop_GFF2_SLICEM_C_Q)
                                                      0.118     0.161 r  bd_0_i/hls_inst/inst/gmem0_m_axi_U/bus_read/rreq_burst_conv/burst_sequential/could_multi_bursts.burst_addr_base_reg[43]/Q
                         net (fo=0)                   0.000     0.161    m_axi_gmem0_araddr[55]
                                                                      r  m_axi_gmem0_araddr[55] (OUT)
  -------------------------------------------------------------------    -------------------

Slack:                    inf
  Source:                 bd_0_i/hls_inst/inst/gmem0_m_axi_U/bus_read/rreq_burst_conv/burst_sequential/could_multi_bursts.burst_addr_base_reg[50]/C
                            (rising edge-triggered cell FDRE clocked by ap_clk  {rise@0.000ns fall@5.000ns period=10.000ns})
  Destination:            m_axi_gmem0_araddr[62]
                            (output port)
  Path Group:             (none)
  Path Type:              Max at Slow Process Corner
  Data Path Delay:        0.118ns  (logic 0.118ns (100.000%)  route 0.000ns (0.000%))
  Logic Levels:           0  
  Clock Uncertainty:      0.025ns  ((TSJ^2 + TIJ^2)^1/2 + DJ) / 2 + PE
    Total System Jitter     (TSJ):    0.050ns
    Total Input Jitter      (TIJ):    0.000ns
    Discrete Jitter          (DJ):    0.000ns
    Phase Error              (PE):    0.000ns

    Location             Delay type                Incr(ns)  Path(ns)    Netlist Resource(s)
  -------------------------------------------------------------------    -------------------
                         (clock ap_clk rise edge)     0.000     0.000 r  
                                                      0.000     0.000 r  ap_clk (IN)
                         net (fo=60030, unset)        0.043     0.043    bd_0_i/hls_inst/inst/gmem0_m_axi_U/bus_read/rreq_burst_conv/burst_sequential/ap_clk
    SLICE_X58Y193        FDRE                                         r  bd_0_i/hls_inst/inst/gmem0_m_axi_U/bus_read/rreq_burst_conv/burst_sequential/could_multi_bursts.burst_addr_base_reg[50]/C
  -------------------------------------------------------------------    -------------------
    SLICE_X58Y193        FDRE (Prop_EFF2_SLICEM_C_Q)
                                                      0.118     0.161 r  bd_0_i/hls_inst/inst/gmem0_m_axi_U/bus_read/rreq_burst_conv/burst_sequential/could_multi_bursts.burst_addr_base_reg[50]/Q
                         net (fo=0)                   0.000     0.161    m_axi_gmem0_araddr[62]
                                                                      r  m_axi_gmem0_araddr[62] (OUT)
  -------------------------------------------------------------------    -------------------





Min Delay Paths
--------------------------------------------------------------------------------------
Slack:                    inf
  Source:                 bd_0_i/hls_inst/inst/gmem0_m_axi_U/bus_read/rreq_burst_conv/burst_sequential/could_multi_bursts.burst_addr_base_reg[47]/C
                            (rising edge-triggered cell FDRE clocked by ap_clk  {rise@0.000ns fall@5.000ns period=10.000ns})
  Destination:            m_axi_gmem0_araddr[59]
                            (output port)
  Path Group:             (none)
  Path Type:              Min at Fast Process Corner
  Data Path Delay:        0.082ns  (logic 0.082ns (100.000%)  route 0.000ns (0.000%))
  Logic Levels:           0  
  Clock Uncertainty:      0.025ns  ((TSJ^2 + TIJ^2)^1/2 + DJ) / 2 + PE
    Total System Jitter     (TSJ):    0.050ns
    Total Input Jitter      (TIJ):    0.000ns
    Discrete Jitter          (DJ):    0.000ns
    Phase Error              (PE):    0.000ns

    Location             Delay type                Incr(ns)  Path(ns)    Netlist Resource(s)
  -------------------------------------------------------------------    -------------------
                         (clock ap_clk rise edge)     0.000     0.000 r  
                                                      0.000     0.000 r  ap_clk (IN)
                         net (fo=60030, unset)        0.014     0.014    bd_0_i/hls_inst/inst/gmem0_m_axi_U/bus_read/rreq_burst_conv/burst_sequential/ap_clk
    SLICE_X58Y191        FDRE                                         r  bd_0_i/hls_inst/inst/gmem0_m_axi_U/bus_read/rreq_burst_conv/burst_sequential/could_multi_bursts.burst_addr_base_reg[47]/C
  -------------------------------------------------------------------    -------------------
    SLICE_X58Y191        FDRE (Prop_FFF_SLICEM_C_Q)
                                                      0.082     0.096 r  bd_0_i/hls_inst/inst/gmem0_m_axi_U/bus_read/rreq_burst_conv/burst_sequential/could_multi_bursts.burst_addr_base_reg[47]/Q
                         net (fo=0)                   0.000     0.096    m_axi_gmem0_araddr[59]
                                                                      r  m_axi_gmem0_araddr[59] (OUT)
  -------------------------------------------------------------------    -------------------

Slack:                    inf
  Source:                 bd_0_i/hls_inst/inst/gmem0_m_axi_U/bus_read/rreq_burst_conv/burst_sequential/could_multi_bursts.burst_addr_base_reg[51]/C
                            (rising edge-triggered cell FDRE clocked by ap_clk  {rise@0.000ns fall@5.000ns period=10.000ns})
  Destination:            m_axi_gmem0_araddr[63]
                            (output port)
  Path Group:             (none)
  Path Type:              Min at Fast Process Corner
  Data Path Delay:        0.082ns  (logic 0.082ns (100.000%)  route 0.000ns (0.000%))
  Logic Levels:           0  
  Clock Uncertainty:      0.025ns  ((TSJ^2 + TIJ^2)^1/2 + DJ) / 2 + PE
    Total System Jitter     (TSJ):    0.050ns
    Total Input Jitter      (TIJ):    0.000ns
    Discrete Jitter          (DJ):    0.000ns
    Phase Error              (PE):    0.000ns

    Location             Delay type                Incr(ns)  Path(ns)    Netlist Resource(s)
  -------------------------------------------------------------------    -------------------
                         (clock ap_clk rise edge)     0.000     0.000 r  
                                                      0.000     0.000 r  ap_clk (IN)
                         net (fo=60030, unset)        0.014     0.014    bd_0_i/hls_inst/inst/gmem0_m_axi_U/bus_read/rreq_burst_conv/burst_sequential/ap_clk
    SLICE_X58Y191        FDRE                                         r  bd_0_i/hls_inst/inst/gmem0_m_axi_U/bus_read/rreq_burst_conv/burst_sequential/could_multi_bursts.burst_addr_base_reg[51]/C
  -------------------------------------------------------------------    -------------------
    SLICE_X58Y191        FDRE (Prop_EFF_SLICEM_C_Q)
                                                      0.082     0.096 r  bd_0_i/hls_inst/inst/gmem0_m_axi_U/bus_read/rreq_burst_conv/burst_sequential/could_multi_bursts.burst_addr_base_reg[51]/Q
                         net (fo=0)                   0.000     0.096    m_axi_gmem0_araddr[63]
                                                                      r  m_axi_gmem0_araddr[63] (OUT)
  -------------------------------------------------------------------    -------------------

Slack:                    inf
  Source:                 bd_0_i/hls_inst/inst/gmem1_m_axi_U/bus_read/rreq_burst_conv/burst_sequential/could_multi_bursts.burst_addr_base_reg[49]/C
                            (rising edge-triggered cell FDRE clocked by ap_clk  {rise@0.000ns fall@5.000ns period=10.000ns})
  Destination:            m_axi_gmem1_araddr[61]
                            (output port)
  Path Group:             (none)
  Path Type:              Min at Fast Process Corner
  Data Path Delay:        0.082ns  (logic 0.082ns (100.000%)  route 0.000ns (0.000%))
  Logic Levels:           0  
  Clock Uncertainty:      0.025ns  ((TSJ^2 + TIJ^2)^1/2 + DJ) / 2 + PE
    Total System Jitter     (TSJ):    0.050ns
    Total Input Jitter      (TIJ):    0.000ns
    Discrete Jitter          (DJ):    0.000ns
    Phase Error              (PE):    0.000ns

    Location             Delay type                Incr(ns)  Path(ns)    Netlist Resource(s)
  -------------------------------------------------------------------    -------------------
                         (clock ap_clk rise edge)     0.000     0.000 r  
                                                      0.000     0.000 r  ap_clk (IN)
                         net (fo=60030, unset)        0.014     0.014    bd_0_i/hls_inst/inst/gmem1_m_axi_U/bus_read/rreq_burst_conv/burst_sequential/ap_clk
    SLICE_X53Y208        FDRE                                         r  bd_0_i/hls_inst/inst/gmem1_m_axi_U/bus_read/rreq_burst_conv/burst_sequential/could_multi_bursts.burst_addr_base_reg[49]/C
  -------------------------------------------------------------------    -------------------
    SLICE_X53Y208        FDRE (Prop_FFF_SLICEM_C_Q)
                                                      0.082     0.096 r  bd_0_i/hls_inst/inst/gmem1_m_axi_U/bus_read/rreq_burst_conv/burst_sequential/could_multi_bursts.burst_addr_base_reg[49]/Q
                         net (fo=0)                   0.000     0.096    m_axi_gmem1_araddr[61]
                                                                      r  m_axi_gmem1_araddr[61] (OUT)
  -------------------------------------------------------------------    -------------------

Slack:                    inf
  Source:                 bd_0_i/hls_inst/inst/gmem1_m_axi_U/bus_read/rreq_burst_conv/burst_sequential/could_multi_bursts.burst_addr_base_reg[50]/C
                            (rising edge-triggered cell FDRE clocked by ap_clk  {rise@0.000ns fall@5.000ns period=10.000ns})
  Destination:            m_axi_gmem1_araddr[62]
                            (output port)
  Path Group:             (none)
  Path Type:              Min at Fast Process Corner
  Data Path Delay:        0.082ns  (logic 0.082ns (100.000%)  route 0.000ns (0.000%))
  Logic Levels:           0  
  Clock Uncertainty:      0.025ns  ((TSJ^2 + TIJ^2)^1/2 + DJ) / 2 + PE
    Total System Jitter     (TSJ):    0.050ns
    Total Input Jitter      (TIJ):    0.000ns
    Discrete Jitter          (DJ):    0.000ns
    Phase Error              (PE):    0.000ns

    Location             Delay type                Incr(ns)  Path(ns)    Netlist Resource(s)
  -------------------------------------------------------------------    -------------------
                         (clock ap_clk rise edge)     0.000     0.000 r  
                                                      0.000     0.000 r  ap_clk (IN)
                         net (fo=60030, unset)        0.014     0.014    bd_0_i/hls_inst/inst/gmem1_m_axi_U/bus_read/rreq_burst_conv/burst_sequential/ap_clk
    SLICE_X53Y208        FDRE                                         r  bd_0_i/hls_inst/inst/gmem1_m_axi_U/bus_read/rreq_burst_conv/burst_sequential/could_multi_bursts.burst_addr_base_reg[50]/C
  -------------------------------------------------------------------    -------------------
    SLICE_X53Y208        FDRE (Prop_EFF_SLICEM_C_Q)
                                                      0.082     0.096 r  bd_0_i/hls_inst/inst/gmem1_m_axi_U/bus_read/rreq_burst_conv/burst_sequential/could_multi_bursts.burst_addr_base_reg[50]/Q
                         net (fo=0)                   0.000     0.096    m_axi_gmem1_araddr[62]
                                                                      r  m_axi_gmem1_araddr[62] (OUT)
  -------------------------------------------------------------------    -------------------

Slack:                    inf
  Source:                 bd_0_i/hls_inst/inst/gmem2_m_axi_U/bus_read/rreq_burst_conv/burst_sequential/could_multi_bursts.burst_addr_reg[6]/C
                            (rising edge-triggered cell FDRE clocked by ap_clk  {rise@0.000ns fall@5.000ns period=10.000ns})
  Destination:            m_axi_gmem2_araddr[6]
                            (output port)
  Path Group:             (none)
  Path Type:              Min at Fast Process Corner
  Data Path Delay:        0.082ns  (logic 0.082ns (100.000%)  route 0.000ns (0.000%))
  Logic Levels:           0  
  Clock Uncertainty:      0.025ns  ((TSJ^2 + TIJ^2)^1/2 + DJ) / 2 + PE
    Total System Jitter     (TSJ):    0.050ns
    Total Input Jitter      (TIJ):    0.000ns
    Discrete Jitter          (DJ):    0.000ns
    Phase Error              (PE):    0.000ns

    Location             Delay type                Incr(ns)  Path(ns)    Netlist Resource(s)
  -------------------------------------------------------------------    -------------------
                         (clock ap_clk rise edge)     0.000     0.000 r  
                                                      0.000     0.000 r  ap_clk (IN)
                         net (fo=60030, unset)        0.014     0.014    bd_0_i/hls_inst/inst/gmem2_m_axi_U/bus_read/rreq_burst_conv/burst_sequential/ap_clk
    SLICE_X34Y172        FDRE                                         r  bd_0_i/hls_inst/inst/gmem2_m_axi_U/bus_read/rreq_burst_conv/burst_sequential/could_multi_bursts.burst_addr_reg[6]/C
  -------------------------------------------------------------------    -------------------
    SLICE_X34Y172        FDRE (Prop_EFF_SLICEM_C_Q)
                                                      0.082     0.096 r  bd_0_i/hls_inst/inst/gmem2_m_axi_U/bus_read/rreq_burst_conv/burst_sequential/could_multi_bursts.burst_addr_reg[6]/Q
                         net (fo=0)                   0.000     0.096    m_axi_gmem2_araddr[6]
                                                                      r  m_axi_gmem2_araddr[6] (OUT)
  -------------------------------------------------------------------    -------------------

Slack:                    inf
  Source:                 bd_0_i/hls_inst/inst/gmem2_m_axi_U/bus_read/rreq_burst_conv/burst_sequential/could_multi_bursts.burst_addr_reg[9]/C
                            (rising edge-triggered cell FDRE clocked by ap_clk  {rise@0.000ns fall@5.000ns period=10.000ns})
  Destination:            m_axi_gmem2_araddr[9]
                            (output port)
  Path Group:             (none)
  Path Type:              Min at Fast Process Corner
  Data Path Delay:        0.082ns  (logic 0.082ns (100.000%)  route 0.000ns (0.000%))
  Logic Levels:           0  
  Clock Uncertainty:      0.025ns  ((TSJ^2 + TIJ^2)^1/2 + DJ) / 2 + PE
    Total System Jitter     (TSJ):    0.050ns
    Total Input Jitter      (TIJ):    0.000ns
    Discrete Jitter          (DJ):    0.000ns
    Phase Error              (PE):    0.000ns

    Location             Delay type                Incr(ns)  Path(ns)    Netlist Resource(s)
  -------------------------------------------------------------------    -------------------
                         (clock ap_clk rise edge)     0.000     0.000 r  
                                                      0.000     0.000 r  ap_clk (IN)
                         net (fo=60030, unset)        0.014     0.014    bd_0_i/hls_inst/inst/gmem2_m_axi_U/bus_read/rreq_burst_conv/burst_sequential/ap_clk
    SLICE_X34Y172        FDRE                                         r  bd_0_i/hls_inst/inst/gmem2_m_axi_U/bus_read/rreq_burst_conv/burst_sequential/could_multi_bursts.burst_addr_reg[9]/C
  -------------------------------------------------------------------    -------------------
    SLICE_X34Y172        FDRE (Prop_FFF_SLICEM_C_Q)
                                                      0.082     0.096 r  bd_0_i/hls_inst/inst/gmem2_m_axi_U/bus_read/rreq_burst_conv/burst_sequential/could_multi_bursts.burst_addr_reg[9]/Q
                         net (fo=0)                   0.000     0.096    m_axi_gmem2_araddr[9]
                                                                      r  m_axi_gmem2_araddr[9] (OUT)
  -------------------------------------------------------------------    -------------------

Slack:                    inf
  Source:                 bd_0_i/hls_inst/inst/gmem2_m_axi_U/bus_write/wreq_throttle/local_BUS_WDATA_reg[101]/C
                            (rising edge-triggered cell FDRE clocked by ap_clk  {rise@0.000ns fall@5.000ns period=10.000ns})
  Destination:            m_axi_gmem2_wdata[101]
                            (output port)
  Path Group:             (none)
  Path Type:              Min at Fast Process Corner
  Data Path Delay:        0.082ns  (logic 0.082ns (100.000%)  route 0.000ns (0.000%))
  Logic Levels:           0  
  Clock Uncertainty:      0.025ns  ((TSJ^2 + TIJ^2)^1/2 + DJ) / 2 + PE
    Total System Jitter     (TSJ):    0.050ns
    Total Input Jitter      (TIJ):    0.000ns
    Discrete Jitter          (DJ):    0.000ns
    Phase Error              (PE):    0.000ns

    Location             Delay type                Incr(ns)  Path(ns)    Netlist Resource(s)
  -------------------------------------------------------------------    -------------------
                         (clock ap_clk rise edge)     0.000     0.000 r  
                                                      0.000     0.000 r  ap_clk (IN)
                         net (fo=60030, unset)        0.014     0.014    bd_0_i/hls_inst/inst/gmem2_m_axi_U/bus_write/wreq_throttle/ap_clk
    SLICE_X20Y68         FDRE                                         r  bd_0_i/hls_inst/inst/gmem2_m_axi_U/bus_write/wreq_throttle/local_BUS_WDATA_reg[101]/C
  -------------------------------------------------------------------    -------------------
    SLICE_X20Y68         FDRE (Prop_EFF_SLICEM_C_Q)
                                                      0.082     0.096 r  bd_0_i/hls_inst/inst/gmem2_m_axi_U/bus_write/wreq_throttle/local_BUS_WDATA_reg[101]/Q
                         net (fo=0)                   0.000     0.096    m_axi_gmem2_wdata[101]
                                                                      r  m_axi_gmem2_wdata[101] (OUT)
  -------------------------------------------------------------------    -------------------

Slack:                    inf
  Source:                 bd_0_i/hls_inst/inst/gmem2_m_axi_U/bus_write/wreq_throttle/local_BUS_WDATA_reg[102]/C
                            (rising edge-triggered cell FDRE clocked by ap_clk  {rise@0.000ns fall@5.000ns period=10.000ns})
  Destination:            m_axi_gmem2_wdata[102]
                            (output port)
  Path Group:             (none)
  Path Type:              Min at Fast Process Corner
  Data Path Delay:        0.082ns  (logic 0.082ns (100.000%)  route 0.000ns (0.000%))
  Logic Levels:           0  
  Clock Uncertainty:      0.025ns  ((TSJ^2 + TIJ^2)^1/2 + DJ) / 2 + PE
    Total System Jitter     (TSJ):    0.050ns
    Total Input Jitter      (TIJ):    0.000ns
    Discrete Jitter          (DJ):    0.000ns
    Phase Error              (PE):    0.000ns

    Location             Delay type                Incr(ns)  Path(ns)    Netlist Resource(s)
  -------------------------------------------------------------------    -------------------
                         (clock ap_clk rise edge)     0.000     0.000 r  
                                                      0.000     0.000 r  ap_clk (IN)
                         net (fo=60030, unset)        0.014     0.014    bd_0_i/hls_inst/inst/gmem2_m_axi_U/bus_write/wreq_throttle/ap_clk
    SLICE_X20Y65         FDRE                                         r  bd_0_i/hls_inst/inst/gmem2_m_axi_U/bus_write/wreq_throttle/local_BUS_WDATA_reg[102]/C
  -------------------------------------------------------------------    -------------------
    SLICE_X20Y65         FDRE (Prop_AFF_SLICEM_C_Q)
                                                      0.082     0.096 r  bd_0_i/hls_inst/inst/gmem2_m_axi_U/bus_write/wreq_throttle/local_BUS_WDATA_reg[102]/Q
                         net (fo=0)                   0.000     0.096    m_axi_gmem2_wdata[102]
                                                                      r  m_axi_gmem2_wdata[102] (OUT)
  -------------------------------------------------------------------    -------------------

Slack:                    inf
  Source:                 bd_0_i/hls_inst/inst/gmem2_m_axi_U/bus_write/wreq_throttle/local_BUS_WDATA_reg[103]/C
                            (rising edge-triggered cell FDRE clocked by ap_clk  {rise@0.000ns fall@5.000ns period=10.000ns})
  Destination:            m_axi_gmem2_wdata[103]
                            (output port)
  Path Group:             (none)
  Path Type:              Min at Fast Process Corner
  Data Path Delay:        0.082ns  (logic 0.082ns (100.000%)  route 0.000ns (0.000%))
  Logic Levels:           0  
  Clock Uncertainty:      0.025ns  ((TSJ^2 + TIJ^2)^1/2 + DJ) / 2 + PE
    Total System Jitter     (TSJ):    0.050ns
    Total Input Jitter      (TIJ):    0.000ns
    Discrete Jitter          (DJ):    0.000ns
    Phase Error              (PE):    0.000ns

    Location             Delay type                Incr(ns)  Path(ns)    Netlist Resource(s)
  -------------------------------------------------------------------    -------------------
                         (clock ap_clk rise edge)     0.000     0.000 r  
                                                      0.000     0.000 r  ap_clk (IN)
                         net (fo=60030, unset)        0.014     0.014    bd_0_i/hls_inst/inst/gmem2_m_axi_U/bus_write/wreq_throttle/ap_clk
    SLICE_X21Y66         FDRE                                         r  bd_0_i/hls_inst/inst/gmem2_m_axi_U/bus_write/wreq_throttle/local_BUS_WDATA_reg[103]/C
  -------------------------------------------------------------------    -------------------
    SLICE_X21Y66         FDRE (Prop_AFF_SLICEM_C_Q)
                                                      0.082     0.096 r  bd_0_i/hls_inst/inst/gmem2_m_axi_U/bus_write/wreq_throttle/local_BUS_WDATA_reg[103]/Q
                         net (fo=0)                   0.000     0.096    m_axi_gmem2_wdata[103]
                                                                      r  m_axi_gmem2_wdata[103] (OUT)
  -------------------------------------------------------------------    -------------------

Slack:                    inf
  Source:                 bd_0_i/hls_inst/inst/gmem2_m_axi_U/bus_write/wreq_throttle/local_BUS_WDATA_reg[109]/C
                            (rising edge-triggered cell FDRE clocked by ap_clk  {rise@0.000ns fall@5.000ns period=10.000ns})
  Destination:            m_axi_gmem2_wdata[109]
                            (output port)
  Path Group:             (none)
  Path Type:              Min at Fast Process Corner
  Data Path Delay:        0.082ns  (logic 0.082ns (100.000%)  route 0.000ns (0.000%))
  Logic Levels:           0  
  Clock Uncertainty:      0.025ns  ((TSJ^2 + TIJ^2)^1/2 + DJ) / 2 + PE
    Total System Jitter     (TSJ):    0.050ns
    Total Input Jitter      (TIJ):    0.000ns
    Discrete Jitter          (DJ):    0.000ns
    Phase Error              (PE):    0.000ns

    Location             Delay type                Incr(ns)  Path(ns)    Netlist Resource(s)
  -------------------------------------------------------------------    -------------------
                         (clock ap_clk rise edge)     0.000     0.000 r  
                                                      0.000     0.000 r  ap_clk (IN)
                         net (fo=60030, unset)        0.014     0.014    bd_0_i/hls_inst/inst/gmem2_m_axi_U/bus_write/wreq_throttle/ap_clk
    SLICE_X20Y68         FDRE                                         r  bd_0_i/hls_inst/inst/gmem2_m_axi_U/bus_write/wreq_throttle/local_BUS_WDATA_reg[109]/C
  -------------------------------------------------------------------    -------------------
    SLICE_X20Y68         FDRE (Prop_FFF_SLICEM_C_Q)
                                                      0.082     0.096 r  bd_0_i/hls_inst/inst/gmem2_m_axi_U/bus_write/wreq_throttle/local_BUS_WDATA_reg[109]/Q
                         net (fo=0)                   0.000     0.096    m_axi_gmem2_wdata[109]
                                                                      r  m_axi_gmem2_wdata[109] (OUT)
  -------------------------------------------------------------------    -------------------





--------------------------------------------------------------------------------------
Path Group:  (none)
From Clock:  
  To Clock:  ap_clk

Max Delay         13581 Endpoints
Min Delay         13581 Endpoints
--------------------------------------------------------------------------------------


Max Delay Paths
--------------------------------------------------------------------------------------
Slack:                    inf
  Source:                 m_axi_gmem2_wready
                            (input port)
  Destination:            bd_0_i/hls_inst/inst/gmem2_m_axi_U/bus_write/wreq_throttle/local_BUS_WDATA_reg[80]/CE
                            (rising edge-triggered cell FDRE clocked by ap_clk  {rise@0.000ns fall@5.000ns period=10.000ns})
  Path Group:             (none)
  Path Type:              Setup (Max at Slow Process Corner)
  Data Path Delay:        7.298ns  (logic 0.373ns (5.111%)  route 6.925ns (94.889%))
  Logic Levels:           2  (LUT2=1 LUT6=1)
  Clock Path Skew:        0.031ns (DCD - SCD + CPR)
    Destination Clock Delay (DCD):    0.031ns
    Source Clock Delay      (SCD):    0.000ns
    Clock Pessimism Removal (CPR):    0.000ns
  Clock Uncertainty:      0.025ns  ((TSJ^2 + TIJ^2)^1/2 + DJ) / 2 + PE
    Total System Jitter     (TSJ):    0.050ns
    Total Input Jitter      (TIJ):    0.000ns
    Discrete Jitter          (DJ):    0.000ns
    Phase Error              (PE):    0.000ns

    Location             Delay type                Incr(ns)  Path(ns)    Netlist Resource(s)
  -------------------------------------------------------------------    -------------------
                                                      0.000     0.000 r  m_axi_gmem2_wready (IN)
                         net (fo=3, unset)            0.000     0.000    bd_0_i/hls_inst/inst/gmem2_m_axi_U/bus_write/wreq_throttle/rs_req/m_axi_gmem2_WREADY
    SLICE_X51Y174        LUT6 (Prop_H6LUT_SLICEL_I1_O)
                                                      0.188     0.188 r  bd_0_i/hls_inst/inst/gmem2_m_axi_U/bus_write/wreq_throttle/rs_req/num_beat_cnt[7]_i_2__0/O
                         net (fo=16, routed)          0.113     0.301    bd_0_i/hls_inst/inst/gmem2_m_axi_U/bus_write/wreq_throttle/rs_req/E[0]
    SLICE_X51Y172        LUT2 (Prop_D6LUT_SLICEL_I0_O)
                                                      0.185     0.486 r  bd_0_i/hls_inst/inst/gmem2_m_axi_U/bus_write/wreq_throttle/rs_req/local_BUS_WDATA[511]_i_2__0/O
                         net (fo=576, routed)         6.812     7.298    bd_0_i/hls_inst/inst/gmem2_m_axi_U/bus_write/wreq_throttle/rs_req_n_6
    SLICE_X10Y79         FDRE                                         r  bd_0_i/hls_inst/inst/gmem2_m_axi_U/bus_write/wreq_throttle/local_BUS_WDATA_reg[80]/CE
  -------------------------------------------------------------------    -------------------

                         (clock ap_clk rise edge)     0.000     0.000 r  
                                                      0.000     0.000 r  ap_clk (IN)
                         net (fo=60030, unset)        0.031     0.031    bd_0_i/hls_inst/inst/gmem2_m_axi_U/bus_write/wreq_throttle/ap_clk
    SLICE_X10Y79         FDRE                                         r  bd_0_i/hls_inst/inst/gmem2_m_axi_U/bus_write/wreq_throttle/local_BUS_WDATA_reg[80]/C

Slack:                    inf
  Source:                 m_axi_gmem2_wready
                            (input port)
  Destination:            bd_0_i/hls_inst/inst/gmem2_m_axi_U/bus_write/wreq_throttle/local_BUS_WDATA_reg[13]/CE
                            (rising edge-triggered cell FDRE clocked by ap_clk  {rise@0.000ns fall@5.000ns period=10.000ns})
  Path Group:             (none)
  Path Type:              Setup (Max at Slow Process Corner)
  Data Path Delay:        7.249ns  (logic 0.373ns (5.145%)  route 6.876ns (94.855%))
  Logic Levels:           2  (LUT2=1 LUT6=1)
  Clock Path Skew:        0.029ns (DCD - SCD + CPR)
    Destination Clock Delay (DCD):    0.029ns
    Source Clock Delay      (SCD):    0.000ns
    Clock Pessimism Removal (CPR):    0.000ns
  Clock Uncertainty:      0.025ns  ((TSJ^2 + TIJ^2)^1/2 + DJ) / 2 + PE
    Total System Jitter     (TSJ):    0.050ns
    Total Input Jitter      (TIJ):    0.000ns
    Discrete Jitter          (DJ):    0.000ns
    Phase Error              (PE):    0.000ns

    Location             Delay type                Incr(ns)  Path(ns)    Netlist Resource(s)
  -------------------------------------------------------------------    -------------------
                                                      0.000     0.000 r  m_axi_gmem2_wready (IN)
                         net (fo=3, unset)            0.000     0.000    bd_0_i/hls_inst/inst/gmem2_m_axi_U/bus_write/wreq_throttle/rs_req/m_axi_gmem2_WREADY
    SLICE_X51Y174        LUT6 (Prop_H6LUT_SLICEL_I1_O)
                                                      0.188     0.188 r  bd_0_i/hls_inst/inst/gmem2_m_axi_U/bus_write/wreq_throttle/rs_req/num_beat_cnt[7]_i_2__0/O
                         net (fo=16, routed)          0.113     0.301    bd_0_i/hls_inst/inst/gmem2_m_axi_U/bus_write/wreq_throttle/rs_req/E[0]
    SLICE_X51Y172        LUT2 (Prop_D6LUT_SLICEL_I0_O)
                                                      0.185     0.486 r  bd_0_i/hls_inst/inst/gmem2_m_axi_U/bus_write/wreq_throttle/rs_req/local_BUS_WDATA[511]_i_2__0/O
                         net (fo=576, routed)         6.763     7.249    bd_0_i/hls_inst/inst/gmem2_m_axi_U/bus_write/wreq_throttle/rs_req_n_6
    SLICE_X14Y78         FDRE                                         r  bd_0_i/hls_inst/inst/gmem2_m_axi_U/bus_write/wreq_throttle/local_BUS_WDATA_reg[13]/CE
  -------------------------------------------------------------------    -------------------

                         (clock ap_clk rise edge)     0.000     0.000 r  
                                                      0.000     0.000 r  ap_clk (IN)
                         net (fo=60030, unset)        0.029     0.029    bd_0_i/hls_inst/inst/gmem2_m_axi_U/bus_write/wreq_throttle/ap_clk
    SLICE_X14Y78         FDRE                                         r  bd_0_i/hls_inst/inst/gmem2_m_axi_U/bus_write/wreq_throttle/local_BUS_WDATA_reg[13]/C

Slack:                    inf
  Source:                 m_axi_gmem2_wready
                            (input port)
  Destination:            bd_0_i/hls_inst/inst/gmem2_m_axi_U/bus_write/wreq_throttle/local_BUS_WDATA_reg[5]/CE
                            (rising edge-triggered cell FDRE clocked by ap_clk  {rise@0.000ns fall@5.000ns period=10.000ns})
  Path Group:             (none)
  Path Type:              Setup (Max at Slow Process Corner)
  Data Path Delay:        7.249ns  (logic 0.373ns (5.145%)  route 6.876ns (94.855%))
  Logic Levels:           2  (LUT2=1 LUT6=1)
  Clock Path Skew:        0.029ns (DCD - SCD + CPR)
    Destination Clock Delay (DCD):    0.029ns
    Source Clock Delay      (SCD):    0.000ns
    Clock Pessimism Removal (CPR):    0.000ns
  Clock Uncertainty:      0.025ns  ((TSJ^2 + TIJ^2)^1/2 + DJ) / 2 + PE
    Total System Jitter     (TSJ):    0.050ns
    Total Input Jitter      (TIJ):    0.000ns
    Discrete Jitter          (DJ):    0.000ns
    Phase Error              (PE):    0.000ns

    Location             Delay type                Incr(ns)  Path(ns)    Netlist Resource(s)
  -------------------------------------------------------------------    -------------------
                                                      0.000     0.000 r  m_axi_gmem2_wready (IN)
                         net (fo=3, unset)            0.000     0.000    bd_0_i/hls_inst/inst/gmem2_m_axi_U/bus_write/wreq_throttle/rs_req/m_axi_gmem2_WREADY
    SLICE_X51Y174        LUT6 (Prop_H6LUT_SLICEL_I1_O)
                                                      0.188     0.188 r  bd_0_i/hls_inst/inst/gmem2_m_axi_U/bus_write/wreq_throttle/rs_req/num_beat_cnt[7]_i_2__0/O
                         net (fo=16, routed)          0.113     0.301    bd_0_i/hls_inst/inst/gmem2_m_axi_U/bus_write/wreq_throttle/rs_req/E[0]
    SLICE_X51Y172        LUT2 (Prop_D6LUT_SLICEL_I0_O)
                                                      0.185     0.486 r  bd_0_i/hls_inst/inst/gmem2_m_axi_U/bus_write/wreq_throttle/rs_req/local_BUS_WDATA[511]_i_2__0/O
                         net (fo=576, routed)         6.763     7.249    bd_0_i/hls_inst/inst/gmem2_m_axi_U/bus_write/wreq_throttle/rs_req_n_6
    SLICE_X14Y78         FDRE                                         r  bd_0_i/hls_inst/inst/gmem2_m_axi_U/bus_write/wreq_throttle/local_BUS_WDATA_reg[5]/CE
  -------------------------------------------------------------------    -------------------

                         (clock ap_clk rise edge)     0.000     0.000 r  
                                                      0.000     0.000 r  ap_clk (IN)
                         net (fo=60030, unset)        0.029     0.029    bd_0_i/hls_inst/inst/gmem2_m_axi_U/bus_write/wreq_throttle/ap_clk
    SLICE_X14Y78         FDRE                                         r  bd_0_i/hls_inst/inst/gmem2_m_axi_U/bus_write/wreq_throttle/local_BUS_WDATA_reg[5]/C

Slack:                    inf
  Source:                 m_axi_gmem2_wready
                            (input port)
  Destination:            bd_0_i/hls_inst/inst/gmem2_m_axi_U/bus_write/wreq_throttle/local_BUS_WDATA_reg[65]/CE
                            (rising edge-triggered cell FDRE clocked by ap_clk  {rise@0.000ns fall@5.000ns period=10.000ns})
  Path Group:             (none)
  Path Type:              Setup (Max at Slow Process Corner)
  Data Path Delay:        7.249ns  (logic 0.373ns (5.145%)  route 6.876ns (94.855%))
  Logic Levels:           2  (LUT2=1 LUT6=1)
  Clock Path Skew:        0.029ns (DCD - SCD + CPR)
    Destination Clock Delay (DCD):    0.029ns
    Source Clock Delay      (SCD):    0.000ns
    Clock Pessimism Removal (CPR):    0.000ns
  Clock Uncertainty:      0.025ns  ((TSJ^2 + TIJ^2)^1/2 + DJ) / 2 + PE
    Total System Jitter     (TSJ):    0.050ns
    Total Input Jitter      (TIJ):    0.000ns
    Discrete Jitter          (DJ):    0.000ns
    Phase Error              (PE):    0.000ns

    Location             Delay type                Incr(ns)  Path(ns)    Netlist Resource(s)
  -------------------------------------------------------------------    -------------------
                                                      0.000     0.000 r  m_axi_gmem2_wready (IN)
                         net (fo=3, unset)            0.000     0.000    bd_0_i/hls_inst/inst/gmem2_m_axi_U/bus_write/wreq_throttle/rs_req/m_axi_gmem2_WREADY
    SLICE_X51Y174        LUT6 (Prop_H6LUT_SLICEL_I1_O)
                                                      0.188     0.188 r  bd_0_i/hls_inst/inst/gmem2_m_axi_U/bus_write/wreq_throttle/rs_req/num_beat_cnt[7]_i_2__0/O
                         net (fo=16, routed)          0.113     0.301    bd_0_i/hls_inst/inst/gmem2_m_axi_U/bus_write/wreq_throttle/rs_req/E[0]
    SLICE_X51Y172        LUT2 (Prop_D6LUT_SLICEL_I0_O)
                                                      0.185     0.486 r  bd_0_i/hls_inst/inst/gmem2_m_axi_U/bus_write/wreq_throttle/rs_req/local_BUS_WDATA[511]_i_2__0/O
                         net (fo=576, routed)         6.763     7.249    bd_0_i/hls_inst/inst/gmem2_m_axi_U/bus_write/wreq_throttle/rs_req_n_6
    SLICE_X14Y78         FDRE                                         r  bd_0_i/hls_inst/inst/gmem2_m_axi_U/bus_write/wreq_throttle/local_BUS_WDATA_reg[65]/CE
  -------------------------------------------------------------------    -------------------

                         (clock ap_clk rise edge)     0.000     0.000 r  
                                                      0.000     0.000 r  ap_clk (IN)
                         net (fo=60030, unset)        0.029     0.029    bd_0_i/hls_inst/inst/gmem2_m_axi_U/bus_write/wreq_throttle/ap_clk
    SLICE_X14Y78         FDRE                                         r  bd_0_i/hls_inst/inst/gmem2_m_axi_U/bus_write/wreq_throttle/local_BUS_WDATA_reg[65]/C

Slack:                    inf
  Source:                 m_axi_gmem2_wready
                            (input port)
  Destination:            bd_0_i/hls_inst/inst/gmem2_m_axi_U/bus_write/wreq_throttle/local_BUS_WDATA_reg[69]/CE
                            (rising edge-triggered cell FDRE clocked by ap_clk  {rise@0.000ns fall@5.000ns period=10.000ns})
  Path Group:             (none)
  Path Type:              Setup (Max at Slow Process Corner)
  Data Path Delay:        7.249ns  (logic 0.373ns (5.145%)  route 6.876ns (94.855%))
  Logic Levels:           2  (LUT2=1 LUT6=1)
  Clock Path Skew:        0.029ns (DCD - SCD + CPR)
    Destination Clock Delay (DCD):    0.029ns
    Source Clock Delay      (SCD):    0.000ns
    Clock Pessimism Removal (CPR):    0.000ns
  Clock Uncertainty:      0.025ns  ((TSJ^2 + TIJ^2)^1/2 + DJ) / 2 + PE
    Total System Jitter     (TSJ):    0.050ns
    Total Input Jitter      (TIJ):    0.000ns
    Discrete Jitter          (DJ):    0.000ns
    Phase Error              (PE):    0.000ns

    Location             Delay type                Incr(ns)  Path(ns)    Netlist Resource(s)
  -------------------------------------------------------------------    -------------------
                                                      0.000     0.000 r  m_axi_gmem2_wready (IN)
                         net (fo=3, unset)            0.000     0.000    bd_0_i/hls_inst/inst/gmem2_m_axi_U/bus_write/wreq_throttle/rs_req/m_axi_gmem2_WREADY
    SLICE_X51Y174        LUT6 (Prop_H6LUT_SLICEL_I1_O)
                                                      0.188     0.188 r  bd_0_i/hls_inst/inst/gmem2_m_axi_U/bus_write/wreq_throttle/rs_req/num_beat_cnt[7]_i_2__0/O
                         net (fo=16, routed)          0.113     0.301    bd_0_i/hls_inst/inst/gmem2_m_axi_U/bus_write/wreq_throttle/rs_req/E[0]
    SLICE_X51Y172        LUT2 (Prop_D6LUT_SLICEL_I0_O)
                                                      0.185     0.486 r  bd_0_i/hls_inst/inst/gmem2_m_axi_U/bus_write/wreq_throttle/rs_req/local_BUS_WDATA[511]_i_2__0/O
                         net (fo=576, routed)         6.763     7.249    bd_0_i/hls_inst/inst/gmem2_m_axi_U/bus_write/wreq_throttle/rs_req_n_6
    SLICE_X14Y78         FDRE                                         r  bd_0_i/hls_inst/inst/gmem2_m_axi_U/bus_write/wreq_throttle/local_BUS_WDATA_reg[69]/CE
  -------------------------------------------------------------------    -------------------

                         (clock ap_clk rise edge)     0.000     0.000 r  
                                                      0.000     0.000 r  ap_clk (IN)
                         net (fo=60030, unset)        0.029     0.029    bd_0_i/hls_inst/inst/gmem2_m_axi_U/bus_write/wreq_throttle/ap_clk
    SLICE_X14Y78         FDRE                                         r  bd_0_i/hls_inst/inst/gmem2_m_axi_U/bus_write/wreq_throttle/local_BUS_WDATA_reg[69]/C

Slack:                    inf
  Source:                 m_axi_gmem2_wready
                            (input port)
  Destination:            bd_0_i/hls_inst/inst/gmem2_m_axi_U/bus_write/wreq_throttle/local_BUS_WDATA_reg[11]/CE
                            (rising edge-triggered cell FDRE clocked by ap_clk  {rise@0.000ns fall@5.000ns period=10.000ns})
  Path Group:             (none)
  Path Type:              Setup (Max at Slow Process Corner)
  Data Path Delay:        7.247ns  (logic 0.373ns (5.147%)  route 6.874ns (94.853%))
  Logic Levels:           2  (LUT2=1 LUT6=1)
  Clock Path Skew:        0.029ns (DCD - SCD + CPR)
    Destination Clock Delay (DCD):    0.029ns
    Source Clock Delay      (SCD):    0.000ns
    Clock Pessimism Removal (CPR):    0.000ns
  Clock Uncertainty:      0.025ns  ((TSJ^2 + TIJ^2)^1/2 + DJ) / 2 + PE
    Total System Jitter     (TSJ):    0.050ns
    Total Input Jitter      (TIJ):    0.000ns
    Discrete Jitter          (DJ):    0.000ns
    Phase Error              (PE):    0.000ns

    Location             Delay type                Incr(ns)  Path(ns)    Netlist Resource(s)
  -------------------------------------------------------------------    -------------------
                                                      0.000     0.000 r  m_axi_gmem2_wready (IN)
                         net (fo=3, unset)            0.000     0.000    bd_0_i/hls_inst/inst/gmem2_m_axi_U/bus_write/wreq_throttle/rs_req/m_axi_gmem2_WREADY
    SLICE_X51Y174        LUT6 (Prop_H6LUT_SLICEL_I1_O)
                                                      0.188     0.188 r  bd_0_i/hls_inst/inst/gmem2_m_axi_U/bus_write/wreq_throttle/rs_req/num_beat_cnt[7]_i_2__0/O
                         net (fo=16, routed)          0.113     0.301    bd_0_i/hls_inst/inst/gmem2_m_axi_U/bus_write/wreq_throttle/rs_req/E[0]
    SLICE_X51Y172        LUT2 (Prop_D6LUT_SLICEL_I0_O)
                                                      0.185     0.486 r  bd_0_i/hls_inst/inst/gmem2_m_axi_U/bus_write/wreq_throttle/rs_req/local_BUS_WDATA[511]_i_2__0/O
                         net (fo=576, routed)         6.761     7.247    bd_0_i/hls_inst/inst/gmem2_m_axi_U/bus_write/wreq_throttle/rs_req_n_6
    SLICE_X14Y78         FDRE                                         r  bd_0_i/hls_inst/inst/gmem2_m_axi_U/bus_write/wreq_throttle/local_BUS_WDATA_reg[11]/CE
  -------------------------------------------------------------------    -------------------

                         (clock ap_clk rise edge)     0.000     0.000 r  
                                                      0.000     0.000 r  ap_clk (IN)
                         net (fo=60030, unset)        0.029     0.029    bd_0_i/hls_inst/inst/gmem2_m_axi_U/bus_write/wreq_throttle/ap_clk
    SLICE_X14Y78         FDRE                                         r  bd_0_i/hls_inst/inst/gmem2_m_axi_U/bus_write/wreq_throttle/local_BUS_WDATA_reg[11]/C

Slack:                    inf
  Source:                 m_axi_gmem2_wready
                            (input port)
  Destination:            bd_0_i/hls_inst/inst/gmem2_m_axi_U/bus_write/wreq_throttle/local_BUS_WDATA_reg[59]/CE
                            (rising edge-triggered cell FDRE clocked by ap_clk  {rise@0.000ns fall@5.000ns period=10.000ns})
  Path Group:             (none)
  Path Type:              Setup (Max at Slow Process Corner)
  Data Path Delay:        7.247ns  (logic 0.373ns (5.147%)  route 6.874ns (94.853%))
  Logic Levels:           2  (LUT2=1 LUT6=1)
  Clock Path Skew:        0.029ns (DCD - SCD + CPR)
    Destination Clock Delay (DCD):    0.029ns
    Source Clock Delay      (SCD):    0.000ns
    Clock Pessimism Removal (CPR):    0.000ns
  Clock Uncertainty:      0.025ns  ((TSJ^2 + TIJ^2)^1/2 + DJ) / 2 + PE
    Total System Jitter     (TSJ):    0.050ns
    Total Input Jitter      (TIJ):    0.000ns
    Discrete Jitter          (DJ):    0.000ns
    Phase Error              (PE):    0.000ns

    Location             Delay type                Incr(ns)  Path(ns)    Netlist Resource(s)
  -------------------------------------------------------------------    -------------------
                                                      0.000     0.000 r  m_axi_gmem2_wready (IN)
                         net (fo=3, unset)            0.000     0.000    bd_0_i/hls_inst/inst/gmem2_m_axi_U/bus_write/wreq_throttle/rs_req/m_axi_gmem2_WREADY
    SLICE_X51Y174        LUT6 (Prop_H6LUT_SLICEL_I1_O)
                                                      0.188     0.188 r  bd_0_i/hls_inst/inst/gmem2_m_axi_U/bus_write/wreq_throttle/rs_req/num_beat_cnt[7]_i_2__0/O
                         net (fo=16, routed)          0.113     0.301    bd_0_i/hls_inst/inst/gmem2_m_axi_U/bus_write/wreq_throttle/rs_req/E[0]
    SLICE_X51Y172        LUT2 (Prop_D6LUT_SLICEL_I0_O)
                                                      0.185     0.486 r  bd_0_i/hls_inst/inst/gmem2_m_axi_U/bus_write/wreq_throttle/rs_req/local_BUS_WDATA[511]_i_2__0/O
                         net (fo=576, routed)         6.761     7.247    bd_0_i/hls_inst/inst/gmem2_m_axi_U/bus_write/wreq_throttle/rs_req_n_6
    SLICE_X14Y78         FDRE                                         r  bd_0_i/hls_inst/inst/gmem2_m_axi_U/bus_write/wreq_throttle/local_BUS_WDATA_reg[59]/CE
  -------------------------------------------------------------------    -------------------

                         (clock ap_clk rise edge)     0.000     0.000 r  
                                                      0.000     0.000 r  ap_clk (IN)
                         net (fo=60030, unset)        0.029     0.029    bd_0_i/hls_inst/inst/gmem2_m_axi_U/bus_write/wreq_throttle/ap_clk
    SLICE_X14Y78         FDRE                                         r  bd_0_i/hls_inst/inst/gmem2_m_axi_U/bus_write/wreq_throttle/local_BUS_WDATA_reg[59]/C

Slack:                    inf
  Source:                 m_axi_gmem2_wready
                            (input port)
  Destination:            bd_0_i/hls_inst/inst/gmem2_m_axi_U/bus_write/wreq_throttle/local_BUS_WDATA_reg[62]/CE
                            (rising edge-triggered cell FDRE clocked by ap_clk  {rise@0.000ns fall@5.000ns period=10.000ns})
  Path Group:             (none)
  Path Type:              Setup (Max at Slow Process Corner)
  Data Path Delay:        7.247ns  (logic 0.373ns (5.147%)  route 6.874ns (94.853%))
  Logic Levels:           2  (LUT2=1 LUT6=1)
  Clock Path Skew:        0.029ns (DCD - SCD + CPR)
    Destination Clock Delay (DCD):    0.029ns
    Source Clock Delay      (SCD):    0.000ns
    Clock Pessimism Removal (CPR):    0.000ns
  Clock Uncertainty:      0.025ns  ((TSJ^2 + TIJ^2)^1/2 + DJ) / 2 + PE
    Total System Jitter     (TSJ):    0.050ns
    Total Input Jitter      (TIJ):    0.000ns
    Discrete Jitter          (DJ):    0.000ns
    Phase Error              (PE):    0.000ns

    Location             Delay type                Incr(ns)  Path(ns)    Netlist Resource(s)
  -------------------------------------------------------------------    -------------------
                                                      0.000     0.000 r  m_axi_gmem2_wready (IN)
                         net (fo=3, unset)            0.000     0.000    bd_0_i/hls_inst/inst/gmem2_m_axi_U/bus_write/wreq_throttle/rs_req/m_axi_gmem2_WREADY
    SLICE_X51Y174        LUT6 (Prop_H6LUT_SLICEL_I1_O)
                                                      0.188     0.188 r  bd_0_i/hls_inst/inst/gmem2_m_axi_U/bus_write/wreq_throttle/rs_req/num_beat_cnt[7]_i_2__0/O
                         net (fo=16, routed)          0.113     0.301    bd_0_i/hls_inst/inst/gmem2_m_axi_U/bus_write/wreq_throttle/rs_req/E[0]
    SLICE_X51Y172        LUT2 (Prop_D6LUT_SLICEL_I0_O)
                                                      0.185     0.486 r  bd_0_i/hls_inst/inst/gmem2_m_axi_U/bus_write/wreq_throttle/rs_req/local_BUS_WDATA[511]_i_2__0/O
                         net (fo=576, routed)         6.761     7.247    bd_0_i/hls_inst/inst/gmem2_m_axi_U/bus_write/wreq_throttle/rs_req_n_6
    SLICE_X14Y78         FDRE                                         r  bd_0_i/hls_inst/inst/gmem2_m_axi_U/bus_write/wreq_throttle/local_BUS_WDATA_reg[62]/CE
  -------------------------------------------------------------------    -------------------

                         (clock ap_clk rise edge)     0.000     0.000 r  
                                                      0.000     0.000 r  ap_clk (IN)
                         net (fo=60030, unset)        0.029     0.029    bd_0_i/hls_inst/inst/gmem2_m_axi_U/bus_write/wreq_throttle/ap_clk
    SLICE_X14Y78         FDRE                                         r  bd_0_i/hls_inst/inst/gmem2_m_axi_U/bus_write/wreq_throttle/local_BUS_WDATA_reg[62]/C

Slack:                    inf
  Source:                 m_axi_gmem2_wready
                            (input port)
  Destination:            bd_0_i/hls_inst/inst/gmem2_m_axi_U/bus_write/wreq_throttle/local_BUS_WDATA_reg[68]/CE
                            (rising edge-triggered cell FDRE clocked by ap_clk  {rise@0.000ns fall@5.000ns period=10.000ns})
  Path Group:             (none)
  Path Type:              Setup (Max at Slow Process Corner)
  Data Path Delay:        7.247ns  (logic 0.373ns (5.147%)  route 6.874ns (94.853%))
  Logic Levels:           2  (LUT2=1 LUT6=1)
  Clock Path Skew:        0.029ns (DCD - SCD + CPR)
    Destination Clock Delay (DCD):    0.029ns
    Source Clock Delay      (SCD):    0.000ns
    Clock Pessimism Removal (CPR):    0.000ns
  Clock Uncertainty:      0.025ns  ((TSJ^2 + TIJ^2)^1/2 + DJ) / 2 + PE
    Total System Jitter     (TSJ):    0.050ns
    Total Input Jitter      (TIJ):    0.000ns
    Discrete Jitter          (DJ):    0.000ns
    Phase Error              (PE):    0.000ns

    Location             Delay type                Incr(ns)  Path(ns)    Netlist Resource(s)
  -------------------------------------------------------------------    -------------------
                                                      0.000     0.000 r  m_axi_gmem2_wready (IN)
                         net (fo=3, unset)            0.000     0.000    bd_0_i/hls_inst/inst/gmem2_m_axi_U/bus_write/wreq_throttle/rs_req/m_axi_gmem2_WREADY
    SLICE_X51Y174        LUT6 (Prop_H6LUT_SLICEL_I1_O)
                                                      0.188     0.188 r  bd_0_i/hls_inst/inst/gmem2_m_axi_U/bus_write/wreq_throttle/rs_req/num_beat_cnt[7]_i_2__0/O
                         net (fo=16, routed)          0.113     0.301    bd_0_i/hls_inst/inst/gmem2_m_axi_U/bus_write/wreq_throttle/rs_req/E[0]
    SLICE_X51Y172        LUT2 (Prop_D6LUT_SLICEL_I0_O)
                                                      0.185     0.486 r  bd_0_i/hls_inst/inst/gmem2_m_axi_U/bus_write/wreq_throttle/rs_req/local_BUS_WDATA[511]_i_2__0/O
                         net (fo=576, routed)         6.761     7.247    bd_0_i/hls_inst/inst/gmem2_m_axi_U/bus_write/wreq_throttle/rs_req_n_6
    SLICE_X14Y78         FDRE                                         r  bd_0_i/hls_inst/inst/gmem2_m_axi_U/bus_write/wreq_throttle/local_BUS_WDATA_reg[68]/CE
  -------------------------------------------------------------------    -------------------

                         (clock ap_clk rise edge)     0.000     0.000 r  
                                                      0.000     0.000 r  ap_clk (IN)
                         net (fo=60030, unset)        0.029     0.029    bd_0_i/hls_inst/inst/gmem2_m_axi_U/bus_write/wreq_throttle/ap_clk
    SLICE_X14Y78         FDRE                                         r  bd_0_i/hls_inst/inst/gmem2_m_axi_U/bus_write/wreq_throttle/local_BUS_WDATA_reg[68]/C

Slack:                    inf
  Source:                 m_axi_gmem2_wready
                            (input port)
  Destination:            bd_0_i/hls_inst/inst/gmem2_m_axi_U/bus_write/wreq_throttle/local_BUS_WDATA_reg[76]/CE
                            (rising edge-triggered cell FDRE clocked by ap_clk  {rise@0.000ns fall@5.000ns period=10.000ns})
  Path Group:             (none)
  Path Type:              Setup (Max at Slow Process Corner)
  Data Path Delay:        7.224ns  (logic 0.373ns (5.164%)  route 6.851ns (94.836%))
  Logic Levels:           2  (LUT2=1 LUT6=1)
  Clock Path Skew:        0.029ns (DCD - SCD + CPR)
    Destination Clock Delay (DCD):    0.029ns
    Source Clock Delay      (SCD):    0.000ns
    Clock Pessimism Removal (CPR):    0.000ns
  Clock Uncertainty:      0.025ns  ((TSJ^2 + TIJ^2)^1/2 + DJ) / 2 + PE
    Total System Jitter     (TSJ):    0.050ns
    Total Input Jitter      (TIJ):    0.000ns
    Discrete Jitter          (DJ):    0.000ns
    Phase Error              (PE):    0.000ns

    Location             Delay type                Incr(ns)  Path(ns)    Netlist Resource(s)
  -------------------------------------------------------------------    -------------------
                                                      0.000     0.000 r  m_axi_gmem2_wready (IN)
                         net (fo=3, unset)            0.000     0.000    bd_0_i/hls_inst/inst/gmem2_m_axi_U/bus_write/wreq_throttle/rs_req/m_axi_gmem2_WREADY
    SLICE_X51Y174        LUT6 (Prop_H6LUT_SLICEL_I1_O)
                                                      0.188     0.188 r  bd_0_i/hls_inst/inst/gmem2_m_axi_U/bus_write/wreq_throttle/rs_req/num_beat_cnt[7]_i_2__0/O
                         net (fo=16, routed)          0.113     0.301    bd_0_i/hls_inst/inst/gmem2_m_axi_U/bus_write/wreq_throttle/rs_req/E[0]
    SLICE_X51Y172        LUT2 (Prop_D6LUT_SLICEL_I0_O)
                                                      0.185     0.486 r  bd_0_i/hls_inst/inst/gmem2_m_axi_U/bus_write/wreq_throttle/rs_req/local_BUS_WDATA[511]_i_2__0/O
                         net (fo=576, routed)         6.737     7.224    bd_0_i/hls_inst/inst/gmem2_m_axi_U/bus_write/wreq_throttle/rs_req_n_6
    SLICE_X9Y78          FDRE                                         r  bd_0_i/hls_inst/inst/gmem2_m_axi_U/bus_write/wreq_throttle/local_BUS_WDATA_reg[76]/CE
  -------------------------------------------------------------------    -------------------

                         (clock ap_clk rise edge)     0.000     0.000 r  
                                                      0.000     0.000 r  ap_clk (IN)
                         net (fo=60030, unset)        0.029     0.029    bd_0_i/hls_inst/inst/gmem2_m_axi_U/bus_write/wreq_throttle/ap_clk
    SLICE_X9Y78          FDRE                                         r  bd_0_i/hls_inst/inst/gmem2_m_axi_U/bus_write/wreq_throttle/local_BUS_WDATA_reg[76]/C





Min Delay Paths
--------------------------------------------------------------------------------------
Slack:                    inf
  Source:                 s_axi_control_awaddr[5]
                            (input port)
  Destination:            bd_0_i/hls_inst/inst/control_s_axi_U/waddr_reg[5]/D
                            (rising edge-triggered cell FDRE clocked by ap_clk  {rise@0.000ns fall@5.000ns period=10.000ns})
  Path Group:             (none)
  Path Type:              Hold (Min at Fast Process Corner)
  Data Path Delay:        0.008ns  (logic 0.000ns (0.000%)  route 0.008ns (100.000%))
  Logic Levels:           0  
  Clock Path Skew:        0.020ns (DCD - SCD - CPR)
    Destination Clock Delay (DCD):    0.020ns
    Source Clock Delay      (SCD):    0.000ns
    Clock Pessimism Removal (CPR):    -0.000ns

    Location             Delay type                Incr(ns)  Path(ns)    Netlist Resource(s)
  -------------------------------------------------------------------    -------------------
                                                      0.000     0.000 r  s_axi_control_awaddr[5] (IN)
                         net (fo=0)                   0.008     0.008    bd_0_i/hls_inst/inst/control_s_axi_U/s_axi_control_AWADDR[3]
    SLICE_X49Y199        FDRE                                         r  bd_0_i/hls_inst/inst/control_s_axi_U/waddr_reg[5]/D
  -------------------------------------------------------------------    -------------------

                         (clock ap_clk rise edge)     0.000     0.000 r  
                                                      0.000     0.000 r  ap_clk (IN)
                         net (fo=60030, unset)        0.020     0.020    bd_0_i/hls_inst/inst/control_s_axi_U/ap_clk
    SLICE_X49Y199        FDRE                                         r  bd_0_i/hls_inst/inst/control_s_axi_U/waddr_reg[5]/C

Slack:                    inf
  Source:                 m_axi_gmem0_rdata[0]
                            (input port)
  Destination:            bd_0_i/hls_inst/inst/gmem0_m_axi_U/bus_read/rs_rdata/data_p2_reg[0]/D
                            (rising edge-triggered cell FDRE clocked by ap_clk  {rise@0.000ns fall@5.000ns period=10.000ns})
  Path Group:             (none)
  Path Type:              Hold (Min at Fast Process Corner)
  Data Path Delay:        0.008ns  (logic 0.000ns (0.000%)  route 0.008ns (100.000%))
  Logic Levels:           0  
  Clock Path Skew:        0.020ns (DCD - SCD - CPR)
    Destination Clock Delay (DCD):    0.020ns
    Source Clock Delay      (SCD):    0.000ns
    Clock Pessimism Removal (CPR):    -0.000ns

    Location             Delay type                Incr(ns)  Path(ns)    Netlist Resource(s)
  -------------------------------------------------------------------    -------------------
                                                      0.000     0.000 r  m_axi_gmem0_rdata[0] (IN)
                         net (fo=1, unset)            0.008     0.008    bd_0_i/hls_inst/inst/gmem0_m_axi_U/bus_read/rs_rdata/data_p2_reg[512]_0[0]
    SLICE_X50Y141        FDRE                                         r  bd_0_i/hls_inst/inst/gmem0_m_axi_U/bus_read/rs_rdata/data_p2_reg[0]/D
  -------------------------------------------------------------------    -------------------

                         (clock ap_clk rise edge)     0.000     0.000 r  
                                                      0.000     0.000 r  ap_clk (IN)
                         net (fo=60030, unset)        0.020     0.020    bd_0_i/hls_inst/inst/gmem0_m_axi_U/bus_read/rs_rdata/ap_clk
    SLICE_X50Y141        FDRE                                         r  bd_0_i/hls_inst/inst/gmem0_m_axi_U/bus_read/rs_rdata/data_p2_reg[0]/C

Slack:                    inf
  Source:                 m_axi_gmem0_rdata[100]
                            (input port)
  Destination:            bd_0_i/hls_inst/inst/gmem0_m_axi_U/bus_read/rs_rdata/data_p2_reg[100]/D
                            (rising edge-triggered cell FDRE clocked by ap_clk  {rise@0.000ns fall@5.000ns period=10.000ns})
  Path Group:             (none)
  Path Type:              Hold (Min at Fast Process Corner)
  Data Path Delay:        0.008ns  (logic 0.000ns (0.000%)  route 0.008ns (100.000%))
  Logic Levels:           0  
  Clock Path Skew:        0.019ns (DCD - SCD - CPR)
    Destination Clock Delay (DCD):    0.019ns
    Source Clock Delay      (SCD):    0.000ns
    Clock Pessimism Removal (CPR):    -0.000ns

    Location             Delay type                Incr(ns)  Path(ns)    Netlist Resource(s)
  -------------------------------------------------------------------    -------------------
                                                      0.000     0.000 r  m_axi_gmem0_rdata[100] (IN)
                         net (fo=1, unset)            0.008     0.008    bd_0_i/hls_inst/inst/gmem0_m_axi_U/bus_read/rs_rdata/data_p2_reg[512]_0[100]
    SLICE_X51Y148        FDRE                                         r  bd_0_i/hls_inst/inst/gmem0_m_axi_U/bus_read/rs_rdata/data_p2_reg[100]/D
  -------------------------------------------------------------------    -------------------

                         (clock ap_clk rise edge)     0.000     0.000 r  
                                                      0.000     0.000 r  ap_clk (IN)
                         net (fo=60030, unset)        0.019     0.019    bd_0_i/hls_inst/inst/gmem0_m_axi_U/bus_read/rs_rdata/ap_clk
    SLICE_X51Y148        FDRE                                         r  bd_0_i/hls_inst/inst/gmem0_m_axi_U/bus_read/rs_rdata/data_p2_reg[100]/C

Slack:                    inf
  Source:                 m_axi_gmem0_rdata[101]
                            (input port)
  Destination:            bd_0_i/hls_inst/inst/gmem0_m_axi_U/bus_read/rs_rdata/data_p2_reg[101]/D
                            (rising edge-triggered cell FDRE clocked by ap_clk  {rise@0.000ns fall@5.000ns period=10.000ns})
  Path Group:             (none)
  Path Type:              Hold (Min at Fast Process Corner)
  Data Path Delay:        0.008ns  (logic 0.000ns (0.000%)  route 0.008ns (100.000%))
  Logic Levels:           0  
  Clock Path Skew:        0.019ns (DCD - SCD - CPR)
    Destination Clock Delay (DCD):    0.019ns
    Source Clock Delay      (SCD):    0.000ns
    Clock Pessimism Removal (CPR):    -0.000ns

    Location             Delay type                Incr(ns)  Path(ns)    Netlist Resource(s)
  -------------------------------------------------------------------    -------------------
                                                      0.000     0.000 r  m_axi_gmem0_rdata[101] (IN)
                         net (fo=1, unset)            0.008     0.008    bd_0_i/hls_inst/inst/gmem0_m_axi_U/bus_read/rs_rdata/data_p2_reg[512]_0[101]
    SLICE_X50Y150        FDRE                                         r  bd_0_i/hls_inst/inst/gmem0_m_axi_U/bus_read/rs_rdata/data_p2_reg[101]/D
  -------------------------------------------------------------------    -------------------

                         (clock ap_clk rise edge)     0.000     0.000 r  
                                                      0.000     0.000 r  ap_clk (IN)
                         net (fo=60030, unset)        0.019     0.019    bd_0_i/hls_inst/inst/gmem0_m_axi_U/bus_read/rs_rdata/ap_clk
    SLICE_X50Y150        FDRE                                         r  bd_0_i/hls_inst/inst/gmem0_m_axi_U/bus_read/rs_rdata/data_p2_reg[101]/C

Slack:                    inf
  Source:                 m_axi_gmem0_rdata[102]
                            (input port)
  Destination:            bd_0_i/hls_inst/inst/gmem0_m_axi_U/bus_read/rs_rdata/data_p2_reg[102]/D
                            (rising edge-triggered cell FDRE clocked by ap_clk  {rise@0.000ns fall@5.000ns period=10.000ns})
  Path Group:             (none)
  Path Type:              Hold (Min at Fast Process Corner)
  Data Path Delay:        0.008ns  (logic 0.000ns (0.000%)  route 0.008ns (100.000%))
  Logic Levels:           0  
  Clock Path Skew:        0.019ns (DCD - SCD - CPR)
    Destination Clock Delay (DCD):    0.019ns
    Source Clock Delay      (SCD):    0.000ns
    Clock Pessimism Removal (CPR):    -0.000ns

    Location             Delay type                Incr(ns)  Path(ns)    Netlist Resource(s)
  -------------------------------------------------------------------    -------------------
                                                      0.000     0.000 r  m_axi_gmem0_rdata[102] (IN)
                         net (fo=1, unset)            0.008     0.008    bd_0_i/hls_inst/inst/gmem0_m_axi_U/bus_read/rs_rdata/data_p2_reg[512]_0[102]
    SLICE_X51Y147        FDRE                                         r  bd_0_i/hls_inst/inst/gmem0_m_axi_U/bus_read/rs_rdata/data_p2_reg[102]/D
  -------------------------------------------------------------------    -------------------

                         (clock ap_clk rise edge)     0.000     0.000 r  
                                                      0.000     0.000 r  ap_clk (IN)
                         net (fo=60030, unset)        0.019     0.019    bd_0_i/hls_inst/inst/gmem0_m_axi_U/bus_read/rs_rdata/ap_clk
    SLICE_X51Y147        FDRE                                         r  bd_0_i/hls_inst/inst/gmem0_m_axi_U/bus_read/rs_rdata/data_p2_reg[102]/C

Slack:                    inf
  Source:                 m_axi_gmem0_rdata[103]
                            (input port)
  Destination:            bd_0_i/hls_inst/inst/gmem0_m_axi_U/bus_read/rs_rdata/data_p2_reg[103]/D
                            (rising edge-triggered cell FDRE clocked by ap_clk  {rise@0.000ns fall@5.000ns period=10.000ns})
  Path Group:             (none)
  Path Type:              Hold (Min at Fast Process Corner)
  Data Path Delay:        0.008ns  (logic 0.000ns (0.000%)  route 0.008ns (100.000%))
  Logic Levels:           0  
  Clock Path Skew:        0.019ns (DCD - SCD - CPR)
    Destination Clock Delay (DCD):    0.019ns
    Source Clock Delay      (SCD):    0.000ns
    Clock Pessimism Removal (CPR):    -0.000ns

    Location             Delay type                Incr(ns)  Path(ns)    Netlist Resource(s)
  -------------------------------------------------------------------    -------------------
                                                      0.000     0.000 r  m_axi_gmem0_rdata[103] (IN)
                         net (fo=1, unset)            0.008     0.008    bd_0_i/hls_inst/inst/gmem0_m_axi_U/bus_read/rs_rdata/data_p2_reg[512]_0[103]
    SLICE_X50Y148        FDRE                                         r  bd_0_i/hls_inst/inst/gmem0_m_axi_U/bus_read/rs_rdata/data_p2_reg[103]/D
  -------------------------------------------------------------------    -------------------

                         (clock ap_clk rise edge)     0.000     0.000 r  
                                                      0.000     0.000 r  ap_clk (IN)
                         net (fo=60030, unset)        0.019     0.019    bd_0_i/hls_inst/inst/gmem0_m_axi_U/bus_read/rs_rdata/ap_clk
    SLICE_X50Y148        FDRE                                         r  bd_0_i/hls_inst/inst/gmem0_m_axi_U/bus_read/rs_rdata/data_p2_reg[103]/C

Slack:                    inf
  Source:                 m_axi_gmem0_rdata[104]
                            (input port)
  Destination:            bd_0_i/hls_inst/inst/gmem0_m_axi_U/bus_read/rs_rdata/data_p2_reg[104]/D
                            (rising edge-triggered cell FDRE clocked by ap_clk  {rise@0.000ns fall@5.000ns period=10.000ns})
  Path Group:             (none)
  Path Type:              Hold (Min at Fast Process Corner)
  Data Path Delay:        0.008ns  (logic 0.000ns (0.000%)  route 0.008ns (100.000%))
  Logic Levels:           0  
  Clock Path Skew:        0.020ns (DCD - SCD - CPR)
    Destination Clock Delay (DCD):    0.020ns
    Source Clock Delay      (SCD):    0.000ns
    Clock Pessimism Removal (CPR):    -0.000ns

    Location             Delay type                Incr(ns)  Path(ns)    Netlist Resource(s)
  -------------------------------------------------------------------    -------------------
                                                      0.000     0.000 r  m_axi_gmem0_rdata[104] (IN)
                         net (fo=1, unset)            0.008     0.008    bd_0_i/hls_inst/inst/gmem0_m_axi_U/bus_read/rs_rdata/data_p2_reg[512]_0[104]
    SLICE_X52Y145        FDRE                                         r  bd_0_i/hls_inst/inst/gmem0_m_axi_U/bus_read/rs_rdata/data_p2_reg[104]/D
  -------------------------------------------------------------------    -------------------

                         (clock ap_clk rise edge)     0.000     0.000 r  
                                                      0.000     0.000 r  ap_clk (IN)
                         net (fo=60030, unset)        0.020     0.020    bd_0_i/hls_inst/inst/gmem0_m_axi_U/bus_read/rs_rdata/ap_clk
    SLICE_X52Y145        FDRE                                         r  bd_0_i/hls_inst/inst/gmem0_m_axi_U/bus_read/rs_rdata/data_p2_reg[104]/C

Slack:                    inf
  Source:                 m_axi_gmem0_rdata[105]
                            (input port)
  Destination:            bd_0_i/hls_inst/inst/gmem0_m_axi_U/bus_read/rs_rdata/data_p2_reg[105]/D
                            (rising edge-triggered cell FDRE clocked by ap_clk  {rise@0.000ns fall@5.000ns period=10.000ns})
  Path Group:             (none)
  Path Type:              Hold (Min at Fast Process Corner)
  Data Path Delay:        0.008ns  (logic 0.000ns (0.000%)  route 0.008ns (100.000%))
  Logic Levels:           0  
  Clock Path Skew:        0.019ns (DCD - SCD - CPR)
    Destination Clock Delay (DCD):    0.019ns
    Source Clock Delay      (SCD):    0.000ns
    Clock Pessimism Removal (CPR):    -0.000ns

    Location             Delay type                Incr(ns)  Path(ns)    Netlist Resource(s)
  -------------------------------------------------------------------    -------------------
                                                      0.000     0.000 r  m_axi_gmem0_rdata[105] (IN)
                         net (fo=1, unset)            0.008     0.008    bd_0_i/hls_inst/inst/gmem0_m_axi_U/bus_read/rs_rdata/data_p2_reg[512]_0[105]
    SLICE_X52Y148        FDRE                                         r  bd_0_i/hls_inst/inst/gmem0_m_axi_U/bus_read/rs_rdata/data_p2_reg[105]/D
  -------------------------------------------------------------------    -------------------

                         (clock ap_clk rise edge)     0.000     0.000 r  
                                                      0.000     0.000 r  ap_clk (IN)
                         net (fo=60030, unset)        0.019     0.019    bd_0_i/hls_inst/inst/gmem0_m_axi_U/bus_read/rs_rdata/ap_clk
    SLICE_X52Y148        FDRE                                         r  bd_0_i/hls_inst/inst/gmem0_m_axi_U/bus_read/rs_rdata/data_p2_reg[105]/C

Slack:                    inf
  Source:                 m_axi_gmem0_rdata[106]
                            (input port)
  Destination:            bd_0_i/hls_inst/inst/gmem0_m_axi_U/bus_read/rs_rdata/data_p2_reg[106]/D
                            (rising edge-triggered cell FDRE clocked by ap_clk  {rise@0.000ns fall@5.000ns period=10.000ns})
  Path Group:             (none)
  Path Type:              Hold (Min at Fast Process Corner)
  Data Path Delay:        0.008ns  (logic 0.000ns (0.000%)  route 0.008ns (100.000%))
  Logic Levels:           0  
  Clock Path Skew:        0.020ns (DCD - SCD - CPR)
    Destination Clock Delay (DCD):    0.020ns
    Source Clock Delay      (SCD):    0.000ns
    Clock Pessimism Removal (CPR):    -0.000ns

    Location             Delay type                Incr(ns)  Path(ns)    Netlist Resource(s)
  -------------------------------------------------------------------    -------------------
                                                      0.000     0.000 r  m_axi_gmem0_rdata[106] (IN)
                         net (fo=1, unset)            0.008     0.008    bd_0_i/hls_inst/inst/gmem0_m_axi_U/bus_read/rs_rdata/data_p2_reg[512]_0[106]
    SLICE_X51Y146        FDRE                                         r  bd_0_i/hls_inst/inst/gmem0_m_axi_U/bus_read/rs_rdata/data_p2_reg[106]/D
  -------------------------------------------------------------------    -------------------

                         (clock ap_clk rise edge)     0.000     0.000 r  
                                                      0.000     0.000 r  ap_clk (IN)
                         net (fo=60030, unset)        0.020     0.020    bd_0_i/hls_inst/inst/gmem0_m_axi_U/bus_read/rs_rdata/ap_clk
    SLICE_X51Y146        FDRE                                         r  bd_0_i/hls_inst/inst/gmem0_m_axi_U/bus_read/rs_rdata/data_p2_reg[106]/C

Slack:                    inf
  Source:                 m_axi_gmem0_rdata[107]
                            (input port)
  Destination:            bd_0_i/hls_inst/inst/gmem0_m_axi_U/bus_read/rs_rdata/data_p2_reg[107]/D
                            (rising edge-triggered cell FDRE clocked by ap_clk  {rise@0.000ns fall@5.000ns period=10.000ns})
  Path Group:             (none)
  Path Type:              Hold (Min at Fast Process Corner)
  Data Path Delay:        0.008ns  (logic 0.000ns (0.000%)  route 0.008ns (100.000%))
  Logic Levels:           0  
  Clock Path Skew:        0.020ns (DCD - SCD - CPR)
    Destination Clock Delay (DCD):    0.020ns
    Source Clock Delay      (SCD):    0.000ns
    Clock Pessimism Removal (CPR):    -0.000ns

    Location             Delay type                Incr(ns)  Path(ns)    Netlist Resource(s)
  -------------------------------------------------------------------    -------------------
                                                      0.000     0.000 r  m_axi_gmem0_rdata[107] (IN)
                         net (fo=1, unset)            0.008     0.008    bd_0_i/hls_inst/inst/gmem0_m_axi_U/bus_read/rs_rdata/data_p2_reg[512]_0[107]
    SLICE_X51Y149        FDRE                                         r  bd_0_i/hls_inst/inst/gmem0_m_axi_U/bus_read/rs_rdata/data_p2_reg[107]/D
  -------------------------------------------------------------------    -------------------

                         (clock ap_clk rise edge)     0.000     0.000 r  
                                                      0.000     0.000 r  ap_clk (IN)
                         net (fo=60030, unset)        0.020     0.020    bd_0_i/hls_inst/inst/gmem0_m_axi_U/bus_read/rs_rdata/ap_clk
    SLICE_X51Y149        FDRE                                         r  bd_0_i/hls_inst/inst/gmem0_m_axi_U/bus_read/rs_rdata/data_p2_reg[107]/C





