Execute       source -notrace -encoding utf-8 /opt/Xilinx/2025.2/Vitis/tps/tcl/tcl8.6/clock.tcl 
Execute         source -encoding utf-8 /opt/Xilinx/2025.2/tps/tcl/tcl8/8.5/msgcat-1.6.1.tm 
INFO-FLOW: Workspace /home/nat/dev/trinners/mai_proj/hls/thesis-gcn-accelerator/vitis/integrated_gcn/spmm_kernel/spmm_stage/hls opened at Wed Apr 15 14:24:31 IST 2026
Execute       send_msg_by_id INFO @200-1505@%s%s default  vivado 
INFO: [HLS 200-1505] Using default flow_target 'vivado'
Execute       send_msg_by_id INFO @200-2174@%s%s component hls_config.cfg 
INFO: [HLS 200-2174] Applying component config ini file hls_config.cfg
Execute       apply_ini hls_config.cfg 
Execute         send_msg_by_id INFO @200-1465@%s 'syn.file=/home/nat/dev/trinners/mai_proj/hls/thesis-gcn-accelerator/src/integrated-gcn/spmm_stage.cpp' from hls_config.cfg(8) 
INFO: [HLS 200-1465] Applying config ini 'syn.file=/home/nat/dev/trinners/mai_proj/hls/thesis-gcn-accelerator/src/integrated-gcn/spmm_stage.cpp' from hls_config.cfg(8)
Execute         add_files /home/nat/dev/trinners/mai_proj/hls/thesis-gcn-accelerator/src/integrated-gcn/spmm_stage.cpp 
INFO: [HLS 200-10] Adding design file '/home/nat/dev/trinners/mai_proj/hls/thesis-gcn-accelerator/src/integrated-gcn/spmm_stage.cpp' to the project
Execute         send_msg_by_id INFO @200-1465@%s 'syn.top=spmm_stage' from hls_config.cfg(7) 
INFO: [HLS 200-1465] Applying config ini 'syn.top=spmm_stage' from hls_config.cfg(7)
Execute         set_top spmm_stage 
Execute         send_msg_by_id INFO @200-1465@%s 'flow_target=vivado' from hls_config.cfg(4) 
INFO: [HLS 200-1465] Applying config ini 'flow_target=vivado' from hls_config.cfg(4)
Execute         send_msg_by_id INFO @200-1505@%s%s  vivado 
INFO: [HLS 200-1505] Using flow_target 'vivado'
Execute         send_msg_by_id INFO @200-1465@%s 'part=xck26-sfvc784-2LV-c' from hls_config.cfg(1) 
INFO: [HLS 200-1465] Applying config ini 'part=xck26-sfvc784-2LV-c' from hls_config.cfg(1)
Execute         set_part xck26-sfvc784-2LV-c 
Execute           create_platform xck26-sfvc784-2LV-c -board  
DBG:HLSDevice: Trying to load device library: /opt/Xilinx/2025.2/Vitis/lib/lnx64.o/libxv_hlsvwrap.so
DBG:HLSDevice: first parts/arch.xml in RDI_DATADIR: /opt/Xilinx/2025.2/Vivado/data/parts/arch.xml
DBG:HLSDevice: init success
INFO: [HLS 200-1611] Setting target device to 'xck26-sfvc784-2LV-c'
Command           create_platform done; 0.17 sec.
Execute           source /opt/Xilinx/2025.2/Vitis/common/technology/xilinx/common/xilinx.gen 
Execute             source /opt/Xilinx/2025.2/Vitis/common/technology/xilinx/interface/plb46.gen 
Execute             source /opt/Xilinx/2025.2/Vitis/common/technology/xilinx/interface/axi4.gen 
Execute             source /opt/Xilinx/2025.2/Vitis/common/technology/xilinx/interface/nativeAXI4.gen 
Execute               source /opt/Xilinx/2025.2/Vitis/common/technology/xilinx/interface/saxilite.gen 
Execute             source /opt/Xilinx/2025.2/Vitis/common/technology/xilinx/scripts/xilinxcoregen.gen 
Execute             source /opt/Xilinx/2025.2/Vitis/common/technology/xilinx/interface/XilEDKCoreGen.gen 
Execute             source /opt/Xilinx/2025.2/Vitis/common/technology/xilinx/ip/xfir.gen 
Execute             source /opt/Xilinx/2025.2/Vitis/common/technology/xilinx/ip/util.gen 
Execute             source /opt/Xilinx/2025.2/Vitis/common/technology/xilinx/ip/xfft.gen 
Execute             source /opt/Xilinx/2025.2/Vitis/common/technology/xilinx/ip/dds_compiler.gen 
Execute             source /opt/Xilinx/2025.2/Vitis/common/technology/xilinx/DSP48/dsp48.gen 
Execute           ap_part_info -name xck26-sfvc784-2LV-c -data info 
Execute           config_compile -quiet -complex-mul-dsp=0 
Command         set_part done; 0.22 sec.
Execute         send_msg_by_id INFO @200-1465@%s 'clock=10' from hls_config.cfg(9) 
INFO: [HLS 200-1465] Applying config ini 'clock=10' from hls_config.cfg(9)
Execute         create_clock -period 10ns 
Execute           ap_set_clock -name default -period 10 -unit ns -default=false 
INFO: [SYN 201-201] Setting up clock 'default' with a period of 10ns.
Execute         send_msg_by_id INFO @200-1465@%s 'package.output.format=ip_catalog' from hls_config.cfg(5) 
INFO: [HLS 200-1465] Applying config ini 'package.output.format=ip_catalog' from hls_config.cfg(5)
Execute         config_export -format=ip_catalog 
Command       apply_ini done; 0.22 sec.
Execute       write_component -config /home/nat/dev/trinners/mai_proj/hls/thesis-gcn-accelerator/vitis/integrated_gcn/spmm_kernel/hls_config.cfg 
Execute         send_msg_by_id INFO @200-2176@%s /home/nat/dev/trinners/mai_proj/hls/thesis-gcn-accelerator/vitis/integrated_gcn/spmm_kernel/spmm_stage/vitis-comp.json 
INFO: [HLS 200-2176] Writing Vitis IDE component file /home/nat/dev/trinners/mai_proj/hls/thesis-gcn-accelerator/vitis/integrated_gcn/spmm_kernel/spmm_stage/vitis-comp.json
Command     open_solution done; 0.24 sec.
Command   open_component done; 0.24 sec.
Execute   apply_ini /home/nat/dev/trinners/mai_proj/hls/thesis-gcn-accelerator/vitis/integrated_gcn/spmm_kernel/spmm_stage/hls/config.cmdline -iscmdline 
Execute   ::AP::init_summary_file csynth 
Execute     AP::app_get_file_relativeroot [AP::app_get_root] {}
Execute   csynth_design 
Execute     AP::msg_collection_file -open /home/nat/dev/trinners/mai_proj/hls/thesis-gcn-accelerator/vitis/integrated_gcn/spmm_kernel/spmm_stage/hls/.autopilot/db/be_messages.xml 
Execute     ap_part_info -name xck26-sfvc784-2LV-c -data info 
INFO-FLOW: run_clang spmm_stage.cpp.xilinx-performance-pragma-detector exec: /opt/Xilinx/2025.2/Vitis/lnx64/tools/clang-16/bin/xilinx-performance-pragma-detector /home/nat/dev/trinners/mai_proj/hls/thesis-gcn-accelerator/src/integrated-gcn/spmm_stage.cpp -- -fhls -D__VITIS_HLS__ -DAESL_SYN -D__SYNTHESIS__ -D__HLS_SYN__ -I /opt/Xilinx/2025.2/Vitis/common/technology/autopilot -I /opt/Xilinx/2025.2/Vitis/common/technology/autopilot/ap_sysc -include etc/autopilot_ssdm_op.h -D__DSP48E2__ -target fpga64-xilinx-linux-gnu -I /usr/include/x86_64-linux-gnu --gcc-toolchain=/opt/Xilinx/2025.2/Vitis/tps/lnx64/gcc-8.3.0 -hls-platform-db-name=/opt/Xilinx/2025.2/Vitis/common/technology/xilinx/common/platform.db -hls-platform-name=zynquplus_medium -device-resource-info=BRAM_288.000000_DSP_1248.000000_FF_234240.000000_LUT_117120.000000_SLICE_14640.000000_URAM_64.000000 -device-name-info=xck26-sfvc784-2LV-c > /home/nat/dev/trinners/mai_proj/hls/thesis-gcn-accelerator/vitis/integrated_gcn/spmm_kernel/spmm_stage/hls/.autopilot/db/spmm_stage.cpp.xilinx-performance-pragma-detector.out.log 2> /home/nat/dev/trinners/mai_proj/hls/thesis-gcn-accelerator/vitis/integrated_gcn/spmm_kernel/spmm_stage/hls/.autopilot/db/spmm_stage.cpp.xilinx-performance-pragma-detector.err.log
INFO-FLOW: run_clang result=success num-err-msgs=0 num-stderr-lines=1
Execute     elaborate -effort=medium -skip_syncheck=0 -keep_printf=0 -skip_cdt=0 -skip_transform=0 -ng=0 -g=0 -from_csynth_design=1 
INFO: [HLS 200-111] Finished File checks and directory preparation: CPU user time: 1.05 seconds. CPU system time: 0.26 seconds. Elapsed time: 1.18 seconds; current allocated memory: 273.156 MB.
Execute       send_msg_by_id INFO @200-2191@%s%s C-Synthesis clang-16 
INFO: [HLS 200-2191] C-Synthesis will use clang-16 as the compiler
Execute       set_directive_top spmm_stage -name=spmm_stage 
INFO: [HLS 200-10] Analyzing design file '/home/nat/dev/trinners/mai_proj/hls/thesis-gcn-accelerator/src/integrated-gcn/spmm_stage.cpp' ... 
INFO-FLOW: Compiling one TU...
INFO-FLOW: Handling /home/nat/dev/trinners/mai_proj/hls/thesis-gcn-accelerator/src/integrated-gcn/spmm_stage.cpp as C++
Execute       ap_part_info -name xck26-sfvc784-2LV-c -data info 
INFO-FLOW: Running: GCC PP 39
INFO-FLOW: Source preprocessing
INFO-FLOW: run_clang spmm_stage.cpp.clang exec: /opt/Xilinx/2025.2/Vitis/lnx64/tools/clang-16/bin/clang /home/nat/dev/trinners/mai_proj/hls/thesis-gcn-accelerator/src/integrated-gcn/spmm_stage.cpp -foptimization-record-file=/home/nat/dev/trinners/mai_proj/hls/thesis-gcn-accelerator/vitis/integrated_gcn/spmm_kernel/spmm_stage/hls/.autopilot/db/spmm_stage.cpp.clang.diag.yml -mllvm -pass-remarks-missed=reflow|pasta|unroll|inline -mllvm -pass-remarks=reflow|pasta|unroll|inline -fno-limit-debug-info --gcc-toolchain=/opt/Xilinx/2025.2/Vitis/tps/lnx64/gcc-8.3.0 -fhls -fno-exceptions -insert-hls-directive=/home/nat/dev/trinners/mai_proj/hls/thesis-gcn-accelerator/vitis/integrated_gcn/spmm_kernel/spmm_stage/hls/.autopilot/db/all.directive.json -hls-directive-location -E -fno-math-errno -c -emit-llvm -mllvm -disable-llvm-optzns -Xclang -no-opaque-pointers -Xclang -fmerge-all-constants -Werror=implicit-hls-streams -Werror=return-type -Wpragmas -Wunused-parameter -Wdump-hls-pragmas -Wno-error=dump-hls-pragmas -hls-clock-period=10 -fno-threadsafe-statics -fno-use-cxa-atexit -target fpga64-xilinx-linux-gnu -fno-threadsafe-statics -fno-use-cxa-atexit -D__VITIS_HLS__ -DAESL_SYN -D__SYNTHESIS__ -D__HLS_SYN__ -I /opt/Xilinx/2025.2/Vitis/common/technology/autopilot -I /opt/Xilinx/2025.2/Vitis/common/technology/autopilot/ap_sysc -include etc/autopilot_ssdm_op.h -D__DSP48E2__ -I /usr/include/x86_64-linux-gnu -o /home/nat/dev/trinners/mai_proj/hls/thesis-gcn-accelerator/vitis/integrated_gcn/spmm_kernel/spmm_stage/hls/.autopilot/db/spmm_stage.pp.0.cpp -hls-platform-db-name=/opt/Xilinx/2025.2/Vitis/common/technology/xilinx/common/platform.db -hls-platform-name=zynquplus_medium -device-resource-info=BRAM_288.000000_DSP_1248.000000_FF_234240.000000_LUT_117120.000000_SLICE_14640.000000_URAM_64.000000 -device-name-info=xck26-sfvc784-2LV-c > /home/nat/dev/trinners/mai_proj/hls/thesis-gcn-accelerator/vitis/integrated_gcn/spmm_kernel/spmm_stage/hls/.autopilot/db/spmm_stage.cpp.clang.out.log 2> /home/nat/dev/trinners/mai_proj/hls/thesis-gcn-accelerator/vitis/integrated_gcn/spmm_kernel/spmm_stage/hls/.autopilot/db/spmm_stage.cpp.clang.err.log
INFO-FLOW: run_clang result=success num-err-msgs=0 num-stderr-lines=0
INFO-FLOW: Done: GCC PP 39 time: 0.2 seconds 
INFO-FLOW: Source syntax check for synthesis
INFO-FLOW: run_clang clang exec: /opt/Xilinx/2025.2/Vitis/lnx64/tools/clang-16/bin/clang -foptimization-record-file=/home/nat/dev/trinners/mai_proj/hls/thesis-gcn-accelerator/vitis/integrated_gcn/spmm_kernel/spmm_stage/hls/.autopilot/db/clang.diag.yml -mllvm -pass-remarks-missed=reflow|pasta|unroll|inline -mllvm -pass-remarks=reflow|pasta|unroll|inline -fsyntax-only -fhls -target fpga64-xilinx-linux-gnu /home/nat/dev/trinners/mai_proj/hls/thesis-gcn-accelerator/vitis/integrated_gcn/spmm_kernel/spmm_stage/hls/.autopilot/db/spmm_stage.pp.0.cpp -hls-platform-db-name=/opt/Xilinx/2025.2/Vitis/common/technology/xilinx/common/platform.db -hls-platform-name=zynquplus_medium -device-resource-info=BRAM_288.000000_DSP_1248.000000_FF_234240.000000_LUT_117120.000000_SLICE_14640.000000_URAM_64.000000 -device-name-info=xck26-sfvc784-2LV-c > /home/nat/dev/trinners/mai_proj/hls/thesis-gcn-accelerator/vitis/integrated_gcn/spmm_kernel/spmm_stage/hls/.autopilot/db/clang.out.log 2> /home/nat/dev/trinners/mai_proj/hls/thesis-gcn-accelerator/vitis/integrated_gcn/spmm_kernel/spmm_stage/hls/.autopilot/db/clang.err.log
INFO-FLOW: run_clang result=success num-err-msgs=0 num-stderr-lines=0
Execute       clang_tidy xilinx-systemc-detector -desc systemc-detector /home/nat/dev/trinners/mai_proj/hls/thesis-gcn-accelerator/vitis/integrated_gcn/spmm_kernel/spmm_stage/hls/.autopilot/db/spmm_stage.pp.0.cpp  -target fpga -directive=/home/nat/dev/trinners/mai_proj/hls/thesis-gcn-accelerator/vitis/integrated_gcn/spmm_kernel/spmm_stage/hls/.autopilot/db/.systemc_flag 
INFO-FLOW: exec /opt/Xilinx/2025.2/Vitis/lnx64/tools/clang-16/bin/clang-tidy -header-filter=.* --checks=-*,xilinx-systemc-detector -import-directive=/home/nat/dev/trinners/mai_proj/hls/thesis-gcn-accelerator/vitis/integrated_gcn/spmm_kernel/spmm_stage/hls/.autopilot/db/.systemc_flag -fix-errors /home/nat/dev/trinners/mai_proj/hls/thesis-gcn-accelerator/vitis/integrated_gcn/spmm_kernel/spmm_stage/hls/.autopilot/db/spmm_stage.pp.0.cpp -- - -target fpga -fhls -ferror-limit=0
Command       clang_tidy done; 0.41 sec.
INFO-FLOW: Running: clang-tidy CDT preprocess 39
Execute       clang_tidy xilinx-directive2pragma -desc directive2pragma /home/nat/dev/trinners/mai_proj/hls/thesis-gcn-accelerator/vitis/integrated_gcn/spmm_kernel/spmm_stage/hls/.autopilot/db/spmm_stage.pp.0.cpp  -target fpga -directive=/home/nat/dev/trinners/mai_proj/hls/thesis-gcn-accelerator/vitis/integrated_gcn/spmm_kernel/spmm_stage/hls/.autopilot/db/all.directive.json 
INFO-FLOW: exec /opt/Xilinx/2025.2/Vitis/lnx64/tools/clang-16/bin/clang-tidy -header-filter=.* --checks=-*,xilinx-directive2pragma -import-directive=/home/nat/dev/trinners/mai_proj/hls/thesis-gcn-accelerator/vitis/integrated_gcn/spmm_kernel/spmm_stage/hls/.autopilot/db/all.directive.json -fix-errors /home/nat/dev/trinners/mai_proj/hls/thesis-gcn-accelerator/vitis/integrated_gcn/spmm_kernel/spmm_stage/hls/.autopilot/db/spmm_stage.pp.0.cpp -- - -target fpga -fhls -ferror-limit=0
Command       clang_tidy done; 0.61 sec.
INFO-FLOW: Done: clang-tidy CDT preprocess 39 time: 0.6 seconds 
INFO-FLOW: Calling xilinx-label-all-loops ... 
INFO-FLOW: Calling xilinx-aggregate-on-hls-vector ... 
Execute       clang_tidy -errorcheck -desc loop-label xilinx-label-all-loops,xilinx-aggregate-on-hls-vector,,xilinx-warn-mayneed-no-ctor-attribute /home/nat/dev/trinners/mai_proj/hls/thesis-gcn-accelerator/vitis/integrated_gcn/spmm_kernel/spmm_stage/hls/.autopilot/db/spmm_stage.pp.0.cpp  -target fpga 
INFO-FLOW: run_clang loop-label exec: /opt/Xilinx/2025.2/Vitis/lnx64/tools/clang-16/bin/clang-tidy -export-fixes=/home/nat/dev/trinners/mai_proj/hls/thesis-gcn-accelerator/vitis/integrated_gcn/spmm_kernel/spmm_stage/hls/.autopilot/db/spmm_stage.pp.0.cpp.clang-tidy.loop-label.diag.yml -header-filter=.* --checks=-*,xilinx-label-all-loops,xilinx-aggregate-on-hls-vector,,xilinx-warn-mayneed-no-ctor-attribute -fix-errors /home/nat/dev/trinners/mai_proj/hls/thesis-gcn-accelerator/vitis/integrated_gcn/spmm_kernel/spmm_stage/hls/.autopilot/db/spmm_stage.pp.0.cpp -- - -target fpga -fhls -ferror-limit=0 > /home/nat/dev/trinners/mai_proj/hls/thesis-gcn-accelerator/vitis/integrated_gcn/spmm_kernel/spmm_stage/hls/.autopilot/db/spmm_stage.pp.0.cpp.clang-tidy.loop-label.out.log 2> /home/nat/dev/trinners/mai_proj/hls/thesis-gcn-accelerator/vitis/integrated_gcn/spmm_kernel/spmm_stage/hls/.autopilot/db/spmm_stage.pp.0.cpp.clang-tidy.loop-label.err.log
Execute         source /opt/Xilinx/2025.2/Vitis/tps/tcl/tcllib2.0/yaml/yaml.tcl 
Execute           source /opt/Xilinx/2025.2/Vitis/tps/tcl/tcllib2.0/cmdline/cmdline.tcl 
INFO-FLOW: run_clang result=success num-err-msgs=0 num-stderr-lines=192
Command       clang_tidy done; 0.89 sec.
INFO-FLOW: run_clang spmm_stage.pp.0.cpp.xilinx-dataflow-lawyer exec: /opt/Xilinx/2025.2/Vitis/lnx64/tools/clang-16/bin/xilinx-dataflow-lawyer -export-fixes=/home/nat/dev/trinners/mai_proj/hls/thesis-gcn-accelerator/vitis/integrated_gcn/spmm_kernel/spmm_stage/hls/.autopilot/db/spmm_stage.pp.0.cpp.xilinx-dataflow-lawyer.diag.yml /home/nat/dev/trinners/mai_proj/hls/thesis-gcn-accelerator/vitis/integrated_gcn/spmm_kernel/spmm_stage/hls/.autopilot/db/spmm_stage.pp.0.cpp -- - -target fpga -fhls -ferror-limit=0 -fstrict-dataflow > /home/nat/dev/trinners/mai_proj/hls/thesis-gcn-accelerator/vitis/integrated_gcn/spmm_kernel/spmm_stage/hls/.autopilot/db/spmm_stage.pp.0.cpp.xilinx-dataflow-lawyer.out.log 2> /home/nat/dev/trinners/mai_proj/hls/thesis-gcn-accelerator/vitis/integrated_gcn/spmm_kernel/spmm_stage/hls/.autopilot/db/spmm_stage.pp.0.cpp.xilinx-dataflow-lawyer.err.log
INFO-FLOW: run_clang result=success num-err-msgs=0 num-stderr-lines=0
Execute       ap_part_info -name xck26-sfvc784-2LV-c -data info 
INFO-FLOW: compiling source code to llvm bc
INFO-FLOW: run_clang spmm_stage.pp.0.cpp.clang exec: /opt/Xilinx/2025.2/Vitis/lnx64/tools/clang-16/bin/clang -foptimization-record-file=/home/nat/dev/trinners/mai_proj/hls/thesis-gcn-accelerator/vitis/integrated_gcn/spmm_kernel/spmm_stage/hls/.autopilot/db/spmm_stage.pp.0.cpp.clang.diag.yml -mllvm -pass-remarks-missed=reflow|pasta|unroll|inline -mllvm -pass-remarks=reflow|pasta|unroll|inline -flto -fno-exceptions -Wno-error=c++11-narrowing -fno-limit-debug-info -fhls -hls-emit-hint-scope /home/nat/dev/trinners/mai_proj/hls/thesis-gcn-accelerator/vitis/integrated_gcn/spmm_kernel/spmm_stage/hls/.autopilot/db/spmm_stage.pp.0.cpp -fno-math-errno -c -emit-llvm -mllvm -disable-llvm-optzns -Xclang -no-opaque-pointers -Xclang -fmerge-all-constants -Werror=implicit-hls-streams -Werror=return-type -Wpragmas -Wunused-parameter -Wdump-hls-pragmas -Wno-error=dump-hls-pragmas -hls-clock-period=10 -fno-threadsafe-statics -fno-use-cxa-atexit -target fpga64-xilinx-linux-gnu -D__VITIS_HLS__ -DAESL_SYN -D__SYNTHESIS__ -D__HLS_SYN__ -I /opt/Xilinx/2025.2/Vitis/common/technology/autopilot -I /opt/Xilinx/2025.2/Vitis/common/technology/autopilot/ap_sysc -include etc/autopilot_ssdm_op.h -D__DSP48E2__ -g -o /home/nat/dev/trinners/mai_proj/hls/thesis-gcn-accelerator/vitis/integrated_gcn/spmm_kernel/spmm_stage/hls/.autopilot/db/spmm_stage.pre.g.bc -hls-platform-db-name=/opt/Xilinx/2025.2/Vitis/common/technology/xilinx/common/platform.db -hls-platform-name=zynquplus_medium -device-resource-info=BRAM_288.000000_DSP_1248.000000_FF_234240.000000_LUT_117120.000000_SLICE_14640.000000_URAM_64.000000 -device-name-info=xck26-sfvc784-2LV-c > /home/nat/dev/trinners/mai_proj/hls/thesis-gcn-accelerator/vitis/integrated_gcn/spmm_kernel/spmm_stage/hls/.autopilot/db/spmm_stage.pp.0.cpp.clang.out.log 2> /home/nat/dev/trinners/mai_proj/hls/thesis-gcn-accelerator/vitis/integrated_gcn/spmm_kernel/spmm_stage/hls/.autopilot/db/spmm_stage.pp.0.cpp.clang.err.log
INFO-FLOW: run_clang result=success num-err-msgs=0 num-stderr-lines=0
INFO-FLOW: converting llvm 16.0.4 bc to downstrem bc
INFO-FLOW: run_clang spmm_stage.bc.llvm-converter exec: /opt/Xilinx/2025.2/Vitis/lnx64/tools/clang-16/bin/llvm-converter -opaque-pointers=0 /home/nat/dev/trinners/mai_proj/hls/thesis-gcn-accelerator/vitis/integrated_gcn/spmm_kernel/spmm_stage/hls/.autopilot/db/spmm_stage.pre.g.bc -o /home/nat/dev/trinners/mai_proj/hls/thesis-gcn-accelerator/vitis/integrated_gcn/spmm_kernel/spmm_stage/hls/.autopilot/db/spmm_stage.bc > /home/nat/dev/trinners/mai_proj/hls/thesis-gcn-accelerator/vitis/integrated_gcn/spmm_kernel/spmm_stage/hls/.autopilot/db/spmm_stage.bc.llvm-converter.out.log 2> /home/nat/dev/trinners/mai_proj/hls/thesis-gcn-accelerator/vitis/integrated_gcn/spmm_kernel/spmm_stage/hls/.autopilot/db/spmm_stage.bc.llvm-converter.err.log
INFO-FLOW: run_clang result=success num-err-msgs=0 num-stderr-lines=0
INFO: [HLS 200-111] Finished Source Code Analysis and Preprocessing: CPU user time: 2.95 seconds. CPU system time: 0.47 seconds. Elapsed time: 3.42 seconds; current allocated memory: 275.711 MB.
INFO-FLOW: Linking Debug ...
INFO-FLOW: Linking dut bc code.
Execute       run_link_or_opt -out /home/nat/dev/trinners/mai_proj/hls/thesis-gcn-accelerator/vitis/integrated_gcn/spmm_kernel/spmm_stage/hls/.autopilot/db/a.g.ld.0.bc -args /home/nat/dev/trinners/mai_proj/hls/thesis-gcn-accelerator/vitis/integrated_gcn/spmm_kernel/spmm_stage/hls/.autopilot/db/spmm_stage.bc 
INFO-FLOW: run_clang a.g.ld.0.bc.llvm-link exec: /opt/Xilinx/2025.2/Vitis/lnx64/tools/clang-3.9-csynth/bin/llvm-link /home/nat/dev/trinners/mai_proj/hls/thesis-gcn-accelerator/vitis/integrated_gcn/spmm_kernel/spmm_stage/hls/.autopilot/db/spmm_stage.bc -o /home/nat/dev/trinners/mai_proj/hls/thesis-gcn-accelerator/vitis/integrated_gcn/spmm_kernel/spmm_stage/hls/.autopilot/db/a.g.ld.0.bc > /home/nat/dev/trinners/mai_proj/hls/thesis-gcn-accelerator/vitis/integrated_gcn/spmm_kernel/spmm_stage/hls/.autopilot/db/a.g.ld.0.bc.llvm-link.out.log 2> /home/nat/dev/trinners/mai_proj/hls/thesis-gcn-accelerator/vitis/integrated_gcn/spmm_kernel/spmm_stage/hls/.autopilot/db/a.g.ld.0.bc.llvm-link.err.log
INFO-FLOW: run_clang result=success num-err-msgs=0 num-stderr-lines=0
Execute       run_link_or_opt -opt -out /home/nat/dev/trinners/mai_proj/hls/thesis-gcn-accelerator/vitis/integrated_gcn/spmm_kernel/spmm_stage/hls/.autopilot/db/a.g.ld.1.lower.bc -args /home/nat/dev/trinners/mai_proj/hls/thesis-gcn-accelerator/vitis/integrated_gcn/spmm_kernel/spmm_stage/hls/.autopilot/db/a.g.ld.0.bc -reflow-lower-math-intrinsics 
INFO-FLOW: run_clang a.g.ld.1.lower.bc.opt exec: /opt/Xilinx/2025.2/Vitis/lnx64/tools/clang-3.9-csynth/bin/opt -pass-remarks-missed=reflow|pasta|unroll|inline -pass-remarks=reflow|pasta|unroll|inline -pass-remarks-output=/home/nat/dev/trinners/mai_proj/hls/thesis-gcn-accelerator/vitis/integrated_gcn/spmm_kernel/spmm_stage/hls/.autopilot/db/a.g.ld.1.lower.bc.opt.diag.yml /home/nat/dev/trinners/mai_proj/hls/thesis-gcn-accelerator/vitis/integrated_gcn/spmm_kernel/spmm_stage/hls/.autopilot/db/a.g.ld.0.bc -reflow-lower-math-intrinsics -o /home/nat/dev/trinners/mai_proj/hls/thesis-gcn-accelerator/vitis/integrated_gcn/spmm_kernel/spmm_stage/hls/.autopilot/db/a.g.ld.1.lower.bc > /home/nat/dev/trinners/mai_proj/hls/thesis-gcn-accelerator/vitis/integrated_gcn/spmm_kernel/spmm_stage/hls/.autopilot/db/a.g.ld.1.lower.bc.opt.out.log 2> /home/nat/dev/trinners/mai_proj/hls/thesis-gcn-accelerator/vitis/integrated_gcn/spmm_kernel/spmm_stage/hls/.autopilot/db/a.g.ld.1.lower.bc.opt.err.log
INFO-FLOW: run_clang result=success num-err-msgs=0 num-stderr-lines=0
INFO-FLOW: Running: gen_design_size_report post-opt
INFO-FLOW: Done: gen_design_size_report post-opt time: 0 seconds 
INFO-FLOW: Linking math bc lib
Execute       run_link_or_opt -out /home/nat/dev/trinners/mai_proj/hls/thesis-gcn-accelerator/vitis/integrated_gcn/spmm_kernel/spmm_stage/hls/.autopilot/db/a.g.ld.2.m1.bc -args /home/nat/dev/trinners/mai_proj/hls/thesis-gcn-accelerator/vitis/integrated_gcn/spmm_kernel/spmm_stage/hls/.autopilot/db/a.g.ld.1.lower.bc -only-needed /opt/Xilinx/2025.2/Vitis/lnx64/lib/libhlsm_39.bc /opt/Xilinx/2025.2/Vitis/lnx64/lib/libhlsmc++_39.bc 
INFO-FLOW: run_clang a.g.ld.2.m1.bc.llvm-link exec: /opt/Xilinx/2025.2/Vitis/lnx64/tools/clang-3.9-csynth/bin/llvm-link /home/nat/dev/trinners/mai_proj/hls/thesis-gcn-accelerator/vitis/integrated_gcn/spmm_kernel/spmm_stage/hls/.autopilot/db/a.g.ld.1.lower.bc -only-needed /opt/Xilinx/2025.2/Vitis/lnx64/lib/libhlsm_39.bc /opt/Xilinx/2025.2/Vitis/lnx64/lib/libhlsmc++_39.bc -o /home/nat/dev/trinners/mai_proj/hls/thesis-gcn-accelerator/vitis/integrated_gcn/spmm_kernel/spmm_stage/hls/.autopilot/db/a.g.ld.2.m1.bc > /home/nat/dev/trinners/mai_proj/hls/thesis-gcn-accelerator/vitis/integrated_gcn/spmm_kernel/spmm_stage/hls/.autopilot/db/a.g.ld.2.m1.bc.llvm-link.out.log 2> /home/nat/dev/trinners/mai_proj/hls/thesis-gcn-accelerator/vitis/integrated_gcn/spmm_kernel/spmm_stage/hls/.autopilot/db/a.g.ld.2.m1.bc.llvm-link.err.log
INFO-FLOW: run_clang result=success num-err-msgs=0 num-stderr-lines=0
Command       run_link_or_opt done; 0.97 sec.
Execute       run_link_or_opt -opt -out /home/nat/dev/trinners/mai_proj/hls/thesis-gcn-accelerator/vitis/integrated_gcn/spmm_kernel/spmm_stage/hls/.autopilot/db/a.g.ld.3.fpc.bc -args /home/nat/dev/trinners/mai_proj/hls/thesis-gcn-accelerator/vitis/integrated_gcn/spmm_kernel/spmm_stage/hls/.autopilot/db/a.g.ld.2.m1.bc -reflow-globaldce -hls-top-function-name=spmm_stage -reflow-float-conversion 
INFO-FLOW: run_clang a.g.ld.3.fpc.bc.opt exec: /opt/Xilinx/2025.2/Vitis/lnx64/tools/clang-3.9-csynth/bin/opt -pass-remarks-missed=reflow|pasta|unroll|inline -pass-remarks=reflow|pasta|unroll|inline -pass-remarks-output=/home/nat/dev/trinners/mai_proj/hls/thesis-gcn-accelerator/vitis/integrated_gcn/spmm_kernel/spmm_stage/hls/.autopilot/db/a.g.ld.3.fpc.bc.opt.diag.yml /home/nat/dev/trinners/mai_proj/hls/thesis-gcn-accelerator/vitis/integrated_gcn/spmm_kernel/spmm_stage/hls/.autopilot/db/a.g.ld.2.m1.bc -reflow-globaldce -hls-top-function-name=spmm_stage -reflow-float-conversion -o /home/nat/dev/trinners/mai_proj/hls/thesis-gcn-accelerator/vitis/integrated_gcn/spmm_kernel/spmm_stage/hls/.autopilot/db/a.g.ld.3.fpc.bc > /home/nat/dev/trinners/mai_proj/hls/thesis-gcn-accelerator/vitis/integrated_gcn/spmm_kernel/spmm_stage/hls/.autopilot/db/a.g.ld.3.fpc.bc.opt.out.log 2> /home/nat/dev/trinners/mai_proj/hls/thesis-gcn-accelerator/vitis/integrated_gcn/spmm_kernel/spmm_stage/hls/.autopilot/db/a.g.ld.3.fpc.bc.opt.err.log
INFO-FLOW: run_clang result=success num-err-msgs=0 num-stderr-lines=0
INFO-FLOW: Running: gen_design_size_report post-opt
INFO-FLOW: Done: gen_design_size_report post-opt time: 0 seconds 
Command       run_link_or_opt done; 0.41 sec.
Execute       run_link_or_opt -out /home/nat/dev/trinners/mai_proj/hls/thesis-gcn-accelerator/vitis/integrated_gcn/spmm_kernel/spmm_stage/hls/.autopilot/db/a.g.ld.4.m2.bc -args /home/nat/dev/trinners/mai_proj/hls/thesis-gcn-accelerator/vitis/integrated_gcn/spmm_kernel/spmm_stage/hls/.autopilot/db/a.g.ld.3.fpc.bc -only-needed /opt/Xilinx/2025.2/Vitis/lnx64/lib/libfloatconversion_39.bc 
INFO-FLOW: run_clang a.g.ld.4.m2.bc.llvm-link exec: /opt/Xilinx/2025.2/Vitis/lnx64/tools/clang-3.9-csynth/bin/llvm-link /home/nat/dev/trinners/mai_proj/hls/thesis-gcn-accelerator/vitis/integrated_gcn/spmm_kernel/spmm_stage/hls/.autopilot/db/a.g.ld.3.fpc.bc -only-needed /opt/Xilinx/2025.2/Vitis/lnx64/lib/libfloatconversion_39.bc -o /home/nat/dev/trinners/mai_proj/hls/thesis-gcn-accelerator/vitis/integrated_gcn/spmm_kernel/spmm_stage/hls/.autopilot/db/a.g.ld.4.m2.bc > /home/nat/dev/trinners/mai_proj/hls/thesis-gcn-accelerator/vitis/integrated_gcn/spmm_kernel/spmm_stage/hls/.autopilot/db/a.g.ld.4.m2.bc.llvm-link.out.log 2> /home/nat/dev/trinners/mai_proj/hls/thesis-gcn-accelerator/vitis/integrated_gcn/spmm_kernel/spmm_stage/hls/.autopilot/db/a.g.ld.4.m2.bc.llvm-link.err.log
INFO-FLOW: run_clang result=success num-err-msgs=0 num-stderr-lines=0
Execute       run_link_or_opt -opt -out /home/nat/dev/trinners/mai_proj/hls/thesis-gcn-accelerator/vitis/integrated_gcn/spmm_kernel/spmm_stage/hls/.autopilot/db/a.g.ld.5.gdce.bc -args /home/nat/dev/trinners/mai_proj/hls/thesis-gcn-accelerator/vitis/integrated_gcn/spmm_kernel/spmm_stage/hls/.autopilot/db/a.g.ld.4.m2.bc -reflow-globaldce -hls-top-function-name=spmm_stage 
INFO-FLOW: run_clang a.g.ld.5.gdce.bc.opt exec: /opt/Xilinx/2025.2/Vitis/lnx64/tools/clang-3.9-csynth/bin/opt -pass-remarks-missed=reflow|pasta|unroll|inline -pass-remarks=reflow|pasta|unroll|inline -pass-remarks-output=/home/nat/dev/trinners/mai_proj/hls/thesis-gcn-accelerator/vitis/integrated_gcn/spmm_kernel/spmm_stage/hls/.autopilot/db/a.g.ld.5.gdce.bc.opt.diag.yml /home/nat/dev/trinners/mai_proj/hls/thesis-gcn-accelerator/vitis/integrated_gcn/spmm_kernel/spmm_stage/hls/.autopilot/db/a.g.ld.4.m2.bc -reflow-globaldce -hls-top-function-name=spmm_stage -o /home/nat/dev/trinners/mai_proj/hls/thesis-gcn-accelerator/vitis/integrated_gcn/spmm_kernel/spmm_stage/hls/.autopilot/db/a.g.ld.5.gdce.bc > /home/nat/dev/trinners/mai_proj/hls/thesis-gcn-accelerator/vitis/integrated_gcn/spmm_kernel/spmm_stage/hls/.autopilot/db/a.g.ld.5.gdce.bc.opt.out.log 2> /home/nat/dev/trinners/mai_proj/hls/thesis-gcn-accelerator/vitis/integrated_gcn/spmm_kernel/spmm_stage/hls/.autopilot/db/a.g.ld.5.gdce.bc.opt.err.log
INFO-FLOW: run_clang result=success num-err-msgs=0 num-stderr-lines=0
INFO-FLOW: Running: gen_design_size_report post-opt
INFO-FLOW: Done: gen_design_size_report post-opt time: 0 seconds 
Execute       send_msg_by_id INFO @200-777@%s Vivado 
INFO: [HLS 200-777] Using interface defaults for 'Vivado' flow target.
Execute       is_m_axi_addr64 
INFO-FLOW: Doing LTO.
INFO-FLOW: run_clang reflow (background poll_ms 5000) exec: /opt/Xilinx/2025.2/Vitis/lnx64/tools/clang-3.9-csynth/bin/clang -foptimization-record-file=/home/nat/dev/trinners/mai_proj/hls/thesis-gcn-accelerator/vitis/integrated_gcn/spmm_kernel/spmm_stage/hls/.autopilot/db/a.g.ld.0.bc.clang.reflow.diag.yml -mllvm -pass-remarks-missed=reflow|pasta|unroll|inline -mllvm -pass-remarks=reflow|pasta|unroll|inline -fhls -mllvm -hls-top-function-name=spmm_stage -mllvm -hls-db-dir -mllvm /home/nat/dev/trinners/mai_proj/hls/thesis-gcn-accelerator/vitis/integrated_gcn/spmm_kernel/spmm_stage/hls/.autopilot/db -emit-llvm -c -target fpga64-xilinx-none -mllvm -xcl-xmlinfo=/home/nat/dev/trinners/mai_proj/hls/thesis-gcn-accelerator/vitis/integrated_gcn/spmm_kernel/spmm_stage/hls/.autopilot/db/kernel.internal.xml -mllvm -top-io-mapping-info=/home/nat/dev/trinners/mai_proj/hls/thesis-gcn-accelerator/vitis/integrated_gcn/spmm_kernel/spmm_stage/hls/.autopilot/db/top-io-fe.xml -mllvm -hls-bitcode-version=3.1 -mllvm -reflow-enable-slave-interface-default-setting=true -mllvm -gen-kernel-xml=false -mllvm -default-maxi-offset=slave -mllvm -reflow-unroll-size-threshold=10000 -mllvm -reflow-unroll-cost-threshold=1000000 -mllvm -maxi-latency=0 -mllvm -hls-maxi-data-size-in-bits=8 -mllvm -hls-maxi-max-data-size-in-bits=1024 -mllvm -hls-max-widen-size-in-bits=0 -mllvm -xcl-kernel-max-mem-ports=0 -mllvm -maxi-read-trans=16 -mllvm -maxi-write-trans=16 -mllvm -maxi-read-burst-len=16 -mllvm -maxi-write-burst-len=16 -mllvm -reflow-enable-saxi-64bits=0 -mllvm -reflow-basic-block-instr-threshold=200000 -mllvm -reflow-auto-pipeline-threshold=64 -mllvm -reflow-enable-maxi-auto-id-channel=0 -mllvm -reflow-bdd-simplify-threshold=1048576 -mllvm -reflow-fanout-threshold=16 -mllvm -reflow-force-aggressive-unroll=0 -mllvm -reflow-aggressive-unroll-adjust-factor=1.000000 -mllvm -reflow-complete-threshold=4 -mllvm -reflow-array-promotion-threshold=64 -mllvm -reflow-enable-critical-path-for-performance=1 -mllvm -assume-maxi-align=1 -mllvm -reflow-enable-dataflow-strict-mode-checking=1 -ftime-report -mllvm -time-passes -mllvm -reflow-auto-array-partition-mode=default -mllvm -reflow-enable-auto-small-array-partition=true -mllvm -reflow-enable-auto-array-promotion=true -mllvm -reflow-enable-auto-array-partition-for-flatten=true -mllvm -reflow-enable-auto-parallel-performance-driven=true -mllvm -reflow-enable-partition-for-automation=true -mllvm -reflow-aggregate-bitwidth-threshold=4096 -mllvm -reflow-reserved-saxilite-registers=0 -mllvm -enable-reflow-auto-loop-pipeline -mllvm -reflow-max-unroll-threshold=409600 -mllvm -auto-unroll-tripcount-threshold=0 -mllvm -reflow-assume-no-address-wrap=true -mllvm -reflow-enable-occurrence-inference=true -mllvm -reflow-emit-hint-scope=true -mllvm -reflow-enable-codegen-with-if=true -mllvm -reflow-enable-dataflow-canon=true -mllvm -reflow-enable-dataflow-canon2=true -mllvm -reflow-dump-extra-complexity-metric=true -mllvm -reflow-enable-dse-loop-nest-extraction=false -mllvm -hls -mllvm -disable-inlined-alloca-merging=true -mllvm -default-clock-period=10 -mllvm -use_read_first_ram_in_loop=1 -mllvm -default-clock-uncertainty=2.7 -x ir /home/nat/dev/trinners/mai_proj/hls/thesis-gcn-accelerator/vitis/integrated_gcn/spmm_kernel/spmm_stage/hls/.autopilot/db/a.g.ld.5.gdce.bc -o /home/nat/dev/trinners/mai_proj/hls/thesis-gcn-accelerator/vitis/integrated_gcn/spmm_kernel/spmm_stage/hls/.autopilot/db/a.g.lto.bc -hls-platform-db-name=/opt/Xilinx/2025.2/Vitis/common/technology/xilinx/common/platform.db -hls-platform-name=zynquplus_medium -device-resource-info=BRAM_288.000000_DSP_1248.000000_FF_234240.000000_LUT_117120.000000_SLICE_14640.000000_URAM_64.000000 -device-name-info=xck26-sfvc784-2LV-c 2> /home/nat/dev/trinners/mai_proj/hls/thesis-gcn-accelerator/vitis/integrated_gcn/spmm_kernel/spmm_stage/hls/.autopilot/db/a.g.ld.0.bc.clang.reflow.err.log bg_poll_cmd: ::AP::poll_clang_39_closed_source
Execute       send_msg_by_id INFO @200-1995@%s%s%s 932 Compile/Link (/home/nat/dev/trinners/mai_proj/hls/thesis-gcn-accelerator/vitis/integrated_gcn/spmm_kernel/spmm_stage/hls/syn/report/csynth_design_size.rpt:2) 
INFO: [HLS 200-1995] There were 932 instructions in the design after the 'Compile/Link' phase of compilation. See the Design Size Report for more details (/home/nat/dev/trinners/mai_proj/hls/thesis-gcn-accelerator/vitis/integrated_gcn/spmm_kernel/spmm_stage/hls/syn/report/csynth_design_size.rpt:2)
Execute       send_msg_by_id INFO @200-1995@%s%s%s 2,952 Unroll/Inline (step 1) (/home/nat/dev/trinners/mai_proj/hls/thesis-gcn-accelerator/vitis/integrated_gcn/spmm_kernel/spmm_stage/hls/syn/report/csynth_design_size.rpt:2) 
INFO: [HLS 200-1995] There were 2,952 instructions in the design after the 'Unroll/Inline (step 1)' phase of compilation. See the Design Size Report for more details (/home/nat/dev/trinners/mai_proj/hls/thesis-gcn-accelerator/vitis/integrated_gcn/spmm_kernel/spmm_stage/hls/syn/report/csynth_design_size.rpt:2)
Execute       send_msg_by_id INFO @200-1995@%s%s%s 1,515 Unroll/Inline (step 2) (/home/nat/dev/trinners/mai_proj/hls/thesis-gcn-accelerator/vitis/integrated_gcn/spmm_kernel/spmm_stage/hls/syn/report/csynth_design_size.rpt:2) 
INFO: [HLS 200-1995] There were 1,515 instructions in the design after the 'Unroll/Inline (step 2)' phase of compilation. See the Design Size Report for more details (/home/nat/dev/trinners/mai_proj/hls/thesis-gcn-accelerator/vitis/integrated_gcn/spmm_kernel/spmm_stage/hls/syn/report/csynth_design_size.rpt:2)
Execute       send_msg_by_id INFO @200-1995@%s%s%s 1,292 Unroll/Inline (step 3) (/home/nat/dev/trinners/mai_proj/hls/thesis-gcn-accelerator/vitis/integrated_gcn/spmm_kernel/spmm_stage/hls/syn/report/csynth_design_size.rpt:2) 
INFO: [HLS 200-1995] There were 1,292 instructions in the design after the 'Unroll/Inline (step 3)' phase of compilation. See the Design Size Report for more details (/home/nat/dev/trinners/mai_proj/hls/thesis-gcn-accelerator/vitis/integrated_gcn/spmm_kernel/spmm_stage/hls/syn/report/csynth_design_size.rpt:2)
Execute       send_msg_by_id INFO @200-1995@%s%s%s 1,098 Unroll/Inline (step 4) (/home/nat/dev/trinners/mai_proj/hls/thesis-gcn-accelerator/vitis/integrated_gcn/spmm_kernel/spmm_stage/hls/syn/report/csynth_design_size.rpt:2) 
INFO: [HLS 200-1995] There were 1,098 instructions in the design after the 'Unroll/Inline (step 4)' phase of compilation. See the Design Size Report for more details (/home/nat/dev/trinners/mai_proj/hls/thesis-gcn-accelerator/vitis/integrated_gcn/spmm_kernel/spmm_stage/hls/syn/report/csynth_design_size.rpt:2)
Execute       send_msg_by_id INFO @200-1995@%s%s%s 6,838 Array/Struct (step 1) (/home/nat/dev/trinners/mai_proj/hls/thesis-gcn-accelerator/vitis/integrated_gcn/spmm_kernel/spmm_stage/hls/syn/report/csynth_design_size.rpt:2) 
INFO: [HLS 200-1995] There were 6,838 instructions in the design after the 'Array/Struct (step 1)' phase of compilation. See the Design Size Report for more details (/home/nat/dev/trinners/mai_proj/hls/thesis-gcn-accelerator/vitis/integrated_gcn/spmm_kernel/spmm_stage/hls/syn/report/csynth_design_size.rpt:2)
Execute       send_msg_by_id INFO @200-1995@%s%s%s 1,348 Array/Struct (step 2) (/home/nat/dev/trinners/mai_proj/hls/thesis-gcn-accelerator/vitis/integrated_gcn/spmm_kernel/spmm_stage/hls/syn/report/csynth_design_size.rpt:2) 
INFO: [HLS 200-1995] There were 1,348 instructions in the design after the 'Array/Struct (step 2)' phase of compilation. See the Design Size Report for more details (/home/nat/dev/trinners/mai_proj/hls/thesis-gcn-accelerator/vitis/integrated_gcn/spmm_kernel/spmm_stage/hls/syn/report/csynth_design_size.rpt:2)
Execute       send_msg_by_id INFO @200-1995@%s%s%s 1,459 Array/Struct (step 3) (/home/nat/dev/trinners/mai_proj/hls/thesis-gcn-accelerator/vitis/integrated_gcn/spmm_kernel/spmm_stage/hls/syn/report/csynth_design_size.rpt:2) 
INFO: [HLS 200-1995] There were 1,459 instructions in the design after the 'Array/Struct (step 3)' phase of compilation. See the Design Size Report for more details (/home/nat/dev/trinners/mai_proj/hls/thesis-gcn-accelerator/vitis/integrated_gcn/spmm_kernel/spmm_stage/hls/syn/report/csynth_design_size.rpt:2)
Execute       send_msg_by_id INFO @200-1995@%s%s%s 1,839 Array/Struct (step 4) (/home/nat/dev/trinners/mai_proj/hls/thesis-gcn-accelerator/vitis/integrated_gcn/spmm_kernel/spmm_stage/hls/syn/report/csynth_design_size.rpt:2) 
INFO: [HLS 200-1995] There were 1,839 instructions in the design after the 'Array/Struct (step 4)' phase of compilation. See the Design Size Report for more details (/home/nat/dev/trinners/mai_proj/hls/thesis-gcn-accelerator/vitis/integrated_gcn/spmm_kernel/spmm_stage/hls/syn/report/csynth_design_size.rpt:2)
Execute       send_msg_by_id INFO @200-1995@%s%s%s 1,844 Array/Struct (step 5) (/home/nat/dev/trinners/mai_proj/hls/thesis-gcn-accelerator/vitis/integrated_gcn/spmm_kernel/spmm_stage/hls/syn/report/csynth_design_size.rpt:2) 
INFO: [HLS 200-1995] There were 1,844 instructions in the design after the 'Array/Struct (step 5)' phase of compilation. See the Design Size Report for more details (/home/nat/dev/trinners/mai_proj/hls/thesis-gcn-accelerator/vitis/integrated_gcn/spmm_kernel/spmm_stage/hls/syn/report/csynth_design_size.rpt:2)
Execute       send_msg_by_id INFO @200-1995@%s%s%s 1,777 Performance (step 1) (/home/nat/dev/trinners/mai_proj/hls/thesis-gcn-accelerator/vitis/integrated_gcn/spmm_kernel/spmm_stage/hls/syn/report/csynth_design_size.rpt:2) 
INFO: [HLS 200-1995] There were 1,777 instructions in the design after the 'Performance (step 1)' phase of compilation. See the Design Size Report for more details (/home/nat/dev/trinners/mai_proj/hls/thesis-gcn-accelerator/vitis/integrated_gcn/spmm_kernel/spmm_stage/hls/syn/report/csynth_design_size.rpt:2)
Execute       send_msg_by_id INFO @200-1995@%s%s%s 1,776 Performance (step 2) (/home/nat/dev/trinners/mai_proj/hls/thesis-gcn-accelerator/vitis/integrated_gcn/spmm_kernel/spmm_stage/hls/syn/report/csynth_design_size.rpt:2) 
INFO: [HLS 200-1995] There were 1,776 instructions in the design after the 'Performance (step 2)' phase of compilation. See the Design Size Report for more details (/home/nat/dev/trinners/mai_proj/hls/thesis-gcn-accelerator/vitis/integrated_gcn/spmm_kernel/spmm_stage/hls/syn/report/csynth_design_size.rpt:2)
Execute       send_msg_by_id INFO @200-1995@%s%s%s 1,775 Performance (step 3) (/home/nat/dev/trinners/mai_proj/hls/thesis-gcn-accelerator/vitis/integrated_gcn/spmm_kernel/spmm_stage/hls/syn/report/csynth_design_size.rpt:2) 
INFO: [HLS 200-1995] There were 1,775 instructions in the design after the 'Performance (step 3)' phase of compilation. See the Design Size Report for more details (/home/nat/dev/trinners/mai_proj/hls/thesis-gcn-accelerator/vitis/integrated_gcn/spmm_kernel/spmm_stage/hls/syn/report/csynth_design_size.rpt:2)
Execute       send_msg_by_id INFO @200-1995@%s%s%s 1,775 Performance (step 4) (/home/nat/dev/trinners/mai_proj/hls/thesis-gcn-accelerator/vitis/integrated_gcn/spmm_kernel/spmm_stage/hls/syn/report/csynth_design_size.rpt:2) 
INFO: [HLS 200-1995] There were 1,775 instructions in the design after the 'Performance (step 4)' phase of compilation. See the Design Size Report for more details (/home/nat/dev/trinners/mai_proj/hls/thesis-gcn-accelerator/vitis/integrated_gcn/spmm_kernel/spmm_stage/hls/syn/report/csynth_design_size.rpt:2)
Execute       send_msg_by_id INFO @200-1995@%s%s%s 1,707 HW Transforms (step 1) (/home/nat/dev/trinners/mai_proj/hls/thesis-gcn-accelerator/vitis/integrated_gcn/spmm_kernel/spmm_stage/hls/syn/report/csynth_design_size.rpt:2) 
INFO: [HLS 200-1995] There were 1,707 instructions in the design after the 'HW Transforms (step 1)' phase of compilation. See the Design Size Report for more details (/home/nat/dev/trinners/mai_proj/hls/thesis-gcn-accelerator/vitis/integrated_gcn/spmm_kernel/spmm_stage/hls/syn/report/csynth_design_size.rpt:2)
Execute       send_msg_by_id INFO @200-1995@%s%s%s 1,771 HW Transforms (step 2) (/home/nat/dev/trinners/mai_proj/hls/thesis-gcn-accelerator/vitis/integrated_gcn/spmm_kernel/spmm_stage/hls/syn/report/csynth_design_size.rpt:2) 
INFO: [HLS 200-1995] There were 1,771 instructions in the design after the 'HW Transforms (step 2)' phase of compilation. See the Design Size Report for more details (/home/nat/dev/trinners/mai_proj/hls/thesis-gcn-accelerator/vitis/integrated_gcn/spmm_kernel/spmm_stage/hls/syn/report/csynth_design_size.rpt:2)
INFO: [HLS 214-291] Loop 'VITIS_LOOP_65_1' is marked as complete unroll implied by the pipeline pragma (src/integrated-gcn/spmm_stage.cpp:65:34)
INFO: [HLS 214-188] Unrolling loop 'SPMM_INIT' (src/integrated-gcn/spmm_stage.cpp:48:9) in function 'spmm_compute' partially with a factor of 32 (src/integrated-gcn/spmm_stage.cpp:36:0)
INFO: [HLS 214-186] Unrolling loop 'VITIS_LOOP_65_1' (src/integrated-gcn/spmm_stage.cpp:65:34) in function 'spmm_compute' completely with a factor of 32 (src/integrated-gcn/spmm_stage.cpp:36:0)
INFO: [HLS 214-188] Unrolling loop 'SPMM_MAC' (src/integrated-gcn/spmm_stage.cpp:72:13) in function 'spmm_compute' partially with a factor of 32 (src/integrated-gcn/spmm_stage.cpp:36:0)
INFO: [HLS 214-178] Inlining function 'std::__array_traits<ap_fixed<16, 6, (ap_q_mode)5, (ap_o_mode)3, 0>, 32ul>::_S_ref(ap_fixed<16, 6, (ap_q_mode)5, (ap_o_mode)3, 0> const (&) [32], unsigned long)' into 'std::array<ap_fixed<16, 6, (ap_q_mode)5, (ap_o_mode)3, 0>, 32ul>::operator[](unsigned long)' (/opt/Xilinx/2025.2/Vitis/tps/lnx64/gcc-8.3.0/lib/gcc/x86_64-pc-linux-gnu/8.3.0/../../../../include/c++/8.3.0/array:186:0)
INFO: [HLS 214-178] Inlining function 'std::array<ap_fixed<16, 6, (ap_q_mode)5, (ap_o_mode)3, 0>, 32ul>::operator[](unsigned long)' into 'spmm_compute(hls::vector<ap_fixed<16, 6, (ap_q_mode)5, (ap_o_mode)3, 0>, 32ul>*, hls::stream<int, 0>&, hls::stream<int, 0>&, hls::stream<ap_fixed<16, 6, (ap_q_mode)5, (ap_o_mode)3, 0>, 0>&, hls::stream<ap_fixed<16, 6, (ap_q_mode)5, (ap_o_mode)3, 0>, 0>&)' (src/integrated-gcn/spmm_stage.cpp:36:0)
INFO: [HLS 214-178] Inlining function 'std::array<ap_fixed<16, 6, (ap_q_mode)5, (ap_o_mode)3, 0>, 32ul>::operator[](unsigned long)' into 'spmm_store(hls::vector<ap_fixed<16, 6, (ap_q_mode)5, (ap_o_mode)3, 0>, 32ul>*, hls::stream<ap_fixed<16, 6, (ap_q_mode)5, (ap_o_mode)3, 0>, 0>&)' (src/integrated-gcn/spmm_stage.cpp:90:0)
WARNING: [HLS 214-464] Skipping array undecay on variable length array 'row_length'. (src/integrated-gcn/spmm_stage.cpp:115:0)
WARNING: [HLS 214-464] Skipping array undecay on variable length array 'colind'. (src/integrated-gcn/spmm_stage.cpp:115:0)
WARNING: [HLS 214-464] Skipping array undecay on variable length array 'values'. (src/integrated-gcn/spmm_stage.cpp:115:0)
WARNING: [HLS 214-464] Skipping array undecay on variable length array 'H_temp'. (src/integrated-gcn/spmm_stage.cpp:115:0)
WARNING: [HLS 214-464] Skipping array undecay on variable length array 'H_out'. (src/integrated-gcn/spmm_stage.cpp:115:0)
INFO: [HLS 214-248] Applying array_partition to 'acc': Cyclic partitioning with factor 32 on dimension 1. (src/integrated-gcn/spmm_stage.cpp:37:13)
INFO: [HLS 214-248] Applying array_partition to 'h_buf': Cyclic partitioning with factor 32 on dimension 1. (src/integrated-gcn/spmm_stage.cpp:38:11)
INFO: [HLS 214-241] Aggregating maxi variable 'H_temp' with compact=none mode in 512-bits (src/integrated-gcn/spmm_stage.cpp:115:0)
INFO: [HLS 214-241] Aggregating maxi variable 'H_out' with compact=none mode in 512-bits (src/integrated-gcn/spmm_stage.cpp:115:0)
INFO: [HLS 214-241] Aggregating scalar variable 'out_vec' with compact=bit mode in 512-bits (src/integrated-gcn/spmm_stage.cpp:91:31)
INFO: [HLS 214-115] Multiple burst reads of length 2708 and bit width 32 in loop 'LOAD_ROWS'(src/integrated-gcn/spmm_stage.cpp:17:5) has been inferred on bundle 'gmem0'. These burst requests might be further partitioned into multiple requests during RTL generation, based on max_read_burst_length or max_write_burst_length settings. (src/integrated-gcn/spmm_stage.cpp:17:5)
INFO: [HLS 214-115] Multiple burst reads of variable length and bit width 32 in loop 'LOAD_NNZ'(src/integrated-gcn/spmm_stage.cpp:23:5) has been inferred on bundle 'gmem1'. These burst requests might be further partitioned into multiple requests during RTL generation, based on max_read_burst_length or max_write_burst_length settings. (src/integrated-gcn/spmm_stage.cpp:23:5)
INFO: [HLS 214-115] Multiple burst reads of variable length and bit width 16 in loop 'LOAD_NNZ'(src/integrated-gcn/spmm_stage.cpp:23:5) has been inferred on bundle 'gmem2'. These burst requests might be further partitioned into multiple requests during RTL generation, based on max_read_burst_length or max_write_burst_length settings. (src/integrated-gcn/spmm_stage.cpp:23:5)
INFO: [HLS 214-115] Multiple burst reads of length 2 and bit width 512 in loop 'SPMM_LOAD_H'(src/integrated-gcn/spmm_stage.cpp:62:13) has been inferred on bundle 'gmem3'. These burst requests might be further partitioned into multiple requests during RTL generation, based on max_read_burst_length or max_write_burst_length settings. (src/integrated-gcn/spmm_stage.cpp:62:13)
INFO-FLOW: run_clang result=success num-err-msgs=0 num-stderr-lines=68
INFO-FLOW: DBG:PUTS: copy_raw_kernel_xml ap_link_39: kernel.xml not generated: /home/nat/dev/trinners/mai_proj/hls/thesis-gcn-accelerator/vitis/integrated_gcn/spmm_kernel/spmm_stage/hls/.autopilot/db/kernel.internal.xml
INFO: [HLS 200-111] Finished Compiling Optimization and Transform: CPU user time: 2.1 seconds. CPU system time: 0.41 seconds. Elapsed time: 6.84 seconds; current allocated memory: 278.035 MB.
INFO: [HLS 200-111] Finished Checking Pragmas: CPU user time: 0 seconds. CPU system time: 0 seconds. Elapsed time: 0 seconds; current allocated memory: 278.035 MB.
Execute       opt_and_import_c a -opt_level=2 -skip_syncheck=0 -ng=0 -keep_printf=0 
Execute         cleanup_all_models 
INFO: [HLS 200-10] Starting code transformations ...
INFO-FLOW: Running Standard Transforms...
Execute         transform -hls -share-std-xform -demangle-name -inline-byval-memcpy -always-inline -promote-dbg-pointer -interface-preproc -mem2reg -reassociate -gvn -reassociate -scalarrepl -mem2reg -keep-read-access -instcombine -dce -promote-dbg-pointer -bitop-raise -loop-simplify -indvarspre -indvars -loop-simplify -constprop -instcombine -simplifycfg -indvars -simplifycfg -dce -globaldce -basicaa -simplifycfg -mem2reg -globalopt -global-constprop -deadargelim -instcombine -simplifycfg -scalarrepl -instcombine -reassociate -licm -simplifycfg -loop-simplify -indvars -instcombine -simplifycfg -mem2reg -loop-simplify -indvars -instcombine -gvn -gvn -instcombine -adce -break-crit-edges -simplifycfg -loop-delete -global-array-opt -dce -dse -adce -find-syn-modules -top spmm_stage -deadargelim -mem2reg -instcombine -dce -presyn-prepare -interface-preproc -syn-check -check-rec-only -find-region -simplifycfg -func-extr -function-inline -globaldce -mem2reg -instcombine -dce -gvn -globaldce -adce -adse -constprop -instcombine -bit-constprop -instcombine -dce -simplifycfg -bitop-raise -simplifycfg -dce -loop-delete -reassociate -globalopt -global-privatize -mem2reg -dce -global-constprop -pointer-simplify -constprop -dce -promote-dbg-pointer -norm-name /home/nat/dev/trinners/mai_proj/hls/thesis-gcn-accelerator/vitis/integrated_gcn/spmm_kernel/spmm_stage/hls/.autopilot/db/a.g.0.bc -o /home/nat/dev/trinners/mai_proj/hls/thesis-gcn-accelerator/vitis/integrated_gcn/spmm_kernel/spmm_stage/hls/.autopilot/db/a.g.1.bc -f -phase std-opt 
INFO: [HLS 200-111] Finished Standard Transforms: CPU user time: 0.05 seconds. CPU system time: 0.01 seconds. Elapsed time: 0.05 seconds; current allocated memory: 279.719 MB.
INFO: [HLS 200-10] Checking synthesizability ...
INFO-FLOW: Checking Synthesizability 1/2..
Execute         transform -hls -syn-check -check-rec-only -scalarrepl -norm-name -dce -mem2reg -instcombine -directive-preproc -mem2reg -dse -dce -dce -pag -array-normalize -instcombine -dce -array-seg-normalize -instcombine -dce -data-pack -instcombine -dce -inst-simplify -array-flatten -instcombine -dce -array-burst -dce -deadargelim -promote-global-argument -simplifycfg -mem2reg -globaldce -dce -deadargelim -dce -instcombine -function-inline -globaldce -dce -doublePtrSimplify -doublePtrElim -dce -doublePtrSimplify -promote-dbg-pointer -dce -scalarrepl -dse -adse -instcombine -ptrLegalization -simplifycfg -dce -instcombine -pointer-simplify -ptrArgReplace -dce -instcombine -resolve-double-ptr -scalarrepl -norm-name -dce -mem2reg -instcombine -ptrLegalization -simplifycfg -deadargelim -instcombine -dce -inst-simplify -directive-preproc -mem2reg -dse -dce -globaldce /home/nat/dev/trinners/mai_proj/hls/thesis-gcn-accelerator/vitis/integrated_gcn/spmm_kernel/spmm_stage/hls/.autopilot/db/a.g.1.bc -o /home/nat/dev/trinners/mai_proj/hls/thesis-gcn-accelerator/vitis/integrated_gcn/spmm_kernel/spmm_stage/hls/.autopilot/db/a.g.2.prechk.bc -f 
INFO-FLOW: Checking Synthesizability 2/2..
Execute         transform -syn-check /home/nat/dev/trinners/mai_proj/hls/thesis-gcn-accelerator/vitis/integrated_gcn/spmm_kernel/spmm_stage/hls/.autopilot/db/a.g.2.prechk.bc -o /home/nat/dev/trinners/mai_proj/hls/thesis-gcn-accelerator/vitis/integrated_gcn/spmm_kernel/spmm_stage/hls/.autopilot/db/a.g.2.bc -f -phase syn-check 
INFO: [HLS 200-111] Finished Checking Synthesizability: CPU user time: 0.07 seconds. CPU system time: 0 seconds. Elapsed time: 0.07 seconds; current allocated memory: 281.527 MB.
INFO-FLOW: Compiler optimizing ...
INFO-FLOW: Share syncheck's 1.bc for syn flow: copy /home/nat/dev/trinners/mai_proj/hls/thesis-gcn-accelerator/vitis/integrated_gcn/spmm_kernel/spmm_stage/hls/.autopilot/db/a.g.1.bc to /home/nat/dev/trinners/mai_proj/hls/thesis-gcn-accelerator/vitis/integrated_gcn/spmm_kernel/spmm_stage/hls/.autopilot/db/a.o.1.bc
INFO-FLOW: Presyn 1...
Execute         transform -hls -tmp /home/nat/dev/trinners/mai_proj/hls/thesis-gcn-accelerator/vitis/integrated_gcn/spmm_kernel/spmm_stage/hls/.autopilot/db -interface-port-rename -directive-preproc -mem2reg -dse -dce -scalarrepl -norm-name -deadargelim -dce -hls-dead-arg-elim -deadargelim -mem2reg -instcombine -dce -simplifycfg -dce -resource-proc -clib-intrinsic-prepare -dce -func-buffer -dce -pag -array-normalize -func-legal -instcombine -gvn -constprop -dce -simplifycfg -mem2reg -globaldce -resolve-double-ptr -dce -deadargelim -dce -instcombine -ptrArgReplace -mem2reg -dce -array-seg-normalize -deadargelim -instcombine -dce -directive-preproc -mem2reg -dse -dce -pointer-simplify -dce -dce -interface-preproc -data-pack -instcombine -dce -basicaa -aggr-aa -aggrmodref-aa -aggr-aa -gvn -gvn -basicaa -aggr-aa -aggrmodref-aa -aggr-aa -dse -adse -adce -loop-simplify -indvars -instcombine -gvn -loop-simplify -mem2reg -dce -find-region -instcombine -inst-simplify -interface-preproc -cfgopt -instcombine -indvars -loop-simplify -loop-bound -constprop -instcombine -simplifycfg -indvars -simplifycfg -dce -globaldce -clean-region -attach-range -gvn -inst-simplify -constprop -simplifycfg -dce -pointer-simplify -dce -globalopt -constprop -dce -ptrArgReplace -mem2reg -simplifycfg -dce -instcombine -dce -array-transform-check -array-reshape -instcombine -simplifycfg -dce -ptrArgReplace -deadargelim -mem2reg -instcombine -simplifycfg -dce -indvars -loop-simplify -loop-bound -constprop -instcombine -simplifycfg -indvars -simplifycfg -dce -globaldce -basicaa -aggr-aa -aggrmodref-aa -aggr-aa -dse -duplicate-dataflow-processes -globaldce -instcombine -array-partition -prepare-dynamic-array-partition -instcombine -simplifycfg -dce -ptrArgReplace -global-constprop -deadargelim -mem2reg -func-legal -dce -global-constprop -deadargelim -mem2reg -simplifycfg -dce -merge-param -deadargelim -globalopt -constprop -dce -ptrArgReplace -mem2reg -simplifycfg -dce -mem-intrinsic-preproc -dce -global-internalize -global-privatize -mem2reg -globaldce -lcssa -loop-simplify -phi-select-elim -promote-global-argument -ptrArgReplace -mem2reg -dce -globalopt -mergereturn -simplify-global-access -mem2reg -dce -pointer-simplify -dce -basicaa -aggr-aa -aggrmodref-aa -aggr-aa -functionattrs -basicaa -aggr-aa -aggrmodref-aa -aggr-aa -gvn -gvn -basicaa -aggr-aa -aggrmodref-aa -aggr-aa -dse -adse -adce -dce -norm-name -basicaa -aggr-aa -aggrmodref-aa -aggr-aa -accesses-merge -function-inline -complex-op-raise -inst-simplify -globaldce -func-legal -dce -loop-bound -arraycheck -bitwidthmin2 -bitwidthmin2 -on-by-dataflow -loop-delete -instcombine -simplifycfg -globaldce -dce -gvn -deadargelim -dce -loop-simplify -clean-region -simplifycfg -propagate-stable-arguments -instcombine -simplifycfg -dce -globaldce -duplicate-dataflow-processes -stream-intrinsic-preproc -dce -check-ap-stream -loop-simplify -eliminate-keepreads -extract-dataflow-in-loop -loop-simplify -dce -gvn -deadargelim -dse -duplicate-dataflow-processes -check-dataflow-syntax -legalize-stream-variable -globaldce -extract-subproc -global-constprop -deadargelim -globaldce -legalize-global -dce -dead-channel-elimination -canonicalize-gep -globaldce -dce -gvn -hls-dead-arg-elim -deadargelim -canonicalize-dataflow -directive-preproc -dce -globaldce -scalar-preprocessing -scalar-propagation2 -scalar-stream -deadargelim -globaldce -mem2reg -check-dataflow-channels -function-stream -dce -globaldce -prop-fifo-spec -internal-stream-gen -canonicalize-gep -globaldce -dce -gvn -deadargelim -mergereturn -indvars -loop-simplify -instcombine -array-stream -array-seg-normalize -array-partition -clean-array-spec -func-legal -instcombine -simplifycfg -dce -bundle-memfifo-ops -deadargelim -directive-preproc -mem2reg -dse -dce -group-axi-access -licm -simplifycfg -dce -loop-delete -hls-display -norm-name /home/nat/dev/trinners/mai_proj/hls/thesis-gcn-accelerator/vitis/integrated_gcn/spmm_kernel/spmm_stage/hls/.autopilot/db/a.o.1.bc -o /home/nat/dev/trinners/mai_proj/hls/thesis-gcn-accelerator/vitis/integrated_gcn/spmm_kernel/spmm_stage/hls/.autopilot/db/a.o.1.tmp.bc -f 
INFO: [XFORM 203-712] Applying dataflow to function 'spmm_stage' (src/integrated-gcn/spmm_stage.cpp:108:1), detected/extracted 4 process function(s): 
	 'entry_proc'
	 'spmm_load_csr'
	 'spmm_compute'
	 'spmm_store'.
Command         transform done; 0.13 sec.
INFO-FLOW: Presyn 2...
Execute         transform -hls -keep-callgraph -scalarrepl -mem2reg -attach-range -dce -pipe-mux-gen -indvars -loop-bound -inst-simplify -instcombine -dce -merge-array-access -mem2reg -dce -clean-region -mergereturn -if-conv -instcombine -dce -constprop -basicaa -aggr-aa -aggrmodref-aa -aggr-aa -gvn -gvn -basicaa -aggr-aa -aggrmodref-aa -aggr-aa -dse -adse -adce -scalarrepl -mem2reg -global-constprop -deadargelim -deadargelim -instcombine -dce -simplifycfg -ptrArgReplace -mem2reg -function-inline -globaldce -mem2reg -instcombine -dce -expr-balance -instcombine -dce -bitwidthmin2 -bitwidthmin2 -interface-preproc -directive-preproc -inst-rectify -instcombine -dce -basicaa -aggr-aa -aggrmodref-aa -aggr-aa -functionattrs -constprop -instcombine -bit-constprop -simplify-global-access -globalopt -globaldce -inst-simplify -instcombine -elimdeaddata -dce -loop-delete -simplifycfg -loop-simplify -barrier -norm-name /home/nat/dev/trinners/mai_proj/hls/thesis-gcn-accelerator/vitis/integrated_gcn/spmm_kernel/spmm_stage/hls/.autopilot/db/a.o.1.tmp.bc -o /home/nat/dev/trinners/mai_proj/hls/thesis-gcn-accelerator/vitis/integrated_gcn/spmm_kernel/spmm_stage/hls/.autopilot/db/a.o.2.bc -f -phase presyn 
INFO: [HLS 200-111] Finished Loop, function and other optimizations: CPU user time: 0.18 seconds. CPU system time: 0.01 seconds. Elapsed time: 0.19 seconds; current allocated memory: 306.992 MB.
Execute         transform -hls -auto-function-inline -globaldce -ptrArgReplace -mem2reg -dce -reset-lda -loop-simplify -indvars -aggr-aa -licm -loop-dep -loop-bound -licm -loop-simplify -loop-sink-hoist -flattenloopnest -array-flatten -gvn -instcombine -dce -array-map -dce -func-legal -gvn -adce -instcombine -cfgopt -simplifycfg-lite -loop-simplify -array-burst -promote-global-argument -dce -array-seg-normalize -basicaa -aggrmodref-aa -globalsmodref-aa -aggr-aa -gvn -gvn -basicaa -aggrmodref-aa -globalsmodref-aa -aggr-aa -dse -adse -adce -licm -inst-simplify -dce -globaldce -instcombine -array-stream -eliminate-keepreads -instcombine -dce -deadargelim -doublePtrSimplify -doublePtrElim -dce -doublePtrSimplify -promote-dbg-pointer -dce -scalarrepl -mem2reg -norm-name -mem2reg -instcombine -dse -adse -adce -ptrLegalization -dce -array-flatten -dce -instcombine -check-doubleptr -loop-rot -constprop -inst-simplify -cfgopt -simplifycfg-lite -loop-simplify -indvars -pointer-simplify -dce -loop-bound -loop-simplify -loop-preproc -constprop -global-constprop -gvn -mem2reg -instcombine -dce -loop-bound -loop-merge -dce -deadargelim -dce -canonicalize-dataflow -dce -deadargelim -globaldce -mem2reg -bram-byte-enable -inst-simplify -inst-rectify -instcombine -adce -deadargelim -load-elim -read-loop-dep -loop-simplify -loop-rewind-sink-hoist -loop-outline -hls-dead-arg-elim -directive-preproc -bitwidthmin2 -bitwidthmin2 -read-loop-dep -interface-preproc -directive-preproc -interface-gen -bram-byte-enable-spec-prop -mul2addshift -deadargelim -inst-simplify -dce -mem2reg -instcombine -gvn -dce -adse -loop-bound -instcombine -cfgopt -simplifycfg-lite -loop-simplify -clean-region -io-protocol -find-region -mem2reg -bitop-raise -complex-op-raise -inst-simplify -inst-rectify -instcombine -gvn -adce -deadargelim -float-op-raise -loop-simplify -phi-opt -bitop-raise -cfgopt -simplifycfg-lite -strip-dead-prototypes -interface-lower -bitop-lower -intrinsic-lower -auto-function-inline -basicaa -aggrmodref-aa -globalsmodref-aa -aggr-aa -inst-simplify -simplifycfg-lite -loop-simplify -mergereturn -inst-simplify -inst-rectify -globaldce -dce -load-elim -bitop-lower -float-op-raise -fma-raise -loop-rewind -pointer-simplify -dce -cfgopt -dce -loop-bound -loop-dep -read-loop-dep -dce -dyn-mem-reuse -dce -recurrence-min -dce -share-scalar-alloca -deadargelim -dce -check-stream -norm-name -legalize -inst-clarity -bitwidth -dce -validate-dataflow -dump-loop-dep-to-ir -check-all-ssdm -drop-inferred-ii -dump-complexity-metric /home/nat/dev/trinners/mai_proj/hls/thesis-gcn-accelerator/vitis/integrated_gcn/spmm_kernel/spmm_stage/hls/.autopilot/db/a.o.2.bc -o /home/nat/dev/trinners/mai_proj/hls/thesis-gcn-accelerator/vitis/integrated_gcn/spmm_kernel/spmm_stage/hls/.autopilot/db/a.o.3.bc -f -phase build-ssdm 
INFO: [HLS 200-2061] Successfully converted nested loops 'SPMM_STORE_ROW'(src/integrated-gcn/spmm_stage.cpp:94:5) and 'SPMM_STORE_FEAT'(src/integrated-gcn/spmm_stage.cpp:96:9) in function 'spmm_store' into perfectly nested loops.
INFO: [XFORM 203-541] Flattening a loop nest 'SPMM_STORE_ROW' (src/integrated-gcn/spmm_stage.cpp:94:5) in function 'spmm_store'.
Execute           AP::auto_get_db
Command         transform done; 0.13 sec.
INFO-FLOW: Building ssdm...
Execute         transform -hls -cdfg-build /home/nat/dev/trinners/mai_proj/hls/thesis-gcn-accelerator/vitis/integrated_gcn/spmm_kernel/spmm_stage/hls/.autopilot/db/a.o.3.bc -o /home/nat/dev/trinners/mai_proj/hls/thesis-gcn-accelerator/vitis/integrated_gcn/spmm_kernel/spmm_stage/hls/.autopilot/db/a.o.3.bc -f -phase build-ssdm 
WARNING: [HLS 200-1449] Process spmm_compute has both a predecessor and reads an input from its caller (see the GUI dataflow viewer). This may lead to lower throughput. Consider copying this input via a predecessor process.
INFO: [HLS 200-111] Finished Architecture Synthesis: CPU user time: 0.15 seconds. CPU system time: 0.02 seconds. Elapsed time: 0.18 seconds; current allocated memory: 394.078 MB.
INFO-FLOW: Finish building internal data model.
Command       opt_and_import_c done; 0.49 sec.
Command     elaborate done; 10.75 sec.
Execute     ap_eval exec zip -j /home/nat/dev/trinners/mai_proj/hls/thesis-gcn-accelerator/vitis/integrated_gcn/spmm_kernel/spmm_stage/hls/.autopilot/db/dut.hcp $dbDir/a.o.3.bc $dbDir/${topname}.rtl_wrap.cfg.tcl $dbDir/apatb_${topname}.cpp $dbDir/apatb_${topname}_util.cpp $dbDir/apatb_${topname}_ir.ll $dbDir/mapper_${topname}.cpp $dbDir/top-io-fe.xml $dbDir/kernel.internal.xml $workdir/../hls.app 
INFO: [HLS 200-10] Starting hardware synthesis ...
INFO-FLOW: Synthesizing C/C++ design AP::SynTopModule=spmm_stage
INFO: [HLS 200-10] Synthesizing 'spmm_stage' ...
Execute     ap_set_top_model spmm_stage 
Execute     get_model_list spmm_stage -filter all-wo-channel -topdown 
Execute     preproc_iomode -model spmm_stage 
Execute     preproc_iomode -model spmm_store 
Execute     preproc_iomode -model spmm_compute 
Execute     preproc_iomode -model spmm_compute_Pipeline_SPMM_WRITE 
Execute     preproc_iomode -model spmm_compute_Pipeline_SPMM_MAC 
Execute     preproc_iomode -model spmm_compute_Pipeline_SPMM_LOAD_H 
Execute     preproc_iomode -model spmm_compute_Pipeline_SPMM_INIT 
Execute     preproc_iomode -model spmm_load_csr 
Execute     preproc_iomode -model spmm_load_csr_Pipeline_LOAD_NNZ 
Execute     preproc_iomode -model spmm_load_csr_Pipeline_LOAD_ROWS 
Execute     preproc_iomode -model entry_proc 
Execute     get_model_list spmm_stage -filter all-wo-channel 
INFO-FLOW: Model list for configure: entry_proc spmm_load_csr_Pipeline_LOAD_ROWS spmm_load_csr_Pipeline_LOAD_NNZ spmm_load_csr spmm_compute_Pipeline_SPMM_INIT spmm_compute_Pipeline_SPMM_LOAD_H spmm_compute_Pipeline_SPMM_MAC spmm_compute_Pipeline_SPMM_WRITE spmm_compute spmm_store spmm_stage
INFO-FLOW: Configuring Module : entry_proc ...
Execute     set_default_model entry_proc 
Execute     apply_spec_resource_limit entry_proc 
INFO-FLOW: Configuring Module : spmm_load_csr_Pipeline_LOAD_ROWS ...
Execute     set_default_model spmm_load_csr_Pipeline_LOAD_ROWS 
Execute     apply_spec_resource_limit spmm_load_csr_Pipeline_LOAD_ROWS 
INFO-FLOW: Configuring Module : spmm_load_csr_Pipeline_LOAD_NNZ ...
Execute     set_default_model spmm_load_csr_Pipeline_LOAD_NNZ 
Execute     apply_spec_resource_limit spmm_load_csr_Pipeline_LOAD_NNZ 
INFO-FLOW: Configuring Module : spmm_load_csr ...
Execute     set_default_model spmm_load_csr 
Execute     apply_spec_resource_limit spmm_load_csr 
INFO-FLOW: Configuring Module : spmm_compute_Pipeline_SPMM_INIT ...
Execute     set_default_model spmm_compute_Pipeline_SPMM_INIT 
Execute     apply_spec_resource_limit spmm_compute_Pipeline_SPMM_INIT 
INFO-FLOW: Configuring Module : spmm_compute_Pipeline_SPMM_LOAD_H ...
Execute     set_default_model spmm_compute_Pipeline_SPMM_LOAD_H 
Execute     apply_spec_resource_limit spmm_compute_Pipeline_SPMM_LOAD_H 
INFO-FLOW: Configuring Module : spmm_compute_Pipeline_SPMM_MAC ...
Execute     set_default_model spmm_compute_Pipeline_SPMM_MAC 
Execute     apply_spec_resource_limit spmm_compute_Pipeline_SPMM_MAC 
INFO-FLOW: Configuring Module : spmm_compute_Pipeline_SPMM_WRITE ...
Execute     set_default_model spmm_compute_Pipeline_SPMM_WRITE 
Execute     apply_spec_resource_limit spmm_compute_Pipeline_SPMM_WRITE 
INFO-FLOW: Configuring Module : spmm_compute ...
Execute     set_default_model spmm_compute 
Execute     apply_spec_resource_limit spmm_compute 
INFO-FLOW: Configuring Module : spmm_store ...
Execute     set_default_model spmm_store 
Execute     apply_spec_resource_limit spmm_store 
INFO-FLOW: Configuring Module : spmm_stage ...
Execute     set_default_model spmm_stage 
Execute     apply_spec_resource_limit spmm_stage 
INFO-FLOW: Model list for preprocess: entry_proc spmm_load_csr_Pipeline_LOAD_ROWS spmm_load_csr_Pipeline_LOAD_NNZ spmm_load_csr spmm_compute_Pipeline_SPMM_INIT spmm_compute_Pipeline_SPMM_LOAD_H spmm_compute_Pipeline_SPMM_MAC spmm_compute_Pipeline_SPMM_WRITE spmm_compute spmm_store spmm_stage
INFO-FLOW: Preprocessing Module: entry_proc ...
Execute     set_default_model entry_proc 
Execute     cdfg_preprocess -model entry_proc 
Execute     rtl_gen_preprocess entry_proc 
INFO-FLOW: Preprocessing Module: spmm_load_csr_Pipeline_LOAD_ROWS ...
Execute     set_default_model spmm_load_csr_Pipeline_LOAD_ROWS 
Execute     cdfg_preprocess -model spmm_load_csr_Pipeline_LOAD_ROWS 
Execute     rtl_gen_preprocess spmm_load_csr_Pipeline_LOAD_ROWS 
INFO-FLOW: Preprocessing Module: spmm_load_csr_Pipeline_LOAD_NNZ ...
Execute     set_default_model spmm_load_csr_Pipeline_LOAD_NNZ 
Execute     cdfg_preprocess -model spmm_load_csr_Pipeline_LOAD_NNZ 
Execute     rtl_gen_preprocess spmm_load_csr_Pipeline_LOAD_NNZ 
INFO-FLOW: Preprocessing Module: spmm_load_csr ...
Execute     set_default_model spmm_load_csr 
Execute     cdfg_preprocess -model spmm_load_csr 
Execute     rtl_gen_preprocess spmm_load_csr 
INFO-FLOW: Preprocessing Module: spmm_compute_Pipeline_SPMM_INIT ...
Execute     set_default_model spmm_compute_Pipeline_SPMM_INIT 
Execute     cdfg_preprocess -model spmm_compute_Pipeline_SPMM_INIT 
Execute     rtl_gen_preprocess spmm_compute_Pipeline_SPMM_INIT 
INFO-FLOW: Preprocessing Module: spmm_compute_Pipeline_SPMM_LOAD_H ...
Execute     set_default_model spmm_compute_Pipeline_SPMM_LOAD_H 
Execute     cdfg_preprocess -model spmm_compute_Pipeline_SPMM_LOAD_H 
Execute     rtl_gen_preprocess spmm_compute_Pipeline_SPMM_LOAD_H 
INFO-FLOW: Preprocessing Module: spmm_compute_Pipeline_SPMM_MAC ...
Execute     set_default_model spmm_compute_Pipeline_SPMM_MAC 
Execute     cdfg_preprocess -model spmm_compute_Pipeline_SPMM_MAC 
Execute     rtl_gen_preprocess spmm_compute_Pipeline_SPMM_MAC 
INFO-FLOW: Preprocessing Module: spmm_compute_Pipeline_SPMM_WRITE ...
Execute     set_default_model spmm_compute_Pipeline_SPMM_WRITE 
Execute     cdfg_preprocess -model spmm_compute_Pipeline_SPMM_WRITE 
Execute     rtl_gen_preprocess spmm_compute_Pipeline_SPMM_WRITE 
INFO-FLOW: Preprocessing Module: spmm_compute ...
Execute     set_default_model spmm_compute 
Execute     cdfg_preprocess -model spmm_compute 
Execute     rtl_gen_preprocess spmm_compute 
INFO-FLOW: Preprocessing Module: spmm_store ...
Execute     set_default_model spmm_store 
Execute     cdfg_preprocess -model spmm_store 
Execute     rtl_gen_preprocess spmm_store 
INFO-FLOW: Preprocessing Module: spmm_stage ...
Execute     set_default_model spmm_stage 
Execute     cdfg_preprocess -model spmm_stage 
Execute     rtl_gen_preprocess spmm_stage 
INFO-FLOW: Model list for synthesis: entry_proc spmm_load_csr_Pipeline_LOAD_ROWS spmm_load_csr_Pipeline_LOAD_NNZ spmm_load_csr spmm_compute_Pipeline_SPMM_INIT spmm_compute_Pipeline_SPMM_LOAD_H spmm_compute_Pipeline_SPMM_MAC spmm_compute_Pipeline_SPMM_WRITE spmm_compute spmm_store spmm_stage
INFO: [HLS 200-10] ----------------------------------------------------------------
INFO: [HLS 200-42] -- Implementing module 'entry_proc' 
INFO: [HLS 200-10] ----------------------------------------------------------------
Execute     set_default_model entry_proc 
Execute     schedule -model entry_proc 
INFO: [SCHED 204-11] Starting scheduling ...
INFO: [SCHED 204-11] Finished scheduling.
INFO: [HLS 200-111] Finished Scheduling: CPU user time: 0.03 seconds. CPU system time: 0.02 seconds. Elapsed time: 0.06 seconds; current allocated memory: 394.078 MB.
Execute     syn_report -verbosereport -o /home/nat/dev/trinners/mai_proj/hls/thesis-gcn-accelerator/vitis/integrated_gcn/spmm_kernel/spmm_stage/hls/.autopilot/db/entry_proc.verbose.sched.rpt 
Execute       list_part -family xck26-sfvc784-2LV-c 
Execute         ap_family_info -name xck26-sfvc784-2LV-c -data names 
Execute         ap_part_info -quiet -name xck26-sfvc784-2LV-c -data family 
Execute     db_write -o /home/nat/dev/trinners/mai_proj/hls/thesis-gcn-accelerator/vitis/integrated_gcn/spmm_kernel/spmm_stage/hls/.autopilot/db/entry_proc.sched.adb -f 
INFO-FLOW: Finish scheduling entry_proc.
Execute     set_default_model entry_proc 
Execute     bind -model entry_proc 
INFO: [BIND 205-100] Starting micro-architecture generation ...
INFO: [BIND 205-101] Performing variable lifetime analysis.
INFO: [BIND 205-101] Exploring resource sharing.
INFO: [BIND 205-101] Binding ...
INFO: [BIND 205-100] Finished micro-architecture generation.
INFO: [HLS 200-111] Finished Binding: CPU user time: 0.01 seconds. CPU system time: 0 seconds. Elapsed time: 0 seconds; current allocated memory: 394.078 MB.
Execute     syn_report -verbosereport -o /home/nat/dev/trinners/mai_proj/hls/thesis-gcn-accelerator/vitis/integrated_gcn/spmm_kernel/spmm_stage/hls/.autopilot/db/entry_proc.verbose.bind.rpt 
Execute       list_part -family xck26-sfvc784-2LV-c 
Execute         ap_family_info -name xck26-sfvc784-2LV-c -data names 
Execute         ap_part_info -quiet -name xck26-sfvc784-2LV-c -data family 
Execute     db_write -o /home/nat/dev/trinners/mai_proj/hls/thesis-gcn-accelerator/vitis/integrated_gcn/spmm_kernel/spmm_stage/hls/.autopilot/db/entry_proc.bind.adb -f 
INFO-FLOW: Finish binding entry_proc.
INFO: [HLS 200-10] ----------------------------------------------------------------
INFO: [HLS 200-42] -- Implementing module 'spmm_load_csr_Pipeline_LOAD_ROWS' 
INFO: [HLS 200-10] ----------------------------------------------------------------
Execute     set_default_model spmm_load_csr_Pipeline_LOAD_ROWS 
Execute     schedule -model spmm_load_csr_Pipeline_LOAD_ROWS 
INFO: [SCHED 204-11] Starting scheduling ...
INFO: [SCHED 204-61] Pipelining loop 'LOAD_ROWS'.
INFO: [HLS 200-1470] Pipelining result : Target II = 1, Final II = 1, Depth = 3, loop 'LOAD_ROWS'
INFO: [SCHED 204-11] Finished scheduling.
INFO: [HLS 200-111] Finished Scheduling: CPU user time: 0.01 seconds. CPU system time: 0 seconds. Elapsed time: 0.01 seconds; current allocated memory: 395.012 MB.
Execute     syn_report -verbosereport -o /home/nat/dev/trinners/mai_proj/hls/thesis-gcn-accelerator/vitis/integrated_gcn/spmm_kernel/spmm_stage/hls/.autopilot/db/spmm_load_csr_Pipeline_LOAD_ROWS.verbose.sched.rpt 
Execute       list_part -family xck26-sfvc784-2LV-c 
Execute         ap_family_info -name xck26-sfvc784-2LV-c -data names 
Execute         ap_part_info -quiet -name xck26-sfvc784-2LV-c -data family 
Execute     db_write -o /home/nat/dev/trinners/mai_proj/hls/thesis-gcn-accelerator/vitis/integrated_gcn/spmm_kernel/spmm_stage/hls/.autopilot/db/spmm_load_csr_Pipeline_LOAD_ROWS.sched.adb -f 
INFO-FLOW: Finish scheduling spmm_load_csr_Pipeline_LOAD_ROWS.
Execute     set_default_model spmm_load_csr_Pipeline_LOAD_ROWS 
Execute     bind -model spmm_load_csr_Pipeline_LOAD_ROWS 
INFO: [BIND 205-100] Starting micro-architecture generation ...
INFO: [BIND 205-101] Performing variable lifetime analysis.
INFO: [BIND 205-101] Exploring resource sharing.
INFO: [BIND 205-101] Binding ...
INFO: [BIND 205-100] Finished micro-architecture generation.
INFO: [HLS 200-111] Finished Binding: CPU user time: 0 seconds. CPU system time: 0 seconds. Elapsed time: 0.01 seconds; current allocated memory: 395.012 MB.
Execute     syn_report -verbosereport -o /home/nat/dev/trinners/mai_proj/hls/thesis-gcn-accelerator/vitis/integrated_gcn/spmm_kernel/spmm_stage/hls/.autopilot/db/spmm_load_csr_Pipeline_LOAD_ROWS.verbose.bind.rpt 
Execute       list_part -family xck26-sfvc784-2LV-c 
Execute         ap_family_info -name xck26-sfvc784-2LV-c -data names 
Execute         ap_part_info -quiet -name xck26-sfvc784-2LV-c -data family 
Execute     db_write -o /home/nat/dev/trinners/mai_proj/hls/thesis-gcn-accelerator/vitis/integrated_gcn/spmm_kernel/spmm_stage/hls/.autopilot/db/spmm_load_csr_Pipeline_LOAD_ROWS.bind.adb -f 
INFO-FLOW: Finish binding spmm_load_csr_Pipeline_LOAD_ROWS.
INFO: [HLS 200-10] ----------------------------------------------------------------
INFO: [HLS 200-42] -- Implementing module 'spmm_load_csr_Pipeline_LOAD_NNZ' 
INFO: [HLS 200-10] ----------------------------------------------------------------
Execute     set_default_model spmm_load_csr_Pipeline_LOAD_NNZ 
Execute     schedule -model spmm_load_csr_Pipeline_LOAD_NNZ 
INFO: [SCHED 204-11] Starting scheduling ...
INFO: [SCHED 204-61] Pipelining loop 'LOAD_NNZ'.
INFO: [HLS 200-1470] Pipelining result : Target II = 1, Final II = 1, Depth = 3, loop 'LOAD_NNZ'
INFO: [SCHED 204-11] Finished scheduling.
INFO: [HLS 200-111] Finished Scheduling: CPU user time: 0.01 seconds. CPU system time: 0 seconds. Elapsed time: 0.01 seconds; current allocated memory: 395.020 MB.
Execute     syn_report -verbosereport -o /home/nat/dev/trinners/mai_proj/hls/thesis-gcn-accelerator/vitis/integrated_gcn/spmm_kernel/spmm_stage/hls/.autopilot/db/spmm_load_csr_Pipeline_LOAD_NNZ.verbose.sched.rpt 
Execute       list_part -family xck26-sfvc784-2LV-c 
Execute         ap_family_info -name xck26-sfvc784-2LV-c -data names 
Execute         ap_part_info -quiet -name xck26-sfvc784-2LV-c -data family 
Execute     db_write -o /home/nat/dev/trinners/mai_proj/hls/thesis-gcn-accelerator/vitis/integrated_gcn/spmm_kernel/spmm_stage/hls/.autopilot/db/spmm_load_csr_Pipeline_LOAD_NNZ.sched.adb -f 
INFO-FLOW: Finish scheduling spmm_load_csr_Pipeline_LOAD_NNZ.
Execute     set_default_model spmm_load_csr_Pipeline_LOAD_NNZ 
Execute     bind -model spmm_load_csr_Pipeline_LOAD_NNZ 
INFO: [BIND 205-100] Starting micro-architecture generation ...
INFO: [BIND 205-101] Performing variable lifetime analysis.
INFO: [BIND 205-101] Exploring resource sharing.
INFO: [BIND 205-101] Binding ...
INFO: [BIND 205-100] Finished micro-architecture generation.
INFO: [HLS 200-111] Finished Binding: CPU user time: 0.01 seconds. CPU system time: 0 seconds. Elapsed time: 0.01 seconds; current allocated memory: 395.020 MB.
Execute     syn_report -verbosereport -o /home/nat/dev/trinners/mai_proj/hls/thesis-gcn-accelerator/vitis/integrated_gcn/spmm_kernel/spmm_stage/hls/.autopilot/db/spmm_load_csr_Pipeline_LOAD_NNZ.verbose.bind.rpt 
Execute       list_part -family xck26-sfvc784-2LV-c 
Execute         ap_family_info -name xck26-sfvc784-2LV-c -data names 
Execute         ap_part_info -quiet -name xck26-sfvc784-2LV-c -data family 
Execute     db_write -o /home/nat/dev/trinners/mai_proj/hls/thesis-gcn-accelerator/vitis/integrated_gcn/spmm_kernel/spmm_stage/hls/.autopilot/db/spmm_load_csr_Pipeline_LOAD_NNZ.bind.adb -f 
INFO-FLOW: Finish binding spmm_load_csr_Pipeline_LOAD_NNZ.
INFO: [HLS 200-10] ----------------------------------------------------------------
INFO: [HLS 200-42] -- Implementing module 'spmm_load_csr' 
INFO: [HLS 200-10] ----------------------------------------------------------------
Execute     set_default_model spmm_load_csr 
Execute     schedule -model spmm_load_csr 
INFO: [SCHED 204-11] Starting scheduling ...
INFO: [SCHED 204-11] Finished scheduling.
INFO: [HLS 200-111] Finished Scheduling: CPU user time: 0.01 seconds. CPU system time: 0 seconds. Elapsed time: 0.01 seconds; current allocated memory: 395.020 MB.
Execute     syn_report -verbosereport -o /home/nat/dev/trinners/mai_proj/hls/thesis-gcn-accelerator/vitis/integrated_gcn/spmm_kernel/spmm_stage/hls/.autopilot/db/spmm_load_csr.verbose.sched.rpt 
Execute       list_part -family xck26-sfvc784-2LV-c 
Execute         ap_family_info -name xck26-sfvc784-2LV-c -data names 
Execute         ap_part_info -quiet -name xck26-sfvc784-2LV-c -data family 
Execute     db_write -o /home/nat/dev/trinners/mai_proj/hls/thesis-gcn-accelerator/vitis/integrated_gcn/spmm_kernel/spmm_stage/hls/.autopilot/db/spmm_load_csr.sched.adb -f 
INFO-FLOW: Finish scheduling spmm_load_csr.
Execute     set_default_model spmm_load_csr 
Execute     bind -model spmm_load_csr 
INFO: [BIND 205-100] Starting micro-architecture generation ...
INFO: [BIND 205-101] Performing variable lifetime analysis.
INFO: [BIND 205-101] Exploring resource sharing.
INFO: [BIND 205-101] Binding ...
INFO: [BIND 205-100] Finished micro-architecture generation.
INFO: [HLS 200-111] Finished Binding: CPU user time: 0 seconds. CPU system time: 0 seconds. Elapsed time: 0 seconds; current allocated memory: 395.020 MB.
Execute     syn_report -verbosereport -o /home/nat/dev/trinners/mai_proj/hls/thesis-gcn-accelerator/vitis/integrated_gcn/spmm_kernel/spmm_stage/hls/.autopilot/db/spmm_load_csr.verbose.bind.rpt 
Execute       list_part -family xck26-sfvc784-2LV-c 
Execute         ap_family_info -name xck26-sfvc784-2LV-c -data names 
Execute         ap_part_info -quiet -name xck26-sfvc784-2LV-c -data family 
Execute     db_write -o /home/nat/dev/trinners/mai_proj/hls/thesis-gcn-accelerator/vitis/integrated_gcn/spmm_kernel/spmm_stage/hls/.autopilot/db/spmm_load_csr.bind.adb -f 
INFO-FLOW: Finish binding spmm_load_csr.
INFO: [HLS 200-10] ----------------------------------------------------------------
INFO: [HLS 200-42] -- Implementing module 'spmm_compute_Pipeline_SPMM_INIT' 
INFO: [HLS 200-10] ----------------------------------------------------------------
Execute     set_default_model spmm_compute_Pipeline_SPMM_INIT 
Execute     schedule -model spmm_compute_Pipeline_SPMM_INIT 
INFO: [SCHED 204-11] Starting scheduling ...
INFO: [SCHED 204-61] Pipelining loop 'SPMM_INIT'.
INFO: [HLS 200-1470] Pipelining result : Target II = 1, Final II = 1, Depth = 1, loop 'SPMM_INIT'
INFO: [SCHED 204-11] Finished scheduling.
INFO: [HLS 200-111] Finished Scheduling: CPU user time: 0.02 seconds. CPU system time: 0 seconds. Elapsed time: 0.02 seconds; current allocated memory: 395.832 MB.
Execute     syn_report -verbosereport -o /home/nat/dev/trinners/mai_proj/hls/thesis-gcn-accelerator/vitis/integrated_gcn/spmm_kernel/spmm_stage/hls/.autopilot/db/spmm_compute_Pipeline_SPMM_INIT.verbose.sched.rpt 
Execute       list_part -family xck26-sfvc784-2LV-c 
Execute         ap_family_info -name xck26-sfvc784-2LV-c -data names 
Execute         ap_part_info -quiet -name xck26-sfvc784-2LV-c -data family 
Execute     db_write -o /home/nat/dev/trinners/mai_proj/hls/thesis-gcn-accelerator/vitis/integrated_gcn/spmm_kernel/spmm_stage/hls/.autopilot/db/spmm_compute_Pipeline_SPMM_INIT.sched.adb -f 
INFO-FLOW: Finish scheduling spmm_compute_Pipeline_SPMM_INIT.
Execute     set_default_model spmm_compute_Pipeline_SPMM_INIT 
Execute     bind -model spmm_compute_Pipeline_SPMM_INIT 
INFO: [BIND 205-100] Starting micro-architecture generation ...
INFO: [BIND 205-101] Performing variable lifetime analysis.
INFO: [BIND 205-101] Exploring resource sharing.
INFO: [BIND 205-101] Binding ...
INFO: [BIND 205-100] Finished micro-architecture generation.
INFO: [HLS 200-111] Finished Binding: CPU user time: 0.02 seconds. CPU system time: 0 seconds. Elapsed time: 0.02 seconds; current allocated memory: 395.832 MB.
Execute     syn_report -verbosereport -o /home/nat/dev/trinners/mai_proj/hls/thesis-gcn-accelerator/vitis/integrated_gcn/spmm_kernel/spmm_stage/hls/.autopilot/db/spmm_compute_Pipeline_SPMM_INIT.verbose.bind.rpt 
Execute       list_part -family xck26-sfvc784-2LV-c 
Execute         ap_family_info -name xck26-sfvc784-2LV-c -data names 
Execute         ap_part_info -quiet -name xck26-sfvc784-2LV-c -data family 
Execute     db_write -o /home/nat/dev/trinners/mai_proj/hls/thesis-gcn-accelerator/vitis/integrated_gcn/spmm_kernel/spmm_stage/hls/.autopilot/db/spmm_compute_Pipeline_SPMM_INIT.bind.adb -f 
INFO-FLOW: Finish binding spmm_compute_Pipeline_SPMM_INIT.
INFO: [HLS 200-10] ----------------------------------------------------------------
INFO: [HLS 200-42] -- Implementing module 'spmm_compute_Pipeline_SPMM_LOAD_H' 
INFO: [HLS 200-10] ----------------------------------------------------------------
Execute     set_default_model spmm_compute_Pipeline_SPMM_LOAD_H 
Execute     schedule -model spmm_compute_Pipeline_SPMM_LOAD_H 
INFO: [SCHED 204-11] Starting scheduling ...
INFO: [SCHED 204-61] Pipelining loop 'SPMM_LOAD_H'.
INFO: [HLS 200-1470] Pipelining result : Target II = 1, Final II = 1, Depth = 3, loop 'SPMM_LOAD_H'
INFO: [SCHED 204-11] Finished scheduling.
INFO: [HLS 200-111] Finished Scheduling: CPU user time: 0.03 seconds. CPU system time: 0 seconds. Elapsed time: 0.03 seconds; current allocated memory: 396.977 MB.
Execute     syn_report -verbosereport -o /home/nat/dev/trinners/mai_proj/hls/thesis-gcn-accelerator/vitis/integrated_gcn/spmm_kernel/spmm_stage/hls/.autopilot/db/spmm_compute_Pipeline_SPMM_LOAD_H.verbose.sched.rpt 
Execute       list_part -family xck26-sfvc784-2LV-c 
Execute         ap_family_info -name xck26-sfvc784-2LV-c -data names 
Execute         ap_part_info -quiet -name xck26-sfvc784-2LV-c -data family 
Execute     db_write -o /home/nat/dev/trinners/mai_proj/hls/thesis-gcn-accelerator/vitis/integrated_gcn/spmm_kernel/spmm_stage/hls/.autopilot/db/spmm_compute_Pipeline_SPMM_LOAD_H.sched.adb -f 
INFO-FLOW: Finish scheduling spmm_compute_Pipeline_SPMM_LOAD_H.
Execute     set_default_model spmm_compute_Pipeline_SPMM_LOAD_H 
Execute     bind -model spmm_compute_Pipeline_SPMM_LOAD_H 
INFO: [BIND 205-100] Starting micro-architecture generation ...
INFO: [BIND 205-101] Performing variable lifetime analysis.
INFO: [BIND 205-101] Exploring resource sharing.
INFO: [BIND 205-101] Binding ...
INFO: [BIND 205-100] Finished micro-architecture generation.
INFO: [HLS 200-111] Finished Binding: CPU user time: 0.02 seconds. CPU system time: 0 seconds. Elapsed time: 0.02 seconds; current allocated memory: 396.977 MB.
Execute     syn_report -verbosereport -o /home/nat/dev/trinners/mai_proj/hls/thesis-gcn-accelerator/vitis/integrated_gcn/spmm_kernel/spmm_stage/hls/.autopilot/db/spmm_compute_Pipeline_SPMM_LOAD_H.verbose.bind.rpt 
Execute       list_part -family xck26-sfvc784-2LV-c 
Execute         ap_family_info -name xck26-sfvc784-2LV-c -data names 
Execute         ap_part_info -quiet -name xck26-sfvc784-2LV-c -data family 
Execute     db_write -o /home/nat/dev/trinners/mai_proj/hls/thesis-gcn-accelerator/vitis/integrated_gcn/spmm_kernel/spmm_stage/hls/.autopilot/db/spmm_compute_Pipeline_SPMM_LOAD_H.bind.adb -f 
INFO-FLOW: Finish binding spmm_compute_Pipeline_SPMM_LOAD_H.
INFO: [HLS 200-10] ----------------------------------------------------------------
INFO: [HLS 200-42] -- Implementing module 'spmm_compute_Pipeline_SPMM_MAC' 
INFO: [HLS 200-10] ----------------------------------------------------------------
Execute     set_default_model spmm_compute_Pipeline_SPMM_MAC 
Execute     schedule -model spmm_compute_Pipeline_SPMM_MAC 
INFO: [SCHED 204-11] Starting scheduling ...
INFO: [SCHED 204-61] Pipelining loop 'SPMM_MAC'.
INFO: [HLS 200-1470] Pipelining result : Target II = 1, Final II = 1, Depth = 2, loop 'SPMM_MAC'
INFO: [SCHED 204-11] Finished scheduling.
INFO: [HLS 200-111] Finished Scheduling: CPU user time: 0.09 seconds. CPU system time: 0 seconds. Elapsed time: 0.1 seconds; current allocated memory: 399.816 MB.
Execute     syn_report -verbosereport -o /home/nat/dev/trinners/mai_proj/hls/thesis-gcn-accelerator/vitis/integrated_gcn/spmm_kernel/spmm_stage/hls/.autopilot/db/spmm_compute_Pipeline_SPMM_MAC.verbose.sched.rpt 
Execute       list_part -family xck26-sfvc784-2LV-c 
Execute         ap_family_info -name xck26-sfvc784-2LV-c -data names 
Execute         ap_part_info -quiet -name xck26-sfvc784-2LV-c -data family 
Execute     db_write -o /home/nat/dev/trinners/mai_proj/hls/thesis-gcn-accelerator/vitis/integrated_gcn/spmm_kernel/spmm_stage/hls/.autopilot/db/spmm_compute_Pipeline_SPMM_MAC.sched.adb -f 
INFO-FLOW: Finish scheduling spmm_compute_Pipeline_SPMM_MAC.
Execute     set_default_model spmm_compute_Pipeline_SPMM_MAC 
Execute     bind -model spmm_compute_Pipeline_SPMM_MAC 
INFO: [BIND 205-100] Starting micro-architecture generation ...
INFO: [BIND 205-101] Performing variable lifetime analysis.
INFO: [BIND 205-101] Exploring resource sharing.
INFO: [BIND 205-101] Binding ...
INFO: [BIND 205-100] Finished micro-architecture generation.
INFO: [HLS 200-111] Finished Binding: CPU user time: 0.03 seconds. CPU system time: 0 seconds. Elapsed time: 0.03 seconds; current allocated memory: 399.816 MB.
Execute     syn_report -verbosereport -o /home/nat/dev/trinners/mai_proj/hls/thesis-gcn-accelerator/vitis/integrated_gcn/spmm_kernel/spmm_stage/hls/.autopilot/db/spmm_compute_Pipeline_SPMM_MAC.verbose.bind.rpt 
Execute       list_part -family xck26-sfvc784-2LV-c 
Execute         ap_family_info -name xck26-sfvc784-2LV-c -data names 
Execute         ap_part_info -quiet -name xck26-sfvc784-2LV-c -data family 
Execute     db_write -o /home/nat/dev/trinners/mai_proj/hls/thesis-gcn-accelerator/vitis/integrated_gcn/spmm_kernel/spmm_stage/hls/.autopilot/db/spmm_compute_Pipeline_SPMM_MAC.bind.adb -f 
INFO-FLOW: Finish binding spmm_compute_Pipeline_SPMM_MAC.
INFO: [HLS 200-10] ----------------------------------------------------------------
INFO: [HLS 200-42] -- Implementing module 'spmm_compute_Pipeline_SPMM_WRITE' 
INFO: [HLS 200-10] ----------------------------------------------------------------
Execute     set_default_model spmm_compute_Pipeline_SPMM_WRITE 
Execute     schedule -model spmm_compute_Pipeline_SPMM_WRITE 
INFO: [SCHED 204-11] Starting scheduling ...
INFO: [SCHED 204-61] Pipelining loop 'SPMM_WRITE'.
INFO: [HLS 200-1470] Pipelining result : Target II = 1, Final II = 1, Depth = 2, loop 'SPMM_WRITE'
INFO: [SCHED 204-11] Finished scheduling.
INFO: [HLS 200-111] Finished Scheduling: CPU user time: 0.02 seconds. CPU system time: 0.01 seconds. Elapsed time: 0.04 seconds; current allocated memory: 400.699 MB.
Execute     syn_report -verbosereport -o /home/nat/dev/trinners/mai_proj/hls/thesis-gcn-accelerator/vitis/integrated_gcn/spmm_kernel/spmm_stage/hls/.autopilot/db/spmm_compute_Pipeline_SPMM_WRITE.verbose.sched.rpt 
Execute       list_part -family xck26-sfvc784-2LV-c 
Execute         ap_family_info -name xck26-sfvc784-2LV-c -data names 
Execute         ap_part_info -quiet -name xck26-sfvc784-2LV-c -data family 
Execute     db_write -o /home/nat/dev/trinners/mai_proj/hls/thesis-gcn-accelerator/vitis/integrated_gcn/spmm_kernel/spmm_stage/hls/.autopilot/db/spmm_compute_Pipeline_SPMM_WRITE.sched.adb -f 
INFO-FLOW: Finish scheduling spmm_compute_Pipeline_SPMM_WRITE.
Execute     set_default_model spmm_compute_Pipeline_SPMM_WRITE 
Execute     bind -model spmm_compute_Pipeline_SPMM_WRITE 
INFO: [BIND 205-100] Starting micro-architecture generation ...
INFO: [BIND 205-101] Performing variable lifetime analysis.
INFO: [BIND 205-101] Exploring resource sharing.
INFO: [BIND 205-101] Binding ...
INFO: [BIND 205-100] Finished micro-architecture generation.
INFO: [HLS 200-111] Finished Binding: CPU user time: 0.01 seconds. CPU system time: 0 seconds. Elapsed time: 0.01 seconds; current allocated memory: 400.699 MB.
Execute     syn_report -verbosereport -o /home/nat/dev/trinners/mai_proj/hls/thesis-gcn-accelerator/vitis/integrated_gcn/spmm_kernel/spmm_stage/hls/.autopilot/db/spmm_compute_Pipeline_SPMM_WRITE.verbose.bind.rpt 
Execute       list_part -family xck26-sfvc784-2LV-c 
Execute         ap_family_info -name xck26-sfvc784-2LV-c -data names 
Execute         ap_part_info -quiet -name xck26-sfvc784-2LV-c -data family 
Execute     db_write -o /home/nat/dev/trinners/mai_proj/hls/thesis-gcn-accelerator/vitis/integrated_gcn/spmm_kernel/spmm_stage/hls/.autopilot/db/spmm_compute_Pipeline_SPMM_WRITE.bind.adb -f 
INFO-FLOW: Finish binding spmm_compute_Pipeline_SPMM_WRITE.
INFO: [HLS 200-10] ----------------------------------------------------------------
INFO: [HLS 200-42] -- Implementing module 'spmm_compute' 
INFO: [HLS 200-10] ----------------------------------------------------------------
Execute     set_default_model spmm_compute 
Execute     schedule -model spmm_compute 
INFO: [SCHED 204-11] Starting scheduling ...
INFO: [SCHED 204-11] Finished scheduling.
INFO: [HLS 200-111] Finished Scheduling: CPU user time: 0.03 seconds. CPU system time: 0 seconds. Elapsed time: 0.02 seconds; current allocated memory: 401.898 MB.
Execute     syn_report -verbosereport -o /home/nat/dev/trinners/mai_proj/hls/thesis-gcn-accelerator/vitis/integrated_gcn/spmm_kernel/spmm_stage/hls/.autopilot/db/spmm_compute.verbose.sched.rpt 
Execute       list_part -family xck26-sfvc784-2LV-c 
Execute         ap_family_info -name xck26-sfvc784-2LV-c -data names 
Execute         ap_part_info -quiet -name xck26-sfvc784-2LV-c -data family 
Execute     db_write -o /home/nat/dev/trinners/mai_proj/hls/thesis-gcn-accelerator/vitis/integrated_gcn/spmm_kernel/spmm_stage/hls/.autopilot/db/spmm_compute.sched.adb -f 
INFO-FLOW: Finish scheduling spmm_compute.
Execute     set_default_model spmm_compute 
Execute     bind -model spmm_compute 
INFO: [BIND 205-100] Starting micro-architecture generation ...
INFO: [BIND 205-101] Performing variable lifetime analysis.
INFO: [BIND 205-101] Exploring resource sharing.
INFO: [BIND 205-101] Binding ...
INFO: [BIND 205-100] Finished micro-architecture generation.
INFO: [HLS 200-111] Finished Binding: CPU user time: 0.01 seconds. CPU system time: 0 seconds. Elapsed time: 0.01 seconds; current allocated memory: 401.898 MB.
Execute     syn_report -verbosereport -o /home/nat/dev/trinners/mai_proj/hls/thesis-gcn-accelerator/vitis/integrated_gcn/spmm_kernel/spmm_stage/hls/.autopilot/db/spmm_compute.verbose.bind.rpt 
Execute       list_part -family xck26-sfvc784-2LV-c 
Execute         ap_family_info -name xck26-sfvc784-2LV-c -data names 
Execute         ap_part_info -quiet -name xck26-sfvc784-2LV-c -data family 
Execute     db_write -o /home/nat/dev/trinners/mai_proj/hls/thesis-gcn-accelerator/vitis/integrated_gcn/spmm_kernel/spmm_stage/hls/.autopilot/db/spmm_compute.bind.adb -f 
INFO-FLOW: Finish binding spmm_compute.
INFO: [HLS 200-10] ----------------------------------------------------------------
INFO: [HLS 200-42] -- Implementing module 'spmm_store' 
INFO: [HLS 200-10] ----------------------------------------------------------------
Execute     set_default_model spmm_store 
Execute     schedule -model spmm_store 
INFO: [SCHED 204-11] Starting scheduling ...
INFO: [SCHED 204-61] Pipelining loop 'SPMM_STORE_ROW_SPMM_STORE_FEAT'.
INFO: [HLS 200-1470] Pipelining result : Target II = 1, Final II = 1, Depth = 10, loop 'SPMM_STORE_ROW_SPMM_STORE_FEAT'
INFO: [SCHED 204-11] Finished scheduling.
INFO: [HLS 200-111] Finished Scheduling: CPU user time: 0.07 seconds. CPU system time: 0 seconds. Elapsed time: 0.08 seconds; current allocated memory: 404.637 MB.
Execute     syn_report -verbosereport -o /home/nat/dev/trinners/mai_proj/hls/thesis-gcn-accelerator/vitis/integrated_gcn/spmm_kernel/spmm_stage/hls/.autopilot/db/spmm_store.verbose.sched.rpt 
Execute       list_part -family xck26-sfvc784-2LV-c 
Execute         ap_family_info -name xck26-sfvc784-2LV-c -data names 
Execute         ap_part_info -quiet -name xck26-sfvc784-2LV-c -data family 
INFO: [HLS 200-2250] Rewind delay = 1 for the pipelined loop 'SPMM_STORE_ROW_SPMM_STORE_FEAT' due to a write-after-read dependence on variable 'i (src/integrated-gcn/spmm_stage.cpp:94)'.
Execute     db_write -o /home/nat/dev/trinners/mai_proj/hls/thesis-gcn-accelerator/vitis/integrated_gcn/spmm_kernel/spmm_stage/hls/.autopilot/db/spmm_store.sched.adb -f 
INFO-FLOW: Finish scheduling spmm_store.
Execute     set_default_model spmm_store 
Execute     bind -model spmm_store 
INFO: [BIND 205-100] Starting micro-architecture generation ...
INFO: [BIND 205-101] Performing variable lifetime analysis.
INFO: [BIND 205-101] Exploring resource sharing.
INFO: [BIND 205-101] Binding ...
INFO: [BIND 205-100] Finished micro-architecture generation.
INFO: [HLS 200-111] Finished Binding: CPU user time: 0.03 seconds. CPU system time: 0 seconds. Elapsed time: 0.03 seconds; current allocated memory: 404.637 MB.
Execute     syn_report -verbosereport -o /home/nat/dev/trinners/mai_proj/hls/thesis-gcn-accelerator/vitis/integrated_gcn/spmm_kernel/spmm_stage/hls/.autopilot/db/spmm_store.verbose.bind.rpt 
Execute       list_part -family xck26-sfvc784-2LV-c 
Execute         ap_family_info -name xck26-sfvc784-2LV-c -data names 
Execute         ap_part_info -quiet -name xck26-sfvc784-2LV-c -data family 
Execute     db_write -o /home/nat/dev/trinners/mai_proj/hls/thesis-gcn-accelerator/vitis/integrated_gcn/spmm_kernel/spmm_stage/hls/.autopilot/db/spmm_store.bind.adb -f 
INFO-FLOW: Finish binding spmm_store.
INFO: [HLS 200-10] ----------------------------------------------------------------
INFO: [HLS 200-42] -- Implementing module 'spmm_stage' 
INFO: [HLS 200-10] ----------------------------------------------------------------
Execute     set_default_model spmm_stage 
Execute     schedule -model spmm_stage 
INFO: [SCHED 204-11] Starting scheduling ...
INFO: [SCHED 204-11] Finished scheduling.
WARNING: [HLS 200-1020] Increasing the depth of FIFO start_for_spmm_store_U0 (from entry_proc_U0 to spmm_store_U0) to 3 to improve performance and/or avoid deadlocks.
INFO: [HLS 200-111] Finished Scheduling: CPU user time: 0.02 seconds. CPU system time: 0 seconds. Elapsed time: 0.02 seconds; current allocated memory: 404.637 MB.
Execute     syn_report -verbosereport -o /home/nat/dev/trinners/mai_proj/hls/thesis-gcn-accelerator/vitis/integrated_gcn/spmm_kernel/spmm_stage/hls/.autopilot/db/spmm_stage.verbose.sched.rpt 
Execute       list_part -family xck26-sfvc784-2LV-c 
Execute         ap_family_info -name xck26-sfvc784-2LV-c -data names 
Execute         ap_part_info -quiet -name xck26-sfvc784-2LV-c -data family 
Execute     db_write -o /home/nat/dev/trinners/mai_proj/hls/thesis-gcn-accelerator/vitis/integrated_gcn/spmm_kernel/spmm_stage/hls/.autopilot/db/spmm_stage.sched.adb -f 
INFO-FLOW: Finish scheduling spmm_stage.
Execute     set_default_model spmm_stage 
Execute     bind -model spmm_stage 
INFO: [BIND 205-100] Starting micro-architecture generation ...
INFO: [BIND 205-101] Performing variable lifetime analysis.
INFO: [BIND 205-101] Exploring resource sharing.
INFO: [BIND 205-101] Binding ...
INFO: [BIND 205-100] Finished micro-architecture generation.
INFO: [HLS 200-111] Finished Binding: CPU user time: 0 seconds. CPU system time: 0 seconds. Elapsed time: 0.01 seconds; current allocated memory: 404.637 MB.
Execute     syn_report -verbosereport -o /home/nat/dev/trinners/mai_proj/hls/thesis-gcn-accelerator/vitis/integrated_gcn/spmm_kernel/spmm_stage/hls/.autopilot/db/spmm_stage.verbose.bind.rpt 
Execute       list_part -family xck26-sfvc784-2LV-c 
Execute         ap_family_info -name xck26-sfvc784-2LV-c -data names 
Execute         ap_part_info -quiet -name xck26-sfvc784-2LV-c -data family 
Execute     db_write -o /home/nat/dev/trinners/mai_proj/hls/thesis-gcn-accelerator/vitis/integrated_gcn/spmm_kernel/spmm_stage/hls/.autopilot/db/spmm_stage.bind.adb -f 
INFO-FLOW: Finish binding spmm_stage.
Execute     get_model_list spmm_stage -filter all-wo-channel 
INFO-FLOW: Preprocessing for RTLGen ...
Execute     rtl_gen_preprocess entry_proc 
Execute     rtl_gen_preprocess spmm_load_csr_Pipeline_LOAD_ROWS 
Execute     rtl_gen_preprocess spmm_load_csr_Pipeline_LOAD_NNZ 
Execute     rtl_gen_preprocess spmm_load_csr 
Execute     rtl_gen_preprocess spmm_compute_Pipeline_SPMM_INIT 
Execute     rtl_gen_preprocess spmm_compute_Pipeline_SPMM_LOAD_H 
Execute     rtl_gen_preprocess spmm_compute_Pipeline_SPMM_MAC 
Execute     rtl_gen_preprocess spmm_compute_Pipeline_SPMM_WRITE 
Execute     rtl_gen_preprocess spmm_compute 
Execute     rtl_gen_preprocess spmm_store 
Execute     rtl_gen_preprocess spmm_stage 
INFO-FLOW: Model list for RTL generation: entry_proc spmm_load_csr_Pipeline_LOAD_ROWS spmm_load_csr_Pipeline_LOAD_NNZ spmm_load_csr spmm_compute_Pipeline_SPMM_INIT spmm_compute_Pipeline_SPMM_LOAD_H spmm_compute_Pipeline_SPMM_MAC spmm_compute_Pipeline_SPMM_WRITE spmm_compute spmm_store spmm_stage
INFO: [HLS 200-10] ----------------------------------------------------------------
INFO: [HLS 200-10] -- Generating RTL for module 'entry_proc' 
INFO: [HLS 200-10] ----------------------------------------------------------------
Execute     create_rtl_model entry_proc -top_prefix spmm_stage_ -sub_prefix spmm_stage_ -mg_file /home/nat/dev/trinners/mai_proj/hls/thesis-gcn-accelerator/vitis/integrated_gcn/spmm_kernel/spmm_stage/hls/.autopilot/db/entry_proc.compgen.tcl 
INFO: [RTGEN 206-100] Finished creating RTL model for 'entry_proc'.
INFO: [HLS 200-111] Finished Creating RTL model: CPU user time: 0.02 seconds. CPU system time: 0 seconds. Elapsed time: 0.01 seconds; current allocated memory: 404.637 MB.
Execute     source /home/nat/dev/trinners/mai_proj/hls/thesis-gcn-accelerator/vitis/integrated_gcn/spmm_kernel/spmm_stage/hls/.autopilot/db/spmm_stage.rtl_wrap.cfg.tcl 
Execute     gen_rtl entry_proc -style xilinx -f -lang vhdl -o /home/nat/dev/trinners/mai_proj/hls/thesis-gcn-accelerator/vitis/integrated_gcn/spmm_kernel/spmm_stage/hls/syn/vhdl/spmm_stage_entry_proc 
Execute     gen_rtl entry_proc -style xilinx -f -lang vlog -o /home/nat/dev/trinners/mai_proj/hls/thesis-gcn-accelerator/vitis/integrated_gcn/spmm_kernel/spmm_stage/hls/syn/verilog/spmm_stage_entry_proc 
Execute     syn_report -csynth -model entry_proc -o /home/nat/dev/trinners/mai_proj/hls/thesis-gcn-accelerator/vitis/integrated_gcn/spmm_kernel/spmm_stage/hls/syn/report/entry_proc_csynth.rpt 
Execute       list_part -family xck26-sfvc784-2LV-c 
Execute         ap_family_info -name xck26-sfvc784-2LV-c -data names 
Execute         ap_part_info -quiet -name xck26-sfvc784-2LV-c -data family 
Execute     syn_report -rtlxml -model entry_proc -o /home/nat/dev/trinners/mai_proj/hls/thesis-gcn-accelerator/vitis/integrated_gcn/spmm_kernel/spmm_stage/hls/syn/report/entry_proc_csynth.xml 
Execute       list_part -family xck26-sfvc784-2LV-c 
Execute         ap_family_info -name xck26-sfvc784-2LV-c -data names 
Execute         ap_part_info -quiet -name xck26-sfvc784-2LV-c -data family 
Execute     syn_report -verbosereport -model entry_proc -o /home/nat/dev/trinners/mai_proj/hls/thesis-gcn-accelerator/vitis/integrated_gcn/spmm_kernel/spmm_stage/hls/.autopilot/db/entry_proc.verbose.rpt 
Execute       list_part -family xck26-sfvc784-2LV-c 
Execute         ap_family_info -name xck26-sfvc784-2LV-c -data names 
Execute         ap_part_info -quiet -name xck26-sfvc784-2LV-c -data family 
Execute     db_write -model entry_proc -f -o /home/nat/dev/trinners/mai_proj/hls/thesis-gcn-accelerator/vitis/integrated_gcn/spmm_kernel/spmm_stage/hls/.autopilot/db/entry_proc.adb 
Execute     db_write -model entry_proc -bindview -o /home/nat/dev/trinners/mai_proj/hls/thesis-gcn-accelerator/vitis/integrated_gcn/spmm_kernel/spmm_stage/hls/.autopilot/db/design.bindinfo.xml 
Execute     gen_tb_info entry_proc -p /home/nat/dev/trinners/mai_proj/hls/thesis-gcn-accelerator/vitis/integrated_gcn/spmm_kernel/spmm_stage/hls/.autopilot/db -o /home/nat/dev/trinners/mai_proj/hls/thesis-gcn-accelerator/vitis/integrated_gcn/spmm_kernel/spmm_stage/hls/.autopilot/db/entry_proc 
INFO: [HLS 200-10] ----------------------------------------------------------------
INFO: [HLS 200-10] -- Generating RTL for module 'spmm_load_csr_Pipeline_LOAD_ROWS' 
INFO: [HLS 200-10] ----------------------------------------------------------------
Execute     create_rtl_model spmm_load_csr_Pipeline_LOAD_ROWS -top_prefix spmm_stage_ -sub_prefix spmm_stage_ -mg_file /home/nat/dev/trinners/mai_proj/hls/thesis-gcn-accelerator/vitis/integrated_gcn/spmm_kernel/spmm_stage/hls/.autopilot/db/spmm_load_csr_Pipeline_LOAD_ROWS.compgen.tcl 
INFO: [HLS 200-1030] Apply Unified Pipeline Control on module 'spmm_load_csr_Pipeline_LOAD_ROWS' pipeline 'LOAD_ROWS' pipeline type 'loop pipeline'
WARNING: [RTGEN 206-101] Setting dangling out port 'spmm_load_csr_Pipeline_LOAD_ROWS/m_axi_gmem0_0_ARVALID' to 0.
WARNING: [RTGEN 206-101] Setting dangling out port 'spmm_load_csr_Pipeline_LOAD_ROWS/m_axi_gmem0_0_ARADDR' to 0.
WARNING: [RTGEN 206-101] Setting dangling out port 'spmm_load_csr_Pipeline_LOAD_ROWS/m_axi_gmem0_0_ARID' to 0.
WARNING: [RTGEN 206-101] Setting dangling out port 'spmm_load_csr_Pipeline_LOAD_ROWS/m_axi_gmem0_0_ARLEN' to 0.
WARNING: [RTGEN 206-101] Setting dangling out port 'spmm_load_csr_Pipeline_LOAD_ROWS/m_axi_gmem0_0_ARSIZE' to 0.
WARNING: [RTGEN 206-101] Setting dangling out port 'spmm_load_csr_Pipeline_LOAD_ROWS/m_axi_gmem0_0_ARBURST' to 0.
WARNING: [RTGEN 206-101] Setting dangling out port 'spmm_load_csr_Pipeline_LOAD_ROWS/m_axi_gmem0_0_ARLOCK' to 0.
WARNING: [RTGEN 206-101] Setting dangling out port 'spmm_load_csr_Pipeline_LOAD_ROWS/m_axi_gmem0_0_ARCACHE' to 0.
WARNING: [RTGEN 206-101] Setting dangling out port 'spmm_load_csr_Pipeline_LOAD_ROWS/m_axi_gmem0_0_ARPROT' to 0.
WARNING: [RTGEN 206-101] Setting dangling out port 'spmm_load_csr_Pipeline_LOAD_ROWS/m_axi_gmem0_0_ARQOS' to 0.
WARNING: [RTGEN 206-101] Setting dangling out port 'spmm_load_csr_Pipeline_LOAD_ROWS/m_axi_gmem0_0_ARREGION' to 0.
WARNING: [RTGEN 206-101] Setting dangling out port 'spmm_load_csr_Pipeline_LOAD_ROWS/m_axi_gmem0_0_ARUSER' to 0.
INFO: [RTGEN 206-100] Finished creating RTL model for 'spmm_load_csr_Pipeline_LOAD_ROWS'.
INFO: [HLS 200-111] Finished Creating RTL model: CPU user time: 0.01 seconds. CPU system time: 0 seconds. Elapsed time: 0.02 seconds; current allocated memory: 404.637 MB.
Execute     source /home/nat/dev/trinners/mai_proj/hls/thesis-gcn-accelerator/vitis/integrated_gcn/spmm_kernel/spmm_stage/hls/.autopilot/db/spmm_stage.rtl_wrap.cfg.tcl 
Execute     gen_rtl spmm_load_csr_Pipeline_LOAD_ROWS -style xilinx -f -lang vhdl -o /home/nat/dev/trinners/mai_proj/hls/thesis-gcn-accelerator/vitis/integrated_gcn/spmm_kernel/spmm_stage/hls/syn/vhdl/spmm_stage_spmm_load_csr_Pipeline_LOAD_ROWS 
Execute     gen_rtl spmm_load_csr_Pipeline_LOAD_ROWS -style xilinx -f -lang vlog -o /home/nat/dev/trinners/mai_proj/hls/thesis-gcn-accelerator/vitis/integrated_gcn/spmm_kernel/spmm_stage/hls/syn/verilog/spmm_stage_spmm_load_csr_Pipeline_LOAD_ROWS 
Execute     syn_report -csynth -model spmm_load_csr_Pipeline_LOAD_ROWS -o /home/nat/dev/trinners/mai_proj/hls/thesis-gcn-accelerator/vitis/integrated_gcn/spmm_kernel/spmm_stage/hls/syn/report/spmm_load_csr_Pipeline_LOAD_ROWS_csynth.rpt 
Execute       list_part -family xck26-sfvc784-2LV-c 
Execute         ap_family_info -name xck26-sfvc784-2LV-c -data names 
Execute         ap_part_info -quiet -name xck26-sfvc784-2LV-c -data family 
Execute     syn_report -rtlxml -model spmm_load_csr_Pipeline_LOAD_ROWS -o /home/nat/dev/trinners/mai_proj/hls/thesis-gcn-accelerator/vitis/integrated_gcn/spmm_kernel/spmm_stage/hls/syn/report/spmm_load_csr_Pipeline_LOAD_ROWS_csynth.xml 
Execute       list_part -family xck26-sfvc784-2LV-c 
Execute         ap_family_info -name xck26-sfvc784-2LV-c -data names 
Execute         ap_part_info -quiet -name xck26-sfvc784-2LV-c -data family 
Execute     syn_report -verbosereport -model spmm_load_csr_Pipeline_LOAD_ROWS -o /home/nat/dev/trinners/mai_proj/hls/thesis-gcn-accelerator/vitis/integrated_gcn/spmm_kernel/spmm_stage/hls/.autopilot/db/spmm_load_csr_Pipeline_LOAD_ROWS.verbose.rpt 
Execute       list_part -family xck26-sfvc784-2LV-c 
Execute         ap_family_info -name xck26-sfvc784-2LV-c -data names 
Execute         ap_part_info -quiet -name xck26-sfvc784-2LV-c -data family 
Execute     db_write -model spmm_load_csr_Pipeline_LOAD_ROWS -f -o /home/nat/dev/trinners/mai_proj/hls/thesis-gcn-accelerator/vitis/integrated_gcn/spmm_kernel/spmm_stage/hls/.autopilot/db/spmm_load_csr_Pipeline_LOAD_ROWS.adb 
Execute     db_write -model spmm_load_csr_Pipeline_LOAD_ROWS -bindview -o /home/nat/dev/trinners/mai_proj/hls/thesis-gcn-accelerator/vitis/integrated_gcn/spmm_kernel/spmm_stage/hls/.autopilot/db/design.bindinfo.xml 
Execute     gen_tb_info spmm_load_csr_Pipeline_LOAD_ROWS -p /home/nat/dev/trinners/mai_proj/hls/thesis-gcn-accelerator/vitis/integrated_gcn/spmm_kernel/spmm_stage/hls/.autopilot/db -o /home/nat/dev/trinners/mai_proj/hls/thesis-gcn-accelerator/vitis/integrated_gcn/spmm_kernel/spmm_stage/hls/.autopilot/db/spmm_load_csr_Pipeline_LOAD_ROWS 
INFO: [HLS 200-10] ----------------------------------------------------------------
INFO: [HLS 200-10] -- Generating RTL for module 'spmm_load_csr_Pipeline_LOAD_NNZ' 
INFO: [HLS 200-10] ----------------------------------------------------------------
Execute     create_rtl_model spmm_load_csr_Pipeline_LOAD_NNZ -top_prefix spmm_stage_ -sub_prefix spmm_stage_ -mg_file /home/nat/dev/trinners/mai_proj/hls/thesis-gcn-accelerator/vitis/integrated_gcn/spmm_kernel/spmm_stage/hls/.autopilot/db/spmm_load_csr_Pipeline_LOAD_NNZ.compgen.tcl 
INFO: [HLS 200-1030] Apply Unified Pipeline Control on module 'spmm_load_csr_Pipeline_LOAD_NNZ' pipeline 'LOAD_NNZ' pipeline type 'loop pipeline'
WARNING: [RTGEN 206-101] Setting dangling out port 'spmm_load_csr_Pipeline_LOAD_NNZ/m_axi_gmem1_0_ARVALID' to 0.
WARNING: [RTGEN 206-101] Setting dangling out port 'spmm_load_csr_Pipeline_LOAD_NNZ/m_axi_gmem1_0_ARADDR' to 0.
WARNING: [RTGEN 206-101] Setting dangling out port 'spmm_load_csr_Pipeline_LOAD_NNZ/m_axi_gmem1_0_ARID' to 0.
WARNING: [RTGEN 206-101] Setting dangling out port 'spmm_load_csr_Pipeline_LOAD_NNZ/m_axi_gmem1_0_ARLEN' to 0.
WARNING: [RTGEN 206-101] Setting dangling out port 'spmm_load_csr_Pipeline_LOAD_NNZ/m_axi_gmem1_0_ARSIZE' to 0.
WARNING: [RTGEN 206-101] Setting dangling out port 'spmm_load_csr_Pipeline_LOAD_NNZ/m_axi_gmem1_0_ARBURST' to 0.
WARNING: [RTGEN 206-101] Setting dangling out port 'spmm_load_csr_Pipeline_LOAD_NNZ/m_axi_gmem1_0_ARLOCK' to 0.
WARNING: [RTGEN 206-101] Setting dangling out port 'spmm_load_csr_Pipeline_LOAD_NNZ/m_axi_gmem1_0_ARCACHE' to 0.
WARNING: [RTGEN 206-101] Setting dangling out port 'spmm_load_csr_Pipeline_LOAD_NNZ/m_axi_gmem1_0_ARPROT' to 0.
WARNING: [RTGEN 206-101] Setting dangling out port 'spmm_load_csr_Pipeline_LOAD_NNZ/m_axi_gmem1_0_ARQOS' to 0.
WARNING: [RTGEN 206-101] Setting dangling out port 'spmm_load_csr_Pipeline_LOAD_NNZ/m_axi_gmem1_0_ARREGION' to 0.
WARNING: [RTGEN 206-101] Setting dangling out port 'spmm_load_csr_Pipeline_LOAD_NNZ/m_axi_gmem1_0_ARUSER' to 0.
WARNING: [RTGEN 206-101] Setting dangling out port 'spmm_load_csr_Pipeline_LOAD_NNZ/m_axi_gmem2_0_ARVALID' to 0.
WARNING: [RTGEN 206-101] Setting dangling out port 'spmm_load_csr_Pipeline_LOAD_NNZ/m_axi_gmem2_0_ARADDR' to 0.
WARNING: [RTGEN 206-101] Setting dangling out port 'spmm_load_csr_Pipeline_LOAD_NNZ/m_axi_gmem2_0_ARID' to 0.
WARNING: [RTGEN 206-101] Setting dangling out port 'spmm_load_csr_Pipeline_LOAD_NNZ/m_axi_gmem2_0_ARLEN' to 0.
WARNING: [RTGEN 206-101] Setting dangling out port 'spmm_load_csr_Pipeline_LOAD_NNZ/m_axi_gmem2_0_ARSIZE' to 0.
WARNING: [RTGEN 206-101] Setting dangling out port 'spmm_load_csr_Pipeline_LOAD_NNZ/m_axi_gmem2_0_ARBURST' to 0.
WARNING: [RTGEN 206-101] Setting dangling out port 'spmm_load_csr_Pipeline_LOAD_NNZ/m_axi_gmem2_0_ARLOCK' to 0.
WARNING: [RTGEN 206-101] Setting dangling out port 'spmm_load_csr_Pipeline_LOAD_NNZ/m_axi_gmem2_0_ARCACHE' to 0.
WARNING: [RTGEN 206-101] Setting dangling out port 'spmm_load_csr_Pipeline_LOAD_NNZ/m_axi_gmem2_0_ARPROT' to 0.
WARNING: [RTGEN 206-101] Setting dangling out port 'spmm_load_csr_Pipeline_LOAD_NNZ/m_axi_gmem2_0_ARQOS' to 0.
WARNING: [RTGEN 206-101] Setting dangling out port 'spmm_load_csr_Pipeline_LOAD_NNZ/m_axi_gmem2_0_ARREGION' to 0.
WARNING: [RTGEN 206-101] Setting dangling out port 'spmm_load_csr_Pipeline_LOAD_NNZ/m_axi_gmem2_0_ARUSER' to 0.
INFO: [RTGEN 206-100] Finished creating RTL model for 'spmm_load_csr_Pipeline_LOAD_NNZ'.
INFO: [HLS 200-111] Finished Creating RTL model: CPU user time: 0.02 seconds. CPU system time: 0.01 seconds. Elapsed time: 0.02 seconds; current allocated memory: 405.246 MB.
Execute     source /home/nat/dev/trinners/mai_proj/hls/thesis-gcn-accelerator/vitis/integrated_gcn/spmm_kernel/spmm_stage/hls/.autopilot/db/spmm_stage.rtl_wrap.cfg.tcl 
Execute     gen_rtl spmm_load_csr_Pipeline_LOAD_NNZ -style xilinx -f -lang vhdl -o /home/nat/dev/trinners/mai_proj/hls/thesis-gcn-accelerator/vitis/integrated_gcn/spmm_kernel/spmm_stage/hls/syn/vhdl/spmm_stage_spmm_load_csr_Pipeline_LOAD_NNZ 
Execute     gen_rtl spmm_load_csr_Pipeline_LOAD_NNZ -style xilinx -f -lang vlog -o /home/nat/dev/trinners/mai_proj/hls/thesis-gcn-accelerator/vitis/integrated_gcn/spmm_kernel/spmm_stage/hls/syn/verilog/spmm_stage_spmm_load_csr_Pipeline_LOAD_NNZ 
Execute     syn_report -csynth -model spmm_load_csr_Pipeline_LOAD_NNZ -o /home/nat/dev/trinners/mai_proj/hls/thesis-gcn-accelerator/vitis/integrated_gcn/spmm_kernel/spmm_stage/hls/syn/report/spmm_load_csr_Pipeline_LOAD_NNZ_csynth.rpt 
Execute       list_part -family xck26-sfvc784-2LV-c 
Execute         ap_family_info -name xck26-sfvc784-2LV-c -data names 
Execute         ap_part_info -quiet -name xck26-sfvc784-2LV-c -data family 
Execute     syn_report -rtlxml -model spmm_load_csr_Pipeline_LOAD_NNZ -o /home/nat/dev/trinners/mai_proj/hls/thesis-gcn-accelerator/vitis/integrated_gcn/spmm_kernel/spmm_stage/hls/syn/report/spmm_load_csr_Pipeline_LOAD_NNZ_csynth.xml 
Execute       list_part -family xck26-sfvc784-2LV-c 
Execute         ap_family_info -name xck26-sfvc784-2LV-c -data names 
Execute         ap_part_info -quiet -name xck26-sfvc784-2LV-c -data family 
Execute     syn_report -verbosereport -model spmm_load_csr_Pipeline_LOAD_NNZ -o /home/nat/dev/trinners/mai_proj/hls/thesis-gcn-accelerator/vitis/integrated_gcn/spmm_kernel/spmm_stage/hls/.autopilot/db/spmm_load_csr_Pipeline_LOAD_NNZ.verbose.rpt 
Execute       list_part -family xck26-sfvc784-2LV-c 
Execute         ap_family_info -name xck26-sfvc784-2LV-c -data names 
Execute         ap_part_info -quiet -name xck26-sfvc784-2LV-c -data family 
Execute     db_write -model spmm_load_csr_Pipeline_LOAD_NNZ -f -o /home/nat/dev/trinners/mai_proj/hls/thesis-gcn-accelerator/vitis/integrated_gcn/spmm_kernel/spmm_stage/hls/.autopilot/db/spmm_load_csr_Pipeline_LOAD_NNZ.adb 
Execute     db_write -model spmm_load_csr_Pipeline_LOAD_NNZ -bindview -o /home/nat/dev/trinners/mai_proj/hls/thesis-gcn-accelerator/vitis/integrated_gcn/spmm_kernel/spmm_stage/hls/.autopilot/db/design.bindinfo.xml 
Execute     gen_tb_info spmm_load_csr_Pipeline_LOAD_NNZ -p /home/nat/dev/trinners/mai_proj/hls/thesis-gcn-accelerator/vitis/integrated_gcn/spmm_kernel/spmm_stage/hls/.autopilot/db -o /home/nat/dev/trinners/mai_proj/hls/thesis-gcn-accelerator/vitis/integrated_gcn/spmm_kernel/spmm_stage/hls/.autopilot/db/spmm_load_csr_Pipeline_LOAD_NNZ 
INFO: [HLS 200-10] ----------------------------------------------------------------
INFO: [HLS 200-10] -- Generating RTL for module 'spmm_load_csr' 
INFO: [HLS 200-10] ----------------------------------------------------------------
Execute     create_rtl_model spmm_load_csr -top_prefix spmm_stage_ -sub_prefix spmm_stage_ -mg_file /home/nat/dev/trinners/mai_proj/hls/thesis-gcn-accelerator/vitis/integrated_gcn/spmm_kernel/spmm_stage/hls/.autopilot/db/spmm_load_csr.compgen.tcl 
INFO: [RTGEN 206-100] Finished creating RTL model for 'spmm_load_csr'.
INFO: [HLS 200-111] Finished Creating RTL model: CPU user time: 0.02 seconds. CPU system time: 0 seconds. Elapsed time: 0.02 seconds; current allocated memory: 407.086 MB.
Execute     source /home/nat/dev/trinners/mai_proj/hls/thesis-gcn-accelerator/vitis/integrated_gcn/spmm_kernel/spmm_stage/hls/.autopilot/db/spmm_stage.rtl_wrap.cfg.tcl 
Execute     gen_rtl spmm_load_csr -style xilinx -f -lang vhdl -o /home/nat/dev/trinners/mai_proj/hls/thesis-gcn-accelerator/vitis/integrated_gcn/spmm_kernel/spmm_stage/hls/syn/vhdl/spmm_stage_spmm_load_csr 
Execute     gen_rtl spmm_load_csr -style xilinx -f -lang vlog -o /home/nat/dev/trinners/mai_proj/hls/thesis-gcn-accelerator/vitis/integrated_gcn/spmm_kernel/spmm_stage/hls/syn/verilog/spmm_stage_spmm_load_csr 
Execute     syn_report -csynth -model spmm_load_csr -o /home/nat/dev/trinners/mai_proj/hls/thesis-gcn-accelerator/vitis/integrated_gcn/spmm_kernel/spmm_stage/hls/syn/report/spmm_load_csr_csynth.rpt 
Execute       list_part -family xck26-sfvc784-2LV-c 
Execute         ap_family_info -name xck26-sfvc784-2LV-c -data names 
Execute         ap_part_info -quiet -name xck26-sfvc784-2LV-c -data family 
Execute     syn_report -rtlxml -model spmm_load_csr -o /home/nat/dev/trinners/mai_proj/hls/thesis-gcn-accelerator/vitis/integrated_gcn/spmm_kernel/spmm_stage/hls/syn/report/spmm_load_csr_csynth.xml 
Execute       list_part -family xck26-sfvc784-2LV-c 
Execute         ap_family_info -name xck26-sfvc784-2LV-c -data names 
Execute         ap_part_info -quiet -name xck26-sfvc784-2LV-c -data family 
Execute     syn_report -verbosereport -model spmm_load_csr -o /home/nat/dev/trinners/mai_proj/hls/thesis-gcn-accelerator/vitis/integrated_gcn/spmm_kernel/spmm_stage/hls/.autopilot/db/spmm_load_csr.verbose.rpt 
Execute       list_part -family xck26-sfvc784-2LV-c 
Execute         ap_family_info -name xck26-sfvc784-2LV-c -data names 
Execute         ap_part_info -quiet -name xck26-sfvc784-2LV-c -data family 
Execute     db_write -model spmm_load_csr -f -o /home/nat/dev/trinners/mai_proj/hls/thesis-gcn-accelerator/vitis/integrated_gcn/spmm_kernel/spmm_stage/hls/.autopilot/db/spmm_load_csr.adb 
Execute     db_write -model spmm_load_csr -bindview -o /home/nat/dev/trinners/mai_proj/hls/thesis-gcn-accelerator/vitis/integrated_gcn/spmm_kernel/spmm_stage/hls/.autopilot/db/design.bindinfo.xml 
Execute     gen_tb_info spmm_load_csr -p /home/nat/dev/trinners/mai_proj/hls/thesis-gcn-accelerator/vitis/integrated_gcn/spmm_kernel/spmm_stage/hls/.autopilot/db -o /home/nat/dev/trinners/mai_proj/hls/thesis-gcn-accelerator/vitis/integrated_gcn/spmm_kernel/spmm_stage/hls/.autopilot/db/spmm_load_csr 
INFO: [HLS 200-10] ----------------------------------------------------------------
INFO: [HLS 200-10] -- Generating RTL for module 'spmm_compute_Pipeline_SPMM_INIT' 
INFO: [HLS 200-10] ----------------------------------------------------------------
Execute     create_rtl_model spmm_compute_Pipeline_SPMM_INIT -top_prefix spmm_stage_ -sub_prefix spmm_stage_ -mg_file /home/nat/dev/trinners/mai_proj/hls/thesis-gcn-accelerator/vitis/integrated_gcn/spmm_kernel/spmm_stage/hls/.autopilot/db/spmm_compute_Pipeline_SPMM_INIT.compgen.tcl 
INFO: [RTGEN 206-100] Finished creating RTL model for 'spmm_compute_Pipeline_SPMM_INIT'.
INFO: [HLS 200-111] Finished Creating RTL model: CPU user time: 0.03 seconds. CPU system time: 0 seconds. Elapsed time: 0.03 seconds; current allocated memory: 408.887 MB.
Execute     source /home/nat/dev/trinners/mai_proj/hls/thesis-gcn-accelerator/vitis/integrated_gcn/spmm_kernel/spmm_stage/hls/.autopilot/db/spmm_stage.rtl_wrap.cfg.tcl 
Execute     gen_rtl spmm_compute_Pipeline_SPMM_INIT -style xilinx -f -lang vhdl -o /home/nat/dev/trinners/mai_proj/hls/thesis-gcn-accelerator/vitis/integrated_gcn/spmm_kernel/spmm_stage/hls/syn/vhdl/spmm_stage_spmm_compute_Pipeline_SPMM_INIT 
Execute     gen_rtl spmm_compute_Pipeline_SPMM_INIT -style xilinx -f -lang vlog -o /home/nat/dev/trinners/mai_proj/hls/thesis-gcn-accelerator/vitis/integrated_gcn/spmm_kernel/spmm_stage/hls/syn/verilog/spmm_stage_spmm_compute_Pipeline_SPMM_INIT 
Execute     syn_report -csynth -model spmm_compute_Pipeline_SPMM_INIT -o /home/nat/dev/trinners/mai_proj/hls/thesis-gcn-accelerator/vitis/integrated_gcn/spmm_kernel/spmm_stage/hls/syn/report/spmm_compute_Pipeline_SPMM_INIT_csynth.rpt 
Execute       list_part -family xck26-sfvc784-2LV-c 
Execute         ap_family_info -name xck26-sfvc784-2LV-c -data names 
Execute         ap_part_info -quiet -name xck26-sfvc784-2LV-c -data family 
Execute     syn_report -rtlxml -model spmm_compute_Pipeline_SPMM_INIT -o /home/nat/dev/trinners/mai_proj/hls/thesis-gcn-accelerator/vitis/integrated_gcn/spmm_kernel/spmm_stage/hls/syn/report/spmm_compute_Pipeline_SPMM_INIT_csynth.xml 
Execute       list_part -family xck26-sfvc784-2LV-c 
Execute         ap_family_info -name xck26-sfvc784-2LV-c -data names 
Execute         ap_part_info -quiet -name xck26-sfvc784-2LV-c -data family 
Execute     syn_report -verbosereport -model spmm_compute_Pipeline_SPMM_INIT -o /home/nat/dev/trinners/mai_proj/hls/thesis-gcn-accelerator/vitis/integrated_gcn/spmm_kernel/spmm_stage/hls/.autopilot/db/spmm_compute_Pipeline_SPMM_INIT.verbose.rpt 
Execute       list_part -family xck26-sfvc784-2LV-c 
Execute         ap_family_info -name xck26-sfvc784-2LV-c -data names 
Execute         ap_part_info -quiet -name xck26-sfvc784-2LV-c -data family 
Execute     db_write -model spmm_compute_Pipeline_SPMM_INIT -f -o /home/nat/dev/trinners/mai_proj/hls/thesis-gcn-accelerator/vitis/integrated_gcn/spmm_kernel/spmm_stage/hls/.autopilot/db/spmm_compute_Pipeline_SPMM_INIT.adb 
Execute     db_write -model spmm_compute_Pipeline_SPMM_INIT -bindview -o /home/nat/dev/trinners/mai_proj/hls/thesis-gcn-accelerator/vitis/integrated_gcn/spmm_kernel/spmm_stage/hls/.autopilot/db/design.bindinfo.xml 
Execute     gen_tb_info spmm_compute_Pipeline_SPMM_INIT -p /home/nat/dev/trinners/mai_proj/hls/thesis-gcn-accelerator/vitis/integrated_gcn/spmm_kernel/spmm_stage/hls/.autopilot/db -o /home/nat/dev/trinners/mai_proj/hls/thesis-gcn-accelerator/vitis/integrated_gcn/spmm_kernel/spmm_stage/hls/.autopilot/db/spmm_compute_Pipeline_SPMM_INIT 
INFO: [HLS 200-10] ----------------------------------------------------------------
INFO: [HLS 200-10] -- Generating RTL for module 'spmm_compute_Pipeline_SPMM_LOAD_H' 
INFO: [HLS 200-10] ----------------------------------------------------------------
Execute     create_rtl_model spmm_compute_Pipeline_SPMM_LOAD_H -top_prefix spmm_stage_ -sub_prefix spmm_stage_ -mg_file /home/nat/dev/trinners/mai_proj/hls/thesis-gcn-accelerator/vitis/integrated_gcn/spmm_kernel/spmm_stage/hls/.autopilot/db/spmm_compute_Pipeline_SPMM_LOAD_H.compgen.tcl 
INFO: [HLS 200-1030] Apply Unified Pipeline Control on module 'spmm_compute_Pipeline_SPMM_LOAD_H' pipeline 'SPMM_LOAD_H' pipeline type 'loop pipeline'
WARNING: [RTGEN 206-101] Setting dangling out port 'spmm_compute_Pipeline_SPMM_LOAD_H/m_axi_gmem3_0_ARVALID' to 0.
WARNING: [RTGEN 206-101] Setting dangling out port 'spmm_compute_Pipeline_SPMM_LOAD_H/m_axi_gmem3_0_ARADDR' to 0.
WARNING: [RTGEN 206-101] Setting dangling out port 'spmm_compute_Pipeline_SPMM_LOAD_H/m_axi_gmem3_0_ARID' to 0.
WARNING: [RTGEN 206-101] Setting dangling out port 'spmm_compute_Pipeline_SPMM_LOAD_H/m_axi_gmem3_0_ARLEN' to 0.
WARNING: [RTGEN 206-101] Setting dangling out port 'spmm_compute_Pipeline_SPMM_LOAD_H/m_axi_gmem3_0_ARSIZE' to 0.
WARNING: [RTGEN 206-101] Setting dangling out port 'spmm_compute_Pipeline_SPMM_LOAD_H/m_axi_gmem3_0_ARBURST' to 0.
WARNING: [RTGEN 206-101] Setting dangling out port 'spmm_compute_Pipeline_SPMM_LOAD_H/m_axi_gmem3_0_ARLOCK' to 0.
WARNING: [RTGEN 206-101] Setting dangling out port 'spmm_compute_Pipeline_SPMM_LOAD_H/m_axi_gmem3_0_ARCACHE' to 0.
WARNING: [RTGEN 206-101] Setting dangling out port 'spmm_compute_Pipeline_SPMM_LOAD_H/m_axi_gmem3_0_ARPROT' to 0.
WARNING: [RTGEN 206-101] Setting dangling out port 'spmm_compute_Pipeline_SPMM_LOAD_H/m_axi_gmem3_0_ARQOS' to 0.
WARNING: [RTGEN 206-101] Setting dangling out port 'spmm_compute_Pipeline_SPMM_LOAD_H/m_axi_gmem3_0_ARREGION' to 0.
WARNING: [RTGEN 206-101] Setting dangling out port 'spmm_compute_Pipeline_SPMM_LOAD_H/m_axi_gmem3_0_ARUSER' to 0.
INFO: [RTGEN 206-100] Finished creating RTL model for 'spmm_compute_Pipeline_SPMM_LOAD_H'.
INFO: [HLS 200-111] Finished Creating RTL model: CPU user time: 0.03 seconds. CPU system time: 0 seconds. Elapsed time: 0.04 seconds; current allocated memory: 411.906 MB.
Execute     source /home/nat/dev/trinners/mai_proj/hls/thesis-gcn-accelerator/vitis/integrated_gcn/spmm_kernel/spmm_stage/hls/.autopilot/db/spmm_stage.rtl_wrap.cfg.tcl 
Execute     gen_rtl spmm_compute_Pipeline_SPMM_LOAD_H -style xilinx -f -lang vhdl -o /home/nat/dev/trinners/mai_proj/hls/thesis-gcn-accelerator/vitis/integrated_gcn/spmm_kernel/spmm_stage/hls/syn/vhdl/spmm_stage_spmm_compute_Pipeline_SPMM_LOAD_H 
Execute     gen_rtl spmm_compute_Pipeline_SPMM_LOAD_H -style xilinx -f -lang vlog -o /home/nat/dev/trinners/mai_proj/hls/thesis-gcn-accelerator/vitis/integrated_gcn/spmm_kernel/spmm_stage/hls/syn/verilog/spmm_stage_spmm_compute_Pipeline_SPMM_LOAD_H 
Execute     syn_report -csynth -model spmm_compute_Pipeline_SPMM_LOAD_H -o /home/nat/dev/trinners/mai_proj/hls/thesis-gcn-accelerator/vitis/integrated_gcn/spmm_kernel/spmm_stage/hls/syn/report/spmm_compute_Pipeline_SPMM_LOAD_H_csynth.rpt 
Execute       list_part -family xck26-sfvc784-2LV-c 
Execute         ap_family_info -name xck26-sfvc784-2LV-c -data names 
Execute         ap_part_info -quiet -name xck26-sfvc784-2LV-c -data family 
Execute     syn_report -rtlxml -model spmm_compute_Pipeline_SPMM_LOAD_H -o /home/nat/dev/trinners/mai_proj/hls/thesis-gcn-accelerator/vitis/integrated_gcn/spmm_kernel/spmm_stage/hls/syn/report/spmm_compute_Pipeline_SPMM_LOAD_H_csynth.xml 
Execute       list_part -family xck26-sfvc784-2LV-c 
Execute         ap_family_info -name xck26-sfvc784-2LV-c -data names 
Execute         ap_part_info -quiet -name xck26-sfvc784-2LV-c -data family 
Execute     syn_report -verbosereport -model spmm_compute_Pipeline_SPMM_LOAD_H -o /home/nat/dev/trinners/mai_proj/hls/thesis-gcn-accelerator/vitis/integrated_gcn/spmm_kernel/spmm_stage/hls/.autopilot/db/spmm_compute_Pipeline_SPMM_LOAD_H.verbose.rpt 
Execute       list_part -family xck26-sfvc784-2LV-c 
Execute         ap_family_info -name xck26-sfvc784-2LV-c -data names 
Execute         ap_part_info -quiet -name xck26-sfvc784-2LV-c -data family 
Execute     db_write -model spmm_compute_Pipeline_SPMM_LOAD_H -f -o /home/nat/dev/trinners/mai_proj/hls/thesis-gcn-accelerator/vitis/integrated_gcn/spmm_kernel/spmm_stage/hls/.autopilot/db/spmm_compute_Pipeline_SPMM_LOAD_H.adb 
Execute     db_write -model spmm_compute_Pipeline_SPMM_LOAD_H -bindview -o /home/nat/dev/trinners/mai_proj/hls/thesis-gcn-accelerator/vitis/integrated_gcn/spmm_kernel/spmm_stage/hls/.autopilot/db/design.bindinfo.xml 
Execute     gen_tb_info spmm_compute_Pipeline_SPMM_LOAD_H -p /home/nat/dev/trinners/mai_proj/hls/thesis-gcn-accelerator/vitis/integrated_gcn/spmm_kernel/spmm_stage/hls/.autopilot/db -o /home/nat/dev/trinners/mai_proj/hls/thesis-gcn-accelerator/vitis/integrated_gcn/spmm_kernel/spmm_stage/hls/.autopilot/db/spmm_compute_Pipeline_SPMM_LOAD_H 
INFO: [HLS 200-10] ----------------------------------------------------------------
INFO: [HLS 200-10] -- Generating RTL for module 'spmm_compute_Pipeline_SPMM_MAC' 
INFO: [HLS 200-10] ----------------------------------------------------------------
Execute     create_rtl_model spmm_compute_Pipeline_SPMM_MAC -top_prefix spmm_stage_ -sub_prefix spmm_stage_ -mg_file /home/nat/dev/trinners/mai_proj/hls/thesis-gcn-accelerator/vitis/integrated_gcn/spmm_kernel/spmm_stage/hls/.autopilot/db/spmm_compute_Pipeline_SPMM_MAC.compgen.tcl 
INFO: [HLS 200-1030] Apply Unified Pipeline Control on module 'spmm_compute_Pipeline_SPMM_MAC' pipeline 'SPMM_MAC' pipeline type 'loop pipeline'
INFO: [RTGEN 206-100] Generating core module 'mul_26s_26s_52_1_1': 32 instance(s).
INFO: [RTGEN 206-100] Finished creating RTL model for 'spmm_compute_Pipeline_SPMM_MAC'.
INFO: [HLS 200-111] Finished Creating RTL model: CPU user time: 0.07 seconds. CPU system time: 0.01 seconds. Elapsed time: 0.06 seconds; current allocated memory: 418.418 MB.
Execute     source /home/nat/dev/trinners/mai_proj/hls/thesis-gcn-accelerator/vitis/integrated_gcn/spmm_kernel/spmm_stage/hls/.autopilot/db/spmm_stage.rtl_wrap.cfg.tcl 
Execute     gen_rtl spmm_compute_Pipeline_SPMM_MAC -style xilinx -f -lang vhdl -o /home/nat/dev/trinners/mai_proj/hls/thesis-gcn-accelerator/vitis/integrated_gcn/spmm_kernel/spmm_stage/hls/syn/vhdl/spmm_stage_spmm_compute_Pipeline_SPMM_MAC 
Execute     gen_rtl spmm_compute_Pipeline_SPMM_MAC -style xilinx -f -lang vlog -o /home/nat/dev/trinners/mai_proj/hls/thesis-gcn-accelerator/vitis/integrated_gcn/spmm_kernel/spmm_stage/hls/syn/verilog/spmm_stage_spmm_compute_Pipeline_SPMM_MAC 
Execute     syn_report -csynth -model spmm_compute_Pipeline_SPMM_MAC -o /home/nat/dev/trinners/mai_proj/hls/thesis-gcn-accelerator/vitis/integrated_gcn/spmm_kernel/spmm_stage/hls/syn/report/spmm_compute_Pipeline_SPMM_MAC_csynth.rpt 
Execute       list_part -family xck26-sfvc784-2LV-c 
Execute         ap_family_info -name xck26-sfvc784-2LV-c -data names 
Execute         ap_part_info -quiet -name xck26-sfvc784-2LV-c -data family 
Execute     syn_report -rtlxml -model spmm_compute_Pipeline_SPMM_MAC -o /home/nat/dev/trinners/mai_proj/hls/thesis-gcn-accelerator/vitis/integrated_gcn/spmm_kernel/spmm_stage/hls/syn/report/spmm_compute_Pipeline_SPMM_MAC_csynth.xml 
Execute       list_part -family xck26-sfvc784-2LV-c 
Execute         ap_family_info -name xck26-sfvc784-2LV-c -data names 
Execute         ap_part_info -quiet -name xck26-sfvc784-2LV-c -data family 
Execute     syn_report -verbosereport -model spmm_compute_Pipeline_SPMM_MAC -o /home/nat/dev/trinners/mai_proj/hls/thesis-gcn-accelerator/vitis/integrated_gcn/spmm_kernel/spmm_stage/hls/.autopilot/db/spmm_compute_Pipeline_SPMM_MAC.verbose.rpt 
Execute       list_part -family xck26-sfvc784-2LV-c 
Execute         ap_family_info -name xck26-sfvc784-2LV-c -data names 
Execute         ap_part_info -quiet -name xck26-sfvc784-2LV-c -data family 
Execute     db_write -model spmm_compute_Pipeline_SPMM_MAC -f -o /home/nat/dev/trinners/mai_proj/hls/thesis-gcn-accelerator/vitis/integrated_gcn/spmm_kernel/spmm_stage/hls/.autopilot/db/spmm_compute_Pipeline_SPMM_MAC.adb 
Execute     db_write -model spmm_compute_Pipeline_SPMM_MAC -bindview -o /home/nat/dev/trinners/mai_proj/hls/thesis-gcn-accelerator/vitis/integrated_gcn/spmm_kernel/spmm_stage/hls/.autopilot/db/design.bindinfo.xml 
Execute     gen_tb_info spmm_compute_Pipeline_SPMM_MAC -p /home/nat/dev/trinners/mai_proj/hls/thesis-gcn-accelerator/vitis/integrated_gcn/spmm_kernel/spmm_stage/hls/.autopilot/db -o /home/nat/dev/trinners/mai_proj/hls/thesis-gcn-accelerator/vitis/integrated_gcn/spmm_kernel/spmm_stage/hls/.autopilot/db/spmm_compute_Pipeline_SPMM_MAC 
INFO: [HLS 200-10] ----------------------------------------------------------------
INFO: [HLS 200-10] -- Generating RTL for module 'spmm_compute_Pipeline_SPMM_WRITE' 
INFO: [HLS 200-10] ----------------------------------------------------------------
Execute     create_rtl_model spmm_compute_Pipeline_SPMM_WRITE -top_prefix spmm_stage_ -sub_prefix spmm_stage_ -mg_file /home/nat/dev/trinners/mai_proj/hls/thesis-gcn-accelerator/vitis/integrated_gcn/spmm_kernel/spmm_stage/hls/.autopilot/db/spmm_compute_Pipeline_SPMM_WRITE.compgen.tcl 
INFO: [HLS 200-1030] Apply Unified Pipeline Control on module 'spmm_compute_Pipeline_SPMM_WRITE' pipeline 'SPMM_WRITE' pipeline type 'loop pipeline'
INFO: [RTGEN 206-100] Generating core module 'sparsemux_65_5_26_1_1': 1 instance(s).
INFO: [RTGEN 206-100] Finished creating RTL model for 'spmm_compute_Pipeline_SPMM_WRITE'.
INFO: [HLS 200-111] Finished Creating RTL model: CPU user time: 0.07 seconds. CPU system time: 0.01 seconds. Elapsed time: 0.09 seconds; current allocated memory: 427.562 MB.
Execute     source /home/nat/dev/trinners/mai_proj/hls/thesis-gcn-accelerator/vitis/integrated_gcn/spmm_kernel/spmm_stage/hls/.autopilot/db/spmm_stage.rtl_wrap.cfg.tcl 
Execute     gen_rtl spmm_compute_Pipeline_SPMM_WRITE -style xilinx -f -lang vhdl -o /home/nat/dev/trinners/mai_proj/hls/thesis-gcn-accelerator/vitis/integrated_gcn/spmm_kernel/spmm_stage/hls/syn/vhdl/spmm_stage_spmm_compute_Pipeline_SPMM_WRITE 
Execute     gen_rtl spmm_compute_Pipeline_SPMM_WRITE -style xilinx -f -lang vlog -o /home/nat/dev/trinners/mai_proj/hls/thesis-gcn-accelerator/vitis/integrated_gcn/spmm_kernel/spmm_stage/hls/syn/verilog/spmm_stage_spmm_compute_Pipeline_SPMM_WRITE 
Execute     syn_report -csynth -model spmm_compute_Pipeline_SPMM_WRITE -o /home/nat/dev/trinners/mai_proj/hls/thesis-gcn-accelerator/vitis/integrated_gcn/spmm_kernel/spmm_stage/hls/syn/report/spmm_compute_Pipeline_SPMM_WRITE_csynth.rpt 
Execute       list_part -family xck26-sfvc784-2LV-c 
Execute         ap_family_info -name xck26-sfvc784-2LV-c -data names 
Execute         ap_part_info -quiet -name xck26-sfvc784-2LV-c -data family 
Execute     syn_report -rtlxml -model spmm_compute_Pipeline_SPMM_WRITE -o /home/nat/dev/trinners/mai_proj/hls/thesis-gcn-accelerator/vitis/integrated_gcn/spmm_kernel/spmm_stage/hls/syn/report/spmm_compute_Pipeline_SPMM_WRITE_csynth.xml 
Execute       list_part -family xck26-sfvc784-2LV-c 
Execute         ap_family_info -name xck26-sfvc784-2LV-c -data names 
Execute         ap_part_info -quiet -name xck26-sfvc784-2LV-c -data family 
Execute     syn_report -verbosereport -model spmm_compute_Pipeline_SPMM_WRITE -o /home/nat/dev/trinners/mai_proj/hls/thesis-gcn-accelerator/vitis/integrated_gcn/spmm_kernel/spmm_stage/hls/.autopilot/db/spmm_compute_Pipeline_SPMM_WRITE.verbose.rpt 
Execute       list_part -family xck26-sfvc784-2LV-c 
Execute         ap_family_info -name xck26-sfvc784-2LV-c -data names 
Execute         ap_part_info -quiet -name xck26-sfvc784-2LV-c -data family 
Execute     db_write -model spmm_compute_Pipeline_SPMM_WRITE -f -o /home/nat/dev/trinners/mai_proj/hls/thesis-gcn-accelerator/vitis/integrated_gcn/spmm_kernel/spmm_stage/hls/.autopilot/db/spmm_compute_Pipeline_SPMM_WRITE.adb 
Execute     db_write -model spmm_compute_Pipeline_SPMM_WRITE -bindview -o /home/nat/dev/trinners/mai_proj/hls/thesis-gcn-accelerator/vitis/integrated_gcn/spmm_kernel/spmm_stage/hls/.autopilot/db/design.bindinfo.xml 
Execute     gen_tb_info spmm_compute_Pipeline_SPMM_WRITE -p /home/nat/dev/trinners/mai_proj/hls/thesis-gcn-accelerator/vitis/integrated_gcn/spmm_kernel/spmm_stage/hls/.autopilot/db -o /home/nat/dev/trinners/mai_proj/hls/thesis-gcn-accelerator/vitis/integrated_gcn/spmm_kernel/spmm_stage/hls/.autopilot/db/spmm_compute_Pipeline_SPMM_WRITE 
INFO: [HLS 200-10] ----------------------------------------------------------------
INFO: [HLS 200-10] -- Generating RTL for module 'spmm_compute' 
INFO: [HLS 200-10] ----------------------------------------------------------------
Execute     create_rtl_model spmm_compute -top_prefix spmm_stage_ -sub_prefix spmm_stage_ -mg_file /home/nat/dev/trinners/mai_proj/hls/thesis-gcn-accelerator/vitis/integrated_gcn/spmm_kernel/spmm_stage/hls/.autopilot/db/spmm_compute.compgen.tcl 
INFO: [RTGEN 206-100] Finished creating RTL model for 'spmm_compute'.
INFO: [RTMG 210-278] Implementing memory 'spmm_stage_spmm_compute_acc_RAM_AUTO_1R1W' using auto RAMs.
INFO: [RTMG 210-278] Implementing memory 'spmm_stage_spmm_compute_h_buf_RAM_AUTO_1R1W' using auto RAMs.
INFO: [HLS 200-111] Finished Creating RTL model: CPU user time: 0.05 seconds. CPU system time: 0.01 seconds. Elapsed time: 0.06 seconds; current allocated memory: 433.109 MB.
Execute     source /home/nat/dev/trinners/mai_proj/hls/thesis-gcn-accelerator/vitis/integrated_gcn/spmm_kernel/spmm_stage/hls/.autopilot/db/spmm_stage.rtl_wrap.cfg.tcl 
Execute     gen_rtl spmm_compute -style xilinx -f -lang vhdl -o /home/nat/dev/trinners/mai_proj/hls/thesis-gcn-accelerator/vitis/integrated_gcn/spmm_kernel/spmm_stage/hls/syn/vhdl/spmm_stage_spmm_compute 
Execute     gen_rtl spmm_compute -style xilinx -f -lang vlog -o /home/nat/dev/trinners/mai_proj/hls/thesis-gcn-accelerator/vitis/integrated_gcn/spmm_kernel/spmm_stage/hls/syn/verilog/spmm_stage_spmm_compute 
Execute     syn_report -csynth -model spmm_compute -o /home/nat/dev/trinners/mai_proj/hls/thesis-gcn-accelerator/vitis/integrated_gcn/spmm_kernel/spmm_stage/hls/syn/report/spmm_compute_csynth.rpt 
Execute       list_part -family xck26-sfvc784-2LV-c 
Execute         ap_family_info -name xck26-sfvc784-2LV-c -data names 
Execute         ap_part_info -quiet -name xck26-sfvc784-2LV-c -data family 
Execute     syn_report -rtlxml -model spmm_compute -o /home/nat/dev/trinners/mai_proj/hls/thesis-gcn-accelerator/vitis/integrated_gcn/spmm_kernel/spmm_stage/hls/syn/report/spmm_compute_csynth.xml 
Execute       list_part -family xck26-sfvc784-2LV-c 
Execute         ap_family_info -name xck26-sfvc784-2LV-c -data names 
Execute         ap_part_info -quiet -name xck26-sfvc784-2LV-c -data family 
Execute     syn_report -verbosereport -model spmm_compute -o /home/nat/dev/trinners/mai_proj/hls/thesis-gcn-accelerator/vitis/integrated_gcn/spmm_kernel/spmm_stage/hls/.autopilot/db/spmm_compute.verbose.rpt 
Execute       list_part -family xck26-sfvc784-2LV-c 
Execute         ap_family_info -name xck26-sfvc784-2LV-c -data names 
Execute         ap_part_info -quiet -name xck26-sfvc784-2LV-c -data family 
Execute     db_write -model spmm_compute -f -o /home/nat/dev/trinners/mai_proj/hls/thesis-gcn-accelerator/vitis/integrated_gcn/spmm_kernel/spmm_stage/hls/.autopilot/db/spmm_compute.adb 
Execute     db_write -model spmm_compute -bindview -o /home/nat/dev/trinners/mai_proj/hls/thesis-gcn-accelerator/vitis/integrated_gcn/spmm_kernel/spmm_stage/hls/.autopilot/db/design.bindinfo.xml 
Execute     gen_tb_info spmm_compute -p /home/nat/dev/trinners/mai_proj/hls/thesis-gcn-accelerator/vitis/integrated_gcn/spmm_kernel/spmm_stage/hls/.autopilot/db -o /home/nat/dev/trinners/mai_proj/hls/thesis-gcn-accelerator/vitis/integrated_gcn/spmm_kernel/spmm_stage/hls/.autopilot/db/spmm_compute 
INFO: [HLS 200-10] ----------------------------------------------------------------
INFO: [HLS 200-10] -- Generating RTL for module 'spmm_store' 
INFO: [HLS 200-10] ----------------------------------------------------------------
Execute     create_rtl_model spmm_store -top_prefix spmm_stage_ -sub_prefix spmm_stage_ -mg_file /home/nat/dev/trinners/mai_proj/hls/thesis-gcn-accelerator/vitis/integrated_gcn/spmm_kernel/spmm_stage/hls/.autopilot/db/spmm_store.compgen.tcl 
INFO: [HLS 200-1030] Apply Unified Pipeline Control on module 'spmm_store' pipeline 'SPMM_STORE_ROW_SPMM_STORE_FEAT' pipeline type 'loop pipeline'
INFO: [RTGEN 206-100] Finished creating RTL model for 'spmm_store'.
INFO: [HLS 200-111] Finished Creating RTL model: CPU user time: 0.07 seconds. CPU system time: 0 seconds. Elapsed time: 0.07 seconds; current allocated memory: 438.352 MB.
Execute     source /home/nat/dev/trinners/mai_proj/hls/thesis-gcn-accelerator/vitis/integrated_gcn/spmm_kernel/spmm_stage/hls/.autopilot/db/spmm_stage.rtl_wrap.cfg.tcl 
Execute     gen_rtl spmm_store -style xilinx -f -lang vhdl -o /home/nat/dev/trinners/mai_proj/hls/thesis-gcn-accelerator/vitis/integrated_gcn/spmm_kernel/spmm_stage/hls/syn/vhdl/spmm_stage_spmm_store 
Execute     gen_rtl spmm_store -style xilinx -f -lang vlog -o /home/nat/dev/trinners/mai_proj/hls/thesis-gcn-accelerator/vitis/integrated_gcn/spmm_kernel/spmm_stage/hls/syn/verilog/spmm_stage_spmm_store 
Execute     syn_report -csynth -model spmm_store -o /home/nat/dev/trinners/mai_proj/hls/thesis-gcn-accelerator/vitis/integrated_gcn/spmm_kernel/spmm_stage/hls/syn/report/spmm_store_csynth.rpt 
Execute       list_part -family xck26-sfvc784-2LV-c 
Execute         ap_family_info -name xck26-sfvc784-2LV-c -data names 
Execute         ap_part_info -quiet -name xck26-sfvc784-2LV-c -data family 
Execute     syn_report -rtlxml -model spmm_store -o /home/nat/dev/trinners/mai_proj/hls/thesis-gcn-accelerator/vitis/integrated_gcn/spmm_kernel/spmm_stage/hls/syn/report/spmm_store_csynth.xml 
Execute       list_part -family xck26-sfvc784-2LV-c 
Execute         ap_family_info -name xck26-sfvc784-2LV-c -data names 
Execute         ap_part_info -quiet -name xck26-sfvc784-2LV-c -data family 
Execute     syn_report -verbosereport -model spmm_store -o /home/nat/dev/trinners/mai_proj/hls/thesis-gcn-accelerator/vitis/integrated_gcn/spmm_kernel/spmm_stage/hls/.autopilot/db/spmm_store.verbose.rpt 
Execute       list_part -family xck26-sfvc784-2LV-c 
Execute         ap_family_info -name xck26-sfvc784-2LV-c -data names 
Execute         ap_part_info -quiet -name xck26-sfvc784-2LV-c -data family 
Execute     db_write -model spmm_store -f -o /home/nat/dev/trinners/mai_proj/hls/thesis-gcn-accelerator/vitis/integrated_gcn/spmm_kernel/spmm_stage/hls/.autopilot/db/spmm_store.adb 
Execute     db_write -model spmm_store -bindview -o /home/nat/dev/trinners/mai_proj/hls/thesis-gcn-accelerator/vitis/integrated_gcn/spmm_kernel/spmm_stage/hls/.autopilot/db/design.bindinfo.xml 
Execute     gen_tb_info spmm_store -p /home/nat/dev/trinners/mai_proj/hls/thesis-gcn-accelerator/vitis/integrated_gcn/spmm_kernel/spmm_stage/hls/.autopilot/db -o /home/nat/dev/trinners/mai_proj/hls/thesis-gcn-accelerator/vitis/integrated_gcn/spmm_kernel/spmm_stage/hls/.autopilot/db/spmm_store 
INFO: [HLS 200-10] ----------------------------------------------------------------
INFO: [HLS 200-10] -- Generating RTL for module 'spmm_stage' 
INFO: [HLS 200-10] ----------------------------------------------------------------
Execute     create_rtl_model spmm_stage -top_prefix  -sub_prefix spmm_stage_ -mg_file /home/nat/dev/trinners/mai_proj/hls/thesis-gcn-accelerator/vitis/integrated_gcn/spmm_kernel/spmm_stage/hls/.autopilot/db/spmm_stage.compgen.tcl 
WARNING: [RTGEN 206-101] Design contains AXI ports. Reset is fixed to synchronous and active low.
INFO: [RTGEN 206-500] Setting interface mode on port 'spmm_stage/gmem0' to 'm_axi'.
INFO: [RTGEN 206-500] Setting interface mode on port 'spmm_stage/gmem1' to 'm_axi'.
INFO: [RTGEN 206-500] Setting interface mode on port 'spmm_stage/gmem2' to 'm_axi'.
INFO: [RTGEN 206-500] Setting interface mode on port 'spmm_stage/gmem3' to 'm_axi'.
INFO: [RTGEN 206-500] Setting interface mode on port 'spmm_stage/gmem4' to 'm_axi'.
INFO: [RTGEN 206-500] Setting interface mode on port 'spmm_stage/row_length' to 's_axilite & ap_none'.
INFO: [RTGEN 206-500] Setting interface mode on port 'spmm_stage/colind' to 's_axilite & ap_none'.
INFO: [RTGEN 206-500] Setting interface mode on port 'spmm_stage/values' to 's_axilite & ap_none'.
INFO: [RTGEN 206-500] Setting interface mode on port 'spmm_stage/H_temp' to 's_axilite & ap_none'.
INFO: [RTGEN 206-500] Setting interface mode on port 'spmm_stage/nnz_total' to 'ap_none'.
INFO: [RTGEN 206-500] Setting interface mode on port 'spmm_stage/H_out' to 's_axilite & ap_none'.
INFO: [RTGEN 206-500] Setting interface mode on function 'spmm_stage' to 'ap_ctrl_hs'.
INFO: [RTGEN 206-100] Bundling port 'row_length', 'colind', 'values', 'H_temp' and 'H_out' to AXI-Lite port control.
INFO: [RTGEN 206-100] Finished creating RTL model for 'spmm_stage'.
INFO: [RTMG 210-285] Implementing FIFO 'H_out_c_U(spmm_stage_fifo_w64_d4_S)' using Shift Registers.
INFO: [RTMG 210-285] Implementing FIFO 'row_fifo_U(spmm_stage_fifo_w32_d16_S)' using Shift Registers.
INFO: [RTMG 210-285] Implementing FIFO 'col_fifo_U(spmm_stage_fifo_w32_d256_A)' using Vivado Default RAMs.
INFO: [RTMG 210-285] Implementing FIFO 'val_fifo_U(spmm_stage_fifo_w16_d256_A)' using Vivado Default RAMs.
INFO: [RTMG 210-285] Implementing FIFO 'result_fifo_U(spmm_stage_fifo_w16_d32_S)' using Shift Registers.
INFO: [RTMG 210-285] Implementing FIFO 'start_for_spmm_store_U0_U(spmm_stage_start_for_spmm_store_U0)' using Shift Registers.
INFO: [HLS 200-111] Finished Creating RTL model: CPU user time: 0.1 seconds. CPU system time: 0.01 seconds. Elapsed time: 0.12 seconds; current allocated memory: 446.363 MB.
Execute     source /home/nat/dev/trinners/mai_proj/hls/thesis-gcn-accelerator/vitis/integrated_gcn/spmm_kernel/spmm_stage/hls/.autopilot/db/spmm_stage.rtl_wrap.cfg.tcl 
Execute     gen_rtl spmm_stage -istop -style xilinx -f -lang vhdl -o /home/nat/dev/trinners/mai_proj/hls/thesis-gcn-accelerator/vitis/integrated_gcn/spmm_kernel/spmm_stage/hls/syn/vhdl/spmm_stage 
Execute     gen_rtl spmm_stage -istop -style xilinx -f -lang vlog -o /home/nat/dev/trinners/mai_proj/hls/thesis-gcn-accelerator/vitis/integrated_gcn/spmm_kernel/spmm_stage/hls/syn/verilog/spmm_stage 
Execute     syn_report -csynth -model spmm_stage -o /home/nat/dev/trinners/mai_proj/hls/thesis-gcn-accelerator/vitis/integrated_gcn/spmm_kernel/spmm_stage/hls/syn/report/spmm_stage_csynth.rpt 
Execute       list_part -family xck26-sfvc784-2LV-c 
Execute         ap_family_info -name xck26-sfvc784-2LV-c -data names 
Execute         ap_part_info -quiet -name xck26-sfvc784-2LV-c -data family 
Execute     syn_report -rtlxml -model spmm_stage -o /home/nat/dev/trinners/mai_proj/hls/thesis-gcn-accelerator/vitis/integrated_gcn/spmm_kernel/spmm_stage/hls/syn/report/spmm_stage_csynth.xml 
Execute       list_part -family xck26-sfvc784-2LV-c 
Execute         ap_family_info -name xck26-sfvc784-2LV-c -data names 
Execute         ap_part_info -quiet -name xck26-sfvc784-2LV-c -data family 
Execute     syn_report -verbosereport -model spmm_stage -o /home/nat/dev/trinners/mai_proj/hls/thesis-gcn-accelerator/vitis/integrated_gcn/spmm_kernel/spmm_stage/hls/.autopilot/db/spmm_stage.verbose.rpt 
Execute       list_part -family xck26-sfvc784-2LV-c 
Execute         ap_family_info -name xck26-sfvc784-2LV-c -data names 
Execute         ap_part_info -quiet -name xck26-sfvc784-2LV-c -data family 
Execute     db_write -model spmm_stage -f -o /home/nat/dev/trinners/mai_proj/hls/thesis-gcn-accelerator/vitis/integrated_gcn/spmm_kernel/spmm_stage/hls/.autopilot/db/spmm_stage.adb 
Execute     db_write -model spmm_stage -bindview -o /home/nat/dev/trinners/mai_proj/hls/thesis-gcn-accelerator/vitis/integrated_gcn/spmm_kernel/spmm_stage/hls/.autopilot/db/design.bindinfo.xml 
Execute     gen_tb_info spmm_stage -p /home/nat/dev/trinners/mai_proj/hls/thesis-gcn-accelerator/vitis/integrated_gcn/spmm_kernel/spmm_stage/hls/.autopilot/db -o /home/nat/dev/trinners/mai_proj/hls/thesis-gcn-accelerator/vitis/integrated_gcn/spmm_kernel/spmm_stage/hls/.autopilot/db/spmm_stage 
Execute     export_constraint_db -f -tool general -o /home/nat/dev/trinners/mai_proj/hls/thesis-gcn-accelerator/vitis/integrated_gcn/spmm_kernel/spmm_stage/hls/.autopilot/db/spmm_stage.constraint.tcl 
Execute     syn_report -designview -model spmm_stage -o /home/nat/dev/trinners/mai_proj/hls/thesis-gcn-accelerator/vitis/integrated_gcn/spmm_kernel/spmm_stage/hls/.autopilot/db/spmm_stage.design.xml 
Execute     syn_report -csynthDesign -model spmm_stage -o /home/nat/dev/trinners/mai_proj/hls/thesis-gcn-accelerator/vitis/integrated_gcn/spmm_kernel/spmm_stage/hls/syn/report/csynth.rpt -MHOut /home/nat/dev/trinners/mai_proj/hls/thesis-gcn-accelerator/vitis/integrated_gcn/spmm_kernel/spmm_stage/hls/.autopilot/db/kernel_module_hierarchy.tcl 
Execute       list_part -family xck26-sfvc784-2LV-c 
Execute         ap_family_info -name xck26-sfvc784-2LV-c -data names 
Execute         ap_part_info -quiet -name xck26-sfvc784-2LV-c -data family 
Execute     syn_report -wcfg -model spmm_stage -o /home/nat/dev/trinners/mai_proj/hls/thesis-gcn-accelerator/vitis/integrated_gcn/spmm_kernel/spmm_stage/hls/.autopilot/db/spmm_stage_dataflow_ana.wcfg 
Execute     syn_report -protoinst -model spmm_stage -o /home/nat/dev/trinners/mai_proj/hls/thesis-gcn-accelerator/vitis/integrated_gcn/spmm_kernel/spmm_stage/hls/.autopilot/db/spmm_stage.protoinst 
Execute     sc_get_clocks spmm_stage 
Execute     sc_get_portdomain spmm_stage 
INFO-FLOW: Model list for RTL component generation: entry_proc spmm_load_csr_Pipeline_LOAD_ROWS spmm_load_csr_Pipeline_LOAD_NNZ spmm_load_csr spmm_compute_Pipeline_SPMM_INIT spmm_compute_Pipeline_SPMM_LOAD_H spmm_compute_Pipeline_SPMM_MAC spmm_compute_Pipeline_SPMM_WRITE spmm_compute spmm_store spmm_stage
INFO-FLOW: Handling components in module [entry_proc] ... 
Execute     source /home/nat/dev/trinners/mai_proj/hls/thesis-gcn-accelerator/vitis/integrated_gcn/spmm_kernel/spmm_stage/hls/.autopilot/db/entry_proc.compgen.tcl 
INFO-FLOW: Handling components in module [spmm_load_csr_Pipeline_LOAD_ROWS] ... 
Execute     source /home/nat/dev/trinners/mai_proj/hls/thesis-gcn-accelerator/vitis/integrated_gcn/spmm_kernel/spmm_stage/hls/.autopilot/db/spmm_load_csr_Pipeline_LOAD_ROWS.compgen.tcl 
INFO-FLOW: Found component spmm_stage_flow_control_loop_pipe_sequential_init.
INFO-FLOW: Append model spmm_stage_flow_control_loop_pipe_sequential_init
INFO-FLOW: Handling components in module [spmm_load_csr_Pipeline_LOAD_NNZ] ... 
Execute     source /home/nat/dev/trinners/mai_proj/hls/thesis-gcn-accelerator/vitis/integrated_gcn/spmm_kernel/spmm_stage/hls/.autopilot/db/spmm_load_csr_Pipeline_LOAD_NNZ.compgen.tcl 
INFO-FLOW: Found component spmm_stage_flow_control_loop_pipe_sequential_init.
INFO-FLOW: Append model spmm_stage_flow_control_loop_pipe_sequential_init
INFO-FLOW: Handling components in module [spmm_load_csr] ... 
Execute     source /home/nat/dev/trinners/mai_proj/hls/thesis-gcn-accelerator/vitis/integrated_gcn/spmm_kernel/spmm_stage/hls/.autopilot/db/spmm_load_csr.compgen.tcl 
INFO-FLOW: Handling components in module [spmm_compute_Pipeline_SPMM_INIT] ... 
Execute     source /home/nat/dev/trinners/mai_proj/hls/thesis-gcn-accelerator/vitis/integrated_gcn/spmm_kernel/spmm_stage/hls/.autopilot/db/spmm_compute_Pipeline_SPMM_INIT.compgen.tcl 
INFO-FLOW: Found component spmm_stage_flow_control_loop_pipe_sequential_init.
INFO-FLOW: Append model spmm_stage_flow_control_loop_pipe_sequential_init
INFO-FLOW: Handling components in module [spmm_compute_Pipeline_SPMM_LOAD_H] ... 
Execute     source /home/nat/dev/trinners/mai_proj/hls/thesis-gcn-accelerator/vitis/integrated_gcn/spmm_kernel/spmm_stage/hls/.autopilot/db/spmm_compute_Pipeline_SPMM_LOAD_H.compgen.tcl 
INFO-FLOW: Found component spmm_stage_flow_control_loop_pipe_sequential_init.
INFO-FLOW: Append model spmm_stage_flow_control_loop_pipe_sequential_init
INFO-FLOW: Handling components in module [spmm_compute_Pipeline_SPMM_MAC] ... 
Execute     source /home/nat/dev/trinners/mai_proj/hls/thesis-gcn-accelerator/vitis/integrated_gcn/spmm_kernel/spmm_stage/hls/.autopilot/db/spmm_compute_Pipeline_SPMM_MAC.compgen.tcl 
INFO-FLOW: Found component spmm_stage_mul_26s_26s_52_1_1.
INFO-FLOW: Append model spmm_stage_mul_26s_26s_52_1_1
INFO-FLOW: Found component spmm_stage_flow_control_loop_pipe_sequential_init.
INFO-FLOW: Append model spmm_stage_flow_control_loop_pipe_sequential_init
INFO-FLOW: Handling components in module [spmm_compute_Pipeline_SPMM_WRITE] ... 
Execute     source /home/nat/dev/trinners/mai_proj/hls/thesis-gcn-accelerator/vitis/integrated_gcn/spmm_kernel/spmm_stage/hls/.autopilot/db/spmm_compute_Pipeline_SPMM_WRITE.compgen.tcl 
INFO-FLOW: Found component spmm_stage_sparsemux_65_5_26_1_1.
INFO-FLOW: Append model spmm_stage_sparsemux_65_5_26_1_1
INFO-FLOW: Found component spmm_stage_flow_control_loop_pipe_sequential_init.
INFO-FLOW: Append model spmm_stage_flow_control_loop_pipe_sequential_init
INFO-FLOW: Handling components in module [spmm_compute] ... 
Execute     source /home/nat/dev/trinners/mai_proj/hls/thesis-gcn-accelerator/vitis/integrated_gcn/spmm_kernel/spmm_stage/hls/.autopilot/db/spmm_compute.compgen.tcl 
INFO-FLOW: Found component spmm_stage_spmm_compute_acc_RAM_AUTO_1R1W.
INFO-FLOW: Append model spmm_stage_spmm_compute_acc_RAM_AUTO_1R1W
INFO-FLOW: Found component spmm_stage_spmm_compute_h_buf_RAM_AUTO_1R1W.
INFO-FLOW: Append model spmm_stage_spmm_compute_h_buf_RAM_AUTO_1R1W
INFO-FLOW: Handling components in module [spmm_store] ... 
Execute     source /home/nat/dev/trinners/mai_proj/hls/thesis-gcn-accelerator/vitis/integrated_gcn/spmm_kernel/spmm_stage/hls/.autopilot/db/spmm_store.compgen.tcl 
INFO-FLOW: Found component spmm_stage_flow_control_loop_delay_pipe.
INFO-FLOW: Append model spmm_stage_flow_control_loop_delay_pipe
INFO-FLOW: Handling components in module [spmm_stage] ... 
Execute     source /home/nat/dev/trinners/mai_proj/hls/thesis-gcn-accelerator/vitis/integrated_gcn/spmm_kernel/spmm_stage/hls/.autopilot/db/spmm_stage.compgen.tcl 
INFO-FLOW: Found component spmm_stage_fifo_w64_d4_S.
INFO-FLOW: Append model spmm_stage_fifo_w64_d4_S
INFO-FLOW: Found component spmm_stage_fifo_w32_d16_S.
INFO-FLOW: Append model spmm_stage_fifo_w32_d16_S
INFO-FLOW: Found component spmm_stage_fifo_w32_d256_A.
INFO-FLOW: Append model spmm_stage_fifo_w32_d256_A
INFO-FLOW: Found component spmm_stage_fifo_w16_d256_A.
INFO-FLOW: Append model spmm_stage_fifo_w16_d256_A
INFO-FLOW: Found component spmm_stage_fifo_w16_d32_S.
INFO-FLOW: Append model spmm_stage_fifo_w16_d32_S
INFO-FLOW: Found component spmm_stage_start_for_spmm_store_U0.
INFO-FLOW: Append model spmm_stage_start_for_spmm_store_U0
INFO-FLOW: Found component spmm_stage_gmem0_m_axi.
INFO-FLOW: Append model spmm_stage_gmem0_m_axi
INFO-FLOW: Found component spmm_stage_gmem1_m_axi.
INFO-FLOW: Append model spmm_stage_gmem1_m_axi
INFO-FLOW: Found component spmm_stage_gmem2_m_axi.
INFO-FLOW: Append model spmm_stage_gmem2_m_axi
INFO-FLOW: Found component spmm_stage_gmem3_m_axi.
INFO-FLOW: Append model spmm_stage_gmem3_m_axi
INFO-FLOW: Found component spmm_stage_gmem4_m_axi.
INFO-FLOW: Append model spmm_stage_gmem4_m_axi
INFO-FLOW: Found component spmm_stage_control_s_axi.
INFO-FLOW: Append model spmm_stage_control_s_axi
INFO-FLOW: Append model entry_proc
INFO-FLOW: Append model spmm_load_csr_Pipeline_LOAD_ROWS
INFO-FLOW: Append model spmm_load_csr_Pipeline_LOAD_NNZ
INFO-FLOW: Append model spmm_load_csr
INFO-FLOW: Append model spmm_compute_Pipeline_SPMM_INIT
INFO-FLOW: Append model spmm_compute_Pipeline_SPMM_LOAD_H
INFO-FLOW: Append model spmm_compute_Pipeline_SPMM_MAC
INFO-FLOW: Append model spmm_compute_Pipeline_SPMM_WRITE
INFO-FLOW: Append model spmm_compute
INFO-FLOW: Append model spmm_store
INFO-FLOW: Append model spmm_stage
INFO-FLOW: Generating RTL model list ...
INFO-FLOW: All models in this session: spmm_stage_flow_control_loop_pipe_sequential_init spmm_stage_flow_control_loop_pipe_sequential_init spmm_stage_flow_control_loop_pipe_sequential_init spmm_stage_flow_control_loop_pipe_sequential_init spmm_stage_mul_26s_26s_52_1_1 spmm_stage_flow_control_loop_pipe_sequential_init spmm_stage_sparsemux_65_5_26_1_1 spmm_stage_flow_control_loop_pipe_sequential_init spmm_stage_spmm_compute_acc_RAM_AUTO_1R1W spmm_stage_spmm_compute_h_buf_RAM_AUTO_1R1W spmm_stage_flow_control_loop_delay_pipe spmm_stage_fifo_w64_d4_S spmm_stage_fifo_w32_d16_S spmm_stage_fifo_w32_d256_A spmm_stage_fifo_w16_d256_A spmm_stage_fifo_w16_d32_S spmm_stage_start_for_spmm_store_U0 spmm_stage_gmem0_m_axi spmm_stage_gmem1_m_axi spmm_stage_gmem2_m_axi spmm_stage_gmem3_m_axi spmm_stage_gmem4_m_axi spmm_stage_control_s_axi entry_proc spmm_load_csr_Pipeline_LOAD_ROWS spmm_load_csr_Pipeline_LOAD_NNZ spmm_load_csr spmm_compute_Pipeline_SPMM_INIT spmm_compute_Pipeline_SPMM_LOAD_H spmm_compute_Pipeline_SPMM_MAC spmm_compute_Pipeline_SPMM_WRITE spmm_compute spmm_store spmm_stage
INFO-FLOW: Generating /home/nat/dev/trinners/mai_proj/hls/thesis-gcn-accelerator/vitis/integrated_gcn/spmm_kernel/spmm_stage/hls/.autopilot/db/autopilot.rtl.models.txt file...
INFO-FLOW: To file: write model spmm_stage_flow_control_loop_pipe_sequential_init
INFO-FLOW: To file: write model spmm_stage_flow_control_loop_pipe_sequential_init
INFO-FLOW: To file: write model spmm_stage_flow_control_loop_pipe_sequential_init
INFO-FLOW: To file: write model spmm_stage_flow_control_loop_pipe_sequential_init
INFO-FLOW: To file: write model spmm_stage_mul_26s_26s_52_1_1
INFO-FLOW: To file: write model spmm_stage_flow_control_loop_pipe_sequential_init
INFO-FLOW: To file: write model spmm_stage_sparsemux_65_5_26_1_1
INFO-FLOW: To file: write model spmm_stage_flow_control_loop_pipe_sequential_init
INFO-FLOW: To file: write model spmm_stage_spmm_compute_acc_RAM_AUTO_1R1W
INFO-FLOW: To file: write model spmm_stage_spmm_compute_h_buf_RAM_AUTO_1R1W
INFO-FLOW: To file: write model spmm_stage_flow_control_loop_delay_pipe
INFO-FLOW: To file: write model spmm_stage_fifo_w64_d4_S
INFO-FLOW: To file: write model spmm_stage_fifo_w32_d16_S
INFO-FLOW: To file: write model spmm_stage_fifo_w32_d256_A
INFO-FLOW: To file: write model spmm_stage_fifo_w16_d256_A
INFO-FLOW: To file: write model spmm_stage_fifo_w16_d32_S
INFO-FLOW: To file: write model spmm_stage_start_for_spmm_store_U0
INFO-FLOW: To file: write model spmm_stage_gmem0_m_axi
INFO-FLOW: To file: write model spmm_stage_gmem1_m_axi
INFO-FLOW: To file: write model spmm_stage_gmem2_m_axi
INFO-FLOW: To file: write model spmm_stage_gmem3_m_axi
INFO-FLOW: To file: write model spmm_stage_gmem4_m_axi
INFO-FLOW: To file: write model spmm_stage_control_s_axi
INFO-FLOW: To file: write model entry_proc
INFO-FLOW: To file: write model spmm_load_csr_Pipeline_LOAD_ROWS
INFO-FLOW: To file: write model spmm_load_csr_Pipeline_LOAD_NNZ
INFO-FLOW: To file: write model spmm_load_csr
INFO-FLOW: To file: write model spmm_compute_Pipeline_SPMM_INIT
INFO-FLOW: To file: write model spmm_compute_Pipeline_SPMM_LOAD_H
INFO-FLOW: To file: write model spmm_compute_Pipeline_SPMM_MAC
INFO-FLOW: To file: write model spmm_compute_Pipeline_SPMM_WRITE
INFO-FLOW: To file: write model spmm_compute
INFO-FLOW: To file: write model spmm_store
INFO-FLOW: To file: write model spmm_stage
INFO-FLOW: Generating /home/nat/dev/trinners/mai_proj/hls/thesis-gcn-accelerator/vitis/integrated_gcn/spmm_kernel/spmm_stage/hls/.autopilot/db/autopilot.rtl.models.tcl file...
INFO-FLOW: Finished generating RTL model list.


INFO-FLOW: RTL Generation done.
INFO-FLOW: CAS Generation done.
INFO-FLOW: CBC Generation done.
Execute     AP::msg_collection_file -close 
INFO-FLOW: DBG:PROC: ::AESL_AUTOMG::auto_generate_csynth_design
INFO-FLOW: DBG:PUTS: read_platform_lib /home/nat/dev/trinners/mai_proj/hls/thesis-gcn-accelerator/vitis/integrated_gcn/spmm_kernel/spmm_stage/hls/.autopilot/db/global.setting.tcl
Execute     source /opt/Xilinx/2025.2/Vitis/common/technology/generic/autopilot/common.gen 
Execute       source /opt/Xilinx/2025.2/Vitis/common/technology/generic/autopilot/APCoreGen.gen 
Execute     source /opt/Xilinx/2025.2/Vitis/common/technology/generic/autopilot/op.gen 
Execute     source /opt/Xilinx/2025.2/Vitis/common/technology/generic/autopilot/op_simcore.gen 
Execute     source /opt/Xilinx/2025.2/Vitis/common/technology/generic/autopilot/interface.gen 
Execute     source /home/nat/dev/trinners/mai_proj/hls/thesis-gcn-accelerator/vitis/integrated_gcn/spmm_kernel/spmm_stage/hls/.autopilot/db/global.setting.tcl 
Execute     source /opt/Xilinx/2025.2/Vitis/common/technology/xilinx/common/xilinx.gen 
Execute       source /opt/Xilinx/2025.2/Vitis/common/technology/xilinx/interface/plb46.gen 
Execute       source /opt/Xilinx/2025.2/Vitis/common/technology/xilinx/interface/axi4.gen 
Execute       source /opt/Xilinx/2025.2/Vitis/common/technology/xilinx/interface/nativeAXI4.gen 
Execute         source /opt/Xilinx/2025.2/Vitis/common/technology/xilinx/interface/saxilite.gen 
Execute       source /opt/Xilinx/2025.2/Vitis/common/technology/xilinx/scripts/xilinxcoregen.gen 
Execute       source /opt/Xilinx/2025.2/Vitis/common/technology/xilinx/interface/XilEDKCoreGen.gen 
Execute       source /opt/Xilinx/2025.2/Vitis/common/technology/xilinx/ip/xfir.gen 
Execute       source /opt/Xilinx/2025.2/Vitis/common/technology/xilinx/ip/util.gen 
Execute       source /opt/Xilinx/2025.2/Vitis/common/technology/xilinx/ip/xfft.gen 
Execute       source /opt/Xilinx/2025.2/Vitis/common/technology/xilinx/ip/dds_compiler.gen 
Execute       source /opt/Xilinx/2025.2/Vitis/common/technology/xilinx/DSP48/dsp48.gen 
INFO-FLOW: DBG:PUTS:   using AESL_AUTOCG::g_clock_period=10.000 (was NA)
INFO-FLOW: DBG:PROC: ::AESL_AUTOMG::generate_ip_cores gen_sim_model='1' gen_fp_models='0' gen_for_export='0' dstSCDir='' dstVhdlDir='/home/nat/dev/trinners/mai_proj/hls/thesis-gcn-accelerator/vitis/integrated_gcn/spmm_kernel/spmm_stage/hls/.autopilot/db/vhdl' dstVlogDir='/home/nat/dev/trinners/mai_proj/hls/thesis-gcn-accelerator/vitis/integrated_gcn/spmm_kernel/spmm_stage/hls/.autopilot/db/vlog' tclDir='/home/nat/dev/trinners/mai_proj/hls/thesis-gcn-accelerator/vitis/integrated_gcn/spmm_kernel/spmm_stage/hls/.autopilot/db' modelList='spmm_stage_flow_control_loop_pipe_sequential_init
spmm_stage_flow_control_loop_pipe_sequential_init
spmm_stage_flow_control_loop_pipe_sequential_init
spmm_stage_flow_control_loop_pipe_sequential_init
spmm_stage_mul_26s_26s_52_1_1
spmm_stage_flow_control_loop_pipe_sequential_init
spmm_stage_sparsemux_65_5_26_1_1
spmm_stage_flow_control_loop_pipe_sequential_init
spmm_stage_spmm_compute_acc_RAM_AUTO_1R1W
spmm_stage_spmm_compute_h_buf_RAM_AUTO_1R1W
spmm_stage_flow_control_loop_delay_pipe
spmm_stage_fifo_w64_d4_S
spmm_stage_fifo_w32_d16_S
spmm_stage_fifo_w32_d256_A
spmm_stage_fifo_w16_d256_A
spmm_stage_fifo_w16_d32_S
spmm_stage_start_for_spmm_store_U0
spmm_stage_gmem0_m_axi
spmm_stage_gmem1_m_axi
spmm_stage_gmem2_m_axi
spmm_stage_gmem3_m_axi
spmm_stage_gmem4_m_axi
spmm_stage_control_s_axi
entry_proc
spmm_load_csr_Pipeline_LOAD_ROWS
spmm_load_csr_Pipeline_LOAD_NNZ
spmm_load_csr
spmm_compute_Pipeline_SPMM_INIT
spmm_compute_Pipeline_SPMM_LOAD_H
spmm_compute_Pipeline_SPMM_MAC
spmm_compute_Pipeline_SPMM_WRITE
spmm_compute
spmm_store
spmm_stage
' expOnly='0'
Execute     source /home/nat/dev/trinners/mai_proj/hls/thesis-gcn-accelerator/vitis/integrated_gcn/spmm_kernel/spmm_stage/hls/.autopilot/db/global.setting.tcl 
Execute     ap_part_info -name xck26-sfvc784-2LV-c -data names -quiet 
Execute     ap_part_info -name xck26-sfvc784-2LV-c -data info -quiet 
Execute     source /home/nat/dev/trinners/mai_proj/hls/thesis-gcn-accelerator/vitis/integrated_gcn/spmm_kernel/spmm_stage/hls/.autopilot/db/global.setting.tcl 
Execute     source /home/nat/dev/trinners/mai_proj/hls/thesis-gcn-accelerator/vitis/integrated_gcn/spmm_kernel/spmm_stage/hls/.autopilot/db/global.setting.tcl 
Execute     source /home/nat/dev/trinners/mai_proj/hls/thesis-gcn-accelerator/vitis/integrated_gcn/spmm_kernel/spmm_stage/hls/.autopilot/db/entry_proc.compgen.tcl 
Execute     source /home/nat/dev/trinners/mai_proj/hls/thesis-gcn-accelerator/vitis/integrated_gcn/spmm_kernel/spmm_stage/hls/.autopilot/db/spmm_load_csr_Pipeline_LOAD_ROWS.compgen.tcl 
Execute     source /home/nat/dev/trinners/mai_proj/hls/thesis-gcn-accelerator/vitis/integrated_gcn/spmm_kernel/spmm_stage/hls/.autopilot/db/spmm_load_csr_Pipeline_LOAD_NNZ.compgen.tcl 
Execute     source /home/nat/dev/trinners/mai_proj/hls/thesis-gcn-accelerator/vitis/integrated_gcn/spmm_kernel/spmm_stage/hls/.autopilot/db/spmm_load_csr.compgen.tcl 
Execute     source /home/nat/dev/trinners/mai_proj/hls/thesis-gcn-accelerator/vitis/integrated_gcn/spmm_kernel/spmm_stage/hls/.autopilot/db/spmm_compute_Pipeline_SPMM_INIT.compgen.tcl 
Execute     source /home/nat/dev/trinners/mai_proj/hls/thesis-gcn-accelerator/vitis/integrated_gcn/spmm_kernel/spmm_stage/hls/.autopilot/db/spmm_compute_Pipeline_SPMM_LOAD_H.compgen.tcl 
Execute     source /home/nat/dev/trinners/mai_proj/hls/thesis-gcn-accelerator/vitis/integrated_gcn/spmm_kernel/spmm_stage/hls/.autopilot/db/spmm_compute_Pipeline_SPMM_MAC.compgen.tcl 
Execute     source /home/nat/dev/trinners/mai_proj/hls/thesis-gcn-accelerator/vitis/integrated_gcn/spmm_kernel/spmm_stage/hls/.autopilot/db/spmm_compute_Pipeline_SPMM_WRITE.compgen.tcl 
Execute     source /home/nat/dev/trinners/mai_proj/hls/thesis-gcn-accelerator/vitis/integrated_gcn/spmm_kernel/spmm_stage/hls/.autopilot/db/spmm_compute.compgen.tcl 
Execute     source /home/nat/dev/trinners/mai_proj/hls/thesis-gcn-accelerator/vitis/integrated_gcn/spmm_kernel/spmm_stage/hls/.autopilot/db/spmm_store.compgen.tcl 
Execute     source /home/nat/dev/trinners/mai_proj/hls/thesis-gcn-accelerator/vitis/integrated_gcn/spmm_kernel/spmm_stage/hls/.autopilot/db/spmm_stage.compgen.tcl 
Execute       source ./control.slave.tcl 
INFO: [HLS 200-111] Finished Generating all RTL models: CPU user time: 0.13 seconds. CPU system time: 0.02 seconds. Elapsed time: 0.13 seconds; current allocated memory: 450.438 MB.
INFO-FLOW: DBG:PROC: ::HLSREPORTS::create_csynth_xml bind_info_var='bind_info' RtlSubPrefix='spmm_stage_' outfile=''
INFO-FLOW: Running: create_csynth_xml read xml data
INFO-FLOW: Done: create_csynth_xml read xml data time: 0 seconds 
INFO-FLOW: create_csynth_xml: all_module_nodes count=11
INFO-FLOW: Running: create_csynth_xml bind info
INFO-FLOW: create_csynth_xml: all_bind_nodes count=271
INFO-FLOW: No bind nodes found for module_name entry_proc
INFO-FLOW: Done: create_csynth_xml bind info time: 0 seconds 
INFO-FLOW: create_csynth_xml: bind_instances counts: modules=10 instances=266
INFO-FLOW: Running: create_csynth_xml update csynth_xml_module_hier
INFO-FLOW: Done: create_csynth_xml update csynth_xml_module_hier time: 0 seconds 
INFO-FLOW: create_csynth_xml: csynth_xml_module_hier max_depth=4
INFO-FLOW: Running: create_csynth_xml gen bind_report_dict
INFO-FLOW: Done: create_csynth_xml gen bind_report_dict time: 0 seconds 
INFO-FLOW: Running: create_csynth_xml config info
INFO-FLOW: Done: create_csynth_xml config info time: 0.1 seconds 
INFO-FLOW: Running: create_csynth_xml write xml
INFO-FLOW: Done: create_csynth_xml write xml time: 0 seconds 
INFO-FLOW: DBG:PUTS:      create_csynth_xml wrote csynth_xml=/home/nat/dev/trinners/mai_proj/hls/thesis-gcn-accelerator/vitis/integrated_gcn/spmm_kernel/spmm_stage/hls/syn/report/csynth.xml
INFO-FLOW: Running: generate_json
INFO-FLOW: DBG:PROC: ::AP::DESIGN_DATA::generate_json generate_bd_files='0' generate_xo_files='0' modelList='spmm_stage_flow_control_loop_pipe_sequential_init
spmm_stage_flow_control_loop_pipe_sequential_init
spmm_stage_flow_control_loop_pipe_sequential_init
spmm_stage_flow_control_loop_pipe_sequential_init
spmm_stage_mul_26s_26s_52_1_1
spmm_stage_flow_control_loop_pipe_sequential_init
spmm_stage_sparsemux_65_5_26_1_1
spmm_stage_flow_control_loop_pipe_sequential_init
spmm_stage_spmm_compute_acc_RAM_AUTO_1R1W
spmm_stage_spmm_compute_h_buf_RAM_AUTO_1R1W
spmm_stage_flow_control_loop_delay_pipe
spmm_stage_fifo_w64_d4_S
spmm_stage_fifo_w32_d16_S
spmm_stage_fifo_w32_d256_A
spmm_stage_fifo_w16_d256_A
spmm_stage_fifo_w16_d32_S
spmm_stage_start_for_spmm_store_U0
spmm_stage_gmem0_m_axi
spmm_stage_gmem1_m_axi
spmm_stage_gmem2_m_axi
spmm_stage_gmem3_m_axi
spmm_stage_gmem4_m_axi
spmm_stage_control_s_axi
entry_proc
spmm_load_csr_Pipeline_LOAD_ROWS
spmm_load_csr_Pipeline_LOAD_NNZ
spmm_load_csr
spmm_compute_Pipeline_SPMM_INIT
spmm_compute_Pipeline_SPMM_LOAD_H
spmm_compute_Pipeline_SPMM_MAC
spmm_compute_Pipeline_SPMM_WRITE
spmm_compute
spmm_store
spmm_stage
' rtl_lang='both' bootstrap_tcl='false' outdir='' outfilename=''
Execute     source /home/nat/dev/trinners/mai_proj/hls/thesis-gcn-accelerator/vitis/integrated_gcn/spmm_kernel/spmm_stage/hls/.autopilot/db/global.setting.tcl 
Execute     source /home/nat/dev/trinners/mai_proj/hls/thesis-gcn-accelerator/vitis/integrated_gcn/spmm_kernel/spmm_stage/hls/.autopilot/db/global.setting.tcl 
Execute     source /home/nat/dev/trinners/mai_proj/hls/thesis-gcn-accelerator/vitis/integrated_gcn/spmm_kernel/spmm_stage/hls/.autopilot/db/top-io-be.tcl 
Execute     source /home/nat/dev/trinners/mai_proj/hls/thesis-gcn-accelerator/vitis/integrated_gcn/spmm_kernel/spmm_stage/hls/.autopilot/db/spmm_stage.tbgen.tcl 
Execute     source /home/nat/dev/trinners/mai_proj/hls/thesis-gcn-accelerator/vitis/integrated_gcn/spmm_kernel/spmm_stage/hls/.autopilot/db/spmm_stage.compgen.dataonly.tcl 
Execute     source /home/nat/dev/trinners/mai_proj/hls/thesis-gcn-accelerator/vitis/integrated_gcn/spmm_kernel/spmm_stage/hls/.autopilot/db/spmm_stage.compgen.dataonly.tcl 
Execute     source /home/nat/dev/trinners/mai_proj/hls/thesis-gcn-accelerator/vitis/integrated_gcn/spmm_kernel/spmm_stage/hls/.autopilot/db/spmm_stage.rtl_wrap.cfg.tcl 
Execute     source /home/nat/dev/trinners/mai_proj/hls/thesis-gcn-accelerator/vitis/integrated_gcn/spmm_kernel/spmm_stage/hls/.autopilot/db/spmm_stage.compgen.dataonly.tcl 
Execute     source /home/nat/dev/trinners/mai_proj/hls/thesis-gcn-accelerator/vitis/integrated_gcn/spmm_kernel/spmm_stage/hls/.autopilot/db/entry_proc.tbgen.tcl 
Execute     source /home/nat/dev/trinners/mai_proj/hls/thesis-gcn-accelerator/vitis/integrated_gcn/spmm_kernel/spmm_stage/hls/.autopilot/db/spmm_load_csr_Pipeline_LOAD_ROWS.tbgen.tcl 
Execute     source /home/nat/dev/trinners/mai_proj/hls/thesis-gcn-accelerator/vitis/integrated_gcn/spmm_kernel/spmm_stage/hls/.autopilot/db/spmm_load_csr_Pipeline_LOAD_NNZ.tbgen.tcl 
Execute     source /home/nat/dev/trinners/mai_proj/hls/thesis-gcn-accelerator/vitis/integrated_gcn/spmm_kernel/spmm_stage/hls/.autopilot/db/spmm_load_csr.tbgen.tcl 
Execute     source /home/nat/dev/trinners/mai_proj/hls/thesis-gcn-accelerator/vitis/integrated_gcn/spmm_kernel/spmm_stage/hls/.autopilot/db/spmm_compute_Pipeline_SPMM_INIT.tbgen.tcl 
Execute     source /home/nat/dev/trinners/mai_proj/hls/thesis-gcn-accelerator/vitis/integrated_gcn/spmm_kernel/spmm_stage/hls/.autopilot/db/spmm_compute_Pipeline_SPMM_LOAD_H.tbgen.tcl 
Execute     source /home/nat/dev/trinners/mai_proj/hls/thesis-gcn-accelerator/vitis/integrated_gcn/spmm_kernel/spmm_stage/hls/.autopilot/db/spmm_compute_Pipeline_SPMM_MAC.tbgen.tcl 
Execute     source /home/nat/dev/trinners/mai_proj/hls/thesis-gcn-accelerator/vitis/integrated_gcn/spmm_kernel/spmm_stage/hls/.autopilot/db/spmm_compute_Pipeline_SPMM_WRITE.tbgen.tcl 
Execute     source /home/nat/dev/trinners/mai_proj/hls/thesis-gcn-accelerator/vitis/integrated_gcn/spmm_kernel/spmm_stage/hls/.autopilot/db/spmm_compute.tbgen.tcl 
Execute     source /home/nat/dev/trinners/mai_proj/hls/thesis-gcn-accelerator/vitis/integrated_gcn/spmm_kernel/spmm_stage/hls/.autopilot/db/spmm_store.tbgen.tcl 
Execute     source /home/nat/dev/trinners/mai_proj/hls/thesis-gcn-accelerator/vitis/integrated_gcn/spmm_kernel/spmm_stage/hls/.autopilot/db/spmm_stage.tbgen.tcl 
Execute     source /home/nat/dev/trinners/mai_proj/hls/thesis-gcn-accelerator/vitis/integrated_gcn/spmm_kernel/spmm_stage/hls/.autopilot/db/global.setting.tcl 
Execute     ap_part_info -name xck26-sfvc784-2LV-c -data names -quiet 
Execute     ap_part_info -name xck26-sfvc784-2LV-c -data info -quiet 
Execute     source /home/nat/dev/trinners/mai_proj/hls/thesis-gcn-accelerator/vitis/integrated_gcn/spmm_kernel/spmm_stage/hls/.autopilot/db/spmm_stage.constraint.tcl 
Execute     sc_get_clocks spmm_stage 
Execute     source /home/nat/dev/trinners/mai_proj/hls/thesis-gcn-accelerator/vitis/integrated_gcn/spmm_kernel/spmm_stage/hls/.autopilot/db/global.setting.tcl 
Execute     source /opt/Xilinx/2025.2/Vitis/tps/tcl/tcllib2.0/fileutil/fileutil.tcl 
INFO-FLOW: Done: generate_json time: 0.2 seconds 
INFO-FLOW: Running: add_csynth_report_sections
INFO-FLOW: DBG:PROC: ::HLSREPORTS::add_csynth_report_sections bind_info_dict='adapter_nodes {{BINDTYPE adapter ID {} IMPL {} LATENCY {} OPTYPE {} PRAGMA {} RTLNAME control_s_axi_U SOURCE {} VARIABLE {} LOOP {} BUNDLEDNAME control DSP 0 BRAM 0 URAM 0 STORAGESUBTYPE s_axilite STORAGESIZE {} STORAGEUSAGE interface DISPNAME {bind_adapter }} {BINDTYPE adapter ID {} IMPL {} LATENCY {} OPTYPE {} PRAGMA {} RTLNAME gmem0_m_axi_U SOURCE {} VARIABLE {} LOOP {} BUNDLEDNAME gmem0 DSP 0 BRAM 2 URAM 0 STORAGESUBTYPE m_axi STORAGESIZE {} STORAGEUSAGE interface DISPNAME {bind_adapter }} {BINDTYPE adapter ID {} IMPL {} LATENCY {} OPTYPE {} PRAGMA {} RTLNAME gmem1_m_axi_U SOURCE {} VARIABLE {} LOOP {} BUNDLEDNAME gmem1 DSP 0 BRAM 2 URAM 0 STORAGESUBTYPE m_axi STORAGESIZE {} STORAGEUSAGE interface DISPNAME {bind_adapter }} {BINDTYPE adapter ID {} IMPL {} LATENCY {} OPTYPE {} PRAGMA {} RTLNAME gmem2_m_axi_U SOURCE {} VARIABLE {} LOOP {} BUNDLEDNAME gmem2 DSP 0 BRAM 2 URAM 0 STORAGESUBTYPE m_axi STORAGESIZE {} STORAGEUSAGE interface DISPNAME {bind_adapter }} {BINDTYPE adapter ID {} IMPL {} LATENCY {} OPTYPE {} PRAGMA {} RTLNAME gmem3_m_axi_U SOURCE {} VARIABLE {} LOOP {} BUNDLEDNAME gmem3 DSP 0 BRAM 29 URAM 0 STORAGESUBTYPE m_axi STORAGESIZE {} STORAGEUSAGE interface DISPNAME {bind_adapter }} {BINDTYPE adapter ID {} IMPL {} LATENCY {} OPTYPE {} PRAGMA {} RTLNAME gmem4_m_axi_U SOURCE {} VARIABLE {} LOOP {} BUNDLEDNAME gmem4 DSP 0 BRAM 0 URAM 0 STORAGESUBTYPE m_axi STORAGESIZE {} STORAGEUSAGE interface DISPNAME {bind_adapter }}} cache_nodes {} report_dict {TOPINST spmm_stage MODULE2INSTS {spmm_stage spmm_stage entry_proc entry_proc_U0 spmm_load_csr spmm_load_csr_U0 spmm_load_csr_Pipeline_LOAD_ROWS grp_spmm_load_csr_Pipeline_LOAD_ROWS_fu_115 spmm_load_csr_Pipeline_LOAD_NNZ grp_spmm_load_csr_Pipeline_LOAD_NNZ_fu_124 spmm_compute spmm_compute_U0 spmm_compute_Pipeline_SPMM_INIT grp_spmm_compute_Pipeline_SPMM_INIT_fu_396 spmm_compute_Pipeline_SPMM_WRITE grp_spmm_compute_Pipeline_SPMM_WRITE_fu_432 spmm_compute_Pipeline_SPMM_LOAD_H grp_spmm_compute_Pipeline_SPMM_LOAD_H_fu_470 spmm_compute_Pipeline_SPMM_MAC grp_spmm_compute_Pipeline_SPMM_MAC_fu_509 spmm_store spmm_store_U0} INST2MODULE {spmm_stage spmm_stage entry_proc_U0 entry_proc spmm_load_csr_U0 spmm_load_csr grp_spmm_load_csr_Pipeline_LOAD_ROWS_fu_115 spmm_load_csr_Pipeline_LOAD_ROWS grp_spmm_load_csr_Pipeline_LOAD_NNZ_fu_124 spmm_load_csr_Pipeline_LOAD_NNZ spmm_compute_U0 spmm_compute grp_spmm_compute_Pipeline_SPMM_INIT_fu_396 spmm_compute_Pipeline_SPMM_INIT grp_spmm_compute_Pipeline_SPMM_WRITE_fu_432 spmm_compute_Pipeline_SPMM_WRITE grp_spmm_compute_Pipeline_SPMM_LOAD_H_fu_470 spmm_compute_Pipeline_SPMM_LOAD_H grp_spmm_compute_Pipeline_SPMM_MAC_fu_509 spmm_compute_Pipeline_SPMM_MAC spmm_store_U0 spmm_store} INSTDATA {spmm_stage {DEPTH 1 CHILDREN {entry_proc_U0 spmm_load_csr_U0 spmm_compute_U0 spmm_store_U0}} entry_proc_U0 {DEPTH 2 CHILDREN {}} spmm_load_csr_U0 {DEPTH 2 CHILDREN {grp_spmm_load_csr_Pipeline_LOAD_ROWS_fu_115 grp_spmm_load_csr_Pipeline_LOAD_NNZ_fu_124}} grp_spmm_load_csr_Pipeline_LOAD_ROWS_fu_115 {DEPTH 3 CHILDREN {}} grp_spmm_load_csr_Pipeline_LOAD_NNZ_fu_124 {DEPTH 3 CHILDREN {}} spmm_compute_U0 {DEPTH 2 CHILDREN {grp_spmm_compute_Pipeline_SPMM_INIT_fu_396 grp_spmm_compute_Pipeline_SPMM_WRITE_fu_432 grp_spmm_compute_Pipeline_SPMM_LOAD_H_fu_470 grp_spmm_compute_Pipeline_SPMM_MAC_fu_509}} grp_spmm_compute_Pipeline_SPMM_INIT_fu_396 {DEPTH 3 CHILDREN {}} grp_spmm_compute_Pipeline_SPMM_WRITE_fu_432 {DEPTH 3 CHILDREN {}} grp_spmm_compute_Pipeline_SPMM_LOAD_H_fu_470 {DEPTH 3 CHILDREN {}} grp_spmm_compute_Pipeline_SPMM_MAC_fu_509 {DEPTH 3 CHILDREN {}} spmm_store_U0 {DEPTH 2 CHILDREN {}}} MODULEDATA {spmm_load_csr_Pipeline_LOAD_ROWS {BINDINFO {{BINDTYPE op ID {} IMPL auto LATENCY 0 OPTYPE seteq PRAGMA {} RTLNAME icmp_ln17_fu_84_p2 SOURCE src/integrated-gcn/spmm_stage.cpp:17 VARIABLE icmp_ln17 LOOP LOAD_ROWS BUNDLEDNAME {} DSP 0 BRAM 0 URAM 0 STORAGESUBTYPE {} DISPNAME {bind_op seteq} VISIBLE false} {BINDTYPE op ID {} IMPL fabric LATENCY 0 OPTYPE add PRAGMA {} RTLNAME add_ln17_fu_90_p2 SOURCE src/integrated-gcn/spmm_stage.cpp:17 VARIABLE add_ln17 LOOP LOAD_ROWS BUNDLEDNAME {} DSP 0 BRAM 0 URAM 0 STORAGESUBTYPE {} DISPNAME {bind_op add} VISIBLE true}} AREA {DSP 0 BRAM 0 URAM 0}} spmm_load_csr_Pipeline_LOAD_NNZ {BINDINFO {{BINDTYPE op ID {} IMPL auto LATENCY 0 OPTYPE setlt PRAGMA {} RTLNAME icmp_ln23_fu_130_p2 SOURCE src/integrated-gcn/spmm_stage.cpp:23 VARIABLE icmp_ln23 LOOP LOAD_NNZ BUNDLEDNAME {} DSP 0 BRAM 0 URAM 0 STORAGESUBTYPE {} DISPNAME {bind_op setlt} VISIBLE false} {BINDTYPE op ID {} IMPL fabric LATENCY 0 OPTYPE add PRAGMA {} RTLNAME add_ln23_fu_136_p2 SOURCE src/integrated-gcn/spmm_stage.cpp:23 VARIABLE add_ln23 LOOP LOAD_NNZ BUNDLEDNAME {} DSP 0 BRAM 0 URAM 0 STORAGESUBTYPE {} DISPNAME {bind_op add} VISIBLE true}} AREA {DSP 0 BRAM 0 URAM 0}} spmm_load_csr {BINDINFO {{BINDTYPE op ID {} IMPL auto LATENCY 0 OPTYPE setgt PRAGMA {} RTLNAME icmp_ln23_fu_139_p2 SOURCE src/integrated-gcn/spmm_stage.cpp:23 VARIABLE icmp_ln23 LOOP {} BUNDLEDNAME {} DSP 0 BRAM 0 URAM 0 STORAGESUBTYPE {} DISPNAME {bind_op setgt} VISIBLE false} {BINDTYPE op ID {} IMPL auto_sel LATENCY 0 OPTYPE select PRAGMA {} RTLNAME empty_102_fu_149_p3 SOURCE src/integrated-gcn/spmm_stage.cpp:23 VARIABLE empty_102 LOOP {} BUNDLEDNAME {} DSP 0 BRAM 0 URAM 0 STORAGESUBTYPE {} DISPNAME {bind_op select} VISIBLE false}} AREA {DSP 0 BRAM 0 URAM 0}} spmm_compute_Pipeline_SPMM_INIT {BINDINFO {{BINDTYPE op ID {} IMPL fabric LATENCY 0 OPTYPE add PRAGMA {} RTLNAME add_ln48_fu_606_p2 SOURCE src/integrated-gcn/spmm_stage.cpp:48 VARIABLE add_ln48 LOOP SPMM_INIT BUNDLEDNAME {} DSP 0 BRAM 0 URAM 0 STORAGESUBTYPE {} DISPNAME {bind_op add} VISIBLE true}} AREA {DSP 0 BRAM 0 URAM 0}} spmm_compute_Pipeline_SPMM_LOAD_H {BINDINFO {{BINDTYPE op ID {} IMPL auto LATENCY 0 OPTYPE seteq PRAGMA {} RTLNAME icmp_ln62_fu_675_p2 SOURCE src/integrated-gcn/spmm_stage.cpp:62 VARIABLE icmp_ln62 LOOP SPMM_LOAD_H BUNDLEDNAME {} DSP 0 BRAM 0 URAM 0 STORAGESUBTYPE {} DISPNAME {bind_op seteq} VISIBLE false} {BINDTYPE op ID {} IMPL fabric LATENCY 0 OPTYPE add PRAGMA {} RTLNAME add_ln62_fu_681_p2 SOURCE src/integrated-gcn/spmm_stage.cpp:62 VARIABLE add_ln62 LOOP SPMM_LOAD_H BUNDLEDNAME {} DSP 0 BRAM 0 URAM 0 STORAGESUBTYPE {} DISPNAME {bind_op add} VISIBLE true}} AREA {DSP 0 BRAM 0 URAM 0}} spmm_compute_Pipeline_SPMM_MAC {BINDINFO {{BINDTYPE op ID {} IMPL auto LATENCY 0 OPTYPE mul PRAGMA {} RTLNAME mul_26s_26s_52_1_1_U89 SOURCE src/integrated-gcn/spmm_stage.cpp:75 VARIABLE mul_ln75 LOOP SPMM_MAC BUNDLEDNAME {} DSP 2 BRAM 0 URAM 0 STORAGESUBTYPE {} DISPNAME {bind_op mul} VISIBLE true} {BINDTYPE op ID {} IMPL fabric LATENCY 0 OPTYPE add PRAGMA {} RTLNAME add_ln75_fu_1402_p2 SOURCE src/integrated-gcn/spmm_stage.cpp:75 VARIABLE add_ln75 LOOP SPMM_MAC BUNDLEDNAME {} DSP 0 BRAM 0 URAM 0 STORAGESUBTYPE {} DISPNAME {bind_op add} VISIBLE true} {BINDTYPE op ID {} IMPL auto LATENCY 0 OPTYPE mul PRAGMA {} RTLNAME mul_26s_26s_52_1_1_U90 SOURCE src/integrated-gcn/spmm_stage.cpp:75 VARIABLE mul_ln75_1 LOOP SPMM_MAC BUNDLEDNAME {} DSP 2 BRAM 0 URAM 0 STORAGESUBTYPE {} DISPNAME {bind_op mul} VISIBLE true} {BINDTYPE op ID {} IMPL fabric LATENCY 0 OPTYPE add PRAGMA {} RTLNAME add_ln75_1_fu_1440_p2 SOURCE src/integrated-gcn/spmm_stage.cpp:75 VARIABLE add_ln75_1 LOOP SPMM_MAC BUNDLEDNAME {} DSP 0 BRAM 0 URAM 0 STORAGESUBTYPE {} DISPNAME {bind_op add} VISIBLE true} {BINDTYPE op ID {} IMPL auto LATENCY 0 OPTYPE mul PRAGMA {} RTLNAME mul_26s_26s_52_1_1_U91 SOURCE src/integrated-gcn/spmm_stage.cpp:75 VARIABLE mul_ln75_2 LOOP SPMM_MAC BUNDLEDNAME {} DSP 2 BRAM 0 URAM 0 STORAGESUBTYPE {} DISPNAME {bind_op mul} VISIBLE true} {BINDTYPE op ID {} IMPL fabric LATENCY 0 OPTYPE add PRAGMA {} RTLNAME add_ln75_2_fu_1478_p2 SOURCE src/integrated-gcn/spmm_stage.cpp:75 VARIABLE add_ln75_2 LOOP SPMM_MAC BUNDLEDNAME {} DSP 0 BRAM 0 URAM 0 STORAGESUBTYPE {} DISPNAME {bind_op add} VISIBLE true} {BINDTYPE op ID {} IMPL auto LATENCY 0 OPTYPE mul PRAGMA {} RTLNAME mul_26s_26s_52_1_1_U92 SOURCE src/integrated-gcn/spmm_stage.cpp:75 VARIABLE mul_ln75_3 LOOP SPMM_MAC BUNDLEDNAME {} DSP 2 BRAM 0 URAM 0 STORAGESUBTYPE {} DISPNAME {bind_op mul} VISIBLE true} {BINDTYPE op ID {} IMPL fabric LATENCY 0 OPTYPE add PRAGMA {} RTLNAME add_ln75_3_fu_1516_p2 SOURCE src/integrated-gcn/spmm_stage.cpp:75 VARIABLE add_ln75_3 LOOP SPMM_MAC BUNDLEDNAME {} DSP 0 BRAM 0 URAM 0 STORAGESUBTYPE {} DISPNAME {bind_op add} VISIBLE true} {BINDTYPE op ID {} IMPL auto LATENCY 0 OPTYPE mul PRAGMA {} RTLNAME mul_26s_26s_52_1_1_U93 SOURCE src/integrated-gcn/spmm_stage.cpp:75 VARIABLE mul_ln75_4 LOOP SPMM_MAC BUNDLEDNAME {} DSP 2 BRAM 0 URAM 0 STORAGESUBTYPE {} DISPNAME {bind_op mul} VISIBLE true} {BINDTYPE op ID {} IMPL fabric LATENCY 0 OPTYPE add PRAGMA {} RTLNAME add_ln75_4_fu_1554_p2 SOURCE src/integrated-gcn/spmm_stage.cpp:75 VARIABLE add_ln75_4 LOOP SPMM_MAC BUNDLEDNAME {} DSP 0 BRAM 0 URAM 0 STORAGESUBTYPE {} DISPNAME {bind_op add} VISIBLE true} {BINDTYPE op ID {} IMPL auto LATENCY 0 OPTYPE mul PRAGMA {} RTLNAME mul_26s_26s_52_1_1_U94 SOURCE src/integrated-gcn/spmm_stage.cpp:75 VARIABLE mul_ln75_5 LOOP SPMM_MAC BUNDLEDNAME {} DSP 2 BRAM 0 URAM 0 STORAGESUBTYPE {} DISPNAME {bind_op mul} VISIBLE true} {BINDTYPE op ID {} IMPL fabric LATENCY 0 OPTYPE add PRAGMA {} RTLNAME add_ln75_5_fu_1592_p2 SOURCE src/integrated-gcn/spmm_stage.cpp:75 VARIABLE add_ln75_5 LOOP SPMM_MAC BUNDLEDNAME {} DSP 0 BRAM 0 URAM 0 STORAGESUBTYPE {} DISPNAME {bind_op add} VISIBLE true} {BINDTYPE op ID {} IMPL auto LATENCY 0 OPTYPE mul PRAGMA {} RTLNAME mul_26s_26s_52_1_1_U95 SOURCE src/integrated-gcn/spmm_stage.cpp:75 VARIABLE mul_ln75_6 LOOP SPMM_MAC BUNDLEDNAME {} DSP 2 BRAM 0 URAM 0 STORAGESUBTYPE {} DISPNAME {bind_op mul} VISIBLE true} {BINDTYPE op ID {} IMPL fabric LATENCY 0 OPTYPE add PRAGMA {} RTLNAME add_ln75_6_fu_1630_p2 SOURCE src/integrated-gcn/spmm_stage.cpp:75 VARIABLE add_ln75_6 LOOP SPMM_MAC BUNDLEDNAME {} DSP 0 BRAM 0 URAM 0 STORAGESUBTYPE {} DISPNAME {bind_op add} VISIBLE true} {BINDTYPE op ID {} IMPL auto LATENCY 0 OPTYPE mul PRAGMA {} RTLNAME mul_26s_26s_52_1_1_U96 SOURCE src/integrated-gcn/spmm_stage.cpp:75 VARIABLE mul_ln75_7 LOOP SPMM_MAC BUNDLEDNAME {} DSP 2 BRAM 0 URAM 0 STORAGESUBTYPE {} DISPNAME {bind_op mul} VISIBLE true} {BINDTYPE op ID {} IMPL fabric LATENCY 0 OPTYPE add PRAGMA {} RTLNAME add_ln75_7_fu_1668_p2 SOURCE src/integrated-gcn/spmm_stage.cpp:75 VARIABLE add_ln75_7 LOOP SPMM_MAC BUNDLEDNAME {} DSP 0 BRAM 0 URAM 0 STORAGESUBTYPE {} DISPNAME {bind_op add} VISIBLE true} {BINDTYPE op ID {} IMPL auto LATENCY 0 OPTYPE mul PRAGMA {} RTLNAME mul_26s_26s_52_1_1_U97 SOURCE src/integrated-gcn/spmm_stage.cpp:75 VARIABLE mul_ln75_8 LOOP SPMM_MAC BUNDLEDNAME {} DSP 2 BRAM 0 URAM 0 STORAGESUBTYPE {} DISPNAME {bind_op mul} VISIBLE true} {BINDTYPE op ID {} IMPL fabric LATENCY 0 OPTYPE add PRAGMA {} RTLNAME add_ln75_8_fu_1706_p2 SOURCE src/integrated-gcn/spmm_stage.cpp:75 VARIABLE add_ln75_8 LOOP SPMM_MAC BUNDLEDNAME {} DSP 0 BRAM 0 URAM 0 STORAGESUBTYPE {} DISPNAME {bind_op add} VISIBLE true} {BINDTYPE op ID {} IMPL auto LATENCY 0 OPTYPE mul PRAGMA {} RTLNAME mul_26s_26s_52_1_1_U98 SOURCE src/integrated-gcn/spmm_stage.cpp:75 VARIABLE mul_ln75_9 LOOP SPMM_MAC BUNDLEDNAME {} DSP 2 BRAM 0 URAM 0 STORAGESUBTYPE {} DISPNAME {bind_op mul} VISIBLE true} {BINDTYPE op ID {} IMPL fabric LATENCY 0 OPTYPE add PRAGMA {} RTLNAME add_ln75_9_fu_1744_p2 SOURCE src/integrated-gcn/spmm_stage.cpp:75 VARIABLE add_ln75_9 LOOP SPMM_MAC BUNDLEDNAME {} DSP 0 BRAM 0 URAM 0 STORAGESUBTYPE {} DISPNAME {bind_op add} VISIBLE true} {BINDTYPE op ID {} IMPL auto LATENCY 0 OPTYPE mul PRAGMA {} RTLNAME mul_26s_26s_52_1_1_U99 SOURCE src/integrated-gcn/spmm_stage.cpp:75 VARIABLE mul_ln75_10 LOOP SPMM_MAC BUNDLEDNAME {} DSP 2 BRAM 0 URAM 0 STORAGESUBTYPE {} DISPNAME {bind_op mul} VISIBLE true} {BINDTYPE op ID {} IMPL fabric LATENCY 0 OPTYPE add PRAGMA {} RTLNAME add_ln75_10_fu_1782_p2 SOURCE src/integrated-gcn/spmm_stage.cpp:75 VARIABLE add_ln75_10 LOOP SPMM_MAC BUNDLEDNAME {} DSP 0 BRAM 0 URAM 0 STORAGESUBTYPE {} DISPNAME {bind_op add} VISIBLE true} {BINDTYPE op ID {} IMPL auto LATENCY 0 OPTYPE mul PRAGMA {} RTLNAME mul_26s_26s_52_1_1_U100 SOURCE src/integrated-gcn/spmm_stage.cpp:75 VARIABLE mul_ln75_11 LOOP SPMM_MAC BUNDLEDNAME {} DSP 2 BRAM 0 URAM 0 STORAGESUBTYPE {} DISPNAME {bind_op mul} VISIBLE true} {BINDTYPE op ID {} IMPL fabric LATENCY 0 OPTYPE add PRAGMA {} RTLNAME add_ln75_11_fu_1820_p2 SOURCE src/integrated-gcn/spmm_stage.cpp:75 VARIABLE add_ln75_11 LOOP SPMM_MAC BUNDLEDNAME {} DSP 0 BRAM 0 URAM 0 STORAGESUBTYPE {} DISPNAME {bind_op add} VISIBLE true} {BINDTYPE op ID {} IMPL auto LATENCY 0 OPTYPE mul PRAGMA {} RTLNAME mul_26s_26s_52_1_1_U101 SOURCE src/integrated-gcn/spmm_stage.cpp:75 VARIABLE mul_ln75_12 LOOP SPMM_MAC BUNDLEDNAME {} DSP 2 BRAM 0 URAM 0 STORAGESUBTYPE {} DISPNAME {bind_op mul} VISIBLE true} {BINDTYPE op ID {} IMPL fabric LATENCY 0 OPTYPE add PRAGMA {} RTLNAME add_ln75_12_fu_1858_p2 SOURCE src/integrated-gcn/spmm_stage.cpp:75 VARIABLE add_ln75_12 LOOP SPMM_MAC BUNDLEDNAME {} DSP 0 BRAM 0 URAM 0 STORAGESUBTYPE {} DISPNAME {bind_op add} VISIBLE true} {BINDTYPE op ID {} IMPL auto LATENCY 0 OPTYPE mul PRAGMA {} RTLNAME mul_26s_26s_52_1_1_U102 SOURCE src/integrated-gcn/spmm_stage.cpp:75 VARIABLE mul_ln75_13 LOOP SPMM_MAC BUNDLEDNAME {} DSP 2 BRAM 0 URAM 0 STORAGESUBTYPE {} DISPNAME {bind_op mul} VISIBLE true} {BINDTYPE op ID {} IMPL fabric LATENCY 0 OPTYPE add PRAGMA {} RTLNAME add_ln75_13_fu_1896_p2 SOURCE src/integrated-gcn/spmm_stage.cpp:75 VARIABLE add_ln75_13 LOOP SPMM_MAC BUNDLEDNAME {} DSP 0 BRAM 0 URAM 0 STORAGESUBTYPE {} DISPNAME {bind_op add} VISIBLE true} {BINDTYPE op ID {} IMPL auto LATENCY 0 OPTYPE mul PRAGMA {} RTLNAME mul_26s_26s_52_1_1_U103 SOURCE src/integrated-gcn/spmm_stage.cpp:75 VARIABLE mul_ln75_14 LOOP SPMM_MAC BUNDLEDNAME {} DSP 2 BRAM 0 URAM 0 STORAGESUBTYPE {} DISPNAME {bind_op mul} VISIBLE true} {BINDTYPE op ID {} IMPL fabric LATENCY 0 OPTYPE add PRAGMA {} RTLNAME add_ln75_14_fu_1934_p2 SOURCE src/integrated-gcn/spmm_stage.cpp:75 VARIABLE add_ln75_14 LOOP SPMM_MAC BUNDLEDNAME {} DSP 0 BRAM 0 URAM 0 STORAGESUBTYPE {} DISPNAME {bind_op add} VISIBLE true} {BINDTYPE op ID {} IMPL auto LATENCY 0 OPTYPE mul PRAGMA {} RTLNAME mul_26s_26s_52_1_1_U104 SOURCE src/integrated-gcn/spmm_stage.cpp:75 VARIABLE mul_ln75_15 LOOP SPMM_MAC BUNDLEDNAME {} DSP 2 BRAM 0 URAM 0 STORAGESUBTYPE {} DISPNAME {bind_op mul} VISIBLE true} {BINDTYPE op ID {} IMPL fabric LATENCY 0 OPTYPE add PRAGMA {} RTLNAME add_ln75_15_fu_1972_p2 SOURCE src/integrated-gcn/spmm_stage.cpp:75 VARIABLE add_ln75_15 LOOP SPMM_MAC BUNDLEDNAME {} DSP 0 BRAM 0 URAM 0 STORAGESUBTYPE {} DISPNAME {bind_op add} VISIBLE true} {BINDTYPE op ID {} IMPL auto LATENCY 0 OPTYPE mul PRAGMA {} RTLNAME mul_26s_26s_52_1_1_U105 SOURCE src/integrated-gcn/spmm_stage.cpp:75 VARIABLE mul_ln75_16 LOOP SPMM_MAC BUNDLEDNAME {} DSP 2 BRAM 0 URAM 0 STORAGESUBTYPE {} DISPNAME {bind_op mul} VISIBLE true} {BINDTYPE op ID {} IMPL fabric LATENCY 0 OPTYPE add PRAGMA {} RTLNAME add_ln75_16_fu_2010_p2 SOURCE src/integrated-gcn/spmm_stage.cpp:75 VARIABLE add_ln75_16 LOOP SPMM_MAC BUNDLEDNAME {} DSP 0 BRAM 0 URAM 0 STORAGESUBTYPE {} DISPNAME {bind_op add} VISIBLE true} {BINDTYPE op ID {} IMPL auto LATENCY 0 OPTYPE mul PRAGMA {} RTLNAME mul_26s_26s_52_1_1_U106 SOURCE src/integrated-gcn/spmm_stage.cpp:75 VARIABLE mul_ln75_17 LOOP SPMM_MAC BUNDLEDNAME {} DSP 2 BRAM 0 URAM 0 STORAGESUBTYPE {} DISPNAME {bind_op mul} VISIBLE true} {BINDTYPE op ID {} IMPL fabric LATENCY 0 OPTYPE add PRAGMA {} RTLNAME add_ln75_17_fu_2048_p2 SOURCE src/integrated-gcn/spmm_stage.cpp:75 VARIABLE add_ln75_17 LOOP SPMM_MAC BUNDLEDNAME {} DSP 0 BRAM 0 URAM 0 STORAGESUBTYPE {} DISPNAME {bind_op add} VISIBLE true} {BINDTYPE op ID {} IMPL auto LATENCY 0 OPTYPE mul PRAGMA {} RTLNAME mul_26s_26s_52_1_1_U107 SOURCE src/integrated-gcn/spmm_stage.cpp:75 VARIABLE mul_ln75_18 LOOP SPMM_MAC BUNDLEDNAME {} DSP 2 BRAM 0 URAM 0 STORAGESUBTYPE {} DISPNAME {bind_op mul} VISIBLE true} {BINDTYPE op ID {} IMPL fabric LATENCY 0 OPTYPE add PRAGMA {} RTLNAME add_ln75_18_fu_2086_p2 SOURCE src/integrated-gcn/spmm_stage.cpp:75 VARIABLE add_ln75_18 LOOP SPMM_MAC BUNDLEDNAME {} DSP 0 BRAM 0 URAM 0 STORAGESUBTYPE {} DISPNAME {bind_op add} VISIBLE true} {BINDTYPE op ID {} IMPL auto LATENCY 0 OPTYPE mul PRAGMA {} RTLNAME mul_26s_26s_52_1_1_U108 SOURCE src/integrated-gcn/spmm_stage.cpp:75 VARIABLE mul_ln75_19 LOOP SPMM_MAC BUNDLEDNAME {} DSP 2 BRAM 0 URAM 0 STORAGESUBTYPE {} DISPNAME {bind_op mul} VISIBLE true} {BINDTYPE op ID {} IMPL fabric LATENCY 0 OPTYPE add PRAGMA {} RTLNAME add_ln75_19_fu_2124_p2 SOURCE src/integrated-gcn/spmm_stage.cpp:75 VARIABLE add_ln75_19 LOOP SPMM_MAC BUNDLEDNAME {} DSP 0 BRAM 0 URAM 0 STORAGESUBTYPE {} DISPNAME {bind_op add} VISIBLE true} {BINDTYPE op ID {} IMPL auto LATENCY 0 OPTYPE mul PRAGMA {} RTLNAME mul_26s_26s_52_1_1_U109 SOURCE src/integrated-gcn/spmm_stage.cpp:75 VARIABLE mul_ln75_20 LOOP SPMM_MAC BUNDLEDNAME {} DSP 2 BRAM 0 URAM 0 STORAGESUBTYPE {} DISPNAME {bind_op mul} VISIBLE true} {BINDTYPE op ID {} IMPL fabric LATENCY 0 OPTYPE add PRAGMA {} RTLNAME add_ln75_20_fu_2162_p2 SOURCE src/integrated-gcn/spmm_stage.cpp:75 VARIABLE add_ln75_20 LOOP SPMM_MAC BUNDLEDNAME {} DSP 0 BRAM 0 URAM 0 STORAGESUBTYPE {} DISPNAME {bind_op add} VISIBLE true} {BINDTYPE op ID {} IMPL auto LATENCY 0 OPTYPE mul PRAGMA {} RTLNAME mul_26s_26s_52_1_1_U110 SOURCE src/integrated-gcn/spmm_stage.cpp:75 VARIABLE mul_ln75_21 LOOP SPMM_MAC BUNDLEDNAME {} DSP 2 BRAM 0 URAM 0 STORAGESUBTYPE {} DISPNAME {bind_op mul} VISIBLE true} {BINDTYPE op ID {} IMPL fabric LATENCY 0 OPTYPE add PRAGMA {} RTLNAME add_ln75_21_fu_2200_p2 SOURCE src/integrated-gcn/spmm_stage.cpp:75 VARIABLE add_ln75_21 LOOP SPMM_MAC BUNDLEDNAME {} DSP 0 BRAM 0 URAM 0 STORAGESUBTYPE {} DISPNAME {bind_op add} VISIBLE true} {BINDTYPE op ID {} IMPL auto LATENCY 0 OPTYPE mul PRAGMA {} RTLNAME mul_26s_26s_52_1_1_U111 SOURCE src/integrated-gcn/spmm_stage.cpp:75 VARIABLE mul_ln75_22 LOOP SPMM_MAC BUNDLEDNAME {} DSP 2 BRAM 0 URAM 0 STORAGESUBTYPE {} DISPNAME {bind_op mul} VISIBLE true} {BINDTYPE op ID {} IMPL fabric LATENCY 0 OPTYPE add PRAGMA {} RTLNAME add_ln75_22_fu_2238_p2 SOURCE src/integrated-gcn/spmm_stage.cpp:75 VARIABLE add_ln75_22 LOOP SPMM_MAC BUNDLEDNAME {} DSP 0 BRAM 0 URAM 0 STORAGESUBTYPE {} DISPNAME {bind_op add} VISIBLE true} {BINDTYPE op ID {} IMPL auto LATENCY 0 OPTYPE mul PRAGMA {} RTLNAME mul_26s_26s_52_1_1_U112 SOURCE src/integrated-gcn/spmm_stage.cpp:75 VARIABLE mul_ln75_23 LOOP SPMM_MAC BUNDLEDNAME {} DSP 2 BRAM 0 URAM 0 STORAGESUBTYPE {} DISPNAME {bind_op mul} VISIBLE true} {BINDTYPE op ID {} IMPL fabric LATENCY 0 OPTYPE add PRAGMA {} RTLNAME add_ln75_23_fu_2276_p2 SOURCE src/integrated-gcn/spmm_stage.cpp:75 VARIABLE add_ln75_23 LOOP SPMM_MAC BUNDLEDNAME {} DSP 0 BRAM 0 URAM 0 STORAGESUBTYPE {} DISPNAME {bind_op add} VISIBLE true} {BINDTYPE op ID {} IMPL auto LATENCY 0 OPTYPE mul PRAGMA {} RTLNAME mul_26s_26s_52_1_1_U113 SOURCE src/integrated-gcn/spmm_stage.cpp:75 VARIABLE mul_ln75_24 LOOP SPMM_MAC BUNDLEDNAME {} DSP 2 BRAM 0 URAM 0 STORAGESUBTYPE {} DISPNAME {bind_op mul} VISIBLE true} {BINDTYPE op ID {} IMPL fabric LATENCY 0 OPTYPE add PRAGMA {} RTLNAME add_ln75_24_fu_2314_p2 SOURCE src/integrated-gcn/spmm_stage.cpp:75 VARIABLE add_ln75_24 LOOP SPMM_MAC BUNDLEDNAME {} DSP 0 BRAM 0 URAM 0 STORAGESUBTYPE {} DISPNAME {bind_op add} VISIBLE true} {BINDTYPE op ID {} IMPL auto LATENCY 0 OPTYPE mul PRAGMA {} RTLNAME mul_26s_26s_52_1_1_U114 SOURCE src/integrated-gcn/spmm_stage.cpp:75 VARIABLE mul_ln75_25 LOOP SPMM_MAC BUNDLEDNAME {} DSP 2 BRAM 0 URAM 0 STORAGESUBTYPE {} DISPNAME {bind_op mul} VISIBLE true} {BINDTYPE op ID {} IMPL fabric LATENCY 0 OPTYPE add PRAGMA {} RTLNAME add_ln75_25_fu_2352_p2 SOURCE src/integrated-gcn/spmm_stage.cpp:75 VARIABLE add_ln75_25 LOOP SPMM_MAC BUNDLEDNAME {} DSP 0 BRAM 0 URAM 0 STORAGESUBTYPE {} DISPNAME {bind_op add} VISIBLE true} {BINDTYPE op ID {} IMPL auto LATENCY 0 OPTYPE mul PRAGMA {} RTLNAME mul_26s_26s_52_1_1_U115 SOURCE src/integrated-gcn/spmm_stage.cpp:75 VARIABLE mul_ln75_26 LOOP SPMM_MAC BUNDLEDNAME {} DSP 2 BRAM 0 URAM 0 STORAGESUBTYPE {} DISPNAME {bind_op mul} VISIBLE true} {BINDTYPE op ID {} IMPL fabric LATENCY 0 OPTYPE add PRAGMA {} RTLNAME add_ln75_26_fu_2390_p2 SOURCE src/integrated-gcn/spmm_stage.cpp:75 VARIABLE add_ln75_26 LOOP SPMM_MAC BUNDLEDNAME {} DSP 0 BRAM 0 URAM 0 STORAGESUBTYPE {} DISPNAME {bind_op add} VISIBLE true} {BINDTYPE op ID {} IMPL auto LATENCY 0 OPTYPE mul PRAGMA {} RTLNAME mul_26s_26s_52_1_1_U116 SOURCE src/integrated-gcn/spmm_stage.cpp:75 VARIABLE mul_ln75_27 LOOP SPMM_MAC BUNDLEDNAME {} DSP 2 BRAM 0 URAM 0 STORAGESUBTYPE {} DISPNAME {bind_op mul} VISIBLE true} {BINDTYPE op ID {} IMPL fabric LATENCY 0 OPTYPE add PRAGMA {} RTLNAME add_ln75_27_fu_2428_p2 SOURCE src/integrated-gcn/spmm_stage.cpp:75 VARIABLE add_ln75_27 LOOP SPMM_MAC BUNDLEDNAME {} DSP 0 BRAM 0 URAM 0 STORAGESUBTYPE {} DISPNAME {bind_op add} VISIBLE true} {BINDTYPE op ID {} IMPL auto LATENCY 0 OPTYPE mul PRAGMA {} RTLNAME mul_26s_26s_52_1_1_U117 SOURCE src/integrated-gcn/spmm_stage.cpp:75 VARIABLE mul_ln75_28 LOOP SPMM_MAC BUNDLEDNAME {} DSP 2 BRAM 0 URAM 0 STORAGESUBTYPE {} DISPNAME {bind_op mul} VISIBLE true} {BINDTYPE op ID {} IMPL fabric LATENCY 0 OPTYPE add PRAGMA {} RTLNAME add_ln75_28_fu_2466_p2 SOURCE src/integrated-gcn/spmm_stage.cpp:75 VARIABLE add_ln75_28 LOOP SPMM_MAC BUNDLEDNAME {} DSP 0 BRAM 0 URAM 0 STORAGESUBTYPE {} DISPNAME {bind_op add} VISIBLE true} {BINDTYPE op ID {} IMPL auto LATENCY 0 OPTYPE mul PRAGMA {} RTLNAME mul_26s_26s_52_1_1_U118 SOURCE src/integrated-gcn/spmm_stage.cpp:75 VARIABLE mul_ln75_29 LOOP SPMM_MAC BUNDLEDNAME {} DSP 2 BRAM 0 URAM 0 STORAGESUBTYPE {} DISPNAME {bind_op mul} VISIBLE true} {BINDTYPE op ID {} IMPL fabric LATENCY 0 OPTYPE add PRAGMA {} RTLNAME add_ln75_29_fu_2504_p2 SOURCE src/integrated-gcn/spmm_stage.cpp:75 VARIABLE add_ln75_29 LOOP SPMM_MAC BUNDLEDNAME {} DSP 0 BRAM 0 URAM 0 STORAGESUBTYPE {} DISPNAME {bind_op add} VISIBLE true} {BINDTYPE op ID {} IMPL auto LATENCY 0 OPTYPE mul PRAGMA {} RTLNAME mul_26s_26s_52_1_1_U119 SOURCE src/integrated-gcn/spmm_stage.cpp:75 VARIABLE mul_ln75_30 LOOP SPMM_MAC BUNDLEDNAME {} DSP 2 BRAM 0 URAM 0 STORAGESUBTYPE {} DISPNAME {bind_op mul} VISIBLE true} {BINDTYPE op ID {} IMPL fabric LATENCY 0 OPTYPE add PRAGMA {} RTLNAME add_ln75_30_fu_2542_p2 SOURCE src/integrated-gcn/spmm_stage.cpp:75 VARIABLE add_ln75_30 LOOP SPMM_MAC BUNDLEDNAME {} DSP 0 BRAM 0 URAM 0 STORAGESUBTYPE {} DISPNAME {bind_op add} VISIBLE true} {BINDTYPE op ID {} IMPL auto LATENCY 0 OPTYPE mul PRAGMA {} RTLNAME mul_26s_26s_52_1_1_U120 SOURCE src/integrated-gcn/spmm_stage.cpp:75 VARIABLE mul_ln75_31 LOOP SPMM_MAC BUNDLEDNAME {} DSP 2 BRAM 0 URAM 0 STORAGESUBTYPE {} DISPNAME {bind_op mul} VISIBLE true} {BINDTYPE op ID {} IMPL fabric LATENCY 0 OPTYPE add PRAGMA {} RTLNAME add_ln75_31_fu_2580_p2 SOURCE src/integrated-gcn/spmm_stage.cpp:75 VARIABLE add_ln75_31 LOOP SPMM_MAC BUNDLEDNAME {} DSP 0 BRAM 0 URAM 0 STORAGESUBTYPE {} DISPNAME {bind_op add} VISIBLE true} {BINDTYPE op ID {} IMPL fabric LATENCY 0 OPTYPE add PRAGMA {} RTLNAME add_ln72_fu_1370_p2 SOURCE src/integrated-gcn/spmm_stage.cpp:72 VARIABLE add_ln72 LOOP SPMM_MAC BUNDLEDNAME {} DSP 0 BRAM 0 URAM 0 STORAGESUBTYPE {} DISPNAME {bind_op add} VISIBLE true}} AREA {DSP 64 BRAM 0 URAM 0}} spmm_compute_Pipeline_SPMM_WRITE {BINDINFO {{BINDTYPE op ID {} IMPL auto LATENCY 0 OPTYPE seteq PRAGMA {} RTLNAME icmp_ln80_fu_611_p2 SOURCE src/integrated-gcn/spmm_stage.cpp:80 VARIABLE icmp_ln80 LOOP SPMM_WRITE BUNDLEDNAME {} DSP 0 BRAM 0 URAM 0 STORAGESUBTYPE {} DISPNAME {bind_op seteq} VISIBLE false} {BINDTYPE op ID {} IMPL fabric LATENCY 0 OPTYPE add PRAGMA {} RTLNAME add_ln80_fu_617_p2 SOURCE src/integrated-gcn/spmm_stage.cpp:80 VARIABLE add_ln80 LOOP SPMM_WRITE BUNDLEDNAME {} DSP 0 BRAM 0 URAM 0 STORAGESUBTYPE {} DISPNAME {bind_op add} VISIBLE true} {BINDTYPE op ID {} IMPL compactencoding_dontcare LATENCY 0 OPTYPE sparsemux PRAGMA {} RTLNAME sparsemux_65_5_26_1_1_U187 SOURCE src/integrated-gcn/spmm_stage.cpp:82 VARIABLE tmp_s LOOP SPMM_WRITE BUNDLEDNAME {} DSP 0 BRAM 0 URAM 0 STORAGESUBTYPE {} DISPNAME {bind_op sparsemux} VISIBLE false}} AREA {DSP 0 BRAM 0 URAM 0}} spmm_compute {BINDINFO {{BINDTYPE storage ID {} IMPL auto LATENCY 1 OPTYPE ram_2p PRAGMA {} RTLNAME acc_U SOURCE src/integrated-gcn/spmm_stage.cpp:37 VARIABLE acc LOOP {} BUNDLEDNAME {} DSP 0 BRAM 0 URAM 0 STORAGESUBTYPE {} STORAGESIZE {32 2 1} STORAGEUSAGE {ram_2p array} DISPNAME {bind_storage ram_2p} VISIBLE true} {BINDTYPE storage ID {} IMPL auto LATENCY 1 OPTYPE ram_2p PRAGMA {} RTLNAME acc_1_U SOURCE src/integrated-gcn/spmm_stage.cpp:37 VARIABLE acc_1 LOOP {} BUNDLEDNAME {} DSP 0 BRAM 0 URAM 0 STORAGESUBTYPE {} STORAGESIZE {32 2 1} STORAGEUSAGE {ram_2p array} DISPNAME {bind_storage ram_2p} VISIBLE true} {BINDTYPE storage ID {} IMPL auto LATENCY 1 OPTYPE ram_2p PRAGMA {} RTLNAME acc_2_U SOURCE src/integrated-gcn/spmm_stage.cpp:37 VARIABLE acc_2 LOOP {} BUNDLEDNAME {} DSP 0 BRAM 0 URAM 0 STORAGESUBTYPE {} STORAGESIZE {32 2 1} STORAGEUSAGE {ram_2p array} DISPNAME {bind_storage ram_2p} VISIBLE true} {BINDTYPE storage ID {} IMPL auto LATENCY 1 OPTYPE ram_2p PRAGMA {} RTLNAME acc_3_U SOURCE src/integrated-gcn/spmm_stage.cpp:37 VARIABLE acc_3 LOOP {} BUNDLEDNAME {} DSP 0 BRAM 0 URAM 0 STORAGESUBTYPE {} STORAGESIZE {32 2 1} STORAGEUSAGE {ram_2p array} DISPNAME {bind_storage ram_2p} VISIBLE true} {BINDTYPE storage ID {} IMPL auto LATENCY 1 OPTYPE ram_2p PRAGMA {} RTLNAME acc_4_U SOURCE src/integrated-gcn/spmm_stage.cpp:37 VARIABLE acc_4 LOOP {} BUNDLEDNAME {} DSP 0 BRAM 0 URAM 0 STORAGESUBTYPE {} STORAGESIZE {32 2 1} STORAGEUSAGE {ram_2p array} DISPNAME {bind_storage ram_2p} VISIBLE true} {BINDTYPE storage ID {} IMPL auto LATENCY 1 OPTYPE ram_2p PRAGMA {} RTLNAME acc_5_U SOURCE src/integrated-gcn/spmm_stage.cpp:37 VARIABLE acc_5 LOOP {} BUNDLEDNAME {} DSP 0 BRAM 0 URAM 0 STORAGESUBTYPE {} STORAGESIZE {32 2 1} STORAGEUSAGE {ram_2p array} DISPNAME {bind_storage ram_2p} VISIBLE true} {BINDTYPE storage ID {} IMPL auto LATENCY 1 OPTYPE ram_2p PRAGMA {} RTLNAME acc_6_U SOURCE src/integrated-gcn/spmm_stage.cpp:37 VARIABLE acc_6 LOOP {} BUNDLEDNAME {} DSP 0 BRAM 0 URAM 0 STORAGESUBTYPE {} STORAGESIZE {32 2 1} STORAGEUSAGE {ram_2p array} DISPNAME {bind_storage ram_2p} VISIBLE true} {BINDTYPE storage ID {} IMPL auto LATENCY 1 OPTYPE ram_2p PRAGMA {} RTLNAME acc_7_U SOURCE src/integrated-gcn/spmm_stage.cpp:37 VARIABLE acc_7 LOOP {} BUNDLEDNAME {} DSP 0 BRAM 0 URAM 0 STORAGESUBTYPE {} STORAGESIZE {32 2 1} STORAGEUSAGE {ram_2p array} DISPNAME {bind_storage ram_2p} VISIBLE true} {BINDTYPE storage ID {} IMPL auto LATENCY 1 OPTYPE ram_2p PRAGMA {} RTLNAME acc_8_U SOURCE src/integrated-gcn/spmm_stage.cpp:37 VARIABLE acc_8 LOOP {} BUNDLEDNAME {} DSP 0 BRAM 0 URAM 0 STORAGESUBTYPE {} STORAGESIZE {32 2 1} STORAGEUSAGE {ram_2p array} DISPNAME {bind_storage ram_2p} VISIBLE true} {BINDTYPE storage ID {} IMPL auto LATENCY 1 OPTYPE ram_2p PRAGMA {} RTLNAME acc_9_U SOURCE src/integrated-gcn/spmm_stage.cpp:37 VARIABLE acc_9 LOOP {} BUNDLEDNAME {} DSP 0 BRAM 0 URAM 0 STORAGESUBTYPE {} STORAGESIZE {32 2 1} STORAGEUSAGE {ram_2p array} DISPNAME {bind_storage ram_2p} VISIBLE true} {BINDTYPE storage ID {} IMPL auto LATENCY 1 OPTYPE ram_2p PRAGMA {} RTLNAME acc_10_U SOURCE src/integrated-gcn/spmm_stage.cpp:37 VARIABLE acc_10 LOOP {} BUNDLEDNAME {} DSP 0 BRAM 0 URAM 0 STORAGESUBTYPE {} STORAGESIZE {32 2 1} STORAGEUSAGE {ram_2p array} DISPNAME {bind_storage ram_2p} VISIBLE true} {BINDTYPE storage ID {} IMPL auto LATENCY 1 OPTYPE ram_2p PRAGMA {} RTLNAME acc_11_U SOURCE src/integrated-gcn/spmm_stage.cpp:37 VARIABLE acc_11 LOOP {} BUNDLEDNAME {} DSP 0 BRAM 0 URAM 0 STORAGESUBTYPE {} STORAGESIZE {32 2 1} STORAGEUSAGE {ram_2p array} DISPNAME {bind_storage ram_2p} VISIBLE true} {BINDTYPE storage ID {} IMPL auto LATENCY 1 OPTYPE ram_2p PRAGMA {} RTLNAME acc_12_U SOURCE src/integrated-gcn/spmm_stage.cpp:37 VARIABLE acc_12 LOOP {} BUNDLEDNAME {} DSP 0 BRAM 0 URAM 0 STORAGESUBTYPE {} STORAGESIZE {32 2 1} STORAGEUSAGE {ram_2p array} DISPNAME {bind_storage ram_2p} VISIBLE true} {BINDTYPE storage ID {} IMPL auto LATENCY 1 OPTYPE ram_2p PRAGMA {} RTLNAME acc_13_U SOURCE src/integrated-gcn/spmm_stage.cpp:37 VARIABLE acc_13 LOOP {} BUNDLEDNAME {} DSP 0 BRAM 0 URAM 0 STORAGESUBTYPE {} STORAGESIZE {32 2 1} STORAGEUSAGE {ram_2p array} DISPNAME {bind_storage ram_2p} VISIBLE true} {BINDTYPE storage ID {} IMPL auto LATENCY 1 OPTYPE ram_2p PRAGMA {} RTLNAME acc_14_U SOURCE src/integrated-gcn/spmm_stage.cpp:37 VARIABLE acc_14 LOOP {} BUNDLEDNAME {} DSP 0 BRAM 0 URAM 0 STORAGESUBTYPE {} STORAGESIZE {32 2 1} STORAGEUSAGE {ram_2p array} DISPNAME {bind_storage ram_2p} VISIBLE true} {BINDTYPE storage ID {} IMPL auto LATENCY 1 OPTYPE ram_2p PRAGMA {} RTLNAME acc_15_U SOURCE src/integrated-gcn/spmm_stage.cpp:37 VARIABLE acc_15 LOOP {} BUNDLEDNAME {} DSP 0 BRAM 0 URAM 0 STORAGESUBTYPE {} STORAGESIZE {32 2 1} STORAGEUSAGE {ram_2p array} DISPNAME {bind_storage ram_2p} VISIBLE true} {BINDTYPE storage ID {} IMPL auto LATENCY 1 OPTYPE ram_2p PRAGMA {} RTLNAME acc_16_U SOURCE src/integrated-gcn/spmm_stage.cpp:37 VARIABLE acc_16 LOOP {} BUNDLEDNAME {} DSP 0 BRAM 0 URAM 0 STORAGESUBTYPE {} STORAGESIZE {32 2 1} STORAGEUSAGE {ram_2p array} DISPNAME {bind_storage ram_2p} VISIBLE true} {BINDTYPE storage ID {} IMPL auto LATENCY 1 OPTYPE ram_2p PRAGMA {} RTLNAME acc_17_U SOURCE src/integrated-gcn/spmm_stage.cpp:37 VARIABLE acc_17 LOOP {} BUNDLEDNAME {} DSP 0 BRAM 0 URAM 0 STORAGESUBTYPE {} STORAGESIZE {32 2 1} STORAGEUSAGE {ram_2p array} DISPNAME {bind_storage ram_2p} VISIBLE true} {BINDTYPE storage ID {} IMPL auto LATENCY 1 OPTYPE ram_2p PRAGMA {} RTLNAME acc_18_U SOURCE src/integrated-gcn/spmm_stage.cpp:37 VARIABLE acc_18 LOOP {} BUNDLEDNAME {} DSP 0 BRAM 0 URAM 0 STORAGESUBTYPE {} STORAGESIZE {32 2 1} STORAGEUSAGE {ram_2p array} DISPNAME {bind_storage ram_2p} VISIBLE true} {BINDTYPE storage ID {} IMPL auto LATENCY 1 OPTYPE ram_2p PRAGMA {} RTLNAME acc_19_U SOURCE src/integrated-gcn/spmm_stage.cpp:37 VARIABLE acc_19 LOOP {} BUNDLEDNAME {} DSP 0 BRAM 0 URAM 0 STORAGESUBTYPE {} STORAGESIZE {32 2 1} STORAGEUSAGE {ram_2p array} DISPNAME {bind_storage ram_2p} VISIBLE true} {BINDTYPE storage ID {} IMPL auto LATENCY 1 OPTYPE ram_2p PRAGMA {} RTLNAME acc_20_U SOURCE src/integrated-gcn/spmm_stage.cpp:37 VARIABLE acc_20 LOOP {} BUNDLEDNAME {} DSP 0 BRAM 0 URAM 0 STORAGESUBTYPE {} STORAGESIZE {32 2 1} STORAGEUSAGE {ram_2p array} DISPNAME {bind_storage ram_2p} VISIBLE true} {BINDTYPE storage ID {} IMPL auto LATENCY 1 OPTYPE ram_2p PRAGMA {} RTLNAME acc_21_U SOURCE src/integrated-gcn/spmm_stage.cpp:37 VARIABLE acc_21 LOOP {} BUNDLEDNAME {} DSP 0 BRAM 0 URAM 0 STORAGESUBTYPE {} STORAGESIZE {32 2 1} STORAGEUSAGE {ram_2p array} DISPNAME {bind_storage ram_2p} VISIBLE true} {BINDTYPE storage ID {} IMPL auto LATENCY 1 OPTYPE ram_2p PRAGMA {} RTLNAME acc_22_U SOURCE src/integrated-gcn/spmm_stage.cpp:37 VARIABLE acc_22 LOOP {} BUNDLEDNAME {} DSP 0 BRAM 0 URAM 0 STORAGESUBTYPE {} STORAGESIZE {32 2 1} STORAGEUSAGE {ram_2p array} DISPNAME {bind_storage ram_2p} VISIBLE true} {BINDTYPE storage ID {} IMPL auto LATENCY 1 OPTYPE ram_2p PRAGMA {} RTLNAME acc_23_U SOURCE src/integrated-gcn/spmm_stage.cpp:37 VARIABLE acc_23 LOOP {} BUNDLEDNAME {} DSP 0 BRAM 0 URAM 0 STORAGESUBTYPE {} STORAGESIZE {32 2 1} STORAGEUSAGE {ram_2p array} DISPNAME {bind_storage ram_2p} VISIBLE true} {BINDTYPE storage ID {} IMPL auto LATENCY 1 OPTYPE ram_2p PRAGMA {} RTLNAME acc_24_U SOURCE src/integrated-gcn/spmm_stage.cpp:37 VARIABLE acc_24 LOOP {} BUNDLEDNAME {} DSP 0 BRAM 0 URAM 0 STORAGESUBTYPE {} STORAGESIZE {32 2 1} STORAGEUSAGE {ram_2p array} DISPNAME {bind_storage ram_2p} VISIBLE true} {BINDTYPE storage ID {} IMPL auto LATENCY 1 OPTYPE ram_2p PRAGMA {} RTLNAME acc_25_U SOURCE src/integrated-gcn/spmm_stage.cpp:37 VARIABLE acc_25 LOOP {} BUNDLEDNAME {} DSP 0 BRAM 0 URAM 0 STORAGESUBTYPE {} STORAGESIZE {32 2 1} STORAGEUSAGE {ram_2p array} DISPNAME {bind_storage ram_2p} VISIBLE true} {BINDTYPE storage ID {} IMPL auto LATENCY 1 OPTYPE ram_2p PRAGMA {} RTLNAME acc_26_U SOURCE src/integrated-gcn/spmm_stage.cpp:37 VARIABLE acc_26 LOOP {} BUNDLEDNAME {} DSP 0 BRAM 0 URAM 0 STORAGESUBTYPE {} STORAGESIZE {32 2 1} STORAGEUSAGE {ram_2p array} DISPNAME {bind_storage ram_2p} VISIBLE true} {BINDTYPE storage ID {} IMPL auto LATENCY 1 OPTYPE ram_2p PRAGMA {} RTLNAME acc_27_U SOURCE src/integrated-gcn/spmm_stage.cpp:37 VARIABLE acc_27 LOOP {} BUNDLEDNAME {} DSP 0 BRAM 0 URAM 0 STORAGESUBTYPE {} STORAGESIZE {32 2 1} STORAGEUSAGE {ram_2p array} DISPNAME {bind_storage ram_2p} VISIBLE true} {BINDTYPE storage ID {} IMPL auto LATENCY 1 OPTYPE ram_2p PRAGMA {} RTLNAME acc_28_U SOURCE src/integrated-gcn/spmm_stage.cpp:37 VARIABLE acc_28 LOOP {} BUNDLEDNAME {} DSP 0 BRAM 0 URAM 0 STORAGESUBTYPE {} STORAGESIZE {32 2 1} STORAGEUSAGE {ram_2p array} DISPNAME {bind_storage ram_2p} VISIBLE true} {BINDTYPE storage ID {} IMPL auto LATENCY 1 OPTYPE ram_2p PRAGMA {} RTLNAME acc_29_U SOURCE src/integrated-gcn/spmm_stage.cpp:37 VARIABLE acc_29 LOOP {} BUNDLEDNAME {} DSP 0 BRAM 0 URAM 0 STORAGESUBTYPE {} STORAGESIZE {32 2 1} STORAGEUSAGE {ram_2p array} DISPNAME {bind_storage ram_2p} VISIBLE true} {BINDTYPE storage ID {} IMPL auto LATENCY 1 OPTYPE ram_2p PRAGMA {} RTLNAME acc_30_U SOURCE src/integrated-gcn/spmm_stage.cpp:37 VARIABLE acc_30 LOOP {} BUNDLEDNAME {} DSP 0 BRAM 0 URAM 0 STORAGESUBTYPE {} STORAGESIZE {32 2 1} STORAGEUSAGE {ram_2p array} DISPNAME {bind_storage ram_2p} VISIBLE true} {BINDTYPE storage ID {} IMPL auto LATENCY 1 OPTYPE ram_2p PRAGMA {} RTLNAME acc_31_U SOURCE src/integrated-gcn/spmm_stage.cpp:37 VARIABLE acc_31 LOOP {} BUNDLEDNAME {} DSP 0 BRAM 0 URAM 0 STORAGESUBTYPE {} STORAGESIZE {32 2 1} STORAGEUSAGE {ram_2p array} DISPNAME {bind_storage ram_2p} VISIBLE true} {BINDTYPE storage ID {} IMPL auto LATENCY 1 OPTYPE ram_1p PRAGMA {} RTLNAME h_buf_U SOURCE src/integrated-gcn/spmm_stage.cpp:38 VARIABLE h_buf LOOP {} BUNDLEDNAME {} DSP 0 BRAM 0 URAM 0 STORAGESUBTYPE {} STORAGESIZE {16 2 1} STORAGEUSAGE {ram_1p array} DISPNAME {bind_storage ram_1p} VISIBLE true} {BINDTYPE storage ID {} IMPL auto LATENCY 1 OPTYPE ram_1p PRAGMA {} RTLNAME h_buf_1_U SOURCE src/integrated-gcn/spmm_stage.cpp:38 VARIABLE h_buf_1 LOOP {} BUNDLEDNAME {} DSP 0 BRAM 0 URAM 0 STORAGESUBTYPE {} STORAGESIZE {16 2 1} STORAGEUSAGE {ram_1p array} DISPNAME {bind_storage ram_1p} VISIBLE true} {BINDTYPE storage ID {} IMPL auto LATENCY 1 OPTYPE ram_1p PRAGMA {} RTLNAME h_buf_2_U SOURCE src/integrated-gcn/spmm_stage.cpp:38 VARIABLE h_buf_2 LOOP {} BUNDLEDNAME {} DSP 0 BRAM 0 URAM 0 STORAGESUBTYPE {} STORAGESIZE {16 2 1} STORAGEUSAGE {ram_1p array} DISPNAME {bind_storage ram_1p} VISIBLE true} {BINDTYPE storage ID {} IMPL auto LATENCY 1 OPTYPE ram_1p PRAGMA {} RTLNAME h_buf_3_U SOURCE src/integrated-gcn/spmm_stage.cpp:38 VARIABLE h_buf_3 LOOP {} BUNDLEDNAME {} DSP 0 BRAM 0 URAM 0 STORAGESUBTYPE {} STORAGESIZE {16 2 1} STORAGEUSAGE {ram_1p array} DISPNAME {bind_storage ram_1p} VISIBLE true} {BINDTYPE storage ID {} IMPL auto LATENCY 1 OPTYPE ram_1p PRAGMA {} RTLNAME h_buf_4_U SOURCE src/integrated-gcn/spmm_stage.cpp:38 VARIABLE h_buf_4 LOOP {} BUNDLEDNAME {} DSP 0 BRAM 0 URAM 0 STORAGESUBTYPE {} STORAGESIZE {16 2 1} STORAGEUSAGE {ram_1p array} DISPNAME {bind_storage ram_1p} VISIBLE true} {BINDTYPE storage ID {} IMPL auto LATENCY 1 OPTYPE ram_1p PRAGMA {} RTLNAME h_buf_5_U SOURCE src/integrated-gcn/spmm_stage.cpp:38 VARIABLE h_buf_5 LOOP {} BUNDLEDNAME {} DSP 0 BRAM 0 URAM 0 STORAGESUBTYPE {} STORAGESIZE {16 2 1} STORAGEUSAGE {ram_1p array} DISPNAME {bind_storage ram_1p} VISIBLE true} {BINDTYPE storage ID {} IMPL auto LATENCY 1 OPTYPE ram_1p PRAGMA {} RTLNAME h_buf_6_U SOURCE src/integrated-gcn/spmm_stage.cpp:38 VARIABLE h_buf_6 LOOP {} BUNDLEDNAME {} DSP 0 BRAM 0 URAM 0 STORAGESUBTYPE {} STORAGESIZE {16 2 1} STORAGEUSAGE {ram_1p array} DISPNAME {bind_storage ram_1p} VISIBLE true} {BINDTYPE storage ID {} IMPL auto LATENCY 1 OPTYPE ram_1p PRAGMA {} RTLNAME h_buf_7_U SOURCE src/integrated-gcn/spmm_stage.cpp:38 VARIABLE h_buf_7 LOOP {} BUNDLEDNAME {} DSP 0 BRAM 0 URAM 0 STORAGESUBTYPE {} STORAGESIZE {16 2 1} STORAGEUSAGE {ram_1p array} DISPNAME {bind_storage ram_1p} VISIBLE true} {BINDTYPE storage ID {} IMPL auto LATENCY 1 OPTYPE ram_1p PRAGMA {} RTLNAME h_buf_8_U SOURCE src/integrated-gcn/spmm_stage.cpp:38 VARIABLE h_buf_8 LOOP {} BUNDLEDNAME {} DSP 0 BRAM 0 URAM 0 STORAGESUBTYPE {} STORAGESIZE {16 2 1} STORAGEUSAGE {ram_1p array} DISPNAME {bind_storage ram_1p} VISIBLE true} {BINDTYPE storage ID {} IMPL auto LATENCY 1 OPTYPE ram_1p PRAGMA {} RTLNAME h_buf_9_U SOURCE src/integrated-gcn/spmm_stage.cpp:38 VARIABLE h_buf_9 LOOP {} BUNDLEDNAME {} DSP 0 BRAM 0 URAM 0 STORAGESUBTYPE {} STORAGESIZE {16 2 1} STORAGEUSAGE {ram_1p array} DISPNAME {bind_storage ram_1p} VISIBLE true} {BINDTYPE storage ID {} IMPL auto LATENCY 1 OPTYPE ram_1p PRAGMA {} RTLNAME h_buf_10_U SOURCE src/integrated-gcn/spmm_stage.cpp:38 VARIABLE h_buf_10 LOOP {} BUNDLEDNAME {} DSP 0 BRAM 0 URAM 0 STORAGESUBTYPE {} STORAGESIZE {16 2 1} STORAGEUSAGE {ram_1p array} DISPNAME {bind_storage ram_1p} VISIBLE true} {BINDTYPE storage ID {} IMPL auto LATENCY 1 OPTYPE ram_1p PRAGMA {} RTLNAME h_buf_11_U SOURCE src/integrated-gcn/spmm_stage.cpp:38 VARIABLE h_buf_11 LOOP {} BUNDLEDNAME {} DSP 0 BRAM 0 URAM 0 STORAGESUBTYPE {} STORAGESIZE {16 2 1} STORAGEUSAGE {ram_1p array} DISPNAME {bind_storage ram_1p} VISIBLE true} {BINDTYPE storage ID {} IMPL auto LATENCY 1 OPTYPE ram_1p PRAGMA {} RTLNAME h_buf_12_U SOURCE src/integrated-gcn/spmm_stage.cpp:38 VARIABLE h_buf_12 LOOP {} BUNDLEDNAME {} DSP 0 BRAM 0 URAM 0 STORAGESUBTYPE {} STORAGESIZE {16 2 1} STORAGEUSAGE {ram_1p array} DISPNAME {bind_storage ram_1p} VISIBLE true} {BINDTYPE storage ID {} IMPL auto LATENCY 1 OPTYPE ram_1p PRAGMA {} RTLNAME h_buf_13_U SOURCE src/integrated-gcn/spmm_stage.cpp:38 VARIABLE h_buf_13 LOOP {} BUNDLEDNAME {} DSP 0 BRAM 0 URAM 0 STORAGESUBTYPE {} STORAGESIZE {16 2 1} STORAGEUSAGE {ram_1p array} DISPNAME {bind_storage ram_1p} VISIBLE true} {BINDTYPE storage ID {} IMPL auto LATENCY 1 OPTYPE ram_1p PRAGMA {} RTLNAME h_buf_14_U SOURCE src/integrated-gcn/spmm_stage.cpp:38 VARIABLE h_buf_14 LOOP {} BUNDLEDNAME {} DSP 0 BRAM 0 URAM 0 STORAGESUBTYPE {} STORAGESIZE {16 2 1} STORAGEUSAGE {ram_1p array} DISPNAME {bind_storage ram_1p} VISIBLE true} {BINDTYPE storage ID {} IMPL auto LATENCY 1 OPTYPE ram_1p PRAGMA {} RTLNAME h_buf_15_U SOURCE src/integrated-gcn/spmm_stage.cpp:38 VARIABLE h_buf_15 LOOP {} BUNDLEDNAME {} DSP 0 BRAM 0 URAM 0 STORAGESUBTYPE {} STORAGESIZE {16 2 1} STORAGEUSAGE {ram_1p array} DISPNAME {bind_storage ram_1p} VISIBLE true} {BINDTYPE storage ID {} IMPL auto LATENCY 1 OPTYPE ram_1p PRAGMA {} RTLNAME h_buf_16_U SOURCE src/integrated-gcn/spmm_stage.cpp:38 VARIABLE h_buf_16 LOOP {} BUNDLEDNAME {} DSP 0 BRAM 0 URAM 0 STORAGESUBTYPE {} STORAGESIZE {16 2 1} STORAGEUSAGE {ram_1p array} DISPNAME {bind_storage ram_1p} VISIBLE true} {BINDTYPE storage ID {} IMPL auto LATENCY 1 OPTYPE ram_1p PRAGMA {} RTLNAME h_buf_17_U SOURCE src/integrated-gcn/spmm_stage.cpp:38 VARIABLE h_buf_17 LOOP {} BUNDLEDNAME {} DSP 0 BRAM 0 URAM 0 STORAGESUBTYPE {} STORAGESIZE {16 2 1} STORAGEUSAGE {ram_1p array} DISPNAME {bind_storage ram_1p} VISIBLE true} {BINDTYPE storage ID {} IMPL auto LATENCY 1 OPTYPE ram_1p PRAGMA {} RTLNAME h_buf_18_U SOURCE src/integrated-gcn/spmm_stage.cpp:38 VARIABLE h_buf_18 LOOP {} BUNDLEDNAME {} DSP 0 BRAM 0 URAM 0 STORAGESUBTYPE {} STORAGESIZE {16 2 1} STORAGEUSAGE {ram_1p array} DISPNAME {bind_storage ram_1p} VISIBLE true} {BINDTYPE storage ID {} IMPL auto LATENCY 1 OPTYPE ram_1p PRAGMA {} RTLNAME h_buf_19_U SOURCE src/integrated-gcn/spmm_stage.cpp:38 VARIABLE h_buf_19 LOOP {} BUNDLEDNAME {} DSP 0 BRAM 0 URAM 0 STORAGESUBTYPE {} STORAGESIZE {16 2 1} STORAGEUSAGE {ram_1p array} DISPNAME {bind_storage ram_1p} VISIBLE true} {BINDTYPE storage ID {} IMPL auto LATENCY 1 OPTYPE ram_1p PRAGMA {} RTLNAME h_buf_20_U SOURCE src/integrated-gcn/spmm_stage.cpp:38 VARIABLE h_buf_20 LOOP {} BUNDLEDNAME {} DSP 0 BRAM 0 URAM 0 STORAGESUBTYPE {} STORAGESIZE {16 2 1} STORAGEUSAGE {ram_1p array} DISPNAME {bind_storage ram_1p} VISIBLE true} {BINDTYPE storage ID {} IMPL auto LATENCY 1 OPTYPE ram_1p PRAGMA {} RTLNAME h_buf_21_U SOURCE src/integrated-gcn/spmm_stage.cpp:38 VARIABLE h_buf_21 LOOP {} BUNDLEDNAME {} DSP 0 BRAM 0 URAM 0 STORAGESUBTYPE {} STORAGESIZE {16 2 1} STORAGEUSAGE {ram_1p array} DISPNAME {bind_storage ram_1p} VISIBLE true} {BINDTYPE storage ID {} IMPL auto LATENCY 1 OPTYPE ram_1p PRAGMA {} RTLNAME h_buf_22_U SOURCE src/integrated-gcn/spmm_stage.cpp:38 VARIABLE h_buf_22 LOOP {} BUNDLEDNAME {} DSP 0 BRAM 0 URAM 0 STORAGESUBTYPE {} STORAGESIZE {16 2 1} STORAGEUSAGE {ram_1p array} DISPNAME {bind_storage ram_1p} VISIBLE true} {BINDTYPE storage ID {} IMPL auto LATENCY 1 OPTYPE ram_1p PRAGMA {} RTLNAME h_buf_23_U SOURCE src/integrated-gcn/spmm_stage.cpp:38 VARIABLE h_buf_23 LOOP {} BUNDLEDNAME {} DSP 0 BRAM 0 URAM 0 STORAGESUBTYPE {} STORAGESIZE {16 2 1} STORAGEUSAGE {ram_1p array} DISPNAME {bind_storage ram_1p} VISIBLE true} {BINDTYPE storage ID {} IMPL auto LATENCY 1 OPTYPE ram_1p PRAGMA {} RTLNAME h_buf_24_U SOURCE src/integrated-gcn/spmm_stage.cpp:38 VARIABLE h_buf_24 LOOP {} BUNDLEDNAME {} DSP 0 BRAM 0 URAM 0 STORAGESUBTYPE {} STORAGESIZE {16 2 1} STORAGEUSAGE {ram_1p array} DISPNAME {bind_storage ram_1p} VISIBLE true} {BINDTYPE storage ID {} IMPL auto LATENCY 1 OPTYPE ram_1p PRAGMA {} RTLNAME h_buf_25_U SOURCE src/integrated-gcn/spmm_stage.cpp:38 VARIABLE h_buf_25 LOOP {} BUNDLEDNAME {} DSP 0 BRAM 0 URAM 0 STORAGESUBTYPE {} STORAGESIZE {16 2 1} STORAGEUSAGE {ram_1p array} DISPNAME {bind_storage ram_1p} VISIBLE true} {BINDTYPE storage ID {} IMPL auto LATENCY 1 OPTYPE ram_1p PRAGMA {} RTLNAME h_buf_26_U SOURCE src/integrated-gcn/spmm_stage.cpp:38 VARIABLE h_buf_26 LOOP {} BUNDLEDNAME {} DSP 0 BRAM 0 URAM 0 STORAGESUBTYPE {} STORAGESIZE {16 2 1} STORAGEUSAGE {ram_1p array} DISPNAME {bind_storage ram_1p} VISIBLE true} {BINDTYPE storage ID {} IMPL auto LATENCY 1 OPTYPE ram_1p PRAGMA {} RTLNAME h_buf_27_U SOURCE src/integrated-gcn/spmm_stage.cpp:38 VARIABLE h_buf_27 LOOP {} BUNDLEDNAME {} DSP 0 BRAM 0 URAM 0 STORAGESUBTYPE {} STORAGESIZE {16 2 1} STORAGEUSAGE {ram_1p array} DISPNAME {bind_storage ram_1p} VISIBLE true} {BINDTYPE storage ID {} IMPL auto LATENCY 1 OPTYPE ram_1p PRAGMA {} RTLNAME h_buf_28_U SOURCE src/integrated-gcn/spmm_stage.cpp:38 VARIABLE h_buf_28 LOOP {} BUNDLEDNAME {} DSP 0 BRAM 0 URAM 0 STORAGESUBTYPE {} STORAGESIZE {16 2 1} STORAGEUSAGE {ram_1p array} DISPNAME {bind_storage ram_1p} VISIBLE true} {BINDTYPE storage ID {} IMPL auto LATENCY 1 OPTYPE ram_1p PRAGMA {} RTLNAME h_buf_29_U SOURCE src/integrated-gcn/spmm_stage.cpp:38 VARIABLE h_buf_29 LOOP {} BUNDLEDNAME {} DSP 0 BRAM 0 URAM 0 STORAGESUBTYPE {} STORAGESIZE {16 2 1} STORAGEUSAGE {ram_1p array} DISPNAME {bind_storage ram_1p} VISIBLE true} {BINDTYPE storage ID {} IMPL auto LATENCY 1 OPTYPE ram_1p PRAGMA {} RTLNAME h_buf_30_U SOURCE src/integrated-gcn/spmm_stage.cpp:38 VARIABLE h_buf_30 LOOP {} BUNDLEDNAME {} DSP 0 BRAM 0 URAM 0 STORAGESUBTYPE {} STORAGESIZE {16 2 1} STORAGEUSAGE {ram_1p array} DISPNAME {bind_storage ram_1p} VISIBLE true} {BINDTYPE storage ID {} IMPL auto LATENCY 1 OPTYPE ram_1p PRAGMA {} RTLNAME h_buf_31_U SOURCE src/integrated-gcn/spmm_stage.cpp:38 VARIABLE h_buf_31 LOOP {} BUNDLEDNAME {} DSP 0 BRAM 0 URAM 0 STORAGESUBTYPE {} STORAGESIZE {16 2 1} STORAGEUSAGE {ram_1p array} DISPNAME {bind_storage ram_1p} VISIBLE true} {BINDTYPE op ID {} IMPL auto LATENCY 0 OPTYPE seteq PRAGMA {} RTLNAME icmp_ln43_fu_586_p2 SOURCE src/integrated-gcn/spmm_stage.cpp:43 VARIABLE icmp_ln43 LOOP SPMM_ROW BUNDLEDNAME {} DSP 0 BRAM 0 URAM 0 STORAGESUBTYPE {} DISPNAME {bind_op seteq} VISIBLE false} {BINDTYPE op ID {} IMPL fabric LATENCY 0 OPTYPE add PRAGMA {} RTLNAME i_8_fu_592_p2 SOURCE src/integrated-gcn/spmm_stage.cpp:43 VARIABLE i_8 LOOP SPMM_ROW BUNDLEDNAME {} DSP 0 BRAM 0 URAM 0 STORAGESUBTYPE {} DISPNAME {bind_op add} VISIBLE true} {BINDTYPE op ID {} IMPL auto LATENCY 0 OPTYPE setlt PRAGMA {} RTLNAME icmp_ln55_fu_618_p2 SOURCE src/integrated-gcn/spmm_stage.cpp:55 VARIABLE icmp_ln55 LOOP SPMM_NNZ BUNDLEDNAME {} DSP 0 BRAM 0 URAM 0 STORAGESUBTYPE {} DISPNAME {bind_op setlt} VISIBLE false} {BINDTYPE op ID {} IMPL fabric LATENCY 0 OPTYPE add PRAGMA {} RTLNAME add_ln55_fu_623_p2 SOURCE src/integrated-gcn/spmm_stage.cpp:55 VARIABLE add_ln55 LOOP SPMM_NNZ BUNDLEDNAME {} DSP 0 BRAM 0 URAM 0 STORAGESUBTYPE {} DISPNAME {bind_op add} VISIBLE true} {BINDTYPE op ID {} IMPL fabric LATENCY 0 OPTYPE add PRAGMA {} RTLNAME add_ln62_fu_645_p2 SOURCE src/integrated-gcn/spmm_stage.cpp:62 VARIABLE add_ln62 LOOP SPMM_NNZ BUNDLEDNAME {} DSP 0 BRAM 0 URAM 0 STORAGESUBTYPE {} DISPNAME {bind_op add} VISIBLE true}} AREA {DSP 64 BRAM 0 URAM 0}} spmm_store {BINDINFO {{BINDTYPE op ID {} IMPL auto_sel LATENCY 0 OPTYPE select PRAGMA {} RTLNAME select_ln91_fu_486_p3 SOURCE src/integrated-gcn/spmm_stage.cpp:91 VARIABLE select_ln91 LOOP SPMM_STORE_ROW_SPMM_STORE_FEAT BUNDLEDNAME {} DSP 0 BRAM 0 URAM 0 STORAGESUBTYPE {} DISPNAME {bind_op select} VISIBLE false} {BINDTYPE op ID {} IMPL auto_sel LATENCY 0 OPTYPE select PRAGMA {} RTLNAME i_4_fu_494_p3 SOURCE src/integrated-gcn/spmm_stage.cpp:94 VARIABLE i_4 LOOP SPMM_STORE_ROW_SPMM_STORE_FEAT BUNDLEDNAME {} DSP 0 BRAM 0 URAM 0 STORAGESUBTYPE {} DISPNAME {bind_op select} VISIBLE false} {BINDTYPE op ID {} IMPL auto_pipe LATENCY 0 OPTYPE shl PRAGMA {} RTLNAME shl_ln100_fu_612_p2 SOURCE src/integrated-gcn/spmm_stage.cpp:100 VARIABLE shl_ln100 LOOP SPMM_STORE_ROW_SPMM_STORE_FEAT BUNDLEDNAME {} DSP 0 BRAM 0 URAM 0 STORAGESUBTYPE {} DISPNAME {bind_op shl} VISIBLE false} {BINDTYPE op ID {} IMPL auto_pipe LATENCY 0 OPTYPE shl PRAGMA {} RTLNAME shl_ln100_1_fu_622_p2 SOURCE src/integrated-gcn/spmm_stage.cpp:100 VARIABLE shl_ln100_1 LOOP SPMM_STORE_ROW_SPMM_STORE_FEAT BUNDLEDNAME {} DSP 0 BRAM 0 URAM 0 STORAGESUBTYPE {} DISPNAME {bind_op shl} VISIBLE false} {BINDTYPE op ID {} IMPL auto LATENCY 0 OPTYPE xor PRAGMA {} RTLNAME xor_ln100_fu_752_p2 SOURCE src/integrated-gcn/spmm_stage.cpp:100 VARIABLE xor_ln100 LOOP SPMM_STORE_ROW_SPMM_STORE_FEAT BUNDLEDNAME {} DSP 0 BRAM 0 URAM 0 STORAGESUBTYPE {} DISPNAME {bind_op xor} VISIBLE false} {BINDTYPE op ID {} IMPL auto LATENCY 0 OPTYPE xor PRAGMA {} RTLNAME xor_ln100_1_fu_758_p2 SOURCE src/integrated-gcn/spmm_stage.cpp:100 VARIABLE xor_ln100_1 LOOP SPMM_STORE_ROW_SPMM_STORE_FEAT BUNDLEDNAME {} DSP 0 BRAM 0 URAM 0 STORAGESUBTYPE {} DISPNAME {bind_op xor} VISIBLE false} {BINDTYPE op ID {} IMPL auto LATENCY 0 OPTYPE xor PRAGMA {} RTLNAME xor_ln100_2_fu_768_p2 SOURCE src/integrated-gcn/spmm_stage.cpp:100 VARIABLE xor_ln100_2 LOOP SPMM_STORE_ROW_SPMM_STORE_FEAT BUNDLEDNAME {} DSP 0 BRAM 0 URAM 0 STORAGESUBTYPE {} DISPNAME {bind_op xor} VISIBLE false} {BINDTYPE op ID {} IMPL auto LATENCY 0 OPTYPE xor PRAGMA {} RTLNAME xor_ln100_3_fu_778_p2 SOURCE src/integrated-gcn/spmm_stage.cpp:100 VARIABLE xor_ln100_3 LOOP SPMM_STORE_ROW_SPMM_STORE_FEAT BUNDLEDNAME {} DSP 0 BRAM 0 URAM 0 STORAGESUBTYPE {} DISPNAME {bind_op xor} VISIBLE false} {BINDTYPE op ID {} IMPL auto LATENCY 0 OPTYPE xor PRAGMA {} RTLNAME xor_ln100_4_fu_788_p2 SOURCE src/integrated-gcn/spmm_stage.cpp:100 VARIABLE xor_ln100_4 LOOP SPMM_STORE_ROW_SPMM_STORE_FEAT BUNDLEDNAME {} DSP 0 BRAM 0 URAM 0 STORAGESUBTYPE {} DISPNAME {bind_op xor} VISIBLE false} {BINDTYPE op ID {} IMPL auto LATENCY 0 OPTYPE xor PRAGMA {} RTLNAME xor_ln100_5_fu_798_p2 SOURCE src/integrated-gcn/spmm_stage.cpp:100 VARIABLE xor_ln100_5 LOOP SPMM_STORE_ROW_SPMM_STORE_FEAT BUNDLEDNAME {} DSP 0 BRAM 0 URAM 0 STORAGESUBTYPE {} DISPNAME {bind_op xor} VISIBLE false} {BINDTYPE op ID {} IMPL auto LATENCY 0 OPTYPE xor PRAGMA {} RTLNAME xor_ln100_6_fu_808_p2 SOURCE src/integrated-gcn/spmm_stage.cpp:100 VARIABLE xor_ln100_6 LOOP SPMM_STORE_ROW_SPMM_STORE_FEAT BUNDLEDNAME {} DSP 0 BRAM 0 URAM 0 STORAGESUBTYPE {} DISPNAME {bind_op xor} VISIBLE false} {BINDTYPE op ID {} IMPL auto LATENCY 0 OPTYPE xor PRAGMA {} RTLNAME xor_ln100_7_fu_818_p2 SOURCE src/integrated-gcn/spmm_stage.cpp:100 VARIABLE xor_ln100_7 LOOP SPMM_STORE_ROW_SPMM_STORE_FEAT BUNDLEDNAME {} DSP 0 BRAM 0 URAM 0 STORAGESUBTYPE {} DISPNAME {bind_op xor} VISIBLE false} {BINDTYPE op ID {} IMPL auto LATENCY 0 OPTYPE xor PRAGMA {} RTLNAME xor_ln100_8_fu_828_p2 SOURCE src/integrated-gcn/spmm_stage.cpp:100 VARIABLE xor_ln100_8 LOOP SPMM_STORE_ROW_SPMM_STORE_FEAT BUNDLEDNAME {} DSP 0 BRAM 0 URAM 0 STORAGESUBTYPE {} DISPNAME {bind_op xor} VISIBLE false} {BINDTYPE op ID {} IMPL auto LATENCY 0 OPTYPE xor PRAGMA {} RTLNAME xor_ln100_9_fu_838_p2 SOURCE src/integrated-gcn/spmm_stage.cpp:100 VARIABLE xor_ln100_9 LOOP SPMM_STORE_ROW_SPMM_STORE_FEAT BUNDLEDNAME {} DSP 0 BRAM 0 URAM 0 STORAGESUBTYPE {} DISPNAME {bind_op xor} VISIBLE false} {BINDTYPE op ID {} IMPL auto LATENCY 0 OPTYPE xor PRAGMA {} RTLNAME xor_ln100_10_fu_848_p2 SOURCE src/integrated-gcn/spmm_stage.cpp:100 VARIABLE xor_ln100_10 LOOP SPMM_STORE_ROW_SPMM_STORE_FEAT BUNDLEDNAME {} DSP 0 BRAM 0 URAM 0 STORAGESUBTYPE {} DISPNAME {bind_op xor} VISIBLE false} {BINDTYPE op ID {} IMPL auto LATENCY 0 OPTYPE xor PRAGMA {} RTLNAME xor_ln100_11_fu_858_p2 SOURCE src/integrated-gcn/spmm_stage.cpp:100 VARIABLE xor_ln100_11 LOOP SPMM_STORE_ROW_SPMM_STORE_FEAT BUNDLEDNAME {} DSP 0 BRAM 0 URAM 0 STORAGESUBTYPE {} DISPNAME {bind_op xor} VISIBLE false} {BINDTYPE op ID {} IMPL auto LATENCY 0 OPTYPE xor PRAGMA {} RTLNAME xor_ln100_12_fu_868_p2 SOURCE src/integrated-gcn/spmm_stage.cpp:100 VARIABLE xor_ln100_12 LOOP SPMM_STORE_ROW_SPMM_STORE_FEAT BUNDLEDNAME {} DSP 0 BRAM 0 URAM 0 STORAGESUBTYPE {} DISPNAME {bind_op xor} VISIBLE false} {BINDTYPE op ID {} IMPL auto LATENCY 0 OPTYPE xor PRAGMA {} RTLNAME xor_ln100_13_fu_878_p2 SOURCE src/integrated-gcn/spmm_stage.cpp:100 VARIABLE xor_ln100_13 LOOP SPMM_STORE_ROW_SPMM_STORE_FEAT BUNDLEDNAME {} DSP 0 BRAM 0 URAM 0 STORAGESUBTYPE {} DISPNAME {bind_op xor} VISIBLE false} {BINDTYPE op ID {} IMPL auto LATENCY 0 OPTYPE xor PRAGMA {} RTLNAME xor_ln100_14_fu_888_p2 SOURCE src/integrated-gcn/spmm_stage.cpp:100 VARIABLE xor_ln100_14 LOOP SPMM_STORE_ROW_SPMM_STORE_FEAT BUNDLEDNAME {} DSP 0 BRAM 0 URAM 0 STORAGESUBTYPE {} DISPNAME {bind_op xor} VISIBLE false} {BINDTYPE op ID {} IMPL auto LATENCY 0 OPTYPE xor PRAGMA {} RTLNAME xor_ln100_15_fu_898_p2 SOURCE src/integrated-gcn/spmm_stage.cpp:100 VARIABLE xor_ln100_15 LOOP SPMM_STORE_ROW_SPMM_STORE_FEAT BUNDLEDNAME {} DSP 0 BRAM 0 URAM 0 STORAGESUBTYPE {} DISPNAME {bind_op xor} VISIBLE false} {BINDTYPE op ID {} IMPL auto LATENCY 0 OPTYPE xor PRAGMA {} RTLNAME xor_ln100_16_fu_908_p2 SOURCE src/integrated-gcn/spmm_stage.cpp:100 VARIABLE xor_ln100_16 LOOP SPMM_STORE_ROW_SPMM_STORE_FEAT BUNDLEDNAME {} DSP 0 BRAM 0 URAM 0 STORAGESUBTYPE {} DISPNAME {bind_op xor} VISIBLE false} {BINDTYPE op ID {} IMPL auto LATENCY 0 OPTYPE xor PRAGMA {} RTLNAME xor_ln100_17_fu_918_p2 SOURCE src/integrated-gcn/spmm_stage.cpp:100 VARIABLE xor_ln100_17 LOOP SPMM_STORE_ROW_SPMM_STORE_FEAT BUNDLEDNAME {} DSP 0 BRAM 0 URAM 0 STORAGESUBTYPE {} DISPNAME {bind_op xor} VISIBLE false} {BINDTYPE op ID {} IMPL auto LATENCY 0 OPTYPE xor PRAGMA {} RTLNAME xor_ln100_18_fu_928_p2 SOURCE src/integrated-gcn/spmm_stage.cpp:100 VARIABLE xor_ln100_18 LOOP SPMM_STORE_ROW_SPMM_STORE_FEAT BUNDLEDNAME {} DSP 0 BRAM 0 URAM 0 STORAGESUBTYPE {} DISPNAME {bind_op xor} VISIBLE false} {BINDTYPE op ID {} IMPL auto LATENCY 0 OPTYPE xor PRAGMA {} RTLNAME xor_ln100_19_fu_938_p2 SOURCE src/integrated-gcn/spmm_stage.cpp:100 VARIABLE xor_ln100_19 LOOP SPMM_STORE_ROW_SPMM_STORE_FEAT BUNDLEDNAME {} DSP 0 BRAM 0 URAM 0 STORAGESUBTYPE {} DISPNAME {bind_op xor} VISIBLE false} {BINDTYPE op ID {} IMPL auto LATENCY 0 OPTYPE xor PRAGMA {} RTLNAME xor_ln100_20_fu_948_p2 SOURCE src/integrated-gcn/spmm_stage.cpp:100 VARIABLE xor_ln100_20 LOOP SPMM_STORE_ROW_SPMM_STORE_FEAT BUNDLEDNAME {} DSP 0 BRAM 0 URAM 0 STORAGESUBTYPE {} DISPNAME {bind_op xor} VISIBLE false} {BINDTYPE op ID {} IMPL auto LATENCY 0 OPTYPE xor PRAGMA {} RTLNAME xor_ln100_21_fu_958_p2 SOURCE src/integrated-gcn/spmm_stage.cpp:100 VARIABLE xor_ln100_21 LOOP SPMM_STORE_ROW_SPMM_STORE_FEAT BUNDLEDNAME {} DSP 0 BRAM 0 URAM 0 STORAGESUBTYPE {} DISPNAME {bind_op xor} VISIBLE false} {BINDTYPE op ID {} IMPL auto LATENCY 0 OPTYPE xor PRAGMA {} RTLNAME xor_ln100_22_fu_968_p2 SOURCE src/integrated-gcn/spmm_stage.cpp:100 VARIABLE xor_ln100_22 LOOP SPMM_STORE_ROW_SPMM_STORE_FEAT BUNDLEDNAME {} DSP 0 BRAM 0 URAM 0 STORAGESUBTYPE {} DISPNAME {bind_op xor} VISIBLE false} {BINDTYPE op ID {} IMPL auto LATENCY 0 OPTYPE xor PRAGMA {} RTLNAME xor_ln100_23_fu_978_p2 SOURCE src/integrated-gcn/spmm_stage.cpp:100 VARIABLE xor_ln100_23 LOOP SPMM_STORE_ROW_SPMM_STORE_FEAT BUNDLEDNAME {} DSP 0 BRAM 0 URAM 0 STORAGESUBTYPE {} DISPNAME {bind_op xor} VISIBLE false} {BINDTYPE op ID {} IMPL auto LATENCY 0 OPTYPE xor PRAGMA {} RTLNAME xor_ln100_24_fu_988_p2 SOURCE src/integrated-gcn/spmm_stage.cpp:100 VARIABLE xor_ln100_24 LOOP SPMM_STORE_ROW_SPMM_STORE_FEAT BUNDLEDNAME {} DSP 0 BRAM 0 URAM 0 STORAGESUBTYPE {} DISPNAME {bind_op xor} VISIBLE false} {BINDTYPE op ID {} IMPL auto LATENCY 0 OPTYPE xor PRAGMA {} RTLNAME xor_ln100_25_fu_998_p2 SOURCE src/integrated-gcn/spmm_stage.cpp:100 VARIABLE xor_ln100_25 LOOP SPMM_STORE_ROW_SPMM_STORE_FEAT BUNDLEDNAME {} DSP 0 BRAM 0 URAM 0 STORAGESUBTYPE {} DISPNAME {bind_op xor} VISIBLE false} {BINDTYPE op ID {} IMPL auto LATENCY 0 OPTYPE xor PRAGMA {} RTLNAME xor_ln100_26_fu_1008_p2 SOURCE src/integrated-gcn/spmm_stage.cpp:100 VARIABLE xor_ln100_26 LOOP SPMM_STORE_ROW_SPMM_STORE_FEAT BUNDLEDNAME {} DSP 0 BRAM 0 URAM 0 STORAGESUBTYPE {} DISPNAME {bind_op xor} VISIBLE false} {BINDTYPE op ID {} IMPL auto LATENCY 0 OPTYPE xor PRAGMA {} RTLNAME xor_ln100_27_fu_1018_p2 SOURCE src/integrated-gcn/spmm_stage.cpp:100 VARIABLE xor_ln100_27 LOOP SPMM_STORE_ROW_SPMM_STORE_FEAT BUNDLEDNAME {} DSP 0 BRAM 0 URAM 0 STORAGESUBTYPE {} DISPNAME {bind_op xor} VISIBLE false} {BINDTYPE op ID {} IMPL auto LATENCY 0 OPTYPE xor PRAGMA {} RTLNAME xor_ln100_28_fu_1028_p2 SOURCE src/integrated-gcn/spmm_stage.cpp:100 VARIABLE xor_ln100_28 LOOP SPMM_STORE_ROW_SPMM_STORE_FEAT BUNDLEDNAME {} DSP 0 BRAM 0 URAM 0 STORAGESUBTYPE {} DISPNAME {bind_op xor} VISIBLE false} {BINDTYPE op ID {} IMPL auto LATENCY 0 OPTYPE xor PRAGMA {} RTLNAME xor_ln100_29_fu_1038_p2 SOURCE src/integrated-gcn/spmm_stage.cpp:100 VARIABLE xor_ln100_29 LOOP SPMM_STORE_ROW_SPMM_STORE_FEAT BUNDLEDNAME {} DSP 0 BRAM 0 URAM 0 STORAGESUBTYPE {} DISPNAME {bind_op xor} VISIBLE false} {BINDTYPE op ID {} IMPL auto LATENCY 0 OPTYPE xor PRAGMA {} RTLNAME xor_ln100_30_fu_1048_p2 SOURCE src/integrated-gcn/spmm_stage.cpp:100 VARIABLE xor_ln100_30 LOOP SPMM_STORE_ROW_SPMM_STORE_FEAT BUNDLEDNAME {} DSP 0 BRAM 0 URAM 0 STORAGESUBTYPE {} DISPNAME {bind_op xor} VISIBLE false} {BINDTYPE op ID {} IMPL auto LATENCY 0 OPTYPE xor PRAGMA {} RTLNAME xor_ln100_31_fu_1058_p2 SOURCE src/integrated-gcn/spmm_stage.cpp:100 VARIABLE xor_ln100_31 LOOP SPMM_STORE_ROW_SPMM_STORE_FEAT BUNDLEDNAME {} DSP 0 BRAM 0 URAM 0 STORAGESUBTYPE {} DISPNAME {bind_op xor} VISIBLE false} {BINDTYPE op ID {} IMPL auto LATENCY 0 OPTYPE and PRAGMA {} RTLNAME and_ln100_fu_1068_p2 SOURCE src/integrated-gcn/spmm_stage.cpp:100 VARIABLE and_ln100 LOOP SPMM_STORE_ROW_SPMM_STORE_FEAT BUNDLEDNAME {} DSP 0 BRAM 0 URAM 0 STORAGESUBTYPE {} DISPNAME {bind_op and} VISIBLE false} {BINDTYPE op ID {} IMPL auto LATENCY 0 OPTYPE and PRAGMA {} RTLNAME and_ln100_1_fu_1074_p2 SOURCE src/integrated-gcn/spmm_stage.cpp:100 VARIABLE and_ln100_1 LOOP SPMM_STORE_ROW_SPMM_STORE_FEAT BUNDLEDNAME {} DSP 0 BRAM 0 URAM 0 STORAGESUBTYPE {} DISPNAME {bind_op and} VISIBLE false} {BINDTYPE op ID {} IMPL auto LATENCY 0 OPTYPE and PRAGMA {} RTLNAME and_ln100_2_fu_1084_p2 SOURCE src/integrated-gcn/spmm_stage.cpp:100 VARIABLE and_ln100_2 LOOP SPMM_STORE_ROW_SPMM_STORE_FEAT BUNDLEDNAME {} DSP 0 BRAM 0 URAM 0 STORAGESUBTYPE {} DISPNAME {bind_op and} VISIBLE false} {BINDTYPE op ID {} IMPL auto LATENCY 0 OPTYPE and PRAGMA {} RTLNAME and_ln100_3_fu_1094_p2 SOURCE src/integrated-gcn/spmm_stage.cpp:100 VARIABLE and_ln100_3 LOOP SPMM_STORE_ROW_SPMM_STORE_FEAT BUNDLEDNAME {} DSP 0 BRAM 0 URAM 0 STORAGESUBTYPE {} DISPNAME {bind_op and} VISIBLE false} {BINDTYPE op ID {} IMPL auto LATENCY 0 OPTYPE and PRAGMA {} RTLNAME and_ln100_4_fu_1104_p2 SOURCE src/integrated-gcn/spmm_stage.cpp:100 VARIABLE and_ln100_4 LOOP SPMM_STORE_ROW_SPMM_STORE_FEAT BUNDLEDNAME {} DSP 0 BRAM 0 URAM 0 STORAGESUBTYPE {} DISPNAME {bind_op and} VISIBLE false} {BINDTYPE op ID {} IMPL auto LATENCY 0 OPTYPE and PRAGMA {} RTLNAME and_ln100_5_fu_1114_p2 SOURCE src/integrated-gcn/spmm_stage.cpp:100 VARIABLE and_ln100_5 LOOP SPMM_STORE_ROW_SPMM_STORE_FEAT BUNDLEDNAME {} DSP 0 BRAM 0 URAM 0 STORAGESUBTYPE {} DISPNAME {bind_op and} VISIBLE false} {BINDTYPE op ID {} IMPL auto LATENCY 0 OPTYPE and PRAGMA {} RTLNAME and_ln100_6_fu_1124_p2 SOURCE src/integrated-gcn/spmm_stage.cpp:100 VARIABLE and_ln100_6 LOOP SPMM_STORE_ROW_SPMM_STORE_FEAT BUNDLEDNAME {} DSP 0 BRAM 0 URAM 0 STORAGESUBTYPE {} DISPNAME {bind_op and} VISIBLE false} {BINDTYPE op ID {} IMPL auto LATENCY 0 OPTYPE and PRAGMA {} RTLNAME and_ln100_7_fu_1134_p2 SOURCE src/integrated-gcn/spmm_stage.cpp:100 VARIABLE and_ln100_7 LOOP SPMM_STORE_ROW_SPMM_STORE_FEAT BUNDLEDNAME {} DSP 0 BRAM 0 URAM 0 STORAGESUBTYPE {} DISPNAME {bind_op and} VISIBLE false} {BINDTYPE op ID {} IMPL auto LATENCY 0 OPTYPE and PRAGMA {} RTLNAME and_ln100_8_fu_1144_p2 SOURCE src/integrated-gcn/spmm_stage.cpp:100 VARIABLE and_ln100_8 LOOP SPMM_STORE_ROW_SPMM_STORE_FEAT BUNDLEDNAME {} DSP 0 BRAM 0 URAM 0 STORAGESUBTYPE {} DISPNAME {bind_op and} VISIBLE false} {BINDTYPE op ID {} IMPL auto LATENCY 0 OPTYPE and PRAGMA {} RTLNAME and_ln100_9_fu_1154_p2 SOURCE src/integrated-gcn/spmm_stage.cpp:100 VARIABLE and_ln100_9 LOOP SPMM_STORE_ROW_SPMM_STORE_FEAT BUNDLEDNAME {} DSP 0 BRAM 0 URAM 0 STORAGESUBTYPE {} DISPNAME {bind_op and} VISIBLE false} {BINDTYPE op ID {} IMPL auto LATENCY 0 OPTYPE and PRAGMA {} RTLNAME and_ln100_10_fu_1164_p2 SOURCE src/integrated-gcn/spmm_stage.cpp:100 VARIABLE and_ln100_10 LOOP SPMM_STORE_ROW_SPMM_STORE_FEAT BUNDLEDNAME {} DSP 0 BRAM 0 URAM 0 STORAGESUBTYPE {} DISPNAME {bind_op and} VISIBLE false} {BINDTYPE op ID {} IMPL auto LATENCY 0 OPTYPE and PRAGMA {} RTLNAME and_ln100_11_fu_1174_p2 SOURCE src/integrated-gcn/spmm_stage.cpp:100 VARIABLE and_ln100_11 LOOP SPMM_STORE_ROW_SPMM_STORE_FEAT BUNDLEDNAME {} DSP 0 BRAM 0 URAM 0 STORAGESUBTYPE {} DISPNAME {bind_op and} VISIBLE false} {BINDTYPE op ID {} IMPL auto LATENCY 0 OPTYPE and PRAGMA {} RTLNAME and_ln100_12_fu_1184_p2 SOURCE src/integrated-gcn/spmm_stage.cpp:100 VARIABLE and_ln100_12 LOOP SPMM_STORE_ROW_SPMM_STORE_FEAT BUNDLEDNAME {} DSP 0 BRAM 0 URAM 0 STORAGESUBTYPE {} DISPNAME {bind_op and} VISIBLE false} {BINDTYPE op ID {} IMPL auto LATENCY 0 OPTYPE and PRAGMA {} RTLNAME and_ln100_13_fu_1194_p2 SOURCE src/integrated-gcn/spmm_stage.cpp:100 VARIABLE and_ln100_13 LOOP SPMM_STORE_ROW_SPMM_STORE_FEAT BUNDLEDNAME {} DSP 0 BRAM 0 URAM 0 STORAGESUBTYPE {} DISPNAME {bind_op and} VISIBLE false} {BINDTYPE op ID {} IMPL auto LATENCY 0 OPTYPE and PRAGMA {} RTLNAME and_ln100_14_fu_1204_p2 SOURCE src/integrated-gcn/spmm_stage.cpp:100 VARIABLE and_ln100_14 LOOP SPMM_STORE_ROW_SPMM_STORE_FEAT BUNDLEDNAME {} DSP 0 BRAM 0 URAM 0 STORAGESUBTYPE {} DISPNAME {bind_op and} VISIBLE false} {BINDTYPE op ID {} IMPL auto LATENCY 0 OPTYPE and PRAGMA {} RTLNAME and_ln100_15_fu_1214_p2 SOURCE src/integrated-gcn/spmm_stage.cpp:100 VARIABLE and_ln100_15 LOOP SPMM_STORE_ROW_SPMM_STORE_FEAT BUNDLEDNAME {} DSP 0 BRAM 0 URAM 0 STORAGESUBTYPE {} DISPNAME {bind_op and} VISIBLE false} {BINDTYPE op ID {} IMPL auto LATENCY 0 OPTYPE and PRAGMA {} RTLNAME and_ln100_16_fu_1224_p2 SOURCE src/integrated-gcn/spmm_stage.cpp:100 VARIABLE and_ln100_16 LOOP SPMM_STORE_ROW_SPMM_STORE_FEAT BUNDLEDNAME {} DSP 0 BRAM 0 URAM 0 STORAGESUBTYPE {} DISPNAME {bind_op and} VISIBLE false} {BINDTYPE op ID {} IMPL auto LATENCY 0 OPTYPE and PRAGMA {} RTLNAME and_ln100_17_fu_1234_p2 SOURCE src/integrated-gcn/spmm_stage.cpp:100 VARIABLE and_ln100_17 LOOP SPMM_STORE_ROW_SPMM_STORE_FEAT BUNDLEDNAME {} DSP 0 BRAM 0 URAM 0 STORAGESUBTYPE {} DISPNAME {bind_op and} VISIBLE false} {BINDTYPE op ID {} IMPL auto LATENCY 0 OPTYPE and PRAGMA {} RTLNAME and_ln100_18_fu_1244_p2 SOURCE src/integrated-gcn/spmm_stage.cpp:100 VARIABLE and_ln100_18 LOOP SPMM_STORE_ROW_SPMM_STORE_FEAT BUNDLEDNAME {} DSP 0 BRAM 0 URAM 0 STORAGESUBTYPE {} DISPNAME {bind_op and} VISIBLE false} {BINDTYPE op ID {} IMPL auto LATENCY 0 OPTYPE and PRAGMA {} RTLNAME and_ln100_19_fu_1254_p2 SOURCE src/integrated-gcn/spmm_stage.cpp:100 VARIABLE and_ln100_19 LOOP SPMM_STORE_ROW_SPMM_STORE_FEAT BUNDLEDNAME {} DSP 0 BRAM 0 URAM 0 STORAGESUBTYPE {} DISPNAME {bind_op and} VISIBLE false} {BINDTYPE op ID {} IMPL auto LATENCY 0 OPTYPE and PRAGMA {} RTLNAME and_ln100_20_fu_1264_p2 SOURCE src/integrated-gcn/spmm_stage.cpp:100 VARIABLE and_ln100_20 LOOP SPMM_STORE_ROW_SPMM_STORE_FEAT BUNDLEDNAME {} DSP 0 BRAM 0 URAM 0 STORAGESUBTYPE {} DISPNAME {bind_op and} VISIBLE false} {BINDTYPE op ID {} IMPL auto LATENCY 0 OPTYPE and PRAGMA {} RTLNAME and_ln100_21_fu_1274_p2 SOURCE src/integrated-gcn/spmm_stage.cpp:100 VARIABLE and_ln100_21 LOOP SPMM_STORE_ROW_SPMM_STORE_FEAT BUNDLEDNAME {} DSP 0 BRAM 0 URAM 0 STORAGESUBTYPE {} DISPNAME {bind_op and} VISIBLE false} {BINDTYPE op ID {} IMPL auto LATENCY 0 OPTYPE and PRAGMA {} RTLNAME and_ln100_22_fu_1284_p2 SOURCE src/integrated-gcn/spmm_stage.cpp:100 VARIABLE and_ln100_22 LOOP SPMM_STORE_ROW_SPMM_STORE_FEAT BUNDLEDNAME {} DSP 0 BRAM 0 URAM 0 STORAGESUBTYPE {} DISPNAME {bind_op and} VISIBLE false} {BINDTYPE op ID {} IMPL auto LATENCY 0 OPTYPE and PRAGMA {} RTLNAME and_ln100_23_fu_1294_p2 SOURCE src/integrated-gcn/spmm_stage.cpp:100 VARIABLE and_ln100_23 LOOP SPMM_STORE_ROW_SPMM_STORE_FEAT BUNDLEDNAME {} DSP 0 BRAM 0 URAM 0 STORAGESUBTYPE {} DISPNAME {bind_op and} VISIBLE false} {BINDTYPE op ID {} IMPL auto LATENCY 0 OPTYPE and PRAGMA {} RTLNAME and_ln100_24_fu_1304_p2 SOURCE src/integrated-gcn/spmm_stage.cpp:100 VARIABLE and_ln100_24 LOOP SPMM_STORE_ROW_SPMM_STORE_FEAT BUNDLEDNAME {} DSP 0 BRAM 0 URAM 0 STORAGESUBTYPE {} DISPNAME {bind_op and} VISIBLE false} {BINDTYPE op ID {} IMPL auto LATENCY 0 OPTYPE and PRAGMA {} RTLNAME and_ln100_25_fu_1314_p2 SOURCE src/integrated-gcn/spmm_stage.cpp:100 VARIABLE and_ln100_25 LOOP SPMM_STORE_ROW_SPMM_STORE_FEAT BUNDLEDNAME {} DSP 0 BRAM 0 URAM 0 STORAGESUBTYPE {} DISPNAME {bind_op and} VISIBLE false} {BINDTYPE op ID {} IMPL auto LATENCY 0 OPTYPE and PRAGMA {} RTLNAME and_ln100_26_fu_1324_p2 SOURCE src/integrated-gcn/spmm_stage.cpp:100 VARIABLE and_ln100_26 LOOP SPMM_STORE_ROW_SPMM_STORE_FEAT BUNDLEDNAME {} DSP 0 BRAM 0 URAM 0 STORAGESUBTYPE {} DISPNAME {bind_op and} VISIBLE false} {BINDTYPE op ID {} IMPL auto LATENCY 0 OPTYPE and PRAGMA {} RTLNAME and_ln100_27_fu_1334_p2 SOURCE src/integrated-gcn/spmm_stage.cpp:100 VARIABLE and_ln100_27 LOOP SPMM_STORE_ROW_SPMM_STORE_FEAT BUNDLEDNAME {} DSP 0 BRAM 0 URAM 0 STORAGESUBTYPE {} DISPNAME {bind_op and} VISIBLE false} {BINDTYPE op ID {} IMPL auto LATENCY 0 OPTYPE and PRAGMA {} RTLNAME and_ln100_28_fu_1344_p2 SOURCE src/integrated-gcn/spmm_stage.cpp:100 VARIABLE and_ln100_28 LOOP SPMM_STORE_ROW_SPMM_STORE_FEAT BUNDLEDNAME {} DSP 0 BRAM 0 URAM 0 STORAGESUBTYPE {} DISPNAME {bind_op and} VISIBLE false} {BINDTYPE op ID {} IMPL auto LATENCY 0 OPTYPE and PRAGMA {} RTLNAME and_ln100_29_fu_1354_p2 SOURCE src/integrated-gcn/spmm_stage.cpp:100 VARIABLE and_ln100_29 LOOP SPMM_STORE_ROW_SPMM_STORE_FEAT BUNDLEDNAME {} DSP 0 BRAM 0 URAM 0 STORAGESUBTYPE {} DISPNAME {bind_op and} VISIBLE false} {BINDTYPE op ID {} IMPL auto LATENCY 0 OPTYPE and PRAGMA {} RTLNAME and_ln100_30_fu_1364_p2 SOURCE src/integrated-gcn/spmm_stage.cpp:100 VARIABLE and_ln100_30 LOOP SPMM_STORE_ROW_SPMM_STORE_FEAT BUNDLEDNAME {} DSP 0 BRAM 0 URAM 0 STORAGESUBTYPE {} DISPNAME {bind_op and} VISIBLE false} {BINDTYPE op ID {} IMPL auto LATENCY 0 OPTYPE and PRAGMA {} RTLNAME and_ln100_31_fu_1374_p2 SOURCE src/integrated-gcn/spmm_stage.cpp:100 VARIABLE and_ln100_31 LOOP SPMM_STORE_ROW_SPMM_STORE_FEAT BUNDLEDNAME {} DSP 0 BRAM 0 URAM 0 STORAGESUBTYPE {} DISPNAME {bind_op and} VISIBLE false} {BINDTYPE op ID {} IMPL auto LATENCY 0 OPTYPE or PRAGMA {} RTLNAME out_vec_2_fu_1384_p2 SOURCE src/integrated-gcn/spmm_stage.cpp:100 VARIABLE out_vec_2 LOOP SPMM_STORE_ROW_SPMM_STORE_FEAT BUNDLEDNAME {} DSP 0 BRAM 0 URAM 0 STORAGESUBTYPE {} DISPNAME {bind_op or} VISIBLE false} {BINDTYPE op ID {} IMPL auto LATENCY 0 OPTYPE or PRAGMA {} RTLNAME or_ln91_fu_1390_p2 SOURCE src/integrated-gcn/spmm_stage.cpp:91 VARIABLE or_ln91 LOOP SPMM_STORE_ROW_SPMM_STORE_FEAT BUNDLEDNAME {} DSP 0 BRAM 0 URAM 0 STORAGESUBTYPE {} DISPNAME {bind_op or} VISIBLE false} {BINDTYPE op ID {} IMPL auto LATENCY 0 OPTYPE or PRAGMA {} RTLNAME or_ln91_1_fu_1396_p2 SOURCE src/integrated-gcn/spmm_stage.cpp:91 VARIABLE or_ln91_1 LOOP SPMM_STORE_ROW_SPMM_STORE_FEAT BUNDLEDNAME {} DSP 0 BRAM 0 URAM 0 STORAGESUBTYPE {} DISPNAME {bind_op or} VISIBLE false} {BINDTYPE op ID {} IMPL auto LATENCY 0 OPTYPE or PRAGMA {} RTLNAME or_ln91_2_fu_1402_p2 SOURCE src/integrated-gcn/spmm_stage.cpp:91 VARIABLE or_ln91_2 LOOP SPMM_STORE_ROW_SPMM_STORE_FEAT BUNDLEDNAME {} DSP 0 BRAM 0 URAM 0 STORAGESUBTYPE {} DISPNAME {bind_op or} VISIBLE false} {BINDTYPE op ID {} IMPL auto LATENCY 0 OPTYPE or PRAGMA {} RTLNAME or_ln91_3_fu_1408_p2 SOURCE src/integrated-gcn/spmm_stage.cpp:91 VARIABLE or_ln91_3 LOOP SPMM_STORE_ROW_SPMM_STORE_FEAT BUNDLEDNAME {} DSP 0 BRAM 0 URAM 0 STORAGESUBTYPE {} DISPNAME {bind_op or} VISIBLE false} {BINDTYPE op ID {} IMPL auto LATENCY 0 OPTYPE or PRAGMA {} RTLNAME or_ln91_4_fu_1414_p2 SOURCE src/integrated-gcn/spmm_stage.cpp:91 VARIABLE or_ln91_4 LOOP SPMM_STORE_ROW_SPMM_STORE_FEAT BUNDLEDNAME {} DSP 0 BRAM 0 URAM 0 STORAGESUBTYPE {} DISPNAME {bind_op or} VISIBLE false} {BINDTYPE op ID {} IMPL auto LATENCY 0 OPTYPE or PRAGMA {} RTLNAME or_ln91_5_fu_1420_p2 SOURCE src/integrated-gcn/spmm_stage.cpp:91 VARIABLE or_ln91_5 LOOP SPMM_STORE_ROW_SPMM_STORE_FEAT BUNDLEDNAME {} DSP 0 BRAM 0 URAM 0 STORAGESUBTYPE {} DISPNAME {bind_op or} VISIBLE false} {BINDTYPE op ID {} IMPL auto LATENCY 0 OPTYPE or PRAGMA {} RTLNAME or_ln91_6_fu_1426_p2 SOURCE src/integrated-gcn/spmm_stage.cpp:91 VARIABLE or_ln91_6 LOOP SPMM_STORE_ROW_SPMM_STORE_FEAT BUNDLEDNAME {} DSP 0 BRAM 0 URAM 0 STORAGESUBTYPE {} DISPNAME {bind_op or} VISIBLE false} {BINDTYPE op ID {} IMPL auto LATENCY 0 OPTYPE or PRAGMA {} RTLNAME or_ln91_7_fu_1432_p2 SOURCE src/integrated-gcn/spmm_stage.cpp:91 VARIABLE or_ln91_7 LOOP SPMM_STORE_ROW_SPMM_STORE_FEAT BUNDLEDNAME {} DSP 0 BRAM 0 URAM 0 STORAGESUBTYPE {} DISPNAME {bind_op or} VISIBLE false} {BINDTYPE op ID {} IMPL auto LATENCY 0 OPTYPE or PRAGMA {} RTLNAME or_ln91_8_fu_1438_p2 SOURCE src/integrated-gcn/spmm_stage.cpp:91 VARIABLE or_ln91_8 LOOP SPMM_STORE_ROW_SPMM_STORE_FEAT BUNDLEDNAME {} DSP 0 BRAM 0 URAM 0 STORAGESUBTYPE {} DISPNAME {bind_op or} VISIBLE false} {BINDTYPE op ID {} IMPL auto LATENCY 0 OPTYPE or PRAGMA {} RTLNAME or_ln91_9_fu_1444_p2 SOURCE src/integrated-gcn/spmm_stage.cpp:91 VARIABLE or_ln91_9 LOOP SPMM_STORE_ROW_SPMM_STORE_FEAT BUNDLEDNAME {} DSP 0 BRAM 0 URAM 0 STORAGESUBTYPE {} DISPNAME {bind_op or} VISIBLE false} {BINDTYPE op ID {} IMPL auto LATENCY 0 OPTYPE or PRAGMA {} RTLNAME or_ln91_10_fu_1450_p2 SOURCE src/integrated-gcn/spmm_stage.cpp:91 VARIABLE or_ln91_10 LOOP SPMM_STORE_ROW_SPMM_STORE_FEAT BUNDLEDNAME {} DSP 0 BRAM 0 URAM 0 STORAGESUBTYPE {} DISPNAME {bind_op or} VISIBLE false} {BINDTYPE op ID {} IMPL auto LATENCY 0 OPTYPE or PRAGMA {} RTLNAME or_ln91_11_fu_1456_p2 SOURCE src/integrated-gcn/spmm_stage.cpp:91 VARIABLE or_ln91_11 LOOP SPMM_STORE_ROW_SPMM_STORE_FEAT BUNDLEDNAME {} DSP 0 BRAM 0 URAM 0 STORAGESUBTYPE {} DISPNAME {bind_op or} VISIBLE false} {BINDTYPE op ID {} IMPL auto LATENCY 0 OPTYPE or PRAGMA {} RTLNAME or_ln91_12_fu_1462_p2 SOURCE src/integrated-gcn/spmm_stage.cpp:91 VARIABLE or_ln91_12 LOOP SPMM_STORE_ROW_SPMM_STORE_FEAT BUNDLEDNAME {} DSP 0 BRAM 0 URAM 0 STORAGESUBTYPE {} DISPNAME {bind_op or} VISIBLE false} {BINDTYPE op ID {} IMPL auto LATENCY 0 OPTYPE or PRAGMA {} RTLNAME or_ln91_13_fu_1468_p2 SOURCE src/integrated-gcn/spmm_stage.cpp:91 VARIABLE or_ln91_13 LOOP SPMM_STORE_ROW_SPMM_STORE_FEAT BUNDLEDNAME {} DSP 0 BRAM 0 URAM 0 STORAGESUBTYPE {} DISPNAME {bind_op or} VISIBLE false} {BINDTYPE op ID {} IMPL auto LATENCY 0 OPTYPE or PRAGMA {} RTLNAME or_ln91_14_fu_1474_p2 SOURCE src/integrated-gcn/spmm_stage.cpp:91 VARIABLE or_ln91_14 LOOP SPMM_STORE_ROW_SPMM_STORE_FEAT BUNDLEDNAME {} DSP 0 BRAM 0 URAM 0 STORAGESUBTYPE {} DISPNAME {bind_op or} VISIBLE false} {BINDTYPE op ID {} IMPL auto LATENCY 0 OPTYPE or PRAGMA {} RTLNAME or_ln91_15_fu_1480_p2 SOURCE src/integrated-gcn/spmm_stage.cpp:91 VARIABLE or_ln91_15 LOOP SPMM_STORE_ROW_SPMM_STORE_FEAT BUNDLEDNAME {} DSP 0 BRAM 0 URAM 0 STORAGESUBTYPE {} DISPNAME {bind_op or} VISIBLE false} {BINDTYPE op ID {} IMPL auto LATENCY 0 OPTYPE or PRAGMA {} RTLNAME or_ln91_16_fu_1486_p2 SOURCE src/integrated-gcn/spmm_stage.cpp:91 VARIABLE or_ln91_16 LOOP SPMM_STORE_ROW_SPMM_STORE_FEAT BUNDLEDNAME {} DSP 0 BRAM 0 URAM 0 STORAGESUBTYPE {} DISPNAME {bind_op or} VISIBLE false} {BINDTYPE op ID {} IMPL auto LATENCY 0 OPTYPE or PRAGMA {} RTLNAME or_ln91_17_fu_1492_p2 SOURCE src/integrated-gcn/spmm_stage.cpp:91 VARIABLE or_ln91_17 LOOP SPMM_STORE_ROW_SPMM_STORE_FEAT BUNDLEDNAME {} DSP 0 BRAM 0 URAM 0 STORAGESUBTYPE {} DISPNAME {bind_op or} VISIBLE false} {BINDTYPE op ID {} IMPL auto LATENCY 0 OPTYPE or PRAGMA {} RTLNAME or_ln91_18_fu_1498_p2 SOURCE src/integrated-gcn/spmm_stage.cpp:91 VARIABLE or_ln91_18 LOOP SPMM_STORE_ROW_SPMM_STORE_FEAT BUNDLEDNAME {} DSP 0 BRAM 0 URAM 0 STORAGESUBTYPE {} DISPNAME {bind_op or} VISIBLE false} {BINDTYPE op ID {} IMPL auto LATENCY 0 OPTYPE or PRAGMA {} RTLNAME or_ln91_19_fu_1504_p2 SOURCE src/integrated-gcn/spmm_stage.cpp:91 VARIABLE or_ln91_19 LOOP SPMM_STORE_ROW_SPMM_STORE_FEAT BUNDLEDNAME {} DSP 0 BRAM 0 URAM 0 STORAGESUBTYPE {} DISPNAME {bind_op or} VISIBLE false} {BINDTYPE op ID {} IMPL auto LATENCY 0 OPTYPE or PRAGMA {} RTLNAME or_ln91_20_fu_1510_p2 SOURCE src/integrated-gcn/spmm_stage.cpp:91 VARIABLE or_ln91_20 LOOP SPMM_STORE_ROW_SPMM_STORE_FEAT BUNDLEDNAME {} DSP 0 BRAM 0 URAM 0 STORAGESUBTYPE {} DISPNAME {bind_op or} VISIBLE false} {BINDTYPE op ID {} IMPL auto LATENCY 0 OPTYPE or PRAGMA {} RTLNAME or_ln91_21_fu_1516_p2 SOURCE src/integrated-gcn/spmm_stage.cpp:91 VARIABLE or_ln91_21 LOOP SPMM_STORE_ROW_SPMM_STORE_FEAT BUNDLEDNAME {} DSP 0 BRAM 0 URAM 0 STORAGESUBTYPE {} DISPNAME {bind_op or} VISIBLE false} {BINDTYPE op ID {} IMPL auto LATENCY 0 OPTYPE or PRAGMA {} RTLNAME or_ln91_22_fu_1522_p2 SOURCE src/integrated-gcn/spmm_stage.cpp:91 VARIABLE or_ln91_22 LOOP SPMM_STORE_ROW_SPMM_STORE_FEAT BUNDLEDNAME {} DSP 0 BRAM 0 URAM 0 STORAGESUBTYPE {} DISPNAME {bind_op or} VISIBLE false} {BINDTYPE op ID {} IMPL auto LATENCY 0 OPTYPE or PRAGMA {} RTLNAME or_ln91_23_fu_1528_p2 SOURCE src/integrated-gcn/spmm_stage.cpp:91 VARIABLE or_ln91_23 LOOP SPMM_STORE_ROW_SPMM_STORE_FEAT BUNDLEDNAME {} DSP 0 BRAM 0 URAM 0 STORAGESUBTYPE {} DISPNAME {bind_op or} VISIBLE false} {BINDTYPE op ID {} IMPL auto LATENCY 0 OPTYPE or PRAGMA {} RTLNAME or_ln91_24_fu_1534_p2 SOURCE src/integrated-gcn/spmm_stage.cpp:91 VARIABLE or_ln91_24 LOOP SPMM_STORE_ROW_SPMM_STORE_FEAT BUNDLEDNAME {} DSP 0 BRAM 0 URAM 0 STORAGESUBTYPE {} DISPNAME {bind_op or} VISIBLE false} {BINDTYPE op ID {} IMPL auto LATENCY 0 OPTYPE or PRAGMA {} RTLNAME or_ln91_25_fu_1540_p2 SOURCE src/integrated-gcn/spmm_stage.cpp:91 VARIABLE or_ln91_25 LOOP SPMM_STORE_ROW_SPMM_STORE_FEAT BUNDLEDNAME {} DSP 0 BRAM 0 URAM 0 STORAGESUBTYPE {} DISPNAME {bind_op or} VISIBLE false} {BINDTYPE op ID {} IMPL auto LATENCY 0 OPTYPE or PRAGMA {} RTLNAME or_ln91_26_fu_1546_p2 SOURCE src/integrated-gcn/spmm_stage.cpp:91 VARIABLE or_ln91_26 LOOP SPMM_STORE_ROW_SPMM_STORE_FEAT BUNDLEDNAME {} DSP 0 BRAM 0 URAM 0 STORAGESUBTYPE {} DISPNAME {bind_op or} VISIBLE false} {BINDTYPE op ID {} IMPL auto LATENCY 0 OPTYPE or PRAGMA {} RTLNAME or_ln91_27_fu_1552_p2 SOURCE src/integrated-gcn/spmm_stage.cpp:91 VARIABLE or_ln91_27 LOOP SPMM_STORE_ROW_SPMM_STORE_FEAT BUNDLEDNAME {} DSP 0 BRAM 0 URAM 0 STORAGESUBTYPE {} DISPNAME {bind_op or} VISIBLE false} {BINDTYPE op ID {} IMPL auto LATENCY 0 OPTYPE or PRAGMA {} RTLNAME or_ln91_28_fu_1558_p2 SOURCE src/integrated-gcn/spmm_stage.cpp:91 VARIABLE or_ln91_28 LOOP SPMM_STORE_ROW_SPMM_STORE_FEAT BUNDLEDNAME {} DSP 0 BRAM 0 URAM 0 STORAGESUBTYPE {} DISPNAME {bind_op or} VISIBLE false} {BINDTYPE op ID {} IMPL auto LATENCY 0 OPTYPE or PRAGMA {} RTLNAME or_ln91_29_fu_1564_p2 SOURCE src/integrated-gcn/spmm_stage.cpp:91 VARIABLE or_ln91_29 LOOP SPMM_STORE_ROW_SPMM_STORE_FEAT BUNDLEDNAME {} DSP 0 BRAM 0 URAM 0 STORAGESUBTYPE {} DISPNAME {bind_op or} VISIBLE false} {BINDTYPE op ID {} IMPL auto LATENCY 0 OPTYPE seteq PRAGMA {} RTLNAME icmp_ln101_fu_514_p2 SOURCE src/integrated-gcn/spmm_stage.cpp:101 VARIABLE icmp_ln101 LOOP SPMM_STORE_ROW_SPMM_STORE_FEAT BUNDLEDNAME {} DSP 0 BRAM 0 URAM 0 STORAGESUBTYPE {} DISPNAME {bind_op seteq} VISIBLE false} {BINDTYPE op ID {} IMPL auto LATENCY 0 OPTYPE seteq PRAGMA {} RTLNAME icmp_ln101_1_fu_520_p2 SOURCE src/integrated-gcn/spmm_stage.cpp:101 VARIABLE icmp_ln101_1 LOOP SPMM_STORE_ROW_SPMM_STORE_FEAT BUNDLEDNAME {} DSP 0 BRAM 0 URAM 0 STORAGESUBTYPE {} DISPNAME {bind_op seteq} VISIBLE false} {BINDTYPE op ID {} IMPL auto LATENCY 0 OPTYPE or PRAGMA {} RTLNAME or_ln101_fu_526_p2 SOURCE src/integrated-gcn/spmm_stage.cpp:101 VARIABLE or_ln101 LOOP SPMM_STORE_ROW_SPMM_STORE_FEAT BUNDLEDNAME {} DSP 0 BRAM 0 URAM 0 STORAGESUBTYPE {} DISPNAME {bind_op or} VISIBLE false} {BINDTYPE op ID {} IMPL fabric LATENCY 0 OPTYPE add PRAGMA {} RTLNAME add_ln94_fu_452_p2 SOURCE src/integrated-gcn/spmm_stage.cpp:94 VARIABLE add_ln94 LOOP SPMM_STORE_ROW_SPMM_STORE_FEAT BUNDLEDNAME {} DSP 0 BRAM 0 URAM 0 STORAGESUBTYPE {} DISPNAME {bind_op add} VISIBLE true} {BINDTYPE op ID {} IMPL fabric LATENCY 0 OPTYPE add PRAGMA {} RTLNAME add_ln102_fu_549_p2 SOURCE src/integrated-gcn/spmm_stage.cpp:102 VARIABLE add_ln102 LOOP SPMM_STORE_ROW_SPMM_STORE_FEAT BUNDLEDNAME {} DSP 0 BRAM 0 URAM 0 STORAGESUBTYPE {} DISPNAME {bind_op add} VISIBLE true} {BINDTYPE op ID {} IMPL auto LATENCY 0 OPTYPE or PRAGMA {} RTLNAME or_ln102_fu_1880_p2 SOURCE src/integrated-gcn/spmm_stage.cpp:102 VARIABLE or_ln102 LOOP SPMM_STORE_ROW_SPMM_STORE_FEAT BUNDLEDNAME {} DSP 0 BRAM 0 URAM 0 STORAGESUBTYPE {} DISPNAME {bind_op or} VISIBLE false} {BINDTYPE op ID {} IMPL fabric LATENCY 0 OPTYPE add PRAGMA {} RTLNAME f_2_fu_565_p2 SOURCE src/integrated-gcn/spmm_stage.cpp:96 VARIABLE f_2 LOOP SPMM_STORE_ROW_SPMM_STORE_FEAT BUNDLEDNAME {} DSP 0 BRAM 0 URAM 0 STORAGESUBTYPE {} DISPNAME {bind_op add} VISIBLE true} {BINDTYPE op ID {} IMPL auto LATENCY 0 OPTYPE seteq PRAGMA {} RTLNAME icmp_ln96_fu_571_p2 SOURCE src/integrated-gcn/spmm_stage.cpp:96 VARIABLE icmp_ln96 LOOP SPMM_STORE_ROW_SPMM_STORE_FEAT BUNDLEDNAME {} DSP 0 BRAM 0 URAM 0 STORAGESUBTYPE {} DISPNAME {bind_op seteq} VISIBLE false} {BINDTYPE op ID {} IMPL fabric LATENCY 0 OPTYPE add PRAGMA {} RTLNAME i_5_fu_577_p2 SOURCE src/integrated-gcn/spmm_stage.cpp:94 VARIABLE i_5 LOOP SPMM_STORE_ROW_SPMM_STORE_FEAT BUNDLEDNAME {} DSP 0 BRAM 0 URAM 0 STORAGESUBTYPE {} DISPNAME {bind_op add} VISIBLE true} {BINDTYPE op ID {} IMPL auto LATENCY 0 OPTYPE seteq PRAGMA {} RTLNAME icmp_ln94_fu_461_p2 SOURCE src/integrated-gcn/spmm_stage.cpp:94 VARIABLE icmp_ln94 LOOP SPMM_STORE_ROW_SPMM_STORE_FEAT BUNDLEDNAME {} DSP 0 BRAM 0 URAM 0 STORAGESUBTYPE {} DISPNAME {bind_op seteq} VISIBLE false}} AREA {DSP 0 BRAM 0 URAM 0}} spmm_stage {BINDINFO {{BINDTYPE storage ID {} IMPL srl LATENCY 0 OPTYPE fifo PRAGMA {} RTLNAME H_out_c_U SOURCE src/integrated-gcn/spmm_stage.cpp:122 VARIABLE H_out_c LOOP {} BUNDLEDNAME {} DSP 0 BRAM 0 URAM 0 STORAGESUBTYPE {scalar prop} STORAGESIZE {64 4 1} STORAGEUSAGE {fifo channel} DISPNAME {bind_storage fifo} VISIBLE true} {BINDTYPE storage ID {} IMPL srl LATENCY 0 OPTYPE fifo PRAGMA {} RTLNAME row_fifo_U SOURCE src/integrated-gcn/spmm_stage.cpp:124 VARIABLE row_fifo LOOP {} BUNDLEDNAME {} DSP 0 BRAM 0 URAM 0 STORAGESUBTYPE stream STORAGESIZE {32 16 1} STORAGEUSAGE {fifo channel} DISPNAME {bind_storage fifo} VISIBLE true} {BINDTYPE storage ID {} IMPL memory LATENCY 0 OPTYPE fifo PRAGMA {} RTLNAME col_fifo_U SOURCE src/integrated-gcn/spmm_stage.cpp:125 VARIABLE col_fifo LOOP {} BUNDLEDNAME {} DSP 0 BRAM 2 URAM 0 STORAGESUBTYPE stream STORAGESIZE {32 256 1} STORAGEUSAGE {fifo channel} DISPNAME {bind_storage fifo} VISIBLE true} {BINDTYPE storage ID {} IMPL memory LATENCY 0 OPTYPE fifo PRAGMA {} RTLNAME val_fifo_U SOURCE src/integrated-gcn/spmm_stage.cpp:126 VARIABLE val_fifo LOOP {} BUNDLEDNAME {} DSP 0 BRAM 1 URAM 0 STORAGESUBTYPE stream STORAGESIZE {16 256 1} STORAGEUSAGE {fifo channel} DISPNAME {bind_storage fifo} VISIBLE true} {BINDTYPE storage ID {} IMPL srl LATENCY 0 OPTYPE fifo PRAGMA {} RTLNAME result_fifo_U SOURCE src/integrated-gcn/spmm_stage.cpp:127 VARIABLE result_fifo LOOP {} BUNDLEDNAME {} DSP 0 BRAM 0 URAM 0 STORAGESUBTYPE stream STORAGESIZE {16 32 1} STORAGEUSAGE {fifo channel} DISPNAME {bind_storage fifo} VISIBLE true}} AREA {DSP 64 BRAM 38 URAM 0}} entry_proc {AREA {DSP 0 BRAM 0 URAM 0}}}}'
INFO-FLOW: DBG:PUTS:      update_csynth_reports json2rpt_hw_sw_interfaces
Execute     send_msg_by_id INFO @200-1603@%s  and missed bursts 
INFO: [HLS 200-1603] Design has inferred MAXI bursts and missed bursts, see Vitis HLS GUI synthesis summary report for detailed information.
INFO-FLOW: Running: gen_csynth_sec_pragma
INFO-FLOW: DBG:PRAGMA: all_user_pragmas_dict locs:
INFO-FLOW:   ../../../src/integrated-gcn/spmm_stage.cpp:18:0: pragmaType pipeline pragmaStatus {} isDirective 0 isSlxDirective 0 isCsimDirective 0 msgs {} parentFunction spmm_load_csr pragmaVar {} options ii=1 loc ../../../src/integrated-gcn/spmm_stage.cpp:18:0
INFO-FLOW:   ../../../src/integrated-gcn/spmm_stage.cpp:24:0: pragmaType pipeline pragmaStatus {} isDirective 0 isSlxDirective 0 isCsimDirective 0 msgs {} parentFunction spmm_load_csr pragmaVar {} options ii=1 loc ../../../src/integrated-gcn/spmm_stage.cpp:24:0
INFO-FLOW:   ../../../src/integrated-gcn/spmm_stage.cpp:39:0: pragmaType array_partition pragmaStatus {} isDirective 0 isSlxDirective 0 isCsimDirective 0 msgs {} parentFunction spmm_compute pragmaVar acc options {variable=acc cyclic factor=32} loc ../../../src/integrated-gcn/spmm_stage.cpp:39:0
INFO-FLOW:   ../../../src/integrated-gcn/spmm_stage.cpp:40:0: pragmaType array_partition pragmaStatus {} isDirective 0 isSlxDirective 0 isCsimDirective 0 msgs {} parentFunction spmm_compute pragmaVar h_buf options {variable=h_buf cyclic factor=32} loc ../../../src/integrated-gcn/spmm_stage.cpp:40:0
INFO-FLOW:   ../../../src/integrated-gcn/spmm_stage.cpp:49:0: pragmaType pipeline pragmaStatus {} isDirective 0 isSlxDirective 0 isCsimDirective 0 msgs {} parentFunction spmm_compute pragmaVar {} options ii=1 loc ../../../src/integrated-gcn/spmm_stage.cpp:49:0
INFO-FLOW:   ../../../src/integrated-gcn/spmm_stage.cpp:50:0: pragmaType unroll pragmaStatus {} isDirective 0 isSlxDirective 0 isCsimDirective 0 msgs {} parentFunction spmm_compute pragmaVar {} options factor=32 loc ../../../src/integrated-gcn/spmm_stage.cpp:50:0
INFO-FLOW:   ../../../src/integrated-gcn/spmm_stage.cpp:56:0: pragmaType loop_tripcount pragmaStatus {} isDirective 0 isSlxDirective 0 isCsimDirective 0 msgs {} parentFunction spmm_compute pragmaVar {} options {min=1 max=168 avg=4} loc ../../../src/integrated-gcn/spmm_stage.cpp:56:0
INFO-FLOW:   ../../../src/integrated-gcn/spmm_stage.cpp:63:0: pragmaType pipeline pragmaStatus {} isDirective 0 isSlxDirective 0 isCsimDirective 0 msgs {} parentFunction spmm_compute pragmaVar {} options ii=1 loc ../../../src/integrated-gcn/spmm_stage.cpp:63:0
INFO-FLOW:   ../../../src/integrated-gcn/spmm_stage.cpp:66:0: pragmaType unroll pragmaStatus {} isDirective 0 isSlxDirective 0 isCsimDirective 0 msgs {} parentFunction spmm_compute pragmaVar {} options {} loc ../../../src/integrated-gcn/spmm_stage.cpp:66:0
INFO-FLOW:   ../../../src/integrated-gcn/spmm_stage.cpp:73:0: pragmaType pipeline pragmaStatus {} isDirective 0 isSlxDirective 0 isCsimDirective 0 msgs {} parentFunction spmm_compute pragmaVar {} options ii=1 loc ../../../src/integrated-gcn/spmm_stage.cpp:73:0
INFO-FLOW:   ../../../src/integrated-gcn/spmm_stage.cpp:74:0: pragmaType unroll pragmaStatus {} isDirective 0 isSlxDirective 0 isCsimDirective 0 msgs {} parentFunction spmm_compute pragmaVar {} options factor=32 loc ../../../src/integrated-gcn/spmm_stage.cpp:74:0
INFO-FLOW:   ../../../src/integrated-gcn/spmm_stage.cpp:81:0: pragmaType pipeline pragmaStatus {} isDirective 0 isSlxDirective 0 isCsimDirective 0 msgs {} parentFunction spmm_compute pragmaVar {} options ii=1 loc ../../../src/integrated-gcn/spmm_stage.cpp:81:0
INFO-FLOW:   ../../../src/integrated-gcn/spmm_stage.cpp:97:0: pragmaType pipeline pragmaStatus {} isDirective 0 isSlxDirective 0 isCsimDirective 0 msgs {} parentFunction spmm_store pragmaVar {} options ii=1 loc ../../../src/integrated-gcn/spmm_stage.cpp:97:0
INFO-FLOW:   ../../../src/integrated-gcn/spmm_stage.cpp:116:0: pragmaType interface pragmaStatus {} isDirective 0 isSlxDirective 0 isCsimDirective 0 msgs {} parentFunction spmm_stage pragmaVar row_length options {mode=m_axi bundle=gmem0 port=row_length} loc ../../../src/integrated-gcn/spmm_stage.cpp:116:0
INFO-FLOW:   ../../../src/integrated-gcn/spmm_stage.cpp:118:0: pragmaType interface pragmaStatus {} isDirective 0 isSlxDirective 0 isCsimDirective 0 msgs {} parentFunction spmm_stage pragmaVar values options {mode=m_axi bundle=gmem2 port=values} loc ../../../src/integrated-gcn/spmm_stage.cpp:118:0
INFO-FLOW:   ../../../src/integrated-gcn/spmm_stage.cpp:117:0: pragmaType interface pragmaStatus {} isDirective 0 isSlxDirective 0 isCsimDirective 0 msgs {} parentFunction spmm_stage pragmaVar colind options {mode=m_axi bundle=gmem1 port=colind} loc ../../../src/integrated-gcn/spmm_stage.cpp:117:0
INFO-FLOW:   ../../../src/integrated-gcn/spmm_stage.cpp:119:0: pragmaType interface pragmaStatus {} isDirective 0 isSlxDirective 0 isCsimDirective 0 msgs {} parentFunction spmm_stage pragmaVar H_temp options {mode=m_axi bundle=gmem3 port=H_temp} loc ../../../src/integrated-gcn/spmm_stage.cpp:119:0
INFO-FLOW:   ../../../src/integrated-gcn/spmm_stage.cpp:120:0: pragmaType interface pragmaStatus {} isDirective 0 isSlxDirective 0 isCsimDirective 0 msgs {} parentFunction spmm_stage pragmaVar H_out options {mode=m_axi bundle=gmem4 port=H_out} loc ../../../src/integrated-gcn/spmm_stage.cpp:120:0
INFO-FLOW:   ../../../src/integrated-gcn/spmm_stage.cpp:122:0: pragmaType dataflow pragmaStatus {} isDirective 0 isSlxDirective 0 isCsimDirective 0 msgs {} parentFunction spmm_stage pragmaVar {} options {} loc ../../../src/integrated-gcn/spmm_stage.cpp:122:0
INFO-FLOW:   ../../../src/integrated-gcn/spmm_stage.cpp:129:0: pragmaType stream pragmaStatus {} isDirective 0 isSlxDirective 0 isCsimDirective 0 msgs {} parentFunction spmm_stage pragmaVar row_fifo options {variable=row_fifo depth=16} loc ../../../src/integrated-gcn/spmm_stage.cpp:129:0
INFO-FLOW:   ../../../src/integrated-gcn/spmm_stage.cpp:130:0: pragmaType stream pragmaStatus {} isDirective 0 isSlxDirective 0 isCsimDirective 0 msgs {} parentFunction spmm_stage pragmaVar col_fifo options {variable=col_fifo depth=256} loc ../../../src/integrated-gcn/spmm_stage.cpp:130:0
INFO-FLOW:   ../../../src/integrated-gcn/spmm_stage.cpp:131:0: pragmaType stream pragmaStatus {} isDirective 0 isSlxDirective 0 isCsimDirective 0 msgs {} parentFunction spmm_stage pragmaVar val_fifo options {variable=val_fifo depth=256} loc ../../../src/integrated-gcn/spmm_stage.cpp:131:0
INFO-FLOW:   ../../../src/integrated-gcn/spmm_stage.cpp:132:0: pragmaType stream pragmaStatus {} isDirective 0 isSlxDirective 0 isCsimDirective 0 msgs {} parentFunction spmm_stage pragmaVar result_fifo options {variable=result_fifo depth=32} loc ../../../src/integrated-gcn/spmm_stage.cpp:132:0
INFO-FLOW: end all_user_pragmas_dict

INFO-FLOW: DBG:PRAGMA: all_user_directives_dict locs:
INFO-FLOW: end all_user_directives_dict

INFO-FLOW: DBG:PRAGMA: all_auto_pragmas_dict locs:
INFO-FLOW:   src/integrated-gcn/spmm_stage.cpp:94:0 : loop_flatten
INFO-FLOW: end all_auto_pragmas_dict

INFO-FLOW: DBG:PRAGMA: Found pragma report data problems (1):
INFO-FLOW: DBG:PRAGMA: (1)   Cannot find inferred-pragma source location at 'src/integrated-gcn/spmm_stage.cpp:97:0': pragmaType loop_flatten pragmaStatus {} isDirective 0 isSlxDirective 0 isCsimDirective 0 msgs {} parentFunction spmm_store pragmaVar {} options { } loc src/integrated-gcn/spmm_stage.cpp:94:0 pragmaLocId src/integrated-gcn/spmm_stage.cpp:94:0 pragmaLocOpt spmm_store/SPMM_STORE_ROW objDict {loopName SPMM_STORE_ROW loopLoc src/integrated-gcn/spmm_stage.cpp:94:5} objInfo {loop SPMM_STORE_ROW (src/integrated-gcn/spmm_stage.cpp:94:5)} reason {} metrics {} srcPragmaLoc src/integrated-gcn/spmm_stage.cpp:97:0 srcInferReason {}
INFO-FLOW: Done: gen_csynth_sec_pragma time: 0 seconds 
Execute     send_msg_by_id INFO @200-2225@%s /home/nat/dev/trinners/mai_proj/hls/thesis-gcn-accelerator/vitis/integrated_gcn/spmm_kernel/spmm_stage/hls/syn/inferred_directives.ini 
INFO: [HLS 200-2225] Wrote inferred directives to file /home/nat/dev/trinners/mai_proj/hls/thesis-gcn-accelerator/vitis/integrated_gcn/spmm_kernel/spmm_stage/hls/syn/inferred_directives.ini
INFO-FLOW: DBG:PUTS:      update_csynth_reports wrote xml
INFO-FLOW: DBG:PUTS:      update_csynth_reports appended to csynth rpt file
INFO-FLOW: Done: add_csynth_report_sections time: 0.1 seconds 
INFO: [HLS 200-111] Finished Updating report files: CPU user time: 0.35 seconds. CPU system time: 0.01 seconds. Elapsed time: 0.38 seconds; current allocated memory: 463.719 MB.
INFO: [VHDL 208-304] Generating VHDL RTL for spmm_stage.
INFO: [VLOG 209-307] Generating Verilog RTL for spmm_stage.
Execute     syn_report -model spmm_stage -printsummary 
INFO: [HLS 200-790] **** Loop Constraint Status: All loop constraints were satisfied.
INFO: [HLS 200-789] **** Estimated Fmax: 136.99 MHz
Execute     AP::msg_collection_file -close 
Command   csynth_design done; 12.82 sec.
Execute   close_project 
Execute     close_solution 
Execute       cleanup_all 
Execute       cleanup_all 
Execute       source -notrace -encoding utf-8 /opt/Xilinx/2025.2/Vitis/tps/tcl/tcl8.6/clock.tcl 
Execute         source -encoding utf-8 /opt/Xilinx/2025.2/tps/tcl/tcl8/8.5/msgcat-1.6.1.tm 
INFO-FLOW: Workspace /home/nat/dev/trinners/mai_proj/hls/thesis-gcn-accelerator/vitis/integrated_gcn/spmm_kernel/spmm_stage/hls opened at Wed Apr 15 15:09:33 IST 2026
Execute       source /home/nat/dev/trinners/mai_proj/hls/thesis-gcn-accelerator/vitis/integrated_gcn/spmm_kernel/spmm_stage/hls/.autopilot/db/global.setting.tcl 
Execute       set_part xck26-sfvc784-2LV-c 
Execute         create_platform xck26-sfvc784-2LV-c -board  
DBG:HLSDevice: Trying to load device library: /opt/Xilinx/2025.2/Vitis/lib/lnx64.o/libxv_hlsvwrap.so
DBG:HLSDevice: first parts/arch.xml in RDI_DATADIR: /opt/Xilinx/2025.2/Vivado/data/parts/arch.xml
DBG:HLSDevice: init success
INFO: [HLS 200-1611] Setting target device to 'xck26-sfvc784-2LV-c'
Command         create_platform done; 0.17 sec.
Execute         source /opt/Xilinx/2025.2/Vitis/common/technology/xilinx/common/xilinx.gen 
Execute           source /opt/Xilinx/2025.2/Vitis/common/technology/xilinx/interface/plb46.gen 
Execute           source /opt/Xilinx/2025.2/Vitis/common/technology/xilinx/interface/axi4.gen 
Execute           source /opt/Xilinx/2025.2/Vitis/common/technology/xilinx/interface/nativeAXI4.gen 
Execute             source /opt/Xilinx/2025.2/Vitis/common/technology/xilinx/interface/saxilite.gen 
Execute           source /opt/Xilinx/2025.2/Vitis/common/technology/xilinx/scripts/xilinxcoregen.gen 
Execute           source /opt/Xilinx/2025.2/Vitis/common/technology/xilinx/interface/XilEDKCoreGen.gen 
Execute           source /opt/Xilinx/2025.2/Vitis/common/technology/xilinx/ip/xfir.gen 
Execute           source /opt/Xilinx/2025.2/Vitis/common/technology/xilinx/ip/util.gen 
Execute           source /opt/Xilinx/2025.2/Vitis/common/technology/xilinx/ip/xfft.gen 
Execute           source /opt/Xilinx/2025.2/Vitis/common/technology/xilinx/ip/dds_compiler.gen 
Execute           source /opt/Xilinx/2025.2/Vitis/common/technology/xilinx/DSP48/dsp48.gen 
Execute         ap_part_info -name xck26-sfvc784-2LV-c -data info 
Execute         config_compile -quiet -complex-mul-dsp=0 
Command       set_part done; 0.22 sec.
Execute       send_msg_by_id INFO @200-1505@%s%s default  vivado 
INFO: [HLS 200-1505] Using default flow_target 'vivado'
Execute       send_msg_by_id INFO @200-2174@%s%s component hls_config.cfg 
INFO: [HLS 200-2174] Applying component config ini file hls_config.cfg
Execute       apply_ini hls_config.cfg 
Execute         send_msg_by_id INFO @200-1465@%s 'syn.file=/home/nat/dev/trinners/mai_proj/hls/thesis-gcn-accelerator/src/integrated-gcn/spmm_stage.cpp' from hls_config.cfg(8) 
INFO: [HLS 200-1465] Applying config ini 'syn.file=/home/nat/dev/trinners/mai_proj/hls/thesis-gcn-accelerator/src/integrated-gcn/spmm_stage.cpp' from hls_config.cfg(8)
Execute         add_files /home/nat/dev/trinners/mai_proj/hls/thesis-gcn-accelerator/src/integrated-gcn/spmm_stage.cpp 
INFO: [HLS 200-10] Adding design file '/home/nat/dev/trinners/mai_proj/hls/thesis-gcn-accelerator/src/integrated-gcn/spmm_stage.cpp' to the project
Execute         send_msg_by_id INFO @200-1465@%s 'syn.top=spmm_stage' from hls_config.cfg(7) 
INFO: [HLS 200-1465] Applying config ini 'syn.top=spmm_stage' from hls_config.cfg(7)
Execute         set_top spmm_stage 
Execute         send_msg_by_id INFO @200-1465@%s 'flow_target=vivado' from hls_config.cfg(4) 
INFO: [HLS 200-1465] Applying config ini 'flow_target=vivado' from hls_config.cfg(4)
Execute         send_msg_by_id INFO @200-1505@%s%s  vivado 
INFO: [HLS 200-1505] Using flow_target 'vivado'
Execute         send_msg_by_id INFO @200-1465@%s 'part=xck26-sfvc784-2LV-c' from hls_config.cfg(1) 
INFO: [HLS 200-1465] Applying config ini 'part=xck26-sfvc784-2LV-c' from hls_config.cfg(1)
Execute         set_part xck26-sfvc784-2LV-c 
Execute           create_platform xck26-sfvc784-2LV-c -board  
Execute           source /opt/Xilinx/2025.2/Vitis/common/technology/xilinx/common/xilinx.gen 
Execute             source /opt/Xilinx/2025.2/Vitis/common/technology/xilinx/interface/plb46.gen 
Execute             source /opt/Xilinx/2025.2/Vitis/common/technology/xilinx/interface/axi4.gen 
Execute             source /opt/Xilinx/2025.2/Vitis/common/technology/xilinx/interface/nativeAXI4.gen 
Execute               source /opt/Xilinx/2025.2/Vitis/common/technology/xilinx/interface/saxilite.gen 
Execute             source /opt/Xilinx/2025.2/Vitis/common/technology/xilinx/scripts/xilinxcoregen.gen 
Execute             source /opt/Xilinx/2025.2/Vitis/common/technology/xilinx/interface/XilEDKCoreGen.gen 
Execute             source /opt/Xilinx/2025.2/Vitis/common/technology/xilinx/ip/xfir.gen 
Execute             source /opt/Xilinx/2025.2/Vitis/common/technology/xilinx/ip/util.gen 
Execute             source /opt/Xilinx/2025.2/Vitis/common/technology/xilinx/ip/xfft.gen 
Execute             source /opt/Xilinx/2025.2/Vitis/common/technology/xilinx/ip/dds_compiler.gen 
Execute             source /opt/Xilinx/2025.2/Vitis/common/technology/xilinx/DSP48/dsp48.gen 
Execute           ap_part_info -name xck26-sfvc784-2LV-c -data info 
Execute           config_compile -quiet -complex-mul-dsp=0 
Execute         send_msg_by_id INFO @200-1465@%s 'clock=10' from hls_config.cfg(9) 
INFO: [HLS 200-1465] Applying config ini 'clock=10' from hls_config.cfg(9)
Execute         create_clock -period 10ns 
Execute           ap_set_clock -name default -period 10 -unit ns -default=false 
INFO: [SYN 201-201] Setting up clock 'default' with a period of 10ns.
Execute         send_msg_by_id INFO @200-1465@%s 'package.output.format=ip_catalog' from hls_config.cfg(5) 
INFO: [HLS 200-1465] Applying config ini 'package.output.format=ip_catalog' from hls_config.cfg(5)
Execute         config_export -format=ip_catalog 
Execute       write_component -config /home/nat/dev/trinners/mai_proj/hls/thesis-gcn-accelerator/vitis/integrated_gcn/spmm_kernel/hls_config.cfg 
Execute         send_msg_by_id INFO @200-2176@%s /home/nat/dev/trinners/mai_proj/hls/thesis-gcn-accelerator/vitis/integrated_gcn/spmm_kernel/spmm_stage/vitis-comp.json 
INFO: [HLS 200-2176] Writing Vitis IDE component file /home/nat/dev/trinners/mai_proj/hls/thesis-gcn-accelerator/vitis/integrated_gcn/spmm_kernel/spmm_stage/vitis-comp.json
Command     open_solution done; 0.33 sec.
Command   open_component done; 0.33 sec.
Execute   apply_ini /home/nat/dev/trinners/mai_proj/hls/thesis-gcn-accelerator/vitis/integrated_gcn/spmm_kernel/spmm_stage/hls/config.cmdline -iscmdline 
Execute   ::AP::init_summary_file vivado-impl 
Execute     AP::app_get_file_relativeroot [AP::app_get_root] {}
Execute   export_design -flow impl 
Execute     config_export -flow=impl 
INFO-FLOW: DBG:PUTS: export_design_wrap: -flow impl -format ip_catalog -rtl verilog
Execute     source /home/nat/dev/trinners/mai_proj/hls/thesis-gcn-accelerator/vitis/integrated_gcn/spmm_kernel/spmm_stage/hls/.autopilot/db/global.setting.tcl 
INFO-FLOW: DBG:PUTS:   auto_impl: pack: -export -rtl verilog
INFO-FLOW: DBG:PROC: ::AESL_AUTOIMPL::auto_impl args='-export -rtl verilog'
Execute     source /home/nat/dev/trinners/mai_proj/hls/thesis-gcn-accelerator/vitis/integrated_gcn/spmm_kernel/spmm_stage/hls/.autopilot/db/global.setting.tcl 
INFO: [IMPL 213-8] Exporting RTL as a Vivado IP.
INFO-FLOW: DBG:PUTS: automg_wrap -export -pcore_version 1.00.a -rtl vlog -tool Vivado -impltomg_flag
INFO-FLOW: DBG:PROC: ::AESL_AUTOMG::auto_generate args='-export -pcore_version 1.00.a -rtl vlog -tool Vivado -impltomg_flag'
INFO-FLOW: DBG:PUTS:     auto_generate -export -pcore_version 1.00.a -rtl vlog -tool Vivado -impltomg_flag
Execute     source /home/nat/dev/trinners/mai_proj/hls/thesis-gcn-accelerator/vitis/integrated_gcn/spmm_kernel/spmm_stage/hls/.autopilot/db/global.setting.tcl 
INFO-FLOW: DBG:PUTS: read_platform_lib /home/nat/dev/trinners/mai_proj/hls/thesis-gcn-accelerator/vitis/integrated_gcn/spmm_kernel/spmm_stage/hls/.autopilot/db/global.setting.tcl
Execute     source /opt/Xilinx/2025.2/Vitis/common/technology/generic/autopilot/common.gen 
Execute       source /opt/Xilinx/2025.2/Vitis/common/technology/generic/autopilot/APCoreGen.gen 
Execute     source /opt/Xilinx/2025.2/Vitis/common/technology/generic/autopilot/op.gen 
Execute     source /opt/Xilinx/2025.2/Vitis/common/technology/generic/autopilot/op_simcore.gen 
Execute     source /opt/Xilinx/2025.2/Vitis/common/technology/generic/autopilot/interface.gen 
Execute     source /home/nat/dev/trinners/mai_proj/hls/thesis-gcn-accelerator/vitis/integrated_gcn/spmm_kernel/spmm_stage/hls/.autopilot/db/global.setting.tcl 
Execute     source /opt/Xilinx/2025.2/Vitis/common/technology/xilinx/common/xilinx.gen 
Execute       source /opt/Xilinx/2025.2/Vitis/common/technology/xilinx/interface/plb46.gen 
Execute       source /opt/Xilinx/2025.2/Vitis/common/technology/xilinx/interface/axi4.gen 
Execute       source /opt/Xilinx/2025.2/Vitis/common/technology/xilinx/interface/nativeAXI4.gen 
Execute         source /opt/Xilinx/2025.2/Vitis/common/technology/xilinx/interface/saxilite.gen 
Execute       source /opt/Xilinx/2025.2/Vitis/common/technology/xilinx/scripts/xilinxcoregen.gen 
Execute       source /opt/Xilinx/2025.2/Vitis/common/technology/xilinx/interface/XilEDKCoreGen.gen 
Execute       source /opt/Xilinx/2025.2/Vitis/common/technology/xilinx/ip/xfir.gen 
Execute       source /opt/Xilinx/2025.2/Vitis/common/technology/xilinx/ip/util.gen 
Execute       source /opt/Xilinx/2025.2/Vitis/common/technology/xilinx/ip/xfft.gen 
Execute       source /opt/Xilinx/2025.2/Vitis/common/technology/xilinx/ip/dds_compiler.gen 
Execute       source /opt/Xilinx/2025.2/Vitis/common/technology/xilinx/DSP48/dsp48.gen 
INFO-FLOW: DBG:PUTS:   using AESL_AUTOCG::g_clock_period=10.000 (was NA)
INFO-FLOW: DBG:PUTS:       initCTypeInfo top_module=spmm_stage xml_exists=0
Execute     source /home/nat/dev/trinners/mai_proj/hls/thesis-gcn-accelerator/vitis/integrated_gcn/spmm_kernel/spmm_stage/hls/.autopilot/db/spmm_stage.rtl_wrap.cfg.tcl 
Execute     source /home/nat/dev/trinners/mai_proj/hls/thesis-gcn-accelerator/vitis/integrated_gcn/spmm_kernel/spmm_stage/hls/.autopilot/db/spmm_stage.rtl_wrap.cfg.tcl 
Execute     source /home/nat/dev/trinners/mai_proj/hls/thesis-gcn-accelerator/vitis/integrated_gcn/spmm_kernel/spmm_stage/hls/.autopilot/db/spmm_stage.rtl_wrap.cfg.tcl 
Execute     source /home/nat/dev/trinners/mai_proj/hls/thesis-gcn-accelerator/vitis/integrated_gcn/spmm_kernel/spmm_stage/hls/.autopilot/db/spmm_stage.tbgen.tcl 
Execute     source /home/nat/dev/trinners/mai_proj/hls/thesis-gcn-accelerator/vitis/integrated_gcn/spmm_kernel/spmm_stage/hls/.autopilot/db/spmm_stage.tbgen.tcl 
Execute     source /home/nat/dev/trinners/mai_proj/hls/thesis-gcn-accelerator/vitis/integrated_gcn/spmm_kernel/spmm_stage/hls/.autopilot/db/spmm_stage.tbgen.tcl 
Execute     source /home/nat/dev/trinners/mai_proj/hls/thesis-gcn-accelerator/vitis/integrated_gcn/spmm_kernel/spmm_stage/hls/.autopilot/db/global.setting.tcl 
Execute     source /home/nat/dev/trinners/mai_proj/hls/thesis-gcn-accelerator/vitis/integrated_gcn/spmm_kernel/spmm_stage/hls/.autopilot/db/spmm_stage.tbgen.tcl 
Execute     source /home/nat/dev/trinners/mai_proj/hls/thesis-gcn-accelerator/vitis/integrated_gcn/spmm_kernel/spmm_stage/hls/.autopilot/db/cosimDB.tcl 
INFO-FLOW: DBG:PUTS:       cosim_export_main adding deadlock detection to spmm_stage
INFO-FLOW: DBG:PUTS:       generate_datafile_ip_script ip_types={vitis sysgen} #gSsdmPorts=0
INFO-FLOW: DBG:PUTS: Skipping loadAnalyze_DB, #g_database=11
INFO-FLOW: DBG:PUTS:       generate_json generate_bd_files=0 generate_xo_files=false #modelList=34 #gSsdmPorts=0
INFO-FLOW: DBG:PROC: ::AP::DESIGN_DATA::generate_json generate_bd_files='0' generate_xo_files='false' modelList='spmm_stage_flow_control_loop_pipe_sequential_init
spmm_stage_flow_control_loop_pipe_sequential_init
spmm_stage_flow_control_loop_pipe_sequential_init
spmm_stage_flow_control_loop_pipe_sequential_init
spmm_stage_mul_26s_26s_52_1_1
spmm_stage_flow_control_loop_pipe_sequential_init
spmm_stage_sparsemux_65_5_26_1_1
spmm_stage_flow_control_loop_pipe_sequential_init
spmm_stage_spmm_compute_acc_RAM_AUTO_1R1W
spmm_stage_spmm_compute_h_buf_RAM_AUTO_1R1W
spmm_stage_flow_control_loop_delay_pipe
spmm_stage_fifo_w64_d4_S
spmm_stage_fifo_w32_d16_S
spmm_stage_fifo_w32_d256_A
spmm_stage_fifo_w16_d256_A
spmm_stage_fifo_w16_d32_S
spmm_stage_start_for_spmm_store_U0
spmm_stage_gmem0_m_axi
spmm_stage_gmem1_m_axi
spmm_stage_gmem2_m_axi
spmm_stage_gmem3_m_axi
spmm_stage_gmem4_m_axi
spmm_stage_control_s_axi
entry_proc
spmm_load_csr_Pipeline_LOAD_ROWS
spmm_load_csr_Pipeline_LOAD_NNZ
spmm_load_csr
spmm_compute_Pipeline_SPMM_INIT
spmm_compute_Pipeline_SPMM_LOAD_H
spmm_compute_Pipeline_SPMM_MAC
spmm_compute_Pipeline_SPMM_WRITE
spmm_compute
spmm_store
spmm_stage
' rtl_lang='vlog' bootstrap_tcl='false' outdir='' outfilename=''
Execute     source /home/nat/dev/trinners/mai_proj/hls/thesis-gcn-accelerator/vitis/integrated_gcn/spmm_kernel/spmm_stage/hls/.autopilot/db/global.setting.tcl 
Execute     source /home/nat/dev/trinners/mai_proj/hls/thesis-gcn-accelerator/vitis/integrated_gcn/spmm_kernel/spmm_stage/hls/.autopilot/db/global.setting.tcl 
Execute     source /home/nat/dev/trinners/mai_proj/hls/thesis-gcn-accelerator/vitis/integrated_gcn/spmm_kernel/spmm_stage/hls/.autopilot/db/top-io-be.tcl 
Execute     source /home/nat/dev/trinners/mai_proj/hls/thesis-gcn-accelerator/vitis/integrated_gcn/spmm_kernel/spmm_stage/hls/.autopilot/db/spmm_stage.tbgen.tcl 
Execute     source /home/nat/dev/trinners/mai_proj/hls/thesis-gcn-accelerator/vitis/integrated_gcn/spmm_kernel/spmm_stage/hls/.autopilot/db/spmm_stage.compgen.dataonly.tcl 
Execute     source /home/nat/dev/trinners/mai_proj/hls/thesis-gcn-accelerator/vitis/integrated_gcn/spmm_kernel/spmm_stage/hls/.autopilot/db/spmm_stage.compgen.dataonly.tcl 
Execute     source /home/nat/dev/trinners/mai_proj/hls/thesis-gcn-accelerator/vitis/integrated_gcn/spmm_kernel/spmm_stage/hls/.autopilot/db/spmm_stage.rtl_wrap.cfg.tcl 
Execute     source /home/nat/dev/trinners/mai_proj/hls/thesis-gcn-accelerator/vitis/integrated_gcn/spmm_kernel/spmm_stage/hls/.autopilot/db/spmm_stage.compgen.dataonly.tcl 
Execute     source /home/nat/dev/trinners/mai_proj/hls/thesis-gcn-accelerator/vitis/integrated_gcn/spmm_kernel/spmm_stage/hls/.autopilot/db/entry_proc.tbgen.tcl 
Execute     source /home/nat/dev/trinners/mai_proj/hls/thesis-gcn-accelerator/vitis/integrated_gcn/spmm_kernel/spmm_stage/hls/.autopilot/db/spmm_load_csr_Pipeline_LOAD_ROWS.tbgen.tcl 
Execute     source /home/nat/dev/trinners/mai_proj/hls/thesis-gcn-accelerator/vitis/integrated_gcn/spmm_kernel/spmm_stage/hls/.autopilot/db/spmm_load_csr_Pipeline_LOAD_NNZ.tbgen.tcl 
Execute     source /home/nat/dev/trinners/mai_proj/hls/thesis-gcn-accelerator/vitis/integrated_gcn/spmm_kernel/spmm_stage/hls/.autopilot/db/spmm_load_csr.tbgen.tcl 
Execute     source /home/nat/dev/trinners/mai_proj/hls/thesis-gcn-accelerator/vitis/integrated_gcn/spmm_kernel/spmm_stage/hls/.autopilot/db/spmm_compute_Pipeline_SPMM_INIT.tbgen.tcl 
Execute     source /home/nat/dev/trinners/mai_proj/hls/thesis-gcn-accelerator/vitis/integrated_gcn/spmm_kernel/spmm_stage/hls/.autopilot/db/spmm_compute_Pipeline_SPMM_LOAD_H.tbgen.tcl 
Execute     source /home/nat/dev/trinners/mai_proj/hls/thesis-gcn-accelerator/vitis/integrated_gcn/spmm_kernel/spmm_stage/hls/.autopilot/db/spmm_compute_Pipeline_SPMM_MAC.tbgen.tcl 
Execute     source /home/nat/dev/trinners/mai_proj/hls/thesis-gcn-accelerator/vitis/integrated_gcn/spmm_kernel/spmm_stage/hls/.autopilot/db/spmm_compute_Pipeline_SPMM_WRITE.tbgen.tcl 
Execute     source /home/nat/dev/trinners/mai_proj/hls/thesis-gcn-accelerator/vitis/integrated_gcn/spmm_kernel/spmm_stage/hls/.autopilot/db/spmm_compute.tbgen.tcl 
Execute     source /home/nat/dev/trinners/mai_proj/hls/thesis-gcn-accelerator/vitis/integrated_gcn/spmm_kernel/spmm_stage/hls/.autopilot/db/spmm_store.tbgen.tcl 
Execute     source /home/nat/dev/trinners/mai_proj/hls/thesis-gcn-accelerator/vitis/integrated_gcn/spmm_kernel/spmm_stage/hls/.autopilot/db/spmm_stage.tbgen.tcl 
Execute     source /home/nat/dev/trinners/mai_proj/hls/thesis-gcn-accelerator/vitis/integrated_gcn/spmm_kernel/spmm_stage/hls/.autopilot/db/global.setting.tcl 
Execute     ap_part_info -name xck26-sfvc784-2LV-c -data names -quiet 
Execute     ap_part_info -name xck26-sfvc784-2LV-c -data info -quiet 
Execute     source /home/nat/dev/trinners/mai_proj/hls/thesis-gcn-accelerator/vitis/integrated_gcn/spmm_kernel/spmm_stage/hls/.autopilot/db/spmm_stage.constraint.tcl 
Execute     sc_get_clocks spmm_stage 
Execute     source /home/nat/dev/trinners/mai_proj/hls/thesis-gcn-accelerator/vitis/integrated_gcn/spmm_kernel/spmm_stage/hls/.autopilot/db/global.setting.tcl 
Execute     source /opt/Xilinx/2025.2/Vitis/tps/tcl/tcllib2.0/fileutil/fileutil.tcl 
Execute       source /opt/Xilinx/2025.2/Vitis/tps/tcl/tcllib2.0/cmdline/cmdline.tcl 
INFO-FLOW: DBG:PUTS:       generate_syn_sh
Execute     ap_part_info -name xck26-sfvc784-2LV-c -data names -quiet 
Execute     ap_part_info -name xck26-sfvc784-2LV-c -data info -quiet 
Execute     source /home/nat/dev/trinners/mai_proj/hls/thesis-gcn-accelerator/vitis/integrated_gcn/spmm_kernel/spmm_stage/hls/.autopilot/db/global.setting.tcl 
INFO-FLOW: DBG:PUTS:       generate_imp_constraints
Execute     ap_part_info -name xck26-sfvc784-2LV-c -data names -quiet 
Execute     ap_part_info -name xck26-sfvc784-2LV-c -data info -quiet 
Execute     source /home/nat/dev/trinners/mai_proj/hls/thesis-gcn-accelerator/vitis/integrated_gcn/spmm_kernel/spmm_stage/hls/.autopilot/db/spmm_stage.constraint.tcl 
Execute     source /home/nat/dev/trinners/mai_proj/hls/thesis-gcn-accelerator/vitis/integrated_gcn/spmm_kernel/spmm_stage/hls/.autopilot/db/spmm_stage.tbgen.tcl 
INFO-FLOW: DBG:PUTS:       delete-temp-dirs pwd=/home/nat/dev/trinners/mai_proj/hls/thesis-gcn-accelerator/vitis/integrated_gcn/spmm_kernel/spmm_stage/hls
Execute     ap_part_info -name xck26-sfvc784-2LV-c -data names -quiet 
Execute     ap_part_info -name xck26-sfvc784-2LV-c -data info -quiet 
INFO-FLOW: DBG:PUTS: read_platform_lib /home/nat/dev/trinners/mai_proj/hls/thesis-gcn-accelerator/vitis/integrated_gcn/spmm_kernel/spmm_stage/hls/.autopilot/db/global.setting.tcl
Execute     source /opt/Xilinx/2025.2/Vitis/common/technology/generic/autopilot/common.gen 
Execute       source /opt/Xilinx/2025.2/Vitis/common/technology/generic/autopilot/APCoreGen.gen 
Execute     source /opt/Xilinx/2025.2/Vitis/common/technology/generic/autopilot/op.gen 
Execute     source /opt/Xilinx/2025.2/Vitis/common/technology/generic/autopilot/op_simcore.gen 
Execute     source /opt/Xilinx/2025.2/Vitis/common/technology/generic/autopilot/interface.gen 
Execute     source /home/nat/dev/trinners/mai_proj/hls/thesis-gcn-accelerator/vitis/integrated_gcn/spmm_kernel/spmm_stage/hls/.autopilot/db/global.setting.tcl 
Execute     source /opt/Xilinx/2025.2/Vitis/common/technology/xilinx/common/xilinx.gen 
Execute       source /opt/Xilinx/2025.2/Vitis/common/technology/xilinx/interface/plb46.gen 
Execute       source /opt/Xilinx/2025.2/Vitis/common/technology/xilinx/interface/axi4.gen 
Execute       source /opt/Xilinx/2025.2/Vitis/common/technology/xilinx/interface/nativeAXI4.gen 
Execute         source /opt/Xilinx/2025.2/Vitis/common/technology/xilinx/interface/saxilite.gen 
Execute       source /opt/Xilinx/2025.2/Vitis/common/technology/xilinx/scripts/xilinxcoregen.gen 
Execute       source /opt/Xilinx/2025.2/Vitis/common/technology/xilinx/interface/XilEDKCoreGen.gen 
Execute       source /opt/Xilinx/2025.2/Vitis/common/technology/xilinx/ip/xfir.gen 
Execute       source /opt/Xilinx/2025.2/Vitis/common/technology/xilinx/ip/util.gen 
Execute       source /opt/Xilinx/2025.2/Vitis/common/technology/xilinx/ip/xfft.gen 
Execute       source /opt/Xilinx/2025.2/Vitis/common/technology/xilinx/ip/dds_compiler.gen 
Execute       source /opt/Xilinx/2025.2/Vitis/common/technology/xilinx/DSP48/dsp48.gen 
INFO-FLOW: DBG:PUTS:     IP package: exec /home/nat/dev/trinners/mai_proj/hls/thesis-gcn-accelerator/vitis/integrated_gcn/spmm_kernel/spmm_stage/hls/impl/ip/pack.sh
INFO-FLOW: DBG:PUTS:     IP package: success /home/nat/dev/trinners/mai_proj/hls/thesis-gcn-accelerator/vitis/integrated_gcn/spmm_kernel/spmm_stage/hls/impl/ip/pack.sh
INFO-FLOW: DBG:PUTS:   auto_impl: eval: -flow impl -rtl verilog
INFO-FLOW: DBG:PROC: ::AESL_AUTOIMPL::auto_impl args='-flow impl -rtl verilog'
Execute     source /home/nat/dev/trinners/mai_proj/hls/thesis-gcn-accelerator/vitis/integrated_gcn/spmm_kernel/spmm_stage/hls/.autopilot/db/global.setting.tcl 
INFO: [IMPL 213-8] Starting RTL evaluation using Vivado ...
INFO-FLOW: DBG:PUTS: automg_wrap -rtl vlog -tool Vivado -impltomg_flag
INFO-FLOW: DBG:PROC: ::AESL_AUTOMG::auto_generate args='-rtl vlog -tool Vivado -impltomg_flag'
INFO-FLOW: DBG:PUTS:     auto_generate -rtl vlog -tool Vivado -impltomg_flag
Execute     source /home/nat/dev/trinners/mai_proj/hls/thesis-gcn-accelerator/vitis/integrated_gcn/spmm_kernel/spmm_stage/hls/.autopilot/db/global.setting.tcl 
INFO-FLOW: DBG:PUTS: read_platform_lib /home/nat/dev/trinners/mai_proj/hls/thesis-gcn-accelerator/vitis/integrated_gcn/spmm_kernel/spmm_stage/hls/.autopilot/db/global.setting.tcl
Execute     source /opt/Xilinx/2025.2/Vitis/common/technology/generic/autopilot/common.gen 
Execute       source /opt/Xilinx/2025.2/Vitis/common/technology/generic/autopilot/APCoreGen.gen 
Execute     source /opt/Xilinx/2025.2/Vitis/common/technology/generic/autopilot/op.gen 
Execute     source /opt/Xilinx/2025.2/Vitis/common/technology/generic/autopilot/op_simcore.gen 
Execute     source /opt/Xilinx/2025.2/Vitis/common/technology/generic/autopilot/interface.gen 
Execute     source /home/nat/dev/trinners/mai_proj/hls/thesis-gcn-accelerator/vitis/integrated_gcn/spmm_kernel/spmm_stage/hls/.autopilot/db/global.setting.tcl 
Execute     source /opt/Xilinx/2025.2/Vitis/common/technology/xilinx/common/xilinx.gen 
Execute       source /opt/Xilinx/2025.2/Vitis/common/technology/xilinx/interface/plb46.gen 
Execute       source /opt/Xilinx/2025.2/Vitis/common/technology/xilinx/interface/axi4.gen 
Execute       source /opt/Xilinx/2025.2/Vitis/common/technology/xilinx/interface/nativeAXI4.gen 
Execute         source /opt/Xilinx/2025.2/Vitis/common/technology/xilinx/interface/saxilite.gen 
Execute       source /opt/Xilinx/2025.2/Vitis/common/technology/xilinx/scripts/xilinxcoregen.gen 
Execute       source /opt/Xilinx/2025.2/Vitis/common/technology/xilinx/interface/XilEDKCoreGen.gen 
Execute       source /opt/Xilinx/2025.2/Vitis/common/technology/xilinx/ip/xfir.gen 
Execute       source /opt/Xilinx/2025.2/Vitis/common/technology/xilinx/ip/util.gen 
Execute       source /opt/Xilinx/2025.2/Vitis/common/technology/xilinx/ip/xfft.gen 
Execute       source /opt/Xilinx/2025.2/Vitis/common/technology/xilinx/ip/dds_compiler.gen 
Execute       source /opt/Xilinx/2025.2/Vitis/common/technology/xilinx/DSP48/dsp48.gen 
INFO-FLOW: DBG:PUTS:       generate_syn_sh
Execute     ap_part_info -name xck26-sfvc784-2LV-c -data names -quiet 
Execute     ap_part_info -name xck26-sfvc784-2LV-c -data info -quiet 
Execute     source /home/nat/dev/trinners/mai_proj/hls/thesis-gcn-accelerator/vitis/integrated_gcn/spmm_kernel/spmm_stage/hls/.autopilot/db/global.setting.tcl 
INFO-FLOW: DBG:PUTS:       generate_imp_constraints
Execute     ap_part_info -name xck26-sfvc784-2LV-c -data names -quiet 
Execute     ap_part_info -name xck26-sfvc784-2LV-c -data info -quiet 
Execute     source /home/nat/dev/trinners/mai_proj/hls/thesis-gcn-accelerator/vitis/integrated_gcn/spmm_kernel/spmm_stage/hls/.autopilot/db/spmm_stage.constraint.tcl 
Execute     source /home/nat/dev/trinners/mai_proj/hls/thesis-gcn-accelerator/vitis/integrated_gcn/spmm_kernel/spmm_stage/hls/.autopilot/db/spmm_stage.tbgen.tcl 
INFO-FLOW: DBG:PUTS:       delete-temp-dirs pwd=/home/nat/dev/trinners/mai_proj/hls/thesis-gcn-accelerator/vitis/integrated_gcn/spmm_kernel/spmm_stage/hls
Execute     ap_part_info -name xck26-sfvc784-2LV-c -data names -quiet 
Execute     ap_part_info -name xck26-sfvc784-2LV-c -data info -quiet 
INFO-FLOW: DBG:PUTS: read_platform_lib /home/nat/dev/trinners/mai_proj/hls/thesis-gcn-accelerator/vitis/integrated_gcn/spmm_kernel/spmm_stage/hls/.autopilot/db/global.setting.tcl
Execute     source /opt/Xilinx/2025.2/Vitis/common/technology/generic/autopilot/common.gen 
Execute       source /opt/Xilinx/2025.2/Vitis/common/technology/generic/autopilot/APCoreGen.gen 
Execute     source /opt/Xilinx/2025.2/Vitis/common/technology/generic/autopilot/op.gen 
Execute     source /opt/Xilinx/2025.2/Vitis/common/technology/generic/autopilot/op_simcore.gen 
Execute     source /opt/Xilinx/2025.2/Vitis/common/technology/generic/autopilot/interface.gen 
Execute     source /home/nat/dev/trinners/mai_proj/hls/thesis-gcn-accelerator/vitis/integrated_gcn/spmm_kernel/spmm_stage/hls/.autopilot/db/global.setting.tcl 
Execute     source /opt/Xilinx/2025.2/Vitis/common/technology/xilinx/common/xilinx.gen 
Execute       source /opt/Xilinx/2025.2/Vitis/common/technology/xilinx/interface/plb46.gen 
Execute       source /opt/Xilinx/2025.2/Vitis/common/technology/xilinx/interface/axi4.gen 
Execute       source /opt/Xilinx/2025.2/Vitis/common/technology/xilinx/interface/nativeAXI4.gen 
Execute         source /opt/Xilinx/2025.2/Vitis/common/technology/xilinx/interface/saxilite.gen 
Execute       source /opt/Xilinx/2025.2/Vitis/common/technology/xilinx/scripts/xilinxcoregen.gen 
Execute       source /opt/Xilinx/2025.2/Vitis/common/technology/xilinx/interface/XilEDKCoreGen.gen 
Execute       source /opt/Xilinx/2025.2/Vitis/common/technology/xilinx/ip/xfir.gen 
Execute       source /opt/Xilinx/2025.2/Vitis/common/technology/xilinx/ip/util.gen 
Execute       source /opt/Xilinx/2025.2/Vitis/common/technology/xilinx/ip/xfft.gen 
Execute       source /opt/Xilinx/2025.2/Vitis/common/technology/xilinx/ip/dds_compiler.gen 
Execute       source /opt/Xilinx/2025.2/Vitis/common/technology/xilinx/DSP48/dsp48.gen 
Execute     source /home/nat/dev/trinners/mai_proj/hls/thesis-gcn-accelerator/vitis/integrated_gcn/spmm_kernel/spmm_stage/hls/.autopilot/db/autopilot.rtl.models.tcl 
Execute     source /home/nat/dev/trinners/mai_proj/hls/thesis-gcn-accelerator/vitis/integrated_gcn/spmm_kernel/spmm_stage/hls/.autopilot/db/global.setting.tcl 
Execute     ap_part_info -name xck26-sfvc784-2LV-c -data names -quiet 
Execute     ap_part_info -name xck26-sfvc784-2LV-c -data info -quiet 
INFO-FLOW: DBG:PUTS: debug_in_auto_impl: vlog exec /home/nat/dev/trinners/mai_proj/hls/thesis-gcn-accelerator/vitis/integrated_gcn/spmm_kernel/spmm_stage/hls/impl/verilog/impl.sh
INFO-FLOW: DBG:PROC: ::HLSREPORTS::auto_impl_report topinfo_dict='RtlTopPrefix {} RtlSubPrefix spmm_stage_ TopModuleNoPrefix spmm_stage TopModuleWithPrefix spmm_stage' export_design_flow='impl' impl_dir='/home/nat/dev/trinners/mai_proj/hls/thesis-gcn-accelerator/vitis/integrated_gcn/spmm_kernel/spmm_stage/hls/impl' lang='verilog' out_dir='' flow_names=''
INFO-FLOW: Running: auto_impl_report read csynth_xml
INFO-FLOW: Done: auto_impl_report read csynth_xml time: 0 seconds 
INFO-FLOW: Running: auto_impl_report gen module_node_dict
INFO-FLOW: Done: auto_impl_report gen module_node_dict time: 0 seconds 
INFO-FLOW: Running: auto_impl_report get_csynth_rtlinst_dict
INFO-FLOW: Done: auto_impl_report get_csynth_rtlinst_dict time: 0 seconds 
INFO-FLOW: DBG:PUTS:     auto_impl_report: impl processing xml
INFO-FLOW: Running: auto_impl_report flow=impl process xml nodes: RtlModule (126)
INFO-FLOW: Done: auto_impl_report flow=impl process xml nodes: RtlModule (126) time: 0 seconds 
INFO-FLOW: Running: auto_impl_report flow=impl process xml nodes: TimingPaths (5)
INFO-FLOW: Done: auto_impl_report flow=impl process xml nodes: TimingPaths (5) time: 0 seconds 
Execute     ap_part_info -quiet -data family -name xck26-sfvc784-2LV-c 
INFO-FLOW: Running: auto_impl_report flow=impl write xml /home/nat/dev/trinners/mai_proj/hls/thesis-gcn-accelerator/vitis/integrated_gcn/spmm_kernel/spmm_stage/hls/impl/report/verilog/export_impl.xml
INFO-FLOW: Done: auto_impl_report flow=impl write xml /home/nat/dev/trinners/mai_proj/hls/thesis-gcn-accelerator/vitis/integrated_gcn/spmm_kernel/spmm_stage/hls/impl/report/verilog/export_impl.xml time: 0 seconds 
INFO-FLOW: Running: auto_impl_report flow=impl auto_impl_report_txt /home/nat/dev/trinners/mai_proj/hls/thesis-gcn-accelerator/vitis/integrated_gcn/spmm_kernel/spmm_stage/hls/impl/report/verilog/export_impl.rpt
INFO-FLOW: DBG:PROC: ::HLSREPORTS::auto_impl_report_txt xml_root='domNode0x7dc641f56088' export_design_flow='impl' export_rpt='/home/nat/dev/trinners/mai_proj/hls/thesis-gcn-accelerator/vitis/integrated_gcn/spmm_kernel/spmm_stage/hls/impl/report/verilog/export_impl.rpt' rpt_txt_var=''
INFO-FLOW: DBG:PUTS:     wrote export rpt file: export_impl.rpt
INFO-FLOW: Done: auto_impl_report flow=impl auto_impl_report_txt /home/nat/dev/trinners/mai_proj/hls/thesis-gcn-accelerator/vitis/integrated_gcn/spmm_kernel/spmm_stage/hls/impl/report/verilog/export_impl.rpt time: 0 seconds 
INFO-FLOW: DBG:PUTS:     auto_impl_report: syn processing xml
INFO-FLOW: Running: auto_impl_report flow=syn process xml nodes: RtlModule (126)
INFO-FLOW: Done: auto_impl_report flow=syn process xml nodes: RtlModule (126) time: 0 seconds 
INFO-FLOW: Running: auto_impl_report flow=syn process xml nodes: TimingPaths (5)
INFO-FLOW: Done: auto_impl_report flow=syn process xml nodes: TimingPaths (5) time: 0 seconds 
Execute     ap_part_info -quiet -data family -name xck26-sfvc784-2LV-c 
INFO-FLOW: Running: auto_impl_report flow=syn write xml /home/nat/dev/trinners/mai_proj/hls/thesis-gcn-accelerator/vitis/integrated_gcn/spmm_kernel/spmm_stage/hls/impl/report/verilog/export_syn.xml
INFO-FLOW: Done: auto_impl_report flow=syn write xml /home/nat/dev/trinners/mai_proj/hls/thesis-gcn-accelerator/vitis/integrated_gcn/spmm_kernel/spmm_stage/hls/impl/report/verilog/export_syn.xml time: 0 seconds 
INFO-FLOW: Running: auto_impl_report flow=syn auto_impl_report_txt /home/nat/dev/trinners/mai_proj/hls/thesis-gcn-accelerator/vitis/integrated_gcn/spmm_kernel/spmm_stage/hls/impl/report/verilog/export_syn.rpt
INFO-FLOW: DBG:PROC: ::HLSREPORTS::auto_impl_report_txt xml_root='domNode0x7dc641d8e8e8' export_design_flow='syn' export_rpt='/home/nat/dev/trinners/mai_proj/hls/thesis-gcn-accelerator/vitis/integrated_gcn/spmm_kernel/spmm_stage/hls/impl/report/verilog/export_syn.rpt' rpt_txt_var=''
INFO-FLOW: DBG:PUTS:     wrote export rpt file: export_syn.rpt
INFO-FLOW: Done: auto_impl_report flow=syn auto_impl_report_txt /home/nat/dev/trinners/mai_proj/hls/thesis-gcn-accelerator/vitis/integrated_gcn/spmm_kernel/spmm_stage/hls/impl/report/verilog/export_syn.rpt time: 0 seconds 
Execute     send_msg_by_id INFO @200-802@%s spmm_stage/spmm_stage.zip 
INFO: [HLS 200-802] Generated output file spmm_stage/spmm_stage.zip
Command   export_design done; 249.78 sec.
Execute   close_project 
Execute     close_solution 
Execute       cleanup_all 
Execute       cleanup_all 
