

================================================================
== Vitis HLS Report for 'spmm_store'
================================================================
* Date:           Wed Apr 15 14:24:43 2026

* Version:        2025.2 (Build 6295257 on Nov 14 2025)
* Project:        spmm_stage
* Solution:       hls (Vivado IP Flow Target)
* Product family: zynquplus
* Target device:  xck26-sfvc784-2LV-c


================================================================
== Performance Estimates
================================================================
+ Timing: 
    * Summary: 
    +--------+----------+----------+------------+
    |  Clock |  Target  | Estimated| Uncertainty|
    +--------+----------+----------+------------+
    |ap_clk  |  10.00 ns|  7.300 ns|     2.70 ns|
    +--------+----------+----------+------------+

+ Latency: 
    * Summary: 
    +---------+---------+----------+----------+--------+--------+------------------------------------------------+
    |  Latency (cycles) |  Latency (absolute) |     Interval    |                    Pipeline                    |
    |   min   |   max   |    min   |    max   |   min  |   max  |                      Type                      |
    +---------+---------+----------+----------+--------+--------+------------------------------------------------+
    |   173322|   173322|  1.733 ms|  1.733 ms|  173313|  173313|  loop auto-rewind stp (delay=1 clock cycles(s))|
    +---------+---------+----------+----------+--------+--------+------------------------------------------------+

    + Detail: 
        * Instance: 
        N/A

        * Loop: 
        +----------------------------------+---------+---------+----------+-----------+-----------+--------+----------+
        |                                  |  Latency (cycles) | Iteration|  Initiation Interval  |  Trip  |          |
        |             Loop Name            |   min   |   max   |  Latency |  achieved |   target  |  Count | Pipelined|
        +----------------------------------+---------+---------+----------+-----------+-----------+--------+----------+
        |- SPMM_STORE_ROW_SPMM_STORE_FEAT  |   173320|   173320|        10|          1|          1|  173312|       yes|
        +----------------------------------+---------+---------+----------+-----------+-----------+--------+----------+

============================================================
+ Verbose Summary: Synthesis Manager
============================================================
InlineROM: 1
ExposeGlobal: 0
============================================================
+ Verbose Summary: CDFG Model
============================================================
IsTopModel: 0
ResetActiveHigh: 1
IsCombinational: 2
IsDatapathOnly: 0
HasWiredReturn: 1
HasMFsm: 2
HasVarLatency: 1
IsPipeline: 0
IsRtlPipelined: 0
IsInstanceOverlapped: 0
IsDontTouch: 0
HasImplIP: 0
IsGatedGlobalClock: 0

+ Individual pipeline summary: 
  * Pipeline-0: initiation interval (II) = 1, depth = 10


============================================================
+ Verbose Summary: Schedule
============================================================
* Number of FSM states : 10
* Pipeline : 1
  Pipeline-0 : II = 1, D = 10, States = { 1 2 3 4 5 6 7 8 9 10 }
* Dataflow Pipeline: 0

* FSM state transitions: 
1 --> 2 
2 --> 3 
3 --> 4 
4 --> 5 
5 --> 6 
6 --> 7 
7 --> 8 
8 --> 9 
9 --> 10 
10 --> 

* FSM state operations: 

State 1 <SV = 0> <Delay = 1.72>
ST_1 : Operation 13 [1/1] (0.00ns)   --->   "%indvar_flatten2 = alloca i32 1"   --->   Operation 13 'alloca' 'indvar_flatten2' <Predicate = true> <Delay = 0.00>
ST_1 : Operation 14 [1/1] (0.00ns)   --->   "%i = alloca i32 1" [src/integrated-gcn/spmm_stage.cpp:94]   --->   Operation 14 'alloca' 'i' <Predicate = true> <Delay = 0.00>
ST_1 : Operation 15 [1/1] (0.00ns)   --->   "%out_vec = alloca i32 1" [src/integrated-gcn/spmm_stage.cpp:91]   --->   Operation 15 'alloca' 'out_vec' <Predicate = true> <Delay = 0.00>
ST_1 : Operation 16 [1/1] (0.00ns)   --->   "%f = alloca i32 1" [src/integrated-gcn/spmm_stage.cpp:96]   --->   Operation 16 'alloca' 'f' <Predicate = true> <Delay = 0.00>
ST_1 : Operation 17 [1/1] (0.00ns)   --->   "%i_2 = alloca i32 1" [src/integrated-gcn/spmm_stage.cpp:94]   --->   Operation 17 'alloca' 'i_2' <Predicate = true> <Delay = 0.00>
ST_1 : Operation 18 [1/1] (0.00ns)   --->   "%H_out_18 = alloca i32 1"   --->   Operation 18 'alloca' 'H_out_18' <Predicate = true> <Delay = 0.00>
ST_1 : Operation 19 [1/1] (0.00ns)   --->   "%specinterface_ln0 = specinterface void @_ssdm_op_SpecInterface, i64 %H_out, void @ap_fifo_str, i32 0, i32 0, void @p_str, i32 0, i32 0, void @p_str, void @p_str, void @p_str, i32 2, i32 2, i32 16, i32 16, void @p_str, void @ScalarProp_str, i32 4294967295, i32 0, i32 0, i32 0"   --->   Operation 19 'specinterface' 'specinterface_ln0' <Predicate = true> <Delay = 0.00>
ST_1 : Operation 20 [1/1] (0.00ns)   --->   "%specinterface_ln0 = specinterface void @_ssdm_op_SpecInterface, i16 %result_fifo, void @empty_18, i32 0, i32 0, void @empty_7, i32 0, i32 0, void @empty_7, void @empty_7, void @empty_7, i32 0, i32 0, i32 0, i32 0, void @empty_7, void @empty_7, i32 4294967295, i32 0, i32 0, i32 0"   --->   Operation 20 'specinterface' 'specinterface_ln0' <Predicate = true> <Delay = 0.00>
ST_1 : Operation 21 [1/1] (0.00ns)   --->   "%specinterface_ln0 = specinterface void @_ssdm_op_SpecInterface, i512 %gmem4, void @empty, i32 0, i32 0, void @empty_7, i32 0, i32 0, void @empty_21, void @empty_19, void @empty_7, i32 16, i32 16, i32 16, i32 16, void @empty_7, void @empty_7, i32 4294967295, i32 0, i32 0, i32 64"   --->   Operation 21 'specinterface' 'specinterface_ln0' <Predicate = true> <Delay = 0.00>
ST_1 : Operation 22 [1/1] (0.42ns)   --->   "%store_ln94 = store i12 1, i12 %i_2" [src/integrated-gcn/spmm_stage.cpp:94]   --->   Operation 22 'store' 'store_ln94' <Predicate = true> <Delay = 0.42>
ST_1 : Operation 23 [1/1] (0.42ns)   --->   "%store_ln96 = store i7 0, i7 %f" [src/integrated-gcn/spmm_stage.cpp:96]   --->   Operation 23 'store' 'store_ln96' <Predicate = true> <Delay = 0.42>
ST_1 : Operation 24 [1/1] (0.42ns)   --->   "%store_ln94 = store i12 0, i12 %i" [src/integrated-gcn/spmm_stage.cpp:94]   --->   Operation 24 'store' 'store_ln94' <Predicate = true> <Delay = 0.42>
ST_1 : Operation 25 [1/1] (0.42ns)   --->   "%store_ln0 = store i18 0, i18 %indvar_flatten2"   --->   Operation 25 'store' 'store_ln0' <Predicate = true> <Delay = 0.42>
ST_1 : Operation 26 [1/1] (0.42ns)   --->   "%br_ln0 = br void %new.header"   --->   Operation 26 'br' 'br_ln0' <Predicate = true> <Delay = 0.42>
ST_1 : Operation 27 [1/1] (0.00ns)   --->   "%first_iter_0 = phi i1 1, void %entry, i1 0, void %for.inc"   --->   Operation 27 'phi' 'first_iter_0' <Predicate = true> <Delay = 0.00>
ST_1 : Operation 28 [1/1] (0.00ns)   --->   "%icmp_ln966 = phi i1 0, void %entry, i1 %icmp_ln96, void %for.inc" [src/integrated-gcn/spmm_stage.cpp:96]   --->   Operation 28 'phi' 'icmp_ln966' <Predicate = true> <Delay = 0.00>
ST_1 : Operation 29 [1/1] (0.00ns)   --->   "%br_ln0 = br i1 %first_iter_0, void %for.inc7, void %for.first.iter.for.inc7"   --->   Operation 29 'br' 'br_ln0' <Predicate = true> <Delay = 0.00>
ST_1 : Operation 30 [1/1] (0.00ns)   --->   "%indvar_flatten2_load = load i18 %indvar_flatten2" [src/integrated-gcn/spmm_stage.cpp:94]   --->   Operation 30 'load' 'indvar_flatten2_load' <Predicate = true> <Delay = 0.00>
ST_1 : Operation 31 [1/1] (0.87ns)   --->   "%add_ln94 = add i18 %indvar_flatten2_load, i18 1" [src/integrated-gcn/spmm_stage.cpp:94]   --->   Operation 31 'add' 'add_ln94' <Predicate = true> <Delay = 0.87> <CoreInst = "Adder">   --->   Core 1 'Adder' <Latency = 0> <II = 1> <Delay = 0.87> <FuncUnit> <Opcode : 'add' 'sub'> <InPorts = 2> <OutPorts = 1>
ST_1 : Operation 32 [1/1] (0.00ns)   --->   "%indvar_flatten2_load_1 = load i18 %indvar_flatten2" [src/integrated-gcn/spmm_stage.cpp:94]   --->   Operation 32 'load' 'indvar_flatten2_load_1' <Predicate = true> <Delay = 0.00>
ST_1 : Operation 33 [1/1] (0.87ns)   --->   "%icmp_ln94 = icmp_eq  i18 %indvar_flatten2_load_1, i18 173311" [src/integrated-gcn/spmm_stage.cpp:94]   --->   Operation 33 'icmp' 'icmp_ln94' <Predicate = true> <Delay = 0.87> <CoreInst = "Cmp">   --->   Core 9 'Cmp' <Latency = 0> <II = 1> <Delay = 0.87> <FuncUnit> <Opcode : 'seteq' 'setne' 'setle' 'setge' 'setlt' 'setgt'> <InPorts = 2> <OutPorts = 1>
ST_1 : Operation 34 [1/1] (0.42ns)   --->   "%store_ln94 = store i18 %add_ln94, i18 %indvar_flatten2" [src/integrated-gcn/spmm_stage.cpp:94]   --->   Operation 34 'store' 'store_ln94' <Predicate = true> <Delay = 0.42>
ST_1 : Operation 35 [1/1] (0.00ns)   --->   "%br_ln94 = br i1 %icmp_ln94, void %new.header, void %for.end9" [src/integrated-gcn/spmm_stage.cpp:94]   --->   Operation 35 'br' 'br_ln94' <Predicate = true> <Delay = 0.00>

State 2 <SV = 1> <Delay = 1.83>
ST_2 : Operation 36 [1/1] ( I:1.83ns O:1.83ns )   --->   "%H_out_1 = read i64 @_ssdm_op_Read.ap_fifo.i64P0A, i64 %H_out"   --->   Operation 36 'read' 'H_out_1' <Predicate = (first_iter_0)> <Delay = 1.83> <CoreInst = "FIFO_SRL">   --->   Core 80 'FIFO_SRL' <Latency = 0> <II = 1> <Delay = 1.83> <Storage> <Opcode : 'read' 'write' 'nbread' 'nbwrite'> <Ports = 0> <Width = 64> <Depth = 4> <FIFO>
ST_2 : Operation 37 [1/1] (0.00ns)   --->   "%store_ln0 = store i64 %H_out_1, i64 %H_out_18"   --->   Operation 37 'store' 'store_ln0' <Predicate = (first_iter_0)> <Delay = 0.00>
ST_2 : Operation 38 [1/1] (0.00ns)   --->   "%br_ln0 = br void %for.inc7"   --->   Operation 38 'br' 'br_ln0' <Predicate = (first_iter_0)> <Delay = 0.00>

State 3 <SV = 2> <Delay = 1.90>
ST_3 : Operation 39 [1/1] (0.00ns)   --->   "%i_load = load i12 %i" [src/integrated-gcn/spmm_stage.cpp:94]   --->   Operation 39 'load' 'i_load' <Predicate = true> <Delay = 0.00>
ST_3 : Operation 40 [1/1] (0.00ns)   --->   "%f_load = load i7 %f" [src/integrated-gcn/spmm_stage.cpp:91]   --->   Operation 40 'load' 'f_load' <Predicate = true> <Delay = 0.00>
ST_3 : Operation 41 [1/1] (0.00ns)   --->   "%i_2_load = load i12 %i_2" [src/integrated-gcn/spmm_stage.cpp:94]   --->   Operation 41 'load' 'i_2_load' <Predicate = true> <Delay = 0.00>
ST_3 : Operation 42 [1/1] (0.36ns)   --->   "%select_ln91 = select i1 %icmp_ln966, i7 0, i7 %f_load" [src/integrated-gcn/spmm_stage.cpp:91]   --->   Operation 42 'select' 'select_ln91' <Predicate = true> <Delay = 0.36> <CoreInst = "Sel">   --->   Core 73 'Sel' <Latency = 0> <II = 1> <Delay = 0.36> <FuncUnit> <Opcode : 'select'> <InPorts = 3> <OutPorts = 1>
ST_3 : Operation 43 [1/1] (0.37ns)   --->   "%i_4 = select i1 %icmp_ln966, i12 %i_2_load, i12 %i_load" [src/integrated-gcn/spmm_stage.cpp:94]   --->   Operation 43 'select' 'i_4' <Predicate = true> <Delay = 0.37> <CoreInst = "Sel">   --->   Core 73 'Sel' <Latency = 0> <II = 1> <Delay = 0.37> <FuncUnit> <Opcode : 'select'> <InPorts = 3> <OutPorts = 1>
ST_3 : Operation 44 [1/1] (0.00ns)   --->   "%d = trunc i7 %select_ln91" [src/integrated-gcn/spmm_stage.cpp:96]   --->   Operation 44 'trunc' 'd' <Predicate = true> <Delay = 0.00>
ST_3 : Operation 45 [1/1] (0.00ns)   --->   "%tmp = bitselect i1 @_ssdm_op_BitSelect.i1.i7.i32, i7 %select_ln91, i32 5" [src/integrated-gcn/spmm_stage.cpp:98]   --->   Operation 45 'bitselect' 'tmp' <Predicate = true> <Delay = 0.00>
ST_3 : Operation 46 [1/1] (0.78ns)   --->   "%icmp_ln101 = icmp_eq  i5 %d, i5 31" [src/integrated-gcn/spmm_stage.cpp:101]   --->   Operation 46 'icmp' 'icmp_ln101' <Predicate = true> <Delay = 0.78> <CoreInst = "Cmp">   --->   Core 9 'Cmp' <Latency = 0> <II = 1> <Delay = 0.78> <FuncUnit> <Opcode : 'seteq' 'setne' 'setle' 'setge' 'setlt' 'setgt'> <InPorts = 2> <OutPorts = 1>
ST_3 : Operation 47 [1/1] (0.77ns)   --->   "%icmp_ln101_1 = icmp_eq  i7 %select_ln91, i7 63" [src/integrated-gcn/spmm_stage.cpp:101]   --->   Operation 47 'icmp' 'icmp_ln101_1' <Predicate = true> <Delay = 0.77> <CoreInst = "Cmp">   --->   Core 9 'Cmp' <Latency = 0> <II = 1> <Delay = 0.77> <FuncUnit> <Opcode : 'seteq' 'setne' 'setle' 'setge' 'setlt' 'setgt'> <InPorts = 2> <OutPorts = 1>
ST_3 : Operation 48 [1/1] (0.28ns)   --->   "%or_ln101 = or i1 %icmp_ln101, i1 %icmp_ln101_1" [src/integrated-gcn/spmm_stage.cpp:101]   --->   Operation 48 'or' 'or_ln101' <Predicate = true> <Delay = 0.28> <CoreInst = "LogicGate">   --->   Core 74 'LogicGate' <Latency = 0> <II = 1> <Delay = 0.28> <FuncUnit> <Opcode : 'and' 'or' 'xor'> <InPorts = 2> <OutPorts = 1>
ST_3 : Operation 49 [1/1] (0.00ns)   --->   "%br_ln101 = br i1 %or_ln101, void %for.inc, void %if.then" [src/integrated-gcn/spmm_stage.cpp:101]   --->   Operation 49 'br' 'br_ln101' <Predicate = true> <Delay = 0.00>
ST_3 : Operation 50 [1/1] (0.00ns)   --->   "%H_out_18_load = load i64 %H_out_18" [src/integrated-gcn/spmm_stage.cpp:102]   --->   Operation 50 'load' 'H_out_18_load' <Predicate = (or_ln101)> <Delay = 0.00>
ST_3 : Operation 51 [1/1] (0.00ns)   --->   "%shl_ln102_1 = bitconcatenate i19 @_ssdm_op_BitConcatenate.i19.i12.i1.i6, i12 %i_4, i1 %tmp, i6 0" [src/integrated-gcn/spmm_stage.cpp:102]   --->   Operation 51 'bitconcatenate' 'shl_ln102_1' <Predicate = (or_ln101)> <Delay = 0.00>
ST_3 : Operation 52 [1/1] (0.00ns)   --->   "%zext_ln102 = zext i19 %shl_ln102_1" [src/integrated-gcn/spmm_stage.cpp:102]   --->   Operation 52 'zext' 'zext_ln102' <Predicate = (or_ln101)> <Delay = 0.00>
ST_3 : Operation 53 [1/1] (1.08ns)   --->   "%add_ln102 = add i64 %H_out_18_load, i64 %zext_ln102" [src/integrated-gcn/spmm_stage.cpp:102]   --->   Operation 53 'add' 'add_ln102' <Predicate = (or_ln101)> <Delay = 1.08> <CoreInst = "Adder">   --->   Core 1 'Adder' <Latency = 0> <II = 1> <Delay = 1.08> <FuncUnit> <Opcode : 'add' 'sub'> <InPorts = 2> <OutPorts = 1>
ST_3 : Operation 54 [1/1] (0.00ns)   --->   "%trunc_ln102_30 = partselect i58 @_ssdm_op_PartSelect.i58.i64.i32.i32, i64 %add_ln102, i32 6, i32 63" [src/integrated-gcn/spmm_stage.cpp:102]   --->   Operation 54 'partselect' 'trunc_ln102_30' <Predicate = (or_ln101)> <Delay = 0.00>
ST_3 : Operation 55 [1/1] (0.77ns)   --->   "%f_2 = add i7 %select_ln91, i7 1" [src/integrated-gcn/spmm_stage.cpp:96]   --->   Operation 55 'add' 'f_2' <Predicate = true> <Delay = 0.77> <CoreInst = "Adder">   --->   Core 1 'Adder' <Latency = 0> <II = 1> <Delay = 0.77> <FuncUnit> <Opcode : 'add' 'sub'> <InPorts = 2> <OutPorts = 1>
ST_3 : Operation 56 [1/1] (0.77ns)   --->   "%icmp_ln96 = icmp_eq  i7 %f_2, i7 64" [src/integrated-gcn/spmm_stage.cpp:96]   --->   Operation 56 'icmp' 'icmp_ln96' <Predicate = true> <Delay = 0.77> <CoreInst = "Cmp">   --->   Core 9 'Cmp' <Latency = 0> <II = 1> <Delay = 0.77> <FuncUnit> <Opcode : 'seteq' 'setne' 'setle' 'setge' 'setlt' 'setgt'> <InPorts = 2> <OutPorts = 1>
ST_3 : Operation 57 [1/1] (0.80ns)   --->   "%i_5 = add i12 %i_4, i12 1" [src/integrated-gcn/spmm_stage.cpp:94]   --->   Operation 57 'add' 'i_5' <Predicate = true> <Delay = 0.80> <CoreInst = "Adder">   --->   Core 1 'Adder' <Latency = 0> <II = 1> <Delay = 0.80> <FuncUnit> <Opcode : 'add' 'sub'> <InPorts = 2> <OutPorts = 1>
ST_3 : Operation 58 [1/1] (0.42ns)   --->   "%store_ln94 = store i12 %i_5, i12 %i_2" [src/integrated-gcn/spmm_stage.cpp:94]   --->   Operation 58 'store' 'store_ln94' <Predicate = true> <Delay = 0.42>
ST_3 : Operation 59 [1/1] (0.42ns)   --->   "%store_ln96 = store i7 %f_2, i7 %f" [src/integrated-gcn/spmm_stage.cpp:96]   --->   Operation 59 'store' 'store_ln96' <Predicate = true> <Delay = 0.42>
ST_3 : Operation 60 [1/1] (0.42ns)   --->   "%store_ln94 = store i12 %i_4, i12 %i" [src/integrated-gcn/spmm_stage.cpp:94]   --->   Operation 60 'store' 'store_ln94' <Predicate = true> <Delay = 0.42>

State 4 <SV = 3> <Delay = 7.30>
ST_4 : Operation 61 [1/1] (0.00ns)   --->   "%out_vec_load = load i512 %out_vec" [src/integrated-gcn/spmm_stage.cpp:100]   --->   Operation 61 'load' 'out_vec_load' <Predicate = true> <Delay = 0.00>
ST_4 : Operation 62 [1/1] (0.00ns)   --->   "%specloopname_ln0 = specloopname void @_ssdm_op_SpecLoopName, void @SPMM_STORE_ROW_SPMM_STORE_FEAT_str"   --->   Operation 62 'specloopname' 'specloopname_ln0' <Predicate = true> <Delay = 0.00>
ST_4 : Operation 63 [1/1] (0.00ns)   --->   "%speclooptripcount_ln0 = speclooptripcount void @_ssdm_op_SpecLoopTripCount, i64 173312, i64 173312, i64 173312"   --->   Operation 63 'speclooptripcount' 'speclooptripcount_ln0' <Predicate = true> <Delay = 0.00>
ST_4 : Operation 64 [1/1] (0.00ns)   --->   "%specpipeline_ln97 = specpipeline void @_ssdm_op_SpecPipeline, i32 1, i32 0, i32 0, i32 0, i32 4294967295, void @empty_7" [src/integrated-gcn/spmm_stage.cpp:97]   --->   Operation 64 'specpipeline' 'specpipeline_ln97' <Predicate = true> <Delay = 0.00>
ST_4 : Operation 65 [1/1] ( I:1.63ns O:1.63ns )   --->   "%result_fifo_read = read i16 @_ssdm_op_Read.ap_fifo.volatile.i16P0A, i16 %result_fifo" [src/integrated-gcn/spmm_stage.cpp:100]   --->   Operation 65 'read' 'result_fifo_read' <Predicate = true> <Delay = 1.63> <CoreInst = "FIFO_SRL">   --->   Core 80 'FIFO_SRL' <Latency = 0> <II = 1> <Delay = 1.63> <Storage> <Opcode : 'read' 'write' 'nbread' 'nbwrite'> <Ports = 0> <Width = 16> <Depth = 32> <FIFO>
ST_4 : Operation 66 [1/1] (0.00ns)   --->   "%shl_ln = bitconcatenate i9 @_ssdm_op_BitConcatenate.i9.i5.i4, i5 %d, i4 0" [src/integrated-gcn/spmm_stage.cpp:100]   --->   Operation 66 'bitconcatenate' 'shl_ln' <Predicate = true> <Delay = 0.00>
ST_4 : Operation 67 [1/1] (0.00ns)   --->   "%zext_ln100 = zext i9 %shl_ln" [src/integrated-gcn/spmm_stage.cpp:100]   --->   Operation 67 'zext' 'zext_ln100' <Predicate = true> <Delay = 0.00>
ST_4 : Operation 68 [1/1] (1.23ns)   --->   "%shl_ln100 = shl i512 65535, i512 %zext_ln100" [src/integrated-gcn/spmm_stage.cpp:100]   --->   Operation 68 'shl' 'shl_ln100' <Predicate = true> <Delay = 1.23> <CoreInst = "Shifter">   --->   Core 75 'Shifter' <Latency = 0> <II = 1> <Delay = 1.23> <FuncUnit> <Opcode : 'shl' 'lshr' 'ashr'> <InPorts = 2> <OutPorts = 1>
ST_4 : Operation 69 [1/1] (0.00ns)   --->   "%zext_ln100_1 = zext i16 %result_fifo_read" [src/integrated-gcn/spmm_stage.cpp:100]   --->   Operation 69 'zext' 'zext_ln100_1' <Predicate = true> <Delay = 0.00>
ST_4 : Operation 70 [1/1] (0.90ns)   --->   "%shl_ln100_1 = shl i512 %zext_ln100_1, i512 %zext_ln100" [src/integrated-gcn/spmm_stage.cpp:100]   --->   Operation 70 'shl' 'shl_ln100_1' <Predicate = true> <Delay = 0.90> <CoreInst = "Shifter">   --->   Core 75 'Shifter' <Latency = 0> <II = 1> <Delay = 0.90> <FuncUnit> <Opcode : 'shl' 'lshr' 'ashr'> <InPorts = 2> <OutPorts = 1>
ST_4 : Operation 71 [1/1] (0.00ns) (grouped into LUT with out node and_ln100_1)   --->   "%trunc_ln100 = trunc i512 %shl_ln100" [src/integrated-gcn/spmm_stage.cpp:100]   --->   Operation 71 'trunc' 'trunc_ln100' <Predicate = true> <Delay = 0.00>
ST_4 : Operation 72 [1/1] (0.00ns) (grouped into LUT with out node or_ln91_29)   --->   "%trunc_ln100_1 = trunc i512 %shl_ln100" [src/integrated-gcn/spmm_stage.cpp:100]   --->   Operation 72 'trunc' 'trunc_ln100_1' <Predicate = true> <Delay = 0.00>
ST_4 : Operation 73 [1/1] (0.00ns) (grouped into LUT with out node or_ln91_28)   --->   "%trunc_ln100_2 = trunc i512 %shl_ln100" [src/integrated-gcn/spmm_stage.cpp:100]   --->   Operation 73 'trunc' 'trunc_ln100_2' <Predicate = true> <Delay = 0.00>
ST_4 : Operation 74 [1/1] (0.00ns) (grouped into LUT with out node or_ln91_27)   --->   "%trunc_ln100_3 = trunc i512 %shl_ln100" [src/integrated-gcn/spmm_stage.cpp:100]   --->   Operation 74 'trunc' 'trunc_ln100_3' <Predicate = true> <Delay = 0.00>
ST_4 : Operation 75 [1/1] (0.00ns) (grouped into LUT with out node or_ln91_26)   --->   "%trunc_ln100_4 = trunc i512 %shl_ln100" [src/integrated-gcn/spmm_stage.cpp:100]   --->   Operation 75 'trunc' 'trunc_ln100_4' <Predicate = true> <Delay = 0.00>
ST_4 : Operation 76 [1/1] (0.00ns) (grouped into LUT with out node or_ln91_25)   --->   "%trunc_ln100_5 = trunc i512 %shl_ln100" [src/integrated-gcn/spmm_stage.cpp:100]   --->   Operation 76 'trunc' 'trunc_ln100_5' <Predicate = true> <Delay = 0.00>
ST_4 : Operation 77 [1/1] (0.00ns) (grouped into LUT with out node or_ln91_24)   --->   "%trunc_ln100_6 = trunc i512 %shl_ln100" [src/integrated-gcn/spmm_stage.cpp:100]   --->   Operation 77 'trunc' 'trunc_ln100_6' <Predicate = true> <Delay = 0.00>
ST_4 : Operation 78 [1/1] (0.00ns) (grouped into LUT with out node or_ln91_23)   --->   "%trunc_ln100_7 = trunc i512 %shl_ln100" [src/integrated-gcn/spmm_stage.cpp:100]   --->   Operation 78 'trunc' 'trunc_ln100_7' <Predicate = true> <Delay = 0.00>
ST_4 : Operation 79 [1/1] (0.00ns) (grouped into LUT with out node or_ln91_22)   --->   "%trunc_ln100_8 = trunc i512 %shl_ln100" [src/integrated-gcn/spmm_stage.cpp:100]   --->   Operation 79 'trunc' 'trunc_ln100_8' <Predicate = true> <Delay = 0.00>
ST_4 : Operation 80 [1/1] (0.00ns) (grouped into LUT with out node or_ln91_21)   --->   "%trunc_ln100_9 = trunc i512 %shl_ln100" [src/integrated-gcn/spmm_stage.cpp:100]   --->   Operation 80 'trunc' 'trunc_ln100_9' <Predicate = true> <Delay = 0.00>
ST_4 : Operation 81 [1/1] (0.00ns) (grouped into LUT with out node or_ln91_20)   --->   "%trunc_ln100_10 = trunc i512 %shl_ln100" [src/integrated-gcn/spmm_stage.cpp:100]   --->   Operation 81 'trunc' 'trunc_ln100_10' <Predicate = true> <Delay = 0.00>
ST_4 : Operation 82 [1/1] (0.00ns) (grouped into LUT with out node or_ln91_19)   --->   "%trunc_ln100_11 = trunc i512 %shl_ln100" [src/integrated-gcn/spmm_stage.cpp:100]   --->   Operation 82 'trunc' 'trunc_ln100_11' <Predicate = true> <Delay = 0.00>
ST_4 : Operation 83 [1/1] (0.00ns) (grouped into LUT with out node or_ln91_18)   --->   "%trunc_ln100_12 = trunc i512 %shl_ln100" [src/integrated-gcn/spmm_stage.cpp:100]   --->   Operation 83 'trunc' 'trunc_ln100_12' <Predicate = true> <Delay = 0.00>
ST_4 : Operation 84 [1/1] (0.00ns) (grouped into LUT with out node or_ln91_17)   --->   "%trunc_ln100_13 = trunc i512 %shl_ln100" [src/integrated-gcn/spmm_stage.cpp:100]   --->   Operation 84 'trunc' 'trunc_ln100_13' <Predicate = true> <Delay = 0.00>
ST_4 : Operation 85 [1/1] (0.00ns) (grouped into LUT with out node or_ln91_16)   --->   "%trunc_ln100_14 = trunc i512 %shl_ln100" [src/integrated-gcn/spmm_stage.cpp:100]   --->   Operation 85 'trunc' 'trunc_ln100_14' <Predicate = true> <Delay = 0.00>
ST_4 : Operation 86 [1/1] (0.00ns) (grouped into LUT with out node or_ln91_15)   --->   "%trunc_ln100_15 = trunc i512 %shl_ln100" [src/integrated-gcn/spmm_stage.cpp:100]   --->   Operation 86 'trunc' 'trunc_ln100_15' <Predicate = true> <Delay = 0.00>
ST_4 : Operation 87 [1/1] (0.00ns) (grouped into LUT with out node or_ln91_14)   --->   "%trunc_ln100_16 = trunc i512 %shl_ln100" [src/integrated-gcn/spmm_stage.cpp:100]   --->   Operation 87 'trunc' 'trunc_ln100_16' <Predicate = true> <Delay = 0.00>
ST_4 : Operation 88 [1/1] (0.00ns) (grouped into LUT with out node or_ln91_13)   --->   "%trunc_ln100_17 = trunc i512 %shl_ln100" [src/integrated-gcn/spmm_stage.cpp:100]   --->   Operation 88 'trunc' 'trunc_ln100_17' <Predicate = true> <Delay = 0.00>
ST_4 : Operation 89 [1/1] (0.00ns) (grouped into LUT with out node or_ln91_12)   --->   "%trunc_ln100_18 = trunc i512 %shl_ln100" [src/integrated-gcn/spmm_stage.cpp:100]   --->   Operation 89 'trunc' 'trunc_ln100_18' <Predicate = true> <Delay = 0.00>
ST_4 : Operation 90 [1/1] (0.00ns) (grouped into LUT with out node or_ln91_11)   --->   "%trunc_ln100_19 = trunc i512 %shl_ln100" [src/integrated-gcn/spmm_stage.cpp:100]   --->   Operation 90 'trunc' 'trunc_ln100_19' <Predicate = true> <Delay = 0.00>
ST_4 : Operation 91 [1/1] (0.00ns) (grouped into LUT with out node or_ln91_10)   --->   "%trunc_ln100_20 = trunc i512 %shl_ln100" [src/integrated-gcn/spmm_stage.cpp:100]   --->   Operation 91 'trunc' 'trunc_ln100_20' <Predicate = true> <Delay = 0.00>
ST_4 : Operation 92 [1/1] (0.00ns) (grouped into LUT with out node or_ln91_9)   --->   "%trunc_ln100_21 = trunc i512 %shl_ln100" [src/integrated-gcn/spmm_stage.cpp:100]   --->   Operation 92 'trunc' 'trunc_ln100_21' <Predicate = true> <Delay = 0.00>
ST_4 : Operation 93 [1/1] (0.00ns) (grouped into LUT with out node or_ln91_8)   --->   "%trunc_ln100_22 = trunc i512 %shl_ln100" [src/integrated-gcn/spmm_stage.cpp:100]   --->   Operation 93 'trunc' 'trunc_ln100_22' <Predicate = true> <Delay = 0.00>
ST_4 : Operation 94 [1/1] (0.00ns) (grouped into LUT with out node or_ln91_7)   --->   "%trunc_ln100_23 = trunc i512 %shl_ln100" [src/integrated-gcn/spmm_stage.cpp:100]   --->   Operation 94 'trunc' 'trunc_ln100_23' <Predicate = true> <Delay = 0.00>
ST_4 : Operation 95 [1/1] (0.00ns) (grouped into LUT with out node or_ln91_6)   --->   "%trunc_ln100_24 = trunc i512 %shl_ln100" [src/integrated-gcn/spmm_stage.cpp:100]   --->   Operation 95 'trunc' 'trunc_ln100_24' <Predicate = true> <Delay = 0.00>
ST_4 : Operation 96 [1/1] (0.00ns) (grouped into LUT with out node or_ln91_5)   --->   "%trunc_ln100_25 = trunc i512 %shl_ln100" [src/integrated-gcn/spmm_stage.cpp:100]   --->   Operation 96 'trunc' 'trunc_ln100_25' <Predicate = true> <Delay = 0.00>
ST_4 : Operation 97 [1/1] (0.00ns) (grouped into LUT with out node or_ln91_4)   --->   "%trunc_ln100_26 = trunc i512 %shl_ln100" [src/integrated-gcn/spmm_stage.cpp:100]   --->   Operation 97 'trunc' 'trunc_ln100_26' <Predicate = true> <Delay = 0.00>
ST_4 : Operation 98 [1/1] (0.00ns) (grouped into LUT with out node or_ln91_3)   --->   "%trunc_ln100_27 = trunc i512 %shl_ln100" [src/integrated-gcn/spmm_stage.cpp:100]   --->   Operation 98 'trunc' 'trunc_ln100_27' <Predicate = true> <Delay = 0.00>
ST_4 : Operation 99 [1/1] (0.00ns) (grouped into LUT with out node or_ln91_2)   --->   "%trunc_ln100_28 = trunc i512 %shl_ln100" [src/integrated-gcn/spmm_stage.cpp:100]   --->   Operation 99 'trunc' 'trunc_ln100_28' <Predicate = true> <Delay = 0.00>
ST_4 : Operation 100 [1/1] (0.00ns) (grouped into LUT with out node or_ln91_1)   --->   "%trunc_ln100_29 = trunc i512 %shl_ln100" [src/integrated-gcn/spmm_stage.cpp:100]   --->   Operation 100 'trunc' 'trunc_ln100_29' <Predicate = true> <Delay = 0.00>
ST_4 : Operation 101 [1/1] (0.00ns) (grouped into LUT with out node or_ln91)   --->   "%trunc_ln100_30 = trunc i512 %shl_ln100" [src/integrated-gcn/spmm_stage.cpp:100]   --->   Operation 101 'trunc' 'trunc_ln100_30' <Predicate = true> <Delay = 0.00>
ST_4 : Operation 102 [1/1] (0.00ns) (grouped into LUT with out node out_vec_2)   --->   "%xor_ln100 = xor i512 %shl_ln100, i512 13407807929942597099574024998205846127479365820592393377723561443721764030073546976801874298166903427690031858186486050853753882811946569946433649006084095" [src/integrated-gcn/spmm_stage.cpp:100]   --->   Operation 102 'xor' 'xor_ln100' <Predicate = true> <Delay = 0.00> <CoreInst = "LogicGate">   --->   Core 74 'LogicGate' <Latency = 0> <II = 1> <Delay = 0.37> <FuncUnit> <Opcode : 'and' 'or' 'xor'> <InPorts = 2> <OutPorts = 1>
ST_4 : Operation 103 [1/1] (0.00ns) (grouped into LUT with out node and_ln100_1)   --->   "%xor_ln100_1 = xor i16 %trunc_ln100, i16 65535" [src/integrated-gcn/spmm_stage.cpp:100]   --->   Operation 103 'xor' 'xor_ln100_1' <Predicate = true> <Delay = 0.00> <CoreInst = "LogicGate">   --->   Core 74 'LogicGate' <Latency = 0> <II = 1> <Delay = 0.18> <FuncUnit> <Opcode : 'and' 'or' 'xor'> <InPorts = 2> <OutPorts = 1>
ST_4 : Operation 104 [1/1] (0.00ns) (grouped into LUT with out node and_ln100_1)   --->   "%trunc_ln100_31 = trunc i512 %out_vec_load" [src/integrated-gcn/spmm_stage.cpp:100]   --->   Operation 104 'trunc' 'trunc_ln100_31' <Predicate = true> <Delay = 0.00>
ST_4 : Operation 105 [1/1] (0.00ns) (grouped into LUT with out node or_ln91)   --->   "%xor_ln100_2 = xor i496 %trunc_ln100_30, i496 204583791244958550883592974454495153847234379279548884371554851349048736903553339914584260464265946329959257931041383031453183086142157777547726684160" [src/integrated-gcn/spmm_stage.cpp:100]   --->   Operation 105 'xor' 'xor_ln100_2' <Predicate = true> <Delay = 0.00> <CoreInst = "LogicGate">   --->   Core 74 'LogicGate' <Latency = 0> <II = 1> <Delay = 0.37> <FuncUnit> <Opcode : 'and' 'or' 'xor'> <InPorts = 2> <OutPorts = 1>
ST_4 : Operation 106 [1/1] (0.00ns) (grouped into LUT with out node or_ln91)   --->   "%trunc_ln100_32 = trunc i512 %out_vec_load" [src/integrated-gcn/spmm_stage.cpp:100]   --->   Operation 106 'trunc' 'trunc_ln100_32' <Predicate = true> <Delay = 0.00>
ST_4 : Operation 107 [1/1] (0.00ns) (grouped into LUT with out node or_ln91_1)   --->   "%xor_ln100_3 = xor i480 %trunc_ln100_29, i480 3121700916213356794488418189308092557483434742424757146782758351883678236443379820474002997806792393950794340988790634635210923555635952416194560" [src/integrated-gcn/spmm_stage.cpp:100]   --->   Operation 107 'xor' 'xor_ln100_3' <Predicate = true> <Delay = 0.00> <CoreInst = "LogicGate">   --->   Core 74 'LogicGate' <Latency = 0> <II = 1> <Delay = 0.37> <FuncUnit> <Opcode : 'and' 'or' 'xor'> <InPorts = 2> <OutPorts = 1>
ST_4 : Operation 108 [1/1] (0.00ns) (grouped into LUT with out node or_ln91_1)   --->   "%trunc_ln100_33 = trunc i512 %out_vec_load" [src/integrated-gcn/spmm_stage.cpp:100]   --->   Operation 108 'trunc' 'trunc_ln100_33' <Predicate = true> <Delay = 0.00>
ST_4 : Operation 109 [1/1] (0.00ns) (grouped into LUT with out node or_ln91_2)   --->   "%xor_ln100_4 = xor i464 %trunc_ln100_28, i464 47633375796712597572149935749940377158865886572643389080547460203303195746511532905181930508526495269024571853466653970874190117731261480960" [src/integrated-gcn/spmm_stage.cpp:100]   --->   Operation 109 'xor' 'xor_ln100_4' <Predicate = true> <Delay = 0.00> <CoreInst = "LogicGate">   --->   Core 74 'LogicGate' <Latency = 0> <II = 1> <Delay = 0.37> <FuncUnit> <Opcode : 'and' 'or' 'xor'> <InPorts = 2> <OutPorts = 1>
ST_4 : Operation 110 [1/1] (0.00ns) (grouped into LUT with out node or_ln91_2)   --->   "%trunc_ln100_34 = trunc i512 %out_vec_load" [src/integrated-gcn/spmm_stage.cpp:100]   --->   Operation 110 'trunc' 'trunc_ln100_34' <Predicate = true> <Delay = 0.00>
ST_4 : Operation 111 [1/1] (0.00ns) (grouped into LUT with out node or_ln91_3)   --->   "%xor_ln100_5 = xor i448 %trunc_ln100_27, i448 726827633616830407289885494231267962018827614939016557015189517262316829628166700823698890816139149002450132041422332319247285731983360" [src/integrated-gcn/spmm_stage.cpp:100]   --->   Operation 111 'xor' 'xor_ln100_5' <Predicate = true> <Delay = 0.00> <CoreInst = "LogicGate">   --->   Core 74 'LogicGate' <Latency = 0> <II = 1> <Delay = 0.37> <FuncUnit> <Opcode : 'and' 'or' 'xor'> <InPorts = 2> <OutPorts = 1>
ST_4 : Operation 112 [1/1] (0.00ns) (grouped into LUT with out node or_ln91_3)   --->   "%trunc_ln100_35 = trunc i512 %out_vec_load" [src/integrated-gcn/spmm_stage.cpp:100]   --->   Operation 112 'trunc' 'trunc_ln100_35' <Predicate = true> <Delay = 0.00>
ST_4 : Operation 113 [1/1] (0.00ns) (grouped into LUT with out node or_ln91_4)   --->   "%xor_ln100_6 = xor i432 %trunc_ln100_26, i432 11090509546155249134672325046253478424359552229904427444689781452366894983339945996455366375978685745276643860495335881336170741760" [src/integrated-gcn/spmm_stage.cpp:100]   --->   Operation 113 'xor' 'xor_ln100_6' <Predicate = true> <Delay = 0.00> <CoreInst = "LogicGate">   --->   Core 74 'LogicGate' <Latency = 0> <II = 1> <Delay = 0.37> <FuncUnit> <Opcode : 'and' 'or' 'xor'> <InPorts = 2> <OutPorts = 1>
ST_4 : Operation 114 [1/1] (0.00ns) (grouped into LUT with out node or_ln91_4)   --->   "%trunc_ln100_36 = trunc i512 %out_vec_load" [src/integrated-gcn/spmm_stage.cpp:100]   --->   Operation 114 'trunc' 'trunc_ln100_36' <Predicate = true> <Delay = 0.00>
ST_4 : Operation 115 [1/1] (0.00ns) (grouped into LUT with out node or_ln91_5)   --->   "%xor_ln100_7 = xor i416 %trunc_ln100_25, i416 169227745760425554423100662937217383184197269133063162913357260930891341908873687690053808227213832783151914375234006978396160" [src/integrated-gcn/spmm_stage.cpp:100]   --->   Operation 115 'xor' 'xor_ln100_7' <Predicate = true> <Delay = 0.00> <CoreInst = "LogicGate">   --->   Core 74 'LogicGate' <Latency = 0> <II = 1> <Delay = 0.37> <FuncUnit> <Opcode : 'and' 'or' 'xor'> <InPorts = 2> <OutPorts = 1>
ST_4 : Operation 116 [1/1] (0.00ns) (grouped into LUT with out node or_ln91_5)   --->   "%trunc_ln100_37 = trunc i512 %out_vec_load" [src/integrated-gcn/spmm_stage.cpp:100]   --->   Operation 116 'trunc' 'trunc_ln100_37' <Predicate = true> <Delay = 0.00>
ST_4 : Operation 117 [1/1] (0.00ns) (grouped into LUT with out node or_ln91_6)   --->   "%xor_ln100_8 = xor i400 %trunc_ln100_24, i400 2582210476080712195176706892962911730715900713089953047383991408247243376295069697419033939013882946520262365344757186560" [src/integrated-gcn/spmm_stage.cpp:100]   --->   Operation 117 'xor' 'xor_ln100_8' <Predicate = true> <Delay = 0.00> <CoreInst = "LogicGate">   --->   Core 74 'LogicGate' <Latency = 0> <II = 1> <Delay = 0.37> <FuncUnit> <Opcode : 'and' 'or' 'xor'> <InPorts = 2> <OutPorts = 1>
ST_4 : Operation 118 [1/1] (0.00ns) (grouped into LUT with out node or_ln91_6)   --->   "%trunc_ln100_38 = trunc i512 %out_vec_load" [src/integrated-gcn/spmm_stage.cpp:100]   --->   Operation 118 'trunc' 'trunc_ln100_38' <Predicate = true> <Delay = 0.00>
ST_4 : Operation 119 [1/1] (0.00ns) (grouped into LUT with out node or_ln91_7)   --->   "%xor_ln100_9 = xor i384 %trunc_ln100_23, i384 39401404969493289110972700393110835734800731095732926138061392337757009525986781271652739547941329140018651814952960" [src/integrated-gcn/spmm_stage.cpp:100]   --->   Operation 119 'xor' 'xor_ln100_9' <Predicate = true> <Delay = 0.00> <CoreInst = "LogicGate">   --->   Core 74 'LogicGate' <Latency = 0> <II = 1> <Delay = 0.37> <FuncUnit> <Opcode : 'and' 'or' 'xor'> <InPorts = 2> <OutPorts = 1>
ST_4 : Operation 120 [1/1] (0.00ns) (grouped into LUT with out node or_ln91_7)   --->   "%trunc_ln100_39 = trunc i512 %out_vec_load" [src/integrated-gcn/spmm_stage.cpp:100]   --->   Operation 120 'trunc' 'trunc_ln100_39' <Predicate = true> <Delay = 0.00>
ST_4 : Operation 121 [1/1] (0.00ns) (grouped into LUT with out node or_ln91_8)   --->   "%xor_ln100_10 = xor i368 %trunc_ln100_22, i368 601217727195637346053660589494489070660411546260573213776571538356887962737835407587474663512288347473429135360" [src/integrated-gcn/spmm_stage.cpp:100]   --->   Operation 121 'xor' 'xor_ln100_10' <Predicate = true> <Delay = 0.00> <CoreInst = "LogicGate">   --->   Core 74 'LogicGate' <Latency = 0> <II = 1> <Delay = 0.37> <FuncUnit> <Opcode : 'and' 'or' 'xor'> <InPorts = 2> <OutPorts = 1>
ST_4 : Operation 122 [1/1] (0.00ns) (grouped into LUT with out node or_ln91_8)   --->   "%trunc_ln100_40 = trunc i512 %out_vec_load" [src/integrated-gcn/spmm_stage.cpp:100]   --->   Operation 122 'trunc' 'trunc_ln100_40' <Predicate = true> <Delay = 0.00>
ST_4 : Operation 123 [1/1] (0.00ns) (grouped into LUT with out node or_ln91_9)   --->   "%xor_ln100_11 = xor i352 %trunc_ln100_21, i352 9173854479913899933680123741065812235418877353829547329354424108228881267361990472220987907597173270773760" [src/integrated-gcn/spmm_stage.cpp:100]   --->   Operation 123 'xor' 'xor_ln100_11' <Predicate = true> <Delay = 0.00> <CoreInst = "LogicGate">   --->   Core 74 'LogicGate' <Latency = 0> <II = 1> <Delay = 0.37> <FuncUnit> <Opcode : 'and' 'or' 'xor'> <InPorts = 2> <OutPorts = 1>
ST_4 : Operation 124 [1/1] (0.00ns) (grouped into LUT with out node or_ln91_9)   --->   "%trunc_ln100_41 = trunc i512 %out_vec_load" [src/integrated-gcn/spmm_stage.cpp:100]   --->   Operation 124 'trunc' 'trunc_ln100_41' <Predicate = true> <Delay = 0.00>
ST_4 : Operation 125 [1/1] (0.00ns) (grouped into LUT with out node or_ln91_10)   --->   "%xor_ln100_12 = xor i336 %trunc_ln100_20, i336 139981910399076842249757747513821597830488240872643239278479371768629169729034278445754820367388508160" [src/integrated-gcn/spmm_stage.cpp:100]   --->   Operation 125 'xor' 'xor_ln100_12' <Predicate = true> <Delay = 0.00> <CoreInst = "LogicGate">   --->   Core 74 'LogicGate' <Latency = 0> <II = 1> <Delay = 0.37> <FuncUnit> <Opcode : 'and' 'or' 'xor'> <InPorts = 2> <OutPorts = 1>
ST_4 : Operation 126 [1/1] (0.00ns) (grouped into LUT with out node or_ln91_10)   --->   "%trunc_ln100_42 = trunc i512 %out_vec_load" [src/integrated-gcn/spmm_stage.cpp:100]   --->   Operation 126 'trunc' 'trunc_ln100_42' <Predicate = true> <Delay = 0.00>
ST_4 : Operation 127 [1/1] (0.00ns) (grouped into LUT with out node or_ln91_11)   --->   "%xor_ln100_13 = xor i320 %trunc_ln100_19, i320 2135954443345288730617641411038537564552127698862354114967031429575030055679844336635663152578560" [src/integrated-gcn/spmm_stage.cpp:100]   --->   Operation 127 'xor' 'xor_ln100_13' <Predicate = true> <Delay = 0.00> <CoreInst = "LogicGate">   --->   Core 74 'LogicGate' <Latency = 0> <II = 1> <Delay = 0.37> <FuncUnit> <Opcode : 'and' 'or' 'xor'> <InPorts = 2> <OutPorts = 1>
ST_4 : Operation 128 [1/1] (0.00ns) (grouped into LUT with out node or_ln91_11)   --->   "%trunc_ln100_43 = trunc i512 %out_vec_load" [src/integrated-gcn/spmm_stage.cpp:100]   --->   Operation 128 'trunc' 'trunc_ln100_43' <Predicate = true> <Delay = 0.00>
ST_4 : Operation 129 [1/1] (0.00ns) (grouped into LUT with out node or_ln91_12)   --->   "%xor_ln100_14 = xor i304 %trunc_ln100_18, i304 32592078298115367593652975632301903755983393842504182662460806725693207636716374765558824960" [src/integrated-gcn/spmm_stage.cpp:100]   --->   Operation 129 'xor' 'xor_ln100_14' <Predicate = true> <Delay = 0.00> <CoreInst = "LogicGate">   --->   Core 74 'LogicGate' <Latency = 0> <II = 1> <Delay = 0.37> <FuncUnit> <Opcode : 'and' 'or' 'xor'> <InPorts = 2> <OutPorts = 1>
ST_4 : Operation 130 [1/1] (0.00ns) (grouped into LUT with out node or_ln91_12)   --->   "%trunc_ln100_44 = trunc i512 %out_vec_load" [src/integrated-gcn/spmm_stage.cpp:100]   --->   Operation 130 'trunc' 'trunc_ln100_44' <Predicate = true> <Delay = 0.00>
ST_4 : Operation 131 [1/1] (0.00ns) (grouped into LUT with out node or_ln91_13)   --->   "%xor_ln100_15 = xor i288 %trunc_ln100_17, i288 497315647859426385401198968998747310729727078895632670020459087000933954417669292687360" [src/integrated-gcn/spmm_stage.cpp:100]   --->   Operation 131 'xor' 'xor_ln100_15' <Predicate = true> <Delay = 0.00> <CoreInst = "LogicGate">   --->   Core 74 'LogicGate' <Latency = 0> <II = 1> <Delay = 0.37> <FuncUnit> <Opcode : 'and' 'or' 'xor'> <InPorts = 2> <OutPorts = 1>
ST_4 : Operation 132 [1/1] (0.00ns) (grouped into LUT with out node or_ln91_13)   --->   "%trunc_ln100_45 = trunc i512 %out_vec_load" [src/integrated-gcn/spmm_stage.cpp:100]   --->   Operation 132 'trunc' 'trunc_ln100_45' <Predicate = true> <Delay = 0.00>
ST_4 : Operation 133 [1/1] (0.00ns) (grouped into LUT with out node or_ln91_14)   --->   "%xor_ln100_16 = xor i272 %trunc_ln100_16, i272 7588434568167516867083724502544362041164048445062754364325852767958586950953205760" [src/integrated-gcn/spmm_stage.cpp:100]   --->   Operation 133 'xor' 'xor_ln100_16' <Predicate = true> <Delay = 0.00> <CoreInst = "LogicGate">   --->   Core 74 'LogicGate' <Latency = 0> <II = 1> <Delay = 0.37> <FuncUnit> <Opcode : 'and' 'or' 'xor'> <InPorts = 2> <OutPorts = 1>
ST_4 : Operation 134 [1/1] (0.00ns) (grouped into LUT with out node or_ln91_14)   --->   "%trunc_ln100_46 = trunc i512 %out_vec_load" [src/integrated-gcn/spmm_stage.cpp:100]   --->   Operation 134 'trunc' 'trunc_ln100_46' <Predicate = true> <Delay = 0.00>
ST_4 : Operation 135 [1/1] (0.00ns) (grouped into LUT with out node or_ln91_15)   --->   "%xor_ln100_17 = xor i256 %trunc_ln100_15, i256 115790322390251417039241401711187164934754157181743688420499462401711837020160" [src/integrated-gcn/spmm_stage.cpp:100]   --->   Operation 135 'xor' 'xor_ln100_17' <Predicate = true> <Delay = 0.00> <CoreInst = "LogicGate">   --->   Core 74 'LogicGate' <Latency = 0> <II = 1> <Delay = 0.37> <FuncUnit> <Opcode : 'and' 'or' 'xor'> <InPorts = 2> <OutPorts = 1>
ST_4 : Operation 136 [1/1] (0.00ns) (grouped into LUT with out node or_ln91_15)   --->   "%trunc_ln100_47 = trunc i512 %out_vec_load" [src/integrated-gcn/spmm_stage.cpp:100]   --->   Operation 136 'trunc' 'trunc_ln100_47' <Predicate = true> <Delay = 0.00>
ST_4 : Operation 137 [1/1] (0.00ns) (grouped into LUT with out node or_ln91_16)   --->   "%xor_ln100_18 = xor i240 %trunc_ln100_14, i240 1766820104831717178943502833727831496196810259731196417549125097682370560" [src/integrated-gcn/spmm_stage.cpp:100]   --->   Operation 137 'xor' 'xor_ln100_18' <Predicate = true> <Delay = 0.00> <CoreInst = "LogicGate">   --->   Core 74 'LogicGate' <Latency = 0> <II = 1> <Delay = 0.37> <FuncUnit> <Opcode : 'and' 'or' 'xor'> <InPorts = 2> <OutPorts = 1>
ST_4 : Operation 138 [1/1] (0.00ns) (grouped into LUT with out node or_ln91_16)   --->   "%trunc_ln100_48 = trunc i512 %out_vec_load" [src/integrated-gcn/spmm_stage.cpp:100]   --->   Operation 138 'trunc' 'trunc_ln100_48' <Predicate = true> <Delay = 0.00>
ST_4 : Operation 139 [1/1] (0.00ns) (grouped into LUT with out node or_ln91_17)   --->   "%xor_ln100_19 = xor i224 %trunc_ln100_13, i224 26959535291011309493156476344723991336010898738574164086137773096960" [src/integrated-gcn/spmm_stage.cpp:100]   --->   Operation 139 'xor' 'xor_ln100_19' <Predicate = true> <Delay = 0.00> <CoreInst = "LogicGate">   --->   Core 74 'LogicGate' <Latency = 0> <II = 1> <Delay = 0.37> <FuncUnit> <Opcode : 'and' 'or' 'xor'> <InPorts = 2> <OutPorts = 1>
ST_4 : Operation 140 [1/1] (0.00ns) (grouped into LUT with out node or_ln91_17)   --->   "%trunc_ln100_49 = trunc i512 %out_vec_load" [src/integrated-gcn/spmm_stage.cpp:100]   --->   Operation 140 'trunc' 'trunc_ln100_49' <Predicate = true> <Delay = 0.00>
ST_4 : Operation 141 [1/1] (0.00ns) (grouped into LUT with out node or_ln91_18)   --->   "%xor_ln100_20 = xor i208 %trunc_ln100_12, i208 411369862228566123857978459849914418579267864052950501802639360" [src/integrated-gcn/spmm_stage.cpp:100]   --->   Operation 141 'xor' 'xor_ln100_20' <Predicate = true> <Delay = 0.00> <CoreInst = "LogicGate">   --->   Core 74 'LogicGate' <Latency = 0> <II = 1> <Delay = 0.37> <FuncUnit> <Opcode : 'and' 'or' 'xor'> <InPorts = 2> <OutPorts = 1>
ST_4 : Operation 142 [1/1] (0.00ns) (grouped into LUT with out node or_ln91_18)   --->   "%trunc_ln100_50 = trunc i512 %out_vec_load" [src/integrated-gcn/spmm_stage.cpp:100]   --->   Operation 142 'trunc' 'trunc_ln100_50' <Predicate = true> <Delay = 0.00>
ST_4 : Operation 143 [1/1] (0.00ns) (grouped into LUT with out node or_ln91_19)   --->   "%xor_ln100_21 = xor i192 %trunc_ln100_11, i192 6277005954415376645782142026518469521778379273268898037760" [src/integrated-gcn/spmm_stage.cpp:100]   --->   Operation 143 'xor' 'xor_ln100_21' <Predicate = true> <Delay = 0.00> <CoreInst = "LogicGate">   --->   Core 74 'LogicGate' <Latency = 0> <II = 1> <Delay = 0.37> <FuncUnit> <Opcode : 'and' 'or' 'xor'> <InPorts = 2> <OutPorts = 1>
ST_4 : Operation 144 [1/1] (0.00ns) (grouped into LUT with out node or_ln91_19)   --->   "%trunc_ln100_51 = trunc i512 %out_vec_load" [src/integrated-gcn/spmm_stage.cpp:100]   --->   Operation 144 'trunc' 'trunc_ln100_51' <Predicate = true> <Delay = 0.00>
ST_4 : Operation 145 [1/1] (0.00ns) (grouped into LUT with out node or_ln91_20)   --->   "%xor_ln100_22 = xor i176 %trunc_ln100_10, i176 95779509802480722744478485512061607693151539203932160" [src/integrated-gcn/spmm_stage.cpp:100]   --->   Operation 145 'xor' 'xor_ln100_22' <Predicate = true> <Delay = 0.00> <CoreInst = "LogicGate">   --->   Core 74 'LogicGate' <Latency = 0> <II = 1> <Delay = 0.35> <FuncUnit> <Opcode : 'and' 'or' 'xor'> <InPorts = 2> <OutPorts = 1>
ST_4 : Operation 146 [1/1] (0.00ns) (grouped into LUT with out node or_ln91_20)   --->   "%trunc_ln100_52 = trunc i512 %out_vec_load" [src/integrated-gcn/spmm_stage.cpp:100]   --->   Operation 146 'trunc' 'trunc_ln100_52' <Predicate = true> <Delay = 0.00>
ST_4 : Operation 147 [1/1] (0.00ns) (grouped into LUT with out node or_ln91_21)   --->   "%xor_ln100_23 = xor i160 %trunc_ln100_9, i160 1461479336585704387580543296998010371294426562560" [src/integrated-gcn/spmm_stage.cpp:100]   --->   Operation 147 'xor' 'xor_ln100_23' <Predicate = true> <Delay = 0.00> <CoreInst = "LogicGate">   --->   Core 74 'LogicGate' <Latency = 0> <II = 1> <Delay = 0.32> <FuncUnit> <Opcode : 'and' 'or' 'xor'> <InPorts = 2> <OutPorts = 1>
ST_4 : Operation 148 [1/1] (0.00ns) (grouped into LUT with out node or_ln91_21)   --->   "%trunc_ln100_53 = trunc i512 %out_vec_load" [src/integrated-gcn/spmm_stage.cpp:100]   --->   Operation 148 'trunc' 'trunc_ln100_53' <Predicate = true> <Delay = 0.00>
ST_4 : Operation 149 [1/1] (0.00ns) (grouped into LUT with out node or_ln91_22)   --->   "%xor_ln100_24 = xor i144 %trunc_ln100_8, i144 22300404916163702203072254898040929737768960" [src/integrated-gcn/spmm_stage.cpp:100]   --->   Operation 149 'xor' 'xor_ln100_24' <Predicate = true> <Delay = 0.00> <CoreInst = "LogicGate">   --->   Core 74 'LogicGate' <Latency = 0> <II = 1> <Delay = 0.35> <FuncUnit> <Opcode : 'and' 'or' 'xor'> <InPorts = 2> <OutPorts = 1>
ST_4 : Operation 150 [1/1] (0.00ns) (grouped into LUT with out node or_ln91_22)   --->   "%trunc_ln100_54 = trunc i512 %out_vec_load" [src/integrated-gcn/spmm_stage.cpp:100]   --->   Operation 150 'trunc' 'trunc_ln100_54' <Predicate = true> <Delay = 0.00>
ST_4 : Operation 151 [1/1] (0.00ns) (grouped into LUT with out node or_ln91_23)   --->   "%xor_ln100_25 = xor i128 %trunc_ln100_7, i128 340277174624079928635746076935438991360" [src/integrated-gcn/spmm_stage.cpp:100]   --->   Operation 151 'xor' 'xor_ln100_25' <Predicate = true> <Delay = 0.00> <CoreInst = "LogicGate">   --->   Core 74 'LogicGate' <Latency = 0> <II = 1> <Delay = 0.37> <FuncUnit> <Opcode : 'and' 'or' 'xor'> <InPorts = 2> <OutPorts = 1>
ST_4 : Operation 152 [1/1] (0.00ns) (grouped into LUT with out node or_ln91_23)   --->   "%trunc_ln100_55 = trunc i512 %out_vec_load" [src/integrated-gcn/spmm_stage.cpp:100]   --->   Operation 152 'trunc' 'trunc_ln100_55' <Predicate = true> <Delay = 0.00>
ST_4 : Operation 153 [1/1] (0.00ns) (grouped into LUT with out node or_ln91_24)   --->   "%xor_ln100_26 = xor i112 %trunc_ln100_6, i112 5192217630372313364192902785269760" [src/integrated-gcn/spmm_stage.cpp:100]   --->   Operation 153 'xor' 'xor_ln100_26' <Predicate = true> <Delay = 0.00> <CoreInst = "LogicGate">   --->   Core 74 'LogicGate' <Latency = 0> <II = 1> <Delay = 0.37> <FuncUnit> <Opcode : 'and' 'or' 'xor'> <InPorts = 2> <OutPorts = 1>
ST_4 : Operation 154 [1/1] (0.00ns) (grouped into LUT with out node or_ln91_24)   --->   "%trunc_ln100_56 = trunc i512 %out_vec_load" [src/integrated-gcn/spmm_stage.cpp:100]   --->   Operation 154 'trunc' 'trunc_ln100_56' <Predicate = true> <Delay = 0.00>
ST_4 : Operation 155 [1/1] (0.00ns) (grouped into LUT with out node or_ln91_25)   --->   "%xor_ln100_27 = xor i96 %trunc_ln100_5, i96 79226953588444722964369244160" [src/integrated-gcn/spmm_stage.cpp:100]   --->   Operation 155 'xor' 'xor_ln100_27' <Predicate = true> <Delay = 0.00> <CoreInst = "LogicGate">   --->   Core 74 'LogicGate' <Latency = 0> <II = 1> <Delay = 0.37> <FuncUnit> <Opcode : 'and' 'or' 'xor'> <InPorts = 2> <OutPorts = 1>
ST_4 : Operation 156 [1/1] (0.00ns) (grouped into LUT with out node or_ln91_25)   --->   "%trunc_ln100_57 = trunc i512 %out_vec_load" [src/integrated-gcn/spmm_stage.cpp:100]   --->   Operation 156 'trunc' 'trunc_ln100_57' <Predicate = true> <Delay = 0.00>
ST_4 : Operation 157 [1/1] (0.00ns) (grouped into LUT with out node or_ln91_26)   --->   "%xor_ln100_28 = xor i80 %trunc_ln100_4, i80 1208907372870555465154560" [src/integrated-gcn/spmm_stage.cpp:100]   --->   Operation 157 'xor' 'xor_ln100_28' <Predicate = true> <Delay = 0.00> <CoreInst = "LogicGate">   --->   Core 74 'LogicGate' <Latency = 0> <II = 1> <Delay = 0.37> <FuncUnit> <Opcode : 'and' 'or' 'xor'> <InPorts = 2> <OutPorts = 1>
ST_4 : Operation 158 [1/1] (0.00ns) (grouped into LUT with out node or_ln91_26)   --->   "%trunc_ln100_58 = trunc i512 %out_vec_load" [src/integrated-gcn/spmm_stage.cpp:100]   --->   Operation 158 'trunc' 'trunc_ln100_58' <Predicate = true> <Delay = 0.00>
ST_4 : Operation 159 [1/1] (0.00ns) (grouped into LUT with out node or_ln91_27)   --->   "%xor_ln100_29 = xor i64 %trunc_ln100_3, i64 18446462598732840960" [src/integrated-gcn/spmm_stage.cpp:100]   --->   Operation 159 'xor' 'xor_ln100_29' <Predicate = true> <Delay = 0.00> <CoreInst = "LogicGate">   --->   Core 74 'LogicGate' <Latency = 0> <II = 1> <Delay = 0.37> <FuncUnit> <Opcode : 'and' 'or' 'xor'> <InPorts = 2> <OutPorts = 1>
ST_4 : Operation 160 [1/1] (0.00ns) (grouped into LUT with out node or_ln91_27)   --->   "%trunc_ln100_59 = trunc i512 %out_vec_load" [src/integrated-gcn/spmm_stage.cpp:100]   --->   Operation 160 'trunc' 'trunc_ln100_59' <Predicate = true> <Delay = 0.00>
ST_4 : Operation 161 [1/1] (0.00ns) (grouped into LUT with out node or_ln91_28)   --->   "%xor_ln100_30 = xor i48 %trunc_ln100_2, i48 281470681743360" [src/integrated-gcn/spmm_stage.cpp:100]   --->   Operation 161 'xor' 'xor_ln100_30' <Predicate = true> <Delay = 0.00> <CoreInst = "LogicGate">   --->   Core 74 'LogicGate' <Latency = 0> <II = 1> <Delay = 0.18> <FuncUnit> <Opcode : 'and' 'or' 'xor'> <InPorts = 2> <OutPorts = 1>
ST_4 : Operation 162 [1/1] (0.00ns) (grouped into LUT with out node or_ln91_28)   --->   "%trunc_ln100_60 = trunc i512 %out_vec_load" [src/integrated-gcn/spmm_stage.cpp:100]   --->   Operation 162 'trunc' 'trunc_ln100_60' <Predicate = true> <Delay = 0.00>
ST_4 : Operation 163 [1/1] (0.00ns) (grouped into LUT with out node or_ln91_29)   --->   "%xor_ln100_31 = xor i32 %trunc_ln100_1, i32 4294901760" [src/integrated-gcn/spmm_stage.cpp:100]   --->   Operation 163 'xor' 'xor_ln100_31' <Predicate = true> <Delay = 0.00> <CoreInst = "LogicGate">   --->   Core 74 'LogicGate' <Latency = 0> <II = 1> <Delay = 0.35> <FuncUnit> <Opcode : 'and' 'or' 'xor'> <InPorts = 2> <OutPorts = 1>
ST_4 : Operation 164 [1/1] (0.00ns) (grouped into LUT with out node or_ln91_29)   --->   "%trunc_ln100_61 = trunc i512 %out_vec_load" [src/integrated-gcn/spmm_stage.cpp:100]   --->   Operation 164 'trunc' 'trunc_ln100_61' <Predicate = true> <Delay = 0.00>
ST_4 : Operation 165 [1/1] (0.00ns) (grouped into LUT with out node out_vec_2)   --->   "%and_ln100 = and i512 %out_vec_load, i512 %xor_ln100" [src/integrated-gcn/spmm_stage.cpp:100]   --->   Operation 165 'and' 'and_ln100' <Predicate = true> <Delay = 0.00> <CoreInst = "LogicGate">   --->   Core 74 'LogicGate' <Latency = 0> <II = 1> <Delay = 0.37> <FuncUnit> <Opcode : 'and' 'or' 'xor'> <InPorts = 2> <OutPorts = 1>
ST_4 : Operation 166 [1/1] (0.18ns) (out node of the LUT)   --->   "%and_ln100_1 = and i16 %trunc_ln100_31, i16 %xor_ln100_1" [src/integrated-gcn/spmm_stage.cpp:100]   --->   Operation 166 'and' 'and_ln100_1' <Predicate = true> <Delay = 0.18> <CoreInst = "LogicGate">   --->   Core 74 'LogicGate' <Latency = 0> <II = 1> <Delay = 0.18> <FuncUnit> <Opcode : 'and' 'or' 'xor'> <InPorts = 2> <OutPorts = 1>
ST_4 : Operation 167 [1/1] (0.00ns)   --->   "%trunc_ln100_62 = trunc i512 %shl_ln100_1" [src/integrated-gcn/spmm_stage.cpp:100]   --->   Operation 167 'trunc' 'trunc_ln100_62' <Predicate = true> <Delay = 0.00>
ST_4 : Operation 168 [1/1] (0.00ns) (grouped into LUT with out node or_ln91_29)   --->   "%and_ln100_2 = and i32 %trunc_ln100_61, i32 %xor_ln100_31" [src/integrated-gcn/spmm_stage.cpp:100]   --->   Operation 168 'and' 'and_ln100_2' <Predicate = true> <Delay = 0.00> <CoreInst = "LogicGate">   --->   Core 74 'LogicGate' <Latency = 0> <II = 1> <Delay = 0.35> <FuncUnit> <Opcode : 'and' 'or' 'xor'> <InPorts = 2> <OutPorts = 1>
ST_4 : Operation 169 [1/1] (0.00ns) (grouped into LUT with out node or_ln91_29)   --->   "%trunc_ln100_63 = trunc i512 %shl_ln100_1" [src/integrated-gcn/spmm_stage.cpp:100]   --->   Operation 169 'trunc' 'trunc_ln100_63' <Predicate = true> <Delay = 0.00>
ST_4 : Operation 170 [1/1] (0.00ns) (grouped into LUT with out node or_ln91_28)   --->   "%and_ln100_3 = and i48 %trunc_ln100_60, i48 %xor_ln100_30" [src/integrated-gcn/spmm_stage.cpp:100]   --->   Operation 170 'and' 'and_ln100_3' <Predicate = true> <Delay = 0.00> <CoreInst = "LogicGate">   --->   Core 74 'LogicGate' <Latency = 0> <II = 1> <Delay = 0.18> <FuncUnit> <Opcode : 'and' 'or' 'xor'> <InPorts = 2> <OutPorts = 1>
ST_4 : Operation 171 [1/1] (0.00ns) (grouped into LUT with out node or_ln91_28)   --->   "%trunc_ln100_64 = trunc i512 %shl_ln100_1" [src/integrated-gcn/spmm_stage.cpp:100]   --->   Operation 171 'trunc' 'trunc_ln100_64' <Predicate = true> <Delay = 0.00>
ST_4 : Operation 172 [1/1] (0.00ns) (grouped into LUT with out node or_ln91_27)   --->   "%and_ln100_4 = and i64 %trunc_ln100_59, i64 %xor_ln100_29" [src/integrated-gcn/spmm_stage.cpp:100]   --->   Operation 172 'and' 'and_ln100_4' <Predicate = true> <Delay = 0.00> <CoreInst = "LogicGate">   --->   Core 74 'LogicGate' <Latency = 0> <II = 1> <Delay = 0.37> <FuncUnit> <Opcode : 'and' 'or' 'xor'> <InPorts = 2> <OutPorts = 1>
ST_4 : Operation 173 [1/1] (0.00ns) (grouped into LUT with out node or_ln91_27)   --->   "%trunc_ln100_65 = trunc i512 %shl_ln100_1" [src/integrated-gcn/spmm_stage.cpp:100]   --->   Operation 173 'trunc' 'trunc_ln100_65' <Predicate = true> <Delay = 0.00>
ST_4 : Operation 174 [1/1] (0.00ns) (grouped into LUT with out node or_ln91_26)   --->   "%and_ln100_5 = and i80 %trunc_ln100_58, i80 %xor_ln100_28" [src/integrated-gcn/spmm_stage.cpp:100]   --->   Operation 174 'and' 'and_ln100_5' <Predicate = true> <Delay = 0.00> <CoreInst = "LogicGate">   --->   Core 74 'LogicGate' <Latency = 0> <II = 1> <Delay = 0.37> <FuncUnit> <Opcode : 'and' 'or' 'xor'> <InPorts = 2> <OutPorts = 1>
ST_4 : Operation 175 [1/1] (0.00ns) (grouped into LUT with out node or_ln91_26)   --->   "%trunc_ln100_66 = trunc i512 %shl_ln100_1" [src/integrated-gcn/spmm_stage.cpp:100]   --->   Operation 175 'trunc' 'trunc_ln100_66' <Predicate = true> <Delay = 0.00>
ST_4 : Operation 176 [1/1] (0.00ns) (grouped into LUT with out node or_ln91_25)   --->   "%and_ln100_6 = and i96 %trunc_ln100_57, i96 %xor_ln100_27" [src/integrated-gcn/spmm_stage.cpp:100]   --->   Operation 176 'and' 'and_ln100_6' <Predicate = true> <Delay = 0.00> <CoreInst = "LogicGate">   --->   Core 74 'LogicGate' <Latency = 0> <II = 1> <Delay = 0.37> <FuncUnit> <Opcode : 'and' 'or' 'xor'> <InPorts = 2> <OutPorts = 1>
ST_4 : Operation 177 [1/1] (0.00ns) (grouped into LUT with out node or_ln91_25)   --->   "%trunc_ln100_67 = trunc i512 %shl_ln100_1" [src/integrated-gcn/spmm_stage.cpp:100]   --->   Operation 177 'trunc' 'trunc_ln100_67' <Predicate = true> <Delay = 0.00>
ST_4 : Operation 178 [1/1] (0.00ns) (grouped into LUT with out node or_ln91_24)   --->   "%and_ln100_7 = and i112 %trunc_ln100_56, i112 %xor_ln100_26" [src/integrated-gcn/spmm_stage.cpp:100]   --->   Operation 178 'and' 'and_ln100_7' <Predicate = true> <Delay = 0.00> <CoreInst = "LogicGate">   --->   Core 74 'LogicGate' <Latency = 0> <II = 1> <Delay = 0.37> <FuncUnit> <Opcode : 'and' 'or' 'xor'> <InPorts = 2> <OutPorts = 1>
ST_4 : Operation 179 [1/1] (0.00ns) (grouped into LUT with out node or_ln91_24)   --->   "%trunc_ln100_68 = trunc i512 %shl_ln100_1" [src/integrated-gcn/spmm_stage.cpp:100]   --->   Operation 179 'trunc' 'trunc_ln100_68' <Predicate = true> <Delay = 0.00>
ST_4 : Operation 180 [1/1] (0.00ns) (grouped into LUT with out node or_ln91_23)   --->   "%and_ln100_8 = and i128 %trunc_ln100_55, i128 %xor_ln100_25" [src/integrated-gcn/spmm_stage.cpp:100]   --->   Operation 180 'and' 'and_ln100_8' <Predicate = true> <Delay = 0.00> <CoreInst = "LogicGate">   --->   Core 74 'LogicGate' <Latency = 0> <II = 1> <Delay = 0.37> <FuncUnit> <Opcode : 'and' 'or' 'xor'> <InPorts = 2> <OutPorts = 1>
ST_4 : Operation 181 [1/1] (0.00ns) (grouped into LUT with out node or_ln91_23)   --->   "%trunc_ln100_69 = trunc i512 %shl_ln100_1" [src/integrated-gcn/spmm_stage.cpp:100]   --->   Operation 181 'trunc' 'trunc_ln100_69' <Predicate = true> <Delay = 0.00>
ST_4 : Operation 182 [1/1] (0.00ns) (grouped into LUT with out node or_ln91_22)   --->   "%and_ln100_9 = and i144 %trunc_ln100_54, i144 %xor_ln100_24" [src/integrated-gcn/spmm_stage.cpp:100]   --->   Operation 182 'and' 'and_ln100_9' <Predicate = true> <Delay = 0.00> <CoreInst = "LogicGate">   --->   Core 74 'LogicGate' <Latency = 0> <II = 1> <Delay = 0.35> <FuncUnit> <Opcode : 'and' 'or' 'xor'> <InPorts = 2> <OutPorts = 1>
ST_4 : Operation 183 [1/1] (0.00ns) (grouped into LUT with out node or_ln91_22)   --->   "%trunc_ln100_70 = trunc i512 %shl_ln100_1" [src/integrated-gcn/spmm_stage.cpp:100]   --->   Operation 183 'trunc' 'trunc_ln100_70' <Predicate = true> <Delay = 0.00>
ST_4 : Operation 184 [1/1] (0.00ns) (grouped into LUT with out node or_ln91_21)   --->   "%and_ln100_10 = and i160 %trunc_ln100_53, i160 %xor_ln100_23" [src/integrated-gcn/spmm_stage.cpp:100]   --->   Operation 184 'and' 'and_ln100_10' <Predicate = true> <Delay = 0.00> <CoreInst = "LogicGate">   --->   Core 74 'LogicGate' <Latency = 0> <II = 1> <Delay = 0.32> <FuncUnit> <Opcode : 'and' 'or' 'xor'> <InPorts = 2> <OutPorts = 1>
ST_4 : Operation 185 [1/1] (0.00ns) (grouped into LUT with out node or_ln91_21)   --->   "%trunc_ln100_71 = trunc i512 %shl_ln100_1" [src/integrated-gcn/spmm_stage.cpp:100]   --->   Operation 185 'trunc' 'trunc_ln100_71' <Predicate = true> <Delay = 0.00>
ST_4 : Operation 186 [1/1] (0.00ns) (grouped into LUT with out node or_ln91_20)   --->   "%and_ln100_11 = and i176 %trunc_ln100_52, i176 %xor_ln100_22" [src/integrated-gcn/spmm_stage.cpp:100]   --->   Operation 186 'and' 'and_ln100_11' <Predicate = true> <Delay = 0.00> <CoreInst = "LogicGate">   --->   Core 74 'LogicGate' <Latency = 0> <II = 1> <Delay = 0.35> <FuncUnit> <Opcode : 'and' 'or' 'xor'> <InPorts = 2> <OutPorts = 1>
ST_4 : Operation 187 [1/1] (0.00ns) (grouped into LUT with out node or_ln91_20)   --->   "%trunc_ln100_72 = trunc i512 %shl_ln100_1" [src/integrated-gcn/spmm_stage.cpp:100]   --->   Operation 187 'trunc' 'trunc_ln100_72' <Predicate = true> <Delay = 0.00>
ST_4 : Operation 188 [1/1] (0.00ns) (grouped into LUT with out node or_ln91_19)   --->   "%and_ln100_12 = and i192 %trunc_ln100_51, i192 %xor_ln100_21" [src/integrated-gcn/spmm_stage.cpp:100]   --->   Operation 188 'and' 'and_ln100_12' <Predicate = true> <Delay = 0.00> <CoreInst = "LogicGate">   --->   Core 74 'LogicGate' <Latency = 0> <II = 1> <Delay = 0.37> <FuncUnit> <Opcode : 'and' 'or' 'xor'> <InPorts = 2> <OutPorts = 1>
ST_4 : Operation 189 [1/1] (0.00ns) (grouped into LUT with out node or_ln91_19)   --->   "%trunc_ln100_73 = trunc i512 %shl_ln100_1" [src/integrated-gcn/spmm_stage.cpp:100]   --->   Operation 189 'trunc' 'trunc_ln100_73' <Predicate = true> <Delay = 0.00>
ST_4 : Operation 190 [1/1] (0.00ns) (grouped into LUT with out node or_ln91_18)   --->   "%and_ln100_13 = and i208 %trunc_ln100_50, i208 %xor_ln100_20" [src/integrated-gcn/spmm_stage.cpp:100]   --->   Operation 190 'and' 'and_ln100_13' <Predicate = true> <Delay = 0.00> <CoreInst = "LogicGate">   --->   Core 74 'LogicGate' <Latency = 0> <II = 1> <Delay = 0.37> <FuncUnit> <Opcode : 'and' 'or' 'xor'> <InPorts = 2> <OutPorts = 1>
ST_4 : Operation 191 [1/1] (0.00ns) (grouped into LUT with out node or_ln91_18)   --->   "%trunc_ln100_74 = trunc i512 %shl_ln100_1" [src/integrated-gcn/spmm_stage.cpp:100]   --->   Operation 191 'trunc' 'trunc_ln100_74' <Predicate = true> <Delay = 0.00>
ST_4 : Operation 192 [1/1] (0.00ns) (grouped into LUT with out node or_ln91_17)   --->   "%and_ln100_14 = and i224 %trunc_ln100_49, i224 %xor_ln100_19" [src/integrated-gcn/spmm_stage.cpp:100]   --->   Operation 192 'and' 'and_ln100_14' <Predicate = true> <Delay = 0.00> <CoreInst = "LogicGate">   --->   Core 74 'LogicGate' <Latency = 0> <II = 1> <Delay = 0.37> <FuncUnit> <Opcode : 'and' 'or' 'xor'> <InPorts = 2> <OutPorts = 1>
ST_4 : Operation 193 [1/1] (0.00ns) (grouped into LUT with out node or_ln91_17)   --->   "%trunc_ln100_75 = trunc i512 %shl_ln100_1" [src/integrated-gcn/spmm_stage.cpp:100]   --->   Operation 193 'trunc' 'trunc_ln100_75' <Predicate = true> <Delay = 0.00>
ST_4 : Operation 194 [1/1] (0.00ns) (grouped into LUT with out node or_ln91_16)   --->   "%and_ln100_15 = and i240 %trunc_ln100_48, i240 %xor_ln100_18" [src/integrated-gcn/spmm_stage.cpp:100]   --->   Operation 194 'and' 'and_ln100_15' <Predicate = true> <Delay = 0.00> <CoreInst = "LogicGate">   --->   Core 74 'LogicGate' <Latency = 0> <II = 1> <Delay = 0.37> <FuncUnit> <Opcode : 'and' 'or' 'xor'> <InPorts = 2> <OutPorts = 1>
ST_4 : Operation 195 [1/1] (0.00ns) (grouped into LUT with out node or_ln91_16)   --->   "%trunc_ln100_76 = trunc i512 %shl_ln100_1" [src/integrated-gcn/spmm_stage.cpp:100]   --->   Operation 195 'trunc' 'trunc_ln100_76' <Predicate = true> <Delay = 0.00>
ST_4 : Operation 196 [1/1] (0.00ns) (grouped into LUT with out node or_ln91_15)   --->   "%and_ln100_16 = and i256 %trunc_ln100_47, i256 %xor_ln100_17" [src/integrated-gcn/spmm_stage.cpp:100]   --->   Operation 196 'and' 'and_ln100_16' <Predicate = true> <Delay = 0.00> <CoreInst = "LogicGate">   --->   Core 74 'LogicGate' <Latency = 0> <II = 1> <Delay = 0.37> <FuncUnit> <Opcode : 'and' 'or' 'xor'> <InPorts = 2> <OutPorts = 1>
ST_4 : Operation 197 [1/1] (0.00ns) (grouped into LUT with out node or_ln91_15)   --->   "%trunc_ln100_77 = trunc i512 %shl_ln100_1" [src/integrated-gcn/spmm_stage.cpp:100]   --->   Operation 197 'trunc' 'trunc_ln100_77' <Predicate = true> <Delay = 0.00>
ST_4 : Operation 198 [1/1] (0.00ns) (grouped into LUT with out node or_ln91_14)   --->   "%and_ln100_17 = and i272 %trunc_ln100_46, i272 %xor_ln100_16" [src/integrated-gcn/spmm_stage.cpp:100]   --->   Operation 198 'and' 'and_ln100_17' <Predicate = true> <Delay = 0.00> <CoreInst = "LogicGate">   --->   Core 74 'LogicGate' <Latency = 0> <II = 1> <Delay = 0.37> <FuncUnit> <Opcode : 'and' 'or' 'xor'> <InPorts = 2> <OutPorts = 1>
ST_4 : Operation 199 [1/1] (0.00ns) (grouped into LUT with out node or_ln91_14)   --->   "%trunc_ln100_78 = trunc i512 %shl_ln100_1" [src/integrated-gcn/spmm_stage.cpp:100]   --->   Operation 199 'trunc' 'trunc_ln100_78' <Predicate = true> <Delay = 0.00>
ST_4 : Operation 200 [1/1] (0.00ns) (grouped into LUT with out node or_ln91_13)   --->   "%and_ln100_18 = and i288 %trunc_ln100_45, i288 %xor_ln100_15" [src/integrated-gcn/spmm_stage.cpp:100]   --->   Operation 200 'and' 'and_ln100_18' <Predicate = true> <Delay = 0.00> <CoreInst = "LogicGate">   --->   Core 74 'LogicGate' <Latency = 0> <II = 1> <Delay = 0.37> <FuncUnit> <Opcode : 'and' 'or' 'xor'> <InPorts = 2> <OutPorts = 1>
ST_4 : Operation 201 [1/1] (0.00ns) (grouped into LUT with out node or_ln91_13)   --->   "%trunc_ln100_79 = trunc i512 %shl_ln100_1" [src/integrated-gcn/spmm_stage.cpp:100]   --->   Operation 201 'trunc' 'trunc_ln100_79' <Predicate = true> <Delay = 0.00>
ST_4 : Operation 202 [1/1] (0.00ns) (grouped into LUT with out node or_ln91_12)   --->   "%and_ln100_19 = and i304 %trunc_ln100_44, i304 %xor_ln100_14" [src/integrated-gcn/spmm_stage.cpp:100]   --->   Operation 202 'and' 'and_ln100_19' <Predicate = true> <Delay = 0.00> <CoreInst = "LogicGate">   --->   Core 74 'LogicGate' <Latency = 0> <II = 1> <Delay = 0.37> <FuncUnit> <Opcode : 'and' 'or' 'xor'> <InPorts = 2> <OutPorts = 1>
ST_4 : Operation 203 [1/1] (0.00ns) (grouped into LUT with out node or_ln91_12)   --->   "%trunc_ln100_80 = trunc i512 %shl_ln100_1" [src/integrated-gcn/spmm_stage.cpp:100]   --->   Operation 203 'trunc' 'trunc_ln100_80' <Predicate = true> <Delay = 0.00>
ST_4 : Operation 204 [1/1] (0.00ns) (grouped into LUT with out node or_ln91_11)   --->   "%and_ln100_20 = and i320 %trunc_ln100_43, i320 %xor_ln100_13" [src/integrated-gcn/spmm_stage.cpp:100]   --->   Operation 204 'and' 'and_ln100_20' <Predicate = true> <Delay = 0.00> <CoreInst = "LogicGate">   --->   Core 74 'LogicGate' <Latency = 0> <II = 1> <Delay = 0.37> <FuncUnit> <Opcode : 'and' 'or' 'xor'> <InPorts = 2> <OutPorts = 1>
ST_4 : Operation 205 [1/1] (0.00ns) (grouped into LUT with out node or_ln91_11)   --->   "%trunc_ln100_81 = trunc i512 %shl_ln100_1" [src/integrated-gcn/spmm_stage.cpp:100]   --->   Operation 205 'trunc' 'trunc_ln100_81' <Predicate = true> <Delay = 0.00>
ST_4 : Operation 206 [1/1] (0.00ns) (grouped into LUT with out node or_ln91_10)   --->   "%and_ln100_21 = and i336 %trunc_ln100_42, i336 %xor_ln100_12" [src/integrated-gcn/spmm_stage.cpp:100]   --->   Operation 206 'and' 'and_ln100_21' <Predicate = true> <Delay = 0.00> <CoreInst = "LogicGate">   --->   Core 74 'LogicGate' <Latency = 0> <II = 1> <Delay = 0.37> <FuncUnit> <Opcode : 'and' 'or' 'xor'> <InPorts = 2> <OutPorts = 1>
ST_4 : Operation 207 [1/1] (0.00ns) (grouped into LUT with out node or_ln91_10)   --->   "%trunc_ln100_82 = trunc i512 %shl_ln100_1" [src/integrated-gcn/spmm_stage.cpp:100]   --->   Operation 207 'trunc' 'trunc_ln100_82' <Predicate = true> <Delay = 0.00>
ST_4 : Operation 208 [1/1] (0.00ns) (grouped into LUT with out node or_ln91_9)   --->   "%and_ln100_22 = and i352 %trunc_ln100_41, i352 %xor_ln100_11" [src/integrated-gcn/spmm_stage.cpp:100]   --->   Operation 208 'and' 'and_ln100_22' <Predicate = true> <Delay = 0.00> <CoreInst = "LogicGate">   --->   Core 74 'LogicGate' <Latency = 0> <II = 1> <Delay = 0.37> <FuncUnit> <Opcode : 'and' 'or' 'xor'> <InPorts = 2> <OutPorts = 1>
ST_4 : Operation 209 [1/1] (0.00ns) (grouped into LUT with out node or_ln91_9)   --->   "%trunc_ln100_83 = trunc i512 %shl_ln100_1" [src/integrated-gcn/spmm_stage.cpp:100]   --->   Operation 209 'trunc' 'trunc_ln100_83' <Predicate = true> <Delay = 0.00>
ST_4 : Operation 210 [1/1] (0.00ns) (grouped into LUT with out node or_ln91_8)   --->   "%and_ln100_23 = and i368 %trunc_ln100_40, i368 %xor_ln100_10" [src/integrated-gcn/spmm_stage.cpp:100]   --->   Operation 210 'and' 'and_ln100_23' <Predicate = true> <Delay = 0.00> <CoreInst = "LogicGate">   --->   Core 74 'LogicGate' <Latency = 0> <II = 1> <Delay = 0.37> <FuncUnit> <Opcode : 'and' 'or' 'xor'> <InPorts = 2> <OutPorts = 1>
ST_4 : Operation 211 [1/1] (0.00ns) (grouped into LUT with out node or_ln91_8)   --->   "%trunc_ln100_84 = trunc i512 %shl_ln100_1" [src/integrated-gcn/spmm_stage.cpp:100]   --->   Operation 211 'trunc' 'trunc_ln100_84' <Predicate = true> <Delay = 0.00>
ST_4 : Operation 212 [1/1] (0.00ns) (grouped into LUT with out node or_ln91_7)   --->   "%and_ln100_24 = and i384 %trunc_ln100_39, i384 %xor_ln100_9" [src/integrated-gcn/spmm_stage.cpp:100]   --->   Operation 212 'and' 'and_ln100_24' <Predicate = true> <Delay = 0.00> <CoreInst = "LogicGate">   --->   Core 74 'LogicGate' <Latency = 0> <II = 1> <Delay = 0.37> <FuncUnit> <Opcode : 'and' 'or' 'xor'> <InPorts = 2> <OutPorts = 1>
ST_4 : Operation 213 [1/1] (0.00ns) (grouped into LUT with out node or_ln91_7)   --->   "%trunc_ln100_85 = trunc i512 %shl_ln100_1" [src/integrated-gcn/spmm_stage.cpp:100]   --->   Operation 213 'trunc' 'trunc_ln100_85' <Predicate = true> <Delay = 0.00>
ST_4 : Operation 214 [1/1] (0.00ns) (grouped into LUT with out node or_ln91_6)   --->   "%and_ln100_25 = and i400 %trunc_ln100_38, i400 %xor_ln100_8" [src/integrated-gcn/spmm_stage.cpp:100]   --->   Operation 214 'and' 'and_ln100_25' <Predicate = true> <Delay = 0.00> <CoreInst = "LogicGate">   --->   Core 74 'LogicGate' <Latency = 0> <II = 1> <Delay = 0.37> <FuncUnit> <Opcode : 'and' 'or' 'xor'> <InPorts = 2> <OutPorts = 1>
ST_4 : Operation 215 [1/1] (0.00ns) (grouped into LUT with out node or_ln91_6)   --->   "%trunc_ln100_86 = trunc i512 %shl_ln100_1" [src/integrated-gcn/spmm_stage.cpp:100]   --->   Operation 215 'trunc' 'trunc_ln100_86' <Predicate = true> <Delay = 0.00>
ST_4 : Operation 216 [1/1] (0.00ns) (grouped into LUT with out node or_ln91_5)   --->   "%and_ln100_26 = and i416 %trunc_ln100_37, i416 %xor_ln100_7" [src/integrated-gcn/spmm_stage.cpp:100]   --->   Operation 216 'and' 'and_ln100_26' <Predicate = true> <Delay = 0.00> <CoreInst = "LogicGate">   --->   Core 74 'LogicGate' <Latency = 0> <II = 1> <Delay = 0.37> <FuncUnit> <Opcode : 'and' 'or' 'xor'> <InPorts = 2> <OutPorts = 1>
ST_4 : Operation 217 [1/1] (0.00ns) (grouped into LUT with out node or_ln91_5)   --->   "%trunc_ln100_87 = trunc i512 %shl_ln100_1" [src/integrated-gcn/spmm_stage.cpp:100]   --->   Operation 217 'trunc' 'trunc_ln100_87' <Predicate = true> <Delay = 0.00>
ST_4 : Operation 218 [1/1] (0.00ns) (grouped into LUT with out node or_ln91_4)   --->   "%and_ln100_27 = and i432 %trunc_ln100_36, i432 %xor_ln100_6" [src/integrated-gcn/spmm_stage.cpp:100]   --->   Operation 218 'and' 'and_ln100_27' <Predicate = true> <Delay = 0.00> <CoreInst = "LogicGate">   --->   Core 74 'LogicGate' <Latency = 0> <II = 1> <Delay = 0.37> <FuncUnit> <Opcode : 'and' 'or' 'xor'> <InPorts = 2> <OutPorts = 1>
ST_4 : Operation 219 [1/1] (0.00ns) (grouped into LUT with out node or_ln91_4)   --->   "%trunc_ln100_88 = trunc i512 %shl_ln100_1" [src/integrated-gcn/spmm_stage.cpp:100]   --->   Operation 219 'trunc' 'trunc_ln100_88' <Predicate = true> <Delay = 0.00>
ST_4 : Operation 220 [1/1] (0.00ns) (grouped into LUT with out node or_ln91_3)   --->   "%and_ln100_28 = and i448 %trunc_ln100_35, i448 %xor_ln100_5" [src/integrated-gcn/spmm_stage.cpp:100]   --->   Operation 220 'and' 'and_ln100_28' <Predicate = true> <Delay = 0.00> <CoreInst = "LogicGate">   --->   Core 74 'LogicGate' <Latency = 0> <II = 1> <Delay = 0.37> <FuncUnit> <Opcode : 'and' 'or' 'xor'> <InPorts = 2> <OutPorts = 1>
ST_4 : Operation 221 [1/1] (0.00ns) (grouped into LUT with out node or_ln91_3)   --->   "%trunc_ln100_89 = trunc i512 %shl_ln100_1" [src/integrated-gcn/spmm_stage.cpp:100]   --->   Operation 221 'trunc' 'trunc_ln100_89' <Predicate = true> <Delay = 0.00>
ST_4 : Operation 222 [1/1] (0.00ns) (grouped into LUT with out node or_ln91_2)   --->   "%and_ln100_29 = and i464 %trunc_ln100_34, i464 %xor_ln100_4" [src/integrated-gcn/spmm_stage.cpp:100]   --->   Operation 222 'and' 'and_ln100_29' <Predicate = true> <Delay = 0.00> <CoreInst = "LogicGate">   --->   Core 74 'LogicGate' <Latency = 0> <II = 1> <Delay = 0.37> <FuncUnit> <Opcode : 'and' 'or' 'xor'> <InPorts = 2> <OutPorts = 1>
ST_4 : Operation 223 [1/1] (0.00ns) (grouped into LUT with out node or_ln91_2)   --->   "%trunc_ln100_90 = trunc i512 %shl_ln100_1" [src/integrated-gcn/spmm_stage.cpp:100]   --->   Operation 223 'trunc' 'trunc_ln100_90' <Predicate = true> <Delay = 0.00>
ST_4 : Operation 224 [1/1] (0.00ns) (grouped into LUT with out node or_ln91_1)   --->   "%and_ln100_30 = and i480 %trunc_ln100_33, i480 %xor_ln100_3" [src/integrated-gcn/spmm_stage.cpp:100]   --->   Operation 224 'and' 'and_ln100_30' <Predicate = true> <Delay = 0.00> <CoreInst = "LogicGate">   --->   Core 74 'LogicGate' <Latency = 0> <II = 1> <Delay = 0.37> <FuncUnit> <Opcode : 'and' 'or' 'xor'> <InPorts = 2> <OutPorts = 1>
ST_4 : Operation 225 [1/1] (0.00ns) (grouped into LUT with out node or_ln91_1)   --->   "%trunc_ln100_91 = trunc i512 %shl_ln100_1" [src/integrated-gcn/spmm_stage.cpp:100]   --->   Operation 225 'trunc' 'trunc_ln100_91' <Predicate = true> <Delay = 0.00>
ST_4 : Operation 226 [1/1] (0.00ns) (grouped into LUT with out node or_ln91)   --->   "%and_ln100_31 = and i496 %trunc_ln100_32, i496 %xor_ln100_2" [src/integrated-gcn/spmm_stage.cpp:100]   --->   Operation 226 'and' 'and_ln100_31' <Predicate = true> <Delay = 0.00> <CoreInst = "LogicGate">   --->   Core 74 'LogicGate' <Latency = 0> <II = 1> <Delay = 0.37> <FuncUnit> <Opcode : 'and' 'or' 'xor'> <InPorts = 2> <OutPorts = 1>
ST_4 : Operation 227 [1/1] (0.00ns) (grouped into LUT with out node or_ln91)   --->   "%trunc_ln100_92 = trunc i512 %shl_ln100_1" [src/integrated-gcn/spmm_stage.cpp:100]   --->   Operation 227 'trunc' 'trunc_ln100_92' <Predicate = true> <Delay = 0.00>
ST_4 : Operation 228 [1/1] (0.37ns) (out node of the LUT)   --->   "%out_vec_2 = or i512 %shl_ln100_1, i512 %and_ln100" [src/integrated-gcn/spmm_stage.cpp:100]   --->   Operation 228 'or' 'out_vec_2' <Predicate = true> <Delay = 0.37> <CoreInst = "LogicGate">   --->   Core 74 'LogicGate' <Latency = 0> <II = 1> <Delay = 0.37> <FuncUnit> <Opcode : 'and' 'or' 'xor'> <InPorts = 2> <OutPorts = 1>
ST_4 : Operation 229 [1/1] (0.37ns) (out node of the LUT)   --->   "%or_ln91 = or i496 %trunc_ln100_92, i496 %and_ln100_31" [src/integrated-gcn/spmm_stage.cpp:91]   --->   Operation 229 'or' 'or_ln91' <Predicate = true> <Delay = 0.37> <CoreInst = "LogicGate">   --->   Core 74 'LogicGate' <Latency = 0> <II = 1> <Delay = 0.37> <FuncUnit> <Opcode : 'and' 'or' 'xor'> <InPorts = 2> <OutPorts = 1>
ST_4 : Operation 230 [1/1] (0.37ns) (out node of the LUT)   --->   "%or_ln91_1 = or i480 %trunc_ln100_91, i480 %and_ln100_30" [src/integrated-gcn/spmm_stage.cpp:91]   --->   Operation 230 'or' 'or_ln91_1' <Predicate = true> <Delay = 0.37> <CoreInst = "LogicGate">   --->   Core 74 'LogicGate' <Latency = 0> <II = 1> <Delay = 0.37> <FuncUnit> <Opcode : 'and' 'or' 'xor'> <InPorts = 2> <OutPorts = 1>
ST_4 : Operation 231 [1/1] (0.37ns) (out node of the LUT)   --->   "%or_ln91_2 = or i464 %trunc_ln100_90, i464 %and_ln100_29" [src/integrated-gcn/spmm_stage.cpp:91]   --->   Operation 231 'or' 'or_ln91_2' <Predicate = true> <Delay = 0.37> <CoreInst = "LogicGate">   --->   Core 74 'LogicGate' <Latency = 0> <II = 1> <Delay = 0.37> <FuncUnit> <Opcode : 'and' 'or' 'xor'> <InPorts = 2> <OutPorts = 1>
ST_4 : Operation 232 [1/1] (0.37ns) (out node of the LUT)   --->   "%or_ln91_3 = or i448 %trunc_ln100_89, i448 %and_ln100_28" [src/integrated-gcn/spmm_stage.cpp:91]   --->   Operation 232 'or' 'or_ln91_3' <Predicate = true> <Delay = 0.37> <CoreInst = "LogicGate">   --->   Core 74 'LogicGate' <Latency = 0> <II = 1> <Delay = 0.37> <FuncUnit> <Opcode : 'and' 'or' 'xor'> <InPorts = 2> <OutPorts = 1>
ST_4 : Operation 233 [1/1] (0.37ns) (out node of the LUT)   --->   "%or_ln91_4 = or i432 %trunc_ln100_88, i432 %and_ln100_27" [src/integrated-gcn/spmm_stage.cpp:91]   --->   Operation 233 'or' 'or_ln91_4' <Predicate = true> <Delay = 0.37> <CoreInst = "LogicGate">   --->   Core 74 'LogicGate' <Latency = 0> <II = 1> <Delay = 0.37> <FuncUnit> <Opcode : 'and' 'or' 'xor'> <InPorts = 2> <OutPorts = 1>
ST_4 : Operation 234 [1/1] (0.37ns) (out node of the LUT)   --->   "%or_ln91_5 = or i416 %trunc_ln100_87, i416 %and_ln100_26" [src/integrated-gcn/spmm_stage.cpp:91]   --->   Operation 234 'or' 'or_ln91_5' <Predicate = true> <Delay = 0.37> <CoreInst = "LogicGate">   --->   Core 74 'LogicGate' <Latency = 0> <II = 1> <Delay = 0.37> <FuncUnit> <Opcode : 'and' 'or' 'xor'> <InPorts = 2> <OutPorts = 1>
ST_4 : Operation 235 [1/1] (0.37ns) (out node of the LUT)   --->   "%or_ln91_6 = or i400 %trunc_ln100_86, i400 %and_ln100_25" [src/integrated-gcn/spmm_stage.cpp:91]   --->   Operation 235 'or' 'or_ln91_6' <Predicate = true> <Delay = 0.37> <CoreInst = "LogicGate">   --->   Core 74 'LogicGate' <Latency = 0> <II = 1> <Delay = 0.37> <FuncUnit> <Opcode : 'and' 'or' 'xor'> <InPorts = 2> <OutPorts = 1>
ST_4 : Operation 236 [1/1] (0.37ns) (out node of the LUT)   --->   "%or_ln91_7 = or i384 %trunc_ln100_85, i384 %and_ln100_24" [src/integrated-gcn/spmm_stage.cpp:91]   --->   Operation 236 'or' 'or_ln91_7' <Predicate = true> <Delay = 0.37> <CoreInst = "LogicGate">   --->   Core 74 'LogicGate' <Latency = 0> <II = 1> <Delay = 0.37> <FuncUnit> <Opcode : 'and' 'or' 'xor'> <InPorts = 2> <OutPorts = 1>
ST_4 : Operation 237 [1/1] (0.37ns) (out node of the LUT)   --->   "%or_ln91_8 = or i368 %trunc_ln100_84, i368 %and_ln100_23" [src/integrated-gcn/spmm_stage.cpp:91]   --->   Operation 237 'or' 'or_ln91_8' <Predicate = true> <Delay = 0.37> <CoreInst = "LogicGate">   --->   Core 74 'LogicGate' <Latency = 0> <II = 1> <Delay = 0.37> <FuncUnit> <Opcode : 'and' 'or' 'xor'> <InPorts = 2> <OutPorts = 1>
ST_4 : Operation 238 [1/1] (0.37ns) (out node of the LUT)   --->   "%or_ln91_9 = or i352 %trunc_ln100_83, i352 %and_ln100_22" [src/integrated-gcn/spmm_stage.cpp:91]   --->   Operation 238 'or' 'or_ln91_9' <Predicate = true> <Delay = 0.37> <CoreInst = "LogicGate">   --->   Core 74 'LogicGate' <Latency = 0> <II = 1> <Delay = 0.37> <FuncUnit> <Opcode : 'and' 'or' 'xor'> <InPorts = 2> <OutPorts = 1>
ST_4 : Operation 239 [1/1] (0.37ns) (out node of the LUT)   --->   "%or_ln91_10 = or i336 %trunc_ln100_82, i336 %and_ln100_21" [src/integrated-gcn/spmm_stage.cpp:91]   --->   Operation 239 'or' 'or_ln91_10' <Predicate = true> <Delay = 0.37> <CoreInst = "LogicGate">   --->   Core 74 'LogicGate' <Latency = 0> <II = 1> <Delay = 0.37> <FuncUnit> <Opcode : 'and' 'or' 'xor'> <InPorts = 2> <OutPorts = 1>
ST_4 : Operation 240 [1/1] (0.37ns) (out node of the LUT)   --->   "%or_ln91_11 = or i320 %trunc_ln100_81, i320 %and_ln100_20" [src/integrated-gcn/spmm_stage.cpp:91]   --->   Operation 240 'or' 'or_ln91_11' <Predicate = true> <Delay = 0.37> <CoreInst = "LogicGate">   --->   Core 74 'LogicGate' <Latency = 0> <II = 1> <Delay = 0.37> <FuncUnit> <Opcode : 'and' 'or' 'xor'> <InPorts = 2> <OutPorts = 1>
ST_4 : Operation 241 [1/1] (0.37ns) (out node of the LUT)   --->   "%or_ln91_12 = or i304 %trunc_ln100_80, i304 %and_ln100_19" [src/integrated-gcn/spmm_stage.cpp:91]   --->   Operation 241 'or' 'or_ln91_12' <Predicate = true> <Delay = 0.37> <CoreInst = "LogicGate">   --->   Core 74 'LogicGate' <Latency = 0> <II = 1> <Delay = 0.37> <FuncUnit> <Opcode : 'and' 'or' 'xor'> <InPorts = 2> <OutPorts = 1>
ST_4 : Operation 242 [1/1] (0.37ns) (out node of the LUT)   --->   "%or_ln91_13 = or i288 %trunc_ln100_79, i288 %and_ln100_18" [src/integrated-gcn/spmm_stage.cpp:91]   --->   Operation 242 'or' 'or_ln91_13' <Predicate = true> <Delay = 0.37> <CoreInst = "LogicGate">   --->   Core 74 'LogicGate' <Latency = 0> <II = 1> <Delay = 0.37> <FuncUnit> <Opcode : 'and' 'or' 'xor'> <InPorts = 2> <OutPorts = 1>
ST_4 : Operation 243 [1/1] (0.37ns) (out node of the LUT)   --->   "%or_ln91_14 = or i272 %trunc_ln100_78, i272 %and_ln100_17" [src/integrated-gcn/spmm_stage.cpp:91]   --->   Operation 243 'or' 'or_ln91_14' <Predicate = true> <Delay = 0.37> <CoreInst = "LogicGate">   --->   Core 74 'LogicGate' <Latency = 0> <II = 1> <Delay = 0.37> <FuncUnit> <Opcode : 'and' 'or' 'xor'> <InPorts = 2> <OutPorts = 1>
ST_4 : Operation 244 [1/1] (0.37ns) (out node of the LUT)   --->   "%or_ln91_15 = or i256 %trunc_ln100_77, i256 %and_ln100_16" [src/integrated-gcn/spmm_stage.cpp:91]   --->   Operation 244 'or' 'or_ln91_15' <Predicate = true> <Delay = 0.37> <CoreInst = "LogicGate">   --->   Core 74 'LogicGate' <Latency = 0> <II = 1> <Delay = 0.37> <FuncUnit> <Opcode : 'and' 'or' 'xor'> <InPorts = 2> <OutPorts = 1>
ST_4 : Operation 245 [1/1] (0.37ns) (out node of the LUT)   --->   "%or_ln91_16 = or i240 %trunc_ln100_76, i240 %and_ln100_15" [src/integrated-gcn/spmm_stage.cpp:91]   --->   Operation 245 'or' 'or_ln91_16' <Predicate = true> <Delay = 0.37> <CoreInst = "LogicGate">   --->   Core 74 'LogicGate' <Latency = 0> <II = 1> <Delay = 0.37> <FuncUnit> <Opcode : 'and' 'or' 'xor'> <InPorts = 2> <OutPorts = 1>
ST_4 : Operation 246 [1/1] (0.37ns) (out node of the LUT)   --->   "%or_ln91_17 = or i224 %trunc_ln100_75, i224 %and_ln100_14" [src/integrated-gcn/spmm_stage.cpp:91]   --->   Operation 246 'or' 'or_ln91_17' <Predicate = true> <Delay = 0.37> <CoreInst = "LogicGate">   --->   Core 74 'LogicGate' <Latency = 0> <II = 1> <Delay = 0.37> <FuncUnit> <Opcode : 'and' 'or' 'xor'> <InPorts = 2> <OutPorts = 1>
ST_4 : Operation 247 [1/1] (0.37ns) (out node of the LUT)   --->   "%or_ln91_18 = or i208 %trunc_ln100_74, i208 %and_ln100_13" [src/integrated-gcn/spmm_stage.cpp:91]   --->   Operation 247 'or' 'or_ln91_18' <Predicate = true> <Delay = 0.37> <CoreInst = "LogicGate">   --->   Core 74 'LogicGate' <Latency = 0> <II = 1> <Delay = 0.37> <FuncUnit> <Opcode : 'and' 'or' 'xor'> <InPorts = 2> <OutPorts = 1>
ST_4 : Operation 248 [1/1] (0.37ns) (out node of the LUT)   --->   "%or_ln91_19 = or i192 %trunc_ln100_73, i192 %and_ln100_12" [src/integrated-gcn/spmm_stage.cpp:91]   --->   Operation 248 'or' 'or_ln91_19' <Predicate = true> <Delay = 0.37> <CoreInst = "LogicGate">   --->   Core 74 'LogicGate' <Latency = 0> <II = 1> <Delay = 0.37> <FuncUnit> <Opcode : 'and' 'or' 'xor'> <InPorts = 2> <OutPorts = 1>
ST_4 : Operation 249 [1/1] (0.35ns) (out node of the LUT)   --->   "%or_ln91_20 = or i176 %trunc_ln100_72, i176 %and_ln100_11" [src/integrated-gcn/spmm_stage.cpp:91]   --->   Operation 249 'or' 'or_ln91_20' <Predicate = true> <Delay = 0.35> <CoreInst = "LogicGate">   --->   Core 74 'LogicGate' <Latency = 0> <II = 1> <Delay = 0.35> <FuncUnit> <Opcode : 'and' 'or' 'xor'> <InPorts = 2> <OutPorts = 1>
ST_4 : Operation 250 [1/1] (0.32ns) (out node of the LUT)   --->   "%or_ln91_21 = or i160 %trunc_ln100_71, i160 %and_ln100_10" [src/integrated-gcn/spmm_stage.cpp:91]   --->   Operation 250 'or' 'or_ln91_21' <Predicate = true> <Delay = 0.32> <CoreInst = "LogicGate">   --->   Core 74 'LogicGate' <Latency = 0> <II = 1> <Delay = 0.32> <FuncUnit> <Opcode : 'and' 'or' 'xor'> <InPorts = 2> <OutPorts = 1>
ST_4 : Operation 251 [1/1] (0.35ns) (out node of the LUT)   --->   "%or_ln91_22 = or i144 %trunc_ln100_70, i144 %and_ln100_9" [src/integrated-gcn/spmm_stage.cpp:91]   --->   Operation 251 'or' 'or_ln91_22' <Predicate = true> <Delay = 0.35> <CoreInst = "LogicGate">   --->   Core 74 'LogicGate' <Latency = 0> <II = 1> <Delay = 0.35> <FuncUnit> <Opcode : 'and' 'or' 'xor'> <InPorts = 2> <OutPorts = 1>
ST_4 : Operation 252 [1/1] (0.37ns) (out node of the LUT)   --->   "%or_ln91_23 = or i128 %trunc_ln100_69, i128 %and_ln100_8" [src/integrated-gcn/spmm_stage.cpp:91]   --->   Operation 252 'or' 'or_ln91_23' <Predicate = true> <Delay = 0.37> <CoreInst = "LogicGate">   --->   Core 74 'LogicGate' <Latency = 0> <II = 1> <Delay = 0.37> <FuncUnit> <Opcode : 'and' 'or' 'xor'> <InPorts = 2> <OutPorts = 1>
ST_4 : Operation 253 [1/1] (0.37ns) (out node of the LUT)   --->   "%or_ln91_24 = or i112 %trunc_ln100_68, i112 %and_ln100_7" [src/integrated-gcn/spmm_stage.cpp:91]   --->   Operation 253 'or' 'or_ln91_24' <Predicate = true> <Delay = 0.37> <CoreInst = "LogicGate">   --->   Core 74 'LogicGate' <Latency = 0> <II = 1> <Delay = 0.37> <FuncUnit> <Opcode : 'and' 'or' 'xor'> <InPorts = 2> <OutPorts = 1>
ST_4 : Operation 254 [1/1] (0.37ns) (out node of the LUT)   --->   "%or_ln91_25 = or i96 %trunc_ln100_67, i96 %and_ln100_6" [src/integrated-gcn/spmm_stage.cpp:91]   --->   Operation 254 'or' 'or_ln91_25' <Predicate = true> <Delay = 0.37> <CoreInst = "LogicGate">   --->   Core 74 'LogicGate' <Latency = 0> <II = 1> <Delay = 0.37> <FuncUnit> <Opcode : 'and' 'or' 'xor'> <InPorts = 2> <OutPorts = 1>
ST_4 : Operation 255 [1/1] (0.37ns) (out node of the LUT)   --->   "%or_ln91_26 = or i80 %trunc_ln100_66, i80 %and_ln100_5" [src/integrated-gcn/spmm_stage.cpp:91]   --->   Operation 255 'or' 'or_ln91_26' <Predicate = true> <Delay = 0.37> <CoreInst = "LogicGate">   --->   Core 74 'LogicGate' <Latency = 0> <II = 1> <Delay = 0.37> <FuncUnit> <Opcode : 'and' 'or' 'xor'> <InPorts = 2> <OutPorts = 1>
ST_4 : Operation 256 [1/1] (0.37ns) (out node of the LUT)   --->   "%or_ln91_27 = or i64 %trunc_ln100_65, i64 %and_ln100_4" [src/integrated-gcn/spmm_stage.cpp:91]   --->   Operation 256 'or' 'or_ln91_27' <Predicate = true> <Delay = 0.37> <CoreInst = "LogicGate">   --->   Core 74 'LogicGate' <Latency = 0> <II = 1> <Delay = 0.37> <FuncUnit> <Opcode : 'and' 'or' 'xor'> <InPorts = 2> <OutPorts = 1>
ST_4 : Operation 257 [1/1] (0.18ns) (out node of the LUT)   --->   "%or_ln91_28 = or i48 %trunc_ln100_64, i48 %and_ln100_3" [src/integrated-gcn/spmm_stage.cpp:91]   --->   Operation 257 'or' 'or_ln91_28' <Predicate = true> <Delay = 0.18> <CoreInst = "LogicGate">   --->   Core 74 'LogicGate' <Latency = 0> <II = 1> <Delay = 0.18> <FuncUnit> <Opcode : 'and' 'or' 'xor'> <InPorts = 2> <OutPorts = 1>
ST_4 : Operation 258 [1/1] (0.35ns) (out node of the LUT)   --->   "%or_ln91_29 = or i32 %trunc_ln100_63, i32 %and_ln100_2" [src/integrated-gcn/spmm_stage.cpp:91]   --->   Operation 258 'or' 'or_ln91_29' <Predicate = true> <Delay = 0.35> <CoreInst = "LogicGate">   --->   Core 74 'LogicGate' <Latency = 0> <II = 1> <Delay = 0.35> <FuncUnit> <Opcode : 'and' 'or' 'xor'> <InPorts = 2> <OutPorts = 1>
ST_4 : Operation 259 [1/1] (0.00ns)   --->   "%trunc_ln1 = partselect i16 @_ssdm_op_PartSelect.i16.i32.i32.i32, i32 %or_ln91_29, i32 16, i32 31" [src/integrated-gcn/spmm_stage.cpp:102]   --->   Operation 259 'partselect' 'trunc_ln1' <Predicate = (or_ln101)> <Delay = 0.00>
ST_4 : Operation 260 [1/1] (0.00ns)   --->   "%trunc_ln102_1 = partselect i16 @_ssdm_op_PartSelect.i16.i48.i32.i32, i48 %or_ln91_28, i32 32, i32 47" [src/integrated-gcn/spmm_stage.cpp:102]   --->   Operation 260 'partselect' 'trunc_ln102_1' <Predicate = (or_ln101)> <Delay = 0.00>
ST_4 : Operation 261 [1/1] (0.00ns)   --->   "%trunc_ln102_2 = partselect i16 @_ssdm_op_PartSelect.i16.i64.i32.i32, i64 %or_ln91_27, i32 48, i32 63" [src/integrated-gcn/spmm_stage.cpp:102]   --->   Operation 261 'partselect' 'trunc_ln102_2' <Predicate = (or_ln101)> <Delay = 0.00>
ST_4 : Operation 262 [1/1] (0.00ns)   --->   "%trunc_ln102_3 = partselect i16 @_ssdm_op_PartSelect.i16.i80.i32.i32, i80 %or_ln91_26, i32 64, i32 79" [src/integrated-gcn/spmm_stage.cpp:102]   --->   Operation 262 'partselect' 'trunc_ln102_3' <Predicate = (or_ln101)> <Delay = 0.00>
ST_4 : Operation 263 [1/1] (0.00ns)   --->   "%trunc_ln102_4 = partselect i16 @_ssdm_op_PartSelect.i16.i96.i32.i32, i96 %or_ln91_25, i32 80, i32 95" [src/integrated-gcn/spmm_stage.cpp:102]   --->   Operation 263 'partselect' 'trunc_ln102_4' <Predicate = (or_ln101)> <Delay = 0.00>
ST_4 : Operation 264 [1/1] (0.00ns)   --->   "%trunc_ln102_5 = partselect i16 @_ssdm_op_PartSelect.i16.i112.i32.i32, i112 %or_ln91_24, i32 96, i32 111" [src/integrated-gcn/spmm_stage.cpp:102]   --->   Operation 264 'partselect' 'trunc_ln102_5' <Predicate = (or_ln101)> <Delay = 0.00>
ST_4 : Operation 265 [1/1] (0.00ns)   --->   "%trunc_ln102_6 = partselect i16 @_ssdm_op_PartSelect.i16.i128.i32.i32, i128 %or_ln91_23, i32 112, i32 127" [src/integrated-gcn/spmm_stage.cpp:102]   --->   Operation 265 'partselect' 'trunc_ln102_6' <Predicate = (or_ln101)> <Delay = 0.00>
ST_4 : Operation 266 [1/1] (0.00ns)   --->   "%trunc_ln102_7 = partselect i16 @_ssdm_op_PartSelect.i16.i144.i32.i32, i144 %or_ln91_22, i32 128, i32 143" [src/integrated-gcn/spmm_stage.cpp:102]   --->   Operation 266 'partselect' 'trunc_ln102_7' <Predicate = (or_ln101)> <Delay = 0.00>
ST_4 : Operation 267 [1/1] (0.00ns)   --->   "%trunc_ln102_8 = partselect i16 @_ssdm_op_PartSelect.i16.i160.i32.i32, i160 %or_ln91_21, i32 144, i32 159" [src/integrated-gcn/spmm_stage.cpp:102]   --->   Operation 267 'partselect' 'trunc_ln102_8' <Predicate = (or_ln101)> <Delay = 0.00>
ST_4 : Operation 268 [1/1] (0.00ns)   --->   "%trunc_ln102_9 = partselect i16 @_ssdm_op_PartSelect.i16.i176.i32.i32, i176 %or_ln91_20, i32 160, i32 175" [src/integrated-gcn/spmm_stage.cpp:102]   --->   Operation 268 'partselect' 'trunc_ln102_9' <Predicate = (or_ln101)> <Delay = 0.00>
ST_4 : Operation 269 [1/1] (0.00ns)   --->   "%trunc_ln102_s = partselect i16 @_ssdm_op_PartSelect.i16.i192.i32.i32, i192 %or_ln91_19, i32 176, i32 191" [src/integrated-gcn/spmm_stage.cpp:102]   --->   Operation 269 'partselect' 'trunc_ln102_s' <Predicate = (or_ln101)> <Delay = 0.00>
ST_4 : Operation 270 [1/1] (0.00ns)   --->   "%trunc_ln102_10 = partselect i16 @_ssdm_op_PartSelect.i16.i208.i32.i32, i208 %or_ln91_18, i32 192, i32 207" [src/integrated-gcn/spmm_stage.cpp:102]   --->   Operation 270 'partselect' 'trunc_ln102_10' <Predicate = (or_ln101)> <Delay = 0.00>
ST_4 : Operation 271 [1/1] (0.00ns)   --->   "%trunc_ln102_11 = partselect i16 @_ssdm_op_PartSelect.i16.i224.i32.i32, i224 %or_ln91_17, i32 208, i32 223" [src/integrated-gcn/spmm_stage.cpp:102]   --->   Operation 271 'partselect' 'trunc_ln102_11' <Predicate = (or_ln101)> <Delay = 0.00>
ST_4 : Operation 272 [1/1] (0.00ns)   --->   "%trunc_ln102_12 = partselect i16 @_ssdm_op_PartSelect.i16.i240.i32.i32, i240 %or_ln91_16, i32 224, i32 239" [src/integrated-gcn/spmm_stage.cpp:102]   --->   Operation 272 'partselect' 'trunc_ln102_12' <Predicate = (or_ln101)> <Delay = 0.00>
ST_4 : Operation 273 [1/1] (0.00ns)   --->   "%trunc_ln102_13 = partselect i16 @_ssdm_op_PartSelect.i16.i256.i32.i32, i256 %or_ln91_15, i32 240, i32 255" [src/integrated-gcn/spmm_stage.cpp:102]   --->   Operation 273 'partselect' 'trunc_ln102_13' <Predicate = (or_ln101)> <Delay = 0.00>
ST_4 : Operation 274 [1/1] (0.00ns)   --->   "%trunc_ln102_14 = partselect i16 @_ssdm_op_PartSelect.i16.i272.i32.i32, i272 %or_ln91_14, i32 256, i32 271" [src/integrated-gcn/spmm_stage.cpp:102]   --->   Operation 274 'partselect' 'trunc_ln102_14' <Predicate = (or_ln101)> <Delay = 0.00>
ST_4 : Operation 275 [1/1] (0.00ns)   --->   "%trunc_ln102_15 = partselect i16 @_ssdm_op_PartSelect.i16.i288.i32.i32, i288 %or_ln91_13, i32 272, i32 287" [src/integrated-gcn/spmm_stage.cpp:102]   --->   Operation 275 'partselect' 'trunc_ln102_15' <Predicate = (or_ln101)> <Delay = 0.00>
ST_4 : Operation 276 [1/1] (0.00ns)   --->   "%trunc_ln102_16 = partselect i16 @_ssdm_op_PartSelect.i16.i304.i32.i32, i304 %or_ln91_12, i32 288, i32 303" [src/integrated-gcn/spmm_stage.cpp:102]   --->   Operation 276 'partselect' 'trunc_ln102_16' <Predicate = (or_ln101)> <Delay = 0.00>
ST_4 : Operation 277 [1/1] (0.00ns)   --->   "%trunc_ln102_17 = partselect i16 @_ssdm_op_PartSelect.i16.i320.i32.i32, i320 %or_ln91_11, i32 304, i32 319" [src/integrated-gcn/spmm_stage.cpp:102]   --->   Operation 277 'partselect' 'trunc_ln102_17' <Predicate = (or_ln101)> <Delay = 0.00>
ST_4 : Operation 278 [1/1] (0.00ns)   --->   "%trunc_ln102_18 = partselect i16 @_ssdm_op_PartSelect.i16.i336.i32.i32, i336 %or_ln91_10, i32 320, i32 335" [src/integrated-gcn/spmm_stage.cpp:102]   --->   Operation 278 'partselect' 'trunc_ln102_18' <Predicate = (or_ln101)> <Delay = 0.00>
ST_4 : Operation 279 [1/1] (0.00ns)   --->   "%trunc_ln102_19 = partselect i16 @_ssdm_op_PartSelect.i16.i352.i32.i32, i352 %or_ln91_9, i32 336, i32 351" [src/integrated-gcn/spmm_stage.cpp:102]   --->   Operation 279 'partselect' 'trunc_ln102_19' <Predicate = (or_ln101)> <Delay = 0.00>
ST_4 : Operation 280 [1/1] (0.00ns)   --->   "%trunc_ln102_20 = partselect i16 @_ssdm_op_PartSelect.i16.i368.i32.i32, i368 %or_ln91_8, i32 352, i32 367" [src/integrated-gcn/spmm_stage.cpp:102]   --->   Operation 280 'partselect' 'trunc_ln102_20' <Predicate = (or_ln101)> <Delay = 0.00>
ST_4 : Operation 281 [1/1] (0.00ns)   --->   "%trunc_ln102_21 = partselect i16 @_ssdm_op_PartSelect.i16.i384.i32.i32, i384 %or_ln91_7, i32 368, i32 383" [src/integrated-gcn/spmm_stage.cpp:102]   --->   Operation 281 'partselect' 'trunc_ln102_21' <Predicate = (or_ln101)> <Delay = 0.00>
ST_4 : Operation 282 [1/1] (0.00ns)   --->   "%trunc_ln102_22 = partselect i16 @_ssdm_op_PartSelect.i16.i400.i32.i32, i400 %or_ln91_6, i32 384, i32 399" [src/integrated-gcn/spmm_stage.cpp:102]   --->   Operation 282 'partselect' 'trunc_ln102_22' <Predicate = (or_ln101)> <Delay = 0.00>
ST_4 : Operation 283 [1/1] (0.00ns)   --->   "%trunc_ln102_23 = partselect i16 @_ssdm_op_PartSelect.i16.i416.i32.i32, i416 %or_ln91_5, i32 400, i32 415" [src/integrated-gcn/spmm_stage.cpp:102]   --->   Operation 283 'partselect' 'trunc_ln102_23' <Predicate = (or_ln101)> <Delay = 0.00>
ST_4 : Operation 284 [1/1] (0.00ns)   --->   "%trunc_ln102_24 = partselect i16 @_ssdm_op_PartSelect.i16.i432.i32.i32, i432 %or_ln91_4, i32 416, i32 431" [src/integrated-gcn/spmm_stage.cpp:102]   --->   Operation 284 'partselect' 'trunc_ln102_24' <Predicate = (or_ln101)> <Delay = 0.00>
ST_4 : Operation 285 [1/1] (0.00ns)   --->   "%trunc_ln102_25 = partselect i16 @_ssdm_op_PartSelect.i16.i448.i32.i32, i448 %or_ln91_3, i32 432, i32 447" [src/integrated-gcn/spmm_stage.cpp:102]   --->   Operation 285 'partselect' 'trunc_ln102_25' <Predicate = (or_ln101)> <Delay = 0.00>
ST_4 : Operation 286 [1/1] (0.00ns)   --->   "%trunc_ln102_26 = partselect i16 @_ssdm_op_PartSelect.i16.i464.i32.i32, i464 %or_ln91_2, i32 448, i32 463" [src/integrated-gcn/spmm_stage.cpp:102]   --->   Operation 286 'partselect' 'trunc_ln102_26' <Predicate = (or_ln101)> <Delay = 0.00>
ST_4 : Operation 287 [1/1] (0.00ns)   --->   "%trunc_ln102_27 = partselect i16 @_ssdm_op_PartSelect.i16.i480.i32.i32, i480 %or_ln91_1, i32 464, i32 479" [src/integrated-gcn/spmm_stage.cpp:102]   --->   Operation 287 'partselect' 'trunc_ln102_27' <Predicate = (or_ln101)> <Delay = 0.00>
ST_4 : Operation 288 [1/1] (0.00ns)   --->   "%trunc_ln102_28 = partselect i16 @_ssdm_op_PartSelect.i16.i496.i32.i32, i496 %or_ln91, i32 480, i32 495" [src/integrated-gcn/spmm_stage.cpp:102]   --->   Operation 288 'partselect' 'trunc_ln102_28' <Predicate = (or_ln101)> <Delay = 0.00>
ST_4 : Operation 289 [1/1] (0.00ns)   --->   "%trunc_ln102_29 = partselect i16 @_ssdm_op_PartSelect.i16.i512.i32.i32, i512 %out_vec_2, i32 496, i32 511" [src/integrated-gcn/spmm_stage.cpp:102]   --->   Operation 289 'partselect' 'trunc_ln102_29' <Predicate = (or_ln101)> <Delay = 0.00>
ST_4 : Operation 290 [1/1] (0.18ns)   --->   "%or_ln102 = or i16 %trunc_ln100_62, i16 %and_ln100_1" [src/integrated-gcn/spmm_stage.cpp:102]   --->   Operation 290 'or' 'or_ln102' <Predicate = (or_ln101)> <Delay = 0.18> <CoreInst = "LogicGate">   --->   Core 74 'LogicGate' <Latency = 0> <II = 1> <Delay = 0.18> <FuncUnit> <Opcode : 'and' 'or' 'xor'> <InPorts = 2> <OutPorts = 1>
ST_4 : Operation 291 [1/1] (0.00ns)   --->   "%sext_ln102 = sext i58 %trunc_ln102_30" [src/integrated-gcn/spmm_stage.cpp:102]   --->   Operation 291 'sext' 'sext_ln102' <Predicate = (or_ln101)> <Delay = 0.00>
ST_4 : Operation 292 [1/1] (0.00ns)   --->   "%gmem4_addr = getelementptr i512 %gmem4, i64 %sext_ln102" [src/integrated-gcn/spmm_stage.cpp:102]   --->   Operation 292 'getelementptr' 'gmem4_addr' <Predicate = (or_ln101)> <Delay = 0.00>
ST_4 : Operation 293 [1/1] ( I:7.30ns O:7.30ns )   --->   "%gmem4_addr_req = writereq i1 @_ssdm_op_WriteReq.m_axi.i512P1A, i512 %gmem4_addr, i64 1" [src/integrated-gcn/spmm_stage.cpp:102]   --->   Operation 293 'writereq' 'gmem4_addr_req' <Predicate = (or_ln101)> <Delay = 7.30> <CoreInst = "m_axi">   --->   Core 119 'm_axi' <Latency = 9> <II = 1> <Delay = 1.00> <Adapter> <Opcode : 'readrequnaligned' 'writerequnaligned' 'read' 'write' 'readreq' 'writereq' 'writeresp'>
ST_4 : Operation 294 [1/1] (0.00ns)   --->   "%store_ln91 = store i512 %out_vec_2, i512 %out_vec" [src/integrated-gcn/spmm_stage.cpp:91]   --->   Operation 294 'store' 'store_ln91' <Predicate = true> <Delay = 0.00>

State 5 <SV = 4> <Delay = 7.30>
ST_5 : Operation 295 [1/1] (0.00ns)   --->   "%or_ln102_s = bitconcatenate i512 @_ssdm_op_BitConcatenate.i512.i16.i16.i16.i16.i16.i16.i16.i16.i16.i16.i16.i16.i16.i16.i16.i16.i16.i16.i16.i16.i16.i16.i16.i16.i16.i16.i16.i16.i16.i16.i16.i16, i16 %trunc_ln102_29, i16 %trunc_ln102_28, i16 %trunc_ln102_27, i16 %trunc_ln102_26, i16 %trunc_ln102_25, i16 %trunc_ln102_24, i16 %trunc_ln102_23, i16 %trunc_ln102_22, i16 %trunc_ln102_21, i16 %trunc_ln102_20, i16 %trunc_ln102_19, i16 %trunc_ln102_18, i16 %trunc_ln102_17, i16 %trunc_ln102_16, i16 %trunc_ln102_15, i16 %trunc_ln102_14, i16 %trunc_ln102_13, i16 %trunc_ln102_12, i16 %trunc_ln102_11, i16 %trunc_ln102_10, i16 %trunc_ln102_s, i16 %trunc_ln102_9, i16 %trunc_ln102_8, i16 %trunc_ln102_7, i16 %trunc_ln102_6, i16 %trunc_ln102_5, i16 %trunc_ln102_4, i16 %trunc_ln102_3, i16 %trunc_ln102_2, i16 %trunc_ln102_1, i16 %trunc_ln1, i16 %or_ln102" [src/integrated-gcn/spmm_stage.cpp:102]   --->   Operation 295 'bitconcatenate' 'or_ln102_s' <Predicate = (or_ln101)> <Delay = 0.00>
ST_5 : Operation 296 [1/1] ( I:7.30ns O:7.30ns )   --->   "%write_ln102 = write void @_ssdm_op_Write.m_axi.i512P1A, i512 %gmem4_addr, i512 %or_ln102_s, i64 18446744073709551615" [src/integrated-gcn/spmm_stage.cpp:102]   --->   Operation 296 'write' 'write_ln102' <Predicate = (or_ln101)> <Delay = 7.30> <CoreInst = "m_axi">   --->   Core 119 'm_axi' <Latency = 5> <II = 1> <Delay = 1.00> <Adapter> <Opcode : 'readrequnaligned' 'writerequnaligned' 'read' 'write' 'readreq' 'writereq' 'writeresp'>

State 6 <SV = 5> <Delay = 0.00>
ST_6 : Operation 297 [5/5] (7.30ns)   --->   "%gmem4_addr_resp = writeresp i1 @_ssdm_op_WriteResp.m_axi.i512P1A, i512 %gmem4_addr" [src/integrated-gcn/spmm_stage.cpp:102]   --->   Operation 297 'writeresp' 'gmem4_addr_resp' <Predicate = (or_ln101)> <Delay = 7.30> <CoreInst = "m_axi">   --->   Core 119 'm_axi' <Latency = 3> <II = 1> <Delay = 1.00> <Adapter> <Opcode : 'readrequnaligned' 'writerequnaligned' 'read' 'write' 'readreq' 'writereq' 'writeresp'>

State 7 <SV = 6> <Delay = 0.00>
ST_7 : Operation 298 [4/5] (7.30ns)   --->   "%gmem4_addr_resp = writeresp i1 @_ssdm_op_WriteResp.m_axi.i512P1A, i512 %gmem4_addr" [src/integrated-gcn/spmm_stage.cpp:102]   --->   Operation 298 'writeresp' 'gmem4_addr_resp' <Predicate = (or_ln101)> <Delay = 7.30> <CoreInst = "m_axi">   --->   Core 119 'm_axi' <Latency = 3> <II = 1> <Delay = 1.00> <Adapter> <Opcode : 'readrequnaligned' 'writerequnaligned' 'read' 'write' 'readreq' 'writereq' 'writeresp'>

State 8 <SV = 7> <Delay = 0.00>
ST_8 : Operation 299 [3/5] (7.30ns)   --->   "%gmem4_addr_resp = writeresp i1 @_ssdm_op_WriteResp.m_axi.i512P1A, i512 %gmem4_addr" [src/integrated-gcn/spmm_stage.cpp:102]   --->   Operation 299 'writeresp' 'gmem4_addr_resp' <Predicate = (or_ln101)> <Delay = 7.30> <CoreInst = "m_axi">   --->   Core 119 'm_axi' <Latency = 3> <II = 1> <Delay = 1.00> <Adapter> <Opcode : 'readrequnaligned' 'writerequnaligned' 'read' 'write' 'readreq' 'writereq' 'writeresp'>

State 9 <SV = 8> <Delay = 0.00>
ST_9 : Operation 300 [2/5] (7.30ns)   --->   "%gmem4_addr_resp = writeresp i1 @_ssdm_op_WriteResp.m_axi.i512P1A, i512 %gmem4_addr" [src/integrated-gcn/spmm_stage.cpp:102]   --->   Operation 300 'writeresp' 'gmem4_addr_resp' <Predicate = (or_ln101)> <Delay = 7.30> <CoreInst = "m_axi">   --->   Core 119 'm_axi' <Latency = 3> <II = 1> <Delay = 1.00> <Adapter> <Opcode : 'readrequnaligned' 'writerequnaligned' 'read' 'write' 'readreq' 'writereq' 'writeresp'>

State 10 <SV = 9> <Delay = 7.30>
ST_10 : Operation 301 [1/5] ( I:7.30ns O:7.30ns )   --->   "%gmem4_addr_resp = writeresp i1 @_ssdm_op_WriteResp.m_axi.i512P1A, i512 %gmem4_addr" [src/integrated-gcn/spmm_stage.cpp:102]   --->   Operation 301 'writeresp' 'gmem4_addr_resp' <Predicate = (or_ln101)> <Delay = 7.30> <CoreInst = "m_axi">   --->   Core 119 'm_axi' <Latency = 3> <II = 1> <Delay = 1.00> <Adapter> <Opcode : 'readrequnaligned' 'writerequnaligned' 'read' 'write' 'readreq' 'writereq' 'writeresp'>
ST_10 : Operation 302 [1/1] (0.00ns)   --->   "%br_ln102 = br void %for.inc" [src/integrated-gcn/spmm_stage.cpp:102]   --->   Operation 302 'br' 'br_ln102' <Predicate = (or_ln101)> <Delay = 0.00>
ST_10 : Operation 303 [1/1] (0.42ns)   --->   "%ret_ln105 = ret" [src/integrated-gcn/spmm_stage.cpp:105]   --->   Operation 303 'ret' 'ret_ln105' <Predicate = (icmp_ln94)> <Delay = 0.42>


============================================================
+ Verbose Summary: Timing violations
============================================================
Target clock period: 10.000ns, clock uncertainty: 2.700ns.

 <State 1>: 1.727ns
The critical path consists of the following:
	'store' operation ('store_ln0') of constant 0 18 bit on local variable 'indvar_flatten2' [16]  (0.427 ns)
	'load' operation 18 bit ('indvar_flatten2_load', src/integrated-gcn/spmm_stage.cpp:94) on local variable 'indvar_flatten2' [27]  (0.000 ns)
	'add' operation 18 bit ('add_ln94', src/integrated-gcn/spmm_stage.cpp:94) [236]  (0.873 ns)
	'store' operation ('store_ln94', src/integrated-gcn/spmm_stage.cpp:94) of variable 'add_ln94', src/integrated-gcn/spmm_stage.cpp:94 18 bit on local variable 'indvar_flatten2' [293]  (0.427 ns)

 <State 2>: 1.838ns
The critical path consists of the following:
	fifo read operation ('H_out') on port 'H_out' [23]  (1.838 ns)

 <State 3>: 1.906ns
The critical path consists of the following:
	'load' operation 7 bit ('f_load', src/integrated-gcn/spmm_stage.cpp:91) on local variable 'f', src/integrated-gcn/spmm_stage.cpp:96 [30]  (0.000 ns)
	'select' operation 7 bit ('select_ln91', src/integrated-gcn/spmm_stage.cpp:91) [34]  (0.360 ns)
	'add' operation 7 bit ('f_2', src/integrated-gcn/spmm_stage.cpp:96) [285]  (0.773 ns)
	'icmp' operation 1 bit ('icmp_ln96', src/integrated-gcn/spmm_stage.cpp:96) [286]  (0.773 ns)

 <State 4>: 7.300ns
The critical path consists of the following:
	'getelementptr' operation 512 bit ('gmem4_addr', src/integrated-gcn/spmm_stage.cpp:102) [278]  (0.000 ns)
	bus request operation ('gmem4_addr_req', src/integrated-gcn/spmm_stage.cpp:102) on port 'gmem4' (src/integrated-gcn/spmm_stage.cpp:102) [279]  (7.300 ns)

 <State 5>: 7.300ns
The critical path consists of the following:
	bus write operation ('write_ln102', src/integrated-gcn/spmm_stage.cpp:102) on port 'gmem4' (src/integrated-gcn/spmm_stage.cpp:102) [280]  (7.300 ns)

 <State 6>: 0.000ns
The critical path consists of the following:

 <State 7>: 0.000ns
The critical path consists of the following:

 <State 8>: 0.000ns
The critical path consists of the following:

 <State 9>: 0.000ns
The critical path consists of the following:

 <State 10>: 7.300ns
The critical path consists of the following:
	bus response operation ('gmem4_addr_resp', src/integrated-gcn/spmm_stage.cpp:102) on port 'gmem4' (src/integrated-gcn/spmm_stage.cpp:102) [281]  (7.300 ns)


============================================================
+ Verbose Summary: Binding
============================================================
N/A
* FSMD analyzer results:
  - Output states:
 - Input state : 
  - Chain level:
	State 1
	State 2
	State 3
	State 4
	State 5
	State 6
	State 7
	State 8
	State 9
	State 10


============================================================
+ Verbose Summary: Datapath Resource usage 
============================================================
N/A
