

================================================================
== Vitis HLS Report for 'spmm_compute_Pipeline_SPMM_LOAD_H'
================================================================
* Date:           Wed Apr 15 14:24:43 2026

* Version:        2025.2 (Build 6295257 on Nov 14 2025)
* Project:        spmm_stage
* Solution:       hls (Vivado IP Flow Target)
* Product family: zynquplus
* Target device:  xck26-sfvc784-2LV-c


================================================================
== Performance Estimates
================================================================
+ Timing: 
    * Summary: 
    +--------+----------+----------+------------+
    |  Clock |  Target  | Estimated| Uncertainty|
    +--------+----------+----------+------------+
    |ap_clk  |  10.00 ns|  7.300 ns|     2.70 ns|
    +--------+----------+----------+------------+

+ Latency: 
    * Summary: 
    +---------+---------+-----------+-----------+-----+-----+-------------------+
    |  Latency (cycles) |   Latency (absolute)  |  Interval |      Pipeline     |
    |   min   |   max   |    min    |    max    | min | max |        Type       |
    +---------+---------+-----------+-----------+-----+-----+-------------------+
    |        5|        5|  50.000 ns|  50.000 ns|    0|    0|  loop pipeline stp|
    +---------+---------+-----------+-----------+-----+-----+-------------------+

    + Detail: 
        * Instance: 
        N/A

        * Loop: 
        +---------------+---------+---------+----------+-----------+-----------+------+----------+
        |               |  Latency (cycles) | Iteration|  Initiation Interval  | Trip |          |
        |   Loop Name   |   min   |   max   |  Latency |  achieved |   target  | Count| Pipelined|
        +---------------+---------+---------+----------+-----------+-----------+------+----------+
        |- SPMM_LOAD_H  |        3|        3|         3|          1|          1|     2|       yes|
        +---------------+---------+---------+----------+-----------+-----------+------+----------+



================================================================
== Utilization Estimates
================================================================
* Summary: 
+-----------------+---------+------+--------+--------+-----+
|       Name      | BRAM_18K|  DSP |   FF   |   LUT  | URAM|
+-----------------+---------+------+--------+--------+-----+
|DSP              |        -|     -|       -|       -|    -|
|Expression       |        -|     -|       0|      23|    -|
|FIFO             |        -|     -|       -|       -|    -|
|Instance         |        -|     -|       -|       -|    -|
|Memory           |        -|     -|       -|       -|    -|
|Multiplexer      |        -|     -|       0|      45|    -|
|Register         |        -|     -|     524|       -|    -|
+-----------------+---------+------+--------+--------+-----+
|Total            |        0|     0|     524|      68|    0|
+-----------------+---------+------+--------+--------+-----+
|Available        |      288|  1248|  234240|  117120|   64|
+-----------------+---------+------+--------+--------+-----+
|Utilization (%)  |        0|     0|      ~0|      ~0|    0|
+-----------------+---------+------+--------+--------+-----+

+ Detail: 
    * Instance: 
    N/A

    * DSP: 
    N/A

    * Memory: 
    N/A

    * FIFO: 
    N/A

    * Expression: 
    +---------------------------+----------+----+---+----+------------+------------+
    |       Variable Name       | Operation| DSP| FF| LUT| Bitwidth P0| Bitwidth P1|
    +---------------------------+----------+----+---+----+------------+------------+
    |add_ln62_fu_681_p2         |         +|   0|  0|   9|           2|           1|
    |ap_block_pp0_stage0_11001  |       and|   0|  0|   2|           1|           1|
    |icmp_ln62_fu_675_p2        |      icmp|   0|  0|  10|           2|           3|
    |ap_enable_pp0              |       xor|   0|  0|   2|           1|           2|
    +---------------------------+----------+----+---+----+------------+------------+
    |Total                      |          |   0|  0|  23|           6|           7|
    +---------------------------+----------+----+---+----+------------+------------+

    * Multiplexer: 
    +-------------------------+----+-----------+-----+-----------+
    |           Name          | LUT| Input Size| Bits| Total Bits|
    +-------------------------+----+-----------+-----+-----------+
    |ap_done_int              |   9|          2|    1|          2|
    |ap_enable_reg_pp0_iter1  |   9|          2|    1|          2|
    |ap_sig_allocacmp_v_1     |   9|          2|    2|          4|
    |gmem3_blk_n_R            |   9|          2|    1|          2|
    |v_fu_232                 |   9|          2|    2|          4|
    +-------------------------+----+-----------+-----+-----------+
    |Total                    |  45|         10|    7|         14|
    +-------------------------+----+-----------+-----+-----------+

    * Register: 
    +-------------------------------------------+----+----+-----+-----------+
    |                    Name                   | FF | LUT| Bits| Const Bits|
    +-------------------------------------------+----+----+-----+-----------+
    |ap_CS_fsm                                  |   1|   0|    1|          0|
    |ap_block_pp0_stage0_subdone_grp0_done_reg  |   1|   0|    1|          0|
    |ap_done_reg                                |   1|   0|    1|          0|
    |ap_enable_reg_pp0_iter1                    |   1|   0|    1|          0|
    |ap_enable_reg_pp0_iter2                    |   1|   0|    1|          0|
    |ap_loop_exit_ready_pp0_iter1_reg           |   1|   0|    1|          0|
    |trunc_ln64_10_reg_1123                     |  16|   0|   16|          0|
    |trunc_ln64_11_reg_1128                     |  16|   0|   16|          0|
    |trunc_ln64_12_reg_1133                     |  16|   0|   16|          0|
    |trunc_ln64_13_reg_1138                     |  16|   0|   16|          0|
    |trunc_ln64_14_reg_1143                     |  16|   0|   16|          0|
    |trunc_ln64_15_reg_1148                     |  16|   0|   16|          0|
    |trunc_ln64_16_reg_1153                     |  16|   0|   16|          0|
    |trunc_ln64_17_reg_1158                     |  16|   0|   16|          0|
    |trunc_ln64_18_reg_1163                     |  16|   0|   16|          0|
    |trunc_ln64_19_reg_1168                     |  16|   0|   16|          0|
    |trunc_ln64_1_reg_1073                      |  16|   0|   16|          0|
    |trunc_ln64_20_reg_1173                     |  16|   0|   16|          0|
    |trunc_ln64_21_reg_1178                     |  16|   0|   16|          0|
    |trunc_ln64_22_reg_1183                     |  16|   0|   16|          0|
    |trunc_ln64_23_reg_1188                     |  16|   0|   16|          0|
    |trunc_ln64_24_reg_1193                     |  16|   0|   16|          0|
    |trunc_ln64_25_reg_1198                     |  16|   0|   16|          0|
    |trunc_ln64_26_reg_1203                     |  16|   0|   16|          0|
    |trunc_ln64_27_reg_1208                     |  16|   0|   16|          0|
    |trunc_ln64_28_reg_1213                     |  16|   0|   16|          0|
    |trunc_ln64_29_reg_1218                     |  16|   0|   16|          0|
    |trunc_ln64_2_reg_1078                      |  16|   0|   16|          0|
    |trunc_ln64_30_reg_1223                     |  16|   0|   16|          0|
    |trunc_ln64_3_reg_1083                      |  16|   0|   16|          0|
    |trunc_ln64_4_reg_1088                      |  16|   0|   16|          0|
    |trunc_ln64_5_reg_1093                      |  16|   0|   16|          0|
    |trunc_ln64_6_reg_1098                      |  16|   0|   16|          0|
    |trunc_ln64_7_reg_1103                      |  16|   0|   16|          0|
    |trunc_ln64_8_reg_1108                      |  16|   0|   16|          0|
    |trunc_ln64_9_reg_1113                      |  16|   0|   16|          0|
    |trunc_ln64_reg_1068                        |  16|   0|   16|          0|
    |trunc_ln64_s_reg_1118                      |  16|   0|   16|          0|
    |v_1_reg_1059                               |   2|   0|    2|          0|
    |v_1_reg_1059_pp0_iter1_reg                 |   2|   0|    2|          0|
    |v_fu_232                                   |   2|   0|    2|          0|
    +-------------------------------------------+----+----+-----+-----------+
    |Total                                      | 524|   0|  524|          0|
    +-------------------------------------------+----+----+-----+-----------+



================================================================
== Interface
================================================================
* Summary: 
+------------------------+-----+-----+------------+-----------------------------------+--------------+
|        RTL Ports       | Dir | Bits|  Protocol  |           Source Object           |    C Type    |
+------------------------+-----+-----+------------+-----------------------------------+--------------+
|ap_clk                  |   in|    1|  ap_ctrl_hs|  spmm_compute_Pipeline_SPMM_LOAD_H|  return value|
|ap_rst                  |   in|    1|  ap_ctrl_hs|  spmm_compute_Pipeline_SPMM_LOAD_H|  return value|
|ap_start                |   in|    1|  ap_ctrl_hs|  spmm_compute_Pipeline_SPMM_LOAD_H|  return value|
|ap_done                 |  out|    1|  ap_ctrl_hs|  spmm_compute_Pipeline_SPMM_LOAD_H|  return value|
|ap_idle                 |  out|    1|  ap_ctrl_hs|  spmm_compute_Pipeline_SPMM_LOAD_H|  return value|
|ap_ready                |  out|    1|  ap_ctrl_hs|  spmm_compute_Pipeline_SPMM_LOAD_H|  return value|
|m_axi_gmem3_0_AWVALID   |  out|    1|       m_axi|                              gmem3|       pointer|
|m_axi_gmem3_0_AWREADY   |   in|    1|       m_axi|                              gmem3|       pointer|
|m_axi_gmem3_0_AWADDR    |  out|   64|       m_axi|                              gmem3|       pointer|
|m_axi_gmem3_0_AWID      |  out|    1|       m_axi|                              gmem3|       pointer|
|m_axi_gmem3_0_AWLEN     |  out|   32|       m_axi|                              gmem3|       pointer|
|m_axi_gmem3_0_AWSIZE    |  out|    3|       m_axi|                              gmem3|       pointer|
|m_axi_gmem3_0_AWBURST   |  out|    2|       m_axi|                              gmem3|       pointer|
|m_axi_gmem3_0_AWLOCK    |  out|    2|       m_axi|                              gmem3|       pointer|
|m_axi_gmem3_0_AWCACHE   |  out|    4|       m_axi|                              gmem3|       pointer|
|m_axi_gmem3_0_AWPROT    |  out|    3|       m_axi|                              gmem3|       pointer|
|m_axi_gmem3_0_AWQOS     |  out|    4|       m_axi|                              gmem3|       pointer|
|m_axi_gmem3_0_AWREGION  |  out|    4|       m_axi|                              gmem3|       pointer|
|m_axi_gmem3_0_AWUSER    |  out|    1|       m_axi|                              gmem3|       pointer|
|m_axi_gmem3_0_WVALID    |  out|    1|       m_axi|                              gmem3|       pointer|
|m_axi_gmem3_0_WREADY    |   in|    1|       m_axi|                              gmem3|       pointer|
|m_axi_gmem3_0_WDATA     |  out|  512|       m_axi|                              gmem3|       pointer|
|m_axi_gmem3_0_WSTRB     |  out|   64|       m_axi|                              gmem3|       pointer|
|m_axi_gmem3_0_WLAST     |  out|    1|       m_axi|                              gmem3|       pointer|
|m_axi_gmem3_0_WID       |  out|    1|       m_axi|                              gmem3|       pointer|
|m_axi_gmem3_0_WUSER     |  out|    1|       m_axi|                              gmem3|       pointer|
|m_axi_gmem3_0_ARVALID   |  out|    1|       m_axi|                              gmem3|       pointer|
|m_axi_gmem3_0_ARREADY   |   in|    1|       m_axi|                              gmem3|       pointer|
|m_axi_gmem3_0_ARADDR    |  out|   64|       m_axi|                              gmem3|       pointer|
|m_axi_gmem3_0_ARID      |  out|    1|       m_axi|                              gmem3|       pointer|
|m_axi_gmem3_0_ARLEN     |  out|   32|       m_axi|                              gmem3|       pointer|
|m_axi_gmem3_0_ARSIZE    |  out|    3|       m_axi|                              gmem3|       pointer|
|m_axi_gmem3_0_ARBURST   |  out|    2|       m_axi|                              gmem3|       pointer|
|m_axi_gmem3_0_ARLOCK    |  out|    2|       m_axi|                              gmem3|       pointer|
|m_axi_gmem3_0_ARCACHE   |  out|    4|       m_axi|                              gmem3|       pointer|
|m_axi_gmem3_0_ARPROT    |  out|    3|       m_axi|                              gmem3|       pointer|
|m_axi_gmem3_0_ARQOS     |  out|    4|       m_axi|                              gmem3|       pointer|
|m_axi_gmem3_0_ARREGION  |  out|    4|       m_axi|                              gmem3|       pointer|
|m_axi_gmem3_0_ARUSER    |  out|    1|       m_axi|                              gmem3|       pointer|
|m_axi_gmem3_0_RVALID    |   in|    1|       m_axi|                              gmem3|       pointer|
|m_axi_gmem3_0_RREADY    |  out|    1|       m_axi|                              gmem3|       pointer|
|m_axi_gmem3_0_RDATA     |   in|  512|       m_axi|                              gmem3|       pointer|
|m_axi_gmem3_0_RLAST     |   in|    1|       m_axi|                              gmem3|       pointer|
|m_axi_gmem3_0_RID       |   in|    1|       m_axi|                              gmem3|       pointer|
|m_axi_gmem3_0_RFIFONUM  |   in|    9|       m_axi|                              gmem3|       pointer|
|m_axi_gmem3_0_RUSER     |   in|    1|       m_axi|                              gmem3|       pointer|
|m_axi_gmem3_0_RRESP     |   in|    2|       m_axi|                              gmem3|       pointer|
|m_axi_gmem3_0_BVALID    |   in|    1|       m_axi|                              gmem3|       pointer|
|m_axi_gmem3_0_BREADY    |  out|    1|       m_axi|                              gmem3|       pointer|
|m_axi_gmem3_0_BRESP     |   in|    2|       m_axi|                              gmem3|       pointer|
|m_axi_gmem3_0_BID       |   in|    1|       m_axi|                              gmem3|       pointer|
|m_axi_gmem3_0_BUSER     |   in|    1|       m_axi|                              gmem3|       pointer|
|sext_ln62_1             |   in|   58|     ap_none|                        sext_ln62_1|        scalar|
|h_buf_31_address0       |  out|    1|   ap_memory|                           h_buf_31|         array|
|h_buf_31_ce0            |  out|    1|   ap_memory|                           h_buf_31|         array|
|h_buf_31_we0            |  out|    1|   ap_memory|                           h_buf_31|         array|
|h_buf_31_d0             |  out|   16|   ap_memory|                           h_buf_31|         array|
|h_buf_30_address0       |  out|    1|   ap_memory|                           h_buf_30|         array|
|h_buf_30_ce0            |  out|    1|   ap_memory|                           h_buf_30|         array|
|h_buf_30_we0            |  out|    1|   ap_memory|                           h_buf_30|         array|
|h_buf_30_d0             |  out|   16|   ap_memory|                           h_buf_30|         array|
|h_buf_29_address0       |  out|    1|   ap_memory|                           h_buf_29|         array|
|h_buf_29_ce0            |  out|    1|   ap_memory|                           h_buf_29|         array|
|h_buf_29_we0            |  out|    1|   ap_memory|                           h_buf_29|         array|
|h_buf_29_d0             |  out|   16|   ap_memory|                           h_buf_29|         array|
|h_buf_28_address0       |  out|    1|   ap_memory|                           h_buf_28|         array|
|h_buf_28_ce0            |  out|    1|   ap_memory|                           h_buf_28|         array|
|h_buf_28_we0            |  out|    1|   ap_memory|                           h_buf_28|         array|
|h_buf_28_d0             |  out|   16|   ap_memory|                           h_buf_28|         array|
|h_buf_27_address0       |  out|    1|   ap_memory|                           h_buf_27|         array|
|h_buf_27_ce0            |  out|    1|   ap_memory|                           h_buf_27|         array|
|h_buf_27_we0            |  out|    1|   ap_memory|                           h_buf_27|         array|
|h_buf_27_d0             |  out|   16|   ap_memory|                           h_buf_27|         array|
|h_buf_26_address0       |  out|    1|   ap_memory|                           h_buf_26|         array|
|h_buf_26_ce0            |  out|    1|   ap_memory|                           h_buf_26|         array|
|h_buf_26_we0            |  out|    1|   ap_memory|                           h_buf_26|         array|
|h_buf_26_d0             |  out|   16|   ap_memory|                           h_buf_26|         array|
|h_buf_25_address0       |  out|    1|   ap_memory|                           h_buf_25|         array|
|h_buf_25_ce0            |  out|    1|   ap_memory|                           h_buf_25|         array|
|h_buf_25_we0            |  out|    1|   ap_memory|                           h_buf_25|         array|
|h_buf_25_d0             |  out|   16|   ap_memory|                           h_buf_25|         array|
|h_buf_24_address0       |  out|    1|   ap_memory|                           h_buf_24|         array|
|h_buf_24_ce0            |  out|    1|   ap_memory|                           h_buf_24|         array|
|h_buf_24_we0            |  out|    1|   ap_memory|                           h_buf_24|         array|
|h_buf_24_d0             |  out|   16|   ap_memory|                           h_buf_24|         array|
|h_buf_23_address0       |  out|    1|   ap_memory|                           h_buf_23|         array|
|h_buf_23_ce0            |  out|    1|   ap_memory|                           h_buf_23|         array|
|h_buf_23_we0            |  out|    1|   ap_memory|                           h_buf_23|         array|
|h_buf_23_d0             |  out|   16|   ap_memory|                           h_buf_23|         array|
|h_buf_22_address0       |  out|    1|   ap_memory|                           h_buf_22|         array|
|h_buf_22_ce0            |  out|    1|   ap_memory|                           h_buf_22|         array|
|h_buf_22_we0            |  out|    1|   ap_memory|                           h_buf_22|         array|
|h_buf_22_d0             |  out|   16|   ap_memory|                           h_buf_22|         array|
|h_buf_21_address0       |  out|    1|   ap_memory|                           h_buf_21|         array|
|h_buf_21_ce0            |  out|    1|   ap_memory|                           h_buf_21|         array|
|h_buf_21_we0            |  out|    1|   ap_memory|                           h_buf_21|         array|
|h_buf_21_d0             |  out|   16|   ap_memory|                           h_buf_21|         array|
|h_buf_20_address0       |  out|    1|   ap_memory|                           h_buf_20|         array|
|h_buf_20_ce0            |  out|    1|   ap_memory|                           h_buf_20|         array|
|h_buf_20_we0            |  out|    1|   ap_memory|                           h_buf_20|         array|
|h_buf_20_d0             |  out|   16|   ap_memory|                           h_buf_20|         array|
|h_buf_19_address0       |  out|    1|   ap_memory|                           h_buf_19|         array|
|h_buf_19_ce0            |  out|    1|   ap_memory|                           h_buf_19|         array|
|h_buf_19_we0            |  out|    1|   ap_memory|                           h_buf_19|         array|
|h_buf_19_d0             |  out|   16|   ap_memory|                           h_buf_19|         array|
|h_buf_18_address0       |  out|    1|   ap_memory|                           h_buf_18|         array|
|h_buf_18_ce0            |  out|    1|   ap_memory|                           h_buf_18|         array|
|h_buf_18_we0            |  out|    1|   ap_memory|                           h_buf_18|         array|
|h_buf_18_d0             |  out|   16|   ap_memory|                           h_buf_18|         array|
|h_buf_17_address0       |  out|    1|   ap_memory|                           h_buf_17|         array|
|h_buf_17_ce0            |  out|    1|   ap_memory|                           h_buf_17|         array|
|h_buf_17_we0            |  out|    1|   ap_memory|                           h_buf_17|         array|
|h_buf_17_d0             |  out|   16|   ap_memory|                           h_buf_17|         array|
|h_buf_16_address0       |  out|    1|   ap_memory|                           h_buf_16|         array|
|h_buf_16_ce0            |  out|    1|   ap_memory|                           h_buf_16|         array|
|h_buf_16_we0            |  out|    1|   ap_memory|                           h_buf_16|         array|
|h_buf_16_d0             |  out|   16|   ap_memory|                           h_buf_16|         array|
|h_buf_15_address0       |  out|    1|   ap_memory|                           h_buf_15|         array|
|h_buf_15_ce0            |  out|    1|   ap_memory|                           h_buf_15|         array|
|h_buf_15_we0            |  out|    1|   ap_memory|                           h_buf_15|         array|
|h_buf_15_d0             |  out|   16|   ap_memory|                           h_buf_15|         array|
|h_buf_14_address0       |  out|    1|   ap_memory|                           h_buf_14|         array|
|h_buf_14_ce0            |  out|    1|   ap_memory|                           h_buf_14|         array|
|h_buf_14_we0            |  out|    1|   ap_memory|                           h_buf_14|         array|
|h_buf_14_d0             |  out|   16|   ap_memory|                           h_buf_14|         array|
|h_buf_13_address0       |  out|    1|   ap_memory|                           h_buf_13|         array|
|h_buf_13_ce0            |  out|    1|   ap_memory|                           h_buf_13|         array|
|h_buf_13_we0            |  out|    1|   ap_memory|                           h_buf_13|         array|
|h_buf_13_d0             |  out|   16|   ap_memory|                           h_buf_13|         array|
|h_buf_12_address0       |  out|    1|   ap_memory|                           h_buf_12|         array|
|h_buf_12_ce0            |  out|    1|   ap_memory|                           h_buf_12|         array|
|h_buf_12_we0            |  out|    1|   ap_memory|                           h_buf_12|         array|
|h_buf_12_d0             |  out|   16|   ap_memory|                           h_buf_12|         array|
|h_buf_11_address0       |  out|    1|   ap_memory|                           h_buf_11|         array|
|h_buf_11_ce0            |  out|    1|   ap_memory|                           h_buf_11|         array|
|h_buf_11_we0            |  out|    1|   ap_memory|                           h_buf_11|         array|
|h_buf_11_d0             |  out|   16|   ap_memory|                           h_buf_11|         array|
|h_buf_10_address0       |  out|    1|   ap_memory|                           h_buf_10|         array|
|h_buf_10_ce0            |  out|    1|   ap_memory|                           h_buf_10|         array|
|h_buf_10_we0            |  out|    1|   ap_memory|                           h_buf_10|         array|
|h_buf_10_d0             |  out|   16|   ap_memory|                           h_buf_10|         array|
|h_buf_9_address0        |  out|    1|   ap_memory|                            h_buf_9|         array|
|h_buf_9_ce0             |  out|    1|   ap_memory|                            h_buf_9|         array|
|h_buf_9_we0             |  out|    1|   ap_memory|                            h_buf_9|         array|
|h_buf_9_d0              |  out|   16|   ap_memory|                            h_buf_9|         array|
|h_buf_8_address0        |  out|    1|   ap_memory|                            h_buf_8|         array|
|h_buf_8_ce0             |  out|    1|   ap_memory|                            h_buf_8|         array|
|h_buf_8_we0             |  out|    1|   ap_memory|                            h_buf_8|         array|
|h_buf_8_d0              |  out|   16|   ap_memory|                            h_buf_8|         array|
|h_buf_7_address0        |  out|    1|   ap_memory|                            h_buf_7|         array|
|h_buf_7_ce0             |  out|    1|   ap_memory|                            h_buf_7|         array|
|h_buf_7_we0             |  out|    1|   ap_memory|                            h_buf_7|         array|
|h_buf_7_d0              |  out|   16|   ap_memory|                            h_buf_7|         array|
|h_buf_6_address0        |  out|    1|   ap_memory|                            h_buf_6|         array|
|h_buf_6_ce0             |  out|    1|   ap_memory|                            h_buf_6|         array|
|h_buf_6_we0             |  out|    1|   ap_memory|                            h_buf_6|         array|
|h_buf_6_d0              |  out|   16|   ap_memory|                            h_buf_6|         array|
|h_buf_5_address0        |  out|    1|   ap_memory|                            h_buf_5|         array|
|h_buf_5_ce0             |  out|    1|   ap_memory|                            h_buf_5|         array|
|h_buf_5_we0             |  out|    1|   ap_memory|                            h_buf_5|         array|
|h_buf_5_d0              |  out|   16|   ap_memory|                            h_buf_5|         array|
|h_buf_4_address0        |  out|    1|   ap_memory|                            h_buf_4|         array|
|h_buf_4_ce0             |  out|    1|   ap_memory|                            h_buf_4|         array|
|h_buf_4_we0             |  out|    1|   ap_memory|                            h_buf_4|         array|
|h_buf_4_d0              |  out|   16|   ap_memory|                            h_buf_4|         array|
|h_buf_3_address0        |  out|    1|   ap_memory|                            h_buf_3|         array|
|h_buf_3_ce0             |  out|    1|   ap_memory|                            h_buf_3|         array|
|h_buf_3_we0             |  out|    1|   ap_memory|                            h_buf_3|         array|
|h_buf_3_d0              |  out|   16|   ap_memory|                            h_buf_3|         array|
|h_buf_2_address0        |  out|    1|   ap_memory|                            h_buf_2|         array|
|h_buf_2_ce0             |  out|    1|   ap_memory|                            h_buf_2|         array|
|h_buf_2_we0             |  out|    1|   ap_memory|                            h_buf_2|         array|
|h_buf_2_d0              |  out|   16|   ap_memory|                            h_buf_2|         array|
|h_buf_1_address0        |  out|    1|   ap_memory|                            h_buf_1|         array|
|h_buf_1_ce0             |  out|    1|   ap_memory|                            h_buf_1|         array|
|h_buf_1_we0             |  out|    1|   ap_memory|                            h_buf_1|         array|
|h_buf_1_d0              |  out|   16|   ap_memory|                            h_buf_1|         array|
|h_buf_address0          |  out|    1|   ap_memory|                              h_buf|         array|
|h_buf_ce0               |  out|    1|   ap_memory|                              h_buf|         array|
|h_buf_we0               |  out|    1|   ap_memory|                              h_buf|         array|
|h_buf_d0                |  out|   16|   ap_memory|                              h_buf|         array|
+------------------------+-----+-----+------------+-----------------------------------+--------------+

============================================================
+ Verbose Summary: Synthesis Manager
============================================================
InlineROM: 1
ExposeGlobal: 0
============================================================
+ Verbose Summary: CDFG Model
============================================================
IsTopModel: 0
ResetActiveHigh: 1
IsCombinational: 2
IsDatapathOnly: 2
HasWiredReturn: 1
HasMFsm: 2
HasVarLatency: 1
IsPipeline: 0
IsRtlPipelined: 0
IsInstanceOverlapped: 0
IsDontTouch: 0
HasImplIP: 0
IsGatedGlobalClock: 0

+ Individual pipeline summary: 
  * Pipeline-0: initiation interval (II) = 1, depth = 3


============================================================
+ Verbose Summary: Schedule
============================================================
* Number of FSM states : 3
* Pipeline : 1
  Pipeline-0 : II = 1, D = 3, States = { 1 2 3 }
* Dataflow Pipeline: 0

* FSM state transitions: 
1 --> 2 
2 --> 3 
3 --> 

* FSM state operations: 

State 1 <SV = 0> <Delay = 1.40>
ST_1 : Operation 6 [1/1] (0.00ns)   --->   "%v = alloca i32 1" [src/integrated-gcn/spmm_stage.cpp:62]   --->   Operation 6 'alloca' 'v' <Predicate = true> <Delay = 0.00>
ST_1 : Operation 7 [1/1] (0.00ns)   --->   "%sext_ln62_1_read = read i58 @_ssdm_op_Read.ap_auto.i58, i58 %sext_ln62_1"   --->   Operation 7 'read' 'sext_ln62_1_read' <Predicate = true> <Delay = 0.00>
ST_1 : Operation 8 [1/1] (0.00ns)   --->   "%sext_ln62_1_cast = sext i58 %sext_ln62_1_read"   --->   Operation 8 'sext' 'sext_ln62_1_cast' <Predicate = true> <Delay = 0.00>
ST_1 : Operation 9 [1/1] (0.00ns)   --->   "%specinterface_ln0 = specinterface void @_ssdm_op_SpecInterface, i512 %gmem3, void @empty, i32 0, i32 0, void @empty_7, i32 0, i32 0, void @empty_3, void @empty_19, void @empty_7, i32 16, i32 16, i32 16, i32 16, void @empty_7, void @empty_7, i32 4294967295, i32 0, i32 0, i32 64"   --->   Operation 9 'specinterface' 'specinterface_ln0' <Predicate = true> <Delay = 0.00>
ST_1 : Operation 10 [1/1] (0.42ns)   --->   "%store_ln62 = store i2 0, i2 %v" [src/integrated-gcn/spmm_stage.cpp:62]   --->   Operation 10 'store' 'store_ln62' <Predicate = true> <Delay = 0.42>
ST_1 : Operation 11 [1/1] (0.00ns)   --->   "%br_ln0 = br void %VITIS_LOOP_65_1"   --->   Operation 11 'br' 'br_ln0' <Predicate = true> <Delay = 0.00>
ST_1 : Operation 12 [1/1] (0.00ns)   --->   "%v_1 = load i2 %v" [src/integrated-gcn/spmm_stage.cpp:62]   --->   Operation 12 'load' 'v_1' <Predicate = true> <Delay = 0.00>
ST_1 : Operation 13 [1/1] (0.54ns)   --->   "%icmp_ln62 = icmp_eq  i2 %v_1, i2 2" [src/integrated-gcn/spmm_stage.cpp:62]   --->   Operation 13 'icmp' 'icmp_ln62' <Predicate = true> <Delay = 0.54> <CoreInst = "Cmp">   --->   Core 9 'Cmp' <Latency = 0> <II = 1> <Delay = 0.67> <FuncUnit> <Opcode : 'seteq' 'setne' 'setle' 'setge' 'setlt' 'setgt'> <InPorts = 2> <OutPorts = 1>
ST_1 : Operation 14 [1/1] (0.54ns)   --->   "%add_ln62 = add i2 %v_1, i2 1" [src/integrated-gcn/spmm_stage.cpp:62]   --->   Operation 14 'add' 'add_ln62' <Predicate = true> <Delay = 0.54> <CoreInst = "Adder">   --->   Core 1 'Adder' <Latency = 0> <II = 1> <Delay = 0.54> <FuncUnit> <Opcode : 'add' 'sub'> <InPorts = 2> <OutPorts = 1>
ST_1 : Operation 15 [1/1] (0.00ns)   --->   "%br_ln62 = br i1 %icmp_ln62, void %VITIS_LOOP_65_1.split, void %SPMM_MAC.exitStub" [src/integrated-gcn/spmm_stage.cpp:62]   --->   Operation 15 'br' 'br_ln62' <Predicate = true> <Delay = 0.00>
ST_1 : Operation 16 [1/1] (0.42ns)   --->   "%store_ln62 = store i2 %add_ln62, i2 %v" [src/integrated-gcn/spmm_stage.cpp:62]   --->   Operation 16 'store' 'store_ln62' <Predicate = (!icmp_ln62)> <Delay = 0.42>

State 2 <SV = 1> <Delay = 7.30>
ST_2 : Operation 17 [1/1] (0.00ns)   --->   "%gmem3_addr = getelementptr i512 %gmem3, i64 %sext_ln62_1_cast" [src/integrated-gcn/spmm_stage.cpp:62]   --->   Operation 17 'getelementptr' 'gmem3_addr' <Predicate = true> <Delay = 0.00>
ST_2 : Operation 18 [1/1] ( I:7.30ns O:7.30ns )   --->   "%gmem3_addr_read = read i512 @_ssdm_op_Read.m_axi.i512.p1i512, i64 %gmem3_addr" [src/integrated-gcn/spmm_stage.cpp:64]   --->   Operation 18 'read' 'gmem3_addr_read' <Predicate = true> <Delay = 7.30> <CoreInst = "m_axi">   --->   Core 119 'm_axi' <Latency = 3> <II = 1> <Delay = 1.00> <Adapter> <Opcode : 'readrequnaligned' 'writerequnaligned' 'read' 'write' 'readreq' 'writereq' 'writeresp'>
ST_2 : Operation 19 [1/1] (0.00ns)   --->   "%trunc_ln64 = trunc i512 %gmem3_addr_read" [src/integrated-gcn/spmm_stage.cpp:64]   --->   Operation 19 'trunc' 'trunc_ln64' <Predicate = true> <Delay = 0.00>
ST_2 : Operation 20 [1/1] (0.00ns)   --->   "%trunc_ln64_1 = partselect i16 @_ssdm_op_PartSelect.i16.i512.i32.i32, i512 %gmem3_addr_read, i32 16, i32 31" [src/integrated-gcn/spmm_stage.cpp:64]   --->   Operation 20 'partselect' 'trunc_ln64_1' <Predicate = true> <Delay = 0.00>
ST_2 : Operation 21 [1/1] (0.00ns)   --->   "%trunc_ln64_2 = partselect i16 @_ssdm_op_PartSelect.i16.i512.i32.i32, i512 %gmem3_addr_read, i32 32, i32 47" [src/integrated-gcn/spmm_stage.cpp:64]   --->   Operation 21 'partselect' 'trunc_ln64_2' <Predicate = true> <Delay = 0.00>
ST_2 : Operation 22 [1/1] (0.00ns)   --->   "%trunc_ln64_3 = partselect i16 @_ssdm_op_PartSelect.i16.i512.i32.i32, i512 %gmem3_addr_read, i32 48, i32 63" [src/integrated-gcn/spmm_stage.cpp:64]   --->   Operation 22 'partselect' 'trunc_ln64_3' <Predicate = true> <Delay = 0.00>
ST_2 : Operation 23 [1/1] (0.00ns)   --->   "%trunc_ln64_4 = partselect i16 @_ssdm_op_PartSelect.i16.i512.i32.i32, i512 %gmem3_addr_read, i32 64, i32 79" [src/integrated-gcn/spmm_stage.cpp:64]   --->   Operation 23 'partselect' 'trunc_ln64_4' <Predicate = true> <Delay = 0.00>
ST_2 : Operation 24 [1/1] (0.00ns)   --->   "%trunc_ln64_5 = partselect i16 @_ssdm_op_PartSelect.i16.i512.i32.i32, i512 %gmem3_addr_read, i32 80, i32 95" [src/integrated-gcn/spmm_stage.cpp:64]   --->   Operation 24 'partselect' 'trunc_ln64_5' <Predicate = true> <Delay = 0.00>
ST_2 : Operation 25 [1/1] (0.00ns)   --->   "%trunc_ln64_6 = partselect i16 @_ssdm_op_PartSelect.i16.i512.i32.i32, i512 %gmem3_addr_read, i32 96, i32 111" [src/integrated-gcn/spmm_stage.cpp:64]   --->   Operation 25 'partselect' 'trunc_ln64_6' <Predicate = true> <Delay = 0.00>
ST_2 : Operation 26 [1/1] (0.00ns)   --->   "%trunc_ln64_7 = partselect i16 @_ssdm_op_PartSelect.i16.i512.i32.i32, i512 %gmem3_addr_read, i32 112, i32 127" [src/integrated-gcn/spmm_stage.cpp:64]   --->   Operation 26 'partselect' 'trunc_ln64_7' <Predicate = true> <Delay = 0.00>
ST_2 : Operation 27 [1/1] (0.00ns)   --->   "%trunc_ln64_8 = partselect i16 @_ssdm_op_PartSelect.i16.i512.i32.i32, i512 %gmem3_addr_read, i32 128, i32 143" [src/integrated-gcn/spmm_stage.cpp:64]   --->   Operation 27 'partselect' 'trunc_ln64_8' <Predicate = true> <Delay = 0.00>
ST_2 : Operation 28 [1/1] (0.00ns)   --->   "%trunc_ln64_9 = partselect i16 @_ssdm_op_PartSelect.i16.i512.i32.i32, i512 %gmem3_addr_read, i32 144, i32 159" [src/integrated-gcn/spmm_stage.cpp:64]   --->   Operation 28 'partselect' 'trunc_ln64_9' <Predicate = true> <Delay = 0.00>
ST_2 : Operation 29 [1/1] (0.00ns)   --->   "%trunc_ln64_s = partselect i16 @_ssdm_op_PartSelect.i16.i512.i32.i32, i512 %gmem3_addr_read, i32 160, i32 175" [src/integrated-gcn/spmm_stage.cpp:64]   --->   Operation 29 'partselect' 'trunc_ln64_s' <Predicate = true> <Delay = 0.00>
ST_2 : Operation 30 [1/1] (0.00ns)   --->   "%trunc_ln64_10 = partselect i16 @_ssdm_op_PartSelect.i16.i512.i32.i32, i512 %gmem3_addr_read, i32 176, i32 191" [src/integrated-gcn/spmm_stage.cpp:64]   --->   Operation 30 'partselect' 'trunc_ln64_10' <Predicate = true> <Delay = 0.00>
ST_2 : Operation 31 [1/1] (0.00ns)   --->   "%trunc_ln64_11 = partselect i16 @_ssdm_op_PartSelect.i16.i512.i32.i32, i512 %gmem3_addr_read, i32 192, i32 207" [src/integrated-gcn/spmm_stage.cpp:64]   --->   Operation 31 'partselect' 'trunc_ln64_11' <Predicate = true> <Delay = 0.00>
ST_2 : Operation 32 [1/1] (0.00ns)   --->   "%trunc_ln64_12 = partselect i16 @_ssdm_op_PartSelect.i16.i512.i32.i32, i512 %gmem3_addr_read, i32 208, i32 223" [src/integrated-gcn/spmm_stage.cpp:64]   --->   Operation 32 'partselect' 'trunc_ln64_12' <Predicate = true> <Delay = 0.00>
ST_2 : Operation 33 [1/1] (0.00ns)   --->   "%trunc_ln64_13 = partselect i16 @_ssdm_op_PartSelect.i16.i512.i32.i32, i512 %gmem3_addr_read, i32 224, i32 239" [src/integrated-gcn/spmm_stage.cpp:64]   --->   Operation 33 'partselect' 'trunc_ln64_13' <Predicate = true> <Delay = 0.00>
ST_2 : Operation 34 [1/1] (0.00ns)   --->   "%trunc_ln64_14 = partselect i16 @_ssdm_op_PartSelect.i16.i512.i32.i32, i512 %gmem3_addr_read, i32 240, i32 255" [src/integrated-gcn/spmm_stage.cpp:64]   --->   Operation 34 'partselect' 'trunc_ln64_14' <Predicate = true> <Delay = 0.00>
ST_2 : Operation 35 [1/1] (0.00ns)   --->   "%trunc_ln64_15 = partselect i16 @_ssdm_op_PartSelect.i16.i512.i32.i32, i512 %gmem3_addr_read, i32 256, i32 271" [src/integrated-gcn/spmm_stage.cpp:64]   --->   Operation 35 'partselect' 'trunc_ln64_15' <Predicate = true> <Delay = 0.00>
ST_2 : Operation 36 [1/1] (0.00ns)   --->   "%trunc_ln64_16 = partselect i16 @_ssdm_op_PartSelect.i16.i512.i32.i32, i512 %gmem3_addr_read, i32 272, i32 287" [src/integrated-gcn/spmm_stage.cpp:64]   --->   Operation 36 'partselect' 'trunc_ln64_16' <Predicate = true> <Delay = 0.00>
ST_2 : Operation 37 [1/1] (0.00ns)   --->   "%trunc_ln64_17 = partselect i16 @_ssdm_op_PartSelect.i16.i512.i32.i32, i512 %gmem3_addr_read, i32 288, i32 303" [src/integrated-gcn/spmm_stage.cpp:64]   --->   Operation 37 'partselect' 'trunc_ln64_17' <Predicate = true> <Delay = 0.00>
ST_2 : Operation 38 [1/1] (0.00ns)   --->   "%trunc_ln64_18 = partselect i16 @_ssdm_op_PartSelect.i16.i512.i32.i32, i512 %gmem3_addr_read, i32 304, i32 319" [src/integrated-gcn/spmm_stage.cpp:64]   --->   Operation 38 'partselect' 'trunc_ln64_18' <Predicate = true> <Delay = 0.00>
ST_2 : Operation 39 [1/1] (0.00ns)   --->   "%trunc_ln64_19 = partselect i16 @_ssdm_op_PartSelect.i16.i512.i32.i32, i512 %gmem3_addr_read, i32 320, i32 335" [src/integrated-gcn/spmm_stage.cpp:64]   --->   Operation 39 'partselect' 'trunc_ln64_19' <Predicate = true> <Delay = 0.00>
ST_2 : Operation 40 [1/1] (0.00ns)   --->   "%trunc_ln64_20 = partselect i16 @_ssdm_op_PartSelect.i16.i512.i32.i32, i512 %gmem3_addr_read, i32 336, i32 351" [src/integrated-gcn/spmm_stage.cpp:64]   --->   Operation 40 'partselect' 'trunc_ln64_20' <Predicate = true> <Delay = 0.00>
ST_2 : Operation 41 [1/1] (0.00ns)   --->   "%trunc_ln64_21 = partselect i16 @_ssdm_op_PartSelect.i16.i512.i32.i32, i512 %gmem3_addr_read, i32 352, i32 367" [src/integrated-gcn/spmm_stage.cpp:64]   --->   Operation 41 'partselect' 'trunc_ln64_21' <Predicate = true> <Delay = 0.00>
ST_2 : Operation 42 [1/1] (0.00ns)   --->   "%trunc_ln64_22 = partselect i16 @_ssdm_op_PartSelect.i16.i512.i32.i32, i512 %gmem3_addr_read, i32 368, i32 383" [src/integrated-gcn/spmm_stage.cpp:64]   --->   Operation 42 'partselect' 'trunc_ln64_22' <Predicate = true> <Delay = 0.00>
ST_2 : Operation 43 [1/1] (0.00ns)   --->   "%trunc_ln64_23 = partselect i16 @_ssdm_op_PartSelect.i16.i512.i32.i32, i512 %gmem3_addr_read, i32 384, i32 399" [src/integrated-gcn/spmm_stage.cpp:64]   --->   Operation 43 'partselect' 'trunc_ln64_23' <Predicate = true> <Delay = 0.00>
ST_2 : Operation 44 [1/1] (0.00ns)   --->   "%trunc_ln64_24 = partselect i16 @_ssdm_op_PartSelect.i16.i512.i32.i32, i512 %gmem3_addr_read, i32 400, i32 415" [src/integrated-gcn/spmm_stage.cpp:64]   --->   Operation 44 'partselect' 'trunc_ln64_24' <Predicate = true> <Delay = 0.00>
ST_2 : Operation 45 [1/1] (0.00ns)   --->   "%trunc_ln64_25 = partselect i16 @_ssdm_op_PartSelect.i16.i512.i32.i32, i512 %gmem3_addr_read, i32 416, i32 431" [src/integrated-gcn/spmm_stage.cpp:64]   --->   Operation 45 'partselect' 'trunc_ln64_25' <Predicate = true> <Delay = 0.00>
ST_2 : Operation 46 [1/1] (0.00ns)   --->   "%trunc_ln64_26 = partselect i16 @_ssdm_op_PartSelect.i16.i512.i32.i32, i512 %gmem3_addr_read, i32 432, i32 447" [src/integrated-gcn/spmm_stage.cpp:64]   --->   Operation 46 'partselect' 'trunc_ln64_26' <Predicate = true> <Delay = 0.00>
ST_2 : Operation 47 [1/1] (0.00ns)   --->   "%trunc_ln64_27 = partselect i16 @_ssdm_op_PartSelect.i16.i512.i32.i32, i512 %gmem3_addr_read, i32 448, i32 463" [src/integrated-gcn/spmm_stage.cpp:64]   --->   Operation 47 'partselect' 'trunc_ln64_27' <Predicate = true> <Delay = 0.00>
ST_2 : Operation 48 [1/1] (0.00ns)   --->   "%trunc_ln64_28 = partselect i16 @_ssdm_op_PartSelect.i16.i512.i32.i32, i512 %gmem3_addr_read, i32 464, i32 479" [src/integrated-gcn/spmm_stage.cpp:64]   --->   Operation 48 'partselect' 'trunc_ln64_28' <Predicate = true> <Delay = 0.00>
ST_2 : Operation 49 [1/1] (0.00ns)   --->   "%trunc_ln64_29 = partselect i16 @_ssdm_op_PartSelect.i16.i512.i32.i32, i512 %gmem3_addr_read, i32 480, i32 495" [src/integrated-gcn/spmm_stage.cpp:64]   --->   Operation 49 'partselect' 'trunc_ln64_29' <Predicate = true> <Delay = 0.00>
ST_2 : Operation 50 [1/1] (0.00ns)   --->   "%trunc_ln64_30 = partselect i16 @_ssdm_op_PartSelect.i16.i512.i32.i32, i512 %gmem3_addr_read, i32 496, i32 511" [src/integrated-gcn/spmm_stage.cpp:64]   --->   Operation 50 'partselect' 'trunc_ln64_30' <Predicate = true> <Delay = 0.00>
ST_2 : Operation 120 [1/1] (0.42ns)   --->   "%ret_ln0 = ret"   --->   Operation 120 'ret' 'ret_ln0' <Predicate = (icmp_ln62)> <Delay = 0.42>

State 3 <SV = 2> <Delay = 0.67>
ST_3 : Operation 51 [1/1] (0.00ns)   --->   "%zext_ln62 = zext i2 %v_1" [src/integrated-gcn/spmm_stage.cpp:62]   --->   Operation 51 'zext' 'zext_ln62' <Predicate = true> <Delay = 0.00>
ST_3 : Operation 52 [1/1] (0.00ns)   --->   "%specpipeline_ln63 = specpipeline void @_ssdm_op_SpecPipeline, i32 1, i32 0, i32 0, i32 0, i32 4294967295, void @empty_7" [src/integrated-gcn/spmm_stage.cpp:63]   --->   Operation 52 'specpipeline' 'specpipeline_ln63' <Predicate = true> <Delay = 0.00>
ST_3 : Operation 53 [1/1] (0.00ns)   --->   "%speclooptripcount_ln62 = speclooptripcount void @_ssdm_op_SpecLoopTripCount, i64 2, i64 2, i64 2" [src/integrated-gcn/spmm_stage.cpp:62]   --->   Operation 53 'speclooptripcount' 'speclooptripcount_ln62' <Predicate = true> <Delay = 0.00>
ST_3 : Operation 54 [1/1] (0.00ns)   --->   "%specloopname_ln62 = specloopname void @_ssdm_op_SpecLoopName, void @empty_11" [src/integrated-gcn/spmm_stage.cpp:62]   --->   Operation 54 'specloopname' 'specloopname_ln62' <Predicate = true> <Delay = 0.00>
ST_3 : Operation 55 [1/1] (0.00ns)   --->   "%h_buf_addr = getelementptr i16 %h_buf, i64 0, i64 %zext_ln62" [src/integrated-gcn/spmm_stage.cpp:67]   --->   Operation 55 'getelementptr' 'h_buf_addr' <Predicate = true> <Delay = 0.00>
ST_3 : Operation 56 [1/1] (0.00ns)   --->   "%h_buf_1_addr = getelementptr i16 %h_buf_1, i64 0, i64 %zext_ln62" [src/integrated-gcn/spmm_stage.cpp:67]   --->   Operation 56 'getelementptr' 'h_buf_1_addr' <Predicate = true> <Delay = 0.00>
ST_3 : Operation 57 [1/1] (0.00ns)   --->   "%h_buf_2_addr = getelementptr i16 %h_buf_2, i64 0, i64 %zext_ln62" [src/integrated-gcn/spmm_stage.cpp:67]   --->   Operation 57 'getelementptr' 'h_buf_2_addr' <Predicate = true> <Delay = 0.00>
ST_3 : Operation 58 [1/1] (0.00ns)   --->   "%h_buf_3_addr = getelementptr i16 %h_buf_3, i64 0, i64 %zext_ln62" [src/integrated-gcn/spmm_stage.cpp:67]   --->   Operation 58 'getelementptr' 'h_buf_3_addr' <Predicate = true> <Delay = 0.00>
ST_3 : Operation 59 [1/1] (0.00ns)   --->   "%h_buf_4_addr = getelementptr i16 %h_buf_4, i64 0, i64 %zext_ln62" [src/integrated-gcn/spmm_stage.cpp:67]   --->   Operation 59 'getelementptr' 'h_buf_4_addr' <Predicate = true> <Delay = 0.00>
ST_3 : Operation 60 [1/1] (0.00ns)   --->   "%h_buf_5_addr = getelementptr i16 %h_buf_5, i64 0, i64 %zext_ln62" [src/integrated-gcn/spmm_stage.cpp:67]   --->   Operation 60 'getelementptr' 'h_buf_5_addr' <Predicate = true> <Delay = 0.00>
ST_3 : Operation 61 [1/1] (0.00ns)   --->   "%h_buf_6_addr = getelementptr i16 %h_buf_6, i64 0, i64 %zext_ln62" [src/integrated-gcn/spmm_stage.cpp:67]   --->   Operation 61 'getelementptr' 'h_buf_6_addr' <Predicate = true> <Delay = 0.00>
ST_3 : Operation 62 [1/1] (0.00ns)   --->   "%h_buf_7_addr = getelementptr i16 %h_buf_7, i64 0, i64 %zext_ln62" [src/integrated-gcn/spmm_stage.cpp:67]   --->   Operation 62 'getelementptr' 'h_buf_7_addr' <Predicate = true> <Delay = 0.00>
ST_3 : Operation 63 [1/1] (0.00ns)   --->   "%h_buf_8_addr = getelementptr i16 %h_buf_8, i64 0, i64 %zext_ln62" [src/integrated-gcn/spmm_stage.cpp:67]   --->   Operation 63 'getelementptr' 'h_buf_8_addr' <Predicate = true> <Delay = 0.00>
ST_3 : Operation 64 [1/1] (0.00ns)   --->   "%h_buf_9_addr = getelementptr i16 %h_buf_9, i64 0, i64 %zext_ln62" [src/integrated-gcn/spmm_stage.cpp:67]   --->   Operation 64 'getelementptr' 'h_buf_9_addr' <Predicate = true> <Delay = 0.00>
ST_3 : Operation 65 [1/1] (0.00ns)   --->   "%h_buf_10_addr = getelementptr i16 %h_buf_10, i64 0, i64 %zext_ln62" [src/integrated-gcn/spmm_stage.cpp:67]   --->   Operation 65 'getelementptr' 'h_buf_10_addr' <Predicate = true> <Delay = 0.00>
ST_3 : Operation 66 [1/1] (0.00ns)   --->   "%h_buf_11_addr = getelementptr i16 %h_buf_11, i64 0, i64 %zext_ln62" [src/integrated-gcn/spmm_stage.cpp:67]   --->   Operation 66 'getelementptr' 'h_buf_11_addr' <Predicate = true> <Delay = 0.00>
ST_3 : Operation 67 [1/1] (0.00ns)   --->   "%h_buf_12_addr = getelementptr i16 %h_buf_12, i64 0, i64 %zext_ln62" [src/integrated-gcn/spmm_stage.cpp:67]   --->   Operation 67 'getelementptr' 'h_buf_12_addr' <Predicate = true> <Delay = 0.00>
ST_3 : Operation 68 [1/1] (0.00ns)   --->   "%h_buf_13_addr = getelementptr i16 %h_buf_13, i64 0, i64 %zext_ln62" [src/integrated-gcn/spmm_stage.cpp:67]   --->   Operation 68 'getelementptr' 'h_buf_13_addr' <Predicate = true> <Delay = 0.00>
ST_3 : Operation 69 [1/1] (0.00ns)   --->   "%h_buf_14_addr = getelementptr i16 %h_buf_14, i64 0, i64 %zext_ln62" [src/integrated-gcn/spmm_stage.cpp:67]   --->   Operation 69 'getelementptr' 'h_buf_14_addr' <Predicate = true> <Delay = 0.00>
ST_3 : Operation 70 [1/1] (0.00ns)   --->   "%h_buf_15_addr = getelementptr i16 %h_buf_15, i64 0, i64 %zext_ln62" [src/integrated-gcn/spmm_stage.cpp:67]   --->   Operation 70 'getelementptr' 'h_buf_15_addr' <Predicate = true> <Delay = 0.00>
ST_3 : Operation 71 [1/1] (0.00ns)   --->   "%h_buf_16_addr = getelementptr i16 %h_buf_16, i64 0, i64 %zext_ln62" [src/integrated-gcn/spmm_stage.cpp:67]   --->   Operation 71 'getelementptr' 'h_buf_16_addr' <Predicate = true> <Delay = 0.00>
ST_3 : Operation 72 [1/1] (0.00ns)   --->   "%h_buf_17_addr = getelementptr i16 %h_buf_17, i64 0, i64 %zext_ln62" [src/integrated-gcn/spmm_stage.cpp:67]   --->   Operation 72 'getelementptr' 'h_buf_17_addr' <Predicate = true> <Delay = 0.00>
ST_3 : Operation 73 [1/1] (0.00ns)   --->   "%h_buf_18_addr = getelementptr i16 %h_buf_18, i64 0, i64 %zext_ln62" [src/integrated-gcn/spmm_stage.cpp:67]   --->   Operation 73 'getelementptr' 'h_buf_18_addr' <Predicate = true> <Delay = 0.00>
ST_3 : Operation 74 [1/1] (0.00ns)   --->   "%h_buf_19_addr = getelementptr i16 %h_buf_19, i64 0, i64 %zext_ln62" [src/integrated-gcn/spmm_stage.cpp:67]   --->   Operation 74 'getelementptr' 'h_buf_19_addr' <Predicate = true> <Delay = 0.00>
ST_3 : Operation 75 [1/1] (0.00ns)   --->   "%h_buf_20_addr = getelementptr i16 %h_buf_20, i64 0, i64 %zext_ln62" [src/integrated-gcn/spmm_stage.cpp:67]   --->   Operation 75 'getelementptr' 'h_buf_20_addr' <Predicate = true> <Delay = 0.00>
ST_3 : Operation 76 [1/1] (0.00ns)   --->   "%h_buf_21_addr = getelementptr i16 %h_buf_21, i64 0, i64 %zext_ln62" [src/integrated-gcn/spmm_stage.cpp:67]   --->   Operation 76 'getelementptr' 'h_buf_21_addr' <Predicate = true> <Delay = 0.00>
ST_3 : Operation 77 [1/1] (0.00ns)   --->   "%h_buf_22_addr = getelementptr i16 %h_buf_22, i64 0, i64 %zext_ln62" [src/integrated-gcn/spmm_stage.cpp:67]   --->   Operation 77 'getelementptr' 'h_buf_22_addr' <Predicate = true> <Delay = 0.00>
ST_3 : Operation 78 [1/1] (0.00ns)   --->   "%h_buf_23_addr = getelementptr i16 %h_buf_23, i64 0, i64 %zext_ln62" [src/integrated-gcn/spmm_stage.cpp:67]   --->   Operation 78 'getelementptr' 'h_buf_23_addr' <Predicate = true> <Delay = 0.00>
ST_3 : Operation 79 [1/1] (0.00ns)   --->   "%h_buf_24_addr = getelementptr i16 %h_buf_24, i64 0, i64 %zext_ln62" [src/integrated-gcn/spmm_stage.cpp:67]   --->   Operation 79 'getelementptr' 'h_buf_24_addr' <Predicate = true> <Delay = 0.00>
ST_3 : Operation 80 [1/1] (0.00ns)   --->   "%h_buf_25_addr = getelementptr i16 %h_buf_25, i64 0, i64 %zext_ln62" [src/integrated-gcn/spmm_stage.cpp:67]   --->   Operation 80 'getelementptr' 'h_buf_25_addr' <Predicate = true> <Delay = 0.00>
ST_3 : Operation 81 [1/1] (0.00ns)   --->   "%h_buf_26_addr = getelementptr i16 %h_buf_26, i64 0, i64 %zext_ln62" [src/integrated-gcn/spmm_stage.cpp:67]   --->   Operation 81 'getelementptr' 'h_buf_26_addr' <Predicate = true> <Delay = 0.00>
ST_3 : Operation 82 [1/1] (0.00ns)   --->   "%h_buf_27_addr = getelementptr i16 %h_buf_27, i64 0, i64 %zext_ln62" [src/integrated-gcn/spmm_stage.cpp:67]   --->   Operation 82 'getelementptr' 'h_buf_27_addr' <Predicate = true> <Delay = 0.00>
ST_3 : Operation 83 [1/1] (0.00ns)   --->   "%h_buf_28_addr = getelementptr i16 %h_buf_28, i64 0, i64 %zext_ln62" [src/integrated-gcn/spmm_stage.cpp:67]   --->   Operation 83 'getelementptr' 'h_buf_28_addr' <Predicate = true> <Delay = 0.00>
ST_3 : Operation 84 [1/1] (0.00ns)   --->   "%h_buf_29_addr = getelementptr i16 %h_buf_29, i64 0, i64 %zext_ln62" [src/integrated-gcn/spmm_stage.cpp:67]   --->   Operation 84 'getelementptr' 'h_buf_29_addr' <Predicate = true> <Delay = 0.00>
ST_3 : Operation 85 [1/1] (0.00ns)   --->   "%h_buf_30_addr = getelementptr i16 %h_buf_30, i64 0, i64 %zext_ln62" [src/integrated-gcn/spmm_stage.cpp:67]   --->   Operation 85 'getelementptr' 'h_buf_30_addr' <Predicate = true> <Delay = 0.00>
ST_3 : Operation 86 [1/1] (0.00ns)   --->   "%h_buf_31_addr = getelementptr i16 %h_buf_31, i64 0, i64 %zext_ln62" [src/integrated-gcn/spmm_stage.cpp:67]   --->   Operation 86 'getelementptr' 'h_buf_31_addr' <Predicate = true> <Delay = 0.00>
ST_3 : Operation 87 [1/1] ( I:0.67ns O:0.67ns )   --->   "%store_ln67 = store i16 %trunc_ln64, i1 %h_buf_addr" [src/integrated-gcn/spmm_stage.cpp:67]   --->   Operation 87 'store' 'store_ln67' <Predicate = true> <Delay = 0.67> <CoreInst = "RAM">   --->   Core 82 'RAM' <Latency = 1> <II = 1> <Delay = 0.67> <Storage> <Opcode : 'load' 'store'> <Ports = 2> <Width = 16> <Depth = 2> <RAM>
ST_3 : Operation 88 [1/1] ( I:0.67ns O:0.67ns )   --->   "%store_ln67 = store i16 %trunc_ln64_1, i1 %h_buf_1_addr" [src/integrated-gcn/spmm_stage.cpp:67]   --->   Operation 88 'store' 'store_ln67' <Predicate = true> <Delay = 0.67> <CoreInst = "RAM">   --->   Core 82 'RAM' <Latency = 1> <II = 1> <Delay = 0.67> <Storage> <Opcode : 'load' 'store'> <Ports = 2> <Width = 16> <Depth = 2> <RAM>
ST_3 : Operation 89 [1/1] ( I:0.67ns O:0.67ns )   --->   "%store_ln67 = store i16 %trunc_ln64_2, i1 %h_buf_2_addr" [src/integrated-gcn/spmm_stage.cpp:67]   --->   Operation 89 'store' 'store_ln67' <Predicate = true> <Delay = 0.67> <CoreInst = "RAM">   --->   Core 82 'RAM' <Latency = 1> <II = 1> <Delay = 0.67> <Storage> <Opcode : 'load' 'store'> <Ports = 2> <Width = 16> <Depth = 2> <RAM>
ST_3 : Operation 90 [1/1] ( I:0.67ns O:0.67ns )   --->   "%store_ln67 = store i16 %trunc_ln64_3, i1 %h_buf_3_addr" [src/integrated-gcn/spmm_stage.cpp:67]   --->   Operation 90 'store' 'store_ln67' <Predicate = true> <Delay = 0.67> <CoreInst = "RAM">   --->   Core 82 'RAM' <Latency = 1> <II = 1> <Delay = 0.67> <Storage> <Opcode : 'load' 'store'> <Ports = 2> <Width = 16> <Depth = 2> <RAM>
ST_3 : Operation 91 [1/1] ( I:0.67ns O:0.67ns )   --->   "%store_ln67 = store i16 %trunc_ln64_4, i1 %h_buf_4_addr" [src/integrated-gcn/spmm_stage.cpp:67]   --->   Operation 91 'store' 'store_ln67' <Predicate = true> <Delay = 0.67> <CoreInst = "RAM">   --->   Core 82 'RAM' <Latency = 1> <II = 1> <Delay = 0.67> <Storage> <Opcode : 'load' 'store'> <Ports = 2> <Width = 16> <Depth = 2> <RAM>
ST_3 : Operation 92 [1/1] ( I:0.67ns O:0.67ns )   --->   "%store_ln67 = store i16 %trunc_ln64_5, i1 %h_buf_5_addr" [src/integrated-gcn/spmm_stage.cpp:67]   --->   Operation 92 'store' 'store_ln67' <Predicate = true> <Delay = 0.67> <CoreInst = "RAM">   --->   Core 82 'RAM' <Latency = 1> <II = 1> <Delay = 0.67> <Storage> <Opcode : 'load' 'store'> <Ports = 2> <Width = 16> <Depth = 2> <RAM>
ST_3 : Operation 93 [1/1] ( I:0.67ns O:0.67ns )   --->   "%store_ln67 = store i16 %trunc_ln64_6, i1 %h_buf_6_addr" [src/integrated-gcn/spmm_stage.cpp:67]   --->   Operation 93 'store' 'store_ln67' <Predicate = true> <Delay = 0.67> <CoreInst = "RAM">   --->   Core 82 'RAM' <Latency = 1> <II = 1> <Delay = 0.67> <Storage> <Opcode : 'load' 'store'> <Ports = 2> <Width = 16> <Depth = 2> <RAM>
ST_3 : Operation 94 [1/1] ( I:0.67ns O:0.67ns )   --->   "%store_ln67 = store i16 %trunc_ln64_7, i1 %h_buf_7_addr" [src/integrated-gcn/spmm_stage.cpp:67]   --->   Operation 94 'store' 'store_ln67' <Predicate = true> <Delay = 0.67> <CoreInst = "RAM">   --->   Core 82 'RAM' <Latency = 1> <II = 1> <Delay = 0.67> <Storage> <Opcode : 'load' 'store'> <Ports = 2> <Width = 16> <Depth = 2> <RAM>
ST_3 : Operation 95 [1/1] ( I:0.67ns O:0.67ns )   --->   "%store_ln67 = store i16 %trunc_ln64_8, i1 %h_buf_8_addr" [src/integrated-gcn/spmm_stage.cpp:67]   --->   Operation 95 'store' 'store_ln67' <Predicate = true> <Delay = 0.67> <CoreInst = "RAM">   --->   Core 82 'RAM' <Latency = 1> <II = 1> <Delay = 0.67> <Storage> <Opcode : 'load' 'store'> <Ports = 2> <Width = 16> <Depth = 2> <RAM>
ST_3 : Operation 96 [1/1] ( I:0.67ns O:0.67ns )   --->   "%store_ln67 = store i16 %trunc_ln64_9, i1 %h_buf_9_addr" [src/integrated-gcn/spmm_stage.cpp:67]   --->   Operation 96 'store' 'store_ln67' <Predicate = true> <Delay = 0.67> <CoreInst = "RAM">   --->   Core 82 'RAM' <Latency = 1> <II = 1> <Delay = 0.67> <Storage> <Opcode : 'load' 'store'> <Ports = 2> <Width = 16> <Depth = 2> <RAM>
ST_3 : Operation 97 [1/1] ( I:0.67ns O:0.67ns )   --->   "%store_ln67 = store i16 %trunc_ln64_s, i1 %h_buf_10_addr" [src/integrated-gcn/spmm_stage.cpp:67]   --->   Operation 97 'store' 'store_ln67' <Predicate = true> <Delay = 0.67> <CoreInst = "RAM">   --->   Core 82 'RAM' <Latency = 1> <II = 1> <Delay = 0.67> <Storage> <Opcode : 'load' 'store'> <Ports = 2> <Width = 16> <Depth = 2> <RAM>
ST_3 : Operation 98 [1/1] ( I:0.67ns O:0.67ns )   --->   "%store_ln67 = store i16 %trunc_ln64_10, i1 %h_buf_11_addr" [src/integrated-gcn/spmm_stage.cpp:67]   --->   Operation 98 'store' 'store_ln67' <Predicate = true> <Delay = 0.67> <CoreInst = "RAM">   --->   Core 82 'RAM' <Latency = 1> <II = 1> <Delay = 0.67> <Storage> <Opcode : 'load' 'store'> <Ports = 2> <Width = 16> <Depth = 2> <RAM>
ST_3 : Operation 99 [1/1] ( I:0.67ns O:0.67ns )   --->   "%store_ln67 = store i16 %trunc_ln64_11, i1 %h_buf_12_addr" [src/integrated-gcn/spmm_stage.cpp:67]   --->   Operation 99 'store' 'store_ln67' <Predicate = true> <Delay = 0.67> <CoreInst = "RAM">   --->   Core 82 'RAM' <Latency = 1> <II = 1> <Delay = 0.67> <Storage> <Opcode : 'load' 'store'> <Ports = 2> <Width = 16> <Depth = 2> <RAM>
ST_3 : Operation 100 [1/1] ( I:0.67ns O:0.67ns )   --->   "%store_ln67 = store i16 %trunc_ln64_12, i1 %h_buf_13_addr" [src/integrated-gcn/spmm_stage.cpp:67]   --->   Operation 100 'store' 'store_ln67' <Predicate = true> <Delay = 0.67> <CoreInst = "RAM">   --->   Core 82 'RAM' <Latency = 1> <II = 1> <Delay = 0.67> <Storage> <Opcode : 'load' 'store'> <Ports = 2> <Width = 16> <Depth = 2> <RAM>
ST_3 : Operation 101 [1/1] ( I:0.67ns O:0.67ns )   --->   "%store_ln67 = store i16 %trunc_ln64_13, i1 %h_buf_14_addr" [src/integrated-gcn/spmm_stage.cpp:67]   --->   Operation 101 'store' 'store_ln67' <Predicate = true> <Delay = 0.67> <CoreInst = "RAM">   --->   Core 82 'RAM' <Latency = 1> <II = 1> <Delay = 0.67> <Storage> <Opcode : 'load' 'store'> <Ports = 2> <Width = 16> <Depth = 2> <RAM>
ST_3 : Operation 102 [1/1] ( I:0.67ns O:0.67ns )   --->   "%store_ln67 = store i16 %trunc_ln64_14, i1 %h_buf_15_addr" [src/integrated-gcn/spmm_stage.cpp:67]   --->   Operation 102 'store' 'store_ln67' <Predicate = true> <Delay = 0.67> <CoreInst = "RAM">   --->   Core 82 'RAM' <Latency = 1> <II = 1> <Delay = 0.67> <Storage> <Opcode : 'load' 'store'> <Ports = 2> <Width = 16> <Depth = 2> <RAM>
ST_3 : Operation 103 [1/1] ( I:0.67ns O:0.67ns )   --->   "%store_ln67 = store i16 %trunc_ln64_15, i1 %h_buf_16_addr" [src/integrated-gcn/spmm_stage.cpp:67]   --->   Operation 103 'store' 'store_ln67' <Predicate = true> <Delay = 0.67> <CoreInst = "RAM">   --->   Core 82 'RAM' <Latency = 1> <II = 1> <Delay = 0.67> <Storage> <Opcode : 'load' 'store'> <Ports = 2> <Width = 16> <Depth = 2> <RAM>
ST_3 : Operation 104 [1/1] ( I:0.67ns O:0.67ns )   --->   "%store_ln67 = store i16 %trunc_ln64_16, i1 %h_buf_17_addr" [src/integrated-gcn/spmm_stage.cpp:67]   --->   Operation 104 'store' 'store_ln67' <Predicate = true> <Delay = 0.67> <CoreInst = "RAM">   --->   Core 82 'RAM' <Latency = 1> <II = 1> <Delay = 0.67> <Storage> <Opcode : 'load' 'store'> <Ports = 2> <Width = 16> <Depth = 2> <RAM>
ST_3 : Operation 105 [1/1] ( I:0.67ns O:0.67ns )   --->   "%store_ln67 = store i16 %trunc_ln64_17, i1 %h_buf_18_addr" [src/integrated-gcn/spmm_stage.cpp:67]   --->   Operation 105 'store' 'store_ln67' <Predicate = true> <Delay = 0.67> <CoreInst = "RAM">   --->   Core 82 'RAM' <Latency = 1> <II = 1> <Delay = 0.67> <Storage> <Opcode : 'load' 'store'> <Ports = 2> <Width = 16> <Depth = 2> <RAM>
ST_3 : Operation 106 [1/1] ( I:0.67ns O:0.67ns )   --->   "%store_ln67 = store i16 %trunc_ln64_18, i1 %h_buf_19_addr" [src/integrated-gcn/spmm_stage.cpp:67]   --->   Operation 106 'store' 'store_ln67' <Predicate = true> <Delay = 0.67> <CoreInst = "RAM">   --->   Core 82 'RAM' <Latency = 1> <II = 1> <Delay = 0.67> <Storage> <Opcode : 'load' 'store'> <Ports = 2> <Width = 16> <Depth = 2> <RAM>
ST_3 : Operation 107 [1/1] ( I:0.67ns O:0.67ns )   --->   "%store_ln67 = store i16 %trunc_ln64_19, i1 %h_buf_20_addr" [src/integrated-gcn/spmm_stage.cpp:67]   --->   Operation 107 'store' 'store_ln67' <Predicate = true> <Delay = 0.67> <CoreInst = "RAM">   --->   Core 82 'RAM' <Latency = 1> <II = 1> <Delay = 0.67> <Storage> <Opcode : 'load' 'store'> <Ports = 2> <Width = 16> <Depth = 2> <RAM>
ST_3 : Operation 108 [1/1] ( I:0.67ns O:0.67ns )   --->   "%store_ln67 = store i16 %trunc_ln64_20, i1 %h_buf_21_addr" [src/integrated-gcn/spmm_stage.cpp:67]   --->   Operation 108 'store' 'store_ln67' <Predicate = true> <Delay = 0.67> <CoreInst = "RAM">   --->   Core 82 'RAM' <Latency = 1> <II = 1> <Delay = 0.67> <Storage> <Opcode : 'load' 'store'> <Ports = 2> <Width = 16> <Depth = 2> <RAM>
ST_3 : Operation 109 [1/1] ( I:0.67ns O:0.67ns )   --->   "%store_ln67 = store i16 %trunc_ln64_21, i1 %h_buf_22_addr" [src/integrated-gcn/spmm_stage.cpp:67]   --->   Operation 109 'store' 'store_ln67' <Predicate = true> <Delay = 0.67> <CoreInst = "RAM">   --->   Core 82 'RAM' <Latency = 1> <II = 1> <Delay = 0.67> <Storage> <Opcode : 'load' 'store'> <Ports = 2> <Width = 16> <Depth = 2> <RAM>
ST_3 : Operation 110 [1/1] ( I:0.67ns O:0.67ns )   --->   "%store_ln67 = store i16 %trunc_ln64_22, i1 %h_buf_23_addr" [src/integrated-gcn/spmm_stage.cpp:67]   --->   Operation 110 'store' 'store_ln67' <Predicate = true> <Delay = 0.67> <CoreInst = "RAM">   --->   Core 82 'RAM' <Latency = 1> <II = 1> <Delay = 0.67> <Storage> <Opcode : 'load' 'store'> <Ports = 2> <Width = 16> <Depth = 2> <RAM>
ST_3 : Operation 111 [1/1] ( I:0.67ns O:0.67ns )   --->   "%store_ln67 = store i16 %trunc_ln64_23, i1 %h_buf_24_addr" [src/integrated-gcn/spmm_stage.cpp:67]   --->   Operation 111 'store' 'store_ln67' <Predicate = true> <Delay = 0.67> <CoreInst = "RAM">   --->   Core 82 'RAM' <Latency = 1> <II = 1> <Delay = 0.67> <Storage> <Opcode : 'load' 'store'> <Ports = 2> <Width = 16> <Depth = 2> <RAM>
ST_3 : Operation 112 [1/1] ( I:0.67ns O:0.67ns )   --->   "%store_ln67 = store i16 %trunc_ln64_24, i1 %h_buf_25_addr" [src/integrated-gcn/spmm_stage.cpp:67]   --->   Operation 112 'store' 'store_ln67' <Predicate = true> <Delay = 0.67> <CoreInst = "RAM">   --->   Core 82 'RAM' <Latency = 1> <II = 1> <Delay = 0.67> <Storage> <Opcode : 'load' 'store'> <Ports = 2> <Width = 16> <Depth = 2> <RAM>
ST_3 : Operation 113 [1/1] ( I:0.67ns O:0.67ns )   --->   "%store_ln67 = store i16 %trunc_ln64_25, i1 %h_buf_26_addr" [src/integrated-gcn/spmm_stage.cpp:67]   --->   Operation 113 'store' 'store_ln67' <Predicate = true> <Delay = 0.67> <CoreInst = "RAM">   --->   Core 82 'RAM' <Latency = 1> <II = 1> <Delay = 0.67> <Storage> <Opcode : 'load' 'store'> <Ports = 2> <Width = 16> <Depth = 2> <RAM>
ST_3 : Operation 114 [1/1] ( I:0.67ns O:0.67ns )   --->   "%store_ln67 = store i16 %trunc_ln64_26, i1 %h_buf_27_addr" [src/integrated-gcn/spmm_stage.cpp:67]   --->   Operation 114 'store' 'store_ln67' <Predicate = true> <Delay = 0.67> <CoreInst = "RAM">   --->   Core 82 'RAM' <Latency = 1> <II = 1> <Delay = 0.67> <Storage> <Opcode : 'load' 'store'> <Ports = 2> <Width = 16> <Depth = 2> <RAM>
ST_3 : Operation 115 [1/1] ( I:0.67ns O:0.67ns )   --->   "%store_ln67 = store i16 %trunc_ln64_27, i1 %h_buf_28_addr" [src/integrated-gcn/spmm_stage.cpp:67]   --->   Operation 115 'store' 'store_ln67' <Predicate = true> <Delay = 0.67> <CoreInst = "RAM">   --->   Core 82 'RAM' <Latency = 1> <II = 1> <Delay = 0.67> <Storage> <Opcode : 'load' 'store'> <Ports = 2> <Width = 16> <Depth = 2> <RAM>
ST_3 : Operation 116 [1/1] ( I:0.67ns O:0.67ns )   --->   "%store_ln67 = store i16 %trunc_ln64_28, i1 %h_buf_29_addr" [src/integrated-gcn/spmm_stage.cpp:67]   --->   Operation 116 'store' 'store_ln67' <Predicate = true> <Delay = 0.67> <CoreInst = "RAM">   --->   Core 82 'RAM' <Latency = 1> <II = 1> <Delay = 0.67> <Storage> <Opcode : 'load' 'store'> <Ports = 2> <Width = 16> <Depth = 2> <RAM>
ST_3 : Operation 117 [1/1] ( I:0.67ns O:0.67ns )   --->   "%store_ln67 = store i16 %trunc_ln64_29, i1 %h_buf_30_addr" [src/integrated-gcn/spmm_stage.cpp:67]   --->   Operation 117 'store' 'store_ln67' <Predicate = true> <Delay = 0.67> <CoreInst = "RAM">   --->   Core 82 'RAM' <Latency = 1> <II = 1> <Delay = 0.67> <Storage> <Opcode : 'load' 'store'> <Ports = 2> <Width = 16> <Depth = 2> <RAM>
ST_3 : Operation 118 [1/1] ( I:0.67ns O:0.67ns )   --->   "%store_ln67 = store i16 %trunc_ln64_30, i1 %h_buf_31_addr" [src/integrated-gcn/spmm_stage.cpp:67]   --->   Operation 118 'store' 'store_ln67' <Predicate = true> <Delay = 0.67> <CoreInst = "RAM">   --->   Core 82 'RAM' <Latency = 1> <II = 1> <Delay = 0.67> <Storage> <Opcode : 'load' 'store'> <Ports = 2> <Width = 16> <Depth = 2> <RAM>
ST_3 : Operation 119 [1/1] (0.00ns)   --->   "%br_ln62 = br void %VITIS_LOOP_65_1" [src/integrated-gcn/spmm_stage.cpp:62]   --->   Operation 119 'br' 'br_ln62' <Predicate = true> <Delay = 0.00>


============================================================
+ Verbose Summary: Binding
============================================================
STG Binding: 
---------------- STG Properties BEGIN ----------------
- Is combinational: 0
- Is one-state seq: 0
- Is datapath-only: 0
- Is pipelined: 0
- Is top level: 0
Port [ Return ] is wired: 1; IO mode=ap_ctrl_hs:ce=0
Port [ gmem3]:  wired=1; compound=1; hidden=0; nouse=0; global=0; static=0; extern=0; dir=0; type=4; pingpong=0; private_global=0; IO mode=m_axi:ce=0
Port [ sext_ln62_1]:  wired=1; compound=0; hidden=0; nouse=0; global=0; static=0; extern=0; dir=0; type=0; pingpong=0; private_global=0; IO mode=ap_none:ce=0
Port [ h_buf_31]:  wired=1; compound=1; hidden=0; nouse=0; global=0; static=0; extern=0; dir=1; type=1; pingpong=0; private_global=0; MemPort=[03]; IO mode=ap_memory:ce=0
Port [ h_buf_30]:  wired=1; compound=1; hidden=0; nouse=0; global=0; static=0; extern=0; dir=1; type=1; pingpong=0; private_global=0; MemPort=[03]; IO mode=ap_memory:ce=0
Port [ h_buf_29]:  wired=1; compound=1; hidden=0; nouse=0; global=0; static=0; extern=0; dir=1; type=1; pingpong=0; private_global=0; MemPort=[03]; IO mode=ap_memory:ce=0
Port [ h_buf_28]:  wired=1; compound=1; hidden=0; nouse=0; global=0; static=0; extern=0; dir=1; type=1; pingpong=0; private_global=0; MemPort=[03]; IO mode=ap_memory:ce=0
Port [ h_buf_27]:  wired=1; compound=1; hidden=0; nouse=0; global=0; static=0; extern=0; dir=1; type=1; pingpong=0; private_global=0; MemPort=[03]; IO mode=ap_memory:ce=0
Port [ h_buf_26]:  wired=1; compound=1; hidden=0; nouse=0; global=0; static=0; extern=0; dir=1; type=1; pingpong=0; private_global=0; MemPort=[03]; IO mode=ap_memory:ce=0
Port [ h_buf_25]:  wired=1; compound=1; hidden=0; nouse=0; global=0; static=0; extern=0; dir=1; type=1; pingpong=0; private_global=0; MemPort=[03]; IO mode=ap_memory:ce=0
Port [ h_buf_24]:  wired=1; compound=1; hidden=0; nouse=0; global=0; static=0; extern=0; dir=1; type=1; pingpong=0; private_global=0; MemPort=[03]; IO mode=ap_memory:ce=0
Port [ h_buf_23]:  wired=1; compound=1; hidden=0; nouse=0; global=0; static=0; extern=0; dir=1; type=1; pingpong=0; private_global=0; MemPort=[03]; IO mode=ap_memory:ce=0
Port [ h_buf_22]:  wired=1; compound=1; hidden=0; nouse=0; global=0; static=0; extern=0; dir=1; type=1; pingpong=0; private_global=0; MemPort=[03]; IO mode=ap_memory:ce=0
Port [ h_buf_21]:  wired=1; compound=1; hidden=0; nouse=0; global=0; static=0; extern=0; dir=1; type=1; pingpong=0; private_global=0; MemPort=[03]; IO mode=ap_memory:ce=0
Port [ h_buf_20]:  wired=1; compound=1; hidden=0; nouse=0; global=0; static=0; extern=0; dir=1; type=1; pingpong=0; private_global=0; MemPort=[03]; IO mode=ap_memory:ce=0
Port [ h_buf_19]:  wired=1; compound=1; hidden=0; nouse=0; global=0; static=0; extern=0; dir=1; type=1; pingpong=0; private_global=0; MemPort=[03]; IO mode=ap_memory:ce=0
Port [ h_buf_18]:  wired=1; compound=1; hidden=0; nouse=0; global=0; static=0; extern=0; dir=1; type=1; pingpong=0; private_global=0; MemPort=[03]; IO mode=ap_memory:ce=0
Port [ h_buf_17]:  wired=1; compound=1; hidden=0; nouse=0; global=0; static=0; extern=0; dir=1; type=1; pingpong=0; private_global=0; MemPort=[03]; IO mode=ap_memory:ce=0
Port [ h_buf_16]:  wired=1; compound=1; hidden=0; nouse=0; global=0; static=0; extern=0; dir=1; type=1; pingpong=0; private_global=0; MemPort=[03]; IO mode=ap_memory:ce=0
Port [ h_buf_15]:  wired=1; compound=1; hidden=0; nouse=0; global=0; static=0; extern=0; dir=1; type=1; pingpong=0; private_global=0; MemPort=[03]; IO mode=ap_memory:ce=0
Port [ h_buf_14]:  wired=1; compound=1; hidden=0; nouse=0; global=0; static=0; extern=0; dir=1; type=1; pingpong=0; private_global=0; MemPort=[03]; IO mode=ap_memory:ce=0
Port [ h_buf_13]:  wired=1; compound=1; hidden=0; nouse=0; global=0; static=0; extern=0; dir=1; type=1; pingpong=0; private_global=0; MemPort=[03]; IO mode=ap_memory:ce=0
Port [ h_buf_12]:  wired=1; compound=1; hidden=0; nouse=0; global=0; static=0; extern=0; dir=1; type=1; pingpong=0; private_global=0; MemPort=[03]; IO mode=ap_memory:ce=0
Port [ h_buf_11]:  wired=1; compound=1; hidden=0; nouse=0; global=0; static=0; extern=0; dir=1; type=1; pingpong=0; private_global=0; MemPort=[03]; IO mode=ap_memory:ce=0
Port [ h_buf_10]:  wired=1; compound=1; hidden=0; nouse=0; global=0; static=0; extern=0; dir=1; type=1; pingpong=0; private_global=0; MemPort=[03]; IO mode=ap_memory:ce=0
Port [ h_buf_9]:  wired=1; compound=1; hidden=0; nouse=0; global=0; static=0; extern=0; dir=1; type=1; pingpong=0; private_global=0; MemPort=[03]; IO mode=ap_memory:ce=0
Port [ h_buf_8]:  wired=1; compound=1; hidden=0; nouse=0; global=0; static=0; extern=0; dir=1; type=1; pingpong=0; private_global=0; MemPort=[03]; IO mode=ap_memory:ce=0
Port [ h_buf_7]:  wired=1; compound=1; hidden=0; nouse=0; global=0; static=0; extern=0; dir=1; type=1; pingpong=0; private_global=0; MemPort=[03]; IO mode=ap_memory:ce=0
Port [ h_buf_6]:  wired=1; compound=1; hidden=0; nouse=0; global=0; static=0; extern=0; dir=1; type=1; pingpong=0; private_global=0; MemPort=[03]; IO mode=ap_memory:ce=0
Port [ h_buf_5]:  wired=1; compound=1; hidden=0; nouse=0; global=0; static=0; extern=0; dir=1; type=1; pingpong=0; private_global=0; MemPort=[03]; IO mode=ap_memory:ce=0
Port [ h_buf_4]:  wired=1; compound=1; hidden=0; nouse=0; global=0; static=0; extern=0; dir=1; type=1; pingpong=0; private_global=0; MemPort=[03]; IO mode=ap_memory:ce=0
Port [ h_buf_3]:  wired=1; compound=1; hidden=0; nouse=0; global=0; static=0; extern=0; dir=1; type=1; pingpong=0; private_global=0; MemPort=[03]; IO mode=ap_memory:ce=0
Port [ h_buf_2]:  wired=1; compound=1; hidden=0; nouse=0; global=0; static=0; extern=0; dir=1; type=1; pingpong=0; private_global=0; MemPort=[03]; IO mode=ap_memory:ce=0
Port [ h_buf_1]:  wired=1; compound=1; hidden=0; nouse=0; global=0; static=0; extern=0; dir=1; type=1; pingpong=0; private_global=0; MemPort=[03]; IO mode=ap_memory:ce=0
Port [ h_buf]:  wired=1; compound=1; hidden=0; nouse=0; global=0; static=0; extern=0; dir=1; type=1; pingpong=0; private_global=0; MemPort=[03]; IO mode=ap_memory:ce=0
---------------- STG Properties END ------------------

---------------- Datapath Model BEGIN ----------------

<LifeTime>
<method=bitvector/>
v                      (alloca           ) [ 0100]
sext_ln62_1_read       (read             ) [ 0000]
sext_ln62_1_cast       (sext             ) [ 0110]
specinterface_ln0      (specinterface    ) [ 0000]
store_ln62             (store            ) [ 0000]
br_ln0                 (br               ) [ 0000]
v_1                    (load             ) [ 0111]
icmp_ln62              (icmp             ) [ 0110]
add_ln62               (add              ) [ 0000]
br_ln62                (br               ) [ 0000]
store_ln62             (store            ) [ 0000]
gmem3_addr             (getelementptr    ) [ 0000]
gmem3_addr_read        (read             ) [ 0000]
trunc_ln64             (trunc            ) [ 0101]
trunc_ln64_1           (partselect       ) [ 0101]
trunc_ln64_2           (partselect       ) [ 0101]
trunc_ln64_3           (partselect       ) [ 0101]
trunc_ln64_4           (partselect       ) [ 0101]
trunc_ln64_5           (partselect       ) [ 0101]
trunc_ln64_6           (partselect       ) [ 0101]
trunc_ln64_7           (partselect       ) [ 0101]
trunc_ln64_8           (partselect       ) [ 0101]
trunc_ln64_9           (partselect       ) [ 0101]
trunc_ln64_s           (partselect       ) [ 0101]
trunc_ln64_10          (partselect       ) [ 0101]
trunc_ln64_11          (partselect       ) [ 0101]
trunc_ln64_12          (partselect       ) [ 0101]
trunc_ln64_13          (partselect       ) [ 0101]
trunc_ln64_14          (partselect       ) [ 0101]
trunc_ln64_15          (partselect       ) [ 0101]
trunc_ln64_16          (partselect       ) [ 0101]
trunc_ln64_17          (partselect       ) [ 0101]
trunc_ln64_18          (partselect       ) [ 0101]
trunc_ln64_19          (partselect       ) [ 0101]
trunc_ln64_20          (partselect       ) [ 0101]
trunc_ln64_21          (partselect       ) [ 0101]
trunc_ln64_22          (partselect       ) [ 0101]
trunc_ln64_23          (partselect       ) [ 0101]
trunc_ln64_24          (partselect       ) [ 0101]
trunc_ln64_25          (partselect       ) [ 0101]
trunc_ln64_26          (partselect       ) [ 0101]
trunc_ln64_27          (partselect       ) [ 0101]
trunc_ln64_28          (partselect       ) [ 0101]
trunc_ln64_29          (partselect       ) [ 0101]
trunc_ln64_30          (partselect       ) [ 0101]
zext_ln62              (zext             ) [ 0000]
specpipeline_ln63      (specpipeline     ) [ 0000]
speclooptripcount_ln62 (speclooptripcount) [ 0000]
specloopname_ln62      (specloopname     ) [ 0000]
h_buf_addr             (getelementptr    ) [ 0000]
h_buf_1_addr           (getelementptr    ) [ 0000]
h_buf_2_addr           (getelementptr    ) [ 0000]
h_buf_3_addr           (getelementptr    ) [ 0000]
h_buf_4_addr           (getelementptr    ) [ 0000]
h_buf_5_addr           (getelementptr    ) [ 0000]
h_buf_6_addr           (getelementptr    ) [ 0000]
h_buf_7_addr           (getelementptr    ) [ 0000]
h_buf_8_addr           (getelementptr    ) [ 0000]
h_buf_9_addr           (getelementptr    ) [ 0000]
h_buf_10_addr          (getelementptr    ) [ 0000]
h_buf_11_addr          (getelementptr    ) [ 0000]
h_buf_12_addr          (getelementptr    ) [ 0000]
h_buf_13_addr          (getelementptr    ) [ 0000]
h_buf_14_addr          (getelementptr    ) [ 0000]
h_buf_15_addr          (getelementptr    ) [ 0000]
h_buf_16_addr          (getelementptr    ) [ 0000]
h_buf_17_addr          (getelementptr    ) [ 0000]
h_buf_18_addr          (getelementptr    ) [ 0000]
h_buf_19_addr          (getelementptr    ) [ 0000]
h_buf_20_addr          (getelementptr    ) [ 0000]
h_buf_21_addr          (getelementptr    ) [ 0000]
h_buf_22_addr          (getelementptr    ) [ 0000]
h_buf_23_addr          (getelementptr    ) [ 0000]
h_buf_24_addr          (getelementptr    ) [ 0000]
h_buf_25_addr          (getelementptr    ) [ 0000]
h_buf_26_addr          (getelementptr    ) [ 0000]
h_buf_27_addr          (getelementptr    ) [ 0000]
h_buf_28_addr          (getelementptr    ) [ 0000]
h_buf_29_addr          (getelementptr    ) [ 0000]
h_buf_30_addr          (getelementptr    ) [ 0000]
h_buf_31_addr          (getelementptr    ) [ 0000]
store_ln67             (store            ) [ 0000]
store_ln67             (store            ) [ 0000]
store_ln67             (store            ) [ 0000]
store_ln67             (store            ) [ 0000]
store_ln67             (store            ) [ 0000]
store_ln67             (store            ) [ 0000]
store_ln67             (store            ) [ 0000]
store_ln67             (store            ) [ 0000]
store_ln67             (store            ) [ 0000]
store_ln67             (store            ) [ 0000]
store_ln67             (store            ) [ 0000]
store_ln67             (store            ) [ 0000]
store_ln67             (store            ) [ 0000]
store_ln67             (store            ) [ 0000]
store_ln67             (store            ) [ 0000]
store_ln67             (store            ) [ 0000]
store_ln67             (store            ) [ 0000]
store_ln67             (store            ) [ 0000]
store_ln67             (store            ) [ 0000]
store_ln67             (store            ) [ 0000]
store_ln67             (store            ) [ 0000]
store_ln67             (store            ) [ 0000]
store_ln67             (store            ) [ 0000]
store_ln67             (store            ) [ 0000]
store_ln67             (store            ) [ 0000]
store_ln67             (store            ) [ 0000]
store_ln67             (store            ) [ 0000]
store_ln67             (store            ) [ 0000]
store_ln67             (store            ) [ 0000]
store_ln67             (store            ) [ 0000]
store_ln67             (store            ) [ 0000]
store_ln67             (store            ) [ 0000]
br_ln62                (br               ) [ 0000]
ret_ln0                (ret              ) [ 0000]
</LifeTime>

<model>

<comp_list>
<comp id="0" class="1000" name="gmem3">
<pin_list>
<pin id="1" dir="1" index="0" bw="1" slack="0"/>
</pin_list>
<bind>
<StgValue><ssdm name="gmem3"/><MemPortTyVec>0 </MemPortTyVec>
</StgValue>
</bind>
</comp>

<comp id="2" class="1000" name="sext_ln62_1">
<pin_list>
<pin id="3" dir="1" index="0" bw="1" slack="0"/>
</pin_list>
<bind>
<StgValue><ssdm name="sext_ln62_1"/></StgValue>
</bind>
</comp>

<comp id="4" class="1000" name="h_buf_31">
<pin_list>
<pin id="5" dir="1" index="0" bw="1" slack="0"/>
</pin_list>
<bind>
<StgValue><ssdm name="h_buf_31"/><MemPortTyVec>0 3 </MemPortTyVec>
</StgValue>
</bind>
</comp>

<comp id="6" class="1000" name="h_buf_30">
<pin_list>
<pin id="7" dir="1" index="0" bw="1" slack="0"/>
</pin_list>
<bind>
<StgValue><ssdm name="h_buf_30"/><MemPortTyVec>0 3 </MemPortTyVec>
</StgValue>
</bind>
</comp>

<comp id="8" class="1000" name="h_buf_29">
<pin_list>
<pin id="9" dir="1" index="0" bw="1" slack="0"/>
</pin_list>
<bind>
<StgValue><ssdm name="h_buf_29"/><MemPortTyVec>0 3 </MemPortTyVec>
</StgValue>
</bind>
</comp>

<comp id="10" class="1000" name="h_buf_28">
<pin_list>
<pin id="11" dir="1" index="0" bw="1" slack="0"/>
</pin_list>
<bind>
<StgValue><ssdm name="h_buf_28"/><MemPortTyVec>0 3 </MemPortTyVec>
</StgValue>
</bind>
</comp>

<comp id="12" class="1000" name="h_buf_27">
<pin_list>
<pin id="13" dir="1" index="0" bw="1" slack="0"/>
</pin_list>
<bind>
<StgValue><ssdm name="h_buf_27"/><MemPortTyVec>0 3 </MemPortTyVec>
</StgValue>
</bind>
</comp>

<comp id="14" class="1000" name="h_buf_26">
<pin_list>
<pin id="15" dir="1" index="0" bw="1" slack="0"/>
</pin_list>
<bind>
<StgValue><ssdm name="h_buf_26"/><MemPortTyVec>0 3 </MemPortTyVec>
</StgValue>
</bind>
</comp>

<comp id="16" class="1000" name="h_buf_25">
<pin_list>
<pin id="17" dir="1" index="0" bw="1" slack="0"/>
</pin_list>
<bind>
<StgValue><ssdm name="h_buf_25"/><MemPortTyVec>0 3 </MemPortTyVec>
</StgValue>
</bind>
</comp>

<comp id="18" class="1000" name="h_buf_24">
<pin_list>
<pin id="19" dir="1" index="0" bw="1" slack="0"/>
</pin_list>
<bind>
<StgValue><ssdm name="h_buf_24"/><MemPortTyVec>0 3 </MemPortTyVec>
</StgValue>
</bind>
</comp>

<comp id="20" class="1000" name="h_buf_23">
<pin_list>
<pin id="21" dir="1" index="0" bw="1" slack="0"/>
</pin_list>
<bind>
<StgValue><ssdm name="h_buf_23"/><MemPortTyVec>0 3 </MemPortTyVec>
</StgValue>
</bind>
</comp>

<comp id="22" class="1000" name="h_buf_22">
<pin_list>
<pin id="23" dir="1" index="0" bw="1" slack="0"/>
</pin_list>
<bind>
<StgValue><ssdm name="h_buf_22"/><MemPortTyVec>0 3 </MemPortTyVec>
</StgValue>
</bind>
</comp>

<comp id="24" class="1000" name="h_buf_21">
<pin_list>
<pin id="25" dir="1" index="0" bw="1" slack="0"/>
</pin_list>
<bind>
<StgValue><ssdm name="h_buf_21"/><MemPortTyVec>0 3 </MemPortTyVec>
</StgValue>
</bind>
</comp>

<comp id="26" class="1000" name="h_buf_20">
<pin_list>
<pin id="27" dir="1" index="0" bw="1" slack="0"/>
</pin_list>
<bind>
<StgValue><ssdm name="h_buf_20"/><MemPortTyVec>0 3 </MemPortTyVec>
</StgValue>
</bind>
</comp>

<comp id="28" class="1000" name="h_buf_19">
<pin_list>
<pin id="29" dir="1" index="0" bw="1" slack="0"/>
</pin_list>
<bind>
<StgValue><ssdm name="h_buf_19"/><MemPortTyVec>0 3 </MemPortTyVec>
</StgValue>
</bind>
</comp>

<comp id="30" class="1000" name="h_buf_18">
<pin_list>
<pin id="31" dir="1" index="0" bw="1" slack="0"/>
</pin_list>
<bind>
<StgValue><ssdm name="h_buf_18"/><MemPortTyVec>0 3 </MemPortTyVec>
</StgValue>
</bind>
</comp>

<comp id="32" class="1000" name="h_buf_17">
<pin_list>
<pin id="33" dir="1" index="0" bw="1" slack="0"/>
</pin_list>
<bind>
<StgValue><ssdm name="h_buf_17"/><MemPortTyVec>0 3 </MemPortTyVec>
</StgValue>
</bind>
</comp>

<comp id="34" class="1000" name="h_buf_16">
<pin_list>
<pin id="35" dir="1" index="0" bw="1" slack="0"/>
</pin_list>
<bind>
<StgValue><ssdm name="h_buf_16"/><MemPortTyVec>0 3 </MemPortTyVec>
</StgValue>
</bind>
</comp>

<comp id="36" class="1000" name="h_buf_15">
<pin_list>
<pin id="37" dir="1" index="0" bw="1" slack="0"/>
</pin_list>
<bind>
<StgValue><ssdm name="h_buf_15"/><MemPortTyVec>0 3 </MemPortTyVec>
</StgValue>
</bind>
</comp>

<comp id="38" class="1000" name="h_buf_14">
<pin_list>
<pin id="39" dir="1" index="0" bw="1" slack="0"/>
</pin_list>
<bind>
<StgValue><ssdm name="h_buf_14"/><MemPortTyVec>0 3 </MemPortTyVec>
</StgValue>
</bind>
</comp>

<comp id="40" class="1000" name="h_buf_13">
<pin_list>
<pin id="41" dir="1" index="0" bw="1" slack="0"/>
</pin_list>
<bind>
<StgValue><ssdm name="h_buf_13"/><MemPortTyVec>0 3 </MemPortTyVec>
</StgValue>
</bind>
</comp>

<comp id="42" class="1000" name="h_buf_12">
<pin_list>
<pin id="43" dir="1" index="0" bw="1" slack="0"/>
</pin_list>
<bind>
<StgValue><ssdm name="h_buf_12"/><MemPortTyVec>0 3 </MemPortTyVec>
</StgValue>
</bind>
</comp>

<comp id="44" class="1000" name="h_buf_11">
<pin_list>
<pin id="45" dir="1" index="0" bw="1" slack="0"/>
</pin_list>
<bind>
<StgValue><ssdm name="h_buf_11"/><MemPortTyVec>0 3 </MemPortTyVec>
</StgValue>
</bind>
</comp>

<comp id="46" class="1000" name="h_buf_10">
<pin_list>
<pin id="47" dir="1" index="0" bw="1" slack="0"/>
</pin_list>
<bind>
<StgValue><ssdm name="h_buf_10"/><MemPortTyVec>0 3 </MemPortTyVec>
</StgValue>
</bind>
</comp>

<comp id="48" class="1000" name="h_buf_9">
<pin_list>
<pin id="49" dir="1" index="0" bw="1" slack="0"/>
</pin_list>
<bind>
<StgValue><ssdm name="h_buf_9"/><MemPortTyVec>0 3 </MemPortTyVec>
</StgValue>
</bind>
</comp>

<comp id="50" class="1000" name="h_buf_8">
<pin_list>
<pin id="51" dir="1" index="0" bw="1" slack="0"/>
</pin_list>
<bind>
<StgValue><ssdm name="h_buf_8"/><MemPortTyVec>0 3 </MemPortTyVec>
</StgValue>
</bind>
</comp>

<comp id="52" class="1000" name="h_buf_7">
<pin_list>
<pin id="53" dir="1" index="0" bw="1" slack="0"/>
</pin_list>
<bind>
<StgValue><ssdm name="h_buf_7"/><MemPortTyVec>0 3 </MemPortTyVec>
</StgValue>
</bind>
</comp>

<comp id="54" class="1000" name="h_buf_6">
<pin_list>
<pin id="55" dir="1" index="0" bw="1" slack="0"/>
</pin_list>
<bind>
<StgValue><ssdm name="h_buf_6"/><MemPortTyVec>0 3 </MemPortTyVec>
</StgValue>
</bind>
</comp>

<comp id="56" class="1000" name="h_buf_5">
<pin_list>
<pin id="57" dir="1" index="0" bw="1" slack="0"/>
</pin_list>
<bind>
<StgValue><ssdm name="h_buf_5"/><MemPortTyVec>0 3 </MemPortTyVec>
</StgValue>
</bind>
</comp>

<comp id="58" class="1000" name="h_buf_4">
<pin_list>
<pin id="59" dir="1" index="0" bw="1" slack="0"/>
</pin_list>
<bind>
<StgValue><ssdm name="h_buf_4"/><MemPortTyVec>0 3 </MemPortTyVec>
</StgValue>
</bind>
</comp>

<comp id="60" class="1000" name="h_buf_3">
<pin_list>
<pin id="61" dir="1" index="0" bw="1" slack="0"/>
</pin_list>
<bind>
<StgValue><ssdm name="h_buf_3"/><MemPortTyVec>0 3 </MemPortTyVec>
</StgValue>
</bind>
</comp>

<comp id="62" class="1000" name="h_buf_2">
<pin_list>
<pin id="63" dir="1" index="0" bw="1" slack="0"/>
</pin_list>
<bind>
<StgValue><ssdm name="h_buf_2"/><MemPortTyVec>0 3 </MemPortTyVec>
</StgValue>
</bind>
</comp>

<comp id="64" class="1000" name="h_buf_1">
<pin_list>
<pin id="65" dir="1" index="0" bw="1" slack="0"/>
</pin_list>
<bind>
<StgValue><ssdm name="h_buf_1"/><MemPortTyVec>0 3 </MemPortTyVec>
</StgValue>
</bind>
</comp>

<comp id="66" class="1000" name="h_buf">
<pin_list>
<pin id="67" dir="1" index="0" bw="1" slack="0"/>
</pin_list>
<bind>
<StgValue><ssdm name="h_buf"/><MemPortTyVec>0 3 </MemPortTyVec>
</StgValue>
</bind>
</comp>

<comp id="68" class="1001" name="const_68">
<pin_list>
<pin id="69" dir="1" index="0" bw="1" slack="0"/>
</pin_list>
<bind>
<StgValue><ssdm name=""/></StgValue>
</bind>
</comp>

<comp id="70" class="1001" name="const_70">
<pin_list>
<pin id="71" dir="1" index="0" bw="1" slack="0"/>
</pin_list>
<bind>
<StgValue><ssdm name="_ssdm_op_Read.ap_auto.i58"/></StgValue>
</bind>
</comp>

<comp id="72" class="1001" name="const_72">
<pin_list>
<pin id="73" dir="1" index="0" bw="1" slack="2147483647"/>
</pin_list>
<bind>
<StgValue><ssdm name="_ssdm_op_SpecInterface"/></StgValue>
</bind>
</comp>

<comp id="74" class="1001" name="const_74">
<pin_list>
<pin id="75" dir="1" index="0" bw="1" slack="2147483647"/>
</pin_list>
<bind>
<StgValue><ssdm name="empty"/></StgValue>
</bind>
</comp>

<comp id="76" class="1001" name="const_76">
<pin_list>
<pin id="77" dir="1" index="0" bw="1" slack="2147483647"/>
</pin_list>
<bind>
<StgValue><ssdm name=""/></StgValue>
</bind>
</comp>

<comp id="78" class="1001" name="const_78">
<pin_list>
<pin id="79" dir="1" index="0" bw="1" slack="2147483647"/>
</pin_list>
<bind>
<StgValue><ssdm name="empty_7"/></StgValue>
</bind>
</comp>

<comp id="80" class="1001" name="const_80">
<pin_list>
<pin id="81" dir="1" index="0" bw="1" slack="2147483647"/>
</pin_list>
<bind>
<StgValue><ssdm name="empty_3"/></StgValue>
</bind>
</comp>

<comp id="82" class="1001" name="const_82">
<pin_list>
<pin id="83" dir="1" index="0" bw="1" slack="2147483647"/>
</pin_list>
<bind>
<StgValue><ssdm name="empty_19"/></StgValue>
</bind>
</comp>

<comp id="84" class="1001" name="const_84">
<pin_list>
<pin id="85" dir="1" index="0" bw="1" slack="0"/>
</pin_list>
<bind>
<StgValue><ssdm name=""/></StgValue>
</bind>
</comp>

<comp id="86" class="1001" name="const_86">
<pin_list>
<pin id="87" dir="1" index="0" bw="1" slack="2147483647"/>
</pin_list>
<bind>
<StgValue><ssdm name=""/></StgValue>
</bind>
</comp>

<comp id="88" class="1001" name="const_88">
<pin_list>
<pin id="89" dir="1" index="0" bw="1" slack="0"/>
</pin_list>
<bind>
<StgValue><ssdm name=""/></StgValue>
</bind>
</comp>

<comp id="90" class="1001" name="const_90">
<pin_list>
<pin id="91" dir="1" index="0" bw="1" slack="0"/>
</pin_list>
<bind>
<StgValue><ssdm name=""/></StgValue>
</bind>
</comp>

<comp id="92" class="1001" name="const_92">
<pin_list>
<pin id="93" dir="1" index="0" bw="1" slack="0"/>
</pin_list>
<bind>
<StgValue><ssdm name=""/></StgValue>
</bind>
</comp>

<comp id="94" class="1001" name="const_94">
<pin_list>
<pin id="95" dir="1" index="0" bw="1" slack="0"/>
</pin_list>
<bind>
<StgValue><ssdm name=""/></StgValue>
</bind>
</comp>

<comp id="96" class="1001" name="const_96">
<pin_list>
<pin id="97" dir="1" index="0" bw="1" slack="0"/>
</pin_list>
<bind>
<StgValue><ssdm name="_ssdm_op_Read.m_axi.i512.p1i512"/></StgValue>
</bind>
</comp>

<comp id="98" class="1001" name="const_98">
<pin_list>
<pin id="99" dir="1" index="0" bw="1" slack="0"/>
</pin_list>
<bind>
<StgValue><ssdm name="_ssdm_op_PartSelect.i16.i512.i32.i32"/></StgValue>
</bind>
</comp>

<comp id="100" class="1001" name="const_100">
<pin_list>
<pin id="101" dir="1" index="0" bw="1" slack="0"/>
</pin_list>
<bind>
<StgValue><ssdm name=""/></StgValue>
</bind>
</comp>

<comp id="102" class="1001" name="const_102">
<pin_list>
<pin id="103" dir="1" index="0" bw="1" slack="0"/>
</pin_list>
<bind>
<StgValue><ssdm name=""/></StgValue>
</bind>
</comp>

<comp id="104" class="1001" name="const_104">
<pin_list>
<pin id="105" dir="1" index="0" bw="1" slack="0"/>
</pin_list>
<bind>
<StgValue><ssdm name=""/></StgValue>
</bind>
</comp>

<comp id="106" class="1001" name="const_106">
<pin_list>
<pin id="107" dir="1" index="0" bw="1" slack="0"/>
</pin_list>
<bind>
<StgValue><ssdm name=""/></StgValue>
</bind>
</comp>

<comp id="108" class="1001" name="const_108">
<pin_list>
<pin id="109" dir="1" index="0" bw="1" slack="0"/>
</pin_list>
<bind>
<StgValue><ssdm name=""/></StgValue>
</bind>
</comp>

<comp id="110" class="1001" name="const_110">
<pin_list>
<pin id="111" dir="1" index="0" bw="1" slack="0"/>
</pin_list>
<bind>
<StgValue><ssdm name=""/></StgValue>
</bind>
</comp>

<comp id="112" class="1001" name="const_112">
<pin_list>
<pin id="113" dir="1" index="0" bw="1" slack="0"/>
</pin_list>
<bind>
<StgValue><ssdm name=""/></StgValue>
</bind>
</comp>

<comp id="114" class="1001" name="const_114">
<pin_list>
<pin id="115" dir="1" index="0" bw="1" slack="0"/>
</pin_list>
<bind>
<StgValue><ssdm name=""/></StgValue>
</bind>
</comp>

<comp id="116" class="1001" name="const_116">
<pin_list>
<pin id="117" dir="1" index="0" bw="1" slack="0"/>
</pin_list>
<bind>
<StgValue><ssdm name=""/></StgValue>
</bind>
</comp>

<comp id="118" class="1001" name="const_118">
<pin_list>
<pin id="119" dir="1" index="0" bw="1" slack="0"/>
</pin_list>
<bind>
<StgValue><ssdm name=""/></StgValue>
</bind>
</comp>

<comp id="120" class="1001" name="const_120">
<pin_list>
<pin id="121" dir="1" index="0" bw="1" slack="0"/>
</pin_list>
<bind>
<StgValue><ssdm name=""/></StgValue>
</bind>
</comp>

<comp id="122" class="1001" name="const_122">
<pin_list>
<pin id="123" dir="1" index="0" bw="1" slack="0"/>
</pin_list>
<bind>
<StgValue><ssdm name=""/></StgValue>
</bind>
</comp>

<comp id="124" class="1001" name="const_124">
<pin_list>
<pin id="125" dir="1" index="0" bw="1" slack="0"/>
</pin_list>
<bind>
<StgValue><ssdm name=""/></StgValue>
</bind>
</comp>

<comp id="126" class="1001" name="const_126">
<pin_list>
<pin id="127" dir="1" index="0" bw="1" slack="0"/>
</pin_list>
<bind>
<StgValue><ssdm name=""/></StgValue>
</bind>
</comp>

<comp id="128" class="1001" name="const_128">
<pin_list>
<pin id="129" dir="1" index="0" bw="1" slack="0"/>
</pin_list>
<bind>
<StgValue><ssdm name=""/></StgValue>
</bind>
</comp>

<comp id="130" class="1001" name="const_130">
<pin_list>
<pin id="131" dir="1" index="0" bw="1" slack="0"/>
</pin_list>
<bind>
<StgValue><ssdm name=""/></StgValue>
</bind>
</comp>

<comp id="132" class="1001" name="const_132">
<pin_list>
<pin id="133" dir="1" index="0" bw="1" slack="0"/>
</pin_list>
<bind>
<StgValue><ssdm name=""/></StgValue>
</bind>
</comp>

<comp id="134" class="1001" name="const_134">
<pin_list>
<pin id="135" dir="1" index="0" bw="1" slack="0"/>
</pin_list>
<bind>
<StgValue><ssdm name=""/></StgValue>
</bind>
</comp>

<comp id="136" class="1001" name="const_136">
<pin_list>
<pin id="137" dir="1" index="0" bw="1" slack="0"/>
</pin_list>
<bind>
<StgValue><ssdm name=""/></StgValue>
</bind>
</comp>

<comp id="138" class="1001" name="const_138">
<pin_list>
<pin id="139" dir="1" index="0" bw="1" slack="0"/>
</pin_list>
<bind>
<StgValue><ssdm name=""/></StgValue>
</bind>
</comp>

<comp id="140" class="1001" name="const_140">
<pin_list>
<pin id="141" dir="1" index="0" bw="1" slack="0"/>
</pin_list>
<bind>
<StgValue><ssdm name=""/></StgValue>
</bind>
</comp>

<comp id="142" class="1001" name="const_142">
<pin_list>
<pin id="143" dir="1" index="0" bw="1" slack="0"/>
</pin_list>
<bind>
<StgValue><ssdm name=""/></StgValue>
</bind>
</comp>

<comp id="144" class="1001" name="const_144">
<pin_list>
<pin id="145" dir="1" index="0" bw="1" slack="0"/>
</pin_list>
<bind>
<StgValue><ssdm name=""/></StgValue>
</bind>
</comp>

<comp id="146" class="1001" name="const_146">
<pin_list>
<pin id="147" dir="1" index="0" bw="1" slack="0"/>
</pin_list>
<bind>
<StgValue><ssdm name=""/></StgValue>
</bind>
</comp>

<comp id="148" class="1001" name="const_148">
<pin_list>
<pin id="149" dir="1" index="0" bw="1" slack="0"/>
</pin_list>
<bind>
<StgValue><ssdm name=""/></StgValue>
</bind>
</comp>

<comp id="150" class="1001" name="const_150">
<pin_list>
<pin id="151" dir="1" index="0" bw="1" slack="0"/>
</pin_list>
<bind>
<StgValue><ssdm name=""/></StgValue>
</bind>
</comp>

<comp id="152" class="1001" name="const_152">
<pin_list>
<pin id="153" dir="1" index="0" bw="1" slack="0"/>
</pin_list>
<bind>
<StgValue><ssdm name=""/></StgValue>
</bind>
</comp>

<comp id="154" class="1001" name="const_154">
<pin_list>
<pin id="155" dir="1" index="0" bw="1" slack="0"/>
</pin_list>
<bind>
<StgValue><ssdm name=""/></StgValue>
</bind>
</comp>

<comp id="156" class="1001" name="const_156">
<pin_list>
<pin id="157" dir="1" index="0" bw="1" slack="0"/>
</pin_list>
<bind>
<StgValue><ssdm name=""/></StgValue>
</bind>
</comp>

<comp id="158" class="1001" name="const_158">
<pin_list>
<pin id="159" dir="1" index="0" bw="1" slack="0"/>
</pin_list>
<bind>
<StgValue><ssdm name=""/></StgValue>
</bind>
</comp>

<comp id="160" class="1001" name="const_160">
<pin_list>
<pin id="161" dir="1" index="0" bw="1" slack="0"/>
</pin_list>
<bind>
<StgValue><ssdm name=""/></StgValue>
</bind>
</comp>

<comp id="162" class="1001" name="const_162">
<pin_list>
<pin id="163" dir="1" index="0" bw="1" slack="0"/>
</pin_list>
<bind>
<StgValue><ssdm name=""/></StgValue>
</bind>
</comp>

<comp id="164" class="1001" name="const_164">
<pin_list>
<pin id="165" dir="1" index="0" bw="1" slack="0"/>
</pin_list>
<bind>
<StgValue><ssdm name=""/></StgValue>
</bind>
</comp>

<comp id="166" class="1001" name="const_166">
<pin_list>
<pin id="167" dir="1" index="0" bw="1" slack="0"/>
</pin_list>
<bind>
<StgValue><ssdm name=""/></StgValue>
</bind>
</comp>

<comp id="168" class="1001" name="const_168">
<pin_list>
<pin id="169" dir="1" index="0" bw="1" slack="0"/>
</pin_list>
<bind>
<StgValue><ssdm name=""/></StgValue>
</bind>
</comp>

<comp id="170" class="1001" name="const_170">
<pin_list>
<pin id="171" dir="1" index="0" bw="1" slack="0"/>
</pin_list>
<bind>
<StgValue><ssdm name=""/></StgValue>
</bind>
</comp>

<comp id="172" class="1001" name="const_172">
<pin_list>
<pin id="173" dir="1" index="0" bw="1" slack="0"/>
</pin_list>
<bind>
<StgValue><ssdm name=""/></StgValue>
</bind>
</comp>

<comp id="174" class="1001" name="const_174">
<pin_list>
<pin id="175" dir="1" index="0" bw="1" slack="0"/>
</pin_list>
<bind>
<StgValue><ssdm name=""/></StgValue>
</bind>
</comp>

<comp id="176" class="1001" name="const_176">
<pin_list>
<pin id="177" dir="1" index="0" bw="1" slack="0"/>
</pin_list>
<bind>
<StgValue><ssdm name=""/></StgValue>
</bind>
</comp>

<comp id="178" class="1001" name="const_178">
<pin_list>
<pin id="179" dir="1" index="0" bw="1" slack="0"/>
</pin_list>
<bind>
<StgValue><ssdm name=""/></StgValue>
</bind>
</comp>

<comp id="180" class="1001" name="const_180">
<pin_list>
<pin id="181" dir="1" index="0" bw="1" slack="0"/>
</pin_list>
<bind>
<StgValue><ssdm name=""/></StgValue>
</bind>
</comp>

<comp id="182" class="1001" name="const_182">
<pin_list>
<pin id="183" dir="1" index="0" bw="1" slack="0"/>
</pin_list>
<bind>
<StgValue><ssdm name=""/></StgValue>
</bind>
</comp>

<comp id="184" class="1001" name="const_184">
<pin_list>
<pin id="185" dir="1" index="0" bw="1" slack="0"/>
</pin_list>
<bind>
<StgValue><ssdm name=""/></StgValue>
</bind>
</comp>

<comp id="186" class="1001" name="const_186">
<pin_list>
<pin id="187" dir="1" index="0" bw="1" slack="0"/>
</pin_list>
<bind>
<StgValue><ssdm name=""/></StgValue>
</bind>
</comp>

<comp id="188" class="1001" name="const_188">
<pin_list>
<pin id="189" dir="1" index="0" bw="1" slack="0"/>
</pin_list>
<bind>
<StgValue><ssdm name=""/></StgValue>
</bind>
</comp>

<comp id="190" class="1001" name="const_190">
<pin_list>
<pin id="191" dir="1" index="0" bw="1" slack="0"/>
</pin_list>
<bind>
<StgValue><ssdm name=""/></StgValue>
</bind>
</comp>

<comp id="192" class="1001" name="const_192">
<pin_list>
<pin id="193" dir="1" index="0" bw="1" slack="0"/>
</pin_list>
<bind>
<StgValue><ssdm name=""/></StgValue>
</bind>
</comp>

<comp id="194" class="1001" name="const_194">
<pin_list>
<pin id="195" dir="1" index="0" bw="1" slack="0"/>
</pin_list>
<bind>
<StgValue><ssdm name=""/></StgValue>
</bind>
</comp>

<comp id="196" class="1001" name="const_196">
<pin_list>
<pin id="197" dir="1" index="0" bw="1" slack="0"/>
</pin_list>
<bind>
<StgValue><ssdm name=""/></StgValue>
</bind>
</comp>

<comp id="198" class="1001" name="const_198">
<pin_list>
<pin id="199" dir="1" index="0" bw="1" slack="0"/>
</pin_list>
<bind>
<StgValue><ssdm name=""/></StgValue>
</bind>
</comp>

<comp id="200" class="1001" name="const_200">
<pin_list>
<pin id="201" dir="1" index="0" bw="1" slack="0"/>
</pin_list>
<bind>
<StgValue><ssdm name=""/></StgValue>
</bind>
</comp>

<comp id="202" class="1001" name="const_202">
<pin_list>
<pin id="203" dir="1" index="0" bw="1" slack="0"/>
</pin_list>
<bind>
<StgValue><ssdm name=""/></StgValue>
</bind>
</comp>

<comp id="204" class="1001" name="const_204">
<pin_list>
<pin id="205" dir="1" index="0" bw="1" slack="0"/>
</pin_list>
<bind>
<StgValue><ssdm name=""/></StgValue>
</bind>
</comp>

<comp id="206" class="1001" name="const_206">
<pin_list>
<pin id="207" dir="1" index="0" bw="1" slack="0"/>
</pin_list>
<bind>
<StgValue><ssdm name=""/></StgValue>
</bind>
</comp>

<comp id="208" class="1001" name="const_208">
<pin_list>
<pin id="209" dir="1" index="0" bw="1" slack="0"/>
</pin_list>
<bind>
<StgValue><ssdm name=""/></StgValue>
</bind>
</comp>

<comp id="210" class="1001" name="const_210">
<pin_list>
<pin id="211" dir="1" index="0" bw="1" slack="0"/>
</pin_list>
<bind>
<StgValue><ssdm name=""/></StgValue>
</bind>
</comp>

<comp id="212" class="1001" name="const_212">
<pin_list>
<pin id="213" dir="1" index="0" bw="1" slack="0"/>
</pin_list>
<bind>
<StgValue><ssdm name=""/></StgValue>
</bind>
</comp>

<comp id="214" class="1001" name="const_214">
<pin_list>
<pin id="215" dir="1" index="0" bw="1" slack="0"/>
</pin_list>
<bind>
<StgValue><ssdm name=""/></StgValue>
</bind>
</comp>

<comp id="216" class="1001" name="const_216">
<pin_list>
<pin id="217" dir="1" index="0" bw="1" slack="0"/>
</pin_list>
<bind>
<StgValue><ssdm name=""/></StgValue>
</bind>
</comp>

<comp id="218" class="1001" name="const_218">
<pin_list>
<pin id="219" dir="1" index="0" bw="1" slack="0"/>
</pin_list>
<bind>
<StgValue><ssdm name=""/></StgValue>
</bind>
</comp>

<comp id="220" class="1001" name="const_220">
<pin_list>
<pin id="221" dir="1" index="0" bw="1" slack="2147483647"/>
</pin_list>
<bind>
<StgValue><ssdm name="_ssdm_op_SpecPipeline"/></StgValue>
</bind>
</comp>

<comp id="222" class="1001" name="const_222">
<pin_list>
<pin id="223" dir="1" index="0" bw="1" slack="2147483647"/>
</pin_list>
<bind>
<StgValue><ssdm name="_ssdm_op_SpecLoopTripCount"/></StgValue>
</bind>
</comp>

<comp id="224" class="1001" name="const_224">
<pin_list>
<pin id="225" dir="1" index="0" bw="1" slack="2147483647"/>
</pin_list>
<bind>
<StgValue><ssdm name=""/></StgValue>
</bind>
</comp>

<comp id="226" class="1001" name="const_226">
<pin_list>
<pin id="227" dir="1" index="0" bw="1" slack="2147483647"/>
</pin_list>
<bind>
<StgValue><ssdm name="_ssdm_op_SpecLoopName"/></StgValue>
</bind>
</comp>

<comp id="228" class="1001" name="const_228">
<pin_list>
<pin id="229" dir="1" index="0" bw="1" slack="2147483647"/>
</pin_list>
<bind>
<StgValue><ssdm name="empty_11"/></StgValue>
</bind>
</comp>

<comp id="230" class="1001" name="const_230">
<pin_list>
<pin id="231" dir="1" index="0" bw="1" slack="0"/>
</pin_list>
<bind>
<StgValue><ssdm name=""/></StgValue>
</bind>
</comp>

<comp id="232" class="1004" name="v_fu_232">
<pin_list>
<pin id="233" dir="0" index="0" bw="1" slack="0"/>
<pin id="234" dir="1" index="1" bw="2" slack="0"/>
</pin_list>
<bind>
<opcode="alloca(26) " fcode="alloca"/>
<opset="v/1 "/>
</bind>
</comp>

<comp id="236" class="1004" name="sext_ln62_1_read_read_fu_236">
<pin_list>
<pin id="237" dir="0" index="0" bw="58" slack="0"/>
<pin id="238" dir="0" index="1" bw="58" slack="0"/>
<pin id="239" dir="1" index="2" bw="58" slack="0"/>
</pin_list>
<bind>
<opcode="read(1150) " fcode="read"/>
<opset="sext_ln62_1_read/1 "/>
</bind>
</comp>

<comp id="242" class="1004" name="h_buf_addr_gep_fu_242">
<pin_list>
<pin id="243" dir="0" index="0" bw="16" slack="0"/>
<pin id="244" dir="0" index="1" bw="1" slack="0"/>
<pin id="245" dir="0" index="2" bw="2" slack="0"/>
<pin id="246" dir="1" index="3" bw="1" slack="0"/>
</pin_list>
<bind>
<opcode="getelementptr(29) " fcode="getelementptr"/>
<opset="h_buf_addr/3 "/>
</bind>
</comp>

<comp id="249" class="1004" name="h_buf_1_addr_gep_fu_249">
<pin_list>
<pin id="250" dir="0" index="0" bw="16" slack="0"/>
<pin id="251" dir="0" index="1" bw="1" slack="0"/>
<pin id="252" dir="0" index="2" bw="2" slack="0"/>
<pin id="253" dir="1" index="3" bw="1" slack="0"/>
</pin_list>
<bind>
<opcode="getelementptr(29) " fcode="getelementptr"/>
<opset="h_buf_1_addr/3 "/>
</bind>
</comp>

<comp id="256" class="1004" name="h_buf_2_addr_gep_fu_256">
<pin_list>
<pin id="257" dir="0" index="0" bw="16" slack="0"/>
<pin id="258" dir="0" index="1" bw="1" slack="0"/>
<pin id="259" dir="0" index="2" bw="2" slack="0"/>
<pin id="260" dir="1" index="3" bw="1" slack="0"/>
</pin_list>
<bind>
<opcode="getelementptr(29) " fcode="getelementptr"/>
<opset="h_buf_2_addr/3 "/>
</bind>
</comp>

<comp id="263" class="1004" name="h_buf_3_addr_gep_fu_263">
<pin_list>
<pin id="264" dir="0" index="0" bw="16" slack="0"/>
<pin id="265" dir="0" index="1" bw="1" slack="0"/>
<pin id="266" dir="0" index="2" bw="2" slack="0"/>
<pin id="267" dir="1" index="3" bw="1" slack="0"/>
</pin_list>
<bind>
<opcode="getelementptr(29) " fcode="getelementptr"/>
<opset="h_buf_3_addr/3 "/>
</bind>
</comp>

<comp id="270" class="1004" name="h_buf_4_addr_gep_fu_270">
<pin_list>
<pin id="271" dir="0" index="0" bw="16" slack="0"/>
<pin id="272" dir="0" index="1" bw="1" slack="0"/>
<pin id="273" dir="0" index="2" bw="2" slack="0"/>
<pin id="274" dir="1" index="3" bw="1" slack="0"/>
</pin_list>
<bind>
<opcode="getelementptr(29) " fcode="getelementptr"/>
<opset="h_buf_4_addr/3 "/>
</bind>
</comp>

<comp id="277" class="1004" name="h_buf_5_addr_gep_fu_277">
<pin_list>
<pin id="278" dir="0" index="0" bw="16" slack="0"/>
<pin id="279" dir="0" index="1" bw="1" slack="0"/>
<pin id="280" dir="0" index="2" bw="2" slack="0"/>
<pin id="281" dir="1" index="3" bw="1" slack="0"/>
</pin_list>
<bind>
<opcode="getelementptr(29) " fcode="getelementptr"/>
<opset="h_buf_5_addr/3 "/>
</bind>
</comp>

<comp id="284" class="1004" name="h_buf_6_addr_gep_fu_284">
<pin_list>
<pin id="285" dir="0" index="0" bw="16" slack="0"/>
<pin id="286" dir="0" index="1" bw="1" slack="0"/>
<pin id="287" dir="0" index="2" bw="2" slack="0"/>
<pin id="288" dir="1" index="3" bw="1" slack="0"/>
</pin_list>
<bind>
<opcode="getelementptr(29) " fcode="getelementptr"/>
<opset="h_buf_6_addr/3 "/>
</bind>
</comp>

<comp id="291" class="1004" name="h_buf_7_addr_gep_fu_291">
<pin_list>
<pin id="292" dir="0" index="0" bw="16" slack="0"/>
<pin id="293" dir="0" index="1" bw="1" slack="0"/>
<pin id="294" dir="0" index="2" bw="2" slack="0"/>
<pin id="295" dir="1" index="3" bw="1" slack="0"/>
</pin_list>
<bind>
<opcode="getelementptr(29) " fcode="getelementptr"/>
<opset="h_buf_7_addr/3 "/>
</bind>
</comp>

<comp id="298" class="1004" name="h_buf_8_addr_gep_fu_298">
<pin_list>
<pin id="299" dir="0" index="0" bw="16" slack="0"/>
<pin id="300" dir="0" index="1" bw="1" slack="0"/>
<pin id="301" dir="0" index="2" bw="2" slack="0"/>
<pin id="302" dir="1" index="3" bw="1" slack="0"/>
</pin_list>
<bind>
<opcode="getelementptr(29) " fcode="getelementptr"/>
<opset="h_buf_8_addr/3 "/>
</bind>
</comp>

<comp id="305" class="1004" name="h_buf_9_addr_gep_fu_305">
<pin_list>
<pin id="306" dir="0" index="0" bw="16" slack="0"/>
<pin id="307" dir="0" index="1" bw="1" slack="0"/>
<pin id="308" dir="0" index="2" bw="2" slack="0"/>
<pin id="309" dir="1" index="3" bw="1" slack="0"/>
</pin_list>
<bind>
<opcode="getelementptr(29) " fcode="getelementptr"/>
<opset="h_buf_9_addr/3 "/>
</bind>
</comp>

<comp id="312" class="1004" name="h_buf_10_addr_gep_fu_312">
<pin_list>
<pin id="313" dir="0" index="0" bw="16" slack="0"/>
<pin id="314" dir="0" index="1" bw="1" slack="0"/>
<pin id="315" dir="0" index="2" bw="2" slack="0"/>
<pin id="316" dir="1" index="3" bw="1" slack="0"/>
</pin_list>
<bind>
<opcode="getelementptr(29) " fcode="getelementptr"/>
<opset="h_buf_10_addr/3 "/>
</bind>
</comp>

<comp id="319" class="1004" name="h_buf_11_addr_gep_fu_319">
<pin_list>
<pin id="320" dir="0" index="0" bw="16" slack="0"/>
<pin id="321" dir="0" index="1" bw="1" slack="0"/>
<pin id="322" dir="0" index="2" bw="2" slack="0"/>
<pin id="323" dir="1" index="3" bw="1" slack="0"/>
</pin_list>
<bind>
<opcode="getelementptr(29) " fcode="getelementptr"/>
<opset="h_buf_11_addr/3 "/>
</bind>
</comp>

<comp id="326" class="1004" name="h_buf_12_addr_gep_fu_326">
<pin_list>
<pin id="327" dir="0" index="0" bw="16" slack="0"/>
<pin id="328" dir="0" index="1" bw="1" slack="0"/>
<pin id="329" dir="0" index="2" bw="2" slack="0"/>
<pin id="330" dir="1" index="3" bw="1" slack="0"/>
</pin_list>
<bind>
<opcode="getelementptr(29) " fcode="getelementptr"/>
<opset="h_buf_12_addr/3 "/>
</bind>
</comp>

<comp id="333" class="1004" name="h_buf_13_addr_gep_fu_333">
<pin_list>
<pin id="334" dir="0" index="0" bw="16" slack="0"/>
<pin id="335" dir="0" index="1" bw="1" slack="0"/>
<pin id="336" dir="0" index="2" bw="2" slack="0"/>
<pin id="337" dir="1" index="3" bw="1" slack="0"/>
</pin_list>
<bind>
<opcode="getelementptr(29) " fcode="getelementptr"/>
<opset="h_buf_13_addr/3 "/>
</bind>
</comp>

<comp id="340" class="1004" name="h_buf_14_addr_gep_fu_340">
<pin_list>
<pin id="341" dir="0" index="0" bw="16" slack="0"/>
<pin id="342" dir="0" index="1" bw="1" slack="0"/>
<pin id="343" dir="0" index="2" bw="2" slack="0"/>
<pin id="344" dir="1" index="3" bw="1" slack="0"/>
</pin_list>
<bind>
<opcode="getelementptr(29) " fcode="getelementptr"/>
<opset="h_buf_14_addr/3 "/>
</bind>
</comp>

<comp id="347" class="1004" name="h_buf_15_addr_gep_fu_347">
<pin_list>
<pin id="348" dir="0" index="0" bw="16" slack="0"/>
<pin id="349" dir="0" index="1" bw="1" slack="0"/>
<pin id="350" dir="0" index="2" bw="2" slack="0"/>
<pin id="351" dir="1" index="3" bw="1" slack="0"/>
</pin_list>
<bind>
<opcode="getelementptr(29) " fcode="getelementptr"/>
<opset="h_buf_15_addr/3 "/>
</bind>
</comp>

<comp id="354" class="1004" name="h_buf_16_addr_gep_fu_354">
<pin_list>
<pin id="355" dir="0" index="0" bw="16" slack="0"/>
<pin id="356" dir="0" index="1" bw="1" slack="0"/>
<pin id="357" dir="0" index="2" bw="2" slack="0"/>
<pin id="358" dir="1" index="3" bw="1" slack="0"/>
</pin_list>
<bind>
<opcode="getelementptr(29) " fcode="getelementptr"/>
<opset="h_buf_16_addr/3 "/>
</bind>
</comp>

<comp id="361" class="1004" name="h_buf_17_addr_gep_fu_361">
<pin_list>
<pin id="362" dir="0" index="0" bw="16" slack="0"/>
<pin id="363" dir="0" index="1" bw="1" slack="0"/>
<pin id="364" dir="0" index="2" bw="2" slack="0"/>
<pin id="365" dir="1" index="3" bw="1" slack="0"/>
</pin_list>
<bind>
<opcode="getelementptr(29) " fcode="getelementptr"/>
<opset="h_buf_17_addr/3 "/>
</bind>
</comp>

<comp id="368" class="1004" name="h_buf_18_addr_gep_fu_368">
<pin_list>
<pin id="369" dir="0" index="0" bw="16" slack="0"/>
<pin id="370" dir="0" index="1" bw="1" slack="0"/>
<pin id="371" dir="0" index="2" bw="2" slack="0"/>
<pin id="372" dir="1" index="3" bw="1" slack="0"/>
</pin_list>
<bind>
<opcode="getelementptr(29) " fcode="getelementptr"/>
<opset="h_buf_18_addr/3 "/>
</bind>
</comp>

<comp id="375" class="1004" name="h_buf_19_addr_gep_fu_375">
<pin_list>
<pin id="376" dir="0" index="0" bw="16" slack="0"/>
<pin id="377" dir="0" index="1" bw="1" slack="0"/>
<pin id="378" dir="0" index="2" bw="2" slack="0"/>
<pin id="379" dir="1" index="3" bw="1" slack="0"/>
</pin_list>
<bind>
<opcode="getelementptr(29) " fcode="getelementptr"/>
<opset="h_buf_19_addr/3 "/>
</bind>
</comp>

<comp id="382" class="1004" name="h_buf_20_addr_gep_fu_382">
<pin_list>
<pin id="383" dir="0" index="0" bw="16" slack="0"/>
<pin id="384" dir="0" index="1" bw="1" slack="0"/>
<pin id="385" dir="0" index="2" bw="2" slack="0"/>
<pin id="386" dir="1" index="3" bw="1" slack="0"/>
</pin_list>
<bind>
<opcode="getelementptr(29) " fcode="getelementptr"/>
<opset="h_buf_20_addr/3 "/>
</bind>
</comp>

<comp id="389" class="1004" name="h_buf_21_addr_gep_fu_389">
<pin_list>
<pin id="390" dir="0" index="0" bw="16" slack="0"/>
<pin id="391" dir="0" index="1" bw="1" slack="0"/>
<pin id="392" dir="0" index="2" bw="2" slack="0"/>
<pin id="393" dir="1" index="3" bw="1" slack="0"/>
</pin_list>
<bind>
<opcode="getelementptr(29) " fcode="getelementptr"/>
<opset="h_buf_21_addr/3 "/>
</bind>
</comp>

<comp id="396" class="1004" name="h_buf_22_addr_gep_fu_396">
<pin_list>
<pin id="397" dir="0" index="0" bw="16" slack="0"/>
<pin id="398" dir="0" index="1" bw="1" slack="0"/>
<pin id="399" dir="0" index="2" bw="2" slack="0"/>
<pin id="400" dir="1" index="3" bw="1" slack="0"/>
</pin_list>
<bind>
<opcode="getelementptr(29) " fcode="getelementptr"/>
<opset="h_buf_22_addr/3 "/>
</bind>
</comp>

<comp id="403" class="1004" name="h_buf_23_addr_gep_fu_403">
<pin_list>
<pin id="404" dir="0" index="0" bw="16" slack="0"/>
<pin id="405" dir="0" index="1" bw="1" slack="0"/>
<pin id="406" dir="0" index="2" bw="2" slack="0"/>
<pin id="407" dir="1" index="3" bw="1" slack="0"/>
</pin_list>
<bind>
<opcode="getelementptr(29) " fcode="getelementptr"/>
<opset="h_buf_23_addr/3 "/>
</bind>
</comp>

<comp id="410" class="1004" name="h_buf_24_addr_gep_fu_410">
<pin_list>
<pin id="411" dir="0" index="0" bw="16" slack="0"/>
<pin id="412" dir="0" index="1" bw="1" slack="0"/>
<pin id="413" dir="0" index="2" bw="2" slack="0"/>
<pin id="414" dir="1" index="3" bw="1" slack="0"/>
</pin_list>
<bind>
<opcode="getelementptr(29) " fcode="getelementptr"/>
<opset="h_buf_24_addr/3 "/>
</bind>
</comp>

<comp id="417" class="1004" name="h_buf_25_addr_gep_fu_417">
<pin_list>
<pin id="418" dir="0" index="0" bw="16" slack="0"/>
<pin id="419" dir="0" index="1" bw="1" slack="0"/>
<pin id="420" dir="0" index="2" bw="2" slack="0"/>
<pin id="421" dir="1" index="3" bw="1" slack="0"/>
</pin_list>
<bind>
<opcode="getelementptr(29) " fcode="getelementptr"/>
<opset="h_buf_25_addr/3 "/>
</bind>
</comp>

<comp id="424" class="1004" name="h_buf_26_addr_gep_fu_424">
<pin_list>
<pin id="425" dir="0" index="0" bw="16" slack="0"/>
<pin id="426" dir="0" index="1" bw="1" slack="0"/>
<pin id="427" dir="0" index="2" bw="2" slack="0"/>
<pin id="428" dir="1" index="3" bw="1" slack="0"/>
</pin_list>
<bind>
<opcode="getelementptr(29) " fcode="getelementptr"/>
<opset="h_buf_26_addr/3 "/>
</bind>
</comp>

<comp id="431" class="1004" name="h_buf_27_addr_gep_fu_431">
<pin_list>
<pin id="432" dir="0" index="0" bw="16" slack="0"/>
<pin id="433" dir="0" index="1" bw="1" slack="0"/>
<pin id="434" dir="0" index="2" bw="2" slack="0"/>
<pin id="435" dir="1" index="3" bw="1" slack="0"/>
</pin_list>
<bind>
<opcode="getelementptr(29) " fcode="getelementptr"/>
<opset="h_buf_27_addr/3 "/>
</bind>
</comp>

<comp id="438" class="1004" name="h_buf_28_addr_gep_fu_438">
<pin_list>
<pin id="439" dir="0" index="0" bw="16" slack="0"/>
<pin id="440" dir="0" index="1" bw="1" slack="0"/>
<pin id="441" dir="0" index="2" bw="2" slack="0"/>
<pin id="442" dir="1" index="3" bw="1" slack="0"/>
</pin_list>
<bind>
<opcode="getelementptr(29) " fcode="getelementptr"/>
<opset="h_buf_28_addr/3 "/>
</bind>
</comp>

<comp id="445" class="1004" name="h_buf_29_addr_gep_fu_445">
<pin_list>
<pin id="446" dir="0" index="0" bw="16" slack="0"/>
<pin id="447" dir="0" index="1" bw="1" slack="0"/>
<pin id="448" dir="0" index="2" bw="2" slack="0"/>
<pin id="449" dir="1" index="3" bw="1" slack="0"/>
</pin_list>
<bind>
<opcode="getelementptr(29) " fcode="getelementptr"/>
<opset="h_buf_29_addr/3 "/>
</bind>
</comp>

<comp id="452" class="1004" name="h_buf_30_addr_gep_fu_452">
<pin_list>
<pin id="453" dir="0" index="0" bw="16" slack="0"/>
<pin id="454" dir="0" index="1" bw="1" slack="0"/>
<pin id="455" dir="0" index="2" bw="2" slack="0"/>
<pin id="456" dir="1" index="3" bw="1" slack="0"/>
</pin_list>
<bind>
<opcode="getelementptr(29) " fcode="getelementptr"/>
<opset="h_buf_30_addr/3 "/>
</bind>
</comp>

<comp id="459" class="1004" name="h_buf_31_addr_gep_fu_459">
<pin_list>
<pin id="460" dir="0" index="0" bw="16" slack="0"/>
<pin id="461" dir="0" index="1" bw="1" slack="0"/>
<pin id="462" dir="0" index="2" bw="2" slack="0"/>
<pin id="463" dir="1" index="3" bw="1" slack="0"/>
</pin_list>
<bind>
<opcode="getelementptr(29) " fcode="getelementptr"/>
<opset="h_buf_31_addr/3 "/>
</bind>
</comp>

<comp id="466" class="1004" name="store_ln67_access_fu_466">
<pin_list>
<pin id="467" dir="0" index="0" bw="1" slack="0"/>
<pin id="468" dir="0" index="1" bw="16" slack="1"/>
<pin id="469" dir="0" index="2" bw="0" slack="2147483647"/>
<pin id="470" dir="1" index="3" bw="16" slack="2147483647"/>
</pin_list>
<bind>
<opcode="store(28) " fcode="store"/>
<opset="store_ln67/3 "/>
</bind>
</comp>

<comp id="472" class="1004" name="store_ln67_access_fu_472">
<pin_list>
<pin id="473" dir="0" index="0" bw="1" slack="0"/>
<pin id="474" dir="0" index="1" bw="16" slack="1"/>
<pin id="475" dir="0" index="2" bw="0" slack="2147483647"/>
<pin id="476" dir="1" index="3" bw="16" slack="2147483647"/>
</pin_list>
<bind>
<opcode="store(28) " fcode="store"/>
<opset="store_ln67/3 "/>
</bind>
</comp>

<comp id="478" class="1004" name="store_ln67_access_fu_478">
<pin_list>
<pin id="479" dir="0" index="0" bw="1" slack="0"/>
<pin id="480" dir="0" index="1" bw="16" slack="1"/>
<pin id="481" dir="0" index="2" bw="0" slack="2147483647"/>
<pin id="482" dir="1" index="3" bw="16" slack="2147483647"/>
</pin_list>
<bind>
<opcode="store(28) " fcode="store"/>
<opset="store_ln67/3 "/>
</bind>
</comp>

<comp id="484" class="1004" name="store_ln67_access_fu_484">
<pin_list>
<pin id="485" dir="0" index="0" bw="1" slack="0"/>
<pin id="486" dir="0" index="1" bw="16" slack="1"/>
<pin id="487" dir="0" index="2" bw="0" slack="2147483647"/>
<pin id="488" dir="1" index="3" bw="16" slack="2147483647"/>
</pin_list>
<bind>
<opcode="store(28) " fcode="store"/>
<opset="store_ln67/3 "/>
</bind>
</comp>

<comp id="490" class="1004" name="store_ln67_access_fu_490">
<pin_list>
<pin id="491" dir="0" index="0" bw="1" slack="0"/>
<pin id="492" dir="0" index="1" bw="16" slack="1"/>
<pin id="493" dir="0" index="2" bw="0" slack="2147483647"/>
<pin id="494" dir="1" index="3" bw="16" slack="2147483647"/>
</pin_list>
<bind>
<opcode="store(28) " fcode="store"/>
<opset="store_ln67/3 "/>
</bind>
</comp>

<comp id="496" class="1004" name="store_ln67_access_fu_496">
<pin_list>
<pin id="497" dir="0" index="0" bw="1" slack="0"/>
<pin id="498" dir="0" index="1" bw="16" slack="1"/>
<pin id="499" dir="0" index="2" bw="0" slack="2147483647"/>
<pin id="500" dir="1" index="3" bw="16" slack="2147483647"/>
</pin_list>
<bind>
<opcode="store(28) " fcode="store"/>
<opset="store_ln67/3 "/>
</bind>
</comp>

<comp id="502" class="1004" name="store_ln67_access_fu_502">
<pin_list>
<pin id="503" dir="0" index="0" bw="1" slack="0"/>
<pin id="504" dir="0" index="1" bw="16" slack="1"/>
<pin id="505" dir="0" index="2" bw="0" slack="2147483647"/>
<pin id="506" dir="1" index="3" bw="16" slack="2147483647"/>
</pin_list>
<bind>
<opcode="store(28) " fcode="store"/>
<opset="store_ln67/3 "/>
</bind>
</comp>

<comp id="508" class="1004" name="store_ln67_access_fu_508">
<pin_list>
<pin id="509" dir="0" index="0" bw="1" slack="0"/>
<pin id="510" dir="0" index="1" bw="16" slack="1"/>
<pin id="511" dir="0" index="2" bw="0" slack="2147483647"/>
<pin id="512" dir="1" index="3" bw="16" slack="2147483647"/>
</pin_list>
<bind>
<opcode="store(28) " fcode="store"/>
<opset="store_ln67/3 "/>
</bind>
</comp>

<comp id="514" class="1004" name="store_ln67_access_fu_514">
<pin_list>
<pin id="515" dir="0" index="0" bw="1" slack="0"/>
<pin id="516" dir="0" index="1" bw="16" slack="1"/>
<pin id="517" dir="0" index="2" bw="0" slack="2147483647"/>
<pin id="518" dir="1" index="3" bw="16" slack="2147483647"/>
</pin_list>
<bind>
<opcode="store(28) " fcode="store"/>
<opset="store_ln67/3 "/>
</bind>
</comp>

<comp id="520" class="1004" name="store_ln67_access_fu_520">
<pin_list>
<pin id="521" dir="0" index="0" bw="1" slack="0"/>
<pin id="522" dir="0" index="1" bw="16" slack="1"/>
<pin id="523" dir="0" index="2" bw="0" slack="2147483647"/>
<pin id="524" dir="1" index="3" bw="16" slack="2147483647"/>
</pin_list>
<bind>
<opcode="store(28) " fcode="store"/>
<opset="store_ln67/3 "/>
</bind>
</comp>

<comp id="526" class="1004" name="store_ln67_access_fu_526">
<pin_list>
<pin id="527" dir="0" index="0" bw="1" slack="0"/>
<pin id="528" dir="0" index="1" bw="16" slack="1"/>
<pin id="529" dir="0" index="2" bw="0" slack="2147483647"/>
<pin id="530" dir="1" index="3" bw="16" slack="2147483647"/>
</pin_list>
<bind>
<opcode="store(28) " fcode="store"/>
<opset="store_ln67/3 "/>
</bind>
</comp>

<comp id="532" class="1004" name="store_ln67_access_fu_532">
<pin_list>
<pin id="533" dir="0" index="0" bw="1" slack="0"/>
<pin id="534" dir="0" index="1" bw="16" slack="1"/>
<pin id="535" dir="0" index="2" bw="0" slack="2147483647"/>
<pin id="536" dir="1" index="3" bw="16" slack="2147483647"/>
</pin_list>
<bind>
<opcode="store(28) " fcode="store"/>
<opset="store_ln67/3 "/>
</bind>
</comp>

<comp id="538" class="1004" name="store_ln67_access_fu_538">
<pin_list>
<pin id="539" dir="0" index="0" bw="1" slack="0"/>
<pin id="540" dir="0" index="1" bw="16" slack="1"/>
<pin id="541" dir="0" index="2" bw="0" slack="2147483647"/>
<pin id="542" dir="1" index="3" bw="16" slack="2147483647"/>
</pin_list>
<bind>
<opcode="store(28) " fcode="store"/>
<opset="store_ln67/3 "/>
</bind>
</comp>

<comp id="544" class="1004" name="store_ln67_access_fu_544">
<pin_list>
<pin id="545" dir="0" index="0" bw="1" slack="0"/>
<pin id="546" dir="0" index="1" bw="16" slack="1"/>
<pin id="547" dir="0" index="2" bw="0" slack="2147483647"/>
<pin id="548" dir="1" index="3" bw="16" slack="2147483647"/>
</pin_list>
<bind>
<opcode="store(28) " fcode="store"/>
<opset="store_ln67/3 "/>
</bind>
</comp>

<comp id="550" class="1004" name="store_ln67_access_fu_550">
<pin_list>
<pin id="551" dir="0" index="0" bw="1" slack="0"/>
<pin id="552" dir="0" index="1" bw="16" slack="1"/>
<pin id="553" dir="0" index="2" bw="0" slack="2147483647"/>
<pin id="554" dir="1" index="3" bw="16" slack="2147483647"/>
</pin_list>
<bind>
<opcode="store(28) " fcode="store"/>
<opset="store_ln67/3 "/>
</bind>
</comp>

<comp id="556" class="1004" name="store_ln67_access_fu_556">
<pin_list>
<pin id="557" dir="0" index="0" bw="1" slack="0"/>
<pin id="558" dir="0" index="1" bw="16" slack="1"/>
<pin id="559" dir="0" index="2" bw="0" slack="2147483647"/>
<pin id="560" dir="1" index="3" bw="16" slack="2147483647"/>
</pin_list>
<bind>
<opcode="store(28) " fcode="store"/>
<opset="store_ln67/3 "/>
</bind>
</comp>

<comp id="562" class="1004" name="store_ln67_access_fu_562">
<pin_list>
<pin id="563" dir="0" index="0" bw="1" slack="0"/>
<pin id="564" dir="0" index="1" bw="16" slack="1"/>
<pin id="565" dir="0" index="2" bw="0" slack="2147483647"/>
<pin id="566" dir="1" index="3" bw="16" slack="2147483647"/>
</pin_list>
<bind>
<opcode="store(28) " fcode="store"/>
<opset="store_ln67/3 "/>
</bind>
</comp>

<comp id="568" class="1004" name="store_ln67_access_fu_568">
<pin_list>
<pin id="569" dir="0" index="0" bw="1" slack="0"/>
<pin id="570" dir="0" index="1" bw="16" slack="1"/>
<pin id="571" dir="0" index="2" bw="0" slack="2147483647"/>
<pin id="572" dir="1" index="3" bw="16" slack="2147483647"/>
</pin_list>
<bind>
<opcode="store(28) " fcode="store"/>
<opset="store_ln67/3 "/>
</bind>
</comp>

<comp id="574" class="1004" name="store_ln67_access_fu_574">
<pin_list>
<pin id="575" dir="0" index="0" bw="1" slack="0"/>
<pin id="576" dir="0" index="1" bw="16" slack="1"/>
<pin id="577" dir="0" index="2" bw="0" slack="2147483647"/>
<pin id="578" dir="1" index="3" bw="16" slack="2147483647"/>
</pin_list>
<bind>
<opcode="store(28) " fcode="store"/>
<opset="store_ln67/3 "/>
</bind>
</comp>

<comp id="580" class="1004" name="store_ln67_access_fu_580">
<pin_list>
<pin id="581" dir="0" index="0" bw="1" slack="0"/>
<pin id="582" dir="0" index="1" bw="16" slack="1"/>
<pin id="583" dir="0" index="2" bw="0" slack="2147483647"/>
<pin id="584" dir="1" index="3" bw="16" slack="2147483647"/>
</pin_list>
<bind>
<opcode="store(28) " fcode="store"/>
<opset="store_ln67/3 "/>
</bind>
</comp>

<comp id="586" class="1004" name="store_ln67_access_fu_586">
<pin_list>
<pin id="587" dir="0" index="0" bw="1" slack="0"/>
<pin id="588" dir="0" index="1" bw="16" slack="1"/>
<pin id="589" dir="0" index="2" bw="0" slack="2147483647"/>
<pin id="590" dir="1" index="3" bw="16" slack="2147483647"/>
</pin_list>
<bind>
<opcode="store(28) " fcode="store"/>
<opset="store_ln67/3 "/>
</bind>
</comp>

<comp id="592" class="1004" name="store_ln67_access_fu_592">
<pin_list>
<pin id="593" dir="0" index="0" bw="1" slack="0"/>
<pin id="594" dir="0" index="1" bw="16" slack="1"/>
<pin id="595" dir="0" index="2" bw="0" slack="2147483647"/>
<pin id="596" dir="1" index="3" bw="16" slack="2147483647"/>
</pin_list>
<bind>
<opcode="store(28) " fcode="store"/>
<opset="store_ln67/3 "/>
</bind>
</comp>

<comp id="598" class="1004" name="store_ln67_access_fu_598">
<pin_list>
<pin id="599" dir="0" index="0" bw="1" slack="0"/>
<pin id="600" dir="0" index="1" bw="16" slack="1"/>
<pin id="601" dir="0" index="2" bw="0" slack="2147483647"/>
<pin id="602" dir="1" index="3" bw="16" slack="2147483647"/>
</pin_list>
<bind>
<opcode="store(28) " fcode="store"/>
<opset="store_ln67/3 "/>
</bind>
</comp>

<comp id="604" class="1004" name="store_ln67_access_fu_604">
<pin_list>
<pin id="605" dir="0" index="0" bw="1" slack="0"/>
<pin id="606" dir="0" index="1" bw="16" slack="1"/>
<pin id="607" dir="0" index="2" bw="0" slack="2147483647"/>
<pin id="608" dir="1" index="3" bw="16" slack="2147483647"/>
</pin_list>
<bind>
<opcode="store(28) " fcode="store"/>
<opset="store_ln67/3 "/>
</bind>
</comp>

<comp id="610" class="1004" name="store_ln67_access_fu_610">
<pin_list>
<pin id="611" dir="0" index="0" bw="1" slack="0"/>
<pin id="612" dir="0" index="1" bw="16" slack="1"/>
<pin id="613" dir="0" index="2" bw="0" slack="2147483647"/>
<pin id="614" dir="1" index="3" bw="16" slack="2147483647"/>
</pin_list>
<bind>
<opcode="store(28) " fcode="store"/>
<opset="store_ln67/3 "/>
</bind>
</comp>

<comp id="616" class="1004" name="store_ln67_access_fu_616">
<pin_list>
<pin id="617" dir="0" index="0" bw="1" slack="0"/>
<pin id="618" dir="0" index="1" bw="16" slack="1"/>
<pin id="619" dir="0" index="2" bw="0" slack="2147483647"/>
<pin id="620" dir="1" index="3" bw="16" slack="2147483647"/>
</pin_list>
<bind>
<opcode="store(28) " fcode="store"/>
<opset="store_ln67/3 "/>
</bind>
</comp>

<comp id="622" class="1004" name="store_ln67_access_fu_622">
<pin_list>
<pin id="623" dir="0" index="0" bw="1" slack="0"/>
<pin id="624" dir="0" index="1" bw="16" slack="1"/>
<pin id="625" dir="0" index="2" bw="0" slack="2147483647"/>
<pin id="626" dir="1" index="3" bw="16" slack="2147483647"/>
</pin_list>
<bind>
<opcode="store(28) " fcode="store"/>
<opset="store_ln67/3 "/>
</bind>
</comp>

<comp id="628" class="1004" name="store_ln67_access_fu_628">
<pin_list>
<pin id="629" dir="0" index="0" bw="1" slack="0"/>
<pin id="630" dir="0" index="1" bw="16" slack="1"/>
<pin id="631" dir="0" index="2" bw="0" slack="2147483647"/>
<pin id="632" dir="1" index="3" bw="16" slack="2147483647"/>
</pin_list>
<bind>
<opcode="store(28) " fcode="store"/>
<opset="store_ln67/3 "/>
</bind>
</comp>

<comp id="634" class="1004" name="store_ln67_access_fu_634">
<pin_list>
<pin id="635" dir="0" index="0" bw="1" slack="0"/>
<pin id="636" dir="0" index="1" bw="16" slack="1"/>
<pin id="637" dir="0" index="2" bw="0" slack="2147483647"/>
<pin id="638" dir="1" index="3" bw="16" slack="2147483647"/>
</pin_list>
<bind>
<opcode="store(28) " fcode="store"/>
<opset="store_ln67/3 "/>
</bind>
</comp>

<comp id="640" class="1004" name="store_ln67_access_fu_640">
<pin_list>
<pin id="641" dir="0" index="0" bw="1" slack="0"/>
<pin id="642" dir="0" index="1" bw="16" slack="1"/>
<pin id="643" dir="0" index="2" bw="0" slack="2147483647"/>
<pin id="644" dir="1" index="3" bw="16" slack="2147483647"/>
</pin_list>
<bind>
<opcode="store(28) " fcode="store"/>
<opset="store_ln67/3 "/>
</bind>
</comp>

<comp id="646" class="1004" name="store_ln67_access_fu_646">
<pin_list>
<pin id="647" dir="0" index="0" bw="1" slack="0"/>
<pin id="648" dir="0" index="1" bw="16" slack="1"/>
<pin id="649" dir="0" index="2" bw="0" slack="2147483647"/>
<pin id="650" dir="1" index="3" bw="16" slack="2147483647"/>
</pin_list>
<bind>
<opcode="store(28) " fcode="store"/>
<opset="store_ln67/3 "/>
</bind>
</comp>

<comp id="652" class="1004" name="store_ln67_access_fu_652">
<pin_list>
<pin id="653" dir="0" index="0" bw="1" slack="0"/>
<pin id="654" dir="0" index="1" bw="16" slack="1"/>
<pin id="655" dir="0" index="2" bw="0" slack="2147483647"/>
<pin id="656" dir="1" index="3" bw="16" slack="2147483647"/>
</pin_list>
<bind>
<opcode="store(28) " fcode="store"/>
<opset="store_ln67/3 "/>
</bind>
</comp>

<comp id="658" class="1004" name="gmem3_addr_read_read_fu_658">
<pin_list>
<pin id="659" dir="0" index="0" bw="512" slack="0"/>
<pin id="660" dir="0" index="1" bw="512" slack="0"/>
<pin id="661" dir="1" index="2" bw="512" slack="0"/>
</pin_list>
<bind>
<opcode="read(1150) " fcode="read"/>
<opset="gmem3_addr_read/2 "/>
</bind>
</comp>

<comp id="663" class="1004" name="sext_ln62_1_cast_fu_663">
<pin_list>
<pin id="664" dir="0" index="0" bw="58" slack="0"/>
<pin id="665" dir="1" index="1" bw="64" slack="1"/>
</pin_list>
<bind>
<opcode="sext(35) " fcode="sext"/>
<opset="sext_ln62_1_cast/1 "/>
</bind>
</comp>

<comp id="667" class="1004" name="store_ln62_store_fu_667">
<pin_list>
<pin id="668" dir="0" index="0" bw="1" slack="0"/>
<pin id="669" dir="0" index="1" bw="2" slack="0"/>
<pin id="670" dir="1" index="2" bw="0" slack="2147483647"/>
</pin_list>
<bind>
<opcode="store(28) " fcode="store"/>
<opset="store_ln62/1 "/>
</bind>
</comp>

<comp id="672" class="1004" name="v_1_load_fu_672">
<pin_list>
<pin id="673" dir="0" index="0" bw="2" slack="0"/>
<pin id="674" dir="1" index="1" bw="2" slack="0"/>
</pin_list>
<bind>
<opcode="load(27) " fcode="load"/>
<opset="v_1/1 "/>
</bind>
</comp>

<comp id="675" class="1004" name="icmp_ln62_fu_675">
<pin_list>
<pin id="676" dir="0" index="0" bw="2" slack="0"/>
<pin id="677" dir="0" index="1" bw="2" slack="0"/>
<pin id="678" dir="1" index="2" bw="1" slack="1"/>
</pin_list>
<bind>
<opcode="icmp(45) " fcode="icmp"/>
<opset="icmp_ln62/1 "/>
</bind>
</comp>

<comp id="681" class="1004" name="add_ln62_fu_681">
<pin_list>
<pin id="682" dir="0" index="0" bw="2" slack="0"/>
<pin id="683" dir="0" index="1" bw="1" slack="0"/>
<pin id="684" dir="1" index="2" bw="2" slack="0"/>
</pin_list>
<bind>
<opcode="add(8) " fcode="add"/>
<opset="add_ln62/1 "/>
</bind>
</comp>

<comp id="687" class="1004" name="store_ln62_store_fu_687">
<pin_list>
<pin id="688" dir="0" index="0" bw="2" slack="0"/>
<pin id="689" dir="0" index="1" bw="2" slack="0"/>
<pin id="690" dir="1" index="2" bw="0" slack="2147483647"/>
</pin_list>
<bind>
<opcode="store(28) " fcode="store"/>
<opset="store_ln62/1 "/>
</bind>
</comp>

<comp id="692" class="1004" name="gmem3_addr_fu_692">
<pin_list>
<pin id="693" dir="0" index="0" bw="64" slack="0"/>
<pin id="694" dir="0" index="1" bw="64" slack="1"/>
<pin id="695" dir="1" index="2" bw="64" slack="0"/>
</pin_list>
<bind>
<opcode="getelementptr(29) " fcode="getelementptr"/>
<opset="gmem3_addr/2 "/>
</bind>
</comp>

<comp id="698" class="1004" name="trunc_ln64_fu_698">
<pin_list>
<pin id="699" dir="0" index="0" bw="512" slack="0"/>
<pin id="700" dir="1" index="1" bw="16" slack="1"/>
</pin_list>
<bind>
<opcode="trunc(33) " fcode="trunc"/>
<opset="trunc_ln64/2 "/>
</bind>
</comp>

<comp id="702" class="1004" name="trunc_ln64_1_fu_702">
<pin_list>
<pin id="703" dir="0" index="0" bw="16" slack="0"/>
<pin id="704" dir="0" index="1" bw="512" slack="0"/>
<pin id="705" dir="0" index="2" bw="6" slack="0"/>
<pin id="706" dir="0" index="3" bw="6" slack="0"/>
<pin id="707" dir="1" index="4" bw="16" slack="1"/>
</pin_list>
<bind>
<opcode="partselect(1002) " fcode="partselect"/>
<opset="trunc_ln64_1/2 "/>
</bind>
</comp>

<comp id="712" class="1004" name="trunc_ln64_2_fu_712">
<pin_list>
<pin id="713" dir="0" index="0" bw="16" slack="0"/>
<pin id="714" dir="0" index="1" bw="512" slack="0"/>
<pin id="715" dir="0" index="2" bw="7" slack="0"/>
<pin id="716" dir="0" index="3" bw="7" slack="0"/>
<pin id="717" dir="1" index="4" bw="16" slack="1"/>
</pin_list>
<bind>
<opcode="partselect(1002) " fcode="partselect"/>
<opset="trunc_ln64_2/2 "/>
</bind>
</comp>

<comp id="722" class="1004" name="trunc_ln64_3_fu_722">
<pin_list>
<pin id="723" dir="0" index="0" bw="16" slack="0"/>
<pin id="724" dir="0" index="1" bw="512" slack="0"/>
<pin id="725" dir="0" index="2" bw="7" slack="0"/>
<pin id="726" dir="0" index="3" bw="7" slack="0"/>
<pin id="727" dir="1" index="4" bw="16" slack="1"/>
</pin_list>
<bind>
<opcode="partselect(1002) " fcode="partselect"/>
<opset="trunc_ln64_3/2 "/>
</bind>
</comp>

<comp id="732" class="1004" name="trunc_ln64_4_fu_732">
<pin_list>
<pin id="733" dir="0" index="0" bw="16" slack="0"/>
<pin id="734" dir="0" index="1" bw="512" slack="0"/>
<pin id="735" dir="0" index="2" bw="8" slack="0"/>
<pin id="736" dir="0" index="3" bw="8" slack="0"/>
<pin id="737" dir="1" index="4" bw="16" slack="1"/>
</pin_list>
<bind>
<opcode="partselect(1002) " fcode="partselect"/>
<opset="trunc_ln64_4/2 "/>
</bind>
</comp>

<comp id="742" class="1004" name="trunc_ln64_5_fu_742">
<pin_list>
<pin id="743" dir="0" index="0" bw="16" slack="0"/>
<pin id="744" dir="0" index="1" bw="512" slack="0"/>
<pin id="745" dir="0" index="2" bw="8" slack="0"/>
<pin id="746" dir="0" index="3" bw="8" slack="0"/>
<pin id="747" dir="1" index="4" bw="16" slack="1"/>
</pin_list>
<bind>
<opcode="partselect(1002) " fcode="partselect"/>
<opset="trunc_ln64_5/2 "/>
</bind>
</comp>

<comp id="752" class="1004" name="trunc_ln64_6_fu_752">
<pin_list>
<pin id="753" dir="0" index="0" bw="16" slack="0"/>
<pin id="754" dir="0" index="1" bw="512" slack="0"/>
<pin id="755" dir="0" index="2" bw="8" slack="0"/>
<pin id="756" dir="0" index="3" bw="8" slack="0"/>
<pin id="757" dir="1" index="4" bw="16" slack="1"/>
</pin_list>
<bind>
<opcode="partselect(1002) " fcode="partselect"/>
<opset="trunc_ln64_6/2 "/>
</bind>
</comp>

<comp id="762" class="1004" name="trunc_ln64_7_fu_762">
<pin_list>
<pin id="763" dir="0" index="0" bw="16" slack="0"/>
<pin id="764" dir="0" index="1" bw="512" slack="0"/>
<pin id="765" dir="0" index="2" bw="8" slack="0"/>
<pin id="766" dir="0" index="3" bw="8" slack="0"/>
<pin id="767" dir="1" index="4" bw="16" slack="1"/>
</pin_list>
<bind>
<opcode="partselect(1002) " fcode="partselect"/>
<opset="trunc_ln64_7/2 "/>
</bind>
</comp>

<comp id="772" class="1004" name="trunc_ln64_8_fu_772">
<pin_list>
<pin id="773" dir="0" index="0" bw="16" slack="0"/>
<pin id="774" dir="0" index="1" bw="512" slack="0"/>
<pin id="775" dir="0" index="2" bw="9" slack="0"/>
<pin id="776" dir="0" index="3" bw="9" slack="0"/>
<pin id="777" dir="1" index="4" bw="16" slack="1"/>
</pin_list>
<bind>
<opcode="partselect(1002) " fcode="partselect"/>
<opset="trunc_ln64_8/2 "/>
</bind>
</comp>

<comp id="782" class="1004" name="trunc_ln64_9_fu_782">
<pin_list>
<pin id="783" dir="0" index="0" bw="16" slack="0"/>
<pin id="784" dir="0" index="1" bw="512" slack="0"/>
<pin id="785" dir="0" index="2" bw="9" slack="0"/>
<pin id="786" dir="0" index="3" bw="9" slack="0"/>
<pin id="787" dir="1" index="4" bw="16" slack="1"/>
</pin_list>
<bind>
<opcode="partselect(1002) " fcode="partselect"/>
<opset="trunc_ln64_9/2 "/>
</bind>
</comp>

<comp id="792" class="1004" name="trunc_ln64_s_fu_792">
<pin_list>
<pin id="793" dir="0" index="0" bw="16" slack="0"/>
<pin id="794" dir="0" index="1" bw="512" slack="0"/>
<pin id="795" dir="0" index="2" bw="9" slack="0"/>
<pin id="796" dir="0" index="3" bw="9" slack="0"/>
<pin id="797" dir="1" index="4" bw="16" slack="1"/>
</pin_list>
<bind>
<opcode="partselect(1002) " fcode="partselect"/>
<opset="trunc_ln64_s/2 "/>
</bind>
</comp>

<comp id="802" class="1004" name="trunc_ln64_10_fu_802">
<pin_list>
<pin id="803" dir="0" index="0" bw="16" slack="0"/>
<pin id="804" dir="0" index="1" bw="512" slack="0"/>
<pin id="805" dir="0" index="2" bw="9" slack="0"/>
<pin id="806" dir="0" index="3" bw="9" slack="0"/>
<pin id="807" dir="1" index="4" bw="16" slack="1"/>
</pin_list>
<bind>
<opcode="partselect(1002) " fcode="partselect"/>
<opset="trunc_ln64_10/2 "/>
</bind>
</comp>

<comp id="812" class="1004" name="trunc_ln64_11_fu_812">
<pin_list>
<pin id="813" dir="0" index="0" bw="16" slack="0"/>
<pin id="814" dir="0" index="1" bw="512" slack="0"/>
<pin id="815" dir="0" index="2" bw="9" slack="0"/>
<pin id="816" dir="0" index="3" bw="9" slack="0"/>
<pin id="817" dir="1" index="4" bw="16" slack="1"/>
</pin_list>
<bind>
<opcode="partselect(1002) " fcode="partselect"/>
<opset="trunc_ln64_11/2 "/>
</bind>
</comp>

<comp id="822" class="1004" name="trunc_ln64_12_fu_822">
<pin_list>
<pin id="823" dir="0" index="0" bw="16" slack="0"/>
<pin id="824" dir="0" index="1" bw="512" slack="0"/>
<pin id="825" dir="0" index="2" bw="9" slack="0"/>
<pin id="826" dir="0" index="3" bw="9" slack="0"/>
<pin id="827" dir="1" index="4" bw="16" slack="1"/>
</pin_list>
<bind>
<opcode="partselect(1002) " fcode="partselect"/>
<opset="trunc_ln64_12/2 "/>
</bind>
</comp>

<comp id="832" class="1004" name="trunc_ln64_13_fu_832">
<pin_list>
<pin id="833" dir="0" index="0" bw="16" slack="0"/>
<pin id="834" dir="0" index="1" bw="512" slack="0"/>
<pin id="835" dir="0" index="2" bw="9" slack="0"/>
<pin id="836" dir="0" index="3" bw="9" slack="0"/>
<pin id="837" dir="1" index="4" bw="16" slack="1"/>
</pin_list>
<bind>
<opcode="partselect(1002) " fcode="partselect"/>
<opset="trunc_ln64_13/2 "/>
</bind>
</comp>

<comp id="842" class="1004" name="trunc_ln64_14_fu_842">
<pin_list>
<pin id="843" dir="0" index="0" bw="16" slack="0"/>
<pin id="844" dir="0" index="1" bw="512" slack="0"/>
<pin id="845" dir="0" index="2" bw="9" slack="0"/>
<pin id="846" dir="0" index="3" bw="9" slack="0"/>
<pin id="847" dir="1" index="4" bw="16" slack="1"/>
</pin_list>
<bind>
<opcode="partselect(1002) " fcode="partselect"/>
<opset="trunc_ln64_14/2 "/>
</bind>
</comp>

<comp id="852" class="1004" name="trunc_ln64_15_fu_852">
<pin_list>
<pin id="853" dir="0" index="0" bw="16" slack="0"/>
<pin id="854" dir="0" index="1" bw="512" slack="0"/>
<pin id="855" dir="0" index="2" bw="10" slack="0"/>
<pin id="856" dir="0" index="3" bw="10" slack="0"/>
<pin id="857" dir="1" index="4" bw="16" slack="1"/>
</pin_list>
<bind>
<opcode="partselect(1002) " fcode="partselect"/>
<opset="trunc_ln64_15/2 "/>
</bind>
</comp>

<comp id="862" class="1004" name="trunc_ln64_16_fu_862">
<pin_list>
<pin id="863" dir="0" index="0" bw="16" slack="0"/>
<pin id="864" dir="0" index="1" bw="512" slack="0"/>
<pin id="865" dir="0" index="2" bw="10" slack="0"/>
<pin id="866" dir="0" index="3" bw="10" slack="0"/>
<pin id="867" dir="1" index="4" bw="16" slack="1"/>
</pin_list>
<bind>
<opcode="partselect(1002) " fcode="partselect"/>
<opset="trunc_ln64_16/2 "/>
</bind>
</comp>

<comp id="872" class="1004" name="trunc_ln64_17_fu_872">
<pin_list>
<pin id="873" dir="0" index="0" bw="16" slack="0"/>
<pin id="874" dir="0" index="1" bw="512" slack="0"/>
<pin id="875" dir="0" index="2" bw="10" slack="0"/>
<pin id="876" dir="0" index="3" bw="10" slack="0"/>
<pin id="877" dir="1" index="4" bw="16" slack="1"/>
</pin_list>
<bind>
<opcode="partselect(1002) " fcode="partselect"/>
<opset="trunc_ln64_17/2 "/>
</bind>
</comp>

<comp id="882" class="1004" name="trunc_ln64_18_fu_882">
<pin_list>
<pin id="883" dir="0" index="0" bw="16" slack="0"/>
<pin id="884" dir="0" index="1" bw="512" slack="0"/>
<pin id="885" dir="0" index="2" bw="10" slack="0"/>
<pin id="886" dir="0" index="3" bw="10" slack="0"/>
<pin id="887" dir="1" index="4" bw="16" slack="1"/>
</pin_list>
<bind>
<opcode="partselect(1002) " fcode="partselect"/>
<opset="trunc_ln64_18/2 "/>
</bind>
</comp>

<comp id="892" class="1004" name="trunc_ln64_19_fu_892">
<pin_list>
<pin id="893" dir="0" index="0" bw="16" slack="0"/>
<pin id="894" dir="0" index="1" bw="512" slack="0"/>
<pin id="895" dir="0" index="2" bw="10" slack="0"/>
<pin id="896" dir="0" index="3" bw="10" slack="0"/>
<pin id="897" dir="1" index="4" bw="16" slack="1"/>
</pin_list>
<bind>
<opcode="partselect(1002) " fcode="partselect"/>
<opset="trunc_ln64_19/2 "/>
</bind>
</comp>

<comp id="902" class="1004" name="trunc_ln64_20_fu_902">
<pin_list>
<pin id="903" dir="0" index="0" bw="16" slack="0"/>
<pin id="904" dir="0" index="1" bw="512" slack="0"/>
<pin id="905" dir="0" index="2" bw="10" slack="0"/>
<pin id="906" dir="0" index="3" bw="10" slack="0"/>
<pin id="907" dir="1" index="4" bw="16" slack="1"/>
</pin_list>
<bind>
<opcode="partselect(1002) " fcode="partselect"/>
<opset="trunc_ln64_20/2 "/>
</bind>
</comp>

<comp id="912" class="1004" name="trunc_ln64_21_fu_912">
<pin_list>
<pin id="913" dir="0" index="0" bw="16" slack="0"/>
<pin id="914" dir="0" index="1" bw="512" slack="0"/>
<pin id="915" dir="0" index="2" bw="10" slack="0"/>
<pin id="916" dir="0" index="3" bw="10" slack="0"/>
<pin id="917" dir="1" index="4" bw="16" slack="1"/>
</pin_list>
<bind>
<opcode="partselect(1002) " fcode="partselect"/>
<opset="trunc_ln64_21/2 "/>
</bind>
</comp>

<comp id="922" class="1004" name="trunc_ln64_22_fu_922">
<pin_list>
<pin id="923" dir="0" index="0" bw="16" slack="0"/>
<pin id="924" dir="0" index="1" bw="512" slack="0"/>
<pin id="925" dir="0" index="2" bw="10" slack="0"/>
<pin id="926" dir="0" index="3" bw="10" slack="0"/>
<pin id="927" dir="1" index="4" bw="16" slack="1"/>
</pin_list>
<bind>
<opcode="partselect(1002) " fcode="partselect"/>
<opset="trunc_ln64_22/2 "/>
</bind>
</comp>

<comp id="932" class="1004" name="trunc_ln64_23_fu_932">
<pin_list>
<pin id="933" dir="0" index="0" bw="16" slack="0"/>
<pin id="934" dir="0" index="1" bw="512" slack="0"/>
<pin id="935" dir="0" index="2" bw="10" slack="0"/>
<pin id="936" dir="0" index="3" bw="10" slack="0"/>
<pin id="937" dir="1" index="4" bw="16" slack="1"/>
</pin_list>
<bind>
<opcode="partselect(1002) " fcode="partselect"/>
<opset="trunc_ln64_23/2 "/>
</bind>
</comp>

<comp id="942" class="1004" name="trunc_ln64_24_fu_942">
<pin_list>
<pin id="943" dir="0" index="0" bw="16" slack="0"/>
<pin id="944" dir="0" index="1" bw="512" slack="0"/>
<pin id="945" dir="0" index="2" bw="10" slack="0"/>
<pin id="946" dir="0" index="3" bw="10" slack="0"/>
<pin id="947" dir="1" index="4" bw="16" slack="1"/>
</pin_list>
<bind>
<opcode="partselect(1002) " fcode="partselect"/>
<opset="trunc_ln64_24/2 "/>
</bind>
</comp>

<comp id="952" class="1004" name="trunc_ln64_25_fu_952">
<pin_list>
<pin id="953" dir="0" index="0" bw="16" slack="0"/>
<pin id="954" dir="0" index="1" bw="512" slack="0"/>
<pin id="955" dir="0" index="2" bw="10" slack="0"/>
<pin id="956" dir="0" index="3" bw="10" slack="0"/>
<pin id="957" dir="1" index="4" bw="16" slack="1"/>
</pin_list>
<bind>
<opcode="partselect(1002) " fcode="partselect"/>
<opset="trunc_ln64_25/2 "/>
</bind>
</comp>

<comp id="962" class="1004" name="trunc_ln64_26_fu_962">
<pin_list>
<pin id="963" dir="0" index="0" bw="16" slack="0"/>
<pin id="964" dir="0" index="1" bw="512" slack="0"/>
<pin id="965" dir="0" index="2" bw="10" slack="0"/>
<pin id="966" dir="0" index="3" bw="10" slack="0"/>
<pin id="967" dir="1" index="4" bw="16" slack="1"/>
</pin_list>
<bind>
<opcode="partselect(1002) " fcode="partselect"/>
<opset="trunc_ln64_26/2 "/>
</bind>
</comp>

<comp id="972" class="1004" name="trunc_ln64_27_fu_972">
<pin_list>
<pin id="973" dir="0" index="0" bw="16" slack="0"/>
<pin id="974" dir="0" index="1" bw="512" slack="0"/>
<pin id="975" dir="0" index="2" bw="10" slack="0"/>
<pin id="976" dir="0" index="3" bw="10" slack="0"/>
<pin id="977" dir="1" index="4" bw="16" slack="1"/>
</pin_list>
<bind>
<opcode="partselect(1002) " fcode="partselect"/>
<opset="trunc_ln64_27/2 "/>
</bind>
</comp>

<comp id="982" class="1004" name="trunc_ln64_28_fu_982">
<pin_list>
<pin id="983" dir="0" index="0" bw="16" slack="0"/>
<pin id="984" dir="0" index="1" bw="512" slack="0"/>
<pin id="985" dir="0" index="2" bw="10" slack="0"/>
<pin id="986" dir="0" index="3" bw="10" slack="0"/>
<pin id="987" dir="1" index="4" bw="16" slack="1"/>
</pin_list>
<bind>
<opcode="partselect(1002) " fcode="partselect"/>
<opset="trunc_ln64_28/2 "/>
</bind>
</comp>

<comp id="992" class="1004" name="trunc_ln64_29_fu_992">
<pin_list>
<pin id="993" dir="0" index="0" bw="16" slack="0"/>
<pin id="994" dir="0" index="1" bw="512" slack="0"/>
<pin id="995" dir="0" index="2" bw="10" slack="0"/>
<pin id="996" dir="0" index="3" bw="10" slack="0"/>
<pin id="997" dir="1" index="4" bw="16" slack="1"/>
</pin_list>
<bind>
<opcode="partselect(1002) " fcode="partselect"/>
<opset="trunc_ln64_29/2 "/>
</bind>
</comp>

<comp id="1002" class="1004" name="trunc_ln64_30_fu_1002">
<pin_list>
<pin id="1003" dir="0" index="0" bw="16" slack="0"/>
<pin id="1004" dir="0" index="1" bw="512" slack="0"/>
<pin id="1005" dir="0" index="2" bw="10" slack="0"/>
<pin id="1006" dir="0" index="3" bw="10" slack="0"/>
<pin id="1007" dir="1" index="4" bw="16" slack="1"/>
</pin_list>
<bind>
<opcode="partselect(1002) " fcode="partselect"/>
<opset="trunc_ln64_30/2 "/>
</bind>
</comp>

<comp id="1012" class="1004" name="zext_ln62_fu_1012">
<pin_list>
<pin id="1013" dir="0" index="0" bw="2" slack="2"/>
<pin id="1014" dir="1" index="1" bw="64" slack="0"/>
</pin_list>
<bind>
<opcode="zext(34) " fcode="zext"/>
<opset="zext_ln62/3 "/>
</bind>
</comp>

<comp id="1047" class="1005" name="v_reg_1047">
<pin_list>
<pin id="1048" dir="0" index="0" bw="2" slack="0"/>
<pin id="1049" dir="1" index="1" bw="2" slack="0"/>
</pin_list>
<bind>
<opset="v "/>
</bind>
</comp>

<comp id="1054" class="1005" name="sext_ln62_1_cast_reg_1054">
<pin_list>
<pin id="1055" dir="0" index="0" bw="64" slack="1"/>
<pin id="1056" dir="1" index="1" bw="64" slack="1"/>
</pin_list>
<bind>
<opset="sext_ln62_1_cast "/>
</bind>
</comp>

<comp id="1059" class="1005" name="v_1_reg_1059">
<pin_list>
<pin id="1060" dir="0" index="0" bw="2" slack="2"/>
<pin id="1061" dir="1" index="1" bw="2" slack="2"/>
</pin_list>
<bind>
<opset="v_1 "/>
</bind>
</comp>

<comp id="1064" class="1005" name="icmp_ln62_reg_1064">
<pin_list>
<pin id="1065" dir="0" index="0" bw="1" slack="1"/>
<pin id="1066" dir="1" index="1" bw="1" slack="2147483647"/>
</pin_list>
<bind>
<opset="icmp_ln62 "/>
</bind>
</comp>

<comp id="1068" class="1005" name="trunc_ln64_reg_1068">
<pin_list>
<pin id="1069" dir="0" index="0" bw="16" slack="1"/>
<pin id="1070" dir="1" index="1" bw="16" slack="1"/>
</pin_list>
<bind>
<opset="trunc_ln64 "/>
</bind>
</comp>

<comp id="1073" class="1005" name="trunc_ln64_1_reg_1073">
<pin_list>
<pin id="1074" dir="0" index="0" bw="16" slack="1"/>
<pin id="1075" dir="1" index="1" bw="16" slack="1"/>
</pin_list>
<bind>
<opset="trunc_ln64_1 "/>
</bind>
</comp>

<comp id="1078" class="1005" name="trunc_ln64_2_reg_1078">
<pin_list>
<pin id="1079" dir="0" index="0" bw="16" slack="1"/>
<pin id="1080" dir="1" index="1" bw="16" slack="1"/>
</pin_list>
<bind>
<opset="trunc_ln64_2 "/>
</bind>
</comp>

<comp id="1083" class="1005" name="trunc_ln64_3_reg_1083">
<pin_list>
<pin id="1084" dir="0" index="0" bw="16" slack="1"/>
<pin id="1085" dir="1" index="1" bw="16" slack="1"/>
</pin_list>
<bind>
<opset="trunc_ln64_3 "/>
</bind>
</comp>

<comp id="1088" class="1005" name="trunc_ln64_4_reg_1088">
<pin_list>
<pin id="1089" dir="0" index="0" bw="16" slack="1"/>
<pin id="1090" dir="1" index="1" bw="16" slack="1"/>
</pin_list>
<bind>
<opset="trunc_ln64_4 "/>
</bind>
</comp>

<comp id="1093" class="1005" name="trunc_ln64_5_reg_1093">
<pin_list>
<pin id="1094" dir="0" index="0" bw="16" slack="1"/>
<pin id="1095" dir="1" index="1" bw="16" slack="1"/>
</pin_list>
<bind>
<opset="trunc_ln64_5 "/>
</bind>
</comp>

<comp id="1098" class="1005" name="trunc_ln64_6_reg_1098">
<pin_list>
<pin id="1099" dir="0" index="0" bw="16" slack="1"/>
<pin id="1100" dir="1" index="1" bw="16" slack="1"/>
</pin_list>
<bind>
<opset="trunc_ln64_6 "/>
</bind>
</comp>

<comp id="1103" class="1005" name="trunc_ln64_7_reg_1103">
<pin_list>
<pin id="1104" dir="0" index="0" bw="16" slack="1"/>
<pin id="1105" dir="1" index="1" bw="16" slack="1"/>
</pin_list>
<bind>
<opset="trunc_ln64_7 "/>
</bind>
</comp>

<comp id="1108" class="1005" name="trunc_ln64_8_reg_1108">
<pin_list>
<pin id="1109" dir="0" index="0" bw="16" slack="1"/>
<pin id="1110" dir="1" index="1" bw="16" slack="1"/>
</pin_list>
<bind>
<opset="trunc_ln64_8 "/>
</bind>
</comp>

<comp id="1113" class="1005" name="trunc_ln64_9_reg_1113">
<pin_list>
<pin id="1114" dir="0" index="0" bw="16" slack="1"/>
<pin id="1115" dir="1" index="1" bw="16" slack="1"/>
</pin_list>
<bind>
<opset="trunc_ln64_9 "/>
</bind>
</comp>

<comp id="1118" class="1005" name="trunc_ln64_s_reg_1118">
<pin_list>
<pin id="1119" dir="0" index="0" bw="16" slack="1"/>
<pin id="1120" dir="1" index="1" bw="16" slack="1"/>
</pin_list>
<bind>
<opset="trunc_ln64_s "/>
</bind>
</comp>

<comp id="1123" class="1005" name="trunc_ln64_10_reg_1123">
<pin_list>
<pin id="1124" dir="0" index="0" bw="16" slack="1"/>
<pin id="1125" dir="1" index="1" bw="16" slack="1"/>
</pin_list>
<bind>
<opset="trunc_ln64_10 "/>
</bind>
</comp>

<comp id="1128" class="1005" name="trunc_ln64_11_reg_1128">
<pin_list>
<pin id="1129" dir="0" index="0" bw="16" slack="1"/>
<pin id="1130" dir="1" index="1" bw="16" slack="1"/>
</pin_list>
<bind>
<opset="trunc_ln64_11 "/>
</bind>
</comp>

<comp id="1133" class="1005" name="trunc_ln64_12_reg_1133">
<pin_list>
<pin id="1134" dir="0" index="0" bw="16" slack="1"/>
<pin id="1135" dir="1" index="1" bw="16" slack="1"/>
</pin_list>
<bind>
<opset="trunc_ln64_12 "/>
</bind>
</comp>

<comp id="1138" class="1005" name="trunc_ln64_13_reg_1138">
<pin_list>
<pin id="1139" dir="0" index="0" bw="16" slack="1"/>
<pin id="1140" dir="1" index="1" bw="16" slack="1"/>
</pin_list>
<bind>
<opset="trunc_ln64_13 "/>
</bind>
</comp>

<comp id="1143" class="1005" name="trunc_ln64_14_reg_1143">
<pin_list>
<pin id="1144" dir="0" index="0" bw="16" slack="1"/>
<pin id="1145" dir="1" index="1" bw="16" slack="1"/>
</pin_list>
<bind>
<opset="trunc_ln64_14 "/>
</bind>
</comp>

<comp id="1148" class="1005" name="trunc_ln64_15_reg_1148">
<pin_list>
<pin id="1149" dir="0" index="0" bw="16" slack="1"/>
<pin id="1150" dir="1" index="1" bw="16" slack="1"/>
</pin_list>
<bind>
<opset="trunc_ln64_15 "/>
</bind>
</comp>

<comp id="1153" class="1005" name="trunc_ln64_16_reg_1153">
<pin_list>
<pin id="1154" dir="0" index="0" bw="16" slack="1"/>
<pin id="1155" dir="1" index="1" bw="16" slack="1"/>
</pin_list>
<bind>
<opset="trunc_ln64_16 "/>
</bind>
</comp>

<comp id="1158" class="1005" name="trunc_ln64_17_reg_1158">
<pin_list>
<pin id="1159" dir="0" index="0" bw="16" slack="1"/>
<pin id="1160" dir="1" index="1" bw="16" slack="1"/>
</pin_list>
<bind>
<opset="trunc_ln64_17 "/>
</bind>
</comp>

<comp id="1163" class="1005" name="trunc_ln64_18_reg_1163">
<pin_list>
<pin id="1164" dir="0" index="0" bw="16" slack="1"/>
<pin id="1165" dir="1" index="1" bw="16" slack="1"/>
</pin_list>
<bind>
<opset="trunc_ln64_18 "/>
</bind>
</comp>

<comp id="1168" class="1005" name="trunc_ln64_19_reg_1168">
<pin_list>
<pin id="1169" dir="0" index="0" bw="16" slack="1"/>
<pin id="1170" dir="1" index="1" bw="16" slack="1"/>
</pin_list>
<bind>
<opset="trunc_ln64_19 "/>
</bind>
</comp>

<comp id="1173" class="1005" name="trunc_ln64_20_reg_1173">
<pin_list>
<pin id="1174" dir="0" index="0" bw="16" slack="1"/>
<pin id="1175" dir="1" index="1" bw="16" slack="1"/>
</pin_list>
<bind>
<opset="trunc_ln64_20 "/>
</bind>
</comp>

<comp id="1178" class="1005" name="trunc_ln64_21_reg_1178">
<pin_list>
<pin id="1179" dir="0" index="0" bw="16" slack="1"/>
<pin id="1180" dir="1" index="1" bw="16" slack="1"/>
</pin_list>
<bind>
<opset="trunc_ln64_21 "/>
</bind>
</comp>

<comp id="1183" class="1005" name="trunc_ln64_22_reg_1183">
<pin_list>
<pin id="1184" dir="0" index="0" bw="16" slack="1"/>
<pin id="1185" dir="1" index="1" bw="16" slack="1"/>
</pin_list>
<bind>
<opset="trunc_ln64_22 "/>
</bind>
</comp>

<comp id="1188" class="1005" name="trunc_ln64_23_reg_1188">
<pin_list>
<pin id="1189" dir="0" index="0" bw="16" slack="1"/>
<pin id="1190" dir="1" index="1" bw="16" slack="1"/>
</pin_list>
<bind>
<opset="trunc_ln64_23 "/>
</bind>
</comp>

<comp id="1193" class="1005" name="trunc_ln64_24_reg_1193">
<pin_list>
<pin id="1194" dir="0" index="0" bw="16" slack="1"/>
<pin id="1195" dir="1" index="1" bw="16" slack="1"/>
</pin_list>
<bind>
<opset="trunc_ln64_24 "/>
</bind>
</comp>

<comp id="1198" class="1005" name="trunc_ln64_25_reg_1198">
<pin_list>
<pin id="1199" dir="0" index="0" bw="16" slack="1"/>
<pin id="1200" dir="1" index="1" bw="16" slack="1"/>
</pin_list>
<bind>
<opset="trunc_ln64_25 "/>
</bind>
</comp>

<comp id="1203" class="1005" name="trunc_ln64_26_reg_1203">
<pin_list>
<pin id="1204" dir="0" index="0" bw="16" slack="1"/>
<pin id="1205" dir="1" index="1" bw="16" slack="1"/>
</pin_list>
<bind>
<opset="trunc_ln64_26 "/>
</bind>
</comp>

<comp id="1208" class="1005" name="trunc_ln64_27_reg_1208">
<pin_list>
<pin id="1209" dir="0" index="0" bw="16" slack="1"/>
<pin id="1210" dir="1" index="1" bw="16" slack="1"/>
</pin_list>
<bind>
<opset="trunc_ln64_27 "/>
</bind>
</comp>

<comp id="1213" class="1005" name="trunc_ln64_28_reg_1213">
<pin_list>
<pin id="1214" dir="0" index="0" bw="16" slack="1"/>
<pin id="1215" dir="1" index="1" bw="16" slack="1"/>
</pin_list>
<bind>
<opset="trunc_ln64_28 "/>
</bind>
</comp>

<comp id="1218" class="1005" name="trunc_ln64_29_reg_1218">
<pin_list>
<pin id="1219" dir="0" index="0" bw="16" slack="1"/>
<pin id="1220" dir="1" index="1" bw="16" slack="1"/>
</pin_list>
<bind>
<opset="trunc_ln64_29 "/>
</bind>
</comp>

<comp id="1223" class="1005" name="trunc_ln64_30_reg_1223">
<pin_list>
<pin id="1224" dir="0" index="0" bw="16" slack="1"/>
<pin id="1225" dir="1" index="1" bw="16" slack="1"/>
</pin_list>
<bind>
<opset="trunc_ln64_30 "/>
</bind>
</comp>

</comp_list>

<net_list>
<net id="235"><net_src comp="68" pin="0"/><net_sink comp="232" pin=0"/></net>

<net id="240"><net_src comp="70" pin="0"/><net_sink comp="236" pin=0"/></net>

<net id="241"><net_src comp="2" pin="0"/><net_sink comp="236" pin=1"/></net>

<net id="247"><net_src comp="66" pin="0"/><net_sink comp="242" pin=0"/></net>

<net id="248"><net_src comp="230" pin="0"/><net_sink comp="242" pin=1"/></net>

<net id="254"><net_src comp="64" pin="0"/><net_sink comp="249" pin=0"/></net>

<net id="255"><net_src comp="230" pin="0"/><net_sink comp="249" pin=1"/></net>

<net id="261"><net_src comp="62" pin="0"/><net_sink comp="256" pin=0"/></net>

<net id="262"><net_src comp="230" pin="0"/><net_sink comp="256" pin=1"/></net>

<net id="268"><net_src comp="60" pin="0"/><net_sink comp="263" pin=0"/></net>

<net id="269"><net_src comp="230" pin="0"/><net_sink comp="263" pin=1"/></net>

<net id="275"><net_src comp="58" pin="0"/><net_sink comp="270" pin=0"/></net>

<net id="276"><net_src comp="230" pin="0"/><net_sink comp="270" pin=1"/></net>

<net id="282"><net_src comp="56" pin="0"/><net_sink comp="277" pin=0"/></net>

<net id="283"><net_src comp="230" pin="0"/><net_sink comp="277" pin=1"/></net>

<net id="289"><net_src comp="54" pin="0"/><net_sink comp="284" pin=0"/></net>

<net id="290"><net_src comp="230" pin="0"/><net_sink comp="284" pin=1"/></net>

<net id="296"><net_src comp="52" pin="0"/><net_sink comp="291" pin=0"/></net>

<net id="297"><net_src comp="230" pin="0"/><net_sink comp="291" pin=1"/></net>

<net id="303"><net_src comp="50" pin="0"/><net_sink comp="298" pin=0"/></net>

<net id="304"><net_src comp="230" pin="0"/><net_sink comp="298" pin=1"/></net>

<net id="310"><net_src comp="48" pin="0"/><net_sink comp="305" pin=0"/></net>

<net id="311"><net_src comp="230" pin="0"/><net_sink comp="305" pin=1"/></net>

<net id="317"><net_src comp="46" pin="0"/><net_sink comp="312" pin=0"/></net>

<net id="318"><net_src comp="230" pin="0"/><net_sink comp="312" pin=1"/></net>

<net id="324"><net_src comp="44" pin="0"/><net_sink comp="319" pin=0"/></net>

<net id="325"><net_src comp="230" pin="0"/><net_sink comp="319" pin=1"/></net>

<net id="331"><net_src comp="42" pin="0"/><net_sink comp="326" pin=0"/></net>

<net id="332"><net_src comp="230" pin="0"/><net_sink comp="326" pin=1"/></net>

<net id="338"><net_src comp="40" pin="0"/><net_sink comp="333" pin=0"/></net>

<net id="339"><net_src comp="230" pin="0"/><net_sink comp="333" pin=1"/></net>

<net id="345"><net_src comp="38" pin="0"/><net_sink comp="340" pin=0"/></net>

<net id="346"><net_src comp="230" pin="0"/><net_sink comp="340" pin=1"/></net>

<net id="352"><net_src comp="36" pin="0"/><net_sink comp="347" pin=0"/></net>

<net id="353"><net_src comp="230" pin="0"/><net_sink comp="347" pin=1"/></net>

<net id="359"><net_src comp="34" pin="0"/><net_sink comp="354" pin=0"/></net>

<net id="360"><net_src comp="230" pin="0"/><net_sink comp="354" pin=1"/></net>

<net id="366"><net_src comp="32" pin="0"/><net_sink comp="361" pin=0"/></net>

<net id="367"><net_src comp="230" pin="0"/><net_sink comp="361" pin=1"/></net>

<net id="373"><net_src comp="30" pin="0"/><net_sink comp="368" pin=0"/></net>

<net id="374"><net_src comp="230" pin="0"/><net_sink comp="368" pin=1"/></net>

<net id="380"><net_src comp="28" pin="0"/><net_sink comp="375" pin=0"/></net>

<net id="381"><net_src comp="230" pin="0"/><net_sink comp="375" pin=1"/></net>

<net id="387"><net_src comp="26" pin="0"/><net_sink comp="382" pin=0"/></net>

<net id="388"><net_src comp="230" pin="0"/><net_sink comp="382" pin=1"/></net>

<net id="394"><net_src comp="24" pin="0"/><net_sink comp="389" pin=0"/></net>

<net id="395"><net_src comp="230" pin="0"/><net_sink comp="389" pin=1"/></net>

<net id="401"><net_src comp="22" pin="0"/><net_sink comp="396" pin=0"/></net>

<net id="402"><net_src comp="230" pin="0"/><net_sink comp="396" pin=1"/></net>

<net id="408"><net_src comp="20" pin="0"/><net_sink comp="403" pin=0"/></net>

<net id="409"><net_src comp="230" pin="0"/><net_sink comp="403" pin=1"/></net>

<net id="415"><net_src comp="18" pin="0"/><net_sink comp="410" pin=0"/></net>

<net id="416"><net_src comp="230" pin="0"/><net_sink comp="410" pin=1"/></net>

<net id="422"><net_src comp="16" pin="0"/><net_sink comp="417" pin=0"/></net>

<net id="423"><net_src comp="230" pin="0"/><net_sink comp="417" pin=1"/></net>

<net id="429"><net_src comp="14" pin="0"/><net_sink comp="424" pin=0"/></net>

<net id="430"><net_src comp="230" pin="0"/><net_sink comp="424" pin=1"/></net>

<net id="436"><net_src comp="12" pin="0"/><net_sink comp="431" pin=0"/></net>

<net id="437"><net_src comp="230" pin="0"/><net_sink comp="431" pin=1"/></net>

<net id="443"><net_src comp="10" pin="0"/><net_sink comp="438" pin=0"/></net>

<net id="444"><net_src comp="230" pin="0"/><net_sink comp="438" pin=1"/></net>

<net id="450"><net_src comp="8" pin="0"/><net_sink comp="445" pin=0"/></net>

<net id="451"><net_src comp="230" pin="0"/><net_sink comp="445" pin=1"/></net>

<net id="457"><net_src comp="6" pin="0"/><net_sink comp="452" pin=0"/></net>

<net id="458"><net_src comp="230" pin="0"/><net_sink comp="452" pin=1"/></net>

<net id="464"><net_src comp="4" pin="0"/><net_sink comp="459" pin=0"/></net>

<net id="465"><net_src comp="230" pin="0"/><net_sink comp="459" pin=1"/></net>

<net id="471"><net_src comp="242" pin="3"/><net_sink comp="466" pin=0"/></net>

<net id="477"><net_src comp="249" pin="3"/><net_sink comp="472" pin=0"/></net>

<net id="483"><net_src comp="256" pin="3"/><net_sink comp="478" pin=0"/></net>

<net id="489"><net_src comp="263" pin="3"/><net_sink comp="484" pin=0"/></net>

<net id="495"><net_src comp="270" pin="3"/><net_sink comp="490" pin=0"/></net>

<net id="501"><net_src comp="277" pin="3"/><net_sink comp="496" pin=0"/></net>

<net id="507"><net_src comp="284" pin="3"/><net_sink comp="502" pin=0"/></net>

<net id="513"><net_src comp="291" pin="3"/><net_sink comp="508" pin=0"/></net>

<net id="519"><net_src comp="298" pin="3"/><net_sink comp="514" pin=0"/></net>

<net id="525"><net_src comp="305" pin="3"/><net_sink comp="520" pin=0"/></net>

<net id="531"><net_src comp="312" pin="3"/><net_sink comp="526" pin=0"/></net>

<net id="537"><net_src comp="319" pin="3"/><net_sink comp="532" pin=0"/></net>

<net id="543"><net_src comp="326" pin="3"/><net_sink comp="538" pin=0"/></net>

<net id="549"><net_src comp="333" pin="3"/><net_sink comp="544" pin=0"/></net>

<net id="555"><net_src comp="340" pin="3"/><net_sink comp="550" pin=0"/></net>

<net id="561"><net_src comp="347" pin="3"/><net_sink comp="556" pin=0"/></net>

<net id="567"><net_src comp="354" pin="3"/><net_sink comp="562" pin=0"/></net>

<net id="573"><net_src comp="361" pin="3"/><net_sink comp="568" pin=0"/></net>

<net id="579"><net_src comp="368" pin="3"/><net_sink comp="574" pin=0"/></net>

<net id="585"><net_src comp="375" pin="3"/><net_sink comp="580" pin=0"/></net>

<net id="591"><net_src comp="382" pin="3"/><net_sink comp="586" pin=0"/></net>

<net id="597"><net_src comp="389" pin="3"/><net_sink comp="592" pin=0"/></net>

<net id="603"><net_src comp="396" pin="3"/><net_sink comp="598" pin=0"/></net>

<net id="609"><net_src comp="403" pin="3"/><net_sink comp="604" pin=0"/></net>

<net id="615"><net_src comp="410" pin="3"/><net_sink comp="610" pin=0"/></net>

<net id="621"><net_src comp="417" pin="3"/><net_sink comp="616" pin=0"/></net>

<net id="627"><net_src comp="424" pin="3"/><net_sink comp="622" pin=0"/></net>

<net id="633"><net_src comp="431" pin="3"/><net_sink comp="628" pin=0"/></net>

<net id="639"><net_src comp="438" pin="3"/><net_sink comp="634" pin=0"/></net>

<net id="645"><net_src comp="445" pin="3"/><net_sink comp="640" pin=0"/></net>

<net id="651"><net_src comp="452" pin="3"/><net_sink comp="646" pin=0"/></net>

<net id="657"><net_src comp="459" pin="3"/><net_sink comp="652" pin=0"/></net>

<net id="662"><net_src comp="96" pin="0"/><net_sink comp="658" pin=0"/></net>

<net id="666"><net_src comp="236" pin="2"/><net_sink comp="663" pin=0"/></net>

<net id="671"><net_src comp="90" pin="0"/><net_sink comp="667" pin=0"/></net>

<net id="679"><net_src comp="672" pin="1"/><net_sink comp="675" pin=0"/></net>

<net id="680"><net_src comp="92" pin="0"/><net_sink comp="675" pin=1"/></net>

<net id="685"><net_src comp="672" pin="1"/><net_sink comp="681" pin=0"/></net>

<net id="686"><net_src comp="94" pin="0"/><net_sink comp="681" pin=1"/></net>

<net id="691"><net_src comp="681" pin="2"/><net_sink comp="687" pin=0"/></net>

<net id="696"><net_src comp="0" pin="0"/><net_sink comp="692" pin=0"/></net>

<net id="697"><net_src comp="692" pin="2"/><net_sink comp="658" pin=1"/></net>

<net id="701"><net_src comp="658" pin="2"/><net_sink comp="698" pin=0"/></net>

<net id="708"><net_src comp="98" pin="0"/><net_sink comp="702" pin=0"/></net>

<net id="709"><net_src comp="658" pin="2"/><net_sink comp="702" pin=1"/></net>

<net id="710"><net_src comp="84" pin="0"/><net_sink comp="702" pin=2"/></net>

<net id="711"><net_src comp="100" pin="0"/><net_sink comp="702" pin=3"/></net>

<net id="718"><net_src comp="98" pin="0"/><net_sink comp="712" pin=0"/></net>

<net id="719"><net_src comp="658" pin="2"/><net_sink comp="712" pin=1"/></net>

<net id="720"><net_src comp="102" pin="0"/><net_sink comp="712" pin=2"/></net>

<net id="721"><net_src comp="104" pin="0"/><net_sink comp="712" pin=3"/></net>

<net id="728"><net_src comp="98" pin="0"/><net_sink comp="722" pin=0"/></net>

<net id="729"><net_src comp="658" pin="2"/><net_sink comp="722" pin=1"/></net>

<net id="730"><net_src comp="106" pin="0"/><net_sink comp="722" pin=2"/></net>

<net id="731"><net_src comp="108" pin="0"/><net_sink comp="722" pin=3"/></net>

<net id="738"><net_src comp="98" pin="0"/><net_sink comp="732" pin=0"/></net>

<net id="739"><net_src comp="658" pin="2"/><net_sink comp="732" pin=1"/></net>

<net id="740"><net_src comp="88" pin="0"/><net_sink comp="732" pin=2"/></net>

<net id="741"><net_src comp="110" pin="0"/><net_sink comp="732" pin=3"/></net>

<net id="748"><net_src comp="98" pin="0"/><net_sink comp="742" pin=0"/></net>

<net id="749"><net_src comp="658" pin="2"/><net_sink comp="742" pin=1"/></net>

<net id="750"><net_src comp="112" pin="0"/><net_sink comp="742" pin=2"/></net>

<net id="751"><net_src comp="114" pin="0"/><net_sink comp="742" pin=3"/></net>

<net id="758"><net_src comp="98" pin="0"/><net_sink comp="752" pin=0"/></net>

<net id="759"><net_src comp="658" pin="2"/><net_sink comp="752" pin=1"/></net>

<net id="760"><net_src comp="116" pin="0"/><net_sink comp="752" pin=2"/></net>

<net id="761"><net_src comp="118" pin="0"/><net_sink comp="752" pin=3"/></net>

<net id="768"><net_src comp="98" pin="0"/><net_sink comp="762" pin=0"/></net>

<net id="769"><net_src comp="658" pin="2"/><net_sink comp="762" pin=1"/></net>

<net id="770"><net_src comp="120" pin="0"/><net_sink comp="762" pin=2"/></net>

<net id="771"><net_src comp="122" pin="0"/><net_sink comp="762" pin=3"/></net>

<net id="778"><net_src comp="98" pin="0"/><net_sink comp="772" pin=0"/></net>

<net id="779"><net_src comp="658" pin="2"/><net_sink comp="772" pin=1"/></net>

<net id="780"><net_src comp="124" pin="0"/><net_sink comp="772" pin=2"/></net>

<net id="781"><net_src comp="126" pin="0"/><net_sink comp="772" pin=3"/></net>

<net id="788"><net_src comp="98" pin="0"/><net_sink comp="782" pin=0"/></net>

<net id="789"><net_src comp="658" pin="2"/><net_sink comp="782" pin=1"/></net>

<net id="790"><net_src comp="128" pin="0"/><net_sink comp="782" pin=2"/></net>

<net id="791"><net_src comp="130" pin="0"/><net_sink comp="782" pin=3"/></net>

<net id="798"><net_src comp="98" pin="0"/><net_sink comp="792" pin=0"/></net>

<net id="799"><net_src comp="658" pin="2"/><net_sink comp="792" pin=1"/></net>

<net id="800"><net_src comp="132" pin="0"/><net_sink comp="792" pin=2"/></net>

<net id="801"><net_src comp="134" pin="0"/><net_sink comp="792" pin=3"/></net>

<net id="808"><net_src comp="98" pin="0"/><net_sink comp="802" pin=0"/></net>

<net id="809"><net_src comp="658" pin="2"/><net_sink comp="802" pin=1"/></net>

<net id="810"><net_src comp="136" pin="0"/><net_sink comp="802" pin=2"/></net>

<net id="811"><net_src comp="138" pin="0"/><net_sink comp="802" pin=3"/></net>

<net id="818"><net_src comp="98" pin="0"/><net_sink comp="812" pin=0"/></net>

<net id="819"><net_src comp="658" pin="2"/><net_sink comp="812" pin=1"/></net>

<net id="820"><net_src comp="140" pin="0"/><net_sink comp="812" pin=2"/></net>

<net id="821"><net_src comp="142" pin="0"/><net_sink comp="812" pin=3"/></net>

<net id="828"><net_src comp="98" pin="0"/><net_sink comp="822" pin=0"/></net>

<net id="829"><net_src comp="658" pin="2"/><net_sink comp="822" pin=1"/></net>

<net id="830"><net_src comp="144" pin="0"/><net_sink comp="822" pin=2"/></net>

<net id="831"><net_src comp="146" pin="0"/><net_sink comp="822" pin=3"/></net>

<net id="838"><net_src comp="98" pin="0"/><net_sink comp="832" pin=0"/></net>

<net id="839"><net_src comp="658" pin="2"/><net_sink comp="832" pin=1"/></net>

<net id="840"><net_src comp="148" pin="0"/><net_sink comp="832" pin=2"/></net>

<net id="841"><net_src comp="150" pin="0"/><net_sink comp="832" pin=3"/></net>

<net id="848"><net_src comp="98" pin="0"/><net_sink comp="842" pin=0"/></net>

<net id="849"><net_src comp="658" pin="2"/><net_sink comp="842" pin=1"/></net>

<net id="850"><net_src comp="152" pin="0"/><net_sink comp="842" pin=2"/></net>

<net id="851"><net_src comp="154" pin="0"/><net_sink comp="842" pin=3"/></net>

<net id="858"><net_src comp="98" pin="0"/><net_sink comp="852" pin=0"/></net>

<net id="859"><net_src comp="658" pin="2"/><net_sink comp="852" pin=1"/></net>

<net id="860"><net_src comp="156" pin="0"/><net_sink comp="852" pin=2"/></net>

<net id="861"><net_src comp="158" pin="0"/><net_sink comp="852" pin=3"/></net>

<net id="868"><net_src comp="98" pin="0"/><net_sink comp="862" pin=0"/></net>

<net id="869"><net_src comp="658" pin="2"/><net_sink comp="862" pin=1"/></net>

<net id="870"><net_src comp="160" pin="0"/><net_sink comp="862" pin=2"/></net>

<net id="871"><net_src comp="162" pin="0"/><net_sink comp="862" pin=3"/></net>

<net id="878"><net_src comp="98" pin="0"/><net_sink comp="872" pin=0"/></net>

<net id="879"><net_src comp="658" pin="2"/><net_sink comp="872" pin=1"/></net>

<net id="880"><net_src comp="164" pin="0"/><net_sink comp="872" pin=2"/></net>

<net id="881"><net_src comp="166" pin="0"/><net_sink comp="872" pin=3"/></net>

<net id="888"><net_src comp="98" pin="0"/><net_sink comp="882" pin=0"/></net>

<net id="889"><net_src comp="658" pin="2"/><net_sink comp="882" pin=1"/></net>

<net id="890"><net_src comp="168" pin="0"/><net_sink comp="882" pin=2"/></net>

<net id="891"><net_src comp="170" pin="0"/><net_sink comp="882" pin=3"/></net>

<net id="898"><net_src comp="98" pin="0"/><net_sink comp="892" pin=0"/></net>

<net id="899"><net_src comp="658" pin="2"/><net_sink comp="892" pin=1"/></net>

<net id="900"><net_src comp="172" pin="0"/><net_sink comp="892" pin=2"/></net>

<net id="901"><net_src comp="174" pin="0"/><net_sink comp="892" pin=3"/></net>

<net id="908"><net_src comp="98" pin="0"/><net_sink comp="902" pin=0"/></net>

<net id="909"><net_src comp="658" pin="2"/><net_sink comp="902" pin=1"/></net>

<net id="910"><net_src comp="176" pin="0"/><net_sink comp="902" pin=2"/></net>

<net id="911"><net_src comp="178" pin="0"/><net_sink comp="902" pin=3"/></net>

<net id="918"><net_src comp="98" pin="0"/><net_sink comp="912" pin=0"/></net>

<net id="919"><net_src comp="658" pin="2"/><net_sink comp="912" pin=1"/></net>

<net id="920"><net_src comp="180" pin="0"/><net_sink comp="912" pin=2"/></net>

<net id="921"><net_src comp="182" pin="0"/><net_sink comp="912" pin=3"/></net>

<net id="928"><net_src comp="98" pin="0"/><net_sink comp="922" pin=0"/></net>

<net id="929"><net_src comp="658" pin="2"/><net_sink comp="922" pin=1"/></net>

<net id="930"><net_src comp="184" pin="0"/><net_sink comp="922" pin=2"/></net>

<net id="931"><net_src comp="186" pin="0"/><net_sink comp="922" pin=3"/></net>

<net id="938"><net_src comp="98" pin="0"/><net_sink comp="932" pin=0"/></net>

<net id="939"><net_src comp="658" pin="2"/><net_sink comp="932" pin=1"/></net>

<net id="940"><net_src comp="188" pin="0"/><net_sink comp="932" pin=2"/></net>

<net id="941"><net_src comp="190" pin="0"/><net_sink comp="932" pin=3"/></net>

<net id="948"><net_src comp="98" pin="0"/><net_sink comp="942" pin=0"/></net>

<net id="949"><net_src comp="658" pin="2"/><net_sink comp="942" pin=1"/></net>

<net id="950"><net_src comp="192" pin="0"/><net_sink comp="942" pin=2"/></net>

<net id="951"><net_src comp="194" pin="0"/><net_sink comp="942" pin=3"/></net>

<net id="958"><net_src comp="98" pin="0"/><net_sink comp="952" pin=0"/></net>

<net id="959"><net_src comp="658" pin="2"/><net_sink comp="952" pin=1"/></net>

<net id="960"><net_src comp="196" pin="0"/><net_sink comp="952" pin=2"/></net>

<net id="961"><net_src comp="198" pin="0"/><net_sink comp="952" pin=3"/></net>

<net id="968"><net_src comp="98" pin="0"/><net_sink comp="962" pin=0"/></net>

<net id="969"><net_src comp="658" pin="2"/><net_sink comp="962" pin=1"/></net>

<net id="970"><net_src comp="200" pin="0"/><net_sink comp="962" pin=2"/></net>

<net id="971"><net_src comp="202" pin="0"/><net_sink comp="962" pin=3"/></net>

<net id="978"><net_src comp="98" pin="0"/><net_sink comp="972" pin=0"/></net>

<net id="979"><net_src comp="658" pin="2"/><net_sink comp="972" pin=1"/></net>

<net id="980"><net_src comp="204" pin="0"/><net_sink comp="972" pin=2"/></net>

<net id="981"><net_src comp="206" pin="0"/><net_sink comp="972" pin=3"/></net>

<net id="988"><net_src comp="98" pin="0"/><net_sink comp="982" pin=0"/></net>

<net id="989"><net_src comp="658" pin="2"/><net_sink comp="982" pin=1"/></net>

<net id="990"><net_src comp="208" pin="0"/><net_sink comp="982" pin=2"/></net>

<net id="991"><net_src comp="210" pin="0"/><net_sink comp="982" pin=3"/></net>

<net id="998"><net_src comp="98" pin="0"/><net_sink comp="992" pin=0"/></net>

<net id="999"><net_src comp="658" pin="2"/><net_sink comp="992" pin=1"/></net>

<net id="1000"><net_src comp="212" pin="0"/><net_sink comp="992" pin=2"/></net>

<net id="1001"><net_src comp="214" pin="0"/><net_sink comp="992" pin=3"/></net>

<net id="1008"><net_src comp="98" pin="0"/><net_sink comp="1002" pin=0"/></net>

<net id="1009"><net_src comp="658" pin="2"/><net_sink comp="1002" pin=1"/></net>

<net id="1010"><net_src comp="216" pin="0"/><net_sink comp="1002" pin=2"/></net>

<net id="1011"><net_src comp="218" pin="0"/><net_sink comp="1002" pin=3"/></net>

<net id="1015"><net_src comp="1012" pin="1"/><net_sink comp="242" pin=2"/></net>

<net id="1016"><net_src comp="1012" pin="1"/><net_sink comp="249" pin=2"/></net>

<net id="1017"><net_src comp="1012" pin="1"/><net_sink comp="256" pin=2"/></net>

<net id="1018"><net_src comp="1012" pin="1"/><net_sink comp="263" pin=2"/></net>

<net id="1019"><net_src comp="1012" pin="1"/><net_sink comp="270" pin=2"/></net>

<net id="1020"><net_src comp="1012" pin="1"/><net_sink comp="277" pin=2"/></net>

<net id="1021"><net_src comp="1012" pin="1"/><net_sink comp="284" pin=2"/></net>

<net id="1022"><net_src comp="1012" pin="1"/><net_sink comp="291" pin=2"/></net>

<net id="1023"><net_src comp="1012" pin="1"/><net_sink comp="298" pin=2"/></net>

<net id="1024"><net_src comp="1012" pin="1"/><net_sink comp="305" pin=2"/></net>

<net id="1025"><net_src comp="1012" pin="1"/><net_sink comp="312" pin=2"/></net>

<net id="1026"><net_src comp="1012" pin="1"/><net_sink comp="319" pin=2"/></net>

<net id="1027"><net_src comp="1012" pin="1"/><net_sink comp="326" pin=2"/></net>

<net id="1028"><net_src comp="1012" pin="1"/><net_sink comp="333" pin=2"/></net>

<net id="1029"><net_src comp="1012" pin="1"/><net_sink comp="340" pin=2"/></net>

<net id="1030"><net_src comp="1012" pin="1"/><net_sink comp="347" pin=2"/></net>

<net id="1031"><net_src comp="1012" pin="1"/><net_sink comp="354" pin=2"/></net>

<net id="1032"><net_src comp="1012" pin="1"/><net_sink comp="361" pin=2"/></net>

<net id="1033"><net_src comp="1012" pin="1"/><net_sink comp="368" pin=2"/></net>

<net id="1034"><net_src comp="1012" pin="1"/><net_sink comp="375" pin=2"/></net>

<net id="1035"><net_src comp="1012" pin="1"/><net_sink comp="382" pin=2"/></net>

<net id="1036"><net_src comp="1012" pin="1"/><net_sink comp="389" pin=2"/></net>

<net id="1037"><net_src comp="1012" pin="1"/><net_sink comp="396" pin=2"/></net>

<net id="1038"><net_src comp="1012" pin="1"/><net_sink comp="403" pin=2"/></net>

<net id="1039"><net_src comp="1012" pin="1"/><net_sink comp="410" pin=2"/></net>

<net id="1040"><net_src comp="1012" pin="1"/><net_sink comp="417" pin=2"/></net>

<net id="1041"><net_src comp="1012" pin="1"/><net_sink comp="424" pin=2"/></net>

<net id="1042"><net_src comp="1012" pin="1"/><net_sink comp="431" pin=2"/></net>

<net id="1043"><net_src comp="1012" pin="1"/><net_sink comp="438" pin=2"/></net>

<net id="1044"><net_src comp="1012" pin="1"/><net_sink comp="445" pin=2"/></net>

<net id="1045"><net_src comp="1012" pin="1"/><net_sink comp="452" pin=2"/></net>

<net id="1046"><net_src comp="1012" pin="1"/><net_sink comp="459" pin=2"/></net>

<net id="1050"><net_src comp="232" pin="1"/><net_sink comp="1047" pin=0"/></net>

<net id="1051"><net_src comp="1047" pin="1"/><net_sink comp="667" pin=1"/></net>

<net id="1052"><net_src comp="1047" pin="1"/><net_sink comp="672" pin=0"/></net>

<net id="1053"><net_src comp="1047" pin="1"/><net_sink comp="687" pin=1"/></net>

<net id="1057"><net_src comp="663" pin="1"/><net_sink comp="1054" pin=0"/></net>

<net id="1058"><net_src comp="1054" pin="1"/><net_sink comp="692" pin=1"/></net>

<net id="1062"><net_src comp="672" pin="1"/><net_sink comp="1059" pin=0"/></net>

<net id="1063"><net_src comp="1059" pin="1"/><net_sink comp="1012" pin=0"/></net>

<net id="1067"><net_src comp="675" pin="2"/><net_sink comp="1064" pin=0"/></net>

<net id="1071"><net_src comp="698" pin="1"/><net_sink comp="1068" pin=0"/></net>

<net id="1072"><net_src comp="1068" pin="1"/><net_sink comp="466" pin=1"/></net>

<net id="1076"><net_src comp="702" pin="4"/><net_sink comp="1073" pin=0"/></net>

<net id="1077"><net_src comp="1073" pin="1"/><net_sink comp="472" pin=1"/></net>

<net id="1081"><net_src comp="712" pin="4"/><net_sink comp="1078" pin=0"/></net>

<net id="1082"><net_src comp="1078" pin="1"/><net_sink comp="478" pin=1"/></net>

<net id="1086"><net_src comp="722" pin="4"/><net_sink comp="1083" pin=0"/></net>

<net id="1087"><net_src comp="1083" pin="1"/><net_sink comp="484" pin=1"/></net>

<net id="1091"><net_src comp="732" pin="4"/><net_sink comp="1088" pin=0"/></net>

<net id="1092"><net_src comp="1088" pin="1"/><net_sink comp="490" pin=1"/></net>

<net id="1096"><net_src comp="742" pin="4"/><net_sink comp="1093" pin=0"/></net>

<net id="1097"><net_src comp="1093" pin="1"/><net_sink comp="496" pin=1"/></net>

<net id="1101"><net_src comp="752" pin="4"/><net_sink comp="1098" pin=0"/></net>

<net id="1102"><net_src comp="1098" pin="1"/><net_sink comp="502" pin=1"/></net>

<net id="1106"><net_src comp="762" pin="4"/><net_sink comp="1103" pin=0"/></net>

<net id="1107"><net_src comp="1103" pin="1"/><net_sink comp="508" pin=1"/></net>

<net id="1111"><net_src comp="772" pin="4"/><net_sink comp="1108" pin=0"/></net>

<net id="1112"><net_src comp="1108" pin="1"/><net_sink comp="514" pin=1"/></net>

<net id="1116"><net_src comp="782" pin="4"/><net_sink comp="1113" pin=0"/></net>

<net id="1117"><net_src comp="1113" pin="1"/><net_sink comp="520" pin=1"/></net>

<net id="1121"><net_src comp="792" pin="4"/><net_sink comp="1118" pin=0"/></net>

<net id="1122"><net_src comp="1118" pin="1"/><net_sink comp="526" pin=1"/></net>

<net id="1126"><net_src comp="802" pin="4"/><net_sink comp="1123" pin=0"/></net>

<net id="1127"><net_src comp="1123" pin="1"/><net_sink comp="532" pin=1"/></net>

<net id="1131"><net_src comp="812" pin="4"/><net_sink comp="1128" pin=0"/></net>

<net id="1132"><net_src comp="1128" pin="1"/><net_sink comp="538" pin=1"/></net>

<net id="1136"><net_src comp="822" pin="4"/><net_sink comp="1133" pin=0"/></net>

<net id="1137"><net_src comp="1133" pin="1"/><net_sink comp="544" pin=1"/></net>

<net id="1141"><net_src comp="832" pin="4"/><net_sink comp="1138" pin=0"/></net>

<net id="1142"><net_src comp="1138" pin="1"/><net_sink comp="550" pin=1"/></net>

<net id="1146"><net_src comp="842" pin="4"/><net_sink comp="1143" pin=0"/></net>

<net id="1147"><net_src comp="1143" pin="1"/><net_sink comp="556" pin=1"/></net>

<net id="1151"><net_src comp="852" pin="4"/><net_sink comp="1148" pin=0"/></net>

<net id="1152"><net_src comp="1148" pin="1"/><net_sink comp="562" pin=1"/></net>

<net id="1156"><net_src comp="862" pin="4"/><net_sink comp="1153" pin=0"/></net>

<net id="1157"><net_src comp="1153" pin="1"/><net_sink comp="568" pin=1"/></net>

<net id="1161"><net_src comp="872" pin="4"/><net_sink comp="1158" pin=0"/></net>

<net id="1162"><net_src comp="1158" pin="1"/><net_sink comp="574" pin=1"/></net>

<net id="1166"><net_src comp="882" pin="4"/><net_sink comp="1163" pin=0"/></net>

<net id="1167"><net_src comp="1163" pin="1"/><net_sink comp="580" pin=1"/></net>

<net id="1171"><net_src comp="892" pin="4"/><net_sink comp="1168" pin=0"/></net>

<net id="1172"><net_src comp="1168" pin="1"/><net_sink comp="586" pin=1"/></net>

<net id="1176"><net_src comp="902" pin="4"/><net_sink comp="1173" pin=0"/></net>

<net id="1177"><net_src comp="1173" pin="1"/><net_sink comp="592" pin=1"/></net>

<net id="1181"><net_src comp="912" pin="4"/><net_sink comp="1178" pin=0"/></net>

<net id="1182"><net_src comp="1178" pin="1"/><net_sink comp="598" pin=1"/></net>

<net id="1186"><net_src comp="922" pin="4"/><net_sink comp="1183" pin=0"/></net>

<net id="1187"><net_src comp="1183" pin="1"/><net_sink comp="604" pin=1"/></net>

<net id="1191"><net_src comp="932" pin="4"/><net_sink comp="1188" pin=0"/></net>

<net id="1192"><net_src comp="1188" pin="1"/><net_sink comp="610" pin=1"/></net>

<net id="1196"><net_src comp="942" pin="4"/><net_sink comp="1193" pin=0"/></net>

<net id="1197"><net_src comp="1193" pin="1"/><net_sink comp="616" pin=1"/></net>

<net id="1201"><net_src comp="952" pin="4"/><net_sink comp="1198" pin=0"/></net>

<net id="1202"><net_src comp="1198" pin="1"/><net_sink comp="622" pin=1"/></net>

<net id="1206"><net_src comp="962" pin="4"/><net_sink comp="1203" pin=0"/></net>

<net id="1207"><net_src comp="1203" pin="1"/><net_sink comp="628" pin=1"/></net>

<net id="1211"><net_src comp="972" pin="4"/><net_sink comp="1208" pin=0"/></net>

<net id="1212"><net_src comp="1208" pin="1"/><net_sink comp="634" pin=1"/></net>

<net id="1216"><net_src comp="982" pin="4"/><net_sink comp="1213" pin=0"/></net>

<net id="1217"><net_src comp="1213" pin="1"/><net_sink comp="640" pin=1"/></net>

<net id="1221"><net_src comp="992" pin="4"/><net_sink comp="1218" pin=0"/></net>

<net id="1222"><net_src comp="1218" pin="1"/><net_sink comp="646" pin=1"/></net>

<net id="1226"><net_src comp="1002" pin="4"/><net_sink comp="1223" pin=0"/></net>

<net id="1227"><net_src comp="1223" pin="1"/><net_sink comp="652" pin=1"/></net>

</net_list>

</model> 
---------------- Datapath Model END ------------------

* FSMD analyzer results:
  - Output states:
	Port: gmem3 | {}
	Port: h_buf_31 | {3 }
	Port: h_buf_30 | {3 }
	Port: h_buf_29 | {3 }
	Port: h_buf_28 | {3 }
	Port: h_buf_27 | {3 }
	Port: h_buf_26 | {3 }
	Port: h_buf_25 | {3 }
	Port: h_buf_24 | {3 }
	Port: h_buf_23 | {3 }
	Port: h_buf_22 | {3 }
	Port: h_buf_21 | {3 }
	Port: h_buf_20 | {3 }
	Port: h_buf_19 | {3 }
	Port: h_buf_18 | {3 }
	Port: h_buf_17 | {3 }
	Port: h_buf_16 | {3 }
	Port: h_buf_15 | {3 }
	Port: h_buf_14 | {3 }
	Port: h_buf_13 | {3 }
	Port: h_buf_12 | {3 }
	Port: h_buf_11 | {3 }
	Port: h_buf_10 | {3 }
	Port: h_buf_9 | {3 }
	Port: h_buf_8 | {3 }
	Port: h_buf_7 | {3 }
	Port: h_buf_6 | {3 }
	Port: h_buf_5 | {3 }
	Port: h_buf_4 | {3 }
	Port: h_buf_3 | {3 }
	Port: h_buf_2 | {3 }
	Port: h_buf_1 | {3 }
	Port: h_buf | {3 }
 - Input state : 
	Port: spmm_compute_Pipeline_SPMM_LOAD_H : gmem3 | {2 }
	Port: spmm_compute_Pipeline_SPMM_LOAD_H : sext_ln62_1 | {1 }
  - Chain level:
	State 1
		store_ln62 : 1
		v_1 : 1
		icmp_ln62 : 2
		add_ln62 : 2
		br_ln62 : 3
		store_ln62 : 3
	State 2
		gmem3_addr_read : 1
		trunc_ln64 : 1
		trunc_ln64_1 : 1
		trunc_ln64_2 : 1
		trunc_ln64_3 : 1
		trunc_ln64_4 : 1
		trunc_ln64_5 : 1
		trunc_ln64_6 : 1
		trunc_ln64_7 : 1
		trunc_ln64_8 : 1
		trunc_ln64_9 : 1
		trunc_ln64_s : 1
		trunc_ln64_10 : 1
		trunc_ln64_11 : 1
		trunc_ln64_12 : 1
		trunc_ln64_13 : 1
		trunc_ln64_14 : 1
		trunc_ln64_15 : 1
		trunc_ln64_16 : 1
		trunc_ln64_17 : 1
		trunc_ln64_18 : 1
		trunc_ln64_19 : 1
		trunc_ln64_20 : 1
		trunc_ln64_21 : 1
		trunc_ln64_22 : 1
		trunc_ln64_23 : 1
		trunc_ln64_24 : 1
		trunc_ln64_25 : 1
		trunc_ln64_26 : 1
		trunc_ln64_27 : 1
		trunc_ln64_28 : 1
		trunc_ln64_29 : 1
		trunc_ln64_30 : 1
	State 3
		h_buf_addr : 1
		h_buf_1_addr : 1
		h_buf_2_addr : 1
		h_buf_3_addr : 1
		h_buf_4_addr : 1
		h_buf_5_addr : 1
		h_buf_6_addr : 1
		h_buf_7_addr : 1
		h_buf_8_addr : 1
		h_buf_9_addr : 1
		h_buf_10_addr : 1
		h_buf_11_addr : 1
		h_buf_12_addr : 1
		h_buf_13_addr : 1
		h_buf_14_addr : 1
		h_buf_15_addr : 1
		h_buf_16_addr : 1
		h_buf_17_addr : 1
		h_buf_18_addr : 1
		h_buf_19_addr : 1
		h_buf_20_addr : 1
		h_buf_21_addr : 1
		h_buf_22_addr : 1
		h_buf_23_addr : 1
		h_buf_24_addr : 1
		h_buf_25_addr : 1
		h_buf_26_addr : 1
		h_buf_27_addr : 1
		h_buf_28_addr : 1
		h_buf_29_addr : 1
		h_buf_30_addr : 1
		h_buf_31_addr : 1
		store_ln67 : 2
		store_ln67 : 2
		store_ln67 : 2
		store_ln67 : 2
		store_ln67 : 2
		store_ln67 : 2
		store_ln67 : 2
		store_ln67 : 2
		store_ln67 : 2
		store_ln67 : 2
		store_ln67 : 2
		store_ln67 : 2
		store_ln67 : 2
		store_ln67 : 2
		store_ln67 : 2
		store_ln67 : 2
		store_ln67 : 2
		store_ln67 : 2
		store_ln67 : 2
		store_ln67 : 2
		store_ln67 : 2
		store_ln67 : 2
		store_ln67 : 2
		store_ln67 : 2
		store_ln67 : 2
		store_ln67 : 2
		store_ln67 : 2
		store_ln67 : 2
		store_ln67 : 2
		store_ln67 : 2
		store_ln67 : 2
		store_ln67 : 2


============================================================
+ Verbose Summary: Datapath Resource usage 
============================================================

* Functional unit list:
|----------|------------------------------|---------|---------|
| Operation|        Functional Unit       |    FF   |   LUT   |
|----------|------------------------------|---------|---------|
|   icmp   |       icmp_ln62_fu_675       |    0    |    9    |
|----------|------------------------------|---------|---------|
|    add   |        add_ln62_fu_681       |    0    |    9    |
|----------|------------------------------|---------|---------|
|   read   | sext_ln62_1_read_read_fu_236 |    0    |    0    |
|          |  gmem3_addr_read_read_fu_658 |    0    |    0    |
|----------|------------------------------|---------|---------|
|   sext   |    sext_ln62_1_cast_fu_663   |    0    |    0    |
|----------|------------------------------|---------|---------|
|   trunc  |       trunc_ln64_fu_698      |    0    |    0    |
|----------|------------------------------|---------|---------|
|          |      trunc_ln64_1_fu_702     |    0    |    0    |
|          |      trunc_ln64_2_fu_712     |    0    |    0    |
|          |      trunc_ln64_3_fu_722     |    0    |    0    |
|          |      trunc_ln64_4_fu_732     |    0    |    0    |
|          |      trunc_ln64_5_fu_742     |    0    |    0    |
|          |      trunc_ln64_6_fu_752     |    0    |    0    |
|          |      trunc_ln64_7_fu_762     |    0    |    0    |
|          |      trunc_ln64_8_fu_772     |    0    |    0    |
|          |      trunc_ln64_9_fu_782     |    0    |    0    |
|          |      trunc_ln64_s_fu_792     |    0    |    0    |
|          |     trunc_ln64_10_fu_802     |    0    |    0    |
|          |     trunc_ln64_11_fu_812     |    0    |    0    |
|          |     trunc_ln64_12_fu_822     |    0    |    0    |
|          |     trunc_ln64_13_fu_832     |    0    |    0    |
|          |     trunc_ln64_14_fu_842     |    0    |    0    |
|partselect|     trunc_ln64_15_fu_852     |    0    |    0    |
|          |     trunc_ln64_16_fu_862     |    0    |    0    |
|          |     trunc_ln64_17_fu_872     |    0    |    0    |
|          |     trunc_ln64_18_fu_882     |    0    |    0    |
|          |     trunc_ln64_19_fu_892     |    0    |    0    |
|          |     trunc_ln64_20_fu_902     |    0    |    0    |
|          |     trunc_ln64_21_fu_912     |    0    |    0    |
|          |     trunc_ln64_22_fu_922     |    0    |    0    |
|          |     trunc_ln64_23_fu_932     |    0    |    0    |
|          |     trunc_ln64_24_fu_942     |    0    |    0    |
|          |     trunc_ln64_25_fu_952     |    0    |    0    |
|          |     trunc_ln64_26_fu_962     |    0    |    0    |
|          |     trunc_ln64_27_fu_972     |    0    |    0    |
|          |     trunc_ln64_28_fu_982     |    0    |    0    |
|          |     trunc_ln64_29_fu_992     |    0    |    0    |
|          |     trunc_ln64_30_fu_1002    |    0    |    0    |
|----------|------------------------------|---------|---------|
|   zext   |       zext_ln62_fu_1012      |    0    |    0    |
|----------|------------------------------|---------|---------|
|   Total  |                              |    0    |    18   |
|----------|------------------------------|---------|---------|

Memories:
N/A

* Register list:
+-------------------------+--------+
|                         |   FF   |
+-------------------------+--------+
|    icmp_ln62_reg_1064   |    1   |
|sext_ln62_1_cast_reg_1054|   64   |
|  trunc_ln64_10_reg_1123 |   16   |
|  trunc_ln64_11_reg_1128 |   16   |
|  trunc_ln64_12_reg_1133 |   16   |
|  trunc_ln64_13_reg_1138 |   16   |
|  trunc_ln64_14_reg_1143 |   16   |
|  trunc_ln64_15_reg_1148 |   16   |
|  trunc_ln64_16_reg_1153 |   16   |
|  trunc_ln64_17_reg_1158 |   16   |
|  trunc_ln64_18_reg_1163 |   16   |
|  trunc_ln64_19_reg_1168 |   16   |
|  trunc_ln64_1_reg_1073  |   16   |
|  trunc_ln64_20_reg_1173 |   16   |
|  trunc_ln64_21_reg_1178 |   16   |
|  trunc_ln64_22_reg_1183 |   16   |
|  trunc_ln64_23_reg_1188 |   16   |
|  trunc_ln64_24_reg_1193 |   16   |
|  trunc_ln64_25_reg_1198 |   16   |
|  trunc_ln64_26_reg_1203 |   16   |
|  trunc_ln64_27_reg_1208 |   16   |
|  trunc_ln64_28_reg_1213 |   16   |
|  trunc_ln64_29_reg_1218 |   16   |
|  trunc_ln64_2_reg_1078  |   16   |
|  trunc_ln64_30_reg_1223 |   16   |
|  trunc_ln64_3_reg_1083  |   16   |
|  trunc_ln64_4_reg_1088  |   16   |
|  trunc_ln64_5_reg_1093  |   16   |
|  trunc_ln64_6_reg_1098  |   16   |
|  trunc_ln64_7_reg_1103  |   16   |
|  trunc_ln64_8_reg_1108  |   16   |
|  trunc_ln64_9_reg_1113  |   16   |
|   trunc_ln64_reg_1068   |   16   |
|  trunc_ln64_s_reg_1118  |   16   |
|       v_1_reg_1059      |    2   |
|        v_reg_1047       |    2   |
+-------------------------+--------+
|          Total          |   581  |
+-------------------------+--------+

* Multiplexer (MUX) list: 
|--------|------|------|------|--------|
|  Comp  |  Pin | Size |  BW  | S x BW |
|--------|------|------|------|--------|
|  Total |      |      |      |    0   |
|--------|------|------|------|--------|



* Summary:
+-----------+--------+--------+
|           |   FF   |   LUT  |
+-----------+--------+--------+
|  Function |    0   |   18   |
|   Memory  |    -   |    -   |
|Multiplexer|    -   |    -   |
|  Register |   581  |    -   |
+-----------+--------+--------+
|   Total   |   581  |   18   |
+-----------+--------+--------+
