

================================================================
== Vitis HLS Report for 'gemm_compute_Pipeline_COMP_INIT'
================================================================
* Date:           Thu Apr 16 10:08:39 2026

* Version:        2025.2 (Build 6295257 on Nov 14 2025)
* Project:        integrated_gcn_approx
* Solution:       hls (Vivado IP Flow Target)
* Product family: zynquplus
* Target device:  xck26-sfvc784-2LV-c


================================================================
== Performance Estimates
================================================================
+ Timing: 
    * Summary: 
    +--------+----------+----------+------------+
    |  Clock |  Target  | Estimated| Uncertainty|
    +--------+----------+----------+------------+
    |ap_clk  |  10.00 ns|  1.877 ns|     2.70 ns|
    +--------+----------+----------+------------+

+ Latency: 
    * Summary: 
    +---------+---------+----------+----------+-----+-----+-------------------+
    |  Latency (cycles) |  Latency (absolute) |  Interval |      Pipeline     |
    |   min   |   max   |    min   |    max   | min | max |        Type       |
    +---------+---------+----------+----------+-----+-----+-------------------+
    |       66|       66|  0.660 us|  0.660 us|    0|    0|  loop pipeline stp|
    +---------+---------+----------+----------+-----+-----+-------------------+

    + Detail: 
        * Instance: 
        N/A

        * Loop: 
        +-------------+---------+---------+----------+-----------+-----------+------+----------+
        |             |  Latency (cycles) | Iteration|  Initiation Interval  | Trip |          |
        |  Loop Name  |   min   |   max   |  Latency |  achieved |   target  | Count| Pipelined|
        +-------------+---------+---------+----------+-----------+-----------+------+----------+
        |- COMP_INIT  |       64|       64|         1|          1|          1|    64|       yes|
        +-------------+---------+---------+----------+-----------+-----------+------+----------+

============================================================
+ Verbose Summary: Synthesis Manager
============================================================
InlineROM: 1
ExposeGlobal: 0
============================================================
+ Verbose Summary: CDFG Model
============================================================
IsTopModel: 0
ResetActiveHigh: 1
IsCombinational: 0
IsDatapathOnly: 0
HasWiredReturn: 1
HasMFsm: 2
HasVarLatency: 1
IsPipeline: 0
IsRtlPipelined: 0
IsInstanceOverlapped: 0
IsDontTouch: 0
HasImplIP: 0
IsGatedGlobalClock: 0

+ Individual pipeline summary: 
  * Pipeline-0: initiation interval (II) = 1, depth = 1


============================================================
+ Verbose Summary: Schedule
============================================================
* Number of FSM states : 1
* Pipeline : 1
  Pipeline-0 : II = 1, D = 1, States = { 1 }
* Dataflow Pipeline: 0

* FSM state transitions: 
1 --> 

* FSM state operations: 

State 1 <SV = 0> <Delay = 1.87>
ST_1 : Operation 4 [1/1] (0.00ns)   --->   "%i = alloca i32 1" [src/integrated-gcn/integrated_gcn_approx.cpp:89]   --->   Operation 4 'alloca' 'i' <Predicate = true> <Delay = 0.00>
ST_1 : Operation 5 [1/1] (0.42ns)   --->   "%store_ln89 = store i7 0, i7 %i" [src/integrated-gcn/integrated_gcn_approx.cpp:89]   --->   Operation 5 'store' 'store_ln89' <Predicate = true> <Delay = 0.42>
ST_1 : Operation 6 [1/1] (0.00ns)   --->   "%br_ln0 = br void %VITIS_LOOP_91_1"   --->   Operation 6 'br' 'br_ln0' <Predicate = true> <Delay = 0.00>
ST_1 : Operation 7 [1/1] (0.00ns)   --->   "%i_4 = load i7 %i" [src/integrated-gcn/integrated_gcn_approx.cpp:89]   --->   Operation 7 'load' 'i_4' <Predicate = true> <Delay = 0.00>
ST_1 : Operation 8 [1/1] (0.77ns)   --->   "%icmp_ln89 = icmp_eq  i7 %i_4, i7 64" [src/integrated-gcn/integrated_gcn_approx.cpp:89]   --->   Operation 8 'icmp' 'icmp_ln89' <Predicate = true> <Delay = 0.77> <CoreInst = "Cmp">   --->   Core 9 'Cmp' <Latency = 0> <II = 1> <Delay = 0.77> <FuncUnit> <Opcode : 'seteq' 'setne' 'setle' 'setge' 'setlt' 'setgt'> <InPorts = 2> <OutPorts = 1>
ST_1 : Operation 9 [1/1] (0.77ns)   --->   "%add_ln89 = add i7 %i_4, i7 1" [src/integrated-gcn/integrated_gcn_approx.cpp:89]   --->   Operation 9 'add' 'add_ln89' <Predicate = true> <Delay = 0.77> <CoreInst = "Adder">   --->   Core 1 'Adder' <Latency = 0> <II = 1> <Delay = 0.77> <FuncUnit> <Opcode : 'add' 'sub'> <InPorts = 2> <OutPorts = 1>
ST_1 : Operation 10 [1/1] (0.00ns)   --->   "%br_ln89 = br i1 %icmp_ln89, void %VITIS_LOOP_91_1.split, void %VITIS_LOOP_118_3.preheader.exitStub" [src/integrated-gcn/integrated_gcn_approx.cpp:89]   --->   Operation 10 'br' 'br_ln89' <Predicate = true> <Delay = 0.00>
ST_1 : Operation 11 [1/1] (0.00ns)   --->   "%trunc_ln89 = trunc i7 %i_4" [src/integrated-gcn/integrated_gcn_approx.cpp:89]   --->   Operation 11 'trunc' 'trunc_ln89' <Predicate = (!icmp_ln89)> <Delay = 0.00>
ST_1 : Operation 12 [1/1] (0.00ns)   --->   "%specpipeline_ln90 = specpipeline void @_ssdm_op_SpecPipeline, i32 1, i32 0, i32 0, i32 0, i32 4294967295, void @empty_20" [src/integrated-gcn/integrated_gcn_approx.cpp:90]   --->   Operation 12 'specpipeline' 'specpipeline_ln90' <Predicate = (!icmp_ln89)> <Delay = 0.00>
ST_1 : Operation 13 [1/1] (0.00ns)   --->   "%speclooptripcount_ln89 = speclooptripcount void @_ssdm_op_SpecLoopTripCount, i64 64, i64 64, i64 64" [src/integrated-gcn/integrated_gcn_approx.cpp:89]   --->   Operation 13 'speclooptripcount' 'speclooptripcount_ln89' <Predicate = (!icmp_ln89)> <Delay = 0.00>
ST_1 : Operation 14 [1/1] (0.00ns)   --->   "%specloopname_ln89 = specloopname void @_ssdm_op_SpecLoopName, void @empty_22" [src/integrated-gcn/integrated_gcn_approx.cpp:89]   --->   Operation 14 'specloopname' 'specloopname_ln89' <Predicate = (!icmp_ln89)> <Delay = 0.00>
ST_1 : Operation 15 [1/1] (0.00ns)   --->   "%lshr_ln = partselect i4 @_ssdm_op_PartSelect.i4.i7.i32.i32, i7 %i_4, i32 2, i32 5" [src/integrated-gcn/integrated_gcn_approx.cpp:89]   --->   Operation 15 'partselect' 'lshr_ln' <Predicate = (!icmp_ln89)> <Delay = 0.00>
ST_1 : Operation 16 [1/1] (0.00ns)   --->   "%zext_ln89 = zext i4 %lshr_ln" [src/integrated-gcn/integrated_gcn_approx.cpp:89]   --->   Operation 16 'zext' 'zext_ln89' <Predicate = (!icmp_ln89)> <Delay = 0.00>
ST_1 : Operation 17 [1/1] (0.00ns)   --->   "%XW_block_addr = getelementptr i16 %XW_block, i64 0, i64 %zext_ln89" [src/integrated-gcn/integrated_gcn_approx.cpp:93]   --->   Operation 17 'getelementptr' 'XW_block_addr' <Predicate = (!icmp_ln89)> <Delay = 0.00>
ST_1 : Operation 18 [1/1] (0.00ns)   --->   "%XW_block_64_addr = getelementptr i16 %XW_block_64, i64 0, i64 %zext_ln89" [src/integrated-gcn/integrated_gcn_approx.cpp:93]   --->   Operation 18 'getelementptr' 'XW_block_64_addr' <Predicate = (!icmp_ln89)> <Delay = 0.00>
ST_1 : Operation 19 [1/1] (0.00ns)   --->   "%XW_block_128_addr = getelementptr i16 %XW_block_128, i64 0, i64 %zext_ln89" [src/integrated-gcn/integrated_gcn_approx.cpp:93]   --->   Operation 19 'getelementptr' 'XW_block_128_addr' <Predicate = (!icmp_ln89)> <Delay = 0.00>
ST_1 : Operation 20 [1/1] (0.00ns)   --->   "%XW_block_192_addr = getelementptr i16 %XW_block_192, i64 0, i64 %zext_ln89" [src/integrated-gcn/integrated_gcn_approx.cpp:93]   --->   Operation 20 'getelementptr' 'XW_block_192_addr' <Predicate = (!icmp_ln89)> <Delay = 0.00>
ST_1 : Operation 21 [1/1] (0.00ns)   --->   "%XW_block_1_addr = getelementptr i16 %XW_block_1, i64 0, i64 %zext_ln89" [src/integrated-gcn/integrated_gcn_approx.cpp:93]   --->   Operation 21 'getelementptr' 'XW_block_1_addr' <Predicate = (!icmp_ln89)> <Delay = 0.00>
ST_1 : Operation 22 [1/1] (0.00ns)   --->   "%XW_block_65_addr = getelementptr i16 %XW_block_65, i64 0, i64 %zext_ln89" [src/integrated-gcn/integrated_gcn_approx.cpp:93]   --->   Operation 22 'getelementptr' 'XW_block_65_addr' <Predicate = (!icmp_ln89)> <Delay = 0.00>
ST_1 : Operation 23 [1/1] (0.00ns)   --->   "%XW_block_129_addr = getelementptr i16 %XW_block_129, i64 0, i64 %zext_ln89" [src/integrated-gcn/integrated_gcn_approx.cpp:93]   --->   Operation 23 'getelementptr' 'XW_block_129_addr' <Predicate = (!icmp_ln89)> <Delay = 0.00>
ST_1 : Operation 24 [1/1] (0.00ns)   --->   "%XW_block_193_addr = getelementptr i16 %XW_block_193, i64 0, i64 %zext_ln89" [src/integrated-gcn/integrated_gcn_approx.cpp:93]   --->   Operation 24 'getelementptr' 'XW_block_193_addr' <Predicate = (!icmp_ln89)> <Delay = 0.00>
ST_1 : Operation 25 [1/1] (0.00ns)   --->   "%XW_block_2_addr = getelementptr i16 %XW_block_2, i64 0, i64 %zext_ln89" [src/integrated-gcn/integrated_gcn_approx.cpp:93]   --->   Operation 25 'getelementptr' 'XW_block_2_addr' <Predicate = (!icmp_ln89)> <Delay = 0.00>
ST_1 : Operation 26 [1/1] (0.00ns)   --->   "%XW_block_66_addr = getelementptr i16 %XW_block_66, i64 0, i64 %zext_ln89" [src/integrated-gcn/integrated_gcn_approx.cpp:93]   --->   Operation 26 'getelementptr' 'XW_block_66_addr' <Predicate = (!icmp_ln89)> <Delay = 0.00>
ST_1 : Operation 27 [1/1] (0.00ns)   --->   "%XW_block_130_addr = getelementptr i16 %XW_block_130, i64 0, i64 %zext_ln89" [src/integrated-gcn/integrated_gcn_approx.cpp:93]   --->   Operation 27 'getelementptr' 'XW_block_130_addr' <Predicate = (!icmp_ln89)> <Delay = 0.00>
ST_1 : Operation 28 [1/1] (0.00ns)   --->   "%XW_block_194_addr = getelementptr i16 %XW_block_194, i64 0, i64 %zext_ln89" [src/integrated-gcn/integrated_gcn_approx.cpp:93]   --->   Operation 28 'getelementptr' 'XW_block_194_addr' <Predicate = (!icmp_ln89)> <Delay = 0.00>
ST_1 : Operation 29 [1/1] (0.00ns)   --->   "%XW_block_3_addr = getelementptr i16 %XW_block_3, i64 0, i64 %zext_ln89" [src/integrated-gcn/integrated_gcn_approx.cpp:93]   --->   Operation 29 'getelementptr' 'XW_block_3_addr' <Predicate = (!icmp_ln89)> <Delay = 0.00>
ST_1 : Operation 30 [1/1] (0.00ns)   --->   "%XW_block_67_addr = getelementptr i16 %XW_block_67, i64 0, i64 %zext_ln89" [src/integrated-gcn/integrated_gcn_approx.cpp:93]   --->   Operation 30 'getelementptr' 'XW_block_67_addr' <Predicate = (!icmp_ln89)> <Delay = 0.00>
ST_1 : Operation 31 [1/1] (0.00ns)   --->   "%XW_block_131_addr = getelementptr i16 %XW_block_131, i64 0, i64 %zext_ln89" [src/integrated-gcn/integrated_gcn_approx.cpp:93]   --->   Operation 31 'getelementptr' 'XW_block_131_addr' <Predicate = (!icmp_ln89)> <Delay = 0.00>
ST_1 : Operation 32 [1/1] (0.00ns)   --->   "%XW_block_195_addr = getelementptr i16 %XW_block_195, i64 0, i64 %zext_ln89" [src/integrated-gcn/integrated_gcn_approx.cpp:93]   --->   Operation 32 'getelementptr' 'XW_block_195_addr' <Predicate = (!icmp_ln89)> <Delay = 0.00>
ST_1 : Operation 33 [1/1] (0.00ns)   --->   "%XW_block_4_addr = getelementptr i16 %XW_block_4, i64 0, i64 %zext_ln89" [src/integrated-gcn/integrated_gcn_approx.cpp:93]   --->   Operation 33 'getelementptr' 'XW_block_4_addr' <Predicate = (!icmp_ln89)> <Delay = 0.00>
ST_1 : Operation 34 [1/1] (0.00ns)   --->   "%XW_block_68_addr = getelementptr i16 %XW_block_68, i64 0, i64 %zext_ln89" [src/integrated-gcn/integrated_gcn_approx.cpp:93]   --->   Operation 34 'getelementptr' 'XW_block_68_addr' <Predicate = (!icmp_ln89)> <Delay = 0.00>
ST_1 : Operation 35 [1/1] (0.00ns)   --->   "%XW_block_132_addr = getelementptr i16 %XW_block_132, i64 0, i64 %zext_ln89" [src/integrated-gcn/integrated_gcn_approx.cpp:93]   --->   Operation 35 'getelementptr' 'XW_block_132_addr' <Predicate = (!icmp_ln89)> <Delay = 0.00>
ST_1 : Operation 36 [1/1] (0.00ns)   --->   "%XW_block_196_addr = getelementptr i16 %XW_block_196, i64 0, i64 %zext_ln89" [src/integrated-gcn/integrated_gcn_approx.cpp:93]   --->   Operation 36 'getelementptr' 'XW_block_196_addr' <Predicate = (!icmp_ln89)> <Delay = 0.00>
ST_1 : Operation 37 [1/1] (0.00ns)   --->   "%XW_block_5_addr = getelementptr i16 %XW_block_5, i64 0, i64 %zext_ln89" [src/integrated-gcn/integrated_gcn_approx.cpp:93]   --->   Operation 37 'getelementptr' 'XW_block_5_addr' <Predicate = (!icmp_ln89)> <Delay = 0.00>
ST_1 : Operation 38 [1/1] (0.00ns)   --->   "%XW_block_69_addr = getelementptr i16 %XW_block_69, i64 0, i64 %zext_ln89" [src/integrated-gcn/integrated_gcn_approx.cpp:93]   --->   Operation 38 'getelementptr' 'XW_block_69_addr' <Predicate = (!icmp_ln89)> <Delay = 0.00>
ST_1 : Operation 39 [1/1] (0.00ns)   --->   "%XW_block_133_addr = getelementptr i16 %XW_block_133, i64 0, i64 %zext_ln89" [src/integrated-gcn/integrated_gcn_approx.cpp:93]   --->   Operation 39 'getelementptr' 'XW_block_133_addr' <Predicate = (!icmp_ln89)> <Delay = 0.00>
ST_1 : Operation 40 [1/1] (0.00ns)   --->   "%XW_block_197_addr = getelementptr i16 %XW_block_197, i64 0, i64 %zext_ln89" [src/integrated-gcn/integrated_gcn_approx.cpp:93]   --->   Operation 40 'getelementptr' 'XW_block_197_addr' <Predicate = (!icmp_ln89)> <Delay = 0.00>
ST_1 : Operation 41 [1/1] (0.00ns)   --->   "%XW_block_6_addr = getelementptr i16 %XW_block_6, i64 0, i64 %zext_ln89" [src/integrated-gcn/integrated_gcn_approx.cpp:93]   --->   Operation 41 'getelementptr' 'XW_block_6_addr' <Predicate = (!icmp_ln89)> <Delay = 0.00>
ST_1 : Operation 42 [1/1] (0.00ns)   --->   "%XW_block_70_addr = getelementptr i16 %XW_block_70, i64 0, i64 %zext_ln89" [src/integrated-gcn/integrated_gcn_approx.cpp:93]   --->   Operation 42 'getelementptr' 'XW_block_70_addr' <Predicate = (!icmp_ln89)> <Delay = 0.00>
ST_1 : Operation 43 [1/1] (0.00ns)   --->   "%XW_block_134_addr = getelementptr i16 %XW_block_134, i64 0, i64 %zext_ln89" [src/integrated-gcn/integrated_gcn_approx.cpp:93]   --->   Operation 43 'getelementptr' 'XW_block_134_addr' <Predicate = (!icmp_ln89)> <Delay = 0.00>
ST_1 : Operation 44 [1/1] (0.00ns)   --->   "%XW_block_198_addr = getelementptr i16 %XW_block_198, i64 0, i64 %zext_ln89" [src/integrated-gcn/integrated_gcn_approx.cpp:93]   --->   Operation 44 'getelementptr' 'XW_block_198_addr' <Predicate = (!icmp_ln89)> <Delay = 0.00>
ST_1 : Operation 45 [1/1] (0.00ns)   --->   "%XW_block_7_addr = getelementptr i16 %XW_block_7, i64 0, i64 %zext_ln89" [src/integrated-gcn/integrated_gcn_approx.cpp:93]   --->   Operation 45 'getelementptr' 'XW_block_7_addr' <Predicate = (!icmp_ln89)> <Delay = 0.00>
ST_1 : Operation 46 [1/1] (0.00ns)   --->   "%XW_block_71_addr = getelementptr i16 %XW_block_71, i64 0, i64 %zext_ln89" [src/integrated-gcn/integrated_gcn_approx.cpp:93]   --->   Operation 46 'getelementptr' 'XW_block_71_addr' <Predicate = (!icmp_ln89)> <Delay = 0.00>
ST_1 : Operation 47 [1/1] (0.00ns)   --->   "%XW_block_135_addr = getelementptr i16 %XW_block_135, i64 0, i64 %zext_ln89" [src/integrated-gcn/integrated_gcn_approx.cpp:93]   --->   Operation 47 'getelementptr' 'XW_block_135_addr' <Predicate = (!icmp_ln89)> <Delay = 0.00>
ST_1 : Operation 48 [1/1] (0.00ns)   --->   "%XW_block_199_addr = getelementptr i16 %XW_block_199, i64 0, i64 %zext_ln89" [src/integrated-gcn/integrated_gcn_approx.cpp:93]   --->   Operation 48 'getelementptr' 'XW_block_199_addr' <Predicate = (!icmp_ln89)> <Delay = 0.00>
ST_1 : Operation 49 [1/1] (0.00ns)   --->   "%XW_block_8_addr = getelementptr i16 %XW_block_8, i64 0, i64 %zext_ln89" [src/integrated-gcn/integrated_gcn_approx.cpp:93]   --->   Operation 49 'getelementptr' 'XW_block_8_addr' <Predicate = (!icmp_ln89)> <Delay = 0.00>
ST_1 : Operation 50 [1/1] (0.00ns)   --->   "%XW_block_72_addr = getelementptr i16 %XW_block_72, i64 0, i64 %zext_ln89" [src/integrated-gcn/integrated_gcn_approx.cpp:93]   --->   Operation 50 'getelementptr' 'XW_block_72_addr' <Predicate = (!icmp_ln89)> <Delay = 0.00>
ST_1 : Operation 51 [1/1] (0.00ns)   --->   "%XW_block_136_addr = getelementptr i16 %XW_block_136, i64 0, i64 %zext_ln89" [src/integrated-gcn/integrated_gcn_approx.cpp:93]   --->   Operation 51 'getelementptr' 'XW_block_136_addr' <Predicate = (!icmp_ln89)> <Delay = 0.00>
ST_1 : Operation 52 [1/1] (0.00ns)   --->   "%XW_block_200_addr = getelementptr i16 %XW_block_200, i64 0, i64 %zext_ln89" [src/integrated-gcn/integrated_gcn_approx.cpp:93]   --->   Operation 52 'getelementptr' 'XW_block_200_addr' <Predicate = (!icmp_ln89)> <Delay = 0.00>
ST_1 : Operation 53 [1/1] (0.00ns)   --->   "%XW_block_9_addr = getelementptr i16 %XW_block_9, i64 0, i64 %zext_ln89" [src/integrated-gcn/integrated_gcn_approx.cpp:93]   --->   Operation 53 'getelementptr' 'XW_block_9_addr' <Predicate = (!icmp_ln89)> <Delay = 0.00>
ST_1 : Operation 54 [1/1] (0.00ns)   --->   "%XW_block_73_addr = getelementptr i16 %XW_block_73, i64 0, i64 %zext_ln89" [src/integrated-gcn/integrated_gcn_approx.cpp:93]   --->   Operation 54 'getelementptr' 'XW_block_73_addr' <Predicate = (!icmp_ln89)> <Delay = 0.00>
ST_1 : Operation 55 [1/1] (0.00ns)   --->   "%XW_block_137_addr = getelementptr i16 %XW_block_137, i64 0, i64 %zext_ln89" [src/integrated-gcn/integrated_gcn_approx.cpp:93]   --->   Operation 55 'getelementptr' 'XW_block_137_addr' <Predicate = (!icmp_ln89)> <Delay = 0.00>
ST_1 : Operation 56 [1/1] (0.00ns)   --->   "%XW_block_201_addr = getelementptr i16 %XW_block_201, i64 0, i64 %zext_ln89" [src/integrated-gcn/integrated_gcn_approx.cpp:93]   --->   Operation 56 'getelementptr' 'XW_block_201_addr' <Predicate = (!icmp_ln89)> <Delay = 0.00>
ST_1 : Operation 57 [1/1] (0.00ns)   --->   "%XW_block_10_addr = getelementptr i16 %XW_block_10, i64 0, i64 %zext_ln89" [src/integrated-gcn/integrated_gcn_approx.cpp:93]   --->   Operation 57 'getelementptr' 'XW_block_10_addr' <Predicate = (!icmp_ln89)> <Delay = 0.00>
ST_1 : Operation 58 [1/1] (0.00ns)   --->   "%XW_block_74_addr = getelementptr i16 %XW_block_74, i64 0, i64 %zext_ln89" [src/integrated-gcn/integrated_gcn_approx.cpp:93]   --->   Operation 58 'getelementptr' 'XW_block_74_addr' <Predicate = (!icmp_ln89)> <Delay = 0.00>
ST_1 : Operation 59 [1/1] (0.00ns)   --->   "%XW_block_138_addr = getelementptr i16 %XW_block_138, i64 0, i64 %zext_ln89" [src/integrated-gcn/integrated_gcn_approx.cpp:93]   --->   Operation 59 'getelementptr' 'XW_block_138_addr' <Predicate = (!icmp_ln89)> <Delay = 0.00>
ST_1 : Operation 60 [1/1] (0.00ns)   --->   "%XW_block_202_addr = getelementptr i16 %XW_block_202, i64 0, i64 %zext_ln89" [src/integrated-gcn/integrated_gcn_approx.cpp:93]   --->   Operation 60 'getelementptr' 'XW_block_202_addr' <Predicate = (!icmp_ln89)> <Delay = 0.00>
ST_1 : Operation 61 [1/1] (0.00ns)   --->   "%XW_block_11_addr = getelementptr i16 %XW_block_11, i64 0, i64 %zext_ln89" [src/integrated-gcn/integrated_gcn_approx.cpp:93]   --->   Operation 61 'getelementptr' 'XW_block_11_addr' <Predicate = (!icmp_ln89)> <Delay = 0.00>
ST_1 : Operation 62 [1/1] (0.00ns)   --->   "%XW_block_75_addr = getelementptr i16 %XW_block_75, i64 0, i64 %zext_ln89" [src/integrated-gcn/integrated_gcn_approx.cpp:93]   --->   Operation 62 'getelementptr' 'XW_block_75_addr' <Predicate = (!icmp_ln89)> <Delay = 0.00>
ST_1 : Operation 63 [1/1] (0.00ns)   --->   "%XW_block_139_addr = getelementptr i16 %XW_block_139, i64 0, i64 %zext_ln89" [src/integrated-gcn/integrated_gcn_approx.cpp:93]   --->   Operation 63 'getelementptr' 'XW_block_139_addr' <Predicate = (!icmp_ln89)> <Delay = 0.00>
ST_1 : Operation 64 [1/1] (0.00ns)   --->   "%XW_block_203_addr = getelementptr i16 %XW_block_203, i64 0, i64 %zext_ln89" [src/integrated-gcn/integrated_gcn_approx.cpp:93]   --->   Operation 64 'getelementptr' 'XW_block_203_addr' <Predicate = (!icmp_ln89)> <Delay = 0.00>
ST_1 : Operation 65 [1/1] (0.00ns)   --->   "%XW_block_12_addr = getelementptr i16 %XW_block_12, i64 0, i64 %zext_ln89" [src/integrated-gcn/integrated_gcn_approx.cpp:93]   --->   Operation 65 'getelementptr' 'XW_block_12_addr' <Predicate = (!icmp_ln89)> <Delay = 0.00>
ST_1 : Operation 66 [1/1] (0.00ns)   --->   "%XW_block_76_addr = getelementptr i16 %XW_block_76, i64 0, i64 %zext_ln89" [src/integrated-gcn/integrated_gcn_approx.cpp:93]   --->   Operation 66 'getelementptr' 'XW_block_76_addr' <Predicate = (!icmp_ln89)> <Delay = 0.00>
ST_1 : Operation 67 [1/1] (0.00ns)   --->   "%XW_block_140_addr = getelementptr i16 %XW_block_140, i64 0, i64 %zext_ln89" [src/integrated-gcn/integrated_gcn_approx.cpp:93]   --->   Operation 67 'getelementptr' 'XW_block_140_addr' <Predicate = (!icmp_ln89)> <Delay = 0.00>
ST_1 : Operation 68 [1/1] (0.00ns)   --->   "%XW_block_204_addr = getelementptr i16 %XW_block_204, i64 0, i64 %zext_ln89" [src/integrated-gcn/integrated_gcn_approx.cpp:93]   --->   Operation 68 'getelementptr' 'XW_block_204_addr' <Predicate = (!icmp_ln89)> <Delay = 0.00>
ST_1 : Operation 69 [1/1] (0.00ns)   --->   "%XW_block_13_addr = getelementptr i16 %XW_block_13, i64 0, i64 %zext_ln89" [src/integrated-gcn/integrated_gcn_approx.cpp:93]   --->   Operation 69 'getelementptr' 'XW_block_13_addr' <Predicate = (!icmp_ln89)> <Delay = 0.00>
ST_1 : Operation 70 [1/1] (0.00ns)   --->   "%XW_block_77_addr = getelementptr i16 %XW_block_77, i64 0, i64 %zext_ln89" [src/integrated-gcn/integrated_gcn_approx.cpp:93]   --->   Operation 70 'getelementptr' 'XW_block_77_addr' <Predicate = (!icmp_ln89)> <Delay = 0.00>
ST_1 : Operation 71 [1/1] (0.00ns)   --->   "%XW_block_141_addr = getelementptr i16 %XW_block_141, i64 0, i64 %zext_ln89" [src/integrated-gcn/integrated_gcn_approx.cpp:93]   --->   Operation 71 'getelementptr' 'XW_block_141_addr' <Predicate = (!icmp_ln89)> <Delay = 0.00>
ST_1 : Operation 72 [1/1] (0.00ns)   --->   "%XW_block_205_addr = getelementptr i16 %XW_block_205, i64 0, i64 %zext_ln89" [src/integrated-gcn/integrated_gcn_approx.cpp:93]   --->   Operation 72 'getelementptr' 'XW_block_205_addr' <Predicate = (!icmp_ln89)> <Delay = 0.00>
ST_1 : Operation 73 [1/1] (0.00ns)   --->   "%XW_block_14_addr = getelementptr i16 %XW_block_14, i64 0, i64 %zext_ln89" [src/integrated-gcn/integrated_gcn_approx.cpp:93]   --->   Operation 73 'getelementptr' 'XW_block_14_addr' <Predicate = (!icmp_ln89)> <Delay = 0.00>
ST_1 : Operation 74 [1/1] (0.00ns)   --->   "%XW_block_78_addr = getelementptr i16 %XW_block_78, i64 0, i64 %zext_ln89" [src/integrated-gcn/integrated_gcn_approx.cpp:93]   --->   Operation 74 'getelementptr' 'XW_block_78_addr' <Predicate = (!icmp_ln89)> <Delay = 0.00>
ST_1 : Operation 75 [1/1] (0.00ns)   --->   "%XW_block_142_addr = getelementptr i16 %XW_block_142, i64 0, i64 %zext_ln89" [src/integrated-gcn/integrated_gcn_approx.cpp:93]   --->   Operation 75 'getelementptr' 'XW_block_142_addr' <Predicate = (!icmp_ln89)> <Delay = 0.00>
ST_1 : Operation 76 [1/1] (0.00ns)   --->   "%XW_block_206_addr = getelementptr i16 %XW_block_206, i64 0, i64 %zext_ln89" [src/integrated-gcn/integrated_gcn_approx.cpp:93]   --->   Operation 76 'getelementptr' 'XW_block_206_addr' <Predicate = (!icmp_ln89)> <Delay = 0.00>
ST_1 : Operation 77 [1/1] (0.00ns)   --->   "%XW_block_15_addr = getelementptr i16 %XW_block_15, i64 0, i64 %zext_ln89" [src/integrated-gcn/integrated_gcn_approx.cpp:93]   --->   Operation 77 'getelementptr' 'XW_block_15_addr' <Predicate = (!icmp_ln89)> <Delay = 0.00>
ST_1 : Operation 78 [1/1] (0.00ns)   --->   "%XW_block_79_addr = getelementptr i16 %XW_block_79, i64 0, i64 %zext_ln89" [src/integrated-gcn/integrated_gcn_approx.cpp:93]   --->   Operation 78 'getelementptr' 'XW_block_79_addr' <Predicate = (!icmp_ln89)> <Delay = 0.00>
ST_1 : Operation 79 [1/1] (0.00ns)   --->   "%XW_block_143_addr = getelementptr i16 %XW_block_143, i64 0, i64 %zext_ln89" [src/integrated-gcn/integrated_gcn_approx.cpp:93]   --->   Operation 79 'getelementptr' 'XW_block_143_addr' <Predicate = (!icmp_ln89)> <Delay = 0.00>
ST_1 : Operation 80 [1/1] (0.00ns)   --->   "%XW_block_207_addr = getelementptr i16 %XW_block_207, i64 0, i64 %zext_ln89" [src/integrated-gcn/integrated_gcn_approx.cpp:93]   --->   Operation 80 'getelementptr' 'XW_block_207_addr' <Predicate = (!icmp_ln89)> <Delay = 0.00>
ST_1 : Operation 81 [1/1] (0.00ns)   --->   "%XW_block_16_addr = getelementptr i16 %XW_block_16, i64 0, i64 %zext_ln89" [src/integrated-gcn/integrated_gcn_approx.cpp:93]   --->   Operation 81 'getelementptr' 'XW_block_16_addr' <Predicate = (!icmp_ln89)> <Delay = 0.00>
ST_1 : Operation 82 [1/1] (0.00ns)   --->   "%XW_block_80_addr = getelementptr i16 %XW_block_80, i64 0, i64 %zext_ln89" [src/integrated-gcn/integrated_gcn_approx.cpp:93]   --->   Operation 82 'getelementptr' 'XW_block_80_addr' <Predicate = (!icmp_ln89)> <Delay = 0.00>
ST_1 : Operation 83 [1/1] (0.00ns)   --->   "%XW_block_144_addr = getelementptr i16 %XW_block_144, i64 0, i64 %zext_ln89" [src/integrated-gcn/integrated_gcn_approx.cpp:93]   --->   Operation 83 'getelementptr' 'XW_block_144_addr' <Predicate = (!icmp_ln89)> <Delay = 0.00>
ST_1 : Operation 84 [1/1] (0.00ns)   --->   "%XW_block_208_addr = getelementptr i16 %XW_block_208, i64 0, i64 %zext_ln89" [src/integrated-gcn/integrated_gcn_approx.cpp:93]   --->   Operation 84 'getelementptr' 'XW_block_208_addr' <Predicate = (!icmp_ln89)> <Delay = 0.00>
ST_1 : Operation 85 [1/1] (0.00ns)   --->   "%XW_block_17_addr = getelementptr i16 %XW_block_17, i64 0, i64 %zext_ln89" [src/integrated-gcn/integrated_gcn_approx.cpp:93]   --->   Operation 85 'getelementptr' 'XW_block_17_addr' <Predicate = (!icmp_ln89)> <Delay = 0.00>
ST_1 : Operation 86 [1/1] (0.00ns)   --->   "%XW_block_81_addr = getelementptr i16 %XW_block_81, i64 0, i64 %zext_ln89" [src/integrated-gcn/integrated_gcn_approx.cpp:93]   --->   Operation 86 'getelementptr' 'XW_block_81_addr' <Predicate = (!icmp_ln89)> <Delay = 0.00>
ST_1 : Operation 87 [1/1] (0.00ns)   --->   "%XW_block_145_addr = getelementptr i16 %XW_block_145, i64 0, i64 %zext_ln89" [src/integrated-gcn/integrated_gcn_approx.cpp:93]   --->   Operation 87 'getelementptr' 'XW_block_145_addr' <Predicate = (!icmp_ln89)> <Delay = 0.00>
ST_1 : Operation 88 [1/1] (0.00ns)   --->   "%XW_block_209_addr = getelementptr i16 %XW_block_209, i64 0, i64 %zext_ln89" [src/integrated-gcn/integrated_gcn_approx.cpp:93]   --->   Operation 88 'getelementptr' 'XW_block_209_addr' <Predicate = (!icmp_ln89)> <Delay = 0.00>
ST_1 : Operation 89 [1/1] (0.00ns)   --->   "%XW_block_18_addr = getelementptr i16 %XW_block_18, i64 0, i64 %zext_ln89" [src/integrated-gcn/integrated_gcn_approx.cpp:93]   --->   Operation 89 'getelementptr' 'XW_block_18_addr' <Predicate = (!icmp_ln89)> <Delay = 0.00>
ST_1 : Operation 90 [1/1] (0.00ns)   --->   "%XW_block_82_addr = getelementptr i16 %XW_block_82, i64 0, i64 %zext_ln89" [src/integrated-gcn/integrated_gcn_approx.cpp:93]   --->   Operation 90 'getelementptr' 'XW_block_82_addr' <Predicate = (!icmp_ln89)> <Delay = 0.00>
ST_1 : Operation 91 [1/1] (0.00ns)   --->   "%XW_block_146_addr = getelementptr i16 %XW_block_146, i64 0, i64 %zext_ln89" [src/integrated-gcn/integrated_gcn_approx.cpp:93]   --->   Operation 91 'getelementptr' 'XW_block_146_addr' <Predicate = (!icmp_ln89)> <Delay = 0.00>
ST_1 : Operation 92 [1/1] (0.00ns)   --->   "%XW_block_210_addr = getelementptr i16 %XW_block_210, i64 0, i64 %zext_ln89" [src/integrated-gcn/integrated_gcn_approx.cpp:93]   --->   Operation 92 'getelementptr' 'XW_block_210_addr' <Predicate = (!icmp_ln89)> <Delay = 0.00>
ST_1 : Operation 93 [1/1] (0.00ns)   --->   "%XW_block_19_addr = getelementptr i16 %XW_block_19, i64 0, i64 %zext_ln89" [src/integrated-gcn/integrated_gcn_approx.cpp:93]   --->   Operation 93 'getelementptr' 'XW_block_19_addr' <Predicate = (!icmp_ln89)> <Delay = 0.00>
ST_1 : Operation 94 [1/1] (0.00ns)   --->   "%XW_block_83_addr = getelementptr i16 %XW_block_83, i64 0, i64 %zext_ln89" [src/integrated-gcn/integrated_gcn_approx.cpp:93]   --->   Operation 94 'getelementptr' 'XW_block_83_addr' <Predicate = (!icmp_ln89)> <Delay = 0.00>
ST_1 : Operation 95 [1/1] (0.00ns)   --->   "%XW_block_147_addr = getelementptr i16 %XW_block_147, i64 0, i64 %zext_ln89" [src/integrated-gcn/integrated_gcn_approx.cpp:93]   --->   Operation 95 'getelementptr' 'XW_block_147_addr' <Predicate = (!icmp_ln89)> <Delay = 0.00>
ST_1 : Operation 96 [1/1] (0.00ns)   --->   "%XW_block_211_addr = getelementptr i16 %XW_block_211, i64 0, i64 %zext_ln89" [src/integrated-gcn/integrated_gcn_approx.cpp:93]   --->   Operation 96 'getelementptr' 'XW_block_211_addr' <Predicate = (!icmp_ln89)> <Delay = 0.00>
ST_1 : Operation 97 [1/1] (0.00ns)   --->   "%XW_block_20_addr = getelementptr i16 %XW_block_20, i64 0, i64 %zext_ln89" [src/integrated-gcn/integrated_gcn_approx.cpp:93]   --->   Operation 97 'getelementptr' 'XW_block_20_addr' <Predicate = (!icmp_ln89)> <Delay = 0.00>
ST_1 : Operation 98 [1/1] (0.00ns)   --->   "%XW_block_84_addr = getelementptr i16 %XW_block_84, i64 0, i64 %zext_ln89" [src/integrated-gcn/integrated_gcn_approx.cpp:93]   --->   Operation 98 'getelementptr' 'XW_block_84_addr' <Predicate = (!icmp_ln89)> <Delay = 0.00>
ST_1 : Operation 99 [1/1] (0.00ns)   --->   "%XW_block_148_addr = getelementptr i16 %XW_block_148, i64 0, i64 %zext_ln89" [src/integrated-gcn/integrated_gcn_approx.cpp:93]   --->   Operation 99 'getelementptr' 'XW_block_148_addr' <Predicate = (!icmp_ln89)> <Delay = 0.00>
ST_1 : Operation 100 [1/1] (0.00ns)   --->   "%XW_block_212_addr = getelementptr i16 %XW_block_212, i64 0, i64 %zext_ln89" [src/integrated-gcn/integrated_gcn_approx.cpp:93]   --->   Operation 100 'getelementptr' 'XW_block_212_addr' <Predicate = (!icmp_ln89)> <Delay = 0.00>
ST_1 : Operation 101 [1/1] (0.00ns)   --->   "%XW_block_21_addr = getelementptr i16 %XW_block_21, i64 0, i64 %zext_ln89" [src/integrated-gcn/integrated_gcn_approx.cpp:93]   --->   Operation 101 'getelementptr' 'XW_block_21_addr' <Predicate = (!icmp_ln89)> <Delay = 0.00>
ST_1 : Operation 102 [1/1] (0.00ns)   --->   "%XW_block_85_addr = getelementptr i16 %XW_block_85, i64 0, i64 %zext_ln89" [src/integrated-gcn/integrated_gcn_approx.cpp:93]   --->   Operation 102 'getelementptr' 'XW_block_85_addr' <Predicate = (!icmp_ln89)> <Delay = 0.00>
ST_1 : Operation 103 [1/1] (0.00ns)   --->   "%XW_block_149_addr = getelementptr i16 %XW_block_149, i64 0, i64 %zext_ln89" [src/integrated-gcn/integrated_gcn_approx.cpp:93]   --->   Operation 103 'getelementptr' 'XW_block_149_addr' <Predicate = (!icmp_ln89)> <Delay = 0.00>
ST_1 : Operation 104 [1/1] (0.00ns)   --->   "%XW_block_213_addr = getelementptr i16 %XW_block_213, i64 0, i64 %zext_ln89" [src/integrated-gcn/integrated_gcn_approx.cpp:93]   --->   Operation 104 'getelementptr' 'XW_block_213_addr' <Predicate = (!icmp_ln89)> <Delay = 0.00>
ST_1 : Operation 105 [1/1] (0.00ns)   --->   "%XW_block_22_addr = getelementptr i16 %XW_block_22, i64 0, i64 %zext_ln89" [src/integrated-gcn/integrated_gcn_approx.cpp:93]   --->   Operation 105 'getelementptr' 'XW_block_22_addr' <Predicate = (!icmp_ln89)> <Delay = 0.00>
ST_1 : Operation 106 [1/1] (0.00ns)   --->   "%XW_block_86_addr = getelementptr i16 %XW_block_86, i64 0, i64 %zext_ln89" [src/integrated-gcn/integrated_gcn_approx.cpp:93]   --->   Operation 106 'getelementptr' 'XW_block_86_addr' <Predicate = (!icmp_ln89)> <Delay = 0.00>
ST_1 : Operation 107 [1/1] (0.00ns)   --->   "%XW_block_150_addr = getelementptr i16 %XW_block_150, i64 0, i64 %zext_ln89" [src/integrated-gcn/integrated_gcn_approx.cpp:93]   --->   Operation 107 'getelementptr' 'XW_block_150_addr' <Predicate = (!icmp_ln89)> <Delay = 0.00>
ST_1 : Operation 108 [1/1] (0.00ns)   --->   "%XW_block_214_addr = getelementptr i16 %XW_block_214, i64 0, i64 %zext_ln89" [src/integrated-gcn/integrated_gcn_approx.cpp:93]   --->   Operation 108 'getelementptr' 'XW_block_214_addr' <Predicate = (!icmp_ln89)> <Delay = 0.00>
ST_1 : Operation 109 [1/1] (0.00ns)   --->   "%XW_block_23_addr = getelementptr i16 %XW_block_23, i64 0, i64 %zext_ln89" [src/integrated-gcn/integrated_gcn_approx.cpp:93]   --->   Operation 109 'getelementptr' 'XW_block_23_addr' <Predicate = (!icmp_ln89)> <Delay = 0.00>
ST_1 : Operation 110 [1/1] (0.00ns)   --->   "%XW_block_87_addr = getelementptr i16 %XW_block_87, i64 0, i64 %zext_ln89" [src/integrated-gcn/integrated_gcn_approx.cpp:93]   --->   Operation 110 'getelementptr' 'XW_block_87_addr' <Predicate = (!icmp_ln89)> <Delay = 0.00>
ST_1 : Operation 111 [1/1] (0.00ns)   --->   "%XW_block_151_addr = getelementptr i16 %XW_block_151, i64 0, i64 %zext_ln89" [src/integrated-gcn/integrated_gcn_approx.cpp:93]   --->   Operation 111 'getelementptr' 'XW_block_151_addr' <Predicate = (!icmp_ln89)> <Delay = 0.00>
ST_1 : Operation 112 [1/1] (0.00ns)   --->   "%XW_block_215_addr = getelementptr i16 %XW_block_215, i64 0, i64 %zext_ln89" [src/integrated-gcn/integrated_gcn_approx.cpp:93]   --->   Operation 112 'getelementptr' 'XW_block_215_addr' <Predicate = (!icmp_ln89)> <Delay = 0.00>
ST_1 : Operation 113 [1/1] (0.00ns)   --->   "%XW_block_24_addr = getelementptr i16 %XW_block_24, i64 0, i64 %zext_ln89" [src/integrated-gcn/integrated_gcn_approx.cpp:93]   --->   Operation 113 'getelementptr' 'XW_block_24_addr' <Predicate = (!icmp_ln89)> <Delay = 0.00>
ST_1 : Operation 114 [1/1] (0.00ns)   --->   "%XW_block_88_addr = getelementptr i16 %XW_block_88, i64 0, i64 %zext_ln89" [src/integrated-gcn/integrated_gcn_approx.cpp:93]   --->   Operation 114 'getelementptr' 'XW_block_88_addr' <Predicate = (!icmp_ln89)> <Delay = 0.00>
ST_1 : Operation 115 [1/1] (0.00ns)   --->   "%XW_block_152_addr = getelementptr i16 %XW_block_152, i64 0, i64 %zext_ln89" [src/integrated-gcn/integrated_gcn_approx.cpp:93]   --->   Operation 115 'getelementptr' 'XW_block_152_addr' <Predicate = (!icmp_ln89)> <Delay = 0.00>
ST_1 : Operation 116 [1/1] (0.00ns)   --->   "%XW_block_216_addr = getelementptr i16 %XW_block_216, i64 0, i64 %zext_ln89" [src/integrated-gcn/integrated_gcn_approx.cpp:93]   --->   Operation 116 'getelementptr' 'XW_block_216_addr' <Predicate = (!icmp_ln89)> <Delay = 0.00>
ST_1 : Operation 117 [1/1] (0.00ns)   --->   "%XW_block_25_addr = getelementptr i16 %XW_block_25, i64 0, i64 %zext_ln89" [src/integrated-gcn/integrated_gcn_approx.cpp:93]   --->   Operation 117 'getelementptr' 'XW_block_25_addr' <Predicate = (!icmp_ln89)> <Delay = 0.00>
ST_1 : Operation 118 [1/1] (0.00ns)   --->   "%XW_block_89_addr = getelementptr i16 %XW_block_89, i64 0, i64 %zext_ln89" [src/integrated-gcn/integrated_gcn_approx.cpp:93]   --->   Operation 118 'getelementptr' 'XW_block_89_addr' <Predicate = (!icmp_ln89)> <Delay = 0.00>
ST_1 : Operation 119 [1/1] (0.00ns)   --->   "%XW_block_153_addr = getelementptr i16 %XW_block_153, i64 0, i64 %zext_ln89" [src/integrated-gcn/integrated_gcn_approx.cpp:93]   --->   Operation 119 'getelementptr' 'XW_block_153_addr' <Predicate = (!icmp_ln89)> <Delay = 0.00>
ST_1 : Operation 120 [1/1] (0.00ns)   --->   "%XW_block_217_addr = getelementptr i16 %XW_block_217, i64 0, i64 %zext_ln89" [src/integrated-gcn/integrated_gcn_approx.cpp:93]   --->   Operation 120 'getelementptr' 'XW_block_217_addr' <Predicate = (!icmp_ln89)> <Delay = 0.00>
ST_1 : Operation 121 [1/1] (0.00ns)   --->   "%XW_block_26_addr = getelementptr i16 %XW_block_26, i64 0, i64 %zext_ln89" [src/integrated-gcn/integrated_gcn_approx.cpp:93]   --->   Operation 121 'getelementptr' 'XW_block_26_addr' <Predicate = (!icmp_ln89)> <Delay = 0.00>
ST_1 : Operation 122 [1/1] (0.00ns)   --->   "%XW_block_90_addr = getelementptr i16 %XW_block_90, i64 0, i64 %zext_ln89" [src/integrated-gcn/integrated_gcn_approx.cpp:93]   --->   Operation 122 'getelementptr' 'XW_block_90_addr' <Predicate = (!icmp_ln89)> <Delay = 0.00>
ST_1 : Operation 123 [1/1] (0.00ns)   --->   "%XW_block_154_addr = getelementptr i16 %XW_block_154, i64 0, i64 %zext_ln89" [src/integrated-gcn/integrated_gcn_approx.cpp:93]   --->   Operation 123 'getelementptr' 'XW_block_154_addr' <Predicate = (!icmp_ln89)> <Delay = 0.00>
ST_1 : Operation 124 [1/1] (0.00ns)   --->   "%XW_block_218_addr = getelementptr i16 %XW_block_218, i64 0, i64 %zext_ln89" [src/integrated-gcn/integrated_gcn_approx.cpp:93]   --->   Operation 124 'getelementptr' 'XW_block_218_addr' <Predicate = (!icmp_ln89)> <Delay = 0.00>
ST_1 : Operation 125 [1/1] (0.00ns)   --->   "%XW_block_27_addr = getelementptr i16 %XW_block_27, i64 0, i64 %zext_ln89" [src/integrated-gcn/integrated_gcn_approx.cpp:93]   --->   Operation 125 'getelementptr' 'XW_block_27_addr' <Predicate = (!icmp_ln89)> <Delay = 0.00>
ST_1 : Operation 126 [1/1] (0.00ns)   --->   "%XW_block_91_addr = getelementptr i16 %XW_block_91, i64 0, i64 %zext_ln89" [src/integrated-gcn/integrated_gcn_approx.cpp:93]   --->   Operation 126 'getelementptr' 'XW_block_91_addr' <Predicate = (!icmp_ln89)> <Delay = 0.00>
ST_1 : Operation 127 [1/1] (0.00ns)   --->   "%XW_block_155_addr = getelementptr i16 %XW_block_155, i64 0, i64 %zext_ln89" [src/integrated-gcn/integrated_gcn_approx.cpp:93]   --->   Operation 127 'getelementptr' 'XW_block_155_addr' <Predicate = (!icmp_ln89)> <Delay = 0.00>
ST_1 : Operation 128 [1/1] (0.00ns)   --->   "%XW_block_219_addr = getelementptr i16 %XW_block_219, i64 0, i64 %zext_ln89" [src/integrated-gcn/integrated_gcn_approx.cpp:93]   --->   Operation 128 'getelementptr' 'XW_block_219_addr' <Predicate = (!icmp_ln89)> <Delay = 0.00>
ST_1 : Operation 129 [1/1] (0.00ns)   --->   "%XW_block_28_addr = getelementptr i16 %XW_block_28, i64 0, i64 %zext_ln89" [src/integrated-gcn/integrated_gcn_approx.cpp:93]   --->   Operation 129 'getelementptr' 'XW_block_28_addr' <Predicate = (!icmp_ln89)> <Delay = 0.00>
ST_1 : Operation 130 [1/1] (0.00ns)   --->   "%XW_block_92_addr = getelementptr i16 %XW_block_92, i64 0, i64 %zext_ln89" [src/integrated-gcn/integrated_gcn_approx.cpp:93]   --->   Operation 130 'getelementptr' 'XW_block_92_addr' <Predicate = (!icmp_ln89)> <Delay = 0.00>
ST_1 : Operation 131 [1/1] (0.00ns)   --->   "%XW_block_156_addr = getelementptr i16 %XW_block_156, i64 0, i64 %zext_ln89" [src/integrated-gcn/integrated_gcn_approx.cpp:93]   --->   Operation 131 'getelementptr' 'XW_block_156_addr' <Predicate = (!icmp_ln89)> <Delay = 0.00>
ST_1 : Operation 132 [1/1] (0.00ns)   --->   "%XW_block_220_addr = getelementptr i16 %XW_block_220, i64 0, i64 %zext_ln89" [src/integrated-gcn/integrated_gcn_approx.cpp:93]   --->   Operation 132 'getelementptr' 'XW_block_220_addr' <Predicate = (!icmp_ln89)> <Delay = 0.00>
ST_1 : Operation 133 [1/1] (0.00ns)   --->   "%XW_block_29_addr = getelementptr i16 %XW_block_29, i64 0, i64 %zext_ln89" [src/integrated-gcn/integrated_gcn_approx.cpp:93]   --->   Operation 133 'getelementptr' 'XW_block_29_addr' <Predicate = (!icmp_ln89)> <Delay = 0.00>
ST_1 : Operation 134 [1/1] (0.00ns)   --->   "%XW_block_93_addr = getelementptr i16 %XW_block_93, i64 0, i64 %zext_ln89" [src/integrated-gcn/integrated_gcn_approx.cpp:93]   --->   Operation 134 'getelementptr' 'XW_block_93_addr' <Predicate = (!icmp_ln89)> <Delay = 0.00>
ST_1 : Operation 135 [1/1] (0.00ns)   --->   "%XW_block_157_addr = getelementptr i16 %XW_block_157, i64 0, i64 %zext_ln89" [src/integrated-gcn/integrated_gcn_approx.cpp:93]   --->   Operation 135 'getelementptr' 'XW_block_157_addr' <Predicate = (!icmp_ln89)> <Delay = 0.00>
ST_1 : Operation 136 [1/1] (0.00ns)   --->   "%XW_block_221_addr = getelementptr i16 %XW_block_221, i64 0, i64 %zext_ln89" [src/integrated-gcn/integrated_gcn_approx.cpp:93]   --->   Operation 136 'getelementptr' 'XW_block_221_addr' <Predicate = (!icmp_ln89)> <Delay = 0.00>
ST_1 : Operation 137 [1/1] (0.00ns)   --->   "%XW_block_30_addr = getelementptr i16 %XW_block_30, i64 0, i64 %zext_ln89" [src/integrated-gcn/integrated_gcn_approx.cpp:93]   --->   Operation 137 'getelementptr' 'XW_block_30_addr' <Predicate = (!icmp_ln89)> <Delay = 0.00>
ST_1 : Operation 138 [1/1] (0.00ns)   --->   "%XW_block_94_addr = getelementptr i16 %XW_block_94, i64 0, i64 %zext_ln89" [src/integrated-gcn/integrated_gcn_approx.cpp:93]   --->   Operation 138 'getelementptr' 'XW_block_94_addr' <Predicate = (!icmp_ln89)> <Delay = 0.00>
ST_1 : Operation 139 [1/1] (0.00ns)   --->   "%XW_block_158_addr = getelementptr i16 %XW_block_158, i64 0, i64 %zext_ln89" [src/integrated-gcn/integrated_gcn_approx.cpp:93]   --->   Operation 139 'getelementptr' 'XW_block_158_addr' <Predicate = (!icmp_ln89)> <Delay = 0.00>
ST_1 : Operation 140 [1/1] (0.00ns)   --->   "%XW_block_222_addr = getelementptr i16 %XW_block_222, i64 0, i64 %zext_ln89" [src/integrated-gcn/integrated_gcn_approx.cpp:93]   --->   Operation 140 'getelementptr' 'XW_block_222_addr' <Predicate = (!icmp_ln89)> <Delay = 0.00>
ST_1 : Operation 141 [1/1] (0.00ns)   --->   "%XW_block_31_addr = getelementptr i16 %XW_block_31, i64 0, i64 %zext_ln89" [src/integrated-gcn/integrated_gcn_approx.cpp:93]   --->   Operation 141 'getelementptr' 'XW_block_31_addr' <Predicate = (!icmp_ln89)> <Delay = 0.00>
ST_1 : Operation 142 [1/1] (0.00ns)   --->   "%XW_block_95_addr = getelementptr i16 %XW_block_95, i64 0, i64 %zext_ln89" [src/integrated-gcn/integrated_gcn_approx.cpp:93]   --->   Operation 142 'getelementptr' 'XW_block_95_addr' <Predicate = (!icmp_ln89)> <Delay = 0.00>
ST_1 : Operation 143 [1/1] (0.00ns)   --->   "%XW_block_159_addr = getelementptr i16 %XW_block_159, i64 0, i64 %zext_ln89" [src/integrated-gcn/integrated_gcn_approx.cpp:93]   --->   Operation 143 'getelementptr' 'XW_block_159_addr' <Predicate = (!icmp_ln89)> <Delay = 0.00>
ST_1 : Operation 144 [1/1] (0.00ns)   --->   "%XW_block_223_addr = getelementptr i16 %XW_block_223, i64 0, i64 %zext_ln89" [src/integrated-gcn/integrated_gcn_approx.cpp:93]   --->   Operation 144 'getelementptr' 'XW_block_223_addr' <Predicate = (!icmp_ln89)> <Delay = 0.00>
ST_1 : Operation 145 [1/1] (0.00ns)   --->   "%XW_block_32_addr = getelementptr i16 %XW_block_32, i64 0, i64 %zext_ln89" [src/integrated-gcn/integrated_gcn_approx.cpp:93]   --->   Operation 145 'getelementptr' 'XW_block_32_addr' <Predicate = (!icmp_ln89)> <Delay = 0.00>
ST_1 : Operation 146 [1/1] (0.00ns)   --->   "%XW_block_96_addr = getelementptr i16 %XW_block_96, i64 0, i64 %zext_ln89" [src/integrated-gcn/integrated_gcn_approx.cpp:93]   --->   Operation 146 'getelementptr' 'XW_block_96_addr' <Predicate = (!icmp_ln89)> <Delay = 0.00>
ST_1 : Operation 147 [1/1] (0.00ns)   --->   "%XW_block_160_addr = getelementptr i16 %XW_block_160, i64 0, i64 %zext_ln89" [src/integrated-gcn/integrated_gcn_approx.cpp:93]   --->   Operation 147 'getelementptr' 'XW_block_160_addr' <Predicate = (!icmp_ln89)> <Delay = 0.00>
ST_1 : Operation 148 [1/1] (0.00ns)   --->   "%XW_block_224_addr = getelementptr i16 %XW_block_224, i64 0, i64 %zext_ln89" [src/integrated-gcn/integrated_gcn_approx.cpp:93]   --->   Operation 148 'getelementptr' 'XW_block_224_addr' <Predicate = (!icmp_ln89)> <Delay = 0.00>
ST_1 : Operation 149 [1/1] (0.00ns)   --->   "%XW_block_33_addr = getelementptr i16 %XW_block_33, i64 0, i64 %zext_ln89" [src/integrated-gcn/integrated_gcn_approx.cpp:93]   --->   Operation 149 'getelementptr' 'XW_block_33_addr' <Predicate = (!icmp_ln89)> <Delay = 0.00>
ST_1 : Operation 150 [1/1] (0.00ns)   --->   "%XW_block_97_addr = getelementptr i16 %XW_block_97, i64 0, i64 %zext_ln89" [src/integrated-gcn/integrated_gcn_approx.cpp:93]   --->   Operation 150 'getelementptr' 'XW_block_97_addr' <Predicate = (!icmp_ln89)> <Delay = 0.00>
ST_1 : Operation 151 [1/1] (0.00ns)   --->   "%XW_block_161_addr = getelementptr i16 %XW_block_161, i64 0, i64 %zext_ln89" [src/integrated-gcn/integrated_gcn_approx.cpp:93]   --->   Operation 151 'getelementptr' 'XW_block_161_addr' <Predicate = (!icmp_ln89)> <Delay = 0.00>
ST_1 : Operation 152 [1/1] (0.00ns)   --->   "%XW_block_225_addr = getelementptr i16 %XW_block_225, i64 0, i64 %zext_ln89" [src/integrated-gcn/integrated_gcn_approx.cpp:93]   --->   Operation 152 'getelementptr' 'XW_block_225_addr' <Predicate = (!icmp_ln89)> <Delay = 0.00>
ST_1 : Operation 153 [1/1] (0.00ns)   --->   "%XW_block_34_addr = getelementptr i16 %XW_block_34, i64 0, i64 %zext_ln89" [src/integrated-gcn/integrated_gcn_approx.cpp:93]   --->   Operation 153 'getelementptr' 'XW_block_34_addr' <Predicate = (!icmp_ln89)> <Delay = 0.00>
ST_1 : Operation 154 [1/1] (0.00ns)   --->   "%XW_block_98_addr = getelementptr i16 %XW_block_98, i64 0, i64 %zext_ln89" [src/integrated-gcn/integrated_gcn_approx.cpp:93]   --->   Operation 154 'getelementptr' 'XW_block_98_addr' <Predicate = (!icmp_ln89)> <Delay = 0.00>
ST_1 : Operation 155 [1/1] (0.00ns)   --->   "%XW_block_162_addr = getelementptr i16 %XW_block_162, i64 0, i64 %zext_ln89" [src/integrated-gcn/integrated_gcn_approx.cpp:93]   --->   Operation 155 'getelementptr' 'XW_block_162_addr' <Predicate = (!icmp_ln89)> <Delay = 0.00>
ST_1 : Operation 156 [1/1] (0.00ns)   --->   "%XW_block_226_addr = getelementptr i16 %XW_block_226, i64 0, i64 %zext_ln89" [src/integrated-gcn/integrated_gcn_approx.cpp:93]   --->   Operation 156 'getelementptr' 'XW_block_226_addr' <Predicate = (!icmp_ln89)> <Delay = 0.00>
ST_1 : Operation 157 [1/1] (0.00ns)   --->   "%XW_block_35_addr = getelementptr i16 %XW_block_35, i64 0, i64 %zext_ln89" [src/integrated-gcn/integrated_gcn_approx.cpp:93]   --->   Operation 157 'getelementptr' 'XW_block_35_addr' <Predicate = (!icmp_ln89)> <Delay = 0.00>
ST_1 : Operation 158 [1/1] (0.00ns)   --->   "%XW_block_99_addr = getelementptr i16 %XW_block_99, i64 0, i64 %zext_ln89" [src/integrated-gcn/integrated_gcn_approx.cpp:93]   --->   Operation 158 'getelementptr' 'XW_block_99_addr' <Predicate = (!icmp_ln89)> <Delay = 0.00>
ST_1 : Operation 159 [1/1] (0.00ns)   --->   "%XW_block_163_addr = getelementptr i16 %XW_block_163, i64 0, i64 %zext_ln89" [src/integrated-gcn/integrated_gcn_approx.cpp:93]   --->   Operation 159 'getelementptr' 'XW_block_163_addr' <Predicate = (!icmp_ln89)> <Delay = 0.00>
ST_1 : Operation 160 [1/1] (0.00ns)   --->   "%XW_block_227_addr = getelementptr i16 %XW_block_227, i64 0, i64 %zext_ln89" [src/integrated-gcn/integrated_gcn_approx.cpp:93]   --->   Operation 160 'getelementptr' 'XW_block_227_addr' <Predicate = (!icmp_ln89)> <Delay = 0.00>
ST_1 : Operation 161 [1/1] (0.00ns)   --->   "%XW_block_36_addr = getelementptr i16 %XW_block_36, i64 0, i64 %zext_ln89" [src/integrated-gcn/integrated_gcn_approx.cpp:93]   --->   Operation 161 'getelementptr' 'XW_block_36_addr' <Predicate = (!icmp_ln89)> <Delay = 0.00>
ST_1 : Operation 162 [1/1] (0.00ns)   --->   "%XW_block_100_addr = getelementptr i16 %XW_block_100, i64 0, i64 %zext_ln89" [src/integrated-gcn/integrated_gcn_approx.cpp:93]   --->   Operation 162 'getelementptr' 'XW_block_100_addr' <Predicate = (!icmp_ln89)> <Delay = 0.00>
ST_1 : Operation 163 [1/1] (0.00ns)   --->   "%XW_block_164_addr = getelementptr i16 %XW_block_164, i64 0, i64 %zext_ln89" [src/integrated-gcn/integrated_gcn_approx.cpp:93]   --->   Operation 163 'getelementptr' 'XW_block_164_addr' <Predicate = (!icmp_ln89)> <Delay = 0.00>
ST_1 : Operation 164 [1/1] (0.00ns)   --->   "%XW_block_228_addr = getelementptr i16 %XW_block_228, i64 0, i64 %zext_ln89" [src/integrated-gcn/integrated_gcn_approx.cpp:93]   --->   Operation 164 'getelementptr' 'XW_block_228_addr' <Predicate = (!icmp_ln89)> <Delay = 0.00>
ST_1 : Operation 165 [1/1] (0.00ns)   --->   "%XW_block_37_addr = getelementptr i16 %XW_block_37, i64 0, i64 %zext_ln89" [src/integrated-gcn/integrated_gcn_approx.cpp:93]   --->   Operation 165 'getelementptr' 'XW_block_37_addr' <Predicate = (!icmp_ln89)> <Delay = 0.00>
ST_1 : Operation 166 [1/1] (0.00ns)   --->   "%XW_block_101_addr = getelementptr i16 %XW_block_101, i64 0, i64 %zext_ln89" [src/integrated-gcn/integrated_gcn_approx.cpp:93]   --->   Operation 166 'getelementptr' 'XW_block_101_addr' <Predicate = (!icmp_ln89)> <Delay = 0.00>
ST_1 : Operation 167 [1/1] (0.00ns)   --->   "%XW_block_165_addr = getelementptr i16 %XW_block_165, i64 0, i64 %zext_ln89" [src/integrated-gcn/integrated_gcn_approx.cpp:93]   --->   Operation 167 'getelementptr' 'XW_block_165_addr' <Predicate = (!icmp_ln89)> <Delay = 0.00>
ST_1 : Operation 168 [1/1] (0.00ns)   --->   "%XW_block_229_addr = getelementptr i16 %XW_block_229, i64 0, i64 %zext_ln89" [src/integrated-gcn/integrated_gcn_approx.cpp:93]   --->   Operation 168 'getelementptr' 'XW_block_229_addr' <Predicate = (!icmp_ln89)> <Delay = 0.00>
ST_1 : Operation 169 [1/1] (0.00ns)   --->   "%XW_block_38_addr = getelementptr i16 %XW_block_38, i64 0, i64 %zext_ln89" [src/integrated-gcn/integrated_gcn_approx.cpp:93]   --->   Operation 169 'getelementptr' 'XW_block_38_addr' <Predicate = (!icmp_ln89)> <Delay = 0.00>
ST_1 : Operation 170 [1/1] (0.00ns)   --->   "%XW_block_102_addr = getelementptr i16 %XW_block_102, i64 0, i64 %zext_ln89" [src/integrated-gcn/integrated_gcn_approx.cpp:93]   --->   Operation 170 'getelementptr' 'XW_block_102_addr' <Predicate = (!icmp_ln89)> <Delay = 0.00>
ST_1 : Operation 171 [1/1] (0.00ns)   --->   "%XW_block_166_addr = getelementptr i16 %XW_block_166, i64 0, i64 %zext_ln89" [src/integrated-gcn/integrated_gcn_approx.cpp:93]   --->   Operation 171 'getelementptr' 'XW_block_166_addr' <Predicate = (!icmp_ln89)> <Delay = 0.00>
ST_1 : Operation 172 [1/1] (0.00ns)   --->   "%XW_block_230_addr = getelementptr i16 %XW_block_230, i64 0, i64 %zext_ln89" [src/integrated-gcn/integrated_gcn_approx.cpp:93]   --->   Operation 172 'getelementptr' 'XW_block_230_addr' <Predicate = (!icmp_ln89)> <Delay = 0.00>
ST_1 : Operation 173 [1/1] (0.00ns)   --->   "%XW_block_39_addr = getelementptr i16 %XW_block_39, i64 0, i64 %zext_ln89" [src/integrated-gcn/integrated_gcn_approx.cpp:93]   --->   Operation 173 'getelementptr' 'XW_block_39_addr' <Predicate = (!icmp_ln89)> <Delay = 0.00>
ST_1 : Operation 174 [1/1] (0.00ns)   --->   "%XW_block_103_addr = getelementptr i16 %XW_block_103, i64 0, i64 %zext_ln89" [src/integrated-gcn/integrated_gcn_approx.cpp:93]   --->   Operation 174 'getelementptr' 'XW_block_103_addr' <Predicate = (!icmp_ln89)> <Delay = 0.00>
ST_1 : Operation 175 [1/1] (0.00ns)   --->   "%XW_block_167_addr = getelementptr i16 %XW_block_167, i64 0, i64 %zext_ln89" [src/integrated-gcn/integrated_gcn_approx.cpp:93]   --->   Operation 175 'getelementptr' 'XW_block_167_addr' <Predicate = (!icmp_ln89)> <Delay = 0.00>
ST_1 : Operation 176 [1/1] (0.00ns)   --->   "%XW_block_231_addr = getelementptr i16 %XW_block_231, i64 0, i64 %zext_ln89" [src/integrated-gcn/integrated_gcn_approx.cpp:93]   --->   Operation 176 'getelementptr' 'XW_block_231_addr' <Predicate = (!icmp_ln89)> <Delay = 0.00>
ST_1 : Operation 177 [1/1] (0.00ns)   --->   "%XW_block_40_addr = getelementptr i16 %XW_block_40, i64 0, i64 %zext_ln89" [src/integrated-gcn/integrated_gcn_approx.cpp:93]   --->   Operation 177 'getelementptr' 'XW_block_40_addr' <Predicate = (!icmp_ln89)> <Delay = 0.00>
ST_1 : Operation 178 [1/1] (0.00ns)   --->   "%XW_block_104_addr = getelementptr i16 %XW_block_104, i64 0, i64 %zext_ln89" [src/integrated-gcn/integrated_gcn_approx.cpp:93]   --->   Operation 178 'getelementptr' 'XW_block_104_addr' <Predicate = (!icmp_ln89)> <Delay = 0.00>
ST_1 : Operation 179 [1/1] (0.00ns)   --->   "%XW_block_168_addr = getelementptr i16 %XW_block_168, i64 0, i64 %zext_ln89" [src/integrated-gcn/integrated_gcn_approx.cpp:93]   --->   Operation 179 'getelementptr' 'XW_block_168_addr' <Predicate = (!icmp_ln89)> <Delay = 0.00>
ST_1 : Operation 180 [1/1] (0.00ns)   --->   "%XW_block_232_addr = getelementptr i16 %XW_block_232, i64 0, i64 %zext_ln89" [src/integrated-gcn/integrated_gcn_approx.cpp:93]   --->   Operation 180 'getelementptr' 'XW_block_232_addr' <Predicate = (!icmp_ln89)> <Delay = 0.00>
ST_1 : Operation 181 [1/1] (0.00ns)   --->   "%XW_block_41_addr = getelementptr i16 %XW_block_41, i64 0, i64 %zext_ln89" [src/integrated-gcn/integrated_gcn_approx.cpp:93]   --->   Operation 181 'getelementptr' 'XW_block_41_addr' <Predicate = (!icmp_ln89)> <Delay = 0.00>
ST_1 : Operation 182 [1/1] (0.00ns)   --->   "%XW_block_105_addr = getelementptr i16 %XW_block_105, i64 0, i64 %zext_ln89" [src/integrated-gcn/integrated_gcn_approx.cpp:93]   --->   Operation 182 'getelementptr' 'XW_block_105_addr' <Predicate = (!icmp_ln89)> <Delay = 0.00>
ST_1 : Operation 183 [1/1] (0.00ns)   --->   "%XW_block_169_addr = getelementptr i16 %XW_block_169, i64 0, i64 %zext_ln89" [src/integrated-gcn/integrated_gcn_approx.cpp:93]   --->   Operation 183 'getelementptr' 'XW_block_169_addr' <Predicate = (!icmp_ln89)> <Delay = 0.00>
ST_1 : Operation 184 [1/1] (0.00ns)   --->   "%XW_block_233_addr = getelementptr i16 %XW_block_233, i64 0, i64 %zext_ln89" [src/integrated-gcn/integrated_gcn_approx.cpp:93]   --->   Operation 184 'getelementptr' 'XW_block_233_addr' <Predicate = (!icmp_ln89)> <Delay = 0.00>
ST_1 : Operation 185 [1/1] (0.00ns)   --->   "%XW_block_42_addr = getelementptr i16 %XW_block_42, i64 0, i64 %zext_ln89" [src/integrated-gcn/integrated_gcn_approx.cpp:93]   --->   Operation 185 'getelementptr' 'XW_block_42_addr' <Predicate = (!icmp_ln89)> <Delay = 0.00>
ST_1 : Operation 186 [1/1] (0.00ns)   --->   "%XW_block_106_addr = getelementptr i16 %XW_block_106, i64 0, i64 %zext_ln89" [src/integrated-gcn/integrated_gcn_approx.cpp:93]   --->   Operation 186 'getelementptr' 'XW_block_106_addr' <Predicate = (!icmp_ln89)> <Delay = 0.00>
ST_1 : Operation 187 [1/1] (0.00ns)   --->   "%XW_block_170_addr = getelementptr i16 %XW_block_170, i64 0, i64 %zext_ln89" [src/integrated-gcn/integrated_gcn_approx.cpp:93]   --->   Operation 187 'getelementptr' 'XW_block_170_addr' <Predicate = (!icmp_ln89)> <Delay = 0.00>
ST_1 : Operation 188 [1/1] (0.00ns)   --->   "%XW_block_234_addr = getelementptr i16 %XW_block_234, i64 0, i64 %zext_ln89" [src/integrated-gcn/integrated_gcn_approx.cpp:93]   --->   Operation 188 'getelementptr' 'XW_block_234_addr' <Predicate = (!icmp_ln89)> <Delay = 0.00>
ST_1 : Operation 189 [1/1] (0.00ns)   --->   "%XW_block_43_addr = getelementptr i16 %XW_block_43, i64 0, i64 %zext_ln89" [src/integrated-gcn/integrated_gcn_approx.cpp:93]   --->   Operation 189 'getelementptr' 'XW_block_43_addr' <Predicate = (!icmp_ln89)> <Delay = 0.00>
ST_1 : Operation 190 [1/1] (0.00ns)   --->   "%XW_block_107_addr = getelementptr i16 %XW_block_107, i64 0, i64 %zext_ln89" [src/integrated-gcn/integrated_gcn_approx.cpp:93]   --->   Operation 190 'getelementptr' 'XW_block_107_addr' <Predicate = (!icmp_ln89)> <Delay = 0.00>
ST_1 : Operation 191 [1/1] (0.00ns)   --->   "%XW_block_171_addr = getelementptr i16 %XW_block_171, i64 0, i64 %zext_ln89" [src/integrated-gcn/integrated_gcn_approx.cpp:93]   --->   Operation 191 'getelementptr' 'XW_block_171_addr' <Predicate = (!icmp_ln89)> <Delay = 0.00>
ST_1 : Operation 192 [1/1] (0.00ns)   --->   "%XW_block_235_addr = getelementptr i16 %XW_block_235, i64 0, i64 %zext_ln89" [src/integrated-gcn/integrated_gcn_approx.cpp:93]   --->   Operation 192 'getelementptr' 'XW_block_235_addr' <Predicate = (!icmp_ln89)> <Delay = 0.00>
ST_1 : Operation 193 [1/1] (0.00ns)   --->   "%XW_block_44_addr = getelementptr i16 %XW_block_44, i64 0, i64 %zext_ln89" [src/integrated-gcn/integrated_gcn_approx.cpp:93]   --->   Operation 193 'getelementptr' 'XW_block_44_addr' <Predicate = (!icmp_ln89)> <Delay = 0.00>
ST_1 : Operation 194 [1/1] (0.00ns)   --->   "%XW_block_108_addr = getelementptr i16 %XW_block_108, i64 0, i64 %zext_ln89" [src/integrated-gcn/integrated_gcn_approx.cpp:93]   --->   Operation 194 'getelementptr' 'XW_block_108_addr' <Predicate = (!icmp_ln89)> <Delay = 0.00>
ST_1 : Operation 195 [1/1] (0.00ns)   --->   "%XW_block_172_addr = getelementptr i16 %XW_block_172, i64 0, i64 %zext_ln89" [src/integrated-gcn/integrated_gcn_approx.cpp:93]   --->   Operation 195 'getelementptr' 'XW_block_172_addr' <Predicate = (!icmp_ln89)> <Delay = 0.00>
ST_1 : Operation 196 [1/1] (0.00ns)   --->   "%XW_block_236_addr = getelementptr i16 %XW_block_236, i64 0, i64 %zext_ln89" [src/integrated-gcn/integrated_gcn_approx.cpp:93]   --->   Operation 196 'getelementptr' 'XW_block_236_addr' <Predicate = (!icmp_ln89)> <Delay = 0.00>
ST_1 : Operation 197 [1/1] (0.00ns)   --->   "%XW_block_45_addr = getelementptr i16 %XW_block_45, i64 0, i64 %zext_ln89" [src/integrated-gcn/integrated_gcn_approx.cpp:93]   --->   Operation 197 'getelementptr' 'XW_block_45_addr' <Predicate = (!icmp_ln89)> <Delay = 0.00>
ST_1 : Operation 198 [1/1] (0.00ns)   --->   "%XW_block_109_addr = getelementptr i16 %XW_block_109, i64 0, i64 %zext_ln89" [src/integrated-gcn/integrated_gcn_approx.cpp:93]   --->   Operation 198 'getelementptr' 'XW_block_109_addr' <Predicate = (!icmp_ln89)> <Delay = 0.00>
ST_1 : Operation 199 [1/1] (0.00ns)   --->   "%XW_block_173_addr = getelementptr i16 %XW_block_173, i64 0, i64 %zext_ln89" [src/integrated-gcn/integrated_gcn_approx.cpp:93]   --->   Operation 199 'getelementptr' 'XW_block_173_addr' <Predicate = (!icmp_ln89)> <Delay = 0.00>
ST_1 : Operation 200 [1/1] (0.00ns)   --->   "%XW_block_237_addr = getelementptr i16 %XW_block_237, i64 0, i64 %zext_ln89" [src/integrated-gcn/integrated_gcn_approx.cpp:93]   --->   Operation 200 'getelementptr' 'XW_block_237_addr' <Predicate = (!icmp_ln89)> <Delay = 0.00>
ST_1 : Operation 201 [1/1] (0.00ns)   --->   "%XW_block_46_addr = getelementptr i16 %XW_block_46, i64 0, i64 %zext_ln89" [src/integrated-gcn/integrated_gcn_approx.cpp:93]   --->   Operation 201 'getelementptr' 'XW_block_46_addr' <Predicate = (!icmp_ln89)> <Delay = 0.00>
ST_1 : Operation 202 [1/1] (0.00ns)   --->   "%XW_block_110_addr = getelementptr i16 %XW_block_110, i64 0, i64 %zext_ln89" [src/integrated-gcn/integrated_gcn_approx.cpp:93]   --->   Operation 202 'getelementptr' 'XW_block_110_addr' <Predicate = (!icmp_ln89)> <Delay = 0.00>
ST_1 : Operation 203 [1/1] (0.00ns)   --->   "%XW_block_174_addr = getelementptr i16 %XW_block_174, i64 0, i64 %zext_ln89" [src/integrated-gcn/integrated_gcn_approx.cpp:93]   --->   Operation 203 'getelementptr' 'XW_block_174_addr' <Predicate = (!icmp_ln89)> <Delay = 0.00>
ST_1 : Operation 204 [1/1] (0.00ns)   --->   "%XW_block_238_addr = getelementptr i16 %XW_block_238, i64 0, i64 %zext_ln89" [src/integrated-gcn/integrated_gcn_approx.cpp:93]   --->   Operation 204 'getelementptr' 'XW_block_238_addr' <Predicate = (!icmp_ln89)> <Delay = 0.00>
ST_1 : Operation 205 [1/1] (0.00ns)   --->   "%XW_block_47_addr = getelementptr i16 %XW_block_47, i64 0, i64 %zext_ln89" [src/integrated-gcn/integrated_gcn_approx.cpp:93]   --->   Operation 205 'getelementptr' 'XW_block_47_addr' <Predicate = (!icmp_ln89)> <Delay = 0.00>
ST_1 : Operation 206 [1/1] (0.00ns)   --->   "%XW_block_111_addr = getelementptr i16 %XW_block_111, i64 0, i64 %zext_ln89" [src/integrated-gcn/integrated_gcn_approx.cpp:93]   --->   Operation 206 'getelementptr' 'XW_block_111_addr' <Predicate = (!icmp_ln89)> <Delay = 0.00>
ST_1 : Operation 207 [1/1] (0.00ns)   --->   "%XW_block_175_addr = getelementptr i16 %XW_block_175, i64 0, i64 %zext_ln89" [src/integrated-gcn/integrated_gcn_approx.cpp:93]   --->   Operation 207 'getelementptr' 'XW_block_175_addr' <Predicate = (!icmp_ln89)> <Delay = 0.00>
ST_1 : Operation 208 [1/1] (0.00ns)   --->   "%XW_block_239_addr = getelementptr i16 %XW_block_239, i64 0, i64 %zext_ln89" [src/integrated-gcn/integrated_gcn_approx.cpp:93]   --->   Operation 208 'getelementptr' 'XW_block_239_addr' <Predicate = (!icmp_ln89)> <Delay = 0.00>
ST_1 : Operation 209 [1/1] (0.00ns)   --->   "%XW_block_48_addr = getelementptr i16 %XW_block_48, i64 0, i64 %zext_ln89" [src/integrated-gcn/integrated_gcn_approx.cpp:93]   --->   Operation 209 'getelementptr' 'XW_block_48_addr' <Predicate = (!icmp_ln89)> <Delay = 0.00>
ST_1 : Operation 210 [1/1] (0.00ns)   --->   "%XW_block_112_addr = getelementptr i16 %XW_block_112, i64 0, i64 %zext_ln89" [src/integrated-gcn/integrated_gcn_approx.cpp:93]   --->   Operation 210 'getelementptr' 'XW_block_112_addr' <Predicate = (!icmp_ln89)> <Delay = 0.00>
ST_1 : Operation 211 [1/1] (0.00ns)   --->   "%XW_block_176_addr = getelementptr i16 %XW_block_176, i64 0, i64 %zext_ln89" [src/integrated-gcn/integrated_gcn_approx.cpp:93]   --->   Operation 211 'getelementptr' 'XW_block_176_addr' <Predicate = (!icmp_ln89)> <Delay = 0.00>
ST_1 : Operation 212 [1/1] (0.00ns)   --->   "%XW_block_240_addr = getelementptr i16 %XW_block_240, i64 0, i64 %zext_ln89" [src/integrated-gcn/integrated_gcn_approx.cpp:93]   --->   Operation 212 'getelementptr' 'XW_block_240_addr' <Predicate = (!icmp_ln89)> <Delay = 0.00>
ST_1 : Operation 213 [1/1] (0.00ns)   --->   "%XW_block_49_addr = getelementptr i16 %XW_block_49, i64 0, i64 %zext_ln89" [src/integrated-gcn/integrated_gcn_approx.cpp:93]   --->   Operation 213 'getelementptr' 'XW_block_49_addr' <Predicate = (!icmp_ln89)> <Delay = 0.00>
ST_1 : Operation 214 [1/1] (0.00ns)   --->   "%XW_block_113_addr = getelementptr i16 %XW_block_113, i64 0, i64 %zext_ln89" [src/integrated-gcn/integrated_gcn_approx.cpp:93]   --->   Operation 214 'getelementptr' 'XW_block_113_addr' <Predicate = (!icmp_ln89)> <Delay = 0.00>
ST_1 : Operation 215 [1/1] (0.00ns)   --->   "%XW_block_177_addr = getelementptr i16 %XW_block_177, i64 0, i64 %zext_ln89" [src/integrated-gcn/integrated_gcn_approx.cpp:93]   --->   Operation 215 'getelementptr' 'XW_block_177_addr' <Predicate = (!icmp_ln89)> <Delay = 0.00>
ST_1 : Operation 216 [1/1] (0.00ns)   --->   "%XW_block_241_addr = getelementptr i16 %XW_block_241, i64 0, i64 %zext_ln89" [src/integrated-gcn/integrated_gcn_approx.cpp:93]   --->   Operation 216 'getelementptr' 'XW_block_241_addr' <Predicate = (!icmp_ln89)> <Delay = 0.00>
ST_1 : Operation 217 [1/1] (0.00ns)   --->   "%XW_block_50_addr = getelementptr i16 %XW_block_50, i64 0, i64 %zext_ln89" [src/integrated-gcn/integrated_gcn_approx.cpp:93]   --->   Operation 217 'getelementptr' 'XW_block_50_addr' <Predicate = (!icmp_ln89)> <Delay = 0.00>
ST_1 : Operation 218 [1/1] (0.00ns)   --->   "%XW_block_114_addr = getelementptr i16 %XW_block_114, i64 0, i64 %zext_ln89" [src/integrated-gcn/integrated_gcn_approx.cpp:93]   --->   Operation 218 'getelementptr' 'XW_block_114_addr' <Predicate = (!icmp_ln89)> <Delay = 0.00>
ST_1 : Operation 219 [1/1] (0.00ns)   --->   "%XW_block_178_addr = getelementptr i16 %XW_block_178, i64 0, i64 %zext_ln89" [src/integrated-gcn/integrated_gcn_approx.cpp:93]   --->   Operation 219 'getelementptr' 'XW_block_178_addr' <Predicate = (!icmp_ln89)> <Delay = 0.00>
ST_1 : Operation 220 [1/1] (0.00ns)   --->   "%XW_block_242_addr = getelementptr i16 %XW_block_242, i64 0, i64 %zext_ln89" [src/integrated-gcn/integrated_gcn_approx.cpp:93]   --->   Operation 220 'getelementptr' 'XW_block_242_addr' <Predicate = (!icmp_ln89)> <Delay = 0.00>
ST_1 : Operation 221 [1/1] (0.00ns)   --->   "%XW_block_51_addr = getelementptr i16 %XW_block_51, i64 0, i64 %zext_ln89" [src/integrated-gcn/integrated_gcn_approx.cpp:93]   --->   Operation 221 'getelementptr' 'XW_block_51_addr' <Predicate = (!icmp_ln89)> <Delay = 0.00>
ST_1 : Operation 222 [1/1] (0.00ns)   --->   "%XW_block_115_addr = getelementptr i16 %XW_block_115, i64 0, i64 %zext_ln89" [src/integrated-gcn/integrated_gcn_approx.cpp:93]   --->   Operation 222 'getelementptr' 'XW_block_115_addr' <Predicate = (!icmp_ln89)> <Delay = 0.00>
ST_1 : Operation 223 [1/1] (0.00ns)   --->   "%XW_block_179_addr = getelementptr i16 %XW_block_179, i64 0, i64 %zext_ln89" [src/integrated-gcn/integrated_gcn_approx.cpp:93]   --->   Operation 223 'getelementptr' 'XW_block_179_addr' <Predicate = (!icmp_ln89)> <Delay = 0.00>
ST_1 : Operation 224 [1/1] (0.00ns)   --->   "%XW_block_243_addr = getelementptr i16 %XW_block_243, i64 0, i64 %zext_ln89" [src/integrated-gcn/integrated_gcn_approx.cpp:93]   --->   Operation 224 'getelementptr' 'XW_block_243_addr' <Predicate = (!icmp_ln89)> <Delay = 0.00>
ST_1 : Operation 225 [1/1] (0.00ns)   --->   "%XW_block_52_addr = getelementptr i16 %XW_block_52, i64 0, i64 %zext_ln89" [src/integrated-gcn/integrated_gcn_approx.cpp:93]   --->   Operation 225 'getelementptr' 'XW_block_52_addr' <Predicate = (!icmp_ln89)> <Delay = 0.00>
ST_1 : Operation 226 [1/1] (0.00ns)   --->   "%XW_block_116_addr = getelementptr i16 %XW_block_116, i64 0, i64 %zext_ln89" [src/integrated-gcn/integrated_gcn_approx.cpp:93]   --->   Operation 226 'getelementptr' 'XW_block_116_addr' <Predicate = (!icmp_ln89)> <Delay = 0.00>
ST_1 : Operation 227 [1/1] (0.00ns)   --->   "%XW_block_180_addr = getelementptr i16 %XW_block_180, i64 0, i64 %zext_ln89" [src/integrated-gcn/integrated_gcn_approx.cpp:93]   --->   Operation 227 'getelementptr' 'XW_block_180_addr' <Predicate = (!icmp_ln89)> <Delay = 0.00>
ST_1 : Operation 228 [1/1] (0.00ns)   --->   "%XW_block_244_addr = getelementptr i16 %XW_block_244, i64 0, i64 %zext_ln89" [src/integrated-gcn/integrated_gcn_approx.cpp:93]   --->   Operation 228 'getelementptr' 'XW_block_244_addr' <Predicate = (!icmp_ln89)> <Delay = 0.00>
ST_1 : Operation 229 [1/1] (0.00ns)   --->   "%XW_block_53_addr = getelementptr i16 %XW_block_53, i64 0, i64 %zext_ln89" [src/integrated-gcn/integrated_gcn_approx.cpp:93]   --->   Operation 229 'getelementptr' 'XW_block_53_addr' <Predicate = (!icmp_ln89)> <Delay = 0.00>
ST_1 : Operation 230 [1/1] (0.00ns)   --->   "%XW_block_117_addr = getelementptr i16 %XW_block_117, i64 0, i64 %zext_ln89" [src/integrated-gcn/integrated_gcn_approx.cpp:93]   --->   Operation 230 'getelementptr' 'XW_block_117_addr' <Predicate = (!icmp_ln89)> <Delay = 0.00>
ST_1 : Operation 231 [1/1] (0.00ns)   --->   "%XW_block_181_addr = getelementptr i16 %XW_block_181, i64 0, i64 %zext_ln89" [src/integrated-gcn/integrated_gcn_approx.cpp:93]   --->   Operation 231 'getelementptr' 'XW_block_181_addr' <Predicate = (!icmp_ln89)> <Delay = 0.00>
ST_1 : Operation 232 [1/1] (0.00ns)   --->   "%XW_block_245_addr = getelementptr i16 %XW_block_245, i64 0, i64 %zext_ln89" [src/integrated-gcn/integrated_gcn_approx.cpp:93]   --->   Operation 232 'getelementptr' 'XW_block_245_addr' <Predicate = (!icmp_ln89)> <Delay = 0.00>
ST_1 : Operation 233 [1/1] (0.00ns)   --->   "%XW_block_54_addr = getelementptr i16 %XW_block_54, i64 0, i64 %zext_ln89" [src/integrated-gcn/integrated_gcn_approx.cpp:93]   --->   Operation 233 'getelementptr' 'XW_block_54_addr' <Predicate = (!icmp_ln89)> <Delay = 0.00>
ST_1 : Operation 234 [1/1] (0.00ns)   --->   "%XW_block_118_addr = getelementptr i16 %XW_block_118, i64 0, i64 %zext_ln89" [src/integrated-gcn/integrated_gcn_approx.cpp:93]   --->   Operation 234 'getelementptr' 'XW_block_118_addr' <Predicate = (!icmp_ln89)> <Delay = 0.00>
ST_1 : Operation 235 [1/1] (0.00ns)   --->   "%XW_block_182_addr = getelementptr i16 %XW_block_182, i64 0, i64 %zext_ln89" [src/integrated-gcn/integrated_gcn_approx.cpp:93]   --->   Operation 235 'getelementptr' 'XW_block_182_addr' <Predicate = (!icmp_ln89)> <Delay = 0.00>
ST_1 : Operation 236 [1/1] (0.00ns)   --->   "%XW_block_246_addr = getelementptr i16 %XW_block_246, i64 0, i64 %zext_ln89" [src/integrated-gcn/integrated_gcn_approx.cpp:93]   --->   Operation 236 'getelementptr' 'XW_block_246_addr' <Predicate = (!icmp_ln89)> <Delay = 0.00>
ST_1 : Operation 237 [1/1] (0.00ns)   --->   "%XW_block_55_addr = getelementptr i16 %XW_block_55, i64 0, i64 %zext_ln89" [src/integrated-gcn/integrated_gcn_approx.cpp:93]   --->   Operation 237 'getelementptr' 'XW_block_55_addr' <Predicate = (!icmp_ln89)> <Delay = 0.00>
ST_1 : Operation 238 [1/1] (0.00ns)   --->   "%XW_block_119_addr = getelementptr i16 %XW_block_119, i64 0, i64 %zext_ln89" [src/integrated-gcn/integrated_gcn_approx.cpp:93]   --->   Operation 238 'getelementptr' 'XW_block_119_addr' <Predicate = (!icmp_ln89)> <Delay = 0.00>
ST_1 : Operation 239 [1/1] (0.00ns)   --->   "%XW_block_183_addr = getelementptr i16 %XW_block_183, i64 0, i64 %zext_ln89" [src/integrated-gcn/integrated_gcn_approx.cpp:93]   --->   Operation 239 'getelementptr' 'XW_block_183_addr' <Predicate = (!icmp_ln89)> <Delay = 0.00>
ST_1 : Operation 240 [1/1] (0.00ns)   --->   "%XW_block_247_addr = getelementptr i16 %XW_block_247, i64 0, i64 %zext_ln89" [src/integrated-gcn/integrated_gcn_approx.cpp:93]   --->   Operation 240 'getelementptr' 'XW_block_247_addr' <Predicate = (!icmp_ln89)> <Delay = 0.00>
ST_1 : Operation 241 [1/1] (0.00ns)   --->   "%XW_block_56_addr = getelementptr i16 %XW_block_56, i64 0, i64 %zext_ln89" [src/integrated-gcn/integrated_gcn_approx.cpp:93]   --->   Operation 241 'getelementptr' 'XW_block_56_addr' <Predicate = (!icmp_ln89)> <Delay = 0.00>
ST_1 : Operation 242 [1/1] (0.00ns)   --->   "%XW_block_120_addr = getelementptr i16 %XW_block_120, i64 0, i64 %zext_ln89" [src/integrated-gcn/integrated_gcn_approx.cpp:93]   --->   Operation 242 'getelementptr' 'XW_block_120_addr' <Predicate = (!icmp_ln89)> <Delay = 0.00>
ST_1 : Operation 243 [1/1] (0.00ns)   --->   "%XW_block_184_addr = getelementptr i16 %XW_block_184, i64 0, i64 %zext_ln89" [src/integrated-gcn/integrated_gcn_approx.cpp:93]   --->   Operation 243 'getelementptr' 'XW_block_184_addr' <Predicate = (!icmp_ln89)> <Delay = 0.00>
ST_1 : Operation 244 [1/1] (0.00ns)   --->   "%XW_block_248_addr = getelementptr i16 %XW_block_248, i64 0, i64 %zext_ln89" [src/integrated-gcn/integrated_gcn_approx.cpp:93]   --->   Operation 244 'getelementptr' 'XW_block_248_addr' <Predicate = (!icmp_ln89)> <Delay = 0.00>
ST_1 : Operation 245 [1/1] (0.00ns)   --->   "%XW_block_57_addr = getelementptr i16 %XW_block_57, i64 0, i64 %zext_ln89" [src/integrated-gcn/integrated_gcn_approx.cpp:93]   --->   Operation 245 'getelementptr' 'XW_block_57_addr' <Predicate = (!icmp_ln89)> <Delay = 0.00>
ST_1 : Operation 246 [1/1] (0.00ns)   --->   "%XW_block_121_addr = getelementptr i16 %XW_block_121, i64 0, i64 %zext_ln89" [src/integrated-gcn/integrated_gcn_approx.cpp:93]   --->   Operation 246 'getelementptr' 'XW_block_121_addr' <Predicate = (!icmp_ln89)> <Delay = 0.00>
ST_1 : Operation 247 [1/1] (0.00ns)   --->   "%XW_block_185_addr = getelementptr i16 %XW_block_185, i64 0, i64 %zext_ln89" [src/integrated-gcn/integrated_gcn_approx.cpp:93]   --->   Operation 247 'getelementptr' 'XW_block_185_addr' <Predicate = (!icmp_ln89)> <Delay = 0.00>
ST_1 : Operation 248 [1/1] (0.00ns)   --->   "%XW_block_249_addr = getelementptr i16 %XW_block_249, i64 0, i64 %zext_ln89" [src/integrated-gcn/integrated_gcn_approx.cpp:93]   --->   Operation 248 'getelementptr' 'XW_block_249_addr' <Predicate = (!icmp_ln89)> <Delay = 0.00>
ST_1 : Operation 249 [1/1] (0.00ns)   --->   "%XW_block_58_addr = getelementptr i16 %XW_block_58, i64 0, i64 %zext_ln89" [src/integrated-gcn/integrated_gcn_approx.cpp:93]   --->   Operation 249 'getelementptr' 'XW_block_58_addr' <Predicate = (!icmp_ln89)> <Delay = 0.00>
ST_1 : Operation 250 [1/1] (0.00ns)   --->   "%XW_block_122_addr = getelementptr i16 %XW_block_122, i64 0, i64 %zext_ln89" [src/integrated-gcn/integrated_gcn_approx.cpp:93]   --->   Operation 250 'getelementptr' 'XW_block_122_addr' <Predicate = (!icmp_ln89)> <Delay = 0.00>
ST_1 : Operation 251 [1/1] (0.00ns)   --->   "%XW_block_186_addr = getelementptr i16 %XW_block_186, i64 0, i64 %zext_ln89" [src/integrated-gcn/integrated_gcn_approx.cpp:93]   --->   Operation 251 'getelementptr' 'XW_block_186_addr' <Predicate = (!icmp_ln89)> <Delay = 0.00>
ST_1 : Operation 252 [1/1] (0.00ns)   --->   "%XW_block_250_addr = getelementptr i16 %XW_block_250, i64 0, i64 %zext_ln89" [src/integrated-gcn/integrated_gcn_approx.cpp:93]   --->   Operation 252 'getelementptr' 'XW_block_250_addr' <Predicate = (!icmp_ln89)> <Delay = 0.00>
ST_1 : Operation 253 [1/1] (0.00ns)   --->   "%XW_block_59_addr = getelementptr i16 %XW_block_59, i64 0, i64 %zext_ln89" [src/integrated-gcn/integrated_gcn_approx.cpp:93]   --->   Operation 253 'getelementptr' 'XW_block_59_addr' <Predicate = (!icmp_ln89)> <Delay = 0.00>
ST_1 : Operation 254 [1/1] (0.00ns)   --->   "%XW_block_123_addr = getelementptr i16 %XW_block_123, i64 0, i64 %zext_ln89" [src/integrated-gcn/integrated_gcn_approx.cpp:93]   --->   Operation 254 'getelementptr' 'XW_block_123_addr' <Predicate = (!icmp_ln89)> <Delay = 0.00>
ST_1 : Operation 255 [1/1] (0.00ns)   --->   "%XW_block_187_addr = getelementptr i16 %XW_block_187, i64 0, i64 %zext_ln89" [src/integrated-gcn/integrated_gcn_approx.cpp:93]   --->   Operation 255 'getelementptr' 'XW_block_187_addr' <Predicate = (!icmp_ln89)> <Delay = 0.00>
ST_1 : Operation 256 [1/1] (0.00ns)   --->   "%XW_block_251_addr = getelementptr i16 %XW_block_251, i64 0, i64 %zext_ln89" [src/integrated-gcn/integrated_gcn_approx.cpp:93]   --->   Operation 256 'getelementptr' 'XW_block_251_addr' <Predicate = (!icmp_ln89)> <Delay = 0.00>
ST_1 : Operation 257 [1/1] (0.00ns)   --->   "%XW_block_60_addr = getelementptr i16 %XW_block_60, i64 0, i64 %zext_ln89" [src/integrated-gcn/integrated_gcn_approx.cpp:93]   --->   Operation 257 'getelementptr' 'XW_block_60_addr' <Predicate = (!icmp_ln89)> <Delay = 0.00>
ST_1 : Operation 258 [1/1] (0.00ns)   --->   "%XW_block_124_addr = getelementptr i16 %XW_block_124, i64 0, i64 %zext_ln89" [src/integrated-gcn/integrated_gcn_approx.cpp:93]   --->   Operation 258 'getelementptr' 'XW_block_124_addr' <Predicate = (!icmp_ln89)> <Delay = 0.00>
ST_1 : Operation 259 [1/1] (0.00ns)   --->   "%XW_block_188_addr = getelementptr i16 %XW_block_188, i64 0, i64 %zext_ln89" [src/integrated-gcn/integrated_gcn_approx.cpp:93]   --->   Operation 259 'getelementptr' 'XW_block_188_addr' <Predicate = (!icmp_ln89)> <Delay = 0.00>
ST_1 : Operation 260 [1/1] (0.00ns)   --->   "%XW_block_252_addr = getelementptr i16 %XW_block_252, i64 0, i64 %zext_ln89" [src/integrated-gcn/integrated_gcn_approx.cpp:93]   --->   Operation 260 'getelementptr' 'XW_block_252_addr' <Predicate = (!icmp_ln89)> <Delay = 0.00>
ST_1 : Operation 261 [1/1] (0.00ns)   --->   "%XW_block_61_addr = getelementptr i16 %XW_block_61, i64 0, i64 %zext_ln89" [src/integrated-gcn/integrated_gcn_approx.cpp:93]   --->   Operation 261 'getelementptr' 'XW_block_61_addr' <Predicate = (!icmp_ln89)> <Delay = 0.00>
ST_1 : Operation 262 [1/1] (0.00ns)   --->   "%XW_block_125_addr = getelementptr i16 %XW_block_125, i64 0, i64 %zext_ln89" [src/integrated-gcn/integrated_gcn_approx.cpp:93]   --->   Operation 262 'getelementptr' 'XW_block_125_addr' <Predicate = (!icmp_ln89)> <Delay = 0.00>
ST_1 : Operation 263 [1/1] (0.00ns)   --->   "%XW_block_189_addr = getelementptr i16 %XW_block_189, i64 0, i64 %zext_ln89" [src/integrated-gcn/integrated_gcn_approx.cpp:93]   --->   Operation 263 'getelementptr' 'XW_block_189_addr' <Predicate = (!icmp_ln89)> <Delay = 0.00>
ST_1 : Operation 264 [1/1] (0.00ns)   --->   "%XW_block_253_addr = getelementptr i16 %XW_block_253, i64 0, i64 %zext_ln89" [src/integrated-gcn/integrated_gcn_approx.cpp:93]   --->   Operation 264 'getelementptr' 'XW_block_253_addr' <Predicate = (!icmp_ln89)> <Delay = 0.00>
ST_1 : Operation 265 [1/1] (0.00ns)   --->   "%XW_block_62_addr = getelementptr i16 %XW_block_62, i64 0, i64 %zext_ln89" [src/integrated-gcn/integrated_gcn_approx.cpp:93]   --->   Operation 265 'getelementptr' 'XW_block_62_addr' <Predicate = (!icmp_ln89)> <Delay = 0.00>
ST_1 : Operation 266 [1/1] (0.00ns)   --->   "%XW_block_126_addr = getelementptr i16 %XW_block_126, i64 0, i64 %zext_ln89" [src/integrated-gcn/integrated_gcn_approx.cpp:93]   --->   Operation 266 'getelementptr' 'XW_block_126_addr' <Predicate = (!icmp_ln89)> <Delay = 0.00>
ST_1 : Operation 267 [1/1] (0.00ns)   --->   "%XW_block_190_addr = getelementptr i16 %XW_block_190, i64 0, i64 %zext_ln89" [src/integrated-gcn/integrated_gcn_approx.cpp:93]   --->   Operation 267 'getelementptr' 'XW_block_190_addr' <Predicate = (!icmp_ln89)> <Delay = 0.00>
ST_1 : Operation 268 [1/1] (0.00ns)   --->   "%XW_block_254_addr = getelementptr i16 %XW_block_254, i64 0, i64 %zext_ln89" [src/integrated-gcn/integrated_gcn_approx.cpp:93]   --->   Operation 268 'getelementptr' 'XW_block_254_addr' <Predicate = (!icmp_ln89)> <Delay = 0.00>
ST_1 : Operation 269 [1/1] (0.00ns)   --->   "%XW_block_63_addr = getelementptr i16 %XW_block_63, i64 0, i64 %zext_ln89" [src/integrated-gcn/integrated_gcn_approx.cpp:93]   --->   Operation 269 'getelementptr' 'XW_block_63_addr' <Predicate = (!icmp_ln89)> <Delay = 0.00>
ST_1 : Operation 270 [1/1] (0.00ns)   --->   "%XW_block_127_addr = getelementptr i16 %XW_block_127, i64 0, i64 %zext_ln89" [src/integrated-gcn/integrated_gcn_approx.cpp:93]   --->   Operation 270 'getelementptr' 'XW_block_127_addr' <Predicate = (!icmp_ln89)> <Delay = 0.00>
ST_1 : Operation 271 [1/1] (0.00ns)   --->   "%XW_block_191_addr = getelementptr i16 %XW_block_191, i64 0, i64 %zext_ln89" [src/integrated-gcn/integrated_gcn_approx.cpp:93]   --->   Operation 271 'getelementptr' 'XW_block_191_addr' <Predicate = (!icmp_ln89)> <Delay = 0.00>
ST_1 : Operation 272 [1/1] (0.00ns)   --->   "%XW_block_255_addr = getelementptr i16 %XW_block_255, i64 0, i64 %zext_ln89" [src/integrated-gcn/integrated_gcn_approx.cpp:93]   --->   Operation 272 'getelementptr' 'XW_block_255_addr' <Predicate = (!icmp_ln89)> <Delay = 0.00>
ST_1 : Operation 273 [1/1] (0.54ns)   --->   "%switch_ln93 = switch i2 %trunc_ln89, void %arrayidx143.63.case.3, i2 0, void %arrayidx143.63.case.0, i2 1, void %arrayidx143.63.case.1, i2 2, void %arrayidx143.63.case.2" [src/integrated-gcn/integrated_gcn_approx.cpp:93]   --->   Operation 273 'switch' 'switch_ln93' <Predicate = (!icmp_ln89)> <Delay = 0.54>
ST_1 : Operation 274 [1/1] ( I:0.67ns O:0.67ns )   --->   "%store_ln93 = store i16 0, i4 %XW_block_128_addr" [src/integrated-gcn/integrated_gcn_approx.cpp:93]   --->   Operation 274 'store' 'store_ln93' <Predicate = (!icmp_ln89 & trunc_ln89 == 2)> <Delay = 0.67> <CoreInst = "RAM">   --->   Core 82 'RAM' <Latency = 1> <II = 1> <Delay = 0.67> <Storage> <Opcode : 'load' 'store'> <Ports = 2> <Width = 16> <Depth = 16> <RAM>
ST_1 : Operation 275 [1/1] ( I:0.67ns O:0.67ns )   --->   "%store_ln93 = store i16 0, i4 %XW_block_129_addr" [src/integrated-gcn/integrated_gcn_approx.cpp:93]   --->   Operation 275 'store' 'store_ln93' <Predicate = (!icmp_ln89 & trunc_ln89 == 2)> <Delay = 0.67> <CoreInst = "RAM">   --->   Core 82 'RAM' <Latency = 1> <II = 1> <Delay = 0.67> <Storage> <Opcode : 'load' 'store'> <Ports = 2> <Width = 16> <Depth = 16> <RAM>
ST_1 : Operation 276 [1/1] ( I:0.67ns O:0.67ns )   --->   "%store_ln93 = store i16 0, i4 %XW_block_130_addr" [src/integrated-gcn/integrated_gcn_approx.cpp:93]   --->   Operation 276 'store' 'store_ln93' <Predicate = (!icmp_ln89 & trunc_ln89 == 2)> <Delay = 0.67> <CoreInst = "RAM">   --->   Core 82 'RAM' <Latency = 1> <II = 1> <Delay = 0.67> <Storage> <Opcode : 'load' 'store'> <Ports = 2> <Width = 16> <Depth = 16> <RAM>
ST_1 : Operation 277 [1/1] ( I:0.67ns O:0.67ns )   --->   "%store_ln93 = store i16 0, i4 %XW_block_131_addr" [src/integrated-gcn/integrated_gcn_approx.cpp:93]   --->   Operation 277 'store' 'store_ln93' <Predicate = (!icmp_ln89 & trunc_ln89 == 2)> <Delay = 0.67> <CoreInst = "RAM">   --->   Core 82 'RAM' <Latency = 1> <II = 1> <Delay = 0.67> <Storage> <Opcode : 'load' 'store'> <Ports = 2> <Width = 16> <Depth = 16> <RAM>
ST_1 : Operation 278 [1/1] ( I:0.67ns O:0.67ns )   --->   "%store_ln93 = store i16 0, i4 %XW_block_132_addr" [src/integrated-gcn/integrated_gcn_approx.cpp:93]   --->   Operation 278 'store' 'store_ln93' <Predicate = (!icmp_ln89 & trunc_ln89 == 2)> <Delay = 0.67> <CoreInst = "RAM">   --->   Core 82 'RAM' <Latency = 1> <II = 1> <Delay = 0.67> <Storage> <Opcode : 'load' 'store'> <Ports = 2> <Width = 16> <Depth = 16> <RAM>
ST_1 : Operation 279 [1/1] ( I:0.67ns O:0.67ns )   --->   "%store_ln93 = store i16 0, i4 %XW_block_133_addr" [src/integrated-gcn/integrated_gcn_approx.cpp:93]   --->   Operation 279 'store' 'store_ln93' <Predicate = (!icmp_ln89 & trunc_ln89 == 2)> <Delay = 0.67> <CoreInst = "RAM">   --->   Core 82 'RAM' <Latency = 1> <II = 1> <Delay = 0.67> <Storage> <Opcode : 'load' 'store'> <Ports = 2> <Width = 16> <Depth = 16> <RAM>
ST_1 : Operation 280 [1/1] ( I:0.67ns O:0.67ns )   --->   "%store_ln93 = store i16 0, i4 %XW_block_134_addr" [src/integrated-gcn/integrated_gcn_approx.cpp:93]   --->   Operation 280 'store' 'store_ln93' <Predicate = (!icmp_ln89 & trunc_ln89 == 2)> <Delay = 0.67> <CoreInst = "RAM">   --->   Core 82 'RAM' <Latency = 1> <II = 1> <Delay = 0.67> <Storage> <Opcode : 'load' 'store'> <Ports = 2> <Width = 16> <Depth = 16> <RAM>
ST_1 : Operation 281 [1/1] ( I:0.67ns O:0.67ns )   --->   "%store_ln93 = store i16 0, i4 %XW_block_135_addr" [src/integrated-gcn/integrated_gcn_approx.cpp:93]   --->   Operation 281 'store' 'store_ln93' <Predicate = (!icmp_ln89 & trunc_ln89 == 2)> <Delay = 0.67> <CoreInst = "RAM">   --->   Core 82 'RAM' <Latency = 1> <II = 1> <Delay = 0.67> <Storage> <Opcode : 'load' 'store'> <Ports = 2> <Width = 16> <Depth = 16> <RAM>
ST_1 : Operation 282 [1/1] ( I:0.67ns O:0.67ns )   --->   "%store_ln93 = store i16 0, i4 %XW_block_136_addr" [src/integrated-gcn/integrated_gcn_approx.cpp:93]   --->   Operation 282 'store' 'store_ln93' <Predicate = (!icmp_ln89 & trunc_ln89 == 2)> <Delay = 0.67> <CoreInst = "RAM">   --->   Core 82 'RAM' <Latency = 1> <II = 1> <Delay = 0.67> <Storage> <Opcode : 'load' 'store'> <Ports = 2> <Width = 16> <Depth = 16> <RAM>
ST_1 : Operation 283 [1/1] ( I:0.67ns O:0.67ns )   --->   "%store_ln93 = store i16 0, i4 %XW_block_137_addr" [src/integrated-gcn/integrated_gcn_approx.cpp:93]   --->   Operation 283 'store' 'store_ln93' <Predicate = (!icmp_ln89 & trunc_ln89 == 2)> <Delay = 0.67> <CoreInst = "RAM">   --->   Core 82 'RAM' <Latency = 1> <II = 1> <Delay = 0.67> <Storage> <Opcode : 'load' 'store'> <Ports = 2> <Width = 16> <Depth = 16> <RAM>
ST_1 : Operation 284 [1/1] ( I:0.67ns O:0.67ns )   --->   "%store_ln93 = store i16 0, i4 %XW_block_138_addr" [src/integrated-gcn/integrated_gcn_approx.cpp:93]   --->   Operation 284 'store' 'store_ln93' <Predicate = (!icmp_ln89 & trunc_ln89 == 2)> <Delay = 0.67> <CoreInst = "RAM">   --->   Core 82 'RAM' <Latency = 1> <II = 1> <Delay = 0.67> <Storage> <Opcode : 'load' 'store'> <Ports = 2> <Width = 16> <Depth = 16> <RAM>
ST_1 : Operation 285 [1/1] ( I:0.67ns O:0.67ns )   --->   "%store_ln93 = store i16 0, i4 %XW_block_139_addr" [src/integrated-gcn/integrated_gcn_approx.cpp:93]   --->   Operation 285 'store' 'store_ln93' <Predicate = (!icmp_ln89 & trunc_ln89 == 2)> <Delay = 0.67> <CoreInst = "RAM">   --->   Core 82 'RAM' <Latency = 1> <II = 1> <Delay = 0.67> <Storage> <Opcode : 'load' 'store'> <Ports = 2> <Width = 16> <Depth = 16> <RAM>
ST_1 : Operation 286 [1/1] ( I:0.67ns O:0.67ns )   --->   "%store_ln93 = store i16 0, i4 %XW_block_140_addr" [src/integrated-gcn/integrated_gcn_approx.cpp:93]   --->   Operation 286 'store' 'store_ln93' <Predicate = (!icmp_ln89 & trunc_ln89 == 2)> <Delay = 0.67> <CoreInst = "RAM">   --->   Core 82 'RAM' <Latency = 1> <II = 1> <Delay = 0.67> <Storage> <Opcode : 'load' 'store'> <Ports = 2> <Width = 16> <Depth = 16> <RAM>
ST_1 : Operation 287 [1/1] ( I:0.67ns O:0.67ns )   --->   "%store_ln93 = store i16 0, i4 %XW_block_141_addr" [src/integrated-gcn/integrated_gcn_approx.cpp:93]   --->   Operation 287 'store' 'store_ln93' <Predicate = (!icmp_ln89 & trunc_ln89 == 2)> <Delay = 0.67> <CoreInst = "RAM">   --->   Core 82 'RAM' <Latency = 1> <II = 1> <Delay = 0.67> <Storage> <Opcode : 'load' 'store'> <Ports = 2> <Width = 16> <Depth = 16> <RAM>
ST_1 : Operation 288 [1/1] ( I:0.67ns O:0.67ns )   --->   "%store_ln93 = store i16 0, i4 %XW_block_142_addr" [src/integrated-gcn/integrated_gcn_approx.cpp:93]   --->   Operation 288 'store' 'store_ln93' <Predicate = (!icmp_ln89 & trunc_ln89 == 2)> <Delay = 0.67> <CoreInst = "RAM">   --->   Core 82 'RAM' <Latency = 1> <II = 1> <Delay = 0.67> <Storage> <Opcode : 'load' 'store'> <Ports = 2> <Width = 16> <Depth = 16> <RAM>
ST_1 : Operation 289 [1/1] ( I:0.67ns O:0.67ns )   --->   "%store_ln93 = store i16 0, i4 %XW_block_143_addr" [src/integrated-gcn/integrated_gcn_approx.cpp:93]   --->   Operation 289 'store' 'store_ln93' <Predicate = (!icmp_ln89 & trunc_ln89 == 2)> <Delay = 0.67> <CoreInst = "RAM">   --->   Core 82 'RAM' <Latency = 1> <II = 1> <Delay = 0.67> <Storage> <Opcode : 'load' 'store'> <Ports = 2> <Width = 16> <Depth = 16> <RAM>
ST_1 : Operation 290 [1/1] ( I:0.67ns O:0.67ns )   --->   "%store_ln93 = store i16 0, i4 %XW_block_144_addr" [src/integrated-gcn/integrated_gcn_approx.cpp:93]   --->   Operation 290 'store' 'store_ln93' <Predicate = (!icmp_ln89 & trunc_ln89 == 2)> <Delay = 0.67> <CoreInst = "RAM">   --->   Core 82 'RAM' <Latency = 1> <II = 1> <Delay = 0.67> <Storage> <Opcode : 'load' 'store'> <Ports = 2> <Width = 16> <Depth = 16> <RAM>
ST_1 : Operation 291 [1/1] ( I:0.67ns O:0.67ns )   --->   "%store_ln93 = store i16 0, i4 %XW_block_145_addr" [src/integrated-gcn/integrated_gcn_approx.cpp:93]   --->   Operation 291 'store' 'store_ln93' <Predicate = (!icmp_ln89 & trunc_ln89 == 2)> <Delay = 0.67> <CoreInst = "RAM">   --->   Core 82 'RAM' <Latency = 1> <II = 1> <Delay = 0.67> <Storage> <Opcode : 'load' 'store'> <Ports = 2> <Width = 16> <Depth = 16> <RAM>
ST_1 : Operation 292 [1/1] ( I:0.67ns O:0.67ns )   --->   "%store_ln93 = store i16 0, i4 %XW_block_146_addr" [src/integrated-gcn/integrated_gcn_approx.cpp:93]   --->   Operation 292 'store' 'store_ln93' <Predicate = (!icmp_ln89 & trunc_ln89 == 2)> <Delay = 0.67> <CoreInst = "RAM">   --->   Core 82 'RAM' <Latency = 1> <II = 1> <Delay = 0.67> <Storage> <Opcode : 'load' 'store'> <Ports = 2> <Width = 16> <Depth = 16> <RAM>
ST_1 : Operation 293 [1/1] ( I:0.67ns O:0.67ns )   --->   "%store_ln93 = store i16 0, i4 %XW_block_147_addr" [src/integrated-gcn/integrated_gcn_approx.cpp:93]   --->   Operation 293 'store' 'store_ln93' <Predicate = (!icmp_ln89 & trunc_ln89 == 2)> <Delay = 0.67> <CoreInst = "RAM">   --->   Core 82 'RAM' <Latency = 1> <II = 1> <Delay = 0.67> <Storage> <Opcode : 'load' 'store'> <Ports = 2> <Width = 16> <Depth = 16> <RAM>
ST_1 : Operation 294 [1/1] ( I:0.67ns O:0.67ns )   --->   "%store_ln93 = store i16 0, i4 %XW_block_148_addr" [src/integrated-gcn/integrated_gcn_approx.cpp:93]   --->   Operation 294 'store' 'store_ln93' <Predicate = (!icmp_ln89 & trunc_ln89 == 2)> <Delay = 0.67> <CoreInst = "RAM">   --->   Core 82 'RAM' <Latency = 1> <II = 1> <Delay = 0.67> <Storage> <Opcode : 'load' 'store'> <Ports = 2> <Width = 16> <Depth = 16> <RAM>
ST_1 : Operation 295 [1/1] ( I:0.67ns O:0.67ns )   --->   "%store_ln93 = store i16 0, i4 %XW_block_149_addr" [src/integrated-gcn/integrated_gcn_approx.cpp:93]   --->   Operation 295 'store' 'store_ln93' <Predicate = (!icmp_ln89 & trunc_ln89 == 2)> <Delay = 0.67> <CoreInst = "RAM">   --->   Core 82 'RAM' <Latency = 1> <II = 1> <Delay = 0.67> <Storage> <Opcode : 'load' 'store'> <Ports = 2> <Width = 16> <Depth = 16> <RAM>
ST_1 : Operation 296 [1/1] ( I:0.67ns O:0.67ns )   --->   "%store_ln93 = store i16 0, i4 %XW_block_150_addr" [src/integrated-gcn/integrated_gcn_approx.cpp:93]   --->   Operation 296 'store' 'store_ln93' <Predicate = (!icmp_ln89 & trunc_ln89 == 2)> <Delay = 0.67> <CoreInst = "RAM">   --->   Core 82 'RAM' <Latency = 1> <II = 1> <Delay = 0.67> <Storage> <Opcode : 'load' 'store'> <Ports = 2> <Width = 16> <Depth = 16> <RAM>
ST_1 : Operation 297 [1/1] ( I:0.67ns O:0.67ns )   --->   "%store_ln93 = store i16 0, i4 %XW_block_151_addr" [src/integrated-gcn/integrated_gcn_approx.cpp:93]   --->   Operation 297 'store' 'store_ln93' <Predicate = (!icmp_ln89 & trunc_ln89 == 2)> <Delay = 0.67> <CoreInst = "RAM">   --->   Core 82 'RAM' <Latency = 1> <II = 1> <Delay = 0.67> <Storage> <Opcode : 'load' 'store'> <Ports = 2> <Width = 16> <Depth = 16> <RAM>
ST_1 : Operation 298 [1/1] ( I:0.67ns O:0.67ns )   --->   "%store_ln93 = store i16 0, i4 %XW_block_152_addr" [src/integrated-gcn/integrated_gcn_approx.cpp:93]   --->   Operation 298 'store' 'store_ln93' <Predicate = (!icmp_ln89 & trunc_ln89 == 2)> <Delay = 0.67> <CoreInst = "RAM">   --->   Core 82 'RAM' <Latency = 1> <II = 1> <Delay = 0.67> <Storage> <Opcode : 'load' 'store'> <Ports = 2> <Width = 16> <Depth = 16> <RAM>
ST_1 : Operation 299 [1/1] ( I:0.67ns O:0.67ns )   --->   "%store_ln93 = store i16 0, i4 %XW_block_153_addr" [src/integrated-gcn/integrated_gcn_approx.cpp:93]   --->   Operation 299 'store' 'store_ln93' <Predicate = (!icmp_ln89 & trunc_ln89 == 2)> <Delay = 0.67> <CoreInst = "RAM">   --->   Core 82 'RAM' <Latency = 1> <II = 1> <Delay = 0.67> <Storage> <Opcode : 'load' 'store'> <Ports = 2> <Width = 16> <Depth = 16> <RAM>
ST_1 : Operation 300 [1/1] ( I:0.67ns O:0.67ns )   --->   "%store_ln93 = store i16 0, i4 %XW_block_154_addr" [src/integrated-gcn/integrated_gcn_approx.cpp:93]   --->   Operation 300 'store' 'store_ln93' <Predicate = (!icmp_ln89 & trunc_ln89 == 2)> <Delay = 0.67> <CoreInst = "RAM">   --->   Core 82 'RAM' <Latency = 1> <II = 1> <Delay = 0.67> <Storage> <Opcode : 'load' 'store'> <Ports = 2> <Width = 16> <Depth = 16> <RAM>
ST_1 : Operation 301 [1/1] ( I:0.67ns O:0.67ns )   --->   "%store_ln93 = store i16 0, i4 %XW_block_155_addr" [src/integrated-gcn/integrated_gcn_approx.cpp:93]   --->   Operation 301 'store' 'store_ln93' <Predicate = (!icmp_ln89 & trunc_ln89 == 2)> <Delay = 0.67> <CoreInst = "RAM">   --->   Core 82 'RAM' <Latency = 1> <II = 1> <Delay = 0.67> <Storage> <Opcode : 'load' 'store'> <Ports = 2> <Width = 16> <Depth = 16> <RAM>
ST_1 : Operation 302 [1/1] ( I:0.67ns O:0.67ns )   --->   "%store_ln93 = store i16 0, i4 %XW_block_156_addr" [src/integrated-gcn/integrated_gcn_approx.cpp:93]   --->   Operation 302 'store' 'store_ln93' <Predicate = (!icmp_ln89 & trunc_ln89 == 2)> <Delay = 0.67> <CoreInst = "RAM">   --->   Core 82 'RAM' <Latency = 1> <II = 1> <Delay = 0.67> <Storage> <Opcode : 'load' 'store'> <Ports = 2> <Width = 16> <Depth = 16> <RAM>
ST_1 : Operation 303 [1/1] ( I:0.67ns O:0.67ns )   --->   "%store_ln93 = store i16 0, i4 %XW_block_157_addr" [src/integrated-gcn/integrated_gcn_approx.cpp:93]   --->   Operation 303 'store' 'store_ln93' <Predicate = (!icmp_ln89 & trunc_ln89 == 2)> <Delay = 0.67> <CoreInst = "RAM">   --->   Core 82 'RAM' <Latency = 1> <II = 1> <Delay = 0.67> <Storage> <Opcode : 'load' 'store'> <Ports = 2> <Width = 16> <Depth = 16> <RAM>
ST_1 : Operation 304 [1/1] ( I:0.67ns O:0.67ns )   --->   "%store_ln93 = store i16 0, i4 %XW_block_158_addr" [src/integrated-gcn/integrated_gcn_approx.cpp:93]   --->   Operation 304 'store' 'store_ln93' <Predicate = (!icmp_ln89 & trunc_ln89 == 2)> <Delay = 0.67> <CoreInst = "RAM">   --->   Core 82 'RAM' <Latency = 1> <II = 1> <Delay = 0.67> <Storage> <Opcode : 'load' 'store'> <Ports = 2> <Width = 16> <Depth = 16> <RAM>
ST_1 : Operation 305 [1/1] ( I:0.67ns O:0.67ns )   --->   "%store_ln93 = store i16 0, i4 %XW_block_159_addr" [src/integrated-gcn/integrated_gcn_approx.cpp:93]   --->   Operation 305 'store' 'store_ln93' <Predicate = (!icmp_ln89 & trunc_ln89 == 2)> <Delay = 0.67> <CoreInst = "RAM">   --->   Core 82 'RAM' <Latency = 1> <II = 1> <Delay = 0.67> <Storage> <Opcode : 'load' 'store'> <Ports = 2> <Width = 16> <Depth = 16> <RAM>
ST_1 : Operation 306 [1/1] ( I:0.67ns O:0.67ns )   --->   "%store_ln93 = store i16 0, i4 %XW_block_160_addr" [src/integrated-gcn/integrated_gcn_approx.cpp:93]   --->   Operation 306 'store' 'store_ln93' <Predicate = (!icmp_ln89 & trunc_ln89 == 2)> <Delay = 0.67> <CoreInst = "RAM">   --->   Core 82 'RAM' <Latency = 1> <II = 1> <Delay = 0.67> <Storage> <Opcode : 'load' 'store'> <Ports = 2> <Width = 16> <Depth = 16> <RAM>
ST_1 : Operation 307 [1/1] ( I:0.67ns O:0.67ns )   --->   "%store_ln93 = store i16 0, i4 %XW_block_161_addr" [src/integrated-gcn/integrated_gcn_approx.cpp:93]   --->   Operation 307 'store' 'store_ln93' <Predicate = (!icmp_ln89 & trunc_ln89 == 2)> <Delay = 0.67> <CoreInst = "RAM">   --->   Core 82 'RAM' <Latency = 1> <II = 1> <Delay = 0.67> <Storage> <Opcode : 'load' 'store'> <Ports = 2> <Width = 16> <Depth = 16> <RAM>
ST_1 : Operation 308 [1/1] ( I:0.67ns O:0.67ns )   --->   "%store_ln93 = store i16 0, i4 %XW_block_162_addr" [src/integrated-gcn/integrated_gcn_approx.cpp:93]   --->   Operation 308 'store' 'store_ln93' <Predicate = (!icmp_ln89 & trunc_ln89 == 2)> <Delay = 0.67> <CoreInst = "RAM">   --->   Core 82 'RAM' <Latency = 1> <II = 1> <Delay = 0.67> <Storage> <Opcode : 'load' 'store'> <Ports = 2> <Width = 16> <Depth = 16> <RAM>
ST_1 : Operation 309 [1/1] ( I:0.67ns O:0.67ns )   --->   "%store_ln93 = store i16 0, i4 %XW_block_163_addr" [src/integrated-gcn/integrated_gcn_approx.cpp:93]   --->   Operation 309 'store' 'store_ln93' <Predicate = (!icmp_ln89 & trunc_ln89 == 2)> <Delay = 0.67> <CoreInst = "RAM">   --->   Core 82 'RAM' <Latency = 1> <II = 1> <Delay = 0.67> <Storage> <Opcode : 'load' 'store'> <Ports = 2> <Width = 16> <Depth = 16> <RAM>
ST_1 : Operation 310 [1/1] ( I:0.67ns O:0.67ns )   --->   "%store_ln93 = store i16 0, i4 %XW_block_164_addr" [src/integrated-gcn/integrated_gcn_approx.cpp:93]   --->   Operation 310 'store' 'store_ln93' <Predicate = (!icmp_ln89 & trunc_ln89 == 2)> <Delay = 0.67> <CoreInst = "RAM">   --->   Core 82 'RAM' <Latency = 1> <II = 1> <Delay = 0.67> <Storage> <Opcode : 'load' 'store'> <Ports = 2> <Width = 16> <Depth = 16> <RAM>
ST_1 : Operation 311 [1/1] ( I:0.67ns O:0.67ns )   --->   "%store_ln93 = store i16 0, i4 %XW_block_165_addr" [src/integrated-gcn/integrated_gcn_approx.cpp:93]   --->   Operation 311 'store' 'store_ln93' <Predicate = (!icmp_ln89 & trunc_ln89 == 2)> <Delay = 0.67> <CoreInst = "RAM">   --->   Core 82 'RAM' <Latency = 1> <II = 1> <Delay = 0.67> <Storage> <Opcode : 'load' 'store'> <Ports = 2> <Width = 16> <Depth = 16> <RAM>
ST_1 : Operation 312 [1/1] ( I:0.67ns O:0.67ns )   --->   "%store_ln93 = store i16 0, i4 %XW_block_166_addr" [src/integrated-gcn/integrated_gcn_approx.cpp:93]   --->   Operation 312 'store' 'store_ln93' <Predicate = (!icmp_ln89 & trunc_ln89 == 2)> <Delay = 0.67> <CoreInst = "RAM">   --->   Core 82 'RAM' <Latency = 1> <II = 1> <Delay = 0.67> <Storage> <Opcode : 'load' 'store'> <Ports = 2> <Width = 16> <Depth = 16> <RAM>
ST_1 : Operation 313 [1/1] ( I:0.67ns O:0.67ns )   --->   "%store_ln93 = store i16 0, i4 %XW_block_167_addr" [src/integrated-gcn/integrated_gcn_approx.cpp:93]   --->   Operation 313 'store' 'store_ln93' <Predicate = (!icmp_ln89 & trunc_ln89 == 2)> <Delay = 0.67> <CoreInst = "RAM">   --->   Core 82 'RAM' <Latency = 1> <II = 1> <Delay = 0.67> <Storage> <Opcode : 'load' 'store'> <Ports = 2> <Width = 16> <Depth = 16> <RAM>
ST_1 : Operation 314 [1/1] ( I:0.67ns O:0.67ns )   --->   "%store_ln93 = store i16 0, i4 %XW_block_168_addr" [src/integrated-gcn/integrated_gcn_approx.cpp:93]   --->   Operation 314 'store' 'store_ln93' <Predicate = (!icmp_ln89 & trunc_ln89 == 2)> <Delay = 0.67> <CoreInst = "RAM">   --->   Core 82 'RAM' <Latency = 1> <II = 1> <Delay = 0.67> <Storage> <Opcode : 'load' 'store'> <Ports = 2> <Width = 16> <Depth = 16> <RAM>
ST_1 : Operation 315 [1/1] ( I:0.67ns O:0.67ns )   --->   "%store_ln93 = store i16 0, i4 %XW_block_169_addr" [src/integrated-gcn/integrated_gcn_approx.cpp:93]   --->   Operation 315 'store' 'store_ln93' <Predicate = (!icmp_ln89 & trunc_ln89 == 2)> <Delay = 0.67> <CoreInst = "RAM">   --->   Core 82 'RAM' <Latency = 1> <II = 1> <Delay = 0.67> <Storage> <Opcode : 'load' 'store'> <Ports = 2> <Width = 16> <Depth = 16> <RAM>
ST_1 : Operation 316 [1/1] ( I:0.67ns O:0.67ns )   --->   "%store_ln93 = store i16 0, i4 %XW_block_170_addr" [src/integrated-gcn/integrated_gcn_approx.cpp:93]   --->   Operation 316 'store' 'store_ln93' <Predicate = (!icmp_ln89 & trunc_ln89 == 2)> <Delay = 0.67> <CoreInst = "RAM">   --->   Core 82 'RAM' <Latency = 1> <II = 1> <Delay = 0.67> <Storage> <Opcode : 'load' 'store'> <Ports = 2> <Width = 16> <Depth = 16> <RAM>
ST_1 : Operation 317 [1/1] ( I:0.67ns O:0.67ns )   --->   "%store_ln93 = store i16 0, i4 %XW_block_171_addr" [src/integrated-gcn/integrated_gcn_approx.cpp:93]   --->   Operation 317 'store' 'store_ln93' <Predicate = (!icmp_ln89 & trunc_ln89 == 2)> <Delay = 0.67> <CoreInst = "RAM">   --->   Core 82 'RAM' <Latency = 1> <II = 1> <Delay = 0.67> <Storage> <Opcode : 'load' 'store'> <Ports = 2> <Width = 16> <Depth = 16> <RAM>
ST_1 : Operation 318 [1/1] ( I:0.67ns O:0.67ns )   --->   "%store_ln93 = store i16 0, i4 %XW_block_172_addr" [src/integrated-gcn/integrated_gcn_approx.cpp:93]   --->   Operation 318 'store' 'store_ln93' <Predicate = (!icmp_ln89 & trunc_ln89 == 2)> <Delay = 0.67> <CoreInst = "RAM">   --->   Core 82 'RAM' <Latency = 1> <II = 1> <Delay = 0.67> <Storage> <Opcode : 'load' 'store'> <Ports = 2> <Width = 16> <Depth = 16> <RAM>
ST_1 : Operation 319 [1/1] ( I:0.67ns O:0.67ns )   --->   "%store_ln93 = store i16 0, i4 %XW_block_173_addr" [src/integrated-gcn/integrated_gcn_approx.cpp:93]   --->   Operation 319 'store' 'store_ln93' <Predicate = (!icmp_ln89 & trunc_ln89 == 2)> <Delay = 0.67> <CoreInst = "RAM">   --->   Core 82 'RAM' <Latency = 1> <II = 1> <Delay = 0.67> <Storage> <Opcode : 'load' 'store'> <Ports = 2> <Width = 16> <Depth = 16> <RAM>
ST_1 : Operation 320 [1/1] ( I:0.67ns O:0.67ns )   --->   "%store_ln93 = store i16 0, i4 %XW_block_174_addr" [src/integrated-gcn/integrated_gcn_approx.cpp:93]   --->   Operation 320 'store' 'store_ln93' <Predicate = (!icmp_ln89 & trunc_ln89 == 2)> <Delay = 0.67> <CoreInst = "RAM">   --->   Core 82 'RAM' <Latency = 1> <II = 1> <Delay = 0.67> <Storage> <Opcode : 'load' 'store'> <Ports = 2> <Width = 16> <Depth = 16> <RAM>
ST_1 : Operation 321 [1/1] ( I:0.67ns O:0.67ns )   --->   "%store_ln93 = store i16 0, i4 %XW_block_175_addr" [src/integrated-gcn/integrated_gcn_approx.cpp:93]   --->   Operation 321 'store' 'store_ln93' <Predicate = (!icmp_ln89 & trunc_ln89 == 2)> <Delay = 0.67> <CoreInst = "RAM">   --->   Core 82 'RAM' <Latency = 1> <II = 1> <Delay = 0.67> <Storage> <Opcode : 'load' 'store'> <Ports = 2> <Width = 16> <Depth = 16> <RAM>
ST_1 : Operation 322 [1/1] ( I:0.67ns O:0.67ns )   --->   "%store_ln93 = store i16 0, i4 %XW_block_176_addr" [src/integrated-gcn/integrated_gcn_approx.cpp:93]   --->   Operation 322 'store' 'store_ln93' <Predicate = (!icmp_ln89 & trunc_ln89 == 2)> <Delay = 0.67> <CoreInst = "RAM">   --->   Core 82 'RAM' <Latency = 1> <II = 1> <Delay = 0.67> <Storage> <Opcode : 'load' 'store'> <Ports = 2> <Width = 16> <Depth = 16> <RAM>
ST_1 : Operation 323 [1/1] ( I:0.67ns O:0.67ns )   --->   "%store_ln93 = store i16 0, i4 %XW_block_177_addr" [src/integrated-gcn/integrated_gcn_approx.cpp:93]   --->   Operation 323 'store' 'store_ln93' <Predicate = (!icmp_ln89 & trunc_ln89 == 2)> <Delay = 0.67> <CoreInst = "RAM">   --->   Core 82 'RAM' <Latency = 1> <II = 1> <Delay = 0.67> <Storage> <Opcode : 'load' 'store'> <Ports = 2> <Width = 16> <Depth = 16> <RAM>
ST_1 : Operation 324 [1/1] ( I:0.67ns O:0.67ns )   --->   "%store_ln93 = store i16 0, i4 %XW_block_178_addr" [src/integrated-gcn/integrated_gcn_approx.cpp:93]   --->   Operation 324 'store' 'store_ln93' <Predicate = (!icmp_ln89 & trunc_ln89 == 2)> <Delay = 0.67> <CoreInst = "RAM">   --->   Core 82 'RAM' <Latency = 1> <II = 1> <Delay = 0.67> <Storage> <Opcode : 'load' 'store'> <Ports = 2> <Width = 16> <Depth = 16> <RAM>
ST_1 : Operation 325 [1/1] ( I:0.67ns O:0.67ns )   --->   "%store_ln93 = store i16 0, i4 %XW_block_179_addr" [src/integrated-gcn/integrated_gcn_approx.cpp:93]   --->   Operation 325 'store' 'store_ln93' <Predicate = (!icmp_ln89 & trunc_ln89 == 2)> <Delay = 0.67> <CoreInst = "RAM">   --->   Core 82 'RAM' <Latency = 1> <II = 1> <Delay = 0.67> <Storage> <Opcode : 'load' 'store'> <Ports = 2> <Width = 16> <Depth = 16> <RAM>
ST_1 : Operation 326 [1/1] ( I:0.67ns O:0.67ns )   --->   "%store_ln93 = store i16 0, i4 %XW_block_180_addr" [src/integrated-gcn/integrated_gcn_approx.cpp:93]   --->   Operation 326 'store' 'store_ln93' <Predicate = (!icmp_ln89 & trunc_ln89 == 2)> <Delay = 0.67> <CoreInst = "RAM">   --->   Core 82 'RAM' <Latency = 1> <II = 1> <Delay = 0.67> <Storage> <Opcode : 'load' 'store'> <Ports = 2> <Width = 16> <Depth = 16> <RAM>
ST_1 : Operation 327 [1/1] ( I:0.67ns O:0.67ns )   --->   "%store_ln93 = store i16 0, i4 %XW_block_181_addr" [src/integrated-gcn/integrated_gcn_approx.cpp:93]   --->   Operation 327 'store' 'store_ln93' <Predicate = (!icmp_ln89 & trunc_ln89 == 2)> <Delay = 0.67> <CoreInst = "RAM">   --->   Core 82 'RAM' <Latency = 1> <II = 1> <Delay = 0.67> <Storage> <Opcode : 'load' 'store'> <Ports = 2> <Width = 16> <Depth = 16> <RAM>
ST_1 : Operation 328 [1/1] ( I:0.67ns O:0.67ns )   --->   "%store_ln93 = store i16 0, i4 %XW_block_182_addr" [src/integrated-gcn/integrated_gcn_approx.cpp:93]   --->   Operation 328 'store' 'store_ln93' <Predicate = (!icmp_ln89 & trunc_ln89 == 2)> <Delay = 0.67> <CoreInst = "RAM">   --->   Core 82 'RAM' <Latency = 1> <II = 1> <Delay = 0.67> <Storage> <Opcode : 'load' 'store'> <Ports = 2> <Width = 16> <Depth = 16> <RAM>
ST_1 : Operation 329 [1/1] ( I:0.67ns O:0.67ns )   --->   "%store_ln93 = store i16 0, i4 %XW_block_183_addr" [src/integrated-gcn/integrated_gcn_approx.cpp:93]   --->   Operation 329 'store' 'store_ln93' <Predicate = (!icmp_ln89 & trunc_ln89 == 2)> <Delay = 0.67> <CoreInst = "RAM">   --->   Core 82 'RAM' <Latency = 1> <II = 1> <Delay = 0.67> <Storage> <Opcode : 'load' 'store'> <Ports = 2> <Width = 16> <Depth = 16> <RAM>
ST_1 : Operation 330 [1/1] ( I:0.67ns O:0.67ns )   --->   "%store_ln93 = store i16 0, i4 %XW_block_184_addr" [src/integrated-gcn/integrated_gcn_approx.cpp:93]   --->   Operation 330 'store' 'store_ln93' <Predicate = (!icmp_ln89 & trunc_ln89 == 2)> <Delay = 0.67> <CoreInst = "RAM">   --->   Core 82 'RAM' <Latency = 1> <II = 1> <Delay = 0.67> <Storage> <Opcode : 'load' 'store'> <Ports = 2> <Width = 16> <Depth = 16> <RAM>
ST_1 : Operation 331 [1/1] ( I:0.67ns O:0.67ns )   --->   "%store_ln93 = store i16 0, i4 %XW_block_185_addr" [src/integrated-gcn/integrated_gcn_approx.cpp:93]   --->   Operation 331 'store' 'store_ln93' <Predicate = (!icmp_ln89 & trunc_ln89 == 2)> <Delay = 0.67> <CoreInst = "RAM">   --->   Core 82 'RAM' <Latency = 1> <II = 1> <Delay = 0.67> <Storage> <Opcode : 'load' 'store'> <Ports = 2> <Width = 16> <Depth = 16> <RAM>
ST_1 : Operation 332 [1/1] ( I:0.67ns O:0.67ns )   --->   "%store_ln93 = store i16 0, i4 %XW_block_186_addr" [src/integrated-gcn/integrated_gcn_approx.cpp:93]   --->   Operation 332 'store' 'store_ln93' <Predicate = (!icmp_ln89 & trunc_ln89 == 2)> <Delay = 0.67> <CoreInst = "RAM">   --->   Core 82 'RAM' <Latency = 1> <II = 1> <Delay = 0.67> <Storage> <Opcode : 'load' 'store'> <Ports = 2> <Width = 16> <Depth = 16> <RAM>
ST_1 : Operation 333 [1/1] ( I:0.67ns O:0.67ns )   --->   "%store_ln93 = store i16 0, i4 %XW_block_187_addr" [src/integrated-gcn/integrated_gcn_approx.cpp:93]   --->   Operation 333 'store' 'store_ln93' <Predicate = (!icmp_ln89 & trunc_ln89 == 2)> <Delay = 0.67> <CoreInst = "RAM">   --->   Core 82 'RAM' <Latency = 1> <II = 1> <Delay = 0.67> <Storage> <Opcode : 'load' 'store'> <Ports = 2> <Width = 16> <Depth = 16> <RAM>
ST_1 : Operation 334 [1/1] ( I:0.67ns O:0.67ns )   --->   "%store_ln93 = store i16 0, i4 %XW_block_188_addr" [src/integrated-gcn/integrated_gcn_approx.cpp:93]   --->   Operation 334 'store' 'store_ln93' <Predicate = (!icmp_ln89 & trunc_ln89 == 2)> <Delay = 0.67> <CoreInst = "RAM">   --->   Core 82 'RAM' <Latency = 1> <II = 1> <Delay = 0.67> <Storage> <Opcode : 'load' 'store'> <Ports = 2> <Width = 16> <Depth = 16> <RAM>
ST_1 : Operation 335 [1/1] ( I:0.67ns O:0.67ns )   --->   "%store_ln93 = store i16 0, i4 %XW_block_189_addr" [src/integrated-gcn/integrated_gcn_approx.cpp:93]   --->   Operation 335 'store' 'store_ln93' <Predicate = (!icmp_ln89 & trunc_ln89 == 2)> <Delay = 0.67> <CoreInst = "RAM">   --->   Core 82 'RAM' <Latency = 1> <II = 1> <Delay = 0.67> <Storage> <Opcode : 'load' 'store'> <Ports = 2> <Width = 16> <Depth = 16> <RAM>
ST_1 : Operation 336 [1/1] ( I:0.67ns O:0.67ns )   --->   "%store_ln93 = store i16 0, i4 %XW_block_190_addr" [src/integrated-gcn/integrated_gcn_approx.cpp:93]   --->   Operation 336 'store' 'store_ln93' <Predicate = (!icmp_ln89 & trunc_ln89 == 2)> <Delay = 0.67> <CoreInst = "RAM">   --->   Core 82 'RAM' <Latency = 1> <II = 1> <Delay = 0.67> <Storage> <Opcode : 'load' 'store'> <Ports = 2> <Width = 16> <Depth = 16> <RAM>
ST_1 : Operation 337 [1/1] ( I:0.67ns O:0.67ns )   --->   "%store_ln93 = store i16 0, i4 %XW_block_191_addr" [src/integrated-gcn/integrated_gcn_approx.cpp:93]   --->   Operation 337 'store' 'store_ln93' <Predicate = (!icmp_ln89 & trunc_ln89 == 2)> <Delay = 0.67> <CoreInst = "RAM">   --->   Core 82 'RAM' <Latency = 1> <II = 1> <Delay = 0.67> <Storage> <Opcode : 'load' 'store'> <Ports = 2> <Width = 16> <Depth = 16> <RAM>
ST_1 : Operation 338 [1/1] (0.00ns)   --->   "%br_ln93 = br void %arrayidx143.63.exit" [src/integrated-gcn/integrated_gcn_approx.cpp:93]   --->   Operation 338 'br' 'br_ln93' <Predicate = (!icmp_ln89 & trunc_ln89 == 2)> <Delay = 0.00>
ST_1 : Operation 339 [1/1] ( I:0.67ns O:0.67ns )   --->   "%store_ln93 = store i16 0, i4 %XW_block_64_addr" [src/integrated-gcn/integrated_gcn_approx.cpp:93]   --->   Operation 339 'store' 'store_ln93' <Predicate = (!icmp_ln89 & trunc_ln89 == 1)> <Delay = 0.67> <CoreInst = "RAM">   --->   Core 82 'RAM' <Latency = 1> <II = 1> <Delay = 0.67> <Storage> <Opcode : 'load' 'store'> <Ports = 2> <Width = 16> <Depth = 16> <RAM>
ST_1 : Operation 340 [1/1] ( I:0.67ns O:0.67ns )   --->   "%store_ln93 = store i16 0, i4 %XW_block_65_addr" [src/integrated-gcn/integrated_gcn_approx.cpp:93]   --->   Operation 340 'store' 'store_ln93' <Predicate = (!icmp_ln89 & trunc_ln89 == 1)> <Delay = 0.67> <CoreInst = "RAM">   --->   Core 82 'RAM' <Latency = 1> <II = 1> <Delay = 0.67> <Storage> <Opcode : 'load' 'store'> <Ports = 2> <Width = 16> <Depth = 16> <RAM>
ST_1 : Operation 341 [1/1] ( I:0.67ns O:0.67ns )   --->   "%store_ln93 = store i16 0, i4 %XW_block_66_addr" [src/integrated-gcn/integrated_gcn_approx.cpp:93]   --->   Operation 341 'store' 'store_ln93' <Predicate = (!icmp_ln89 & trunc_ln89 == 1)> <Delay = 0.67> <CoreInst = "RAM">   --->   Core 82 'RAM' <Latency = 1> <II = 1> <Delay = 0.67> <Storage> <Opcode : 'load' 'store'> <Ports = 2> <Width = 16> <Depth = 16> <RAM>
ST_1 : Operation 342 [1/1] ( I:0.67ns O:0.67ns )   --->   "%store_ln93 = store i16 0, i4 %XW_block_67_addr" [src/integrated-gcn/integrated_gcn_approx.cpp:93]   --->   Operation 342 'store' 'store_ln93' <Predicate = (!icmp_ln89 & trunc_ln89 == 1)> <Delay = 0.67> <CoreInst = "RAM">   --->   Core 82 'RAM' <Latency = 1> <II = 1> <Delay = 0.67> <Storage> <Opcode : 'load' 'store'> <Ports = 2> <Width = 16> <Depth = 16> <RAM>
ST_1 : Operation 343 [1/1] ( I:0.67ns O:0.67ns )   --->   "%store_ln93 = store i16 0, i4 %XW_block_68_addr" [src/integrated-gcn/integrated_gcn_approx.cpp:93]   --->   Operation 343 'store' 'store_ln93' <Predicate = (!icmp_ln89 & trunc_ln89 == 1)> <Delay = 0.67> <CoreInst = "RAM">   --->   Core 82 'RAM' <Latency = 1> <II = 1> <Delay = 0.67> <Storage> <Opcode : 'load' 'store'> <Ports = 2> <Width = 16> <Depth = 16> <RAM>
ST_1 : Operation 344 [1/1] ( I:0.67ns O:0.67ns )   --->   "%store_ln93 = store i16 0, i4 %XW_block_69_addr" [src/integrated-gcn/integrated_gcn_approx.cpp:93]   --->   Operation 344 'store' 'store_ln93' <Predicate = (!icmp_ln89 & trunc_ln89 == 1)> <Delay = 0.67> <CoreInst = "RAM">   --->   Core 82 'RAM' <Latency = 1> <II = 1> <Delay = 0.67> <Storage> <Opcode : 'load' 'store'> <Ports = 2> <Width = 16> <Depth = 16> <RAM>
ST_1 : Operation 345 [1/1] ( I:0.67ns O:0.67ns )   --->   "%store_ln93 = store i16 0, i4 %XW_block_70_addr" [src/integrated-gcn/integrated_gcn_approx.cpp:93]   --->   Operation 345 'store' 'store_ln93' <Predicate = (!icmp_ln89 & trunc_ln89 == 1)> <Delay = 0.67> <CoreInst = "RAM">   --->   Core 82 'RAM' <Latency = 1> <II = 1> <Delay = 0.67> <Storage> <Opcode : 'load' 'store'> <Ports = 2> <Width = 16> <Depth = 16> <RAM>
ST_1 : Operation 346 [1/1] ( I:0.67ns O:0.67ns )   --->   "%store_ln93 = store i16 0, i4 %XW_block_71_addr" [src/integrated-gcn/integrated_gcn_approx.cpp:93]   --->   Operation 346 'store' 'store_ln93' <Predicate = (!icmp_ln89 & trunc_ln89 == 1)> <Delay = 0.67> <CoreInst = "RAM">   --->   Core 82 'RAM' <Latency = 1> <II = 1> <Delay = 0.67> <Storage> <Opcode : 'load' 'store'> <Ports = 2> <Width = 16> <Depth = 16> <RAM>
ST_1 : Operation 347 [1/1] ( I:0.67ns O:0.67ns )   --->   "%store_ln93 = store i16 0, i4 %XW_block_72_addr" [src/integrated-gcn/integrated_gcn_approx.cpp:93]   --->   Operation 347 'store' 'store_ln93' <Predicate = (!icmp_ln89 & trunc_ln89 == 1)> <Delay = 0.67> <CoreInst = "RAM">   --->   Core 82 'RAM' <Latency = 1> <II = 1> <Delay = 0.67> <Storage> <Opcode : 'load' 'store'> <Ports = 2> <Width = 16> <Depth = 16> <RAM>
ST_1 : Operation 348 [1/1] ( I:0.67ns O:0.67ns )   --->   "%store_ln93 = store i16 0, i4 %XW_block_73_addr" [src/integrated-gcn/integrated_gcn_approx.cpp:93]   --->   Operation 348 'store' 'store_ln93' <Predicate = (!icmp_ln89 & trunc_ln89 == 1)> <Delay = 0.67> <CoreInst = "RAM">   --->   Core 82 'RAM' <Latency = 1> <II = 1> <Delay = 0.67> <Storage> <Opcode : 'load' 'store'> <Ports = 2> <Width = 16> <Depth = 16> <RAM>
ST_1 : Operation 349 [1/1] ( I:0.67ns O:0.67ns )   --->   "%store_ln93 = store i16 0, i4 %XW_block_74_addr" [src/integrated-gcn/integrated_gcn_approx.cpp:93]   --->   Operation 349 'store' 'store_ln93' <Predicate = (!icmp_ln89 & trunc_ln89 == 1)> <Delay = 0.67> <CoreInst = "RAM">   --->   Core 82 'RAM' <Latency = 1> <II = 1> <Delay = 0.67> <Storage> <Opcode : 'load' 'store'> <Ports = 2> <Width = 16> <Depth = 16> <RAM>
ST_1 : Operation 350 [1/1] ( I:0.67ns O:0.67ns )   --->   "%store_ln93 = store i16 0, i4 %XW_block_75_addr" [src/integrated-gcn/integrated_gcn_approx.cpp:93]   --->   Operation 350 'store' 'store_ln93' <Predicate = (!icmp_ln89 & trunc_ln89 == 1)> <Delay = 0.67> <CoreInst = "RAM">   --->   Core 82 'RAM' <Latency = 1> <II = 1> <Delay = 0.67> <Storage> <Opcode : 'load' 'store'> <Ports = 2> <Width = 16> <Depth = 16> <RAM>
ST_1 : Operation 351 [1/1] ( I:0.67ns O:0.67ns )   --->   "%store_ln93 = store i16 0, i4 %XW_block_76_addr" [src/integrated-gcn/integrated_gcn_approx.cpp:93]   --->   Operation 351 'store' 'store_ln93' <Predicate = (!icmp_ln89 & trunc_ln89 == 1)> <Delay = 0.67> <CoreInst = "RAM">   --->   Core 82 'RAM' <Latency = 1> <II = 1> <Delay = 0.67> <Storage> <Opcode : 'load' 'store'> <Ports = 2> <Width = 16> <Depth = 16> <RAM>
ST_1 : Operation 352 [1/1] ( I:0.67ns O:0.67ns )   --->   "%store_ln93 = store i16 0, i4 %XW_block_77_addr" [src/integrated-gcn/integrated_gcn_approx.cpp:93]   --->   Operation 352 'store' 'store_ln93' <Predicate = (!icmp_ln89 & trunc_ln89 == 1)> <Delay = 0.67> <CoreInst = "RAM">   --->   Core 82 'RAM' <Latency = 1> <II = 1> <Delay = 0.67> <Storage> <Opcode : 'load' 'store'> <Ports = 2> <Width = 16> <Depth = 16> <RAM>
ST_1 : Operation 353 [1/1] ( I:0.67ns O:0.67ns )   --->   "%store_ln93 = store i16 0, i4 %XW_block_78_addr" [src/integrated-gcn/integrated_gcn_approx.cpp:93]   --->   Operation 353 'store' 'store_ln93' <Predicate = (!icmp_ln89 & trunc_ln89 == 1)> <Delay = 0.67> <CoreInst = "RAM">   --->   Core 82 'RAM' <Latency = 1> <II = 1> <Delay = 0.67> <Storage> <Opcode : 'load' 'store'> <Ports = 2> <Width = 16> <Depth = 16> <RAM>
ST_1 : Operation 354 [1/1] ( I:0.67ns O:0.67ns )   --->   "%store_ln93 = store i16 0, i4 %XW_block_79_addr" [src/integrated-gcn/integrated_gcn_approx.cpp:93]   --->   Operation 354 'store' 'store_ln93' <Predicate = (!icmp_ln89 & trunc_ln89 == 1)> <Delay = 0.67> <CoreInst = "RAM">   --->   Core 82 'RAM' <Latency = 1> <II = 1> <Delay = 0.67> <Storage> <Opcode : 'load' 'store'> <Ports = 2> <Width = 16> <Depth = 16> <RAM>
ST_1 : Operation 355 [1/1] ( I:0.67ns O:0.67ns )   --->   "%store_ln93 = store i16 0, i4 %XW_block_80_addr" [src/integrated-gcn/integrated_gcn_approx.cpp:93]   --->   Operation 355 'store' 'store_ln93' <Predicate = (!icmp_ln89 & trunc_ln89 == 1)> <Delay = 0.67> <CoreInst = "RAM">   --->   Core 82 'RAM' <Latency = 1> <II = 1> <Delay = 0.67> <Storage> <Opcode : 'load' 'store'> <Ports = 2> <Width = 16> <Depth = 16> <RAM>
ST_1 : Operation 356 [1/1] ( I:0.67ns O:0.67ns )   --->   "%store_ln93 = store i16 0, i4 %XW_block_81_addr" [src/integrated-gcn/integrated_gcn_approx.cpp:93]   --->   Operation 356 'store' 'store_ln93' <Predicate = (!icmp_ln89 & trunc_ln89 == 1)> <Delay = 0.67> <CoreInst = "RAM">   --->   Core 82 'RAM' <Latency = 1> <II = 1> <Delay = 0.67> <Storage> <Opcode : 'load' 'store'> <Ports = 2> <Width = 16> <Depth = 16> <RAM>
ST_1 : Operation 357 [1/1] ( I:0.67ns O:0.67ns )   --->   "%store_ln93 = store i16 0, i4 %XW_block_82_addr" [src/integrated-gcn/integrated_gcn_approx.cpp:93]   --->   Operation 357 'store' 'store_ln93' <Predicate = (!icmp_ln89 & trunc_ln89 == 1)> <Delay = 0.67> <CoreInst = "RAM">   --->   Core 82 'RAM' <Latency = 1> <II = 1> <Delay = 0.67> <Storage> <Opcode : 'load' 'store'> <Ports = 2> <Width = 16> <Depth = 16> <RAM>
ST_1 : Operation 358 [1/1] ( I:0.67ns O:0.67ns )   --->   "%store_ln93 = store i16 0, i4 %XW_block_83_addr" [src/integrated-gcn/integrated_gcn_approx.cpp:93]   --->   Operation 358 'store' 'store_ln93' <Predicate = (!icmp_ln89 & trunc_ln89 == 1)> <Delay = 0.67> <CoreInst = "RAM">   --->   Core 82 'RAM' <Latency = 1> <II = 1> <Delay = 0.67> <Storage> <Opcode : 'load' 'store'> <Ports = 2> <Width = 16> <Depth = 16> <RAM>
ST_1 : Operation 359 [1/1] ( I:0.67ns O:0.67ns )   --->   "%store_ln93 = store i16 0, i4 %XW_block_84_addr" [src/integrated-gcn/integrated_gcn_approx.cpp:93]   --->   Operation 359 'store' 'store_ln93' <Predicate = (!icmp_ln89 & trunc_ln89 == 1)> <Delay = 0.67> <CoreInst = "RAM">   --->   Core 82 'RAM' <Latency = 1> <II = 1> <Delay = 0.67> <Storage> <Opcode : 'load' 'store'> <Ports = 2> <Width = 16> <Depth = 16> <RAM>
ST_1 : Operation 360 [1/1] ( I:0.67ns O:0.67ns )   --->   "%store_ln93 = store i16 0, i4 %XW_block_85_addr" [src/integrated-gcn/integrated_gcn_approx.cpp:93]   --->   Operation 360 'store' 'store_ln93' <Predicate = (!icmp_ln89 & trunc_ln89 == 1)> <Delay = 0.67> <CoreInst = "RAM">   --->   Core 82 'RAM' <Latency = 1> <II = 1> <Delay = 0.67> <Storage> <Opcode : 'load' 'store'> <Ports = 2> <Width = 16> <Depth = 16> <RAM>
ST_1 : Operation 361 [1/1] ( I:0.67ns O:0.67ns )   --->   "%store_ln93 = store i16 0, i4 %XW_block_86_addr" [src/integrated-gcn/integrated_gcn_approx.cpp:93]   --->   Operation 361 'store' 'store_ln93' <Predicate = (!icmp_ln89 & trunc_ln89 == 1)> <Delay = 0.67> <CoreInst = "RAM">   --->   Core 82 'RAM' <Latency = 1> <II = 1> <Delay = 0.67> <Storage> <Opcode : 'load' 'store'> <Ports = 2> <Width = 16> <Depth = 16> <RAM>
ST_1 : Operation 362 [1/1] ( I:0.67ns O:0.67ns )   --->   "%store_ln93 = store i16 0, i4 %XW_block_87_addr" [src/integrated-gcn/integrated_gcn_approx.cpp:93]   --->   Operation 362 'store' 'store_ln93' <Predicate = (!icmp_ln89 & trunc_ln89 == 1)> <Delay = 0.67> <CoreInst = "RAM">   --->   Core 82 'RAM' <Latency = 1> <II = 1> <Delay = 0.67> <Storage> <Opcode : 'load' 'store'> <Ports = 2> <Width = 16> <Depth = 16> <RAM>
ST_1 : Operation 363 [1/1] ( I:0.67ns O:0.67ns )   --->   "%store_ln93 = store i16 0, i4 %XW_block_88_addr" [src/integrated-gcn/integrated_gcn_approx.cpp:93]   --->   Operation 363 'store' 'store_ln93' <Predicate = (!icmp_ln89 & trunc_ln89 == 1)> <Delay = 0.67> <CoreInst = "RAM">   --->   Core 82 'RAM' <Latency = 1> <II = 1> <Delay = 0.67> <Storage> <Opcode : 'load' 'store'> <Ports = 2> <Width = 16> <Depth = 16> <RAM>
ST_1 : Operation 364 [1/1] ( I:0.67ns O:0.67ns )   --->   "%store_ln93 = store i16 0, i4 %XW_block_89_addr" [src/integrated-gcn/integrated_gcn_approx.cpp:93]   --->   Operation 364 'store' 'store_ln93' <Predicate = (!icmp_ln89 & trunc_ln89 == 1)> <Delay = 0.67> <CoreInst = "RAM">   --->   Core 82 'RAM' <Latency = 1> <II = 1> <Delay = 0.67> <Storage> <Opcode : 'load' 'store'> <Ports = 2> <Width = 16> <Depth = 16> <RAM>
ST_1 : Operation 365 [1/1] ( I:0.67ns O:0.67ns )   --->   "%store_ln93 = store i16 0, i4 %XW_block_90_addr" [src/integrated-gcn/integrated_gcn_approx.cpp:93]   --->   Operation 365 'store' 'store_ln93' <Predicate = (!icmp_ln89 & trunc_ln89 == 1)> <Delay = 0.67> <CoreInst = "RAM">   --->   Core 82 'RAM' <Latency = 1> <II = 1> <Delay = 0.67> <Storage> <Opcode : 'load' 'store'> <Ports = 2> <Width = 16> <Depth = 16> <RAM>
ST_1 : Operation 366 [1/1] ( I:0.67ns O:0.67ns )   --->   "%store_ln93 = store i16 0, i4 %XW_block_91_addr" [src/integrated-gcn/integrated_gcn_approx.cpp:93]   --->   Operation 366 'store' 'store_ln93' <Predicate = (!icmp_ln89 & trunc_ln89 == 1)> <Delay = 0.67> <CoreInst = "RAM">   --->   Core 82 'RAM' <Latency = 1> <II = 1> <Delay = 0.67> <Storage> <Opcode : 'load' 'store'> <Ports = 2> <Width = 16> <Depth = 16> <RAM>
ST_1 : Operation 367 [1/1] ( I:0.67ns O:0.67ns )   --->   "%store_ln93 = store i16 0, i4 %XW_block_92_addr" [src/integrated-gcn/integrated_gcn_approx.cpp:93]   --->   Operation 367 'store' 'store_ln93' <Predicate = (!icmp_ln89 & trunc_ln89 == 1)> <Delay = 0.67> <CoreInst = "RAM">   --->   Core 82 'RAM' <Latency = 1> <II = 1> <Delay = 0.67> <Storage> <Opcode : 'load' 'store'> <Ports = 2> <Width = 16> <Depth = 16> <RAM>
ST_1 : Operation 368 [1/1] ( I:0.67ns O:0.67ns )   --->   "%store_ln93 = store i16 0, i4 %XW_block_93_addr" [src/integrated-gcn/integrated_gcn_approx.cpp:93]   --->   Operation 368 'store' 'store_ln93' <Predicate = (!icmp_ln89 & trunc_ln89 == 1)> <Delay = 0.67> <CoreInst = "RAM">   --->   Core 82 'RAM' <Latency = 1> <II = 1> <Delay = 0.67> <Storage> <Opcode : 'load' 'store'> <Ports = 2> <Width = 16> <Depth = 16> <RAM>
ST_1 : Operation 369 [1/1] ( I:0.67ns O:0.67ns )   --->   "%store_ln93 = store i16 0, i4 %XW_block_94_addr" [src/integrated-gcn/integrated_gcn_approx.cpp:93]   --->   Operation 369 'store' 'store_ln93' <Predicate = (!icmp_ln89 & trunc_ln89 == 1)> <Delay = 0.67> <CoreInst = "RAM">   --->   Core 82 'RAM' <Latency = 1> <II = 1> <Delay = 0.67> <Storage> <Opcode : 'load' 'store'> <Ports = 2> <Width = 16> <Depth = 16> <RAM>
ST_1 : Operation 370 [1/1] ( I:0.67ns O:0.67ns )   --->   "%store_ln93 = store i16 0, i4 %XW_block_95_addr" [src/integrated-gcn/integrated_gcn_approx.cpp:93]   --->   Operation 370 'store' 'store_ln93' <Predicate = (!icmp_ln89 & trunc_ln89 == 1)> <Delay = 0.67> <CoreInst = "RAM">   --->   Core 82 'RAM' <Latency = 1> <II = 1> <Delay = 0.67> <Storage> <Opcode : 'load' 'store'> <Ports = 2> <Width = 16> <Depth = 16> <RAM>
ST_1 : Operation 371 [1/1] ( I:0.67ns O:0.67ns )   --->   "%store_ln93 = store i16 0, i4 %XW_block_96_addr" [src/integrated-gcn/integrated_gcn_approx.cpp:93]   --->   Operation 371 'store' 'store_ln93' <Predicate = (!icmp_ln89 & trunc_ln89 == 1)> <Delay = 0.67> <CoreInst = "RAM">   --->   Core 82 'RAM' <Latency = 1> <II = 1> <Delay = 0.67> <Storage> <Opcode : 'load' 'store'> <Ports = 2> <Width = 16> <Depth = 16> <RAM>
ST_1 : Operation 372 [1/1] ( I:0.67ns O:0.67ns )   --->   "%store_ln93 = store i16 0, i4 %XW_block_97_addr" [src/integrated-gcn/integrated_gcn_approx.cpp:93]   --->   Operation 372 'store' 'store_ln93' <Predicate = (!icmp_ln89 & trunc_ln89 == 1)> <Delay = 0.67> <CoreInst = "RAM">   --->   Core 82 'RAM' <Latency = 1> <II = 1> <Delay = 0.67> <Storage> <Opcode : 'load' 'store'> <Ports = 2> <Width = 16> <Depth = 16> <RAM>
ST_1 : Operation 373 [1/1] ( I:0.67ns O:0.67ns )   --->   "%store_ln93 = store i16 0, i4 %XW_block_98_addr" [src/integrated-gcn/integrated_gcn_approx.cpp:93]   --->   Operation 373 'store' 'store_ln93' <Predicate = (!icmp_ln89 & trunc_ln89 == 1)> <Delay = 0.67> <CoreInst = "RAM">   --->   Core 82 'RAM' <Latency = 1> <II = 1> <Delay = 0.67> <Storage> <Opcode : 'load' 'store'> <Ports = 2> <Width = 16> <Depth = 16> <RAM>
ST_1 : Operation 374 [1/1] ( I:0.67ns O:0.67ns )   --->   "%store_ln93 = store i16 0, i4 %XW_block_99_addr" [src/integrated-gcn/integrated_gcn_approx.cpp:93]   --->   Operation 374 'store' 'store_ln93' <Predicate = (!icmp_ln89 & trunc_ln89 == 1)> <Delay = 0.67> <CoreInst = "RAM">   --->   Core 82 'RAM' <Latency = 1> <II = 1> <Delay = 0.67> <Storage> <Opcode : 'load' 'store'> <Ports = 2> <Width = 16> <Depth = 16> <RAM>
ST_1 : Operation 375 [1/1] ( I:0.67ns O:0.67ns )   --->   "%store_ln93 = store i16 0, i4 %XW_block_100_addr" [src/integrated-gcn/integrated_gcn_approx.cpp:93]   --->   Operation 375 'store' 'store_ln93' <Predicate = (!icmp_ln89 & trunc_ln89 == 1)> <Delay = 0.67> <CoreInst = "RAM">   --->   Core 82 'RAM' <Latency = 1> <II = 1> <Delay = 0.67> <Storage> <Opcode : 'load' 'store'> <Ports = 2> <Width = 16> <Depth = 16> <RAM>
ST_1 : Operation 376 [1/1] ( I:0.67ns O:0.67ns )   --->   "%store_ln93 = store i16 0, i4 %XW_block_101_addr" [src/integrated-gcn/integrated_gcn_approx.cpp:93]   --->   Operation 376 'store' 'store_ln93' <Predicate = (!icmp_ln89 & trunc_ln89 == 1)> <Delay = 0.67> <CoreInst = "RAM">   --->   Core 82 'RAM' <Latency = 1> <II = 1> <Delay = 0.67> <Storage> <Opcode : 'load' 'store'> <Ports = 2> <Width = 16> <Depth = 16> <RAM>
ST_1 : Operation 377 [1/1] ( I:0.67ns O:0.67ns )   --->   "%store_ln93 = store i16 0, i4 %XW_block_102_addr" [src/integrated-gcn/integrated_gcn_approx.cpp:93]   --->   Operation 377 'store' 'store_ln93' <Predicate = (!icmp_ln89 & trunc_ln89 == 1)> <Delay = 0.67> <CoreInst = "RAM">   --->   Core 82 'RAM' <Latency = 1> <II = 1> <Delay = 0.67> <Storage> <Opcode : 'load' 'store'> <Ports = 2> <Width = 16> <Depth = 16> <RAM>
ST_1 : Operation 378 [1/1] ( I:0.67ns O:0.67ns )   --->   "%store_ln93 = store i16 0, i4 %XW_block_103_addr" [src/integrated-gcn/integrated_gcn_approx.cpp:93]   --->   Operation 378 'store' 'store_ln93' <Predicate = (!icmp_ln89 & trunc_ln89 == 1)> <Delay = 0.67> <CoreInst = "RAM">   --->   Core 82 'RAM' <Latency = 1> <II = 1> <Delay = 0.67> <Storage> <Opcode : 'load' 'store'> <Ports = 2> <Width = 16> <Depth = 16> <RAM>
ST_1 : Operation 379 [1/1] ( I:0.67ns O:0.67ns )   --->   "%store_ln93 = store i16 0, i4 %XW_block_104_addr" [src/integrated-gcn/integrated_gcn_approx.cpp:93]   --->   Operation 379 'store' 'store_ln93' <Predicate = (!icmp_ln89 & trunc_ln89 == 1)> <Delay = 0.67> <CoreInst = "RAM">   --->   Core 82 'RAM' <Latency = 1> <II = 1> <Delay = 0.67> <Storage> <Opcode : 'load' 'store'> <Ports = 2> <Width = 16> <Depth = 16> <RAM>
ST_1 : Operation 380 [1/1] ( I:0.67ns O:0.67ns )   --->   "%store_ln93 = store i16 0, i4 %XW_block_105_addr" [src/integrated-gcn/integrated_gcn_approx.cpp:93]   --->   Operation 380 'store' 'store_ln93' <Predicate = (!icmp_ln89 & trunc_ln89 == 1)> <Delay = 0.67> <CoreInst = "RAM">   --->   Core 82 'RAM' <Latency = 1> <II = 1> <Delay = 0.67> <Storage> <Opcode : 'load' 'store'> <Ports = 2> <Width = 16> <Depth = 16> <RAM>
ST_1 : Operation 381 [1/1] ( I:0.67ns O:0.67ns )   --->   "%store_ln93 = store i16 0, i4 %XW_block_106_addr" [src/integrated-gcn/integrated_gcn_approx.cpp:93]   --->   Operation 381 'store' 'store_ln93' <Predicate = (!icmp_ln89 & trunc_ln89 == 1)> <Delay = 0.67> <CoreInst = "RAM">   --->   Core 82 'RAM' <Latency = 1> <II = 1> <Delay = 0.67> <Storage> <Opcode : 'load' 'store'> <Ports = 2> <Width = 16> <Depth = 16> <RAM>
ST_1 : Operation 382 [1/1] ( I:0.67ns O:0.67ns )   --->   "%store_ln93 = store i16 0, i4 %XW_block_107_addr" [src/integrated-gcn/integrated_gcn_approx.cpp:93]   --->   Operation 382 'store' 'store_ln93' <Predicate = (!icmp_ln89 & trunc_ln89 == 1)> <Delay = 0.67> <CoreInst = "RAM">   --->   Core 82 'RAM' <Latency = 1> <II = 1> <Delay = 0.67> <Storage> <Opcode : 'load' 'store'> <Ports = 2> <Width = 16> <Depth = 16> <RAM>
ST_1 : Operation 383 [1/1] ( I:0.67ns O:0.67ns )   --->   "%store_ln93 = store i16 0, i4 %XW_block_108_addr" [src/integrated-gcn/integrated_gcn_approx.cpp:93]   --->   Operation 383 'store' 'store_ln93' <Predicate = (!icmp_ln89 & trunc_ln89 == 1)> <Delay = 0.67> <CoreInst = "RAM">   --->   Core 82 'RAM' <Latency = 1> <II = 1> <Delay = 0.67> <Storage> <Opcode : 'load' 'store'> <Ports = 2> <Width = 16> <Depth = 16> <RAM>
ST_1 : Operation 384 [1/1] ( I:0.67ns O:0.67ns )   --->   "%store_ln93 = store i16 0, i4 %XW_block_109_addr" [src/integrated-gcn/integrated_gcn_approx.cpp:93]   --->   Operation 384 'store' 'store_ln93' <Predicate = (!icmp_ln89 & trunc_ln89 == 1)> <Delay = 0.67> <CoreInst = "RAM">   --->   Core 82 'RAM' <Latency = 1> <II = 1> <Delay = 0.67> <Storage> <Opcode : 'load' 'store'> <Ports = 2> <Width = 16> <Depth = 16> <RAM>
ST_1 : Operation 385 [1/1] ( I:0.67ns O:0.67ns )   --->   "%store_ln93 = store i16 0, i4 %XW_block_110_addr" [src/integrated-gcn/integrated_gcn_approx.cpp:93]   --->   Operation 385 'store' 'store_ln93' <Predicate = (!icmp_ln89 & trunc_ln89 == 1)> <Delay = 0.67> <CoreInst = "RAM">   --->   Core 82 'RAM' <Latency = 1> <II = 1> <Delay = 0.67> <Storage> <Opcode : 'load' 'store'> <Ports = 2> <Width = 16> <Depth = 16> <RAM>
ST_1 : Operation 386 [1/1] ( I:0.67ns O:0.67ns )   --->   "%store_ln93 = store i16 0, i4 %XW_block_111_addr" [src/integrated-gcn/integrated_gcn_approx.cpp:93]   --->   Operation 386 'store' 'store_ln93' <Predicate = (!icmp_ln89 & trunc_ln89 == 1)> <Delay = 0.67> <CoreInst = "RAM">   --->   Core 82 'RAM' <Latency = 1> <II = 1> <Delay = 0.67> <Storage> <Opcode : 'load' 'store'> <Ports = 2> <Width = 16> <Depth = 16> <RAM>
ST_1 : Operation 387 [1/1] ( I:0.67ns O:0.67ns )   --->   "%store_ln93 = store i16 0, i4 %XW_block_112_addr" [src/integrated-gcn/integrated_gcn_approx.cpp:93]   --->   Operation 387 'store' 'store_ln93' <Predicate = (!icmp_ln89 & trunc_ln89 == 1)> <Delay = 0.67> <CoreInst = "RAM">   --->   Core 82 'RAM' <Latency = 1> <II = 1> <Delay = 0.67> <Storage> <Opcode : 'load' 'store'> <Ports = 2> <Width = 16> <Depth = 16> <RAM>
ST_1 : Operation 388 [1/1] ( I:0.67ns O:0.67ns )   --->   "%store_ln93 = store i16 0, i4 %XW_block_113_addr" [src/integrated-gcn/integrated_gcn_approx.cpp:93]   --->   Operation 388 'store' 'store_ln93' <Predicate = (!icmp_ln89 & trunc_ln89 == 1)> <Delay = 0.67> <CoreInst = "RAM">   --->   Core 82 'RAM' <Latency = 1> <II = 1> <Delay = 0.67> <Storage> <Opcode : 'load' 'store'> <Ports = 2> <Width = 16> <Depth = 16> <RAM>
ST_1 : Operation 389 [1/1] ( I:0.67ns O:0.67ns )   --->   "%store_ln93 = store i16 0, i4 %XW_block_114_addr" [src/integrated-gcn/integrated_gcn_approx.cpp:93]   --->   Operation 389 'store' 'store_ln93' <Predicate = (!icmp_ln89 & trunc_ln89 == 1)> <Delay = 0.67> <CoreInst = "RAM">   --->   Core 82 'RAM' <Latency = 1> <II = 1> <Delay = 0.67> <Storage> <Opcode : 'load' 'store'> <Ports = 2> <Width = 16> <Depth = 16> <RAM>
ST_1 : Operation 390 [1/1] ( I:0.67ns O:0.67ns )   --->   "%store_ln93 = store i16 0, i4 %XW_block_115_addr" [src/integrated-gcn/integrated_gcn_approx.cpp:93]   --->   Operation 390 'store' 'store_ln93' <Predicate = (!icmp_ln89 & trunc_ln89 == 1)> <Delay = 0.67> <CoreInst = "RAM">   --->   Core 82 'RAM' <Latency = 1> <II = 1> <Delay = 0.67> <Storage> <Opcode : 'load' 'store'> <Ports = 2> <Width = 16> <Depth = 16> <RAM>
ST_1 : Operation 391 [1/1] ( I:0.67ns O:0.67ns )   --->   "%store_ln93 = store i16 0, i4 %XW_block_116_addr" [src/integrated-gcn/integrated_gcn_approx.cpp:93]   --->   Operation 391 'store' 'store_ln93' <Predicate = (!icmp_ln89 & trunc_ln89 == 1)> <Delay = 0.67> <CoreInst = "RAM">   --->   Core 82 'RAM' <Latency = 1> <II = 1> <Delay = 0.67> <Storage> <Opcode : 'load' 'store'> <Ports = 2> <Width = 16> <Depth = 16> <RAM>
ST_1 : Operation 392 [1/1] ( I:0.67ns O:0.67ns )   --->   "%store_ln93 = store i16 0, i4 %XW_block_117_addr" [src/integrated-gcn/integrated_gcn_approx.cpp:93]   --->   Operation 392 'store' 'store_ln93' <Predicate = (!icmp_ln89 & trunc_ln89 == 1)> <Delay = 0.67> <CoreInst = "RAM">   --->   Core 82 'RAM' <Latency = 1> <II = 1> <Delay = 0.67> <Storage> <Opcode : 'load' 'store'> <Ports = 2> <Width = 16> <Depth = 16> <RAM>
ST_1 : Operation 393 [1/1] ( I:0.67ns O:0.67ns )   --->   "%store_ln93 = store i16 0, i4 %XW_block_118_addr" [src/integrated-gcn/integrated_gcn_approx.cpp:93]   --->   Operation 393 'store' 'store_ln93' <Predicate = (!icmp_ln89 & trunc_ln89 == 1)> <Delay = 0.67> <CoreInst = "RAM">   --->   Core 82 'RAM' <Latency = 1> <II = 1> <Delay = 0.67> <Storage> <Opcode : 'load' 'store'> <Ports = 2> <Width = 16> <Depth = 16> <RAM>
ST_1 : Operation 394 [1/1] ( I:0.67ns O:0.67ns )   --->   "%store_ln93 = store i16 0, i4 %XW_block_119_addr" [src/integrated-gcn/integrated_gcn_approx.cpp:93]   --->   Operation 394 'store' 'store_ln93' <Predicate = (!icmp_ln89 & trunc_ln89 == 1)> <Delay = 0.67> <CoreInst = "RAM">   --->   Core 82 'RAM' <Latency = 1> <II = 1> <Delay = 0.67> <Storage> <Opcode : 'load' 'store'> <Ports = 2> <Width = 16> <Depth = 16> <RAM>
ST_1 : Operation 395 [1/1] ( I:0.67ns O:0.67ns )   --->   "%store_ln93 = store i16 0, i4 %XW_block_120_addr" [src/integrated-gcn/integrated_gcn_approx.cpp:93]   --->   Operation 395 'store' 'store_ln93' <Predicate = (!icmp_ln89 & trunc_ln89 == 1)> <Delay = 0.67> <CoreInst = "RAM">   --->   Core 82 'RAM' <Latency = 1> <II = 1> <Delay = 0.67> <Storage> <Opcode : 'load' 'store'> <Ports = 2> <Width = 16> <Depth = 16> <RAM>
ST_1 : Operation 396 [1/1] ( I:0.67ns O:0.67ns )   --->   "%store_ln93 = store i16 0, i4 %XW_block_121_addr" [src/integrated-gcn/integrated_gcn_approx.cpp:93]   --->   Operation 396 'store' 'store_ln93' <Predicate = (!icmp_ln89 & trunc_ln89 == 1)> <Delay = 0.67> <CoreInst = "RAM">   --->   Core 82 'RAM' <Latency = 1> <II = 1> <Delay = 0.67> <Storage> <Opcode : 'load' 'store'> <Ports = 2> <Width = 16> <Depth = 16> <RAM>
ST_1 : Operation 397 [1/1] ( I:0.67ns O:0.67ns )   --->   "%store_ln93 = store i16 0, i4 %XW_block_122_addr" [src/integrated-gcn/integrated_gcn_approx.cpp:93]   --->   Operation 397 'store' 'store_ln93' <Predicate = (!icmp_ln89 & trunc_ln89 == 1)> <Delay = 0.67> <CoreInst = "RAM">   --->   Core 82 'RAM' <Latency = 1> <II = 1> <Delay = 0.67> <Storage> <Opcode : 'load' 'store'> <Ports = 2> <Width = 16> <Depth = 16> <RAM>
ST_1 : Operation 398 [1/1] ( I:0.67ns O:0.67ns )   --->   "%store_ln93 = store i16 0, i4 %XW_block_123_addr" [src/integrated-gcn/integrated_gcn_approx.cpp:93]   --->   Operation 398 'store' 'store_ln93' <Predicate = (!icmp_ln89 & trunc_ln89 == 1)> <Delay = 0.67> <CoreInst = "RAM">   --->   Core 82 'RAM' <Latency = 1> <II = 1> <Delay = 0.67> <Storage> <Opcode : 'load' 'store'> <Ports = 2> <Width = 16> <Depth = 16> <RAM>
ST_1 : Operation 399 [1/1] ( I:0.67ns O:0.67ns )   --->   "%store_ln93 = store i16 0, i4 %XW_block_124_addr" [src/integrated-gcn/integrated_gcn_approx.cpp:93]   --->   Operation 399 'store' 'store_ln93' <Predicate = (!icmp_ln89 & trunc_ln89 == 1)> <Delay = 0.67> <CoreInst = "RAM">   --->   Core 82 'RAM' <Latency = 1> <II = 1> <Delay = 0.67> <Storage> <Opcode : 'load' 'store'> <Ports = 2> <Width = 16> <Depth = 16> <RAM>
ST_1 : Operation 400 [1/1] ( I:0.67ns O:0.67ns )   --->   "%store_ln93 = store i16 0, i4 %XW_block_125_addr" [src/integrated-gcn/integrated_gcn_approx.cpp:93]   --->   Operation 400 'store' 'store_ln93' <Predicate = (!icmp_ln89 & trunc_ln89 == 1)> <Delay = 0.67> <CoreInst = "RAM">   --->   Core 82 'RAM' <Latency = 1> <II = 1> <Delay = 0.67> <Storage> <Opcode : 'load' 'store'> <Ports = 2> <Width = 16> <Depth = 16> <RAM>
ST_1 : Operation 401 [1/1] ( I:0.67ns O:0.67ns )   --->   "%store_ln93 = store i16 0, i4 %XW_block_126_addr" [src/integrated-gcn/integrated_gcn_approx.cpp:93]   --->   Operation 401 'store' 'store_ln93' <Predicate = (!icmp_ln89 & trunc_ln89 == 1)> <Delay = 0.67> <CoreInst = "RAM">   --->   Core 82 'RAM' <Latency = 1> <II = 1> <Delay = 0.67> <Storage> <Opcode : 'load' 'store'> <Ports = 2> <Width = 16> <Depth = 16> <RAM>
ST_1 : Operation 402 [1/1] ( I:0.67ns O:0.67ns )   --->   "%store_ln93 = store i16 0, i4 %XW_block_127_addr" [src/integrated-gcn/integrated_gcn_approx.cpp:93]   --->   Operation 402 'store' 'store_ln93' <Predicate = (!icmp_ln89 & trunc_ln89 == 1)> <Delay = 0.67> <CoreInst = "RAM">   --->   Core 82 'RAM' <Latency = 1> <II = 1> <Delay = 0.67> <Storage> <Opcode : 'load' 'store'> <Ports = 2> <Width = 16> <Depth = 16> <RAM>
ST_1 : Operation 403 [1/1] (0.00ns)   --->   "%br_ln93 = br void %arrayidx143.63.exit" [src/integrated-gcn/integrated_gcn_approx.cpp:93]   --->   Operation 403 'br' 'br_ln93' <Predicate = (!icmp_ln89 & trunc_ln89 == 1)> <Delay = 0.00>
ST_1 : Operation 404 [1/1] ( I:0.67ns O:0.67ns )   --->   "%store_ln93 = store i16 0, i4 %XW_block_addr" [src/integrated-gcn/integrated_gcn_approx.cpp:93]   --->   Operation 404 'store' 'store_ln93' <Predicate = (!icmp_ln89 & trunc_ln89 == 0)> <Delay = 0.67> <CoreInst = "RAM">   --->   Core 82 'RAM' <Latency = 1> <II = 1> <Delay = 0.67> <Storage> <Opcode : 'load' 'store'> <Ports = 2> <Width = 16> <Depth = 16> <RAM>
ST_1 : Operation 405 [1/1] ( I:0.67ns O:0.67ns )   --->   "%store_ln93 = store i16 0, i4 %XW_block_1_addr" [src/integrated-gcn/integrated_gcn_approx.cpp:93]   --->   Operation 405 'store' 'store_ln93' <Predicate = (!icmp_ln89 & trunc_ln89 == 0)> <Delay = 0.67> <CoreInst = "RAM">   --->   Core 82 'RAM' <Latency = 1> <II = 1> <Delay = 0.67> <Storage> <Opcode : 'load' 'store'> <Ports = 2> <Width = 16> <Depth = 16> <RAM>
ST_1 : Operation 406 [1/1] ( I:0.67ns O:0.67ns )   --->   "%store_ln93 = store i16 0, i4 %XW_block_2_addr" [src/integrated-gcn/integrated_gcn_approx.cpp:93]   --->   Operation 406 'store' 'store_ln93' <Predicate = (!icmp_ln89 & trunc_ln89 == 0)> <Delay = 0.67> <CoreInst = "RAM">   --->   Core 82 'RAM' <Latency = 1> <II = 1> <Delay = 0.67> <Storage> <Opcode : 'load' 'store'> <Ports = 2> <Width = 16> <Depth = 16> <RAM>
ST_1 : Operation 407 [1/1] ( I:0.67ns O:0.67ns )   --->   "%store_ln93 = store i16 0, i4 %XW_block_3_addr" [src/integrated-gcn/integrated_gcn_approx.cpp:93]   --->   Operation 407 'store' 'store_ln93' <Predicate = (!icmp_ln89 & trunc_ln89 == 0)> <Delay = 0.67> <CoreInst = "RAM">   --->   Core 82 'RAM' <Latency = 1> <II = 1> <Delay = 0.67> <Storage> <Opcode : 'load' 'store'> <Ports = 2> <Width = 16> <Depth = 16> <RAM>
ST_1 : Operation 408 [1/1] ( I:0.67ns O:0.67ns )   --->   "%store_ln93 = store i16 0, i4 %XW_block_4_addr" [src/integrated-gcn/integrated_gcn_approx.cpp:93]   --->   Operation 408 'store' 'store_ln93' <Predicate = (!icmp_ln89 & trunc_ln89 == 0)> <Delay = 0.67> <CoreInst = "RAM">   --->   Core 82 'RAM' <Latency = 1> <II = 1> <Delay = 0.67> <Storage> <Opcode : 'load' 'store'> <Ports = 2> <Width = 16> <Depth = 16> <RAM>
ST_1 : Operation 409 [1/1] ( I:0.67ns O:0.67ns )   --->   "%store_ln93 = store i16 0, i4 %XW_block_5_addr" [src/integrated-gcn/integrated_gcn_approx.cpp:93]   --->   Operation 409 'store' 'store_ln93' <Predicate = (!icmp_ln89 & trunc_ln89 == 0)> <Delay = 0.67> <CoreInst = "RAM">   --->   Core 82 'RAM' <Latency = 1> <II = 1> <Delay = 0.67> <Storage> <Opcode : 'load' 'store'> <Ports = 2> <Width = 16> <Depth = 16> <RAM>
ST_1 : Operation 410 [1/1] ( I:0.67ns O:0.67ns )   --->   "%store_ln93 = store i16 0, i4 %XW_block_6_addr" [src/integrated-gcn/integrated_gcn_approx.cpp:93]   --->   Operation 410 'store' 'store_ln93' <Predicate = (!icmp_ln89 & trunc_ln89 == 0)> <Delay = 0.67> <CoreInst = "RAM">   --->   Core 82 'RAM' <Latency = 1> <II = 1> <Delay = 0.67> <Storage> <Opcode : 'load' 'store'> <Ports = 2> <Width = 16> <Depth = 16> <RAM>
ST_1 : Operation 411 [1/1] ( I:0.67ns O:0.67ns )   --->   "%store_ln93 = store i16 0, i4 %XW_block_7_addr" [src/integrated-gcn/integrated_gcn_approx.cpp:93]   --->   Operation 411 'store' 'store_ln93' <Predicate = (!icmp_ln89 & trunc_ln89 == 0)> <Delay = 0.67> <CoreInst = "RAM">   --->   Core 82 'RAM' <Latency = 1> <II = 1> <Delay = 0.67> <Storage> <Opcode : 'load' 'store'> <Ports = 2> <Width = 16> <Depth = 16> <RAM>
ST_1 : Operation 412 [1/1] ( I:0.67ns O:0.67ns )   --->   "%store_ln93 = store i16 0, i4 %XW_block_8_addr" [src/integrated-gcn/integrated_gcn_approx.cpp:93]   --->   Operation 412 'store' 'store_ln93' <Predicate = (!icmp_ln89 & trunc_ln89 == 0)> <Delay = 0.67> <CoreInst = "RAM">   --->   Core 82 'RAM' <Latency = 1> <II = 1> <Delay = 0.67> <Storage> <Opcode : 'load' 'store'> <Ports = 2> <Width = 16> <Depth = 16> <RAM>
ST_1 : Operation 413 [1/1] ( I:0.67ns O:0.67ns )   --->   "%store_ln93 = store i16 0, i4 %XW_block_9_addr" [src/integrated-gcn/integrated_gcn_approx.cpp:93]   --->   Operation 413 'store' 'store_ln93' <Predicate = (!icmp_ln89 & trunc_ln89 == 0)> <Delay = 0.67> <CoreInst = "RAM">   --->   Core 82 'RAM' <Latency = 1> <II = 1> <Delay = 0.67> <Storage> <Opcode : 'load' 'store'> <Ports = 2> <Width = 16> <Depth = 16> <RAM>
ST_1 : Operation 414 [1/1] ( I:0.67ns O:0.67ns )   --->   "%store_ln93 = store i16 0, i4 %XW_block_10_addr" [src/integrated-gcn/integrated_gcn_approx.cpp:93]   --->   Operation 414 'store' 'store_ln93' <Predicate = (!icmp_ln89 & trunc_ln89 == 0)> <Delay = 0.67> <CoreInst = "RAM">   --->   Core 82 'RAM' <Latency = 1> <II = 1> <Delay = 0.67> <Storage> <Opcode : 'load' 'store'> <Ports = 2> <Width = 16> <Depth = 16> <RAM>
ST_1 : Operation 415 [1/1] ( I:0.67ns O:0.67ns )   --->   "%store_ln93 = store i16 0, i4 %XW_block_11_addr" [src/integrated-gcn/integrated_gcn_approx.cpp:93]   --->   Operation 415 'store' 'store_ln93' <Predicate = (!icmp_ln89 & trunc_ln89 == 0)> <Delay = 0.67> <CoreInst = "RAM">   --->   Core 82 'RAM' <Latency = 1> <II = 1> <Delay = 0.67> <Storage> <Opcode : 'load' 'store'> <Ports = 2> <Width = 16> <Depth = 16> <RAM>
ST_1 : Operation 416 [1/1] ( I:0.67ns O:0.67ns )   --->   "%store_ln93 = store i16 0, i4 %XW_block_12_addr" [src/integrated-gcn/integrated_gcn_approx.cpp:93]   --->   Operation 416 'store' 'store_ln93' <Predicate = (!icmp_ln89 & trunc_ln89 == 0)> <Delay = 0.67> <CoreInst = "RAM">   --->   Core 82 'RAM' <Latency = 1> <II = 1> <Delay = 0.67> <Storage> <Opcode : 'load' 'store'> <Ports = 2> <Width = 16> <Depth = 16> <RAM>
ST_1 : Operation 417 [1/1] ( I:0.67ns O:0.67ns )   --->   "%store_ln93 = store i16 0, i4 %XW_block_13_addr" [src/integrated-gcn/integrated_gcn_approx.cpp:93]   --->   Operation 417 'store' 'store_ln93' <Predicate = (!icmp_ln89 & trunc_ln89 == 0)> <Delay = 0.67> <CoreInst = "RAM">   --->   Core 82 'RAM' <Latency = 1> <II = 1> <Delay = 0.67> <Storage> <Opcode : 'load' 'store'> <Ports = 2> <Width = 16> <Depth = 16> <RAM>
ST_1 : Operation 418 [1/1] ( I:0.67ns O:0.67ns )   --->   "%store_ln93 = store i16 0, i4 %XW_block_14_addr" [src/integrated-gcn/integrated_gcn_approx.cpp:93]   --->   Operation 418 'store' 'store_ln93' <Predicate = (!icmp_ln89 & trunc_ln89 == 0)> <Delay = 0.67> <CoreInst = "RAM">   --->   Core 82 'RAM' <Latency = 1> <II = 1> <Delay = 0.67> <Storage> <Opcode : 'load' 'store'> <Ports = 2> <Width = 16> <Depth = 16> <RAM>
ST_1 : Operation 419 [1/1] ( I:0.67ns O:0.67ns )   --->   "%store_ln93 = store i16 0, i4 %XW_block_15_addr" [src/integrated-gcn/integrated_gcn_approx.cpp:93]   --->   Operation 419 'store' 'store_ln93' <Predicate = (!icmp_ln89 & trunc_ln89 == 0)> <Delay = 0.67> <CoreInst = "RAM">   --->   Core 82 'RAM' <Latency = 1> <II = 1> <Delay = 0.67> <Storage> <Opcode : 'load' 'store'> <Ports = 2> <Width = 16> <Depth = 16> <RAM>
ST_1 : Operation 420 [1/1] ( I:0.67ns O:0.67ns )   --->   "%store_ln93 = store i16 0, i4 %XW_block_16_addr" [src/integrated-gcn/integrated_gcn_approx.cpp:93]   --->   Operation 420 'store' 'store_ln93' <Predicate = (!icmp_ln89 & trunc_ln89 == 0)> <Delay = 0.67> <CoreInst = "RAM">   --->   Core 82 'RAM' <Latency = 1> <II = 1> <Delay = 0.67> <Storage> <Opcode : 'load' 'store'> <Ports = 2> <Width = 16> <Depth = 16> <RAM>
ST_1 : Operation 421 [1/1] ( I:0.67ns O:0.67ns )   --->   "%store_ln93 = store i16 0, i4 %XW_block_17_addr" [src/integrated-gcn/integrated_gcn_approx.cpp:93]   --->   Operation 421 'store' 'store_ln93' <Predicate = (!icmp_ln89 & trunc_ln89 == 0)> <Delay = 0.67> <CoreInst = "RAM">   --->   Core 82 'RAM' <Latency = 1> <II = 1> <Delay = 0.67> <Storage> <Opcode : 'load' 'store'> <Ports = 2> <Width = 16> <Depth = 16> <RAM>
ST_1 : Operation 422 [1/1] ( I:0.67ns O:0.67ns )   --->   "%store_ln93 = store i16 0, i4 %XW_block_18_addr" [src/integrated-gcn/integrated_gcn_approx.cpp:93]   --->   Operation 422 'store' 'store_ln93' <Predicate = (!icmp_ln89 & trunc_ln89 == 0)> <Delay = 0.67> <CoreInst = "RAM">   --->   Core 82 'RAM' <Latency = 1> <II = 1> <Delay = 0.67> <Storage> <Opcode : 'load' 'store'> <Ports = 2> <Width = 16> <Depth = 16> <RAM>
ST_1 : Operation 423 [1/1] ( I:0.67ns O:0.67ns )   --->   "%store_ln93 = store i16 0, i4 %XW_block_19_addr" [src/integrated-gcn/integrated_gcn_approx.cpp:93]   --->   Operation 423 'store' 'store_ln93' <Predicate = (!icmp_ln89 & trunc_ln89 == 0)> <Delay = 0.67> <CoreInst = "RAM">   --->   Core 82 'RAM' <Latency = 1> <II = 1> <Delay = 0.67> <Storage> <Opcode : 'load' 'store'> <Ports = 2> <Width = 16> <Depth = 16> <RAM>
ST_1 : Operation 424 [1/1] ( I:0.67ns O:0.67ns )   --->   "%store_ln93 = store i16 0, i4 %XW_block_20_addr" [src/integrated-gcn/integrated_gcn_approx.cpp:93]   --->   Operation 424 'store' 'store_ln93' <Predicate = (!icmp_ln89 & trunc_ln89 == 0)> <Delay = 0.67> <CoreInst = "RAM">   --->   Core 82 'RAM' <Latency = 1> <II = 1> <Delay = 0.67> <Storage> <Opcode : 'load' 'store'> <Ports = 2> <Width = 16> <Depth = 16> <RAM>
ST_1 : Operation 425 [1/1] ( I:0.67ns O:0.67ns )   --->   "%store_ln93 = store i16 0, i4 %XW_block_21_addr" [src/integrated-gcn/integrated_gcn_approx.cpp:93]   --->   Operation 425 'store' 'store_ln93' <Predicate = (!icmp_ln89 & trunc_ln89 == 0)> <Delay = 0.67> <CoreInst = "RAM">   --->   Core 82 'RAM' <Latency = 1> <II = 1> <Delay = 0.67> <Storage> <Opcode : 'load' 'store'> <Ports = 2> <Width = 16> <Depth = 16> <RAM>
ST_1 : Operation 426 [1/1] ( I:0.67ns O:0.67ns )   --->   "%store_ln93 = store i16 0, i4 %XW_block_22_addr" [src/integrated-gcn/integrated_gcn_approx.cpp:93]   --->   Operation 426 'store' 'store_ln93' <Predicate = (!icmp_ln89 & trunc_ln89 == 0)> <Delay = 0.67> <CoreInst = "RAM">   --->   Core 82 'RAM' <Latency = 1> <II = 1> <Delay = 0.67> <Storage> <Opcode : 'load' 'store'> <Ports = 2> <Width = 16> <Depth = 16> <RAM>
ST_1 : Operation 427 [1/1] ( I:0.67ns O:0.67ns )   --->   "%store_ln93 = store i16 0, i4 %XW_block_23_addr" [src/integrated-gcn/integrated_gcn_approx.cpp:93]   --->   Operation 427 'store' 'store_ln93' <Predicate = (!icmp_ln89 & trunc_ln89 == 0)> <Delay = 0.67> <CoreInst = "RAM">   --->   Core 82 'RAM' <Latency = 1> <II = 1> <Delay = 0.67> <Storage> <Opcode : 'load' 'store'> <Ports = 2> <Width = 16> <Depth = 16> <RAM>
ST_1 : Operation 428 [1/1] ( I:0.67ns O:0.67ns )   --->   "%store_ln93 = store i16 0, i4 %XW_block_24_addr" [src/integrated-gcn/integrated_gcn_approx.cpp:93]   --->   Operation 428 'store' 'store_ln93' <Predicate = (!icmp_ln89 & trunc_ln89 == 0)> <Delay = 0.67> <CoreInst = "RAM">   --->   Core 82 'RAM' <Latency = 1> <II = 1> <Delay = 0.67> <Storage> <Opcode : 'load' 'store'> <Ports = 2> <Width = 16> <Depth = 16> <RAM>
ST_1 : Operation 429 [1/1] ( I:0.67ns O:0.67ns )   --->   "%store_ln93 = store i16 0, i4 %XW_block_25_addr" [src/integrated-gcn/integrated_gcn_approx.cpp:93]   --->   Operation 429 'store' 'store_ln93' <Predicate = (!icmp_ln89 & trunc_ln89 == 0)> <Delay = 0.67> <CoreInst = "RAM">   --->   Core 82 'RAM' <Latency = 1> <II = 1> <Delay = 0.67> <Storage> <Opcode : 'load' 'store'> <Ports = 2> <Width = 16> <Depth = 16> <RAM>
ST_1 : Operation 430 [1/1] ( I:0.67ns O:0.67ns )   --->   "%store_ln93 = store i16 0, i4 %XW_block_26_addr" [src/integrated-gcn/integrated_gcn_approx.cpp:93]   --->   Operation 430 'store' 'store_ln93' <Predicate = (!icmp_ln89 & trunc_ln89 == 0)> <Delay = 0.67> <CoreInst = "RAM">   --->   Core 82 'RAM' <Latency = 1> <II = 1> <Delay = 0.67> <Storage> <Opcode : 'load' 'store'> <Ports = 2> <Width = 16> <Depth = 16> <RAM>
ST_1 : Operation 431 [1/1] ( I:0.67ns O:0.67ns )   --->   "%store_ln93 = store i16 0, i4 %XW_block_27_addr" [src/integrated-gcn/integrated_gcn_approx.cpp:93]   --->   Operation 431 'store' 'store_ln93' <Predicate = (!icmp_ln89 & trunc_ln89 == 0)> <Delay = 0.67> <CoreInst = "RAM">   --->   Core 82 'RAM' <Latency = 1> <II = 1> <Delay = 0.67> <Storage> <Opcode : 'load' 'store'> <Ports = 2> <Width = 16> <Depth = 16> <RAM>
ST_1 : Operation 432 [1/1] ( I:0.67ns O:0.67ns )   --->   "%store_ln93 = store i16 0, i4 %XW_block_28_addr" [src/integrated-gcn/integrated_gcn_approx.cpp:93]   --->   Operation 432 'store' 'store_ln93' <Predicate = (!icmp_ln89 & trunc_ln89 == 0)> <Delay = 0.67> <CoreInst = "RAM">   --->   Core 82 'RAM' <Latency = 1> <II = 1> <Delay = 0.67> <Storage> <Opcode : 'load' 'store'> <Ports = 2> <Width = 16> <Depth = 16> <RAM>
ST_1 : Operation 433 [1/1] ( I:0.67ns O:0.67ns )   --->   "%store_ln93 = store i16 0, i4 %XW_block_29_addr" [src/integrated-gcn/integrated_gcn_approx.cpp:93]   --->   Operation 433 'store' 'store_ln93' <Predicate = (!icmp_ln89 & trunc_ln89 == 0)> <Delay = 0.67> <CoreInst = "RAM">   --->   Core 82 'RAM' <Latency = 1> <II = 1> <Delay = 0.67> <Storage> <Opcode : 'load' 'store'> <Ports = 2> <Width = 16> <Depth = 16> <RAM>
ST_1 : Operation 434 [1/1] ( I:0.67ns O:0.67ns )   --->   "%store_ln93 = store i16 0, i4 %XW_block_30_addr" [src/integrated-gcn/integrated_gcn_approx.cpp:93]   --->   Operation 434 'store' 'store_ln93' <Predicate = (!icmp_ln89 & trunc_ln89 == 0)> <Delay = 0.67> <CoreInst = "RAM">   --->   Core 82 'RAM' <Latency = 1> <II = 1> <Delay = 0.67> <Storage> <Opcode : 'load' 'store'> <Ports = 2> <Width = 16> <Depth = 16> <RAM>
ST_1 : Operation 435 [1/1] ( I:0.67ns O:0.67ns )   --->   "%store_ln93 = store i16 0, i4 %XW_block_31_addr" [src/integrated-gcn/integrated_gcn_approx.cpp:93]   --->   Operation 435 'store' 'store_ln93' <Predicate = (!icmp_ln89 & trunc_ln89 == 0)> <Delay = 0.67> <CoreInst = "RAM">   --->   Core 82 'RAM' <Latency = 1> <II = 1> <Delay = 0.67> <Storage> <Opcode : 'load' 'store'> <Ports = 2> <Width = 16> <Depth = 16> <RAM>
ST_1 : Operation 436 [1/1] ( I:0.67ns O:0.67ns )   --->   "%store_ln93 = store i16 0, i4 %XW_block_32_addr" [src/integrated-gcn/integrated_gcn_approx.cpp:93]   --->   Operation 436 'store' 'store_ln93' <Predicate = (!icmp_ln89 & trunc_ln89 == 0)> <Delay = 0.67> <CoreInst = "RAM">   --->   Core 82 'RAM' <Latency = 1> <II = 1> <Delay = 0.67> <Storage> <Opcode : 'load' 'store'> <Ports = 2> <Width = 16> <Depth = 16> <RAM>
ST_1 : Operation 437 [1/1] ( I:0.67ns O:0.67ns )   --->   "%store_ln93 = store i16 0, i4 %XW_block_33_addr" [src/integrated-gcn/integrated_gcn_approx.cpp:93]   --->   Operation 437 'store' 'store_ln93' <Predicate = (!icmp_ln89 & trunc_ln89 == 0)> <Delay = 0.67> <CoreInst = "RAM">   --->   Core 82 'RAM' <Latency = 1> <II = 1> <Delay = 0.67> <Storage> <Opcode : 'load' 'store'> <Ports = 2> <Width = 16> <Depth = 16> <RAM>
ST_1 : Operation 438 [1/1] ( I:0.67ns O:0.67ns )   --->   "%store_ln93 = store i16 0, i4 %XW_block_34_addr" [src/integrated-gcn/integrated_gcn_approx.cpp:93]   --->   Operation 438 'store' 'store_ln93' <Predicate = (!icmp_ln89 & trunc_ln89 == 0)> <Delay = 0.67> <CoreInst = "RAM">   --->   Core 82 'RAM' <Latency = 1> <II = 1> <Delay = 0.67> <Storage> <Opcode : 'load' 'store'> <Ports = 2> <Width = 16> <Depth = 16> <RAM>
ST_1 : Operation 439 [1/1] ( I:0.67ns O:0.67ns )   --->   "%store_ln93 = store i16 0, i4 %XW_block_35_addr" [src/integrated-gcn/integrated_gcn_approx.cpp:93]   --->   Operation 439 'store' 'store_ln93' <Predicate = (!icmp_ln89 & trunc_ln89 == 0)> <Delay = 0.67> <CoreInst = "RAM">   --->   Core 82 'RAM' <Latency = 1> <II = 1> <Delay = 0.67> <Storage> <Opcode : 'load' 'store'> <Ports = 2> <Width = 16> <Depth = 16> <RAM>
ST_1 : Operation 440 [1/1] ( I:0.67ns O:0.67ns )   --->   "%store_ln93 = store i16 0, i4 %XW_block_36_addr" [src/integrated-gcn/integrated_gcn_approx.cpp:93]   --->   Operation 440 'store' 'store_ln93' <Predicate = (!icmp_ln89 & trunc_ln89 == 0)> <Delay = 0.67> <CoreInst = "RAM">   --->   Core 82 'RAM' <Latency = 1> <II = 1> <Delay = 0.67> <Storage> <Opcode : 'load' 'store'> <Ports = 2> <Width = 16> <Depth = 16> <RAM>
ST_1 : Operation 441 [1/1] ( I:0.67ns O:0.67ns )   --->   "%store_ln93 = store i16 0, i4 %XW_block_37_addr" [src/integrated-gcn/integrated_gcn_approx.cpp:93]   --->   Operation 441 'store' 'store_ln93' <Predicate = (!icmp_ln89 & trunc_ln89 == 0)> <Delay = 0.67> <CoreInst = "RAM">   --->   Core 82 'RAM' <Latency = 1> <II = 1> <Delay = 0.67> <Storage> <Opcode : 'load' 'store'> <Ports = 2> <Width = 16> <Depth = 16> <RAM>
ST_1 : Operation 442 [1/1] ( I:0.67ns O:0.67ns )   --->   "%store_ln93 = store i16 0, i4 %XW_block_38_addr" [src/integrated-gcn/integrated_gcn_approx.cpp:93]   --->   Operation 442 'store' 'store_ln93' <Predicate = (!icmp_ln89 & trunc_ln89 == 0)> <Delay = 0.67> <CoreInst = "RAM">   --->   Core 82 'RAM' <Latency = 1> <II = 1> <Delay = 0.67> <Storage> <Opcode : 'load' 'store'> <Ports = 2> <Width = 16> <Depth = 16> <RAM>
ST_1 : Operation 443 [1/1] ( I:0.67ns O:0.67ns )   --->   "%store_ln93 = store i16 0, i4 %XW_block_39_addr" [src/integrated-gcn/integrated_gcn_approx.cpp:93]   --->   Operation 443 'store' 'store_ln93' <Predicate = (!icmp_ln89 & trunc_ln89 == 0)> <Delay = 0.67> <CoreInst = "RAM">   --->   Core 82 'RAM' <Latency = 1> <II = 1> <Delay = 0.67> <Storage> <Opcode : 'load' 'store'> <Ports = 2> <Width = 16> <Depth = 16> <RAM>
ST_1 : Operation 444 [1/1] ( I:0.67ns O:0.67ns )   --->   "%store_ln93 = store i16 0, i4 %XW_block_40_addr" [src/integrated-gcn/integrated_gcn_approx.cpp:93]   --->   Operation 444 'store' 'store_ln93' <Predicate = (!icmp_ln89 & trunc_ln89 == 0)> <Delay = 0.67> <CoreInst = "RAM">   --->   Core 82 'RAM' <Latency = 1> <II = 1> <Delay = 0.67> <Storage> <Opcode : 'load' 'store'> <Ports = 2> <Width = 16> <Depth = 16> <RAM>
ST_1 : Operation 445 [1/1] ( I:0.67ns O:0.67ns )   --->   "%store_ln93 = store i16 0, i4 %XW_block_41_addr" [src/integrated-gcn/integrated_gcn_approx.cpp:93]   --->   Operation 445 'store' 'store_ln93' <Predicate = (!icmp_ln89 & trunc_ln89 == 0)> <Delay = 0.67> <CoreInst = "RAM">   --->   Core 82 'RAM' <Latency = 1> <II = 1> <Delay = 0.67> <Storage> <Opcode : 'load' 'store'> <Ports = 2> <Width = 16> <Depth = 16> <RAM>
ST_1 : Operation 446 [1/1] ( I:0.67ns O:0.67ns )   --->   "%store_ln93 = store i16 0, i4 %XW_block_42_addr" [src/integrated-gcn/integrated_gcn_approx.cpp:93]   --->   Operation 446 'store' 'store_ln93' <Predicate = (!icmp_ln89 & trunc_ln89 == 0)> <Delay = 0.67> <CoreInst = "RAM">   --->   Core 82 'RAM' <Latency = 1> <II = 1> <Delay = 0.67> <Storage> <Opcode : 'load' 'store'> <Ports = 2> <Width = 16> <Depth = 16> <RAM>
ST_1 : Operation 447 [1/1] ( I:0.67ns O:0.67ns )   --->   "%store_ln93 = store i16 0, i4 %XW_block_43_addr" [src/integrated-gcn/integrated_gcn_approx.cpp:93]   --->   Operation 447 'store' 'store_ln93' <Predicate = (!icmp_ln89 & trunc_ln89 == 0)> <Delay = 0.67> <CoreInst = "RAM">   --->   Core 82 'RAM' <Latency = 1> <II = 1> <Delay = 0.67> <Storage> <Opcode : 'load' 'store'> <Ports = 2> <Width = 16> <Depth = 16> <RAM>
ST_1 : Operation 448 [1/1] ( I:0.67ns O:0.67ns )   --->   "%store_ln93 = store i16 0, i4 %XW_block_44_addr" [src/integrated-gcn/integrated_gcn_approx.cpp:93]   --->   Operation 448 'store' 'store_ln93' <Predicate = (!icmp_ln89 & trunc_ln89 == 0)> <Delay = 0.67> <CoreInst = "RAM">   --->   Core 82 'RAM' <Latency = 1> <II = 1> <Delay = 0.67> <Storage> <Opcode : 'load' 'store'> <Ports = 2> <Width = 16> <Depth = 16> <RAM>
ST_1 : Operation 449 [1/1] ( I:0.67ns O:0.67ns )   --->   "%store_ln93 = store i16 0, i4 %XW_block_45_addr" [src/integrated-gcn/integrated_gcn_approx.cpp:93]   --->   Operation 449 'store' 'store_ln93' <Predicate = (!icmp_ln89 & trunc_ln89 == 0)> <Delay = 0.67> <CoreInst = "RAM">   --->   Core 82 'RAM' <Latency = 1> <II = 1> <Delay = 0.67> <Storage> <Opcode : 'load' 'store'> <Ports = 2> <Width = 16> <Depth = 16> <RAM>
ST_1 : Operation 450 [1/1] ( I:0.67ns O:0.67ns )   --->   "%store_ln93 = store i16 0, i4 %XW_block_46_addr" [src/integrated-gcn/integrated_gcn_approx.cpp:93]   --->   Operation 450 'store' 'store_ln93' <Predicate = (!icmp_ln89 & trunc_ln89 == 0)> <Delay = 0.67> <CoreInst = "RAM">   --->   Core 82 'RAM' <Latency = 1> <II = 1> <Delay = 0.67> <Storage> <Opcode : 'load' 'store'> <Ports = 2> <Width = 16> <Depth = 16> <RAM>
ST_1 : Operation 451 [1/1] ( I:0.67ns O:0.67ns )   --->   "%store_ln93 = store i16 0, i4 %XW_block_47_addr" [src/integrated-gcn/integrated_gcn_approx.cpp:93]   --->   Operation 451 'store' 'store_ln93' <Predicate = (!icmp_ln89 & trunc_ln89 == 0)> <Delay = 0.67> <CoreInst = "RAM">   --->   Core 82 'RAM' <Latency = 1> <II = 1> <Delay = 0.67> <Storage> <Opcode : 'load' 'store'> <Ports = 2> <Width = 16> <Depth = 16> <RAM>
ST_1 : Operation 452 [1/1] ( I:0.67ns O:0.67ns )   --->   "%store_ln93 = store i16 0, i4 %XW_block_48_addr" [src/integrated-gcn/integrated_gcn_approx.cpp:93]   --->   Operation 452 'store' 'store_ln93' <Predicate = (!icmp_ln89 & trunc_ln89 == 0)> <Delay = 0.67> <CoreInst = "RAM">   --->   Core 82 'RAM' <Latency = 1> <II = 1> <Delay = 0.67> <Storage> <Opcode : 'load' 'store'> <Ports = 2> <Width = 16> <Depth = 16> <RAM>
ST_1 : Operation 453 [1/1] ( I:0.67ns O:0.67ns )   --->   "%store_ln93 = store i16 0, i4 %XW_block_49_addr" [src/integrated-gcn/integrated_gcn_approx.cpp:93]   --->   Operation 453 'store' 'store_ln93' <Predicate = (!icmp_ln89 & trunc_ln89 == 0)> <Delay = 0.67> <CoreInst = "RAM">   --->   Core 82 'RAM' <Latency = 1> <II = 1> <Delay = 0.67> <Storage> <Opcode : 'load' 'store'> <Ports = 2> <Width = 16> <Depth = 16> <RAM>
ST_1 : Operation 454 [1/1] ( I:0.67ns O:0.67ns )   --->   "%store_ln93 = store i16 0, i4 %XW_block_50_addr" [src/integrated-gcn/integrated_gcn_approx.cpp:93]   --->   Operation 454 'store' 'store_ln93' <Predicate = (!icmp_ln89 & trunc_ln89 == 0)> <Delay = 0.67> <CoreInst = "RAM">   --->   Core 82 'RAM' <Latency = 1> <II = 1> <Delay = 0.67> <Storage> <Opcode : 'load' 'store'> <Ports = 2> <Width = 16> <Depth = 16> <RAM>
ST_1 : Operation 455 [1/1] ( I:0.67ns O:0.67ns )   --->   "%store_ln93 = store i16 0, i4 %XW_block_51_addr" [src/integrated-gcn/integrated_gcn_approx.cpp:93]   --->   Operation 455 'store' 'store_ln93' <Predicate = (!icmp_ln89 & trunc_ln89 == 0)> <Delay = 0.67> <CoreInst = "RAM">   --->   Core 82 'RAM' <Latency = 1> <II = 1> <Delay = 0.67> <Storage> <Opcode : 'load' 'store'> <Ports = 2> <Width = 16> <Depth = 16> <RAM>
ST_1 : Operation 456 [1/1] ( I:0.67ns O:0.67ns )   --->   "%store_ln93 = store i16 0, i4 %XW_block_52_addr" [src/integrated-gcn/integrated_gcn_approx.cpp:93]   --->   Operation 456 'store' 'store_ln93' <Predicate = (!icmp_ln89 & trunc_ln89 == 0)> <Delay = 0.67> <CoreInst = "RAM">   --->   Core 82 'RAM' <Latency = 1> <II = 1> <Delay = 0.67> <Storage> <Opcode : 'load' 'store'> <Ports = 2> <Width = 16> <Depth = 16> <RAM>
ST_1 : Operation 457 [1/1] ( I:0.67ns O:0.67ns )   --->   "%store_ln93 = store i16 0, i4 %XW_block_53_addr" [src/integrated-gcn/integrated_gcn_approx.cpp:93]   --->   Operation 457 'store' 'store_ln93' <Predicate = (!icmp_ln89 & trunc_ln89 == 0)> <Delay = 0.67> <CoreInst = "RAM">   --->   Core 82 'RAM' <Latency = 1> <II = 1> <Delay = 0.67> <Storage> <Opcode : 'load' 'store'> <Ports = 2> <Width = 16> <Depth = 16> <RAM>
ST_1 : Operation 458 [1/1] ( I:0.67ns O:0.67ns )   --->   "%store_ln93 = store i16 0, i4 %XW_block_54_addr" [src/integrated-gcn/integrated_gcn_approx.cpp:93]   --->   Operation 458 'store' 'store_ln93' <Predicate = (!icmp_ln89 & trunc_ln89 == 0)> <Delay = 0.67> <CoreInst = "RAM">   --->   Core 82 'RAM' <Latency = 1> <II = 1> <Delay = 0.67> <Storage> <Opcode : 'load' 'store'> <Ports = 2> <Width = 16> <Depth = 16> <RAM>
ST_1 : Operation 459 [1/1] ( I:0.67ns O:0.67ns )   --->   "%store_ln93 = store i16 0, i4 %XW_block_55_addr" [src/integrated-gcn/integrated_gcn_approx.cpp:93]   --->   Operation 459 'store' 'store_ln93' <Predicate = (!icmp_ln89 & trunc_ln89 == 0)> <Delay = 0.67> <CoreInst = "RAM">   --->   Core 82 'RAM' <Latency = 1> <II = 1> <Delay = 0.67> <Storage> <Opcode : 'load' 'store'> <Ports = 2> <Width = 16> <Depth = 16> <RAM>
ST_1 : Operation 460 [1/1] ( I:0.67ns O:0.67ns )   --->   "%store_ln93 = store i16 0, i4 %XW_block_56_addr" [src/integrated-gcn/integrated_gcn_approx.cpp:93]   --->   Operation 460 'store' 'store_ln93' <Predicate = (!icmp_ln89 & trunc_ln89 == 0)> <Delay = 0.67> <CoreInst = "RAM">   --->   Core 82 'RAM' <Latency = 1> <II = 1> <Delay = 0.67> <Storage> <Opcode : 'load' 'store'> <Ports = 2> <Width = 16> <Depth = 16> <RAM>
ST_1 : Operation 461 [1/1] ( I:0.67ns O:0.67ns )   --->   "%store_ln93 = store i16 0, i4 %XW_block_57_addr" [src/integrated-gcn/integrated_gcn_approx.cpp:93]   --->   Operation 461 'store' 'store_ln93' <Predicate = (!icmp_ln89 & trunc_ln89 == 0)> <Delay = 0.67> <CoreInst = "RAM">   --->   Core 82 'RAM' <Latency = 1> <II = 1> <Delay = 0.67> <Storage> <Opcode : 'load' 'store'> <Ports = 2> <Width = 16> <Depth = 16> <RAM>
ST_1 : Operation 462 [1/1] ( I:0.67ns O:0.67ns )   --->   "%store_ln93 = store i16 0, i4 %XW_block_58_addr" [src/integrated-gcn/integrated_gcn_approx.cpp:93]   --->   Operation 462 'store' 'store_ln93' <Predicate = (!icmp_ln89 & trunc_ln89 == 0)> <Delay = 0.67> <CoreInst = "RAM">   --->   Core 82 'RAM' <Latency = 1> <II = 1> <Delay = 0.67> <Storage> <Opcode : 'load' 'store'> <Ports = 2> <Width = 16> <Depth = 16> <RAM>
ST_1 : Operation 463 [1/1] ( I:0.67ns O:0.67ns )   --->   "%store_ln93 = store i16 0, i4 %XW_block_59_addr" [src/integrated-gcn/integrated_gcn_approx.cpp:93]   --->   Operation 463 'store' 'store_ln93' <Predicate = (!icmp_ln89 & trunc_ln89 == 0)> <Delay = 0.67> <CoreInst = "RAM">   --->   Core 82 'RAM' <Latency = 1> <II = 1> <Delay = 0.67> <Storage> <Opcode : 'load' 'store'> <Ports = 2> <Width = 16> <Depth = 16> <RAM>
ST_1 : Operation 464 [1/1] ( I:0.67ns O:0.67ns )   --->   "%store_ln93 = store i16 0, i4 %XW_block_60_addr" [src/integrated-gcn/integrated_gcn_approx.cpp:93]   --->   Operation 464 'store' 'store_ln93' <Predicate = (!icmp_ln89 & trunc_ln89 == 0)> <Delay = 0.67> <CoreInst = "RAM">   --->   Core 82 'RAM' <Latency = 1> <II = 1> <Delay = 0.67> <Storage> <Opcode : 'load' 'store'> <Ports = 2> <Width = 16> <Depth = 16> <RAM>
ST_1 : Operation 465 [1/1] ( I:0.67ns O:0.67ns )   --->   "%store_ln93 = store i16 0, i4 %XW_block_61_addr" [src/integrated-gcn/integrated_gcn_approx.cpp:93]   --->   Operation 465 'store' 'store_ln93' <Predicate = (!icmp_ln89 & trunc_ln89 == 0)> <Delay = 0.67> <CoreInst = "RAM">   --->   Core 82 'RAM' <Latency = 1> <II = 1> <Delay = 0.67> <Storage> <Opcode : 'load' 'store'> <Ports = 2> <Width = 16> <Depth = 16> <RAM>
ST_1 : Operation 466 [1/1] ( I:0.67ns O:0.67ns )   --->   "%store_ln93 = store i16 0, i4 %XW_block_62_addr" [src/integrated-gcn/integrated_gcn_approx.cpp:93]   --->   Operation 466 'store' 'store_ln93' <Predicate = (!icmp_ln89 & trunc_ln89 == 0)> <Delay = 0.67> <CoreInst = "RAM">   --->   Core 82 'RAM' <Latency = 1> <II = 1> <Delay = 0.67> <Storage> <Opcode : 'load' 'store'> <Ports = 2> <Width = 16> <Depth = 16> <RAM>
ST_1 : Operation 467 [1/1] ( I:0.67ns O:0.67ns )   --->   "%store_ln93 = store i16 0, i4 %XW_block_63_addr" [src/integrated-gcn/integrated_gcn_approx.cpp:93]   --->   Operation 467 'store' 'store_ln93' <Predicate = (!icmp_ln89 & trunc_ln89 == 0)> <Delay = 0.67> <CoreInst = "RAM">   --->   Core 82 'RAM' <Latency = 1> <II = 1> <Delay = 0.67> <Storage> <Opcode : 'load' 'store'> <Ports = 2> <Width = 16> <Depth = 16> <RAM>
ST_1 : Operation 468 [1/1] (0.00ns)   --->   "%br_ln93 = br void %arrayidx143.63.exit" [src/integrated-gcn/integrated_gcn_approx.cpp:93]   --->   Operation 468 'br' 'br_ln93' <Predicate = (!icmp_ln89 & trunc_ln89 == 0)> <Delay = 0.00>
ST_1 : Operation 469 [1/1] ( I:0.67ns O:0.67ns )   --->   "%store_ln93 = store i16 0, i4 %XW_block_192_addr" [src/integrated-gcn/integrated_gcn_approx.cpp:93]   --->   Operation 469 'store' 'store_ln93' <Predicate = (!icmp_ln89 & trunc_ln89 == 3)> <Delay = 0.67> <CoreInst = "RAM">   --->   Core 82 'RAM' <Latency = 1> <II = 1> <Delay = 0.67> <Storage> <Opcode : 'load' 'store'> <Ports = 2> <Width = 16> <Depth = 16> <RAM>
ST_1 : Operation 470 [1/1] ( I:0.67ns O:0.67ns )   --->   "%store_ln93 = store i16 0, i4 %XW_block_193_addr" [src/integrated-gcn/integrated_gcn_approx.cpp:93]   --->   Operation 470 'store' 'store_ln93' <Predicate = (!icmp_ln89 & trunc_ln89 == 3)> <Delay = 0.67> <CoreInst = "RAM">   --->   Core 82 'RAM' <Latency = 1> <II = 1> <Delay = 0.67> <Storage> <Opcode : 'load' 'store'> <Ports = 2> <Width = 16> <Depth = 16> <RAM>
ST_1 : Operation 471 [1/1] ( I:0.67ns O:0.67ns )   --->   "%store_ln93 = store i16 0, i4 %XW_block_194_addr" [src/integrated-gcn/integrated_gcn_approx.cpp:93]   --->   Operation 471 'store' 'store_ln93' <Predicate = (!icmp_ln89 & trunc_ln89 == 3)> <Delay = 0.67> <CoreInst = "RAM">   --->   Core 82 'RAM' <Latency = 1> <II = 1> <Delay = 0.67> <Storage> <Opcode : 'load' 'store'> <Ports = 2> <Width = 16> <Depth = 16> <RAM>
ST_1 : Operation 472 [1/1] ( I:0.67ns O:0.67ns )   --->   "%store_ln93 = store i16 0, i4 %XW_block_195_addr" [src/integrated-gcn/integrated_gcn_approx.cpp:93]   --->   Operation 472 'store' 'store_ln93' <Predicate = (!icmp_ln89 & trunc_ln89 == 3)> <Delay = 0.67> <CoreInst = "RAM">   --->   Core 82 'RAM' <Latency = 1> <II = 1> <Delay = 0.67> <Storage> <Opcode : 'load' 'store'> <Ports = 2> <Width = 16> <Depth = 16> <RAM>
ST_1 : Operation 473 [1/1] ( I:0.67ns O:0.67ns )   --->   "%store_ln93 = store i16 0, i4 %XW_block_196_addr" [src/integrated-gcn/integrated_gcn_approx.cpp:93]   --->   Operation 473 'store' 'store_ln93' <Predicate = (!icmp_ln89 & trunc_ln89 == 3)> <Delay = 0.67> <CoreInst = "RAM">   --->   Core 82 'RAM' <Latency = 1> <II = 1> <Delay = 0.67> <Storage> <Opcode : 'load' 'store'> <Ports = 2> <Width = 16> <Depth = 16> <RAM>
ST_1 : Operation 474 [1/1] ( I:0.67ns O:0.67ns )   --->   "%store_ln93 = store i16 0, i4 %XW_block_197_addr" [src/integrated-gcn/integrated_gcn_approx.cpp:93]   --->   Operation 474 'store' 'store_ln93' <Predicate = (!icmp_ln89 & trunc_ln89 == 3)> <Delay = 0.67> <CoreInst = "RAM">   --->   Core 82 'RAM' <Latency = 1> <II = 1> <Delay = 0.67> <Storage> <Opcode : 'load' 'store'> <Ports = 2> <Width = 16> <Depth = 16> <RAM>
ST_1 : Operation 475 [1/1] ( I:0.67ns O:0.67ns )   --->   "%store_ln93 = store i16 0, i4 %XW_block_198_addr" [src/integrated-gcn/integrated_gcn_approx.cpp:93]   --->   Operation 475 'store' 'store_ln93' <Predicate = (!icmp_ln89 & trunc_ln89 == 3)> <Delay = 0.67> <CoreInst = "RAM">   --->   Core 82 'RAM' <Latency = 1> <II = 1> <Delay = 0.67> <Storage> <Opcode : 'load' 'store'> <Ports = 2> <Width = 16> <Depth = 16> <RAM>
ST_1 : Operation 476 [1/1] ( I:0.67ns O:0.67ns )   --->   "%store_ln93 = store i16 0, i4 %XW_block_199_addr" [src/integrated-gcn/integrated_gcn_approx.cpp:93]   --->   Operation 476 'store' 'store_ln93' <Predicate = (!icmp_ln89 & trunc_ln89 == 3)> <Delay = 0.67> <CoreInst = "RAM">   --->   Core 82 'RAM' <Latency = 1> <II = 1> <Delay = 0.67> <Storage> <Opcode : 'load' 'store'> <Ports = 2> <Width = 16> <Depth = 16> <RAM>
ST_1 : Operation 477 [1/1] ( I:0.67ns O:0.67ns )   --->   "%store_ln93 = store i16 0, i4 %XW_block_200_addr" [src/integrated-gcn/integrated_gcn_approx.cpp:93]   --->   Operation 477 'store' 'store_ln93' <Predicate = (!icmp_ln89 & trunc_ln89 == 3)> <Delay = 0.67> <CoreInst = "RAM">   --->   Core 82 'RAM' <Latency = 1> <II = 1> <Delay = 0.67> <Storage> <Opcode : 'load' 'store'> <Ports = 2> <Width = 16> <Depth = 16> <RAM>
ST_1 : Operation 478 [1/1] ( I:0.67ns O:0.67ns )   --->   "%store_ln93 = store i16 0, i4 %XW_block_201_addr" [src/integrated-gcn/integrated_gcn_approx.cpp:93]   --->   Operation 478 'store' 'store_ln93' <Predicate = (!icmp_ln89 & trunc_ln89 == 3)> <Delay = 0.67> <CoreInst = "RAM">   --->   Core 82 'RAM' <Latency = 1> <II = 1> <Delay = 0.67> <Storage> <Opcode : 'load' 'store'> <Ports = 2> <Width = 16> <Depth = 16> <RAM>
ST_1 : Operation 479 [1/1] ( I:0.67ns O:0.67ns )   --->   "%store_ln93 = store i16 0, i4 %XW_block_202_addr" [src/integrated-gcn/integrated_gcn_approx.cpp:93]   --->   Operation 479 'store' 'store_ln93' <Predicate = (!icmp_ln89 & trunc_ln89 == 3)> <Delay = 0.67> <CoreInst = "RAM">   --->   Core 82 'RAM' <Latency = 1> <II = 1> <Delay = 0.67> <Storage> <Opcode : 'load' 'store'> <Ports = 2> <Width = 16> <Depth = 16> <RAM>
ST_1 : Operation 480 [1/1] ( I:0.67ns O:0.67ns )   --->   "%store_ln93 = store i16 0, i4 %XW_block_203_addr" [src/integrated-gcn/integrated_gcn_approx.cpp:93]   --->   Operation 480 'store' 'store_ln93' <Predicate = (!icmp_ln89 & trunc_ln89 == 3)> <Delay = 0.67> <CoreInst = "RAM">   --->   Core 82 'RAM' <Latency = 1> <II = 1> <Delay = 0.67> <Storage> <Opcode : 'load' 'store'> <Ports = 2> <Width = 16> <Depth = 16> <RAM>
ST_1 : Operation 481 [1/1] ( I:0.67ns O:0.67ns )   --->   "%store_ln93 = store i16 0, i4 %XW_block_204_addr" [src/integrated-gcn/integrated_gcn_approx.cpp:93]   --->   Operation 481 'store' 'store_ln93' <Predicate = (!icmp_ln89 & trunc_ln89 == 3)> <Delay = 0.67> <CoreInst = "RAM">   --->   Core 82 'RAM' <Latency = 1> <II = 1> <Delay = 0.67> <Storage> <Opcode : 'load' 'store'> <Ports = 2> <Width = 16> <Depth = 16> <RAM>
ST_1 : Operation 482 [1/1] ( I:0.67ns O:0.67ns )   --->   "%store_ln93 = store i16 0, i4 %XW_block_205_addr" [src/integrated-gcn/integrated_gcn_approx.cpp:93]   --->   Operation 482 'store' 'store_ln93' <Predicate = (!icmp_ln89 & trunc_ln89 == 3)> <Delay = 0.67> <CoreInst = "RAM">   --->   Core 82 'RAM' <Latency = 1> <II = 1> <Delay = 0.67> <Storage> <Opcode : 'load' 'store'> <Ports = 2> <Width = 16> <Depth = 16> <RAM>
ST_1 : Operation 483 [1/1] ( I:0.67ns O:0.67ns )   --->   "%store_ln93 = store i16 0, i4 %XW_block_206_addr" [src/integrated-gcn/integrated_gcn_approx.cpp:93]   --->   Operation 483 'store' 'store_ln93' <Predicate = (!icmp_ln89 & trunc_ln89 == 3)> <Delay = 0.67> <CoreInst = "RAM">   --->   Core 82 'RAM' <Latency = 1> <II = 1> <Delay = 0.67> <Storage> <Opcode : 'load' 'store'> <Ports = 2> <Width = 16> <Depth = 16> <RAM>
ST_1 : Operation 484 [1/1] ( I:0.67ns O:0.67ns )   --->   "%store_ln93 = store i16 0, i4 %XW_block_207_addr" [src/integrated-gcn/integrated_gcn_approx.cpp:93]   --->   Operation 484 'store' 'store_ln93' <Predicate = (!icmp_ln89 & trunc_ln89 == 3)> <Delay = 0.67> <CoreInst = "RAM">   --->   Core 82 'RAM' <Latency = 1> <II = 1> <Delay = 0.67> <Storage> <Opcode : 'load' 'store'> <Ports = 2> <Width = 16> <Depth = 16> <RAM>
ST_1 : Operation 485 [1/1] ( I:0.67ns O:0.67ns )   --->   "%store_ln93 = store i16 0, i4 %XW_block_208_addr" [src/integrated-gcn/integrated_gcn_approx.cpp:93]   --->   Operation 485 'store' 'store_ln93' <Predicate = (!icmp_ln89 & trunc_ln89 == 3)> <Delay = 0.67> <CoreInst = "RAM">   --->   Core 82 'RAM' <Latency = 1> <II = 1> <Delay = 0.67> <Storage> <Opcode : 'load' 'store'> <Ports = 2> <Width = 16> <Depth = 16> <RAM>
ST_1 : Operation 486 [1/1] ( I:0.67ns O:0.67ns )   --->   "%store_ln93 = store i16 0, i4 %XW_block_209_addr" [src/integrated-gcn/integrated_gcn_approx.cpp:93]   --->   Operation 486 'store' 'store_ln93' <Predicate = (!icmp_ln89 & trunc_ln89 == 3)> <Delay = 0.67> <CoreInst = "RAM">   --->   Core 82 'RAM' <Latency = 1> <II = 1> <Delay = 0.67> <Storage> <Opcode : 'load' 'store'> <Ports = 2> <Width = 16> <Depth = 16> <RAM>
ST_1 : Operation 487 [1/1] ( I:0.67ns O:0.67ns )   --->   "%store_ln93 = store i16 0, i4 %XW_block_210_addr" [src/integrated-gcn/integrated_gcn_approx.cpp:93]   --->   Operation 487 'store' 'store_ln93' <Predicate = (!icmp_ln89 & trunc_ln89 == 3)> <Delay = 0.67> <CoreInst = "RAM">   --->   Core 82 'RAM' <Latency = 1> <II = 1> <Delay = 0.67> <Storage> <Opcode : 'load' 'store'> <Ports = 2> <Width = 16> <Depth = 16> <RAM>
ST_1 : Operation 488 [1/1] ( I:0.67ns O:0.67ns )   --->   "%store_ln93 = store i16 0, i4 %XW_block_211_addr" [src/integrated-gcn/integrated_gcn_approx.cpp:93]   --->   Operation 488 'store' 'store_ln93' <Predicate = (!icmp_ln89 & trunc_ln89 == 3)> <Delay = 0.67> <CoreInst = "RAM">   --->   Core 82 'RAM' <Latency = 1> <II = 1> <Delay = 0.67> <Storage> <Opcode : 'load' 'store'> <Ports = 2> <Width = 16> <Depth = 16> <RAM>
ST_1 : Operation 489 [1/1] ( I:0.67ns O:0.67ns )   --->   "%store_ln93 = store i16 0, i4 %XW_block_212_addr" [src/integrated-gcn/integrated_gcn_approx.cpp:93]   --->   Operation 489 'store' 'store_ln93' <Predicate = (!icmp_ln89 & trunc_ln89 == 3)> <Delay = 0.67> <CoreInst = "RAM">   --->   Core 82 'RAM' <Latency = 1> <II = 1> <Delay = 0.67> <Storage> <Opcode : 'load' 'store'> <Ports = 2> <Width = 16> <Depth = 16> <RAM>
ST_1 : Operation 490 [1/1] ( I:0.67ns O:0.67ns )   --->   "%store_ln93 = store i16 0, i4 %XW_block_213_addr" [src/integrated-gcn/integrated_gcn_approx.cpp:93]   --->   Operation 490 'store' 'store_ln93' <Predicate = (!icmp_ln89 & trunc_ln89 == 3)> <Delay = 0.67> <CoreInst = "RAM">   --->   Core 82 'RAM' <Latency = 1> <II = 1> <Delay = 0.67> <Storage> <Opcode : 'load' 'store'> <Ports = 2> <Width = 16> <Depth = 16> <RAM>
ST_1 : Operation 491 [1/1] ( I:0.67ns O:0.67ns )   --->   "%store_ln93 = store i16 0, i4 %XW_block_214_addr" [src/integrated-gcn/integrated_gcn_approx.cpp:93]   --->   Operation 491 'store' 'store_ln93' <Predicate = (!icmp_ln89 & trunc_ln89 == 3)> <Delay = 0.67> <CoreInst = "RAM">   --->   Core 82 'RAM' <Latency = 1> <II = 1> <Delay = 0.67> <Storage> <Opcode : 'load' 'store'> <Ports = 2> <Width = 16> <Depth = 16> <RAM>
ST_1 : Operation 492 [1/1] ( I:0.67ns O:0.67ns )   --->   "%store_ln93 = store i16 0, i4 %XW_block_215_addr" [src/integrated-gcn/integrated_gcn_approx.cpp:93]   --->   Operation 492 'store' 'store_ln93' <Predicate = (!icmp_ln89 & trunc_ln89 == 3)> <Delay = 0.67> <CoreInst = "RAM">   --->   Core 82 'RAM' <Latency = 1> <II = 1> <Delay = 0.67> <Storage> <Opcode : 'load' 'store'> <Ports = 2> <Width = 16> <Depth = 16> <RAM>
ST_1 : Operation 493 [1/1] ( I:0.67ns O:0.67ns )   --->   "%store_ln93 = store i16 0, i4 %XW_block_216_addr" [src/integrated-gcn/integrated_gcn_approx.cpp:93]   --->   Operation 493 'store' 'store_ln93' <Predicate = (!icmp_ln89 & trunc_ln89 == 3)> <Delay = 0.67> <CoreInst = "RAM">   --->   Core 82 'RAM' <Latency = 1> <II = 1> <Delay = 0.67> <Storage> <Opcode : 'load' 'store'> <Ports = 2> <Width = 16> <Depth = 16> <RAM>
ST_1 : Operation 494 [1/1] ( I:0.67ns O:0.67ns )   --->   "%store_ln93 = store i16 0, i4 %XW_block_217_addr" [src/integrated-gcn/integrated_gcn_approx.cpp:93]   --->   Operation 494 'store' 'store_ln93' <Predicate = (!icmp_ln89 & trunc_ln89 == 3)> <Delay = 0.67> <CoreInst = "RAM">   --->   Core 82 'RAM' <Latency = 1> <II = 1> <Delay = 0.67> <Storage> <Opcode : 'load' 'store'> <Ports = 2> <Width = 16> <Depth = 16> <RAM>
ST_1 : Operation 495 [1/1] ( I:0.67ns O:0.67ns )   --->   "%store_ln93 = store i16 0, i4 %XW_block_218_addr" [src/integrated-gcn/integrated_gcn_approx.cpp:93]   --->   Operation 495 'store' 'store_ln93' <Predicate = (!icmp_ln89 & trunc_ln89 == 3)> <Delay = 0.67> <CoreInst = "RAM">   --->   Core 82 'RAM' <Latency = 1> <II = 1> <Delay = 0.67> <Storage> <Opcode : 'load' 'store'> <Ports = 2> <Width = 16> <Depth = 16> <RAM>
ST_1 : Operation 496 [1/1] ( I:0.67ns O:0.67ns )   --->   "%store_ln93 = store i16 0, i4 %XW_block_219_addr" [src/integrated-gcn/integrated_gcn_approx.cpp:93]   --->   Operation 496 'store' 'store_ln93' <Predicate = (!icmp_ln89 & trunc_ln89 == 3)> <Delay = 0.67> <CoreInst = "RAM">   --->   Core 82 'RAM' <Latency = 1> <II = 1> <Delay = 0.67> <Storage> <Opcode : 'load' 'store'> <Ports = 2> <Width = 16> <Depth = 16> <RAM>
ST_1 : Operation 497 [1/1] ( I:0.67ns O:0.67ns )   --->   "%store_ln93 = store i16 0, i4 %XW_block_220_addr" [src/integrated-gcn/integrated_gcn_approx.cpp:93]   --->   Operation 497 'store' 'store_ln93' <Predicate = (!icmp_ln89 & trunc_ln89 == 3)> <Delay = 0.67> <CoreInst = "RAM">   --->   Core 82 'RAM' <Latency = 1> <II = 1> <Delay = 0.67> <Storage> <Opcode : 'load' 'store'> <Ports = 2> <Width = 16> <Depth = 16> <RAM>
ST_1 : Operation 498 [1/1] ( I:0.67ns O:0.67ns )   --->   "%store_ln93 = store i16 0, i4 %XW_block_221_addr" [src/integrated-gcn/integrated_gcn_approx.cpp:93]   --->   Operation 498 'store' 'store_ln93' <Predicate = (!icmp_ln89 & trunc_ln89 == 3)> <Delay = 0.67> <CoreInst = "RAM">   --->   Core 82 'RAM' <Latency = 1> <II = 1> <Delay = 0.67> <Storage> <Opcode : 'load' 'store'> <Ports = 2> <Width = 16> <Depth = 16> <RAM>
ST_1 : Operation 499 [1/1] ( I:0.67ns O:0.67ns )   --->   "%store_ln93 = store i16 0, i4 %XW_block_222_addr" [src/integrated-gcn/integrated_gcn_approx.cpp:93]   --->   Operation 499 'store' 'store_ln93' <Predicate = (!icmp_ln89 & trunc_ln89 == 3)> <Delay = 0.67> <CoreInst = "RAM">   --->   Core 82 'RAM' <Latency = 1> <II = 1> <Delay = 0.67> <Storage> <Opcode : 'load' 'store'> <Ports = 2> <Width = 16> <Depth = 16> <RAM>
ST_1 : Operation 500 [1/1] ( I:0.67ns O:0.67ns )   --->   "%store_ln93 = store i16 0, i4 %XW_block_223_addr" [src/integrated-gcn/integrated_gcn_approx.cpp:93]   --->   Operation 500 'store' 'store_ln93' <Predicate = (!icmp_ln89 & trunc_ln89 == 3)> <Delay = 0.67> <CoreInst = "RAM">   --->   Core 82 'RAM' <Latency = 1> <II = 1> <Delay = 0.67> <Storage> <Opcode : 'load' 'store'> <Ports = 2> <Width = 16> <Depth = 16> <RAM>
ST_1 : Operation 501 [1/1] ( I:0.67ns O:0.67ns )   --->   "%store_ln93 = store i16 0, i4 %XW_block_224_addr" [src/integrated-gcn/integrated_gcn_approx.cpp:93]   --->   Operation 501 'store' 'store_ln93' <Predicate = (!icmp_ln89 & trunc_ln89 == 3)> <Delay = 0.67> <CoreInst = "RAM">   --->   Core 82 'RAM' <Latency = 1> <II = 1> <Delay = 0.67> <Storage> <Opcode : 'load' 'store'> <Ports = 2> <Width = 16> <Depth = 16> <RAM>
ST_1 : Operation 502 [1/1] ( I:0.67ns O:0.67ns )   --->   "%store_ln93 = store i16 0, i4 %XW_block_225_addr" [src/integrated-gcn/integrated_gcn_approx.cpp:93]   --->   Operation 502 'store' 'store_ln93' <Predicate = (!icmp_ln89 & trunc_ln89 == 3)> <Delay = 0.67> <CoreInst = "RAM">   --->   Core 82 'RAM' <Latency = 1> <II = 1> <Delay = 0.67> <Storage> <Opcode : 'load' 'store'> <Ports = 2> <Width = 16> <Depth = 16> <RAM>
ST_1 : Operation 503 [1/1] ( I:0.67ns O:0.67ns )   --->   "%store_ln93 = store i16 0, i4 %XW_block_226_addr" [src/integrated-gcn/integrated_gcn_approx.cpp:93]   --->   Operation 503 'store' 'store_ln93' <Predicate = (!icmp_ln89 & trunc_ln89 == 3)> <Delay = 0.67> <CoreInst = "RAM">   --->   Core 82 'RAM' <Latency = 1> <II = 1> <Delay = 0.67> <Storage> <Opcode : 'load' 'store'> <Ports = 2> <Width = 16> <Depth = 16> <RAM>
ST_1 : Operation 504 [1/1] ( I:0.67ns O:0.67ns )   --->   "%store_ln93 = store i16 0, i4 %XW_block_227_addr" [src/integrated-gcn/integrated_gcn_approx.cpp:93]   --->   Operation 504 'store' 'store_ln93' <Predicate = (!icmp_ln89 & trunc_ln89 == 3)> <Delay = 0.67> <CoreInst = "RAM">   --->   Core 82 'RAM' <Latency = 1> <II = 1> <Delay = 0.67> <Storage> <Opcode : 'load' 'store'> <Ports = 2> <Width = 16> <Depth = 16> <RAM>
ST_1 : Operation 505 [1/1] ( I:0.67ns O:0.67ns )   --->   "%store_ln93 = store i16 0, i4 %XW_block_228_addr" [src/integrated-gcn/integrated_gcn_approx.cpp:93]   --->   Operation 505 'store' 'store_ln93' <Predicate = (!icmp_ln89 & trunc_ln89 == 3)> <Delay = 0.67> <CoreInst = "RAM">   --->   Core 82 'RAM' <Latency = 1> <II = 1> <Delay = 0.67> <Storage> <Opcode : 'load' 'store'> <Ports = 2> <Width = 16> <Depth = 16> <RAM>
ST_1 : Operation 506 [1/1] ( I:0.67ns O:0.67ns )   --->   "%store_ln93 = store i16 0, i4 %XW_block_229_addr" [src/integrated-gcn/integrated_gcn_approx.cpp:93]   --->   Operation 506 'store' 'store_ln93' <Predicate = (!icmp_ln89 & trunc_ln89 == 3)> <Delay = 0.67> <CoreInst = "RAM">   --->   Core 82 'RAM' <Latency = 1> <II = 1> <Delay = 0.67> <Storage> <Opcode : 'load' 'store'> <Ports = 2> <Width = 16> <Depth = 16> <RAM>
ST_1 : Operation 507 [1/1] ( I:0.67ns O:0.67ns )   --->   "%store_ln93 = store i16 0, i4 %XW_block_230_addr" [src/integrated-gcn/integrated_gcn_approx.cpp:93]   --->   Operation 507 'store' 'store_ln93' <Predicate = (!icmp_ln89 & trunc_ln89 == 3)> <Delay = 0.67> <CoreInst = "RAM">   --->   Core 82 'RAM' <Latency = 1> <II = 1> <Delay = 0.67> <Storage> <Opcode : 'load' 'store'> <Ports = 2> <Width = 16> <Depth = 16> <RAM>
ST_1 : Operation 508 [1/1] ( I:0.67ns O:0.67ns )   --->   "%store_ln93 = store i16 0, i4 %XW_block_231_addr" [src/integrated-gcn/integrated_gcn_approx.cpp:93]   --->   Operation 508 'store' 'store_ln93' <Predicate = (!icmp_ln89 & trunc_ln89 == 3)> <Delay = 0.67> <CoreInst = "RAM">   --->   Core 82 'RAM' <Latency = 1> <II = 1> <Delay = 0.67> <Storage> <Opcode : 'load' 'store'> <Ports = 2> <Width = 16> <Depth = 16> <RAM>
ST_1 : Operation 509 [1/1] ( I:0.67ns O:0.67ns )   --->   "%store_ln93 = store i16 0, i4 %XW_block_232_addr" [src/integrated-gcn/integrated_gcn_approx.cpp:93]   --->   Operation 509 'store' 'store_ln93' <Predicate = (!icmp_ln89 & trunc_ln89 == 3)> <Delay = 0.67> <CoreInst = "RAM">   --->   Core 82 'RAM' <Latency = 1> <II = 1> <Delay = 0.67> <Storage> <Opcode : 'load' 'store'> <Ports = 2> <Width = 16> <Depth = 16> <RAM>
ST_1 : Operation 510 [1/1] ( I:0.67ns O:0.67ns )   --->   "%store_ln93 = store i16 0, i4 %XW_block_233_addr" [src/integrated-gcn/integrated_gcn_approx.cpp:93]   --->   Operation 510 'store' 'store_ln93' <Predicate = (!icmp_ln89 & trunc_ln89 == 3)> <Delay = 0.67> <CoreInst = "RAM">   --->   Core 82 'RAM' <Latency = 1> <II = 1> <Delay = 0.67> <Storage> <Opcode : 'load' 'store'> <Ports = 2> <Width = 16> <Depth = 16> <RAM>
ST_1 : Operation 511 [1/1] ( I:0.67ns O:0.67ns )   --->   "%store_ln93 = store i16 0, i4 %XW_block_234_addr" [src/integrated-gcn/integrated_gcn_approx.cpp:93]   --->   Operation 511 'store' 'store_ln93' <Predicate = (!icmp_ln89 & trunc_ln89 == 3)> <Delay = 0.67> <CoreInst = "RAM">   --->   Core 82 'RAM' <Latency = 1> <II = 1> <Delay = 0.67> <Storage> <Opcode : 'load' 'store'> <Ports = 2> <Width = 16> <Depth = 16> <RAM>
ST_1 : Operation 512 [1/1] ( I:0.67ns O:0.67ns )   --->   "%store_ln93 = store i16 0, i4 %XW_block_235_addr" [src/integrated-gcn/integrated_gcn_approx.cpp:93]   --->   Operation 512 'store' 'store_ln93' <Predicate = (!icmp_ln89 & trunc_ln89 == 3)> <Delay = 0.67> <CoreInst = "RAM">   --->   Core 82 'RAM' <Latency = 1> <II = 1> <Delay = 0.67> <Storage> <Opcode : 'load' 'store'> <Ports = 2> <Width = 16> <Depth = 16> <RAM>
ST_1 : Operation 513 [1/1] ( I:0.67ns O:0.67ns )   --->   "%store_ln93 = store i16 0, i4 %XW_block_236_addr" [src/integrated-gcn/integrated_gcn_approx.cpp:93]   --->   Operation 513 'store' 'store_ln93' <Predicate = (!icmp_ln89 & trunc_ln89 == 3)> <Delay = 0.67> <CoreInst = "RAM">   --->   Core 82 'RAM' <Latency = 1> <II = 1> <Delay = 0.67> <Storage> <Opcode : 'load' 'store'> <Ports = 2> <Width = 16> <Depth = 16> <RAM>
ST_1 : Operation 514 [1/1] ( I:0.67ns O:0.67ns )   --->   "%store_ln93 = store i16 0, i4 %XW_block_237_addr" [src/integrated-gcn/integrated_gcn_approx.cpp:93]   --->   Operation 514 'store' 'store_ln93' <Predicate = (!icmp_ln89 & trunc_ln89 == 3)> <Delay = 0.67> <CoreInst = "RAM">   --->   Core 82 'RAM' <Latency = 1> <II = 1> <Delay = 0.67> <Storage> <Opcode : 'load' 'store'> <Ports = 2> <Width = 16> <Depth = 16> <RAM>
ST_1 : Operation 515 [1/1] ( I:0.67ns O:0.67ns )   --->   "%store_ln93 = store i16 0, i4 %XW_block_238_addr" [src/integrated-gcn/integrated_gcn_approx.cpp:93]   --->   Operation 515 'store' 'store_ln93' <Predicate = (!icmp_ln89 & trunc_ln89 == 3)> <Delay = 0.67> <CoreInst = "RAM">   --->   Core 82 'RAM' <Latency = 1> <II = 1> <Delay = 0.67> <Storage> <Opcode : 'load' 'store'> <Ports = 2> <Width = 16> <Depth = 16> <RAM>
ST_1 : Operation 516 [1/1] ( I:0.67ns O:0.67ns )   --->   "%store_ln93 = store i16 0, i4 %XW_block_239_addr" [src/integrated-gcn/integrated_gcn_approx.cpp:93]   --->   Operation 516 'store' 'store_ln93' <Predicate = (!icmp_ln89 & trunc_ln89 == 3)> <Delay = 0.67> <CoreInst = "RAM">   --->   Core 82 'RAM' <Latency = 1> <II = 1> <Delay = 0.67> <Storage> <Opcode : 'load' 'store'> <Ports = 2> <Width = 16> <Depth = 16> <RAM>
ST_1 : Operation 517 [1/1] ( I:0.67ns O:0.67ns )   --->   "%store_ln93 = store i16 0, i4 %XW_block_240_addr" [src/integrated-gcn/integrated_gcn_approx.cpp:93]   --->   Operation 517 'store' 'store_ln93' <Predicate = (!icmp_ln89 & trunc_ln89 == 3)> <Delay = 0.67> <CoreInst = "RAM">   --->   Core 82 'RAM' <Latency = 1> <II = 1> <Delay = 0.67> <Storage> <Opcode : 'load' 'store'> <Ports = 2> <Width = 16> <Depth = 16> <RAM>
ST_1 : Operation 518 [1/1] ( I:0.67ns O:0.67ns )   --->   "%store_ln93 = store i16 0, i4 %XW_block_241_addr" [src/integrated-gcn/integrated_gcn_approx.cpp:93]   --->   Operation 518 'store' 'store_ln93' <Predicate = (!icmp_ln89 & trunc_ln89 == 3)> <Delay = 0.67> <CoreInst = "RAM">   --->   Core 82 'RAM' <Latency = 1> <II = 1> <Delay = 0.67> <Storage> <Opcode : 'load' 'store'> <Ports = 2> <Width = 16> <Depth = 16> <RAM>
ST_1 : Operation 519 [1/1] ( I:0.67ns O:0.67ns )   --->   "%store_ln93 = store i16 0, i4 %XW_block_242_addr" [src/integrated-gcn/integrated_gcn_approx.cpp:93]   --->   Operation 519 'store' 'store_ln93' <Predicate = (!icmp_ln89 & trunc_ln89 == 3)> <Delay = 0.67> <CoreInst = "RAM">   --->   Core 82 'RAM' <Latency = 1> <II = 1> <Delay = 0.67> <Storage> <Opcode : 'load' 'store'> <Ports = 2> <Width = 16> <Depth = 16> <RAM>
ST_1 : Operation 520 [1/1] ( I:0.67ns O:0.67ns )   --->   "%store_ln93 = store i16 0, i4 %XW_block_243_addr" [src/integrated-gcn/integrated_gcn_approx.cpp:93]   --->   Operation 520 'store' 'store_ln93' <Predicate = (!icmp_ln89 & trunc_ln89 == 3)> <Delay = 0.67> <CoreInst = "RAM">   --->   Core 82 'RAM' <Latency = 1> <II = 1> <Delay = 0.67> <Storage> <Opcode : 'load' 'store'> <Ports = 2> <Width = 16> <Depth = 16> <RAM>
ST_1 : Operation 521 [1/1] ( I:0.67ns O:0.67ns )   --->   "%store_ln93 = store i16 0, i4 %XW_block_244_addr" [src/integrated-gcn/integrated_gcn_approx.cpp:93]   --->   Operation 521 'store' 'store_ln93' <Predicate = (!icmp_ln89 & trunc_ln89 == 3)> <Delay = 0.67> <CoreInst = "RAM">   --->   Core 82 'RAM' <Latency = 1> <II = 1> <Delay = 0.67> <Storage> <Opcode : 'load' 'store'> <Ports = 2> <Width = 16> <Depth = 16> <RAM>
ST_1 : Operation 522 [1/1] ( I:0.67ns O:0.67ns )   --->   "%store_ln93 = store i16 0, i4 %XW_block_245_addr" [src/integrated-gcn/integrated_gcn_approx.cpp:93]   --->   Operation 522 'store' 'store_ln93' <Predicate = (!icmp_ln89 & trunc_ln89 == 3)> <Delay = 0.67> <CoreInst = "RAM">   --->   Core 82 'RAM' <Latency = 1> <II = 1> <Delay = 0.67> <Storage> <Opcode : 'load' 'store'> <Ports = 2> <Width = 16> <Depth = 16> <RAM>
ST_1 : Operation 523 [1/1] ( I:0.67ns O:0.67ns )   --->   "%store_ln93 = store i16 0, i4 %XW_block_246_addr" [src/integrated-gcn/integrated_gcn_approx.cpp:93]   --->   Operation 523 'store' 'store_ln93' <Predicate = (!icmp_ln89 & trunc_ln89 == 3)> <Delay = 0.67> <CoreInst = "RAM">   --->   Core 82 'RAM' <Latency = 1> <II = 1> <Delay = 0.67> <Storage> <Opcode : 'load' 'store'> <Ports = 2> <Width = 16> <Depth = 16> <RAM>
ST_1 : Operation 524 [1/1] ( I:0.67ns O:0.67ns )   --->   "%store_ln93 = store i16 0, i4 %XW_block_247_addr" [src/integrated-gcn/integrated_gcn_approx.cpp:93]   --->   Operation 524 'store' 'store_ln93' <Predicate = (!icmp_ln89 & trunc_ln89 == 3)> <Delay = 0.67> <CoreInst = "RAM">   --->   Core 82 'RAM' <Latency = 1> <II = 1> <Delay = 0.67> <Storage> <Opcode : 'load' 'store'> <Ports = 2> <Width = 16> <Depth = 16> <RAM>
ST_1 : Operation 525 [1/1] ( I:0.67ns O:0.67ns )   --->   "%store_ln93 = store i16 0, i4 %XW_block_248_addr" [src/integrated-gcn/integrated_gcn_approx.cpp:93]   --->   Operation 525 'store' 'store_ln93' <Predicate = (!icmp_ln89 & trunc_ln89 == 3)> <Delay = 0.67> <CoreInst = "RAM">   --->   Core 82 'RAM' <Latency = 1> <II = 1> <Delay = 0.67> <Storage> <Opcode : 'load' 'store'> <Ports = 2> <Width = 16> <Depth = 16> <RAM>
ST_1 : Operation 526 [1/1] ( I:0.67ns O:0.67ns )   --->   "%store_ln93 = store i16 0, i4 %XW_block_249_addr" [src/integrated-gcn/integrated_gcn_approx.cpp:93]   --->   Operation 526 'store' 'store_ln93' <Predicate = (!icmp_ln89 & trunc_ln89 == 3)> <Delay = 0.67> <CoreInst = "RAM">   --->   Core 82 'RAM' <Latency = 1> <II = 1> <Delay = 0.67> <Storage> <Opcode : 'load' 'store'> <Ports = 2> <Width = 16> <Depth = 16> <RAM>
ST_1 : Operation 527 [1/1] ( I:0.67ns O:0.67ns )   --->   "%store_ln93 = store i16 0, i4 %XW_block_250_addr" [src/integrated-gcn/integrated_gcn_approx.cpp:93]   --->   Operation 527 'store' 'store_ln93' <Predicate = (!icmp_ln89 & trunc_ln89 == 3)> <Delay = 0.67> <CoreInst = "RAM">   --->   Core 82 'RAM' <Latency = 1> <II = 1> <Delay = 0.67> <Storage> <Opcode : 'load' 'store'> <Ports = 2> <Width = 16> <Depth = 16> <RAM>
ST_1 : Operation 528 [1/1] ( I:0.67ns O:0.67ns )   --->   "%store_ln93 = store i16 0, i4 %XW_block_251_addr" [src/integrated-gcn/integrated_gcn_approx.cpp:93]   --->   Operation 528 'store' 'store_ln93' <Predicate = (!icmp_ln89 & trunc_ln89 == 3)> <Delay = 0.67> <CoreInst = "RAM">   --->   Core 82 'RAM' <Latency = 1> <II = 1> <Delay = 0.67> <Storage> <Opcode : 'load' 'store'> <Ports = 2> <Width = 16> <Depth = 16> <RAM>
ST_1 : Operation 529 [1/1] ( I:0.67ns O:0.67ns )   --->   "%store_ln93 = store i16 0, i4 %XW_block_252_addr" [src/integrated-gcn/integrated_gcn_approx.cpp:93]   --->   Operation 529 'store' 'store_ln93' <Predicate = (!icmp_ln89 & trunc_ln89 == 3)> <Delay = 0.67> <CoreInst = "RAM">   --->   Core 82 'RAM' <Latency = 1> <II = 1> <Delay = 0.67> <Storage> <Opcode : 'load' 'store'> <Ports = 2> <Width = 16> <Depth = 16> <RAM>
ST_1 : Operation 530 [1/1] ( I:0.67ns O:0.67ns )   --->   "%store_ln93 = store i16 0, i4 %XW_block_253_addr" [src/integrated-gcn/integrated_gcn_approx.cpp:93]   --->   Operation 530 'store' 'store_ln93' <Predicate = (!icmp_ln89 & trunc_ln89 == 3)> <Delay = 0.67> <CoreInst = "RAM">   --->   Core 82 'RAM' <Latency = 1> <II = 1> <Delay = 0.67> <Storage> <Opcode : 'load' 'store'> <Ports = 2> <Width = 16> <Depth = 16> <RAM>
ST_1 : Operation 531 [1/1] ( I:0.67ns O:0.67ns )   --->   "%store_ln93 = store i16 0, i4 %XW_block_254_addr" [src/integrated-gcn/integrated_gcn_approx.cpp:93]   --->   Operation 531 'store' 'store_ln93' <Predicate = (!icmp_ln89 & trunc_ln89 == 3)> <Delay = 0.67> <CoreInst = "RAM">   --->   Core 82 'RAM' <Latency = 1> <II = 1> <Delay = 0.67> <Storage> <Opcode : 'load' 'store'> <Ports = 2> <Width = 16> <Depth = 16> <RAM>
ST_1 : Operation 532 [1/1] ( I:0.67ns O:0.67ns )   --->   "%store_ln93 = store i16 0, i4 %XW_block_255_addr" [src/integrated-gcn/integrated_gcn_approx.cpp:93]   --->   Operation 532 'store' 'store_ln93' <Predicate = (!icmp_ln89 & trunc_ln89 == 3)> <Delay = 0.67> <CoreInst = "RAM">   --->   Core 82 'RAM' <Latency = 1> <II = 1> <Delay = 0.67> <Storage> <Opcode : 'load' 'store'> <Ports = 2> <Width = 16> <Depth = 16> <RAM>
ST_1 : Operation 533 [1/1] (0.00ns)   --->   "%br_ln93 = br void %arrayidx143.63.exit" [src/integrated-gcn/integrated_gcn_approx.cpp:93]   --->   Operation 533 'br' 'br_ln93' <Predicate = (!icmp_ln89 & trunc_ln89 == 3)> <Delay = 0.00>
ST_1 : Operation 534 [1/1] (0.42ns)   --->   "%store_ln89 = store i7 %add_ln89, i7 %i" [src/integrated-gcn/integrated_gcn_approx.cpp:89]   --->   Operation 534 'store' 'store_ln89' <Predicate = (!icmp_ln89)> <Delay = 0.42>
ST_1 : Operation 535 [1/1] (0.00ns)   --->   "%br_ln89 = br void %VITIS_LOOP_91_1" [src/integrated-gcn/integrated_gcn_approx.cpp:89]   --->   Operation 535 'br' 'br_ln89' <Predicate = (!icmp_ln89)> <Delay = 0.00>
ST_1 : Operation 536 [1/1] (0.42ns)   --->   "%ret_ln0 = ret"   --->   Operation 536 'ret' 'ret_ln0' <Predicate = (icmp_ln89)> <Delay = 0.42>


============================================================
+ Verbose Summary: Timing violations
============================================================
Target clock period: 10.000ns, clock uncertainty: 2.700ns.

 <State 1>: 1.877ns
The critical path consists of the following:
	'store' operation ('store_ln89', src/integrated-gcn/integrated_gcn_approx.cpp:89) of constant 0 7 bit on local variable 'i', src/integrated-gcn/integrated_gcn_approx.cpp:89 [258]  (0.427 ns)
	'load' operation 7 bit ('i', src/integrated-gcn/integrated_gcn_approx.cpp:89) on local variable 'i', src/integrated-gcn/integrated_gcn_approx.cpp:89 [261]  (0.000 ns)
	'icmp' operation 1 bit ('icmp_ln89', src/integrated-gcn/integrated_gcn_approx.cpp:89) [262]  (0.773 ns)
	'store' operation ('store_ln93', src/integrated-gcn/integrated_gcn_approx.cpp:93) of constant 0 16 bit on array 'XW_block_192' [728]  (0.677 ns)


============================================================
+ Verbose Summary: Binding
============================================================
N/A
* FSMD analyzer results:
  - Output states:
 - Input state : 
  - Chain level:
	State 1


============================================================
+ Verbose Summary: Datapath Resource usage 
============================================================
N/A
