

================================================================
== Vitis HLS Report for 'spmm_compute'
================================================================
* Date:           Thu Apr 16 10:08:42 2026

* Version:        2025.2 (Build 6295257 on Nov 14 2025)
* Project:        integrated_gcn_approx
* Solution:       hls (Vivado IP Flow Target)
* Product family: zynquplus
* Target device:  xck26-sfvc784-2LV-c


================================================================
== Performance Estimates
================================================================
+ Timing: 
    * Summary: 
    +--------+----------+----------+------------+
    |  Clock |  Target  | Estimated| Uncertainty|
    +--------+----------+----------+------------+
    |ap_clk  |  10.00 ns|  7.300 ns|     2.70 ns|
    +--------+----------+----------+------------+

+ Latency: 
    * Summary: 
    +---------+---------+----------+-----------+--------+---------+---------+
    |  Latency (cycles) |  Latency (absolute)  |     Interval     | Pipeline|
    |   min   |   max   |    min   |    max    |   min  |   max   |   Type  |
    +---------+---------+----------+-----------+--------+---------+---------+
    |   251845|  8844329|  2.518 ms|  88.443 ms|  251845|  8844329|       no|
    +---------+---------+----------+-----------+--------+---------+---------+

    + Detail: 
        * Instance: 
        N/A

        * Loop: 
        +-------------+---------+---------+-----------+-----------+-----------+---------+----------+
        |             |  Latency (cycles) | Iteration |  Initiation Interval  |   Trip  |          |
        |  Loop Name  |   min   |   max   |  Latency  |  achieved |   target  |  Count  | Pipelined|
        +-------------+---------+---------+-----------+-----------+-----------+---------+----------+
        |- SPMM_ROW   |   251844|  8844328|  93 ~ 3266|          -|          -|     2708|        no|
        | + SPMM_NNZ  |       19|     3192|         19|          -|          -|  1 ~ 168|        no|
        +-------------+---------+---------+-----------+-----------+-----------+---------+----------+

============================================================
+ Verbose Summary: Synthesis Manager
============================================================
InlineROM: 1
ExposeGlobal: 0
============================================================
+ Verbose Summary: CDFG Model
============================================================
IsTopModel: 0
ResetActiveHigh: 1
IsCombinational: 2
IsDatapathOnly: 0
HasWiredReturn: 1
HasMFsm: 0
HasVarLatency: 1
IsPipeline: 0
IsRtlPipelined: 0
IsInstanceOverlapped: 0
IsDontTouch: 0
HasImplIP: 0
IsGatedGlobalClock: 0


============================================================
+ Verbose Summary: Schedule
============================================================
* Number of FSM states : 17
* Pipeline : 0
* Dataflow Pipeline: 0

* FSM state transitions: 
1 --> 2 
2 --> 3 
3 --> 4 
4 --> 5 17 
5 --> 6 
6 --> 7 
7 --> 8 
8 --> 9 
9 --> 10 
10 --> 11 
11 --> 12 
12 --> 13 
13 --> 14 
14 --> 15 
15 --> 16 
16 --> 4 
17 --> 2 

* FSM state operations: 

State 1 <SV = 0> <Delay = 0.42>
ST_1 : Operation 18 [1/1] (0.00ns)   --->   "%i = alloca i32 1" [src/integrated-gcn/integrated_gcn_approx.cpp:228]   --->   Operation 18 'alloca' 'i' <Predicate = true> <Delay = 0.00>
ST_1 : Operation 19 [1/1] (0.00ns)   --->   "%specstablecontent_ln0 = specstablecontent void @_ssdm_op_SpecStableContent, i64 %H_temp, i1 1, void @p_str"   --->   Operation 19 'specstablecontent' 'specstablecontent_ln0' <Predicate = true> <Delay = 0.00>
ST_1 : Operation 20 [1/1] (0.00ns)   --->   "%specstablecontent_ln0 = specstablecontent void @_ssdm_op_SpecStableContent, i512 %gmem2, i1 1, void @p_str"   --->   Operation 20 'specstablecontent' 'specstablecontent_ln0' <Predicate = true> <Delay = 0.00>
ST_1 : Operation 21 [1/1] (0.00ns)   --->   "%specinterface_ln0 = specinterface void @_ssdm_op_SpecInterface, i8 %result_fifo, void @empty_6, i32 0, i32 0, void @empty_20, i32 0, i32 0, void @empty_20, void @empty_20, void @empty_20, i32 0, i32 0, i32 0, i32 0, void @empty_20, void @empty_20, i32 4294967295, i32 0, i32 0, i32 0"   --->   Operation 21 'specinterface' 'specinterface_ln0' <Predicate = true> <Delay = 0.00>
ST_1 : Operation 22 [1/1] (0.00ns)   --->   "%specinterface_ln0 = specinterface void @_ssdm_op_SpecInterface, i8 %val_fifo, void @empty_6, i32 0, i32 0, void @empty_20, i32 0, i32 0, void @empty_20, void @empty_20, void @empty_20, i32 0, i32 0, i32 0, i32 0, void @empty_20, void @empty_20, i32 4294967295, i32 0, i32 0, i32 0"   --->   Operation 22 'specinterface' 'specinterface_ln0' <Predicate = true> <Delay = 0.00>
ST_1 : Operation 23 [1/1] (0.00ns)   --->   "%specinterface_ln0 = specinterface void @_ssdm_op_SpecInterface, i32 %col_fifo, void @empty_6, i32 0, i32 0, void @empty_20, i32 0, i32 0, void @empty_20, void @empty_20, void @empty_20, i32 0, i32 0, i32 0, i32 0, void @empty_20, void @empty_20, i32 4294967295, i32 0, i32 0, i32 0"   --->   Operation 23 'specinterface' 'specinterface_ln0' <Predicate = true> <Delay = 0.00>
ST_1 : Operation 24 [1/1] (0.00ns)   --->   "%specinterface_ln0 = specinterface void @_ssdm_op_SpecInterface, i32 %row_fifo, void @empty_6, i32 0, i32 0, void @empty_20, i32 0, i32 0, void @empty_20, void @empty_20, void @empty_20, i32 0, i32 0, i32 0, i32 0, void @empty_20, void @empty_20, i32 4294967295, i32 0, i32 0, i32 0"   --->   Operation 24 'specinterface' 'specinterface_ln0' <Predicate = true> <Delay = 0.00>
ST_1 : Operation 25 [1/1] (0.00ns)   --->   "%specinterface_ln0 = specinterface void @_ssdm_op_SpecInterface, i512 %gmem2, void @empty_29, i32 0, i32 0, void @empty_20, i32 0, i32 0, void @empty_2, void @empty_9, void @empty_20, i32 16, i32 16, i32 16, i32 16, void @empty_20, void @empty_20, i32 4294967295, i32 0, i32 0, i32 64"   --->   Operation 25 'specinterface' 'specinterface_ln0' <Predicate = true> <Delay = 0.00>
ST_1 : Operation 26 [1/1] (0.00ns)   --->   "%H_temp_read = read i64 @_ssdm_op_Read.ap_auto.i64, i64 %H_temp"   --->   Operation 26 'read' 'H_temp_read' <Predicate = true> <Delay = 0.00>
ST_1 : Operation 27 [1/1] (0.00ns)   --->   "%acc = alloca i64 1" [src/integrated-gcn/integrated_gcn_approx.cpp:222]   --->   Operation 27 'alloca' 'acc' <Predicate = true> <Delay = 0.00>
ST_1 : Operation 28 [1/1] (0.00ns)   --->   "%acc_1 = alloca i64 1" [src/integrated-gcn/integrated_gcn_approx.cpp:222]   --->   Operation 28 'alloca' 'acc_1' <Predicate = true> <Delay = 0.00>
ST_1 : Operation 29 [1/1] (0.00ns)   --->   "%acc_2 = alloca i64 1" [src/integrated-gcn/integrated_gcn_approx.cpp:222]   --->   Operation 29 'alloca' 'acc_2' <Predicate = true> <Delay = 0.00>
ST_1 : Operation 30 [1/1] (0.00ns)   --->   "%acc_3 = alloca i64 1" [src/integrated-gcn/integrated_gcn_approx.cpp:222]   --->   Operation 30 'alloca' 'acc_3' <Predicate = true> <Delay = 0.00>
ST_1 : Operation 31 [1/1] (0.00ns)   --->   "%acc_4 = alloca i64 1" [src/integrated-gcn/integrated_gcn_approx.cpp:222]   --->   Operation 31 'alloca' 'acc_4' <Predicate = true> <Delay = 0.00>
ST_1 : Operation 32 [1/1] (0.00ns)   --->   "%acc_5 = alloca i64 1" [src/integrated-gcn/integrated_gcn_approx.cpp:222]   --->   Operation 32 'alloca' 'acc_5' <Predicate = true> <Delay = 0.00>
ST_1 : Operation 33 [1/1] (0.00ns)   --->   "%acc_6 = alloca i64 1" [src/integrated-gcn/integrated_gcn_approx.cpp:222]   --->   Operation 33 'alloca' 'acc_6' <Predicate = true> <Delay = 0.00>
ST_1 : Operation 34 [1/1] (0.00ns)   --->   "%acc_7 = alloca i64 1" [src/integrated-gcn/integrated_gcn_approx.cpp:222]   --->   Operation 34 'alloca' 'acc_7' <Predicate = true> <Delay = 0.00>
ST_1 : Operation 35 [1/1] (0.00ns)   --->   "%acc_8 = alloca i64 1" [src/integrated-gcn/integrated_gcn_approx.cpp:222]   --->   Operation 35 'alloca' 'acc_8' <Predicate = true> <Delay = 0.00>
ST_1 : Operation 36 [1/1] (0.00ns)   --->   "%acc_9 = alloca i64 1" [src/integrated-gcn/integrated_gcn_approx.cpp:222]   --->   Operation 36 'alloca' 'acc_9' <Predicate = true> <Delay = 0.00>
ST_1 : Operation 37 [1/1] (0.00ns)   --->   "%acc_10 = alloca i64 1" [src/integrated-gcn/integrated_gcn_approx.cpp:222]   --->   Operation 37 'alloca' 'acc_10' <Predicate = true> <Delay = 0.00>
ST_1 : Operation 38 [1/1] (0.00ns)   --->   "%acc_11 = alloca i64 1" [src/integrated-gcn/integrated_gcn_approx.cpp:222]   --->   Operation 38 'alloca' 'acc_11' <Predicate = true> <Delay = 0.00>
ST_1 : Operation 39 [1/1] (0.00ns)   --->   "%acc_12 = alloca i64 1" [src/integrated-gcn/integrated_gcn_approx.cpp:222]   --->   Operation 39 'alloca' 'acc_12' <Predicate = true> <Delay = 0.00>
ST_1 : Operation 40 [1/1] (0.00ns)   --->   "%acc_13 = alloca i64 1" [src/integrated-gcn/integrated_gcn_approx.cpp:222]   --->   Operation 40 'alloca' 'acc_13' <Predicate = true> <Delay = 0.00>
ST_1 : Operation 41 [1/1] (0.00ns)   --->   "%acc_14 = alloca i64 1" [src/integrated-gcn/integrated_gcn_approx.cpp:222]   --->   Operation 41 'alloca' 'acc_14' <Predicate = true> <Delay = 0.00>
ST_1 : Operation 42 [1/1] (0.00ns)   --->   "%acc_15 = alloca i64 1" [src/integrated-gcn/integrated_gcn_approx.cpp:222]   --->   Operation 42 'alloca' 'acc_15' <Predicate = true> <Delay = 0.00>
ST_1 : Operation 43 [1/1] (0.00ns)   --->   "%acc_16 = alloca i64 1" [src/integrated-gcn/integrated_gcn_approx.cpp:222]   --->   Operation 43 'alloca' 'acc_16' <Predicate = true> <Delay = 0.00>
ST_1 : Operation 44 [1/1] (0.00ns)   --->   "%acc_17 = alloca i64 1" [src/integrated-gcn/integrated_gcn_approx.cpp:222]   --->   Operation 44 'alloca' 'acc_17' <Predicate = true> <Delay = 0.00>
ST_1 : Operation 45 [1/1] (0.00ns)   --->   "%acc_18 = alloca i64 1" [src/integrated-gcn/integrated_gcn_approx.cpp:222]   --->   Operation 45 'alloca' 'acc_18' <Predicate = true> <Delay = 0.00>
ST_1 : Operation 46 [1/1] (0.00ns)   --->   "%acc_19 = alloca i64 1" [src/integrated-gcn/integrated_gcn_approx.cpp:222]   --->   Operation 46 'alloca' 'acc_19' <Predicate = true> <Delay = 0.00>
ST_1 : Operation 47 [1/1] (0.00ns)   --->   "%acc_20 = alloca i64 1" [src/integrated-gcn/integrated_gcn_approx.cpp:222]   --->   Operation 47 'alloca' 'acc_20' <Predicate = true> <Delay = 0.00>
ST_1 : Operation 48 [1/1] (0.00ns)   --->   "%acc_21 = alloca i64 1" [src/integrated-gcn/integrated_gcn_approx.cpp:222]   --->   Operation 48 'alloca' 'acc_21' <Predicate = true> <Delay = 0.00>
ST_1 : Operation 49 [1/1] (0.00ns)   --->   "%acc_22 = alloca i64 1" [src/integrated-gcn/integrated_gcn_approx.cpp:222]   --->   Operation 49 'alloca' 'acc_22' <Predicate = true> <Delay = 0.00>
ST_1 : Operation 50 [1/1] (0.00ns)   --->   "%acc_23 = alloca i64 1" [src/integrated-gcn/integrated_gcn_approx.cpp:222]   --->   Operation 50 'alloca' 'acc_23' <Predicate = true> <Delay = 0.00>
ST_1 : Operation 51 [1/1] (0.00ns)   --->   "%acc_24 = alloca i64 1" [src/integrated-gcn/integrated_gcn_approx.cpp:222]   --->   Operation 51 'alloca' 'acc_24' <Predicate = true> <Delay = 0.00>
ST_1 : Operation 52 [1/1] (0.00ns)   --->   "%acc_25 = alloca i64 1" [src/integrated-gcn/integrated_gcn_approx.cpp:222]   --->   Operation 52 'alloca' 'acc_25' <Predicate = true> <Delay = 0.00>
ST_1 : Operation 53 [1/1] (0.00ns)   --->   "%acc_26 = alloca i64 1" [src/integrated-gcn/integrated_gcn_approx.cpp:222]   --->   Operation 53 'alloca' 'acc_26' <Predicate = true> <Delay = 0.00>
ST_1 : Operation 54 [1/1] (0.00ns)   --->   "%acc_27 = alloca i64 1" [src/integrated-gcn/integrated_gcn_approx.cpp:222]   --->   Operation 54 'alloca' 'acc_27' <Predicate = true> <Delay = 0.00>
ST_1 : Operation 55 [1/1] (0.00ns)   --->   "%acc_28 = alloca i64 1" [src/integrated-gcn/integrated_gcn_approx.cpp:222]   --->   Operation 55 'alloca' 'acc_28' <Predicate = true> <Delay = 0.00>
ST_1 : Operation 56 [1/1] (0.00ns)   --->   "%acc_29 = alloca i64 1" [src/integrated-gcn/integrated_gcn_approx.cpp:222]   --->   Operation 56 'alloca' 'acc_29' <Predicate = true> <Delay = 0.00>
ST_1 : Operation 57 [1/1] (0.00ns)   --->   "%acc_30 = alloca i64 1" [src/integrated-gcn/integrated_gcn_approx.cpp:222]   --->   Operation 57 'alloca' 'acc_30' <Predicate = true> <Delay = 0.00>
ST_1 : Operation 58 [1/1] (0.00ns)   --->   "%acc_31 = alloca i64 1" [src/integrated-gcn/integrated_gcn_approx.cpp:222]   --->   Operation 58 'alloca' 'acc_31' <Predicate = true> <Delay = 0.00>
ST_1 : Operation 59 [1/1] (0.00ns)   --->   "%h_buf = alloca i64 1" [src/integrated-gcn/integrated_gcn_approx.cpp:223]   --->   Operation 59 'alloca' 'h_buf' <Predicate = true> <Delay = 0.00> <CoreInst = "RAM">   --->   Core 82 'RAM' <Latency = 1> <II = 1> <Delay = 0.67> <Storage> <Opcode : 'load' 'store'> <Ports = 2> <Width = 8> <Depth = 2> <RAM>
ST_1 : Operation 60 [1/1] (0.00ns)   --->   "%h_buf_1 = alloca i64 1" [src/integrated-gcn/integrated_gcn_approx.cpp:223]   --->   Operation 60 'alloca' 'h_buf_1' <Predicate = true> <Delay = 0.00> <CoreInst = "RAM">   --->   Core 82 'RAM' <Latency = 1> <II = 1> <Delay = 0.67> <Storage> <Opcode : 'load' 'store'> <Ports = 2> <Width = 8> <Depth = 2> <RAM>
ST_1 : Operation 61 [1/1] (0.00ns)   --->   "%h_buf_2 = alloca i64 1" [src/integrated-gcn/integrated_gcn_approx.cpp:223]   --->   Operation 61 'alloca' 'h_buf_2' <Predicate = true> <Delay = 0.00> <CoreInst = "RAM">   --->   Core 82 'RAM' <Latency = 1> <II = 1> <Delay = 0.67> <Storage> <Opcode : 'load' 'store'> <Ports = 2> <Width = 8> <Depth = 2> <RAM>
ST_1 : Operation 62 [1/1] (0.00ns)   --->   "%h_buf_3 = alloca i64 1" [src/integrated-gcn/integrated_gcn_approx.cpp:223]   --->   Operation 62 'alloca' 'h_buf_3' <Predicate = true> <Delay = 0.00> <CoreInst = "RAM">   --->   Core 82 'RAM' <Latency = 1> <II = 1> <Delay = 0.67> <Storage> <Opcode : 'load' 'store'> <Ports = 2> <Width = 8> <Depth = 2> <RAM>
ST_1 : Operation 63 [1/1] (0.00ns)   --->   "%h_buf_4 = alloca i64 1" [src/integrated-gcn/integrated_gcn_approx.cpp:223]   --->   Operation 63 'alloca' 'h_buf_4' <Predicate = true> <Delay = 0.00> <CoreInst = "RAM">   --->   Core 82 'RAM' <Latency = 1> <II = 1> <Delay = 0.67> <Storage> <Opcode : 'load' 'store'> <Ports = 2> <Width = 8> <Depth = 2> <RAM>
ST_1 : Operation 64 [1/1] (0.00ns)   --->   "%h_buf_5 = alloca i64 1" [src/integrated-gcn/integrated_gcn_approx.cpp:223]   --->   Operation 64 'alloca' 'h_buf_5' <Predicate = true> <Delay = 0.00> <CoreInst = "RAM">   --->   Core 82 'RAM' <Latency = 1> <II = 1> <Delay = 0.67> <Storage> <Opcode : 'load' 'store'> <Ports = 2> <Width = 8> <Depth = 2> <RAM>
ST_1 : Operation 65 [1/1] (0.00ns)   --->   "%h_buf_6 = alloca i64 1" [src/integrated-gcn/integrated_gcn_approx.cpp:223]   --->   Operation 65 'alloca' 'h_buf_6' <Predicate = true> <Delay = 0.00> <CoreInst = "RAM">   --->   Core 82 'RAM' <Latency = 1> <II = 1> <Delay = 0.67> <Storage> <Opcode : 'load' 'store'> <Ports = 2> <Width = 8> <Depth = 2> <RAM>
ST_1 : Operation 66 [1/1] (0.00ns)   --->   "%h_buf_7 = alloca i64 1" [src/integrated-gcn/integrated_gcn_approx.cpp:223]   --->   Operation 66 'alloca' 'h_buf_7' <Predicate = true> <Delay = 0.00> <CoreInst = "RAM">   --->   Core 82 'RAM' <Latency = 1> <II = 1> <Delay = 0.67> <Storage> <Opcode : 'load' 'store'> <Ports = 2> <Width = 8> <Depth = 2> <RAM>
ST_1 : Operation 67 [1/1] (0.00ns)   --->   "%h_buf_8 = alloca i64 1" [src/integrated-gcn/integrated_gcn_approx.cpp:223]   --->   Operation 67 'alloca' 'h_buf_8' <Predicate = true> <Delay = 0.00> <CoreInst = "RAM">   --->   Core 82 'RAM' <Latency = 1> <II = 1> <Delay = 0.67> <Storage> <Opcode : 'load' 'store'> <Ports = 2> <Width = 8> <Depth = 2> <RAM>
ST_1 : Operation 68 [1/1] (0.00ns)   --->   "%h_buf_9 = alloca i64 1" [src/integrated-gcn/integrated_gcn_approx.cpp:223]   --->   Operation 68 'alloca' 'h_buf_9' <Predicate = true> <Delay = 0.00> <CoreInst = "RAM">   --->   Core 82 'RAM' <Latency = 1> <II = 1> <Delay = 0.67> <Storage> <Opcode : 'load' 'store'> <Ports = 2> <Width = 8> <Depth = 2> <RAM>
ST_1 : Operation 69 [1/1] (0.00ns)   --->   "%h_buf_10 = alloca i64 1" [src/integrated-gcn/integrated_gcn_approx.cpp:223]   --->   Operation 69 'alloca' 'h_buf_10' <Predicate = true> <Delay = 0.00> <CoreInst = "RAM">   --->   Core 82 'RAM' <Latency = 1> <II = 1> <Delay = 0.67> <Storage> <Opcode : 'load' 'store'> <Ports = 2> <Width = 8> <Depth = 2> <RAM>
ST_1 : Operation 70 [1/1] (0.00ns)   --->   "%h_buf_11 = alloca i64 1" [src/integrated-gcn/integrated_gcn_approx.cpp:223]   --->   Operation 70 'alloca' 'h_buf_11' <Predicate = true> <Delay = 0.00> <CoreInst = "RAM">   --->   Core 82 'RAM' <Latency = 1> <II = 1> <Delay = 0.67> <Storage> <Opcode : 'load' 'store'> <Ports = 2> <Width = 8> <Depth = 2> <RAM>
ST_1 : Operation 71 [1/1] (0.00ns)   --->   "%h_buf_12 = alloca i64 1" [src/integrated-gcn/integrated_gcn_approx.cpp:223]   --->   Operation 71 'alloca' 'h_buf_12' <Predicate = true> <Delay = 0.00> <CoreInst = "RAM">   --->   Core 82 'RAM' <Latency = 1> <II = 1> <Delay = 0.67> <Storage> <Opcode : 'load' 'store'> <Ports = 2> <Width = 8> <Depth = 2> <RAM>
ST_1 : Operation 72 [1/1] (0.00ns)   --->   "%h_buf_13 = alloca i64 1" [src/integrated-gcn/integrated_gcn_approx.cpp:223]   --->   Operation 72 'alloca' 'h_buf_13' <Predicate = true> <Delay = 0.00> <CoreInst = "RAM">   --->   Core 82 'RAM' <Latency = 1> <II = 1> <Delay = 0.67> <Storage> <Opcode : 'load' 'store'> <Ports = 2> <Width = 8> <Depth = 2> <RAM>
ST_1 : Operation 73 [1/1] (0.00ns)   --->   "%h_buf_14 = alloca i64 1" [src/integrated-gcn/integrated_gcn_approx.cpp:223]   --->   Operation 73 'alloca' 'h_buf_14' <Predicate = true> <Delay = 0.00> <CoreInst = "RAM">   --->   Core 82 'RAM' <Latency = 1> <II = 1> <Delay = 0.67> <Storage> <Opcode : 'load' 'store'> <Ports = 2> <Width = 8> <Depth = 2> <RAM>
ST_1 : Operation 74 [1/1] (0.00ns)   --->   "%h_buf_15 = alloca i64 1" [src/integrated-gcn/integrated_gcn_approx.cpp:223]   --->   Operation 74 'alloca' 'h_buf_15' <Predicate = true> <Delay = 0.00> <CoreInst = "RAM">   --->   Core 82 'RAM' <Latency = 1> <II = 1> <Delay = 0.67> <Storage> <Opcode : 'load' 'store'> <Ports = 2> <Width = 8> <Depth = 2> <RAM>
ST_1 : Operation 75 [1/1] (0.00ns)   --->   "%h_buf_16 = alloca i64 1" [src/integrated-gcn/integrated_gcn_approx.cpp:223]   --->   Operation 75 'alloca' 'h_buf_16' <Predicate = true> <Delay = 0.00> <CoreInst = "RAM">   --->   Core 82 'RAM' <Latency = 1> <II = 1> <Delay = 0.67> <Storage> <Opcode : 'load' 'store'> <Ports = 2> <Width = 8> <Depth = 2> <RAM>
ST_1 : Operation 76 [1/1] (0.00ns)   --->   "%h_buf_17 = alloca i64 1" [src/integrated-gcn/integrated_gcn_approx.cpp:223]   --->   Operation 76 'alloca' 'h_buf_17' <Predicate = true> <Delay = 0.00> <CoreInst = "RAM">   --->   Core 82 'RAM' <Latency = 1> <II = 1> <Delay = 0.67> <Storage> <Opcode : 'load' 'store'> <Ports = 2> <Width = 8> <Depth = 2> <RAM>
ST_1 : Operation 77 [1/1] (0.00ns)   --->   "%h_buf_18 = alloca i64 1" [src/integrated-gcn/integrated_gcn_approx.cpp:223]   --->   Operation 77 'alloca' 'h_buf_18' <Predicate = true> <Delay = 0.00> <CoreInst = "RAM">   --->   Core 82 'RAM' <Latency = 1> <II = 1> <Delay = 0.67> <Storage> <Opcode : 'load' 'store'> <Ports = 2> <Width = 8> <Depth = 2> <RAM>
ST_1 : Operation 78 [1/1] (0.00ns)   --->   "%h_buf_19 = alloca i64 1" [src/integrated-gcn/integrated_gcn_approx.cpp:223]   --->   Operation 78 'alloca' 'h_buf_19' <Predicate = true> <Delay = 0.00> <CoreInst = "RAM">   --->   Core 82 'RAM' <Latency = 1> <II = 1> <Delay = 0.67> <Storage> <Opcode : 'load' 'store'> <Ports = 2> <Width = 8> <Depth = 2> <RAM>
ST_1 : Operation 79 [1/1] (0.00ns)   --->   "%h_buf_20 = alloca i64 1" [src/integrated-gcn/integrated_gcn_approx.cpp:223]   --->   Operation 79 'alloca' 'h_buf_20' <Predicate = true> <Delay = 0.00> <CoreInst = "RAM">   --->   Core 82 'RAM' <Latency = 1> <II = 1> <Delay = 0.67> <Storage> <Opcode : 'load' 'store'> <Ports = 2> <Width = 8> <Depth = 2> <RAM>
ST_1 : Operation 80 [1/1] (0.00ns)   --->   "%h_buf_21 = alloca i64 1" [src/integrated-gcn/integrated_gcn_approx.cpp:223]   --->   Operation 80 'alloca' 'h_buf_21' <Predicate = true> <Delay = 0.00> <CoreInst = "RAM">   --->   Core 82 'RAM' <Latency = 1> <II = 1> <Delay = 0.67> <Storage> <Opcode : 'load' 'store'> <Ports = 2> <Width = 8> <Depth = 2> <RAM>
ST_1 : Operation 81 [1/1] (0.00ns)   --->   "%h_buf_22 = alloca i64 1" [src/integrated-gcn/integrated_gcn_approx.cpp:223]   --->   Operation 81 'alloca' 'h_buf_22' <Predicate = true> <Delay = 0.00> <CoreInst = "RAM">   --->   Core 82 'RAM' <Latency = 1> <II = 1> <Delay = 0.67> <Storage> <Opcode : 'load' 'store'> <Ports = 2> <Width = 8> <Depth = 2> <RAM>
ST_1 : Operation 82 [1/1] (0.00ns)   --->   "%h_buf_23 = alloca i64 1" [src/integrated-gcn/integrated_gcn_approx.cpp:223]   --->   Operation 82 'alloca' 'h_buf_23' <Predicate = true> <Delay = 0.00> <CoreInst = "RAM">   --->   Core 82 'RAM' <Latency = 1> <II = 1> <Delay = 0.67> <Storage> <Opcode : 'load' 'store'> <Ports = 2> <Width = 8> <Depth = 2> <RAM>
ST_1 : Operation 83 [1/1] (0.00ns)   --->   "%h_buf_24 = alloca i64 1" [src/integrated-gcn/integrated_gcn_approx.cpp:223]   --->   Operation 83 'alloca' 'h_buf_24' <Predicate = true> <Delay = 0.00> <CoreInst = "RAM">   --->   Core 82 'RAM' <Latency = 1> <II = 1> <Delay = 0.67> <Storage> <Opcode : 'load' 'store'> <Ports = 2> <Width = 8> <Depth = 2> <RAM>
ST_1 : Operation 84 [1/1] (0.00ns)   --->   "%h_buf_25 = alloca i64 1" [src/integrated-gcn/integrated_gcn_approx.cpp:223]   --->   Operation 84 'alloca' 'h_buf_25' <Predicate = true> <Delay = 0.00> <CoreInst = "RAM">   --->   Core 82 'RAM' <Latency = 1> <II = 1> <Delay = 0.67> <Storage> <Opcode : 'load' 'store'> <Ports = 2> <Width = 8> <Depth = 2> <RAM>
ST_1 : Operation 85 [1/1] (0.00ns)   --->   "%h_buf_26 = alloca i64 1" [src/integrated-gcn/integrated_gcn_approx.cpp:223]   --->   Operation 85 'alloca' 'h_buf_26' <Predicate = true> <Delay = 0.00> <CoreInst = "RAM">   --->   Core 82 'RAM' <Latency = 1> <II = 1> <Delay = 0.67> <Storage> <Opcode : 'load' 'store'> <Ports = 2> <Width = 8> <Depth = 2> <RAM>
ST_1 : Operation 86 [1/1] (0.00ns)   --->   "%h_buf_27 = alloca i64 1" [src/integrated-gcn/integrated_gcn_approx.cpp:223]   --->   Operation 86 'alloca' 'h_buf_27' <Predicate = true> <Delay = 0.00> <CoreInst = "RAM">   --->   Core 82 'RAM' <Latency = 1> <II = 1> <Delay = 0.67> <Storage> <Opcode : 'load' 'store'> <Ports = 2> <Width = 8> <Depth = 2> <RAM>
ST_1 : Operation 87 [1/1] (0.00ns)   --->   "%h_buf_28 = alloca i64 1" [src/integrated-gcn/integrated_gcn_approx.cpp:223]   --->   Operation 87 'alloca' 'h_buf_28' <Predicate = true> <Delay = 0.00> <CoreInst = "RAM">   --->   Core 82 'RAM' <Latency = 1> <II = 1> <Delay = 0.67> <Storage> <Opcode : 'load' 'store'> <Ports = 2> <Width = 8> <Depth = 2> <RAM>
ST_1 : Operation 88 [1/1] (0.00ns)   --->   "%h_buf_29 = alloca i64 1" [src/integrated-gcn/integrated_gcn_approx.cpp:223]   --->   Operation 88 'alloca' 'h_buf_29' <Predicate = true> <Delay = 0.00> <CoreInst = "RAM">   --->   Core 82 'RAM' <Latency = 1> <II = 1> <Delay = 0.67> <Storage> <Opcode : 'load' 'store'> <Ports = 2> <Width = 8> <Depth = 2> <RAM>
ST_1 : Operation 89 [1/1] (0.00ns)   --->   "%h_buf_30 = alloca i64 1" [src/integrated-gcn/integrated_gcn_approx.cpp:223]   --->   Operation 89 'alloca' 'h_buf_30' <Predicate = true> <Delay = 0.00> <CoreInst = "RAM">   --->   Core 82 'RAM' <Latency = 1> <II = 1> <Delay = 0.67> <Storage> <Opcode : 'load' 'store'> <Ports = 2> <Width = 8> <Depth = 2> <RAM>
ST_1 : Operation 90 [1/1] (0.00ns)   --->   "%h_buf_31 = alloca i64 1" [src/integrated-gcn/integrated_gcn_approx.cpp:223]   --->   Operation 90 'alloca' 'h_buf_31' <Predicate = true> <Delay = 0.00> <CoreInst = "RAM">   --->   Core 82 'RAM' <Latency = 1> <II = 1> <Delay = 0.67> <Storage> <Opcode : 'load' 'store'> <Ports = 2> <Width = 8> <Depth = 2> <RAM>
ST_1 : Operation 91 [1/1] (0.00ns)   --->   "%h_buf_addr = getelementptr i8 %h_buf, i64 0, i64 0" [src/integrated-gcn/integrated_gcn_approx.cpp:252]   --->   Operation 91 'getelementptr' 'h_buf_addr' <Predicate = true> <Delay = 0.00>
ST_1 : Operation 92 [1/1] (0.00ns)   --->   "%h_buf_1_addr = getelementptr i8 %h_buf_1, i64 0, i64 0" [src/integrated-gcn/integrated_gcn_approx.cpp:252]   --->   Operation 92 'getelementptr' 'h_buf_1_addr' <Predicate = true> <Delay = 0.00>
ST_1 : Operation 93 [1/1] (0.00ns)   --->   "%h_buf_2_addr = getelementptr i8 %h_buf_2, i64 0, i64 0" [src/integrated-gcn/integrated_gcn_approx.cpp:252]   --->   Operation 93 'getelementptr' 'h_buf_2_addr' <Predicate = true> <Delay = 0.00>
ST_1 : Operation 94 [1/1] (0.00ns)   --->   "%h_buf_3_addr = getelementptr i8 %h_buf_3, i64 0, i64 0" [src/integrated-gcn/integrated_gcn_approx.cpp:252]   --->   Operation 94 'getelementptr' 'h_buf_3_addr' <Predicate = true> <Delay = 0.00>
ST_1 : Operation 95 [1/1] (0.00ns)   --->   "%h_buf_4_addr = getelementptr i8 %h_buf_4, i64 0, i64 0" [src/integrated-gcn/integrated_gcn_approx.cpp:252]   --->   Operation 95 'getelementptr' 'h_buf_4_addr' <Predicate = true> <Delay = 0.00>
ST_1 : Operation 96 [1/1] (0.00ns)   --->   "%h_buf_5_addr = getelementptr i8 %h_buf_5, i64 0, i64 0" [src/integrated-gcn/integrated_gcn_approx.cpp:252]   --->   Operation 96 'getelementptr' 'h_buf_5_addr' <Predicate = true> <Delay = 0.00>
ST_1 : Operation 97 [1/1] (0.00ns)   --->   "%h_buf_6_addr = getelementptr i8 %h_buf_6, i64 0, i64 0" [src/integrated-gcn/integrated_gcn_approx.cpp:252]   --->   Operation 97 'getelementptr' 'h_buf_6_addr' <Predicate = true> <Delay = 0.00>
ST_1 : Operation 98 [1/1] (0.00ns)   --->   "%h_buf_7_addr = getelementptr i8 %h_buf_7, i64 0, i64 0" [src/integrated-gcn/integrated_gcn_approx.cpp:252]   --->   Operation 98 'getelementptr' 'h_buf_7_addr' <Predicate = true> <Delay = 0.00>
ST_1 : Operation 99 [1/1] (0.00ns)   --->   "%h_buf_8_addr = getelementptr i8 %h_buf_8, i64 0, i64 0" [src/integrated-gcn/integrated_gcn_approx.cpp:252]   --->   Operation 99 'getelementptr' 'h_buf_8_addr' <Predicate = true> <Delay = 0.00>
ST_1 : Operation 100 [1/1] (0.00ns)   --->   "%h_buf_9_addr = getelementptr i8 %h_buf_9, i64 0, i64 0" [src/integrated-gcn/integrated_gcn_approx.cpp:252]   --->   Operation 100 'getelementptr' 'h_buf_9_addr' <Predicate = true> <Delay = 0.00>
ST_1 : Operation 101 [1/1] (0.00ns)   --->   "%h_buf_10_addr = getelementptr i8 %h_buf_10, i64 0, i64 0" [src/integrated-gcn/integrated_gcn_approx.cpp:252]   --->   Operation 101 'getelementptr' 'h_buf_10_addr' <Predicate = true> <Delay = 0.00>
ST_1 : Operation 102 [1/1] (0.00ns)   --->   "%h_buf_11_addr = getelementptr i8 %h_buf_11, i64 0, i64 0" [src/integrated-gcn/integrated_gcn_approx.cpp:252]   --->   Operation 102 'getelementptr' 'h_buf_11_addr' <Predicate = true> <Delay = 0.00>
ST_1 : Operation 103 [1/1] (0.00ns)   --->   "%h_buf_12_addr = getelementptr i8 %h_buf_12, i64 0, i64 0" [src/integrated-gcn/integrated_gcn_approx.cpp:252]   --->   Operation 103 'getelementptr' 'h_buf_12_addr' <Predicate = true> <Delay = 0.00>
ST_1 : Operation 104 [1/1] (0.00ns)   --->   "%h_buf_13_addr = getelementptr i8 %h_buf_13, i64 0, i64 0" [src/integrated-gcn/integrated_gcn_approx.cpp:252]   --->   Operation 104 'getelementptr' 'h_buf_13_addr' <Predicate = true> <Delay = 0.00>
ST_1 : Operation 105 [1/1] (0.00ns)   --->   "%h_buf_14_addr = getelementptr i8 %h_buf_14, i64 0, i64 0" [src/integrated-gcn/integrated_gcn_approx.cpp:252]   --->   Operation 105 'getelementptr' 'h_buf_14_addr' <Predicate = true> <Delay = 0.00>
ST_1 : Operation 106 [1/1] (0.00ns)   --->   "%h_buf_15_addr = getelementptr i8 %h_buf_15, i64 0, i64 0" [src/integrated-gcn/integrated_gcn_approx.cpp:252]   --->   Operation 106 'getelementptr' 'h_buf_15_addr' <Predicate = true> <Delay = 0.00>
ST_1 : Operation 107 [1/1] (0.00ns)   --->   "%h_buf_16_addr = getelementptr i8 %h_buf_16, i64 0, i64 0" [src/integrated-gcn/integrated_gcn_approx.cpp:252]   --->   Operation 107 'getelementptr' 'h_buf_16_addr' <Predicate = true> <Delay = 0.00>
ST_1 : Operation 108 [1/1] (0.00ns)   --->   "%h_buf_17_addr = getelementptr i8 %h_buf_17, i64 0, i64 0" [src/integrated-gcn/integrated_gcn_approx.cpp:252]   --->   Operation 108 'getelementptr' 'h_buf_17_addr' <Predicate = true> <Delay = 0.00>
ST_1 : Operation 109 [1/1] (0.00ns)   --->   "%h_buf_18_addr = getelementptr i8 %h_buf_18, i64 0, i64 0" [src/integrated-gcn/integrated_gcn_approx.cpp:252]   --->   Operation 109 'getelementptr' 'h_buf_18_addr' <Predicate = true> <Delay = 0.00>
ST_1 : Operation 110 [1/1] (0.00ns)   --->   "%h_buf_19_addr = getelementptr i8 %h_buf_19, i64 0, i64 0" [src/integrated-gcn/integrated_gcn_approx.cpp:252]   --->   Operation 110 'getelementptr' 'h_buf_19_addr' <Predicate = true> <Delay = 0.00>
ST_1 : Operation 111 [1/1] (0.00ns)   --->   "%h_buf_20_addr = getelementptr i8 %h_buf_20, i64 0, i64 0" [src/integrated-gcn/integrated_gcn_approx.cpp:252]   --->   Operation 111 'getelementptr' 'h_buf_20_addr' <Predicate = true> <Delay = 0.00>
ST_1 : Operation 112 [1/1] (0.00ns)   --->   "%h_buf_21_addr = getelementptr i8 %h_buf_21, i64 0, i64 0" [src/integrated-gcn/integrated_gcn_approx.cpp:252]   --->   Operation 112 'getelementptr' 'h_buf_21_addr' <Predicate = true> <Delay = 0.00>
ST_1 : Operation 113 [1/1] (0.00ns)   --->   "%h_buf_22_addr = getelementptr i8 %h_buf_22, i64 0, i64 0" [src/integrated-gcn/integrated_gcn_approx.cpp:252]   --->   Operation 113 'getelementptr' 'h_buf_22_addr' <Predicate = true> <Delay = 0.00>
ST_1 : Operation 114 [1/1] (0.00ns)   --->   "%h_buf_23_addr = getelementptr i8 %h_buf_23, i64 0, i64 0" [src/integrated-gcn/integrated_gcn_approx.cpp:252]   --->   Operation 114 'getelementptr' 'h_buf_23_addr' <Predicate = true> <Delay = 0.00>
ST_1 : Operation 115 [1/1] (0.00ns)   --->   "%h_buf_24_addr = getelementptr i8 %h_buf_24, i64 0, i64 0" [src/integrated-gcn/integrated_gcn_approx.cpp:252]   --->   Operation 115 'getelementptr' 'h_buf_24_addr' <Predicate = true> <Delay = 0.00>
ST_1 : Operation 116 [1/1] (0.00ns)   --->   "%h_buf_25_addr = getelementptr i8 %h_buf_25, i64 0, i64 0" [src/integrated-gcn/integrated_gcn_approx.cpp:252]   --->   Operation 116 'getelementptr' 'h_buf_25_addr' <Predicate = true> <Delay = 0.00>
ST_1 : Operation 117 [1/1] (0.00ns)   --->   "%h_buf_26_addr = getelementptr i8 %h_buf_26, i64 0, i64 0" [src/integrated-gcn/integrated_gcn_approx.cpp:252]   --->   Operation 117 'getelementptr' 'h_buf_26_addr' <Predicate = true> <Delay = 0.00>
ST_1 : Operation 118 [1/1] (0.00ns)   --->   "%h_buf_27_addr = getelementptr i8 %h_buf_27, i64 0, i64 0" [src/integrated-gcn/integrated_gcn_approx.cpp:252]   --->   Operation 118 'getelementptr' 'h_buf_27_addr' <Predicate = true> <Delay = 0.00>
ST_1 : Operation 119 [1/1] (0.00ns)   --->   "%h_buf_28_addr = getelementptr i8 %h_buf_28, i64 0, i64 0" [src/integrated-gcn/integrated_gcn_approx.cpp:252]   --->   Operation 119 'getelementptr' 'h_buf_28_addr' <Predicate = true> <Delay = 0.00>
ST_1 : Operation 120 [1/1] (0.00ns)   --->   "%h_buf_29_addr = getelementptr i8 %h_buf_29, i64 0, i64 0" [src/integrated-gcn/integrated_gcn_approx.cpp:252]   --->   Operation 120 'getelementptr' 'h_buf_29_addr' <Predicate = true> <Delay = 0.00>
ST_1 : Operation 121 [1/1] (0.00ns)   --->   "%h_buf_30_addr = getelementptr i8 %h_buf_30, i64 0, i64 0" [src/integrated-gcn/integrated_gcn_approx.cpp:252]   --->   Operation 121 'getelementptr' 'h_buf_30_addr' <Predicate = true> <Delay = 0.00>
ST_1 : Operation 122 [1/1] (0.00ns)   --->   "%h_buf_31_addr = getelementptr i8 %h_buf_31, i64 0, i64 0" [src/integrated-gcn/integrated_gcn_approx.cpp:252]   --->   Operation 122 'getelementptr' 'h_buf_31_addr' <Predicate = true> <Delay = 0.00>
ST_1 : Operation 123 [1/1] (0.00ns)   --->   "%h_buf_addr_1 = getelementptr i8 %h_buf, i64 0, i64 1" [src/integrated-gcn/integrated_gcn_approx.cpp:252]   --->   Operation 123 'getelementptr' 'h_buf_addr_1' <Predicate = true> <Delay = 0.00>
ST_1 : Operation 124 [1/1] (0.00ns)   --->   "%h_buf_1_addr_1 = getelementptr i8 %h_buf_1, i64 0, i64 1" [src/integrated-gcn/integrated_gcn_approx.cpp:252]   --->   Operation 124 'getelementptr' 'h_buf_1_addr_1' <Predicate = true> <Delay = 0.00>
ST_1 : Operation 125 [1/1] (0.00ns)   --->   "%h_buf_2_addr_1 = getelementptr i8 %h_buf_2, i64 0, i64 1" [src/integrated-gcn/integrated_gcn_approx.cpp:252]   --->   Operation 125 'getelementptr' 'h_buf_2_addr_1' <Predicate = true> <Delay = 0.00>
ST_1 : Operation 126 [1/1] (0.00ns)   --->   "%h_buf_3_addr_1 = getelementptr i8 %h_buf_3, i64 0, i64 1" [src/integrated-gcn/integrated_gcn_approx.cpp:252]   --->   Operation 126 'getelementptr' 'h_buf_3_addr_1' <Predicate = true> <Delay = 0.00>
ST_1 : Operation 127 [1/1] (0.00ns)   --->   "%h_buf_4_addr_1 = getelementptr i8 %h_buf_4, i64 0, i64 1" [src/integrated-gcn/integrated_gcn_approx.cpp:252]   --->   Operation 127 'getelementptr' 'h_buf_4_addr_1' <Predicate = true> <Delay = 0.00>
ST_1 : Operation 128 [1/1] (0.00ns)   --->   "%h_buf_5_addr_1 = getelementptr i8 %h_buf_5, i64 0, i64 1" [src/integrated-gcn/integrated_gcn_approx.cpp:252]   --->   Operation 128 'getelementptr' 'h_buf_5_addr_1' <Predicate = true> <Delay = 0.00>
ST_1 : Operation 129 [1/1] (0.00ns)   --->   "%h_buf_6_addr_1 = getelementptr i8 %h_buf_6, i64 0, i64 1" [src/integrated-gcn/integrated_gcn_approx.cpp:252]   --->   Operation 129 'getelementptr' 'h_buf_6_addr_1' <Predicate = true> <Delay = 0.00>
ST_1 : Operation 130 [1/1] (0.00ns)   --->   "%h_buf_7_addr_1 = getelementptr i8 %h_buf_7, i64 0, i64 1" [src/integrated-gcn/integrated_gcn_approx.cpp:252]   --->   Operation 130 'getelementptr' 'h_buf_7_addr_1' <Predicate = true> <Delay = 0.00>
ST_1 : Operation 131 [1/1] (0.00ns)   --->   "%h_buf_8_addr_1 = getelementptr i8 %h_buf_8, i64 0, i64 1" [src/integrated-gcn/integrated_gcn_approx.cpp:252]   --->   Operation 131 'getelementptr' 'h_buf_8_addr_1' <Predicate = true> <Delay = 0.00>
ST_1 : Operation 132 [1/1] (0.00ns)   --->   "%h_buf_9_addr_1 = getelementptr i8 %h_buf_9, i64 0, i64 1" [src/integrated-gcn/integrated_gcn_approx.cpp:252]   --->   Operation 132 'getelementptr' 'h_buf_9_addr_1' <Predicate = true> <Delay = 0.00>
ST_1 : Operation 133 [1/1] (0.00ns)   --->   "%h_buf_10_addr_1 = getelementptr i8 %h_buf_10, i64 0, i64 1" [src/integrated-gcn/integrated_gcn_approx.cpp:252]   --->   Operation 133 'getelementptr' 'h_buf_10_addr_1' <Predicate = true> <Delay = 0.00>
ST_1 : Operation 134 [1/1] (0.00ns)   --->   "%h_buf_11_addr_1 = getelementptr i8 %h_buf_11, i64 0, i64 1" [src/integrated-gcn/integrated_gcn_approx.cpp:252]   --->   Operation 134 'getelementptr' 'h_buf_11_addr_1' <Predicate = true> <Delay = 0.00>
ST_1 : Operation 135 [1/1] (0.00ns)   --->   "%h_buf_12_addr_1 = getelementptr i8 %h_buf_12, i64 0, i64 1" [src/integrated-gcn/integrated_gcn_approx.cpp:252]   --->   Operation 135 'getelementptr' 'h_buf_12_addr_1' <Predicate = true> <Delay = 0.00>
ST_1 : Operation 136 [1/1] (0.00ns)   --->   "%h_buf_13_addr_1 = getelementptr i8 %h_buf_13, i64 0, i64 1" [src/integrated-gcn/integrated_gcn_approx.cpp:252]   --->   Operation 136 'getelementptr' 'h_buf_13_addr_1' <Predicate = true> <Delay = 0.00>
ST_1 : Operation 137 [1/1] (0.00ns)   --->   "%h_buf_14_addr_1 = getelementptr i8 %h_buf_14, i64 0, i64 1" [src/integrated-gcn/integrated_gcn_approx.cpp:252]   --->   Operation 137 'getelementptr' 'h_buf_14_addr_1' <Predicate = true> <Delay = 0.00>
ST_1 : Operation 138 [1/1] (0.00ns)   --->   "%h_buf_15_addr_1 = getelementptr i8 %h_buf_15, i64 0, i64 1" [src/integrated-gcn/integrated_gcn_approx.cpp:252]   --->   Operation 138 'getelementptr' 'h_buf_15_addr_1' <Predicate = true> <Delay = 0.00>
ST_1 : Operation 139 [1/1] (0.00ns)   --->   "%h_buf_16_addr_1 = getelementptr i8 %h_buf_16, i64 0, i64 1" [src/integrated-gcn/integrated_gcn_approx.cpp:252]   --->   Operation 139 'getelementptr' 'h_buf_16_addr_1' <Predicate = true> <Delay = 0.00>
ST_1 : Operation 140 [1/1] (0.00ns)   --->   "%h_buf_17_addr_1 = getelementptr i8 %h_buf_17, i64 0, i64 1" [src/integrated-gcn/integrated_gcn_approx.cpp:252]   --->   Operation 140 'getelementptr' 'h_buf_17_addr_1' <Predicate = true> <Delay = 0.00>
ST_1 : Operation 141 [1/1] (0.00ns)   --->   "%h_buf_18_addr_1 = getelementptr i8 %h_buf_18, i64 0, i64 1" [src/integrated-gcn/integrated_gcn_approx.cpp:252]   --->   Operation 141 'getelementptr' 'h_buf_18_addr_1' <Predicate = true> <Delay = 0.00>
ST_1 : Operation 142 [1/1] (0.00ns)   --->   "%h_buf_19_addr_1 = getelementptr i8 %h_buf_19, i64 0, i64 1" [src/integrated-gcn/integrated_gcn_approx.cpp:252]   --->   Operation 142 'getelementptr' 'h_buf_19_addr_1' <Predicate = true> <Delay = 0.00>
ST_1 : Operation 143 [1/1] (0.00ns)   --->   "%h_buf_20_addr_1 = getelementptr i8 %h_buf_20, i64 0, i64 1" [src/integrated-gcn/integrated_gcn_approx.cpp:252]   --->   Operation 143 'getelementptr' 'h_buf_20_addr_1' <Predicate = true> <Delay = 0.00>
ST_1 : Operation 144 [1/1] (0.00ns)   --->   "%h_buf_21_addr_1 = getelementptr i8 %h_buf_21, i64 0, i64 1" [src/integrated-gcn/integrated_gcn_approx.cpp:252]   --->   Operation 144 'getelementptr' 'h_buf_21_addr_1' <Predicate = true> <Delay = 0.00>
ST_1 : Operation 145 [1/1] (0.00ns)   --->   "%h_buf_22_addr_1 = getelementptr i8 %h_buf_22, i64 0, i64 1" [src/integrated-gcn/integrated_gcn_approx.cpp:252]   --->   Operation 145 'getelementptr' 'h_buf_22_addr_1' <Predicate = true> <Delay = 0.00>
ST_1 : Operation 146 [1/1] (0.00ns)   --->   "%h_buf_23_addr_1 = getelementptr i8 %h_buf_23, i64 0, i64 1" [src/integrated-gcn/integrated_gcn_approx.cpp:252]   --->   Operation 146 'getelementptr' 'h_buf_23_addr_1' <Predicate = true> <Delay = 0.00>
ST_1 : Operation 147 [1/1] (0.00ns)   --->   "%h_buf_24_addr_1 = getelementptr i8 %h_buf_24, i64 0, i64 1" [src/integrated-gcn/integrated_gcn_approx.cpp:252]   --->   Operation 147 'getelementptr' 'h_buf_24_addr_1' <Predicate = true> <Delay = 0.00>
ST_1 : Operation 148 [1/1] (0.00ns)   --->   "%h_buf_25_addr_1 = getelementptr i8 %h_buf_25, i64 0, i64 1" [src/integrated-gcn/integrated_gcn_approx.cpp:252]   --->   Operation 148 'getelementptr' 'h_buf_25_addr_1' <Predicate = true> <Delay = 0.00>
ST_1 : Operation 149 [1/1] (0.00ns)   --->   "%h_buf_26_addr_1 = getelementptr i8 %h_buf_26, i64 0, i64 1" [src/integrated-gcn/integrated_gcn_approx.cpp:252]   --->   Operation 149 'getelementptr' 'h_buf_26_addr_1' <Predicate = true> <Delay = 0.00>
ST_1 : Operation 150 [1/1] (0.00ns)   --->   "%h_buf_27_addr_1 = getelementptr i8 %h_buf_27, i64 0, i64 1" [src/integrated-gcn/integrated_gcn_approx.cpp:252]   --->   Operation 150 'getelementptr' 'h_buf_27_addr_1' <Predicate = true> <Delay = 0.00>
ST_1 : Operation 151 [1/1] (0.00ns)   --->   "%h_buf_28_addr_1 = getelementptr i8 %h_buf_28, i64 0, i64 1" [src/integrated-gcn/integrated_gcn_approx.cpp:252]   --->   Operation 151 'getelementptr' 'h_buf_28_addr_1' <Predicate = true> <Delay = 0.00>
ST_1 : Operation 152 [1/1] (0.00ns)   --->   "%h_buf_29_addr_1 = getelementptr i8 %h_buf_29, i64 0, i64 1" [src/integrated-gcn/integrated_gcn_approx.cpp:252]   --->   Operation 152 'getelementptr' 'h_buf_29_addr_1' <Predicate = true> <Delay = 0.00>
ST_1 : Operation 153 [1/1] (0.00ns)   --->   "%h_buf_30_addr_1 = getelementptr i8 %h_buf_30, i64 0, i64 1" [src/integrated-gcn/integrated_gcn_approx.cpp:252]   --->   Operation 153 'getelementptr' 'h_buf_30_addr_1' <Predicate = true> <Delay = 0.00>
ST_1 : Operation 154 [1/1] (0.00ns)   --->   "%h_buf_31_addr_1 = getelementptr i8 %h_buf_31, i64 0, i64 1" [src/integrated-gcn/integrated_gcn_approx.cpp:252]   --->   Operation 154 'getelementptr' 'h_buf_31_addr_1' <Predicate = true> <Delay = 0.00>
ST_1 : Operation 155 [1/1] (0.42ns)   --->   "%store_ln228 = store i12 0, i12 %i" [src/integrated-gcn/integrated_gcn_approx.cpp:228]   --->   Operation 155 'store' 'store_ln228' <Predicate = true> <Delay = 0.42>
ST_1 : Operation 156 [1/1] (0.00ns)   --->   "%br_ln228 = br void %SPMM_INIT" [src/integrated-gcn/integrated_gcn_approx.cpp:228]   --->   Operation 156 'br' 'br_ln228' <Predicate = true> <Delay = 0.00>

State 2 <SV = 1> <Delay = 0.80>
ST_2 : Operation 157 [1/1] (0.00ns)   --->   "%i_2 = load i12 %i" [src/integrated-gcn/integrated_gcn_approx.cpp:228]   --->   Operation 157 'load' 'i_2' <Predicate = true> <Delay = 0.00>
ST_2 : Operation 158 [1/1] (0.80ns)   --->   "%icmp_ln228 = icmp_eq  i12 %i_2, i12 2708" [src/integrated-gcn/integrated_gcn_approx.cpp:228]   --->   Operation 158 'icmp' 'icmp_ln228' <Predicate = true> <Delay = 0.80> <CoreInst = "Cmp">   --->   Core 9 'Cmp' <Latency = 0> <II = 1> <Delay = 0.80> <FuncUnit> <Opcode : 'seteq' 'setne' 'setle' 'setge' 'setlt' 'setgt'> <InPorts = 2> <OutPorts = 1>
ST_2 : Operation 159 [1/1] (0.80ns)   --->   "%i_3 = add i12 %i_2, i12 1" [src/integrated-gcn/integrated_gcn_approx.cpp:228]   --->   Operation 159 'add' 'i_3' <Predicate = true> <Delay = 0.80> <CoreInst = "Adder">   --->   Core 1 'Adder' <Latency = 0> <II = 1> <Delay = 0.80> <FuncUnit> <Opcode : 'add' 'sub'> <InPorts = 2> <OutPorts = 1>
ST_2 : Operation 160 [1/1] (0.00ns)   --->   "%br_ln228 = br i1 %icmp_ln228, void %SPMM_INIT.split, void %for.end62" [src/integrated-gcn/integrated_gcn_approx.cpp:228]   --->   Operation 160 'br' 'br_ln228' <Predicate = true> <Delay = 0.00>
ST_2 : Operation 161 [2/2] (0.00ns)   --->   "%call_ln0 = call void @spmm_compute_Pipeline_SPMM_INIT, i16 %acc_31, i16 %acc_30, i16 %acc_29, i16 %acc_28, i16 %acc_27, i16 %acc_26, i16 %acc_25, i16 %acc_24, i16 %acc_23, i16 %acc_22, i16 %acc_21, i16 %acc_20, i16 %acc_19, i16 %acc_18, i16 %acc_17, i16 %acc_16, i16 %acc_15, i16 %acc_14, i16 %acc_13, i16 %acc_12, i16 %acc_11, i16 %acc_10, i16 %acc_9, i16 %acc_8, i16 %acc_7, i16 %acc_6, i16 %acc_5, i16 %acc_4, i16 %acc_3, i16 %acc_2, i16 %acc_1, i16 %acc"   --->   Operation 161 'call' 'call_ln0' <Predicate = (!icmp_ln228)> <Delay = 0.00> <CoreType = "Generic">   --->   Generic Core
ST_2 : Operation 162 [1/1] (0.00ns)   --->   "%ret_ln270 = ret" [src/integrated-gcn/integrated_gcn_approx.cpp:270]   --->   Operation 162 'ret' 'ret_ln270' <Predicate = (icmp_ln228)> <Delay = 0.00>

State 3 <SV = 2> <Delay = 2.04>
ST_3 : Operation 163 [1/1] (0.00ns)   --->   "%speclooptripcount_ln228 = speclooptripcount void @_ssdm_op_SpecLoopTripCount, i64 2708, i64 2708, i64 2708" [src/integrated-gcn/integrated_gcn_approx.cpp:228]   --->   Operation 163 'speclooptripcount' 'speclooptripcount_ln228' <Predicate = true> <Delay = 0.00>
ST_3 : Operation 164 [1/1] (0.00ns)   --->   "%specloopname_ln228 = specloopname void @_ssdm_op_SpecLoopName, void @empty_32" [src/integrated-gcn/integrated_gcn_approx.cpp:228]   --->   Operation 164 'specloopname' 'specloopname_ln228' <Predicate = true> <Delay = 0.00>
ST_3 : Operation 165 [1/1] ( I:2.04ns O:2.04ns )   --->   "%rl = read i32 @_ssdm_op_Read.ap_fifo.volatile.i32P0A, i32 %row_fifo" [src/integrated-gcn/integrated_gcn_approx.cpp:230]   --->   Operation 165 'read' 'rl' <Predicate = true> <Delay = 2.04> <CoreInst = "FIFO_SRL">   --->   Core 80 'FIFO_SRL' <Latency = 0> <II = 1> <Delay = 2.04> <Storage> <Opcode : 'read' 'write' 'nbread' 'nbwrite'> <Ports = 0> <Width = 32> <Depth = 16> <FIFO>
ST_3 : Operation 166 [1/1] (0.00ns)   --->   "%fence_ln233 = fence void @_ssdm_op_Fence, i32 %row_fifo, i32 4294967295, i32 %col_fifo, i8 %val_fifo, i8 %result_fifo, i32 0" [src/integrated-gcn/integrated_gcn_approx.cpp:233]   --->   Operation 166 'fence' 'fence_ln233' <Predicate = true> <Delay = 0.00>
ST_3 : Operation 167 [1/2] (0.85ns)   --->   "%call_ln0 = call void @spmm_compute_Pipeline_SPMM_INIT, i16 %acc_31, i16 %acc_30, i16 %acc_29, i16 %acc_28, i16 %acc_27, i16 %acc_26, i16 %acc_25, i16 %acc_24, i16 %acc_23, i16 %acc_22, i16 %acc_21, i16 %acc_20, i16 %acc_19, i16 %acc_18, i16 %acc_17, i16 %acc_16, i16 %acc_15, i16 %acc_14, i16 %acc_13, i16 %acc_12, i16 %acc_11, i16 %acc_10, i16 %acc_9, i16 %acc_8, i16 %acc_7, i16 %acc_6, i16 %acc_5, i16 %acc_4, i16 %acc_3, i16 %acc_2, i16 %acc_1, i16 %acc"   --->   Operation 167 'call' 'call_ln0' <Predicate = true> <Delay = 0.85> <CoreType = "Generic">   --->   Generic Core
ST_3 : Operation 168 [1/1] (0.42ns)   --->   "%br_ln240 = br void %SPMM_LOAD_H" [src/integrated-gcn/integrated_gcn_approx.cpp:240]   --->   Operation 168 'br' 'br_ln240' <Predicate = true> <Delay = 0.42>

State 4 <SV = 3> <Delay = 2.74>
ST_4 : Operation 169 [1/1] (0.00ns)   --->   "%jj = phi i31 %add_ln240, void %SPMM_LOAD_H.split, i31 0, void %SPMM_INIT.split" [src/integrated-gcn/integrated_gcn_approx.cpp:240]   --->   Operation 169 'phi' 'jj' <Predicate = true> <Delay = 0.00>
ST_4 : Operation 170 [1/1] (0.00ns)   --->   "%zext_ln240 = zext i31 %jj" [src/integrated-gcn/integrated_gcn_approx.cpp:240]   --->   Operation 170 'zext' 'zext_ln240' <Predicate = true> <Delay = 0.00>
ST_4 : Operation 171 [1/1] (1.01ns)   --->   "%icmp_ln240 = icmp_slt  i32 %zext_ln240, i32 %rl" [src/integrated-gcn/integrated_gcn_approx.cpp:240]   --->   Operation 171 'icmp' 'icmp_ln240' <Predicate = true> <Delay = 1.01> <CoreInst = "Cmp">   --->   Core 9 'Cmp' <Latency = 0> <II = 1> <Delay = 1.01> <FuncUnit> <Opcode : 'seteq' 'setne' 'setle' 'setge' 'setlt' 'setgt'> <InPorts = 2> <OutPorts = 1>
ST_4 : Operation 172 [1/1] (1.00ns)   --->   "%add_ln240 = add i31 %jj, i31 1" [src/integrated-gcn/integrated_gcn_approx.cpp:240]   --->   Operation 172 'add' 'add_ln240' <Predicate = true> <Delay = 1.00> <CoreInst = "Adder">   --->   Core 1 'Adder' <Latency = 0> <II = 1> <Delay = 1.00> <FuncUnit> <Opcode : 'add' 'sub'> <InPorts = 2> <OutPorts = 1>
ST_4 : Operation 173 [1/1] (0.00ns)   --->   "%br_ln240 = br i1 %icmp_ln240, void %for.body53.preheader, void %SPMM_LOAD_H.split" [src/integrated-gcn/integrated_gcn_approx.cpp:240]   --->   Operation 173 'br' 'br_ln240' <Predicate = true> <Delay = 0.00>
ST_4 : Operation 174 [1/1] ( I:1.65ns O:1.65ns )   --->   "%col = read i32 @_ssdm_op_Read.ap_fifo.volatile.i32P0A, i32 %col_fifo" [src/integrated-gcn/integrated_gcn_approx.cpp:243]   --->   Operation 174 'read' 'col' <Predicate = (icmp_ln240)> <Delay = 1.65> <CoreInst = "FIFO">   --->   Core 77 'FIFO' <Latency = 0> <II = 1> <Delay = 1.65> <Storage> <Opcode : 'read' 'write' 'nbread' 'nbwrite'> <Ports = 0> <Width = 32> <Depth = 256> <FIFO>
ST_4 : Operation 175 [1/1] ( I:1.65ns O:1.65ns )   --->   "%bits_a = read i8 @_ssdm_op_Read.ap_fifo.volatile.i8P0A, i8 %val_fifo" [src/integrated-gcn/integrated_gcn_approx.cpp:244]   --->   Operation 175 'read' 'bits_a' <Predicate = (icmp_ln240)> <Delay = 1.65> <CoreInst = "FIFO">   --->   Core 77 'FIFO' <Latency = 0> <II = 1> <Delay = 1.65> <Storage> <Opcode : 'read' 'write' 'nbread' 'nbwrite'> <Ports = 0> <Width = 8> <Depth = 256> <FIFO>
ST_4 : Operation 176 [1/1] (0.00ns)   --->   "%shl_ln = bitconcatenate i38 @_ssdm_op_BitConcatenate.i38.i32.i6, i32 %col, i6 0" [src/integrated-gcn/integrated_gcn_approx.cpp:249]   --->   Operation 176 'bitconcatenate' 'shl_ln' <Predicate = (icmp_ln240)> <Delay = 0.00>
ST_4 : Operation 177 [1/1] (0.00ns)   --->   "%sext_ln249 = sext i38 %shl_ln" [src/integrated-gcn/integrated_gcn_approx.cpp:249]   --->   Operation 177 'sext' 'sext_ln249' <Predicate = (icmp_ln240)> <Delay = 0.00>
ST_4 : Operation 178 [1/1] (1.08ns)   --->   "%add_ln249 = add i64 %sext_ln249, i64 %H_temp_read" [src/integrated-gcn/integrated_gcn_approx.cpp:249]   --->   Operation 178 'add' 'add_ln249' <Predicate = (icmp_ln240)> <Delay = 1.08> <CoreInst = "Adder">   --->   Core 1 'Adder' <Latency = 0> <II = 1> <Delay = 1.08> <FuncUnit> <Opcode : 'add' 'sub'> <InPorts = 2> <OutPorts = 1>
ST_4 : Operation 179 [1/1] (0.00ns)   --->   "%trunc_ln249_s = partselect i58 @_ssdm_op_PartSelect.i58.i64.i32.i32, i64 %add_ln249, i32 6, i32 63" [src/integrated-gcn/integrated_gcn_approx.cpp:249]   --->   Operation 179 'partselect' 'trunc_ln249_s' <Predicate = (icmp_ln240)> <Delay = 0.00>
ST_4 : Operation 180 [1/1] (0.00ns)   --->   "%fence_ln265 = fence void @_ssdm_op_Fence, i32 %row_fifo, i32 %col_fifo, i8 %val_fifo, i32 4294967295, i8 %result_fifo, i32 0" [src/integrated-gcn/integrated_gcn_approx.cpp:265]   --->   Operation 180 'fence' 'fence_ln265' <Predicate = (!icmp_ln240)> <Delay = 0.00>
ST_4 : Operation 181 [2/2] (0.00ns)   --->   "%call_ln0 = call void @spmm_compute_Pipeline_SPMM_WRITE, i16 %acc, i16 %acc_1, i16 %acc_2, i16 %acc_3, i16 %acc_4, i16 %acc_5, i16 %acc_6, i16 %acc_7, i16 %acc_8, i16 %acc_9, i16 %acc_10, i16 %acc_11, i16 %acc_12, i16 %acc_13, i16 %acc_14, i16 %acc_15, i16 %acc_16, i16 %acc_17, i16 %acc_18, i16 %acc_19, i16 %acc_20, i16 %acc_21, i16 %acc_22, i16 %acc_23, i16 %acc_24, i16 %acc_25, i16 %acc_26, i16 %acc_27, i16 %acc_28, i16 %acc_29, i16 %acc_30, i16 %acc_31, i8 %result_fifo"   --->   Operation 181 'call' 'call_ln0' <Predicate = (!icmp_ln240)> <Delay = 0.00> <CoreType = "Generic">   --->   Generic Core
ST_4 : Operation 182 [1/1] (0.42ns)   --->   "%store_ln228 = store i12 %i_3, i12 %i" [src/integrated-gcn/integrated_gcn_approx.cpp:228]   --->   Operation 182 'store' 'store_ln228' <Predicate = (!icmp_ln240)> <Delay = 0.42>

State 5 <SV = 4> <Delay = 7.30>
ST_5 : Operation 183 [1/1] (0.00ns)   --->   "%sext_ln249_1 = sext i58 %trunc_ln249_s" [src/integrated-gcn/integrated_gcn_approx.cpp:249]   --->   Operation 183 'sext' 'sext_ln249_1' <Predicate = true> <Delay = 0.00>
ST_5 : Operation 184 [1/1] (0.00ns)   --->   "%gmem2_addr = getelementptr i512 %gmem2, i64 %sext_ln249_1" [src/integrated-gcn/integrated_gcn_approx.cpp:249]   --->   Operation 184 'getelementptr' 'gmem2_addr' <Predicate = true> <Delay = 0.00>
ST_5 : Operation 185 [8/8] (7.30ns)   --->   "%gmem2_load_req = readreq i1 @_ssdm_op_ReadReq.m_axi.i512P1A, i512 %gmem2_addr, i64 1" [src/integrated-gcn/integrated_gcn_approx.cpp:249]   --->   Operation 185 'readreq' 'gmem2_load_req' <Predicate = true> <Delay = 7.30> <CoreInst = "m_axi">   --->   Core 119 'm_axi' <Latency = 6> <II = 1> <Delay = 1.00> <Adapter> <Opcode : 'readrequnaligned' 'writerequnaligned' 'read' 'write' 'readreq' 'writereq' 'writeresp'>

State 6 <SV = 5> <Delay = 0.00>
ST_6 : Operation 186 [7/8] (7.30ns)   --->   "%gmem2_load_req = readreq i1 @_ssdm_op_ReadReq.m_axi.i512P1A, i512 %gmem2_addr, i64 1" [src/integrated-gcn/integrated_gcn_approx.cpp:249]   --->   Operation 186 'readreq' 'gmem2_load_req' <Predicate = true> <Delay = 7.30> <CoreInst = "m_axi">   --->   Core 119 'm_axi' <Latency = 6> <II = 1> <Delay = 1.00> <Adapter> <Opcode : 'readrequnaligned' 'writerequnaligned' 'read' 'write' 'readreq' 'writereq' 'writeresp'>

State 7 <SV = 6> <Delay = 0.00>
ST_7 : Operation 187 [6/8] (7.30ns)   --->   "%gmem2_load_req = readreq i1 @_ssdm_op_ReadReq.m_axi.i512P1A, i512 %gmem2_addr, i64 1" [src/integrated-gcn/integrated_gcn_approx.cpp:249]   --->   Operation 187 'readreq' 'gmem2_load_req' <Predicate = true> <Delay = 7.30> <CoreInst = "m_axi">   --->   Core 119 'm_axi' <Latency = 6> <II = 1> <Delay = 1.00> <Adapter> <Opcode : 'readrequnaligned' 'writerequnaligned' 'read' 'write' 'readreq' 'writereq' 'writeresp'>

State 8 <SV = 7> <Delay = 0.00>
ST_8 : Operation 188 [5/8] (7.30ns)   --->   "%gmem2_load_req = readreq i1 @_ssdm_op_ReadReq.m_axi.i512P1A, i512 %gmem2_addr, i64 1" [src/integrated-gcn/integrated_gcn_approx.cpp:249]   --->   Operation 188 'readreq' 'gmem2_load_req' <Predicate = true> <Delay = 7.30> <CoreInst = "m_axi">   --->   Core 119 'm_axi' <Latency = 6> <II = 1> <Delay = 1.00> <Adapter> <Opcode : 'readrequnaligned' 'writerequnaligned' 'read' 'write' 'readreq' 'writereq' 'writeresp'>

State 9 <SV = 8> <Delay = 0.00>
ST_9 : Operation 189 [4/8] (7.30ns)   --->   "%gmem2_load_req = readreq i1 @_ssdm_op_ReadReq.m_axi.i512P1A, i512 %gmem2_addr, i64 1" [src/integrated-gcn/integrated_gcn_approx.cpp:249]   --->   Operation 189 'readreq' 'gmem2_load_req' <Predicate = true> <Delay = 7.30> <CoreInst = "m_axi">   --->   Core 119 'm_axi' <Latency = 6> <II = 1> <Delay = 1.00> <Adapter> <Opcode : 'readrequnaligned' 'writerequnaligned' 'read' 'write' 'readreq' 'writereq' 'writeresp'>

State 10 <SV = 9> <Delay = 0.00>
ST_10 : Operation 190 [3/8] (7.30ns)   --->   "%gmem2_load_req = readreq i1 @_ssdm_op_ReadReq.m_axi.i512P1A, i512 %gmem2_addr, i64 1" [src/integrated-gcn/integrated_gcn_approx.cpp:249]   --->   Operation 190 'readreq' 'gmem2_load_req' <Predicate = true> <Delay = 7.30> <CoreInst = "m_axi">   --->   Core 119 'm_axi' <Latency = 6> <II = 1> <Delay = 1.00> <Adapter> <Opcode : 'readrequnaligned' 'writerequnaligned' 'read' 'write' 'readreq' 'writereq' 'writeresp'>

State 11 <SV = 10> <Delay = 0.00>
ST_11 : Operation 191 [2/8] (7.30ns)   --->   "%gmem2_load_req = readreq i1 @_ssdm_op_ReadReq.m_axi.i512P1A, i512 %gmem2_addr, i64 1" [src/integrated-gcn/integrated_gcn_approx.cpp:249]   --->   Operation 191 'readreq' 'gmem2_load_req' <Predicate = true> <Delay = 7.30> <CoreInst = "m_axi">   --->   Core 119 'm_axi' <Latency = 6> <II = 1> <Delay = 1.00> <Adapter> <Opcode : 'readrequnaligned' 'writerequnaligned' 'read' 'write' 'readreq' 'writereq' 'writeresp'>

State 12 <SV = 11> <Delay = 7.30>
ST_12 : Operation 192 [1/8] ( I:7.30ns O:7.30ns )   --->   "%gmem2_load_req = readreq i1 @_ssdm_op_ReadReq.m_axi.i512P1A, i512 %gmem2_addr, i64 1" [src/integrated-gcn/integrated_gcn_approx.cpp:249]   --->   Operation 192 'readreq' 'gmem2_load_req' <Predicate = true> <Delay = 7.30> <CoreInst = "m_axi">   --->   Core 119 'm_axi' <Latency = 6> <II = 1> <Delay = 1.00> <Adapter> <Opcode : 'readrequnaligned' 'writerequnaligned' 'read' 'write' 'readreq' 'writereq' 'writeresp'>

State 13 <SV = 12> <Delay = 7.30>
ST_13 : Operation 193 [1/1] ( I:7.30ns O:7.30ns )   --->   "%gmem2_addr_read = read i512 @_ssdm_op_Read.m_axi.i512P1A, i512 %gmem2_addr" [src/integrated-gcn/integrated_gcn_approx.cpp:249]   --->   Operation 193 'read' 'gmem2_addr_read' <Predicate = true> <Delay = 7.30> <CoreInst = "m_axi">   --->   Core 119 'm_axi' <Latency = 3> <II = 1> <Delay = 1.00> <Adapter> <Opcode : 'readrequnaligned' 'writerequnaligned' 'read' 'write' 'readreq' 'writereq' 'writeresp'>
ST_13 : Operation 194 [1/1] (0.00ns)   --->   "%trunc_ln249 = trunc i512 %gmem2_addr_read" [src/integrated-gcn/integrated_gcn_approx.cpp:249]   --->   Operation 194 'trunc' 'trunc_ln249' <Predicate = true> <Delay = 0.00>
ST_13 : Operation 195 [1/1] (0.00ns)   --->   "%trunc_ln249_1 = partselect i8 @_ssdm_op_PartSelect.i8.i512.i32.i32, i512 %gmem2_addr_read, i32 8, i32 15" [src/integrated-gcn/integrated_gcn_approx.cpp:249]   --->   Operation 195 'partselect' 'trunc_ln249_1' <Predicate = true> <Delay = 0.00>
ST_13 : Operation 196 [1/1] (0.00ns)   --->   "%trunc_ln249_2 = partselect i8 @_ssdm_op_PartSelect.i8.i512.i32.i32, i512 %gmem2_addr_read, i32 16, i32 23" [src/integrated-gcn/integrated_gcn_approx.cpp:249]   --->   Operation 196 'partselect' 'trunc_ln249_2' <Predicate = true> <Delay = 0.00>
ST_13 : Operation 197 [1/1] (0.00ns)   --->   "%trunc_ln249_3 = partselect i8 @_ssdm_op_PartSelect.i8.i512.i32.i32, i512 %gmem2_addr_read, i32 24, i32 31" [src/integrated-gcn/integrated_gcn_approx.cpp:249]   --->   Operation 197 'partselect' 'trunc_ln249_3' <Predicate = true> <Delay = 0.00>
ST_13 : Operation 198 [1/1] (0.00ns)   --->   "%trunc_ln249_4 = partselect i8 @_ssdm_op_PartSelect.i8.i512.i32.i32, i512 %gmem2_addr_read, i32 32, i32 39" [src/integrated-gcn/integrated_gcn_approx.cpp:249]   --->   Operation 198 'partselect' 'trunc_ln249_4' <Predicate = true> <Delay = 0.00>
ST_13 : Operation 199 [1/1] (0.00ns)   --->   "%trunc_ln249_5 = partselect i8 @_ssdm_op_PartSelect.i8.i512.i32.i32, i512 %gmem2_addr_read, i32 40, i32 47" [src/integrated-gcn/integrated_gcn_approx.cpp:249]   --->   Operation 199 'partselect' 'trunc_ln249_5' <Predicate = true> <Delay = 0.00>
ST_13 : Operation 200 [1/1] (0.00ns)   --->   "%trunc_ln249_6 = partselect i8 @_ssdm_op_PartSelect.i8.i512.i32.i32, i512 %gmem2_addr_read, i32 48, i32 55" [src/integrated-gcn/integrated_gcn_approx.cpp:249]   --->   Operation 200 'partselect' 'trunc_ln249_6' <Predicate = true> <Delay = 0.00>
ST_13 : Operation 201 [1/1] (0.00ns)   --->   "%trunc_ln249_7 = partselect i8 @_ssdm_op_PartSelect.i8.i512.i32.i32, i512 %gmem2_addr_read, i32 56, i32 63" [src/integrated-gcn/integrated_gcn_approx.cpp:249]   --->   Operation 201 'partselect' 'trunc_ln249_7' <Predicate = true> <Delay = 0.00>
ST_13 : Operation 202 [1/1] (0.00ns)   --->   "%trunc_ln249_8 = partselect i8 @_ssdm_op_PartSelect.i8.i512.i32.i32, i512 %gmem2_addr_read, i32 64, i32 71" [src/integrated-gcn/integrated_gcn_approx.cpp:249]   --->   Operation 202 'partselect' 'trunc_ln249_8' <Predicate = true> <Delay = 0.00>
ST_13 : Operation 203 [1/1] (0.00ns)   --->   "%trunc_ln249_9 = partselect i8 @_ssdm_op_PartSelect.i8.i512.i32.i32, i512 %gmem2_addr_read, i32 72, i32 79" [src/integrated-gcn/integrated_gcn_approx.cpp:249]   --->   Operation 203 'partselect' 'trunc_ln249_9' <Predicate = true> <Delay = 0.00>
ST_13 : Operation 204 [1/1] (0.00ns)   --->   "%trunc_ln249_10 = partselect i8 @_ssdm_op_PartSelect.i8.i512.i32.i32, i512 %gmem2_addr_read, i32 80, i32 87" [src/integrated-gcn/integrated_gcn_approx.cpp:249]   --->   Operation 204 'partselect' 'trunc_ln249_10' <Predicate = true> <Delay = 0.00>
ST_13 : Operation 205 [1/1] (0.00ns)   --->   "%trunc_ln249_11 = partselect i8 @_ssdm_op_PartSelect.i8.i512.i32.i32, i512 %gmem2_addr_read, i32 88, i32 95" [src/integrated-gcn/integrated_gcn_approx.cpp:249]   --->   Operation 205 'partselect' 'trunc_ln249_11' <Predicate = true> <Delay = 0.00>
ST_13 : Operation 206 [1/1] (0.00ns)   --->   "%trunc_ln249_12 = partselect i8 @_ssdm_op_PartSelect.i8.i512.i32.i32, i512 %gmem2_addr_read, i32 96, i32 103" [src/integrated-gcn/integrated_gcn_approx.cpp:249]   --->   Operation 206 'partselect' 'trunc_ln249_12' <Predicate = true> <Delay = 0.00>
ST_13 : Operation 207 [1/1] (0.00ns)   --->   "%trunc_ln249_13 = partselect i8 @_ssdm_op_PartSelect.i8.i512.i32.i32, i512 %gmem2_addr_read, i32 104, i32 111" [src/integrated-gcn/integrated_gcn_approx.cpp:249]   --->   Operation 207 'partselect' 'trunc_ln249_13' <Predicate = true> <Delay = 0.00>
ST_13 : Operation 208 [1/1] (0.00ns)   --->   "%trunc_ln249_14 = partselect i8 @_ssdm_op_PartSelect.i8.i512.i32.i32, i512 %gmem2_addr_read, i32 112, i32 119" [src/integrated-gcn/integrated_gcn_approx.cpp:249]   --->   Operation 208 'partselect' 'trunc_ln249_14' <Predicate = true> <Delay = 0.00>
ST_13 : Operation 209 [1/1] (0.00ns)   --->   "%trunc_ln249_15 = partselect i8 @_ssdm_op_PartSelect.i8.i512.i32.i32, i512 %gmem2_addr_read, i32 120, i32 127" [src/integrated-gcn/integrated_gcn_approx.cpp:249]   --->   Operation 209 'partselect' 'trunc_ln249_15' <Predicate = true> <Delay = 0.00>
ST_13 : Operation 210 [1/1] (0.00ns)   --->   "%trunc_ln249_16 = partselect i8 @_ssdm_op_PartSelect.i8.i512.i32.i32, i512 %gmem2_addr_read, i32 128, i32 135" [src/integrated-gcn/integrated_gcn_approx.cpp:249]   --->   Operation 210 'partselect' 'trunc_ln249_16' <Predicate = true> <Delay = 0.00>
ST_13 : Operation 211 [1/1] (0.00ns)   --->   "%trunc_ln249_17 = partselect i8 @_ssdm_op_PartSelect.i8.i512.i32.i32, i512 %gmem2_addr_read, i32 136, i32 143" [src/integrated-gcn/integrated_gcn_approx.cpp:249]   --->   Operation 211 'partselect' 'trunc_ln249_17' <Predicate = true> <Delay = 0.00>
ST_13 : Operation 212 [1/1] (0.00ns)   --->   "%trunc_ln249_18 = partselect i8 @_ssdm_op_PartSelect.i8.i512.i32.i32, i512 %gmem2_addr_read, i32 144, i32 151" [src/integrated-gcn/integrated_gcn_approx.cpp:249]   --->   Operation 212 'partselect' 'trunc_ln249_18' <Predicate = true> <Delay = 0.00>
ST_13 : Operation 213 [1/1] (0.00ns)   --->   "%trunc_ln249_19 = partselect i8 @_ssdm_op_PartSelect.i8.i512.i32.i32, i512 %gmem2_addr_read, i32 152, i32 159" [src/integrated-gcn/integrated_gcn_approx.cpp:249]   --->   Operation 213 'partselect' 'trunc_ln249_19' <Predicate = true> <Delay = 0.00>
ST_13 : Operation 214 [1/1] (0.00ns)   --->   "%trunc_ln249_20 = partselect i8 @_ssdm_op_PartSelect.i8.i512.i32.i32, i512 %gmem2_addr_read, i32 160, i32 167" [src/integrated-gcn/integrated_gcn_approx.cpp:249]   --->   Operation 214 'partselect' 'trunc_ln249_20' <Predicate = true> <Delay = 0.00>
ST_13 : Operation 215 [1/1] (0.00ns)   --->   "%trunc_ln249_21 = partselect i8 @_ssdm_op_PartSelect.i8.i512.i32.i32, i512 %gmem2_addr_read, i32 168, i32 175" [src/integrated-gcn/integrated_gcn_approx.cpp:249]   --->   Operation 215 'partselect' 'trunc_ln249_21' <Predicate = true> <Delay = 0.00>
ST_13 : Operation 216 [1/1] (0.00ns)   --->   "%trunc_ln249_22 = partselect i8 @_ssdm_op_PartSelect.i8.i512.i32.i32, i512 %gmem2_addr_read, i32 176, i32 183" [src/integrated-gcn/integrated_gcn_approx.cpp:249]   --->   Operation 216 'partselect' 'trunc_ln249_22' <Predicate = true> <Delay = 0.00>
ST_13 : Operation 217 [1/1] (0.00ns)   --->   "%trunc_ln249_23 = partselect i8 @_ssdm_op_PartSelect.i8.i512.i32.i32, i512 %gmem2_addr_read, i32 184, i32 191" [src/integrated-gcn/integrated_gcn_approx.cpp:249]   --->   Operation 217 'partselect' 'trunc_ln249_23' <Predicate = true> <Delay = 0.00>
ST_13 : Operation 218 [1/1] (0.00ns)   --->   "%trunc_ln249_24 = partselect i8 @_ssdm_op_PartSelect.i8.i512.i32.i32, i512 %gmem2_addr_read, i32 192, i32 199" [src/integrated-gcn/integrated_gcn_approx.cpp:249]   --->   Operation 218 'partselect' 'trunc_ln249_24' <Predicate = true> <Delay = 0.00>
ST_13 : Operation 219 [1/1] (0.00ns)   --->   "%trunc_ln249_25 = partselect i8 @_ssdm_op_PartSelect.i8.i512.i32.i32, i512 %gmem2_addr_read, i32 200, i32 207" [src/integrated-gcn/integrated_gcn_approx.cpp:249]   --->   Operation 219 'partselect' 'trunc_ln249_25' <Predicate = true> <Delay = 0.00>
ST_13 : Operation 220 [1/1] (0.00ns)   --->   "%trunc_ln249_26 = partselect i8 @_ssdm_op_PartSelect.i8.i512.i32.i32, i512 %gmem2_addr_read, i32 208, i32 215" [src/integrated-gcn/integrated_gcn_approx.cpp:249]   --->   Operation 220 'partselect' 'trunc_ln249_26' <Predicate = true> <Delay = 0.00>
ST_13 : Operation 221 [1/1] (0.00ns)   --->   "%trunc_ln249_27 = partselect i8 @_ssdm_op_PartSelect.i8.i512.i32.i32, i512 %gmem2_addr_read, i32 216, i32 223" [src/integrated-gcn/integrated_gcn_approx.cpp:249]   --->   Operation 221 'partselect' 'trunc_ln249_27' <Predicate = true> <Delay = 0.00>
ST_13 : Operation 222 [1/1] (0.00ns)   --->   "%trunc_ln249_28 = partselect i8 @_ssdm_op_PartSelect.i8.i512.i32.i32, i512 %gmem2_addr_read, i32 224, i32 231" [src/integrated-gcn/integrated_gcn_approx.cpp:249]   --->   Operation 222 'partselect' 'trunc_ln249_28' <Predicate = true> <Delay = 0.00>
ST_13 : Operation 223 [1/1] (0.00ns)   --->   "%trunc_ln249_29 = partselect i8 @_ssdm_op_PartSelect.i8.i512.i32.i32, i512 %gmem2_addr_read, i32 232, i32 239" [src/integrated-gcn/integrated_gcn_approx.cpp:249]   --->   Operation 223 'partselect' 'trunc_ln249_29' <Predicate = true> <Delay = 0.00>
ST_13 : Operation 224 [1/1] (0.00ns)   --->   "%trunc_ln249_30 = partselect i8 @_ssdm_op_PartSelect.i8.i512.i32.i32, i512 %gmem2_addr_read, i32 240, i32 247" [src/integrated-gcn/integrated_gcn_approx.cpp:249]   --->   Operation 224 'partselect' 'trunc_ln249_30' <Predicate = true> <Delay = 0.00>
ST_13 : Operation 225 [1/1] (0.00ns)   --->   "%trunc_ln249_31 = partselect i8 @_ssdm_op_PartSelect.i8.i512.i32.i32, i512 %gmem2_addr_read, i32 248, i32 255" [src/integrated-gcn/integrated_gcn_approx.cpp:249]   --->   Operation 225 'partselect' 'trunc_ln249_31' <Predicate = true> <Delay = 0.00>
ST_13 : Operation 226 [1/1] (0.00ns)   --->   "%trunc_ln249_32 = partselect i8 @_ssdm_op_PartSelect.i8.i512.i32.i32, i512 %gmem2_addr_read, i32 256, i32 263" [src/integrated-gcn/integrated_gcn_approx.cpp:249]   --->   Operation 226 'partselect' 'trunc_ln249_32' <Predicate = true> <Delay = 0.00>
ST_13 : Operation 227 [1/1] (0.00ns)   --->   "%trunc_ln249_33 = partselect i8 @_ssdm_op_PartSelect.i8.i512.i32.i32, i512 %gmem2_addr_read, i32 264, i32 271" [src/integrated-gcn/integrated_gcn_approx.cpp:249]   --->   Operation 227 'partselect' 'trunc_ln249_33' <Predicate = true> <Delay = 0.00>
ST_13 : Operation 228 [1/1] (0.00ns)   --->   "%trunc_ln249_34 = partselect i8 @_ssdm_op_PartSelect.i8.i512.i32.i32, i512 %gmem2_addr_read, i32 272, i32 279" [src/integrated-gcn/integrated_gcn_approx.cpp:249]   --->   Operation 228 'partselect' 'trunc_ln249_34' <Predicate = true> <Delay = 0.00>
ST_13 : Operation 229 [1/1] (0.00ns)   --->   "%trunc_ln249_35 = partselect i8 @_ssdm_op_PartSelect.i8.i512.i32.i32, i512 %gmem2_addr_read, i32 280, i32 287" [src/integrated-gcn/integrated_gcn_approx.cpp:249]   --->   Operation 229 'partselect' 'trunc_ln249_35' <Predicate = true> <Delay = 0.00>
ST_13 : Operation 230 [1/1] (0.00ns)   --->   "%trunc_ln249_36 = partselect i8 @_ssdm_op_PartSelect.i8.i512.i32.i32, i512 %gmem2_addr_read, i32 288, i32 295" [src/integrated-gcn/integrated_gcn_approx.cpp:249]   --->   Operation 230 'partselect' 'trunc_ln249_36' <Predicate = true> <Delay = 0.00>
ST_13 : Operation 231 [1/1] (0.00ns)   --->   "%trunc_ln249_37 = partselect i8 @_ssdm_op_PartSelect.i8.i512.i32.i32, i512 %gmem2_addr_read, i32 296, i32 303" [src/integrated-gcn/integrated_gcn_approx.cpp:249]   --->   Operation 231 'partselect' 'trunc_ln249_37' <Predicate = true> <Delay = 0.00>
ST_13 : Operation 232 [1/1] (0.00ns)   --->   "%trunc_ln249_38 = partselect i8 @_ssdm_op_PartSelect.i8.i512.i32.i32, i512 %gmem2_addr_read, i32 304, i32 311" [src/integrated-gcn/integrated_gcn_approx.cpp:249]   --->   Operation 232 'partselect' 'trunc_ln249_38' <Predicate = true> <Delay = 0.00>
ST_13 : Operation 233 [1/1] (0.00ns)   --->   "%trunc_ln249_39 = partselect i8 @_ssdm_op_PartSelect.i8.i512.i32.i32, i512 %gmem2_addr_read, i32 312, i32 319" [src/integrated-gcn/integrated_gcn_approx.cpp:249]   --->   Operation 233 'partselect' 'trunc_ln249_39' <Predicate = true> <Delay = 0.00>
ST_13 : Operation 234 [1/1] (0.00ns)   --->   "%trunc_ln249_40 = partselect i8 @_ssdm_op_PartSelect.i8.i512.i32.i32, i512 %gmem2_addr_read, i32 320, i32 327" [src/integrated-gcn/integrated_gcn_approx.cpp:249]   --->   Operation 234 'partselect' 'trunc_ln249_40' <Predicate = true> <Delay = 0.00>
ST_13 : Operation 235 [1/1] (0.00ns)   --->   "%trunc_ln249_41 = partselect i8 @_ssdm_op_PartSelect.i8.i512.i32.i32, i512 %gmem2_addr_read, i32 328, i32 335" [src/integrated-gcn/integrated_gcn_approx.cpp:249]   --->   Operation 235 'partselect' 'trunc_ln249_41' <Predicate = true> <Delay = 0.00>
ST_13 : Operation 236 [1/1] (0.00ns)   --->   "%trunc_ln249_42 = partselect i8 @_ssdm_op_PartSelect.i8.i512.i32.i32, i512 %gmem2_addr_read, i32 336, i32 343" [src/integrated-gcn/integrated_gcn_approx.cpp:249]   --->   Operation 236 'partselect' 'trunc_ln249_42' <Predicate = true> <Delay = 0.00>
ST_13 : Operation 237 [1/1] (0.00ns)   --->   "%trunc_ln249_43 = partselect i8 @_ssdm_op_PartSelect.i8.i512.i32.i32, i512 %gmem2_addr_read, i32 344, i32 351" [src/integrated-gcn/integrated_gcn_approx.cpp:249]   --->   Operation 237 'partselect' 'trunc_ln249_43' <Predicate = true> <Delay = 0.00>
ST_13 : Operation 238 [1/1] (0.00ns)   --->   "%trunc_ln249_44 = partselect i8 @_ssdm_op_PartSelect.i8.i512.i32.i32, i512 %gmem2_addr_read, i32 352, i32 359" [src/integrated-gcn/integrated_gcn_approx.cpp:249]   --->   Operation 238 'partselect' 'trunc_ln249_44' <Predicate = true> <Delay = 0.00>
ST_13 : Operation 239 [1/1] (0.00ns)   --->   "%trunc_ln249_45 = partselect i8 @_ssdm_op_PartSelect.i8.i512.i32.i32, i512 %gmem2_addr_read, i32 360, i32 367" [src/integrated-gcn/integrated_gcn_approx.cpp:249]   --->   Operation 239 'partselect' 'trunc_ln249_45' <Predicate = true> <Delay = 0.00>
ST_13 : Operation 240 [1/1] (0.00ns)   --->   "%trunc_ln249_46 = partselect i8 @_ssdm_op_PartSelect.i8.i512.i32.i32, i512 %gmem2_addr_read, i32 368, i32 375" [src/integrated-gcn/integrated_gcn_approx.cpp:249]   --->   Operation 240 'partselect' 'trunc_ln249_46' <Predicate = true> <Delay = 0.00>
ST_13 : Operation 241 [1/1] (0.00ns)   --->   "%trunc_ln249_47 = partselect i8 @_ssdm_op_PartSelect.i8.i512.i32.i32, i512 %gmem2_addr_read, i32 376, i32 383" [src/integrated-gcn/integrated_gcn_approx.cpp:249]   --->   Operation 241 'partselect' 'trunc_ln249_47' <Predicate = true> <Delay = 0.00>
ST_13 : Operation 242 [1/1] (0.00ns)   --->   "%trunc_ln249_48 = partselect i8 @_ssdm_op_PartSelect.i8.i512.i32.i32, i512 %gmem2_addr_read, i32 384, i32 391" [src/integrated-gcn/integrated_gcn_approx.cpp:249]   --->   Operation 242 'partselect' 'trunc_ln249_48' <Predicate = true> <Delay = 0.00>
ST_13 : Operation 243 [1/1] (0.00ns)   --->   "%trunc_ln249_49 = partselect i8 @_ssdm_op_PartSelect.i8.i512.i32.i32, i512 %gmem2_addr_read, i32 392, i32 399" [src/integrated-gcn/integrated_gcn_approx.cpp:249]   --->   Operation 243 'partselect' 'trunc_ln249_49' <Predicate = true> <Delay = 0.00>
ST_13 : Operation 244 [1/1] (0.00ns)   --->   "%trunc_ln249_50 = partselect i8 @_ssdm_op_PartSelect.i8.i512.i32.i32, i512 %gmem2_addr_read, i32 400, i32 407" [src/integrated-gcn/integrated_gcn_approx.cpp:249]   --->   Operation 244 'partselect' 'trunc_ln249_50' <Predicate = true> <Delay = 0.00>
ST_13 : Operation 245 [1/1] (0.00ns)   --->   "%trunc_ln249_51 = partselect i8 @_ssdm_op_PartSelect.i8.i512.i32.i32, i512 %gmem2_addr_read, i32 408, i32 415" [src/integrated-gcn/integrated_gcn_approx.cpp:249]   --->   Operation 245 'partselect' 'trunc_ln249_51' <Predicate = true> <Delay = 0.00>
ST_13 : Operation 246 [1/1] (0.00ns)   --->   "%trunc_ln249_52 = partselect i8 @_ssdm_op_PartSelect.i8.i512.i32.i32, i512 %gmem2_addr_read, i32 416, i32 423" [src/integrated-gcn/integrated_gcn_approx.cpp:249]   --->   Operation 246 'partselect' 'trunc_ln249_52' <Predicate = true> <Delay = 0.00>
ST_13 : Operation 247 [1/1] (0.00ns)   --->   "%trunc_ln249_53 = partselect i8 @_ssdm_op_PartSelect.i8.i512.i32.i32, i512 %gmem2_addr_read, i32 424, i32 431" [src/integrated-gcn/integrated_gcn_approx.cpp:249]   --->   Operation 247 'partselect' 'trunc_ln249_53' <Predicate = true> <Delay = 0.00>
ST_13 : Operation 248 [1/1] (0.00ns)   --->   "%trunc_ln249_54 = partselect i8 @_ssdm_op_PartSelect.i8.i512.i32.i32, i512 %gmem2_addr_read, i32 432, i32 439" [src/integrated-gcn/integrated_gcn_approx.cpp:249]   --->   Operation 248 'partselect' 'trunc_ln249_54' <Predicate = true> <Delay = 0.00>
ST_13 : Operation 249 [1/1] (0.00ns)   --->   "%trunc_ln249_55 = partselect i8 @_ssdm_op_PartSelect.i8.i512.i32.i32, i512 %gmem2_addr_read, i32 440, i32 447" [src/integrated-gcn/integrated_gcn_approx.cpp:249]   --->   Operation 249 'partselect' 'trunc_ln249_55' <Predicate = true> <Delay = 0.00>
ST_13 : Operation 250 [1/1] (0.00ns)   --->   "%trunc_ln249_56 = partselect i8 @_ssdm_op_PartSelect.i8.i512.i32.i32, i512 %gmem2_addr_read, i32 448, i32 455" [src/integrated-gcn/integrated_gcn_approx.cpp:249]   --->   Operation 250 'partselect' 'trunc_ln249_56' <Predicate = true> <Delay = 0.00>
ST_13 : Operation 251 [1/1] (0.00ns)   --->   "%trunc_ln249_57 = partselect i8 @_ssdm_op_PartSelect.i8.i512.i32.i32, i512 %gmem2_addr_read, i32 456, i32 463" [src/integrated-gcn/integrated_gcn_approx.cpp:249]   --->   Operation 251 'partselect' 'trunc_ln249_57' <Predicate = true> <Delay = 0.00>
ST_13 : Operation 252 [1/1] (0.00ns)   --->   "%trunc_ln249_58 = partselect i8 @_ssdm_op_PartSelect.i8.i512.i32.i32, i512 %gmem2_addr_read, i32 464, i32 471" [src/integrated-gcn/integrated_gcn_approx.cpp:249]   --->   Operation 252 'partselect' 'trunc_ln249_58' <Predicate = true> <Delay = 0.00>
ST_13 : Operation 253 [1/1] (0.00ns)   --->   "%trunc_ln249_59 = partselect i8 @_ssdm_op_PartSelect.i8.i512.i32.i32, i512 %gmem2_addr_read, i32 472, i32 479" [src/integrated-gcn/integrated_gcn_approx.cpp:249]   --->   Operation 253 'partselect' 'trunc_ln249_59' <Predicate = true> <Delay = 0.00>
ST_13 : Operation 254 [1/1] (0.00ns)   --->   "%trunc_ln249_60 = partselect i8 @_ssdm_op_PartSelect.i8.i512.i32.i32, i512 %gmem2_addr_read, i32 480, i32 487" [src/integrated-gcn/integrated_gcn_approx.cpp:249]   --->   Operation 254 'partselect' 'trunc_ln249_60' <Predicate = true> <Delay = 0.00>
ST_13 : Operation 255 [1/1] (0.00ns)   --->   "%trunc_ln249_61 = partselect i8 @_ssdm_op_PartSelect.i8.i512.i32.i32, i512 %gmem2_addr_read, i32 488, i32 495" [src/integrated-gcn/integrated_gcn_approx.cpp:249]   --->   Operation 255 'partselect' 'trunc_ln249_61' <Predicate = true> <Delay = 0.00>
ST_13 : Operation 256 [1/1] (0.00ns)   --->   "%trunc_ln249_62 = partselect i8 @_ssdm_op_PartSelect.i8.i512.i32.i32, i512 %gmem2_addr_read, i32 496, i32 503" [src/integrated-gcn/integrated_gcn_approx.cpp:249]   --->   Operation 256 'partselect' 'trunc_ln249_62' <Predicate = true> <Delay = 0.00>
ST_13 : Operation 257 [1/1] (0.00ns)   --->   "%trunc_ln249_63 = partselect i8 @_ssdm_op_PartSelect.i8.i512.i32.i32, i512 %gmem2_addr_read, i32 504, i32 511" [src/integrated-gcn/integrated_gcn_approx.cpp:249]   --->   Operation 257 'partselect' 'trunc_ln249_63' <Predicate = true> <Delay = 0.00>

State 14 <SV = 13> <Delay = 0.67>
ST_14 : Operation 258 [1/1] ( I:0.67ns O:0.67ns )   --->   "%store_ln252 = store i8 %trunc_ln249, i1 %h_buf_addr" [src/integrated-gcn/integrated_gcn_approx.cpp:252]   --->   Operation 258 'store' 'store_ln252' <Predicate = true> <Delay = 0.67> <CoreInst = "RAM">   --->   Core 82 'RAM' <Latency = 1> <II = 1> <Delay = 0.67> <Storage> <Opcode : 'load' 'store'> <Ports = 2> <Width = 8> <Depth = 2> <RAM>
ST_14 : Operation 259 [1/1] ( I:0.67ns O:0.67ns )   --->   "%store_ln252 = store i8 %trunc_ln249_32, i1 %h_buf_addr_1" [src/integrated-gcn/integrated_gcn_approx.cpp:252]   --->   Operation 259 'store' 'store_ln252' <Predicate = true> <Delay = 0.67> <CoreInst = "RAM">   --->   Core 82 'RAM' <Latency = 1> <II = 1> <Delay = 0.67> <Storage> <Opcode : 'load' 'store'> <Ports = 2> <Width = 8> <Depth = 2> <RAM>
ST_14 : Operation 260 [1/1] ( I:0.67ns O:0.67ns )   --->   "%store_ln252 = store i8 %trunc_ln249_1, i1 %h_buf_1_addr" [src/integrated-gcn/integrated_gcn_approx.cpp:252]   --->   Operation 260 'store' 'store_ln252' <Predicate = true> <Delay = 0.67> <CoreInst = "RAM">   --->   Core 82 'RAM' <Latency = 1> <II = 1> <Delay = 0.67> <Storage> <Opcode : 'load' 'store'> <Ports = 2> <Width = 8> <Depth = 2> <RAM>
ST_14 : Operation 261 [1/1] ( I:0.67ns O:0.67ns )   --->   "%store_ln252 = store i8 %trunc_ln249_33, i1 %h_buf_1_addr_1" [src/integrated-gcn/integrated_gcn_approx.cpp:252]   --->   Operation 261 'store' 'store_ln252' <Predicate = true> <Delay = 0.67> <CoreInst = "RAM">   --->   Core 82 'RAM' <Latency = 1> <II = 1> <Delay = 0.67> <Storage> <Opcode : 'load' 'store'> <Ports = 2> <Width = 8> <Depth = 2> <RAM>
ST_14 : Operation 262 [1/1] ( I:0.67ns O:0.67ns )   --->   "%store_ln252 = store i8 %trunc_ln249_2, i1 %h_buf_2_addr" [src/integrated-gcn/integrated_gcn_approx.cpp:252]   --->   Operation 262 'store' 'store_ln252' <Predicate = true> <Delay = 0.67> <CoreInst = "RAM">   --->   Core 82 'RAM' <Latency = 1> <II = 1> <Delay = 0.67> <Storage> <Opcode : 'load' 'store'> <Ports = 2> <Width = 8> <Depth = 2> <RAM>
ST_14 : Operation 263 [1/1] ( I:0.67ns O:0.67ns )   --->   "%store_ln252 = store i8 %trunc_ln249_34, i1 %h_buf_2_addr_1" [src/integrated-gcn/integrated_gcn_approx.cpp:252]   --->   Operation 263 'store' 'store_ln252' <Predicate = true> <Delay = 0.67> <CoreInst = "RAM">   --->   Core 82 'RAM' <Latency = 1> <II = 1> <Delay = 0.67> <Storage> <Opcode : 'load' 'store'> <Ports = 2> <Width = 8> <Depth = 2> <RAM>
ST_14 : Operation 264 [1/1] ( I:0.67ns O:0.67ns )   --->   "%store_ln252 = store i8 %trunc_ln249_3, i1 %h_buf_3_addr" [src/integrated-gcn/integrated_gcn_approx.cpp:252]   --->   Operation 264 'store' 'store_ln252' <Predicate = true> <Delay = 0.67> <CoreInst = "RAM">   --->   Core 82 'RAM' <Latency = 1> <II = 1> <Delay = 0.67> <Storage> <Opcode : 'load' 'store'> <Ports = 2> <Width = 8> <Depth = 2> <RAM>
ST_14 : Operation 265 [1/1] ( I:0.67ns O:0.67ns )   --->   "%store_ln252 = store i8 %trunc_ln249_35, i1 %h_buf_3_addr_1" [src/integrated-gcn/integrated_gcn_approx.cpp:252]   --->   Operation 265 'store' 'store_ln252' <Predicate = true> <Delay = 0.67> <CoreInst = "RAM">   --->   Core 82 'RAM' <Latency = 1> <II = 1> <Delay = 0.67> <Storage> <Opcode : 'load' 'store'> <Ports = 2> <Width = 8> <Depth = 2> <RAM>
ST_14 : Operation 266 [1/1] ( I:0.67ns O:0.67ns )   --->   "%store_ln252 = store i8 %trunc_ln249_4, i1 %h_buf_4_addr" [src/integrated-gcn/integrated_gcn_approx.cpp:252]   --->   Operation 266 'store' 'store_ln252' <Predicate = true> <Delay = 0.67> <CoreInst = "RAM">   --->   Core 82 'RAM' <Latency = 1> <II = 1> <Delay = 0.67> <Storage> <Opcode : 'load' 'store'> <Ports = 2> <Width = 8> <Depth = 2> <RAM>
ST_14 : Operation 267 [1/1] ( I:0.67ns O:0.67ns )   --->   "%store_ln252 = store i8 %trunc_ln249_36, i1 %h_buf_4_addr_1" [src/integrated-gcn/integrated_gcn_approx.cpp:252]   --->   Operation 267 'store' 'store_ln252' <Predicate = true> <Delay = 0.67> <CoreInst = "RAM">   --->   Core 82 'RAM' <Latency = 1> <II = 1> <Delay = 0.67> <Storage> <Opcode : 'load' 'store'> <Ports = 2> <Width = 8> <Depth = 2> <RAM>
ST_14 : Operation 268 [1/1] ( I:0.67ns O:0.67ns )   --->   "%store_ln252 = store i8 %trunc_ln249_5, i1 %h_buf_5_addr" [src/integrated-gcn/integrated_gcn_approx.cpp:252]   --->   Operation 268 'store' 'store_ln252' <Predicate = true> <Delay = 0.67> <CoreInst = "RAM">   --->   Core 82 'RAM' <Latency = 1> <II = 1> <Delay = 0.67> <Storage> <Opcode : 'load' 'store'> <Ports = 2> <Width = 8> <Depth = 2> <RAM>
ST_14 : Operation 269 [1/1] ( I:0.67ns O:0.67ns )   --->   "%store_ln252 = store i8 %trunc_ln249_37, i1 %h_buf_5_addr_1" [src/integrated-gcn/integrated_gcn_approx.cpp:252]   --->   Operation 269 'store' 'store_ln252' <Predicate = true> <Delay = 0.67> <CoreInst = "RAM">   --->   Core 82 'RAM' <Latency = 1> <II = 1> <Delay = 0.67> <Storage> <Opcode : 'load' 'store'> <Ports = 2> <Width = 8> <Depth = 2> <RAM>
ST_14 : Operation 270 [1/1] ( I:0.67ns O:0.67ns )   --->   "%store_ln252 = store i8 %trunc_ln249_6, i1 %h_buf_6_addr" [src/integrated-gcn/integrated_gcn_approx.cpp:252]   --->   Operation 270 'store' 'store_ln252' <Predicate = true> <Delay = 0.67> <CoreInst = "RAM">   --->   Core 82 'RAM' <Latency = 1> <II = 1> <Delay = 0.67> <Storage> <Opcode : 'load' 'store'> <Ports = 2> <Width = 8> <Depth = 2> <RAM>
ST_14 : Operation 271 [1/1] ( I:0.67ns O:0.67ns )   --->   "%store_ln252 = store i8 %trunc_ln249_38, i1 %h_buf_6_addr_1" [src/integrated-gcn/integrated_gcn_approx.cpp:252]   --->   Operation 271 'store' 'store_ln252' <Predicate = true> <Delay = 0.67> <CoreInst = "RAM">   --->   Core 82 'RAM' <Latency = 1> <II = 1> <Delay = 0.67> <Storage> <Opcode : 'load' 'store'> <Ports = 2> <Width = 8> <Depth = 2> <RAM>
ST_14 : Operation 272 [1/1] ( I:0.67ns O:0.67ns )   --->   "%store_ln252 = store i8 %trunc_ln249_7, i1 %h_buf_7_addr" [src/integrated-gcn/integrated_gcn_approx.cpp:252]   --->   Operation 272 'store' 'store_ln252' <Predicate = true> <Delay = 0.67> <CoreInst = "RAM">   --->   Core 82 'RAM' <Latency = 1> <II = 1> <Delay = 0.67> <Storage> <Opcode : 'load' 'store'> <Ports = 2> <Width = 8> <Depth = 2> <RAM>
ST_14 : Operation 273 [1/1] ( I:0.67ns O:0.67ns )   --->   "%store_ln252 = store i8 %trunc_ln249_39, i1 %h_buf_7_addr_1" [src/integrated-gcn/integrated_gcn_approx.cpp:252]   --->   Operation 273 'store' 'store_ln252' <Predicate = true> <Delay = 0.67> <CoreInst = "RAM">   --->   Core 82 'RAM' <Latency = 1> <II = 1> <Delay = 0.67> <Storage> <Opcode : 'load' 'store'> <Ports = 2> <Width = 8> <Depth = 2> <RAM>
ST_14 : Operation 274 [1/1] ( I:0.67ns O:0.67ns )   --->   "%store_ln252 = store i8 %trunc_ln249_8, i1 %h_buf_8_addr" [src/integrated-gcn/integrated_gcn_approx.cpp:252]   --->   Operation 274 'store' 'store_ln252' <Predicate = true> <Delay = 0.67> <CoreInst = "RAM">   --->   Core 82 'RAM' <Latency = 1> <II = 1> <Delay = 0.67> <Storage> <Opcode : 'load' 'store'> <Ports = 2> <Width = 8> <Depth = 2> <RAM>
ST_14 : Operation 275 [1/1] ( I:0.67ns O:0.67ns )   --->   "%store_ln252 = store i8 %trunc_ln249_40, i1 %h_buf_8_addr_1" [src/integrated-gcn/integrated_gcn_approx.cpp:252]   --->   Operation 275 'store' 'store_ln252' <Predicate = true> <Delay = 0.67> <CoreInst = "RAM">   --->   Core 82 'RAM' <Latency = 1> <II = 1> <Delay = 0.67> <Storage> <Opcode : 'load' 'store'> <Ports = 2> <Width = 8> <Depth = 2> <RAM>
ST_14 : Operation 276 [1/1] ( I:0.67ns O:0.67ns )   --->   "%store_ln252 = store i8 %trunc_ln249_9, i1 %h_buf_9_addr" [src/integrated-gcn/integrated_gcn_approx.cpp:252]   --->   Operation 276 'store' 'store_ln252' <Predicate = true> <Delay = 0.67> <CoreInst = "RAM">   --->   Core 82 'RAM' <Latency = 1> <II = 1> <Delay = 0.67> <Storage> <Opcode : 'load' 'store'> <Ports = 2> <Width = 8> <Depth = 2> <RAM>
ST_14 : Operation 277 [1/1] ( I:0.67ns O:0.67ns )   --->   "%store_ln252 = store i8 %trunc_ln249_41, i1 %h_buf_9_addr_1" [src/integrated-gcn/integrated_gcn_approx.cpp:252]   --->   Operation 277 'store' 'store_ln252' <Predicate = true> <Delay = 0.67> <CoreInst = "RAM">   --->   Core 82 'RAM' <Latency = 1> <II = 1> <Delay = 0.67> <Storage> <Opcode : 'load' 'store'> <Ports = 2> <Width = 8> <Depth = 2> <RAM>
ST_14 : Operation 278 [1/1] ( I:0.67ns O:0.67ns )   --->   "%store_ln252 = store i8 %trunc_ln249_10, i1 %h_buf_10_addr" [src/integrated-gcn/integrated_gcn_approx.cpp:252]   --->   Operation 278 'store' 'store_ln252' <Predicate = true> <Delay = 0.67> <CoreInst = "RAM">   --->   Core 82 'RAM' <Latency = 1> <II = 1> <Delay = 0.67> <Storage> <Opcode : 'load' 'store'> <Ports = 2> <Width = 8> <Depth = 2> <RAM>
ST_14 : Operation 279 [1/1] ( I:0.67ns O:0.67ns )   --->   "%store_ln252 = store i8 %trunc_ln249_42, i1 %h_buf_10_addr_1" [src/integrated-gcn/integrated_gcn_approx.cpp:252]   --->   Operation 279 'store' 'store_ln252' <Predicate = true> <Delay = 0.67> <CoreInst = "RAM">   --->   Core 82 'RAM' <Latency = 1> <II = 1> <Delay = 0.67> <Storage> <Opcode : 'load' 'store'> <Ports = 2> <Width = 8> <Depth = 2> <RAM>
ST_14 : Operation 280 [1/1] ( I:0.67ns O:0.67ns )   --->   "%store_ln252 = store i8 %trunc_ln249_11, i1 %h_buf_11_addr" [src/integrated-gcn/integrated_gcn_approx.cpp:252]   --->   Operation 280 'store' 'store_ln252' <Predicate = true> <Delay = 0.67> <CoreInst = "RAM">   --->   Core 82 'RAM' <Latency = 1> <II = 1> <Delay = 0.67> <Storage> <Opcode : 'load' 'store'> <Ports = 2> <Width = 8> <Depth = 2> <RAM>
ST_14 : Operation 281 [1/1] ( I:0.67ns O:0.67ns )   --->   "%store_ln252 = store i8 %trunc_ln249_43, i1 %h_buf_11_addr_1" [src/integrated-gcn/integrated_gcn_approx.cpp:252]   --->   Operation 281 'store' 'store_ln252' <Predicate = true> <Delay = 0.67> <CoreInst = "RAM">   --->   Core 82 'RAM' <Latency = 1> <II = 1> <Delay = 0.67> <Storage> <Opcode : 'load' 'store'> <Ports = 2> <Width = 8> <Depth = 2> <RAM>
ST_14 : Operation 282 [1/1] ( I:0.67ns O:0.67ns )   --->   "%store_ln252 = store i8 %trunc_ln249_12, i1 %h_buf_12_addr" [src/integrated-gcn/integrated_gcn_approx.cpp:252]   --->   Operation 282 'store' 'store_ln252' <Predicate = true> <Delay = 0.67> <CoreInst = "RAM">   --->   Core 82 'RAM' <Latency = 1> <II = 1> <Delay = 0.67> <Storage> <Opcode : 'load' 'store'> <Ports = 2> <Width = 8> <Depth = 2> <RAM>
ST_14 : Operation 283 [1/1] ( I:0.67ns O:0.67ns )   --->   "%store_ln252 = store i8 %trunc_ln249_44, i1 %h_buf_12_addr_1" [src/integrated-gcn/integrated_gcn_approx.cpp:252]   --->   Operation 283 'store' 'store_ln252' <Predicate = true> <Delay = 0.67> <CoreInst = "RAM">   --->   Core 82 'RAM' <Latency = 1> <II = 1> <Delay = 0.67> <Storage> <Opcode : 'load' 'store'> <Ports = 2> <Width = 8> <Depth = 2> <RAM>
ST_14 : Operation 284 [1/1] ( I:0.67ns O:0.67ns )   --->   "%store_ln252 = store i8 %trunc_ln249_13, i1 %h_buf_13_addr" [src/integrated-gcn/integrated_gcn_approx.cpp:252]   --->   Operation 284 'store' 'store_ln252' <Predicate = true> <Delay = 0.67> <CoreInst = "RAM">   --->   Core 82 'RAM' <Latency = 1> <II = 1> <Delay = 0.67> <Storage> <Opcode : 'load' 'store'> <Ports = 2> <Width = 8> <Depth = 2> <RAM>
ST_14 : Operation 285 [1/1] ( I:0.67ns O:0.67ns )   --->   "%store_ln252 = store i8 %trunc_ln249_45, i1 %h_buf_13_addr_1" [src/integrated-gcn/integrated_gcn_approx.cpp:252]   --->   Operation 285 'store' 'store_ln252' <Predicate = true> <Delay = 0.67> <CoreInst = "RAM">   --->   Core 82 'RAM' <Latency = 1> <II = 1> <Delay = 0.67> <Storage> <Opcode : 'load' 'store'> <Ports = 2> <Width = 8> <Depth = 2> <RAM>
ST_14 : Operation 286 [1/1] ( I:0.67ns O:0.67ns )   --->   "%store_ln252 = store i8 %trunc_ln249_14, i1 %h_buf_14_addr" [src/integrated-gcn/integrated_gcn_approx.cpp:252]   --->   Operation 286 'store' 'store_ln252' <Predicate = true> <Delay = 0.67> <CoreInst = "RAM">   --->   Core 82 'RAM' <Latency = 1> <II = 1> <Delay = 0.67> <Storage> <Opcode : 'load' 'store'> <Ports = 2> <Width = 8> <Depth = 2> <RAM>
ST_14 : Operation 287 [1/1] ( I:0.67ns O:0.67ns )   --->   "%store_ln252 = store i8 %trunc_ln249_46, i1 %h_buf_14_addr_1" [src/integrated-gcn/integrated_gcn_approx.cpp:252]   --->   Operation 287 'store' 'store_ln252' <Predicate = true> <Delay = 0.67> <CoreInst = "RAM">   --->   Core 82 'RAM' <Latency = 1> <II = 1> <Delay = 0.67> <Storage> <Opcode : 'load' 'store'> <Ports = 2> <Width = 8> <Depth = 2> <RAM>
ST_14 : Operation 288 [1/1] ( I:0.67ns O:0.67ns )   --->   "%store_ln252 = store i8 %trunc_ln249_15, i1 %h_buf_15_addr" [src/integrated-gcn/integrated_gcn_approx.cpp:252]   --->   Operation 288 'store' 'store_ln252' <Predicate = true> <Delay = 0.67> <CoreInst = "RAM">   --->   Core 82 'RAM' <Latency = 1> <II = 1> <Delay = 0.67> <Storage> <Opcode : 'load' 'store'> <Ports = 2> <Width = 8> <Depth = 2> <RAM>
ST_14 : Operation 289 [1/1] ( I:0.67ns O:0.67ns )   --->   "%store_ln252 = store i8 %trunc_ln249_47, i1 %h_buf_15_addr_1" [src/integrated-gcn/integrated_gcn_approx.cpp:252]   --->   Operation 289 'store' 'store_ln252' <Predicate = true> <Delay = 0.67> <CoreInst = "RAM">   --->   Core 82 'RAM' <Latency = 1> <II = 1> <Delay = 0.67> <Storage> <Opcode : 'load' 'store'> <Ports = 2> <Width = 8> <Depth = 2> <RAM>
ST_14 : Operation 290 [1/1] ( I:0.67ns O:0.67ns )   --->   "%store_ln252 = store i8 %trunc_ln249_16, i1 %h_buf_16_addr" [src/integrated-gcn/integrated_gcn_approx.cpp:252]   --->   Operation 290 'store' 'store_ln252' <Predicate = true> <Delay = 0.67> <CoreInst = "RAM">   --->   Core 82 'RAM' <Latency = 1> <II = 1> <Delay = 0.67> <Storage> <Opcode : 'load' 'store'> <Ports = 2> <Width = 8> <Depth = 2> <RAM>
ST_14 : Operation 291 [1/1] ( I:0.67ns O:0.67ns )   --->   "%store_ln252 = store i8 %trunc_ln249_48, i1 %h_buf_16_addr_1" [src/integrated-gcn/integrated_gcn_approx.cpp:252]   --->   Operation 291 'store' 'store_ln252' <Predicate = true> <Delay = 0.67> <CoreInst = "RAM">   --->   Core 82 'RAM' <Latency = 1> <II = 1> <Delay = 0.67> <Storage> <Opcode : 'load' 'store'> <Ports = 2> <Width = 8> <Depth = 2> <RAM>
ST_14 : Operation 292 [1/1] ( I:0.67ns O:0.67ns )   --->   "%store_ln252 = store i8 %trunc_ln249_17, i1 %h_buf_17_addr" [src/integrated-gcn/integrated_gcn_approx.cpp:252]   --->   Operation 292 'store' 'store_ln252' <Predicate = true> <Delay = 0.67> <CoreInst = "RAM">   --->   Core 82 'RAM' <Latency = 1> <II = 1> <Delay = 0.67> <Storage> <Opcode : 'load' 'store'> <Ports = 2> <Width = 8> <Depth = 2> <RAM>
ST_14 : Operation 293 [1/1] ( I:0.67ns O:0.67ns )   --->   "%store_ln252 = store i8 %trunc_ln249_49, i1 %h_buf_17_addr_1" [src/integrated-gcn/integrated_gcn_approx.cpp:252]   --->   Operation 293 'store' 'store_ln252' <Predicate = true> <Delay = 0.67> <CoreInst = "RAM">   --->   Core 82 'RAM' <Latency = 1> <II = 1> <Delay = 0.67> <Storage> <Opcode : 'load' 'store'> <Ports = 2> <Width = 8> <Depth = 2> <RAM>
ST_14 : Operation 294 [1/1] ( I:0.67ns O:0.67ns )   --->   "%store_ln252 = store i8 %trunc_ln249_18, i1 %h_buf_18_addr" [src/integrated-gcn/integrated_gcn_approx.cpp:252]   --->   Operation 294 'store' 'store_ln252' <Predicate = true> <Delay = 0.67> <CoreInst = "RAM">   --->   Core 82 'RAM' <Latency = 1> <II = 1> <Delay = 0.67> <Storage> <Opcode : 'load' 'store'> <Ports = 2> <Width = 8> <Depth = 2> <RAM>
ST_14 : Operation 295 [1/1] ( I:0.67ns O:0.67ns )   --->   "%store_ln252 = store i8 %trunc_ln249_50, i1 %h_buf_18_addr_1" [src/integrated-gcn/integrated_gcn_approx.cpp:252]   --->   Operation 295 'store' 'store_ln252' <Predicate = true> <Delay = 0.67> <CoreInst = "RAM">   --->   Core 82 'RAM' <Latency = 1> <II = 1> <Delay = 0.67> <Storage> <Opcode : 'load' 'store'> <Ports = 2> <Width = 8> <Depth = 2> <RAM>
ST_14 : Operation 296 [1/1] ( I:0.67ns O:0.67ns )   --->   "%store_ln252 = store i8 %trunc_ln249_19, i1 %h_buf_19_addr" [src/integrated-gcn/integrated_gcn_approx.cpp:252]   --->   Operation 296 'store' 'store_ln252' <Predicate = true> <Delay = 0.67> <CoreInst = "RAM">   --->   Core 82 'RAM' <Latency = 1> <II = 1> <Delay = 0.67> <Storage> <Opcode : 'load' 'store'> <Ports = 2> <Width = 8> <Depth = 2> <RAM>
ST_14 : Operation 297 [1/1] ( I:0.67ns O:0.67ns )   --->   "%store_ln252 = store i8 %trunc_ln249_51, i1 %h_buf_19_addr_1" [src/integrated-gcn/integrated_gcn_approx.cpp:252]   --->   Operation 297 'store' 'store_ln252' <Predicate = true> <Delay = 0.67> <CoreInst = "RAM">   --->   Core 82 'RAM' <Latency = 1> <II = 1> <Delay = 0.67> <Storage> <Opcode : 'load' 'store'> <Ports = 2> <Width = 8> <Depth = 2> <RAM>
ST_14 : Operation 298 [1/1] ( I:0.67ns O:0.67ns )   --->   "%store_ln252 = store i8 %trunc_ln249_20, i1 %h_buf_20_addr" [src/integrated-gcn/integrated_gcn_approx.cpp:252]   --->   Operation 298 'store' 'store_ln252' <Predicate = true> <Delay = 0.67> <CoreInst = "RAM">   --->   Core 82 'RAM' <Latency = 1> <II = 1> <Delay = 0.67> <Storage> <Opcode : 'load' 'store'> <Ports = 2> <Width = 8> <Depth = 2> <RAM>
ST_14 : Operation 299 [1/1] ( I:0.67ns O:0.67ns )   --->   "%store_ln252 = store i8 %trunc_ln249_52, i1 %h_buf_20_addr_1" [src/integrated-gcn/integrated_gcn_approx.cpp:252]   --->   Operation 299 'store' 'store_ln252' <Predicate = true> <Delay = 0.67> <CoreInst = "RAM">   --->   Core 82 'RAM' <Latency = 1> <II = 1> <Delay = 0.67> <Storage> <Opcode : 'load' 'store'> <Ports = 2> <Width = 8> <Depth = 2> <RAM>
ST_14 : Operation 300 [1/1] ( I:0.67ns O:0.67ns )   --->   "%store_ln252 = store i8 %trunc_ln249_21, i1 %h_buf_21_addr" [src/integrated-gcn/integrated_gcn_approx.cpp:252]   --->   Operation 300 'store' 'store_ln252' <Predicate = true> <Delay = 0.67> <CoreInst = "RAM">   --->   Core 82 'RAM' <Latency = 1> <II = 1> <Delay = 0.67> <Storage> <Opcode : 'load' 'store'> <Ports = 2> <Width = 8> <Depth = 2> <RAM>
ST_14 : Operation 301 [1/1] ( I:0.67ns O:0.67ns )   --->   "%store_ln252 = store i8 %trunc_ln249_53, i1 %h_buf_21_addr_1" [src/integrated-gcn/integrated_gcn_approx.cpp:252]   --->   Operation 301 'store' 'store_ln252' <Predicate = true> <Delay = 0.67> <CoreInst = "RAM">   --->   Core 82 'RAM' <Latency = 1> <II = 1> <Delay = 0.67> <Storage> <Opcode : 'load' 'store'> <Ports = 2> <Width = 8> <Depth = 2> <RAM>
ST_14 : Operation 302 [1/1] ( I:0.67ns O:0.67ns )   --->   "%store_ln252 = store i8 %trunc_ln249_22, i1 %h_buf_22_addr" [src/integrated-gcn/integrated_gcn_approx.cpp:252]   --->   Operation 302 'store' 'store_ln252' <Predicate = true> <Delay = 0.67> <CoreInst = "RAM">   --->   Core 82 'RAM' <Latency = 1> <II = 1> <Delay = 0.67> <Storage> <Opcode : 'load' 'store'> <Ports = 2> <Width = 8> <Depth = 2> <RAM>
ST_14 : Operation 303 [1/1] ( I:0.67ns O:0.67ns )   --->   "%store_ln252 = store i8 %trunc_ln249_54, i1 %h_buf_22_addr_1" [src/integrated-gcn/integrated_gcn_approx.cpp:252]   --->   Operation 303 'store' 'store_ln252' <Predicate = true> <Delay = 0.67> <CoreInst = "RAM">   --->   Core 82 'RAM' <Latency = 1> <II = 1> <Delay = 0.67> <Storage> <Opcode : 'load' 'store'> <Ports = 2> <Width = 8> <Depth = 2> <RAM>
ST_14 : Operation 304 [1/1] ( I:0.67ns O:0.67ns )   --->   "%store_ln252 = store i8 %trunc_ln249_23, i1 %h_buf_23_addr" [src/integrated-gcn/integrated_gcn_approx.cpp:252]   --->   Operation 304 'store' 'store_ln252' <Predicate = true> <Delay = 0.67> <CoreInst = "RAM">   --->   Core 82 'RAM' <Latency = 1> <II = 1> <Delay = 0.67> <Storage> <Opcode : 'load' 'store'> <Ports = 2> <Width = 8> <Depth = 2> <RAM>
ST_14 : Operation 305 [1/1] ( I:0.67ns O:0.67ns )   --->   "%store_ln252 = store i8 %trunc_ln249_55, i1 %h_buf_23_addr_1" [src/integrated-gcn/integrated_gcn_approx.cpp:252]   --->   Operation 305 'store' 'store_ln252' <Predicate = true> <Delay = 0.67> <CoreInst = "RAM">   --->   Core 82 'RAM' <Latency = 1> <II = 1> <Delay = 0.67> <Storage> <Opcode : 'load' 'store'> <Ports = 2> <Width = 8> <Depth = 2> <RAM>
ST_14 : Operation 306 [1/1] ( I:0.67ns O:0.67ns )   --->   "%store_ln252 = store i8 %trunc_ln249_24, i1 %h_buf_24_addr" [src/integrated-gcn/integrated_gcn_approx.cpp:252]   --->   Operation 306 'store' 'store_ln252' <Predicate = true> <Delay = 0.67> <CoreInst = "RAM">   --->   Core 82 'RAM' <Latency = 1> <II = 1> <Delay = 0.67> <Storage> <Opcode : 'load' 'store'> <Ports = 2> <Width = 8> <Depth = 2> <RAM>
ST_14 : Operation 307 [1/1] ( I:0.67ns O:0.67ns )   --->   "%store_ln252 = store i8 %trunc_ln249_56, i1 %h_buf_24_addr_1" [src/integrated-gcn/integrated_gcn_approx.cpp:252]   --->   Operation 307 'store' 'store_ln252' <Predicate = true> <Delay = 0.67> <CoreInst = "RAM">   --->   Core 82 'RAM' <Latency = 1> <II = 1> <Delay = 0.67> <Storage> <Opcode : 'load' 'store'> <Ports = 2> <Width = 8> <Depth = 2> <RAM>
ST_14 : Operation 308 [1/1] ( I:0.67ns O:0.67ns )   --->   "%store_ln252 = store i8 %trunc_ln249_25, i1 %h_buf_25_addr" [src/integrated-gcn/integrated_gcn_approx.cpp:252]   --->   Operation 308 'store' 'store_ln252' <Predicate = true> <Delay = 0.67> <CoreInst = "RAM">   --->   Core 82 'RAM' <Latency = 1> <II = 1> <Delay = 0.67> <Storage> <Opcode : 'load' 'store'> <Ports = 2> <Width = 8> <Depth = 2> <RAM>
ST_14 : Operation 309 [1/1] ( I:0.67ns O:0.67ns )   --->   "%store_ln252 = store i8 %trunc_ln249_57, i1 %h_buf_25_addr_1" [src/integrated-gcn/integrated_gcn_approx.cpp:252]   --->   Operation 309 'store' 'store_ln252' <Predicate = true> <Delay = 0.67> <CoreInst = "RAM">   --->   Core 82 'RAM' <Latency = 1> <II = 1> <Delay = 0.67> <Storage> <Opcode : 'load' 'store'> <Ports = 2> <Width = 8> <Depth = 2> <RAM>
ST_14 : Operation 310 [1/1] ( I:0.67ns O:0.67ns )   --->   "%store_ln252 = store i8 %trunc_ln249_26, i1 %h_buf_26_addr" [src/integrated-gcn/integrated_gcn_approx.cpp:252]   --->   Operation 310 'store' 'store_ln252' <Predicate = true> <Delay = 0.67> <CoreInst = "RAM">   --->   Core 82 'RAM' <Latency = 1> <II = 1> <Delay = 0.67> <Storage> <Opcode : 'load' 'store'> <Ports = 2> <Width = 8> <Depth = 2> <RAM>
ST_14 : Operation 311 [1/1] ( I:0.67ns O:0.67ns )   --->   "%store_ln252 = store i8 %trunc_ln249_58, i1 %h_buf_26_addr_1" [src/integrated-gcn/integrated_gcn_approx.cpp:252]   --->   Operation 311 'store' 'store_ln252' <Predicate = true> <Delay = 0.67> <CoreInst = "RAM">   --->   Core 82 'RAM' <Latency = 1> <II = 1> <Delay = 0.67> <Storage> <Opcode : 'load' 'store'> <Ports = 2> <Width = 8> <Depth = 2> <RAM>
ST_14 : Operation 312 [1/1] ( I:0.67ns O:0.67ns )   --->   "%store_ln252 = store i8 %trunc_ln249_27, i1 %h_buf_27_addr" [src/integrated-gcn/integrated_gcn_approx.cpp:252]   --->   Operation 312 'store' 'store_ln252' <Predicate = true> <Delay = 0.67> <CoreInst = "RAM">   --->   Core 82 'RAM' <Latency = 1> <II = 1> <Delay = 0.67> <Storage> <Opcode : 'load' 'store'> <Ports = 2> <Width = 8> <Depth = 2> <RAM>
ST_14 : Operation 313 [1/1] ( I:0.67ns O:0.67ns )   --->   "%store_ln252 = store i8 %trunc_ln249_59, i1 %h_buf_27_addr_1" [src/integrated-gcn/integrated_gcn_approx.cpp:252]   --->   Operation 313 'store' 'store_ln252' <Predicate = true> <Delay = 0.67> <CoreInst = "RAM">   --->   Core 82 'RAM' <Latency = 1> <II = 1> <Delay = 0.67> <Storage> <Opcode : 'load' 'store'> <Ports = 2> <Width = 8> <Depth = 2> <RAM>
ST_14 : Operation 314 [1/1] ( I:0.67ns O:0.67ns )   --->   "%store_ln252 = store i8 %trunc_ln249_28, i1 %h_buf_28_addr" [src/integrated-gcn/integrated_gcn_approx.cpp:252]   --->   Operation 314 'store' 'store_ln252' <Predicate = true> <Delay = 0.67> <CoreInst = "RAM">   --->   Core 82 'RAM' <Latency = 1> <II = 1> <Delay = 0.67> <Storage> <Opcode : 'load' 'store'> <Ports = 2> <Width = 8> <Depth = 2> <RAM>
ST_14 : Operation 315 [1/1] ( I:0.67ns O:0.67ns )   --->   "%store_ln252 = store i8 %trunc_ln249_60, i1 %h_buf_28_addr_1" [src/integrated-gcn/integrated_gcn_approx.cpp:252]   --->   Operation 315 'store' 'store_ln252' <Predicate = true> <Delay = 0.67> <CoreInst = "RAM">   --->   Core 82 'RAM' <Latency = 1> <II = 1> <Delay = 0.67> <Storage> <Opcode : 'load' 'store'> <Ports = 2> <Width = 8> <Depth = 2> <RAM>
ST_14 : Operation 316 [1/1] ( I:0.67ns O:0.67ns )   --->   "%store_ln252 = store i8 %trunc_ln249_29, i1 %h_buf_29_addr" [src/integrated-gcn/integrated_gcn_approx.cpp:252]   --->   Operation 316 'store' 'store_ln252' <Predicate = true> <Delay = 0.67> <CoreInst = "RAM">   --->   Core 82 'RAM' <Latency = 1> <II = 1> <Delay = 0.67> <Storage> <Opcode : 'load' 'store'> <Ports = 2> <Width = 8> <Depth = 2> <RAM>
ST_14 : Operation 317 [1/1] ( I:0.67ns O:0.67ns )   --->   "%store_ln252 = store i8 %trunc_ln249_61, i1 %h_buf_29_addr_1" [src/integrated-gcn/integrated_gcn_approx.cpp:252]   --->   Operation 317 'store' 'store_ln252' <Predicate = true> <Delay = 0.67> <CoreInst = "RAM">   --->   Core 82 'RAM' <Latency = 1> <II = 1> <Delay = 0.67> <Storage> <Opcode : 'load' 'store'> <Ports = 2> <Width = 8> <Depth = 2> <RAM>
ST_14 : Operation 318 [1/1] ( I:0.67ns O:0.67ns )   --->   "%store_ln252 = store i8 %trunc_ln249_30, i1 %h_buf_30_addr" [src/integrated-gcn/integrated_gcn_approx.cpp:252]   --->   Operation 318 'store' 'store_ln252' <Predicate = true> <Delay = 0.67> <CoreInst = "RAM">   --->   Core 82 'RAM' <Latency = 1> <II = 1> <Delay = 0.67> <Storage> <Opcode : 'load' 'store'> <Ports = 2> <Width = 8> <Depth = 2> <RAM>
ST_14 : Operation 319 [1/1] ( I:0.67ns O:0.67ns )   --->   "%store_ln252 = store i8 %trunc_ln249_62, i1 %h_buf_30_addr_1" [src/integrated-gcn/integrated_gcn_approx.cpp:252]   --->   Operation 319 'store' 'store_ln252' <Predicate = true> <Delay = 0.67> <CoreInst = "RAM">   --->   Core 82 'RAM' <Latency = 1> <II = 1> <Delay = 0.67> <Storage> <Opcode : 'load' 'store'> <Ports = 2> <Width = 8> <Depth = 2> <RAM>
ST_14 : Operation 320 [1/1] ( I:0.67ns O:0.67ns )   --->   "%store_ln252 = store i8 %trunc_ln249_31, i1 %h_buf_31_addr" [src/integrated-gcn/integrated_gcn_approx.cpp:252]   --->   Operation 320 'store' 'store_ln252' <Predicate = true> <Delay = 0.67> <CoreInst = "RAM">   --->   Core 82 'RAM' <Latency = 1> <II = 1> <Delay = 0.67> <Storage> <Opcode : 'load' 'store'> <Ports = 2> <Width = 8> <Depth = 2> <RAM>
ST_14 : Operation 321 [1/1] ( I:0.67ns O:0.67ns )   --->   "%store_ln252 = store i8 %trunc_ln249_63, i1 %h_buf_31_addr_1" [src/integrated-gcn/integrated_gcn_approx.cpp:252]   --->   Operation 321 'store' 'store_ln252' <Predicate = true> <Delay = 0.67> <CoreInst = "RAM">   --->   Core 82 'RAM' <Latency = 1> <II = 1> <Delay = 0.67> <Storage> <Opcode : 'load' 'store'> <Ports = 2> <Width = 8> <Depth = 2> <RAM>

State 15 <SV = 14> <Delay = 0.00>
ST_15 : Operation 322 [2/2] (0.00ns)   --->   "%call_ln244 = call void @spmm_compute_Pipeline_SPMM_MAC, i16 %acc_31, i16 %acc_30, i16 %acc_29, i16 %acc_28, i16 %acc_27, i16 %acc_26, i16 %acc_25, i16 %acc_24, i16 %acc_23, i16 %acc_22, i16 %acc_21, i16 %acc_20, i16 %acc_19, i16 %acc_18, i16 %acc_17, i16 %acc_16, i16 %acc_15, i16 %acc_14, i16 %acc_13, i16 %acc_12, i16 %acc_11, i16 %acc_10, i16 %acc_9, i16 %acc_8, i16 %acc_7, i16 %acc_6, i16 %acc_5, i16 %acc_4, i16 %acc_3, i16 %acc_2, i16 %acc_1, i16 %acc, i8 %h_buf, i8 %bits_a, i8 %h_buf_1, i8 %h_buf_2, i8 %h_buf_3, i8 %h_buf_4, i8 %h_buf_5, i8 %h_buf_6, i8 %h_buf_7, i8 %h_buf_8, i8 %h_buf_9, i8 %h_buf_10, i8 %h_buf_11, i8 %h_buf_12, i8 %h_buf_13, i8 %h_buf_14, i8 %h_buf_15, i8 %h_buf_16, i8 %h_buf_17, i8 %h_buf_18, i8 %h_buf_19, i8 %h_buf_20, i8 %h_buf_21, i8 %h_buf_22, i8 %h_buf_23, i8 %h_buf_24, i8 %h_buf_25, i8 %h_buf_26, i8 %h_buf_27, i8 %h_buf_28, i8 %h_buf_29, i8 %h_buf_30, i8 %h_buf_31" [src/integrated-gcn/integrated_gcn_approx.cpp:244]   --->   Operation 322 'call' 'call_ln244' <Predicate = true> <Delay = 0.00> <CoreType = "Generic">   --->   Generic Core

State 16 <SV = 15> <Delay = 0.00>
ST_16 : Operation 323 [1/1] (0.00ns)   --->   "%speclooptripcount_ln241 = speclooptripcount void @_ssdm_op_SpecLoopTripCount, i64 1, i64 168, i64 4" [src/integrated-gcn/integrated_gcn_approx.cpp:241]   --->   Operation 323 'speclooptripcount' 'speclooptripcount_ln241' <Predicate = true> <Delay = 0.00>
ST_16 : Operation 324 [1/1] (0.00ns)   --->   "%specloopname_ln240 = specloopname void @_ssdm_op_SpecLoopName, void @empty_26" [src/integrated-gcn/integrated_gcn_approx.cpp:240]   --->   Operation 324 'specloopname' 'specloopname_ln240' <Predicate = true> <Delay = 0.00>
ST_16 : Operation 325 [1/2] (0.00ns)   --->   "%call_ln244 = call void @spmm_compute_Pipeline_SPMM_MAC, i16 %acc_31, i16 %acc_30, i16 %acc_29, i16 %acc_28, i16 %acc_27, i16 %acc_26, i16 %acc_25, i16 %acc_24, i16 %acc_23, i16 %acc_22, i16 %acc_21, i16 %acc_20, i16 %acc_19, i16 %acc_18, i16 %acc_17, i16 %acc_16, i16 %acc_15, i16 %acc_14, i16 %acc_13, i16 %acc_12, i16 %acc_11, i16 %acc_10, i16 %acc_9, i16 %acc_8, i16 %acc_7, i16 %acc_6, i16 %acc_5, i16 %acc_4, i16 %acc_3, i16 %acc_2, i16 %acc_1, i16 %acc, i8 %h_buf, i8 %bits_a, i8 %h_buf_1, i8 %h_buf_2, i8 %h_buf_3, i8 %h_buf_4, i8 %h_buf_5, i8 %h_buf_6, i8 %h_buf_7, i8 %h_buf_8, i8 %h_buf_9, i8 %h_buf_10, i8 %h_buf_11, i8 %h_buf_12, i8 %h_buf_13, i8 %h_buf_14, i8 %h_buf_15, i8 %h_buf_16, i8 %h_buf_17, i8 %h_buf_18, i8 %h_buf_19, i8 %h_buf_20, i8 %h_buf_21, i8 %h_buf_22, i8 %h_buf_23, i8 %h_buf_24, i8 %h_buf_25, i8 %h_buf_26, i8 %h_buf_27, i8 %h_buf_28, i8 %h_buf_29, i8 %h_buf_30, i8 %h_buf_31" [src/integrated-gcn/integrated_gcn_approx.cpp:244]   --->   Operation 325 'call' 'call_ln244' <Predicate = true> <Delay = 0.00> <CoreType = "Generic">   --->   Generic Core
ST_16 : Operation 326 [1/1] (0.00ns)   --->   "%br_ln240 = br void %SPMM_LOAD_H" [src/integrated-gcn/integrated_gcn_approx.cpp:240]   --->   Operation 326 'br' 'br_ln240' <Predicate = true> <Delay = 0.00>

State 17 <SV = 4> <Delay = 1.62>
ST_17 : Operation 327 [1/2] (1.62ns)   --->   "%call_ln0 = call void @spmm_compute_Pipeline_SPMM_WRITE, i16 %acc, i16 %acc_1, i16 %acc_2, i16 %acc_3, i16 %acc_4, i16 %acc_5, i16 %acc_6, i16 %acc_7, i16 %acc_8, i16 %acc_9, i16 %acc_10, i16 %acc_11, i16 %acc_12, i16 %acc_13, i16 %acc_14, i16 %acc_15, i16 %acc_16, i16 %acc_17, i16 %acc_18, i16 %acc_19, i16 %acc_20, i16 %acc_21, i16 %acc_22, i16 %acc_23, i16 %acc_24, i16 %acc_25, i16 %acc_26, i16 %acc_27, i16 %acc_28, i16 %acc_29, i16 %acc_30, i16 %acc_31, i8 %result_fifo"   --->   Operation 327 'call' 'call_ln0' <Predicate = true> <Delay = 1.62> <CoreType = "Generic">   --->   Generic Core
ST_17 : Operation 328 [1/1] (0.00ns)   --->   "%br_ln228 = br void %SPMM_INIT" [src/integrated-gcn/integrated_gcn_approx.cpp:228]   --->   Operation 328 'br' 'br_ln228' <Predicate = true> <Delay = 0.00>


============================================================
+ Verbose Summary: Timing violations
============================================================
Target clock period: 10.000ns, clock uncertainty: 2.700ns.

 <State 1>: 0.427ns
The critical path consists of the following:
	'alloca' operation 12 bit ('i', src/integrated-gcn/integrated_gcn_approx.cpp:228) [7]  (0.000 ns)
	'store' operation ('store_ln228', src/integrated-gcn/integrated_gcn_approx.cpp:228) of constant 0 12 bit on local variable 'i', src/integrated-gcn/integrated_gcn_approx.cpp:228 [144]  (0.427 ns)

 <State 2>: 0.809ns
The critical path consists of the following:
	'load' operation 12 bit ('i', src/integrated-gcn/integrated_gcn_approx.cpp:228) on local variable 'i', src/integrated-gcn/integrated_gcn_approx.cpp:228 [147]  (0.000 ns)
	'icmp' operation 1 bit ('icmp_ln228', src/integrated-gcn/integrated_gcn_approx.cpp:228) [148]  (0.809 ns)

 <State 3>: 2.044ns
The critical path consists of the following:
	fifo read operation ('rl', src/integrated-gcn/integrated_gcn_approx.cpp:230) on port 'row_fifo' (src/integrated-gcn/integrated_gcn_approx.cpp:230) [154]  (2.044 ns)

 <State 4>: 2.740ns
The critical path consists of the following:
	'phi' operation 31 bit ('jj', src/integrated-gcn/integrated_gcn_approx.cpp:240) with incoming values : ('add_ln240', src/integrated-gcn/integrated_gcn_approx.cpp:240) [159]  (0.000 ns)
	'icmp' operation 1 bit ('icmp_ln240', src/integrated-gcn/integrated_gcn_approx.cpp:240) [161]  (1.016 ns)
	fifo read operation ('col', src/integrated-gcn/integrated_gcn_approx.cpp:243) on port 'col_fifo' (src/integrated-gcn/integrated_gcn_approx.cpp:243) [167]  (1.655 ns)
	'add' operation 64 bit ('add_ln249', src/integrated-gcn/integrated_gcn_approx.cpp:249) [171]  (1.085 ns)

 <State 5>: 7.300ns
The critical path consists of the following:
	'getelementptr' operation 512 bit ('gmem2_addr', src/integrated-gcn/integrated_gcn_approx.cpp:249) [174]  (0.000 ns)
	bus request operation ('gmem2_load_req', src/integrated-gcn/integrated_gcn_approx.cpp:249) on port 'gmem2' (src/integrated-gcn/integrated_gcn_approx.cpp:249) [175]  (0.000 ns)
	blocking operation 7.3 ns on control path)

 <State 6>: 0.000ns
The critical path consists of the following:

 <State 7>: 0.000ns
The critical path consists of the following:

 <State 8>: 0.000ns
The critical path consists of the following:

 <State 9>: 0.000ns
The critical path consists of the following:

 <State 10>: 0.000ns
The critical path consists of the following:

 <State 11>: 0.000ns
The critical path consists of the following:

 <State 12>: 7.300ns
The critical path consists of the following:
	bus request operation ('gmem2_load_req', src/integrated-gcn/integrated_gcn_approx.cpp:249) on port 'gmem2' (src/integrated-gcn/integrated_gcn_approx.cpp:249) [175]  (7.300 ns)

 <State 13>: 7.300ns
The critical path consists of the following:
	bus read operation ('gmem2_addr_read', src/integrated-gcn/integrated_gcn_approx.cpp:249) on port 'gmem2' (src/integrated-gcn/integrated_gcn_approx.cpp:249) [176]  (7.300 ns)

 <State 14>: 0.677ns
The critical path consists of the following:
	'store' operation ('store_ln252', src/integrated-gcn/integrated_gcn_approx.cpp:252) of variable 'trunc_ln249', src/integrated-gcn/integrated_gcn_approx.cpp:249 8 bit on array 'h_buf', src/integrated-gcn/integrated_gcn_approx.cpp:223 [241]  (0.677 ns)

 <State 15>: 0.000ns
The critical path consists of the following:

 <State 16>: 0.000ns
The critical path consists of the following:

 <State 17>: 1.627ns
The critical path consists of the following:
	'call' operation ('call_ln0') to 'spmm_compute_Pipeline_SPMM_WRITE' [309]  (1.627 ns)


============================================================
+ Verbose Summary: Binding
============================================================
N/A
* FSMD analyzer results:
  - Output states:
 - Input state : 
  - Chain level:
	State 1
	State 2
	State 3
	State 4
	State 5
	State 6
	State 7
	State 8
	State 9
	State 10
	State 11
	State 12
	State 13
	State 14
	State 15
	State 16
	State 17


============================================================
+ Verbose Summary: Datapath Resource usage 
============================================================
N/A
