Copyright 1986-2022 Xilinx, Inc. All Rights Reserved. Copyright 2022-2025 Advanced Micro Devices, Inc. All Rights Reserved.
---------------------------------------------------------------------------------------------------------------------------------------------
| Tool Version : Vivado v.2025.2 (lin64) Build 6299465 Fri Nov 14 12:34:56 MST 2025
| Date         : Wed Apr 15 15:12:51 2026
| Host         : nat-Yoga-Pro-9-16IAH10 running 64-bit Ubuntu 24.04.3 LTS
| Command      : report_control_sets -verbose -file bd_0_wrapper_control_sets_placed.rpt
| Design       : bd_0_wrapper
| Device       : xck26
---------------------------------------------------------------------------------------------------------------------------------------------

Control Set Information

Table of Contents
-----------------
1. Summary
2. Histogram
3. Flip-Flop Distribution
4. Detailed Control Set Information

1. Summary
----------

+----------------------------------------------------------+-------+
|                          Status                          | Count |
+----------------------------------------------------------+-------+
| Total control sets                                       |   254 |
|    Minimum number of control sets                        |   254 |
|    Addition due to synthesis replication                 |     0 |
|    Addition due to physical synthesis replication        |     0 |
| Unused register locations in slices containing registers |   314 |
+----------------------------------------------------------+-------+
* Control sets can be merged at opt_design using control_set_merge or merge_equivalent_drivers
** Run report_qor_suggestions for automated merging and remapping suggestions


2. Histogram
------------

+--------------------+-------+
|       Fanout       | Count |
+--------------------+-------+
| Total control sets |   254 |
| >= 0 to < 4        |    32 |
| >= 4 to < 6        |    65 |
| >= 6 to < 8        |     6 |
| >= 8 to < 10       |    30 |
| >= 10 to < 12      |     4 |
| >= 12 to < 14      |     3 |
| >= 14 to < 16      |     0 |
| >= 16              |   114 |
+--------------------+-------+
* Control sets can be remapped at either synth_design or opt_design


3. Flip-Flop Distribution
-------------------------

+--------------+-----------------------+------------------------+-----------------+--------------+
| Clock Enable | Synchronous Set/Reset | Asynchronous Set/Reset | Total Registers | Total Slices |
+--------------+-----------------------+------------------------+-----------------+--------------+
| No           | No                    | No                     |              28 |           22 |
| No           | No                    | Yes                    |               0 |            0 |
| No           | Yes                   | No                     |             260 |          129 |
| Yes          | No                    | No                     |            5100 |          695 |
| Yes          | No                    | Yes                    |               0 |            0 |
| Yes          | Yes                   | No                     |            4558 |          725 |
+--------------+-----------------------+------------------------+-----------------+--------------+


4. Detailed Control Set Information
-----------------------------------

+--------------+--------------------------------------------------------------------------------------------------------------------------------------------------------+------------------------------------------------------------------------------------------------------------------------------------------------------------------------------------------+------------------+----------------+--------------+
| Clock Signal |                                                                      Enable Signal                                                                     |                                                                                     Set/Reset Signal                                                                                     | Slice Load Count | Bel Load Count | Bels / Slice |
+--------------+--------------------------------------------------------------------------------------------------------------------------------------------------------+------------------------------------------------------------------------------------------------------------------------------------------------------------------------------------------+------------------+----------------+--------------+
|  ap_clk      | bd_0_i/hls_inst/inst/gmem0_m_axi_U/bus_read/rreq_burst_conv/burst_sequential/push_0                                                                    |                                                                                                                                                                                          |                1 |              1 |         1.00 |
|  ap_clk      | bd_0_i/hls_inst/inst/gmem0_m_axi_U/bus_read/ost_ctrl_gen[0].fifo_burst/U_fifo_srl/pop                                                                  | ap_rst_n                                                                                                                                                                                 |                1 |              1 |         1.00 |
|  ap_clk      | bd_0_i/hls_inst/inst/gmem3_m_axi_U/bus_read/rreq_burst_conv/burst_sequential/push                                                                      |                                                                                                                                                                                          |                1 |              1 |         1.00 |
|  ap_clk      | bd_0_i/hls_inst/inst/gmem3_m_axi_U/bus_read/ost_ctrl_gen[0].fifo_burst/U_fifo_srl/pop                                                                  | ap_rst_n                                                                                                                                                                                 |                1 |              1 |         1.00 |
|  ap_clk      | bd_0_i/hls_inst/inst/gmem1_m_axi_U/bus_read/rreq_burst_conv/burst_sequential/push_0                                                                    |                                                                                                                                                                                          |                1 |              1 |         1.00 |
|  ap_clk      | bd_0_i/hls_inst/inst/gmem1_m_axi_U/bus_read/ost_ctrl_gen[0].fifo_burst/U_fifo_srl/pop                                                                  | ap_rst_n                                                                                                                                                                                 |                1 |              1 |         1.00 |
|  ap_clk      | bd_0_i/hls_inst/inst/gmem4_m_axi_U/bus_write/fifo_resp_gen[0].fifo_resp/U_fifo_srl/pop                                                                 | ap_rst_n                                                                                                                                                                                 |                1 |              1 |         1.00 |
|  ap_clk      | bd_0_i/hls_inst/inst/gmem4_m_axi_U/bus_write/wreq_burst_conv/burst_sequential/push                                                                     |                                                                                                                                                                                          |                1 |              1 |         1.00 |
|  ap_clk      | bd_0_i/hls_inst/inst/gmem2_m_axi_U/bus_read/ost_ctrl_gen[0].fifo_burst/U_fifo_srl/pop                                                                  | ap_rst_n                                                                                                                                                                                 |                1 |              1 |         1.00 |
|  ap_clk      | bd_0_i/hls_inst/inst/gmem2_m_axi_U/bus_read/rreq_burst_conv/burst_sequential/push                                                                      |                                                                                                                                                                                          |                1 |              1 |         1.00 |
|  ap_clk      | bd_0_i/hls_inst/inst/gmem4_m_axi_U/store_unit_0/fifo_wrsp/U_fifo_srl/pop                                                                               | ap_rst_n                                                                                                                                                                                 |                1 |              1 |         1.00 |
|  ap_clk      | bd_0_i/hls_inst/inst/gmem4_m_axi_U/store_unit_0/fifo_wrsp/U_fifo_srl/pop_dout__0                                                                       |                                                                                                                                                                                          |                1 |              1 |         1.00 |
|  ap_clk      | bd_0_i/hls_inst/inst/spmm_load_csr_U0/grp_spmm_load_csr_Pipeline_LOAD_NNZ_fu_124/E[0]                                                                  | bd_0_i/hls_inst/inst/gmem2_m_axi_U/load_unit_0/bus_wide_gen.rs_rdata_int/data_p1_reg[32]_1                                                                                               |                1 |              2 |         2.00 |
|  ap_clk      | bd_0_i/hls_inst/inst/spmm_compute_U0/grp_spmm_compute_Pipeline_SPMM_LOAD_H_fu_470/flow_control_loop_pipe_sequential_init_U/v_fu_232[0]                 |                                                                                                                                                                                          |                1 |              2 |         2.00 |
|  ap_clk      | bd_0_i/hls_inst/inst/spmm_compute_U0/grp_spmm_compute_Pipeline_SPMM_MAC_fu_509/flow_control_loop_pipe_sequential_init_U/f_fu_1760                      |                                                                                                                                                                                          |                1 |              2 |         2.00 |
|  ap_clk      | bd_0_i/hls_inst/inst/spmm_compute_U0/grp_spmm_compute_Pipeline_SPMM_INIT_fu_396/flow_control_loop_pipe_sequential_init_U/E[0]                          |                                                                                                                                                                                          |                1 |              2 |         2.00 |
|  ap_clk      | bd_0_i/hls_inst/inst/H_out_c_U/addr[1]_i_1__0_n_9                                                                                                      | ap_rst_n                                                                                                                                                                                 |                1 |              2 |         2.00 |
|  ap_clk      | bd_0_i/hls_inst/inst/gmem4_m_axi_U/store_unit_0/fifo_wreq/raddr[1]_i_1__1_n_9                                                                          | ap_rst_n                                                                                                                                                                                 |                1 |              2 |         2.00 |
|  ap_clk      | bd_0_i/hls_inst/inst/gmem2_m_axi_U/load_unit_0/bus_wide_gen.rreq_offset/U_fifo_srl/pop                                                                 | ap_rst_n                                                                                                                                                                                 |                1 |              2 |         2.00 |
|  ap_clk      | bd_0_i/hls_inst/inst/gmem2_m_axi_U/load_unit_0/bus_wide_gen.rreq_offset/U_fifo_srl/push                                                                |                                                                                                                                                                                          |                1 |              2 |         2.00 |
|  ap_clk      |                                                                                                                                                        | bd_0_i/hls_inst/inst/spmm_load_csr_U0/grp_spmm_load_csr_Pipeline_LOAD_NNZ_fu_124/ap_block_pp0_stage0_subdone_grp1_done_reg_i_1_n_9                                                       |                1 |              2 |         2.00 |
|  ap_clk      | bd_0_i/hls_inst/inst/gmem0_m_axi_U/load_unit_0/fifo_rreq/raddr[2]_i_1__14_n_9                                                                          | ap_rst_n                                                                                                                                                                                 |                1 |              3 |         3.00 |
|  ap_clk      | bd_0_i/hls_inst/inst/start_for_spmm_store_U0_U/mOutPtr[2]_i_1__22_n_9                                                                                  | ap_rst_n                                                                                                                                                                                 |                1 |              3 |         3.00 |
|  ap_clk      | bd_0_i/hls_inst/inst/gmem3_m_axi_U/load_unit_0/fifo_rreq/raddr[2]_i_1__1_n_9                                                                           | ap_rst_n                                                                                                                                                                                 |                1 |              3 |         3.00 |
|  ap_clk      | bd_0_i/hls_inst/inst/H_out_c_U/mOutPtr[2]_i_1__21_n_9                                                                                                  | ap_rst_n                                                                                                                                                                                 |                1 |              3 |         3.00 |
|  ap_clk      | bd_0_i/hls_inst/inst/gmem4_m_axi_U/store_unit_0/fifo_wrsp/U_fifo_srl/E[0]                                                                              | ap_rst_n                                                                                                                                                                                 |                1 |              3 |         3.00 |
|  ap_clk      | bd_0_i/hls_inst/inst/gmem4_m_axi_U/store_unit_0/user_resp/mOutPtr[2]_i_1__3_n_9                                                                        | ap_rst_n                                                                                                                                                                                 |                1 |              3 |         3.00 |
|  ap_clk      | bd_0_i/hls_inst/inst/gmem2_m_axi_U/load_unit_0/fifo_rreq/raddr[2]_i_1__8_n_9                                                                           | ap_rst_n                                                                                                                                                                                 |                1 |              3 |         3.00 |
|  ap_clk      | bd_0_i/hls_inst/inst/gmem1_m_axi_U/load_unit_0/fifo_rreq/raddr[2]_i_1__11_n_9                                                                          | ap_rst_n                                                                                                                                                                                 |                1 |              3 |         3.00 |
|  ap_clk      | bd_0_i/hls_inst/inst/gmem4_m_axi_U/store_unit_0/fifo_wreq/mOutPtr[2]_i_1__8_n_9                                                                        | ap_rst_n                                                                                                                                                                                 |                1 |              3 |         3.00 |
|  ap_clk      |                                                                                                                                                        | bd_0_i/hls_inst/inst/entry_proc_U0/ap_sync_reg_spmm_load_csr_U0_ap_ready                                                                                                                 |                1 |              3 |         3.00 |
|  ap_clk      | bd_0_i/hls_inst/inst/gmem4_m_axi_U/store_unit_0/fifo_wreq/num_data_cnt[2]_i_1__8_n_9                                                                   | ap_rst_n                                                                                                                                                                                 |                2 |              3 |         1.50 |
|  ap_clk      | bd_0_i/hls_inst/inst/gmem4_m_axi_U/bus_write/wreq_burst_conv/burst_sequential/could_multi_bursts.burst_addr[9]                                         | ap_rst_n                                                                                                                                                                                 |                1 |              4 |         4.00 |
|  ap_clk      | bd_0_i/hls_inst/inst/gmem2_m_axi_U/load_unit_0/bus_wide_gen.rreq_offset/U_fifo_srl/raddr_reg[3][0]                                                     | ap_rst_n                                                                                                                                                                                 |                1 |              4 |         4.00 |
|  ap_clk      | bd_0_i/hls_inst/inst/gmem2_m_axi_U/bus_read/rreq_burst_conv/burst_sequential/could_multi_bursts.burst_len[3]_i_1_n_9                                   | ap_rst_n                                                                                                                                                                                 |                1 |              4 |         4.00 |
|  ap_clk      | bd_0_i/hls_inst/inst/gmem2_m_axi_U/bus_read/ost_ctrl_gen[0].fifo_burst/raddr[3]_i_1__7_n_9                                                             | ap_rst_n                                                                                                                                                                                 |                1 |              4 |         4.00 |
|  ap_clk      | bd_0_i/hls_inst/inst/gmem2_m_axi_U/bus_read/rreq_burst_conv/burst_sequential/could_multi_bursts.burst_addr[5]                                          | ap_rst_n                                                                                                                                                                                 |                1 |              4 |         4.00 |
|  ap_clk      | bd_0_i/hls_inst/inst/gmem4_m_axi_U/bus_write/wreq_burst_conv/burst_sequential/could_multi_bursts.last_loop                                             | ap_rst_n                                                                                                                                                                                 |                2 |              4 |         2.00 |
|  ap_clk      | bd_0_i/hls_inst/inst/gmem4_m_axi_U/bus_write/wreq_burst_conv/burst_sequential/could_multi_bursts.burst_len[3]_i_1_n_9                                  | ap_rst_n                                                                                                                                                                                 |                1 |              4 |         4.00 |
|  ap_clk      | bd_0_i/hls_inst/inst/result_fifo_U/addr[4]_i_1_n_9                                                                                                     | ap_rst_n                                                                                                                                                                                 |                2 |              4 |         2.00 |
|  ap_clk      | bd_0_i/hls_inst/inst/gmem4_m_axi_U/store_unit_0/fifo_wrsp/U_fifo_srl/raddr_reg[3][0]                                                                   | ap_rst_n                                                                                                                                                                                 |                2 |              4 |         2.00 |
|  ap_clk      | bd_0_i/hls_inst/inst/gmem4_m_axi_U/store_unit_0/conservative_gen.fifo_burst/U_fifo_srl/dout_vld_reg                                                    | ap_rst_n                                                                                                                                                                                 |                1 |              4 |         4.00 |
|  ap_clk      | bd_0_i/hls_inst/inst/gmem4_m_axi_U/store_unit_0/conservative_gen.fifo_burst/U_fifo_srl/pop                                                             | ap_rst_n                                                                                                                                                                                 |                1 |              4 |         4.00 |
|  ap_clk      | bd_0_i/hls_inst/inst/gmem4_m_axi_U/store_unit_0/conservative_gen.fifo_burst/U_fifo_srl/push_0                                                          |                                                                                                                                                                                          |                1 |              4 |         4.00 |
|  ap_clk      | bd_0_i/hls_inst/inst/gmem1_m_axi_U/bus_read/ost_ctrl_gen[0].fifo_burst/raddr[3]_i_1__9_n_9                                                             | ap_rst_n                                                                                                                                                                                 |                1 |              4 |         4.00 |
|  ap_clk      | bd_0_i/hls_inst/inst/gmem4_m_axi_U/store_unit_0/conservative_gen.fifo_burst/U_fifo_srl/dout_vld_reg_0[0]                                               | ap_rst_n                                                                                                                                                                                 |                2 |              4 |         2.00 |
|  ap_clk      | bd_0_i/hls_inst/inst/gmem1_m_axi_U/bus_read/rreq_burst_conv/burst_sequential/could_multi_bursts.burst_addr[5]                                          | ap_rst_n                                                                                                                                                                                 |                1 |              4 |         4.00 |
|  ap_clk      | bd_0_i/hls_inst/inst/gmem1_m_axi_U/bus_read/rreq_burst_conv/burst_sequential/could_multi_bursts.burst_len[3]_i_1__0_n_9                                | ap_rst_n                                                                                                                                                                                 |                1 |              4 |         4.00 |
|  ap_clk      | bd_0_i/hls_inst/inst/gmem4_m_axi_U/bus_write/fifo_resp_gen[0].fifo_resp/raddr[3]_i_1_n_9                                                               | ap_rst_n                                                                                                                                                                                 |                1 |              4 |         4.00 |
|  ap_clk      | bd_0_i/hls_inst/inst/gmem3_m_axi_U/load_unit_0/fifo_rreq/mOutPtr[3]_i_1__1_n_9                                                                         | ap_rst_n                                                                                                                                                                                 |                1 |              4 |         4.00 |
|  ap_clk      | bd_0_i/hls_inst/inst/gmem2_m_axi_U/load_unit_0/fifo_rreq/mOutPtr[3]_i_1__8_n_9                                                                         | ap_rst_n                                                                                                                                                                                 |                1 |              4 |         4.00 |
|  ap_clk      | bd_0_i/hls_inst/inst/gmem2_m_axi_U/load_unit_0/fifo_rreq/num_data_cnt[3]_i_1__8_n_9                                                                    | ap_rst_n                                                                                                                                                                                 |                1 |              4 |         4.00 |
|  ap_clk      | bd_0_i/hls_inst/inst/gmem1_m_axi_U/load_unit_0/fifo_rreq/mOutPtr[3]_i_1__11_n_9                                                                        | ap_rst_n                                                                                                                                                                                 |                1 |              4 |         4.00 |
|  ap_clk      | bd_0_i/hls_inst/inst/gmem1_m_axi_U/load_unit_0/fifo_rreq/num_data_cnt[3]_i_1__11_n_9                                                                   | ap_rst_n                                                                                                                                                                                 |                1 |              4 |         4.00 |
|  ap_clk      | bd_0_i/hls_inst/inst/gmem3_m_axi_U/bus_read/ost_ctrl_gen[0].fifo_burst/raddr[3]_i_1__3_n_9                                                             | ap_rst_n                                                                                                                                                                                 |                1 |              4 |         4.00 |
|  ap_clk      | bd_0_i/hls_inst/inst/gmem3_m_axi_U/bus_read/rreq_burst_conv/burst_sequential/could_multi_bursts.burst_addr[9]_i_1__0_n_9                               | ap_rst_n                                                                                                                                                                                 |                1 |              4 |         4.00 |
|  ap_clk      | bd_0_i/hls_inst/inst/gmem3_m_axi_U/bus_read/rreq_burst_conv/burst_sequential/could_multi_bursts.burst_len[3]_i_1_n_9                                   | ap_rst_n                                                                                                                                                                                 |                1 |              4 |         4.00 |
|  ap_clk      | bd_0_i/hls_inst/inst/gmem3_m_axi_U/bus_read/rreq_burst_conv/burst_sequential/could_multi_bursts.last_loop                                              | ap_rst_n                                                                                                                                                                                 |                1 |              4 |         4.00 |
|  ap_clk      | bd_0_i/hls_inst/inst/gmem0_m_axi_U/bus_read/rreq_burst_conv/burst_sequential/could_multi_bursts.burst_addr[5]                                          | ap_rst_n                                                                                                                                                                                 |                2 |              4 |         2.00 |
|  ap_clk      | bd_0_i/hls_inst/inst/gmem0_m_axi_U/bus_read/ost_ctrl_gen[0].fifo_burst/raddr[3]_i_1__11_n_9                                                            | ap_rst_n                                                                                                                                                                                 |                1 |              4 |         4.00 |
|  ap_clk      | bd_0_i/hls_inst/inst/gmem4_m_axi_U/bus_write/wreq_throttle/fifo_burst_gen[0].fifo_req/raddr[3]_i_1__0_n_9                                              | ap_rst_n                                                                                                                                                                                 |                1 |              4 |         4.00 |
|  ap_clk      | bd_0_i/hls_inst/inst/gmem4_m_axi_U/bus_write/wreq_throttle/rs_burst/load_p1                                                                            |                                                                                                                                                                                          |                1 |              4 |         4.00 |
|  ap_clk      | bd_0_i/hls_inst/inst/gmem0_m_axi_U/bus_read/rreq_burst_conv/burst_sequential/could_multi_bursts.burst_len[3]_i_1__1_n_9                                | ap_rst_n                                                                                                                                                                                 |                1 |              4 |         4.00 |
|  ap_clk      | bd_0_i/hls_inst/inst/gmem4_m_axi_U/store_unit_0/conservative_gen.local_BURST_WVALID_reg_0[0]                                                           |                                                                                                                                                                                          |                1 |              4 |         4.00 |
|  ap_clk      | bd_0_i/hls_inst/inst/gmem0_m_axi_U/load_unit_0/fifo_rreq/num_data_cnt[3]_i_1__14_n_9                                                                   | ap_rst_n                                                                                                                                                                                 |                1 |              4 |         4.00 |
|  ap_clk      | bd_0_i/hls_inst/inst/gmem0_m_axi_U/load_unit_0/fifo_rreq/mOutPtr[3]_i_1__14_n_9                                                                        | ap_rst_n                                                                                                                                                                                 |                1 |              4 |         4.00 |
|  ap_clk      | bd_0_i/hls_inst/inst/gmem3_m_axi_U/load_unit_0/fifo_rreq/num_data_cnt[3]_i_1__1_n_9                                                                    | ap_rst_n                                                                                                                                                                                 |                1 |              4 |         4.00 |
|  ap_clk      | bd_0_i/hls_inst/inst/gmem2_m_axi_U/load_unit_0/bus_wide_gen.rreq_offset/U_fifo_srl/E[0]                                                                | ap_rst_n                                                                                                                                                                                 |                1 |              5 |         5.00 |
|  ap_clk      | bd_0_i/hls_inst/inst/gmem4_m_axi_U/bus_write/wreq_throttle/fifo_burst_gen[0].fifo_req/mOutPtr[4]_i_1__0_n_9                                            | ap_rst_n                                                                                                                                                                                 |                1 |              5 |         5.00 |
|  ap_clk      | bd_0_i/hls_inst/inst/gmem0_m_axi_U/bus_read/ost_ctrl_gen[0].fifo_rctl/num_data_cnt                                                                     | ap_rst_n                                                                                                                                                                                 |                1 |              5 |         5.00 |
|  ap_clk      | bd_0_i/hls_inst/inst/gmem4_m_axi_U/store_unit_0/fifo_wrsp/U_fifo_srl/full_n_reg_0[0]                                                                   | ap_rst_n                                                                                                                                                                                 |                2 |              5 |         2.50 |
|  ap_clk      | bd_0_i/hls_inst/inst/gmem0_m_axi_U/bus_read/ost_ctrl_gen[0].fifo_rctl/mOutPtr                                                                          | ap_rst_n                                                                                                                                                                                 |                1 |              5 |         5.00 |
|  ap_clk      | bd_0_i/hls_inst/inst/gmem4_m_axi_U/store_unit_0/fifo_wrsp/U_fifo_srl/full_n_reg_1[0]                                                                   | ap_rst_n                                                                                                                                                                                 |                3 |              5 |         1.67 |
|  ap_clk      | bd_0_i/hls_inst/inst/gmem4_m_axi_U/store_unit_0/conservative_gen.fifo_burst/U_fifo_srl/full_n_reg[0]                                                   | ap_rst_n                                                                                                                                                                                 |                1 |              5 |         5.00 |
|  ap_clk      | bd_0_i/hls_inst/inst/gmem0_m_axi_U/bus_read/ost_ctrl_gen[0].fifo_burst/num_data_cnt[4]_i_1__11_n_9                                                     | ap_rst_n                                                                                                                                                                                 |                1 |              5 |         5.00 |
|  ap_clk      | bd_0_i/hls_inst/inst/gmem0_m_axi_U/bus_read/ost_ctrl_gen[0].fifo_burst/mOutPtr[4]_i_1__11_n_9                                                          | ap_rst_n                                                                                                                                                                                 |                1 |              5 |         5.00 |
|  ap_clk      | bd_0_i/hls_inst/inst/control_s_axi_U/waddr                                                                                                             |                                                                                                                                                                                          |                2 |              5 |         2.50 |
|  ap_clk      | bd_0_i/hls_inst/inst/gmem1_m_axi_U/bus_read/ost_ctrl_gen[0].fifo_burst/mOutPtr[4]_i_1__9_n_9                                                           | ap_rst_n                                                                                                                                                                                 |                1 |              5 |         5.00 |
|  ap_clk      | bd_0_i/hls_inst/inst/gmem1_m_axi_U/bus_read/ost_ctrl_gen[0].fifo_burst/num_data_cnt[4]_i_1__9_n_9                                                      | ap_rst_n                                                                                                                                                                                 |                1 |              5 |         5.00 |
|  ap_clk      | bd_0_i/hls_inst/inst/gmem2_m_axi_U/load_unit_0/bus_wide_gen.rreq_offset/U_fifo_srl/full_n_reg[0]                                                       | ap_rst_n                                                                                                                                                                                 |                1 |              5 |         5.00 |
|  ap_clk      | bd_0_i/hls_inst/inst/gmem1_m_axi_U/bus_read/ost_ctrl_gen[0].fifo_rctl/mOutPtr                                                                          | ap_rst_n                                                                                                                                                                                 |                1 |              5 |         5.00 |
|  ap_clk      | bd_0_i/hls_inst/inst/gmem1_m_axi_U/bus_read/ost_ctrl_gen[0].fifo_rctl/num_data_cnt                                                                     | ap_rst_n                                                                                                                                                                                 |                1 |              5 |         5.00 |
|  ap_clk      | bd_0_i/hls_inst/inst/gmem3_m_axi_U/bus_read/ost_ctrl_gen[0].fifo_rctl/num_data_cnt                                                                     | ap_rst_n                                                                                                                                                                                 |                1 |              5 |         5.00 |
|  ap_clk      | bd_0_i/hls_inst/inst/gmem3_m_axi_U/bus_read/ost_ctrl_gen[0].fifo_rctl/mOutPtr                                                                          | ap_rst_n                                                                                                                                                                                 |                2 |              5 |         2.50 |
|  ap_clk      | bd_0_i/hls_inst/inst/gmem3_m_axi_U/bus_read/ost_ctrl_gen[0].fifo_burst/num_data_cnt[4]_i_1__3_n_9                                                      | ap_rst_n                                                                                                                                                                                 |                1 |              5 |         5.00 |
|  ap_clk      | bd_0_i/hls_inst/inst/gmem3_m_axi_U/bus_read/ost_ctrl_gen[0].fifo_burst/mOutPtr[4]_i_1__3_n_9                                                           | ap_rst_n                                                                                                                                                                                 |                1 |              5 |         5.00 |
|  ap_clk      | bd_0_i/hls_inst/inst/gmem4_m_axi_U/store_unit_0/conservative_gen.fifo_burst/U_fifo_srl/E[0]                                                            | ap_rst_n                                                                                                                                                                                 |                2 |              5 |         2.50 |
|  ap_clk      | bd_0_i/hls_inst/inst/gmem4_m_axi_U/bus_write/wreq_throttle/fifo_burst_gen[0].fifo_req/num_data_cnt[4]_i_1__0_n_9                                       | ap_rst_n                                                                                                                                                                                 |                1 |              5 |         5.00 |
|  ap_clk      | bd_0_i/hls_inst/inst/gmem2_m_axi_U/bus_read/ost_ctrl_gen[0].fifo_rctl/mOutPtr                                                                          | ap_rst_n                                                                                                                                                                                 |                1 |              5 |         5.00 |
|  ap_clk      | bd_0_i/hls_inst/inst/gmem2_m_axi_U/bus_read/ost_ctrl_gen[0].fifo_burst/num_data_cnt[4]_i_1__7_n_9                                                      | ap_rst_n                                                                                                                                                                                 |                1 |              5 |         5.00 |
|  ap_clk      | bd_0_i/hls_inst/inst/gmem2_m_axi_U/bus_read/ost_ctrl_gen[0].fifo_rctl/num_data_cnt                                                                     | ap_rst_n                                                                                                                                                                                 |                2 |              5 |         2.50 |
|  ap_clk      | bd_0_i/hls_inst/inst/gmem2_m_axi_U/bus_read/ost_ctrl_gen[0].fifo_burst/mOutPtr[4]_i_1__7_n_9                                                           | ap_rst_n                                                                                                                                                                                 |                1 |              5 |         5.00 |
|  ap_clk      | bd_0_i/hls_inst/inst/gmem4_m_axi_U/bus_write/fifo_resp_gen[0].fifo_resp/mOutPtr[4]_i_1_n_9                                                             | ap_rst_n                                                                                                                                                                                 |                1 |              5 |         5.00 |
|  ap_clk      | bd_0_i/hls_inst/inst/gmem4_m_axi_U/bus_write/fifo_resp_gen[0].fifo_resp/num_data_cnt[4]_i_1_n_9                                                        | ap_rst_n                                                                                                                                                                                 |                1 |              5 |         5.00 |
|  ap_clk      | bd_0_i/hls_inst/inst/row_fifo_U/mOutPtr[4]_i_1__13_n_9                                                                                                 | ap_rst_n                                                                                                                                                                                 |                1 |              5 |         5.00 |
|  ap_clk      | bd_0_i/hls_inst/inst/result_fifo_U/ap_block_pp0_stage0_subdone                                                                                         | bd_0_i/hls_inst/inst/spmm_compute_U0/grp_spmm_compute_Pipeline_SPMM_WRITE_fu_432/flow_control_loop_pipe_sequential_init_U/grp_spmm_compute_Pipeline_SPMM_WRITE_fu_432_ap_start_reg_reg_0 |                2 |              5 |         2.50 |
|  ap_clk      |                                                                                                                                                        | bd_0_i/hls_inst/inst/gmem4_m_axi_U/store_unit_0/buff_wdata/U_fifo_srl/SR[0]                                                                                                              |                5 |              5 |         1.00 |
|  ap_clk      | bd_0_i/hls_inst/inst/gmem4_m_axi_U/bus_write/wreq_burst_conv/burst_sequential/rs_req/E[0]                                                              | bd_0_i/hls_inst/inst/gmem4_m_axi_U/bus_write/wreq_burst_conv/burst_sequential/sect_addr_buf[11]_i_1__2_n_9                                                                               |                2 |              6 |         3.00 |
|  ap_clk      | bd_0_i/hls_inst/inst/spmm_store_U0/ap_enable_reg_pp0_iter4_reg_0[0]                                                                                    | ap_rst_n                                                                                                                                                                                 |                1 |              6 |         6.00 |
|  ap_clk      | bd_0_i/hls_inst/inst/gmem3_m_axi_U/bus_read/rreq_burst_conv/burst_sequential/rs_req/p_17_in                                                            | bd_0_i/hls_inst/inst/gmem3_m_axi_U/bus_read/rreq_burst_conv/burst_sequential/sect_addr_buf[11]_i_1__3_n_9                                                                                |                2 |              6 |         3.00 |
|  ap_clk      | bd_0_i/hls_inst/inst/spmm_store_U0/ap_enable_reg_pp0_iter4_reg_1[0]                                                                                    | ap_rst_n                                                                                                                                                                                 |                1 |              6 |         6.00 |
|  ap_clk      | bd_0_i/hls_inst/inst/result_fifo_U/mOutPtr[5]_i_1__0_n_9                                                                                               | ap_rst_n                                                                                                                                                                                 |                2 |              6 |         3.00 |
|  ap_clk      | bd_0_i/hls_inst/inst/spmm_compute_U0/grp_spmm_compute_Pipeline_SPMM_WRITE_fu_432/flow_control_loop_pipe_sequential_init_U/E[0]                         | bd_0_i/hls_inst/inst/spmm_compute_U0/grp_spmm_compute_Pipeline_SPMM_WRITE_fu_432/flow_control_loop_pipe_sequential_init_U/SR[0]                                                          |                3 |              7 |         2.33 |
|  ap_clk      | bd_0_i/hls_inst/inst/gmem2_m_axi_U/bus_read/rreq_burst_conv/burst_sequential/could_multi_bursts.last_loop                                              | ap_rst_n                                                                                                                                                                                 |                3 |              8 |         2.67 |
|  ap_clk      | bd_0_i/hls_inst/inst/spmm_load_csr_U0/grp_spmm_load_csr_Pipeline_LOAD_NNZ_fu_124/pop                                                                   | ap_rst_n                                                                                                                                                                                 |                2 |              8 |         4.00 |
|  ap_clk      | bd_0_i/hls_inst/inst/gmem1_m_axi_U/load_unit_0/buff_rdata/U_fifo_mem/E[0]                                                                              | ap_rst_n                                                                                                                                                                                 |                2 |              8 |         4.00 |
|  ap_clk      | bd_0_i/hls_inst/inst/gmem4_m_axi_U/store_unit_0/buff_wdata/raddr[4]_i_1_n_9                                                                            | ap_rst_n                                                                                                                                                                                 |                2 |              8 |         4.00 |
|  ap_clk      | bd_0_i/hls_inst/inst/gmem4_m_axi_U/bus_write/wreq_throttle/rs_req/E[0]                                                                                 | bd_0_i/hls_inst/inst/gmem4_m_axi_U/bus_write/wreq_throttle/rs_burst/ap_rst_n_0[0]                                                                                                        |                2 |              8 |         4.00 |
|  ap_clk      | bd_0_i/hls_inst/inst/gmem2_m_axi_U/load_unit_0/buff_rdata/U_fifo_mem/WEBWE[0]                                                                          | ap_rst_n                                                                                                                                                                                 |                2 |              8 |         4.00 |
|  ap_clk      | bd_0_i/hls_inst/inst/gmem2_m_axi_U/load_unit_0/buff_rdata/pop                                                                                          | ap_rst_n                                                                                                                                                                                 |                2 |              8 |         4.00 |
|  ap_clk      | bd_0_i/hls_inst/inst/col_fifo_U/pop                                                                                                                    | ap_rst_n                                                                                                                                                                                 |                2 |              8 |         4.00 |
|  ap_clk      | bd_0_i/hls_inst/inst/gmem3_m_axi_U/load_unit_0/buff_rdata/push                                                                                         | ap_rst_n                                                                                                                                                                                 |                2 |              8 |         4.00 |
|  ap_clk      | bd_0_i/hls_inst/inst/spmm_load_csr_U0/grp_spmm_load_csr_Pipeline_LOAD_NNZ_fu_124/ap_block_pp0_stage0_subdone_grp2_done_reg_reg_0[0]                    | ap_rst_n                                                                                                                                                                                 |                2 |              8 |         4.00 |
|  ap_clk      | bd_0_i/hls_inst/inst/spmm_store_U0/ap_enable_reg_pp0_iter4_reg_2[0]                                                                                    | ap_rst_n                                                                                                                                                                                 |                1 |              8 |         8.00 |
|  ap_clk      | bd_0_i/hls_inst/inst/spmm_load_csr_U0/grp_spmm_load_csr_Pipeline_LOAD_ROWS_fu_115/pop_2                                                                | ap_rst_n                                                                                                                                                                                 |                2 |              8 |         4.00 |
|  ap_clk      | bd_0_i/hls_inst/inst/gmem0_m_axi_U/bus_read/rreq_burst_conv/burst_sequential/could_multi_bursts.last_loop                                              | ap_rst_n                                                                                                                                                                                 |                3 |              8 |         2.67 |
|  ap_clk      | bd_0_i/hls_inst/inst/spmm_compute_U0/grp_spmm_compute_Pipeline_SPMM_LOAD_H_fu_470/empty_n_reg[0]                                                       | ap_rst_n                                                                                                                                                                                 |                2 |              8 |         4.00 |
|  ap_clk      | bd_0_i/hls_inst/inst/spmm_load_csr_U0/grp_spmm_load_csr_Pipeline_LOAD_NNZ_fu_124/WEBWE[0]                                                              | ap_rst_n                                                                                                                                                                                 |                2 |              8 |         4.00 |
|  ap_clk      | bd_0_i/hls_inst/inst/gmem0_m_axi_U/load_unit_0/buff_rdata/U_fifo_mem/E[0]                                                                              | ap_rst_n                                                                                                                                                                                 |                2 |              8 |         4.00 |
|  ap_clk      | bd_0_i/hls_inst/inst/gmem1_m_axi_U/bus_read/rreq_burst_conv/burst_sequential/could_multi_bursts.last_loop                                              | ap_rst_n                                                                                                                                                                                 |                3 |              8 |         2.67 |
|  ap_clk      | bd_0_i/hls_inst/inst/gmem0_m_axi_U/load_unit_0/buff_rdata/mOutPtr[8]_i_1__2_n_9                                                                        | ap_rst_n                                                                                                                                                                                 |                2 |              9 |         4.50 |
|  ap_clk      | bd_0_i/hls_inst/inst/val_fifo_U/mOutPtr[8]_i_1__4_n_9                                                                                                  | ap_rst_n                                                                                                                                                                                 |                2 |              9 |         4.50 |
|  ap_clk      | bd_0_i/hls_inst/inst/spmm_load_csr_U0/grp_spmm_load_csr_Pipeline_LOAD_NNZ_fu_124/dout_vld_reg[0]                                                       | ap_rst_n                                                                                                                                                                                 |                2 |              9 |         4.50 |
|  ap_clk      | bd_0_i/hls_inst/inst/val_fifo_U/num_data_cnt[8]_i_1__4_n_9                                                                                             | ap_rst_n                                                                                                                                                                                 |                2 |              9 |         4.50 |
|  ap_clk      | bd_0_i/hls_inst/inst/gmem1_m_axi_U/load_unit_0/buff_rdata/mOutPtr[8]_i_1__1_n_9                                                                        | ap_rst_n                                                                                                                                                                                 |                2 |              9 |         4.50 |
|  ap_clk      | bd_0_i/hls_inst/inst/spmm_load_csr_U0/grp_spmm_load_csr_Pipeline_LOAD_ROWS_fu_115/dout_vld_reg_0[0]                                                    | ap_rst_n                                                                                                                                                                                 |                1 |              9 |         9.00 |
|  ap_clk      | bd_0_i/hls_inst/inst/gmem3_m_axi_U/load_unit_0/buff_rdata/num_data_cnt[8]_i_1_n_9                                                                      | ap_rst_n                                                                                                                                                                                 |                2 |              9 |         4.50 |
|  ap_clk      | bd_0_i/hls_inst/inst/spmm_store_U0/flow_control_loop_delay_pipe_U/empty_n_reg                                                                          | ap_rst_n                                                                                                                                                                                 |                2 |              9 |         4.50 |
|  ap_clk      | bd_0_i/hls_inst/inst/gmem2_m_axi_U/load_unit_0/buff_rdata/mOutPtr[8]_i_1__0_n_9                                                                        | ap_rst_n                                                                                                                                                                                 |                2 |              9 |         4.50 |
|  ap_clk      | bd_0_i/hls_inst/inst/gmem2_m_axi_U/load_unit_0/buff_rdata/num_data_cnt[8]_i_1__0_n_9                                                                   | ap_rst_n                                                                                                                                                                                 |                2 |              9 |         4.50 |
|  ap_clk      | bd_0_i/hls_inst/inst/col_fifo_U/num_data_cnt[8]_i_1__3_n_9                                                                                             | ap_rst_n                                                                                                                                                                                 |                2 |              9 |         4.50 |
|  ap_clk      | bd_0_i/hls_inst/inst/col_fifo_U/mOutPtr[8]_i_1__3_n_9                                                                                                  | ap_rst_n                                                                                                                                                                                 |                2 |              9 |         4.50 |
|  ap_clk      | bd_0_i/hls_inst/inst/gmem3_m_axi_U/load_unit_0/buff_rdata/mOutPtr[8]_i_1_n_9                                                                           | ap_rst_n                                                                                                                                                                                 |                2 |              9 |         4.50 |
|  ap_clk      | bd_0_i/hls_inst/inst/gmem0_m_axi_U/bus_read/rreq_burst_conv/burst_sequential/rs_req/p_17_in                                                            | bd_0_i/hls_inst/inst/gmem0_m_axi_U/bus_read/rreq_burst_conv/burst_sequential/sect_addr_buf[11]_i_1__1_n_9                                                                                |                4 |             10 |         2.50 |
|  ap_clk      | bd_0_i/hls_inst/inst/gmem1_m_axi_U/bus_read/rreq_burst_conv/burst_sequential/rs_req/p_17_in                                                            | bd_0_i/hls_inst/inst/gmem1_m_axi_U/bus_read/rreq_burst_conv/burst_sequential/sect_addr_buf[11]_i_1__0_n_9                                                                                |                5 |             10 |         2.00 |
|  ap_clk      | bd_0_i/hls_inst/inst/gmem2_m_axi_U/bus_read/rreq_burst_conv/burst_sequential/rs_req/p_17_in                                                            | bd_0_i/hls_inst/inst/gmem2_m_axi_U/bus_read/rreq_burst_conv/burst_sequential/sect_addr_buf[11]_i_1_n_9                                                                                   |                4 |             10 |         2.50 |
|  ap_clk      | bd_0_i/hls_inst/inst/gmem3_m_axi_U/load_unit_0/buff_rdata/dout_vld_reg_1                                                                               |                                                                                                                                                                                          |                3 |             11 |         3.67 |
|  ap_clk      | bd_0_i/hls_inst/inst/spmm_compute_U0/ap_NS_fsm12_out                                                                                                   | bd_0_i/hls_inst/inst/spmm_compute_U0/ap_NS_fsm14_out                                                                                                                                     |                2 |             12 |         6.00 |
|  ap_clk      | bd_0_i/hls_inst/inst/spmm_load_csr_U0/grp_spmm_load_csr_Pipeline_LOAD_ROWS_fu_115/flow_control_loop_pipe_sequential_init_U/i_fu_50[0]                  |                                                                                                                                                                                          |                3 |             12 |         4.00 |
|  ap_clk      | bd_0_i/hls_inst/inst/spmm_compute_U0/ap_CS_fsm_state2                                                                                                  |                                                                                                                                                                                          |                3 |             12 |         4.00 |
|  ap_clk      | bd_0_i/hls_inst/inst/spmm_load_csr_U0/grp_spmm_load_csr_Pipeline_LOAD_NNZ_fu_124/ap_enable_reg_pp0_iter1_reg_0[0]                                      |                                                                                                                                                                                          |               11 |             16 |         1.45 |
|  ap_clk      | bd_0_i/hls_inst/inst/result_fifo_U/U_spmm_stage_fifo_w16_d32_S_ShiftReg/push                                                                           |                                                                                                                                                                                          |                4 |             16 |         4.00 |
|  ap_clk      | bd_0_i/hls_inst/inst/spmm_store_U0/flow_control_loop_delay_pipe_U/E[0]                                                                                 |                                                                                                                                                                                          |                3 |             18 |         6.00 |
|  ap_clk      | bd_0_i/hls_inst/inst/val_fifo_U/U_spmm_stage_fifo_w16_d256_A_ram/mem_reg_192_255_0_6_i_1_n_9                                                           |                                                                                                                                                                                          |                3 |             20 |         6.67 |
|  ap_clk      | bd_0_i/hls_inst/inst/val_fifo_U/U_spmm_stage_fifo_w16_d256_A_ram/mem_reg_64_127_0_6_i_1_n_9                                                            |                                                                                                                                                                                          |                3 |             20 |         6.67 |
|  ap_clk      | bd_0_i/hls_inst/inst/val_fifo_U/U_spmm_stage_fifo_w16_d256_A_ram/mem_reg_128_191_0_6_i_1_n_9                                                           |                                                                                                                                                                                          |                3 |             20 |         6.67 |
|  ap_clk      | bd_0_i/hls_inst/inst/val_fifo_U/U_spmm_stage_fifo_w16_d256_A_ram/mem_reg_0_63_0_6_i_1_n_9                                                              |                                                                                                                                                                                          |                3 |             20 |         6.67 |
|  ap_clk      | bd_0_i/hls_inst/inst/val_fifo_U/U_spmm_stage_fifo_w16_d256_A_ram/E[0]                                                                                  | ap_rst_n                                                                                                                                                                                 |                8 |             24 |         3.00 |
|  ap_clk      |                                                                                                                                                        |                                                                                                                                                                                          |               22 |             28 |         1.27 |
|  ap_clk      | bd_0_i/hls_inst/inst/spmm_load_csr_U0/ap_NS_fsm10_out                                                                                                  | bd_0_i/hls_inst/inst/spmm_load_csr_U0/empty_102_reg_258[30]_i_1_n_9                                                                                                                      |                4 |             31 |         7.75 |
|  ap_clk      | bd_0_i/hls_inst/inst/spmm_compute_U0/grp_spmm_compute_Pipeline_SPMM_MAC_fu_509/flow_control_loop_pipe_sequential_init_U/E[0]                           | bd_0_i/hls_inst/inst/spmm_compute_U0/grp_spmm_compute_Pipeline_SPMM_INIT_fu_396/flow_control_loop_pipe_sequential_init_U/SR[0]                                                           |                6 |             31 |         5.17 |
|  ap_clk      | bd_0_i/hls_inst/inst/spmm_load_csr_U0/grp_spmm_load_csr_Pipeline_LOAD_NNZ_fu_124/flow_control_loop_pipe_sequential_init_U/E[0]                         | bd_0_i/hls_inst/inst/spmm_load_csr_U0/grp_spmm_load_csr_Pipeline_LOAD_NNZ_fu_124/flow_control_loop_pipe_sequential_init_U/SR[0]                                                          |                5 |             31 |         6.20 |
|  ap_clk      | bd_0_i/hls_inst/inst/spmm_store_U0/icmp_ln96_reg_19970                                                                                                 | bd_0_i/hls_inst/inst/spmm_store_U0/flow_control_loop_delay_pipe_U/SR[0]                                                                                                                  |                7 |             31 |         4.43 |
|  ap_clk      | bd_0_i/hls_inst/inst/control_s_axi_U/int_H_out[31]_i_1_n_9                                                                                             | ap_rst_n                                                                                                                                                                                 |               13 |             32 |         2.46 |
|  ap_clk      | bd_0_i/hls_inst/inst/control_s_axi_U/rdata[31]_i_2_n_9                                                                                                 | bd_0_i/hls_inst/inst/control_s_axi_U/rdata[31]_i_1_n_9                                                                                                                                   |               29 |             32 |         1.10 |
|  ap_clk      | bd_0_i/hls_inst/inst/control_s_axi_U/p_0_in                                                                                                            | ap_rst_n                                                                                                                                                                                 |               17 |             32 |         1.88 |
|  ap_clk      | bd_0_i/hls_inst/inst/control_s_axi_U/int_values[63]_i_1_n_9                                                                                            | ap_rst_n                                                                                                                                                                                 |               17 |             32 |         1.88 |
|  ap_clk      | bd_0_i/hls_inst/inst/control_s_axi_U/int_values[31]_i_1_n_9                                                                                            | ap_rst_n                                                                                                                                                                                 |               17 |             32 |         1.88 |
|  ap_clk      | bd_0_i/hls_inst/inst/control_s_axi_U/int_row_length[31]_i_1_n_9                                                                                        | ap_rst_n                                                                                                                                                                                 |               17 |             32 |         1.88 |
|  ap_clk      | bd_0_i/hls_inst/inst/control_s_axi_U/int_colind[31]_i_1_n_9                                                                                            | ap_rst_n                                                                                                                                                                                 |               12 |             32 |         2.67 |
|  ap_clk      | bd_0_i/hls_inst/inst/control_s_axi_U/int_H_temp[63]_i_1_n_9                                                                                            | ap_rst_n                                                                                                                                                                                 |               15 |             32 |         2.13 |
|  ap_clk      | bd_0_i/hls_inst/inst/spmm_load_csr_U0/grp_spmm_load_csr_Pipeline_LOAD_NNZ_fu_124/E[0]                                                                  |                                                                                                                                                                                          |               11 |             32 |         2.91 |
|  ap_clk      | bd_0_i/hls_inst/inst/spmm_load_csr_U0/grp_spmm_load_csr_Pipeline_LOAD_NNZ_fu_124/ap_enable_reg_pp0_iter1_reg_1[0]                                      |                                                                                                                                                                                          |                3 |             32 |        10.67 |
|  ap_clk      | bd_0_i/hls_inst/inst/spmm_load_csr_U0/grp_spmm_load_csr_Pipeline_LOAD_ROWS_fu_115/push                                                                 |                                                                                                                                                                                          |                2 |             32 |        16.00 |
|  ap_clk      | bd_0_i/hls_inst/inst/spmm_load_csr_U0/ap_NS_fsm10_out                                                                                                  |                                                                                                                                                                                          |                5 |             32 |         6.40 |
|  ap_clk      | bd_0_i/hls_inst/inst/spmm_compute_U0/grp_spmm_compute_Pipeline_SPMM_INIT_fu_396/flow_control_loop_pipe_sequential_init_U/SR[0]                         |                                                                                                                                                                                          |                4 |             32 |         8.00 |
|  ap_clk      | bd_0_i/hls_inst/inst/control_s_axi_U/int_colind[63]_i_1_n_9                                                                                            | ap_rst_n                                                                                                                                                                                 |               12 |             32 |         2.67 |
|  ap_clk      | bd_0_i/hls_inst/inst/control_s_axi_U/int_H_out[63]_i_1_n_9                                                                                             | ap_rst_n                                                                                                                                                                                 |               13 |             32 |         2.46 |
|  ap_clk      | bd_0_i/hls_inst/inst/control_s_axi_U/int_H_temp[31]_i_1_n_9                                                                                            | ap_rst_n                                                                                                                                                                                 |               15 |             32 |         2.13 |
|  ap_clk      | bd_0_i/hls_inst/inst/spmm_load_csr_U0/grp_spmm_load_csr_Pipeline_LOAD_ROWS_fu_115/i_fu_502                                                             |                                                                                                                                                                                          |                4 |             33 |         8.25 |
|  ap_clk      | bd_0_i/hls_inst/inst/gmem2_m_axi_U/load_unit_0/bus_wide_gen.rs_rdata_int/load_p1                                                                       |                                                                                                                                                                                          |                9 |             33 |         3.67 |
|  ap_clk      | bd_0_i/hls_inst/inst/gmem1_m_axi_U/bus_read/rs_rdata/load_p2                                                                                           |                                                                                                                                                                                          |                5 |             33 |         6.60 |
|  ap_clk      | bd_0_i/hls_inst/inst/gmem1_m_axi_U/bus_read/rs_rdata/load_p1                                                                                           |                                                                                                                                                                                          |                5 |             33 |         6.60 |
|  ap_clk      | bd_0_i/hls_inst/inst/gmem2_m_axi_U/bus_read/rs_rdata/load_p2                                                                                           |                                                                                                                                                                                          |                5 |             33 |         6.60 |
|  ap_clk      | bd_0_i/hls_inst/inst/gmem2_m_axi_U/bus_read/rs_rdata/load_p1                                                                                           |                                                                                                                                                                                          |                5 |             33 |         6.60 |
|  ap_clk      | bd_0_i/hls_inst/inst/gmem2_m_axi_U/load_unit_0/buff_rdata/dout_vld_reg_0[0]                                                                            |                                                                                                                                                                                          |                9 |             33 |         3.67 |
|  ap_clk      | bd_0_i/hls_inst/inst/gmem0_m_axi_U/bus_read/rs_rdata/load_p1                                                                                           |                                                                                                                                                                                          |                6 |             33 |         5.50 |
|  ap_clk      | bd_0_i/hls_inst/inst/gmem0_m_axi_U/bus_read/rs_rdata/load_p2                                                                                           |                                                                                                                                                                                          |                6 |             33 |         5.50 |
|  ap_clk      | bd_0_i/hls_inst/inst/gmem2_m_axi_U/bus_read/rreq_burst_conv/burst_sequential/rs_req/E[0]                                                               | ap_rst_n                                                                                                                                                                                 |               11 |             53 |         4.82 |
|  ap_clk      | bd_0_i/hls_inst/inst/gmem0_m_axi_U/bus_read/rreq_burst_conv/burst_sequential/rs_req/E[0]                                                               | ap_rst_n                                                                                                                                                                                 |               10 |             53 |         5.30 |
|  ap_clk      | bd_0_i/hls_inst/inst/gmem3_m_axi_U/bus_read/rreq_burst_conv/burst_sequential/rs_req/E[0]                                                               | ap_rst_n                                                                                                                                                                                 |               15 |             53 |         3.53 |
|  ap_clk      | bd_0_i/hls_inst/inst/gmem1_m_axi_U/bus_read/rreq_burst_conv/burst_sequential/rs_req/E[0]                                                               | ap_rst_n                                                                                                                                                                                 |               11 |             53 |         4.82 |
|  ap_clk      | bd_0_i/hls_inst/inst/gmem4_m_axi_U/bus_write/wreq_burst_conv/burst_sequential/rs_req/req_handling_reg_0[0]                                             | ap_rst_n                                                                                                                                                                                 |               11 |             53 |         4.82 |
|  ap_clk      | bd_0_i/hls_inst/inst/gmem4_m_axi_U/bus_write/wreq_burst_conv/burst_sequential/E[0]                                                                     | ap_rst_n                                                                                                                                                                                 |               14 |             54 |         3.86 |
|  ap_clk      | bd_0_i/hls_inst/inst/gmem3_m_axi_U/bus_read/rreq_burst_conv/burst_sequential/E[0]                                                                      | ap_rst_n                                                                                                                                                                                 |               19 |             54 |         2.84 |
|  ap_clk      | bd_0_i/hls_inst/inst/gmem1_m_axi_U/bus_read/rreq_burst_conv/burst_sequential/E[0]                                                                      | ap_rst_n                                                                                                                                                                                 |               19 |             58 |         3.05 |
|  ap_clk      | bd_0_i/hls_inst/inst/gmem0_m_axi_U/bus_read/rreq_burst_conv/burst_sequential/E[0]                                                                      | ap_rst_n                                                                                                                                                                                 |               17 |             58 |         3.41 |
|  ap_clk      | bd_0_i/hls_inst/inst/spmm_compute_U0/ap_NS_fsm14_out                                                                                                   |                                                                                                                                                                                          |               14 |             58 |         4.14 |
|  ap_clk      | bd_0_i/hls_inst/inst/gmem2_m_axi_U/bus_read/rreq_burst_conv/burst_sequential/E[0]                                                                      | ap_rst_n                                                                                                                                                                                 |               18 |             58 |         3.22 |
|  ap_clk      | bd_0_i/hls_inst/inst/gmem4_m_axi_U/bus_write/wreq_throttle/fifo_burst_gen[0].fifo_req/U_fifo_srl/push                                                  |                                                                                                                                                                                          |                4 |             58 |        14.50 |
|  ap_clk      | bd_0_i/hls_inst/inst/gmem4_m_axi_U/bus_write/wreq_throttle/rs_burst/state_reg[0]_0[0]                                                                  | ap_rst_n                                                                                                                                                                                 |               12 |             58 |         4.83 |
|  ap_clk      | bd_0_i/hls_inst/inst/spmm_store_U0/first_iter_0_reg_406_reg[0]_0[0]                                                                                    |                                                                                                                                                                                          |               10 |             59 |         5.90 |
|  ap_clk      | bd_0_i/hls_inst/inst/spmm_compute_U0/push                                                                                                              |                                                                                                                                                                                          |                5 |             59 |        11.80 |
|  ap_clk      | bd_0_i/hls_inst/inst/entry_proc_U0/push                                                                                                                |                                                                                                                                                                                          |                4 |             59 |        14.75 |
|  ap_clk      | bd_0_i/hls_inst/inst/gmem4_m_axi_U/store_unit_0/fifo_wreq/U_fifo_srl/pop                                                                               | ap_rst_n                                                                                                                                                                                 |               13 |             59 |         4.54 |
|  ap_clk      | bd_0_i/hls_inst/inst/gmem3_m_axi_U/load_unit_0/fifo_rreq/U_fifo_srl/pop                                                                                | ap_rst_n                                                                                                                                                                                 |               22 |             59 |         2.68 |
|  ap_clk      | bd_0_i/hls_inst/inst/gmem4_m_axi_U/store_unit_0/fifo_wreq/U_fifo_srl/push                                                                              |                                                                                                                                                                                          |                5 |             59 |        11.80 |
|  ap_clk      | bd_0_i/hls_inst/inst/gmem4_m_axi_U/store_unit_0/tmp_valid_reg_0[0]                                                                                     |                                                                                                                                                                                          |               11 |             60 |         5.45 |
|  ap_clk      | bd_0_i/hls_inst/inst/gmem3_m_axi_U/bus_read/rreq_burst_conv/burst_sequential/rs_req/load_p1                                                            |                                                                                                                                                                                          |               12 |             60 |         5.00 |
|  ap_clk      | bd_0_i/hls_inst/inst/gmem4_m_axi_U/bus_write/wreq_burst_conv/burst_sequential/rs_req/load_p1                                                           |                                                                                                                                                                                          |               11 |             60 |         5.45 |
|  ap_clk      | bd_0_i/hls_inst/inst/gmem3_m_axi_U/load_unit_0/fifo_rreq/E[0]                                                                                          | ap_rst_n                                                                                                                                                                                 |               22 |             60 |         2.73 |
|  ap_clk      | bd_0_i/hls_inst/inst/gmem4_m_axi_U/store_unit_0/fifo_wreq/next_wreq                                                                                    | ap_rst_n                                                                                                                                                                                 |               14 |             60 |         4.29 |
|  ap_clk      | bd_0_i/hls_inst/inst/gmem3_m_axi_U/load_unit_0/E[0]                                                                                                    |                                                                                                                                                                                          |               12 |             60 |         5.00 |
|  ap_clk      | bd_0_i/hls_inst/inst/gmem4_m_axi_U/bus_write/wreq_throttle/rs_req/load_p1                                                                              |                                                                                                                                                                                          |               12 |             62 |         5.17 |
|  ap_clk      | bd_0_i/hls_inst/inst/gmem4_m_axi_U/bus_write/wreq_throttle/rs_burst/state_reg[0]_1[0]                                                                  |                                                                                                                                                                                          |               12 |             62 |         5.17 |
|  ap_clk      | bd_0_i/hls_inst/inst/gmem0_m_axi_U/load_unit_0/fifo_rreq/U_fifo_srl/pop                                                                                | ap_rst_n                                                                                                                                                                                 |               22 |             67 |         3.05 |
|  ap_clk      | bd_0_i/hls_inst/inst/gmem0_m_axi_U/load_unit_0/fifo_rreq/U_fifo_srl/push                                                                               |                                                                                                                                                                                          |                5 |             67 |        13.40 |
|  ap_clk      | bd_0_i/hls_inst/inst/gmem0_m_axi_U/bus_read/rreq_burst_conv/burst_sequential/rs_req/load_p1                                                            |                                                                                                                                                                                          |               18 |             72 |         4.00 |
|  ap_clk      | bd_0_i/hls_inst/inst/gmem0_m_axi_U/load_unit_0/tmp_valid_reg_0[0]                                                                                      |                                                                                                                                                                                          |               18 |             72 |         4.00 |
|  ap_clk      | bd_0_i/hls_inst/inst/gmem0_m_axi_U/load_unit_0/fifo_rreq/E[0]                                                                                          | ap_rst_n                                                                                                                                                                                 |               23 |             72 |         3.13 |
|  ap_clk      | bd_0_i/hls_inst/inst/gmem3_m_axi_U/bus_read/rreq_burst_conv/burst_sequential/rs_req/p_17_in                                                            | ap_rst_n                                                                                                                                                                                 |               26 |             77 |         2.96 |
|  ap_clk      | bd_0_i/hls_inst/inst/gmem4_m_axi_U/bus_write/wreq_burst_conv/burst_sequential/rs_req/E[0]                                                              | ap_rst_n                                                                                                                                                                                 |               21 |             77 |         3.67 |
|  ap_clk      | bd_0_i/hls_inst/inst/gmem1_m_axi_U/bus_read/rreq_burst_conv/burst_sequential/rs_req/p_17_in                                                            | ap_rst_n                                                                                                                                                                                 |               22 |             77 |         3.50 |
|  ap_clk      | bd_0_i/hls_inst/inst/gmem2_m_axi_U/bus_read/rreq_burst_conv/burst_sequential/rs_req/p_17_in                                                            | ap_rst_n                                                                                                                                                                                 |               24 |             77 |         3.21 |
|  ap_clk      | bd_0_i/hls_inst/inst/gmem0_m_axi_U/bus_read/rreq_burst_conv/burst_sequential/rs_req/p_17_in                                                            | ap_rst_n                                                                                                                                                                                 |               21 |             77 |         3.67 |
|  ap_clk      | bd_0_i/hls_inst/inst/gmem1_m_axi_U/load_unit_0/fifo_rreq/E[0]                                                                                          | ap_rst_n                                                                                                                                                                                 |               22 |             92 |         4.18 |
|  ap_clk      | bd_0_i/hls_inst/inst/gmem1_m_axi_U/load_unit_0/tmp_valid_reg_0[0]                                                                                      |                                                                                                                                                                                          |               15 |             92 |         6.13 |
|  ap_clk      | bd_0_i/hls_inst/inst/gmem1_m_axi_U/bus_read/rreq_burst_conv/burst_sequential/rs_req/load_p1                                                            |                                                                                                                                                                                          |               15 |             92 |         6.13 |
|  ap_clk      | bd_0_i/hls_inst/inst/gmem3_m_axi_U/bus_read/rreq_burst_conv/burst_sequential/rs_req/next_req                                                           | ap_rst_n                                                                                                                                                                                 |               29 |             93 |         3.21 |
|  ap_clk      | bd_0_i/hls_inst/inst/gmem1_m_axi_U/load_unit_0/fifo_rreq/U_fifo_srl/push                                                                               |                                                                                                                                                                                          |                6 |             93 |        15.50 |
|  ap_clk      | bd_0_i/hls_inst/inst/gmem4_m_axi_U/bus_write/wreq_burst_conv/burst_sequential/rs_req/req_handling_reg[0]                                               | ap_rst_n                                                                                                                                                                                 |               27 |             93 |         3.44 |
|  ap_clk      | bd_0_i/hls_inst/inst/gmem1_m_axi_U/load_unit_0/fifo_rreq/U_fifo_srl/pop                                                                                | ap_rst_n                                                                                                                                                                                 |               16 |             93 |         5.81 |
|  ap_clk      | bd_0_i/hls_inst/inst/gmem2_m_axi_U/load_unit_0/fifo_rreq/next_rreq                                                                                     | ap_rst_n                                                                                                                                                                                 |               20 |             94 |         4.70 |
|  ap_clk      | bd_0_i/hls_inst/inst/gmem2_m_axi_U/load_unit_0/fifo_rreq/U_fifo_srl/push                                                                               |                                                                                                                                                                                          |                6 |             94 |        15.67 |
|  ap_clk      | bd_0_i/hls_inst/inst/gmem2_m_axi_U/load_unit_0/fifo_rreq/U_fifo_srl/pop                                                                                | ap_rst_n                                                                                                                                                                                 |               16 |             94 |         5.88 |
|  ap_clk      | bd_0_i/hls_inst/inst/gmem2_m_axi_U/load_unit_0/bus_wide_gen.rreq_offset/full_n_reg_1[0]                                                                |                                                                                                                                                                                          |               19 |             94 |         4.95 |
|  ap_clk      | bd_0_i/hls_inst/inst/gmem2_m_axi_U/bus_read/rreq_burst_conv/burst_sequential/rs_req/load_p1                                                            |                                                                                                                                                                                          |               19 |             94 |         4.95 |
|  ap_clk      | bd_0_i/hls_inst/inst/gmem0_m_axi_U/bus_read/rreq_burst_conv/burst_sequential/rs_req/next_req                                                           | ap_rst_n                                                                                                                                                                                 |               25 |            110 |         4.40 |
|  ap_clk      | bd_0_i/hls_inst/inst/gmem1_m_axi_U/bus_read/rreq_burst_conv/burst_sequential/rs_req/next_req                                                           | ap_rst_n                                                                                                                                                                                 |               28 |            113 |         4.04 |
|  ap_clk      | bd_0_i/hls_inst/inst/gmem2_m_axi_U/bus_read/rreq_burst_conv/burst_sequential/rs_req/next_req                                                           | ap_rst_n                                                                                                                                                                                 |               30 |            113 |         3.77 |
|  ap_clk      | bd_0_i/hls_inst/inst/spmm_compute_U0/ap_block_state4                                                                                                   |                                                                                                                                                                                          |               30 |            123 |         4.10 |
|  ap_clk      | bd_0_i/hls_inst/inst/spmm_compute_U0/grp_spmm_compute_Pipeline_SPMM_INIT_fu_396/flow_control_loop_pipe_sequential_init_U/ap_enable_reg_pp0_iter1_reg_5 |                                                                                                                                                                                          |                9 |            128 |        14.22 |
|  ap_clk      | bd_0_i/hls_inst/inst/spmm_compute_U0/grp_spmm_compute_Pipeline_SPMM_LOAD_H_fu_470/grp_spmm_compute_Pipeline_SPMM_MAC_fu_509_ap_start_reg_reg_0         |                                                                                                                                                                                          |                8 |            128 |        16.00 |
|  ap_clk      | bd_0_i/hls_inst/inst/spmm_compute_U0/grp_spmm_compute_Pipeline_SPMM_LOAD_H_fu_470/grp_spmm_compute_Pipeline_SPMM_MAC_fu_509_ap_start_reg_reg_1         |                                                                                                                                                                                          |                8 |            128 |        16.00 |
|  ap_clk      | bd_0_i/hls_inst/inst/spmm_compute_U0/grp_spmm_compute_Pipeline_SPMM_LOAD_H_fu_470/grp_spmm_compute_Pipeline_SPMM_MAC_fu_509_ap_start_reg_reg_2         |                                                                                                                                                                                          |                8 |            128 |        16.00 |
|  ap_clk      | bd_0_i/hls_inst/inst/spmm_compute_U0/grp_spmm_compute_Pipeline_SPMM_LOAD_H_fu_470/p_0_in__59                                                           |                                                                                                                                                                                          |                8 |            128 |        16.00 |
|  ap_clk      | bd_0_i/hls_inst/inst/spmm_compute_U0/grp_spmm_compute_Pipeline_SPMM_INIT_fu_396/flow_control_loop_pipe_sequential_init_U/ap_enable_reg_pp0_iter1_reg_0 |                                                                                                                                                                                          |                8 |            128 |        16.00 |
|  ap_clk      | bd_0_i/hls_inst/inst/spmm_compute_U0/grp_spmm_compute_Pipeline_SPMM_INIT_fu_396/flow_control_loop_pipe_sequential_init_U/p_0_in__27                    |                                                                                                                                                                                          |                9 |            128 |        14.22 |
|  ap_clk      | bd_0_i/hls_inst/inst/spmm_compute_U0/grp_spmm_compute_Pipeline_SPMM_INIT_fu_396/flow_control_loop_pipe_sequential_init_U/ap_enable_reg_pp0_iter1_reg_2 |                                                                                                                                                                                          |                9 |            128 |        14.22 |
|  ap_clk      | bd_0_i/hls_inst/inst/spmm_compute_U0/grp_spmm_compute_Pipeline_SPMM_INIT_fu_396/flow_control_loop_pipe_sequential_init_U/ap_enable_reg_pp0_iter1_reg_6 |                                                                                                                                                                                          |               12 |            192 |        16.00 |
|  ap_clk      | bd_0_i/hls_inst/inst/spmm_compute_U0/grp_spmm_compute_Pipeline_SPMM_INIT_fu_396/flow_control_loop_pipe_sequential_init_U/ap_enable_reg_pp0_iter1_reg_1 |                                                                                                                                                                                          |               16 |            240 |        15.00 |
|  ap_clk      | bd_0_i/hls_inst/inst/spmm_compute_U0/grp_spmm_compute_Pipeline_SPMM_INIT_fu_396/flow_control_loop_pipe_sequential_init_U/ap_enable_reg_pp0_iter1_reg   |                                                                                                                                                                                          |               20 |            240 |        12.00 |
|  ap_clk      | bd_0_i/hls_inst/inst/spmm_compute_U0/grp_spmm_compute_Pipeline_SPMM_INIT_fu_396/flow_control_loop_pipe_sequential_init_U/ap_enable_reg_pp0_iter1_reg_3 |                                                                                                                                                                                          |               17 |            240 |        14.12 |
|  ap_clk      | bd_0_i/hls_inst/inst/spmm_compute_U0/grp_spmm_compute_Pipeline_SPMM_INIT_fu_396/flow_control_loop_pipe_sequential_init_U/ap_enable_reg_pp0_iter1_reg_4 |                                                                                                                                                                                          |               15 |            240 |        16.00 |
|  ap_clk      |                                                                                                                                                        | ap_rst_n                                                                                                                                                                                 |              123 |            250 |         2.03 |
|  ap_clk      | bd_0_i/hls_inst/inst/spmm_store_U0/E[0]                                                                                                                |                                                                                                                                                                                          |              166 |            512 |         3.08 |
|  ap_clk      | bd_0_i/hls_inst/inst/spmm_compute_U0/grp_spmm_compute_Pipeline_SPMM_WRITE_fu_432/acc_ce0                                                               |                                                                                                                                                                                          |              139 |            512 |         3.68 |
|  ap_clk      | bd_0_i/hls_inst/inst/gmem3_m_axi_U/bus_read/rs_rdata/load_p1                                                                                           |                                                                                                                                                                                          |               85 |            513 |         6.04 |
|  ap_clk      | bd_0_i/hls_inst/inst/gmem3_m_axi_U/bus_read/rs_rdata/load_p2                                                                                           |                                                                                                                                                                                          |               85 |            513 |         6.04 |
|  ap_clk      | bd_0_i/hls_inst/inst/gmem4_m_axi_U/store_unit_0/buff_wdata/U_fifo_srl/E[0]                                                                             | ap_rst_n                                                                                                                                                                                 |              159 |            576 |         3.62 |
|  ap_clk      | bd_0_i/hls_inst/inst/spmm_store_U0/push                                                                                                                |                                                                                                                                                                                          |               94 |            576 |         6.13 |
|  ap_clk      | bd_0_i/hls_inst/inst/gmem4_m_axi_U/bus_write/wreq_throttle/rs_req/local_BUS_WSTRB[0]                                                                   | bd_0_i/hls_inst/inst/gmem4_m_axi_U/bus_write/wreq_throttle/rs_req/ap_rst_n_0                                                                                                             |              159 |            576 |         3.62 |
|  ap_clk      | bd_0_i/hls_inst/inst/spmm_store_U0/flow_control_loop_delay_pipe_U/empty_n_reg                                                                          |                                                                                                                                                                                          |              184 |            587 |         3.19 |
|  ap_clk      | bd_0_i/hls_inst/inst/spmm_compute_U0/acc_31_U/E[0]                                                                                                     |                                                                                                                                                                                          |              180 |            832 |         4.62 |
+--------------+--------------------------------------------------------------------------------------------------------------------------------------------------------+------------------------------------------------------------------------------------------------------------------------------------------------------------------------------------------+------------------+----------------+--------------+


