

================================================================
== Vitis HLS Report for 'gemm_compute_Pipeline_COMP_I'
================================================================
* Date:           Wed Apr 15 12:54:57 2026

* Version:        2025.2 (Build 6295257 on Nov 14 2025)
* Project:        gemm_stage
* Solution:       hls (Vivado IP Flow Target)
* Product family: zynquplus
* Target device:  xck26-sfvc784-2LV-c


================================================================
== Performance Estimates
================================================================
+ Timing: 
    * Summary: 
    +--------+----------+----------+------------+
    |  Clock |  Target  | Estimated| Uncertainty|
    +--------+----------+----------+------------+
    |ap_clk  |  10.00 ns|  1.912 ns|     2.70 ns|
    +--------+----------+----------+------------+

+ Latency: 
    * Summary: 
    +---------+---------+----------+----------+-----+-----+-------------------+
    |  Latency (cycles) |  Latency (absolute) |  Interval |      Pipeline     |
    |   min   |   max   |    min   |    max   | min | max |        Type       |
    +---------+---------+----------+----------+-----+-----+-------------------+
    |       20|       20|  0.200 us|  0.200 us|    0|    0|  loop pipeline stp|
    +---------+---------+----------+----------+-----+-----+-------------------+

    + Detail: 
        * Instance: 
        N/A

        * Loop: 
        +----------+---------+---------+----------+-----------+-----------+------+----------+
        |          |  Latency (cycles) | Iteration|  Initiation Interval  | Trip |          |
        | Loop Name|   min   |   max   |  Latency |  achieved |   target  | Count| Pipelined|
        +----------+---------+---------+----------+-----------+-----------+------+----------+
        |- COMP_I  |       18|       18|         4|          1|          1|    16|       yes|
        +----------+---------+---------+----------+-----------+-----------+------+----------+

============================================================
+ Verbose Summary: Synthesis Manager
============================================================
InlineROM: 1
ExposeGlobal: 0
============================================================
+ Verbose Summary: CDFG Model
============================================================
IsTopModel: 0
ResetActiveHigh: 1
IsCombinational: 0
IsDatapathOnly: 0
HasWiredReturn: 1
HasMFsm: 2
HasVarLatency: 1
IsPipeline: 0
IsRtlPipelined: 0
IsInstanceOverlapped: 0
IsDontTouch: 0
HasImplIP: 0
IsGatedGlobalClock: 0

+ Individual pipeline summary: 
  * Pipeline-0: initiation interval (II) = 1, depth = 4


============================================================
+ Verbose Summary: Schedule
============================================================
* Number of FSM states : 4
* Pipeline : 1
  Pipeline-0 : II = 1, D = 4, States = { 1 2 3 4 }
* Dataflow Pipeline: 0

* FSM state transitions: 
1 --> 2 
2 --> 3 
3 --> 4 
4 --> 

* FSM state operations: 

State 1 <SV = 0> <Delay = 1.91>
ST_1 : Operation 7 [1/1] (0.00ns)   --->   "%i_outer = alloca i32 1" [src/integrated-gcn/gemm_stage.cpp:101]   --->   Operation 7 'alloca' 'i_outer' <Predicate = true> <Delay = 0.00>
ST_1 : Operation 8 [1/1] (0.00ns)   --->   "%X_line_255_reload_read = read i16 @_ssdm_op_Read.ap_auto.i16, i16 %X_line_255_reload"   --->   Operation 8 'read' 'X_line_255_reload_read' <Predicate = true> <Delay = 0.00>
ST_1 : Operation 9 [1/1] (0.00ns)   --->   "%X_line_251_reload_read = read i16 @_ssdm_op_Read.ap_auto.i16, i16 %X_line_251_reload"   --->   Operation 9 'read' 'X_line_251_reload_read' <Predicate = true> <Delay = 0.00>
ST_1 : Operation 10 [1/1] (0.00ns)   --->   "%X_line_247_reload_read = read i16 @_ssdm_op_Read.ap_auto.i16, i16 %X_line_247_reload"   --->   Operation 10 'read' 'X_line_247_reload_read' <Predicate = true> <Delay = 0.00>
ST_1 : Operation 11 [1/1] (0.00ns)   --->   "%X_line_243_reload_read = read i16 @_ssdm_op_Read.ap_auto.i16, i16 %X_line_243_reload"   --->   Operation 11 'read' 'X_line_243_reload_read' <Predicate = true> <Delay = 0.00>
ST_1 : Operation 12 [1/1] (0.00ns)   --->   "%X_line_239_reload_read = read i16 @_ssdm_op_Read.ap_auto.i16, i16 %X_line_239_reload"   --->   Operation 12 'read' 'X_line_239_reload_read' <Predicate = true> <Delay = 0.00>
ST_1 : Operation 13 [1/1] (0.00ns)   --->   "%X_line_235_reload_read = read i16 @_ssdm_op_Read.ap_auto.i16, i16 %X_line_235_reload"   --->   Operation 13 'read' 'X_line_235_reload_read' <Predicate = true> <Delay = 0.00>
ST_1 : Operation 14 [1/1] (0.00ns)   --->   "%X_line_231_reload_read = read i16 @_ssdm_op_Read.ap_auto.i16, i16 %X_line_231_reload"   --->   Operation 14 'read' 'X_line_231_reload_read' <Predicate = true> <Delay = 0.00>
ST_1 : Operation 15 [1/1] (0.00ns)   --->   "%X_line_227_reload_read = read i16 @_ssdm_op_Read.ap_auto.i16, i16 %X_line_227_reload"   --->   Operation 15 'read' 'X_line_227_reload_read' <Predicate = true> <Delay = 0.00>
ST_1 : Operation 16 [1/1] (0.00ns)   --->   "%X_line_223_reload_read = read i16 @_ssdm_op_Read.ap_auto.i16, i16 %X_line_223_reload"   --->   Operation 16 'read' 'X_line_223_reload_read' <Predicate = true> <Delay = 0.00>
ST_1 : Operation 17 [1/1] (0.00ns)   --->   "%X_line_219_reload_read = read i16 @_ssdm_op_Read.ap_auto.i16, i16 %X_line_219_reload"   --->   Operation 17 'read' 'X_line_219_reload_read' <Predicate = true> <Delay = 0.00>
ST_1 : Operation 18 [1/1] (0.00ns)   --->   "%X_line_215_reload_read = read i16 @_ssdm_op_Read.ap_auto.i16, i16 %X_line_215_reload"   --->   Operation 18 'read' 'X_line_215_reload_read' <Predicate = true> <Delay = 0.00>
ST_1 : Operation 19 [1/1] (0.00ns)   --->   "%X_line_211_reload_read = read i16 @_ssdm_op_Read.ap_auto.i16, i16 %X_line_211_reload"   --->   Operation 19 'read' 'X_line_211_reload_read' <Predicate = true> <Delay = 0.00>
ST_1 : Operation 20 [1/1] (0.00ns)   --->   "%X_line_207_reload_read = read i16 @_ssdm_op_Read.ap_auto.i16, i16 %X_line_207_reload"   --->   Operation 20 'read' 'X_line_207_reload_read' <Predicate = true> <Delay = 0.00>
ST_1 : Operation 21 [1/1] (0.00ns)   --->   "%X_line_203_reload_read = read i16 @_ssdm_op_Read.ap_auto.i16, i16 %X_line_203_reload"   --->   Operation 21 'read' 'X_line_203_reload_read' <Predicate = true> <Delay = 0.00>
ST_1 : Operation 22 [1/1] (0.00ns)   --->   "%X_line_199_reload_read = read i16 @_ssdm_op_Read.ap_auto.i16, i16 %X_line_199_reload"   --->   Operation 22 'read' 'X_line_199_reload_read' <Predicate = true> <Delay = 0.00>
ST_1 : Operation 23 [1/1] (0.00ns)   --->   "%X_line_195_reload_read = read i16 @_ssdm_op_Read.ap_auto.i16, i16 %X_line_195_reload"   --->   Operation 23 'read' 'X_line_195_reload_read' <Predicate = true> <Delay = 0.00>
ST_1 : Operation 24 [1/1] (0.00ns)   --->   "%X_line_254_reload_read = read i16 @_ssdm_op_Read.ap_auto.i16, i16 %X_line_254_reload"   --->   Operation 24 'read' 'X_line_254_reload_read' <Predicate = true> <Delay = 0.00>
ST_1 : Operation 25 [1/1] (0.00ns)   --->   "%X_line_250_reload_read = read i16 @_ssdm_op_Read.ap_auto.i16, i16 %X_line_250_reload"   --->   Operation 25 'read' 'X_line_250_reload_read' <Predicate = true> <Delay = 0.00>
ST_1 : Operation 26 [1/1] (0.00ns)   --->   "%X_line_246_reload_read = read i16 @_ssdm_op_Read.ap_auto.i16, i16 %X_line_246_reload"   --->   Operation 26 'read' 'X_line_246_reload_read' <Predicate = true> <Delay = 0.00>
ST_1 : Operation 27 [1/1] (0.00ns)   --->   "%X_line_242_reload_read = read i16 @_ssdm_op_Read.ap_auto.i16, i16 %X_line_242_reload"   --->   Operation 27 'read' 'X_line_242_reload_read' <Predicate = true> <Delay = 0.00>
ST_1 : Operation 28 [1/1] (0.00ns)   --->   "%X_line_238_reload_read = read i16 @_ssdm_op_Read.ap_auto.i16, i16 %X_line_238_reload"   --->   Operation 28 'read' 'X_line_238_reload_read' <Predicate = true> <Delay = 0.00>
ST_1 : Operation 29 [1/1] (0.00ns)   --->   "%X_line_234_reload_read = read i16 @_ssdm_op_Read.ap_auto.i16, i16 %X_line_234_reload"   --->   Operation 29 'read' 'X_line_234_reload_read' <Predicate = true> <Delay = 0.00>
ST_1 : Operation 30 [1/1] (0.00ns)   --->   "%X_line_230_reload_read = read i16 @_ssdm_op_Read.ap_auto.i16, i16 %X_line_230_reload"   --->   Operation 30 'read' 'X_line_230_reload_read' <Predicate = true> <Delay = 0.00>
ST_1 : Operation 31 [1/1] (0.00ns)   --->   "%X_line_226_reload_read = read i16 @_ssdm_op_Read.ap_auto.i16, i16 %X_line_226_reload"   --->   Operation 31 'read' 'X_line_226_reload_read' <Predicate = true> <Delay = 0.00>
ST_1 : Operation 32 [1/1] (0.00ns)   --->   "%X_line_222_reload_read = read i16 @_ssdm_op_Read.ap_auto.i16, i16 %X_line_222_reload"   --->   Operation 32 'read' 'X_line_222_reload_read' <Predicate = true> <Delay = 0.00>
ST_1 : Operation 33 [1/1] (0.00ns)   --->   "%X_line_218_reload_read = read i16 @_ssdm_op_Read.ap_auto.i16, i16 %X_line_218_reload"   --->   Operation 33 'read' 'X_line_218_reload_read' <Predicate = true> <Delay = 0.00>
ST_1 : Operation 34 [1/1] (0.00ns)   --->   "%X_line_214_reload_read = read i16 @_ssdm_op_Read.ap_auto.i16, i16 %X_line_214_reload"   --->   Operation 34 'read' 'X_line_214_reload_read' <Predicate = true> <Delay = 0.00>
ST_1 : Operation 35 [1/1] (0.00ns)   --->   "%X_line_210_reload_read = read i16 @_ssdm_op_Read.ap_auto.i16, i16 %X_line_210_reload"   --->   Operation 35 'read' 'X_line_210_reload_read' <Predicate = true> <Delay = 0.00>
ST_1 : Operation 36 [1/1] (0.00ns)   --->   "%X_line_206_reload_read = read i16 @_ssdm_op_Read.ap_auto.i16, i16 %X_line_206_reload"   --->   Operation 36 'read' 'X_line_206_reload_read' <Predicate = true> <Delay = 0.00>
ST_1 : Operation 37 [1/1] (0.00ns)   --->   "%X_line_202_reload_read = read i16 @_ssdm_op_Read.ap_auto.i16, i16 %X_line_202_reload"   --->   Operation 37 'read' 'X_line_202_reload_read' <Predicate = true> <Delay = 0.00>
ST_1 : Operation 38 [1/1] (0.00ns)   --->   "%X_line_198_reload_read = read i16 @_ssdm_op_Read.ap_auto.i16, i16 %X_line_198_reload"   --->   Operation 38 'read' 'X_line_198_reload_read' <Predicate = true> <Delay = 0.00>
ST_1 : Operation 39 [1/1] (0.00ns)   --->   "%X_line_194_reload_read = read i16 @_ssdm_op_Read.ap_auto.i16, i16 %X_line_194_reload"   --->   Operation 39 'read' 'X_line_194_reload_read' <Predicate = true> <Delay = 0.00>
ST_1 : Operation 40 [1/1] (0.00ns)   --->   "%X_line_253_reload_read = read i16 @_ssdm_op_Read.ap_auto.i16, i16 %X_line_253_reload"   --->   Operation 40 'read' 'X_line_253_reload_read' <Predicate = true> <Delay = 0.00>
ST_1 : Operation 41 [1/1] (0.00ns)   --->   "%X_line_249_reload_read = read i16 @_ssdm_op_Read.ap_auto.i16, i16 %X_line_249_reload"   --->   Operation 41 'read' 'X_line_249_reload_read' <Predicate = true> <Delay = 0.00>
ST_1 : Operation 42 [1/1] (0.00ns)   --->   "%X_line_245_reload_read = read i16 @_ssdm_op_Read.ap_auto.i16, i16 %X_line_245_reload"   --->   Operation 42 'read' 'X_line_245_reload_read' <Predicate = true> <Delay = 0.00>
ST_1 : Operation 43 [1/1] (0.00ns)   --->   "%X_line_241_reload_read = read i16 @_ssdm_op_Read.ap_auto.i16, i16 %X_line_241_reload"   --->   Operation 43 'read' 'X_line_241_reload_read' <Predicate = true> <Delay = 0.00>
ST_1 : Operation 44 [1/1] (0.00ns)   --->   "%X_line_237_reload_read = read i16 @_ssdm_op_Read.ap_auto.i16, i16 %X_line_237_reload"   --->   Operation 44 'read' 'X_line_237_reload_read' <Predicate = true> <Delay = 0.00>
ST_1 : Operation 45 [1/1] (0.00ns)   --->   "%X_line_233_reload_read = read i16 @_ssdm_op_Read.ap_auto.i16, i16 %X_line_233_reload"   --->   Operation 45 'read' 'X_line_233_reload_read' <Predicate = true> <Delay = 0.00>
ST_1 : Operation 46 [1/1] (0.00ns)   --->   "%X_line_229_reload_read = read i16 @_ssdm_op_Read.ap_auto.i16, i16 %X_line_229_reload"   --->   Operation 46 'read' 'X_line_229_reload_read' <Predicate = true> <Delay = 0.00>
ST_1 : Operation 47 [1/1] (0.00ns)   --->   "%X_line_225_reload_read = read i16 @_ssdm_op_Read.ap_auto.i16, i16 %X_line_225_reload"   --->   Operation 47 'read' 'X_line_225_reload_read' <Predicate = true> <Delay = 0.00>
ST_1 : Operation 48 [1/1] (0.00ns)   --->   "%X_line_221_reload_read = read i16 @_ssdm_op_Read.ap_auto.i16, i16 %X_line_221_reload"   --->   Operation 48 'read' 'X_line_221_reload_read' <Predicate = true> <Delay = 0.00>
ST_1 : Operation 49 [1/1] (0.00ns)   --->   "%X_line_217_reload_read = read i16 @_ssdm_op_Read.ap_auto.i16, i16 %X_line_217_reload"   --->   Operation 49 'read' 'X_line_217_reload_read' <Predicate = true> <Delay = 0.00>
ST_1 : Operation 50 [1/1] (0.00ns)   --->   "%X_line_213_reload_read = read i16 @_ssdm_op_Read.ap_auto.i16, i16 %X_line_213_reload"   --->   Operation 50 'read' 'X_line_213_reload_read' <Predicate = true> <Delay = 0.00>
ST_1 : Operation 51 [1/1] (0.00ns)   --->   "%X_line_209_reload_read = read i16 @_ssdm_op_Read.ap_auto.i16, i16 %X_line_209_reload"   --->   Operation 51 'read' 'X_line_209_reload_read' <Predicate = true> <Delay = 0.00>
ST_1 : Operation 52 [1/1] (0.00ns)   --->   "%X_line_205_reload_read = read i16 @_ssdm_op_Read.ap_auto.i16, i16 %X_line_205_reload"   --->   Operation 52 'read' 'X_line_205_reload_read' <Predicate = true> <Delay = 0.00>
ST_1 : Operation 53 [1/1] (0.00ns)   --->   "%X_line_201_reload_read = read i16 @_ssdm_op_Read.ap_auto.i16, i16 %X_line_201_reload"   --->   Operation 53 'read' 'X_line_201_reload_read' <Predicate = true> <Delay = 0.00>
ST_1 : Operation 54 [1/1] (0.00ns)   --->   "%X_line_197_reload_read = read i16 @_ssdm_op_Read.ap_auto.i16, i16 %X_line_197_reload"   --->   Operation 54 'read' 'X_line_197_reload_read' <Predicate = true> <Delay = 0.00>
ST_1 : Operation 55 [1/1] (0.00ns)   --->   "%X_line_193_reload_read = read i16 @_ssdm_op_Read.ap_auto.i16, i16 %X_line_193_reload"   --->   Operation 55 'read' 'X_line_193_reload_read' <Predicate = true> <Delay = 0.00>
ST_1 : Operation 56 [1/1] (0.00ns)   --->   "%sext_ln110_63_read = read i16 @_ssdm_op_Read.ap_auto.i16, i16 %sext_ln110_63"   --->   Operation 56 'read' 'sext_ln110_63_read' <Predicate = true> <Delay = 0.00>
ST_1 : Operation 57 [1/1] (0.00ns)   --->   "%sext_ln110_62_read = read i16 @_ssdm_op_Read.ap_auto.i16, i16 %sext_ln110_62"   --->   Operation 57 'read' 'sext_ln110_62_read' <Predicate = true> <Delay = 0.00>
ST_1 : Operation 58 [1/1] (0.00ns)   --->   "%sext_ln110_61_read = read i16 @_ssdm_op_Read.ap_auto.i16, i16 %sext_ln110_61"   --->   Operation 58 'read' 'sext_ln110_61_read' <Predicate = true> <Delay = 0.00>
ST_1 : Operation 59 [1/1] (0.00ns)   --->   "%sext_ln110_60_read = read i16 @_ssdm_op_Read.ap_auto.i16, i16 %sext_ln110_60"   --->   Operation 59 'read' 'sext_ln110_60_read' <Predicate = true> <Delay = 0.00>
ST_1 : Operation 60 [1/1] (0.00ns)   --->   "%sext_ln110_59_read = read i16 @_ssdm_op_Read.ap_auto.i16, i16 %sext_ln110_59"   --->   Operation 60 'read' 'sext_ln110_59_read' <Predicate = true> <Delay = 0.00>
ST_1 : Operation 61 [1/1] (0.00ns)   --->   "%sext_ln110_58_read = read i16 @_ssdm_op_Read.ap_auto.i16, i16 %sext_ln110_58"   --->   Operation 61 'read' 'sext_ln110_58_read' <Predicate = true> <Delay = 0.00>
ST_1 : Operation 62 [1/1] (0.00ns)   --->   "%sext_ln110_57_read = read i16 @_ssdm_op_Read.ap_auto.i16, i16 %sext_ln110_57"   --->   Operation 62 'read' 'sext_ln110_57_read' <Predicate = true> <Delay = 0.00>
ST_1 : Operation 63 [1/1] (0.00ns)   --->   "%sext_ln110_56_read = read i16 @_ssdm_op_Read.ap_auto.i16, i16 %sext_ln110_56"   --->   Operation 63 'read' 'sext_ln110_56_read' <Predicate = true> <Delay = 0.00>
ST_1 : Operation 64 [1/1] (0.00ns)   --->   "%sext_ln110_55_read = read i16 @_ssdm_op_Read.ap_auto.i16, i16 %sext_ln110_55"   --->   Operation 64 'read' 'sext_ln110_55_read' <Predicate = true> <Delay = 0.00>
ST_1 : Operation 65 [1/1] (0.00ns)   --->   "%sext_ln110_54_read = read i16 @_ssdm_op_Read.ap_auto.i16, i16 %sext_ln110_54"   --->   Operation 65 'read' 'sext_ln110_54_read' <Predicate = true> <Delay = 0.00>
ST_1 : Operation 66 [1/1] (0.00ns)   --->   "%sext_ln110_53_read = read i16 @_ssdm_op_Read.ap_auto.i16, i16 %sext_ln110_53"   --->   Operation 66 'read' 'sext_ln110_53_read' <Predicate = true> <Delay = 0.00>
ST_1 : Operation 67 [1/1] (0.00ns)   --->   "%sext_ln110_52_read = read i16 @_ssdm_op_Read.ap_auto.i16, i16 %sext_ln110_52"   --->   Operation 67 'read' 'sext_ln110_52_read' <Predicate = true> <Delay = 0.00>
ST_1 : Operation 68 [1/1] (0.00ns)   --->   "%sext_ln110_51_read = read i16 @_ssdm_op_Read.ap_auto.i16, i16 %sext_ln110_51"   --->   Operation 68 'read' 'sext_ln110_51_read' <Predicate = true> <Delay = 0.00>
ST_1 : Operation 69 [1/1] (0.00ns)   --->   "%sext_ln110_50_read = read i16 @_ssdm_op_Read.ap_auto.i16, i16 %sext_ln110_50"   --->   Operation 69 'read' 'sext_ln110_50_read' <Predicate = true> <Delay = 0.00>
ST_1 : Operation 70 [1/1] (0.00ns)   --->   "%sext_ln110_49_read = read i16 @_ssdm_op_Read.ap_auto.i16, i16 %sext_ln110_49"   --->   Operation 70 'read' 'sext_ln110_49_read' <Predicate = true> <Delay = 0.00>
ST_1 : Operation 71 [1/1] (0.00ns)   --->   "%sext_ln110_48_read = read i16 @_ssdm_op_Read.ap_auto.i16, i16 %sext_ln110_48"   --->   Operation 71 'read' 'sext_ln110_48_read' <Predicate = true> <Delay = 0.00>
ST_1 : Operation 72 [1/1] (0.00ns)   --->   "%sext_ln110_47_read = read i16 @_ssdm_op_Read.ap_auto.i16, i16 %sext_ln110_47"   --->   Operation 72 'read' 'sext_ln110_47_read' <Predicate = true> <Delay = 0.00>
ST_1 : Operation 73 [1/1] (0.00ns)   --->   "%sext_ln110_46_read = read i16 @_ssdm_op_Read.ap_auto.i16, i16 %sext_ln110_46"   --->   Operation 73 'read' 'sext_ln110_46_read' <Predicate = true> <Delay = 0.00>
ST_1 : Operation 74 [1/1] (0.00ns)   --->   "%sext_ln110_45_read = read i16 @_ssdm_op_Read.ap_auto.i16, i16 %sext_ln110_45"   --->   Operation 74 'read' 'sext_ln110_45_read' <Predicate = true> <Delay = 0.00>
ST_1 : Operation 75 [1/1] (0.00ns)   --->   "%sext_ln110_44_read = read i16 @_ssdm_op_Read.ap_auto.i16, i16 %sext_ln110_44"   --->   Operation 75 'read' 'sext_ln110_44_read' <Predicate = true> <Delay = 0.00>
ST_1 : Operation 76 [1/1] (0.00ns)   --->   "%sext_ln110_43_read = read i16 @_ssdm_op_Read.ap_auto.i16, i16 %sext_ln110_43"   --->   Operation 76 'read' 'sext_ln110_43_read' <Predicate = true> <Delay = 0.00>
ST_1 : Operation 77 [1/1] (0.00ns)   --->   "%sext_ln110_42_read = read i16 @_ssdm_op_Read.ap_auto.i16, i16 %sext_ln110_42"   --->   Operation 77 'read' 'sext_ln110_42_read' <Predicate = true> <Delay = 0.00>
ST_1 : Operation 78 [1/1] (0.00ns)   --->   "%sext_ln110_41_read = read i16 @_ssdm_op_Read.ap_auto.i16, i16 %sext_ln110_41"   --->   Operation 78 'read' 'sext_ln110_41_read' <Predicate = true> <Delay = 0.00>
ST_1 : Operation 79 [1/1] (0.00ns)   --->   "%sext_ln110_40_read = read i16 @_ssdm_op_Read.ap_auto.i16, i16 %sext_ln110_40"   --->   Operation 79 'read' 'sext_ln110_40_read' <Predicate = true> <Delay = 0.00>
ST_1 : Operation 80 [1/1] (0.00ns)   --->   "%sext_ln110_39_read = read i16 @_ssdm_op_Read.ap_auto.i16, i16 %sext_ln110_39"   --->   Operation 80 'read' 'sext_ln110_39_read' <Predicate = true> <Delay = 0.00>
ST_1 : Operation 81 [1/1] (0.00ns)   --->   "%sext_ln110_38_read = read i16 @_ssdm_op_Read.ap_auto.i16, i16 %sext_ln110_38"   --->   Operation 81 'read' 'sext_ln110_38_read' <Predicate = true> <Delay = 0.00>
ST_1 : Operation 82 [1/1] (0.00ns)   --->   "%sext_ln110_37_read = read i16 @_ssdm_op_Read.ap_auto.i16, i16 %sext_ln110_37"   --->   Operation 82 'read' 'sext_ln110_37_read' <Predicate = true> <Delay = 0.00>
ST_1 : Operation 83 [1/1] (0.00ns)   --->   "%sext_ln110_36_read = read i16 @_ssdm_op_Read.ap_auto.i16, i16 %sext_ln110_36"   --->   Operation 83 'read' 'sext_ln110_36_read' <Predicate = true> <Delay = 0.00>
ST_1 : Operation 84 [1/1] (0.00ns)   --->   "%sext_ln110_35_read = read i16 @_ssdm_op_Read.ap_auto.i16, i16 %sext_ln110_35"   --->   Operation 84 'read' 'sext_ln110_35_read' <Predicate = true> <Delay = 0.00>
ST_1 : Operation 85 [1/1] (0.00ns)   --->   "%sext_ln110_34_read = read i16 @_ssdm_op_Read.ap_auto.i16, i16 %sext_ln110_34"   --->   Operation 85 'read' 'sext_ln110_34_read' <Predicate = true> <Delay = 0.00>
ST_1 : Operation 86 [1/1] (0.00ns)   --->   "%sext_ln110_33_read = read i16 @_ssdm_op_Read.ap_auto.i16, i16 %sext_ln110_33"   --->   Operation 86 'read' 'sext_ln110_33_read' <Predicate = true> <Delay = 0.00>
ST_1 : Operation 87 [1/1] (0.00ns)   --->   "%sext_ln110_32_read = read i16 @_ssdm_op_Read.ap_auto.i16, i16 %sext_ln110_32"   --->   Operation 87 'read' 'sext_ln110_32_read' <Predicate = true> <Delay = 0.00>
ST_1 : Operation 88 [1/1] (0.00ns)   --->   "%sext_ln110_31_read = read i16 @_ssdm_op_Read.ap_auto.i16, i16 %sext_ln110_31"   --->   Operation 88 'read' 'sext_ln110_31_read' <Predicate = true> <Delay = 0.00>
ST_1 : Operation 89 [1/1] (0.00ns)   --->   "%sext_ln110_30_read = read i16 @_ssdm_op_Read.ap_auto.i16, i16 %sext_ln110_30"   --->   Operation 89 'read' 'sext_ln110_30_read' <Predicate = true> <Delay = 0.00>
ST_1 : Operation 90 [1/1] (0.00ns)   --->   "%sext_ln110_29_read = read i16 @_ssdm_op_Read.ap_auto.i16, i16 %sext_ln110_29"   --->   Operation 90 'read' 'sext_ln110_29_read' <Predicate = true> <Delay = 0.00>
ST_1 : Operation 91 [1/1] (0.00ns)   --->   "%sext_ln110_28_read = read i16 @_ssdm_op_Read.ap_auto.i16, i16 %sext_ln110_28"   --->   Operation 91 'read' 'sext_ln110_28_read' <Predicate = true> <Delay = 0.00>
ST_1 : Operation 92 [1/1] (0.00ns)   --->   "%sext_ln110_27_read = read i16 @_ssdm_op_Read.ap_auto.i16, i16 %sext_ln110_27"   --->   Operation 92 'read' 'sext_ln110_27_read' <Predicate = true> <Delay = 0.00>
ST_1 : Operation 93 [1/1] (0.00ns)   --->   "%sext_ln110_26_read = read i16 @_ssdm_op_Read.ap_auto.i16, i16 %sext_ln110_26"   --->   Operation 93 'read' 'sext_ln110_26_read' <Predicate = true> <Delay = 0.00>
ST_1 : Operation 94 [1/1] (0.00ns)   --->   "%sext_ln110_25_read = read i16 @_ssdm_op_Read.ap_auto.i16, i16 %sext_ln110_25"   --->   Operation 94 'read' 'sext_ln110_25_read' <Predicate = true> <Delay = 0.00>
ST_1 : Operation 95 [1/1] (0.00ns)   --->   "%sext_ln110_24_read = read i16 @_ssdm_op_Read.ap_auto.i16, i16 %sext_ln110_24"   --->   Operation 95 'read' 'sext_ln110_24_read' <Predicate = true> <Delay = 0.00>
ST_1 : Operation 96 [1/1] (0.00ns)   --->   "%sext_ln110_23_read = read i16 @_ssdm_op_Read.ap_auto.i16, i16 %sext_ln110_23"   --->   Operation 96 'read' 'sext_ln110_23_read' <Predicate = true> <Delay = 0.00>
ST_1 : Operation 97 [1/1] (0.00ns)   --->   "%sext_ln110_22_read = read i16 @_ssdm_op_Read.ap_auto.i16, i16 %sext_ln110_22"   --->   Operation 97 'read' 'sext_ln110_22_read' <Predicate = true> <Delay = 0.00>
ST_1 : Operation 98 [1/1] (0.00ns)   --->   "%sext_ln110_21_read = read i16 @_ssdm_op_Read.ap_auto.i16, i16 %sext_ln110_21"   --->   Operation 98 'read' 'sext_ln110_21_read' <Predicate = true> <Delay = 0.00>
ST_1 : Operation 99 [1/1] (0.00ns)   --->   "%sext_ln110_20_read = read i16 @_ssdm_op_Read.ap_auto.i16, i16 %sext_ln110_20"   --->   Operation 99 'read' 'sext_ln110_20_read' <Predicate = true> <Delay = 0.00>
ST_1 : Operation 100 [1/1] (0.00ns)   --->   "%sext_ln110_19_read = read i16 @_ssdm_op_Read.ap_auto.i16, i16 %sext_ln110_19"   --->   Operation 100 'read' 'sext_ln110_19_read' <Predicate = true> <Delay = 0.00>
ST_1 : Operation 101 [1/1] (0.00ns)   --->   "%sext_ln110_18_read = read i16 @_ssdm_op_Read.ap_auto.i16, i16 %sext_ln110_18"   --->   Operation 101 'read' 'sext_ln110_18_read' <Predicate = true> <Delay = 0.00>
ST_1 : Operation 102 [1/1] (0.00ns)   --->   "%sext_ln110_17_read = read i16 @_ssdm_op_Read.ap_auto.i16, i16 %sext_ln110_17"   --->   Operation 102 'read' 'sext_ln110_17_read' <Predicate = true> <Delay = 0.00>
ST_1 : Operation 103 [1/1] (0.00ns)   --->   "%sext_ln110_16_read = read i16 @_ssdm_op_Read.ap_auto.i16, i16 %sext_ln110_16"   --->   Operation 103 'read' 'sext_ln110_16_read' <Predicate = true> <Delay = 0.00>
ST_1 : Operation 104 [1/1] (0.00ns)   --->   "%sext_ln110_15_read = read i16 @_ssdm_op_Read.ap_auto.i16, i16 %sext_ln110_15"   --->   Operation 104 'read' 'sext_ln110_15_read' <Predicate = true> <Delay = 0.00>
ST_1 : Operation 105 [1/1] (0.00ns)   --->   "%sext_ln110_14_read = read i16 @_ssdm_op_Read.ap_auto.i16, i16 %sext_ln110_14"   --->   Operation 105 'read' 'sext_ln110_14_read' <Predicate = true> <Delay = 0.00>
ST_1 : Operation 106 [1/1] (0.00ns)   --->   "%sext_ln110_13_read = read i16 @_ssdm_op_Read.ap_auto.i16, i16 %sext_ln110_13"   --->   Operation 106 'read' 'sext_ln110_13_read' <Predicate = true> <Delay = 0.00>
ST_1 : Operation 107 [1/1] (0.00ns)   --->   "%sext_ln110_12_read = read i16 @_ssdm_op_Read.ap_auto.i16, i16 %sext_ln110_12"   --->   Operation 107 'read' 'sext_ln110_12_read' <Predicate = true> <Delay = 0.00>
ST_1 : Operation 108 [1/1] (0.00ns)   --->   "%sext_ln110_11_read = read i16 @_ssdm_op_Read.ap_auto.i16, i16 %sext_ln110_11"   --->   Operation 108 'read' 'sext_ln110_11_read' <Predicate = true> <Delay = 0.00>
ST_1 : Operation 109 [1/1] (0.00ns)   --->   "%sext_ln110_10_read = read i16 @_ssdm_op_Read.ap_auto.i16, i16 %sext_ln110_10"   --->   Operation 109 'read' 'sext_ln110_10_read' <Predicate = true> <Delay = 0.00>
ST_1 : Operation 110 [1/1] (0.00ns)   --->   "%sext_ln110_9_read = read i16 @_ssdm_op_Read.ap_auto.i16, i16 %sext_ln110_9"   --->   Operation 110 'read' 'sext_ln110_9_read' <Predicate = true> <Delay = 0.00>
ST_1 : Operation 111 [1/1] (0.00ns)   --->   "%sext_ln110_8_read = read i16 @_ssdm_op_Read.ap_auto.i16, i16 %sext_ln110_8"   --->   Operation 111 'read' 'sext_ln110_8_read' <Predicate = true> <Delay = 0.00>
ST_1 : Operation 112 [1/1] (0.00ns)   --->   "%sext_ln110_7_read = read i16 @_ssdm_op_Read.ap_auto.i16, i16 %sext_ln110_7"   --->   Operation 112 'read' 'sext_ln110_7_read' <Predicate = true> <Delay = 0.00>
ST_1 : Operation 113 [1/1] (0.00ns)   --->   "%sext_ln110_6_read = read i16 @_ssdm_op_Read.ap_auto.i16, i16 %sext_ln110_6"   --->   Operation 113 'read' 'sext_ln110_6_read' <Predicate = true> <Delay = 0.00>
ST_1 : Operation 114 [1/1] (0.00ns)   --->   "%sext_ln110_5_read = read i16 @_ssdm_op_Read.ap_auto.i16, i16 %sext_ln110_5"   --->   Operation 114 'read' 'sext_ln110_5_read' <Predicate = true> <Delay = 0.00>
ST_1 : Operation 115 [1/1] (0.00ns)   --->   "%sext_ln110_4_read = read i16 @_ssdm_op_Read.ap_auto.i16, i16 %sext_ln110_4"   --->   Operation 115 'read' 'sext_ln110_4_read' <Predicate = true> <Delay = 0.00>
ST_1 : Operation 116 [1/1] (0.00ns)   --->   "%sext_ln110_3_read = read i16 @_ssdm_op_Read.ap_auto.i16, i16 %sext_ln110_3"   --->   Operation 116 'read' 'sext_ln110_3_read' <Predicate = true> <Delay = 0.00>
ST_1 : Operation 117 [1/1] (0.00ns)   --->   "%sext_ln110_2_read = read i16 @_ssdm_op_Read.ap_auto.i16, i16 %sext_ln110_2"   --->   Operation 117 'read' 'sext_ln110_2_read' <Predicate = true> <Delay = 0.00>
ST_1 : Operation 118 [1/1] (0.00ns)   --->   "%sext_ln110_1_read = read i16 @_ssdm_op_Read.ap_auto.i16, i16 %sext_ln110_1"   --->   Operation 118 'read' 'sext_ln110_1_read' <Predicate = true> <Delay = 0.00>
ST_1 : Operation 119 [1/1] (0.00ns)   --->   "%sext_ln110_read = read i16 @_ssdm_op_Read.ap_auto.i16, i16 %sext_ln110"   --->   Operation 119 'read' 'sext_ln110_read' <Predicate = true> <Delay = 0.00>
ST_1 : Operation 120 [1/1] (0.00ns)   --->   "%X_line_252_reload_read = read i16 @_ssdm_op_Read.ap_auto.i16, i16 %X_line_252_reload"   --->   Operation 120 'read' 'X_line_252_reload_read' <Predicate = true> <Delay = 0.00>
ST_1 : Operation 121 [1/1] (0.00ns)   --->   "%X_line_248_reload_read = read i16 @_ssdm_op_Read.ap_auto.i16, i16 %X_line_248_reload"   --->   Operation 121 'read' 'X_line_248_reload_read' <Predicate = true> <Delay = 0.00>
ST_1 : Operation 122 [1/1] (0.00ns)   --->   "%X_line_244_reload_read = read i16 @_ssdm_op_Read.ap_auto.i16, i16 %X_line_244_reload"   --->   Operation 122 'read' 'X_line_244_reload_read' <Predicate = true> <Delay = 0.00>
ST_1 : Operation 123 [1/1] (0.00ns)   --->   "%X_line_240_reload_read = read i16 @_ssdm_op_Read.ap_auto.i16, i16 %X_line_240_reload"   --->   Operation 123 'read' 'X_line_240_reload_read' <Predicate = true> <Delay = 0.00>
ST_1 : Operation 124 [1/1] (0.00ns)   --->   "%X_line_236_reload_read = read i16 @_ssdm_op_Read.ap_auto.i16, i16 %X_line_236_reload"   --->   Operation 124 'read' 'X_line_236_reload_read' <Predicate = true> <Delay = 0.00>
ST_1 : Operation 125 [1/1] (0.00ns)   --->   "%X_line_232_reload_read = read i16 @_ssdm_op_Read.ap_auto.i16, i16 %X_line_232_reload"   --->   Operation 125 'read' 'X_line_232_reload_read' <Predicate = true> <Delay = 0.00>
ST_1 : Operation 126 [1/1] (0.00ns)   --->   "%X_line_228_reload_read = read i16 @_ssdm_op_Read.ap_auto.i16, i16 %X_line_228_reload"   --->   Operation 126 'read' 'X_line_228_reload_read' <Predicate = true> <Delay = 0.00>
ST_1 : Operation 127 [1/1] (0.00ns)   --->   "%X_line_224_reload_read = read i16 @_ssdm_op_Read.ap_auto.i16, i16 %X_line_224_reload"   --->   Operation 127 'read' 'X_line_224_reload_read' <Predicate = true> <Delay = 0.00>
ST_1 : Operation 128 [1/1] (0.00ns)   --->   "%X_line_220_reload_read = read i16 @_ssdm_op_Read.ap_auto.i16, i16 %X_line_220_reload"   --->   Operation 128 'read' 'X_line_220_reload_read' <Predicate = true> <Delay = 0.00>
ST_1 : Operation 129 [1/1] (0.00ns)   --->   "%X_line_216_reload_read = read i16 @_ssdm_op_Read.ap_auto.i16, i16 %X_line_216_reload"   --->   Operation 129 'read' 'X_line_216_reload_read' <Predicate = true> <Delay = 0.00>
ST_1 : Operation 130 [1/1] (0.00ns)   --->   "%X_line_212_reload_read = read i16 @_ssdm_op_Read.ap_auto.i16, i16 %X_line_212_reload"   --->   Operation 130 'read' 'X_line_212_reload_read' <Predicate = true> <Delay = 0.00>
ST_1 : Operation 131 [1/1] (0.00ns)   --->   "%X_line_208_reload_read = read i16 @_ssdm_op_Read.ap_auto.i16, i16 %X_line_208_reload"   --->   Operation 131 'read' 'X_line_208_reload_read' <Predicate = true> <Delay = 0.00>
ST_1 : Operation 132 [1/1] (0.00ns)   --->   "%X_line_204_reload_read = read i16 @_ssdm_op_Read.ap_auto.i16, i16 %X_line_204_reload"   --->   Operation 132 'read' 'X_line_204_reload_read' <Predicate = true> <Delay = 0.00>
ST_1 : Operation 133 [1/1] (0.00ns)   --->   "%X_line_200_reload_read = read i16 @_ssdm_op_Read.ap_auto.i16, i16 %X_line_200_reload"   --->   Operation 133 'read' 'X_line_200_reload_read' <Predicate = true> <Delay = 0.00>
ST_1 : Operation 134 [1/1] (0.00ns)   --->   "%X_line_196_reload_read = read i16 @_ssdm_op_Read.ap_auto.i16, i16 %X_line_196_reload"   --->   Operation 134 'read' 'X_line_196_reload_read' <Predicate = true> <Delay = 0.00>
ST_1 : Operation 135 [1/1] (0.00ns)   --->   "%X_line_192_reload_read = read i16 @_ssdm_op_Read.ap_auto.i16, i16 %X_line_192_reload"   --->   Operation 135 'read' 'X_line_192_reload_read' <Predicate = true> <Delay = 0.00>
ST_1 : Operation 136 [1/1] (0.00ns)   --->   "%sext_ln110_63_cast = sext i16 %sext_ln110_63_read"   --->   Operation 136 'sext' 'sext_ln110_63_cast' <Predicate = true> <Delay = 0.00>
ST_1 : Operation 137 [1/1] (0.00ns)   --->   "%sext_ln110_62_cast = sext i16 %sext_ln110_62_read"   --->   Operation 137 'sext' 'sext_ln110_62_cast' <Predicate = true> <Delay = 0.00>
ST_1 : Operation 138 [1/1] (0.00ns)   --->   "%sext_ln110_61_cast = sext i16 %sext_ln110_61_read"   --->   Operation 138 'sext' 'sext_ln110_61_cast' <Predicate = true> <Delay = 0.00>
ST_1 : Operation 139 [1/1] (0.00ns)   --->   "%sext_ln110_60_cast = sext i16 %sext_ln110_60_read"   --->   Operation 139 'sext' 'sext_ln110_60_cast' <Predicate = true> <Delay = 0.00>
ST_1 : Operation 140 [1/1] (0.00ns)   --->   "%sext_ln110_59_cast = sext i16 %sext_ln110_59_read"   --->   Operation 140 'sext' 'sext_ln110_59_cast' <Predicate = true> <Delay = 0.00>
ST_1 : Operation 141 [1/1] (0.00ns)   --->   "%sext_ln110_58_cast = sext i16 %sext_ln110_58_read"   --->   Operation 141 'sext' 'sext_ln110_58_cast' <Predicate = true> <Delay = 0.00>
ST_1 : Operation 142 [1/1] (0.00ns)   --->   "%sext_ln110_57_cast = sext i16 %sext_ln110_57_read"   --->   Operation 142 'sext' 'sext_ln110_57_cast' <Predicate = true> <Delay = 0.00>
ST_1 : Operation 143 [1/1] (0.00ns)   --->   "%sext_ln110_56_cast = sext i16 %sext_ln110_56_read"   --->   Operation 143 'sext' 'sext_ln110_56_cast' <Predicate = true> <Delay = 0.00>
ST_1 : Operation 144 [1/1] (0.00ns)   --->   "%sext_ln110_55_cast = sext i16 %sext_ln110_55_read"   --->   Operation 144 'sext' 'sext_ln110_55_cast' <Predicate = true> <Delay = 0.00>
ST_1 : Operation 145 [1/1] (0.00ns)   --->   "%sext_ln110_54_cast = sext i16 %sext_ln110_54_read"   --->   Operation 145 'sext' 'sext_ln110_54_cast' <Predicate = true> <Delay = 0.00>
ST_1 : Operation 146 [1/1] (0.00ns)   --->   "%sext_ln110_53_cast = sext i16 %sext_ln110_53_read"   --->   Operation 146 'sext' 'sext_ln110_53_cast' <Predicate = true> <Delay = 0.00>
ST_1 : Operation 147 [1/1] (0.00ns)   --->   "%sext_ln110_52_cast = sext i16 %sext_ln110_52_read"   --->   Operation 147 'sext' 'sext_ln110_52_cast' <Predicate = true> <Delay = 0.00>
ST_1 : Operation 148 [1/1] (0.00ns)   --->   "%sext_ln110_51_cast = sext i16 %sext_ln110_51_read"   --->   Operation 148 'sext' 'sext_ln110_51_cast' <Predicate = true> <Delay = 0.00>
ST_1 : Operation 149 [1/1] (0.00ns)   --->   "%sext_ln110_50_cast = sext i16 %sext_ln110_50_read"   --->   Operation 149 'sext' 'sext_ln110_50_cast' <Predicate = true> <Delay = 0.00>
ST_1 : Operation 150 [1/1] (0.00ns)   --->   "%sext_ln110_49_cast = sext i16 %sext_ln110_49_read"   --->   Operation 150 'sext' 'sext_ln110_49_cast' <Predicate = true> <Delay = 0.00>
ST_1 : Operation 151 [1/1] (0.00ns)   --->   "%sext_ln110_48_cast = sext i16 %sext_ln110_48_read"   --->   Operation 151 'sext' 'sext_ln110_48_cast' <Predicate = true> <Delay = 0.00>
ST_1 : Operation 152 [1/1] (0.00ns)   --->   "%sext_ln110_47_cast = sext i16 %sext_ln110_47_read"   --->   Operation 152 'sext' 'sext_ln110_47_cast' <Predicate = true> <Delay = 0.00>
ST_1 : Operation 153 [1/1] (0.00ns)   --->   "%sext_ln110_46_cast = sext i16 %sext_ln110_46_read"   --->   Operation 153 'sext' 'sext_ln110_46_cast' <Predicate = true> <Delay = 0.00>
ST_1 : Operation 154 [1/1] (0.00ns)   --->   "%sext_ln110_45_cast = sext i16 %sext_ln110_45_read"   --->   Operation 154 'sext' 'sext_ln110_45_cast' <Predicate = true> <Delay = 0.00>
ST_1 : Operation 155 [1/1] (0.00ns)   --->   "%sext_ln110_44_cast = sext i16 %sext_ln110_44_read"   --->   Operation 155 'sext' 'sext_ln110_44_cast' <Predicate = true> <Delay = 0.00>
ST_1 : Operation 156 [1/1] (0.00ns)   --->   "%sext_ln110_43_cast = sext i16 %sext_ln110_43_read"   --->   Operation 156 'sext' 'sext_ln110_43_cast' <Predicate = true> <Delay = 0.00>
ST_1 : Operation 157 [1/1] (0.00ns)   --->   "%sext_ln110_42_cast = sext i16 %sext_ln110_42_read"   --->   Operation 157 'sext' 'sext_ln110_42_cast' <Predicate = true> <Delay = 0.00>
ST_1 : Operation 158 [1/1] (0.00ns)   --->   "%sext_ln110_41_cast = sext i16 %sext_ln110_41_read"   --->   Operation 158 'sext' 'sext_ln110_41_cast' <Predicate = true> <Delay = 0.00>
ST_1 : Operation 159 [1/1] (0.00ns)   --->   "%sext_ln110_40_cast = sext i16 %sext_ln110_40_read"   --->   Operation 159 'sext' 'sext_ln110_40_cast' <Predicate = true> <Delay = 0.00>
ST_1 : Operation 160 [1/1] (0.00ns)   --->   "%sext_ln110_39_cast = sext i16 %sext_ln110_39_read"   --->   Operation 160 'sext' 'sext_ln110_39_cast' <Predicate = true> <Delay = 0.00>
ST_1 : Operation 161 [1/1] (0.00ns)   --->   "%sext_ln110_38_cast = sext i16 %sext_ln110_38_read"   --->   Operation 161 'sext' 'sext_ln110_38_cast' <Predicate = true> <Delay = 0.00>
ST_1 : Operation 162 [1/1] (0.00ns)   --->   "%sext_ln110_37_cast = sext i16 %sext_ln110_37_read"   --->   Operation 162 'sext' 'sext_ln110_37_cast' <Predicate = true> <Delay = 0.00>
ST_1 : Operation 163 [1/1] (0.00ns)   --->   "%sext_ln110_36_cast = sext i16 %sext_ln110_36_read"   --->   Operation 163 'sext' 'sext_ln110_36_cast' <Predicate = true> <Delay = 0.00>
ST_1 : Operation 164 [1/1] (0.00ns)   --->   "%sext_ln110_35_cast = sext i16 %sext_ln110_35_read"   --->   Operation 164 'sext' 'sext_ln110_35_cast' <Predicate = true> <Delay = 0.00>
ST_1 : Operation 165 [1/1] (0.00ns)   --->   "%sext_ln110_34_cast = sext i16 %sext_ln110_34_read"   --->   Operation 165 'sext' 'sext_ln110_34_cast' <Predicate = true> <Delay = 0.00>
ST_1 : Operation 166 [1/1] (0.00ns)   --->   "%sext_ln110_33_cast = sext i16 %sext_ln110_33_read"   --->   Operation 166 'sext' 'sext_ln110_33_cast' <Predicate = true> <Delay = 0.00>
ST_1 : Operation 167 [1/1] (0.00ns)   --->   "%sext_ln110_32_cast = sext i16 %sext_ln110_32_read"   --->   Operation 167 'sext' 'sext_ln110_32_cast' <Predicate = true> <Delay = 0.00>
ST_1 : Operation 168 [1/1] (0.00ns)   --->   "%sext_ln110_31_cast = sext i16 %sext_ln110_31_read"   --->   Operation 168 'sext' 'sext_ln110_31_cast' <Predicate = true> <Delay = 0.00>
ST_1 : Operation 169 [1/1] (0.00ns)   --->   "%sext_ln110_30_cast = sext i16 %sext_ln110_30_read"   --->   Operation 169 'sext' 'sext_ln110_30_cast' <Predicate = true> <Delay = 0.00>
ST_1 : Operation 170 [1/1] (0.00ns)   --->   "%sext_ln110_29_cast = sext i16 %sext_ln110_29_read"   --->   Operation 170 'sext' 'sext_ln110_29_cast' <Predicate = true> <Delay = 0.00>
ST_1 : Operation 171 [1/1] (0.00ns)   --->   "%sext_ln110_28_cast = sext i16 %sext_ln110_28_read"   --->   Operation 171 'sext' 'sext_ln110_28_cast' <Predicate = true> <Delay = 0.00>
ST_1 : Operation 172 [1/1] (0.00ns)   --->   "%sext_ln110_27_cast = sext i16 %sext_ln110_27_read"   --->   Operation 172 'sext' 'sext_ln110_27_cast' <Predicate = true> <Delay = 0.00>
ST_1 : Operation 173 [1/1] (0.00ns)   --->   "%sext_ln110_26_cast = sext i16 %sext_ln110_26_read"   --->   Operation 173 'sext' 'sext_ln110_26_cast' <Predicate = true> <Delay = 0.00>
ST_1 : Operation 174 [1/1] (0.00ns)   --->   "%sext_ln110_25_cast = sext i16 %sext_ln110_25_read"   --->   Operation 174 'sext' 'sext_ln110_25_cast' <Predicate = true> <Delay = 0.00>
ST_1 : Operation 175 [1/1] (0.00ns)   --->   "%sext_ln110_24_cast = sext i16 %sext_ln110_24_read"   --->   Operation 175 'sext' 'sext_ln110_24_cast' <Predicate = true> <Delay = 0.00>
ST_1 : Operation 176 [1/1] (0.00ns)   --->   "%sext_ln110_23_cast = sext i16 %sext_ln110_23_read"   --->   Operation 176 'sext' 'sext_ln110_23_cast' <Predicate = true> <Delay = 0.00>
ST_1 : Operation 177 [1/1] (0.00ns)   --->   "%sext_ln110_22_cast = sext i16 %sext_ln110_22_read"   --->   Operation 177 'sext' 'sext_ln110_22_cast' <Predicate = true> <Delay = 0.00>
ST_1 : Operation 178 [1/1] (0.00ns)   --->   "%sext_ln110_21_cast = sext i16 %sext_ln110_21_read"   --->   Operation 178 'sext' 'sext_ln110_21_cast' <Predicate = true> <Delay = 0.00>
ST_1 : Operation 179 [1/1] (0.00ns)   --->   "%sext_ln110_20_cast = sext i16 %sext_ln110_20_read"   --->   Operation 179 'sext' 'sext_ln110_20_cast' <Predicate = true> <Delay = 0.00>
ST_1 : Operation 180 [1/1] (0.00ns)   --->   "%sext_ln110_19_cast = sext i16 %sext_ln110_19_read"   --->   Operation 180 'sext' 'sext_ln110_19_cast' <Predicate = true> <Delay = 0.00>
ST_1 : Operation 181 [1/1] (0.00ns)   --->   "%sext_ln110_18_cast = sext i16 %sext_ln110_18_read"   --->   Operation 181 'sext' 'sext_ln110_18_cast' <Predicate = true> <Delay = 0.00>
ST_1 : Operation 182 [1/1] (0.00ns)   --->   "%sext_ln110_17_cast = sext i16 %sext_ln110_17_read"   --->   Operation 182 'sext' 'sext_ln110_17_cast' <Predicate = true> <Delay = 0.00>
ST_1 : Operation 183 [1/1] (0.00ns)   --->   "%sext_ln110_16_cast = sext i16 %sext_ln110_16_read"   --->   Operation 183 'sext' 'sext_ln110_16_cast' <Predicate = true> <Delay = 0.00>
ST_1 : Operation 184 [1/1] (0.00ns)   --->   "%sext_ln110_15_cast = sext i16 %sext_ln110_15_read"   --->   Operation 184 'sext' 'sext_ln110_15_cast' <Predicate = true> <Delay = 0.00>
ST_1 : Operation 185 [1/1] (0.00ns)   --->   "%sext_ln110_14_cast = sext i16 %sext_ln110_14_read"   --->   Operation 185 'sext' 'sext_ln110_14_cast' <Predicate = true> <Delay = 0.00>
ST_1 : Operation 186 [1/1] (0.00ns)   --->   "%sext_ln110_13_cast = sext i16 %sext_ln110_13_read"   --->   Operation 186 'sext' 'sext_ln110_13_cast' <Predicate = true> <Delay = 0.00>
ST_1 : Operation 187 [1/1] (0.00ns)   --->   "%sext_ln110_12_cast = sext i16 %sext_ln110_12_read"   --->   Operation 187 'sext' 'sext_ln110_12_cast' <Predicate = true> <Delay = 0.00>
ST_1 : Operation 188 [1/1] (0.00ns)   --->   "%sext_ln110_11_cast = sext i16 %sext_ln110_11_read"   --->   Operation 188 'sext' 'sext_ln110_11_cast' <Predicate = true> <Delay = 0.00>
ST_1 : Operation 189 [1/1] (0.00ns)   --->   "%sext_ln110_10_cast = sext i16 %sext_ln110_10_read"   --->   Operation 189 'sext' 'sext_ln110_10_cast' <Predicate = true> <Delay = 0.00>
ST_1 : Operation 190 [1/1] (0.00ns)   --->   "%sext_ln110_9_cast = sext i16 %sext_ln110_9_read"   --->   Operation 190 'sext' 'sext_ln110_9_cast' <Predicate = true> <Delay = 0.00>
ST_1 : Operation 191 [1/1] (0.00ns)   --->   "%sext_ln110_8_cast = sext i16 %sext_ln110_8_read"   --->   Operation 191 'sext' 'sext_ln110_8_cast' <Predicate = true> <Delay = 0.00>
ST_1 : Operation 192 [1/1] (0.00ns)   --->   "%sext_ln110_7_cast = sext i16 %sext_ln110_7_read"   --->   Operation 192 'sext' 'sext_ln110_7_cast' <Predicate = true> <Delay = 0.00>
ST_1 : Operation 193 [1/1] (0.00ns)   --->   "%sext_ln110_6_cast = sext i16 %sext_ln110_6_read"   --->   Operation 193 'sext' 'sext_ln110_6_cast' <Predicate = true> <Delay = 0.00>
ST_1 : Operation 194 [1/1] (0.00ns)   --->   "%sext_ln110_5_cast = sext i16 %sext_ln110_5_read"   --->   Operation 194 'sext' 'sext_ln110_5_cast' <Predicate = true> <Delay = 0.00>
ST_1 : Operation 195 [1/1] (0.00ns)   --->   "%sext_ln110_4_cast = sext i16 %sext_ln110_4_read"   --->   Operation 195 'sext' 'sext_ln110_4_cast' <Predicate = true> <Delay = 0.00>
ST_1 : Operation 196 [1/1] (0.00ns)   --->   "%sext_ln110_3_cast = sext i16 %sext_ln110_3_read"   --->   Operation 196 'sext' 'sext_ln110_3_cast' <Predicate = true> <Delay = 0.00>
ST_1 : Operation 197 [1/1] (0.00ns)   --->   "%sext_ln110_2_cast = sext i16 %sext_ln110_2_read"   --->   Operation 197 'sext' 'sext_ln110_2_cast' <Predicate = true> <Delay = 0.00>
ST_1 : Operation 198 [1/1] (0.00ns)   --->   "%sext_ln110_1_cast = sext i16 %sext_ln110_1_read"   --->   Operation 198 'sext' 'sext_ln110_1_cast' <Predicate = true> <Delay = 0.00>
ST_1 : Operation 199 [1/1] (0.00ns)   --->   "%sext_ln110_cast = sext i16 %sext_ln110_read"   --->   Operation 199 'sext' 'sext_ln110_cast' <Predicate = true> <Delay = 0.00>
ST_1 : Operation 200 [1/1] (0.42ns)   --->   "%store_ln101 = store i7 0, i7 %i_outer" [src/integrated-gcn/gemm_stage.cpp:101]   --->   Operation 200 'store' 'store_ln101' <Predicate = true> <Delay = 0.42>
ST_1 : Operation 201 [1/1] (0.00ns)   --->   "%br_ln0 = br void %VITIS_LOOP_103_3"   --->   Operation 201 'br' 'br_ln0' <Predicate = true> <Delay = 0.00>
ST_1 : Operation 202 [1/1] (0.00ns)   --->   "%i_outer_1 = load i7 %i_outer" [src/integrated-gcn/gemm_stage.cpp:101]   --->   Operation 202 'load' 'i_outer_1' <Predicate = true> <Delay = 0.00>
ST_1 : Operation 203 [1/1] (0.00ns)   --->   "%tmp = bitselect i1 @_ssdm_op_BitSelect.i1.i7.i32, i7 %i_outer_1, i32 6" [src/integrated-gcn/gemm_stage.cpp:101]   --->   Operation 203 'bitselect' 'tmp' <Predicate = true> <Delay = 0.00>
ST_1 : Operation 204 [1/1] (0.00ns)   --->   "%br_ln101 = br i1 %tmp, void %VITIS_LOOP_103_3.split, void %for.inc82.exitStub" [src/integrated-gcn/gemm_stage.cpp:101]   --->   Operation 204 'br' 'br_ln101' <Predicate = true> <Delay = 0.00>
ST_1 : Operation 205 [1/1] (0.00ns)   --->   "%trunc_ln101 = trunc i7 %i_outer_1" [src/integrated-gcn/gemm_stage.cpp:101]   --->   Operation 205 'trunc' 'trunc_ln101' <Predicate = (!tmp)> <Delay = 0.00>
ST_1 : Operation 206 [1/1] (0.00ns)   --->   "%lshr_ln2 = partselect i4 @_ssdm_op_PartSelect.i4.i7.i32.i32, i7 %i_outer_1, i32 2, i32 5" [src/integrated-gcn/gemm_stage.cpp:101]   --->   Operation 206 'partselect' 'lshr_ln2' <Predicate = (!tmp)> <Delay = 0.00>
ST_1 : Operation 207 [1/1] (0.48ns)   --->   "%X_val = sparsemux i16 @_ssdm_op_SparseMux.ap_auto.16i16.i16.i6, i6 0, i16 %X_line_192_reload_read, i6 4, i16 %X_line_196_reload_read, i6 8, i16 %X_line_200_reload_read, i6 12, i16 %X_line_204_reload_read, i6 16, i16 %X_line_208_reload_read, i6 20, i16 %X_line_212_reload_read, i6 24, i16 %X_line_216_reload_read, i6 28, i16 %X_line_220_reload_read, i6 32, i16 %X_line_224_reload_read, i6 36, i16 %X_line_228_reload_read, i6 40, i16 %X_line_232_reload_read, i6 44, i16 %X_line_236_reload_read, i6 48, i16 %X_line_240_reload_read, i6 52, i16 %X_line_244_reload_read, i6 56, i16 %X_line_248_reload_read, i6 60, i16 %X_line_252_reload_read, i16 0, i6 %trunc_ln101" [src/integrated-gcn/gemm_stage.cpp:105]   --->   Operation 207 'sparsemux' 'X_val' <Predicate = (!tmp)> <Delay = 0.48> <CoreInst = "BinarySparseMux_DontCare">   --->   Core 149 'BinarySparseMux_DontCare' <Latency = 0> <II = 1> <Delay = 0.48> <FuncUnit> <Opcode : 'sparsemux'> <InPorts = 2> <OutPorts = 1>
ST_1 : Operation 208 [1/1] (0.00ns)   --->   "%sext_ln110_64 = sext i16 %X_val" [src/integrated-gcn/gemm_stage.cpp:110]   --->   Operation 208 'sext' 'sext_ln110_64' <Predicate = (!tmp)> <Delay = 0.00>
ST_1 : Operation 209 [3/3] (0.99ns) (grouped into DSP with root node add_ln110)   --->   "%mul_ln110 = mul i32 %sext_ln110_64, i32 %sext_ln110_cast" [src/integrated-gcn/gemm_stage.cpp:110]   --->   Operation 209 'mul' 'mul_ln110' <Predicate = (!tmp)> <Delay = 0.99> <CoreInst = "DSP48">   --->   Core 124 'DSP48' <Latency = 3> <II = 1> <Delay = 0.53> <IPBlock> <Opcode : 'add' 'sub' 'mul' 'select'> <InPorts = 0> <OutPorts = 1> <Sync> <CReg>
ST_1 : Operation 210 [3/3] (0.99ns) (grouped into DSP with root node add_ln110_1)   --->   "%mul_ln110_1 = mul i32 %sext_ln110_64, i32 %sext_ln110_1_cast" [src/integrated-gcn/gemm_stage.cpp:110]   --->   Operation 210 'mul' 'mul_ln110_1' <Predicate = (!tmp)> <Delay = 0.99> <CoreInst = "DSP48">   --->   Core 124 'DSP48' <Latency = 3> <II = 1> <Delay = 0.53> <IPBlock> <Opcode : 'add' 'sub' 'mul' 'select'> <InPorts = 0> <OutPorts = 1> <Sync> <CReg>
ST_1 : Operation 211 [3/3] (0.99ns) (grouped into DSP with root node add_ln110_2)   --->   "%mul_ln110_2 = mul i32 %sext_ln110_64, i32 %sext_ln110_2_cast" [src/integrated-gcn/gemm_stage.cpp:110]   --->   Operation 211 'mul' 'mul_ln110_2' <Predicate = (!tmp)> <Delay = 0.99> <CoreInst = "DSP48">   --->   Core 124 'DSP48' <Latency = 3> <II = 1> <Delay = 0.53> <IPBlock> <Opcode : 'add' 'sub' 'mul' 'select'> <InPorts = 0> <OutPorts = 1> <Sync> <CReg>
ST_1 : Operation 212 [3/3] (0.99ns) (grouped into DSP with root node add_ln110_3)   --->   "%mul_ln110_3 = mul i32 %sext_ln110_64, i32 %sext_ln110_3_cast" [src/integrated-gcn/gemm_stage.cpp:110]   --->   Operation 212 'mul' 'mul_ln110_3' <Predicate = (!tmp)> <Delay = 0.99> <CoreInst = "DSP48">   --->   Core 124 'DSP48' <Latency = 3> <II = 1> <Delay = 0.53> <IPBlock> <Opcode : 'add' 'sub' 'mul' 'select'> <InPorts = 0> <OutPorts = 1> <Sync> <CReg>
ST_1 : Operation 213 [3/3] (0.99ns) (grouped into DSP with root node add_ln110_4)   --->   "%mul_ln110_4 = mul i32 %sext_ln110_64, i32 %sext_ln110_4_cast" [src/integrated-gcn/gemm_stage.cpp:110]   --->   Operation 213 'mul' 'mul_ln110_4' <Predicate = (!tmp)> <Delay = 0.99> <CoreInst = "DSP48">   --->   Core 124 'DSP48' <Latency = 3> <II = 1> <Delay = 0.53> <IPBlock> <Opcode : 'add' 'sub' 'mul' 'select'> <InPorts = 0> <OutPorts = 1> <Sync> <CReg>
ST_1 : Operation 214 [3/3] (0.99ns) (grouped into DSP with root node add_ln110_5)   --->   "%mul_ln110_5 = mul i32 %sext_ln110_64, i32 %sext_ln110_5_cast" [src/integrated-gcn/gemm_stage.cpp:110]   --->   Operation 214 'mul' 'mul_ln110_5' <Predicate = (!tmp)> <Delay = 0.99> <CoreInst = "DSP48">   --->   Core 124 'DSP48' <Latency = 3> <II = 1> <Delay = 0.53> <IPBlock> <Opcode : 'add' 'sub' 'mul' 'select'> <InPorts = 0> <OutPorts = 1> <Sync> <CReg>
ST_1 : Operation 215 [3/3] (0.99ns) (grouped into DSP with root node add_ln110_6)   --->   "%mul_ln110_6 = mul i32 %sext_ln110_64, i32 %sext_ln110_6_cast" [src/integrated-gcn/gemm_stage.cpp:110]   --->   Operation 215 'mul' 'mul_ln110_6' <Predicate = (!tmp)> <Delay = 0.99> <CoreInst = "DSP48">   --->   Core 124 'DSP48' <Latency = 3> <II = 1> <Delay = 0.53> <IPBlock> <Opcode : 'add' 'sub' 'mul' 'select'> <InPorts = 0> <OutPorts = 1> <Sync> <CReg>
ST_1 : Operation 216 [3/3] (0.99ns) (grouped into DSP with root node add_ln110_7)   --->   "%mul_ln110_7 = mul i32 %sext_ln110_64, i32 %sext_ln110_7_cast" [src/integrated-gcn/gemm_stage.cpp:110]   --->   Operation 216 'mul' 'mul_ln110_7' <Predicate = (!tmp)> <Delay = 0.99> <CoreInst = "DSP48">   --->   Core 124 'DSP48' <Latency = 3> <II = 1> <Delay = 0.53> <IPBlock> <Opcode : 'add' 'sub' 'mul' 'select'> <InPorts = 0> <OutPorts = 1> <Sync> <CReg>
ST_1 : Operation 217 [3/3] (0.99ns) (grouped into DSP with root node add_ln110_8)   --->   "%mul_ln110_8 = mul i32 %sext_ln110_64, i32 %sext_ln110_8_cast" [src/integrated-gcn/gemm_stage.cpp:110]   --->   Operation 217 'mul' 'mul_ln110_8' <Predicate = (!tmp)> <Delay = 0.99> <CoreInst = "DSP48">   --->   Core 124 'DSP48' <Latency = 3> <II = 1> <Delay = 0.53> <IPBlock> <Opcode : 'add' 'sub' 'mul' 'select'> <InPorts = 0> <OutPorts = 1> <Sync> <CReg>
ST_1 : Operation 218 [3/3] (0.99ns) (grouped into DSP with root node add_ln110_9)   --->   "%mul_ln110_9 = mul i32 %sext_ln110_64, i32 %sext_ln110_9_cast" [src/integrated-gcn/gemm_stage.cpp:110]   --->   Operation 218 'mul' 'mul_ln110_9' <Predicate = (!tmp)> <Delay = 0.99> <CoreInst = "DSP48">   --->   Core 124 'DSP48' <Latency = 3> <II = 1> <Delay = 0.53> <IPBlock> <Opcode : 'add' 'sub' 'mul' 'select'> <InPorts = 0> <OutPorts = 1> <Sync> <CReg>
ST_1 : Operation 219 [3/3] (0.99ns) (grouped into DSP with root node add_ln110_10)   --->   "%mul_ln110_10 = mul i32 %sext_ln110_64, i32 %sext_ln110_10_cast" [src/integrated-gcn/gemm_stage.cpp:110]   --->   Operation 219 'mul' 'mul_ln110_10' <Predicate = (!tmp)> <Delay = 0.99> <CoreInst = "DSP48">   --->   Core 124 'DSP48' <Latency = 3> <II = 1> <Delay = 0.53> <IPBlock> <Opcode : 'add' 'sub' 'mul' 'select'> <InPorts = 0> <OutPorts = 1> <Sync> <CReg>
ST_1 : Operation 220 [3/3] (0.99ns) (grouped into DSP with root node add_ln110_11)   --->   "%mul_ln110_11 = mul i32 %sext_ln110_64, i32 %sext_ln110_11_cast" [src/integrated-gcn/gemm_stage.cpp:110]   --->   Operation 220 'mul' 'mul_ln110_11' <Predicate = (!tmp)> <Delay = 0.99> <CoreInst = "DSP48">   --->   Core 124 'DSP48' <Latency = 3> <II = 1> <Delay = 0.53> <IPBlock> <Opcode : 'add' 'sub' 'mul' 'select'> <InPorts = 0> <OutPorts = 1> <Sync> <CReg>
ST_1 : Operation 221 [3/3] (0.99ns) (grouped into DSP with root node add_ln110_12)   --->   "%mul_ln110_12 = mul i32 %sext_ln110_64, i32 %sext_ln110_12_cast" [src/integrated-gcn/gemm_stage.cpp:110]   --->   Operation 221 'mul' 'mul_ln110_12' <Predicate = (!tmp)> <Delay = 0.99> <CoreInst = "DSP48">   --->   Core 124 'DSP48' <Latency = 3> <II = 1> <Delay = 0.53> <IPBlock> <Opcode : 'add' 'sub' 'mul' 'select'> <InPorts = 0> <OutPorts = 1> <Sync> <CReg>
ST_1 : Operation 222 [3/3] (0.99ns) (grouped into DSP with root node add_ln110_13)   --->   "%mul_ln110_13 = mul i32 %sext_ln110_64, i32 %sext_ln110_13_cast" [src/integrated-gcn/gemm_stage.cpp:110]   --->   Operation 222 'mul' 'mul_ln110_13' <Predicate = (!tmp)> <Delay = 0.99> <CoreInst = "DSP48">   --->   Core 124 'DSP48' <Latency = 3> <II = 1> <Delay = 0.53> <IPBlock> <Opcode : 'add' 'sub' 'mul' 'select'> <InPorts = 0> <OutPorts = 1> <Sync> <CReg>
ST_1 : Operation 223 [3/3] (0.99ns) (grouped into DSP with root node add_ln110_14)   --->   "%mul_ln110_14 = mul i32 %sext_ln110_64, i32 %sext_ln110_14_cast" [src/integrated-gcn/gemm_stage.cpp:110]   --->   Operation 223 'mul' 'mul_ln110_14' <Predicate = (!tmp)> <Delay = 0.99> <CoreInst = "DSP48">   --->   Core 124 'DSP48' <Latency = 3> <II = 1> <Delay = 0.53> <IPBlock> <Opcode : 'add' 'sub' 'mul' 'select'> <InPorts = 0> <OutPorts = 1> <Sync> <CReg>
ST_1 : Operation 224 [3/3] (0.99ns) (grouped into DSP with root node add_ln110_15)   --->   "%mul_ln110_15 = mul i32 %sext_ln110_64, i32 %sext_ln110_15_cast" [src/integrated-gcn/gemm_stage.cpp:110]   --->   Operation 224 'mul' 'mul_ln110_15' <Predicate = (!tmp)> <Delay = 0.99> <CoreInst = "DSP48">   --->   Core 124 'DSP48' <Latency = 3> <II = 1> <Delay = 0.53> <IPBlock> <Opcode : 'add' 'sub' 'mul' 'select'> <InPorts = 0> <OutPorts = 1> <Sync> <CReg>
ST_1 : Operation 225 [3/3] (0.99ns) (grouped into DSP with root node add_ln110_16)   --->   "%mul_ln110_16 = mul i32 %sext_ln110_64, i32 %sext_ln110_16_cast" [src/integrated-gcn/gemm_stage.cpp:110]   --->   Operation 225 'mul' 'mul_ln110_16' <Predicate = (!tmp)> <Delay = 0.99> <CoreInst = "DSP48">   --->   Core 124 'DSP48' <Latency = 3> <II = 1> <Delay = 0.53> <IPBlock> <Opcode : 'add' 'sub' 'mul' 'select'> <InPorts = 0> <OutPorts = 1> <Sync> <CReg>
ST_1 : Operation 226 [3/3] (0.99ns) (grouped into DSP with root node add_ln110_17)   --->   "%mul_ln110_17 = mul i32 %sext_ln110_64, i32 %sext_ln110_17_cast" [src/integrated-gcn/gemm_stage.cpp:110]   --->   Operation 226 'mul' 'mul_ln110_17' <Predicate = (!tmp)> <Delay = 0.99> <CoreInst = "DSP48">   --->   Core 124 'DSP48' <Latency = 3> <II = 1> <Delay = 0.53> <IPBlock> <Opcode : 'add' 'sub' 'mul' 'select'> <InPorts = 0> <OutPorts = 1> <Sync> <CReg>
ST_1 : Operation 227 [3/3] (0.99ns) (grouped into DSP with root node add_ln110_18)   --->   "%mul_ln110_18 = mul i32 %sext_ln110_64, i32 %sext_ln110_18_cast" [src/integrated-gcn/gemm_stage.cpp:110]   --->   Operation 227 'mul' 'mul_ln110_18' <Predicate = (!tmp)> <Delay = 0.99> <CoreInst = "DSP48">   --->   Core 124 'DSP48' <Latency = 3> <II = 1> <Delay = 0.53> <IPBlock> <Opcode : 'add' 'sub' 'mul' 'select'> <InPorts = 0> <OutPorts = 1> <Sync> <CReg>
ST_1 : Operation 228 [3/3] (0.99ns) (grouped into DSP with root node add_ln110_19)   --->   "%mul_ln110_19 = mul i32 %sext_ln110_64, i32 %sext_ln110_19_cast" [src/integrated-gcn/gemm_stage.cpp:110]   --->   Operation 228 'mul' 'mul_ln110_19' <Predicate = (!tmp)> <Delay = 0.99> <CoreInst = "DSP48">   --->   Core 124 'DSP48' <Latency = 3> <II = 1> <Delay = 0.53> <IPBlock> <Opcode : 'add' 'sub' 'mul' 'select'> <InPorts = 0> <OutPorts = 1> <Sync> <CReg>
ST_1 : Operation 229 [3/3] (0.99ns) (grouped into DSP with root node add_ln110_20)   --->   "%mul_ln110_20 = mul i32 %sext_ln110_64, i32 %sext_ln110_20_cast" [src/integrated-gcn/gemm_stage.cpp:110]   --->   Operation 229 'mul' 'mul_ln110_20' <Predicate = (!tmp)> <Delay = 0.99> <CoreInst = "DSP48">   --->   Core 124 'DSP48' <Latency = 3> <II = 1> <Delay = 0.53> <IPBlock> <Opcode : 'add' 'sub' 'mul' 'select'> <InPorts = 0> <OutPorts = 1> <Sync> <CReg>
ST_1 : Operation 230 [3/3] (0.99ns) (grouped into DSP with root node add_ln110_21)   --->   "%mul_ln110_21 = mul i32 %sext_ln110_64, i32 %sext_ln110_21_cast" [src/integrated-gcn/gemm_stage.cpp:110]   --->   Operation 230 'mul' 'mul_ln110_21' <Predicate = (!tmp)> <Delay = 0.99> <CoreInst = "DSP48">   --->   Core 124 'DSP48' <Latency = 3> <II = 1> <Delay = 0.53> <IPBlock> <Opcode : 'add' 'sub' 'mul' 'select'> <InPorts = 0> <OutPorts = 1> <Sync> <CReg>
ST_1 : Operation 231 [3/3] (0.99ns) (grouped into DSP with root node add_ln110_22)   --->   "%mul_ln110_22 = mul i32 %sext_ln110_64, i32 %sext_ln110_22_cast" [src/integrated-gcn/gemm_stage.cpp:110]   --->   Operation 231 'mul' 'mul_ln110_22' <Predicate = (!tmp)> <Delay = 0.99> <CoreInst = "DSP48">   --->   Core 124 'DSP48' <Latency = 3> <II = 1> <Delay = 0.53> <IPBlock> <Opcode : 'add' 'sub' 'mul' 'select'> <InPorts = 0> <OutPorts = 1> <Sync> <CReg>
ST_1 : Operation 232 [3/3] (0.99ns) (grouped into DSP with root node add_ln110_23)   --->   "%mul_ln110_23 = mul i32 %sext_ln110_64, i32 %sext_ln110_23_cast" [src/integrated-gcn/gemm_stage.cpp:110]   --->   Operation 232 'mul' 'mul_ln110_23' <Predicate = (!tmp)> <Delay = 0.99> <CoreInst = "DSP48">   --->   Core 124 'DSP48' <Latency = 3> <II = 1> <Delay = 0.53> <IPBlock> <Opcode : 'add' 'sub' 'mul' 'select'> <InPorts = 0> <OutPorts = 1> <Sync> <CReg>
ST_1 : Operation 233 [3/3] (0.99ns) (grouped into DSP with root node add_ln110_24)   --->   "%mul_ln110_24 = mul i32 %sext_ln110_64, i32 %sext_ln110_24_cast" [src/integrated-gcn/gemm_stage.cpp:110]   --->   Operation 233 'mul' 'mul_ln110_24' <Predicate = (!tmp)> <Delay = 0.99> <CoreInst = "DSP48">   --->   Core 124 'DSP48' <Latency = 3> <II = 1> <Delay = 0.53> <IPBlock> <Opcode : 'add' 'sub' 'mul' 'select'> <InPorts = 0> <OutPorts = 1> <Sync> <CReg>
ST_1 : Operation 234 [3/3] (0.99ns) (grouped into DSP with root node add_ln110_25)   --->   "%mul_ln110_25 = mul i32 %sext_ln110_64, i32 %sext_ln110_25_cast" [src/integrated-gcn/gemm_stage.cpp:110]   --->   Operation 234 'mul' 'mul_ln110_25' <Predicate = (!tmp)> <Delay = 0.99> <CoreInst = "DSP48">   --->   Core 124 'DSP48' <Latency = 3> <II = 1> <Delay = 0.53> <IPBlock> <Opcode : 'add' 'sub' 'mul' 'select'> <InPorts = 0> <OutPorts = 1> <Sync> <CReg>
ST_1 : Operation 235 [3/3] (0.99ns) (grouped into DSP with root node add_ln110_26)   --->   "%mul_ln110_26 = mul i32 %sext_ln110_64, i32 %sext_ln110_26_cast" [src/integrated-gcn/gemm_stage.cpp:110]   --->   Operation 235 'mul' 'mul_ln110_26' <Predicate = (!tmp)> <Delay = 0.99> <CoreInst = "DSP48">   --->   Core 124 'DSP48' <Latency = 3> <II = 1> <Delay = 0.53> <IPBlock> <Opcode : 'add' 'sub' 'mul' 'select'> <InPorts = 0> <OutPorts = 1> <Sync> <CReg>
ST_1 : Operation 236 [3/3] (0.99ns) (grouped into DSP with root node add_ln110_27)   --->   "%mul_ln110_27 = mul i32 %sext_ln110_64, i32 %sext_ln110_27_cast" [src/integrated-gcn/gemm_stage.cpp:110]   --->   Operation 236 'mul' 'mul_ln110_27' <Predicate = (!tmp)> <Delay = 0.99> <CoreInst = "DSP48">   --->   Core 124 'DSP48' <Latency = 3> <II = 1> <Delay = 0.53> <IPBlock> <Opcode : 'add' 'sub' 'mul' 'select'> <InPorts = 0> <OutPorts = 1> <Sync> <CReg>
ST_1 : Operation 237 [3/3] (0.99ns) (grouped into DSP with root node add_ln110_28)   --->   "%mul_ln110_28 = mul i32 %sext_ln110_64, i32 %sext_ln110_28_cast" [src/integrated-gcn/gemm_stage.cpp:110]   --->   Operation 237 'mul' 'mul_ln110_28' <Predicate = (!tmp)> <Delay = 0.99> <CoreInst = "DSP48">   --->   Core 124 'DSP48' <Latency = 3> <II = 1> <Delay = 0.53> <IPBlock> <Opcode : 'add' 'sub' 'mul' 'select'> <InPorts = 0> <OutPorts = 1> <Sync> <CReg>
ST_1 : Operation 238 [3/3] (0.99ns) (grouped into DSP with root node add_ln110_29)   --->   "%mul_ln110_29 = mul i32 %sext_ln110_64, i32 %sext_ln110_29_cast" [src/integrated-gcn/gemm_stage.cpp:110]   --->   Operation 238 'mul' 'mul_ln110_29' <Predicate = (!tmp)> <Delay = 0.99> <CoreInst = "DSP48">   --->   Core 124 'DSP48' <Latency = 3> <II = 1> <Delay = 0.53> <IPBlock> <Opcode : 'add' 'sub' 'mul' 'select'> <InPorts = 0> <OutPorts = 1> <Sync> <CReg>
ST_1 : Operation 239 [3/3] (0.99ns) (grouped into DSP with root node add_ln110_30)   --->   "%mul_ln110_30 = mul i32 %sext_ln110_64, i32 %sext_ln110_30_cast" [src/integrated-gcn/gemm_stage.cpp:110]   --->   Operation 239 'mul' 'mul_ln110_30' <Predicate = (!tmp)> <Delay = 0.99> <CoreInst = "DSP48">   --->   Core 124 'DSP48' <Latency = 3> <II = 1> <Delay = 0.53> <IPBlock> <Opcode : 'add' 'sub' 'mul' 'select'> <InPorts = 0> <OutPorts = 1> <Sync> <CReg>
ST_1 : Operation 240 [3/3] (0.99ns) (grouped into DSP with root node add_ln110_31)   --->   "%mul_ln110_31 = mul i32 %sext_ln110_64, i32 %sext_ln110_31_cast" [src/integrated-gcn/gemm_stage.cpp:110]   --->   Operation 240 'mul' 'mul_ln110_31' <Predicate = (!tmp)> <Delay = 0.99> <CoreInst = "DSP48">   --->   Core 124 'DSP48' <Latency = 3> <II = 1> <Delay = 0.53> <IPBlock> <Opcode : 'add' 'sub' 'mul' 'select'> <InPorts = 0> <OutPorts = 1> <Sync> <CReg>
ST_1 : Operation 241 [3/3] (0.99ns) (grouped into DSP with root node add_ln110_32)   --->   "%mul_ln110_32 = mul i32 %sext_ln110_64, i32 %sext_ln110_32_cast" [src/integrated-gcn/gemm_stage.cpp:110]   --->   Operation 241 'mul' 'mul_ln110_32' <Predicate = (!tmp)> <Delay = 0.99> <CoreInst = "DSP48">   --->   Core 124 'DSP48' <Latency = 3> <II = 1> <Delay = 0.53> <IPBlock> <Opcode : 'add' 'sub' 'mul' 'select'> <InPorts = 0> <OutPorts = 1> <Sync> <CReg>
ST_1 : Operation 242 [3/3] (0.99ns) (grouped into DSP with root node add_ln110_33)   --->   "%mul_ln110_33 = mul i32 %sext_ln110_64, i32 %sext_ln110_33_cast" [src/integrated-gcn/gemm_stage.cpp:110]   --->   Operation 242 'mul' 'mul_ln110_33' <Predicate = (!tmp)> <Delay = 0.99> <CoreInst = "DSP48">   --->   Core 124 'DSP48' <Latency = 3> <II = 1> <Delay = 0.53> <IPBlock> <Opcode : 'add' 'sub' 'mul' 'select'> <InPorts = 0> <OutPorts = 1> <Sync> <CReg>
ST_1 : Operation 243 [3/3] (0.99ns) (grouped into DSP with root node add_ln110_34)   --->   "%mul_ln110_34 = mul i32 %sext_ln110_64, i32 %sext_ln110_34_cast" [src/integrated-gcn/gemm_stage.cpp:110]   --->   Operation 243 'mul' 'mul_ln110_34' <Predicate = (!tmp)> <Delay = 0.99> <CoreInst = "DSP48">   --->   Core 124 'DSP48' <Latency = 3> <II = 1> <Delay = 0.53> <IPBlock> <Opcode : 'add' 'sub' 'mul' 'select'> <InPorts = 0> <OutPorts = 1> <Sync> <CReg>
ST_1 : Operation 244 [3/3] (0.99ns) (grouped into DSP with root node add_ln110_35)   --->   "%mul_ln110_35 = mul i32 %sext_ln110_64, i32 %sext_ln110_35_cast" [src/integrated-gcn/gemm_stage.cpp:110]   --->   Operation 244 'mul' 'mul_ln110_35' <Predicate = (!tmp)> <Delay = 0.99> <CoreInst = "DSP48">   --->   Core 124 'DSP48' <Latency = 3> <II = 1> <Delay = 0.53> <IPBlock> <Opcode : 'add' 'sub' 'mul' 'select'> <InPorts = 0> <OutPorts = 1> <Sync> <CReg>
ST_1 : Operation 245 [3/3] (0.99ns) (grouped into DSP with root node add_ln110_36)   --->   "%mul_ln110_36 = mul i32 %sext_ln110_64, i32 %sext_ln110_36_cast" [src/integrated-gcn/gemm_stage.cpp:110]   --->   Operation 245 'mul' 'mul_ln110_36' <Predicate = (!tmp)> <Delay = 0.99> <CoreInst = "DSP48">   --->   Core 124 'DSP48' <Latency = 3> <II = 1> <Delay = 0.53> <IPBlock> <Opcode : 'add' 'sub' 'mul' 'select'> <InPorts = 0> <OutPorts = 1> <Sync> <CReg>
ST_1 : Operation 246 [3/3] (0.99ns) (grouped into DSP with root node add_ln110_37)   --->   "%mul_ln110_37 = mul i32 %sext_ln110_64, i32 %sext_ln110_37_cast" [src/integrated-gcn/gemm_stage.cpp:110]   --->   Operation 246 'mul' 'mul_ln110_37' <Predicate = (!tmp)> <Delay = 0.99> <CoreInst = "DSP48">   --->   Core 124 'DSP48' <Latency = 3> <II = 1> <Delay = 0.53> <IPBlock> <Opcode : 'add' 'sub' 'mul' 'select'> <InPorts = 0> <OutPorts = 1> <Sync> <CReg>
ST_1 : Operation 247 [3/3] (0.99ns) (grouped into DSP with root node add_ln110_38)   --->   "%mul_ln110_38 = mul i32 %sext_ln110_64, i32 %sext_ln110_38_cast" [src/integrated-gcn/gemm_stage.cpp:110]   --->   Operation 247 'mul' 'mul_ln110_38' <Predicate = (!tmp)> <Delay = 0.99> <CoreInst = "DSP48">   --->   Core 124 'DSP48' <Latency = 3> <II = 1> <Delay = 0.53> <IPBlock> <Opcode : 'add' 'sub' 'mul' 'select'> <InPorts = 0> <OutPorts = 1> <Sync> <CReg>
ST_1 : Operation 248 [3/3] (0.99ns) (grouped into DSP with root node add_ln110_39)   --->   "%mul_ln110_39 = mul i32 %sext_ln110_64, i32 %sext_ln110_39_cast" [src/integrated-gcn/gemm_stage.cpp:110]   --->   Operation 248 'mul' 'mul_ln110_39' <Predicate = (!tmp)> <Delay = 0.99> <CoreInst = "DSP48">   --->   Core 124 'DSP48' <Latency = 3> <II = 1> <Delay = 0.53> <IPBlock> <Opcode : 'add' 'sub' 'mul' 'select'> <InPorts = 0> <OutPorts = 1> <Sync> <CReg>
ST_1 : Operation 249 [3/3] (0.99ns) (grouped into DSP with root node add_ln110_40)   --->   "%mul_ln110_40 = mul i32 %sext_ln110_64, i32 %sext_ln110_40_cast" [src/integrated-gcn/gemm_stage.cpp:110]   --->   Operation 249 'mul' 'mul_ln110_40' <Predicate = (!tmp)> <Delay = 0.99> <CoreInst = "DSP48">   --->   Core 124 'DSP48' <Latency = 3> <II = 1> <Delay = 0.53> <IPBlock> <Opcode : 'add' 'sub' 'mul' 'select'> <InPorts = 0> <OutPorts = 1> <Sync> <CReg>
ST_1 : Operation 250 [3/3] (0.99ns) (grouped into DSP with root node add_ln110_41)   --->   "%mul_ln110_41 = mul i32 %sext_ln110_64, i32 %sext_ln110_41_cast" [src/integrated-gcn/gemm_stage.cpp:110]   --->   Operation 250 'mul' 'mul_ln110_41' <Predicate = (!tmp)> <Delay = 0.99> <CoreInst = "DSP48">   --->   Core 124 'DSP48' <Latency = 3> <II = 1> <Delay = 0.53> <IPBlock> <Opcode : 'add' 'sub' 'mul' 'select'> <InPorts = 0> <OutPorts = 1> <Sync> <CReg>
ST_1 : Operation 251 [3/3] (0.99ns) (grouped into DSP with root node add_ln110_42)   --->   "%mul_ln110_42 = mul i32 %sext_ln110_64, i32 %sext_ln110_42_cast" [src/integrated-gcn/gemm_stage.cpp:110]   --->   Operation 251 'mul' 'mul_ln110_42' <Predicate = (!tmp)> <Delay = 0.99> <CoreInst = "DSP48">   --->   Core 124 'DSP48' <Latency = 3> <II = 1> <Delay = 0.53> <IPBlock> <Opcode : 'add' 'sub' 'mul' 'select'> <InPorts = 0> <OutPorts = 1> <Sync> <CReg>
ST_1 : Operation 252 [3/3] (0.99ns) (grouped into DSP with root node add_ln110_43)   --->   "%mul_ln110_43 = mul i32 %sext_ln110_64, i32 %sext_ln110_43_cast" [src/integrated-gcn/gemm_stage.cpp:110]   --->   Operation 252 'mul' 'mul_ln110_43' <Predicate = (!tmp)> <Delay = 0.99> <CoreInst = "DSP48">   --->   Core 124 'DSP48' <Latency = 3> <II = 1> <Delay = 0.53> <IPBlock> <Opcode : 'add' 'sub' 'mul' 'select'> <InPorts = 0> <OutPorts = 1> <Sync> <CReg>
ST_1 : Operation 253 [3/3] (0.99ns) (grouped into DSP with root node add_ln110_44)   --->   "%mul_ln110_44 = mul i32 %sext_ln110_64, i32 %sext_ln110_44_cast" [src/integrated-gcn/gemm_stage.cpp:110]   --->   Operation 253 'mul' 'mul_ln110_44' <Predicate = (!tmp)> <Delay = 0.99> <CoreInst = "DSP48">   --->   Core 124 'DSP48' <Latency = 3> <II = 1> <Delay = 0.53> <IPBlock> <Opcode : 'add' 'sub' 'mul' 'select'> <InPorts = 0> <OutPorts = 1> <Sync> <CReg>
ST_1 : Operation 254 [3/3] (0.99ns) (grouped into DSP with root node add_ln110_45)   --->   "%mul_ln110_45 = mul i32 %sext_ln110_64, i32 %sext_ln110_45_cast" [src/integrated-gcn/gemm_stage.cpp:110]   --->   Operation 254 'mul' 'mul_ln110_45' <Predicate = (!tmp)> <Delay = 0.99> <CoreInst = "DSP48">   --->   Core 124 'DSP48' <Latency = 3> <II = 1> <Delay = 0.53> <IPBlock> <Opcode : 'add' 'sub' 'mul' 'select'> <InPorts = 0> <OutPorts = 1> <Sync> <CReg>
ST_1 : Operation 255 [3/3] (0.99ns) (grouped into DSP with root node add_ln110_46)   --->   "%mul_ln110_46 = mul i32 %sext_ln110_64, i32 %sext_ln110_46_cast" [src/integrated-gcn/gemm_stage.cpp:110]   --->   Operation 255 'mul' 'mul_ln110_46' <Predicate = (!tmp)> <Delay = 0.99> <CoreInst = "DSP48">   --->   Core 124 'DSP48' <Latency = 3> <II = 1> <Delay = 0.53> <IPBlock> <Opcode : 'add' 'sub' 'mul' 'select'> <InPorts = 0> <OutPorts = 1> <Sync> <CReg>
ST_1 : Operation 256 [3/3] (0.99ns) (grouped into DSP with root node add_ln110_47)   --->   "%mul_ln110_47 = mul i32 %sext_ln110_64, i32 %sext_ln110_47_cast" [src/integrated-gcn/gemm_stage.cpp:110]   --->   Operation 256 'mul' 'mul_ln110_47' <Predicate = (!tmp)> <Delay = 0.99> <CoreInst = "DSP48">   --->   Core 124 'DSP48' <Latency = 3> <II = 1> <Delay = 0.53> <IPBlock> <Opcode : 'add' 'sub' 'mul' 'select'> <InPorts = 0> <OutPorts = 1> <Sync> <CReg>
ST_1 : Operation 257 [3/3] (0.99ns) (grouped into DSP with root node add_ln110_48)   --->   "%mul_ln110_48 = mul i32 %sext_ln110_64, i32 %sext_ln110_48_cast" [src/integrated-gcn/gemm_stage.cpp:110]   --->   Operation 257 'mul' 'mul_ln110_48' <Predicate = (!tmp)> <Delay = 0.99> <CoreInst = "DSP48">   --->   Core 124 'DSP48' <Latency = 3> <II = 1> <Delay = 0.53> <IPBlock> <Opcode : 'add' 'sub' 'mul' 'select'> <InPorts = 0> <OutPorts = 1> <Sync> <CReg>
ST_1 : Operation 258 [3/3] (0.99ns) (grouped into DSP with root node add_ln110_49)   --->   "%mul_ln110_49 = mul i32 %sext_ln110_64, i32 %sext_ln110_49_cast" [src/integrated-gcn/gemm_stage.cpp:110]   --->   Operation 258 'mul' 'mul_ln110_49' <Predicate = (!tmp)> <Delay = 0.99> <CoreInst = "DSP48">   --->   Core 124 'DSP48' <Latency = 3> <II = 1> <Delay = 0.53> <IPBlock> <Opcode : 'add' 'sub' 'mul' 'select'> <InPorts = 0> <OutPorts = 1> <Sync> <CReg>
ST_1 : Operation 259 [3/3] (0.99ns) (grouped into DSP with root node add_ln110_50)   --->   "%mul_ln110_50 = mul i32 %sext_ln110_64, i32 %sext_ln110_50_cast" [src/integrated-gcn/gemm_stage.cpp:110]   --->   Operation 259 'mul' 'mul_ln110_50' <Predicate = (!tmp)> <Delay = 0.99> <CoreInst = "DSP48">   --->   Core 124 'DSP48' <Latency = 3> <II = 1> <Delay = 0.53> <IPBlock> <Opcode : 'add' 'sub' 'mul' 'select'> <InPorts = 0> <OutPorts = 1> <Sync> <CReg>
ST_1 : Operation 260 [3/3] (0.99ns) (grouped into DSP with root node add_ln110_51)   --->   "%mul_ln110_51 = mul i32 %sext_ln110_64, i32 %sext_ln110_51_cast" [src/integrated-gcn/gemm_stage.cpp:110]   --->   Operation 260 'mul' 'mul_ln110_51' <Predicate = (!tmp)> <Delay = 0.99> <CoreInst = "DSP48">   --->   Core 124 'DSP48' <Latency = 3> <II = 1> <Delay = 0.53> <IPBlock> <Opcode : 'add' 'sub' 'mul' 'select'> <InPorts = 0> <OutPorts = 1> <Sync> <CReg>
ST_1 : Operation 261 [3/3] (0.99ns) (grouped into DSP with root node add_ln110_52)   --->   "%mul_ln110_52 = mul i32 %sext_ln110_64, i32 %sext_ln110_52_cast" [src/integrated-gcn/gemm_stage.cpp:110]   --->   Operation 261 'mul' 'mul_ln110_52' <Predicate = (!tmp)> <Delay = 0.99> <CoreInst = "DSP48">   --->   Core 124 'DSP48' <Latency = 3> <II = 1> <Delay = 0.53> <IPBlock> <Opcode : 'add' 'sub' 'mul' 'select'> <InPorts = 0> <OutPorts = 1> <Sync> <CReg>
ST_1 : Operation 262 [3/3] (0.99ns) (grouped into DSP with root node add_ln110_53)   --->   "%mul_ln110_53 = mul i32 %sext_ln110_64, i32 %sext_ln110_53_cast" [src/integrated-gcn/gemm_stage.cpp:110]   --->   Operation 262 'mul' 'mul_ln110_53' <Predicate = (!tmp)> <Delay = 0.99> <CoreInst = "DSP48">   --->   Core 124 'DSP48' <Latency = 3> <II = 1> <Delay = 0.53> <IPBlock> <Opcode : 'add' 'sub' 'mul' 'select'> <InPorts = 0> <OutPorts = 1> <Sync> <CReg>
ST_1 : Operation 263 [3/3] (0.99ns) (grouped into DSP with root node add_ln110_54)   --->   "%mul_ln110_54 = mul i32 %sext_ln110_64, i32 %sext_ln110_54_cast" [src/integrated-gcn/gemm_stage.cpp:110]   --->   Operation 263 'mul' 'mul_ln110_54' <Predicate = (!tmp)> <Delay = 0.99> <CoreInst = "DSP48">   --->   Core 124 'DSP48' <Latency = 3> <II = 1> <Delay = 0.53> <IPBlock> <Opcode : 'add' 'sub' 'mul' 'select'> <InPorts = 0> <OutPorts = 1> <Sync> <CReg>
ST_1 : Operation 264 [3/3] (0.99ns) (grouped into DSP with root node add_ln110_55)   --->   "%mul_ln110_55 = mul i32 %sext_ln110_64, i32 %sext_ln110_55_cast" [src/integrated-gcn/gemm_stage.cpp:110]   --->   Operation 264 'mul' 'mul_ln110_55' <Predicate = (!tmp)> <Delay = 0.99> <CoreInst = "DSP48">   --->   Core 124 'DSP48' <Latency = 3> <II = 1> <Delay = 0.53> <IPBlock> <Opcode : 'add' 'sub' 'mul' 'select'> <InPorts = 0> <OutPorts = 1> <Sync> <CReg>
ST_1 : Operation 265 [3/3] (0.99ns) (grouped into DSP with root node add_ln110_56)   --->   "%mul_ln110_56 = mul i32 %sext_ln110_64, i32 %sext_ln110_56_cast" [src/integrated-gcn/gemm_stage.cpp:110]   --->   Operation 265 'mul' 'mul_ln110_56' <Predicate = (!tmp)> <Delay = 0.99> <CoreInst = "DSP48">   --->   Core 124 'DSP48' <Latency = 3> <II = 1> <Delay = 0.53> <IPBlock> <Opcode : 'add' 'sub' 'mul' 'select'> <InPorts = 0> <OutPorts = 1> <Sync> <CReg>
ST_1 : Operation 266 [3/3] (0.99ns) (grouped into DSP with root node add_ln110_57)   --->   "%mul_ln110_57 = mul i32 %sext_ln110_64, i32 %sext_ln110_57_cast" [src/integrated-gcn/gemm_stage.cpp:110]   --->   Operation 266 'mul' 'mul_ln110_57' <Predicate = (!tmp)> <Delay = 0.99> <CoreInst = "DSP48">   --->   Core 124 'DSP48' <Latency = 3> <II = 1> <Delay = 0.53> <IPBlock> <Opcode : 'add' 'sub' 'mul' 'select'> <InPorts = 0> <OutPorts = 1> <Sync> <CReg>
ST_1 : Operation 267 [3/3] (0.99ns) (grouped into DSP with root node add_ln110_58)   --->   "%mul_ln110_58 = mul i32 %sext_ln110_64, i32 %sext_ln110_58_cast" [src/integrated-gcn/gemm_stage.cpp:110]   --->   Operation 267 'mul' 'mul_ln110_58' <Predicate = (!tmp)> <Delay = 0.99> <CoreInst = "DSP48">   --->   Core 124 'DSP48' <Latency = 3> <II = 1> <Delay = 0.53> <IPBlock> <Opcode : 'add' 'sub' 'mul' 'select'> <InPorts = 0> <OutPorts = 1> <Sync> <CReg>
ST_1 : Operation 268 [3/3] (0.99ns) (grouped into DSP with root node add_ln110_59)   --->   "%mul_ln110_59 = mul i32 %sext_ln110_64, i32 %sext_ln110_59_cast" [src/integrated-gcn/gemm_stage.cpp:110]   --->   Operation 268 'mul' 'mul_ln110_59' <Predicate = (!tmp)> <Delay = 0.99> <CoreInst = "DSP48">   --->   Core 124 'DSP48' <Latency = 3> <II = 1> <Delay = 0.53> <IPBlock> <Opcode : 'add' 'sub' 'mul' 'select'> <InPorts = 0> <OutPorts = 1> <Sync> <CReg>
ST_1 : Operation 269 [3/3] (0.99ns) (grouped into DSP with root node add_ln110_60)   --->   "%mul_ln110_60 = mul i32 %sext_ln110_64, i32 %sext_ln110_60_cast" [src/integrated-gcn/gemm_stage.cpp:110]   --->   Operation 269 'mul' 'mul_ln110_60' <Predicate = (!tmp)> <Delay = 0.99> <CoreInst = "DSP48">   --->   Core 124 'DSP48' <Latency = 3> <II = 1> <Delay = 0.53> <IPBlock> <Opcode : 'add' 'sub' 'mul' 'select'> <InPorts = 0> <OutPorts = 1> <Sync> <CReg>
ST_1 : Operation 270 [3/3] (0.99ns) (grouped into DSP with root node add_ln110_61)   --->   "%mul_ln110_61 = mul i32 %sext_ln110_64, i32 %sext_ln110_61_cast" [src/integrated-gcn/gemm_stage.cpp:110]   --->   Operation 270 'mul' 'mul_ln110_61' <Predicate = (!tmp)> <Delay = 0.99> <CoreInst = "DSP48">   --->   Core 124 'DSP48' <Latency = 3> <II = 1> <Delay = 0.53> <IPBlock> <Opcode : 'add' 'sub' 'mul' 'select'> <InPorts = 0> <OutPorts = 1> <Sync> <CReg>
ST_1 : Operation 271 [3/3] (0.99ns) (grouped into DSP with root node add_ln110_62)   --->   "%mul_ln110_62 = mul i32 %sext_ln110_64, i32 %sext_ln110_62_cast" [src/integrated-gcn/gemm_stage.cpp:110]   --->   Operation 271 'mul' 'mul_ln110_62' <Predicate = (!tmp)> <Delay = 0.99> <CoreInst = "DSP48">   --->   Core 124 'DSP48' <Latency = 3> <II = 1> <Delay = 0.53> <IPBlock> <Opcode : 'add' 'sub' 'mul' 'select'> <InPorts = 0> <OutPorts = 1> <Sync> <CReg>
ST_1 : Operation 272 [3/3] (0.99ns) (grouped into DSP with root node add_ln110_63)   --->   "%mul_ln110_63 = mul i32 %sext_ln110_64, i32 %sext_ln110_63_cast" [src/integrated-gcn/gemm_stage.cpp:110]   --->   Operation 272 'mul' 'mul_ln110_63' <Predicate = (!tmp)> <Delay = 0.99> <CoreInst = "DSP48">   --->   Core 124 'DSP48' <Latency = 3> <II = 1> <Delay = 0.53> <IPBlock> <Opcode : 'add' 'sub' 'mul' 'select'> <InPorts = 0> <OutPorts = 1> <Sync> <CReg>
ST_1 : Operation 273 [1/1] (0.48ns)   --->   "%X_val_1 = sparsemux i16 @_ssdm_op_SparseMux.ap_auto.16i16.i16.i6, i6 0, i16 %X_line_193_reload_read, i6 4, i16 %X_line_197_reload_read, i6 8, i16 %X_line_201_reload_read, i6 12, i16 %X_line_205_reload_read, i6 16, i16 %X_line_209_reload_read, i6 20, i16 %X_line_213_reload_read, i6 24, i16 %X_line_217_reload_read, i6 28, i16 %X_line_221_reload_read, i6 32, i16 %X_line_225_reload_read, i6 36, i16 %X_line_229_reload_read, i6 40, i16 %X_line_233_reload_read, i6 44, i16 %X_line_237_reload_read, i6 48, i16 %X_line_241_reload_read, i6 52, i16 %X_line_245_reload_read, i6 56, i16 %X_line_249_reload_read, i6 60, i16 %X_line_253_reload_read, i16 0, i6 %trunc_ln101" [src/integrated-gcn/gemm_stage.cpp:105]   --->   Operation 273 'sparsemux' 'X_val_1' <Predicate = (!tmp)> <Delay = 0.48> <CoreInst = "BinarySparseMux_DontCare">   --->   Core 149 'BinarySparseMux_DontCare' <Latency = 0> <II = 1> <Delay = 0.48> <FuncUnit> <Opcode : 'sparsemux'> <InPorts = 2> <OutPorts = 1>
ST_1 : Operation 274 [1/1] (0.00ns)   --->   "%sext_ln110_65 = sext i16 %X_val_1" [src/integrated-gcn/gemm_stage.cpp:110]   --->   Operation 274 'sext' 'sext_ln110_65' <Predicate = (!tmp)> <Delay = 0.00>
ST_1 : Operation 275 [3/3] (0.99ns) (grouped into DSP with root node add_ln110_64)   --->   "%mul_ln110_64 = mul i32 %sext_ln110_65, i32 %sext_ln110_cast" [src/integrated-gcn/gemm_stage.cpp:110]   --->   Operation 275 'mul' 'mul_ln110_64' <Predicate = (!tmp)> <Delay = 0.99> <CoreInst = "DSP48">   --->   Core 124 'DSP48' <Latency = 3> <II = 1> <Delay = 0.53> <IPBlock> <Opcode : 'add' 'sub' 'mul' 'select'> <InPorts = 0> <OutPorts = 1> <Sync> <CReg>
ST_1 : Operation 276 [3/3] (0.99ns) (grouped into DSP with root node add_ln110_65)   --->   "%mul_ln110_65 = mul i32 %sext_ln110_65, i32 %sext_ln110_1_cast" [src/integrated-gcn/gemm_stage.cpp:110]   --->   Operation 276 'mul' 'mul_ln110_65' <Predicate = (!tmp)> <Delay = 0.99> <CoreInst = "DSP48">   --->   Core 124 'DSP48' <Latency = 3> <II = 1> <Delay = 0.53> <IPBlock> <Opcode : 'add' 'sub' 'mul' 'select'> <InPorts = 0> <OutPorts = 1> <Sync> <CReg>
ST_1 : Operation 277 [3/3] (0.99ns) (grouped into DSP with root node add_ln110_66)   --->   "%mul_ln110_66 = mul i32 %sext_ln110_65, i32 %sext_ln110_2_cast" [src/integrated-gcn/gemm_stage.cpp:110]   --->   Operation 277 'mul' 'mul_ln110_66' <Predicate = (!tmp)> <Delay = 0.99> <CoreInst = "DSP48">   --->   Core 124 'DSP48' <Latency = 3> <II = 1> <Delay = 0.53> <IPBlock> <Opcode : 'add' 'sub' 'mul' 'select'> <InPorts = 0> <OutPorts = 1> <Sync> <CReg>
ST_1 : Operation 278 [3/3] (0.99ns) (grouped into DSP with root node add_ln110_67)   --->   "%mul_ln110_67 = mul i32 %sext_ln110_65, i32 %sext_ln110_3_cast" [src/integrated-gcn/gemm_stage.cpp:110]   --->   Operation 278 'mul' 'mul_ln110_67' <Predicate = (!tmp)> <Delay = 0.99> <CoreInst = "DSP48">   --->   Core 124 'DSP48' <Latency = 3> <II = 1> <Delay = 0.53> <IPBlock> <Opcode : 'add' 'sub' 'mul' 'select'> <InPorts = 0> <OutPorts = 1> <Sync> <CReg>
ST_1 : Operation 279 [3/3] (0.99ns) (grouped into DSP with root node add_ln110_68)   --->   "%mul_ln110_68 = mul i32 %sext_ln110_65, i32 %sext_ln110_4_cast" [src/integrated-gcn/gemm_stage.cpp:110]   --->   Operation 279 'mul' 'mul_ln110_68' <Predicate = (!tmp)> <Delay = 0.99> <CoreInst = "DSP48">   --->   Core 124 'DSP48' <Latency = 3> <II = 1> <Delay = 0.53> <IPBlock> <Opcode : 'add' 'sub' 'mul' 'select'> <InPorts = 0> <OutPorts = 1> <Sync> <CReg>
ST_1 : Operation 280 [3/3] (0.99ns) (grouped into DSP with root node add_ln110_69)   --->   "%mul_ln110_69 = mul i32 %sext_ln110_65, i32 %sext_ln110_5_cast" [src/integrated-gcn/gemm_stage.cpp:110]   --->   Operation 280 'mul' 'mul_ln110_69' <Predicate = (!tmp)> <Delay = 0.99> <CoreInst = "DSP48">   --->   Core 124 'DSP48' <Latency = 3> <II = 1> <Delay = 0.53> <IPBlock> <Opcode : 'add' 'sub' 'mul' 'select'> <InPorts = 0> <OutPorts = 1> <Sync> <CReg>
ST_1 : Operation 281 [3/3] (0.99ns) (grouped into DSP with root node add_ln110_70)   --->   "%mul_ln110_70 = mul i32 %sext_ln110_65, i32 %sext_ln110_6_cast" [src/integrated-gcn/gemm_stage.cpp:110]   --->   Operation 281 'mul' 'mul_ln110_70' <Predicate = (!tmp)> <Delay = 0.99> <CoreInst = "DSP48">   --->   Core 124 'DSP48' <Latency = 3> <II = 1> <Delay = 0.53> <IPBlock> <Opcode : 'add' 'sub' 'mul' 'select'> <InPorts = 0> <OutPorts = 1> <Sync> <CReg>
ST_1 : Operation 282 [3/3] (0.99ns) (grouped into DSP with root node add_ln110_71)   --->   "%mul_ln110_71 = mul i32 %sext_ln110_65, i32 %sext_ln110_7_cast" [src/integrated-gcn/gemm_stage.cpp:110]   --->   Operation 282 'mul' 'mul_ln110_71' <Predicate = (!tmp)> <Delay = 0.99> <CoreInst = "DSP48">   --->   Core 124 'DSP48' <Latency = 3> <II = 1> <Delay = 0.53> <IPBlock> <Opcode : 'add' 'sub' 'mul' 'select'> <InPorts = 0> <OutPorts = 1> <Sync> <CReg>
ST_1 : Operation 283 [3/3] (0.99ns) (grouped into DSP with root node add_ln110_72)   --->   "%mul_ln110_72 = mul i32 %sext_ln110_65, i32 %sext_ln110_8_cast" [src/integrated-gcn/gemm_stage.cpp:110]   --->   Operation 283 'mul' 'mul_ln110_72' <Predicate = (!tmp)> <Delay = 0.99> <CoreInst = "DSP48">   --->   Core 124 'DSP48' <Latency = 3> <II = 1> <Delay = 0.53> <IPBlock> <Opcode : 'add' 'sub' 'mul' 'select'> <InPorts = 0> <OutPorts = 1> <Sync> <CReg>
ST_1 : Operation 284 [3/3] (0.99ns) (grouped into DSP with root node add_ln110_73)   --->   "%mul_ln110_73 = mul i32 %sext_ln110_65, i32 %sext_ln110_9_cast" [src/integrated-gcn/gemm_stage.cpp:110]   --->   Operation 284 'mul' 'mul_ln110_73' <Predicate = (!tmp)> <Delay = 0.99> <CoreInst = "DSP48">   --->   Core 124 'DSP48' <Latency = 3> <II = 1> <Delay = 0.53> <IPBlock> <Opcode : 'add' 'sub' 'mul' 'select'> <InPorts = 0> <OutPorts = 1> <Sync> <CReg>
ST_1 : Operation 285 [3/3] (0.99ns) (grouped into DSP with root node add_ln110_74)   --->   "%mul_ln110_74 = mul i32 %sext_ln110_65, i32 %sext_ln110_10_cast" [src/integrated-gcn/gemm_stage.cpp:110]   --->   Operation 285 'mul' 'mul_ln110_74' <Predicate = (!tmp)> <Delay = 0.99> <CoreInst = "DSP48">   --->   Core 124 'DSP48' <Latency = 3> <II = 1> <Delay = 0.53> <IPBlock> <Opcode : 'add' 'sub' 'mul' 'select'> <InPorts = 0> <OutPorts = 1> <Sync> <CReg>
ST_1 : Operation 286 [3/3] (0.99ns) (grouped into DSP with root node add_ln110_75)   --->   "%mul_ln110_75 = mul i32 %sext_ln110_65, i32 %sext_ln110_11_cast" [src/integrated-gcn/gemm_stage.cpp:110]   --->   Operation 286 'mul' 'mul_ln110_75' <Predicate = (!tmp)> <Delay = 0.99> <CoreInst = "DSP48">   --->   Core 124 'DSP48' <Latency = 3> <II = 1> <Delay = 0.53> <IPBlock> <Opcode : 'add' 'sub' 'mul' 'select'> <InPorts = 0> <OutPorts = 1> <Sync> <CReg>
ST_1 : Operation 287 [3/3] (0.99ns) (grouped into DSP with root node add_ln110_76)   --->   "%mul_ln110_76 = mul i32 %sext_ln110_65, i32 %sext_ln110_12_cast" [src/integrated-gcn/gemm_stage.cpp:110]   --->   Operation 287 'mul' 'mul_ln110_76' <Predicate = (!tmp)> <Delay = 0.99> <CoreInst = "DSP48">   --->   Core 124 'DSP48' <Latency = 3> <II = 1> <Delay = 0.53> <IPBlock> <Opcode : 'add' 'sub' 'mul' 'select'> <InPorts = 0> <OutPorts = 1> <Sync> <CReg>
ST_1 : Operation 288 [3/3] (0.99ns) (grouped into DSP with root node add_ln110_77)   --->   "%mul_ln110_77 = mul i32 %sext_ln110_65, i32 %sext_ln110_13_cast" [src/integrated-gcn/gemm_stage.cpp:110]   --->   Operation 288 'mul' 'mul_ln110_77' <Predicate = (!tmp)> <Delay = 0.99> <CoreInst = "DSP48">   --->   Core 124 'DSP48' <Latency = 3> <II = 1> <Delay = 0.53> <IPBlock> <Opcode : 'add' 'sub' 'mul' 'select'> <InPorts = 0> <OutPorts = 1> <Sync> <CReg>
ST_1 : Operation 289 [3/3] (0.99ns) (grouped into DSP with root node add_ln110_78)   --->   "%mul_ln110_78 = mul i32 %sext_ln110_65, i32 %sext_ln110_14_cast" [src/integrated-gcn/gemm_stage.cpp:110]   --->   Operation 289 'mul' 'mul_ln110_78' <Predicate = (!tmp)> <Delay = 0.99> <CoreInst = "DSP48">   --->   Core 124 'DSP48' <Latency = 3> <II = 1> <Delay = 0.53> <IPBlock> <Opcode : 'add' 'sub' 'mul' 'select'> <InPorts = 0> <OutPorts = 1> <Sync> <CReg>
ST_1 : Operation 290 [3/3] (0.99ns) (grouped into DSP with root node add_ln110_79)   --->   "%mul_ln110_79 = mul i32 %sext_ln110_65, i32 %sext_ln110_15_cast" [src/integrated-gcn/gemm_stage.cpp:110]   --->   Operation 290 'mul' 'mul_ln110_79' <Predicate = (!tmp)> <Delay = 0.99> <CoreInst = "DSP48">   --->   Core 124 'DSP48' <Latency = 3> <II = 1> <Delay = 0.53> <IPBlock> <Opcode : 'add' 'sub' 'mul' 'select'> <InPorts = 0> <OutPorts = 1> <Sync> <CReg>
ST_1 : Operation 291 [3/3] (0.99ns) (grouped into DSP with root node add_ln110_80)   --->   "%mul_ln110_80 = mul i32 %sext_ln110_65, i32 %sext_ln110_16_cast" [src/integrated-gcn/gemm_stage.cpp:110]   --->   Operation 291 'mul' 'mul_ln110_80' <Predicate = (!tmp)> <Delay = 0.99> <CoreInst = "DSP48">   --->   Core 124 'DSP48' <Latency = 3> <II = 1> <Delay = 0.53> <IPBlock> <Opcode : 'add' 'sub' 'mul' 'select'> <InPorts = 0> <OutPorts = 1> <Sync> <CReg>
ST_1 : Operation 292 [3/3] (0.99ns) (grouped into DSP with root node add_ln110_81)   --->   "%mul_ln110_81 = mul i32 %sext_ln110_65, i32 %sext_ln110_17_cast" [src/integrated-gcn/gemm_stage.cpp:110]   --->   Operation 292 'mul' 'mul_ln110_81' <Predicate = (!tmp)> <Delay = 0.99> <CoreInst = "DSP48">   --->   Core 124 'DSP48' <Latency = 3> <II = 1> <Delay = 0.53> <IPBlock> <Opcode : 'add' 'sub' 'mul' 'select'> <InPorts = 0> <OutPorts = 1> <Sync> <CReg>
ST_1 : Operation 293 [3/3] (0.99ns) (grouped into DSP with root node add_ln110_82)   --->   "%mul_ln110_82 = mul i32 %sext_ln110_65, i32 %sext_ln110_18_cast" [src/integrated-gcn/gemm_stage.cpp:110]   --->   Operation 293 'mul' 'mul_ln110_82' <Predicate = (!tmp)> <Delay = 0.99> <CoreInst = "DSP48">   --->   Core 124 'DSP48' <Latency = 3> <II = 1> <Delay = 0.53> <IPBlock> <Opcode : 'add' 'sub' 'mul' 'select'> <InPorts = 0> <OutPorts = 1> <Sync> <CReg>
ST_1 : Operation 294 [3/3] (0.99ns) (grouped into DSP with root node add_ln110_83)   --->   "%mul_ln110_83 = mul i32 %sext_ln110_65, i32 %sext_ln110_19_cast" [src/integrated-gcn/gemm_stage.cpp:110]   --->   Operation 294 'mul' 'mul_ln110_83' <Predicate = (!tmp)> <Delay = 0.99> <CoreInst = "DSP48">   --->   Core 124 'DSP48' <Latency = 3> <II = 1> <Delay = 0.53> <IPBlock> <Opcode : 'add' 'sub' 'mul' 'select'> <InPorts = 0> <OutPorts = 1> <Sync> <CReg>
ST_1 : Operation 295 [3/3] (0.99ns) (grouped into DSP with root node add_ln110_84)   --->   "%mul_ln110_84 = mul i32 %sext_ln110_65, i32 %sext_ln110_20_cast" [src/integrated-gcn/gemm_stage.cpp:110]   --->   Operation 295 'mul' 'mul_ln110_84' <Predicate = (!tmp)> <Delay = 0.99> <CoreInst = "DSP48">   --->   Core 124 'DSP48' <Latency = 3> <II = 1> <Delay = 0.53> <IPBlock> <Opcode : 'add' 'sub' 'mul' 'select'> <InPorts = 0> <OutPorts = 1> <Sync> <CReg>
ST_1 : Operation 296 [3/3] (0.99ns) (grouped into DSP with root node add_ln110_85)   --->   "%mul_ln110_85 = mul i32 %sext_ln110_65, i32 %sext_ln110_21_cast" [src/integrated-gcn/gemm_stage.cpp:110]   --->   Operation 296 'mul' 'mul_ln110_85' <Predicate = (!tmp)> <Delay = 0.99> <CoreInst = "DSP48">   --->   Core 124 'DSP48' <Latency = 3> <II = 1> <Delay = 0.53> <IPBlock> <Opcode : 'add' 'sub' 'mul' 'select'> <InPorts = 0> <OutPorts = 1> <Sync> <CReg>
ST_1 : Operation 297 [3/3] (0.99ns) (grouped into DSP with root node add_ln110_86)   --->   "%mul_ln110_86 = mul i32 %sext_ln110_65, i32 %sext_ln110_22_cast" [src/integrated-gcn/gemm_stage.cpp:110]   --->   Operation 297 'mul' 'mul_ln110_86' <Predicate = (!tmp)> <Delay = 0.99> <CoreInst = "DSP48">   --->   Core 124 'DSP48' <Latency = 3> <II = 1> <Delay = 0.53> <IPBlock> <Opcode : 'add' 'sub' 'mul' 'select'> <InPorts = 0> <OutPorts = 1> <Sync> <CReg>
ST_1 : Operation 298 [3/3] (0.99ns) (grouped into DSP with root node add_ln110_87)   --->   "%mul_ln110_87 = mul i32 %sext_ln110_65, i32 %sext_ln110_23_cast" [src/integrated-gcn/gemm_stage.cpp:110]   --->   Operation 298 'mul' 'mul_ln110_87' <Predicate = (!tmp)> <Delay = 0.99> <CoreInst = "DSP48">   --->   Core 124 'DSP48' <Latency = 3> <II = 1> <Delay = 0.53> <IPBlock> <Opcode : 'add' 'sub' 'mul' 'select'> <InPorts = 0> <OutPorts = 1> <Sync> <CReg>
ST_1 : Operation 299 [3/3] (0.99ns) (grouped into DSP with root node add_ln110_88)   --->   "%mul_ln110_88 = mul i32 %sext_ln110_65, i32 %sext_ln110_24_cast" [src/integrated-gcn/gemm_stage.cpp:110]   --->   Operation 299 'mul' 'mul_ln110_88' <Predicate = (!tmp)> <Delay = 0.99> <CoreInst = "DSP48">   --->   Core 124 'DSP48' <Latency = 3> <II = 1> <Delay = 0.53> <IPBlock> <Opcode : 'add' 'sub' 'mul' 'select'> <InPorts = 0> <OutPorts = 1> <Sync> <CReg>
ST_1 : Operation 300 [3/3] (0.99ns) (grouped into DSP with root node add_ln110_89)   --->   "%mul_ln110_89 = mul i32 %sext_ln110_65, i32 %sext_ln110_25_cast" [src/integrated-gcn/gemm_stage.cpp:110]   --->   Operation 300 'mul' 'mul_ln110_89' <Predicate = (!tmp)> <Delay = 0.99> <CoreInst = "DSP48">   --->   Core 124 'DSP48' <Latency = 3> <II = 1> <Delay = 0.53> <IPBlock> <Opcode : 'add' 'sub' 'mul' 'select'> <InPorts = 0> <OutPorts = 1> <Sync> <CReg>
ST_1 : Operation 301 [3/3] (0.99ns) (grouped into DSP with root node add_ln110_90)   --->   "%mul_ln110_90 = mul i32 %sext_ln110_65, i32 %sext_ln110_26_cast" [src/integrated-gcn/gemm_stage.cpp:110]   --->   Operation 301 'mul' 'mul_ln110_90' <Predicate = (!tmp)> <Delay = 0.99> <CoreInst = "DSP48">   --->   Core 124 'DSP48' <Latency = 3> <II = 1> <Delay = 0.53> <IPBlock> <Opcode : 'add' 'sub' 'mul' 'select'> <InPorts = 0> <OutPorts = 1> <Sync> <CReg>
ST_1 : Operation 302 [3/3] (0.99ns) (grouped into DSP with root node add_ln110_91)   --->   "%mul_ln110_91 = mul i32 %sext_ln110_65, i32 %sext_ln110_27_cast" [src/integrated-gcn/gemm_stage.cpp:110]   --->   Operation 302 'mul' 'mul_ln110_91' <Predicate = (!tmp)> <Delay = 0.99> <CoreInst = "DSP48">   --->   Core 124 'DSP48' <Latency = 3> <II = 1> <Delay = 0.53> <IPBlock> <Opcode : 'add' 'sub' 'mul' 'select'> <InPorts = 0> <OutPorts = 1> <Sync> <CReg>
ST_1 : Operation 303 [3/3] (0.99ns) (grouped into DSP with root node add_ln110_92)   --->   "%mul_ln110_92 = mul i32 %sext_ln110_65, i32 %sext_ln110_28_cast" [src/integrated-gcn/gemm_stage.cpp:110]   --->   Operation 303 'mul' 'mul_ln110_92' <Predicate = (!tmp)> <Delay = 0.99> <CoreInst = "DSP48">   --->   Core 124 'DSP48' <Latency = 3> <II = 1> <Delay = 0.53> <IPBlock> <Opcode : 'add' 'sub' 'mul' 'select'> <InPorts = 0> <OutPorts = 1> <Sync> <CReg>
ST_1 : Operation 304 [3/3] (0.99ns) (grouped into DSP with root node add_ln110_93)   --->   "%mul_ln110_93 = mul i32 %sext_ln110_65, i32 %sext_ln110_29_cast" [src/integrated-gcn/gemm_stage.cpp:110]   --->   Operation 304 'mul' 'mul_ln110_93' <Predicate = (!tmp)> <Delay = 0.99> <CoreInst = "DSP48">   --->   Core 124 'DSP48' <Latency = 3> <II = 1> <Delay = 0.53> <IPBlock> <Opcode : 'add' 'sub' 'mul' 'select'> <InPorts = 0> <OutPorts = 1> <Sync> <CReg>
ST_1 : Operation 305 [3/3] (0.99ns) (grouped into DSP with root node add_ln110_94)   --->   "%mul_ln110_94 = mul i32 %sext_ln110_65, i32 %sext_ln110_30_cast" [src/integrated-gcn/gemm_stage.cpp:110]   --->   Operation 305 'mul' 'mul_ln110_94' <Predicate = (!tmp)> <Delay = 0.99> <CoreInst = "DSP48">   --->   Core 124 'DSP48' <Latency = 3> <II = 1> <Delay = 0.53> <IPBlock> <Opcode : 'add' 'sub' 'mul' 'select'> <InPorts = 0> <OutPorts = 1> <Sync> <CReg>
ST_1 : Operation 306 [3/3] (0.99ns) (grouped into DSP with root node add_ln110_95)   --->   "%mul_ln110_95 = mul i32 %sext_ln110_65, i32 %sext_ln110_31_cast" [src/integrated-gcn/gemm_stage.cpp:110]   --->   Operation 306 'mul' 'mul_ln110_95' <Predicate = (!tmp)> <Delay = 0.99> <CoreInst = "DSP48">   --->   Core 124 'DSP48' <Latency = 3> <II = 1> <Delay = 0.53> <IPBlock> <Opcode : 'add' 'sub' 'mul' 'select'> <InPorts = 0> <OutPorts = 1> <Sync> <CReg>
ST_1 : Operation 307 [3/3] (0.99ns) (grouped into DSP with root node add_ln110_96)   --->   "%mul_ln110_96 = mul i32 %sext_ln110_65, i32 %sext_ln110_32_cast" [src/integrated-gcn/gemm_stage.cpp:110]   --->   Operation 307 'mul' 'mul_ln110_96' <Predicate = (!tmp)> <Delay = 0.99> <CoreInst = "DSP48">   --->   Core 124 'DSP48' <Latency = 3> <II = 1> <Delay = 0.53> <IPBlock> <Opcode : 'add' 'sub' 'mul' 'select'> <InPorts = 0> <OutPorts = 1> <Sync> <CReg>
ST_1 : Operation 308 [3/3] (0.99ns) (grouped into DSP with root node add_ln110_97)   --->   "%mul_ln110_97 = mul i32 %sext_ln110_65, i32 %sext_ln110_33_cast" [src/integrated-gcn/gemm_stage.cpp:110]   --->   Operation 308 'mul' 'mul_ln110_97' <Predicate = (!tmp)> <Delay = 0.99> <CoreInst = "DSP48">   --->   Core 124 'DSP48' <Latency = 3> <II = 1> <Delay = 0.53> <IPBlock> <Opcode : 'add' 'sub' 'mul' 'select'> <InPorts = 0> <OutPorts = 1> <Sync> <CReg>
ST_1 : Operation 309 [3/3] (0.99ns) (grouped into DSP with root node add_ln110_98)   --->   "%mul_ln110_98 = mul i32 %sext_ln110_65, i32 %sext_ln110_34_cast" [src/integrated-gcn/gemm_stage.cpp:110]   --->   Operation 309 'mul' 'mul_ln110_98' <Predicate = (!tmp)> <Delay = 0.99> <CoreInst = "DSP48">   --->   Core 124 'DSP48' <Latency = 3> <II = 1> <Delay = 0.53> <IPBlock> <Opcode : 'add' 'sub' 'mul' 'select'> <InPorts = 0> <OutPorts = 1> <Sync> <CReg>
ST_1 : Operation 310 [3/3] (0.99ns) (grouped into DSP with root node add_ln110_99)   --->   "%mul_ln110_99 = mul i32 %sext_ln110_65, i32 %sext_ln110_35_cast" [src/integrated-gcn/gemm_stage.cpp:110]   --->   Operation 310 'mul' 'mul_ln110_99' <Predicate = (!tmp)> <Delay = 0.99> <CoreInst = "DSP48">   --->   Core 124 'DSP48' <Latency = 3> <II = 1> <Delay = 0.53> <IPBlock> <Opcode : 'add' 'sub' 'mul' 'select'> <InPorts = 0> <OutPorts = 1> <Sync> <CReg>
ST_1 : Operation 311 [3/3] (0.99ns) (grouped into DSP with root node add_ln110_100)   --->   "%mul_ln110_100 = mul i32 %sext_ln110_65, i32 %sext_ln110_36_cast" [src/integrated-gcn/gemm_stage.cpp:110]   --->   Operation 311 'mul' 'mul_ln110_100' <Predicate = (!tmp)> <Delay = 0.99> <CoreInst = "DSP48">   --->   Core 124 'DSP48' <Latency = 3> <II = 1> <Delay = 0.53> <IPBlock> <Opcode : 'add' 'sub' 'mul' 'select'> <InPorts = 0> <OutPorts = 1> <Sync> <CReg>
ST_1 : Operation 312 [3/3] (0.99ns) (grouped into DSP with root node add_ln110_101)   --->   "%mul_ln110_101 = mul i32 %sext_ln110_65, i32 %sext_ln110_37_cast" [src/integrated-gcn/gemm_stage.cpp:110]   --->   Operation 312 'mul' 'mul_ln110_101' <Predicate = (!tmp)> <Delay = 0.99> <CoreInst = "DSP48">   --->   Core 124 'DSP48' <Latency = 3> <II = 1> <Delay = 0.53> <IPBlock> <Opcode : 'add' 'sub' 'mul' 'select'> <InPorts = 0> <OutPorts = 1> <Sync> <CReg>
ST_1 : Operation 313 [3/3] (0.99ns) (grouped into DSP with root node add_ln110_102)   --->   "%mul_ln110_102 = mul i32 %sext_ln110_65, i32 %sext_ln110_38_cast" [src/integrated-gcn/gemm_stage.cpp:110]   --->   Operation 313 'mul' 'mul_ln110_102' <Predicate = (!tmp)> <Delay = 0.99> <CoreInst = "DSP48">   --->   Core 124 'DSP48' <Latency = 3> <II = 1> <Delay = 0.53> <IPBlock> <Opcode : 'add' 'sub' 'mul' 'select'> <InPorts = 0> <OutPorts = 1> <Sync> <CReg>
ST_1 : Operation 314 [3/3] (0.99ns) (grouped into DSP with root node add_ln110_103)   --->   "%mul_ln110_103 = mul i32 %sext_ln110_65, i32 %sext_ln110_39_cast" [src/integrated-gcn/gemm_stage.cpp:110]   --->   Operation 314 'mul' 'mul_ln110_103' <Predicate = (!tmp)> <Delay = 0.99> <CoreInst = "DSP48">   --->   Core 124 'DSP48' <Latency = 3> <II = 1> <Delay = 0.53> <IPBlock> <Opcode : 'add' 'sub' 'mul' 'select'> <InPorts = 0> <OutPorts = 1> <Sync> <CReg>
ST_1 : Operation 315 [3/3] (0.99ns) (grouped into DSP with root node add_ln110_104)   --->   "%mul_ln110_104 = mul i32 %sext_ln110_65, i32 %sext_ln110_40_cast" [src/integrated-gcn/gemm_stage.cpp:110]   --->   Operation 315 'mul' 'mul_ln110_104' <Predicate = (!tmp)> <Delay = 0.99> <CoreInst = "DSP48">   --->   Core 124 'DSP48' <Latency = 3> <II = 1> <Delay = 0.53> <IPBlock> <Opcode : 'add' 'sub' 'mul' 'select'> <InPorts = 0> <OutPorts = 1> <Sync> <CReg>
ST_1 : Operation 316 [3/3] (0.99ns) (grouped into DSP with root node add_ln110_105)   --->   "%mul_ln110_105 = mul i32 %sext_ln110_65, i32 %sext_ln110_41_cast" [src/integrated-gcn/gemm_stage.cpp:110]   --->   Operation 316 'mul' 'mul_ln110_105' <Predicate = (!tmp)> <Delay = 0.99> <CoreInst = "DSP48">   --->   Core 124 'DSP48' <Latency = 3> <II = 1> <Delay = 0.53> <IPBlock> <Opcode : 'add' 'sub' 'mul' 'select'> <InPorts = 0> <OutPorts = 1> <Sync> <CReg>
ST_1 : Operation 317 [3/3] (0.99ns) (grouped into DSP with root node add_ln110_106)   --->   "%mul_ln110_106 = mul i32 %sext_ln110_65, i32 %sext_ln110_42_cast" [src/integrated-gcn/gemm_stage.cpp:110]   --->   Operation 317 'mul' 'mul_ln110_106' <Predicate = (!tmp)> <Delay = 0.99> <CoreInst = "DSP48">   --->   Core 124 'DSP48' <Latency = 3> <II = 1> <Delay = 0.53> <IPBlock> <Opcode : 'add' 'sub' 'mul' 'select'> <InPorts = 0> <OutPorts = 1> <Sync> <CReg>
ST_1 : Operation 318 [3/3] (0.99ns) (grouped into DSP with root node add_ln110_107)   --->   "%mul_ln110_107 = mul i32 %sext_ln110_65, i32 %sext_ln110_43_cast" [src/integrated-gcn/gemm_stage.cpp:110]   --->   Operation 318 'mul' 'mul_ln110_107' <Predicate = (!tmp)> <Delay = 0.99> <CoreInst = "DSP48">   --->   Core 124 'DSP48' <Latency = 3> <II = 1> <Delay = 0.53> <IPBlock> <Opcode : 'add' 'sub' 'mul' 'select'> <InPorts = 0> <OutPorts = 1> <Sync> <CReg>
ST_1 : Operation 319 [3/3] (0.99ns) (grouped into DSP with root node add_ln110_108)   --->   "%mul_ln110_108 = mul i32 %sext_ln110_65, i32 %sext_ln110_44_cast" [src/integrated-gcn/gemm_stage.cpp:110]   --->   Operation 319 'mul' 'mul_ln110_108' <Predicate = (!tmp)> <Delay = 0.99> <CoreInst = "DSP48">   --->   Core 124 'DSP48' <Latency = 3> <II = 1> <Delay = 0.53> <IPBlock> <Opcode : 'add' 'sub' 'mul' 'select'> <InPorts = 0> <OutPorts = 1> <Sync> <CReg>
ST_1 : Operation 320 [3/3] (0.99ns) (grouped into DSP with root node add_ln110_109)   --->   "%mul_ln110_109 = mul i32 %sext_ln110_65, i32 %sext_ln110_45_cast" [src/integrated-gcn/gemm_stage.cpp:110]   --->   Operation 320 'mul' 'mul_ln110_109' <Predicate = (!tmp)> <Delay = 0.99> <CoreInst = "DSP48">   --->   Core 124 'DSP48' <Latency = 3> <II = 1> <Delay = 0.53> <IPBlock> <Opcode : 'add' 'sub' 'mul' 'select'> <InPorts = 0> <OutPorts = 1> <Sync> <CReg>
ST_1 : Operation 321 [3/3] (0.99ns) (grouped into DSP with root node add_ln110_110)   --->   "%mul_ln110_110 = mul i32 %sext_ln110_65, i32 %sext_ln110_46_cast" [src/integrated-gcn/gemm_stage.cpp:110]   --->   Operation 321 'mul' 'mul_ln110_110' <Predicate = (!tmp)> <Delay = 0.99> <CoreInst = "DSP48">   --->   Core 124 'DSP48' <Latency = 3> <II = 1> <Delay = 0.53> <IPBlock> <Opcode : 'add' 'sub' 'mul' 'select'> <InPorts = 0> <OutPorts = 1> <Sync> <CReg>
ST_1 : Operation 322 [3/3] (0.99ns) (grouped into DSP with root node add_ln110_111)   --->   "%mul_ln110_111 = mul i32 %sext_ln110_65, i32 %sext_ln110_47_cast" [src/integrated-gcn/gemm_stage.cpp:110]   --->   Operation 322 'mul' 'mul_ln110_111' <Predicate = (!tmp)> <Delay = 0.99> <CoreInst = "DSP48">   --->   Core 124 'DSP48' <Latency = 3> <II = 1> <Delay = 0.53> <IPBlock> <Opcode : 'add' 'sub' 'mul' 'select'> <InPorts = 0> <OutPorts = 1> <Sync> <CReg>
ST_1 : Operation 323 [3/3] (0.99ns) (grouped into DSP with root node add_ln110_112)   --->   "%mul_ln110_112 = mul i32 %sext_ln110_65, i32 %sext_ln110_48_cast" [src/integrated-gcn/gemm_stage.cpp:110]   --->   Operation 323 'mul' 'mul_ln110_112' <Predicate = (!tmp)> <Delay = 0.99> <CoreInst = "DSP48">   --->   Core 124 'DSP48' <Latency = 3> <II = 1> <Delay = 0.53> <IPBlock> <Opcode : 'add' 'sub' 'mul' 'select'> <InPorts = 0> <OutPorts = 1> <Sync> <CReg>
ST_1 : Operation 324 [3/3] (0.99ns) (grouped into DSP with root node add_ln110_113)   --->   "%mul_ln110_113 = mul i32 %sext_ln110_65, i32 %sext_ln110_49_cast" [src/integrated-gcn/gemm_stage.cpp:110]   --->   Operation 324 'mul' 'mul_ln110_113' <Predicate = (!tmp)> <Delay = 0.99> <CoreInst = "DSP48">   --->   Core 124 'DSP48' <Latency = 3> <II = 1> <Delay = 0.53> <IPBlock> <Opcode : 'add' 'sub' 'mul' 'select'> <InPorts = 0> <OutPorts = 1> <Sync> <CReg>
ST_1 : Operation 325 [3/3] (0.99ns) (grouped into DSP with root node add_ln110_114)   --->   "%mul_ln110_114 = mul i32 %sext_ln110_65, i32 %sext_ln110_50_cast" [src/integrated-gcn/gemm_stage.cpp:110]   --->   Operation 325 'mul' 'mul_ln110_114' <Predicate = (!tmp)> <Delay = 0.99> <CoreInst = "DSP48">   --->   Core 124 'DSP48' <Latency = 3> <II = 1> <Delay = 0.53> <IPBlock> <Opcode : 'add' 'sub' 'mul' 'select'> <InPorts = 0> <OutPorts = 1> <Sync> <CReg>
ST_1 : Operation 326 [3/3] (0.99ns) (grouped into DSP with root node add_ln110_115)   --->   "%mul_ln110_115 = mul i32 %sext_ln110_65, i32 %sext_ln110_51_cast" [src/integrated-gcn/gemm_stage.cpp:110]   --->   Operation 326 'mul' 'mul_ln110_115' <Predicate = (!tmp)> <Delay = 0.99> <CoreInst = "DSP48">   --->   Core 124 'DSP48' <Latency = 3> <II = 1> <Delay = 0.53> <IPBlock> <Opcode : 'add' 'sub' 'mul' 'select'> <InPorts = 0> <OutPorts = 1> <Sync> <CReg>
ST_1 : Operation 327 [3/3] (0.99ns) (grouped into DSP with root node add_ln110_116)   --->   "%mul_ln110_116 = mul i32 %sext_ln110_65, i32 %sext_ln110_52_cast" [src/integrated-gcn/gemm_stage.cpp:110]   --->   Operation 327 'mul' 'mul_ln110_116' <Predicate = (!tmp)> <Delay = 0.99> <CoreInst = "DSP48">   --->   Core 124 'DSP48' <Latency = 3> <II = 1> <Delay = 0.53> <IPBlock> <Opcode : 'add' 'sub' 'mul' 'select'> <InPorts = 0> <OutPorts = 1> <Sync> <CReg>
ST_1 : Operation 328 [3/3] (0.99ns) (grouped into DSP with root node add_ln110_117)   --->   "%mul_ln110_117 = mul i32 %sext_ln110_65, i32 %sext_ln110_53_cast" [src/integrated-gcn/gemm_stage.cpp:110]   --->   Operation 328 'mul' 'mul_ln110_117' <Predicate = (!tmp)> <Delay = 0.99> <CoreInst = "DSP48">   --->   Core 124 'DSP48' <Latency = 3> <II = 1> <Delay = 0.53> <IPBlock> <Opcode : 'add' 'sub' 'mul' 'select'> <InPorts = 0> <OutPorts = 1> <Sync> <CReg>
ST_1 : Operation 329 [3/3] (0.99ns) (grouped into DSP with root node add_ln110_118)   --->   "%mul_ln110_118 = mul i32 %sext_ln110_65, i32 %sext_ln110_54_cast" [src/integrated-gcn/gemm_stage.cpp:110]   --->   Operation 329 'mul' 'mul_ln110_118' <Predicate = (!tmp)> <Delay = 0.99> <CoreInst = "DSP48">   --->   Core 124 'DSP48' <Latency = 3> <II = 1> <Delay = 0.53> <IPBlock> <Opcode : 'add' 'sub' 'mul' 'select'> <InPorts = 0> <OutPorts = 1> <Sync> <CReg>
ST_1 : Operation 330 [3/3] (0.99ns) (grouped into DSP with root node add_ln110_119)   --->   "%mul_ln110_119 = mul i32 %sext_ln110_65, i32 %sext_ln110_55_cast" [src/integrated-gcn/gemm_stage.cpp:110]   --->   Operation 330 'mul' 'mul_ln110_119' <Predicate = (!tmp)> <Delay = 0.99> <CoreInst = "DSP48">   --->   Core 124 'DSP48' <Latency = 3> <II = 1> <Delay = 0.53> <IPBlock> <Opcode : 'add' 'sub' 'mul' 'select'> <InPorts = 0> <OutPorts = 1> <Sync> <CReg>
ST_1 : Operation 331 [3/3] (0.99ns) (grouped into DSP with root node add_ln110_120)   --->   "%mul_ln110_120 = mul i32 %sext_ln110_65, i32 %sext_ln110_56_cast" [src/integrated-gcn/gemm_stage.cpp:110]   --->   Operation 331 'mul' 'mul_ln110_120' <Predicate = (!tmp)> <Delay = 0.99> <CoreInst = "DSP48">   --->   Core 124 'DSP48' <Latency = 3> <II = 1> <Delay = 0.53> <IPBlock> <Opcode : 'add' 'sub' 'mul' 'select'> <InPorts = 0> <OutPorts = 1> <Sync> <CReg>
ST_1 : Operation 332 [3/3] (0.99ns) (grouped into DSP with root node add_ln110_121)   --->   "%mul_ln110_121 = mul i32 %sext_ln110_65, i32 %sext_ln110_57_cast" [src/integrated-gcn/gemm_stage.cpp:110]   --->   Operation 332 'mul' 'mul_ln110_121' <Predicate = (!tmp)> <Delay = 0.99> <CoreInst = "DSP48">   --->   Core 124 'DSP48' <Latency = 3> <II = 1> <Delay = 0.53> <IPBlock> <Opcode : 'add' 'sub' 'mul' 'select'> <InPorts = 0> <OutPorts = 1> <Sync> <CReg>
ST_1 : Operation 333 [3/3] (0.99ns) (grouped into DSP with root node add_ln110_122)   --->   "%mul_ln110_122 = mul i32 %sext_ln110_65, i32 %sext_ln110_58_cast" [src/integrated-gcn/gemm_stage.cpp:110]   --->   Operation 333 'mul' 'mul_ln110_122' <Predicate = (!tmp)> <Delay = 0.99> <CoreInst = "DSP48">   --->   Core 124 'DSP48' <Latency = 3> <II = 1> <Delay = 0.53> <IPBlock> <Opcode : 'add' 'sub' 'mul' 'select'> <InPorts = 0> <OutPorts = 1> <Sync> <CReg>
ST_1 : Operation 334 [3/3] (0.99ns) (grouped into DSP with root node add_ln110_123)   --->   "%mul_ln110_123 = mul i32 %sext_ln110_65, i32 %sext_ln110_59_cast" [src/integrated-gcn/gemm_stage.cpp:110]   --->   Operation 334 'mul' 'mul_ln110_123' <Predicate = (!tmp)> <Delay = 0.99> <CoreInst = "DSP48">   --->   Core 124 'DSP48' <Latency = 3> <II = 1> <Delay = 0.53> <IPBlock> <Opcode : 'add' 'sub' 'mul' 'select'> <InPorts = 0> <OutPorts = 1> <Sync> <CReg>
ST_1 : Operation 335 [3/3] (0.99ns) (grouped into DSP with root node add_ln110_124)   --->   "%mul_ln110_124 = mul i32 %sext_ln110_65, i32 %sext_ln110_60_cast" [src/integrated-gcn/gemm_stage.cpp:110]   --->   Operation 335 'mul' 'mul_ln110_124' <Predicate = (!tmp)> <Delay = 0.99> <CoreInst = "DSP48">   --->   Core 124 'DSP48' <Latency = 3> <II = 1> <Delay = 0.53> <IPBlock> <Opcode : 'add' 'sub' 'mul' 'select'> <InPorts = 0> <OutPorts = 1> <Sync> <CReg>
ST_1 : Operation 336 [3/3] (0.99ns) (grouped into DSP with root node add_ln110_125)   --->   "%mul_ln110_125 = mul i32 %sext_ln110_65, i32 %sext_ln110_61_cast" [src/integrated-gcn/gemm_stage.cpp:110]   --->   Operation 336 'mul' 'mul_ln110_125' <Predicate = (!tmp)> <Delay = 0.99> <CoreInst = "DSP48">   --->   Core 124 'DSP48' <Latency = 3> <II = 1> <Delay = 0.53> <IPBlock> <Opcode : 'add' 'sub' 'mul' 'select'> <InPorts = 0> <OutPorts = 1> <Sync> <CReg>
ST_1 : Operation 337 [3/3] (0.99ns) (grouped into DSP with root node add_ln110_126)   --->   "%mul_ln110_126 = mul i32 %sext_ln110_65, i32 %sext_ln110_62_cast" [src/integrated-gcn/gemm_stage.cpp:110]   --->   Operation 337 'mul' 'mul_ln110_126' <Predicate = (!tmp)> <Delay = 0.99> <CoreInst = "DSP48">   --->   Core 124 'DSP48' <Latency = 3> <II = 1> <Delay = 0.53> <IPBlock> <Opcode : 'add' 'sub' 'mul' 'select'> <InPorts = 0> <OutPorts = 1> <Sync> <CReg>
ST_1 : Operation 338 [3/3] (0.99ns) (grouped into DSP with root node add_ln110_127)   --->   "%mul_ln110_127 = mul i32 %sext_ln110_65, i32 %sext_ln110_63_cast" [src/integrated-gcn/gemm_stage.cpp:110]   --->   Operation 338 'mul' 'mul_ln110_127' <Predicate = (!tmp)> <Delay = 0.99> <CoreInst = "DSP48">   --->   Core 124 'DSP48' <Latency = 3> <II = 1> <Delay = 0.53> <IPBlock> <Opcode : 'add' 'sub' 'mul' 'select'> <InPorts = 0> <OutPorts = 1> <Sync> <CReg>
ST_1 : Operation 339 [1/1] (0.48ns)   --->   "%X_val_2 = sparsemux i16 @_ssdm_op_SparseMux.ap_auto.16i16.i16.i6, i6 0, i16 %X_line_194_reload_read, i6 4, i16 %X_line_198_reload_read, i6 8, i16 %X_line_202_reload_read, i6 12, i16 %X_line_206_reload_read, i6 16, i16 %X_line_210_reload_read, i6 20, i16 %X_line_214_reload_read, i6 24, i16 %X_line_218_reload_read, i6 28, i16 %X_line_222_reload_read, i6 32, i16 %X_line_226_reload_read, i6 36, i16 %X_line_230_reload_read, i6 40, i16 %X_line_234_reload_read, i6 44, i16 %X_line_238_reload_read, i6 48, i16 %X_line_242_reload_read, i6 52, i16 %X_line_246_reload_read, i6 56, i16 %X_line_250_reload_read, i6 60, i16 %X_line_254_reload_read, i16 0, i6 %trunc_ln101" [src/integrated-gcn/gemm_stage.cpp:105]   --->   Operation 339 'sparsemux' 'X_val_2' <Predicate = (!tmp)> <Delay = 0.48> <CoreInst = "BinarySparseMux_DontCare">   --->   Core 149 'BinarySparseMux_DontCare' <Latency = 0> <II = 1> <Delay = 0.48> <FuncUnit> <Opcode : 'sparsemux'> <InPorts = 2> <OutPorts = 1>
ST_1 : Operation 340 [1/1] (0.00ns)   --->   "%sext_ln110_66 = sext i16 %X_val_2" [src/integrated-gcn/gemm_stage.cpp:110]   --->   Operation 340 'sext' 'sext_ln110_66' <Predicate = (!tmp)> <Delay = 0.00>
ST_1 : Operation 341 [3/3] (0.99ns) (grouped into DSP with root node add_ln110_128)   --->   "%mul_ln110_128 = mul i32 %sext_ln110_66, i32 %sext_ln110_cast" [src/integrated-gcn/gemm_stage.cpp:110]   --->   Operation 341 'mul' 'mul_ln110_128' <Predicate = (!tmp)> <Delay = 0.99> <CoreInst = "DSP48">   --->   Core 124 'DSP48' <Latency = 3> <II = 1> <Delay = 0.53> <IPBlock> <Opcode : 'add' 'sub' 'mul' 'select'> <InPorts = 0> <OutPorts = 1> <Sync> <CReg>
ST_1 : Operation 342 [3/3] (0.99ns) (grouped into DSP with root node add_ln110_129)   --->   "%mul_ln110_129 = mul i32 %sext_ln110_66, i32 %sext_ln110_1_cast" [src/integrated-gcn/gemm_stage.cpp:110]   --->   Operation 342 'mul' 'mul_ln110_129' <Predicate = (!tmp)> <Delay = 0.99> <CoreInst = "DSP48">   --->   Core 124 'DSP48' <Latency = 3> <II = 1> <Delay = 0.53> <IPBlock> <Opcode : 'add' 'sub' 'mul' 'select'> <InPorts = 0> <OutPorts = 1> <Sync> <CReg>
ST_1 : Operation 343 [3/3] (0.99ns) (grouped into DSP with root node add_ln110_130)   --->   "%mul_ln110_130 = mul i32 %sext_ln110_66, i32 %sext_ln110_2_cast" [src/integrated-gcn/gemm_stage.cpp:110]   --->   Operation 343 'mul' 'mul_ln110_130' <Predicate = (!tmp)> <Delay = 0.99> <CoreInst = "DSP48">   --->   Core 124 'DSP48' <Latency = 3> <II = 1> <Delay = 0.53> <IPBlock> <Opcode : 'add' 'sub' 'mul' 'select'> <InPorts = 0> <OutPorts = 1> <Sync> <CReg>
ST_1 : Operation 344 [3/3] (0.99ns) (grouped into DSP with root node add_ln110_131)   --->   "%mul_ln110_131 = mul i32 %sext_ln110_66, i32 %sext_ln110_3_cast" [src/integrated-gcn/gemm_stage.cpp:110]   --->   Operation 344 'mul' 'mul_ln110_131' <Predicate = (!tmp)> <Delay = 0.99> <CoreInst = "DSP48">   --->   Core 124 'DSP48' <Latency = 3> <II = 1> <Delay = 0.53> <IPBlock> <Opcode : 'add' 'sub' 'mul' 'select'> <InPorts = 0> <OutPorts = 1> <Sync> <CReg>
ST_1 : Operation 345 [3/3] (0.99ns) (grouped into DSP with root node add_ln110_132)   --->   "%mul_ln110_132 = mul i32 %sext_ln110_66, i32 %sext_ln110_4_cast" [src/integrated-gcn/gemm_stage.cpp:110]   --->   Operation 345 'mul' 'mul_ln110_132' <Predicate = (!tmp)> <Delay = 0.99> <CoreInst = "DSP48">   --->   Core 124 'DSP48' <Latency = 3> <II = 1> <Delay = 0.53> <IPBlock> <Opcode : 'add' 'sub' 'mul' 'select'> <InPorts = 0> <OutPorts = 1> <Sync> <CReg>
ST_1 : Operation 346 [3/3] (0.99ns) (grouped into DSP with root node add_ln110_133)   --->   "%mul_ln110_133 = mul i32 %sext_ln110_66, i32 %sext_ln110_5_cast" [src/integrated-gcn/gemm_stage.cpp:110]   --->   Operation 346 'mul' 'mul_ln110_133' <Predicate = (!tmp)> <Delay = 0.99> <CoreInst = "DSP48">   --->   Core 124 'DSP48' <Latency = 3> <II = 1> <Delay = 0.53> <IPBlock> <Opcode : 'add' 'sub' 'mul' 'select'> <InPorts = 0> <OutPorts = 1> <Sync> <CReg>
ST_1 : Operation 347 [3/3] (0.99ns) (grouped into DSP with root node add_ln110_134)   --->   "%mul_ln110_134 = mul i32 %sext_ln110_66, i32 %sext_ln110_6_cast" [src/integrated-gcn/gemm_stage.cpp:110]   --->   Operation 347 'mul' 'mul_ln110_134' <Predicate = (!tmp)> <Delay = 0.99> <CoreInst = "DSP48">   --->   Core 124 'DSP48' <Latency = 3> <II = 1> <Delay = 0.53> <IPBlock> <Opcode : 'add' 'sub' 'mul' 'select'> <InPorts = 0> <OutPorts = 1> <Sync> <CReg>
ST_1 : Operation 348 [3/3] (0.99ns) (grouped into DSP with root node add_ln110_135)   --->   "%mul_ln110_135 = mul i32 %sext_ln110_66, i32 %sext_ln110_7_cast" [src/integrated-gcn/gemm_stage.cpp:110]   --->   Operation 348 'mul' 'mul_ln110_135' <Predicate = (!tmp)> <Delay = 0.99> <CoreInst = "DSP48">   --->   Core 124 'DSP48' <Latency = 3> <II = 1> <Delay = 0.53> <IPBlock> <Opcode : 'add' 'sub' 'mul' 'select'> <InPorts = 0> <OutPorts = 1> <Sync> <CReg>
ST_1 : Operation 349 [3/3] (0.99ns) (grouped into DSP with root node add_ln110_136)   --->   "%mul_ln110_136 = mul i32 %sext_ln110_66, i32 %sext_ln110_8_cast" [src/integrated-gcn/gemm_stage.cpp:110]   --->   Operation 349 'mul' 'mul_ln110_136' <Predicate = (!tmp)> <Delay = 0.99> <CoreInst = "DSP48">   --->   Core 124 'DSP48' <Latency = 3> <II = 1> <Delay = 0.53> <IPBlock> <Opcode : 'add' 'sub' 'mul' 'select'> <InPorts = 0> <OutPorts = 1> <Sync> <CReg>
ST_1 : Operation 350 [3/3] (0.99ns) (grouped into DSP with root node add_ln110_137)   --->   "%mul_ln110_137 = mul i32 %sext_ln110_66, i32 %sext_ln110_9_cast" [src/integrated-gcn/gemm_stage.cpp:110]   --->   Operation 350 'mul' 'mul_ln110_137' <Predicate = (!tmp)> <Delay = 0.99> <CoreInst = "DSP48">   --->   Core 124 'DSP48' <Latency = 3> <II = 1> <Delay = 0.53> <IPBlock> <Opcode : 'add' 'sub' 'mul' 'select'> <InPorts = 0> <OutPorts = 1> <Sync> <CReg>
ST_1 : Operation 351 [3/3] (0.99ns) (grouped into DSP with root node add_ln110_138)   --->   "%mul_ln110_138 = mul i32 %sext_ln110_66, i32 %sext_ln110_10_cast" [src/integrated-gcn/gemm_stage.cpp:110]   --->   Operation 351 'mul' 'mul_ln110_138' <Predicate = (!tmp)> <Delay = 0.99> <CoreInst = "DSP48">   --->   Core 124 'DSP48' <Latency = 3> <II = 1> <Delay = 0.53> <IPBlock> <Opcode : 'add' 'sub' 'mul' 'select'> <InPorts = 0> <OutPorts = 1> <Sync> <CReg>
ST_1 : Operation 352 [3/3] (0.99ns) (grouped into DSP with root node add_ln110_139)   --->   "%mul_ln110_139 = mul i32 %sext_ln110_66, i32 %sext_ln110_11_cast" [src/integrated-gcn/gemm_stage.cpp:110]   --->   Operation 352 'mul' 'mul_ln110_139' <Predicate = (!tmp)> <Delay = 0.99> <CoreInst = "DSP48">   --->   Core 124 'DSP48' <Latency = 3> <II = 1> <Delay = 0.53> <IPBlock> <Opcode : 'add' 'sub' 'mul' 'select'> <InPorts = 0> <OutPorts = 1> <Sync> <CReg>
ST_1 : Operation 353 [3/3] (0.99ns) (grouped into DSP with root node add_ln110_140)   --->   "%mul_ln110_140 = mul i32 %sext_ln110_66, i32 %sext_ln110_12_cast" [src/integrated-gcn/gemm_stage.cpp:110]   --->   Operation 353 'mul' 'mul_ln110_140' <Predicate = (!tmp)> <Delay = 0.99> <CoreInst = "DSP48">   --->   Core 124 'DSP48' <Latency = 3> <II = 1> <Delay = 0.53> <IPBlock> <Opcode : 'add' 'sub' 'mul' 'select'> <InPorts = 0> <OutPorts = 1> <Sync> <CReg>
ST_1 : Operation 354 [3/3] (0.99ns) (grouped into DSP with root node add_ln110_141)   --->   "%mul_ln110_141 = mul i32 %sext_ln110_66, i32 %sext_ln110_13_cast" [src/integrated-gcn/gemm_stage.cpp:110]   --->   Operation 354 'mul' 'mul_ln110_141' <Predicate = (!tmp)> <Delay = 0.99> <CoreInst = "DSP48">   --->   Core 124 'DSP48' <Latency = 3> <II = 1> <Delay = 0.53> <IPBlock> <Opcode : 'add' 'sub' 'mul' 'select'> <InPorts = 0> <OutPorts = 1> <Sync> <CReg>
ST_1 : Operation 355 [3/3] (0.99ns) (grouped into DSP with root node add_ln110_142)   --->   "%mul_ln110_142 = mul i32 %sext_ln110_66, i32 %sext_ln110_14_cast" [src/integrated-gcn/gemm_stage.cpp:110]   --->   Operation 355 'mul' 'mul_ln110_142' <Predicate = (!tmp)> <Delay = 0.99> <CoreInst = "DSP48">   --->   Core 124 'DSP48' <Latency = 3> <II = 1> <Delay = 0.53> <IPBlock> <Opcode : 'add' 'sub' 'mul' 'select'> <InPorts = 0> <OutPorts = 1> <Sync> <CReg>
ST_1 : Operation 356 [3/3] (0.99ns) (grouped into DSP with root node add_ln110_143)   --->   "%mul_ln110_143 = mul i32 %sext_ln110_66, i32 %sext_ln110_15_cast" [src/integrated-gcn/gemm_stage.cpp:110]   --->   Operation 356 'mul' 'mul_ln110_143' <Predicate = (!tmp)> <Delay = 0.99> <CoreInst = "DSP48">   --->   Core 124 'DSP48' <Latency = 3> <II = 1> <Delay = 0.53> <IPBlock> <Opcode : 'add' 'sub' 'mul' 'select'> <InPorts = 0> <OutPorts = 1> <Sync> <CReg>
ST_1 : Operation 357 [3/3] (0.99ns) (grouped into DSP with root node add_ln110_144)   --->   "%mul_ln110_144 = mul i32 %sext_ln110_66, i32 %sext_ln110_16_cast" [src/integrated-gcn/gemm_stage.cpp:110]   --->   Operation 357 'mul' 'mul_ln110_144' <Predicate = (!tmp)> <Delay = 0.99> <CoreInst = "DSP48">   --->   Core 124 'DSP48' <Latency = 3> <II = 1> <Delay = 0.53> <IPBlock> <Opcode : 'add' 'sub' 'mul' 'select'> <InPorts = 0> <OutPorts = 1> <Sync> <CReg>
ST_1 : Operation 358 [3/3] (0.99ns) (grouped into DSP with root node add_ln110_145)   --->   "%mul_ln110_145 = mul i32 %sext_ln110_66, i32 %sext_ln110_17_cast" [src/integrated-gcn/gemm_stage.cpp:110]   --->   Operation 358 'mul' 'mul_ln110_145' <Predicate = (!tmp)> <Delay = 0.99> <CoreInst = "DSP48">   --->   Core 124 'DSP48' <Latency = 3> <II = 1> <Delay = 0.53> <IPBlock> <Opcode : 'add' 'sub' 'mul' 'select'> <InPorts = 0> <OutPorts = 1> <Sync> <CReg>
ST_1 : Operation 359 [3/3] (0.99ns) (grouped into DSP with root node add_ln110_146)   --->   "%mul_ln110_146 = mul i32 %sext_ln110_66, i32 %sext_ln110_18_cast" [src/integrated-gcn/gemm_stage.cpp:110]   --->   Operation 359 'mul' 'mul_ln110_146' <Predicate = (!tmp)> <Delay = 0.99> <CoreInst = "DSP48">   --->   Core 124 'DSP48' <Latency = 3> <II = 1> <Delay = 0.53> <IPBlock> <Opcode : 'add' 'sub' 'mul' 'select'> <InPorts = 0> <OutPorts = 1> <Sync> <CReg>
ST_1 : Operation 360 [3/3] (0.99ns) (grouped into DSP with root node add_ln110_147)   --->   "%mul_ln110_147 = mul i32 %sext_ln110_66, i32 %sext_ln110_19_cast" [src/integrated-gcn/gemm_stage.cpp:110]   --->   Operation 360 'mul' 'mul_ln110_147' <Predicate = (!tmp)> <Delay = 0.99> <CoreInst = "DSP48">   --->   Core 124 'DSP48' <Latency = 3> <II = 1> <Delay = 0.53> <IPBlock> <Opcode : 'add' 'sub' 'mul' 'select'> <InPorts = 0> <OutPorts = 1> <Sync> <CReg>
ST_1 : Operation 361 [3/3] (0.99ns) (grouped into DSP with root node add_ln110_148)   --->   "%mul_ln110_148 = mul i32 %sext_ln110_66, i32 %sext_ln110_20_cast" [src/integrated-gcn/gemm_stage.cpp:110]   --->   Operation 361 'mul' 'mul_ln110_148' <Predicate = (!tmp)> <Delay = 0.99> <CoreInst = "DSP48">   --->   Core 124 'DSP48' <Latency = 3> <II = 1> <Delay = 0.53> <IPBlock> <Opcode : 'add' 'sub' 'mul' 'select'> <InPorts = 0> <OutPorts = 1> <Sync> <CReg>
ST_1 : Operation 362 [3/3] (0.99ns) (grouped into DSP with root node add_ln110_149)   --->   "%mul_ln110_149 = mul i32 %sext_ln110_66, i32 %sext_ln110_21_cast" [src/integrated-gcn/gemm_stage.cpp:110]   --->   Operation 362 'mul' 'mul_ln110_149' <Predicate = (!tmp)> <Delay = 0.99> <CoreInst = "DSP48">   --->   Core 124 'DSP48' <Latency = 3> <II = 1> <Delay = 0.53> <IPBlock> <Opcode : 'add' 'sub' 'mul' 'select'> <InPorts = 0> <OutPorts = 1> <Sync> <CReg>
ST_1 : Operation 363 [3/3] (0.99ns) (grouped into DSP with root node add_ln110_150)   --->   "%mul_ln110_150 = mul i32 %sext_ln110_66, i32 %sext_ln110_22_cast" [src/integrated-gcn/gemm_stage.cpp:110]   --->   Operation 363 'mul' 'mul_ln110_150' <Predicate = (!tmp)> <Delay = 0.99> <CoreInst = "DSP48">   --->   Core 124 'DSP48' <Latency = 3> <II = 1> <Delay = 0.53> <IPBlock> <Opcode : 'add' 'sub' 'mul' 'select'> <InPorts = 0> <OutPorts = 1> <Sync> <CReg>
ST_1 : Operation 364 [3/3] (0.99ns) (grouped into DSP with root node add_ln110_151)   --->   "%mul_ln110_151 = mul i32 %sext_ln110_66, i32 %sext_ln110_23_cast" [src/integrated-gcn/gemm_stage.cpp:110]   --->   Operation 364 'mul' 'mul_ln110_151' <Predicate = (!tmp)> <Delay = 0.99> <CoreInst = "DSP48">   --->   Core 124 'DSP48' <Latency = 3> <II = 1> <Delay = 0.53> <IPBlock> <Opcode : 'add' 'sub' 'mul' 'select'> <InPorts = 0> <OutPorts = 1> <Sync> <CReg>
ST_1 : Operation 365 [3/3] (0.99ns) (grouped into DSP with root node add_ln110_152)   --->   "%mul_ln110_152 = mul i32 %sext_ln110_66, i32 %sext_ln110_24_cast" [src/integrated-gcn/gemm_stage.cpp:110]   --->   Operation 365 'mul' 'mul_ln110_152' <Predicate = (!tmp)> <Delay = 0.99> <CoreInst = "DSP48">   --->   Core 124 'DSP48' <Latency = 3> <II = 1> <Delay = 0.53> <IPBlock> <Opcode : 'add' 'sub' 'mul' 'select'> <InPorts = 0> <OutPorts = 1> <Sync> <CReg>
ST_1 : Operation 366 [3/3] (0.99ns) (grouped into DSP with root node add_ln110_153)   --->   "%mul_ln110_153 = mul i32 %sext_ln110_66, i32 %sext_ln110_25_cast" [src/integrated-gcn/gemm_stage.cpp:110]   --->   Operation 366 'mul' 'mul_ln110_153' <Predicate = (!tmp)> <Delay = 0.99> <CoreInst = "DSP48">   --->   Core 124 'DSP48' <Latency = 3> <II = 1> <Delay = 0.53> <IPBlock> <Opcode : 'add' 'sub' 'mul' 'select'> <InPorts = 0> <OutPorts = 1> <Sync> <CReg>
ST_1 : Operation 367 [3/3] (0.99ns) (grouped into DSP with root node add_ln110_154)   --->   "%mul_ln110_154 = mul i32 %sext_ln110_66, i32 %sext_ln110_26_cast" [src/integrated-gcn/gemm_stage.cpp:110]   --->   Operation 367 'mul' 'mul_ln110_154' <Predicate = (!tmp)> <Delay = 0.99> <CoreInst = "DSP48">   --->   Core 124 'DSP48' <Latency = 3> <II = 1> <Delay = 0.53> <IPBlock> <Opcode : 'add' 'sub' 'mul' 'select'> <InPorts = 0> <OutPorts = 1> <Sync> <CReg>
ST_1 : Operation 368 [3/3] (0.99ns) (grouped into DSP with root node add_ln110_155)   --->   "%mul_ln110_155 = mul i32 %sext_ln110_66, i32 %sext_ln110_27_cast" [src/integrated-gcn/gemm_stage.cpp:110]   --->   Operation 368 'mul' 'mul_ln110_155' <Predicate = (!tmp)> <Delay = 0.99> <CoreInst = "DSP48">   --->   Core 124 'DSP48' <Latency = 3> <II = 1> <Delay = 0.53> <IPBlock> <Opcode : 'add' 'sub' 'mul' 'select'> <InPorts = 0> <OutPorts = 1> <Sync> <CReg>
ST_1 : Operation 369 [3/3] (0.99ns) (grouped into DSP with root node add_ln110_156)   --->   "%mul_ln110_156 = mul i32 %sext_ln110_66, i32 %sext_ln110_28_cast" [src/integrated-gcn/gemm_stage.cpp:110]   --->   Operation 369 'mul' 'mul_ln110_156' <Predicate = (!tmp)> <Delay = 0.99> <CoreInst = "DSP48">   --->   Core 124 'DSP48' <Latency = 3> <II = 1> <Delay = 0.53> <IPBlock> <Opcode : 'add' 'sub' 'mul' 'select'> <InPorts = 0> <OutPorts = 1> <Sync> <CReg>
ST_1 : Operation 370 [3/3] (0.99ns) (grouped into DSP with root node add_ln110_157)   --->   "%mul_ln110_157 = mul i32 %sext_ln110_66, i32 %sext_ln110_29_cast" [src/integrated-gcn/gemm_stage.cpp:110]   --->   Operation 370 'mul' 'mul_ln110_157' <Predicate = (!tmp)> <Delay = 0.99> <CoreInst = "DSP48">   --->   Core 124 'DSP48' <Latency = 3> <II = 1> <Delay = 0.53> <IPBlock> <Opcode : 'add' 'sub' 'mul' 'select'> <InPorts = 0> <OutPorts = 1> <Sync> <CReg>
ST_1 : Operation 371 [3/3] (0.99ns) (grouped into DSP with root node add_ln110_158)   --->   "%mul_ln110_158 = mul i32 %sext_ln110_66, i32 %sext_ln110_30_cast" [src/integrated-gcn/gemm_stage.cpp:110]   --->   Operation 371 'mul' 'mul_ln110_158' <Predicate = (!tmp)> <Delay = 0.99> <CoreInst = "DSP48">   --->   Core 124 'DSP48' <Latency = 3> <II = 1> <Delay = 0.53> <IPBlock> <Opcode : 'add' 'sub' 'mul' 'select'> <InPorts = 0> <OutPorts = 1> <Sync> <CReg>
ST_1 : Operation 372 [3/3] (0.99ns) (grouped into DSP with root node add_ln110_159)   --->   "%mul_ln110_159 = mul i32 %sext_ln110_66, i32 %sext_ln110_31_cast" [src/integrated-gcn/gemm_stage.cpp:110]   --->   Operation 372 'mul' 'mul_ln110_159' <Predicate = (!tmp)> <Delay = 0.99> <CoreInst = "DSP48">   --->   Core 124 'DSP48' <Latency = 3> <II = 1> <Delay = 0.53> <IPBlock> <Opcode : 'add' 'sub' 'mul' 'select'> <InPorts = 0> <OutPorts = 1> <Sync> <CReg>
ST_1 : Operation 373 [3/3] (0.99ns) (grouped into DSP with root node add_ln110_160)   --->   "%mul_ln110_160 = mul i32 %sext_ln110_66, i32 %sext_ln110_32_cast" [src/integrated-gcn/gemm_stage.cpp:110]   --->   Operation 373 'mul' 'mul_ln110_160' <Predicate = (!tmp)> <Delay = 0.99> <CoreInst = "DSP48">   --->   Core 124 'DSP48' <Latency = 3> <II = 1> <Delay = 0.53> <IPBlock> <Opcode : 'add' 'sub' 'mul' 'select'> <InPorts = 0> <OutPorts = 1> <Sync> <CReg>
ST_1 : Operation 374 [3/3] (0.99ns) (grouped into DSP with root node add_ln110_161)   --->   "%mul_ln110_161 = mul i32 %sext_ln110_66, i32 %sext_ln110_33_cast" [src/integrated-gcn/gemm_stage.cpp:110]   --->   Operation 374 'mul' 'mul_ln110_161' <Predicate = (!tmp)> <Delay = 0.99> <CoreInst = "DSP48">   --->   Core 124 'DSP48' <Latency = 3> <II = 1> <Delay = 0.53> <IPBlock> <Opcode : 'add' 'sub' 'mul' 'select'> <InPorts = 0> <OutPorts = 1> <Sync> <CReg>
ST_1 : Operation 375 [3/3] (0.99ns) (grouped into DSP with root node add_ln110_162)   --->   "%mul_ln110_162 = mul i32 %sext_ln110_66, i32 %sext_ln110_34_cast" [src/integrated-gcn/gemm_stage.cpp:110]   --->   Operation 375 'mul' 'mul_ln110_162' <Predicate = (!tmp)> <Delay = 0.99> <CoreInst = "DSP48">   --->   Core 124 'DSP48' <Latency = 3> <II = 1> <Delay = 0.53> <IPBlock> <Opcode : 'add' 'sub' 'mul' 'select'> <InPorts = 0> <OutPorts = 1> <Sync> <CReg>
ST_1 : Operation 376 [3/3] (0.99ns) (grouped into DSP with root node add_ln110_163)   --->   "%mul_ln110_163 = mul i32 %sext_ln110_66, i32 %sext_ln110_35_cast" [src/integrated-gcn/gemm_stage.cpp:110]   --->   Operation 376 'mul' 'mul_ln110_163' <Predicate = (!tmp)> <Delay = 0.99> <CoreInst = "DSP48">   --->   Core 124 'DSP48' <Latency = 3> <II = 1> <Delay = 0.53> <IPBlock> <Opcode : 'add' 'sub' 'mul' 'select'> <InPorts = 0> <OutPorts = 1> <Sync> <CReg>
ST_1 : Operation 377 [3/3] (0.99ns) (grouped into DSP with root node add_ln110_164)   --->   "%mul_ln110_164 = mul i32 %sext_ln110_66, i32 %sext_ln110_36_cast" [src/integrated-gcn/gemm_stage.cpp:110]   --->   Operation 377 'mul' 'mul_ln110_164' <Predicate = (!tmp)> <Delay = 0.99> <CoreInst = "DSP48">   --->   Core 124 'DSP48' <Latency = 3> <II = 1> <Delay = 0.53> <IPBlock> <Opcode : 'add' 'sub' 'mul' 'select'> <InPorts = 0> <OutPorts = 1> <Sync> <CReg>
ST_1 : Operation 378 [3/3] (0.99ns) (grouped into DSP with root node add_ln110_165)   --->   "%mul_ln110_165 = mul i32 %sext_ln110_66, i32 %sext_ln110_37_cast" [src/integrated-gcn/gemm_stage.cpp:110]   --->   Operation 378 'mul' 'mul_ln110_165' <Predicate = (!tmp)> <Delay = 0.99> <CoreInst = "DSP48">   --->   Core 124 'DSP48' <Latency = 3> <II = 1> <Delay = 0.53> <IPBlock> <Opcode : 'add' 'sub' 'mul' 'select'> <InPorts = 0> <OutPorts = 1> <Sync> <CReg>
ST_1 : Operation 379 [3/3] (0.99ns) (grouped into DSP with root node add_ln110_166)   --->   "%mul_ln110_166 = mul i32 %sext_ln110_66, i32 %sext_ln110_38_cast" [src/integrated-gcn/gemm_stage.cpp:110]   --->   Operation 379 'mul' 'mul_ln110_166' <Predicate = (!tmp)> <Delay = 0.99> <CoreInst = "DSP48">   --->   Core 124 'DSP48' <Latency = 3> <II = 1> <Delay = 0.53> <IPBlock> <Opcode : 'add' 'sub' 'mul' 'select'> <InPorts = 0> <OutPorts = 1> <Sync> <CReg>
ST_1 : Operation 380 [3/3] (0.99ns) (grouped into DSP with root node add_ln110_167)   --->   "%mul_ln110_167 = mul i32 %sext_ln110_66, i32 %sext_ln110_39_cast" [src/integrated-gcn/gemm_stage.cpp:110]   --->   Operation 380 'mul' 'mul_ln110_167' <Predicate = (!tmp)> <Delay = 0.99> <CoreInst = "DSP48">   --->   Core 124 'DSP48' <Latency = 3> <II = 1> <Delay = 0.53> <IPBlock> <Opcode : 'add' 'sub' 'mul' 'select'> <InPorts = 0> <OutPorts = 1> <Sync> <CReg>
ST_1 : Operation 381 [3/3] (0.99ns) (grouped into DSP with root node add_ln110_168)   --->   "%mul_ln110_168 = mul i32 %sext_ln110_66, i32 %sext_ln110_40_cast" [src/integrated-gcn/gemm_stage.cpp:110]   --->   Operation 381 'mul' 'mul_ln110_168' <Predicate = (!tmp)> <Delay = 0.99> <CoreInst = "DSP48">   --->   Core 124 'DSP48' <Latency = 3> <II = 1> <Delay = 0.53> <IPBlock> <Opcode : 'add' 'sub' 'mul' 'select'> <InPorts = 0> <OutPorts = 1> <Sync> <CReg>
ST_1 : Operation 382 [3/3] (0.99ns) (grouped into DSP with root node add_ln110_169)   --->   "%mul_ln110_169 = mul i32 %sext_ln110_66, i32 %sext_ln110_41_cast" [src/integrated-gcn/gemm_stage.cpp:110]   --->   Operation 382 'mul' 'mul_ln110_169' <Predicate = (!tmp)> <Delay = 0.99> <CoreInst = "DSP48">   --->   Core 124 'DSP48' <Latency = 3> <II = 1> <Delay = 0.53> <IPBlock> <Opcode : 'add' 'sub' 'mul' 'select'> <InPorts = 0> <OutPorts = 1> <Sync> <CReg>
ST_1 : Operation 383 [3/3] (0.99ns) (grouped into DSP with root node add_ln110_170)   --->   "%mul_ln110_170 = mul i32 %sext_ln110_66, i32 %sext_ln110_42_cast" [src/integrated-gcn/gemm_stage.cpp:110]   --->   Operation 383 'mul' 'mul_ln110_170' <Predicate = (!tmp)> <Delay = 0.99> <CoreInst = "DSP48">   --->   Core 124 'DSP48' <Latency = 3> <II = 1> <Delay = 0.53> <IPBlock> <Opcode : 'add' 'sub' 'mul' 'select'> <InPorts = 0> <OutPorts = 1> <Sync> <CReg>
ST_1 : Operation 384 [3/3] (0.99ns) (grouped into DSP with root node add_ln110_171)   --->   "%mul_ln110_171 = mul i32 %sext_ln110_66, i32 %sext_ln110_43_cast" [src/integrated-gcn/gemm_stage.cpp:110]   --->   Operation 384 'mul' 'mul_ln110_171' <Predicate = (!tmp)> <Delay = 0.99> <CoreInst = "DSP48">   --->   Core 124 'DSP48' <Latency = 3> <II = 1> <Delay = 0.53> <IPBlock> <Opcode : 'add' 'sub' 'mul' 'select'> <InPorts = 0> <OutPorts = 1> <Sync> <CReg>
ST_1 : Operation 385 [3/3] (0.99ns) (grouped into DSP with root node add_ln110_172)   --->   "%mul_ln110_172 = mul i32 %sext_ln110_66, i32 %sext_ln110_44_cast" [src/integrated-gcn/gemm_stage.cpp:110]   --->   Operation 385 'mul' 'mul_ln110_172' <Predicate = (!tmp)> <Delay = 0.99> <CoreInst = "DSP48">   --->   Core 124 'DSP48' <Latency = 3> <II = 1> <Delay = 0.53> <IPBlock> <Opcode : 'add' 'sub' 'mul' 'select'> <InPorts = 0> <OutPorts = 1> <Sync> <CReg>
ST_1 : Operation 386 [3/3] (0.99ns) (grouped into DSP with root node add_ln110_173)   --->   "%mul_ln110_173 = mul i32 %sext_ln110_66, i32 %sext_ln110_45_cast" [src/integrated-gcn/gemm_stage.cpp:110]   --->   Operation 386 'mul' 'mul_ln110_173' <Predicate = (!tmp)> <Delay = 0.99> <CoreInst = "DSP48">   --->   Core 124 'DSP48' <Latency = 3> <II = 1> <Delay = 0.53> <IPBlock> <Opcode : 'add' 'sub' 'mul' 'select'> <InPorts = 0> <OutPorts = 1> <Sync> <CReg>
ST_1 : Operation 387 [3/3] (0.99ns) (grouped into DSP with root node add_ln110_174)   --->   "%mul_ln110_174 = mul i32 %sext_ln110_66, i32 %sext_ln110_46_cast" [src/integrated-gcn/gemm_stage.cpp:110]   --->   Operation 387 'mul' 'mul_ln110_174' <Predicate = (!tmp)> <Delay = 0.99> <CoreInst = "DSP48">   --->   Core 124 'DSP48' <Latency = 3> <II = 1> <Delay = 0.53> <IPBlock> <Opcode : 'add' 'sub' 'mul' 'select'> <InPorts = 0> <OutPorts = 1> <Sync> <CReg>
ST_1 : Operation 388 [3/3] (0.99ns) (grouped into DSP with root node add_ln110_175)   --->   "%mul_ln110_175 = mul i32 %sext_ln110_66, i32 %sext_ln110_47_cast" [src/integrated-gcn/gemm_stage.cpp:110]   --->   Operation 388 'mul' 'mul_ln110_175' <Predicate = (!tmp)> <Delay = 0.99> <CoreInst = "DSP48">   --->   Core 124 'DSP48' <Latency = 3> <II = 1> <Delay = 0.53> <IPBlock> <Opcode : 'add' 'sub' 'mul' 'select'> <InPorts = 0> <OutPorts = 1> <Sync> <CReg>
ST_1 : Operation 389 [3/3] (0.99ns) (grouped into DSP with root node add_ln110_176)   --->   "%mul_ln110_176 = mul i32 %sext_ln110_66, i32 %sext_ln110_48_cast" [src/integrated-gcn/gemm_stage.cpp:110]   --->   Operation 389 'mul' 'mul_ln110_176' <Predicate = (!tmp)> <Delay = 0.99> <CoreInst = "DSP48">   --->   Core 124 'DSP48' <Latency = 3> <II = 1> <Delay = 0.53> <IPBlock> <Opcode : 'add' 'sub' 'mul' 'select'> <InPorts = 0> <OutPorts = 1> <Sync> <CReg>
ST_1 : Operation 390 [3/3] (0.99ns) (grouped into DSP with root node add_ln110_177)   --->   "%mul_ln110_177 = mul i32 %sext_ln110_66, i32 %sext_ln110_49_cast" [src/integrated-gcn/gemm_stage.cpp:110]   --->   Operation 390 'mul' 'mul_ln110_177' <Predicate = (!tmp)> <Delay = 0.99> <CoreInst = "DSP48">   --->   Core 124 'DSP48' <Latency = 3> <II = 1> <Delay = 0.53> <IPBlock> <Opcode : 'add' 'sub' 'mul' 'select'> <InPorts = 0> <OutPorts = 1> <Sync> <CReg>
ST_1 : Operation 391 [3/3] (0.99ns) (grouped into DSP with root node add_ln110_178)   --->   "%mul_ln110_178 = mul i32 %sext_ln110_66, i32 %sext_ln110_50_cast" [src/integrated-gcn/gemm_stage.cpp:110]   --->   Operation 391 'mul' 'mul_ln110_178' <Predicate = (!tmp)> <Delay = 0.99> <CoreInst = "DSP48">   --->   Core 124 'DSP48' <Latency = 3> <II = 1> <Delay = 0.53> <IPBlock> <Opcode : 'add' 'sub' 'mul' 'select'> <InPorts = 0> <OutPorts = 1> <Sync> <CReg>
ST_1 : Operation 392 [3/3] (0.99ns) (grouped into DSP with root node add_ln110_179)   --->   "%mul_ln110_179 = mul i32 %sext_ln110_66, i32 %sext_ln110_51_cast" [src/integrated-gcn/gemm_stage.cpp:110]   --->   Operation 392 'mul' 'mul_ln110_179' <Predicate = (!tmp)> <Delay = 0.99> <CoreInst = "DSP48">   --->   Core 124 'DSP48' <Latency = 3> <II = 1> <Delay = 0.53> <IPBlock> <Opcode : 'add' 'sub' 'mul' 'select'> <InPorts = 0> <OutPorts = 1> <Sync> <CReg>
ST_1 : Operation 393 [3/3] (0.99ns) (grouped into DSP with root node add_ln110_180)   --->   "%mul_ln110_180 = mul i32 %sext_ln110_66, i32 %sext_ln110_52_cast" [src/integrated-gcn/gemm_stage.cpp:110]   --->   Operation 393 'mul' 'mul_ln110_180' <Predicate = (!tmp)> <Delay = 0.99> <CoreInst = "DSP48">   --->   Core 124 'DSP48' <Latency = 3> <II = 1> <Delay = 0.53> <IPBlock> <Opcode : 'add' 'sub' 'mul' 'select'> <InPorts = 0> <OutPorts = 1> <Sync> <CReg>
ST_1 : Operation 394 [3/3] (0.99ns) (grouped into DSP with root node add_ln110_181)   --->   "%mul_ln110_181 = mul i32 %sext_ln110_66, i32 %sext_ln110_53_cast" [src/integrated-gcn/gemm_stage.cpp:110]   --->   Operation 394 'mul' 'mul_ln110_181' <Predicate = (!tmp)> <Delay = 0.99> <CoreInst = "DSP48">   --->   Core 124 'DSP48' <Latency = 3> <II = 1> <Delay = 0.53> <IPBlock> <Opcode : 'add' 'sub' 'mul' 'select'> <InPorts = 0> <OutPorts = 1> <Sync> <CReg>
ST_1 : Operation 395 [3/3] (0.99ns) (grouped into DSP with root node add_ln110_182)   --->   "%mul_ln110_182 = mul i32 %sext_ln110_66, i32 %sext_ln110_54_cast" [src/integrated-gcn/gemm_stage.cpp:110]   --->   Operation 395 'mul' 'mul_ln110_182' <Predicate = (!tmp)> <Delay = 0.99> <CoreInst = "DSP48">   --->   Core 124 'DSP48' <Latency = 3> <II = 1> <Delay = 0.53> <IPBlock> <Opcode : 'add' 'sub' 'mul' 'select'> <InPorts = 0> <OutPorts = 1> <Sync> <CReg>
ST_1 : Operation 396 [3/3] (0.99ns) (grouped into DSP with root node add_ln110_183)   --->   "%mul_ln110_183 = mul i32 %sext_ln110_66, i32 %sext_ln110_55_cast" [src/integrated-gcn/gemm_stage.cpp:110]   --->   Operation 396 'mul' 'mul_ln110_183' <Predicate = (!tmp)> <Delay = 0.99> <CoreInst = "DSP48">   --->   Core 124 'DSP48' <Latency = 3> <II = 1> <Delay = 0.53> <IPBlock> <Opcode : 'add' 'sub' 'mul' 'select'> <InPorts = 0> <OutPorts = 1> <Sync> <CReg>
ST_1 : Operation 397 [3/3] (0.99ns) (grouped into DSP with root node add_ln110_184)   --->   "%mul_ln110_184 = mul i32 %sext_ln110_66, i32 %sext_ln110_56_cast" [src/integrated-gcn/gemm_stage.cpp:110]   --->   Operation 397 'mul' 'mul_ln110_184' <Predicate = (!tmp)> <Delay = 0.99> <CoreInst = "DSP48">   --->   Core 124 'DSP48' <Latency = 3> <II = 1> <Delay = 0.53> <IPBlock> <Opcode : 'add' 'sub' 'mul' 'select'> <InPorts = 0> <OutPorts = 1> <Sync> <CReg>
ST_1 : Operation 398 [3/3] (0.99ns) (grouped into DSP with root node add_ln110_185)   --->   "%mul_ln110_185 = mul i32 %sext_ln110_66, i32 %sext_ln110_57_cast" [src/integrated-gcn/gemm_stage.cpp:110]   --->   Operation 398 'mul' 'mul_ln110_185' <Predicate = (!tmp)> <Delay = 0.99> <CoreInst = "DSP48">   --->   Core 124 'DSP48' <Latency = 3> <II = 1> <Delay = 0.53> <IPBlock> <Opcode : 'add' 'sub' 'mul' 'select'> <InPorts = 0> <OutPorts = 1> <Sync> <CReg>
ST_1 : Operation 399 [3/3] (0.99ns) (grouped into DSP with root node add_ln110_186)   --->   "%mul_ln110_186 = mul i32 %sext_ln110_66, i32 %sext_ln110_58_cast" [src/integrated-gcn/gemm_stage.cpp:110]   --->   Operation 399 'mul' 'mul_ln110_186' <Predicate = (!tmp)> <Delay = 0.99> <CoreInst = "DSP48">   --->   Core 124 'DSP48' <Latency = 3> <II = 1> <Delay = 0.53> <IPBlock> <Opcode : 'add' 'sub' 'mul' 'select'> <InPorts = 0> <OutPorts = 1> <Sync> <CReg>
ST_1 : Operation 400 [3/3] (0.99ns) (grouped into DSP with root node add_ln110_187)   --->   "%mul_ln110_187 = mul i32 %sext_ln110_66, i32 %sext_ln110_59_cast" [src/integrated-gcn/gemm_stage.cpp:110]   --->   Operation 400 'mul' 'mul_ln110_187' <Predicate = (!tmp)> <Delay = 0.99> <CoreInst = "DSP48">   --->   Core 124 'DSP48' <Latency = 3> <II = 1> <Delay = 0.53> <IPBlock> <Opcode : 'add' 'sub' 'mul' 'select'> <InPorts = 0> <OutPorts = 1> <Sync> <CReg>
ST_1 : Operation 401 [3/3] (0.99ns) (grouped into DSP with root node add_ln110_188)   --->   "%mul_ln110_188 = mul i32 %sext_ln110_66, i32 %sext_ln110_60_cast" [src/integrated-gcn/gemm_stage.cpp:110]   --->   Operation 401 'mul' 'mul_ln110_188' <Predicate = (!tmp)> <Delay = 0.99> <CoreInst = "DSP48">   --->   Core 124 'DSP48' <Latency = 3> <II = 1> <Delay = 0.53> <IPBlock> <Opcode : 'add' 'sub' 'mul' 'select'> <InPorts = 0> <OutPorts = 1> <Sync> <CReg>
ST_1 : Operation 402 [3/3] (0.99ns) (grouped into DSP with root node add_ln110_189)   --->   "%mul_ln110_189 = mul i32 %sext_ln110_66, i32 %sext_ln110_61_cast" [src/integrated-gcn/gemm_stage.cpp:110]   --->   Operation 402 'mul' 'mul_ln110_189' <Predicate = (!tmp)> <Delay = 0.99> <CoreInst = "DSP48">   --->   Core 124 'DSP48' <Latency = 3> <II = 1> <Delay = 0.53> <IPBlock> <Opcode : 'add' 'sub' 'mul' 'select'> <InPorts = 0> <OutPorts = 1> <Sync> <CReg>
ST_1 : Operation 403 [3/3] (0.99ns) (grouped into DSP with root node add_ln110_190)   --->   "%mul_ln110_190 = mul i32 %sext_ln110_66, i32 %sext_ln110_62_cast" [src/integrated-gcn/gemm_stage.cpp:110]   --->   Operation 403 'mul' 'mul_ln110_190' <Predicate = (!tmp)> <Delay = 0.99> <CoreInst = "DSP48">   --->   Core 124 'DSP48' <Latency = 3> <II = 1> <Delay = 0.53> <IPBlock> <Opcode : 'add' 'sub' 'mul' 'select'> <InPorts = 0> <OutPorts = 1> <Sync> <CReg>
ST_1 : Operation 404 [3/3] (0.99ns) (grouped into DSP with root node add_ln110_191)   --->   "%mul_ln110_191 = mul i32 %sext_ln110_66, i32 %sext_ln110_63_cast" [src/integrated-gcn/gemm_stage.cpp:110]   --->   Operation 404 'mul' 'mul_ln110_191' <Predicate = (!tmp)> <Delay = 0.99> <CoreInst = "DSP48">   --->   Core 124 'DSP48' <Latency = 3> <II = 1> <Delay = 0.53> <IPBlock> <Opcode : 'add' 'sub' 'mul' 'select'> <InPorts = 0> <OutPorts = 1> <Sync> <CReg>
ST_1 : Operation 405 [1/1] (0.48ns)   --->   "%X_val_3 = sparsemux i16 @_ssdm_op_SparseMux.ap_auto.16i16.i16.i6, i6 0, i16 %X_line_195_reload_read, i6 4, i16 %X_line_199_reload_read, i6 8, i16 %X_line_203_reload_read, i6 12, i16 %X_line_207_reload_read, i6 16, i16 %X_line_211_reload_read, i6 20, i16 %X_line_215_reload_read, i6 24, i16 %X_line_219_reload_read, i6 28, i16 %X_line_223_reload_read, i6 32, i16 %X_line_227_reload_read, i6 36, i16 %X_line_231_reload_read, i6 40, i16 %X_line_235_reload_read, i6 44, i16 %X_line_239_reload_read, i6 48, i16 %X_line_243_reload_read, i6 52, i16 %X_line_247_reload_read, i6 56, i16 %X_line_251_reload_read, i6 60, i16 %X_line_255_reload_read, i16 0, i6 %trunc_ln101" [src/integrated-gcn/gemm_stage.cpp:105]   --->   Operation 405 'sparsemux' 'X_val_3' <Predicate = (!tmp)> <Delay = 0.48> <CoreInst = "BinarySparseMux_DontCare">   --->   Core 149 'BinarySparseMux_DontCare' <Latency = 0> <II = 1> <Delay = 0.48> <FuncUnit> <Opcode : 'sparsemux'> <InPorts = 2> <OutPorts = 1>
ST_1 : Operation 406 [1/1] (0.00ns)   --->   "%sext_ln110_67 = sext i16 %X_val_3" [src/integrated-gcn/gemm_stage.cpp:110]   --->   Operation 406 'sext' 'sext_ln110_67' <Predicate = (!tmp)> <Delay = 0.00>
ST_1 : Operation 407 [3/3] (0.99ns) (grouped into DSP with root node add_ln110_192)   --->   "%mul_ln110_192 = mul i32 %sext_ln110_67, i32 %sext_ln110_cast" [src/integrated-gcn/gemm_stage.cpp:110]   --->   Operation 407 'mul' 'mul_ln110_192' <Predicate = (!tmp)> <Delay = 0.99> <CoreInst = "DSP48">   --->   Core 124 'DSP48' <Latency = 3> <II = 1> <Delay = 0.53> <IPBlock> <Opcode : 'add' 'sub' 'mul' 'select'> <InPorts = 0> <OutPorts = 1> <Sync> <CReg>
ST_1 : Operation 408 [3/3] (0.99ns) (grouped into DSP with root node add_ln110_193)   --->   "%mul_ln110_193 = mul i32 %sext_ln110_67, i32 %sext_ln110_1_cast" [src/integrated-gcn/gemm_stage.cpp:110]   --->   Operation 408 'mul' 'mul_ln110_193' <Predicate = (!tmp)> <Delay = 0.99> <CoreInst = "DSP48">   --->   Core 124 'DSP48' <Latency = 3> <II = 1> <Delay = 0.53> <IPBlock> <Opcode : 'add' 'sub' 'mul' 'select'> <InPorts = 0> <OutPorts = 1> <Sync> <CReg>
ST_1 : Operation 409 [3/3] (0.99ns) (grouped into DSP with root node add_ln110_194)   --->   "%mul_ln110_194 = mul i32 %sext_ln110_67, i32 %sext_ln110_2_cast" [src/integrated-gcn/gemm_stage.cpp:110]   --->   Operation 409 'mul' 'mul_ln110_194' <Predicate = (!tmp)> <Delay = 0.99> <CoreInst = "DSP48">   --->   Core 124 'DSP48' <Latency = 3> <II = 1> <Delay = 0.53> <IPBlock> <Opcode : 'add' 'sub' 'mul' 'select'> <InPorts = 0> <OutPorts = 1> <Sync> <CReg>
ST_1 : Operation 410 [3/3] (0.99ns) (grouped into DSP with root node add_ln110_195)   --->   "%mul_ln110_195 = mul i32 %sext_ln110_67, i32 %sext_ln110_3_cast" [src/integrated-gcn/gemm_stage.cpp:110]   --->   Operation 410 'mul' 'mul_ln110_195' <Predicate = (!tmp)> <Delay = 0.99> <CoreInst = "DSP48">   --->   Core 124 'DSP48' <Latency = 3> <II = 1> <Delay = 0.53> <IPBlock> <Opcode : 'add' 'sub' 'mul' 'select'> <InPorts = 0> <OutPorts = 1> <Sync> <CReg>
ST_1 : Operation 411 [3/3] (0.99ns) (grouped into DSP with root node add_ln110_196)   --->   "%mul_ln110_196 = mul i32 %sext_ln110_67, i32 %sext_ln110_4_cast" [src/integrated-gcn/gemm_stage.cpp:110]   --->   Operation 411 'mul' 'mul_ln110_196' <Predicate = (!tmp)> <Delay = 0.99> <CoreInst = "DSP48">   --->   Core 124 'DSP48' <Latency = 3> <II = 1> <Delay = 0.53> <IPBlock> <Opcode : 'add' 'sub' 'mul' 'select'> <InPorts = 0> <OutPorts = 1> <Sync> <CReg>
ST_1 : Operation 412 [3/3] (0.99ns) (grouped into DSP with root node add_ln110_197)   --->   "%mul_ln110_197 = mul i32 %sext_ln110_67, i32 %sext_ln110_5_cast" [src/integrated-gcn/gemm_stage.cpp:110]   --->   Operation 412 'mul' 'mul_ln110_197' <Predicate = (!tmp)> <Delay = 0.99> <CoreInst = "DSP48">   --->   Core 124 'DSP48' <Latency = 3> <II = 1> <Delay = 0.53> <IPBlock> <Opcode : 'add' 'sub' 'mul' 'select'> <InPorts = 0> <OutPorts = 1> <Sync> <CReg>
ST_1 : Operation 413 [3/3] (0.99ns) (grouped into DSP with root node add_ln110_198)   --->   "%mul_ln110_198 = mul i32 %sext_ln110_67, i32 %sext_ln110_6_cast" [src/integrated-gcn/gemm_stage.cpp:110]   --->   Operation 413 'mul' 'mul_ln110_198' <Predicate = (!tmp)> <Delay = 0.99> <CoreInst = "DSP48">   --->   Core 124 'DSP48' <Latency = 3> <II = 1> <Delay = 0.53> <IPBlock> <Opcode : 'add' 'sub' 'mul' 'select'> <InPorts = 0> <OutPorts = 1> <Sync> <CReg>
ST_1 : Operation 414 [3/3] (0.99ns) (grouped into DSP with root node add_ln110_199)   --->   "%mul_ln110_199 = mul i32 %sext_ln110_67, i32 %sext_ln110_7_cast" [src/integrated-gcn/gemm_stage.cpp:110]   --->   Operation 414 'mul' 'mul_ln110_199' <Predicate = (!tmp)> <Delay = 0.99> <CoreInst = "DSP48">   --->   Core 124 'DSP48' <Latency = 3> <II = 1> <Delay = 0.53> <IPBlock> <Opcode : 'add' 'sub' 'mul' 'select'> <InPorts = 0> <OutPorts = 1> <Sync> <CReg>
ST_1 : Operation 415 [3/3] (0.99ns) (grouped into DSP with root node add_ln110_200)   --->   "%mul_ln110_200 = mul i32 %sext_ln110_67, i32 %sext_ln110_8_cast" [src/integrated-gcn/gemm_stage.cpp:110]   --->   Operation 415 'mul' 'mul_ln110_200' <Predicate = (!tmp)> <Delay = 0.99> <CoreInst = "DSP48">   --->   Core 124 'DSP48' <Latency = 3> <II = 1> <Delay = 0.53> <IPBlock> <Opcode : 'add' 'sub' 'mul' 'select'> <InPorts = 0> <OutPorts = 1> <Sync> <CReg>
ST_1 : Operation 416 [3/3] (0.99ns) (grouped into DSP with root node add_ln110_201)   --->   "%mul_ln110_201 = mul i32 %sext_ln110_67, i32 %sext_ln110_9_cast" [src/integrated-gcn/gemm_stage.cpp:110]   --->   Operation 416 'mul' 'mul_ln110_201' <Predicate = (!tmp)> <Delay = 0.99> <CoreInst = "DSP48">   --->   Core 124 'DSP48' <Latency = 3> <II = 1> <Delay = 0.53> <IPBlock> <Opcode : 'add' 'sub' 'mul' 'select'> <InPorts = 0> <OutPorts = 1> <Sync> <CReg>
ST_1 : Operation 417 [3/3] (0.99ns) (grouped into DSP with root node add_ln110_202)   --->   "%mul_ln110_202 = mul i32 %sext_ln110_67, i32 %sext_ln110_10_cast" [src/integrated-gcn/gemm_stage.cpp:110]   --->   Operation 417 'mul' 'mul_ln110_202' <Predicate = (!tmp)> <Delay = 0.99> <CoreInst = "DSP48">   --->   Core 124 'DSP48' <Latency = 3> <II = 1> <Delay = 0.53> <IPBlock> <Opcode : 'add' 'sub' 'mul' 'select'> <InPorts = 0> <OutPorts = 1> <Sync> <CReg>
ST_1 : Operation 418 [3/3] (0.99ns) (grouped into DSP with root node add_ln110_203)   --->   "%mul_ln110_203 = mul i32 %sext_ln110_67, i32 %sext_ln110_11_cast" [src/integrated-gcn/gemm_stage.cpp:110]   --->   Operation 418 'mul' 'mul_ln110_203' <Predicate = (!tmp)> <Delay = 0.99> <CoreInst = "DSP48">   --->   Core 124 'DSP48' <Latency = 3> <II = 1> <Delay = 0.53> <IPBlock> <Opcode : 'add' 'sub' 'mul' 'select'> <InPorts = 0> <OutPorts = 1> <Sync> <CReg>
ST_1 : Operation 419 [3/3] (0.99ns) (grouped into DSP with root node add_ln110_204)   --->   "%mul_ln110_204 = mul i32 %sext_ln110_67, i32 %sext_ln110_12_cast" [src/integrated-gcn/gemm_stage.cpp:110]   --->   Operation 419 'mul' 'mul_ln110_204' <Predicate = (!tmp)> <Delay = 0.99> <CoreInst = "DSP48">   --->   Core 124 'DSP48' <Latency = 3> <II = 1> <Delay = 0.53> <IPBlock> <Opcode : 'add' 'sub' 'mul' 'select'> <InPorts = 0> <OutPorts = 1> <Sync> <CReg>
ST_1 : Operation 420 [3/3] (0.99ns) (grouped into DSP with root node add_ln110_205)   --->   "%mul_ln110_205 = mul i32 %sext_ln110_67, i32 %sext_ln110_13_cast" [src/integrated-gcn/gemm_stage.cpp:110]   --->   Operation 420 'mul' 'mul_ln110_205' <Predicate = (!tmp)> <Delay = 0.99> <CoreInst = "DSP48">   --->   Core 124 'DSP48' <Latency = 3> <II = 1> <Delay = 0.53> <IPBlock> <Opcode : 'add' 'sub' 'mul' 'select'> <InPorts = 0> <OutPorts = 1> <Sync> <CReg>
ST_1 : Operation 421 [3/3] (0.99ns) (grouped into DSP with root node add_ln110_206)   --->   "%mul_ln110_206 = mul i32 %sext_ln110_67, i32 %sext_ln110_14_cast" [src/integrated-gcn/gemm_stage.cpp:110]   --->   Operation 421 'mul' 'mul_ln110_206' <Predicate = (!tmp)> <Delay = 0.99> <CoreInst = "DSP48">   --->   Core 124 'DSP48' <Latency = 3> <II = 1> <Delay = 0.53> <IPBlock> <Opcode : 'add' 'sub' 'mul' 'select'> <InPorts = 0> <OutPorts = 1> <Sync> <CReg>
ST_1 : Operation 422 [3/3] (0.99ns) (grouped into DSP with root node add_ln110_207)   --->   "%mul_ln110_207 = mul i32 %sext_ln110_67, i32 %sext_ln110_15_cast" [src/integrated-gcn/gemm_stage.cpp:110]   --->   Operation 422 'mul' 'mul_ln110_207' <Predicate = (!tmp)> <Delay = 0.99> <CoreInst = "DSP48">   --->   Core 124 'DSP48' <Latency = 3> <II = 1> <Delay = 0.53> <IPBlock> <Opcode : 'add' 'sub' 'mul' 'select'> <InPorts = 0> <OutPorts = 1> <Sync> <CReg>
ST_1 : Operation 423 [3/3] (0.99ns) (grouped into DSP with root node add_ln110_208)   --->   "%mul_ln110_208 = mul i32 %sext_ln110_67, i32 %sext_ln110_16_cast" [src/integrated-gcn/gemm_stage.cpp:110]   --->   Operation 423 'mul' 'mul_ln110_208' <Predicate = (!tmp)> <Delay = 0.99> <CoreInst = "DSP48">   --->   Core 124 'DSP48' <Latency = 3> <II = 1> <Delay = 0.53> <IPBlock> <Opcode : 'add' 'sub' 'mul' 'select'> <InPorts = 0> <OutPorts = 1> <Sync> <CReg>
ST_1 : Operation 424 [3/3] (0.99ns) (grouped into DSP with root node add_ln110_209)   --->   "%mul_ln110_209 = mul i32 %sext_ln110_67, i32 %sext_ln110_17_cast" [src/integrated-gcn/gemm_stage.cpp:110]   --->   Operation 424 'mul' 'mul_ln110_209' <Predicate = (!tmp)> <Delay = 0.99> <CoreInst = "DSP48">   --->   Core 124 'DSP48' <Latency = 3> <II = 1> <Delay = 0.53> <IPBlock> <Opcode : 'add' 'sub' 'mul' 'select'> <InPorts = 0> <OutPorts = 1> <Sync> <CReg>
ST_1 : Operation 425 [3/3] (0.99ns) (grouped into DSP with root node add_ln110_210)   --->   "%mul_ln110_210 = mul i32 %sext_ln110_67, i32 %sext_ln110_18_cast" [src/integrated-gcn/gemm_stage.cpp:110]   --->   Operation 425 'mul' 'mul_ln110_210' <Predicate = (!tmp)> <Delay = 0.99> <CoreInst = "DSP48">   --->   Core 124 'DSP48' <Latency = 3> <II = 1> <Delay = 0.53> <IPBlock> <Opcode : 'add' 'sub' 'mul' 'select'> <InPorts = 0> <OutPorts = 1> <Sync> <CReg>
ST_1 : Operation 426 [3/3] (0.99ns) (grouped into DSP with root node add_ln110_211)   --->   "%mul_ln110_211 = mul i32 %sext_ln110_67, i32 %sext_ln110_19_cast" [src/integrated-gcn/gemm_stage.cpp:110]   --->   Operation 426 'mul' 'mul_ln110_211' <Predicate = (!tmp)> <Delay = 0.99> <CoreInst = "DSP48">   --->   Core 124 'DSP48' <Latency = 3> <II = 1> <Delay = 0.53> <IPBlock> <Opcode : 'add' 'sub' 'mul' 'select'> <InPorts = 0> <OutPorts = 1> <Sync> <CReg>
ST_1 : Operation 427 [3/3] (0.99ns) (grouped into DSP with root node add_ln110_212)   --->   "%mul_ln110_212 = mul i32 %sext_ln110_67, i32 %sext_ln110_20_cast" [src/integrated-gcn/gemm_stage.cpp:110]   --->   Operation 427 'mul' 'mul_ln110_212' <Predicate = (!tmp)> <Delay = 0.99> <CoreInst = "DSP48">   --->   Core 124 'DSP48' <Latency = 3> <II = 1> <Delay = 0.53> <IPBlock> <Opcode : 'add' 'sub' 'mul' 'select'> <InPorts = 0> <OutPorts = 1> <Sync> <CReg>
ST_1 : Operation 428 [3/3] (0.99ns) (grouped into DSP with root node add_ln110_213)   --->   "%mul_ln110_213 = mul i32 %sext_ln110_67, i32 %sext_ln110_21_cast" [src/integrated-gcn/gemm_stage.cpp:110]   --->   Operation 428 'mul' 'mul_ln110_213' <Predicate = (!tmp)> <Delay = 0.99> <CoreInst = "DSP48">   --->   Core 124 'DSP48' <Latency = 3> <II = 1> <Delay = 0.53> <IPBlock> <Opcode : 'add' 'sub' 'mul' 'select'> <InPorts = 0> <OutPorts = 1> <Sync> <CReg>
ST_1 : Operation 429 [3/3] (0.99ns) (grouped into DSP with root node add_ln110_214)   --->   "%mul_ln110_214 = mul i32 %sext_ln110_67, i32 %sext_ln110_22_cast" [src/integrated-gcn/gemm_stage.cpp:110]   --->   Operation 429 'mul' 'mul_ln110_214' <Predicate = (!tmp)> <Delay = 0.99> <CoreInst = "DSP48">   --->   Core 124 'DSP48' <Latency = 3> <II = 1> <Delay = 0.53> <IPBlock> <Opcode : 'add' 'sub' 'mul' 'select'> <InPorts = 0> <OutPorts = 1> <Sync> <CReg>
ST_1 : Operation 430 [3/3] (0.99ns) (grouped into DSP with root node add_ln110_215)   --->   "%mul_ln110_215 = mul i32 %sext_ln110_67, i32 %sext_ln110_23_cast" [src/integrated-gcn/gemm_stage.cpp:110]   --->   Operation 430 'mul' 'mul_ln110_215' <Predicate = (!tmp)> <Delay = 0.99> <CoreInst = "DSP48">   --->   Core 124 'DSP48' <Latency = 3> <II = 1> <Delay = 0.53> <IPBlock> <Opcode : 'add' 'sub' 'mul' 'select'> <InPorts = 0> <OutPorts = 1> <Sync> <CReg>
ST_1 : Operation 431 [3/3] (0.99ns) (grouped into DSP with root node add_ln110_216)   --->   "%mul_ln110_216 = mul i32 %sext_ln110_67, i32 %sext_ln110_24_cast" [src/integrated-gcn/gemm_stage.cpp:110]   --->   Operation 431 'mul' 'mul_ln110_216' <Predicate = (!tmp)> <Delay = 0.99> <CoreInst = "DSP48">   --->   Core 124 'DSP48' <Latency = 3> <II = 1> <Delay = 0.53> <IPBlock> <Opcode : 'add' 'sub' 'mul' 'select'> <InPorts = 0> <OutPorts = 1> <Sync> <CReg>
ST_1 : Operation 432 [3/3] (0.99ns) (grouped into DSP with root node add_ln110_217)   --->   "%mul_ln110_217 = mul i32 %sext_ln110_67, i32 %sext_ln110_25_cast" [src/integrated-gcn/gemm_stage.cpp:110]   --->   Operation 432 'mul' 'mul_ln110_217' <Predicate = (!tmp)> <Delay = 0.99> <CoreInst = "DSP48">   --->   Core 124 'DSP48' <Latency = 3> <II = 1> <Delay = 0.53> <IPBlock> <Opcode : 'add' 'sub' 'mul' 'select'> <InPorts = 0> <OutPorts = 1> <Sync> <CReg>
ST_1 : Operation 433 [3/3] (0.99ns) (grouped into DSP with root node add_ln110_218)   --->   "%mul_ln110_218 = mul i32 %sext_ln110_67, i32 %sext_ln110_26_cast" [src/integrated-gcn/gemm_stage.cpp:110]   --->   Operation 433 'mul' 'mul_ln110_218' <Predicate = (!tmp)> <Delay = 0.99> <CoreInst = "DSP48">   --->   Core 124 'DSP48' <Latency = 3> <II = 1> <Delay = 0.53> <IPBlock> <Opcode : 'add' 'sub' 'mul' 'select'> <InPorts = 0> <OutPorts = 1> <Sync> <CReg>
ST_1 : Operation 434 [3/3] (0.99ns) (grouped into DSP with root node add_ln110_219)   --->   "%mul_ln110_219 = mul i32 %sext_ln110_67, i32 %sext_ln110_27_cast" [src/integrated-gcn/gemm_stage.cpp:110]   --->   Operation 434 'mul' 'mul_ln110_219' <Predicate = (!tmp)> <Delay = 0.99> <CoreInst = "DSP48">   --->   Core 124 'DSP48' <Latency = 3> <II = 1> <Delay = 0.53> <IPBlock> <Opcode : 'add' 'sub' 'mul' 'select'> <InPorts = 0> <OutPorts = 1> <Sync> <CReg>
ST_1 : Operation 435 [3/3] (0.99ns) (grouped into DSP with root node add_ln110_220)   --->   "%mul_ln110_220 = mul i32 %sext_ln110_67, i32 %sext_ln110_28_cast" [src/integrated-gcn/gemm_stage.cpp:110]   --->   Operation 435 'mul' 'mul_ln110_220' <Predicate = (!tmp)> <Delay = 0.99> <CoreInst = "DSP48">   --->   Core 124 'DSP48' <Latency = 3> <II = 1> <Delay = 0.53> <IPBlock> <Opcode : 'add' 'sub' 'mul' 'select'> <InPorts = 0> <OutPorts = 1> <Sync> <CReg>
ST_1 : Operation 436 [3/3] (0.99ns) (grouped into DSP with root node add_ln110_221)   --->   "%mul_ln110_221 = mul i32 %sext_ln110_67, i32 %sext_ln110_29_cast" [src/integrated-gcn/gemm_stage.cpp:110]   --->   Operation 436 'mul' 'mul_ln110_221' <Predicate = (!tmp)> <Delay = 0.99> <CoreInst = "DSP48">   --->   Core 124 'DSP48' <Latency = 3> <II = 1> <Delay = 0.53> <IPBlock> <Opcode : 'add' 'sub' 'mul' 'select'> <InPorts = 0> <OutPorts = 1> <Sync> <CReg>
ST_1 : Operation 437 [3/3] (0.99ns) (grouped into DSP with root node add_ln110_222)   --->   "%mul_ln110_222 = mul i32 %sext_ln110_67, i32 %sext_ln110_30_cast" [src/integrated-gcn/gemm_stage.cpp:110]   --->   Operation 437 'mul' 'mul_ln110_222' <Predicate = (!tmp)> <Delay = 0.99> <CoreInst = "DSP48">   --->   Core 124 'DSP48' <Latency = 3> <II = 1> <Delay = 0.53> <IPBlock> <Opcode : 'add' 'sub' 'mul' 'select'> <InPorts = 0> <OutPorts = 1> <Sync> <CReg>
ST_1 : Operation 438 [3/3] (0.99ns) (grouped into DSP with root node add_ln110_223)   --->   "%mul_ln110_223 = mul i32 %sext_ln110_67, i32 %sext_ln110_31_cast" [src/integrated-gcn/gemm_stage.cpp:110]   --->   Operation 438 'mul' 'mul_ln110_223' <Predicate = (!tmp)> <Delay = 0.99> <CoreInst = "DSP48">   --->   Core 124 'DSP48' <Latency = 3> <II = 1> <Delay = 0.53> <IPBlock> <Opcode : 'add' 'sub' 'mul' 'select'> <InPorts = 0> <OutPorts = 1> <Sync> <CReg>
ST_1 : Operation 439 [3/3] (0.99ns) (grouped into DSP with root node add_ln110_224)   --->   "%mul_ln110_224 = mul i32 %sext_ln110_67, i32 %sext_ln110_32_cast" [src/integrated-gcn/gemm_stage.cpp:110]   --->   Operation 439 'mul' 'mul_ln110_224' <Predicate = (!tmp)> <Delay = 0.99> <CoreInst = "DSP48">   --->   Core 124 'DSP48' <Latency = 3> <II = 1> <Delay = 0.53> <IPBlock> <Opcode : 'add' 'sub' 'mul' 'select'> <InPorts = 0> <OutPorts = 1> <Sync> <CReg>
ST_1 : Operation 440 [3/3] (0.99ns) (grouped into DSP with root node add_ln110_225)   --->   "%mul_ln110_225 = mul i32 %sext_ln110_67, i32 %sext_ln110_33_cast" [src/integrated-gcn/gemm_stage.cpp:110]   --->   Operation 440 'mul' 'mul_ln110_225' <Predicate = (!tmp)> <Delay = 0.99> <CoreInst = "DSP48">   --->   Core 124 'DSP48' <Latency = 3> <II = 1> <Delay = 0.53> <IPBlock> <Opcode : 'add' 'sub' 'mul' 'select'> <InPorts = 0> <OutPorts = 1> <Sync> <CReg>
ST_1 : Operation 441 [3/3] (0.99ns) (grouped into DSP with root node add_ln110_226)   --->   "%mul_ln110_226 = mul i32 %sext_ln110_67, i32 %sext_ln110_34_cast" [src/integrated-gcn/gemm_stage.cpp:110]   --->   Operation 441 'mul' 'mul_ln110_226' <Predicate = (!tmp)> <Delay = 0.99> <CoreInst = "DSP48">   --->   Core 124 'DSP48' <Latency = 3> <II = 1> <Delay = 0.53> <IPBlock> <Opcode : 'add' 'sub' 'mul' 'select'> <InPorts = 0> <OutPorts = 1> <Sync> <CReg>
ST_1 : Operation 442 [3/3] (0.99ns) (grouped into DSP with root node add_ln110_227)   --->   "%mul_ln110_227 = mul i32 %sext_ln110_67, i32 %sext_ln110_35_cast" [src/integrated-gcn/gemm_stage.cpp:110]   --->   Operation 442 'mul' 'mul_ln110_227' <Predicate = (!tmp)> <Delay = 0.99> <CoreInst = "DSP48">   --->   Core 124 'DSP48' <Latency = 3> <II = 1> <Delay = 0.53> <IPBlock> <Opcode : 'add' 'sub' 'mul' 'select'> <InPorts = 0> <OutPorts = 1> <Sync> <CReg>
ST_1 : Operation 443 [3/3] (0.99ns) (grouped into DSP with root node add_ln110_228)   --->   "%mul_ln110_228 = mul i32 %sext_ln110_67, i32 %sext_ln110_36_cast" [src/integrated-gcn/gemm_stage.cpp:110]   --->   Operation 443 'mul' 'mul_ln110_228' <Predicate = (!tmp)> <Delay = 0.99> <CoreInst = "DSP48">   --->   Core 124 'DSP48' <Latency = 3> <II = 1> <Delay = 0.53> <IPBlock> <Opcode : 'add' 'sub' 'mul' 'select'> <InPorts = 0> <OutPorts = 1> <Sync> <CReg>
ST_1 : Operation 444 [3/3] (0.99ns) (grouped into DSP with root node add_ln110_229)   --->   "%mul_ln110_229 = mul i32 %sext_ln110_67, i32 %sext_ln110_37_cast" [src/integrated-gcn/gemm_stage.cpp:110]   --->   Operation 444 'mul' 'mul_ln110_229' <Predicate = (!tmp)> <Delay = 0.99> <CoreInst = "DSP48">   --->   Core 124 'DSP48' <Latency = 3> <II = 1> <Delay = 0.53> <IPBlock> <Opcode : 'add' 'sub' 'mul' 'select'> <InPorts = 0> <OutPorts = 1> <Sync> <CReg>
ST_1 : Operation 445 [3/3] (0.99ns) (grouped into DSP with root node add_ln110_230)   --->   "%mul_ln110_230 = mul i32 %sext_ln110_67, i32 %sext_ln110_38_cast" [src/integrated-gcn/gemm_stage.cpp:110]   --->   Operation 445 'mul' 'mul_ln110_230' <Predicate = (!tmp)> <Delay = 0.99> <CoreInst = "DSP48">   --->   Core 124 'DSP48' <Latency = 3> <II = 1> <Delay = 0.53> <IPBlock> <Opcode : 'add' 'sub' 'mul' 'select'> <InPorts = 0> <OutPorts = 1> <Sync> <CReg>
ST_1 : Operation 446 [3/3] (0.99ns) (grouped into DSP with root node add_ln110_231)   --->   "%mul_ln110_231 = mul i32 %sext_ln110_67, i32 %sext_ln110_39_cast" [src/integrated-gcn/gemm_stage.cpp:110]   --->   Operation 446 'mul' 'mul_ln110_231' <Predicate = (!tmp)> <Delay = 0.99> <CoreInst = "DSP48">   --->   Core 124 'DSP48' <Latency = 3> <II = 1> <Delay = 0.53> <IPBlock> <Opcode : 'add' 'sub' 'mul' 'select'> <InPorts = 0> <OutPorts = 1> <Sync> <CReg>
ST_1 : Operation 447 [3/3] (0.99ns) (grouped into DSP with root node add_ln110_232)   --->   "%mul_ln110_232 = mul i32 %sext_ln110_67, i32 %sext_ln110_40_cast" [src/integrated-gcn/gemm_stage.cpp:110]   --->   Operation 447 'mul' 'mul_ln110_232' <Predicate = (!tmp)> <Delay = 0.99> <CoreInst = "DSP48">   --->   Core 124 'DSP48' <Latency = 3> <II = 1> <Delay = 0.53> <IPBlock> <Opcode : 'add' 'sub' 'mul' 'select'> <InPorts = 0> <OutPorts = 1> <Sync> <CReg>
ST_1 : Operation 448 [3/3] (0.99ns) (grouped into DSP with root node add_ln110_233)   --->   "%mul_ln110_233 = mul i32 %sext_ln110_67, i32 %sext_ln110_41_cast" [src/integrated-gcn/gemm_stage.cpp:110]   --->   Operation 448 'mul' 'mul_ln110_233' <Predicate = (!tmp)> <Delay = 0.99> <CoreInst = "DSP48">   --->   Core 124 'DSP48' <Latency = 3> <II = 1> <Delay = 0.53> <IPBlock> <Opcode : 'add' 'sub' 'mul' 'select'> <InPorts = 0> <OutPorts = 1> <Sync> <CReg>
ST_1 : Operation 449 [3/3] (0.99ns) (grouped into DSP with root node add_ln110_234)   --->   "%mul_ln110_234 = mul i32 %sext_ln110_67, i32 %sext_ln110_42_cast" [src/integrated-gcn/gemm_stage.cpp:110]   --->   Operation 449 'mul' 'mul_ln110_234' <Predicate = (!tmp)> <Delay = 0.99> <CoreInst = "DSP48">   --->   Core 124 'DSP48' <Latency = 3> <II = 1> <Delay = 0.53> <IPBlock> <Opcode : 'add' 'sub' 'mul' 'select'> <InPorts = 0> <OutPorts = 1> <Sync> <CReg>
ST_1 : Operation 450 [3/3] (0.99ns) (grouped into DSP with root node add_ln110_235)   --->   "%mul_ln110_235 = mul i32 %sext_ln110_67, i32 %sext_ln110_43_cast" [src/integrated-gcn/gemm_stage.cpp:110]   --->   Operation 450 'mul' 'mul_ln110_235' <Predicate = (!tmp)> <Delay = 0.99> <CoreInst = "DSP48">   --->   Core 124 'DSP48' <Latency = 3> <II = 1> <Delay = 0.53> <IPBlock> <Opcode : 'add' 'sub' 'mul' 'select'> <InPorts = 0> <OutPorts = 1> <Sync> <CReg>
ST_1 : Operation 451 [3/3] (0.99ns) (grouped into DSP with root node add_ln110_236)   --->   "%mul_ln110_236 = mul i32 %sext_ln110_67, i32 %sext_ln110_44_cast" [src/integrated-gcn/gemm_stage.cpp:110]   --->   Operation 451 'mul' 'mul_ln110_236' <Predicate = (!tmp)> <Delay = 0.99> <CoreInst = "DSP48">   --->   Core 124 'DSP48' <Latency = 3> <II = 1> <Delay = 0.53> <IPBlock> <Opcode : 'add' 'sub' 'mul' 'select'> <InPorts = 0> <OutPorts = 1> <Sync> <CReg>
ST_1 : Operation 452 [3/3] (0.99ns) (grouped into DSP with root node add_ln110_237)   --->   "%mul_ln110_237 = mul i32 %sext_ln110_67, i32 %sext_ln110_45_cast" [src/integrated-gcn/gemm_stage.cpp:110]   --->   Operation 452 'mul' 'mul_ln110_237' <Predicate = (!tmp)> <Delay = 0.99> <CoreInst = "DSP48">   --->   Core 124 'DSP48' <Latency = 3> <II = 1> <Delay = 0.53> <IPBlock> <Opcode : 'add' 'sub' 'mul' 'select'> <InPorts = 0> <OutPorts = 1> <Sync> <CReg>
ST_1 : Operation 453 [3/3] (0.99ns) (grouped into DSP with root node add_ln110_238)   --->   "%mul_ln110_238 = mul i32 %sext_ln110_67, i32 %sext_ln110_46_cast" [src/integrated-gcn/gemm_stage.cpp:110]   --->   Operation 453 'mul' 'mul_ln110_238' <Predicate = (!tmp)> <Delay = 0.99> <CoreInst = "DSP48">   --->   Core 124 'DSP48' <Latency = 3> <II = 1> <Delay = 0.53> <IPBlock> <Opcode : 'add' 'sub' 'mul' 'select'> <InPorts = 0> <OutPorts = 1> <Sync> <CReg>
ST_1 : Operation 454 [3/3] (0.99ns) (grouped into DSP with root node add_ln110_239)   --->   "%mul_ln110_239 = mul i32 %sext_ln110_67, i32 %sext_ln110_47_cast" [src/integrated-gcn/gemm_stage.cpp:110]   --->   Operation 454 'mul' 'mul_ln110_239' <Predicate = (!tmp)> <Delay = 0.99> <CoreInst = "DSP48">   --->   Core 124 'DSP48' <Latency = 3> <II = 1> <Delay = 0.53> <IPBlock> <Opcode : 'add' 'sub' 'mul' 'select'> <InPorts = 0> <OutPorts = 1> <Sync> <CReg>
ST_1 : Operation 455 [3/3] (0.99ns) (grouped into DSP with root node add_ln110_240)   --->   "%mul_ln110_240 = mul i32 %sext_ln110_67, i32 %sext_ln110_48_cast" [src/integrated-gcn/gemm_stage.cpp:110]   --->   Operation 455 'mul' 'mul_ln110_240' <Predicate = (!tmp)> <Delay = 0.99> <CoreInst = "DSP48">   --->   Core 124 'DSP48' <Latency = 3> <II = 1> <Delay = 0.53> <IPBlock> <Opcode : 'add' 'sub' 'mul' 'select'> <InPorts = 0> <OutPorts = 1> <Sync> <CReg>
ST_1 : Operation 456 [3/3] (0.99ns) (grouped into DSP with root node add_ln110_241)   --->   "%mul_ln110_241 = mul i32 %sext_ln110_67, i32 %sext_ln110_49_cast" [src/integrated-gcn/gemm_stage.cpp:110]   --->   Operation 456 'mul' 'mul_ln110_241' <Predicate = (!tmp)> <Delay = 0.99> <CoreInst = "DSP48">   --->   Core 124 'DSP48' <Latency = 3> <II = 1> <Delay = 0.53> <IPBlock> <Opcode : 'add' 'sub' 'mul' 'select'> <InPorts = 0> <OutPorts = 1> <Sync> <CReg>
ST_1 : Operation 457 [3/3] (0.99ns) (grouped into DSP with root node add_ln110_242)   --->   "%mul_ln110_242 = mul i32 %sext_ln110_67, i32 %sext_ln110_50_cast" [src/integrated-gcn/gemm_stage.cpp:110]   --->   Operation 457 'mul' 'mul_ln110_242' <Predicate = (!tmp)> <Delay = 0.99> <CoreInst = "DSP48">   --->   Core 124 'DSP48' <Latency = 3> <II = 1> <Delay = 0.53> <IPBlock> <Opcode : 'add' 'sub' 'mul' 'select'> <InPorts = 0> <OutPorts = 1> <Sync> <CReg>
ST_1 : Operation 458 [3/3] (0.99ns) (grouped into DSP with root node add_ln110_243)   --->   "%mul_ln110_243 = mul i32 %sext_ln110_67, i32 %sext_ln110_51_cast" [src/integrated-gcn/gemm_stage.cpp:110]   --->   Operation 458 'mul' 'mul_ln110_243' <Predicate = (!tmp)> <Delay = 0.99> <CoreInst = "DSP48">   --->   Core 124 'DSP48' <Latency = 3> <II = 1> <Delay = 0.53> <IPBlock> <Opcode : 'add' 'sub' 'mul' 'select'> <InPorts = 0> <OutPorts = 1> <Sync> <CReg>
ST_1 : Operation 459 [3/3] (0.99ns) (grouped into DSP with root node add_ln110_244)   --->   "%mul_ln110_244 = mul i32 %sext_ln110_67, i32 %sext_ln110_52_cast" [src/integrated-gcn/gemm_stage.cpp:110]   --->   Operation 459 'mul' 'mul_ln110_244' <Predicate = (!tmp)> <Delay = 0.99> <CoreInst = "DSP48">   --->   Core 124 'DSP48' <Latency = 3> <II = 1> <Delay = 0.53> <IPBlock> <Opcode : 'add' 'sub' 'mul' 'select'> <InPorts = 0> <OutPorts = 1> <Sync> <CReg>
ST_1 : Operation 460 [3/3] (0.99ns) (grouped into DSP with root node add_ln110_245)   --->   "%mul_ln110_245 = mul i32 %sext_ln110_67, i32 %sext_ln110_53_cast" [src/integrated-gcn/gemm_stage.cpp:110]   --->   Operation 460 'mul' 'mul_ln110_245' <Predicate = (!tmp)> <Delay = 0.99> <CoreInst = "DSP48">   --->   Core 124 'DSP48' <Latency = 3> <II = 1> <Delay = 0.53> <IPBlock> <Opcode : 'add' 'sub' 'mul' 'select'> <InPorts = 0> <OutPorts = 1> <Sync> <CReg>
ST_1 : Operation 461 [3/3] (0.99ns) (grouped into DSP with root node add_ln110_246)   --->   "%mul_ln110_246 = mul i32 %sext_ln110_67, i32 %sext_ln110_54_cast" [src/integrated-gcn/gemm_stage.cpp:110]   --->   Operation 461 'mul' 'mul_ln110_246' <Predicate = (!tmp)> <Delay = 0.99> <CoreInst = "DSP48">   --->   Core 124 'DSP48' <Latency = 3> <II = 1> <Delay = 0.53> <IPBlock> <Opcode : 'add' 'sub' 'mul' 'select'> <InPorts = 0> <OutPorts = 1> <Sync> <CReg>
ST_1 : Operation 462 [3/3] (0.99ns) (grouped into DSP with root node add_ln110_247)   --->   "%mul_ln110_247 = mul i32 %sext_ln110_67, i32 %sext_ln110_55_cast" [src/integrated-gcn/gemm_stage.cpp:110]   --->   Operation 462 'mul' 'mul_ln110_247' <Predicate = (!tmp)> <Delay = 0.99> <CoreInst = "DSP48">   --->   Core 124 'DSP48' <Latency = 3> <II = 1> <Delay = 0.53> <IPBlock> <Opcode : 'add' 'sub' 'mul' 'select'> <InPorts = 0> <OutPorts = 1> <Sync> <CReg>
ST_1 : Operation 463 [3/3] (0.99ns) (grouped into DSP with root node add_ln110_248)   --->   "%mul_ln110_248 = mul i32 %sext_ln110_67, i32 %sext_ln110_56_cast" [src/integrated-gcn/gemm_stage.cpp:110]   --->   Operation 463 'mul' 'mul_ln110_248' <Predicate = (!tmp)> <Delay = 0.99> <CoreInst = "DSP48">   --->   Core 124 'DSP48' <Latency = 3> <II = 1> <Delay = 0.53> <IPBlock> <Opcode : 'add' 'sub' 'mul' 'select'> <InPorts = 0> <OutPorts = 1> <Sync> <CReg>
ST_1 : Operation 464 [3/3] (0.99ns) (grouped into DSP with root node add_ln110_249)   --->   "%mul_ln110_249 = mul i32 %sext_ln110_67, i32 %sext_ln110_57_cast" [src/integrated-gcn/gemm_stage.cpp:110]   --->   Operation 464 'mul' 'mul_ln110_249' <Predicate = (!tmp)> <Delay = 0.99> <CoreInst = "DSP48">   --->   Core 124 'DSP48' <Latency = 3> <II = 1> <Delay = 0.53> <IPBlock> <Opcode : 'add' 'sub' 'mul' 'select'> <InPorts = 0> <OutPorts = 1> <Sync> <CReg>
ST_1 : Operation 465 [3/3] (0.99ns) (grouped into DSP with root node add_ln110_250)   --->   "%mul_ln110_250 = mul i32 %sext_ln110_67, i32 %sext_ln110_58_cast" [src/integrated-gcn/gemm_stage.cpp:110]   --->   Operation 465 'mul' 'mul_ln110_250' <Predicate = (!tmp)> <Delay = 0.99> <CoreInst = "DSP48">   --->   Core 124 'DSP48' <Latency = 3> <II = 1> <Delay = 0.53> <IPBlock> <Opcode : 'add' 'sub' 'mul' 'select'> <InPorts = 0> <OutPorts = 1> <Sync> <CReg>
ST_1 : Operation 466 [3/3] (0.99ns) (grouped into DSP with root node add_ln110_251)   --->   "%mul_ln110_251 = mul i32 %sext_ln110_67, i32 %sext_ln110_59_cast" [src/integrated-gcn/gemm_stage.cpp:110]   --->   Operation 466 'mul' 'mul_ln110_251' <Predicate = (!tmp)> <Delay = 0.99> <CoreInst = "DSP48">   --->   Core 124 'DSP48' <Latency = 3> <II = 1> <Delay = 0.53> <IPBlock> <Opcode : 'add' 'sub' 'mul' 'select'> <InPorts = 0> <OutPorts = 1> <Sync> <CReg>
ST_1 : Operation 467 [3/3] (0.99ns) (grouped into DSP with root node add_ln110_252)   --->   "%mul_ln110_252 = mul i32 %sext_ln110_67, i32 %sext_ln110_60_cast" [src/integrated-gcn/gemm_stage.cpp:110]   --->   Operation 467 'mul' 'mul_ln110_252' <Predicate = (!tmp)> <Delay = 0.99> <CoreInst = "DSP48">   --->   Core 124 'DSP48' <Latency = 3> <II = 1> <Delay = 0.53> <IPBlock> <Opcode : 'add' 'sub' 'mul' 'select'> <InPorts = 0> <OutPorts = 1> <Sync> <CReg>
ST_1 : Operation 468 [3/3] (0.99ns) (grouped into DSP with root node add_ln110_253)   --->   "%mul_ln110_253 = mul i32 %sext_ln110_67, i32 %sext_ln110_61_cast" [src/integrated-gcn/gemm_stage.cpp:110]   --->   Operation 468 'mul' 'mul_ln110_253' <Predicate = (!tmp)> <Delay = 0.99> <CoreInst = "DSP48">   --->   Core 124 'DSP48' <Latency = 3> <II = 1> <Delay = 0.53> <IPBlock> <Opcode : 'add' 'sub' 'mul' 'select'> <InPorts = 0> <OutPorts = 1> <Sync> <CReg>
ST_1 : Operation 469 [3/3] (0.99ns) (grouped into DSP with root node add_ln110_254)   --->   "%mul_ln110_254 = mul i32 %sext_ln110_67, i32 %sext_ln110_62_cast" [src/integrated-gcn/gemm_stage.cpp:110]   --->   Operation 469 'mul' 'mul_ln110_254' <Predicate = (!tmp)> <Delay = 0.99> <CoreInst = "DSP48">   --->   Core 124 'DSP48' <Latency = 3> <II = 1> <Delay = 0.53> <IPBlock> <Opcode : 'add' 'sub' 'mul' 'select'> <InPorts = 0> <OutPorts = 1> <Sync> <CReg>
ST_1 : Operation 470 [3/3] (0.99ns) (grouped into DSP with root node add_ln110_255)   --->   "%mul_ln110_255 = mul i32 %sext_ln110_67, i32 %sext_ln110_63_cast" [src/integrated-gcn/gemm_stage.cpp:110]   --->   Operation 470 'mul' 'mul_ln110_255' <Predicate = (!tmp)> <Delay = 0.99> <CoreInst = "DSP48">   --->   Core 124 'DSP48' <Latency = 3> <II = 1> <Delay = 0.53> <IPBlock> <Opcode : 'add' 'sub' 'mul' 'select'> <InPorts = 0> <OutPorts = 1> <Sync> <CReg>
ST_1 : Operation 471 [1/1] (0.77ns)   --->   "%add_ln101 = add i7 %i_outer_1, i7 4" [src/integrated-gcn/gemm_stage.cpp:101]   --->   Operation 471 'add' 'add_ln101' <Predicate = (!tmp)> <Delay = 0.77> <CoreInst = "Adder">   --->   Core 1 'Adder' <Latency = 0> <II = 1> <Delay = 0.77> <FuncUnit> <Opcode : 'add' 'sub'> <InPorts = 2> <OutPorts = 1>
ST_1 : Operation 472 [1/1] (0.42ns)   --->   "%store_ln101 = store i7 %add_ln101, i7 %i_outer" [src/integrated-gcn/gemm_stage.cpp:101]   --->   Operation 472 'store' 'store_ln101' <Predicate = (!tmp)> <Delay = 0.42>

State 2 <SV = 1> <Delay = 0.99>
ST_2 : Operation 473 [1/1] (0.00ns)   --->   "%zext_ln101 = zext i4 %lshr_ln2" [src/integrated-gcn/gemm_stage.cpp:101]   --->   Operation 473 'zext' 'zext_ln101' <Predicate = true> <Delay = 0.00>
ST_2 : Operation 474 [2/3] (0.99ns) (grouped into DSP with root node add_ln110)   --->   "%mul_ln110 = mul i32 %sext_ln110_64, i32 %sext_ln110_cast" [src/integrated-gcn/gemm_stage.cpp:110]   --->   Operation 474 'mul' 'mul_ln110' <Predicate = true> <Delay = 0.99> <CoreInst = "DSP48">   --->   Core 124 'DSP48' <Latency = 3> <II = 1> <Delay = 0.53> <IPBlock> <Opcode : 'add' 'sub' 'mul' 'select'> <InPorts = 0> <OutPorts = 1> <Sync> <CReg>
ST_2 : Operation 475 [1/1] (0.00ns)   --->   "%XW_block_addr = getelementptr i32 %XW_block, i64 0, i64 %zext_ln101" [src/integrated-gcn/gemm_stage.cpp:110]   --->   Operation 475 'getelementptr' 'XW_block_addr' <Predicate = true> <Delay = 0.00>
ST_2 : Operation 476 [2/2] (0.67ns)   --->   "%XW_block_load = load i4 %XW_block_addr" [src/integrated-gcn/gemm_stage.cpp:110]   --->   Operation 476 'load' 'XW_block_load' <Predicate = true> <Delay = 0.67> <CoreInst = "RAM">   --->   Core 82 'RAM' <Latency = 1> <II = 1> <Delay = 0.67> <Storage> <Opcode : 'load' 'store'> <Ports = 2> <Width = 32> <Depth = 16> <RAM>
ST_2 : Operation 477 [2/3] (0.99ns) (grouped into DSP with root node add_ln110_1)   --->   "%mul_ln110_1 = mul i32 %sext_ln110_64, i32 %sext_ln110_1_cast" [src/integrated-gcn/gemm_stage.cpp:110]   --->   Operation 477 'mul' 'mul_ln110_1' <Predicate = true> <Delay = 0.99> <CoreInst = "DSP48">   --->   Core 124 'DSP48' <Latency = 3> <II = 1> <Delay = 0.53> <IPBlock> <Opcode : 'add' 'sub' 'mul' 'select'> <InPorts = 0> <OutPorts = 1> <Sync> <CReg>
ST_2 : Operation 478 [1/1] (0.00ns)   --->   "%XW_block_1_addr = getelementptr i32 %XW_block_1, i64 0, i64 %zext_ln101" [src/integrated-gcn/gemm_stage.cpp:110]   --->   Operation 478 'getelementptr' 'XW_block_1_addr' <Predicate = true> <Delay = 0.00>
ST_2 : Operation 479 [2/2] (0.67ns)   --->   "%XW_block_1_load = load i4 %XW_block_1_addr" [src/integrated-gcn/gemm_stage.cpp:110]   --->   Operation 479 'load' 'XW_block_1_load' <Predicate = true> <Delay = 0.67> <CoreInst = "RAM">   --->   Core 82 'RAM' <Latency = 1> <II = 1> <Delay = 0.67> <Storage> <Opcode : 'load' 'store'> <Ports = 2> <Width = 32> <Depth = 16> <RAM>
ST_2 : Operation 480 [2/3] (0.99ns) (grouped into DSP with root node add_ln110_2)   --->   "%mul_ln110_2 = mul i32 %sext_ln110_64, i32 %sext_ln110_2_cast" [src/integrated-gcn/gemm_stage.cpp:110]   --->   Operation 480 'mul' 'mul_ln110_2' <Predicate = true> <Delay = 0.99> <CoreInst = "DSP48">   --->   Core 124 'DSP48' <Latency = 3> <II = 1> <Delay = 0.53> <IPBlock> <Opcode : 'add' 'sub' 'mul' 'select'> <InPorts = 0> <OutPorts = 1> <Sync> <CReg>
ST_2 : Operation 481 [1/1] (0.00ns)   --->   "%XW_block_2_addr = getelementptr i32 %XW_block_2, i64 0, i64 %zext_ln101" [src/integrated-gcn/gemm_stage.cpp:110]   --->   Operation 481 'getelementptr' 'XW_block_2_addr' <Predicate = true> <Delay = 0.00>
ST_2 : Operation 482 [2/2] (0.67ns)   --->   "%XW_block_2_load = load i4 %XW_block_2_addr" [src/integrated-gcn/gemm_stage.cpp:110]   --->   Operation 482 'load' 'XW_block_2_load' <Predicate = true> <Delay = 0.67> <CoreInst = "RAM">   --->   Core 82 'RAM' <Latency = 1> <II = 1> <Delay = 0.67> <Storage> <Opcode : 'load' 'store'> <Ports = 2> <Width = 32> <Depth = 16> <RAM>
ST_2 : Operation 483 [2/3] (0.99ns) (grouped into DSP with root node add_ln110_3)   --->   "%mul_ln110_3 = mul i32 %sext_ln110_64, i32 %sext_ln110_3_cast" [src/integrated-gcn/gemm_stage.cpp:110]   --->   Operation 483 'mul' 'mul_ln110_3' <Predicate = true> <Delay = 0.99> <CoreInst = "DSP48">   --->   Core 124 'DSP48' <Latency = 3> <II = 1> <Delay = 0.53> <IPBlock> <Opcode : 'add' 'sub' 'mul' 'select'> <InPorts = 0> <OutPorts = 1> <Sync> <CReg>
ST_2 : Operation 484 [1/1] (0.00ns)   --->   "%XW_block_3_addr = getelementptr i32 %XW_block_3, i64 0, i64 %zext_ln101" [src/integrated-gcn/gemm_stage.cpp:110]   --->   Operation 484 'getelementptr' 'XW_block_3_addr' <Predicate = true> <Delay = 0.00>
ST_2 : Operation 485 [2/2] (0.67ns)   --->   "%XW_block_3_load = load i4 %XW_block_3_addr" [src/integrated-gcn/gemm_stage.cpp:110]   --->   Operation 485 'load' 'XW_block_3_load' <Predicate = true> <Delay = 0.67> <CoreInst = "RAM">   --->   Core 82 'RAM' <Latency = 1> <II = 1> <Delay = 0.67> <Storage> <Opcode : 'load' 'store'> <Ports = 2> <Width = 32> <Depth = 16> <RAM>
ST_2 : Operation 486 [2/3] (0.99ns) (grouped into DSP with root node add_ln110_4)   --->   "%mul_ln110_4 = mul i32 %sext_ln110_64, i32 %sext_ln110_4_cast" [src/integrated-gcn/gemm_stage.cpp:110]   --->   Operation 486 'mul' 'mul_ln110_4' <Predicate = true> <Delay = 0.99> <CoreInst = "DSP48">   --->   Core 124 'DSP48' <Latency = 3> <II = 1> <Delay = 0.53> <IPBlock> <Opcode : 'add' 'sub' 'mul' 'select'> <InPorts = 0> <OutPorts = 1> <Sync> <CReg>
ST_2 : Operation 487 [1/1] (0.00ns)   --->   "%XW_block_4_addr = getelementptr i32 %XW_block_4, i64 0, i64 %zext_ln101" [src/integrated-gcn/gemm_stage.cpp:110]   --->   Operation 487 'getelementptr' 'XW_block_4_addr' <Predicate = true> <Delay = 0.00>
ST_2 : Operation 488 [2/2] (0.67ns)   --->   "%XW_block_4_load = load i4 %XW_block_4_addr" [src/integrated-gcn/gemm_stage.cpp:110]   --->   Operation 488 'load' 'XW_block_4_load' <Predicate = true> <Delay = 0.67> <CoreInst = "RAM">   --->   Core 82 'RAM' <Latency = 1> <II = 1> <Delay = 0.67> <Storage> <Opcode : 'load' 'store'> <Ports = 2> <Width = 32> <Depth = 16> <RAM>
ST_2 : Operation 489 [2/3] (0.99ns) (grouped into DSP with root node add_ln110_5)   --->   "%mul_ln110_5 = mul i32 %sext_ln110_64, i32 %sext_ln110_5_cast" [src/integrated-gcn/gemm_stage.cpp:110]   --->   Operation 489 'mul' 'mul_ln110_5' <Predicate = true> <Delay = 0.99> <CoreInst = "DSP48">   --->   Core 124 'DSP48' <Latency = 3> <II = 1> <Delay = 0.53> <IPBlock> <Opcode : 'add' 'sub' 'mul' 'select'> <InPorts = 0> <OutPorts = 1> <Sync> <CReg>
ST_2 : Operation 490 [1/1] (0.00ns)   --->   "%XW_block_5_addr = getelementptr i32 %XW_block_5, i64 0, i64 %zext_ln101" [src/integrated-gcn/gemm_stage.cpp:110]   --->   Operation 490 'getelementptr' 'XW_block_5_addr' <Predicate = true> <Delay = 0.00>
ST_2 : Operation 491 [2/2] (0.67ns)   --->   "%XW_block_5_load = load i4 %XW_block_5_addr" [src/integrated-gcn/gemm_stage.cpp:110]   --->   Operation 491 'load' 'XW_block_5_load' <Predicate = true> <Delay = 0.67> <CoreInst = "RAM">   --->   Core 82 'RAM' <Latency = 1> <II = 1> <Delay = 0.67> <Storage> <Opcode : 'load' 'store'> <Ports = 2> <Width = 32> <Depth = 16> <RAM>
ST_2 : Operation 492 [2/3] (0.99ns) (grouped into DSP with root node add_ln110_6)   --->   "%mul_ln110_6 = mul i32 %sext_ln110_64, i32 %sext_ln110_6_cast" [src/integrated-gcn/gemm_stage.cpp:110]   --->   Operation 492 'mul' 'mul_ln110_6' <Predicate = true> <Delay = 0.99> <CoreInst = "DSP48">   --->   Core 124 'DSP48' <Latency = 3> <II = 1> <Delay = 0.53> <IPBlock> <Opcode : 'add' 'sub' 'mul' 'select'> <InPorts = 0> <OutPorts = 1> <Sync> <CReg>
ST_2 : Operation 493 [1/1] (0.00ns)   --->   "%XW_block_6_addr = getelementptr i32 %XW_block_6, i64 0, i64 %zext_ln101" [src/integrated-gcn/gemm_stage.cpp:110]   --->   Operation 493 'getelementptr' 'XW_block_6_addr' <Predicate = true> <Delay = 0.00>
ST_2 : Operation 494 [2/2] (0.67ns)   --->   "%XW_block_6_load = load i4 %XW_block_6_addr" [src/integrated-gcn/gemm_stage.cpp:110]   --->   Operation 494 'load' 'XW_block_6_load' <Predicate = true> <Delay = 0.67> <CoreInst = "RAM">   --->   Core 82 'RAM' <Latency = 1> <II = 1> <Delay = 0.67> <Storage> <Opcode : 'load' 'store'> <Ports = 2> <Width = 32> <Depth = 16> <RAM>
ST_2 : Operation 495 [2/3] (0.99ns) (grouped into DSP with root node add_ln110_7)   --->   "%mul_ln110_7 = mul i32 %sext_ln110_64, i32 %sext_ln110_7_cast" [src/integrated-gcn/gemm_stage.cpp:110]   --->   Operation 495 'mul' 'mul_ln110_7' <Predicate = true> <Delay = 0.99> <CoreInst = "DSP48">   --->   Core 124 'DSP48' <Latency = 3> <II = 1> <Delay = 0.53> <IPBlock> <Opcode : 'add' 'sub' 'mul' 'select'> <InPorts = 0> <OutPorts = 1> <Sync> <CReg>
ST_2 : Operation 496 [1/1] (0.00ns)   --->   "%XW_block_7_addr = getelementptr i32 %XW_block_7, i64 0, i64 %zext_ln101" [src/integrated-gcn/gemm_stage.cpp:110]   --->   Operation 496 'getelementptr' 'XW_block_7_addr' <Predicate = true> <Delay = 0.00>
ST_2 : Operation 497 [2/2] (0.67ns)   --->   "%XW_block_7_load = load i4 %XW_block_7_addr" [src/integrated-gcn/gemm_stage.cpp:110]   --->   Operation 497 'load' 'XW_block_7_load' <Predicate = true> <Delay = 0.67> <CoreInst = "RAM">   --->   Core 82 'RAM' <Latency = 1> <II = 1> <Delay = 0.67> <Storage> <Opcode : 'load' 'store'> <Ports = 2> <Width = 32> <Depth = 16> <RAM>
ST_2 : Operation 498 [2/3] (0.99ns) (grouped into DSP with root node add_ln110_8)   --->   "%mul_ln110_8 = mul i32 %sext_ln110_64, i32 %sext_ln110_8_cast" [src/integrated-gcn/gemm_stage.cpp:110]   --->   Operation 498 'mul' 'mul_ln110_8' <Predicate = true> <Delay = 0.99> <CoreInst = "DSP48">   --->   Core 124 'DSP48' <Latency = 3> <II = 1> <Delay = 0.53> <IPBlock> <Opcode : 'add' 'sub' 'mul' 'select'> <InPorts = 0> <OutPorts = 1> <Sync> <CReg>
ST_2 : Operation 499 [1/1] (0.00ns)   --->   "%XW_block_8_addr = getelementptr i32 %XW_block_8, i64 0, i64 %zext_ln101" [src/integrated-gcn/gemm_stage.cpp:110]   --->   Operation 499 'getelementptr' 'XW_block_8_addr' <Predicate = true> <Delay = 0.00>
ST_2 : Operation 500 [2/2] (0.67ns)   --->   "%XW_block_8_load = load i4 %XW_block_8_addr" [src/integrated-gcn/gemm_stage.cpp:110]   --->   Operation 500 'load' 'XW_block_8_load' <Predicate = true> <Delay = 0.67> <CoreInst = "RAM">   --->   Core 82 'RAM' <Latency = 1> <II = 1> <Delay = 0.67> <Storage> <Opcode : 'load' 'store'> <Ports = 2> <Width = 32> <Depth = 16> <RAM>
ST_2 : Operation 501 [2/3] (0.99ns) (grouped into DSP with root node add_ln110_9)   --->   "%mul_ln110_9 = mul i32 %sext_ln110_64, i32 %sext_ln110_9_cast" [src/integrated-gcn/gemm_stage.cpp:110]   --->   Operation 501 'mul' 'mul_ln110_9' <Predicate = true> <Delay = 0.99> <CoreInst = "DSP48">   --->   Core 124 'DSP48' <Latency = 3> <II = 1> <Delay = 0.53> <IPBlock> <Opcode : 'add' 'sub' 'mul' 'select'> <InPorts = 0> <OutPorts = 1> <Sync> <CReg>
ST_2 : Operation 502 [1/1] (0.00ns)   --->   "%XW_block_9_addr = getelementptr i32 %XW_block_9, i64 0, i64 %zext_ln101" [src/integrated-gcn/gemm_stage.cpp:110]   --->   Operation 502 'getelementptr' 'XW_block_9_addr' <Predicate = true> <Delay = 0.00>
ST_2 : Operation 503 [2/2] (0.67ns)   --->   "%XW_block_9_load = load i4 %XW_block_9_addr" [src/integrated-gcn/gemm_stage.cpp:110]   --->   Operation 503 'load' 'XW_block_9_load' <Predicate = true> <Delay = 0.67> <CoreInst = "RAM">   --->   Core 82 'RAM' <Latency = 1> <II = 1> <Delay = 0.67> <Storage> <Opcode : 'load' 'store'> <Ports = 2> <Width = 32> <Depth = 16> <RAM>
ST_2 : Operation 504 [2/3] (0.99ns) (grouped into DSP with root node add_ln110_10)   --->   "%mul_ln110_10 = mul i32 %sext_ln110_64, i32 %sext_ln110_10_cast" [src/integrated-gcn/gemm_stage.cpp:110]   --->   Operation 504 'mul' 'mul_ln110_10' <Predicate = true> <Delay = 0.99> <CoreInst = "DSP48">   --->   Core 124 'DSP48' <Latency = 3> <II = 1> <Delay = 0.53> <IPBlock> <Opcode : 'add' 'sub' 'mul' 'select'> <InPorts = 0> <OutPorts = 1> <Sync> <CReg>
ST_2 : Operation 505 [1/1] (0.00ns)   --->   "%XW_block_10_addr = getelementptr i32 %XW_block_10, i64 0, i64 %zext_ln101" [src/integrated-gcn/gemm_stage.cpp:110]   --->   Operation 505 'getelementptr' 'XW_block_10_addr' <Predicate = true> <Delay = 0.00>
ST_2 : Operation 506 [2/2] (0.67ns)   --->   "%XW_block_10_load = load i4 %XW_block_10_addr" [src/integrated-gcn/gemm_stage.cpp:110]   --->   Operation 506 'load' 'XW_block_10_load' <Predicate = true> <Delay = 0.67> <CoreInst = "RAM">   --->   Core 82 'RAM' <Latency = 1> <II = 1> <Delay = 0.67> <Storage> <Opcode : 'load' 'store'> <Ports = 2> <Width = 32> <Depth = 16> <RAM>
ST_2 : Operation 507 [2/3] (0.99ns) (grouped into DSP with root node add_ln110_11)   --->   "%mul_ln110_11 = mul i32 %sext_ln110_64, i32 %sext_ln110_11_cast" [src/integrated-gcn/gemm_stage.cpp:110]   --->   Operation 507 'mul' 'mul_ln110_11' <Predicate = true> <Delay = 0.99> <CoreInst = "DSP48">   --->   Core 124 'DSP48' <Latency = 3> <II = 1> <Delay = 0.53> <IPBlock> <Opcode : 'add' 'sub' 'mul' 'select'> <InPorts = 0> <OutPorts = 1> <Sync> <CReg>
ST_2 : Operation 508 [1/1] (0.00ns)   --->   "%XW_block_11_addr = getelementptr i32 %XW_block_11, i64 0, i64 %zext_ln101" [src/integrated-gcn/gemm_stage.cpp:110]   --->   Operation 508 'getelementptr' 'XW_block_11_addr' <Predicate = true> <Delay = 0.00>
ST_2 : Operation 509 [2/2] (0.67ns)   --->   "%XW_block_11_load = load i4 %XW_block_11_addr" [src/integrated-gcn/gemm_stage.cpp:110]   --->   Operation 509 'load' 'XW_block_11_load' <Predicate = true> <Delay = 0.67> <CoreInst = "RAM">   --->   Core 82 'RAM' <Latency = 1> <II = 1> <Delay = 0.67> <Storage> <Opcode : 'load' 'store'> <Ports = 2> <Width = 32> <Depth = 16> <RAM>
ST_2 : Operation 510 [2/3] (0.99ns) (grouped into DSP with root node add_ln110_12)   --->   "%mul_ln110_12 = mul i32 %sext_ln110_64, i32 %sext_ln110_12_cast" [src/integrated-gcn/gemm_stage.cpp:110]   --->   Operation 510 'mul' 'mul_ln110_12' <Predicate = true> <Delay = 0.99> <CoreInst = "DSP48">   --->   Core 124 'DSP48' <Latency = 3> <II = 1> <Delay = 0.53> <IPBlock> <Opcode : 'add' 'sub' 'mul' 'select'> <InPorts = 0> <OutPorts = 1> <Sync> <CReg>
ST_2 : Operation 511 [1/1] (0.00ns)   --->   "%XW_block_12_addr = getelementptr i32 %XW_block_12, i64 0, i64 %zext_ln101" [src/integrated-gcn/gemm_stage.cpp:110]   --->   Operation 511 'getelementptr' 'XW_block_12_addr' <Predicate = true> <Delay = 0.00>
ST_2 : Operation 512 [2/2] (0.67ns)   --->   "%XW_block_12_load = load i4 %XW_block_12_addr" [src/integrated-gcn/gemm_stage.cpp:110]   --->   Operation 512 'load' 'XW_block_12_load' <Predicate = true> <Delay = 0.67> <CoreInst = "RAM">   --->   Core 82 'RAM' <Latency = 1> <II = 1> <Delay = 0.67> <Storage> <Opcode : 'load' 'store'> <Ports = 2> <Width = 32> <Depth = 16> <RAM>
ST_2 : Operation 513 [2/3] (0.99ns) (grouped into DSP with root node add_ln110_13)   --->   "%mul_ln110_13 = mul i32 %sext_ln110_64, i32 %sext_ln110_13_cast" [src/integrated-gcn/gemm_stage.cpp:110]   --->   Operation 513 'mul' 'mul_ln110_13' <Predicate = true> <Delay = 0.99> <CoreInst = "DSP48">   --->   Core 124 'DSP48' <Latency = 3> <II = 1> <Delay = 0.53> <IPBlock> <Opcode : 'add' 'sub' 'mul' 'select'> <InPorts = 0> <OutPorts = 1> <Sync> <CReg>
ST_2 : Operation 514 [1/1] (0.00ns)   --->   "%XW_block_13_addr = getelementptr i32 %XW_block_13, i64 0, i64 %zext_ln101" [src/integrated-gcn/gemm_stage.cpp:110]   --->   Operation 514 'getelementptr' 'XW_block_13_addr' <Predicate = true> <Delay = 0.00>
ST_2 : Operation 515 [2/2] (0.67ns)   --->   "%XW_block_13_load = load i4 %XW_block_13_addr" [src/integrated-gcn/gemm_stage.cpp:110]   --->   Operation 515 'load' 'XW_block_13_load' <Predicate = true> <Delay = 0.67> <CoreInst = "RAM">   --->   Core 82 'RAM' <Latency = 1> <II = 1> <Delay = 0.67> <Storage> <Opcode : 'load' 'store'> <Ports = 2> <Width = 32> <Depth = 16> <RAM>
ST_2 : Operation 516 [2/3] (0.99ns) (grouped into DSP with root node add_ln110_14)   --->   "%mul_ln110_14 = mul i32 %sext_ln110_64, i32 %sext_ln110_14_cast" [src/integrated-gcn/gemm_stage.cpp:110]   --->   Operation 516 'mul' 'mul_ln110_14' <Predicate = true> <Delay = 0.99> <CoreInst = "DSP48">   --->   Core 124 'DSP48' <Latency = 3> <II = 1> <Delay = 0.53> <IPBlock> <Opcode : 'add' 'sub' 'mul' 'select'> <InPorts = 0> <OutPorts = 1> <Sync> <CReg>
ST_2 : Operation 517 [1/1] (0.00ns)   --->   "%XW_block_14_addr = getelementptr i32 %XW_block_14, i64 0, i64 %zext_ln101" [src/integrated-gcn/gemm_stage.cpp:110]   --->   Operation 517 'getelementptr' 'XW_block_14_addr' <Predicate = true> <Delay = 0.00>
ST_2 : Operation 518 [2/2] (0.67ns)   --->   "%XW_block_14_load = load i4 %XW_block_14_addr" [src/integrated-gcn/gemm_stage.cpp:110]   --->   Operation 518 'load' 'XW_block_14_load' <Predicate = true> <Delay = 0.67> <CoreInst = "RAM">   --->   Core 82 'RAM' <Latency = 1> <II = 1> <Delay = 0.67> <Storage> <Opcode : 'load' 'store'> <Ports = 2> <Width = 32> <Depth = 16> <RAM>
ST_2 : Operation 519 [2/3] (0.99ns) (grouped into DSP with root node add_ln110_15)   --->   "%mul_ln110_15 = mul i32 %sext_ln110_64, i32 %sext_ln110_15_cast" [src/integrated-gcn/gemm_stage.cpp:110]   --->   Operation 519 'mul' 'mul_ln110_15' <Predicate = true> <Delay = 0.99> <CoreInst = "DSP48">   --->   Core 124 'DSP48' <Latency = 3> <II = 1> <Delay = 0.53> <IPBlock> <Opcode : 'add' 'sub' 'mul' 'select'> <InPorts = 0> <OutPorts = 1> <Sync> <CReg>
ST_2 : Operation 520 [1/1] (0.00ns)   --->   "%XW_block_15_addr = getelementptr i32 %XW_block_15, i64 0, i64 %zext_ln101" [src/integrated-gcn/gemm_stage.cpp:110]   --->   Operation 520 'getelementptr' 'XW_block_15_addr' <Predicate = true> <Delay = 0.00>
ST_2 : Operation 521 [2/2] (0.67ns)   --->   "%XW_block_15_load = load i4 %XW_block_15_addr" [src/integrated-gcn/gemm_stage.cpp:110]   --->   Operation 521 'load' 'XW_block_15_load' <Predicate = true> <Delay = 0.67> <CoreInst = "RAM">   --->   Core 82 'RAM' <Latency = 1> <II = 1> <Delay = 0.67> <Storage> <Opcode : 'load' 'store'> <Ports = 2> <Width = 32> <Depth = 16> <RAM>
ST_2 : Operation 522 [2/3] (0.99ns) (grouped into DSP with root node add_ln110_16)   --->   "%mul_ln110_16 = mul i32 %sext_ln110_64, i32 %sext_ln110_16_cast" [src/integrated-gcn/gemm_stage.cpp:110]   --->   Operation 522 'mul' 'mul_ln110_16' <Predicate = true> <Delay = 0.99> <CoreInst = "DSP48">   --->   Core 124 'DSP48' <Latency = 3> <II = 1> <Delay = 0.53> <IPBlock> <Opcode : 'add' 'sub' 'mul' 'select'> <InPorts = 0> <OutPorts = 1> <Sync> <CReg>
ST_2 : Operation 523 [1/1] (0.00ns)   --->   "%XW_block_16_addr = getelementptr i32 %XW_block_16, i64 0, i64 %zext_ln101" [src/integrated-gcn/gemm_stage.cpp:110]   --->   Operation 523 'getelementptr' 'XW_block_16_addr' <Predicate = true> <Delay = 0.00>
ST_2 : Operation 524 [2/2] (0.67ns)   --->   "%XW_block_16_load = load i4 %XW_block_16_addr" [src/integrated-gcn/gemm_stage.cpp:110]   --->   Operation 524 'load' 'XW_block_16_load' <Predicate = true> <Delay = 0.67> <CoreInst = "RAM">   --->   Core 82 'RAM' <Latency = 1> <II = 1> <Delay = 0.67> <Storage> <Opcode : 'load' 'store'> <Ports = 2> <Width = 32> <Depth = 16> <RAM>
ST_2 : Operation 525 [2/3] (0.99ns) (grouped into DSP with root node add_ln110_17)   --->   "%mul_ln110_17 = mul i32 %sext_ln110_64, i32 %sext_ln110_17_cast" [src/integrated-gcn/gemm_stage.cpp:110]   --->   Operation 525 'mul' 'mul_ln110_17' <Predicate = true> <Delay = 0.99> <CoreInst = "DSP48">   --->   Core 124 'DSP48' <Latency = 3> <II = 1> <Delay = 0.53> <IPBlock> <Opcode : 'add' 'sub' 'mul' 'select'> <InPorts = 0> <OutPorts = 1> <Sync> <CReg>
ST_2 : Operation 526 [1/1] (0.00ns)   --->   "%XW_block_17_addr = getelementptr i32 %XW_block_17, i64 0, i64 %zext_ln101" [src/integrated-gcn/gemm_stage.cpp:110]   --->   Operation 526 'getelementptr' 'XW_block_17_addr' <Predicate = true> <Delay = 0.00>
ST_2 : Operation 527 [2/2] (0.67ns)   --->   "%XW_block_17_load = load i4 %XW_block_17_addr" [src/integrated-gcn/gemm_stage.cpp:110]   --->   Operation 527 'load' 'XW_block_17_load' <Predicate = true> <Delay = 0.67> <CoreInst = "RAM">   --->   Core 82 'RAM' <Latency = 1> <II = 1> <Delay = 0.67> <Storage> <Opcode : 'load' 'store'> <Ports = 2> <Width = 32> <Depth = 16> <RAM>
ST_2 : Operation 528 [2/3] (0.99ns) (grouped into DSP with root node add_ln110_18)   --->   "%mul_ln110_18 = mul i32 %sext_ln110_64, i32 %sext_ln110_18_cast" [src/integrated-gcn/gemm_stage.cpp:110]   --->   Operation 528 'mul' 'mul_ln110_18' <Predicate = true> <Delay = 0.99> <CoreInst = "DSP48">   --->   Core 124 'DSP48' <Latency = 3> <II = 1> <Delay = 0.53> <IPBlock> <Opcode : 'add' 'sub' 'mul' 'select'> <InPorts = 0> <OutPorts = 1> <Sync> <CReg>
ST_2 : Operation 529 [1/1] (0.00ns)   --->   "%XW_block_18_addr = getelementptr i32 %XW_block_18, i64 0, i64 %zext_ln101" [src/integrated-gcn/gemm_stage.cpp:110]   --->   Operation 529 'getelementptr' 'XW_block_18_addr' <Predicate = true> <Delay = 0.00>
ST_2 : Operation 530 [2/2] (0.67ns)   --->   "%XW_block_18_load = load i4 %XW_block_18_addr" [src/integrated-gcn/gemm_stage.cpp:110]   --->   Operation 530 'load' 'XW_block_18_load' <Predicate = true> <Delay = 0.67> <CoreInst = "RAM">   --->   Core 82 'RAM' <Latency = 1> <II = 1> <Delay = 0.67> <Storage> <Opcode : 'load' 'store'> <Ports = 2> <Width = 32> <Depth = 16> <RAM>
ST_2 : Operation 531 [2/3] (0.99ns) (grouped into DSP with root node add_ln110_19)   --->   "%mul_ln110_19 = mul i32 %sext_ln110_64, i32 %sext_ln110_19_cast" [src/integrated-gcn/gemm_stage.cpp:110]   --->   Operation 531 'mul' 'mul_ln110_19' <Predicate = true> <Delay = 0.99> <CoreInst = "DSP48">   --->   Core 124 'DSP48' <Latency = 3> <II = 1> <Delay = 0.53> <IPBlock> <Opcode : 'add' 'sub' 'mul' 'select'> <InPorts = 0> <OutPorts = 1> <Sync> <CReg>
ST_2 : Operation 532 [1/1] (0.00ns)   --->   "%XW_block_19_addr = getelementptr i32 %XW_block_19, i64 0, i64 %zext_ln101" [src/integrated-gcn/gemm_stage.cpp:110]   --->   Operation 532 'getelementptr' 'XW_block_19_addr' <Predicate = true> <Delay = 0.00>
ST_2 : Operation 533 [2/2] (0.67ns)   --->   "%XW_block_19_load = load i4 %XW_block_19_addr" [src/integrated-gcn/gemm_stage.cpp:110]   --->   Operation 533 'load' 'XW_block_19_load' <Predicate = true> <Delay = 0.67> <CoreInst = "RAM">   --->   Core 82 'RAM' <Latency = 1> <II = 1> <Delay = 0.67> <Storage> <Opcode : 'load' 'store'> <Ports = 2> <Width = 32> <Depth = 16> <RAM>
ST_2 : Operation 534 [2/3] (0.99ns) (grouped into DSP with root node add_ln110_20)   --->   "%mul_ln110_20 = mul i32 %sext_ln110_64, i32 %sext_ln110_20_cast" [src/integrated-gcn/gemm_stage.cpp:110]   --->   Operation 534 'mul' 'mul_ln110_20' <Predicate = true> <Delay = 0.99> <CoreInst = "DSP48">   --->   Core 124 'DSP48' <Latency = 3> <II = 1> <Delay = 0.53> <IPBlock> <Opcode : 'add' 'sub' 'mul' 'select'> <InPorts = 0> <OutPorts = 1> <Sync> <CReg>
ST_2 : Operation 535 [1/1] (0.00ns)   --->   "%XW_block_20_addr = getelementptr i32 %XW_block_20, i64 0, i64 %zext_ln101" [src/integrated-gcn/gemm_stage.cpp:110]   --->   Operation 535 'getelementptr' 'XW_block_20_addr' <Predicate = true> <Delay = 0.00>
ST_2 : Operation 536 [2/2] (0.67ns)   --->   "%XW_block_20_load = load i4 %XW_block_20_addr" [src/integrated-gcn/gemm_stage.cpp:110]   --->   Operation 536 'load' 'XW_block_20_load' <Predicate = true> <Delay = 0.67> <CoreInst = "RAM">   --->   Core 82 'RAM' <Latency = 1> <II = 1> <Delay = 0.67> <Storage> <Opcode : 'load' 'store'> <Ports = 2> <Width = 32> <Depth = 16> <RAM>
ST_2 : Operation 537 [2/3] (0.99ns) (grouped into DSP with root node add_ln110_21)   --->   "%mul_ln110_21 = mul i32 %sext_ln110_64, i32 %sext_ln110_21_cast" [src/integrated-gcn/gemm_stage.cpp:110]   --->   Operation 537 'mul' 'mul_ln110_21' <Predicate = true> <Delay = 0.99> <CoreInst = "DSP48">   --->   Core 124 'DSP48' <Latency = 3> <II = 1> <Delay = 0.53> <IPBlock> <Opcode : 'add' 'sub' 'mul' 'select'> <InPorts = 0> <OutPorts = 1> <Sync> <CReg>
ST_2 : Operation 538 [1/1] (0.00ns)   --->   "%XW_block_21_addr = getelementptr i32 %XW_block_21, i64 0, i64 %zext_ln101" [src/integrated-gcn/gemm_stage.cpp:110]   --->   Operation 538 'getelementptr' 'XW_block_21_addr' <Predicate = true> <Delay = 0.00>
ST_2 : Operation 539 [2/2] (0.67ns)   --->   "%XW_block_21_load = load i4 %XW_block_21_addr" [src/integrated-gcn/gemm_stage.cpp:110]   --->   Operation 539 'load' 'XW_block_21_load' <Predicate = true> <Delay = 0.67> <CoreInst = "RAM">   --->   Core 82 'RAM' <Latency = 1> <II = 1> <Delay = 0.67> <Storage> <Opcode : 'load' 'store'> <Ports = 2> <Width = 32> <Depth = 16> <RAM>
ST_2 : Operation 540 [2/3] (0.99ns) (grouped into DSP with root node add_ln110_22)   --->   "%mul_ln110_22 = mul i32 %sext_ln110_64, i32 %sext_ln110_22_cast" [src/integrated-gcn/gemm_stage.cpp:110]   --->   Operation 540 'mul' 'mul_ln110_22' <Predicate = true> <Delay = 0.99> <CoreInst = "DSP48">   --->   Core 124 'DSP48' <Latency = 3> <II = 1> <Delay = 0.53> <IPBlock> <Opcode : 'add' 'sub' 'mul' 'select'> <InPorts = 0> <OutPorts = 1> <Sync> <CReg>
ST_2 : Operation 541 [1/1] (0.00ns)   --->   "%XW_block_22_addr = getelementptr i32 %XW_block_22, i64 0, i64 %zext_ln101" [src/integrated-gcn/gemm_stage.cpp:110]   --->   Operation 541 'getelementptr' 'XW_block_22_addr' <Predicate = true> <Delay = 0.00>
ST_2 : Operation 542 [2/2] (0.67ns)   --->   "%XW_block_22_load = load i4 %XW_block_22_addr" [src/integrated-gcn/gemm_stage.cpp:110]   --->   Operation 542 'load' 'XW_block_22_load' <Predicate = true> <Delay = 0.67> <CoreInst = "RAM">   --->   Core 82 'RAM' <Latency = 1> <II = 1> <Delay = 0.67> <Storage> <Opcode : 'load' 'store'> <Ports = 2> <Width = 32> <Depth = 16> <RAM>
ST_2 : Operation 543 [2/3] (0.99ns) (grouped into DSP with root node add_ln110_23)   --->   "%mul_ln110_23 = mul i32 %sext_ln110_64, i32 %sext_ln110_23_cast" [src/integrated-gcn/gemm_stage.cpp:110]   --->   Operation 543 'mul' 'mul_ln110_23' <Predicate = true> <Delay = 0.99> <CoreInst = "DSP48">   --->   Core 124 'DSP48' <Latency = 3> <II = 1> <Delay = 0.53> <IPBlock> <Opcode : 'add' 'sub' 'mul' 'select'> <InPorts = 0> <OutPorts = 1> <Sync> <CReg>
ST_2 : Operation 544 [1/1] (0.00ns)   --->   "%XW_block_23_addr = getelementptr i32 %XW_block_23, i64 0, i64 %zext_ln101" [src/integrated-gcn/gemm_stage.cpp:110]   --->   Operation 544 'getelementptr' 'XW_block_23_addr' <Predicate = true> <Delay = 0.00>
ST_2 : Operation 545 [2/2] (0.67ns)   --->   "%XW_block_23_load = load i4 %XW_block_23_addr" [src/integrated-gcn/gemm_stage.cpp:110]   --->   Operation 545 'load' 'XW_block_23_load' <Predicate = true> <Delay = 0.67> <CoreInst = "RAM">   --->   Core 82 'RAM' <Latency = 1> <II = 1> <Delay = 0.67> <Storage> <Opcode : 'load' 'store'> <Ports = 2> <Width = 32> <Depth = 16> <RAM>
ST_2 : Operation 546 [2/3] (0.99ns) (grouped into DSP with root node add_ln110_24)   --->   "%mul_ln110_24 = mul i32 %sext_ln110_64, i32 %sext_ln110_24_cast" [src/integrated-gcn/gemm_stage.cpp:110]   --->   Operation 546 'mul' 'mul_ln110_24' <Predicate = true> <Delay = 0.99> <CoreInst = "DSP48">   --->   Core 124 'DSP48' <Latency = 3> <II = 1> <Delay = 0.53> <IPBlock> <Opcode : 'add' 'sub' 'mul' 'select'> <InPorts = 0> <OutPorts = 1> <Sync> <CReg>
ST_2 : Operation 547 [1/1] (0.00ns)   --->   "%XW_block_24_addr = getelementptr i32 %XW_block_24, i64 0, i64 %zext_ln101" [src/integrated-gcn/gemm_stage.cpp:110]   --->   Operation 547 'getelementptr' 'XW_block_24_addr' <Predicate = true> <Delay = 0.00>
ST_2 : Operation 548 [2/2] (0.67ns)   --->   "%XW_block_24_load = load i4 %XW_block_24_addr" [src/integrated-gcn/gemm_stage.cpp:110]   --->   Operation 548 'load' 'XW_block_24_load' <Predicate = true> <Delay = 0.67> <CoreInst = "RAM">   --->   Core 82 'RAM' <Latency = 1> <II = 1> <Delay = 0.67> <Storage> <Opcode : 'load' 'store'> <Ports = 2> <Width = 32> <Depth = 16> <RAM>
ST_2 : Operation 549 [2/3] (0.99ns) (grouped into DSP with root node add_ln110_25)   --->   "%mul_ln110_25 = mul i32 %sext_ln110_64, i32 %sext_ln110_25_cast" [src/integrated-gcn/gemm_stage.cpp:110]   --->   Operation 549 'mul' 'mul_ln110_25' <Predicate = true> <Delay = 0.99> <CoreInst = "DSP48">   --->   Core 124 'DSP48' <Latency = 3> <II = 1> <Delay = 0.53> <IPBlock> <Opcode : 'add' 'sub' 'mul' 'select'> <InPorts = 0> <OutPorts = 1> <Sync> <CReg>
ST_2 : Operation 550 [1/1] (0.00ns)   --->   "%XW_block_25_addr = getelementptr i32 %XW_block_25, i64 0, i64 %zext_ln101" [src/integrated-gcn/gemm_stage.cpp:110]   --->   Operation 550 'getelementptr' 'XW_block_25_addr' <Predicate = true> <Delay = 0.00>
ST_2 : Operation 551 [2/2] (0.67ns)   --->   "%XW_block_25_load = load i4 %XW_block_25_addr" [src/integrated-gcn/gemm_stage.cpp:110]   --->   Operation 551 'load' 'XW_block_25_load' <Predicate = true> <Delay = 0.67> <CoreInst = "RAM">   --->   Core 82 'RAM' <Latency = 1> <II = 1> <Delay = 0.67> <Storage> <Opcode : 'load' 'store'> <Ports = 2> <Width = 32> <Depth = 16> <RAM>
ST_2 : Operation 552 [2/3] (0.99ns) (grouped into DSP with root node add_ln110_26)   --->   "%mul_ln110_26 = mul i32 %sext_ln110_64, i32 %sext_ln110_26_cast" [src/integrated-gcn/gemm_stage.cpp:110]   --->   Operation 552 'mul' 'mul_ln110_26' <Predicate = true> <Delay = 0.99> <CoreInst = "DSP48">   --->   Core 124 'DSP48' <Latency = 3> <II = 1> <Delay = 0.53> <IPBlock> <Opcode : 'add' 'sub' 'mul' 'select'> <InPorts = 0> <OutPorts = 1> <Sync> <CReg>
ST_2 : Operation 553 [1/1] (0.00ns)   --->   "%XW_block_26_addr = getelementptr i32 %XW_block_26, i64 0, i64 %zext_ln101" [src/integrated-gcn/gemm_stage.cpp:110]   --->   Operation 553 'getelementptr' 'XW_block_26_addr' <Predicate = true> <Delay = 0.00>
ST_2 : Operation 554 [2/2] (0.67ns)   --->   "%XW_block_26_load = load i4 %XW_block_26_addr" [src/integrated-gcn/gemm_stage.cpp:110]   --->   Operation 554 'load' 'XW_block_26_load' <Predicate = true> <Delay = 0.67> <CoreInst = "RAM">   --->   Core 82 'RAM' <Latency = 1> <II = 1> <Delay = 0.67> <Storage> <Opcode : 'load' 'store'> <Ports = 2> <Width = 32> <Depth = 16> <RAM>
ST_2 : Operation 555 [2/3] (0.99ns) (grouped into DSP with root node add_ln110_27)   --->   "%mul_ln110_27 = mul i32 %sext_ln110_64, i32 %sext_ln110_27_cast" [src/integrated-gcn/gemm_stage.cpp:110]   --->   Operation 555 'mul' 'mul_ln110_27' <Predicate = true> <Delay = 0.99> <CoreInst = "DSP48">   --->   Core 124 'DSP48' <Latency = 3> <II = 1> <Delay = 0.53> <IPBlock> <Opcode : 'add' 'sub' 'mul' 'select'> <InPorts = 0> <OutPorts = 1> <Sync> <CReg>
ST_2 : Operation 556 [1/1] (0.00ns)   --->   "%XW_block_27_addr = getelementptr i32 %XW_block_27, i64 0, i64 %zext_ln101" [src/integrated-gcn/gemm_stage.cpp:110]   --->   Operation 556 'getelementptr' 'XW_block_27_addr' <Predicate = true> <Delay = 0.00>
ST_2 : Operation 557 [2/2] (0.67ns)   --->   "%XW_block_27_load = load i4 %XW_block_27_addr" [src/integrated-gcn/gemm_stage.cpp:110]   --->   Operation 557 'load' 'XW_block_27_load' <Predicate = true> <Delay = 0.67> <CoreInst = "RAM">   --->   Core 82 'RAM' <Latency = 1> <II = 1> <Delay = 0.67> <Storage> <Opcode : 'load' 'store'> <Ports = 2> <Width = 32> <Depth = 16> <RAM>
ST_2 : Operation 558 [2/3] (0.99ns) (grouped into DSP with root node add_ln110_28)   --->   "%mul_ln110_28 = mul i32 %sext_ln110_64, i32 %sext_ln110_28_cast" [src/integrated-gcn/gemm_stage.cpp:110]   --->   Operation 558 'mul' 'mul_ln110_28' <Predicate = true> <Delay = 0.99> <CoreInst = "DSP48">   --->   Core 124 'DSP48' <Latency = 3> <II = 1> <Delay = 0.53> <IPBlock> <Opcode : 'add' 'sub' 'mul' 'select'> <InPorts = 0> <OutPorts = 1> <Sync> <CReg>
ST_2 : Operation 559 [1/1] (0.00ns)   --->   "%XW_block_28_addr = getelementptr i32 %XW_block_28, i64 0, i64 %zext_ln101" [src/integrated-gcn/gemm_stage.cpp:110]   --->   Operation 559 'getelementptr' 'XW_block_28_addr' <Predicate = true> <Delay = 0.00>
ST_2 : Operation 560 [2/2] (0.67ns)   --->   "%XW_block_28_load = load i4 %XW_block_28_addr" [src/integrated-gcn/gemm_stage.cpp:110]   --->   Operation 560 'load' 'XW_block_28_load' <Predicate = true> <Delay = 0.67> <CoreInst = "RAM">   --->   Core 82 'RAM' <Latency = 1> <II = 1> <Delay = 0.67> <Storage> <Opcode : 'load' 'store'> <Ports = 2> <Width = 32> <Depth = 16> <RAM>
ST_2 : Operation 561 [2/3] (0.99ns) (grouped into DSP with root node add_ln110_29)   --->   "%mul_ln110_29 = mul i32 %sext_ln110_64, i32 %sext_ln110_29_cast" [src/integrated-gcn/gemm_stage.cpp:110]   --->   Operation 561 'mul' 'mul_ln110_29' <Predicate = true> <Delay = 0.99> <CoreInst = "DSP48">   --->   Core 124 'DSP48' <Latency = 3> <II = 1> <Delay = 0.53> <IPBlock> <Opcode : 'add' 'sub' 'mul' 'select'> <InPorts = 0> <OutPorts = 1> <Sync> <CReg>
ST_2 : Operation 562 [1/1] (0.00ns)   --->   "%XW_block_29_addr = getelementptr i32 %XW_block_29, i64 0, i64 %zext_ln101" [src/integrated-gcn/gemm_stage.cpp:110]   --->   Operation 562 'getelementptr' 'XW_block_29_addr' <Predicate = true> <Delay = 0.00>
ST_2 : Operation 563 [2/2] (0.67ns)   --->   "%XW_block_29_load = load i4 %XW_block_29_addr" [src/integrated-gcn/gemm_stage.cpp:110]   --->   Operation 563 'load' 'XW_block_29_load' <Predicate = true> <Delay = 0.67> <CoreInst = "RAM">   --->   Core 82 'RAM' <Latency = 1> <II = 1> <Delay = 0.67> <Storage> <Opcode : 'load' 'store'> <Ports = 2> <Width = 32> <Depth = 16> <RAM>
ST_2 : Operation 564 [2/3] (0.99ns) (grouped into DSP with root node add_ln110_30)   --->   "%mul_ln110_30 = mul i32 %sext_ln110_64, i32 %sext_ln110_30_cast" [src/integrated-gcn/gemm_stage.cpp:110]   --->   Operation 564 'mul' 'mul_ln110_30' <Predicate = true> <Delay = 0.99> <CoreInst = "DSP48">   --->   Core 124 'DSP48' <Latency = 3> <II = 1> <Delay = 0.53> <IPBlock> <Opcode : 'add' 'sub' 'mul' 'select'> <InPorts = 0> <OutPorts = 1> <Sync> <CReg>
ST_2 : Operation 565 [1/1] (0.00ns)   --->   "%XW_block_30_addr = getelementptr i32 %XW_block_30, i64 0, i64 %zext_ln101" [src/integrated-gcn/gemm_stage.cpp:110]   --->   Operation 565 'getelementptr' 'XW_block_30_addr' <Predicate = true> <Delay = 0.00>
ST_2 : Operation 566 [2/2] (0.67ns)   --->   "%XW_block_30_load = load i4 %XW_block_30_addr" [src/integrated-gcn/gemm_stage.cpp:110]   --->   Operation 566 'load' 'XW_block_30_load' <Predicate = true> <Delay = 0.67> <CoreInst = "RAM">   --->   Core 82 'RAM' <Latency = 1> <II = 1> <Delay = 0.67> <Storage> <Opcode : 'load' 'store'> <Ports = 2> <Width = 32> <Depth = 16> <RAM>
ST_2 : Operation 567 [2/3] (0.99ns) (grouped into DSP with root node add_ln110_31)   --->   "%mul_ln110_31 = mul i32 %sext_ln110_64, i32 %sext_ln110_31_cast" [src/integrated-gcn/gemm_stage.cpp:110]   --->   Operation 567 'mul' 'mul_ln110_31' <Predicate = true> <Delay = 0.99> <CoreInst = "DSP48">   --->   Core 124 'DSP48' <Latency = 3> <II = 1> <Delay = 0.53> <IPBlock> <Opcode : 'add' 'sub' 'mul' 'select'> <InPorts = 0> <OutPorts = 1> <Sync> <CReg>
ST_2 : Operation 568 [1/1] (0.00ns)   --->   "%XW_block_31_addr = getelementptr i32 %XW_block_31, i64 0, i64 %zext_ln101" [src/integrated-gcn/gemm_stage.cpp:110]   --->   Operation 568 'getelementptr' 'XW_block_31_addr' <Predicate = true> <Delay = 0.00>
ST_2 : Operation 569 [2/2] (0.67ns)   --->   "%XW_block_31_load = load i4 %XW_block_31_addr" [src/integrated-gcn/gemm_stage.cpp:110]   --->   Operation 569 'load' 'XW_block_31_load' <Predicate = true> <Delay = 0.67> <CoreInst = "RAM">   --->   Core 82 'RAM' <Latency = 1> <II = 1> <Delay = 0.67> <Storage> <Opcode : 'load' 'store'> <Ports = 2> <Width = 32> <Depth = 16> <RAM>
ST_2 : Operation 570 [2/3] (0.99ns) (grouped into DSP with root node add_ln110_32)   --->   "%mul_ln110_32 = mul i32 %sext_ln110_64, i32 %sext_ln110_32_cast" [src/integrated-gcn/gemm_stage.cpp:110]   --->   Operation 570 'mul' 'mul_ln110_32' <Predicate = true> <Delay = 0.99> <CoreInst = "DSP48">   --->   Core 124 'DSP48' <Latency = 3> <II = 1> <Delay = 0.53> <IPBlock> <Opcode : 'add' 'sub' 'mul' 'select'> <InPorts = 0> <OutPorts = 1> <Sync> <CReg>
ST_2 : Operation 571 [1/1] (0.00ns)   --->   "%XW_block_32_addr = getelementptr i32 %XW_block_32, i64 0, i64 %zext_ln101" [src/integrated-gcn/gemm_stage.cpp:110]   --->   Operation 571 'getelementptr' 'XW_block_32_addr' <Predicate = true> <Delay = 0.00>
ST_2 : Operation 572 [2/2] (0.67ns)   --->   "%XW_block_32_load = load i4 %XW_block_32_addr" [src/integrated-gcn/gemm_stage.cpp:110]   --->   Operation 572 'load' 'XW_block_32_load' <Predicate = true> <Delay = 0.67> <CoreInst = "RAM">   --->   Core 82 'RAM' <Latency = 1> <II = 1> <Delay = 0.67> <Storage> <Opcode : 'load' 'store'> <Ports = 2> <Width = 32> <Depth = 16> <RAM>
ST_2 : Operation 573 [2/3] (0.99ns) (grouped into DSP with root node add_ln110_33)   --->   "%mul_ln110_33 = mul i32 %sext_ln110_64, i32 %sext_ln110_33_cast" [src/integrated-gcn/gemm_stage.cpp:110]   --->   Operation 573 'mul' 'mul_ln110_33' <Predicate = true> <Delay = 0.99> <CoreInst = "DSP48">   --->   Core 124 'DSP48' <Latency = 3> <II = 1> <Delay = 0.53> <IPBlock> <Opcode : 'add' 'sub' 'mul' 'select'> <InPorts = 0> <OutPorts = 1> <Sync> <CReg>
ST_2 : Operation 574 [1/1] (0.00ns)   --->   "%XW_block_33_addr = getelementptr i32 %XW_block_33, i64 0, i64 %zext_ln101" [src/integrated-gcn/gemm_stage.cpp:110]   --->   Operation 574 'getelementptr' 'XW_block_33_addr' <Predicate = true> <Delay = 0.00>
ST_2 : Operation 575 [2/2] (0.67ns)   --->   "%XW_block_33_load = load i4 %XW_block_33_addr" [src/integrated-gcn/gemm_stage.cpp:110]   --->   Operation 575 'load' 'XW_block_33_load' <Predicate = true> <Delay = 0.67> <CoreInst = "RAM">   --->   Core 82 'RAM' <Latency = 1> <II = 1> <Delay = 0.67> <Storage> <Opcode : 'load' 'store'> <Ports = 2> <Width = 32> <Depth = 16> <RAM>
ST_2 : Operation 576 [2/3] (0.99ns) (grouped into DSP with root node add_ln110_34)   --->   "%mul_ln110_34 = mul i32 %sext_ln110_64, i32 %sext_ln110_34_cast" [src/integrated-gcn/gemm_stage.cpp:110]   --->   Operation 576 'mul' 'mul_ln110_34' <Predicate = true> <Delay = 0.99> <CoreInst = "DSP48">   --->   Core 124 'DSP48' <Latency = 3> <II = 1> <Delay = 0.53> <IPBlock> <Opcode : 'add' 'sub' 'mul' 'select'> <InPorts = 0> <OutPorts = 1> <Sync> <CReg>
ST_2 : Operation 577 [1/1] (0.00ns)   --->   "%XW_block_34_addr = getelementptr i32 %XW_block_34, i64 0, i64 %zext_ln101" [src/integrated-gcn/gemm_stage.cpp:110]   --->   Operation 577 'getelementptr' 'XW_block_34_addr' <Predicate = true> <Delay = 0.00>
ST_2 : Operation 578 [2/2] (0.67ns)   --->   "%XW_block_34_load = load i4 %XW_block_34_addr" [src/integrated-gcn/gemm_stage.cpp:110]   --->   Operation 578 'load' 'XW_block_34_load' <Predicate = true> <Delay = 0.67> <CoreInst = "RAM">   --->   Core 82 'RAM' <Latency = 1> <II = 1> <Delay = 0.67> <Storage> <Opcode : 'load' 'store'> <Ports = 2> <Width = 32> <Depth = 16> <RAM>
ST_2 : Operation 579 [2/3] (0.99ns) (grouped into DSP with root node add_ln110_35)   --->   "%mul_ln110_35 = mul i32 %sext_ln110_64, i32 %sext_ln110_35_cast" [src/integrated-gcn/gemm_stage.cpp:110]   --->   Operation 579 'mul' 'mul_ln110_35' <Predicate = true> <Delay = 0.99> <CoreInst = "DSP48">   --->   Core 124 'DSP48' <Latency = 3> <II = 1> <Delay = 0.53> <IPBlock> <Opcode : 'add' 'sub' 'mul' 'select'> <InPorts = 0> <OutPorts = 1> <Sync> <CReg>
ST_2 : Operation 580 [1/1] (0.00ns)   --->   "%XW_block_35_addr = getelementptr i32 %XW_block_35, i64 0, i64 %zext_ln101" [src/integrated-gcn/gemm_stage.cpp:110]   --->   Operation 580 'getelementptr' 'XW_block_35_addr' <Predicate = true> <Delay = 0.00>
ST_2 : Operation 581 [2/2] (0.67ns)   --->   "%XW_block_35_load = load i4 %XW_block_35_addr" [src/integrated-gcn/gemm_stage.cpp:110]   --->   Operation 581 'load' 'XW_block_35_load' <Predicate = true> <Delay = 0.67> <CoreInst = "RAM">   --->   Core 82 'RAM' <Latency = 1> <II = 1> <Delay = 0.67> <Storage> <Opcode : 'load' 'store'> <Ports = 2> <Width = 32> <Depth = 16> <RAM>
ST_2 : Operation 582 [2/3] (0.99ns) (grouped into DSP with root node add_ln110_36)   --->   "%mul_ln110_36 = mul i32 %sext_ln110_64, i32 %sext_ln110_36_cast" [src/integrated-gcn/gemm_stage.cpp:110]   --->   Operation 582 'mul' 'mul_ln110_36' <Predicate = true> <Delay = 0.99> <CoreInst = "DSP48">   --->   Core 124 'DSP48' <Latency = 3> <II = 1> <Delay = 0.53> <IPBlock> <Opcode : 'add' 'sub' 'mul' 'select'> <InPorts = 0> <OutPorts = 1> <Sync> <CReg>
ST_2 : Operation 583 [1/1] (0.00ns)   --->   "%XW_block_36_addr = getelementptr i32 %XW_block_36, i64 0, i64 %zext_ln101" [src/integrated-gcn/gemm_stage.cpp:110]   --->   Operation 583 'getelementptr' 'XW_block_36_addr' <Predicate = true> <Delay = 0.00>
ST_2 : Operation 584 [2/2] (0.67ns)   --->   "%XW_block_36_load = load i4 %XW_block_36_addr" [src/integrated-gcn/gemm_stage.cpp:110]   --->   Operation 584 'load' 'XW_block_36_load' <Predicate = true> <Delay = 0.67> <CoreInst = "RAM">   --->   Core 82 'RAM' <Latency = 1> <II = 1> <Delay = 0.67> <Storage> <Opcode : 'load' 'store'> <Ports = 2> <Width = 32> <Depth = 16> <RAM>
ST_2 : Operation 585 [2/3] (0.99ns) (grouped into DSP with root node add_ln110_37)   --->   "%mul_ln110_37 = mul i32 %sext_ln110_64, i32 %sext_ln110_37_cast" [src/integrated-gcn/gemm_stage.cpp:110]   --->   Operation 585 'mul' 'mul_ln110_37' <Predicate = true> <Delay = 0.99> <CoreInst = "DSP48">   --->   Core 124 'DSP48' <Latency = 3> <II = 1> <Delay = 0.53> <IPBlock> <Opcode : 'add' 'sub' 'mul' 'select'> <InPorts = 0> <OutPorts = 1> <Sync> <CReg>
ST_2 : Operation 586 [1/1] (0.00ns)   --->   "%XW_block_37_addr = getelementptr i32 %XW_block_37, i64 0, i64 %zext_ln101" [src/integrated-gcn/gemm_stage.cpp:110]   --->   Operation 586 'getelementptr' 'XW_block_37_addr' <Predicate = true> <Delay = 0.00>
ST_2 : Operation 587 [2/2] (0.67ns)   --->   "%XW_block_37_load = load i4 %XW_block_37_addr" [src/integrated-gcn/gemm_stage.cpp:110]   --->   Operation 587 'load' 'XW_block_37_load' <Predicate = true> <Delay = 0.67> <CoreInst = "RAM">   --->   Core 82 'RAM' <Latency = 1> <II = 1> <Delay = 0.67> <Storage> <Opcode : 'load' 'store'> <Ports = 2> <Width = 32> <Depth = 16> <RAM>
ST_2 : Operation 588 [2/3] (0.99ns) (grouped into DSP with root node add_ln110_38)   --->   "%mul_ln110_38 = mul i32 %sext_ln110_64, i32 %sext_ln110_38_cast" [src/integrated-gcn/gemm_stage.cpp:110]   --->   Operation 588 'mul' 'mul_ln110_38' <Predicate = true> <Delay = 0.99> <CoreInst = "DSP48">   --->   Core 124 'DSP48' <Latency = 3> <II = 1> <Delay = 0.53> <IPBlock> <Opcode : 'add' 'sub' 'mul' 'select'> <InPorts = 0> <OutPorts = 1> <Sync> <CReg>
ST_2 : Operation 589 [1/1] (0.00ns)   --->   "%XW_block_38_addr = getelementptr i32 %XW_block_38, i64 0, i64 %zext_ln101" [src/integrated-gcn/gemm_stage.cpp:110]   --->   Operation 589 'getelementptr' 'XW_block_38_addr' <Predicate = true> <Delay = 0.00>
ST_2 : Operation 590 [2/2] (0.67ns)   --->   "%XW_block_38_load = load i4 %XW_block_38_addr" [src/integrated-gcn/gemm_stage.cpp:110]   --->   Operation 590 'load' 'XW_block_38_load' <Predicate = true> <Delay = 0.67> <CoreInst = "RAM">   --->   Core 82 'RAM' <Latency = 1> <II = 1> <Delay = 0.67> <Storage> <Opcode : 'load' 'store'> <Ports = 2> <Width = 32> <Depth = 16> <RAM>
ST_2 : Operation 591 [2/3] (0.99ns) (grouped into DSP with root node add_ln110_39)   --->   "%mul_ln110_39 = mul i32 %sext_ln110_64, i32 %sext_ln110_39_cast" [src/integrated-gcn/gemm_stage.cpp:110]   --->   Operation 591 'mul' 'mul_ln110_39' <Predicate = true> <Delay = 0.99> <CoreInst = "DSP48">   --->   Core 124 'DSP48' <Latency = 3> <II = 1> <Delay = 0.53> <IPBlock> <Opcode : 'add' 'sub' 'mul' 'select'> <InPorts = 0> <OutPorts = 1> <Sync> <CReg>
ST_2 : Operation 592 [1/1] (0.00ns)   --->   "%XW_block_39_addr = getelementptr i32 %XW_block_39, i64 0, i64 %zext_ln101" [src/integrated-gcn/gemm_stage.cpp:110]   --->   Operation 592 'getelementptr' 'XW_block_39_addr' <Predicate = true> <Delay = 0.00>
ST_2 : Operation 593 [2/2] (0.67ns)   --->   "%XW_block_39_load = load i4 %XW_block_39_addr" [src/integrated-gcn/gemm_stage.cpp:110]   --->   Operation 593 'load' 'XW_block_39_load' <Predicate = true> <Delay = 0.67> <CoreInst = "RAM">   --->   Core 82 'RAM' <Latency = 1> <II = 1> <Delay = 0.67> <Storage> <Opcode : 'load' 'store'> <Ports = 2> <Width = 32> <Depth = 16> <RAM>
ST_2 : Operation 594 [2/3] (0.99ns) (grouped into DSP with root node add_ln110_40)   --->   "%mul_ln110_40 = mul i32 %sext_ln110_64, i32 %sext_ln110_40_cast" [src/integrated-gcn/gemm_stage.cpp:110]   --->   Operation 594 'mul' 'mul_ln110_40' <Predicate = true> <Delay = 0.99> <CoreInst = "DSP48">   --->   Core 124 'DSP48' <Latency = 3> <II = 1> <Delay = 0.53> <IPBlock> <Opcode : 'add' 'sub' 'mul' 'select'> <InPorts = 0> <OutPorts = 1> <Sync> <CReg>
ST_2 : Operation 595 [1/1] (0.00ns)   --->   "%XW_block_40_addr = getelementptr i32 %XW_block_40, i64 0, i64 %zext_ln101" [src/integrated-gcn/gemm_stage.cpp:110]   --->   Operation 595 'getelementptr' 'XW_block_40_addr' <Predicate = true> <Delay = 0.00>
ST_2 : Operation 596 [2/2] (0.67ns)   --->   "%XW_block_40_load = load i4 %XW_block_40_addr" [src/integrated-gcn/gemm_stage.cpp:110]   --->   Operation 596 'load' 'XW_block_40_load' <Predicate = true> <Delay = 0.67> <CoreInst = "RAM">   --->   Core 82 'RAM' <Latency = 1> <II = 1> <Delay = 0.67> <Storage> <Opcode : 'load' 'store'> <Ports = 2> <Width = 32> <Depth = 16> <RAM>
ST_2 : Operation 597 [2/3] (0.99ns) (grouped into DSP with root node add_ln110_41)   --->   "%mul_ln110_41 = mul i32 %sext_ln110_64, i32 %sext_ln110_41_cast" [src/integrated-gcn/gemm_stage.cpp:110]   --->   Operation 597 'mul' 'mul_ln110_41' <Predicate = true> <Delay = 0.99> <CoreInst = "DSP48">   --->   Core 124 'DSP48' <Latency = 3> <II = 1> <Delay = 0.53> <IPBlock> <Opcode : 'add' 'sub' 'mul' 'select'> <InPorts = 0> <OutPorts = 1> <Sync> <CReg>
ST_2 : Operation 598 [1/1] (0.00ns)   --->   "%XW_block_41_addr = getelementptr i32 %XW_block_41, i64 0, i64 %zext_ln101" [src/integrated-gcn/gemm_stage.cpp:110]   --->   Operation 598 'getelementptr' 'XW_block_41_addr' <Predicate = true> <Delay = 0.00>
ST_2 : Operation 599 [2/2] (0.67ns)   --->   "%XW_block_41_load = load i4 %XW_block_41_addr" [src/integrated-gcn/gemm_stage.cpp:110]   --->   Operation 599 'load' 'XW_block_41_load' <Predicate = true> <Delay = 0.67> <CoreInst = "RAM">   --->   Core 82 'RAM' <Latency = 1> <II = 1> <Delay = 0.67> <Storage> <Opcode : 'load' 'store'> <Ports = 2> <Width = 32> <Depth = 16> <RAM>
ST_2 : Operation 600 [2/3] (0.99ns) (grouped into DSP with root node add_ln110_42)   --->   "%mul_ln110_42 = mul i32 %sext_ln110_64, i32 %sext_ln110_42_cast" [src/integrated-gcn/gemm_stage.cpp:110]   --->   Operation 600 'mul' 'mul_ln110_42' <Predicate = true> <Delay = 0.99> <CoreInst = "DSP48">   --->   Core 124 'DSP48' <Latency = 3> <II = 1> <Delay = 0.53> <IPBlock> <Opcode : 'add' 'sub' 'mul' 'select'> <InPorts = 0> <OutPorts = 1> <Sync> <CReg>
ST_2 : Operation 601 [1/1] (0.00ns)   --->   "%XW_block_42_addr = getelementptr i32 %XW_block_42, i64 0, i64 %zext_ln101" [src/integrated-gcn/gemm_stage.cpp:110]   --->   Operation 601 'getelementptr' 'XW_block_42_addr' <Predicate = true> <Delay = 0.00>
ST_2 : Operation 602 [2/2] (0.67ns)   --->   "%XW_block_42_load = load i4 %XW_block_42_addr" [src/integrated-gcn/gemm_stage.cpp:110]   --->   Operation 602 'load' 'XW_block_42_load' <Predicate = true> <Delay = 0.67> <CoreInst = "RAM">   --->   Core 82 'RAM' <Latency = 1> <II = 1> <Delay = 0.67> <Storage> <Opcode : 'load' 'store'> <Ports = 2> <Width = 32> <Depth = 16> <RAM>
ST_2 : Operation 603 [2/3] (0.99ns) (grouped into DSP with root node add_ln110_43)   --->   "%mul_ln110_43 = mul i32 %sext_ln110_64, i32 %sext_ln110_43_cast" [src/integrated-gcn/gemm_stage.cpp:110]   --->   Operation 603 'mul' 'mul_ln110_43' <Predicate = true> <Delay = 0.99> <CoreInst = "DSP48">   --->   Core 124 'DSP48' <Latency = 3> <II = 1> <Delay = 0.53> <IPBlock> <Opcode : 'add' 'sub' 'mul' 'select'> <InPorts = 0> <OutPorts = 1> <Sync> <CReg>
ST_2 : Operation 604 [1/1] (0.00ns)   --->   "%XW_block_43_addr = getelementptr i32 %XW_block_43, i64 0, i64 %zext_ln101" [src/integrated-gcn/gemm_stage.cpp:110]   --->   Operation 604 'getelementptr' 'XW_block_43_addr' <Predicate = true> <Delay = 0.00>
ST_2 : Operation 605 [2/2] (0.67ns)   --->   "%XW_block_43_load = load i4 %XW_block_43_addr" [src/integrated-gcn/gemm_stage.cpp:110]   --->   Operation 605 'load' 'XW_block_43_load' <Predicate = true> <Delay = 0.67> <CoreInst = "RAM">   --->   Core 82 'RAM' <Latency = 1> <II = 1> <Delay = 0.67> <Storage> <Opcode : 'load' 'store'> <Ports = 2> <Width = 32> <Depth = 16> <RAM>
ST_2 : Operation 606 [2/3] (0.99ns) (grouped into DSP with root node add_ln110_44)   --->   "%mul_ln110_44 = mul i32 %sext_ln110_64, i32 %sext_ln110_44_cast" [src/integrated-gcn/gemm_stage.cpp:110]   --->   Operation 606 'mul' 'mul_ln110_44' <Predicate = true> <Delay = 0.99> <CoreInst = "DSP48">   --->   Core 124 'DSP48' <Latency = 3> <II = 1> <Delay = 0.53> <IPBlock> <Opcode : 'add' 'sub' 'mul' 'select'> <InPorts = 0> <OutPorts = 1> <Sync> <CReg>
ST_2 : Operation 607 [1/1] (0.00ns)   --->   "%XW_block_44_addr = getelementptr i32 %XW_block_44, i64 0, i64 %zext_ln101" [src/integrated-gcn/gemm_stage.cpp:110]   --->   Operation 607 'getelementptr' 'XW_block_44_addr' <Predicate = true> <Delay = 0.00>
ST_2 : Operation 608 [2/2] (0.67ns)   --->   "%XW_block_44_load = load i4 %XW_block_44_addr" [src/integrated-gcn/gemm_stage.cpp:110]   --->   Operation 608 'load' 'XW_block_44_load' <Predicate = true> <Delay = 0.67> <CoreInst = "RAM">   --->   Core 82 'RAM' <Latency = 1> <II = 1> <Delay = 0.67> <Storage> <Opcode : 'load' 'store'> <Ports = 2> <Width = 32> <Depth = 16> <RAM>
ST_2 : Operation 609 [2/3] (0.99ns) (grouped into DSP with root node add_ln110_45)   --->   "%mul_ln110_45 = mul i32 %sext_ln110_64, i32 %sext_ln110_45_cast" [src/integrated-gcn/gemm_stage.cpp:110]   --->   Operation 609 'mul' 'mul_ln110_45' <Predicate = true> <Delay = 0.99> <CoreInst = "DSP48">   --->   Core 124 'DSP48' <Latency = 3> <II = 1> <Delay = 0.53> <IPBlock> <Opcode : 'add' 'sub' 'mul' 'select'> <InPorts = 0> <OutPorts = 1> <Sync> <CReg>
ST_2 : Operation 610 [1/1] (0.00ns)   --->   "%XW_block_45_addr = getelementptr i32 %XW_block_45, i64 0, i64 %zext_ln101" [src/integrated-gcn/gemm_stage.cpp:110]   --->   Operation 610 'getelementptr' 'XW_block_45_addr' <Predicate = true> <Delay = 0.00>
ST_2 : Operation 611 [2/2] (0.67ns)   --->   "%XW_block_45_load = load i4 %XW_block_45_addr" [src/integrated-gcn/gemm_stage.cpp:110]   --->   Operation 611 'load' 'XW_block_45_load' <Predicate = true> <Delay = 0.67> <CoreInst = "RAM">   --->   Core 82 'RAM' <Latency = 1> <II = 1> <Delay = 0.67> <Storage> <Opcode : 'load' 'store'> <Ports = 2> <Width = 32> <Depth = 16> <RAM>
ST_2 : Operation 612 [2/3] (0.99ns) (grouped into DSP with root node add_ln110_46)   --->   "%mul_ln110_46 = mul i32 %sext_ln110_64, i32 %sext_ln110_46_cast" [src/integrated-gcn/gemm_stage.cpp:110]   --->   Operation 612 'mul' 'mul_ln110_46' <Predicate = true> <Delay = 0.99> <CoreInst = "DSP48">   --->   Core 124 'DSP48' <Latency = 3> <II = 1> <Delay = 0.53> <IPBlock> <Opcode : 'add' 'sub' 'mul' 'select'> <InPorts = 0> <OutPorts = 1> <Sync> <CReg>
ST_2 : Operation 613 [1/1] (0.00ns)   --->   "%XW_block_46_addr = getelementptr i32 %XW_block_46, i64 0, i64 %zext_ln101" [src/integrated-gcn/gemm_stage.cpp:110]   --->   Operation 613 'getelementptr' 'XW_block_46_addr' <Predicate = true> <Delay = 0.00>
ST_2 : Operation 614 [2/2] (0.67ns)   --->   "%XW_block_46_load = load i4 %XW_block_46_addr" [src/integrated-gcn/gemm_stage.cpp:110]   --->   Operation 614 'load' 'XW_block_46_load' <Predicate = true> <Delay = 0.67> <CoreInst = "RAM">   --->   Core 82 'RAM' <Latency = 1> <II = 1> <Delay = 0.67> <Storage> <Opcode : 'load' 'store'> <Ports = 2> <Width = 32> <Depth = 16> <RAM>
ST_2 : Operation 615 [2/3] (0.99ns) (grouped into DSP with root node add_ln110_47)   --->   "%mul_ln110_47 = mul i32 %sext_ln110_64, i32 %sext_ln110_47_cast" [src/integrated-gcn/gemm_stage.cpp:110]   --->   Operation 615 'mul' 'mul_ln110_47' <Predicate = true> <Delay = 0.99> <CoreInst = "DSP48">   --->   Core 124 'DSP48' <Latency = 3> <II = 1> <Delay = 0.53> <IPBlock> <Opcode : 'add' 'sub' 'mul' 'select'> <InPorts = 0> <OutPorts = 1> <Sync> <CReg>
ST_2 : Operation 616 [1/1] (0.00ns)   --->   "%XW_block_47_addr = getelementptr i32 %XW_block_47, i64 0, i64 %zext_ln101" [src/integrated-gcn/gemm_stage.cpp:110]   --->   Operation 616 'getelementptr' 'XW_block_47_addr' <Predicate = true> <Delay = 0.00>
ST_2 : Operation 617 [2/2] (0.67ns)   --->   "%XW_block_47_load = load i4 %XW_block_47_addr" [src/integrated-gcn/gemm_stage.cpp:110]   --->   Operation 617 'load' 'XW_block_47_load' <Predicate = true> <Delay = 0.67> <CoreInst = "RAM">   --->   Core 82 'RAM' <Latency = 1> <II = 1> <Delay = 0.67> <Storage> <Opcode : 'load' 'store'> <Ports = 2> <Width = 32> <Depth = 16> <RAM>
ST_2 : Operation 618 [2/3] (0.99ns) (grouped into DSP with root node add_ln110_48)   --->   "%mul_ln110_48 = mul i32 %sext_ln110_64, i32 %sext_ln110_48_cast" [src/integrated-gcn/gemm_stage.cpp:110]   --->   Operation 618 'mul' 'mul_ln110_48' <Predicate = true> <Delay = 0.99> <CoreInst = "DSP48">   --->   Core 124 'DSP48' <Latency = 3> <II = 1> <Delay = 0.53> <IPBlock> <Opcode : 'add' 'sub' 'mul' 'select'> <InPorts = 0> <OutPorts = 1> <Sync> <CReg>
ST_2 : Operation 619 [1/1] (0.00ns)   --->   "%XW_block_48_addr = getelementptr i32 %XW_block_48, i64 0, i64 %zext_ln101" [src/integrated-gcn/gemm_stage.cpp:110]   --->   Operation 619 'getelementptr' 'XW_block_48_addr' <Predicate = true> <Delay = 0.00>
ST_2 : Operation 620 [2/2] (0.67ns)   --->   "%XW_block_48_load = load i4 %XW_block_48_addr" [src/integrated-gcn/gemm_stage.cpp:110]   --->   Operation 620 'load' 'XW_block_48_load' <Predicate = true> <Delay = 0.67> <CoreInst = "RAM">   --->   Core 82 'RAM' <Latency = 1> <II = 1> <Delay = 0.67> <Storage> <Opcode : 'load' 'store'> <Ports = 2> <Width = 32> <Depth = 16> <RAM>
ST_2 : Operation 621 [2/3] (0.99ns) (grouped into DSP with root node add_ln110_49)   --->   "%mul_ln110_49 = mul i32 %sext_ln110_64, i32 %sext_ln110_49_cast" [src/integrated-gcn/gemm_stage.cpp:110]   --->   Operation 621 'mul' 'mul_ln110_49' <Predicate = true> <Delay = 0.99> <CoreInst = "DSP48">   --->   Core 124 'DSP48' <Latency = 3> <II = 1> <Delay = 0.53> <IPBlock> <Opcode : 'add' 'sub' 'mul' 'select'> <InPorts = 0> <OutPorts = 1> <Sync> <CReg>
ST_2 : Operation 622 [1/1] (0.00ns)   --->   "%XW_block_49_addr = getelementptr i32 %XW_block_49, i64 0, i64 %zext_ln101" [src/integrated-gcn/gemm_stage.cpp:110]   --->   Operation 622 'getelementptr' 'XW_block_49_addr' <Predicate = true> <Delay = 0.00>
ST_2 : Operation 623 [2/2] (0.67ns)   --->   "%XW_block_49_load = load i4 %XW_block_49_addr" [src/integrated-gcn/gemm_stage.cpp:110]   --->   Operation 623 'load' 'XW_block_49_load' <Predicate = true> <Delay = 0.67> <CoreInst = "RAM">   --->   Core 82 'RAM' <Latency = 1> <II = 1> <Delay = 0.67> <Storage> <Opcode : 'load' 'store'> <Ports = 2> <Width = 32> <Depth = 16> <RAM>
ST_2 : Operation 624 [2/3] (0.99ns) (grouped into DSP with root node add_ln110_50)   --->   "%mul_ln110_50 = mul i32 %sext_ln110_64, i32 %sext_ln110_50_cast" [src/integrated-gcn/gemm_stage.cpp:110]   --->   Operation 624 'mul' 'mul_ln110_50' <Predicate = true> <Delay = 0.99> <CoreInst = "DSP48">   --->   Core 124 'DSP48' <Latency = 3> <II = 1> <Delay = 0.53> <IPBlock> <Opcode : 'add' 'sub' 'mul' 'select'> <InPorts = 0> <OutPorts = 1> <Sync> <CReg>
ST_2 : Operation 625 [1/1] (0.00ns)   --->   "%XW_block_50_addr = getelementptr i32 %XW_block_50, i64 0, i64 %zext_ln101" [src/integrated-gcn/gemm_stage.cpp:110]   --->   Operation 625 'getelementptr' 'XW_block_50_addr' <Predicate = true> <Delay = 0.00>
ST_2 : Operation 626 [2/2] (0.67ns)   --->   "%XW_block_50_load = load i4 %XW_block_50_addr" [src/integrated-gcn/gemm_stage.cpp:110]   --->   Operation 626 'load' 'XW_block_50_load' <Predicate = true> <Delay = 0.67> <CoreInst = "RAM">   --->   Core 82 'RAM' <Latency = 1> <II = 1> <Delay = 0.67> <Storage> <Opcode : 'load' 'store'> <Ports = 2> <Width = 32> <Depth = 16> <RAM>
ST_2 : Operation 627 [2/3] (0.99ns) (grouped into DSP with root node add_ln110_51)   --->   "%mul_ln110_51 = mul i32 %sext_ln110_64, i32 %sext_ln110_51_cast" [src/integrated-gcn/gemm_stage.cpp:110]   --->   Operation 627 'mul' 'mul_ln110_51' <Predicate = true> <Delay = 0.99> <CoreInst = "DSP48">   --->   Core 124 'DSP48' <Latency = 3> <II = 1> <Delay = 0.53> <IPBlock> <Opcode : 'add' 'sub' 'mul' 'select'> <InPorts = 0> <OutPorts = 1> <Sync> <CReg>
ST_2 : Operation 628 [1/1] (0.00ns)   --->   "%XW_block_51_addr = getelementptr i32 %XW_block_51, i64 0, i64 %zext_ln101" [src/integrated-gcn/gemm_stage.cpp:110]   --->   Operation 628 'getelementptr' 'XW_block_51_addr' <Predicate = true> <Delay = 0.00>
ST_2 : Operation 629 [2/2] (0.67ns)   --->   "%XW_block_51_load = load i4 %XW_block_51_addr" [src/integrated-gcn/gemm_stage.cpp:110]   --->   Operation 629 'load' 'XW_block_51_load' <Predicate = true> <Delay = 0.67> <CoreInst = "RAM">   --->   Core 82 'RAM' <Latency = 1> <II = 1> <Delay = 0.67> <Storage> <Opcode : 'load' 'store'> <Ports = 2> <Width = 32> <Depth = 16> <RAM>
ST_2 : Operation 630 [2/3] (0.99ns) (grouped into DSP with root node add_ln110_52)   --->   "%mul_ln110_52 = mul i32 %sext_ln110_64, i32 %sext_ln110_52_cast" [src/integrated-gcn/gemm_stage.cpp:110]   --->   Operation 630 'mul' 'mul_ln110_52' <Predicate = true> <Delay = 0.99> <CoreInst = "DSP48">   --->   Core 124 'DSP48' <Latency = 3> <II = 1> <Delay = 0.53> <IPBlock> <Opcode : 'add' 'sub' 'mul' 'select'> <InPorts = 0> <OutPorts = 1> <Sync> <CReg>
ST_2 : Operation 631 [1/1] (0.00ns)   --->   "%XW_block_52_addr = getelementptr i32 %XW_block_52, i64 0, i64 %zext_ln101" [src/integrated-gcn/gemm_stage.cpp:110]   --->   Operation 631 'getelementptr' 'XW_block_52_addr' <Predicate = true> <Delay = 0.00>
ST_2 : Operation 632 [2/2] (0.67ns)   --->   "%XW_block_52_load = load i4 %XW_block_52_addr" [src/integrated-gcn/gemm_stage.cpp:110]   --->   Operation 632 'load' 'XW_block_52_load' <Predicate = true> <Delay = 0.67> <CoreInst = "RAM">   --->   Core 82 'RAM' <Latency = 1> <II = 1> <Delay = 0.67> <Storage> <Opcode : 'load' 'store'> <Ports = 2> <Width = 32> <Depth = 16> <RAM>
ST_2 : Operation 633 [2/3] (0.99ns) (grouped into DSP with root node add_ln110_53)   --->   "%mul_ln110_53 = mul i32 %sext_ln110_64, i32 %sext_ln110_53_cast" [src/integrated-gcn/gemm_stage.cpp:110]   --->   Operation 633 'mul' 'mul_ln110_53' <Predicate = true> <Delay = 0.99> <CoreInst = "DSP48">   --->   Core 124 'DSP48' <Latency = 3> <II = 1> <Delay = 0.53> <IPBlock> <Opcode : 'add' 'sub' 'mul' 'select'> <InPorts = 0> <OutPorts = 1> <Sync> <CReg>
ST_2 : Operation 634 [1/1] (0.00ns)   --->   "%XW_block_53_addr = getelementptr i32 %XW_block_53, i64 0, i64 %zext_ln101" [src/integrated-gcn/gemm_stage.cpp:110]   --->   Operation 634 'getelementptr' 'XW_block_53_addr' <Predicate = true> <Delay = 0.00>
ST_2 : Operation 635 [2/2] (0.67ns)   --->   "%XW_block_53_load = load i4 %XW_block_53_addr" [src/integrated-gcn/gemm_stage.cpp:110]   --->   Operation 635 'load' 'XW_block_53_load' <Predicate = true> <Delay = 0.67> <CoreInst = "RAM">   --->   Core 82 'RAM' <Latency = 1> <II = 1> <Delay = 0.67> <Storage> <Opcode : 'load' 'store'> <Ports = 2> <Width = 32> <Depth = 16> <RAM>
ST_2 : Operation 636 [2/3] (0.99ns) (grouped into DSP with root node add_ln110_54)   --->   "%mul_ln110_54 = mul i32 %sext_ln110_64, i32 %sext_ln110_54_cast" [src/integrated-gcn/gemm_stage.cpp:110]   --->   Operation 636 'mul' 'mul_ln110_54' <Predicate = true> <Delay = 0.99> <CoreInst = "DSP48">   --->   Core 124 'DSP48' <Latency = 3> <II = 1> <Delay = 0.53> <IPBlock> <Opcode : 'add' 'sub' 'mul' 'select'> <InPorts = 0> <OutPorts = 1> <Sync> <CReg>
ST_2 : Operation 637 [1/1] (0.00ns)   --->   "%XW_block_54_addr = getelementptr i32 %XW_block_54, i64 0, i64 %zext_ln101" [src/integrated-gcn/gemm_stage.cpp:110]   --->   Operation 637 'getelementptr' 'XW_block_54_addr' <Predicate = true> <Delay = 0.00>
ST_2 : Operation 638 [2/2] (0.67ns)   --->   "%XW_block_54_load = load i4 %XW_block_54_addr" [src/integrated-gcn/gemm_stage.cpp:110]   --->   Operation 638 'load' 'XW_block_54_load' <Predicate = true> <Delay = 0.67> <CoreInst = "RAM">   --->   Core 82 'RAM' <Latency = 1> <II = 1> <Delay = 0.67> <Storage> <Opcode : 'load' 'store'> <Ports = 2> <Width = 32> <Depth = 16> <RAM>
ST_2 : Operation 639 [2/3] (0.99ns) (grouped into DSP with root node add_ln110_55)   --->   "%mul_ln110_55 = mul i32 %sext_ln110_64, i32 %sext_ln110_55_cast" [src/integrated-gcn/gemm_stage.cpp:110]   --->   Operation 639 'mul' 'mul_ln110_55' <Predicate = true> <Delay = 0.99> <CoreInst = "DSP48">   --->   Core 124 'DSP48' <Latency = 3> <II = 1> <Delay = 0.53> <IPBlock> <Opcode : 'add' 'sub' 'mul' 'select'> <InPorts = 0> <OutPorts = 1> <Sync> <CReg>
ST_2 : Operation 640 [1/1] (0.00ns)   --->   "%XW_block_55_addr = getelementptr i32 %XW_block_55, i64 0, i64 %zext_ln101" [src/integrated-gcn/gemm_stage.cpp:110]   --->   Operation 640 'getelementptr' 'XW_block_55_addr' <Predicate = true> <Delay = 0.00>
ST_2 : Operation 641 [2/2] (0.67ns)   --->   "%XW_block_55_load = load i4 %XW_block_55_addr" [src/integrated-gcn/gemm_stage.cpp:110]   --->   Operation 641 'load' 'XW_block_55_load' <Predicate = true> <Delay = 0.67> <CoreInst = "RAM">   --->   Core 82 'RAM' <Latency = 1> <II = 1> <Delay = 0.67> <Storage> <Opcode : 'load' 'store'> <Ports = 2> <Width = 32> <Depth = 16> <RAM>
ST_2 : Operation 642 [2/3] (0.99ns) (grouped into DSP with root node add_ln110_56)   --->   "%mul_ln110_56 = mul i32 %sext_ln110_64, i32 %sext_ln110_56_cast" [src/integrated-gcn/gemm_stage.cpp:110]   --->   Operation 642 'mul' 'mul_ln110_56' <Predicate = true> <Delay = 0.99> <CoreInst = "DSP48">   --->   Core 124 'DSP48' <Latency = 3> <II = 1> <Delay = 0.53> <IPBlock> <Opcode : 'add' 'sub' 'mul' 'select'> <InPorts = 0> <OutPorts = 1> <Sync> <CReg>
ST_2 : Operation 643 [1/1] (0.00ns)   --->   "%XW_block_56_addr = getelementptr i32 %XW_block_56, i64 0, i64 %zext_ln101" [src/integrated-gcn/gemm_stage.cpp:110]   --->   Operation 643 'getelementptr' 'XW_block_56_addr' <Predicate = true> <Delay = 0.00>
ST_2 : Operation 644 [2/2] (0.67ns)   --->   "%XW_block_56_load = load i4 %XW_block_56_addr" [src/integrated-gcn/gemm_stage.cpp:110]   --->   Operation 644 'load' 'XW_block_56_load' <Predicate = true> <Delay = 0.67> <CoreInst = "RAM">   --->   Core 82 'RAM' <Latency = 1> <II = 1> <Delay = 0.67> <Storage> <Opcode : 'load' 'store'> <Ports = 2> <Width = 32> <Depth = 16> <RAM>
ST_2 : Operation 645 [2/3] (0.99ns) (grouped into DSP with root node add_ln110_57)   --->   "%mul_ln110_57 = mul i32 %sext_ln110_64, i32 %sext_ln110_57_cast" [src/integrated-gcn/gemm_stage.cpp:110]   --->   Operation 645 'mul' 'mul_ln110_57' <Predicate = true> <Delay = 0.99> <CoreInst = "DSP48">   --->   Core 124 'DSP48' <Latency = 3> <II = 1> <Delay = 0.53> <IPBlock> <Opcode : 'add' 'sub' 'mul' 'select'> <InPorts = 0> <OutPorts = 1> <Sync> <CReg>
ST_2 : Operation 646 [1/1] (0.00ns)   --->   "%XW_block_57_addr = getelementptr i32 %XW_block_57, i64 0, i64 %zext_ln101" [src/integrated-gcn/gemm_stage.cpp:110]   --->   Operation 646 'getelementptr' 'XW_block_57_addr' <Predicate = true> <Delay = 0.00>
ST_2 : Operation 647 [2/2] (0.67ns)   --->   "%XW_block_57_load = load i4 %XW_block_57_addr" [src/integrated-gcn/gemm_stage.cpp:110]   --->   Operation 647 'load' 'XW_block_57_load' <Predicate = true> <Delay = 0.67> <CoreInst = "RAM">   --->   Core 82 'RAM' <Latency = 1> <II = 1> <Delay = 0.67> <Storage> <Opcode : 'load' 'store'> <Ports = 2> <Width = 32> <Depth = 16> <RAM>
ST_2 : Operation 648 [2/3] (0.99ns) (grouped into DSP with root node add_ln110_58)   --->   "%mul_ln110_58 = mul i32 %sext_ln110_64, i32 %sext_ln110_58_cast" [src/integrated-gcn/gemm_stage.cpp:110]   --->   Operation 648 'mul' 'mul_ln110_58' <Predicate = true> <Delay = 0.99> <CoreInst = "DSP48">   --->   Core 124 'DSP48' <Latency = 3> <II = 1> <Delay = 0.53> <IPBlock> <Opcode : 'add' 'sub' 'mul' 'select'> <InPorts = 0> <OutPorts = 1> <Sync> <CReg>
ST_2 : Operation 649 [1/1] (0.00ns)   --->   "%XW_block_58_addr = getelementptr i32 %XW_block_58, i64 0, i64 %zext_ln101" [src/integrated-gcn/gemm_stage.cpp:110]   --->   Operation 649 'getelementptr' 'XW_block_58_addr' <Predicate = true> <Delay = 0.00>
ST_2 : Operation 650 [2/2] (0.67ns)   --->   "%XW_block_58_load = load i4 %XW_block_58_addr" [src/integrated-gcn/gemm_stage.cpp:110]   --->   Operation 650 'load' 'XW_block_58_load' <Predicate = true> <Delay = 0.67> <CoreInst = "RAM">   --->   Core 82 'RAM' <Latency = 1> <II = 1> <Delay = 0.67> <Storage> <Opcode : 'load' 'store'> <Ports = 2> <Width = 32> <Depth = 16> <RAM>
ST_2 : Operation 651 [2/3] (0.99ns) (grouped into DSP with root node add_ln110_59)   --->   "%mul_ln110_59 = mul i32 %sext_ln110_64, i32 %sext_ln110_59_cast" [src/integrated-gcn/gemm_stage.cpp:110]   --->   Operation 651 'mul' 'mul_ln110_59' <Predicate = true> <Delay = 0.99> <CoreInst = "DSP48">   --->   Core 124 'DSP48' <Latency = 3> <II = 1> <Delay = 0.53> <IPBlock> <Opcode : 'add' 'sub' 'mul' 'select'> <InPorts = 0> <OutPorts = 1> <Sync> <CReg>
ST_2 : Operation 652 [1/1] (0.00ns)   --->   "%XW_block_59_addr = getelementptr i32 %XW_block_59, i64 0, i64 %zext_ln101" [src/integrated-gcn/gemm_stage.cpp:110]   --->   Operation 652 'getelementptr' 'XW_block_59_addr' <Predicate = true> <Delay = 0.00>
ST_2 : Operation 653 [2/2] (0.67ns)   --->   "%XW_block_59_load = load i4 %XW_block_59_addr" [src/integrated-gcn/gemm_stage.cpp:110]   --->   Operation 653 'load' 'XW_block_59_load' <Predicate = true> <Delay = 0.67> <CoreInst = "RAM">   --->   Core 82 'RAM' <Latency = 1> <II = 1> <Delay = 0.67> <Storage> <Opcode : 'load' 'store'> <Ports = 2> <Width = 32> <Depth = 16> <RAM>
ST_2 : Operation 654 [2/3] (0.99ns) (grouped into DSP with root node add_ln110_60)   --->   "%mul_ln110_60 = mul i32 %sext_ln110_64, i32 %sext_ln110_60_cast" [src/integrated-gcn/gemm_stage.cpp:110]   --->   Operation 654 'mul' 'mul_ln110_60' <Predicate = true> <Delay = 0.99> <CoreInst = "DSP48">   --->   Core 124 'DSP48' <Latency = 3> <II = 1> <Delay = 0.53> <IPBlock> <Opcode : 'add' 'sub' 'mul' 'select'> <InPorts = 0> <OutPorts = 1> <Sync> <CReg>
ST_2 : Operation 655 [1/1] (0.00ns)   --->   "%XW_block_60_addr = getelementptr i32 %XW_block_60, i64 0, i64 %zext_ln101" [src/integrated-gcn/gemm_stage.cpp:110]   --->   Operation 655 'getelementptr' 'XW_block_60_addr' <Predicate = true> <Delay = 0.00>
ST_2 : Operation 656 [2/2] (0.67ns)   --->   "%XW_block_60_load = load i4 %XW_block_60_addr" [src/integrated-gcn/gemm_stage.cpp:110]   --->   Operation 656 'load' 'XW_block_60_load' <Predicate = true> <Delay = 0.67> <CoreInst = "RAM">   --->   Core 82 'RAM' <Latency = 1> <II = 1> <Delay = 0.67> <Storage> <Opcode : 'load' 'store'> <Ports = 2> <Width = 32> <Depth = 16> <RAM>
ST_2 : Operation 657 [2/3] (0.99ns) (grouped into DSP with root node add_ln110_61)   --->   "%mul_ln110_61 = mul i32 %sext_ln110_64, i32 %sext_ln110_61_cast" [src/integrated-gcn/gemm_stage.cpp:110]   --->   Operation 657 'mul' 'mul_ln110_61' <Predicate = true> <Delay = 0.99> <CoreInst = "DSP48">   --->   Core 124 'DSP48' <Latency = 3> <II = 1> <Delay = 0.53> <IPBlock> <Opcode : 'add' 'sub' 'mul' 'select'> <InPorts = 0> <OutPorts = 1> <Sync> <CReg>
ST_2 : Operation 658 [1/1] (0.00ns)   --->   "%XW_block_61_addr = getelementptr i32 %XW_block_61, i64 0, i64 %zext_ln101" [src/integrated-gcn/gemm_stage.cpp:110]   --->   Operation 658 'getelementptr' 'XW_block_61_addr' <Predicate = true> <Delay = 0.00>
ST_2 : Operation 659 [2/2] (0.67ns)   --->   "%XW_block_61_load = load i4 %XW_block_61_addr" [src/integrated-gcn/gemm_stage.cpp:110]   --->   Operation 659 'load' 'XW_block_61_load' <Predicate = true> <Delay = 0.67> <CoreInst = "RAM">   --->   Core 82 'RAM' <Latency = 1> <II = 1> <Delay = 0.67> <Storage> <Opcode : 'load' 'store'> <Ports = 2> <Width = 32> <Depth = 16> <RAM>
ST_2 : Operation 660 [2/3] (0.99ns) (grouped into DSP with root node add_ln110_62)   --->   "%mul_ln110_62 = mul i32 %sext_ln110_64, i32 %sext_ln110_62_cast" [src/integrated-gcn/gemm_stage.cpp:110]   --->   Operation 660 'mul' 'mul_ln110_62' <Predicate = true> <Delay = 0.99> <CoreInst = "DSP48">   --->   Core 124 'DSP48' <Latency = 3> <II = 1> <Delay = 0.53> <IPBlock> <Opcode : 'add' 'sub' 'mul' 'select'> <InPorts = 0> <OutPorts = 1> <Sync> <CReg>
ST_2 : Operation 661 [1/1] (0.00ns)   --->   "%XW_block_62_addr = getelementptr i32 %XW_block_62, i64 0, i64 %zext_ln101" [src/integrated-gcn/gemm_stage.cpp:110]   --->   Operation 661 'getelementptr' 'XW_block_62_addr' <Predicate = true> <Delay = 0.00>
ST_2 : Operation 662 [2/2] (0.67ns)   --->   "%XW_block_62_load = load i4 %XW_block_62_addr" [src/integrated-gcn/gemm_stage.cpp:110]   --->   Operation 662 'load' 'XW_block_62_load' <Predicate = true> <Delay = 0.67> <CoreInst = "RAM">   --->   Core 82 'RAM' <Latency = 1> <II = 1> <Delay = 0.67> <Storage> <Opcode : 'load' 'store'> <Ports = 2> <Width = 32> <Depth = 16> <RAM>
ST_2 : Operation 663 [2/3] (0.99ns) (grouped into DSP with root node add_ln110_63)   --->   "%mul_ln110_63 = mul i32 %sext_ln110_64, i32 %sext_ln110_63_cast" [src/integrated-gcn/gemm_stage.cpp:110]   --->   Operation 663 'mul' 'mul_ln110_63' <Predicate = true> <Delay = 0.99> <CoreInst = "DSP48">   --->   Core 124 'DSP48' <Latency = 3> <II = 1> <Delay = 0.53> <IPBlock> <Opcode : 'add' 'sub' 'mul' 'select'> <InPorts = 0> <OutPorts = 1> <Sync> <CReg>
ST_2 : Operation 664 [1/1] (0.00ns)   --->   "%XW_block_63_addr = getelementptr i32 %XW_block_63, i64 0, i64 %zext_ln101" [src/integrated-gcn/gemm_stage.cpp:110]   --->   Operation 664 'getelementptr' 'XW_block_63_addr' <Predicate = true> <Delay = 0.00>
ST_2 : Operation 665 [2/2] (0.67ns)   --->   "%XW_block_63_load = load i4 %XW_block_63_addr" [src/integrated-gcn/gemm_stage.cpp:110]   --->   Operation 665 'load' 'XW_block_63_load' <Predicate = true> <Delay = 0.67> <CoreInst = "RAM">   --->   Core 82 'RAM' <Latency = 1> <II = 1> <Delay = 0.67> <Storage> <Opcode : 'load' 'store'> <Ports = 2> <Width = 32> <Depth = 16> <RAM>
ST_2 : Operation 666 [2/3] (0.99ns) (grouped into DSP with root node add_ln110_64)   --->   "%mul_ln110_64 = mul i32 %sext_ln110_65, i32 %sext_ln110_cast" [src/integrated-gcn/gemm_stage.cpp:110]   --->   Operation 666 'mul' 'mul_ln110_64' <Predicate = true> <Delay = 0.99> <CoreInst = "DSP48">   --->   Core 124 'DSP48' <Latency = 3> <II = 1> <Delay = 0.53> <IPBlock> <Opcode : 'add' 'sub' 'mul' 'select'> <InPorts = 0> <OutPorts = 1> <Sync> <CReg>
ST_2 : Operation 667 [1/1] (0.00ns)   --->   "%XW_block_64_addr = getelementptr i32 %XW_block_64, i64 0, i64 %zext_ln101" [src/integrated-gcn/gemm_stage.cpp:110]   --->   Operation 667 'getelementptr' 'XW_block_64_addr' <Predicate = true> <Delay = 0.00>
ST_2 : Operation 668 [2/2] (0.67ns)   --->   "%XW_block_64_load = load i4 %XW_block_64_addr" [src/integrated-gcn/gemm_stage.cpp:110]   --->   Operation 668 'load' 'XW_block_64_load' <Predicate = true> <Delay = 0.67> <CoreInst = "RAM">   --->   Core 82 'RAM' <Latency = 1> <II = 1> <Delay = 0.67> <Storage> <Opcode : 'load' 'store'> <Ports = 2> <Width = 32> <Depth = 16> <RAM>
ST_2 : Operation 669 [2/3] (0.99ns) (grouped into DSP with root node add_ln110_65)   --->   "%mul_ln110_65 = mul i32 %sext_ln110_65, i32 %sext_ln110_1_cast" [src/integrated-gcn/gemm_stage.cpp:110]   --->   Operation 669 'mul' 'mul_ln110_65' <Predicate = true> <Delay = 0.99> <CoreInst = "DSP48">   --->   Core 124 'DSP48' <Latency = 3> <II = 1> <Delay = 0.53> <IPBlock> <Opcode : 'add' 'sub' 'mul' 'select'> <InPorts = 0> <OutPorts = 1> <Sync> <CReg>
ST_2 : Operation 670 [1/1] (0.00ns)   --->   "%XW_block_65_addr = getelementptr i32 %XW_block_65, i64 0, i64 %zext_ln101" [src/integrated-gcn/gemm_stage.cpp:110]   --->   Operation 670 'getelementptr' 'XW_block_65_addr' <Predicate = true> <Delay = 0.00>
ST_2 : Operation 671 [2/2] (0.67ns)   --->   "%XW_block_65_load = load i4 %XW_block_65_addr" [src/integrated-gcn/gemm_stage.cpp:110]   --->   Operation 671 'load' 'XW_block_65_load' <Predicate = true> <Delay = 0.67> <CoreInst = "RAM">   --->   Core 82 'RAM' <Latency = 1> <II = 1> <Delay = 0.67> <Storage> <Opcode : 'load' 'store'> <Ports = 2> <Width = 32> <Depth = 16> <RAM>
ST_2 : Operation 672 [2/3] (0.99ns) (grouped into DSP with root node add_ln110_66)   --->   "%mul_ln110_66 = mul i32 %sext_ln110_65, i32 %sext_ln110_2_cast" [src/integrated-gcn/gemm_stage.cpp:110]   --->   Operation 672 'mul' 'mul_ln110_66' <Predicate = true> <Delay = 0.99> <CoreInst = "DSP48">   --->   Core 124 'DSP48' <Latency = 3> <II = 1> <Delay = 0.53> <IPBlock> <Opcode : 'add' 'sub' 'mul' 'select'> <InPorts = 0> <OutPorts = 1> <Sync> <CReg>
ST_2 : Operation 673 [1/1] (0.00ns)   --->   "%XW_block_66_addr = getelementptr i32 %XW_block_66, i64 0, i64 %zext_ln101" [src/integrated-gcn/gemm_stage.cpp:110]   --->   Operation 673 'getelementptr' 'XW_block_66_addr' <Predicate = true> <Delay = 0.00>
ST_2 : Operation 674 [2/2] (0.67ns)   --->   "%XW_block_66_load = load i4 %XW_block_66_addr" [src/integrated-gcn/gemm_stage.cpp:110]   --->   Operation 674 'load' 'XW_block_66_load' <Predicate = true> <Delay = 0.67> <CoreInst = "RAM">   --->   Core 82 'RAM' <Latency = 1> <II = 1> <Delay = 0.67> <Storage> <Opcode : 'load' 'store'> <Ports = 2> <Width = 32> <Depth = 16> <RAM>
ST_2 : Operation 675 [2/3] (0.99ns) (grouped into DSP with root node add_ln110_67)   --->   "%mul_ln110_67 = mul i32 %sext_ln110_65, i32 %sext_ln110_3_cast" [src/integrated-gcn/gemm_stage.cpp:110]   --->   Operation 675 'mul' 'mul_ln110_67' <Predicate = true> <Delay = 0.99> <CoreInst = "DSP48">   --->   Core 124 'DSP48' <Latency = 3> <II = 1> <Delay = 0.53> <IPBlock> <Opcode : 'add' 'sub' 'mul' 'select'> <InPorts = 0> <OutPorts = 1> <Sync> <CReg>
ST_2 : Operation 676 [1/1] (0.00ns)   --->   "%XW_block_67_addr = getelementptr i32 %XW_block_67, i64 0, i64 %zext_ln101" [src/integrated-gcn/gemm_stage.cpp:110]   --->   Operation 676 'getelementptr' 'XW_block_67_addr' <Predicate = true> <Delay = 0.00>
ST_2 : Operation 677 [2/2] (0.67ns)   --->   "%XW_block_67_load = load i4 %XW_block_67_addr" [src/integrated-gcn/gemm_stage.cpp:110]   --->   Operation 677 'load' 'XW_block_67_load' <Predicate = true> <Delay = 0.67> <CoreInst = "RAM">   --->   Core 82 'RAM' <Latency = 1> <II = 1> <Delay = 0.67> <Storage> <Opcode : 'load' 'store'> <Ports = 2> <Width = 32> <Depth = 16> <RAM>
ST_2 : Operation 678 [2/3] (0.99ns) (grouped into DSP with root node add_ln110_68)   --->   "%mul_ln110_68 = mul i32 %sext_ln110_65, i32 %sext_ln110_4_cast" [src/integrated-gcn/gemm_stage.cpp:110]   --->   Operation 678 'mul' 'mul_ln110_68' <Predicate = true> <Delay = 0.99> <CoreInst = "DSP48">   --->   Core 124 'DSP48' <Latency = 3> <II = 1> <Delay = 0.53> <IPBlock> <Opcode : 'add' 'sub' 'mul' 'select'> <InPorts = 0> <OutPorts = 1> <Sync> <CReg>
ST_2 : Operation 679 [1/1] (0.00ns)   --->   "%XW_block_68_addr = getelementptr i32 %XW_block_68, i64 0, i64 %zext_ln101" [src/integrated-gcn/gemm_stage.cpp:110]   --->   Operation 679 'getelementptr' 'XW_block_68_addr' <Predicate = true> <Delay = 0.00>
ST_2 : Operation 680 [2/2] (0.67ns)   --->   "%XW_block_68_load = load i4 %XW_block_68_addr" [src/integrated-gcn/gemm_stage.cpp:110]   --->   Operation 680 'load' 'XW_block_68_load' <Predicate = true> <Delay = 0.67> <CoreInst = "RAM">   --->   Core 82 'RAM' <Latency = 1> <II = 1> <Delay = 0.67> <Storage> <Opcode : 'load' 'store'> <Ports = 2> <Width = 32> <Depth = 16> <RAM>
ST_2 : Operation 681 [2/3] (0.99ns) (grouped into DSP with root node add_ln110_69)   --->   "%mul_ln110_69 = mul i32 %sext_ln110_65, i32 %sext_ln110_5_cast" [src/integrated-gcn/gemm_stage.cpp:110]   --->   Operation 681 'mul' 'mul_ln110_69' <Predicate = true> <Delay = 0.99> <CoreInst = "DSP48">   --->   Core 124 'DSP48' <Latency = 3> <II = 1> <Delay = 0.53> <IPBlock> <Opcode : 'add' 'sub' 'mul' 'select'> <InPorts = 0> <OutPorts = 1> <Sync> <CReg>
ST_2 : Operation 682 [1/1] (0.00ns)   --->   "%XW_block_69_addr = getelementptr i32 %XW_block_69, i64 0, i64 %zext_ln101" [src/integrated-gcn/gemm_stage.cpp:110]   --->   Operation 682 'getelementptr' 'XW_block_69_addr' <Predicate = true> <Delay = 0.00>
ST_2 : Operation 683 [2/2] (0.67ns)   --->   "%XW_block_69_load = load i4 %XW_block_69_addr" [src/integrated-gcn/gemm_stage.cpp:110]   --->   Operation 683 'load' 'XW_block_69_load' <Predicate = true> <Delay = 0.67> <CoreInst = "RAM">   --->   Core 82 'RAM' <Latency = 1> <II = 1> <Delay = 0.67> <Storage> <Opcode : 'load' 'store'> <Ports = 2> <Width = 32> <Depth = 16> <RAM>
ST_2 : Operation 684 [2/3] (0.99ns) (grouped into DSP with root node add_ln110_70)   --->   "%mul_ln110_70 = mul i32 %sext_ln110_65, i32 %sext_ln110_6_cast" [src/integrated-gcn/gemm_stage.cpp:110]   --->   Operation 684 'mul' 'mul_ln110_70' <Predicate = true> <Delay = 0.99> <CoreInst = "DSP48">   --->   Core 124 'DSP48' <Latency = 3> <II = 1> <Delay = 0.53> <IPBlock> <Opcode : 'add' 'sub' 'mul' 'select'> <InPorts = 0> <OutPorts = 1> <Sync> <CReg>
ST_2 : Operation 685 [1/1] (0.00ns)   --->   "%XW_block_70_addr = getelementptr i32 %XW_block_70, i64 0, i64 %zext_ln101" [src/integrated-gcn/gemm_stage.cpp:110]   --->   Operation 685 'getelementptr' 'XW_block_70_addr' <Predicate = true> <Delay = 0.00>
ST_2 : Operation 686 [2/2] (0.67ns)   --->   "%XW_block_70_load = load i4 %XW_block_70_addr" [src/integrated-gcn/gemm_stage.cpp:110]   --->   Operation 686 'load' 'XW_block_70_load' <Predicate = true> <Delay = 0.67> <CoreInst = "RAM">   --->   Core 82 'RAM' <Latency = 1> <II = 1> <Delay = 0.67> <Storage> <Opcode : 'load' 'store'> <Ports = 2> <Width = 32> <Depth = 16> <RAM>
ST_2 : Operation 687 [2/3] (0.99ns) (grouped into DSP with root node add_ln110_71)   --->   "%mul_ln110_71 = mul i32 %sext_ln110_65, i32 %sext_ln110_7_cast" [src/integrated-gcn/gemm_stage.cpp:110]   --->   Operation 687 'mul' 'mul_ln110_71' <Predicate = true> <Delay = 0.99> <CoreInst = "DSP48">   --->   Core 124 'DSP48' <Latency = 3> <II = 1> <Delay = 0.53> <IPBlock> <Opcode : 'add' 'sub' 'mul' 'select'> <InPorts = 0> <OutPorts = 1> <Sync> <CReg>
ST_2 : Operation 688 [1/1] (0.00ns)   --->   "%XW_block_71_addr = getelementptr i32 %XW_block_71, i64 0, i64 %zext_ln101" [src/integrated-gcn/gemm_stage.cpp:110]   --->   Operation 688 'getelementptr' 'XW_block_71_addr' <Predicate = true> <Delay = 0.00>
ST_2 : Operation 689 [2/2] (0.67ns)   --->   "%XW_block_71_load = load i4 %XW_block_71_addr" [src/integrated-gcn/gemm_stage.cpp:110]   --->   Operation 689 'load' 'XW_block_71_load' <Predicate = true> <Delay = 0.67> <CoreInst = "RAM">   --->   Core 82 'RAM' <Latency = 1> <II = 1> <Delay = 0.67> <Storage> <Opcode : 'load' 'store'> <Ports = 2> <Width = 32> <Depth = 16> <RAM>
ST_2 : Operation 690 [2/3] (0.99ns) (grouped into DSP with root node add_ln110_72)   --->   "%mul_ln110_72 = mul i32 %sext_ln110_65, i32 %sext_ln110_8_cast" [src/integrated-gcn/gemm_stage.cpp:110]   --->   Operation 690 'mul' 'mul_ln110_72' <Predicate = true> <Delay = 0.99> <CoreInst = "DSP48">   --->   Core 124 'DSP48' <Latency = 3> <II = 1> <Delay = 0.53> <IPBlock> <Opcode : 'add' 'sub' 'mul' 'select'> <InPorts = 0> <OutPorts = 1> <Sync> <CReg>
ST_2 : Operation 691 [1/1] (0.00ns)   --->   "%XW_block_72_addr = getelementptr i32 %XW_block_72, i64 0, i64 %zext_ln101" [src/integrated-gcn/gemm_stage.cpp:110]   --->   Operation 691 'getelementptr' 'XW_block_72_addr' <Predicate = true> <Delay = 0.00>
ST_2 : Operation 692 [2/2] (0.67ns)   --->   "%XW_block_72_load = load i4 %XW_block_72_addr" [src/integrated-gcn/gemm_stage.cpp:110]   --->   Operation 692 'load' 'XW_block_72_load' <Predicate = true> <Delay = 0.67> <CoreInst = "RAM">   --->   Core 82 'RAM' <Latency = 1> <II = 1> <Delay = 0.67> <Storage> <Opcode : 'load' 'store'> <Ports = 2> <Width = 32> <Depth = 16> <RAM>
ST_2 : Operation 693 [2/3] (0.99ns) (grouped into DSP with root node add_ln110_73)   --->   "%mul_ln110_73 = mul i32 %sext_ln110_65, i32 %sext_ln110_9_cast" [src/integrated-gcn/gemm_stage.cpp:110]   --->   Operation 693 'mul' 'mul_ln110_73' <Predicate = true> <Delay = 0.99> <CoreInst = "DSP48">   --->   Core 124 'DSP48' <Latency = 3> <II = 1> <Delay = 0.53> <IPBlock> <Opcode : 'add' 'sub' 'mul' 'select'> <InPorts = 0> <OutPorts = 1> <Sync> <CReg>
ST_2 : Operation 694 [1/1] (0.00ns)   --->   "%XW_block_73_addr = getelementptr i32 %XW_block_73, i64 0, i64 %zext_ln101" [src/integrated-gcn/gemm_stage.cpp:110]   --->   Operation 694 'getelementptr' 'XW_block_73_addr' <Predicate = true> <Delay = 0.00>
ST_2 : Operation 695 [2/2] (0.67ns)   --->   "%XW_block_73_load = load i4 %XW_block_73_addr" [src/integrated-gcn/gemm_stage.cpp:110]   --->   Operation 695 'load' 'XW_block_73_load' <Predicate = true> <Delay = 0.67> <CoreInst = "RAM">   --->   Core 82 'RAM' <Latency = 1> <II = 1> <Delay = 0.67> <Storage> <Opcode : 'load' 'store'> <Ports = 2> <Width = 32> <Depth = 16> <RAM>
ST_2 : Operation 696 [2/3] (0.99ns) (grouped into DSP with root node add_ln110_74)   --->   "%mul_ln110_74 = mul i32 %sext_ln110_65, i32 %sext_ln110_10_cast" [src/integrated-gcn/gemm_stage.cpp:110]   --->   Operation 696 'mul' 'mul_ln110_74' <Predicate = true> <Delay = 0.99> <CoreInst = "DSP48">   --->   Core 124 'DSP48' <Latency = 3> <II = 1> <Delay = 0.53> <IPBlock> <Opcode : 'add' 'sub' 'mul' 'select'> <InPorts = 0> <OutPorts = 1> <Sync> <CReg>
ST_2 : Operation 697 [1/1] (0.00ns)   --->   "%XW_block_74_addr = getelementptr i32 %XW_block_74, i64 0, i64 %zext_ln101" [src/integrated-gcn/gemm_stage.cpp:110]   --->   Operation 697 'getelementptr' 'XW_block_74_addr' <Predicate = true> <Delay = 0.00>
ST_2 : Operation 698 [2/2] (0.67ns)   --->   "%XW_block_74_load = load i4 %XW_block_74_addr" [src/integrated-gcn/gemm_stage.cpp:110]   --->   Operation 698 'load' 'XW_block_74_load' <Predicate = true> <Delay = 0.67> <CoreInst = "RAM">   --->   Core 82 'RAM' <Latency = 1> <II = 1> <Delay = 0.67> <Storage> <Opcode : 'load' 'store'> <Ports = 2> <Width = 32> <Depth = 16> <RAM>
ST_2 : Operation 699 [2/3] (0.99ns) (grouped into DSP with root node add_ln110_75)   --->   "%mul_ln110_75 = mul i32 %sext_ln110_65, i32 %sext_ln110_11_cast" [src/integrated-gcn/gemm_stage.cpp:110]   --->   Operation 699 'mul' 'mul_ln110_75' <Predicate = true> <Delay = 0.99> <CoreInst = "DSP48">   --->   Core 124 'DSP48' <Latency = 3> <II = 1> <Delay = 0.53> <IPBlock> <Opcode : 'add' 'sub' 'mul' 'select'> <InPorts = 0> <OutPorts = 1> <Sync> <CReg>
ST_2 : Operation 700 [1/1] (0.00ns)   --->   "%XW_block_75_addr = getelementptr i32 %XW_block_75, i64 0, i64 %zext_ln101" [src/integrated-gcn/gemm_stage.cpp:110]   --->   Operation 700 'getelementptr' 'XW_block_75_addr' <Predicate = true> <Delay = 0.00>
ST_2 : Operation 701 [2/2] (0.67ns)   --->   "%XW_block_75_load = load i4 %XW_block_75_addr" [src/integrated-gcn/gemm_stage.cpp:110]   --->   Operation 701 'load' 'XW_block_75_load' <Predicate = true> <Delay = 0.67> <CoreInst = "RAM">   --->   Core 82 'RAM' <Latency = 1> <II = 1> <Delay = 0.67> <Storage> <Opcode : 'load' 'store'> <Ports = 2> <Width = 32> <Depth = 16> <RAM>
ST_2 : Operation 702 [2/3] (0.99ns) (grouped into DSP with root node add_ln110_76)   --->   "%mul_ln110_76 = mul i32 %sext_ln110_65, i32 %sext_ln110_12_cast" [src/integrated-gcn/gemm_stage.cpp:110]   --->   Operation 702 'mul' 'mul_ln110_76' <Predicate = true> <Delay = 0.99> <CoreInst = "DSP48">   --->   Core 124 'DSP48' <Latency = 3> <II = 1> <Delay = 0.53> <IPBlock> <Opcode : 'add' 'sub' 'mul' 'select'> <InPorts = 0> <OutPorts = 1> <Sync> <CReg>
ST_2 : Operation 703 [1/1] (0.00ns)   --->   "%XW_block_76_addr = getelementptr i32 %XW_block_76, i64 0, i64 %zext_ln101" [src/integrated-gcn/gemm_stage.cpp:110]   --->   Operation 703 'getelementptr' 'XW_block_76_addr' <Predicate = true> <Delay = 0.00>
ST_2 : Operation 704 [2/2] (0.67ns)   --->   "%XW_block_76_load = load i4 %XW_block_76_addr" [src/integrated-gcn/gemm_stage.cpp:110]   --->   Operation 704 'load' 'XW_block_76_load' <Predicate = true> <Delay = 0.67> <CoreInst = "RAM">   --->   Core 82 'RAM' <Latency = 1> <II = 1> <Delay = 0.67> <Storage> <Opcode : 'load' 'store'> <Ports = 2> <Width = 32> <Depth = 16> <RAM>
ST_2 : Operation 705 [2/3] (0.99ns) (grouped into DSP with root node add_ln110_77)   --->   "%mul_ln110_77 = mul i32 %sext_ln110_65, i32 %sext_ln110_13_cast" [src/integrated-gcn/gemm_stage.cpp:110]   --->   Operation 705 'mul' 'mul_ln110_77' <Predicate = true> <Delay = 0.99> <CoreInst = "DSP48">   --->   Core 124 'DSP48' <Latency = 3> <II = 1> <Delay = 0.53> <IPBlock> <Opcode : 'add' 'sub' 'mul' 'select'> <InPorts = 0> <OutPorts = 1> <Sync> <CReg>
ST_2 : Operation 706 [1/1] (0.00ns)   --->   "%XW_block_77_addr = getelementptr i32 %XW_block_77, i64 0, i64 %zext_ln101" [src/integrated-gcn/gemm_stage.cpp:110]   --->   Operation 706 'getelementptr' 'XW_block_77_addr' <Predicate = true> <Delay = 0.00>
ST_2 : Operation 707 [2/2] (0.67ns)   --->   "%XW_block_77_load = load i4 %XW_block_77_addr" [src/integrated-gcn/gemm_stage.cpp:110]   --->   Operation 707 'load' 'XW_block_77_load' <Predicate = true> <Delay = 0.67> <CoreInst = "RAM">   --->   Core 82 'RAM' <Latency = 1> <II = 1> <Delay = 0.67> <Storage> <Opcode : 'load' 'store'> <Ports = 2> <Width = 32> <Depth = 16> <RAM>
ST_2 : Operation 708 [2/3] (0.99ns) (grouped into DSP with root node add_ln110_78)   --->   "%mul_ln110_78 = mul i32 %sext_ln110_65, i32 %sext_ln110_14_cast" [src/integrated-gcn/gemm_stage.cpp:110]   --->   Operation 708 'mul' 'mul_ln110_78' <Predicate = true> <Delay = 0.99> <CoreInst = "DSP48">   --->   Core 124 'DSP48' <Latency = 3> <II = 1> <Delay = 0.53> <IPBlock> <Opcode : 'add' 'sub' 'mul' 'select'> <InPorts = 0> <OutPorts = 1> <Sync> <CReg>
ST_2 : Operation 709 [1/1] (0.00ns)   --->   "%XW_block_78_addr = getelementptr i32 %XW_block_78, i64 0, i64 %zext_ln101" [src/integrated-gcn/gemm_stage.cpp:110]   --->   Operation 709 'getelementptr' 'XW_block_78_addr' <Predicate = true> <Delay = 0.00>
ST_2 : Operation 710 [2/2] (0.67ns)   --->   "%XW_block_78_load = load i4 %XW_block_78_addr" [src/integrated-gcn/gemm_stage.cpp:110]   --->   Operation 710 'load' 'XW_block_78_load' <Predicate = true> <Delay = 0.67> <CoreInst = "RAM">   --->   Core 82 'RAM' <Latency = 1> <II = 1> <Delay = 0.67> <Storage> <Opcode : 'load' 'store'> <Ports = 2> <Width = 32> <Depth = 16> <RAM>
ST_2 : Operation 711 [2/3] (0.99ns) (grouped into DSP with root node add_ln110_79)   --->   "%mul_ln110_79 = mul i32 %sext_ln110_65, i32 %sext_ln110_15_cast" [src/integrated-gcn/gemm_stage.cpp:110]   --->   Operation 711 'mul' 'mul_ln110_79' <Predicate = true> <Delay = 0.99> <CoreInst = "DSP48">   --->   Core 124 'DSP48' <Latency = 3> <II = 1> <Delay = 0.53> <IPBlock> <Opcode : 'add' 'sub' 'mul' 'select'> <InPorts = 0> <OutPorts = 1> <Sync> <CReg>
ST_2 : Operation 712 [1/1] (0.00ns)   --->   "%XW_block_79_addr = getelementptr i32 %XW_block_79, i64 0, i64 %zext_ln101" [src/integrated-gcn/gemm_stage.cpp:110]   --->   Operation 712 'getelementptr' 'XW_block_79_addr' <Predicate = true> <Delay = 0.00>
ST_2 : Operation 713 [2/2] (0.67ns)   --->   "%XW_block_79_load = load i4 %XW_block_79_addr" [src/integrated-gcn/gemm_stage.cpp:110]   --->   Operation 713 'load' 'XW_block_79_load' <Predicate = true> <Delay = 0.67> <CoreInst = "RAM">   --->   Core 82 'RAM' <Latency = 1> <II = 1> <Delay = 0.67> <Storage> <Opcode : 'load' 'store'> <Ports = 2> <Width = 32> <Depth = 16> <RAM>
ST_2 : Operation 714 [2/3] (0.99ns) (grouped into DSP with root node add_ln110_80)   --->   "%mul_ln110_80 = mul i32 %sext_ln110_65, i32 %sext_ln110_16_cast" [src/integrated-gcn/gemm_stage.cpp:110]   --->   Operation 714 'mul' 'mul_ln110_80' <Predicate = true> <Delay = 0.99> <CoreInst = "DSP48">   --->   Core 124 'DSP48' <Latency = 3> <II = 1> <Delay = 0.53> <IPBlock> <Opcode : 'add' 'sub' 'mul' 'select'> <InPorts = 0> <OutPorts = 1> <Sync> <CReg>
ST_2 : Operation 715 [1/1] (0.00ns)   --->   "%XW_block_80_addr = getelementptr i32 %XW_block_80, i64 0, i64 %zext_ln101" [src/integrated-gcn/gemm_stage.cpp:110]   --->   Operation 715 'getelementptr' 'XW_block_80_addr' <Predicate = true> <Delay = 0.00>
ST_2 : Operation 716 [2/2] (0.67ns)   --->   "%XW_block_80_load = load i4 %XW_block_80_addr" [src/integrated-gcn/gemm_stage.cpp:110]   --->   Operation 716 'load' 'XW_block_80_load' <Predicate = true> <Delay = 0.67> <CoreInst = "RAM">   --->   Core 82 'RAM' <Latency = 1> <II = 1> <Delay = 0.67> <Storage> <Opcode : 'load' 'store'> <Ports = 2> <Width = 32> <Depth = 16> <RAM>
ST_2 : Operation 717 [2/3] (0.99ns) (grouped into DSP with root node add_ln110_81)   --->   "%mul_ln110_81 = mul i32 %sext_ln110_65, i32 %sext_ln110_17_cast" [src/integrated-gcn/gemm_stage.cpp:110]   --->   Operation 717 'mul' 'mul_ln110_81' <Predicate = true> <Delay = 0.99> <CoreInst = "DSP48">   --->   Core 124 'DSP48' <Latency = 3> <II = 1> <Delay = 0.53> <IPBlock> <Opcode : 'add' 'sub' 'mul' 'select'> <InPorts = 0> <OutPorts = 1> <Sync> <CReg>
ST_2 : Operation 718 [1/1] (0.00ns)   --->   "%XW_block_81_addr = getelementptr i32 %XW_block_81, i64 0, i64 %zext_ln101" [src/integrated-gcn/gemm_stage.cpp:110]   --->   Operation 718 'getelementptr' 'XW_block_81_addr' <Predicate = true> <Delay = 0.00>
ST_2 : Operation 719 [2/2] (0.67ns)   --->   "%XW_block_81_load = load i4 %XW_block_81_addr" [src/integrated-gcn/gemm_stage.cpp:110]   --->   Operation 719 'load' 'XW_block_81_load' <Predicate = true> <Delay = 0.67> <CoreInst = "RAM">   --->   Core 82 'RAM' <Latency = 1> <II = 1> <Delay = 0.67> <Storage> <Opcode : 'load' 'store'> <Ports = 2> <Width = 32> <Depth = 16> <RAM>
ST_2 : Operation 720 [2/3] (0.99ns) (grouped into DSP with root node add_ln110_82)   --->   "%mul_ln110_82 = mul i32 %sext_ln110_65, i32 %sext_ln110_18_cast" [src/integrated-gcn/gemm_stage.cpp:110]   --->   Operation 720 'mul' 'mul_ln110_82' <Predicate = true> <Delay = 0.99> <CoreInst = "DSP48">   --->   Core 124 'DSP48' <Latency = 3> <II = 1> <Delay = 0.53> <IPBlock> <Opcode : 'add' 'sub' 'mul' 'select'> <InPorts = 0> <OutPorts = 1> <Sync> <CReg>
ST_2 : Operation 721 [1/1] (0.00ns)   --->   "%XW_block_82_addr = getelementptr i32 %XW_block_82, i64 0, i64 %zext_ln101" [src/integrated-gcn/gemm_stage.cpp:110]   --->   Operation 721 'getelementptr' 'XW_block_82_addr' <Predicate = true> <Delay = 0.00>
ST_2 : Operation 722 [2/2] (0.67ns)   --->   "%XW_block_82_load = load i4 %XW_block_82_addr" [src/integrated-gcn/gemm_stage.cpp:110]   --->   Operation 722 'load' 'XW_block_82_load' <Predicate = true> <Delay = 0.67> <CoreInst = "RAM">   --->   Core 82 'RAM' <Latency = 1> <II = 1> <Delay = 0.67> <Storage> <Opcode : 'load' 'store'> <Ports = 2> <Width = 32> <Depth = 16> <RAM>
ST_2 : Operation 723 [2/3] (0.99ns) (grouped into DSP with root node add_ln110_83)   --->   "%mul_ln110_83 = mul i32 %sext_ln110_65, i32 %sext_ln110_19_cast" [src/integrated-gcn/gemm_stage.cpp:110]   --->   Operation 723 'mul' 'mul_ln110_83' <Predicate = true> <Delay = 0.99> <CoreInst = "DSP48">   --->   Core 124 'DSP48' <Latency = 3> <II = 1> <Delay = 0.53> <IPBlock> <Opcode : 'add' 'sub' 'mul' 'select'> <InPorts = 0> <OutPorts = 1> <Sync> <CReg>
ST_2 : Operation 724 [1/1] (0.00ns)   --->   "%XW_block_83_addr = getelementptr i32 %XW_block_83, i64 0, i64 %zext_ln101" [src/integrated-gcn/gemm_stage.cpp:110]   --->   Operation 724 'getelementptr' 'XW_block_83_addr' <Predicate = true> <Delay = 0.00>
ST_2 : Operation 725 [2/2] (0.67ns)   --->   "%XW_block_83_load = load i4 %XW_block_83_addr" [src/integrated-gcn/gemm_stage.cpp:110]   --->   Operation 725 'load' 'XW_block_83_load' <Predicate = true> <Delay = 0.67> <CoreInst = "RAM">   --->   Core 82 'RAM' <Latency = 1> <II = 1> <Delay = 0.67> <Storage> <Opcode : 'load' 'store'> <Ports = 2> <Width = 32> <Depth = 16> <RAM>
ST_2 : Operation 726 [2/3] (0.99ns) (grouped into DSP with root node add_ln110_84)   --->   "%mul_ln110_84 = mul i32 %sext_ln110_65, i32 %sext_ln110_20_cast" [src/integrated-gcn/gemm_stage.cpp:110]   --->   Operation 726 'mul' 'mul_ln110_84' <Predicate = true> <Delay = 0.99> <CoreInst = "DSP48">   --->   Core 124 'DSP48' <Latency = 3> <II = 1> <Delay = 0.53> <IPBlock> <Opcode : 'add' 'sub' 'mul' 'select'> <InPorts = 0> <OutPorts = 1> <Sync> <CReg>
ST_2 : Operation 727 [1/1] (0.00ns)   --->   "%XW_block_84_addr = getelementptr i32 %XW_block_84, i64 0, i64 %zext_ln101" [src/integrated-gcn/gemm_stage.cpp:110]   --->   Operation 727 'getelementptr' 'XW_block_84_addr' <Predicate = true> <Delay = 0.00>
ST_2 : Operation 728 [2/2] (0.67ns)   --->   "%XW_block_84_load = load i4 %XW_block_84_addr" [src/integrated-gcn/gemm_stage.cpp:110]   --->   Operation 728 'load' 'XW_block_84_load' <Predicate = true> <Delay = 0.67> <CoreInst = "RAM">   --->   Core 82 'RAM' <Latency = 1> <II = 1> <Delay = 0.67> <Storage> <Opcode : 'load' 'store'> <Ports = 2> <Width = 32> <Depth = 16> <RAM>
ST_2 : Operation 729 [2/3] (0.99ns) (grouped into DSP with root node add_ln110_85)   --->   "%mul_ln110_85 = mul i32 %sext_ln110_65, i32 %sext_ln110_21_cast" [src/integrated-gcn/gemm_stage.cpp:110]   --->   Operation 729 'mul' 'mul_ln110_85' <Predicate = true> <Delay = 0.99> <CoreInst = "DSP48">   --->   Core 124 'DSP48' <Latency = 3> <II = 1> <Delay = 0.53> <IPBlock> <Opcode : 'add' 'sub' 'mul' 'select'> <InPorts = 0> <OutPorts = 1> <Sync> <CReg>
ST_2 : Operation 730 [1/1] (0.00ns)   --->   "%XW_block_85_addr = getelementptr i32 %XW_block_85, i64 0, i64 %zext_ln101" [src/integrated-gcn/gemm_stage.cpp:110]   --->   Operation 730 'getelementptr' 'XW_block_85_addr' <Predicate = true> <Delay = 0.00>
ST_2 : Operation 731 [2/2] (0.67ns)   --->   "%XW_block_85_load = load i4 %XW_block_85_addr" [src/integrated-gcn/gemm_stage.cpp:110]   --->   Operation 731 'load' 'XW_block_85_load' <Predicate = true> <Delay = 0.67> <CoreInst = "RAM">   --->   Core 82 'RAM' <Latency = 1> <II = 1> <Delay = 0.67> <Storage> <Opcode : 'load' 'store'> <Ports = 2> <Width = 32> <Depth = 16> <RAM>
ST_2 : Operation 732 [2/3] (0.99ns) (grouped into DSP with root node add_ln110_86)   --->   "%mul_ln110_86 = mul i32 %sext_ln110_65, i32 %sext_ln110_22_cast" [src/integrated-gcn/gemm_stage.cpp:110]   --->   Operation 732 'mul' 'mul_ln110_86' <Predicate = true> <Delay = 0.99> <CoreInst = "DSP48">   --->   Core 124 'DSP48' <Latency = 3> <II = 1> <Delay = 0.53> <IPBlock> <Opcode : 'add' 'sub' 'mul' 'select'> <InPorts = 0> <OutPorts = 1> <Sync> <CReg>
ST_2 : Operation 733 [1/1] (0.00ns)   --->   "%XW_block_86_addr = getelementptr i32 %XW_block_86, i64 0, i64 %zext_ln101" [src/integrated-gcn/gemm_stage.cpp:110]   --->   Operation 733 'getelementptr' 'XW_block_86_addr' <Predicate = true> <Delay = 0.00>
ST_2 : Operation 734 [2/2] (0.67ns)   --->   "%XW_block_86_load = load i4 %XW_block_86_addr" [src/integrated-gcn/gemm_stage.cpp:110]   --->   Operation 734 'load' 'XW_block_86_load' <Predicate = true> <Delay = 0.67> <CoreInst = "RAM">   --->   Core 82 'RAM' <Latency = 1> <II = 1> <Delay = 0.67> <Storage> <Opcode : 'load' 'store'> <Ports = 2> <Width = 32> <Depth = 16> <RAM>
ST_2 : Operation 735 [2/3] (0.99ns) (grouped into DSP with root node add_ln110_87)   --->   "%mul_ln110_87 = mul i32 %sext_ln110_65, i32 %sext_ln110_23_cast" [src/integrated-gcn/gemm_stage.cpp:110]   --->   Operation 735 'mul' 'mul_ln110_87' <Predicate = true> <Delay = 0.99> <CoreInst = "DSP48">   --->   Core 124 'DSP48' <Latency = 3> <II = 1> <Delay = 0.53> <IPBlock> <Opcode : 'add' 'sub' 'mul' 'select'> <InPorts = 0> <OutPorts = 1> <Sync> <CReg>
ST_2 : Operation 736 [1/1] (0.00ns)   --->   "%XW_block_87_addr = getelementptr i32 %XW_block_87, i64 0, i64 %zext_ln101" [src/integrated-gcn/gemm_stage.cpp:110]   --->   Operation 736 'getelementptr' 'XW_block_87_addr' <Predicate = true> <Delay = 0.00>
ST_2 : Operation 737 [2/2] (0.67ns)   --->   "%XW_block_87_load = load i4 %XW_block_87_addr" [src/integrated-gcn/gemm_stage.cpp:110]   --->   Operation 737 'load' 'XW_block_87_load' <Predicate = true> <Delay = 0.67> <CoreInst = "RAM">   --->   Core 82 'RAM' <Latency = 1> <II = 1> <Delay = 0.67> <Storage> <Opcode : 'load' 'store'> <Ports = 2> <Width = 32> <Depth = 16> <RAM>
ST_2 : Operation 738 [2/3] (0.99ns) (grouped into DSP with root node add_ln110_88)   --->   "%mul_ln110_88 = mul i32 %sext_ln110_65, i32 %sext_ln110_24_cast" [src/integrated-gcn/gemm_stage.cpp:110]   --->   Operation 738 'mul' 'mul_ln110_88' <Predicate = true> <Delay = 0.99> <CoreInst = "DSP48">   --->   Core 124 'DSP48' <Latency = 3> <II = 1> <Delay = 0.53> <IPBlock> <Opcode : 'add' 'sub' 'mul' 'select'> <InPorts = 0> <OutPorts = 1> <Sync> <CReg>
ST_2 : Operation 739 [1/1] (0.00ns)   --->   "%XW_block_88_addr = getelementptr i32 %XW_block_88, i64 0, i64 %zext_ln101" [src/integrated-gcn/gemm_stage.cpp:110]   --->   Operation 739 'getelementptr' 'XW_block_88_addr' <Predicate = true> <Delay = 0.00>
ST_2 : Operation 740 [2/2] (0.67ns)   --->   "%XW_block_88_load = load i4 %XW_block_88_addr" [src/integrated-gcn/gemm_stage.cpp:110]   --->   Operation 740 'load' 'XW_block_88_load' <Predicate = true> <Delay = 0.67> <CoreInst = "RAM">   --->   Core 82 'RAM' <Latency = 1> <II = 1> <Delay = 0.67> <Storage> <Opcode : 'load' 'store'> <Ports = 2> <Width = 32> <Depth = 16> <RAM>
ST_2 : Operation 741 [2/3] (0.99ns) (grouped into DSP with root node add_ln110_89)   --->   "%mul_ln110_89 = mul i32 %sext_ln110_65, i32 %sext_ln110_25_cast" [src/integrated-gcn/gemm_stage.cpp:110]   --->   Operation 741 'mul' 'mul_ln110_89' <Predicate = true> <Delay = 0.99> <CoreInst = "DSP48">   --->   Core 124 'DSP48' <Latency = 3> <II = 1> <Delay = 0.53> <IPBlock> <Opcode : 'add' 'sub' 'mul' 'select'> <InPorts = 0> <OutPorts = 1> <Sync> <CReg>
ST_2 : Operation 742 [1/1] (0.00ns)   --->   "%XW_block_89_addr = getelementptr i32 %XW_block_89, i64 0, i64 %zext_ln101" [src/integrated-gcn/gemm_stage.cpp:110]   --->   Operation 742 'getelementptr' 'XW_block_89_addr' <Predicate = true> <Delay = 0.00>
ST_2 : Operation 743 [2/2] (0.67ns)   --->   "%XW_block_89_load = load i4 %XW_block_89_addr" [src/integrated-gcn/gemm_stage.cpp:110]   --->   Operation 743 'load' 'XW_block_89_load' <Predicate = true> <Delay = 0.67> <CoreInst = "RAM">   --->   Core 82 'RAM' <Latency = 1> <II = 1> <Delay = 0.67> <Storage> <Opcode : 'load' 'store'> <Ports = 2> <Width = 32> <Depth = 16> <RAM>
ST_2 : Operation 744 [2/3] (0.99ns) (grouped into DSP with root node add_ln110_90)   --->   "%mul_ln110_90 = mul i32 %sext_ln110_65, i32 %sext_ln110_26_cast" [src/integrated-gcn/gemm_stage.cpp:110]   --->   Operation 744 'mul' 'mul_ln110_90' <Predicate = true> <Delay = 0.99> <CoreInst = "DSP48">   --->   Core 124 'DSP48' <Latency = 3> <II = 1> <Delay = 0.53> <IPBlock> <Opcode : 'add' 'sub' 'mul' 'select'> <InPorts = 0> <OutPorts = 1> <Sync> <CReg>
ST_2 : Operation 745 [1/1] (0.00ns)   --->   "%XW_block_90_addr = getelementptr i32 %XW_block_90, i64 0, i64 %zext_ln101" [src/integrated-gcn/gemm_stage.cpp:110]   --->   Operation 745 'getelementptr' 'XW_block_90_addr' <Predicate = true> <Delay = 0.00>
ST_2 : Operation 746 [2/2] (0.67ns)   --->   "%XW_block_90_load = load i4 %XW_block_90_addr" [src/integrated-gcn/gemm_stage.cpp:110]   --->   Operation 746 'load' 'XW_block_90_load' <Predicate = true> <Delay = 0.67> <CoreInst = "RAM">   --->   Core 82 'RAM' <Latency = 1> <II = 1> <Delay = 0.67> <Storage> <Opcode : 'load' 'store'> <Ports = 2> <Width = 32> <Depth = 16> <RAM>
ST_2 : Operation 747 [2/3] (0.99ns) (grouped into DSP with root node add_ln110_91)   --->   "%mul_ln110_91 = mul i32 %sext_ln110_65, i32 %sext_ln110_27_cast" [src/integrated-gcn/gemm_stage.cpp:110]   --->   Operation 747 'mul' 'mul_ln110_91' <Predicate = true> <Delay = 0.99> <CoreInst = "DSP48">   --->   Core 124 'DSP48' <Latency = 3> <II = 1> <Delay = 0.53> <IPBlock> <Opcode : 'add' 'sub' 'mul' 'select'> <InPorts = 0> <OutPorts = 1> <Sync> <CReg>
ST_2 : Operation 748 [1/1] (0.00ns)   --->   "%XW_block_91_addr = getelementptr i32 %XW_block_91, i64 0, i64 %zext_ln101" [src/integrated-gcn/gemm_stage.cpp:110]   --->   Operation 748 'getelementptr' 'XW_block_91_addr' <Predicate = true> <Delay = 0.00>
ST_2 : Operation 749 [2/2] (0.67ns)   --->   "%XW_block_91_load = load i4 %XW_block_91_addr" [src/integrated-gcn/gemm_stage.cpp:110]   --->   Operation 749 'load' 'XW_block_91_load' <Predicate = true> <Delay = 0.67> <CoreInst = "RAM">   --->   Core 82 'RAM' <Latency = 1> <II = 1> <Delay = 0.67> <Storage> <Opcode : 'load' 'store'> <Ports = 2> <Width = 32> <Depth = 16> <RAM>
ST_2 : Operation 750 [2/3] (0.99ns) (grouped into DSP with root node add_ln110_92)   --->   "%mul_ln110_92 = mul i32 %sext_ln110_65, i32 %sext_ln110_28_cast" [src/integrated-gcn/gemm_stage.cpp:110]   --->   Operation 750 'mul' 'mul_ln110_92' <Predicate = true> <Delay = 0.99> <CoreInst = "DSP48">   --->   Core 124 'DSP48' <Latency = 3> <II = 1> <Delay = 0.53> <IPBlock> <Opcode : 'add' 'sub' 'mul' 'select'> <InPorts = 0> <OutPorts = 1> <Sync> <CReg>
ST_2 : Operation 751 [1/1] (0.00ns)   --->   "%XW_block_92_addr = getelementptr i32 %XW_block_92, i64 0, i64 %zext_ln101" [src/integrated-gcn/gemm_stage.cpp:110]   --->   Operation 751 'getelementptr' 'XW_block_92_addr' <Predicate = true> <Delay = 0.00>
ST_2 : Operation 752 [2/2] (0.67ns)   --->   "%XW_block_92_load = load i4 %XW_block_92_addr" [src/integrated-gcn/gemm_stage.cpp:110]   --->   Operation 752 'load' 'XW_block_92_load' <Predicate = true> <Delay = 0.67> <CoreInst = "RAM">   --->   Core 82 'RAM' <Latency = 1> <II = 1> <Delay = 0.67> <Storage> <Opcode : 'load' 'store'> <Ports = 2> <Width = 32> <Depth = 16> <RAM>
ST_2 : Operation 753 [2/3] (0.99ns) (grouped into DSP with root node add_ln110_93)   --->   "%mul_ln110_93 = mul i32 %sext_ln110_65, i32 %sext_ln110_29_cast" [src/integrated-gcn/gemm_stage.cpp:110]   --->   Operation 753 'mul' 'mul_ln110_93' <Predicate = true> <Delay = 0.99> <CoreInst = "DSP48">   --->   Core 124 'DSP48' <Latency = 3> <II = 1> <Delay = 0.53> <IPBlock> <Opcode : 'add' 'sub' 'mul' 'select'> <InPorts = 0> <OutPorts = 1> <Sync> <CReg>
ST_2 : Operation 754 [1/1] (0.00ns)   --->   "%XW_block_93_addr = getelementptr i32 %XW_block_93, i64 0, i64 %zext_ln101" [src/integrated-gcn/gemm_stage.cpp:110]   --->   Operation 754 'getelementptr' 'XW_block_93_addr' <Predicate = true> <Delay = 0.00>
ST_2 : Operation 755 [2/2] (0.67ns)   --->   "%XW_block_93_load = load i4 %XW_block_93_addr" [src/integrated-gcn/gemm_stage.cpp:110]   --->   Operation 755 'load' 'XW_block_93_load' <Predicate = true> <Delay = 0.67> <CoreInst = "RAM">   --->   Core 82 'RAM' <Latency = 1> <II = 1> <Delay = 0.67> <Storage> <Opcode : 'load' 'store'> <Ports = 2> <Width = 32> <Depth = 16> <RAM>
ST_2 : Operation 756 [2/3] (0.99ns) (grouped into DSP with root node add_ln110_94)   --->   "%mul_ln110_94 = mul i32 %sext_ln110_65, i32 %sext_ln110_30_cast" [src/integrated-gcn/gemm_stage.cpp:110]   --->   Operation 756 'mul' 'mul_ln110_94' <Predicate = true> <Delay = 0.99> <CoreInst = "DSP48">   --->   Core 124 'DSP48' <Latency = 3> <II = 1> <Delay = 0.53> <IPBlock> <Opcode : 'add' 'sub' 'mul' 'select'> <InPorts = 0> <OutPorts = 1> <Sync> <CReg>
ST_2 : Operation 757 [1/1] (0.00ns)   --->   "%XW_block_94_addr = getelementptr i32 %XW_block_94, i64 0, i64 %zext_ln101" [src/integrated-gcn/gemm_stage.cpp:110]   --->   Operation 757 'getelementptr' 'XW_block_94_addr' <Predicate = true> <Delay = 0.00>
ST_2 : Operation 758 [2/2] (0.67ns)   --->   "%XW_block_94_load = load i4 %XW_block_94_addr" [src/integrated-gcn/gemm_stage.cpp:110]   --->   Operation 758 'load' 'XW_block_94_load' <Predicate = true> <Delay = 0.67> <CoreInst = "RAM">   --->   Core 82 'RAM' <Latency = 1> <II = 1> <Delay = 0.67> <Storage> <Opcode : 'load' 'store'> <Ports = 2> <Width = 32> <Depth = 16> <RAM>
ST_2 : Operation 759 [2/3] (0.99ns) (grouped into DSP with root node add_ln110_95)   --->   "%mul_ln110_95 = mul i32 %sext_ln110_65, i32 %sext_ln110_31_cast" [src/integrated-gcn/gemm_stage.cpp:110]   --->   Operation 759 'mul' 'mul_ln110_95' <Predicate = true> <Delay = 0.99> <CoreInst = "DSP48">   --->   Core 124 'DSP48' <Latency = 3> <II = 1> <Delay = 0.53> <IPBlock> <Opcode : 'add' 'sub' 'mul' 'select'> <InPorts = 0> <OutPorts = 1> <Sync> <CReg>
ST_2 : Operation 760 [1/1] (0.00ns)   --->   "%XW_block_95_addr = getelementptr i32 %XW_block_95, i64 0, i64 %zext_ln101" [src/integrated-gcn/gemm_stage.cpp:110]   --->   Operation 760 'getelementptr' 'XW_block_95_addr' <Predicate = true> <Delay = 0.00>
ST_2 : Operation 761 [2/2] (0.67ns)   --->   "%XW_block_95_load = load i4 %XW_block_95_addr" [src/integrated-gcn/gemm_stage.cpp:110]   --->   Operation 761 'load' 'XW_block_95_load' <Predicate = true> <Delay = 0.67> <CoreInst = "RAM">   --->   Core 82 'RAM' <Latency = 1> <II = 1> <Delay = 0.67> <Storage> <Opcode : 'load' 'store'> <Ports = 2> <Width = 32> <Depth = 16> <RAM>
ST_2 : Operation 762 [2/3] (0.99ns) (grouped into DSP with root node add_ln110_96)   --->   "%mul_ln110_96 = mul i32 %sext_ln110_65, i32 %sext_ln110_32_cast" [src/integrated-gcn/gemm_stage.cpp:110]   --->   Operation 762 'mul' 'mul_ln110_96' <Predicate = true> <Delay = 0.99> <CoreInst = "DSP48">   --->   Core 124 'DSP48' <Latency = 3> <II = 1> <Delay = 0.53> <IPBlock> <Opcode : 'add' 'sub' 'mul' 'select'> <InPorts = 0> <OutPorts = 1> <Sync> <CReg>
ST_2 : Operation 763 [1/1] (0.00ns)   --->   "%XW_block_96_addr = getelementptr i32 %XW_block_96, i64 0, i64 %zext_ln101" [src/integrated-gcn/gemm_stage.cpp:110]   --->   Operation 763 'getelementptr' 'XW_block_96_addr' <Predicate = true> <Delay = 0.00>
ST_2 : Operation 764 [2/2] (0.67ns)   --->   "%XW_block_96_load = load i4 %XW_block_96_addr" [src/integrated-gcn/gemm_stage.cpp:110]   --->   Operation 764 'load' 'XW_block_96_load' <Predicate = true> <Delay = 0.67> <CoreInst = "RAM">   --->   Core 82 'RAM' <Latency = 1> <II = 1> <Delay = 0.67> <Storage> <Opcode : 'load' 'store'> <Ports = 2> <Width = 32> <Depth = 16> <RAM>
ST_2 : Operation 765 [2/3] (0.99ns) (grouped into DSP with root node add_ln110_97)   --->   "%mul_ln110_97 = mul i32 %sext_ln110_65, i32 %sext_ln110_33_cast" [src/integrated-gcn/gemm_stage.cpp:110]   --->   Operation 765 'mul' 'mul_ln110_97' <Predicate = true> <Delay = 0.99> <CoreInst = "DSP48">   --->   Core 124 'DSP48' <Latency = 3> <II = 1> <Delay = 0.53> <IPBlock> <Opcode : 'add' 'sub' 'mul' 'select'> <InPorts = 0> <OutPorts = 1> <Sync> <CReg>
ST_2 : Operation 766 [1/1] (0.00ns)   --->   "%XW_block_97_addr = getelementptr i32 %XW_block_97, i64 0, i64 %zext_ln101" [src/integrated-gcn/gemm_stage.cpp:110]   --->   Operation 766 'getelementptr' 'XW_block_97_addr' <Predicate = true> <Delay = 0.00>
ST_2 : Operation 767 [2/2] (0.67ns)   --->   "%XW_block_97_load = load i4 %XW_block_97_addr" [src/integrated-gcn/gemm_stage.cpp:110]   --->   Operation 767 'load' 'XW_block_97_load' <Predicate = true> <Delay = 0.67> <CoreInst = "RAM">   --->   Core 82 'RAM' <Latency = 1> <II = 1> <Delay = 0.67> <Storage> <Opcode : 'load' 'store'> <Ports = 2> <Width = 32> <Depth = 16> <RAM>
ST_2 : Operation 768 [2/3] (0.99ns) (grouped into DSP with root node add_ln110_98)   --->   "%mul_ln110_98 = mul i32 %sext_ln110_65, i32 %sext_ln110_34_cast" [src/integrated-gcn/gemm_stage.cpp:110]   --->   Operation 768 'mul' 'mul_ln110_98' <Predicate = true> <Delay = 0.99> <CoreInst = "DSP48">   --->   Core 124 'DSP48' <Latency = 3> <II = 1> <Delay = 0.53> <IPBlock> <Opcode : 'add' 'sub' 'mul' 'select'> <InPorts = 0> <OutPorts = 1> <Sync> <CReg>
ST_2 : Operation 769 [1/1] (0.00ns)   --->   "%XW_block_98_addr = getelementptr i32 %XW_block_98, i64 0, i64 %zext_ln101" [src/integrated-gcn/gemm_stage.cpp:110]   --->   Operation 769 'getelementptr' 'XW_block_98_addr' <Predicate = true> <Delay = 0.00>
ST_2 : Operation 770 [2/2] (0.67ns)   --->   "%XW_block_98_load = load i4 %XW_block_98_addr" [src/integrated-gcn/gemm_stage.cpp:110]   --->   Operation 770 'load' 'XW_block_98_load' <Predicate = true> <Delay = 0.67> <CoreInst = "RAM">   --->   Core 82 'RAM' <Latency = 1> <II = 1> <Delay = 0.67> <Storage> <Opcode : 'load' 'store'> <Ports = 2> <Width = 32> <Depth = 16> <RAM>
ST_2 : Operation 771 [2/3] (0.99ns) (grouped into DSP with root node add_ln110_99)   --->   "%mul_ln110_99 = mul i32 %sext_ln110_65, i32 %sext_ln110_35_cast" [src/integrated-gcn/gemm_stage.cpp:110]   --->   Operation 771 'mul' 'mul_ln110_99' <Predicate = true> <Delay = 0.99> <CoreInst = "DSP48">   --->   Core 124 'DSP48' <Latency = 3> <II = 1> <Delay = 0.53> <IPBlock> <Opcode : 'add' 'sub' 'mul' 'select'> <InPorts = 0> <OutPorts = 1> <Sync> <CReg>
ST_2 : Operation 772 [1/1] (0.00ns)   --->   "%XW_block_99_addr = getelementptr i32 %XW_block_99, i64 0, i64 %zext_ln101" [src/integrated-gcn/gemm_stage.cpp:110]   --->   Operation 772 'getelementptr' 'XW_block_99_addr' <Predicate = true> <Delay = 0.00>
ST_2 : Operation 773 [2/2] (0.67ns)   --->   "%XW_block_99_load = load i4 %XW_block_99_addr" [src/integrated-gcn/gemm_stage.cpp:110]   --->   Operation 773 'load' 'XW_block_99_load' <Predicate = true> <Delay = 0.67> <CoreInst = "RAM">   --->   Core 82 'RAM' <Latency = 1> <II = 1> <Delay = 0.67> <Storage> <Opcode : 'load' 'store'> <Ports = 2> <Width = 32> <Depth = 16> <RAM>
ST_2 : Operation 774 [2/3] (0.99ns) (grouped into DSP with root node add_ln110_100)   --->   "%mul_ln110_100 = mul i32 %sext_ln110_65, i32 %sext_ln110_36_cast" [src/integrated-gcn/gemm_stage.cpp:110]   --->   Operation 774 'mul' 'mul_ln110_100' <Predicate = true> <Delay = 0.99> <CoreInst = "DSP48">   --->   Core 124 'DSP48' <Latency = 3> <II = 1> <Delay = 0.53> <IPBlock> <Opcode : 'add' 'sub' 'mul' 'select'> <InPorts = 0> <OutPorts = 1> <Sync> <CReg>
ST_2 : Operation 775 [1/1] (0.00ns)   --->   "%XW_block_100_addr = getelementptr i32 %XW_block_100, i64 0, i64 %zext_ln101" [src/integrated-gcn/gemm_stage.cpp:110]   --->   Operation 775 'getelementptr' 'XW_block_100_addr' <Predicate = true> <Delay = 0.00>
ST_2 : Operation 776 [2/2] (0.67ns)   --->   "%XW_block_100_load = load i4 %XW_block_100_addr" [src/integrated-gcn/gemm_stage.cpp:110]   --->   Operation 776 'load' 'XW_block_100_load' <Predicate = true> <Delay = 0.67> <CoreInst = "RAM">   --->   Core 82 'RAM' <Latency = 1> <II = 1> <Delay = 0.67> <Storage> <Opcode : 'load' 'store'> <Ports = 2> <Width = 32> <Depth = 16> <RAM>
ST_2 : Operation 777 [2/3] (0.99ns) (grouped into DSP with root node add_ln110_101)   --->   "%mul_ln110_101 = mul i32 %sext_ln110_65, i32 %sext_ln110_37_cast" [src/integrated-gcn/gemm_stage.cpp:110]   --->   Operation 777 'mul' 'mul_ln110_101' <Predicate = true> <Delay = 0.99> <CoreInst = "DSP48">   --->   Core 124 'DSP48' <Latency = 3> <II = 1> <Delay = 0.53> <IPBlock> <Opcode : 'add' 'sub' 'mul' 'select'> <InPorts = 0> <OutPorts = 1> <Sync> <CReg>
ST_2 : Operation 778 [1/1] (0.00ns)   --->   "%XW_block_101_addr = getelementptr i32 %XW_block_101, i64 0, i64 %zext_ln101" [src/integrated-gcn/gemm_stage.cpp:110]   --->   Operation 778 'getelementptr' 'XW_block_101_addr' <Predicate = true> <Delay = 0.00>
ST_2 : Operation 779 [2/2] (0.67ns)   --->   "%XW_block_101_load = load i4 %XW_block_101_addr" [src/integrated-gcn/gemm_stage.cpp:110]   --->   Operation 779 'load' 'XW_block_101_load' <Predicate = true> <Delay = 0.67> <CoreInst = "RAM">   --->   Core 82 'RAM' <Latency = 1> <II = 1> <Delay = 0.67> <Storage> <Opcode : 'load' 'store'> <Ports = 2> <Width = 32> <Depth = 16> <RAM>
ST_2 : Operation 780 [2/3] (0.99ns) (grouped into DSP with root node add_ln110_102)   --->   "%mul_ln110_102 = mul i32 %sext_ln110_65, i32 %sext_ln110_38_cast" [src/integrated-gcn/gemm_stage.cpp:110]   --->   Operation 780 'mul' 'mul_ln110_102' <Predicate = true> <Delay = 0.99> <CoreInst = "DSP48">   --->   Core 124 'DSP48' <Latency = 3> <II = 1> <Delay = 0.53> <IPBlock> <Opcode : 'add' 'sub' 'mul' 'select'> <InPorts = 0> <OutPorts = 1> <Sync> <CReg>
ST_2 : Operation 781 [1/1] (0.00ns)   --->   "%XW_block_102_addr = getelementptr i32 %XW_block_102, i64 0, i64 %zext_ln101" [src/integrated-gcn/gemm_stage.cpp:110]   --->   Operation 781 'getelementptr' 'XW_block_102_addr' <Predicate = true> <Delay = 0.00>
ST_2 : Operation 782 [2/2] (0.67ns)   --->   "%XW_block_102_load = load i4 %XW_block_102_addr" [src/integrated-gcn/gemm_stage.cpp:110]   --->   Operation 782 'load' 'XW_block_102_load' <Predicate = true> <Delay = 0.67> <CoreInst = "RAM">   --->   Core 82 'RAM' <Latency = 1> <II = 1> <Delay = 0.67> <Storage> <Opcode : 'load' 'store'> <Ports = 2> <Width = 32> <Depth = 16> <RAM>
ST_2 : Operation 783 [2/3] (0.99ns) (grouped into DSP with root node add_ln110_103)   --->   "%mul_ln110_103 = mul i32 %sext_ln110_65, i32 %sext_ln110_39_cast" [src/integrated-gcn/gemm_stage.cpp:110]   --->   Operation 783 'mul' 'mul_ln110_103' <Predicate = true> <Delay = 0.99> <CoreInst = "DSP48">   --->   Core 124 'DSP48' <Latency = 3> <II = 1> <Delay = 0.53> <IPBlock> <Opcode : 'add' 'sub' 'mul' 'select'> <InPorts = 0> <OutPorts = 1> <Sync> <CReg>
ST_2 : Operation 784 [1/1] (0.00ns)   --->   "%XW_block_103_addr = getelementptr i32 %XW_block_103, i64 0, i64 %zext_ln101" [src/integrated-gcn/gemm_stage.cpp:110]   --->   Operation 784 'getelementptr' 'XW_block_103_addr' <Predicate = true> <Delay = 0.00>
ST_2 : Operation 785 [2/2] (0.67ns)   --->   "%XW_block_103_load = load i4 %XW_block_103_addr" [src/integrated-gcn/gemm_stage.cpp:110]   --->   Operation 785 'load' 'XW_block_103_load' <Predicate = true> <Delay = 0.67> <CoreInst = "RAM">   --->   Core 82 'RAM' <Latency = 1> <II = 1> <Delay = 0.67> <Storage> <Opcode : 'load' 'store'> <Ports = 2> <Width = 32> <Depth = 16> <RAM>
ST_2 : Operation 786 [2/3] (0.99ns) (grouped into DSP with root node add_ln110_104)   --->   "%mul_ln110_104 = mul i32 %sext_ln110_65, i32 %sext_ln110_40_cast" [src/integrated-gcn/gemm_stage.cpp:110]   --->   Operation 786 'mul' 'mul_ln110_104' <Predicate = true> <Delay = 0.99> <CoreInst = "DSP48">   --->   Core 124 'DSP48' <Latency = 3> <II = 1> <Delay = 0.53> <IPBlock> <Opcode : 'add' 'sub' 'mul' 'select'> <InPorts = 0> <OutPorts = 1> <Sync> <CReg>
ST_2 : Operation 787 [1/1] (0.00ns)   --->   "%XW_block_104_addr = getelementptr i32 %XW_block_104, i64 0, i64 %zext_ln101" [src/integrated-gcn/gemm_stage.cpp:110]   --->   Operation 787 'getelementptr' 'XW_block_104_addr' <Predicate = true> <Delay = 0.00>
ST_2 : Operation 788 [2/2] (0.67ns)   --->   "%XW_block_104_load = load i4 %XW_block_104_addr" [src/integrated-gcn/gemm_stage.cpp:110]   --->   Operation 788 'load' 'XW_block_104_load' <Predicate = true> <Delay = 0.67> <CoreInst = "RAM">   --->   Core 82 'RAM' <Latency = 1> <II = 1> <Delay = 0.67> <Storage> <Opcode : 'load' 'store'> <Ports = 2> <Width = 32> <Depth = 16> <RAM>
ST_2 : Operation 789 [2/3] (0.99ns) (grouped into DSP with root node add_ln110_105)   --->   "%mul_ln110_105 = mul i32 %sext_ln110_65, i32 %sext_ln110_41_cast" [src/integrated-gcn/gemm_stage.cpp:110]   --->   Operation 789 'mul' 'mul_ln110_105' <Predicate = true> <Delay = 0.99> <CoreInst = "DSP48">   --->   Core 124 'DSP48' <Latency = 3> <II = 1> <Delay = 0.53> <IPBlock> <Opcode : 'add' 'sub' 'mul' 'select'> <InPorts = 0> <OutPorts = 1> <Sync> <CReg>
ST_2 : Operation 790 [1/1] (0.00ns)   --->   "%XW_block_105_addr = getelementptr i32 %XW_block_105, i64 0, i64 %zext_ln101" [src/integrated-gcn/gemm_stage.cpp:110]   --->   Operation 790 'getelementptr' 'XW_block_105_addr' <Predicate = true> <Delay = 0.00>
ST_2 : Operation 791 [2/2] (0.67ns)   --->   "%XW_block_105_load = load i4 %XW_block_105_addr" [src/integrated-gcn/gemm_stage.cpp:110]   --->   Operation 791 'load' 'XW_block_105_load' <Predicate = true> <Delay = 0.67> <CoreInst = "RAM">   --->   Core 82 'RAM' <Latency = 1> <II = 1> <Delay = 0.67> <Storage> <Opcode : 'load' 'store'> <Ports = 2> <Width = 32> <Depth = 16> <RAM>
ST_2 : Operation 792 [2/3] (0.99ns) (grouped into DSP with root node add_ln110_106)   --->   "%mul_ln110_106 = mul i32 %sext_ln110_65, i32 %sext_ln110_42_cast" [src/integrated-gcn/gemm_stage.cpp:110]   --->   Operation 792 'mul' 'mul_ln110_106' <Predicate = true> <Delay = 0.99> <CoreInst = "DSP48">   --->   Core 124 'DSP48' <Latency = 3> <II = 1> <Delay = 0.53> <IPBlock> <Opcode : 'add' 'sub' 'mul' 'select'> <InPorts = 0> <OutPorts = 1> <Sync> <CReg>
ST_2 : Operation 793 [1/1] (0.00ns)   --->   "%XW_block_106_addr = getelementptr i32 %XW_block_106, i64 0, i64 %zext_ln101" [src/integrated-gcn/gemm_stage.cpp:110]   --->   Operation 793 'getelementptr' 'XW_block_106_addr' <Predicate = true> <Delay = 0.00>
ST_2 : Operation 794 [2/2] (0.67ns)   --->   "%XW_block_106_load = load i4 %XW_block_106_addr" [src/integrated-gcn/gemm_stage.cpp:110]   --->   Operation 794 'load' 'XW_block_106_load' <Predicate = true> <Delay = 0.67> <CoreInst = "RAM">   --->   Core 82 'RAM' <Latency = 1> <II = 1> <Delay = 0.67> <Storage> <Opcode : 'load' 'store'> <Ports = 2> <Width = 32> <Depth = 16> <RAM>
ST_2 : Operation 795 [2/3] (0.99ns) (grouped into DSP with root node add_ln110_107)   --->   "%mul_ln110_107 = mul i32 %sext_ln110_65, i32 %sext_ln110_43_cast" [src/integrated-gcn/gemm_stage.cpp:110]   --->   Operation 795 'mul' 'mul_ln110_107' <Predicate = true> <Delay = 0.99> <CoreInst = "DSP48">   --->   Core 124 'DSP48' <Latency = 3> <II = 1> <Delay = 0.53> <IPBlock> <Opcode : 'add' 'sub' 'mul' 'select'> <InPorts = 0> <OutPorts = 1> <Sync> <CReg>
ST_2 : Operation 796 [1/1] (0.00ns)   --->   "%XW_block_107_addr = getelementptr i32 %XW_block_107, i64 0, i64 %zext_ln101" [src/integrated-gcn/gemm_stage.cpp:110]   --->   Operation 796 'getelementptr' 'XW_block_107_addr' <Predicate = true> <Delay = 0.00>
ST_2 : Operation 797 [2/2] (0.67ns)   --->   "%XW_block_107_load = load i4 %XW_block_107_addr" [src/integrated-gcn/gemm_stage.cpp:110]   --->   Operation 797 'load' 'XW_block_107_load' <Predicate = true> <Delay = 0.67> <CoreInst = "RAM">   --->   Core 82 'RAM' <Latency = 1> <II = 1> <Delay = 0.67> <Storage> <Opcode : 'load' 'store'> <Ports = 2> <Width = 32> <Depth = 16> <RAM>
ST_2 : Operation 798 [2/3] (0.99ns) (grouped into DSP with root node add_ln110_108)   --->   "%mul_ln110_108 = mul i32 %sext_ln110_65, i32 %sext_ln110_44_cast" [src/integrated-gcn/gemm_stage.cpp:110]   --->   Operation 798 'mul' 'mul_ln110_108' <Predicate = true> <Delay = 0.99> <CoreInst = "DSP48">   --->   Core 124 'DSP48' <Latency = 3> <II = 1> <Delay = 0.53> <IPBlock> <Opcode : 'add' 'sub' 'mul' 'select'> <InPorts = 0> <OutPorts = 1> <Sync> <CReg>
ST_2 : Operation 799 [1/1] (0.00ns)   --->   "%XW_block_108_addr = getelementptr i32 %XW_block_108, i64 0, i64 %zext_ln101" [src/integrated-gcn/gemm_stage.cpp:110]   --->   Operation 799 'getelementptr' 'XW_block_108_addr' <Predicate = true> <Delay = 0.00>
ST_2 : Operation 800 [2/2] (0.67ns)   --->   "%XW_block_108_load = load i4 %XW_block_108_addr" [src/integrated-gcn/gemm_stage.cpp:110]   --->   Operation 800 'load' 'XW_block_108_load' <Predicate = true> <Delay = 0.67> <CoreInst = "RAM">   --->   Core 82 'RAM' <Latency = 1> <II = 1> <Delay = 0.67> <Storage> <Opcode : 'load' 'store'> <Ports = 2> <Width = 32> <Depth = 16> <RAM>
ST_2 : Operation 801 [2/3] (0.99ns) (grouped into DSP with root node add_ln110_109)   --->   "%mul_ln110_109 = mul i32 %sext_ln110_65, i32 %sext_ln110_45_cast" [src/integrated-gcn/gemm_stage.cpp:110]   --->   Operation 801 'mul' 'mul_ln110_109' <Predicate = true> <Delay = 0.99> <CoreInst = "DSP48">   --->   Core 124 'DSP48' <Latency = 3> <II = 1> <Delay = 0.53> <IPBlock> <Opcode : 'add' 'sub' 'mul' 'select'> <InPorts = 0> <OutPorts = 1> <Sync> <CReg>
ST_2 : Operation 802 [1/1] (0.00ns)   --->   "%XW_block_109_addr = getelementptr i32 %XW_block_109, i64 0, i64 %zext_ln101" [src/integrated-gcn/gemm_stage.cpp:110]   --->   Operation 802 'getelementptr' 'XW_block_109_addr' <Predicate = true> <Delay = 0.00>
ST_2 : Operation 803 [2/2] (0.67ns)   --->   "%XW_block_109_load = load i4 %XW_block_109_addr" [src/integrated-gcn/gemm_stage.cpp:110]   --->   Operation 803 'load' 'XW_block_109_load' <Predicate = true> <Delay = 0.67> <CoreInst = "RAM">   --->   Core 82 'RAM' <Latency = 1> <II = 1> <Delay = 0.67> <Storage> <Opcode : 'load' 'store'> <Ports = 2> <Width = 32> <Depth = 16> <RAM>
ST_2 : Operation 804 [2/3] (0.99ns) (grouped into DSP with root node add_ln110_110)   --->   "%mul_ln110_110 = mul i32 %sext_ln110_65, i32 %sext_ln110_46_cast" [src/integrated-gcn/gemm_stage.cpp:110]   --->   Operation 804 'mul' 'mul_ln110_110' <Predicate = true> <Delay = 0.99> <CoreInst = "DSP48">   --->   Core 124 'DSP48' <Latency = 3> <II = 1> <Delay = 0.53> <IPBlock> <Opcode : 'add' 'sub' 'mul' 'select'> <InPorts = 0> <OutPorts = 1> <Sync> <CReg>
ST_2 : Operation 805 [1/1] (0.00ns)   --->   "%XW_block_110_addr = getelementptr i32 %XW_block_110, i64 0, i64 %zext_ln101" [src/integrated-gcn/gemm_stage.cpp:110]   --->   Operation 805 'getelementptr' 'XW_block_110_addr' <Predicate = true> <Delay = 0.00>
ST_2 : Operation 806 [2/2] (0.67ns)   --->   "%XW_block_110_load = load i4 %XW_block_110_addr" [src/integrated-gcn/gemm_stage.cpp:110]   --->   Operation 806 'load' 'XW_block_110_load' <Predicate = true> <Delay = 0.67> <CoreInst = "RAM">   --->   Core 82 'RAM' <Latency = 1> <II = 1> <Delay = 0.67> <Storage> <Opcode : 'load' 'store'> <Ports = 2> <Width = 32> <Depth = 16> <RAM>
ST_2 : Operation 807 [2/3] (0.99ns) (grouped into DSP with root node add_ln110_111)   --->   "%mul_ln110_111 = mul i32 %sext_ln110_65, i32 %sext_ln110_47_cast" [src/integrated-gcn/gemm_stage.cpp:110]   --->   Operation 807 'mul' 'mul_ln110_111' <Predicate = true> <Delay = 0.99> <CoreInst = "DSP48">   --->   Core 124 'DSP48' <Latency = 3> <II = 1> <Delay = 0.53> <IPBlock> <Opcode : 'add' 'sub' 'mul' 'select'> <InPorts = 0> <OutPorts = 1> <Sync> <CReg>
ST_2 : Operation 808 [1/1] (0.00ns)   --->   "%XW_block_111_addr = getelementptr i32 %XW_block_111, i64 0, i64 %zext_ln101" [src/integrated-gcn/gemm_stage.cpp:110]   --->   Operation 808 'getelementptr' 'XW_block_111_addr' <Predicate = true> <Delay = 0.00>
ST_2 : Operation 809 [2/2] (0.67ns)   --->   "%XW_block_111_load = load i4 %XW_block_111_addr" [src/integrated-gcn/gemm_stage.cpp:110]   --->   Operation 809 'load' 'XW_block_111_load' <Predicate = true> <Delay = 0.67> <CoreInst = "RAM">   --->   Core 82 'RAM' <Latency = 1> <II = 1> <Delay = 0.67> <Storage> <Opcode : 'load' 'store'> <Ports = 2> <Width = 32> <Depth = 16> <RAM>
ST_2 : Operation 810 [2/3] (0.99ns) (grouped into DSP with root node add_ln110_112)   --->   "%mul_ln110_112 = mul i32 %sext_ln110_65, i32 %sext_ln110_48_cast" [src/integrated-gcn/gemm_stage.cpp:110]   --->   Operation 810 'mul' 'mul_ln110_112' <Predicate = true> <Delay = 0.99> <CoreInst = "DSP48">   --->   Core 124 'DSP48' <Latency = 3> <II = 1> <Delay = 0.53> <IPBlock> <Opcode : 'add' 'sub' 'mul' 'select'> <InPorts = 0> <OutPorts = 1> <Sync> <CReg>
ST_2 : Operation 811 [1/1] (0.00ns)   --->   "%XW_block_112_addr = getelementptr i32 %XW_block_112, i64 0, i64 %zext_ln101" [src/integrated-gcn/gemm_stage.cpp:110]   --->   Operation 811 'getelementptr' 'XW_block_112_addr' <Predicate = true> <Delay = 0.00>
ST_2 : Operation 812 [2/2] (0.67ns)   --->   "%XW_block_112_load = load i4 %XW_block_112_addr" [src/integrated-gcn/gemm_stage.cpp:110]   --->   Operation 812 'load' 'XW_block_112_load' <Predicate = true> <Delay = 0.67> <CoreInst = "RAM">   --->   Core 82 'RAM' <Latency = 1> <II = 1> <Delay = 0.67> <Storage> <Opcode : 'load' 'store'> <Ports = 2> <Width = 32> <Depth = 16> <RAM>
ST_2 : Operation 813 [2/3] (0.99ns) (grouped into DSP with root node add_ln110_113)   --->   "%mul_ln110_113 = mul i32 %sext_ln110_65, i32 %sext_ln110_49_cast" [src/integrated-gcn/gemm_stage.cpp:110]   --->   Operation 813 'mul' 'mul_ln110_113' <Predicate = true> <Delay = 0.99> <CoreInst = "DSP48">   --->   Core 124 'DSP48' <Latency = 3> <II = 1> <Delay = 0.53> <IPBlock> <Opcode : 'add' 'sub' 'mul' 'select'> <InPorts = 0> <OutPorts = 1> <Sync> <CReg>
ST_2 : Operation 814 [1/1] (0.00ns)   --->   "%XW_block_113_addr = getelementptr i32 %XW_block_113, i64 0, i64 %zext_ln101" [src/integrated-gcn/gemm_stage.cpp:110]   --->   Operation 814 'getelementptr' 'XW_block_113_addr' <Predicate = true> <Delay = 0.00>
ST_2 : Operation 815 [2/2] (0.67ns)   --->   "%XW_block_113_load = load i4 %XW_block_113_addr" [src/integrated-gcn/gemm_stage.cpp:110]   --->   Operation 815 'load' 'XW_block_113_load' <Predicate = true> <Delay = 0.67> <CoreInst = "RAM">   --->   Core 82 'RAM' <Latency = 1> <II = 1> <Delay = 0.67> <Storage> <Opcode : 'load' 'store'> <Ports = 2> <Width = 32> <Depth = 16> <RAM>
ST_2 : Operation 816 [2/3] (0.99ns) (grouped into DSP with root node add_ln110_114)   --->   "%mul_ln110_114 = mul i32 %sext_ln110_65, i32 %sext_ln110_50_cast" [src/integrated-gcn/gemm_stage.cpp:110]   --->   Operation 816 'mul' 'mul_ln110_114' <Predicate = true> <Delay = 0.99> <CoreInst = "DSP48">   --->   Core 124 'DSP48' <Latency = 3> <II = 1> <Delay = 0.53> <IPBlock> <Opcode : 'add' 'sub' 'mul' 'select'> <InPorts = 0> <OutPorts = 1> <Sync> <CReg>
ST_2 : Operation 817 [1/1] (0.00ns)   --->   "%XW_block_114_addr = getelementptr i32 %XW_block_114, i64 0, i64 %zext_ln101" [src/integrated-gcn/gemm_stage.cpp:110]   --->   Operation 817 'getelementptr' 'XW_block_114_addr' <Predicate = true> <Delay = 0.00>
ST_2 : Operation 818 [2/2] (0.67ns)   --->   "%XW_block_114_load = load i4 %XW_block_114_addr" [src/integrated-gcn/gemm_stage.cpp:110]   --->   Operation 818 'load' 'XW_block_114_load' <Predicate = true> <Delay = 0.67> <CoreInst = "RAM">   --->   Core 82 'RAM' <Latency = 1> <II = 1> <Delay = 0.67> <Storage> <Opcode : 'load' 'store'> <Ports = 2> <Width = 32> <Depth = 16> <RAM>
ST_2 : Operation 819 [2/3] (0.99ns) (grouped into DSP with root node add_ln110_115)   --->   "%mul_ln110_115 = mul i32 %sext_ln110_65, i32 %sext_ln110_51_cast" [src/integrated-gcn/gemm_stage.cpp:110]   --->   Operation 819 'mul' 'mul_ln110_115' <Predicate = true> <Delay = 0.99> <CoreInst = "DSP48">   --->   Core 124 'DSP48' <Latency = 3> <II = 1> <Delay = 0.53> <IPBlock> <Opcode : 'add' 'sub' 'mul' 'select'> <InPorts = 0> <OutPorts = 1> <Sync> <CReg>
ST_2 : Operation 820 [1/1] (0.00ns)   --->   "%XW_block_115_addr = getelementptr i32 %XW_block_115, i64 0, i64 %zext_ln101" [src/integrated-gcn/gemm_stage.cpp:110]   --->   Operation 820 'getelementptr' 'XW_block_115_addr' <Predicate = true> <Delay = 0.00>
ST_2 : Operation 821 [2/2] (0.67ns)   --->   "%XW_block_115_load = load i4 %XW_block_115_addr" [src/integrated-gcn/gemm_stage.cpp:110]   --->   Operation 821 'load' 'XW_block_115_load' <Predicate = true> <Delay = 0.67> <CoreInst = "RAM">   --->   Core 82 'RAM' <Latency = 1> <II = 1> <Delay = 0.67> <Storage> <Opcode : 'load' 'store'> <Ports = 2> <Width = 32> <Depth = 16> <RAM>
ST_2 : Operation 822 [2/3] (0.99ns) (grouped into DSP with root node add_ln110_116)   --->   "%mul_ln110_116 = mul i32 %sext_ln110_65, i32 %sext_ln110_52_cast" [src/integrated-gcn/gemm_stage.cpp:110]   --->   Operation 822 'mul' 'mul_ln110_116' <Predicate = true> <Delay = 0.99> <CoreInst = "DSP48">   --->   Core 124 'DSP48' <Latency = 3> <II = 1> <Delay = 0.53> <IPBlock> <Opcode : 'add' 'sub' 'mul' 'select'> <InPorts = 0> <OutPorts = 1> <Sync> <CReg>
ST_2 : Operation 823 [1/1] (0.00ns)   --->   "%XW_block_116_addr = getelementptr i32 %XW_block_116, i64 0, i64 %zext_ln101" [src/integrated-gcn/gemm_stage.cpp:110]   --->   Operation 823 'getelementptr' 'XW_block_116_addr' <Predicate = true> <Delay = 0.00>
ST_2 : Operation 824 [2/2] (0.67ns)   --->   "%XW_block_116_load = load i4 %XW_block_116_addr" [src/integrated-gcn/gemm_stage.cpp:110]   --->   Operation 824 'load' 'XW_block_116_load' <Predicate = true> <Delay = 0.67> <CoreInst = "RAM">   --->   Core 82 'RAM' <Latency = 1> <II = 1> <Delay = 0.67> <Storage> <Opcode : 'load' 'store'> <Ports = 2> <Width = 32> <Depth = 16> <RAM>
ST_2 : Operation 825 [2/3] (0.99ns) (grouped into DSP with root node add_ln110_117)   --->   "%mul_ln110_117 = mul i32 %sext_ln110_65, i32 %sext_ln110_53_cast" [src/integrated-gcn/gemm_stage.cpp:110]   --->   Operation 825 'mul' 'mul_ln110_117' <Predicate = true> <Delay = 0.99> <CoreInst = "DSP48">   --->   Core 124 'DSP48' <Latency = 3> <II = 1> <Delay = 0.53> <IPBlock> <Opcode : 'add' 'sub' 'mul' 'select'> <InPorts = 0> <OutPorts = 1> <Sync> <CReg>
ST_2 : Operation 826 [1/1] (0.00ns)   --->   "%XW_block_117_addr = getelementptr i32 %XW_block_117, i64 0, i64 %zext_ln101" [src/integrated-gcn/gemm_stage.cpp:110]   --->   Operation 826 'getelementptr' 'XW_block_117_addr' <Predicate = true> <Delay = 0.00>
ST_2 : Operation 827 [2/2] (0.67ns)   --->   "%XW_block_117_load = load i4 %XW_block_117_addr" [src/integrated-gcn/gemm_stage.cpp:110]   --->   Operation 827 'load' 'XW_block_117_load' <Predicate = true> <Delay = 0.67> <CoreInst = "RAM">   --->   Core 82 'RAM' <Latency = 1> <II = 1> <Delay = 0.67> <Storage> <Opcode : 'load' 'store'> <Ports = 2> <Width = 32> <Depth = 16> <RAM>
ST_2 : Operation 828 [2/3] (0.99ns) (grouped into DSP with root node add_ln110_118)   --->   "%mul_ln110_118 = mul i32 %sext_ln110_65, i32 %sext_ln110_54_cast" [src/integrated-gcn/gemm_stage.cpp:110]   --->   Operation 828 'mul' 'mul_ln110_118' <Predicate = true> <Delay = 0.99> <CoreInst = "DSP48">   --->   Core 124 'DSP48' <Latency = 3> <II = 1> <Delay = 0.53> <IPBlock> <Opcode : 'add' 'sub' 'mul' 'select'> <InPorts = 0> <OutPorts = 1> <Sync> <CReg>
ST_2 : Operation 829 [1/1] (0.00ns)   --->   "%XW_block_118_addr = getelementptr i32 %XW_block_118, i64 0, i64 %zext_ln101" [src/integrated-gcn/gemm_stage.cpp:110]   --->   Operation 829 'getelementptr' 'XW_block_118_addr' <Predicate = true> <Delay = 0.00>
ST_2 : Operation 830 [2/2] (0.67ns)   --->   "%XW_block_118_load = load i4 %XW_block_118_addr" [src/integrated-gcn/gemm_stage.cpp:110]   --->   Operation 830 'load' 'XW_block_118_load' <Predicate = true> <Delay = 0.67> <CoreInst = "RAM">   --->   Core 82 'RAM' <Latency = 1> <II = 1> <Delay = 0.67> <Storage> <Opcode : 'load' 'store'> <Ports = 2> <Width = 32> <Depth = 16> <RAM>
ST_2 : Operation 831 [2/3] (0.99ns) (grouped into DSP with root node add_ln110_119)   --->   "%mul_ln110_119 = mul i32 %sext_ln110_65, i32 %sext_ln110_55_cast" [src/integrated-gcn/gemm_stage.cpp:110]   --->   Operation 831 'mul' 'mul_ln110_119' <Predicate = true> <Delay = 0.99> <CoreInst = "DSP48">   --->   Core 124 'DSP48' <Latency = 3> <II = 1> <Delay = 0.53> <IPBlock> <Opcode : 'add' 'sub' 'mul' 'select'> <InPorts = 0> <OutPorts = 1> <Sync> <CReg>
ST_2 : Operation 832 [1/1] (0.00ns)   --->   "%XW_block_119_addr = getelementptr i32 %XW_block_119, i64 0, i64 %zext_ln101" [src/integrated-gcn/gemm_stage.cpp:110]   --->   Operation 832 'getelementptr' 'XW_block_119_addr' <Predicate = true> <Delay = 0.00>
ST_2 : Operation 833 [2/2] (0.67ns)   --->   "%XW_block_119_load = load i4 %XW_block_119_addr" [src/integrated-gcn/gemm_stage.cpp:110]   --->   Operation 833 'load' 'XW_block_119_load' <Predicate = true> <Delay = 0.67> <CoreInst = "RAM">   --->   Core 82 'RAM' <Latency = 1> <II = 1> <Delay = 0.67> <Storage> <Opcode : 'load' 'store'> <Ports = 2> <Width = 32> <Depth = 16> <RAM>
ST_2 : Operation 834 [2/3] (0.99ns) (grouped into DSP with root node add_ln110_120)   --->   "%mul_ln110_120 = mul i32 %sext_ln110_65, i32 %sext_ln110_56_cast" [src/integrated-gcn/gemm_stage.cpp:110]   --->   Operation 834 'mul' 'mul_ln110_120' <Predicate = true> <Delay = 0.99> <CoreInst = "DSP48">   --->   Core 124 'DSP48' <Latency = 3> <II = 1> <Delay = 0.53> <IPBlock> <Opcode : 'add' 'sub' 'mul' 'select'> <InPorts = 0> <OutPorts = 1> <Sync> <CReg>
ST_2 : Operation 835 [1/1] (0.00ns)   --->   "%XW_block_120_addr = getelementptr i32 %XW_block_120, i64 0, i64 %zext_ln101" [src/integrated-gcn/gemm_stage.cpp:110]   --->   Operation 835 'getelementptr' 'XW_block_120_addr' <Predicate = true> <Delay = 0.00>
ST_2 : Operation 836 [2/2] (0.67ns)   --->   "%XW_block_120_load = load i4 %XW_block_120_addr" [src/integrated-gcn/gemm_stage.cpp:110]   --->   Operation 836 'load' 'XW_block_120_load' <Predicate = true> <Delay = 0.67> <CoreInst = "RAM">   --->   Core 82 'RAM' <Latency = 1> <II = 1> <Delay = 0.67> <Storage> <Opcode : 'load' 'store'> <Ports = 2> <Width = 32> <Depth = 16> <RAM>
ST_2 : Operation 837 [2/3] (0.99ns) (grouped into DSP with root node add_ln110_121)   --->   "%mul_ln110_121 = mul i32 %sext_ln110_65, i32 %sext_ln110_57_cast" [src/integrated-gcn/gemm_stage.cpp:110]   --->   Operation 837 'mul' 'mul_ln110_121' <Predicate = true> <Delay = 0.99> <CoreInst = "DSP48">   --->   Core 124 'DSP48' <Latency = 3> <II = 1> <Delay = 0.53> <IPBlock> <Opcode : 'add' 'sub' 'mul' 'select'> <InPorts = 0> <OutPorts = 1> <Sync> <CReg>
ST_2 : Operation 838 [1/1] (0.00ns)   --->   "%XW_block_121_addr = getelementptr i32 %XW_block_121, i64 0, i64 %zext_ln101" [src/integrated-gcn/gemm_stage.cpp:110]   --->   Operation 838 'getelementptr' 'XW_block_121_addr' <Predicate = true> <Delay = 0.00>
ST_2 : Operation 839 [2/2] (0.67ns)   --->   "%XW_block_121_load = load i4 %XW_block_121_addr" [src/integrated-gcn/gemm_stage.cpp:110]   --->   Operation 839 'load' 'XW_block_121_load' <Predicate = true> <Delay = 0.67> <CoreInst = "RAM">   --->   Core 82 'RAM' <Latency = 1> <II = 1> <Delay = 0.67> <Storage> <Opcode : 'load' 'store'> <Ports = 2> <Width = 32> <Depth = 16> <RAM>
ST_2 : Operation 840 [2/3] (0.99ns) (grouped into DSP with root node add_ln110_122)   --->   "%mul_ln110_122 = mul i32 %sext_ln110_65, i32 %sext_ln110_58_cast" [src/integrated-gcn/gemm_stage.cpp:110]   --->   Operation 840 'mul' 'mul_ln110_122' <Predicate = true> <Delay = 0.99> <CoreInst = "DSP48">   --->   Core 124 'DSP48' <Latency = 3> <II = 1> <Delay = 0.53> <IPBlock> <Opcode : 'add' 'sub' 'mul' 'select'> <InPorts = 0> <OutPorts = 1> <Sync> <CReg>
ST_2 : Operation 841 [1/1] (0.00ns)   --->   "%XW_block_122_addr = getelementptr i32 %XW_block_122, i64 0, i64 %zext_ln101" [src/integrated-gcn/gemm_stage.cpp:110]   --->   Operation 841 'getelementptr' 'XW_block_122_addr' <Predicate = true> <Delay = 0.00>
ST_2 : Operation 842 [2/2] (0.67ns)   --->   "%XW_block_122_load = load i4 %XW_block_122_addr" [src/integrated-gcn/gemm_stage.cpp:110]   --->   Operation 842 'load' 'XW_block_122_load' <Predicate = true> <Delay = 0.67> <CoreInst = "RAM">   --->   Core 82 'RAM' <Latency = 1> <II = 1> <Delay = 0.67> <Storage> <Opcode : 'load' 'store'> <Ports = 2> <Width = 32> <Depth = 16> <RAM>
ST_2 : Operation 843 [2/3] (0.99ns) (grouped into DSP with root node add_ln110_123)   --->   "%mul_ln110_123 = mul i32 %sext_ln110_65, i32 %sext_ln110_59_cast" [src/integrated-gcn/gemm_stage.cpp:110]   --->   Operation 843 'mul' 'mul_ln110_123' <Predicate = true> <Delay = 0.99> <CoreInst = "DSP48">   --->   Core 124 'DSP48' <Latency = 3> <II = 1> <Delay = 0.53> <IPBlock> <Opcode : 'add' 'sub' 'mul' 'select'> <InPorts = 0> <OutPorts = 1> <Sync> <CReg>
ST_2 : Operation 844 [1/1] (0.00ns)   --->   "%XW_block_123_addr = getelementptr i32 %XW_block_123, i64 0, i64 %zext_ln101" [src/integrated-gcn/gemm_stage.cpp:110]   --->   Operation 844 'getelementptr' 'XW_block_123_addr' <Predicate = true> <Delay = 0.00>
ST_2 : Operation 845 [2/2] (0.67ns)   --->   "%XW_block_123_load = load i4 %XW_block_123_addr" [src/integrated-gcn/gemm_stage.cpp:110]   --->   Operation 845 'load' 'XW_block_123_load' <Predicate = true> <Delay = 0.67> <CoreInst = "RAM">   --->   Core 82 'RAM' <Latency = 1> <II = 1> <Delay = 0.67> <Storage> <Opcode : 'load' 'store'> <Ports = 2> <Width = 32> <Depth = 16> <RAM>
ST_2 : Operation 846 [2/3] (0.99ns) (grouped into DSP with root node add_ln110_124)   --->   "%mul_ln110_124 = mul i32 %sext_ln110_65, i32 %sext_ln110_60_cast" [src/integrated-gcn/gemm_stage.cpp:110]   --->   Operation 846 'mul' 'mul_ln110_124' <Predicate = true> <Delay = 0.99> <CoreInst = "DSP48">   --->   Core 124 'DSP48' <Latency = 3> <II = 1> <Delay = 0.53> <IPBlock> <Opcode : 'add' 'sub' 'mul' 'select'> <InPorts = 0> <OutPorts = 1> <Sync> <CReg>
ST_2 : Operation 847 [1/1] (0.00ns)   --->   "%XW_block_124_addr = getelementptr i32 %XW_block_124, i64 0, i64 %zext_ln101" [src/integrated-gcn/gemm_stage.cpp:110]   --->   Operation 847 'getelementptr' 'XW_block_124_addr' <Predicate = true> <Delay = 0.00>
ST_2 : Operation 848 [2/2] (0.67ns)   --->   "%XW_block_124_load = load i4 %XW_block_124_addr" [src/integrated-gcn/gemm_stage.cpp:110]   --->   Operation 848 'load' 'XW_block_124_load' <Predicate = true> <Delay = 0.67> <CoreInst = "RAM">   --->   Core 82 'RAM' <Latency = 1> <II = 1> <Delay = 0.67> <Storage> <Opcode : 'load' 'store'> <Ports = 2> <Width = 32> <Depth = 16> <RAM>
ST_2 : Operation 849 [2/3] (0.99ns) (grouped into DSP with root node add_ln110_125)   --->   "%mul_ln110_125 = mul i32 %sext_ln110_65, i32 %sext_ln110_61_cast" [src/integrated-gcn/gemm_stage.cpp:110]   --->   Operation 849 'mul' 'mul_ln110_125' <Predicate = true> <Delay = 0.99> <CoreInst = "DSP48">   --->   Core 124 'DSP48' <Latency = 3> <II = 1> <Delay = 0.53> <IPBlock> <Opcode : 'add' 'sub' 'mul' 'select'> <InPorts = 0> <OutPorts = 1> <Sync> <CReg>
ST_2 : Operation 850 [1/1] (0.00ns)   --->   "%XW_block_125_addr = getelementptr i32 %XW_block_125, i64 0, i64 %zext_ln101" [src/integrated-gcn/gemm_stage.cpp:110]   --->   Operation 850 'getelementptr' 'XW_block_125_addr' <Predicate = true> <Delay = 0.00>
ST_2 : Operation 851 [2/2] (0.67ns)   --->   "%XW_block_125_load = load i4 %XW_block_125_addr" [src/integrated-gcn/gemm_stage.cpp:110]   --->   Operation 851 'load' 'XW_block_125_load' <Predicate = true> <Delay = 0.67> <CoreInst = "RAM">   --->   Core 82 'RAM' <Latency = 1> <II = 1> <Delay = 0.67> <Storage> <Opcode : 'load' 'store'> <Ports = 2> <Width = 32> <Depth = 16> <RAM>
ST_2 : Operation 852 [2/3] (0.99ns) (grouped into DSP with root node add_ln110_126)   --->   "%mul_ln110_126 = mul i32 %sext_ln110_65, i32 %sext_ln110_62_cast" [src/integrated-gcn/gemm_stage.cpp:110]   --->   Operation 852 'mul' 'mul_ln110_126' <Predicate = true> <Delay = 0.99> <CoreInst = "DSP48">   --->   Core 124 'DSP48' <Latency = 3> <II = 1> <Delay = 0.53> <IPBlock> <Opcode : 'add' 'sub' 'mul' 'select'> <InPorts = 0> <OutPorts = 1> <Sync> <CReg>
ST_2 : Operation 853 [1/1] (0.00ns)   --->   "%XW_block_126_addr = getelementptr i32 %XW_block_126, i64 0, i64 %zext_ln101" [src/integrated-gcn/gemm_stage.cpp:110]   --->   Operation 853 'getelementptr' 'XW_block_126_addr' <Predicate = true> <Delay = 0.00>
ST_2 : Operation 854 [2/2] (0.67ns)   --->   "%XW_block_126_load = load i4 %XW_block_126_addr" [src/integrated-gcn/gemm_stage.cpp:110]   --->   Operation 854 'load' 'XW_block_126_load' <Predicate = true> <Delay = 0.67> <CoreInst = "RAM">   --->   Core 82 'RAM' <Latency = 1> <II = 1> <Delay = 0.67> <Storage> <Opcode : 'load' 'store'> <Ports = 2> <Width = 32> <Depth = 16> <RAM>
ST_2 : Operation 855 [2/3] (0.99ns) (grouped into DSP with root node add_ln110_127)   --->   "%mul_ln110_127 = mul i32 %sext_ln110_65, i32 %sext_ln110_63_cast" [src/integrated-gcn/gemm_stage.cpp:110]   --->   Operation 855 'mul' 'mul_ln110_127' <Predicate = true> <Delay = 0.99> <CoreInst = "DSP48">   --->   Core 124 'DSP48' <Latency = 3> <II = 1> <Delay = 0.53> <IPBlock> <Opcode : 'add' 'sub' 'mul' 'select'> <InPorts = 0> <OutPorts = 1> <Sync> <CReg>
ST_2 : Operation 856 [1/1] (0.00ns)   --->   "%XW_block_127_addr = getelementptr i32 %XW_block_127, i64 0, i64 %zext_ln101" [src/integrated-gcn/gemm_stage.cpp:110]   --->   Operation 856 'getelementptr' 'XW_block_127_addr' <Predicate = true> <Delay = 0.00>
ST_2 : Operation 857 [2/2] (0.67ns)   --->   "%XW_block_127_load = load i4 %XW_block_127_addr" [src/integrated-gcn/gemm_stage.cpp:110]   --->   Operation 857 'load' 'XW_block_127_load' <Predicate = true> <Delay = 0.67> <CoreInst = "RAM">   --->   Core 82 'RAM' <Latency = 1> <II = 1> <Delay = 0.67> <Storage> <Opcode : 'load' 'store'> <Ports = 2> <Width = 32> <Depth = 16> <RAM>
ST_2 : Operation 858 [2/3] (0.99ns) (grouped into DSP with root node add_ln110_128)   --->   "%mul_ln110_128 = mul i32 %sext_ln110_66, i32 %sext_ln110_cast" [src/integrated-gcn/gemm_stage.cpp:110]   --->   Operation 858 'mul' 'mul_ln110_128' <Predicate = true> <Delay = 0.99> <CoreInst = "DSP48">   --->   Core 124 'DSP48' <Latency = 3> <II = 1> <Delay = 0.53> <IPBlock> <Opcode : 'add' 'sub' 'mul' 'select'> <InPorts = 0> <OutPorts = 1> <Sync> <CReg>
ST_2 : Operation 859 [1/1] (0.00ns)   --->   "%XW_block_128_addr = getelementptr i32 %XW_block_128, i64 0, i64 %zext_ln101" [src/integrated-gcn/gemm_stage.cpp:110]   --->   Operation 859 'getelementptr' 'XW_block_128_addr' <Predicate = true> <Delay = 0.00>
ST_2 : Operation 860 [2/2] (0.67ns)   --->   "%XW_block_128_load = load i4 %XW_block_128_addr" [src/integrated-gcn/gemm_stage.cpp:110]   --->   Operation 860 'load' 'XW_block_128_load' <Predicate = true> <Delay = 0.67> <CoreInst = "RAM">   --->   Core 82 'RAM' <Latency = 1> <II = 1> <Delay = 0.67> <Storage> <Opcode : 'load' 'store'> <Ports = 2> <Width = 32> <Depth = 16> <RAM>
ST_2 : Operation 861 [2/3] (0.99ns) (grouped into DSP with root node add_ln110_129)   --->   "%mul_ln110_129 = mul i32 %sext_ln110_66, i32 %sext_ln110_1_cast" [src/integrated-gcn/gemm_stage.cpp:110]   --->   Operation 861 'mul' 'mul_ln110_129' <Predicate = true> <Delay = 0.99> <CoreInst = "DSP48">   --->   Core 124 'DSP48' <Latency = 3> <II = 1> <Delay = 0.53> <IPBlock> <Opcode : 'add' 'sub' 'mul' 'select'> <InPorts = 0> <OutPorts = 1> <Sync> <CReg>
ST_2 : Operation 862 [1/1] (0.00ns)   --->   "%XW_block_129_addr = getelementptr i32 %XW_block_129, i64 0, i64 %zext_ln101" [src/integrated-gcn/gemm_stage.cpp:110]   --->   Operation 862 'getelementptr' 'XW_block_129_addr' <Predicate = true> <Delay = 0.00>
ST_2 : Operation 863 [2/2] (0.67ns)   --->   "%XW_block_129_load = load i4 %XW_block_129_addr" [src/integrated-gcn/gemm_stage.cpp:110]   --->   Operation 863 'load' 'XW_block_129_load' <Predicate = true> <Delay = 0.67> <CoreInst = "RAM">   --->   Core 82 'RAM' <Latency = 1> <II = 1> <Delay = 0.67> <Storage> <Opcode : 'load' 'store'> <Ports = 2> <Width = 32> <Depth = 16> <RAM>
ST_2 : Operation 864 [2/3] (0.99ns) (grouped into DSP with root node add_ln110_130)   --->   "%mul_ln110_130 = mul i32 %sext_ln110_66, i32 %sext_ln110_2_cast" [src/integrated-gcn/gemm_stage.cpp:110]   --->   Operation 864 'mul' 'mul_ln110_130' <Predicate = true> <Delay = 0.99> <CoreInst = "DSP48">   --->   Core 124 'DSP48' <Latency = 3> <II = 1> <Delay = 0.53> <IPBlock> <Opcode : 'add' 'sub' 'mul' 'select'> <InPorts = 0> <OutPorts = 1> <Sync> <CReg>
ST_2 : Operation 865 [1/1] (0.00ns)   --->   "%XW_block_130_addr = getelementptr i32 %XW_block_130, i64 0, i64 %zext_ln101" [src/integrated-gcn/gemm_stage.cpp:110]   --->   Operation 865 'getelementptr' 'XW_block_130_addr' <Predicate = true> <Delay = 0.00>
ST_2 : Operation 866 [2/2] (0.67ns)   --->   "%XW_block_130_load = load i4 %XW_block_130_addr" [src/integrated-gcn/gemm_stage.cpp:110]   --->   Operation 866 'load' 'XW_block_130_load' <Predicate = true> <Delay = 0.67> <CoreInst = "RAM">   --->   Core 82 'RAM' <Latency = 1> <II = 1> <Delay = 0.67> <Storage> <Opcode : 'load' 'store'> <Ports = 2> <Width = 32> <Depth = 16> <RAM>
ST_2 : Operation 867 [2/3] (0.99ns) (grouped into DSP with root node add_ln110_131)   --->   "%mul_ln110_131 = mul i32 %sext_ln110_66, i32 %sext_ln110_3_cast" [src/integrated-gcn/gemm_stage.cpp:110]   --->   Operation 867 'mul' 'mul_ln110_131' <Predicate = true> <Delay = 0.99> <CoreInst = "DSP48">   --->   Core 124 'DSP48' <Latency = 3> <II = 1> <Delay = 0.53> <IPBlock> <Opcode : 'add' 'sub' 'mul' 'select'> <InPorts = 0> <OutPorts = 1> <Sync> <CReg>
ST_2 : Operation 868 [1/1] (0.00ns)   --->   "%XW_block_131_addr = getelementptr i32 %XW_block_131, i64 0, i64 %zext_ln101" [src/integrated-gcn/gemm_stage.cpp:110]   --->   Operation 868 'getelementptr' 'XW_block_131_addr' <Predicate = true> <Delay = 0.00>
ST_2 : Operation 869 [2/2] (0.67ns)   --->   "%XW_block_131_load = load i4 %XW_block_131_addr" [src/integrated-gcn/gemm_stage.cpp:110]   --->   Operation 869 'load' 'XW_block_131_load' <Predicate = true> <Delay = 0.67> <CoreInst = "RAM">   --->   Core 82 'RAM' <Latency = 1> <II = 1> <Delay = 0.67> <Storage> <Opcode : 'load' 'store'> <Ports = 2> <Width = 32> <Depth = 16> <RAM>
ST_2 : Operation 870 [2/3] (0.99ns) (grouped into DSP with root node add_ln110_132)   --->   "%mul_ln110_132 = mul i32 %sext_ln110_66, i32 %sext_ln110_4_cast" [src/integrated-gcn/gemm_stage.cpp:110]   --->   Operation 870 'mul' 'mul_ln110_132' <Predicate = true> <Delay = 0.99> <CoreInst = "DSP48">   --->   Core 124 'DSP48' <Latency = 3> <II = 1> <Delay = 0.53> <IPBlock> <Opcode : 'add' 'sub' 'mul' 'select'> <InPorts = 0> <OutPorts = 1> <Sync> <CReg>
ST_2 : Operation 871 [1/1] (0.00ns)   --->   "%XW_block_132_addr = getelementptr i32 %XW_block_132, i64 0, i64 %zext_ln101" [src/integrated-gcn/gemm_stage.cpp:110]   --->   Operation 871 'getelementptr' 'XW_block_132_addr' <Predicate = true> <Delay = 0.00>
ST_2 : Operation 872 [2/2] (0.67ns)   --->   "%XW_block_132_load = load i4 %XW_block_132_addr" [src/integrated-gcn/gemm_stage.cpp:110]   --->   Operation 872 'load' 'XW_block_132_load' <Predicate = true> <Delay = 0.67> <CoreInst = "RAM">   --->   Core 82 'RAM' <Latency = 1> <II = 1> <Delay = 0.67> <Storage> <Opcode : 'load' 'store'> <Ports = 2> <Width = 32> <Depth = 16> <RAM>
ST_2 : Operation 873 [2/3] (0.99ns) (grouped into DSP with root node add_ln110_133)   --->   "%mul_ln110_133 = mul i32 %sext_ln110_66, i32 %sext_ln110_5_cast" [src/integrated-gcn/gemm_stage.cpp:110]   --->   Operation 873 'mul' 'mul_ln110_133' <Predicate = true> <Delay = 0.99> <CoreInst = "DSP48">   --->   Core 124 'DSP48' <Latency = 3> <II = 1> <Delay = 0.53> <IPBlock> <Opcode : 'add' 'sub' 'mul' 'select'> <InPorts = 0> <OutPorts = 1> <Sync> <CReg>
ST_2 : Operation 874 [1/1] (0.00ns)   --->   "%XW_block_133_addr = getelementptr i32 %XW_block_133, i64 0, i64 %zext_ln101" [src/integrated-gcn/gemm_stage.cpp:110]   --->   Operation 874 'getelementptr' 'XW_block_133_addr' <Predicate = true> <Delay = 0.00>
ST_2 : Operation 875 [2/2] (0.67ns)   --->   "%XW_block_133_load = load i4 %XW_block_133_addr" [src/integrated-gcn/gemm_stage.cpp:110]   --->   Operation 875 'load' 'XW_block_133_load' <Predicate = true> <Delay = 0.67> <CoreInst = "RAM">   --->   Core 82 'RAM' <Latency = 1> <II = 1> <Delay = 0.67> <Storage> <Opcode : 'load' 'store'> <Ports = 2> <Width = 32> <Depth = 16> <RAM>
ST_2 : Operation 876 [2/3] (0.99ns) (grouped into DSP with root node add_ln110_134)   --->   "%mul_ln110_134 = mul i32 %sext_ln110_66, i32 %sext_ln110_6_cast" [src/integrated-gcn/gemm_stage.cpp:110]   --->   Operation 876 'mul' 'mul_ln110_134' <Predicate = true> <Delay = 0.99> <CoreInst = "DSP48">   --->   Core 124 'DSP48' <Latency = 3> <II = 1> <Delay = 0.53> <IPBlock> <Opcode : 'add' 'sub' 'mul' 'select'> <InPorts = 0> <OutPorts = 1> <Sync> <CReg>
ST_2 : Operation 877 [1/1] (0.00ns)   --->   "%XW_block_134_addr = getelementptr i32 %XW_block_134, i64 0, i64 %zext_ln101" [src/integrated-gcn/gemm_stage.cpp:110]   --->   Operation 877 'getelementptr' 'XW_block_134_addr' <Predicate = true> <Delay = 0.00>
ST_2 : Operation 878 [2/2] (0.67ns)   --->   "%XW_block_134_load = load i4 %XW_block_134_addr" [src/integrated-gcn/gemm_stage.cpp:110]   --->   Operation 878 'load' 'XW_block_134_load' <Predicate = true> <Delay = 0.67> <CoreInst = "RAM">   --->   Core 82 'RAM' <Latency = 1> <II = 1> <Delay = 0.67> <Storage> <Opcode : 'load' 'store'> <Ports = 2> <Width = 32> <Depth = 16> <RAM>
ST_2 : Operation 879 [2/3] (0.99ns) (grouped into DSP with root node add_ln110_135)   --->   "%mul_ln110_135 = mul i32 %sext_ln110_66, i32 %sext_ln110_7_cast" [src/integrated-gcn/gemm_stage.cpp:110]   --->   Operation 879 'mul' 'mul_ln110_135' <Predicate = true> <Delay = 0.99> <CoreInst = "DSP48">   --->   Core 124 'DSP48' <Latency = 3> <II = 1> <Delay = 0.53> <IPBlock> <Opcode : 'add' 'sub' 'mul' 'select'> <InPorts = 0> <OutPorts = 1> <Sync> <CReg>
ST_2 : Operation 880 [1/1] (0.00ns)   --->   "%XW_block_135_addr = getelementptr i32 %XW_block_135, i64 0, i64 %zext_ln101" [src/integrated-gcn/gemm_stage.cpp:110]   --->   Operation 880 'getelementptr' 'XW_block_135_addr' <Predicate = true> <Delay = 0.00>
ST_2 : Operation 881 [2/2] (0.67ns)   --->   "%XW_block_135_load = load i4 %XW_block_135_addr" [src/integrated-gcn/gemm_stage.cpp:110]   --->   Operation 881 'load' 'XW_block_135_load' <Predicate = true> <Delay = 0.67> <CoreInst = "RAM">   --->   Core 82 'RAM' <Latency = 1> <II = 1> <Delay = 0.67> <Storage> <Opcode : 'load' 'store'> <Ports = 2> <Width = 32> <Depth = 16> <RAM>
ST_2 : Operation 882 [2/3] (0.99ns) (grouped into DSP with root node add_ln110_136)   --->   "%mul_ln110_136 = mul i32 %sext_ln110_66, i32 %sext_ln110_8_cast" [src/integrated-gcn/gemm_stage.cpp:110]   --->   Operation 882 'mul' 'mul_ln110_136' <Predicate = true> <Delay = 0.99> <CoreInst = "DSP48">   --->   Core 124 'DSP48' <Latency = 3> <II = 1> <Delay = 0.53> <IPBlock> <Opcode : 'add' 'sub' 'mul' 'select'> <InPorts = 0> <OutPorts = 1> <Sync> <CReg>
ST_2 : Operation 883 [1/1] (0.00ns)   --->   "%XW_block_136_addr = getelementptr i32 %XW_block_136, i64 0, i64 %zext_ln101" [src/integrated-gcn/gemm_stage.cpp:110]   --->   Operation 883 'getelementptr' 'XW_block_136_addr' <Predicate = true> <Delay = 0.00>
ST_2 : Operation 884 [2/2] (0.67ns)   --->   "%XW_block_136_load = load i4 %XW_block_136_addr" [src/integrated-gcn/gemm_stage.cpp:110]   --->   Operation 884 'load' 'XW_block_136_load' <Predicate = true> <Delay = 0.67> <CoreInst = "RAM">   --->   Core 82 'RAM' <Latency = 1> <II = 1> <Delay = 0.67> <Storage> <Opcode : 'load' 'store'> <Ports = 2> <Width = 32> <Depth = 16> <RAM>
ST_2 : Operation 885 [2/3] (0.99ns) (grouped into DSP with root node add_ln110_137)   --->   "%mul_ln110_137 = mul i32 %sext_ln110_66, i32 %sext_ln110_9_cast" [src/integrated-gcn/gemm_stage.cpp:110]   --->   Operation 885 'mul' 'mul_ln110_137' <Predicate = true> <Delay = 0.99> <CoreInst = "DSP48">   --->   Core 124 'DSP48' <Latency = 3> <II = 1> <Delay = 0.53> <IPBlock> <Opcode : 'add' 'sub' 'mul' 'select'> <InPorts = 0> <OutPorts = 1> <Sync> <CReg>
ST_2 : Operation 886 [1/1] (0.00ns)   --->   "%XW_block_137_addr = getelementptr i32 %XW_block_137, i64 0, i64 %zext_ln101" [src/integrated-gcn/gemm_stage.cpp:110]   --->   Operation 886 'getelementptr' 'XW_block_137_addr' <Predicate = true> <Delay = 0.00>
ST_2 : Operation 887 [2/2] (0.67ns)   --->   "%XW_block_137_load = load i4 %XW_block_137_addr" [src/integrated-gcn/gemm_stage.cpp:110]   --->   Operation 887 'load' 'XW_block_137_load' <Predicate = true> <Delay = 0.67> <CoreInst = "RAM">   --->   Core 82 'RAM' <Latency = 1> <II = 1> <Delay = 0.67> <Storage> <Opcode : 'load' 'store'> <Ports = 2> <Width = 32> <Depth = 16> <RAM>
ST_2 : Operation 888 [2/3] (0.99ns) (grouped into DSP with root node add_ln110_138)   --->   "%mul_ln110_138 = mul i32 %sext_ln110_66, i32 %sext_ln110_10_cast" [src/integrated-gcn/gemm_stage.cpp:110]   --->   Operation 888 'mul' 'mul_ln110_138' <Predicate = true> <Delay = 0.99> <CoreInst = "DSP48">   --->   Core 124 'DSP48' <Latency = 3> <II = 1> <Delay = 0.53> <IPBlock> <Opcode : 'add' 'sub' 'mul' 'select'> <InPorts = 0> <OutPorts = 1> <Sync> <CReg>
ST_2 : Operation 889 [1/1] (0.00ns)   --->   "%XW_block_138_addr = getelementptr i32 %XW_block_138, i64 0, i64 %zext_ln101" [src/integrated-gcn/gemm_stage.cpp:110]   --->   Operation 889 'getelementptr' 'XW_block_138_addr' <Predicate = true> <Delay = 0.00>
ST_2 : Operation 890 [2/2] (0.67ns)   --->   "%XW_block_138_load = load i4 %XW_block_138_addr" [src/integrated-gcn/gemm_stage.cpp:110]   --->   Operation 890 'load' 'XW_block_138_load' <Predicate = true> <Delay = 0.67> <CoreInst = "RAM">   --->   Core 82 'RAM' <Latency = 1> <II = 1> <Delay = 0.67> <Storage> <Opcode : 'load' 'store'> <Ports = 2> <Width = 32> <Depth = 16> <RAM>
ST_2 : Operation 891 [2/3] (0.99ns) (grouped into DSP with root node add_ln110_139)   --->   "%mul_ln110_139 = mul i32 %sext_ln110_66, i32 %sext_ln110_11_cast" [src/integrated-gcn/gemm_stage.cpp:110]   --->   Operation 891 'mul' 'mul_ln110_139' <Predicate = true> <Delay = 0.99> <CoreInst = "DSP48">   --->   Core 124 'DSP48' <Latency = 3> <II = 1> <Delay = 0.53> <IPBlock> <Opcode : 'add' 'sub' 'mul' 'select'> <InPorts = 0> <OutPorts = 1> <Sync> <CReg>
ST_2 : Operation 892 [1/1] (0.00ns)   --->   "%XW_block_139_addr = getelementptr i32 %XW_block_139, i64 0, i64 %zext_ln101" [src/integrated-gcn/gemm_stage.cpp:110]   --->   Operation 892 'getelementptr' 'XW_block_139_addr' <Predicate = true> <Delay = 0.00>
ST_2 : Operation 893 [2/2] (0.67ns)   --->   "%XW_block_139_load = load i4 %XW_block_139_addr" [src/integrated-gcn/gemm_stage.cpp:110]   --->   Operation 893 'load' 'XW_block_139_load' <Predicate = true> <Delay = 0.67> <CoreInst = "RAM">   --->   Core 82 'RAM' <Latency = 1> <II = 1> <Delay = 0.67> <Storage> <Opcode : 'load' 'store'> <Ports = 2> <Width = 32> <Depth = 16> <RAM>
ST_2 : Operation 894 [2/3] (0.99ns) (grouped into DSP with root node add_ln110_140)   --->   "%mul_ln110_140 = mul i32 %sext_ln110_66, i32 %sext_ln110_12_cast" [src/integrated-gcn/gemm_stage.cpp:110]   --->   Operation 894 'mul' 'mul_ln110_140' <Predicate = true> <Delay = 0.99> <CoreInst = "DSP48">   --->   Core 124 'DSP48' <Latency = 3> <II = 1> <Delay = 0.53> <IPBlock> <Opcode : 'add' 'sub' 'mul' 'select'> <InPorts = 0> <OutPorts = 1> <Sync> <CReg>
ST_2 : Operation 895 [1/1] (0.00ns)   --->   "%XW_block_140_addr = getelementptr i32 %XW_block_140, i64 0, i64 %zext_ln101" [src/integrated-gcn/gemm_stage.cpp:110]   --->   Operation 895 'getelementptr' 'XW_block_140_addr' <Predicate = true> <Delay = 0.00>
ST_2 : Operation 896 [2/2] (0.67ns)   --->   "%XW_block_140_load = load i4 %XW_block_140_addr" [src/integrated-gcn/gemm_stage.cpp:110]   --->   Operation 896 'load' 'XW_block_140_load' <Predicate = true> <Delay = 0.67> <CoreInst = "RAM">   --->   Core 82 'RAM' <Latency = 1> <II = 1> <Delay = 0.67> <Storage> <Opcode : 'load' 'store'> <Ports = 2> <Width = 32> <Depth = 16> <RAM>
ST_2 : Operation 897 [2/3] (0.99ns) (grouped into DSP with root node add_ln110_141)   --->   "%mul_ln110_141 = mul i32 %sext_ln110_66, i32 %sext_ln110_13_cast" [src/integrated-gcn/gemm_stage.cpp:110]   --->   Operation 897 'mul' 'mul_ln110_141' <Predicate = true> <Delay = 0.99> <CoreInst = "DSP48">   --->   Core 124 'DSP48' <Latency = 3> <II = 1> <Delay = 0.53> <IPBlock> <Opcode : 'add' 'sub' 'mul' 'select'> <InPorts = 0> <OutPorts = 1> <Sync> <CReg>
ST_2 : Operation 898 [1/1] (0.00ns)   --->   "%XW_block_141_addr = getelementptr i32 %XW_block_141, i64 0, i64 %zext_ln101" [src/integrated-gcn/gemm_stage.cpp:110]   --->   Operation 898 'getelementptr' 'XW_block_141_addr' <Predicate = true> <Delay = 0.00>
ST_2 : Operation 899 [2/2] (0.67ns)   --->   "%XW_block_141_load = load i4 %XW_block_141_addr" [src/integrated-gcn/gemm_stage.cpp:110]   --->   Operation 899 'load' 'XW_block_141_load' <Predicate = true> <Delay = 0.67> <CoreInst = "RAM">   --->   Core 82 'RAM' <Latency = 1> <II = 1> <Delay = 0.67> <Storage> <Opcode : 'load' 'store'> <Ports = 2> <Width = 32> <Depth = 16> <RAM>
ST_2 : Operation 900 [2/3] (0.99ns) (grouped into DSP with root node add_ln110_142)   --->   "%mul_ln110_142 = mul i32 %sext_ln110_66, i32 %sext_ln110_14_cast" [src/integrated-gcn/gemm_stage.cpp:110]   --->   Operation 900 'mul' 'mul_ln110_142' <Predicate = true> <Delay = 0.99> <CoreInst = "DSP48">   --->   Core 124 'DSP48' <Latency = 3> <II = 1> <Delay = 0.53> <IPBlock> <Opcode : 'add' 'sub' 'mul' 'select'> <InPorts = 0> <OutPorts = 1> <Sync> <CReg>
ST_2 : Operation 901 [1/1] (0.00ns)   --->   "%XW_block_142_addr = getelementptr i32 %XW_block_142, i64 0, i64 %zext_ln101" [src/integrated-gcn/gemm_stage.cpp:110]   --->   Operation 901 'getelementptr' 'XW_block_142_addr' <Predicate = true> <Delay = 0.00>
ST_2 : Operation 902 [2/2] (0.67ns)   --->   "%XW_block_142_load = load i4 %XW_block_142_addr" [src/integrated-gcn/gemm_stage.cpp:110]   --->   Operation 902 'load' 'XW_block_142_load' <Predicate = true> <Delay = 0.67> <CoreInst = "RAM">   --->   Core 82 'RAM' <Latency = 1> <II = 1> <Delay = 0.67> <Storage> <Opcode : 'load' 'store'> <Ports = 2> <Width = 32> <Depth = 16> <RAM>
ST_2 : Operation 903 [2/3] (0.99ns) (grouped into DSP with root node add_ln110_143)   --->   "%mul_ln110_143 = mul i32 %sext_ln110_66, i32 %sext_ln110_15_cast" [src/integrated-gcn/gemm_stage.cpp:110]   --->   Operation 903 'mul' 'mul_ln110_143' <Predicate = true> <Delay = 0.99> <CoreInst = "DSP48">   --->   Core 124 'DSP48' <Latency = 3> <II = 1> <Delay = 0.53> <IPBlock> <Opcode : 'add' 'sub' 'mul' 'select'> <InPorts = 0> <OutPorts = 1> <Sync> <CReg>
ST_2 : Operation 904 [1/1] (0.00ns)   --->   "%XW_block_143_addr = getelementptr i32 %XW_block_143, i64 0, i64 %zext_ln101" [src/integrated-gcn/gemm_stage.cpp:110]   --->   Operation 904 'getelementptr' 'XW_block_143_addr' <Predicate = true> <Delay = 0.00>
ST_2 : Operation 905 [2/2] (0.67ns)   --->   "%XW_block_143_load = load i4 %XW_block_143_addr" [src/integrated-gcn/gemm_stage.cpp:110]   --->   Operation 905 'load' 'XW_block_143_load' <Predicate = true> <Delay = 0.67> <CoreInst = "RAM">   --->   Core 82 'RAM' <Latency = 1> <II = 1> <Delay = 0.67> <Storage> <Opcode : 'load' 'store'> <Ports = 2> <Width = 32> <Depth = 16> <RAM>
ST_2 : Operation 906 [2/3] (0.99ns) (grouped into DSP with root node add_ln110_144)   --->   "%mul_ln110_144 = mul i32 %sext_ln110_66, i32 %sext_ln110_16_cast" [src/integrated-gcn/gemm_stage.cpp:110]   --->   Operation 906 'mul' 'mul_ln110_144' <Predicate = true> <Delay = 0.99> <CoreInst = "DSP48">   --->   Core 124 'DSP48' <Latency = 3> <II = 1> <Delay = 0.53> <IPBlock> <Opcode : 'add' 'sub' 'mul' 'select'> <InPorts = 0> <OutPorts = 1> <Sync> <CReg>
ST_2 : Operation 907 [1/1] (0.00ns)   --->   "%XW_block_144_addr = getelementptr i32 %XW_block_144, i64 0, i64 %zext_ln101" [src/integrated-gcn/gemm_stage.cpp:110]   --->   Operation 907 'getelementptr' 'XW_block_144_addr' <Predicate = true> <Delay = 0.00>
ST_2 : Operation 908 [2/2] (0.67ns)   --->   "%XW_block_144_load = load i4 %XW_block_144_addr" [src/integrated-gcn/gemm_stage.cpp:110]   --->   Operation 908 'load' 'XW_block_144_load' <Predicate = true> <Delay = 0.67> <CoreInst = "RAM">   --->   Core 82 'RAM' <Latency = 1> <II = 1> <Delay = 0.67> <Storage> <Opcode : 'load' 'store'> <Ports = 2> <Width = 32> <Depth = 16> <RAM>
ST_2 : Operation 909 [2/3] (0.99ns) (grouped into DSP with root node add_ln110_145)   --->   "%mul_ln110_145 = mul i32 %sext_ln110_66, i32 %sext_ln110_17_cast" [src/integrated-gcn/gemm_stage.cpp:110]   --->   Operation 909 'mul' 'mul_ln110_145' <Predicate = true> <Delay = 0.99> <CoreInst = "DSP48">   --->   Core 124 'DSP48' <Latency = 3> <II = 1> <Delay = 0.53> <IPBlock> <Opcode : 'add' 'sub' 'mul' 'select'> <InPorts = 0> <OutPorts = 1> <Sync> <CReg>
ST_2 : Operation 910 [1/1] (0.00ns)   --->   "%XW_block_145_addr = getelementptr i32 %XW_block_145, i64 0, i64 %zext_ln101" [src/integrated-gcn/gemm_stage.cpp:110]   --->   Operation 910 'getelementptr' 'XW_block_145_addr' <Predicate = true> <Delay = 0.00>
ST_2 : Operation 911 [2/2] (0.67ns)   --->   "%XW_block_145_load = load i4 %XW_block_145_addr" [src/integrated-gcn/gemm_stage.cpp:110]   --->   Operation 911 'load' 'XW_block_145_load' <Predicate = true> <Delay = 0.67> <CoreInst = "RAM">   --->   Core 82 'RAM' <Latency = 1> <II = 1> <Delay = 0.67> <Storage> <Opcode : 'load' 'store'> <Ports = 2> <Width = 32> <Depth = 16> <RAM>
ST_2 : Operation 912 [2/3] (0.99ns) (grouped into DSP with root node add_ln110_146)   --->   "%mul_ln110_146 = mul i32 %sext_ln110_66, i32 %sext_ln110_18_cast" [src/integrated-gcn/gemm_stage.cpp:110]   --->   Operation 912 'mul' 'mul_ln110_146' <Predicate = true> <Delay = 0.99> <CoreInst = "DSP48">   --->   Core 124 'DSP48' <Latency = 3> <II = 1> <Delay = 0.53> <IPBlock> <Opcode : 'add' 'sub' 'mul' 'select'> <InPorts = 0> <OutPorts = 1> <Sync> <CReg>
ST_2 : Operation 913 [1/1] (0.00ns)   --->   "%XW_block_146_addr = getelementptr i32 %XW_block_146, i64 0, i64 %zext_ln101" [src/integrated-gcn/gemm_stage.cpp:110]   --->   Operation 913 'getelementptr' 'XW_block_146_addr' <Predicate = true> <Delay = 0.00>
ST_2 : Operation 914 [2/2] (0.67ns)   --->   "%XW_block_146_load = load i4 %XW_block_146_addr" [src/integrated-gcn/gemm_stage.cpp:110]   --->   Operation 914 'load' 'XW_block_146_load' <Predicate = true> <Delay = 0.67> <CoreInst = "RAM">   --->   Core 82 'RAM' <Latency = 1> <II = 1> <Delay = 0.67> <Storage> <Opcode : 'load' 'store'> <Ports = 2> <Width = 32> <Depth = 16> <RAM>
ST_2 : Operation 915 [2/3] (0.99ns) (grouped into DSP with root node add_ln110_147)   --->   "%mul_ln110_147 = mul i32 %sext_ln110_66, i32 %sext_ln110_19_cast" [src/integrated-gcn/gemm_stage.cpp:110]   --->   Operation 915 'mul' 'mul_ln110_147' <Predicate = true> <Delay = 0.99> <CoreInst = "DSP48">   --->   Core 124 'DSP48' <Latency = 3> <II = 1> <Delay = 0.53> <IPBlock> <Opcode : 'add' 'sub' 'mul' 'select'> <InPorts = 0> <OutPorts = 1> <Sync> <CReg>
ST_2 : Operation 916 [1/1] (0.00ns)   --->   "%XW_block_147_addr = getelementptr i32 %XW_block_147, i64 0, i64 %zext_ln101" [src/integrated-gcn/gemm_stage.cpp:110]   --->   Operation 916 'getelementptr' 'XW_block_147_addr' <Predicate = true> <Delay = 0.00>
ST_2 : Operation 917 [2/2] (0.67ns)   --->   "%XW_block_147_load = load i4 %XW_block_147_addr" [src/integrated-gcn/gemm_stage.cpp:110]   --->   Operation 917 'load' 'XW_block_147_load' <Predicate = true> <Delay = 0.67> <CoreInst = "RAM">   --->   Core 82 'RAM' <Latency = 1> <II = 1> <Delay = 0.67> <Storage> <Opcode : 'load' 'store'> <Ports = 2> <Width = 32> <Depth = 16> <RAM>
ST_2 : Operation 918 [2/3] (0.99ns) (grouped into DSP with root node add_ln110_148)   --->   "%mul_ln110_148 = mul i32 %sext_ln110_66, i32 %sext_ln110_20_cast" [src/integrated-gcn/gemm_stage.cpp:110]   --->   Operation 918 'mul' 'mul_ln110_148' <Predicate = true> <Delay = 0.99> <CoreInst = "DSP48">   --->   Core 124 'DSP48' <Latency = 3> <II = 1> <Delay = 0.53> <IPBlock> <Opcode : 'add' 'sub' 'mul' 'select'> <InPorts = 0> <OutPorts = 1> <Sync> <CReg>
ST_2 : Operation 919 [1/1] (0.00ns)   --->   "%XW_block_148_addr = getelementptr i32 %XW_block_148, i64 0, i64 %zext_ln101" [src/integrated-gcn/gemm_stage.cpp:110]   --->   Operation 919 'getelementptr' 'XW_block_148_addr' <Predicate = true> <Delay = 0.00>
ST_2 : Operation 920 [2/2] (0.67ns)   --->   "%XW_block_148_load = load i4 %XW_block_148_addr" [src/integrated-gcn/gemm_stage.cpp:110]   --->   Operation 920 'load' 'XW_block_148_load' <Predicate = true> <Delay = 0.67> <CoreInst = "RAM">   --->   Core 82 'RAM' <Latency = 1> <II = 1> <Delay = 0.67> <Storage> <Opcode : 'load' 'store'> <Ports = 2> <Width = 32> <Depth = 16> <RAM>
ST_2 : Operation 921 [2/3] (0.99ns) (grouped into DSP with root node add_ln110_149)   --->   "%mul_ln110_149 = mul i32 %sext_ln110_66, i32 %sext_ln110_21_cast" [src/integrated-gcn/gemm_stage.cpp:110]   --->   Operation 921 'mul' 'mul_ln110_149' <Predicate = true> <Delay = 0.99> <CoreInst = "DSP48">   --->   Core 124 'DSP48' <Latency = 3> <II = 1> <Delay = 0.53> <IPBlock> <Opcode : 'add' 'sub' 'mul' 'select'> <InPorts = 0> <OutPorts = 1> <Sync> <CReg>
ST_2 : Operation 922 [1/1] (0.00ns)   --->   "%XW_block_149_addr = getelementptr i32 %XW_block_149, i64 0, i64 %zext_ln101" [src/integrated-gcn/gemm_stage.cpp:110]   --->   Operation 922 'getelementptr' 'XW_block_149_addr' <Predicate = true> <Delay = 0.00>
ST_2 : Operation 923 [2/2] (0.67ns)   --->   "%XW_block_149_load = load i4 %XW_block_149_addr" [src/integrated-gcn/gemm_stage.cpp:110]   --->   Operation 923 'load' 'XW_block_149_load' <Predicate = true> <Delay = 0.67> <CoreInst = "RAM">   --->   Core 82 'RAM' <Latency = 1> <II = 1> <Delay = 0.67> <Storage> <Opcode : 'load' 'store'> <Ports = 2> <Width = 32> <Depth = 16> <RAM>
ST_2 : Operation 924 [2/3] (0.99ns) (grouped into DSP with root node add_ln110_150)   --->   "%mul_ln110_150 = mul i32 %sext_ln110_66, i32 %sext_ln110_22_cast" [src/integrated-gcn/gemm_stage.cpp:110]   --->   Operation 924 'mul' 'mul_ln110_150' <Predicate = true> <Delay = 0.99> <CoreInst = "DSP48">   --->   Core 124 'DSP48' <Latency = 3> <II = 1> <Delay = 0.53> <IPBlock> <Opcode : 'add' 'sub' 'mul' 'select'> <InPorts = 0> <OutPorts = 1> <Sync> <CReg>
ST_2 : Operation 925 [1/1] (0.00ns)   --->   "%XW_block_150_addr = getelementptr i32 %XW_block_150, i64 0, i64 %zext_ln101" [src/integrated-gcn/gemm_stage.cpp:110]   --->   Operation 925 'getelementptr' 'XW_block_150_addr' <Predicate = true> <Delay = 0.00>
ST_2 : Operation 926 [2/2] (0.67ns)   --->   "%XW_block_150_load = load i4 %XW_block_150_addr" [src/integrated-gcn/gemm_stage.cpp:110]   --->   Operation 926 'load' 'XW_block_150_load' <Predicate = true> <Delay = 0.67> <CoreInst = "RAM">   --->   Core 82 'RAM' <Latency = 1> <II = 1> <Delay = 0.67> <Storage> <Opcode : 'load' 'store'> <Ports = 2> <Width = 32> <Depth = 16> <RAM>
ST_2 : Operation 927 [2/3] (0.99ns) (grouped into DSP with root node add_ln110_151)   --->   "%mul_ln110_151 = mul i32 %sext_ln110_66, i32 %sext_ln110_23_cast" [src/integrated-gcn/gemm_stage.cpp:110]   --->   Operation 927 'mul' 'mul_ln110_151' <Predicate = true> <Delay = 0.99> <CoreInst = "DSP48">   --->   Core 124 'DSP48' <Latency = 3> <II = 1> <Delay = 0.53> <IPBlock> <Opcode : 'add' 'sub' 'mul' 'select'> <InPorts = 0> <OutPorts = 1> <Sync> <CReg>
ST_2 : Operation 928 [1/1] (0.00ns)   --->   "%XW_block_151_addr = getelementptr i32 %XW_block_151, i64 0, i64 %zext_ln101" [src/integrated-gcn/gemm_stage.cpp:110]   --->   Operation 928 'getelementptr' 'XW_block_151_addr' <Predicate = true> <Delay = 0.00>
ST_2 : Operation 929 [2/2] (0.67ns)   --->   "%XW_block_151_load = load i4 %XW_block_151_addr" [src/integrated-gcn/gemm_stage.cpp:110]   --->   Operation 929 'load' 'XW_block_151_load' <Predicate = true> <Delay = 0.67> <CoreInst = "RAM">   --->   Core 82 'RAM' <Latency = 1> <II = 1> <Delay = 0.67> <Storage> <Opcode : 'load' 'store'> <Ports = 2> <Width = 32> <Depth = 16> <RAM>
ST_2 : Operation 930 [2/3] (0.99ns) (grouped into DSP with root node add_ln110_152)   --->   "%mul_ln110_152 = mul i32 %sext_ln110_66, i32 %sext_ln110_24_cast" [src/integrated-gcn/gemm_stage.cpp:110]   --->   Operation 930 'mul' 'mul_ln110_152' <Predicate = true> <Delay = 0.99> <CoreInst = "DSP48">   --->   Core 124 'DSP48' <Latency = 3> <II = 1> <Delay = 0.53> <IPBlock> <Opcode : 'add' 'sub' 'mul' 'select'> <InPorts = 0> <OutPorts = 1> <Sync> <CReg>
ST_2 : Operation 931 [1/1] (0.00ns)   --->   "%XW_block_152_addr = getelementptr i32 %XW_block_152, i64 0, i64 %zext_ln101" [src/integrated-gcn/gemm_stage.cpp:110]   --->   Operation 931 'getelementptr' 'XW_block_152_addr' <Predicate = true> <Delay = 0.00>
ST_2 : Operation 932 [2/2] (0.67ns)   --->   "%XW_block_152_load = load i4 %XW_block_152_addr" [src/integrated-gcn/gemm_stage.cpp:110]   --->   Operation 932 'load' 'XW_block_152_load' <Predicate = true> <Delay = 0.67> <CoreInst = "RAM">   --->   Core 82 'RAM' <Latency = 1> <II = 1> <Delay = 0.67> <Storage> <Opcode : 'load' 'store'> <Ports = 2> <Width = 32> <Depth = 16> <RAM>
ST_2 : Operation 933 [2/3] (0.99ns) (grouped into DSP with root node add_ln110_153)   --->   "%mul_ln110_153 = mul i32 %sext_ln110_66, i32 %sext_ln110_25_cast" [src/integrated-gcn/gemm_stage.cpp:110]   --->   Operation 933 'mul' 'mul_ln110_153' <Predicate = true> <Delay = 0.99> <CoreInst = "DSP48">   --->   Core 124 'DSP48' <Latency = 3> <II = 1> <Delay = 0.53> <IPBlock> <Opcode : 'add' 'sub' 'mul' 'select'> <InPorts = 0> <OutPorts = 1> <Sync> <CReg>
ST_2 : Operation 934 [1/1] (0.00ns)   --->   "%XW_block_153_addr = getelementptr i32 %XW_block_153, i64 0, i64 %zext_ln101" [src/integrated-gcn/gemm_stage.cpp:110]   --->   Operation 934 'getelementptr' 'XW_block_153_addr' <Predicate = true> <Delay = 0.00>
ST_2 : Operation 935 [2/2] (0.67ns)   --->   "%XW_block_153_load = load i4 %XW_block_153_addr" [src/integrated-gcn/gemm_stage.cpp:110]   --->   Operation 935 'load' 'XW_block_153_load' <Predicate = true> <Delay = 0.67> <CoreInst = "RAM">   --->   Core 82 'RAM' <Latency = 1> <II = 1> <Delay = 0.67> <Storage> <Opcode : 'load' 'store'> <Ports = 2> <Width = 32> <Depth = 16> <RAM>
ST_2 : Operation 936 [2/3] (0.99ns) (grouped into DSP with root node add_ln110_154)   --->   "%mul_ln110_154 = mul i32 %sext_ln110_66, i32 %sext_ln110_26_cast" [src/integrated-gcn/gemm_stage.cpp:110]   --->   Operation 936 'mul' 'mul_ln110_154' <Predicate = true> <Delay = 0.99> <CoreInst = "DSP48">   --->   Core 124 'DSP48' <Latency = 3> <II = 1> <Delay = 0.53> <IPBlock> <Opcode : 'add' 'sub' 'mul' 'select'> <InPorts = 0> <OutPorts = 1> <Sync> <CReg>
ST_2 : Operation 937 [1/1] (0.00ns)   --->   "%XW_block_154_addr = getelementptr i32 %XW_block_154, i64 0, i64 %zext_ln101" [src/integrated-gcn/gemm_stage.cpp:110]   --->   Operation 937 'getelementptr' 'XW_block_154_addr' <Predicate = true> <Delay = 0.00>
ST_2 : Operation 938 [2/2] (0.67ns)   --->   "%XW_block_154_load = load i4 %XW_block_154_addr" [src/integrated-gcn/gemm_stage.cpp:110]   --->   Operation 938 'load' 'XW_block_154_load' <Predicate = true> <Delay = 0.67> <CoreInst = "RAM">   --->   Core 82 'RAM' <Latency = 1> <II = 1> <Delay = 0.67> <Storage> <Opcode : 'load' 'store'> <Ports = 2> <Width = 32> <Depth = 16> <RAM>
ST_2 : Operation 939 [2/3] (0.99ns) (grouped into DSP with root node add_ln110_155)   --->   "%mul_ln110_155 = mul i32 %sext_ln110_66, i32 %sext_ln110_27_cast" [src/integrated-gcn/gemm_stage.cpp:110]   --->   Operation 939 'mul' 'mul_ln110_155' <Predicate = true> <Delay = 0.99> <CoreInst = "DSP48">   --->   Core 124 'DSP48' <Latency = 3> <II = 1> <Delay = 0.53> <IPBlock> <Opcode : 'add' 'sub' 'mul' 'select'> <InPorts = 0> <OutPorts = 1> <Sync> <CReg>
ST_2 : Operation 940 [1/1] (0.00ns)   --->   "%XW_block_155_addr = getelementptr i32 %XW_block_155, i64 0, i64 %zext_ln101" [src/integrated-gcn/gemm_stage.cpp:110]   --->   Operation 940 'getelementptr' 'XW_block_155_addr' <Predicate = true> <Delay = 0.00>
ST_2 : Operation 941 [2/2] (0.67ns)   --->   "%XW_block_155_load = load i4 %XW_block_155_addr" [src/integrated-gcn/gemm_stage.cpp:110]   --->   Operation 941 'load' 'XW_block_155_load' <Predicate = true> <Delay = 0.67> <CoreInst = "RAM">   --->   Core 82 'RAM' <Latency = 1> <II = 1> <Delay = 0.67> <Storage> <Opcode : 'load' 'store'> <Ports = 2> <Width = 32> <Depth = 16> <RAM>
ST_2 : Operation 942 [2/3] (0.99ns) (grouped into DSP with root node add_ln110_156)   --->   "%mul_ln110_156 = mul i32 %sext_ln110_66, i32 %sext_ln110_28_cast" [src/integrated-gcn/gemm_stage.cpp:110]   --->   Operation 942 'mul' 'mul_ln110_156' <Predicate = true> <Delay = 0.99> <CoreInst = "DSP48">   --->   Core 124 'DSP48' <Latency = 3> <II = 1> <Delay = 0.53> <IPBlock> <Opcode : 'add' 'sub' 'mul' 'select'> <InPorts = 0> <OutPorts = 1> <Sync> <CReg>
ST_2 : Operation 943 [1/1] (0.00ns)   --->   "%XW_block_156_addr = getelementptr i32 %XW_block_156, i64 0, i64 %zext_ln101" [src/integrated-gcn/gemm_stage.cpp:110]   --->   Operation 943 'getelementptr' 'XW_block_156_addr' <Predicate = true> <Delay = 0.00>
ST_2 : Operation 944 [2/2] (0.67ns)   --->   "%XW_block_156_load = load i4 %XW_block_156_addr" [src/integrated-gcn/gemm_stage.cpp:110]   --->   Operation 944 'load' 'XW_block_156_load' <Predicate = true> <Delay = 0.67> <CoreInst = "RAM">   --->   Core 82 'RAM' <Latency = 1> <II = 1> <Delay = 0.67> <Storage> <Opcode : 'load' 'store'> <Ports = 2> <Width = 32> <Depth = 16> <RAM>
ST_2 : Operation 945 [2/3] (0.99ns) (grouped into DSP with root node add_ln110_157)   --->   "%mul_ln110_157 = mul i32 %sext_ln110_66, i32 %sext_ln110_29_cast" [src/integrated-gcn/gemm_stage.cpp:110]   --->   Operation 945 'mul' 'mul_ln110_157' <Predicate = true> <Delay = 0.99> <CoreInst = "DSP48">   --->   Core 124 'DSP48' <Latency = 3> <II = 1> <Delay = 0.53> <IPBlock> <Opcode : 'add' 'sub' 'mul' 'select'> <InPorts = 0> <OutPorts = 1> <Sync> <CReg>
ST_2 : Operation 946 [1/1] (0.00ns)   --->   "%XW_block_157_addr = getelementptr i32 %XW_block_157, i64 0, i64 %zext_ln101" [src/integrated-gcn/gemm_stage.cpp:110]   --->   Operation 946 'getelementptr' 'XW_block_157_addr' <Predicate = true> <Delay = 0.00>
ST_2 : Operation 947 [2/2] (0.67ns)   --->   "%XW_block_157_load = load i4 %XW_block_157_addr" [src/integrated-gcn/gemm_stage.cpp:110]   --->   Operation 947 'load' 'XW_block_157_load' <Predicate = true> <Delay = 0.67> <CoreInst = "RAM">   --->   Core 82 'RAM' <Latency = 1> <II = 1> <Delay = 0.67> <Storage> <Opcode : 'load' 'store'> <Ports = 2> <Width = 32> <Depth = 16> <RAM>
ST_2 : Operation 948 [2/3] (0.99ns) (grouped into DSP with root node add_ln110_158)   --->   "%mul_ln110_158 = mul i32 %sext_ln110_66, i32 %sext_ln110_30_cast" [src/integrated-gcn/gemm_stage.cpp:110]   --->   Operation 948 'mul' 'mul_ln110_158' <Predicate = true> <Delay = 0.99> <CoreInst = "DSP48">   --->   Core 124 'DSP48' <Latency = 3> <II = 1> <Delay = 0.53> <IPBlock> <Opcode : 'add' 'sub' 'mul' 'select'> <InPorts = 0> <OutPorts = 1> <Sync> <CReg>
ST_2 : Operation 949 [1/1] (0.00ns)   --->   "%XW_block_158_addr = getelementptr i32 %XW_block_158, i64 0, i64 %zext_ln101" [src/integrated-gcn/gemm_stage.cpp:110]   --->   Operation 949 'getelementptr' 'XW_block_158_addr' <Predicate = true> <Delay = 0.00>
ST_2 : Operation 950 [2/2] (0.67ns)   --->   "%XW_block_158_load = load i4 %XW_block_158_addr" [src/integrated-gcn/gemm_stage.cpp:110]   --->   Operation 950 'load' 'XW_block_158_load' <Predicate = true> <Delay = 0.67> <CoreInst = "RAM">   --->   Core 82 'RAM' <Latency = 1> <II = 1> <Delay = 0.67> <Storage> <Opcode : 'load' 'store'> <Ports = 2> <Width = 32> <Depth = 16> <RAM>
ST_2 : Operation 951 [2/3] (0.99ns) (grouped into DSP with root node add_ln110_159)   --->   "%mul_ln110_159 = mul i32 %sext_ln110_66, i32 %sext_ln110_31_cast" [src/integrated-gcn/gemm_stage.cpp:110]   --->   Operation 951 'mul' 'mul_ln110_159' <Predicate = true> <Delay = 0.99> <CoreInst = "DSP48">   --->   Core 124 'DSP48' <Latency = 3> <II = 1> <Delay = 0.53> <IPBlock> <Opcode : 'add' 'sub' 'mul' 'select'> <InPorts = 0> <OutPorts = 1> <Sync> <CReg>
ST_2 : Operation 952 [1/1] (0.00ns)   --->   "%XW_block_159_addr = getelementptr i32 %XW_block_159, i64 0, i64 %zext_ln101" [src/integrated-gcn/gemm_stage.cpp:110]   --->   Operation 952 'getelementptr' 'XW_block_159_addr' <Predicate = true> <Delay = 0.00>
ST_2 : Operation 953 [2/2] (0.67ns)   --->   "%XW_block_159_load = load i4 %XW_block_159_addr" [src/integrated-gcn/gemm_stage.cpp:110]   --->   Operation 953 'load' 'XW_block_159_load' <Predicate = true> <Delay = 0.67> <CoreInst = "RAM">   --->   Core 82 'RAM' <Latency = 1> <II = 1> <Delay = 0.67> <Storage> <Opcode : 'load' 'store'> <Ports = 2> <Width = 32> <Depth = 16> <RAM>
ST_2 : Operation 954 [2/3] (0.99ns) (grouped into DSP with root node add_ln110_160)   --->   "%mul_ln110_160 = mul i32 %sext_ln110_66, i32 %sext_ln110_32_cast" [src/integrated-gcn/gemm_stage.cpp:110]   --->   Operation 954 'mul' 'mul_ln110_160' <Predicate = true> <Delay = 0.99> <CoreInst = "DSP48">   --->   Core 124 'DSP48' <Latency = 3> <II = 1> <Delay = 0.53> <IPBlock> <Opcode : 'add' 'sub' 'mul' 'select'> <InPorts = 0> <OutPorts = 1> <Sync> <CReg>
ST_2 : Operation 955 [1/1] (0.00ns)   --->   "%XW_block_160_addr = getelementptr i32 %XW_block_160, i64 0, i64 %zext_ln101" [src/integrated-gcn/gemm_stage.cpp:110]   --->   Operation 955 'getelementptr' 'XW_block_160_addr' <Predicate = true> <Delay = 0.00>
ST_2 : Operation 956 [2/2] (0.67ns)   --->   "%XW_block_160_load = load i4 %XW_block_160_addr" [src/integrated-gcn/gemm_stage.cpp:110]   --->   Operation 956 'load' 'XW_block_160_load' <Predicate = true> <Delay = 0.67> <CoreInst = "RAM">   --->   Core 82 'RAM' <Latency = 1> <II = 1> <Delay = 0.67> <Storage> <Opcode : 'load' 'store'> <Ports = 2> <Width = 32> <Depth = 16> <RAM>
ST_2 : Operation 957 [2/3] (0.99ns) (grouped into DSP with root node add_ln110_161)   --->   "%mul_ln110_161 = mul i32 %sext_ln110_66, i32 %sext_ln110_33_cast" [src/integrated-gcn/gemm_stage.cpp:110]   --->   Operation 957 'mul' 'mul_ln110_161' <Predicate = true> <Delay = 0.99> <CoreInst = "DSP48">   --->   Core 124 'DSP48' <Latency = 3> <II = 1> <Delay = 0.53> <IPBlock> <Opcode : 'add' 'sub' 'mul' 'select'> <InPorts = 0> <OutPorts = 1> <Sync> <CReg>
ST_2 : Operation 958 [1/1] (0.00ns)   --->   "%XW_block_161_addr = getelementptr i32 %XW_block_161, i64 0, i64 %zext_ln101" [src/integrated-gcn/gemm_stage.cpp:110]   --->   Operation 958 'getelementptr' 'XW_block_161_addr' <Predicate = true> <Delay = 0.00>
ST_2 : Operation 959 [2/2] (0.67ns)   --->   "%XW_block_161_load = load i4 %XW_block_161_addr" [src/integrated-gcn/gemm_stage.cpp:110]   --->   Operation 959 'load' 'XW_block_161_load' <Predicate = true> <Delay = 0.67> <CoreInst = "RAM">   --->   Core 82 'RAM' <Latency = 1> <II = 1> <Delay = 0.67> <Storage> <Opcode : 'load' 'store'> <Ports = 2> <Width = 32> <Depth = 16> <RAM>
ST_2 : Operation 960 [2/3] (0.99ns) (grouped into DSP with root node add_ln110_162)   --->   "%mul_ln110_162 = mul i32 %sext_ln110_66, i32 %sext_ln110_34_cast" [src/integrated-gcn/gemm_stage.cpp:110]   --->   Operation 960 'mul' 'mul_ln110_162' <Predicate = true> <Delay = 0.99> <CoreInst = "DSP48">   --->   Core 124 'DSP48' <Latency = 3> <II = 1> <Delay = 0.53> <IPBlock> <Opcode : 'add' 'sub' 'mul' 'select'> <InPorts = 0> <OutPorts = 1> <Sync> <CReg>
ST_2 : Operation 961 [1/1] (0.00ns)   --->   "%XW_block_162_addr = getelementptr i32 %XW_block_162, i64 0, i64 %zext_ln101" [src/integrated-gcn/gemm_stage.cpp:110]   --->   Operation 961 'getelementptr' 'XW_block_162_addr' <Predicate = true> <Delay = 0.00>
ST_2 : Operation 962 [2/2] (0.67ns)   --->   "%XW_block_162_load = load i4 %XW_block_162_addr" [src/integrated-gcn/gemm_stage.cpp:110]   --->   Operation 962 'load' 'XW_block_162_load' <Predicate = true> <Delay = 0.67> <CoreInst = "RAM">   --->   Core 82 'RAM' <Latency = 1> <II = 1> <Delay = 0.67> <Storage> <Opcode : 'load' 'store'> <Ports = 2> <Width = 32> <Depth = 16> <RAM>
ST_2 : Operation 963 [2/3] (0.99ns) (grouped into DSP with root node add_ln110_163)   --->   "%mul_ln110_163 = mul i32 %sext_ln110_66, i32 %sext_ln110_35_cast" [src/integrated-gcn/gemm_stage.cpp:110]   --->   Operation 963 'mul' 'mul_ln110_163' <Predicate = true> <Delay = 0.99> <CoreInst = "DSP48">   --->   Core 124 'DSP48' <Latency = 3> <II = 1> <Delay = 0.53> <IPBlock> <Opcode : 'add' 'sub' 'mul' 'select'> <InPorts = 0> <OutPorts = 1> <Sync> <CReg>
ST_2 : Operation 964 [1/1] (0.00ns)   --->   "%XW_block_163_addr = getelementptr i32 %XW_block_163, i64 0, i64 %zext_ln101" [src/integrated-gcn/gemm_stage.cpp:110]   --->   Operation 964 'getelementptr' 'XW_block_163_addr' <Predicate = true> <Delay = 0.00>
ST_2 : Operation 965 [2/2] (0.67ns)   --->   "%XW_block_163_load = load i4 %XW_block_163_addr" [src/integrated-gcn/gemm_stage.cpp:110]   --->   Operation 965 'load' 'XW_block_163_load' <Predicate = true> <Delay = 0.67> <CoreInst = "RAM">   --->   Core 82 'RAM' <Latency = 1> <II = 1> <Delay = 0.67> <Storage> <Opcode : 'load' 'store'> <Ports = 2> <Width = 32> <Depth = 16> <RAM>
ST_2 : Operation 966 [2/3] (0.99ns) (grouped into DSP with root node add_ln110_164)   --->   "%mul_ln110_164 = mul i32 %sext_ln110_66, i32 %sext_ln110_36_cast" [src/integrated-gcn/gemm_stage.cpp:110]   --->   Operation 966 'mul' 'mul_ln110_164' <Predicate = true> <Delay = 0.99> <CoreInst = "DSP48">   --->   Core 124 'DSP48' <Latency = 3> <II = 1> <Delay = 0.53> <IPBlock> <Opcode : 'add' 'sub' 'mul' 'select'> <InPorts = 0> <OutPorts = 1> <Sync> <CReg>
ST_2 : Operation 967 [1/1] (0.00ns)   --->   "%XW_block_164_addr = getelementptr i32 %XW_block_164, i64 0, i64 %zext_ln101" [src/integrated-gcn/gemm_stage.cpp:110]   --->   Operation 967 'getelementptr' 'XW_block_164_addr' <Predicate = true> <Delay = 0.00>
ST_2 : Operation 968 [2/2] (0.67ns)   --->   "%XW_block_164_load = load i4 %XW_block_164_addr" [src/integrated-gcn/gemm_stage.cpp:110]   --->   Operation 968 'load' 'XW_block_164_load' <Predicate = true> <Delay = 0.67> <CoreInst = "RAM">   --->   Core 82 'RAM' <Latency = 1> <II = 1> <Delay = 0.67> <Storage> <Opcode : 'load' 'store'> <Ports = 2> <Width = 32> <Depth = 16> <RAM>
ST_2 : Operation 969 [2/3] (0.99ns) (grouped into DSP with root node add_ln110_165)   --->   "%mul_ln110_165 = mul i32 %sext_ln110_66, i32 %sext_ln110_37_cast" [src/integrated-gcn/gemm_stage.cpp:110]   --->   Operation 969 'mul' 'mul_ln110_165' <Predicate = true> <Delay = 0.99> <CoreInst = "DSP48">   --->   Core 124 'DSP48' <Latency = 3> <II = 1> <Delay = 0.53> <IPBlock> <Opcode : 'add' 'sub' 'mul' 'select'> <InPorts = 0> <OutPorts = 1> <Sync> <CReg>
ST_2 : Operation 970 [1/1] (0.00ns)   --->   "%XW_block_165_addr = getelementptr i32 %XW_block_165, i64 0, i64 %zext_ln101" [src/integrated-gcn/gemm_stage.cpp:110]   --->   Operation 970 'getelementptr' 'XW_block_165_addr' <Predicate = true> <Delay = 0.00>
ST_2 : Operation 971 [2/2] (0.67ns)   --->   "%XW_block_165_load = load i4 %XW_block_165_addr" [src/integrated-gcn/gemm_stage.cpp:110]   --->   Operation 971 'load' 'XW_block_165_load' <Predicate = true> <Delay = 0.67> <CoreInst = "RAM">   --->   Core 82 'RAM' <Latency = 1> <II = 1> <Delay = 0.67> <Storage> <Opcode : 'load' 'store'> <Ports = 2> <Width = 32> <Depth = 16> <RAM>
ST_2 : Operation 972 [2/3] (0.99ns) (grouped into DSP with root node add_ln110_166)   --->   "%mul_ln110_166 = mul i32 %sext_ln110_66, i32 %sext_ln110_38_cast" [src/integrated-gcn/gemm_stage.cpp:110]   --->   Operation 972 'mul' 'mul_ln110_166' <Predicate = true> <Delay = 0.99> <CoreInst = "DSP48">   --->   Core 124 'DSP48' <Latency = 3> <II = 1> <Delay = 0.53> <IPBlock> <Opcode : 'add' 'sub' 'mul' 'select'> <InPorts = 0> <OutPorts = 1> <Sync> <CReg>
ST_2 : Operation 973 [1/1] (0.00ns)   --->   "%XW_block_166_addr = getelementptr i32 %XW_block_166, i64 0, i64 %zext_ln101" [src/integrated-gcn/gemm_stage.cpp:110]   --->   Operation 973 'getelementptr' 'XW_block_166_addr' <Predicate = true> <Delay = 0.00>
ST_2 : Operation 974 [2/2] (0.67ns)   --->   "%XW_block_166_load = load i4 %XW_block_166_addr" [src/integrated-gcn/gemm_stage.cpp:110]   --->   Operation 974 'load' 'XW_block_166_load' <Predicate = true> <Delay = 0.67> <CoreInst = "RAM">   --->   Core 82 'RAM' <Latency = 1> <II = 1> <Delay = 0.67> <Storage> <Opcode : 'load' 'store'> <Ports = 2> <Width = 32> <Depth = 16> <RAM>
ST_2 : Operation 975 [2/3] (0.99ns) (grouped into DSP with root node add_ln110_167)   --->   "%mul_ln110_167 = mul i32 %sext_ln110_66, i32 %sext_ln110_39_cast" [src/integrated-gcn/gemm_stage.cpp:110]   --->   Operation 975 'mul' 'mul_ln110_167' <Predicate = true> <Delay = 0.99> <CoreInst = "DSP48">   --->   Core 124 'DSP48' <Latency = 3> <II = 1> <Delay = 0.53> <IPBlock> <Opcode : 'add' 'sub' 'mul' 'select'> <InPorts = 0> <OutPorts = 1> <Sync> <CReg>
ST_2 : Operation 976 [1/1] (0.00ns)   --->   "%XW_block_167_addr = getelementptr i32 %XW_block_167, i64 0, i64 %zext_ln101" [src/integrated-gcn/gemm_stage.cpp:110]   --->   Operation 976 'getelementptr' 'XW_block_167_addr' <Predicate = true> <Delay = 0.00>
ST_2 : Operation 977 [2/2] (0.67ns)   --->   "%XW_block_167_load = load i4 %XW_block_167_addr" [src/integrated-gcn/gemm_stage.cpp:110]   --->   Operation 977 'load' 'XW_block_167_load' <Predicate = true> <Delay = 0.67> <CoreInst = "RAM">   --->   Core 82 'RAM' <Latency = 1> <II = 1> <Delay = 0.67> <Storage> <Opcode : 'load' 'store'> <Ports = 2> <Width = 32> <Depth = 16> <RAM>
ST_2 : Operation 978 [2/3] (0.99ns) (grouped into DSP with root node add_ln110_168)   --->   "%mul_ln110_168 = mul i32 %sext_ln110_66, i32 %sext_ln110_40_cast" [src/integrated-gcn/gemm_stage.cpp:110]   --->   Operation 978 'mul' 'mul_ln110_168' <Predicate = true> <Delay = 0.99> <CoreInst = "DSP48">   --->   Core 124 'DSP48' <Latency = 3> <II = 1> <Delay = 0.53> <IPBlock> <Opcode : 'add' 'sub' 'mul' 'select'> <InPorts = 0> <OutPorts = 1> <Sync> <CReg>
ST_2 : Operation 979 [1/1] (0.00ns)   --->   "%XW_block_168_addr = getelementptr i32 %XW_block_168, i64 0, i64 %zext_ln101" [src/integrated-gcn/gemm_stage.cpp:110]   --->   Operation 979 'getelementptr' 'XW_block_168_addr' <Predicate = true> <Delay = 0.00>
ST_2 : Operation 980 [2/2] (0.67ns)   --->   "%XW_block_168_load = load i4 %XW_block_168_addr" [src/integrated-gcn/gemm_stage.cpp:110]   --->   Operation 980 'load' 'XW_block_168_load' <Predicate = true> <Delay = 0.67> <CoreInst = "RAM">   --->   Core 82 'RAM' <Latency = 1> <II = 1> <Delay = 0.67> <Storage> <Opcode : 'load' 'store'> <Ports = 2> <Width = 32> <Depth = 16> <RAM>
ST_2 : Operation 981 [2/3] (0.99ns) (grouped into DSP with root node add_ln110_169)   --->   "%mul_ln110_169 = mul i32 %sext_ln110_66, i32 %sext_ln110_41_cast" [src/integrated-gcn/gemm_stage.cpp:110]   --->   Operation 981 'mul' 'mul_ln110_169' <Predicate = true> <Delay = 0.99> <CoreInst = "DSP48">   --->   Core 124 'DSP48' <Latency = 3> <II = 1> <Delay = 0.53> <IPBlock> <Opcode : 'add' 'sub' 'mul' 'select'> <InPorts = 0> <OutPorts = 1> <Sync> <CReg>
ST_2 : Operation 982 [1/1] (0.00ns)   --->   "%XW_block_169_addr = getelementptr i32 %XW_block_169, i64 0, i64 %zext_ln101" [src/integrated-gcn/gemm_stage.cpp:110]   --->   Operation 982 'getelementptr' 'XW_block_169_addr' <Predicate = true> <Delay = 0.00>
ST_2 : Operation 983 [2/2] (0.67ns)   --->   "%XW_block_169_load = load i4 %XW_block_169_addr" [src/integrated-gcn/gemm_stage.cpp:110]   --->   Operation 983 'load' 'XW_block_169_load' <Predicate = true> <Delay = 0.67> <CoreInst = "RAM">   --->   Core 82 'RAM' <Latency = 1> <II = 1> <Delay = 0.67> <Storage> <Opcode : 'load' 'store'> <Ports = 2> <Width = 32> <Depth = 16> <RAM>
ST_2 : Operation 984 [2/3] (0.99ns) (grouped into DSP with root node add_ln110_170)   --->   "%mul_ln110_170 = mul i32 %sext_ln110_66, i32 %sext_ln110_42_cast" [src/integrated-gcn/gemm_stage.cpp:110]   --->   Operation 984 'mul' 'mul_ln110_170' <Predicate = true> <Delay = 0.99> <CoreInst = "DSP48">   --->   Core 124 'DSP48' <Latency = 3> <II = 1> <Delay = 0.53> <IPBlock> <Opcode : 'add' 'sub' 'mul' 'select'> <InPorts = 0> <OutPorts = 1> <Sync> <CReg>
ST_2 : Operation 985 [1/1] (0.00ns)   --->   "%XW_block_170_addr = getelementptr i32 %XW_block_170, i64 0, i64 %zext_ln101" [src/integrated-gcn/gemm_stage.cpp:110]   --->   Operation 985 'getelementptr' 'XW_block_170_addr' <Predicate = true> <Delay = 0.00>
ST_2 : Operation 986 [2/2] (0.67ns)   --->   "%XW_block_170_load = load i4 %XW_block_170_addr" [src/integrated-gcn/gemm_stage.cpp:110]   --->   Operation 986 'load' 'XW_block_170_load' <Predicate = true> <Delay = 0.67> <CoreInst = "RAM">   --->   Core 82 'RAM' <Latency = 1> <II = 1> <Delay = 0.67> <Storage> <Opcode : 'load' 'store'> <Ports = 2> <Width = 32> <Depth = 16> <RAM>
ST_2 : Operation 987 [2/3] (0.99ns) (grouped into DSP with root node add_ln110_171)   --->   "%mul_ln110_171 = mul i32 %sext_ln110_66, i32 %sext_ln110_43_cast" [src/integrated-gcn/gemm_stage.cpp:110]   --->   Operation 987 'mul' 'mul_ln110_171' <Predicate = true> <Delay = 0.99> <CoreInst = "DSP48">   --->   Core 124 'DSP48' <Latency = 3> <II = 1> <Delay = 0.53> <IPBlock> <Opcode : 'add' 'sub' 'mul' 'select'> <InPorts = 0> <OutPorts = 1> <Sync> <CReg>
ST_2 : Operation 988 [1/1] (0.00ns)   --->   "%XW_block_171_addr = getelementptr i32 %XW_block_171, i64 0, i64 %zext_ln101" [src/integrated-gcn/gemm_stage.cpp:110]   --->   Operation 988 'getelementptr' 'XW_block_171_addr' <Predicate = true> <Delay = 0.00>
ST_2 : Operation 989 [2/2] (0.67ns)   --->   "%XW_block_171_load = load i4 %XW_block_171_addr" [src/integrated-gcn/gemm_stage.cpp:110]   --->   Operation 989 'load' 'XW_block_171_load' <Predicate = true> <Delay = 0.67> <CoreInst = "RAM">   --->   Core 82 'RAM' <Latency = 1> <II = 1> <Delay = 0.67> <Storage> <Opcode : 'load' 'store'> <Ports = 2> <Width = 32> <Depth = 16> <RAM>
ST_2 : Operation 990 [2/3] (0.99ns) (grouped into DSP with root node add_ln110_172)   --->   "%mul_ln110_172 = mul i32 %sext_ln110_66, i32 %sext_ln110_44_cast" [src/integrated-gcn/gemm_stage.cpp:110]   --->   Operation 990 'mul' 'mul_ln110_172' <Predicate = true> <Delay = 0.99> <CoreInst = "DSP48">   --->   Core 124 'DSP48' <Latency = 3> <II = 1> <Delay = 0.53> <IPBlock> <Opcode : 'add' 'sub' 'mul' 'select'> <InPorts = 0> <OutPorts = 1> <Sync> <CReg>
ST_2 : Operation 991 [1/1] (0.00ns)   --->   "%XW_block_172_addr = getelementptr i32 %XW_block_172, i64 0, i64 %zext_ln101" [src/integrated-gcn/gemm_stage.cpp:110]   --->   Operation 991 'getelementptr' 'XW_block_172_addr' <Predicate = true> <Delay = 0.00>
ST_2 : Operation 992 [2/2] (0.67ns)   --->   "%XW_block_172_load = load i4 %XW_block_172_addr" [src/integrated-gcn/gemm_stage.cpp:110]   --->   Operation 992 'load' 'XW_block_172_load' <Predicate = true> <Delay = 0.67> <CoreInst = "RAM">   --->   Core 82 'RAM' <Latency = 1> <II = 1> <Delay = 0.67> <Storage> <Opcode : 'load' 'store'> <Ports = 2> <Width = 32> <Depth = 16> <RAM>
ST_2 : Operation 993 [2/3] (0.99ns) (grouped into DSP with root node add_ln110_173)   --->   "%mul_ln110_173 = mul i32 %sext_ln110_66, i32 %sext_ln110_45_cast" [src/integrated-gcn/gemm_stage.cpp:110]   --->   Operation 993 'mul' 'mul_ln110_173' <Predicate = true> <Delay = 0.99> <CoreInst = "DSP48">   --->   Core 124 'DSP48' <Latency = 3> <II = 1> <Delay = 0.53> <IPBlock> <Opcode : 'add' 'sub' 'mul' 'select'> <InPorts = 0> <OutPorts = 1> <Sync> <CReg>
ST_2 : Operation 994 [1/1] (0.00ns)   --->   "%XW_block_173_addr = getelementptr i32 %XW_block_173, i64 0, i64 %zext_ln101" [src/integrated-gcn/gemm_stage.cpp:110]   --->   Operation 994 'getelementptr' 'XW_block_173_addr' <Predicate = true> <Delay = 0.00>
ST_2 : Operation 995 [2/2] (0.67ns)   --->   "%XW_block_173_load = load i4 %XW_block_173_addr" [src/integrated-gcn/gemm_stage.cpp:110]   --->   Operation 995 'load' 'XW_block_173_load' <Predicate = true> <Delay = 0.67> <CoreInst = "RAM">   --->   Core 82 'RAM' <Latency = 1> <II = 1> <Delay = 0.67> <Storage> <Opcode : 'load' 'store'> <Ports = 2> <Width = 32> <Depth = 16> <RAM>
ST_2 : Operation 996 [2/3] (0.99ns) (grouped into DSP with root node add_ln110_174)   --->   "%mul_ln110_174 = mul i32 %sext_ln110_66, i32 %sext_ln110_46_cast" [src/integrated-gcn/gemm_stage.cpp:110]   --->   Operation 996 'mul' 'mul_ln110_174' <Predicate = true> <Delay = 0.99> <CoreInst = "DSP48">   --->   Core 124 'DSP48' <Latency = 3> <II = 1> <Delay = 0.53> <IPBlock> <Opcode : 'add' 'sub' 'mul' 'select'> <InPorts = 0> <OutPorts = 1> <Sync> <CReg>
ST_2 : Operation 997 [1/1] (0.00ns)   --->   "%XW_block_174_addr = getelementptr i32 %XW_block_174, i64 0, i64 %zext_ln101" [src/integrated-gcn/gemm_stage.cpp:110]   --->   Operation 997 'getelementptr' 'XW_block_174_addr' <Predicate = true> <Delay = 0.00>
ST_2 : Operation 998 [2/2] (0.67ns)   --->   "%XW_block_174_load = load i4 %XW_block_174_addr" [src/integrated-gcn/gemm_stage.cpp:110]   --->   Operation 998 'load' 'XW_block_174_load' <Predicate = true> <Delay = 0.67> <CoreInst = "RAM">   --->   Core 82 'RAM' <Latency = 1> <II = 1> <Delay = 0.67> <Storage> <Opcode : 'load' 'store'> <Ports = 2> <Width = 32> <Depth = 16> <RAM>
ST_2 : Operation 999 [2/3] (0.99ns) (grouped into DSP with root node add_ln110_175)   --->   "%mul_ln110_175 = mul i32 %sext_ln110_66, i32 %sext_ln110_47_cast" [src/integrated-gcn/gemm_stage.cpp:110]   --->   Operation 999 'mul' 'mul_ln110_175' <Predicate = true> <Delay = 0.99> <CoreInst = "DSP48">   --->   Core 124 'DSP48' <Latency = 3> <II = 1> <Delay = 0.53> <IPBlock> <Opcode : 'add' 'sub' 'mul' 'select'> <InPorts = 0> <OutPorts = 1> <Sync> <CReg>
ST_2 : Operation 1000 [1/1] (0.00ns)   --->   "%XW_block_175_addr = getelementptr i32 %XW_block_175, i64 0, i64 %zext_ln101" [src/integrated-gcn/gemm_stage.cpp:110]   --->   Operation 1000 'getelementptr' 'XW_block_175_addr' <Predicate = true> <Delay = 0.00>
ST_2 : Operation 1001 [2/2] (0.67ns)   --->   "%XW_block_175_load = load i4 %XW_block_175_addr" [src/integrated-gcn/gemm_stage.cpp:110]   --->   Operation 1001 'load' 'XW_block_175_load' <Predicate = true> <Delay = 0.67> <CoreInst = "RAM">   --->   Core 82 'RAM' <Latency = 1> <II = 1> <Delay = 0.67> <Storage> <Opcode : 'load' 'store'> <Ports = 2> <Width = 32> <Depth = 16> <RAM>
ST_2 : Operation 1002 [2/3] (0.99ns) (grouped into DSP with root node add_ln110_176)   --->   "%mul_ln110_176 = mul i32 %sext_ln110_66, i32 %sext_ln110_48_cast" [src/integrated-gcn/gemm_stage.cpp:110]   --->   Operation 1002 'mul' 'mul_ln110_176' <Predicate = true> <Delay = 0.99> <CoreInst = "DSP48">   --->   Core 124 'DSP48' <Latency = 3> <II = 1> <Delay = 0.53> <IPBlock> <Opcode : 'add' 'sub' 'mul' 'select'> <InPorts = 0> <OutPorts = 1> <Sync> <CReg>
ST_2 : Operation 1003 [1/1] (0.00ns)   --->   "%XW_block_176_addr = getelementptr i32 %XW_block_176, i64 0, i64 %zext_ln101" [src/integrated-gcn/gemm_stage.cpp:110]   --->   Operation 1003 'getelementptr' 'XW_block_176_addr' <Predicate = true> <Delay = 0.00>
ST_2 : Operation 1004 [2/2] (0.67ns)   --->   "%XW_block_176_load = load i4 %XW_block_176_addr" [src/integrated-gcn/gemm_stage.cpp:110]   --->   Operation 1004 'load' 'XW_block_176_load' <Predicate = true> <Delay = 0.67> <CoreInst = "RAM">   --->   Core 82 'RAM' <Latency = 1> <II = 1> <Delay = 0.67> <Storage> <Opcode : 'load' 'store'> <Ports = 2> <Width = 32> <Depth = 16> <RAM>
ST_2 : Operation 1005 [2/3] (0.99ns) (grouped into DSP with root node add_ln110_177)   --->   "%mul_ln110_177 = mul i32 %sext_ln110_66, i32 %sext_ln110_49_cast" [src/integrated-gcn/gemm_stage.cpp:110]   --->   Operation 1005 'mul' 'mul_ln110_177' <Predicate = true> <Delay = 0.99> <CoreInst = "DSP48">   --->   Core 124 'DSP48' <Latency = 3> <II = 1> <Delay = 0.53> <IPBlock> <Opcode : 'add' 'sub' 'mul' 'select'> <InPorts = 0> <OutPorts = 1> <Sync> <CReg>
ST_2 : Operation 1006 [1/1] (0.00ns)   --->   "%XW_block_177_addr = getelementptr i32 %XW_block_177, i64 0, i64 %zext_ln101" [src/integrated-gcn/gemm_stage.cpp:110]   --->   Operation 1006 'getelementptr' 'XW_block_177_addr' <Predicate = true> <Delay = 0.00>
ST_2 : Operation 1007 [2/2] (0.67ns)   --->   "%XW_block_177_load = load i4 %XW_block_177_addr" [src/integrated-gcn/gemm_stage.cpp:110]   --->   Operation 1007 'load' 'XW_block_177_load' <Predicate = true> <Delay = 0.67> <CoreInst = "RAM">   --->   Core 82 'RAM' <Latency = 1> <II = 1> <Delay = 0.67> <Storage> <Opcode : 'load' 'store'> <Ports = 2> <Width = 32> <Depth = 16> <RAM>
ST_2 : Operation 1008 [2/3] (0.99ns) (grouped into DSP with root node add_ln110_178)   --->   "%mul_ln110_178 = mul i32 %sext_ln110_66, i32 %sext_ln110_50_cast" [src/integrated-gcn/gemm_stage.cpp:110]   --->   Operation 1008 'mul' 'mul_ln110_178' <Predicate = true> <Delay = 0.99> <CoreInst = "DSP48">   --->   Core 124 'DSP48' <Latency = 3> <II = 1> <Delay = 0.53> <IPBlock> <Opcode : 'add' 'sub' 'mul' 'select'> <InPorts = 0> <OutPorts = 1> <Sync> <CReg>
ST_2 : Operation 1009 [1/1] (0.00ns)   --->   "%XW_block_178_addr = getelementptr i32 %XW_block_178, i64 0, i64 %zext_ln101" [src/integrated-gcn/gemm_stage.cpp:110]   --->   Operation 1009 'getelementptr' 'XW_block_178_addr' <Predicate = true> <Delay = 0.00>
ST_2 : Operation 1010 [2/2] (0.67ns)   --->   "%XW_block_178_load = load i4 %XW_block_178_addr" [src/integrated-gcn/gemm_stage.cpp:110]   --->   Operation 1010 'load' 'XW_block_178_load' <Predicate = true> <Delay = 0.67> <CoreInst = "RAM">   --->   Core 82 'RAM' <Latency = 1> <II = 1> <Delay = 0.67> <Storage> <Opcode : 'load' 'store'> <Ports = 2> <Width = 32> <Depth = 16> <RAM>
ST_2 : Operation 1011 [2/3] (0.99ns) (grouped into DSP with root node add_ln110_179)   --->   "%mul_ln110_179 = mul i32 %sext_ln110_66, i32 %sext_ln110_51_cast" [src/integrated-gcn/gemm_stage.cpp:110]   --->   Operation 1011 'mul' 'mul_ln110_179' <Predicate = true> <Delay = 0.99> <CoreInst = "DSP48">   --->   Core 124 'DSP48' <Latency = 3> <II = 1> <Delay = 0.53> <IPBlock> <Opcode : 'add' 'sub' 'mul' 'select'> <InPorts = 0> <OutPorts = 1> <Sync> <CReg>
ST_2 : Operation 1012 [1/1] (0.00ns)   --->   "%XW_block_179_addr = getelementptr i32 %XW_block_179, i64 0, i64 %zext_ln101" [src/integrated-gcn/gemm_stage.cpp:110]   --->   Operation 1012 'getelementptr' 'XW_block_179_addr' <Predicate = true> <Delay = 0.00>
ST_2 : Operation 1013 [2/2] (0.67ns)   --->   "%XW_block_179_load = load i4 %XW_block_179_addr" [src/integrated-gcn/gemm_stage.cpp:110]   --->   Operation 1013 'load' 'XW_block_179_load' <Predicate = true> <Delay = 0.67> <CoreInst = "RAM">   --->   Core 82 'RAM' <Latency = 1> <II = 1> <Delay = 0.67> <Storage> <Opcode : 'load' 'store'> <Ports = 2> <Width = 32> <Depth = 16> <RAM>
ST_2 : Operation 1014 [2/3] (0.99ns) (grouped into DSP with root node add_ln110_180)   --->   "%mul_ln110_180 = mul i32 %sext_ln110_66, i32 %sext_ln110_52_cast" [src/integrated-gcn/gemm_stage.cpp:110]   --->   Operation 1014 'mul' 'mul_ln110_180' <Predicate = true> <Delay = 0.99> <CoreInst = "DSP48">   --->   Core 124 'DSP48' <Latency = 3> <II = 1> <Delay = 0.53> <IPBlock> <Opcode : 'add' 'sub' 'mul' 'select'> <InPorts = 0> <OutPorts = 1> <Sync> <CReg>
ST_2 : Operation 1015 [1/1] (0.00ns)   --->   "%XW_block_180_addr = getelementptr i32 %XW_block_180, i64 0, i64 %zext_ln101" [src/integrated-gcn/gemm_stage.cpp:110]   --->   Operation 1015 'getelementptr' 'XW_block_180_addr' <Predicate = true> <Delay = 0.00>
ST_2 : Operation 1016 [2/2] (0.67ns)   --->   "%XW_block_180_load = load i4 %XW_block_180_addr" [src/integrated-gcn/gemm_stage.cpp:110]   --->   Operation 1016 'load' 'XW_block_180_load' <Predicate = true> <Delay = 0.67> <CoreInst = "RAM">   --->   Core 82 'RAM' <Latency = 1> <II = 1> <Delay = 0.67> <Storage> <Opcode : 'load' 'store'> <Ports = 2> <Width = 32> <Depth = 16> <RAM>
ST_2 : Operation 1017 [2/3] (0.99ns) (grouped into DSP with root node add_ln110_181)   --->   "%mul_ln110_181 = mul i32 %sext_ln110_66, i32 %sext_ln110_53_cast" [src/integrated-gcn/gemm_stage.cpp:110]   --->   Operation 1017 'mul' 'mul_ln110_181' <Predicate = true> <Delay = 0.99> <CoreInst = "DSP48">   --->   Core 124 'DSP48' <Latency = 3> <II = 1> <Delay = 0.53> <IPBlock> <Opcode : 'add' 'sub' 'mul' 'select'> <InPorts = 0> <OutPorts = 1> <Sync> <CReg>
ST_2 : Operation 1018 [1/1] (0.00ns)   --->   "%XW_block_181_addr = getelementptr i32 %XW_block_181, i64 0, i64 %zext_ln101" [src/integrated-gcn/gemm_stage.cpp:110]   --->   Operation 1018 'getelementptr' 'XW_block_181_addr' <Predicate = true> <Delay = 0.00>
ST_2 : Operation 1019 [2/2] (0.67ns)   --->   "%XW_block_181_load = load i4 %XW_block_181_addr" [src/integrated-gcn/gemm_stage.cpp:110]   --->   Operation 1019 'load' 'XW_block_181_load' <Predicate = true> <Delay = 0.67> <CoreInst = "RAM">   --->   Core 82 'RAM' <Latency = 1> <II = 1> <Delay = 0.67> <Storage> <Opcode : 'load' 'store'> <Ports = 2> <Width = 32> <Depth = 16> <RAM>
ST_2 : Operation 1020 [2/3] (0.99ns) (grouped into DSP with root node add_ln110_182)   --->   "%mul_ln110_182 = mul i32 %sext_ln110_66, i32 %sext_ln110_54_cast" [src/integrated-gcn/gemm_stage.cpp:110]   --->   Operation 1020 'mul' 'mul_ln110_182' <Predicate = true> <Delay = 0.99> <CoreInst = "DSP48">   --->   Core 124 'DSP48' <Latency = 3> <II = 1> <Delay = 0.53> <IPBlock> <Opcode : 'add' 'sub' 'mul' 'select'> <InPorts = 0> <OutPorts = 1> <Sync> <CReg>
ST_2 : Operation 1021 [1/1] (0.00ns)   --->   "%XW_block_182_addr = getelementptr i32 %XW_block_182, i64 0, i64 %zext_ln101" [src/integrated-gcn/gemm_stage.cpp:110]   --->   Operation 1021 'getelementptr' 'XW_block_182_addr' <Predicate = true> <Delay = 0.00>
ST_2 : Operation 1022 [2/2] (0.67ns)   --->   "%XW_block_182_load = load i4 %XW_block_182_addr" [src/integrated-gcn/gemm_stage.cpp:110]   --->   Operation 1022 'load' 'XW_block_182_load' <Predicate = true> <Delay = 0.67> <CoreInst = "RAM">   --->   Core 82 'RAM' <Latency = 1> <II = 1> <Delay = 0.67> <Storage> <Opcode : 'load' 'store'> <Ports = 2> <Width = 32> <Depth = 16> <RAM>
ST_2 : Operation 1023 [2/3] (0.99ns) (grouped into DSP with root node add_ln110_183)   --->   "%mul_ln110_183 = mul i32 %sext_ln110_66, i32 %sext_ln110_55_cast" [src/integrated-gcn/gemm_stage.cpp:110]   --->   Operation 1023 'mul' 'mul_ln110_183' <Predicate = true> <Delay = 0.99> <CoreInst = "DSP48">   --->   Core 124 'DSP48' <Latency = 3> <II = 1> <Delay = 0.53> <IPBlock> <Opcode : 'add' 'sub' 'mul' 'select'> <InPorts = 0> <OutPorts = 1> <Sync> <CReg>
ST_2 : Operation 1024 [1/1] (0.00ns)   --->   "%XW_block_183_addr = getelementptr i32 %XW_block_183, i64 0, i64 %zext_ln101" [src/integrated-gcn/gemm_stage.cpp:110]   --->   Operation 1024 'getelementptr' 'XW_block_183_addr' <Predicate = true> <Delay = 0.00>
ST_2 : Operation 1025 [2/2] (0.67ns)   --->   "%XW_block_183_load = load i4 %XW_block_183_addr" [src/integrated-gcn/gemm_stage.cpp:110]   --->   Operation 1025 'load' 'XW_block_183_load' <Predicate = true> <Delay = 0.67> <CoreInst = "RAM">   --->   Core 82 'RAM' <Latency = 1> <II = 1> <Delay = 0.67> <Storage> <Opcode : 'load' 'store'> <Ports = 2> <Width = 32> <Depth = 16> <RAM>
ST_2 : Operation 1026 [2/3] (0.99ns) (grouped into DSP with root node add_ln110_184)   --->   "%mul_ln110_184 = mul i32 %sext_ln110_66, i32 %sext_ln110_56_cast" [src/integrated-gcn/gemm_stage.cpp:110]   --->   Operation 1026 'mul' 'mul_ln110_184' <Predicate = true> <Delay = 0.99> <CoreInst = "DSP48">   --->   Core 124 'DSP48' <Latency = 3> <II = 1> <Delay = 0.53> <IPBlock> <Opcode : 'add' 'sub' 'mul' 'select'> <InPorts = 0> <OutPorts = 1> <Sync> <CReg>
ST_2 : Operation 1027 [1/1] (0.00ns)   --->   "%XW_block_184_addr = getelementptr i32 %XW_block_184, i64 0, i64 %zext_ln101" [src/integrated-gcn/gemm_stage.cpp:110]   --->   Operation 1027 'getelementptr' 'XW_block_184_addr' <Predicate = true> <Delay = 0.00>
ST_2 : Operation 1028 [2/2] (0.67ns)   --->   "%XW_block_184_load = load i4 %XW_block_184_addr" [src/integrated-gcn/gemm_stage.cpp:110]   --->   Operation 1028 'load' 'XW_block_184_load' <Predicate = true> <Delay = 0.67> <CoreInst = "RAM">   --->   Core 82 'RAM' <Latency = 1> <II = 1> <Delay = 0.67> <Storage> <Opcode : 'load' 'store'> <Ports = 2> <Width = 32> <Depth = 16> <RAM>
ST_2 : Operation 1029 [2/3] (0.99ns) (grouped into DSP with root node add_ln110_185)   --->   "%mul_ln110_185 = mul i32 %sext_ln110_66, i32 %sext_ln110_57_cast" [src/integrated-gcn/gemm_stage.cpp:110]   --->   Operation 1029 'mul' 'mul_ln110_185' <Predicate = true> <Delay = 0.99> <CoreInst = "DSP48">   --->   Core 124 'DSP48' <Latency = 3> <II = 1> <Delay = 0.53> <IPBlock> <Opcode : 'add' 'sub' 'mul' 'select'> <InPorts = 0> <OutPorts = 1> <Sync> <CReg>
ST_2 : Operation 1030 [1/1] (0.00ns)   --->   "%XW_block_185_addr = getelementptr i32 %XW_block_185, i64 0, i64 %zext_ln101" [src/integrated-gcn/gemm_stage.cpp:110]   --->   Operation 1030 'getelementptr' 'XW_block_185_addr' <Predicate = true> <Delay = 0.00>
ST_2 : Operation 1031 [2/2] (0.67ns)   --->   "%XW_block_185_load = load i4 %XW_block_185_addr" [src/integrated-gcn/gemm_stage.cpp:110]   --->   Operation 1031 'load' 'XW_block_185_load' <Predicate = true> <Delay = 0.67> <CoreInst = "RAM">   --->   Core 82 'RAM' <Latency = 1> <II = 1> <Delay = 0.67> <Storage> <Opcode : 'load' 'store'> <Ports = 2> <Width = 32> <Depth = 16> <RAM>
ST_2 : Operation 1032 [2/3] (0.99ns) (grouped into DSP with root node add_ln110_186)   --->   "%mul_ln110_186 = mul i32 %sext_ln110_66, i32 %sext_ln110_58_cast" [src/integrated-gcn/gemm_stage.cpp:110]   --->   Operation 1032 'mul' 'mul_ln110_186' <Predicate = true> <Delay = 0.99> <CoreInst = "DSP48">   --->   Core 124 'DSP48' <Latency = 3> <II = 1> <Delay = 0.53> <IPBlock> <Opcode : 'add' 'sub' 'mul' 'select'> <InPorts = 0> <OutPorts = 1> <Sync> <CReg>
ST_2 : Operation 1033 [1/1] (0.00ns)   --->   "%XW_block_186_addr = getelementptr i32 %XW_block_186, i64 0, i64 %zext_ln101" [src/integrated-gcn/gemm_stage.cpp:110]   --->   Operation 1033 'getelementptr' 'XW_block_186_addr' <Predicate = true> <Delay = 0.00>
ST_2 : Operation 1034 [2/2] (0.67ns)   --->   "%XW_block_186_load = load i4 %XW_block_186_addr" [src/integrated-gcn/gemm_stage.cpp:110]   --->   Operation 1034 'load' 'XW_block_186_load' <Predicate = true> <Delay = 0.67> <CoreInst = "RAM">   --->   Core 82 'RAM' <Latency = 1> <II = 1> <Delay = 0.67> <Storage> <Opcode : 'load' 'store'> <Ports = 2> <Width = 32> <Depth = 16> <RAM>
ST_2 : Operation 1035 [2/3] (0.99ns) (grouped into DSP with root node add_ln110_187)   --->   "%mul_ln110_187 = mul i32 %sext_ln110_66, i32 %sext_ln110_59_cast" [src/integrated-gcn/gemm_stage.cpp:110]   --->   Operation 1035 'mul' 'mul_ln110_187' <Predicate = true> <Delay = 0.99> <CoreInst = "DSP48">   --->   Core 124 'DSP48' <Latency = 3> <II = 1> <Delay = 0.53> <IPBlock> <Opcode : 'add' 'sub' 'mul' 'select'> <InPorts = 0> <OutPorts = 1> <Sync> <CReg>
ST_2 : Operation 1036 [1/1] (0.00ns)   --->   "%XW_block_187_addr = getelementptr i32 %XW_block_187, i64 0, i64 %zext_ln101" [src/integrated-gcn/gemm_stage.cpp:110]   --->   Operation 1036 'getelementptr' 'XW_block_187_addr' <Predicate = true> <Delay = 0.00>
ST_2 : Operation 1037 [2/2] (0.67ns)   --->   "%XW_block_187_load = load i4 %XW_block_187_addr" [src/integrated-gcn/gemm_stage.cpp:110]   --->   Operation 1037 'load' 'XW_block_187_load' <Predicate = true> <Delay = 0.67> <CoreInst = "RAM">   --->   Core 82 'RAM' <Latency = 1> <II = 1> <Delay = 0.67> <Storage> <Opcode : 'load' 'store'> <Ports = 2> <Width = 32> <Depth = 16> <RAM>
ST_2 : Operation 1038 [2/3] (0.99ns) (grouped into DSP with root node add_ln110_188)   --->   "%mul_ln110_188 = mul i32 %sext_ln110_66, i32 %sext_ln110_60_cast" [src/integrated-gcn/gemm_stage.cpp:110]   --->   Operation 1038 'mul' 'mul_ln110_188' <Predicate = true> <Delay = 0.99> <CoreInst = "DSP48">   --->   Core 124 'DSP48' <Latency = 3> <II = 1> <Delay = 0.53> <IPBlock> <Opcode : 'add' 'sub' 'mul' 'select'> <InPorts = 0> <OutPorts = 1> <Sync> <CReg>
ST_2 : Operation 1039 [1/1] (0.00ns)   --->   "%XW_block_188_addr = getelementptr i32 %XW_block_188, i64 0, i64 %zext_ln101" [src/integrated-gcn/gemm_stage.cpp:110]   --->   Operation 1039 'getelementptr' 'XW_block_188_addr' <Predicate = true> <Delay = 0.00>
ST_2 : Operation 1040 [2/2] (0.67ns)   --->   "%XW_block_188_load = load i4 %XW_block_188_addr" [src/integrated-gcn/gemm_stage.cpp:110]   --->   Operation 1040 'load' 'XW_block_188_load' <Predicate = true> <Delay = 0.67> <CoreInst = "RAM">   --->   Core 82 'RAM' <Latency = 1> <II = 1> <Delay = 0.67> <Storage> <Opcode : 'load' 'store'> <Ports = 2> <Width = 32> <Depth = 16> <RAM>
ST_2 : Operation 1041 [2/3] (0.99ns) (grouped into DSP with root node add_ln110_189)   --->   "%mul_ln110_189 = mul i32 %sext_ln110_66, i32 %sext_ln110_61_cast" [src/integrated-gcn/gemm_stage.cpp:110]   --->   Operation 1041 'mul' 'mul_ln110_189' <Predicate = true> <Delay = 0.99> <CoreInst = "DSP48">   --->   Core 124 'DSP48' <Latency = 3> <II = 1> <Delay = 0.53> <IPBlock> <Opcode : 'add' 'sub' 'mul' 'select'> <InPorts = 0> <OutPorts = 1> <Sync> <CReg>
ST_2 : Operation 1042 [1/1] (0.00ns)   --->   "%XW_block_189_addr = getelementptr i32 %XW_block_189, i64 0, i64 %zext_ln101" [src/integrated-gcn/gemm_stage.cpp:110]   --->   Operation 1042 'getelementptr' 'XW_block_189_addr' <Predicate = true> <Delay = 0.00>
ST_2 : Operation 1043 [2/2] (0.67ns)   --->   "%XW_block_189_load = load i4 %XW_block_189_addr" [src/integrated-gcn/gemm_stage.cpp:110]   --->   Operation 1043 'load' 'XW_block_189_load' <Predicate = true> <Delay = 0.67> <CoreInst = "RAM">   --->   Core 82 'RAM' <Latency = 1> <II = 1> <Delay = 0.67> <Storage> <Opcode : 'load' 'store'> <Ports = 2> <Width = 32> <Depth = 16> <RAM>
ST_2 : Operation 1044 [2/3] (0.99ns) (grouped into DSP with root node add_ln110_190)   --->   "%mul_ln110_190 = mul i32 %sext_ln110_66, i32 %sext_ln110_62_cast" [src/integrated-gcn/gemm_stage.cpp:110]   --->   Operation 1044 'mul' 'mul_ln110_190' <Predicate = true> <Delay = 0.99> <CoreInst = "DSP48">   --->   Core 124 'DSP48' <Latency = 3> <II = 1> <Delay = 0.53> <IPBlock> <Opcode : 'add' 'sub' 'mul' 'select'> <InPorts = 0> <OutPorts = 1> <Sync> <CReg>
ST_2 : Operation 1045 [1/1] (0.00ns)   --->   "%XW_block_190_addr = getelementptr i32 %XW_block_190, i64 0, i64 %zext_ln101" [src/integrated-gcn/gemm_stage.cpp:110]   --->   Operation 1045 'getelementptr' 'XW_block_190_addr' <Predicate = true> <Delay = 0.00>
ST_2 : Operation 1046 [2/2] (0.67ns)   --->   "%XW_block_190_load = load i4 %XW_block_190_addr" [src/integrated-gcn/gemm_stage.cpp:110]   --->   Operation 1046 'load' 'XW_block_190_load' <Predicate = true> <Delay = 0.67> <CoreInst = "RAM">   --->   Core 82 'RAM' <Latency = 1> <II = 1> <Delay = 0.67> <Storage> <Opcode : 'load' 'store'> <Ports = 2> <Width = 32> <Depth = 16> <RAM>
ST_2 : Operation 1047 [2/3] (0.99ns) (grouped into DSP with root node add_ln110_191)   --->   "%mul_ln110_191 = mul i32 %sext_ln110_66, i32 %sext_ln110_63_cast" [src/integrated-gcn/gemm_stage.cpp:110]   --->   Operation 1047 'mul' 'mul_ln110_191' <Predicate = true> <Delay = 0.99> <CoreInst = "DSP48">   --->   Core 124 'DSP48' <Latency = 3> <II = 1> <Delay = 0.53> <IPBlock> <Opcode : 'add' 'sub' 'mul' 'select'> <InPorts = 0> <OutPorts = 1> <Sync> <CReg>
ST_2 : Operation 1048 [1/1] (0.00ns)   --->   "%XW_block_191_addr = getelementptr i32 %XW_block_191, i64 0, i64 %zext_ln101" [src/integrated-gcn/gemm_stage.cpp:110]   --->   Operation 1048 'getelementptr' 'XW_block_191_addr' <Predicate = true> <Delay = 0.00>
ST_2 : Operation 1049 [2/2] (0.67ns)   --->   "%XW_block_191_load = load i4 %XW_block_191_addr" [src/integrated-gcn/gemm_stage.cpp:110]   --->   Operation 1049 'load' 'XW_block_191_load' <Predicate = true> <Delay = 0.67> <CoreInst = "RAM">   --->   Core 82 'RAM' <Latency = 1> <II = 1> <Delay = 0.67> <Storage> <Opcode : 'load' 'store'> <Ports = 2> <Width = 32> <Depth = 16> <RAM>
ST_2 : Operation 1050 [2/3] (0.99ns) (grouped into DSP with root node add_ln110_192)   --->   "%mul_ln110_192 = mul i32 %sext_ln110_67, i32 %sext_ln110_cast" [src/integrated-gcn/gemm_stage.cpp:110]   --->   Operation 1050 'mul' 'mul_ln110_192' <Predicate = true> <Delay = 0.99> <CoreInst = "DSP48">   --->   Core 124 'DSP48' <Latency = 3> <II = 1> <Delay = 0.53> <IPBlock> <Opcode : 'add' 'sub' 'mul' 'select'> <InPorts = 0> <OutPorts = 1> <Sync> <CReg>
ST_2 : Operation 1051 [1/1] (0.00ns)   --->   "%XW_block_192_addr = getelementptr i32 %XW_block_192, i64 0, i64 %zext_ln101" [src/integrated-gcn/gemm_stage.cpp:110]   --->   Operation 1051 'getelementptr' 'XW_block_192_addr' <Predicate = true> <Delay = 0.00>
ST_2 : Operation 1052 [2/2] (0.67ns)   --->   "%XW_block_192_load = load i4 %XW_block_192_addr" [src/integrated-gcn/gemm_stage.cpp:110]   --->   Operation 1052 'load' 'XW_block_192_load' <Predicate = true> <Delay = 0.67> <CoreInst = "RAM">   --->   Core 82 'RAM' <Latency = 1> <II = 1> <Delay = 0.67> <Storage> <Opcode : 'load' 'store'> <Ports = 2> <Width = 32> <Depth = 16> <RAM>
ST_2 : Operation 1053 [2/3] (0.99ns) (grouped into DSP with root node add_ln110_193)   --->   "%mul_ln110_193 = mul i32 %sext_ln110_67, i32 %sext_ln110_1_cast" [src/integrated-gcn/gemm_stage.cpp:110]   --->   Operation 1053 'mul' 'mul_ln110_193' <Predicate = true> <Delay = 0.99> <CoreInst = "DSP48">   --->   Core 124 'DSP48' <Latency = 3> <II = 1> <Delay = 0.53> <IPBlock> <Opcode : 'add' 'sub' 'mul' 'select'> <InPorts = 0> <OutPorts = 1> <Sync> <CReg>
ST_2 : Operation 1054 [1/1] (0.00ns)   --->   "%XW_block_193_addr = getelementptr i32 %XW_block_193, i64 0, i64 %zext_ln101" [src/integrated-gcn/gemm_stage.cpp:110]   --->   Operation 1054 'getelementptr' 'XW_block_193_addr' <Predicate = true> <Delay = 0.00>
ST_2 : Operation 1055 [2/2] (0.67ns)   --->   "%XW_block_193_load = load i4 %XW_block_193_addr" [src/integrated-gcn/gemm_stage.cpp:110]   --->   Operation 1055 'load' 'XW_block_193_load' <Predicate = true> <Delay = 0.67> <CoreInst = "RAM">   --->   Core 82 'RAM' <Latency = 1> <II = 1> <Delay = 0.67> <Storage> <Opcode : 'load' 'store'> <Ports = 2> <Width = 32> <Depth = 16> <RAM>
ST_2 : Operation 1056 [2/3] (0.99ns) (grouped into DSP with root node add_ln110_194)   --->   "%mul_ln110_194 = mul i32 %sext_ln110_67, i32 %sext_ln110_2_cast" [src/integrated-gcn/gemm_stage.cpp:110]   --->   Operation 1056 'mul' 'mul_ln110_194' <Predicate = true> <Delay = 0.99> <CoreInst = "DSP48">   --->   Core 124 'DSP48' <Latency = 3> <II = 1> <Delay = 0.53> <IPBlock> <Opcode : 'add' 'sub' 'mul' 'select'> <InPorts = 0> <OutPorts = 1> <Sync> <CReg>
ST_2 : Operation 1057 [1/1] (0.00ns)   --->   "%XW_block_194_addr = getelementptr i32 %XW_block_194, i64 0, i64 %zext_ln101" [src/integrated-gcn/gemm_stage.cpp:110]   --->   Operation 1057 'getelementptr' 'XW_block_194_addr' <Predicate = true> <Delay = 0.00>
ST_2 : Operation 1058 [2/2] (0.67ns)   --->   "%XW_block_194_load = load i4 %XW_block_194_addr" [src/integrated-gcn/gemm_stage.cpp:110]   --->   Operation 1058 'load' 'XW_block_194_load' <Predicate = true> <Delay = 0.67> <CoreInst = "RAM">   --->   Core 82 'RAM' <Latency = 1> <II = 1> <Delay = 0.67> <Storage> <Opcode : 'load' 'store'> <Ports = 2> <Width = 32> <Depth = 16> <RAM>
ST_2 : Operation 1059 [2/3] (0.99ns) (grouped into DSP with root node add_ln110_195)   --->   "%mul_ln110_195 = mul i32 %sext_ln110_67, i32 %sext_ln110_3_cast" [src/integrated-gcn/gemm_stage.cpp:110]   --->   Operation 1059 'mul' 'mul_ln110_195' <Predicate = true> <Delay = 0.99> <CoreInst = "DSP48">   --->   Core 124 'DSP48' <Latency = 3> <II = 1> <Delay = 0.53> <IPBlock> <Opcode : 'add' 'sub' 'mul' 'select'> <InPorts = 0> <OutPorts = 1> <Sync> <CReg>
ST_2 : Operation 1060 [1/1] (0.00ns)   --->   "%XW_block_195_addr = getelementptr i32 %XW_block_195, i64 0, i64 %zext_ln101" [src/integrated-gcn/gemm_stage.cpp:110]   --->   Operation 1060 'getelementptr' 'XW_block_195_addr' <Predicate = true> <Delay = 0.00>
ST_2 : Operation 1061 [2/2] (0.67ns)   --->   "%XW_block_195_load = load i4 %XW_block_195_addr" [src/integrated-gcn/gemm_stage.cpp:110]   --->   Operation 1061 'load' 'XW_block_195_load' <Predicate = true> <Delay = 0.67> <CoreInst = "RAM">   --->   Core 82 'RAM' <Latency = 1> <II = 1> <Delay = 0.67> <Storage> <Opcode : 'load' 'store'> <Ports = 2> <Width = 32> <Depth = 16> <RAM>
ST_2 : Operation 1062 [2/3] (0.99ns) (grouped into DSP with root node add_ln110_196)   --->   "%mul_ln110_196 = mul i32 %sext_ln110_67, i32 %sext_ln110_4_cast" [src/integrated-gcn/gemm_stage.cpp:110]   --->   Operation 1062 'mul' 'mul_ln110_196' <Predicate = true> <Delay = 0.99> <CoreInst = "DSP48">   --->   Core 124 'DSP48' <Latency = 3> <II = 1> <Delay = 0.53> <IPBlock> <Opcode : 'add' 'sub' 'mul' 'select'> <InPorts = 0> <OutPorts = 1> <Sync> <CReg>
ST_2 : Operation 1063 [1/1] (0.00ns)   --->   "%XW_block_196_addr = getelementptr i32 %XW_block_196, i64 0, i64 %zext_ln101" [src/integrated-gcn/gemm_stage.cpp:110]   --->   Operation 1063 'getelementptr' 'XW_block_196_addr' <Predicate = true> <Delay = 0.00>
ST_2 : Operation 1064 [2/2] (0.67ns)   --->   "%XW_block_196_load = load i4 %XW_block_196_addr" [src/integrated-gcn/gemm_stage.cpp:110]   --->   Operation 1064 'load' 'XW_block_196_load' <Predicate = true> <Delay = 0.67> <CoreInst = "RAM">   --->   Core 82 'RAM' <Latency = 1> <II = 1> <Delay = 0.67> <Storage> <Opcode : 'load' 'store'> <Ports = 2> <Width = 32> <Depth = 16> <RAM>
ST_2 : Operation 1065 [2/3] (0.99ns) (grouped into DSP with root node add_ln110_197)   --->   "%mul_ln110_197 = mul i32 %sext_ln110_67, i32 %sext_ln110_5_cast" [src/integrated-gcn/gemm_stage.cpp:110]   --->   Operation 1065 'mul' 'mul_ln110_197' <Predicate = true> <Delay = 0.99> <CoreInst = "DSP48">   --->   Core 124 'DSP48' <Latency = 3> <II = 1> <Delay = 0.53> <IPBlock> <Opcode : 'add' 'sub' 'mul' 'select'> <InPorts = 0> <OutPorts = 1> <Sync> <CReg>
ST_2 : Operation 1066 [1/1] (0.00ns)   --->   "%XW_block_197_addr = getelementptr i32 %XW_block_197, i64 0, i64 %zext_ln101" [src/integrated-gcn/gemm_stage.cpp:110]   --->   Operation 1066 'getelementptr' 'XW_block_197_addr' <Predicate = true> <Delay = 0.00>
ST_2 : Operation 1067 [2/2] (0.67ns)   --->   "%XW_block_197_load = load i4 %XW_block_197_addr" [src/integrated-gcn/gemm_stage.cpp:110]   --->   Operation 1067 'load' 'XW_block_197_load' <Predicate = true> <Delay = 0.67> <CoreInst = "RAM">   --->   Core 82 'RAM' <Latency = 1> <II = 1> <Delay = 0.67> <Storage> <Opcode : 'load' 'store'> <Ports = 2> <Width = 32> <Depth = 16> <RAM>
ST_2 : Operation 1068 [2/3] (0.99ns) (grouped into DSP with root node add_ln110_198)   --->   "%mul_ln110_198 = mul i32 %sext_ln110_67, i32 %sext_ln110_6_cast" [src/integrated-gcn/gemm_stage.cpp:110]   --->   Operation 1068 'mul' 'mul_ln110_198' <Predicate = true> <Delay = 0.99> <CoreInst = "DSP48">   --->   Core 124 'DSP48' <Latency = 3> <II = 1> <Delay = 0.53> <IPBlock> <Opcode : 'add' 'sub' 'mul' 'select'> <InPorts = 0> <OutPorts = 1> <Sync> <CReg>
ST_2 : Operation 1069 [1/1] (0.00ns)   --->   "%XW_block_198_addr = getelementptr i32 %XW_block_198, i64 0, i64 %zext_ln101" [src/integrated-gcn/gemm_stage.cpp:110]   --->   Operation 1069 'getelementptr' 'XW_block_198_addr' <Predicate = true> <Delay = 0.00>
ST_2 : Operation 1070 [2/2] (0.67ns)   --->   "%XW_block_198_load = load i4 %XW_block_198_addr" [src/integrated-gcn/gemm_stage.cpp:110]   --->   Operation 1070 'load' 'XW_block_198_load' <Predicate = true> <Delay = 0.67> <CoreInst = "RAM">   --->   Core 82 'RAM' <Latency = 1> <II = 1> <Delay = 0.67> <Storage> <Opcode : 'load' 'store'> <Ports = 2> <Width = 32> <Depth = 16> <RAM>
ST_2 : Operation 1071 [2/3] (0.99ns) (grouped into DSP with root node add_ln110_199)   --->   "%mul_ln110_199 = mul i32 %sext_ln110_67, i32 %sext_ln110_7_cast" [src/integrated-gcn/gemm_stage.cpp:110]   --->   Operation 1071 'mul' 'mul_ln110_199' <Predicate = true> <Delay = 0.99> <CoreInst = "DSP48">   --->   Core 124 'DSP48' <Latency = 3> <II = 1> <Delay = 0.53> <IPBlock> <Opcode : 'add' 'sub' 'mul' 'select'> <InPorts = 0> <OutPorts = 1> <Sync> <CReg>
ST_2 : Operation 1072 [1/1] (0.00ns)   --->   "%XW_block_199_addr = getelementptr i32 %XW_block_199, i64 0, i64 %zext_ln101" [src/integrated-gcn/gemm_stage.cpp:110]   --->   Operation 1072 'getelementptr' 'XW_block_199_addr' <Predicate = true> <Delay = 0.00>
ST_2 : Operation 1073 [2/2] (0.67ns)   --->   "%XW_block_199_load = load i4 %XW_block_199_addr" [src/integrated-gcn/gemm_stage.cpp:110]   --->   Operation 1073 'load' 'XW_block_199_load' <Predicate = true> <Delay = 0.67> <CoreInst = "RAM">   --->   Core 82 'RAM' <Latency = 1> <II = 1> <Delay = 0.67> <Storage> <Opcode : 'load' 'store'> <Ports = 2> <Width = 32> <Depth = 16> <RAM>
ST_2 : Operation 1074 [2/3] (0.99ns) (grouped into DSP with root node add_ln110_200)   --->   "%mul_ln110_200 = mul i32 %sext_ln110_67, i32 %sext_ln110_8_cast" [src/integrated-gcn/gemm_stage.cpp:110]   --->   Operation 1074 'mul' 'mul_ln110_200' <Predicate = true> <Delay = 0.99> <CoreInst = "DSP48">   --->   Core 124 'DSP48' <Latency = 3> <II = 1> <Delay = 0.53> <IPBlock> <Opcode : 'add' 'sub' 'mul' 'select'> <InPorts = 0> <OutPorts = 1> <Sync> <CReg>
ST_2 : Operation 1075 [1/1] (0.00ns)   --->   "%XW_block_200_addr = getelementptr i32 %XW_block_200, i64 0, i64 %zext_ln101" [src/integrated-gcn/gemm_stage.cpp:110]   --->   Operation 1075 'getelementptr' 'XW_block_200_addr' <Predicate = true> <Delay = 0.00>
ST_2 : Operation 1076 [2/2] (0.67ns)   --->   "%XW_block_200_load = load i4 %XW_block_200_addr" [src/integrated-gcn/gemm_stage.cpp:110]   --->   Operation 1076 'load' 'XW_block_200_load' <Predicate = true> <Delay = 0.67> <CoreInst = "RAM">   --->   Core 82 'RAM' <Latency = 1> <II = 1> <Delay = 0.67> <Storage> <Opcode : 'load' 'store'> <Ports = 2> <Width = 32> <Depth = 16> <RAM>
ST_2 : Operation 1077 [2/3] (0.99ns) (grouped into DSP with root node add_ln110_201)   --->   "%mul_ln110_201 = mul i32 %sext_ln110_67, i32 %sext_ln110_9_cast" [src/integrated-gcn/gemm_stage.cpp:110]   --->   Operation 1077 'mul' 'mul_ln110_201' <Predicate = true> <Delay = 0.99> <CoreInst = "DSP48">   --->   Core 124 'DSP48' <Latency = 3> <II = 1> <Delay = 0.53> <IPBlock> <Opcode : 'add' 'sub' 'mul' 'select'> <InPorts = 0> <OutPorts = 1> <Sync> <CReg>
ST_2 : Operation 1078 [1/1] (0.00ns)   --->   "%XW_block_201_addr = getelementptr i32 %XW_block_201, i64 0, i64 %zext_ln101" [src/integrated-gcn/gemm_stage.cpp:110]   --->   Operation 1078 'getelementptr' 'XW_block_201_addr' <Predicate = true> <Delay = 0.00>
ST_2 : Operation 1079 [2/2] (0.67ns)   --->   "%XW_block_201_load = load i4 %XW_block_201_addr" [src/integrated-gcn/gemm_stage.cpp:110]   --->   Operation 1079 'load' 'XW_block_201_load' <Predicate = true> <Delay = 0.67> <CoreInst = "RAM">   --->   Core 82 'RAM' <Latency = 1> <II = 1> <Delay = 0.67> <Storage> <Opcode : 'load' 'store'> <Ports = 2> <Width = 32> <Depth = 16> <RAM>
ST_2 : Operation 1080 [2/3] (0.99ns) (grouped into DSP with root node add_ln110_202)   --->   "%mul_ln110_202 = mul i32 %sext_ln110_67, i32 %sext_ln110_10_cast" [src/integrated-gcn/gemm_stage.cpp:110]   --->   Operation 1080 'mul' 'mul_ln110_202' <Predicate = true> <Delay = 0.99> <CoreInst = "DSP48">   --->   Core 124 'DSP48' <Latency = 3> <II = 1> <Delay = 0.53> <IPBlock> <Opcode : 'add' 'sub' 'mul' 'select'> <InPorts = 0> <OutPorts = 1> <Sync> <CReg>
ST_2 : Operation 1081 [1/1] (0.00ns)   --->   "%XW_block_202_addr = getelementptr i32 %XW_block_202, i64 0, i64 %zext_ln101" [src/integrated-gcn/gemm_stage.cpp:110]   --->   Operation 1081 'getelementptr' 'XW_block_202_addr' <Predicate = true> <Delay = 0.00>
ST_2 : Operation 1082 [2/2] (0.67ns)   --->   "%XW_block_202_load = load i4 %XW_block_202_addr" [src/integrated-gcn/gemm_stage.cpp:110]   --->   Operation 1082 'load' 'XW_block_202_load' <Predicate = true> <Delay = 0.67> <CoreInst = "RAM">   --->   Core 82 'RAM' <Latency = 1> <II = 1> <Delay = 0.67> <Storage> <Opcode : 'load' 'store'> <Ports = 2> <Width = 32> <Depth = 16> <RAM>
ST_2 : Operation 1083 [2/3] (0.99ns) (grouped into DSP with root node add_ln110_203)   --->   "%mul_ln110_203 = mul i32 %sext_ln110_67, i32 %sext_ln110_11_cast" [src/integrated-gcn/gemm_stage.cpp:110]   --->   Operation 1083 'mul' 'mul_ln110_203' <Predicate = true> <Delay = 0.99> <CoreInst = "DSP48">   --->   Core 124 'DSP48' <Latency = 3> <II = 1> <Delay = 0.53> <IPBlock> <Opcode : 'add' 'sub' 'mul' 'select'> <InPorts = 0> <OutPorts = 1> <Sync> <CReg>
ST_2 : Operation 1084 [1/1] (0.00ns)   --->   "%XW_block_203_addr = getelementptr i32 %XW_block_203, i64 0, i64 %zext_ln101" [src/integrated-gcn/gemm_stage.cpp:110]   --->   Operation 1084 'getelementptr' 'XW_block_203_addr' <Predicate = true> <Delay = 0.00>
ST_2 : Operation 1085 [2/2] (0.67ns)   --->   "%XW_block_203_load = load i4 %XW_block_203_addr" [src/integrated-gcn/gemm_stage.cpp:110]   --->   Operation 1085 'load' 'XW_block_203_load' <Predicate = true> <Delay = 0.67> <CoreInst = "RAM">   --->   Core 82 'RAM' <Latency = 1> <II = 1> <Delay = 0.67> <Storage> <Opcode : 'load' 'store'> <Ports = 2> <Width = 32> <Depth = 16> <RAM>
ST_2 : Operation 1086 [2/3] (0.99ns) (grouped into DSP with root node add_ln110_204)   --->   "%mul_ln110_204 = mul i32 %sext_ln110_67, i32 %sext_ln110_12_cast" [src/integrated-gcn/gemm_stage.cpp:110]   --->   Operation 1086 'mul' 'mul_ln110_204' <Predicate = true> <Delay = 0.99> <CoreInst = "DSP48">   --->   Core 124 'DSP48' <Latency = 3> <II = 1> <Delay = 0.53> <IPBlock> <Opcode : 'add' 'sub' 'mul' 'select'> <InPorts = 0> <OutPorts = 1> <Sync> <CReg>
ST_2 : Operation 1087 [1/1] (0.00ns)   --->   "%XW_block_204_addr = getelementptr i32 %XW_block_204, i64 0, i64 %zext_ln101" [src/integrated-gcn/gemm_stage.cpp:110]   --->   Operation 1087 'getelementptr' 'XW_block_204_addr' <Predicate = true> <Delay = 0.00>
ST_2 : Operation 1088 [2/2] (0.67ns)   --->   "%XW_block_204_load = load i4 %XW_block_204_addr" [src/integrated-gcn/gemm_stage.cpp:110]   --->   Operation 1088 'load' 'XW_block_204_load' <Predicate = true> <Delay = 0.67> <CoreInst = "RAM">   --->   Core 82 'RAM' <Latency = 1> <II = 1> <Delay = 0.67> <Storage> <Opcode : 'load' 'store'> <Ports = 2> <Width = 32> <Depth = 16> <RAM>
ST_2 : Operation 1089 [2/3] (0.99ns) (grouped into DSP with root node add_ln110_205)   --->   "%mul_ln110_205 = mul i32 %sext_ln110_67, i32 %sext_ln110_13_cast" [src/integrated-gcn/gemm_stage.cpp:110]   --->   Operation 1089 'mul' 'mul_ln110_205' <Predicate = true> <Delay = 0.99> <CoreInst = "DSP48">   --->   Core 124 'DSP48' <Latency = 3> <II = 1> <Delay = 0.53> <IPBlock> <Opcode : 'add' 'sub' 'mul' 'select'> <InPorts = 0> <OutPorts = 1> <Sync> <CReg>
ST_2 : Operation 1090 [1/1] (0.00ns)   --->   "%XW_block_205_addr = getelementptr i32 %XW_block_205, i64 0, i64 %zext_ln101" [src/integrated-gcn/gemm_stage.cpp:110]   --->   Operation 1090 'getelementptr' 'XW_block_205_addr' <Predicate = true> <Delay = 0.00>
ST_2 : Operation 1091 [2/2] (0.67ns)   --->   "%XW_block_205_load = load i4 %XW_block_205_addr" [src/integrated-gcn/gemm_stage.cpp:110]   --->   Operation 1091 'load' 'XW_block_205_load' <Predicate = true> <Delay = 0.67> <CoreInst = "RAM">   --->   Core 82 'RAM' <Latency = 1> <II = 1> <Delay = 0.67> <Storage> <Opcode : 'load' 'store'> <Ports = 2> <Width = 32> <Depth = 16> <RAM>
ST_2 : Operation 1092 [2/3] (0.99ns) (grouped into DSP with root node add_ln110_206)   --->   "%mul_ln110_206 = mul i32 %sext_ln110_67, i32 %sext_ln110_14_cast" [src/integrated-gcn/gemm_stage.cpp:110]   --->   Operation 1092 'mul' 'mul_ln110_206' <Predicate = true> <Delay = 0.99> <CoreInst = "DSP48">   --->   Core 124 'DSP48' <Latency = 3> <II = 1> <Delay = 0.53> <IPBlock> <Opcode : 'add' 'sub' 'mul' 'select'> <InPorts = 0> <OutPorts = 1> <Sync> <CReg>
ST_2 : Operation 1093 [1/1] (0.00ns)   --->   "%XW_block_206_addr = getelementptr i32 %XW_block_206, i64 0, i64 %zext_ln101" [src/integrated-gcn/gemm_stage.cpp:110]   --->   Operation 1093 'getelementptr' 'XW_block_206_addr' <Predicate = true> <Delay = 0.00>
ST_2 : Operation 1094 [2/2] (0.67ns)   --->   "%XW_block_206_load = load i4 %XW_block_206_addr" [src/integrated-gcn/gemm_stage.cpp:110]   --->   Operation 1094 'load' 'XW_block_206_load' <Predicate = true> <Delay = 0.67> <CoreInst = "RAM">   --->   Core 82 'RAM' <Latency = 1> <II = 1> <Delay = 0.67> <Storage> <Opcode : 'load' 'store'> <Ports = 2> <Width = 32> <Depth = 16> <RAM>
ST_2 : Operation 1095 [2/3] (0.99ns) (grouped into DSP with root node add_ln110_207)   --->   "%mul_ln110_207 = mul i32 %sext_ln110_67, i32 %sext_ln110_15_cast" [src/integrated-gcn/gemm_stage.cpp:110]   --->   Operation 1095 'mul' 'mul_ln110_207' <Predicate = true> <Delay = 0.99> <CoreInst = "DSP48">   --->   Core 124 'DSP48' <Latency = 3> <II = 1> <Delay = 0.53> <IPBlock> <Opcode : 'add' 'sub' 'mul' 'select'> <InPorts = 0> <OutPorts = 1> <Sync> <CReg>
ST_2 : Operation 1096 [1/1] (0.00ns)   --->   "%XW_block_207_addr = getelementptr i32 %XW_block_207, i64 0, i64 %zext_ln101" [src/integrated-gcn/gemm_stage.cpp:110]   --->   Operation 1096 'getelementptr' 'XW_block_207_addr' <Predicate = true> <Delay = 0.00>
ST_2 : Operation 1097 [2/2] (0.67ns)   --->   "%XW_block_207_load = load i4 %XW_block_207_addr" [src/integrated-gcn/gemm_stage.cpp:110]   --->   Operation 1097 'load' 'XW_block_207_load' <Predicate = true> <Delay = 0.67> <CoreInst = "RAM">   --->   Core 82 'RAM' <Latency = 1> <II = 1> <Delay = 0.67> <Storage> <Opcode : 'load' 'store'> <Ports = 2> <Width = 32> <Depth = 16> <RAM>
ST_2 : Operation 1098 [2/3] (0.99ns) (grouped into DSP with root node add_ln110_208)   --->   "%mul_ln110_208 = mul i32 %sext_ln110_67, i32 %sext_ln110_16_cast" [src/integrated-gcn/gemm_stage.cpp:110]   --->   Operation 1098 'mul' 'mul_ln110_208' <Predicate = true> <Delay = 0.99> <CoreInst = "DSP48">   --->   Core 124 'DSP48' <Latency = 3> <II = 1> <Delay = 0.53> <IPBlock> <Opcode : 'add' 'sub' 'mul' 'select'> <InPorts = 0> <OutPorts = 1> <Sync> <CReg>
ST_2 : Operation 1099 [1/1] (0.00ns)   --->   "%XW_block_208_addr = getelementptr i32 %XW_block_208, i64 0, i64 %zext_ln101" [src/integrated-gcn/gemm_stage.cpp:110]   --->   Operation 1099 'getelementptr' 'XW_block_208_addr' <Predicate = true> <Delay = 0.00>
ST_2 : Operation 1100 [2/2] (0.67ns)   --->   "%XW_block_208_load = load i4 %XW_block_208_addr" [src/integrated-gcn/gemm_stage.cpp:110]   --->   Operation 1100 'load' 'XW_block_208_load' <Predicate = true> <Delay = 0.67> <CoreInst = "RAM">   --->   Core 82 'RAM' <Latency = 1> <II = 1> <Delay = 0.67> <Storage> <Opcode : 'load' 'store'> <Ports = 2> <Width = 32> <Depth = 16> <RAM>
ST_2 : Operation 1101 [2/3] (0.99ns) (grouped into DSP with root node add_ln110_209)   --->   "%mul_ln110_209 = mul i32 %sext_ln110_67, i32 %sext_ln110_17_cast" [src/integrated-gcn/gemm_stage.cpp:110]   --->   Operation 1101 'mul' 'mul_ln110_209' <Predicate = true> <Delay = 0.99> <CoreInst = "DSP48">   --->   Core 124 'DSP48' <Latency = 3> <II = 1> <Delay = 0.53> <IPBlock> <Opcode : 'add' 'sub' 'mul' 'select'> <InPorts = 0> <OutPorts = 1> <Sync> <CReg>
ST_2 : Operation 1102 [1/1] (0.00ns)   --->   "%XW_block_209_addr = getelementptr i32 %XW_block_209, i64 0, i64 %zext_ln101" [src/integrated-gcn/gemm_stage.cpp:110]   --->   Operation 1102 'getelementptr' 'XW_block_209_addr' <Predicate = true> <Delay = 0.00>
ST_2 : Operation 1103 [2/2] (0.67ns)   --->   "%XW_block_209_load = load i4 %XW_block_209_addr" [src/integrated-gcn/gemm_stage.cpp:110]   --->   Operation 1103 'load' 'XW_block_209_load' <Predicate = true> <Delay = 0.67> <CoreInst = "RAM">   --->   Core 82 'RAM' <Latency = 1> <II = 1> <Delay = 0.67> <Storage> <Opcode : 'load' 'store'> <Ports = 2> <Width = 32> <Depth = 16> <RAM>
ST_2 : Operation 1104 [2/3] (0.99ns) (grouped into DSP with root node add_ln110_210)   --->   "%mul_ln110_210 = mul i32 %sext_ln110_67, i32 %sext_ln110_18_cast" [src/integrated-gcn/gemm_stage.cpp:110]   --->   Operation 1104 'mul' 'mul_ln110_210' <Predicate = true> <Delay = 0.99> <CoreInst = "DSP48">   --->   Core 124 'DSP48' <Latency = 3> <II = 1> <Delay = 0.53> <IPBlock> <Opcode : 'add' 'sub' 'mul' 'select'> <InPorts = 0> <OutPorts = 1> <Sync> <CReg>
ST_2 : Operation 1105 [1/1] (0.00ns)   --->   "%XW_block_210_addr = getelementptr i32 %XW_block_210, i64 0, i64 %zext_ln101" [src/integrated-gcn/gemm_stage.cpp:110]   --->   Operation 1105 'getelementptr' 'XW_block_210_addr' <Predicate = true> <Delay = 0.00>
ST_2 : Operation 1106 [2/2] (0.67ns)   --->   "%XW_block_210_load = load i4 %XW_block_210_addr" [src/integrated-gcn/gemm_stage.cpp:110]   --->   Operation 1106 'load' 'XW_block_210_load' <Predicate = true> <Delay = 0.67> <CoreInst = "RAM">   --->   Core 82 'RAM' <Latency = 1> <II = 1> <Delay = 0.67> <Storage> <Opcode : 'load' 'store'> <Ports = 2> <Width = 32> <Depth = 16> <RAM>
ST_2 : Operation 1107 [2/3] (0.99ns) (grouped into DSP with root node add_ln110_211)   --->   "%mul_ln110_211 = mul i32 %sext_ln110_67, i32 %sext_ln110_19_cast" [src/integrated-gcn/gemm_stage.cpp:110]   --->   Operation 1107 'mul' 'mul_ln110_211' <Predicate = true> <Delay = 0.99> <CoreInst = "DSP48">   --->   Core 124 'DSP48' <Latency = 3> <II = 1> <Delay = 0.53> <IPBlock> <Opcode : 'add' 'sub' 'mul' 'select'> <InPorts = 0> <OutPorts = 1> <Sync> <CReg>
ST_2 : Operation 1108 [1/1] (0.00ns)   --->   "%XW_block_211_addr = getelementptr i32 %XW_block_211, i64 0, i64 %zext_ln101" [src/integrated-gcn/gemm_stage.cpp:110]   --->   Operation 1108 'getelementptr' 'XW_block_211_addr' <Predicate = true> <Delay = 0.00>
ST_2 : Operation 1109 [2/2] (0.67ns)   --->   "%XW_block_211_load = load i4 %XW_block_211_addr" [src/integrated-gcn/gemm_stage.cpp:110]   --->   Operation 1109 'load' 'XW_block_211_load' <Predicate = true> <Delay = 0.67> <CoreInst = "RAM">   --->   Core 82 'RAM' <Latency = 1> <II = 1> <Delay = 0.67> <Storage> <Opcode : 'load' 'store'> <Ports = 2> <Width = 32> <Depth = 16> <RAM>
ST_2 : Operation 1110 [2/3] (0.99ns) (grouped into DSP with root node add_ln110_212)   --->   "%mul_ln110_212 = mul i32 %sext_ln110_67, i32 %sext_ln110_20_cast" [src/integrated-gcn/gemm_stage.cpp:110]   --->   Operation 1110 'mul' 'mul_ln110_212' <Predicate = true> <Delay = 0.99> <CoreInst = "DSP48">   --->   Core 124 'DSP48' <Latency = 3> <II = 1> <Delay = 0.53> <IPBlock> <Opcode : 'add' 'sub' 'mul' 'select'> <InPorts = 0> <OutPorts = 1> <Sync> <CReg>
ST_2 : Operation 1111 [1/1] (0.00ns)   --->   "%XW_block_212_addr = getelementptr i32 %XW_block_212, i64 0, i64 %zext_ln101" [src/integrated-gcn/gemm_stage.cpp:110]   --->   Operation 1111 'getelementptr' 'XW_block_212_addr' <Predicate = true> <Delay = 0.00>
ST_2 : Operation 1112 [2/2] (0.67ns)   --->   "%XW_block_212_load = load i4 %XW_block_212_addr" [src/integrated-gcn/gemm_stage.cpp:110]   --->   Operation 1112 'load' 'XW_block_212_load' <Predicate = true> <Delay = 0.67> <CoreInst = "RAM">   --->   Core 82 'RAM' <Latency = 1> <II = 1> <Delay = 0.67> <Storage> <Opcode : 'load' 'store'> <Ports = 2> <Width = 32> <Depth = 16> <RAM>
ST_2 : Operation 1113 [2/3] (0.99ns) (grouped into DSP with root node add_ln110_213)   --->   "%mul_ln110_213 = mul i32 %sext_ln110_67, i32 %sext_ln110_21_cast" [src/integrated-gcn/gemm_stage.cpp:110]   --->   Operation 1113 'mul' 'mul_ln110_213' <Predicate = true> <Delay = 0.99> <CoreInst = "DSP48">   --->   Core 124 'DSP48' <Latency = 3> <II = 1> <Delay = 0.53> <IPBlock> <Opcode : 'add' 'sub' 'mul' 'select'> <InPorts = 0> <OutPorts = 1> <Sync> <CReg>
ST_2 : Operation 1114 [1/1] (0.00ns)   --->   "%XW_block_213_addr = getelementptr i32 %XW_block_213, i64 0, i64 %zext_ln101" [src/integrated-gcn/gemm_stage.cpp:110]   --->   Operation 1114 'getelementptr' 'XW_block_213_addr' <Predicate = true> <Delay = 0.00>
ST_2 : Operation 1115 [2/2] (0.67ns)   --->   "%XW_block_213_load = load i4 %XW_block_213_addr" [src/integrated-gcn/gemm_stage.cpp:110]   --->   Operation 1115 'load' 'XW_block_213_load' <Predicate = true> <Delay = 0.67> <CoreInst = "RAM">   --->   Core 82 'RAM' <Latency = 1> <II = 1> <Delay = 0.67> <Storage> <Opcode : 'load' 'store'> <Ports = 2> <Width = 32> <Depth = 16> <RAM>
ST_2 : Operation 1116 [2/3] (0.99ns) (grouped into DSP with root node add_ln110_214)   --->   "%mul_ln110_214 = mul i32 %sext_ln110_67, i32 %sext_ln110_22_cast" [src/integrated-gcn/gemm_stage.cpp:110]   --->   Operation 1116 'mul' 'mul_ln110_214' <Predicate = true> <Delay = 0.99> <CoreInst = "DSP48">   --->   Core 124 'DSP48' <Latency = 3> <II = 1> <Delay = 0.53> <IPBlock> <Opcode : 'add' 'sub' 'mul' 'select'> <InPorts = 0> <OutPorts = 1> <Sync> <CReg>
ST_2 : Operation 1117 [1/1] (0.00ns)   --->   "%XW_block_214_addr = getelementptr i32 %XW_block_214, i64 0, i64 %zext_ln101" [src/integrated-gcn/gemm_stage.cpp:110]   --->   Operation 1117 'getelementptr' 'XW_block_214_addr' <Predicate = true> <Delay = 0.00>
ST_2 : Operation 1118 [2/2] (0.67ns)   --->   "%XW_block_214_load = load i4 %XW_block_214_addr" [src/integrated-gcn/gemm_stage.cpp:110]   --->   Operation 1118 'load' 'XW_block_214_load' <Predicate = true> <Delay = 0.67> <CoreInst = "RAM">   --->   Core 82 'RAM' <Latency = 1> <II = 1> <Delay = 0.67> <Storage> <Opcode : 'load' 'store'> <Ports = 2> <Width = 32> <Depth = 16> <RAM>
ST_2 : Operation 1119 [2/3] (0.99ns) (grouped into DSP with root node add_ln110_215)   --->   "%mul_ln110_215 = mul i32 %sext_ln110_67, i32 %sext_ln110_23_cast" [src/integrated-gcn/gemm_stage.cpp:110]   --->   Operation 1119 'mul' 'mul_ln110_215' <Predicate = true> <Delay = 0.99> <CoreInst = "DSP48">   --->   Core 124 'DSP48' <Latency = 3> <II = 1> <Delay = 0.53> <IPBlock> <Opcode : 'add' 'sub' 'mul' 'select'> <InPorts = 0> <OutPorts = 1> <Sync> <CReg>
ST_2 : Operation 1120 [1/1] (0.00ns)   --->   "%XW_block_215_addr = getelementptr i32 %XW_block_215, i64 0, i64 %zext_ln101" [src/integrated-gcn/gemm_stage.cpp:110]   --->   Operation 1120 'getelementptr' 'XW_block_215_addr' <Predicate = true> <Delay = 0.00>
ST_2 : Operation 1121 [2/2] (0.67ns)   --->   "%XW_block_215_load = load i4 %XW_block_215_addr" [src/integrated-gcn/gemm_stage.cpp:110]   --->   Operation 1121 'load' 'XW_block_215_load' <Predicate = true> <Delay = 0.67> <CoreInst = "RAM">   --->   Core 82 'RAM' <Latency = 1> <II = 1> <Delay = 0.67> <Storage> <Opcode : 'load' 'store'> <Ports = 2> <Width = 32> <Depth = 16> <RAM>
ST_2 : Operation 1122 [2/3] (0.99ns) (grouped into DSP with root node add_ln110_216)   --->   "%mul_ln110_216 = mul i32 %sext_ln110_67, i32 %sext_ln110_24_cast" [src/integrated-gcn/gemm_stage.cpp:110]   --->   Operation 1122 'mul' 'mul_ln110_216' <Predicate = true> <Delay = 0.99> <CoreInst = "DSP48">   --->   Core 124 'DSP48' <Latency = 3> <II = 1> <Delay = 0.53> <IPBlock> <Opcode : 'add' 'sub' 'mul' 'select'> <InPorts = 0> <OutPorts = 1> <Sync> <CReg>
ST_2 : Operation 1123 [1/1] (0.00ns)   --->   "%XW_block_216_addr = getelementptr i32 %XW_block_216, i64 0, i64 %zext_ln101" [src/integrated-gcn/gemm_stage.cpp:110]   --->   Operation 1123 'getelementptr' 'XW_block_216_addr' <Predicate = true> <Delay = 0.00>
ST_2 : Operation 1124 [2/2] (0.67ns)   --->   "%XW_block_216_load = load i4 %XW_block_216_addr" [src/integrated-gcn/gemm_stage.cpp:110]   --->   Operation 1124 'load' 'XW_block_216_load' <Predicate = true> <Delay = 0.67> <CoreInst = "RAM">   --->   Core 82 'RAM' <Latency = 1> <II = 1> <Delay = 0.67> <Storage> <Opcode : 'load' 'store'> <Ports = 2> <Width = 32> <Depth = 16> <RAM>
ST_2 : Operation 1125 [2/3] (0.99ns) (grouped into DSP with root node add_ln110_217)   --->   "%mul_ln110_217 = mul i32 %sext_ln110_67, i32 %sext_ln110_25_cast" [src/integrated-gcn/gemm_stage.cpp:110]   --->   Operation 1125 'mul' 'mul_ln110_217' <Predicate = true> <Delay = 0.99> <CoreInst = "DSP48">   --->   Core 124 'DSP48' <Latency = 3> <II = 1> <Delay = 0.53> <IPBlock> <Opcode : 'add' 'sub' 'mul' 'select'> <InPorts = 0> <OutPorts = 1> <Sync> <CReg>
ST_2 : Operation 1126 [1/1] (0.00ns)   --->   "%XW_block_217_addr = getelementptr i32 %XW_block_217, i64 0, i64 %zext_ln101" [src/integrated-gcn/gemm_stage.cpp:110]   --->   Operation 1126 'getelementptr' 'XW_block_217_addr' <Predicate = true> <Delay = 0.00>
ST_2 : Operation 1127 [2/2] (0.67ns)   --->   "%XW_block_217_load = load i4 %XW_block_217_addr" [src/integrated-gcn/gemm_stage.cpp:110]   --->   Operation 1127 'load' 'XW_block_217_load' <Predicate = true> <Delay = 0.67> <CoreInst = "RAM">   --->   Core 82 'RAM' <Latency = 1> <II = 1> <Delay = 0.67> <Storage> <Opcode : 'load' 'store'> <Ports = 2> <Width = 32> <Depth = 16> <RAM>
ST_2 : Operation 1128 [2/3] (0.99ns) (grouped into DSP with root node add_ln110_218)   --->   "%mul_ln110_218 = mul i32 %sext_ln110_67, i32 %sext_ln110_26_cast" [src/integrated-gcn/gemm_stage.cpp:110]   --->   Operation 1128 'mul' 'mul_ln110_218' <Predicate = true> <Delay = 0.99> <CoreInst = "DSP48">   --->   Core 124 'DSP48' <Latency = 3> <II = 1> <Delay = 0.53> <IPBlock> <Opcode : 'add' 'sub' 'mul' 'select'> <InPorts = 0> <OutPorts = 1> <Sync> <CReg>
ST_2 : Operation 1129 [1/1] (0.00ns)   --->   "%XW_block_218_addr = getelementptr i32 %XW_block_218, i64 0, i64 %zext_ln101" [src/integrated-gcn/gemm_stage.cpp:110]   --->   Operation 1129 'getelementptr' 'XW_block_218_addr' <Predicate = true> <Delay = 0.00>
ST_2 : Operation 1130 [2/2] (0.67ns)   --->   "%XW_block_218_load = load i4 %XW_block_218_addr" [src/integrated-gcn/gemm_stage.cpp:110]   --->   Operation 1130 'load' 'XW_block_218_load' <Predicate = true> <Delay = 0.67> <CoreInst = "RAM">   --->   Core 82 'RAM' <Latency = 1> <II = 1> <Delay = 0.67> <Storage> <Opcode : 'load' 'store'> <Ports = 2> <Width = 32> <Depth = 16> <RAM>
ST_2 : Operation 1131 [2/3] (0.99ns) (grouped into DSP with root node add_ln110_219)   --->   "%mul_ln110_219 = mul i32 %sext_ln110_67, i32 %sext_ln110_27_cast" [src/integrated-gcn/gemm_stage.cpp:110]   --->   Operation 1131 'mul' 'mul_ln110_219' <Predicate = true> <Delay = 0.99> <CoreInst = "DSP48">   --->   Core 124 'DSP48' <Latency = 3> <II = 1> <Delay = 0.53> <IPBlock> <Opcode : 'add' 'sub' 'mul' 'select'> <InPorts = 0> <OutPorts = 1> <Sync> <CReg>
ST_2 : Operation 1132 [1/1] (0.00ns)   --->   "%XW_block_219_addr = getelementptr i32 %XW_block_219, i64 0, i64 %zext_ln101" [src/integrated-gcn/gemm_stage.cpp:110]   --->   Operation 1132 'getelementptr' 'XW_block_219_addr' <Predicate = true> <Delay = 0.00>
ST_2 : Operation 1133 [2/2] (0.67ns)   --->   "%XW_block_219_load = load i4 %XW_block_219_addr" [src/integrated-gcn/gemm_stage.cpp:110]   --->   Operation 1133 'load' 'XW_block_219_load' <Predicate = true> <Delay = 0.67> <CoreInst = "RAM">   --->   Core 82 'RAM' <Latency = 1> <II = 1> <Delay = 0.67> <Storage> <Opcode : 'load' 'store'> <Ports = 2> <Width = 32> <Depth = 16> <RAM>
ST_2 : Operation 1134 [2/3] (0.99ns) (grouped into DSP with root node add_ln110_220)   --->   "%mul_ln110_220 = mul i32 %sext_ln110_67, i32 %sext_ln110_28_cast" [src/integrated-gcn/gemm_stage.cpp:110]   --->   Operation 1134 'mul' 'mul_ln110_220' <Predicate = true> <Delay = 0.99> <CoreInst = "DSP48">   --->   Core 124 'DSP48' <Latency = 3> <II = 1> <Delay = 0.53> <IPBlock> <Opcode : 'add' 'sub' 'mul' 'select'> <InPorts = 0> <OutPorts = 1> <Sync> <CReg>
ST_2 : Operation 1135 [1/1] (0.00ns)   --->   "%XW_block_220_addr = getelementptr i32 %XW_block_220, i64 0, i64 %zext_ln101" [src/integrated-gcn/gemm_stage.cpp:110]   --->   Operation 1135 'getelementptr' 'XW_block_220_addr' <Predicate = true> <Delay = 0.00>
ST_2 : Operation 1136 [2/2] (0.67ns)   --->   "%XW_block_220_load = load i4 %XW_block_220_addr" [src/integrated-gcn/gemm_stage.cpp:110]   --->   Operation 1136 'load' 'XW_block_220_load' <Predicate = true> <Delay = 0.67> <CoreInst = "RAM">   --->   Core 82 'RAM' <Latency = 1> <II = 1> <Delay = 0.67> <Storage> <Opcode : 'load' 'store'> <Ports = 2> <Width = 32> <Depth = 16> <RAM>
ST_2 : Operation 1137 [2/3] (0.99ns) (grouped into DSP with root node add_ln110_221)   --->   "%mul_ln110_221 = mul i32 %sext_ln110_67, i32 %sext_ln110_29_cast" [src/integrated-gcn/gemm_stage.cpp:110]   --->   Operation 1137 'mul' 'mul_ln110_221' <Predicate = true> <Delay = 0.99> <CoreInst = "DSP48">   --->   Core 124 'DSP48' <Latency = 3> <II = 1> <Delay = 0.53> <IPBlock> <Opcode : 'add' 'sub' 'mul' 'select'> <InPorts = 0> <OutPorts = 1> <Sync> <CReg>
ST_2 : Operation 1138 [1/1] (0.00ns)   --->   "%XW_block_221_addr = getelementptr i32 %XW_block_221, i64 0, i64 %zext_ln101" [src/integrated-gcn/gemm_stage.cpp:110]   --->   Operation 1138 'getelementptr' 'XW_block_221_addr' <Predicate = true> <Delay = 0.00>
ST_2 : Operation 1139 [2/2] (0.67ns)   --->   "%XW_block_221_load = load i4 %XW_block_221_addr" [src/integrated-gcn/gemm_stage.cpp:110]   --->   Operation 1139 'load' 'XW_block_221_load' <Predicate = true> <Delay = 0.67> <CoreInst = "RAM">   --->   Core 82 'RAM' <Latency = 1> <II = 1> <Delay = 0.67> <Storage> <Opcode : 'load' 'store'> <Ports = 2> <Width = 32> <Depth = 16> <RAM>
ST_2 : Operation 1140 [2/3] (0.99ns) (grouped into DSP with root node add_ln110_222)   --->   "%mul_ln110_222 = mul i32 %sext_ln110_67, i32 %sext_ln110_30_cast" [src/integrated-gcn/gemm_stage.cpp:110]   --->   Operation 1140 'mul' 'mul_ln110_222' <Predicate = true> <Delay = 0.99> <CoreInst = "DSP48">   --->   Core 124 'DSP48' <Latency = 3> <II = 1> <Delay = 0.53> <IPBlock> <Opcode : 'add' 'sub' 'mul' 'select'> <InPorts = 0> <OutPorts = 1> <Sync> <CReg>
ST_2 : Operation 1141 [1/1] (0.00ns)   --->   "%XW_block_222_addr = getelementptr i32 %XW_block_222, i64 0, i64 %zext_ln101" [src/integrated-gcn/gemm_stage.cpp:110]   --->   Operation 1141 'getelementptr' 'XW_block_222_addr' <Predicate = true> <Delay = 0.00>
ST_2 : Operation 1142 [2/2] (0.67ns)   --->   "%XW_block_222_load = load i4 %XW_block_222_addr" [src/integrated-gcn/gemm_stage.cpp:110]   --->   Operation 1142 'load' 'XW_block_222_load' <Predicate = true> <Delay = 0.67> <CoreInst = "RAM">   --->   Core 82 'RAM' <Latency = 1> <II = 1> <Delay = 0.67> <Storage> <Opcode : 'load' 'store'> <Ports = 2> <Width = 32> <Depth = 16> <RAM>
ST_2 : Operation 1143 [2/3] (0.99ns) (grouped into DSP with root node add_ln110_223)   --->   "%mul_ln110_223 = mul i32 %sext_ln110_67, i32 %sext_ln110_31_cast" [src/integrated-gcn/gemm_stage.cpp:110]   --->   Operation 1143 'mul' 'mul_ln110_223' <Predicate = true> <Delay = 0.99> <CoreInst = "DSP48">   --->   Core 124 'DSP48' <Latency = 3> <II = 1> <Delay = 0.53> <IPBlock> <Opcode : 'add' 'sub' 'mul' 'select'> <InPorts = 0> <OutPorts = 1> <Sync> <CReg>
ST_2 : Operation 1144 [1/1] (0.00ns)   --->   "%XW_block_223_addr = getelementptr i32 %XW_block_223, i64 0, i64 %zext_ln101" [src/integrated-gcn/gemm_stage.cpp:110]   --->   Operation 1144 'getelementptr' 'XW_block_223_addr' <Predicate = true> <Delay = 0.00>
ST_2 : Operation 1145 [2/2] (0.67ns)   --->   "%XW_block_223_load = load i4 %XW_block_223_addr" [src/integrated-gcn/gemm_stage.cpp:110]   --->   Operation 1145 'load' 'XW_block_223_load' <Predicate = true> <Delay = 0.67> <CoreInst = "RAM">   --->   Core 82 'RAM' <Latency = 1> <II = 1> <Delay = 0.67> <Storage> <Opcode : 'load' 'store'> <Ports = 2> <Width = 32> <Depth = 16> <RAM>
ST_2 : Operation 1146 [2/3] (0.99ns) (grouped into DSP with root node add_ln110_224)   --->   "%mul_ln110_224 = mul i32 %sext_ln110_67, i32 %sext_ln110_32_cast" [src/integrated-gcn/gemm_stage.cpp:110]   --->   Operation 1146 'mul' 'mul_ln110_224' <Predicate = true> <Delay = 0.99> <CoreInst = "DSP48">   --->   Core 124 'DSP48' <Latency = 3> <II = 1> <Delay = 0.53> <IPBlock> <Opcode : 'add' 'sub' 'mul' 'select'> <InPorts = 0> <OutPorts = 1> <Sync> <CReg>
ST_2 : Operation 1147 [1/1] (0.00ns)   --->   "%XW_block_224_addr = getelementptr i32 %XW_block_224, i64 0, i64 %zext_ln101" [src/integrated-gcn/gemm_stage.cpp:110]   --->   Operation 1147 'getelementptr' 'XW_block_224_addr' <Predicate = true> <Delay = 0.00>
ST_2 : Operation 1148 [2/2] (0.67ns)   --->   "%XW_block_224_load = load i4 %XW_block_224_addr" [src/integrated-gcn/gemm_stage.cpp:110]   --->   Operation 1148 'load' 'XW_block_224_load' <Predicate = true> <Delay = 0.67> <CoreInst = "RAM">   --->   Core 82 'RAM' <Latency = 1> <II = 1> <Delay = 0.67> <Storage> <Opcode : 'load' 'store'> <Ports = 2> <Width = 32> <Depth = 16> <RAM>
ST_2 : Operation 1149 [2/3] (0.99ns) (grouped into DSP with root node add_ln110_225)   --->   "%mul_ln110_225 = mul i32 %sext_ln110_67, i32 %sext_ln110_33_cast" [src/integrated-gcn/gemm_stage.cpp:110]   --->   Operation 1149 'mul' 'mul_ln110_225' <Predicate = true> <Delay = 0.99> <CoreInst = "DSP48">   --->   Core 124 'DSP48' <Latency = 3> <II = 1> <Delay = 0.53> <IPBlock> <Opcode : 'add' 'sub' 'mul' 'select'> <InPorts = 0> <OutPorts = 1> <Sync> <CReg>
ST_2 : Operation 1150 [1/1] (0.00ns)   --->   "%XW_block_225_addr = getelementptr i32 %XW_block_225, i64 0, i64 %zext_ln101" [src/integrated-gcn/gemm_stage.cpp:110]   --->   Operation 1150 'getelementptr' 'XW_block_225_addr' <Predicate = true> <Delay = 0.00>
ST_2 : Operation 1151 [2/2] (0.67ns)   --->   "%XW_block_225_load = load i4 %XW_block_225_addr" [src/integrated-gcn/gemm_stage.cpp:110]   --->   Operation 1151 'load' 'XW_block_225_load' <Predicate = true> <Delay = 0.67> <CoreInst = "RAM">   --->   Core 82 'RAM' <Latency = 1> <II = 1> <Delay = 0.67> <Storage> <Opcode : 'load' 'store'> <Ports = 2> <Width = 32> <Depth = 16> <RAM>
ST_2 : Operation 1152 [2/3] (0.99ns) (grouped into DSP with root node add_ln110_226)   --->   "%mul_ln110_226 = mul i32 %sext_ln110_67, i32 %sext_ln110_34_cast" [src/integrated-gcn/gemm_stage.cpp:110]   --->   Operation 1152 'mul' 'mul_ln110_226' <Predicate = true> <Delay = 0.99> <CoreInst = "DSP48">   --->   Core 124 'DSP48' <Latency = 3> <II = 1> <Delay = 0.53> <IPBlock> <Opcode : 'add' 'sub' 'mul' 'select'> <InPorts = 0> <OutPorts = 1> <Sync> <CReg>
ST_2 : Operation 1153 [1/1] (0.00ns)   --->   "%XW_block_226_addr = getelementptr i32 %XW_block_226, i64 0, i64 %zext_ln101" [src/integrated-gcn/gemm_stage.cpp:110]   --->   Operation 1153 'getelementptr' 'XW_block_226_addr' <Predicate = true> <Delay = 0.00>
ST_2 : Operation 1154 [2/2] (0.67ns)   --->   "%XW_block_226_load = load i4 %XW_block_226_addr" [src/integrated-gcn/gemm_stage.cpp:110]   --->   Operation 1154 'load' 'XW_block_226_load' <Predicate = true> <Delay = 0.67> <CoreInst = "RAM">   --->   Core 82 'RAM' <Latency = 1> <II = 1> <Delay = 0.67> <Storage> <Opcode : 'load' 'store'> <Ports = 2> <Width = 32> <Depth = 16> <RAM>
ST_2 : Operation 1155 [2/3] (0.99ns) (grouped into DSP with root node add_ln110_227)   --->   "%mul_ln110_227 = mul i32 %sext_ln110_67, i32 %sext_ln110_35_cast" [src/integrated-gcn/gemm_stage.cpp:110]   --->   Operation 1155 'mul' 'mul_ln110_227' <Predicate = true> <Delay = 0.99> <CoreInst = "DSP48">   --->   Core 124 'DSP48' <Latency = 3> <II = 1> <Delay = 0.53> <IPBlock> <Opcode : 'add' 'sub' 'mul' 'select'> <InPorts = 0> <OutPorts = 1> <Sync> <CReg>
ST_2 : Operation 1156 [1/1] (0.00ns)   --->   "%XW_block_227_addr = getelementptr i32 %XW_block_227, i64 0, i64 %zext_ln101" [src/integrated-gcn/gemm_stage.cpp:110]   --->   Operation 1156 'getelementptr' 'XW_block_227_addr' <Predicate = true> <Delay = 0.00>
ST_2 : Operation 1157 [2/2] (0.67ns)   --->   "%XW_block_227_load = load i4 %XW_block_227_addr" [src/integrated-gcn/gemm_stage.cpp:110]   --->   Operation 1157 'load' 'XW_block_227_load' <Predicate = true> <Delay = 0.67> <CoreInst = "RAM">   --->   Core 82 'RAM' <Latency = 1> <II = 1> <Delay = 0.67> <Storage> <Opcode : 'load' 'store'> <Ports = 2> <Width = 32> <Depth = 16> <RAM>
ST_2 : Operation 1158 [2/3] (0.99ns) (grouped into DSP with root node add_ln110_228)   --->   "%mul_ln110_228 = mul i32 %sext_ln110_67, i32 %sext_ln110_36_cast" [src/integrated-gcn/gemm_stage.cpp:110]   --->   Operation 1158 'mul' 'mul_ln110_228' <Predicate = true> <Delay = 0.99> <CoreInst = "DSP48">   --->   Core 124 'DSP48' <Latency = 3> <II = 1> <Delay = 0.53> <IPBlock> <Opcode : 'add' 'sub' 'mul' 'select'> <InPorts = 0> <OutPorts = 1> <Sync> <CReg>
ST_2 : Operation 1159 [1/1] (0.00ns)   --->   "%XW_block_228_addr = getelementptr i32 %XW_block_228, i64 0, i64 %zext_ln101" [src/integrated-gcn/gemm_stage.cpp:110]   --->   Operation 1159 'getelementptr' 'XW_block_228_addr' <Predicate = true> <Delay = 0.00>
ST_2 : Operation 1160 [2/2] (0.67ns)   --->   "%XW_block_228_load = load i4 %XW_block_228_addr" [src/integrated-gcn/gemm_stage.cpp:110]   --->   Operation 1160 'load' 'XW_block_228_load' <Predicate = true> <Delay = 0.67> <CoreInst = "RAM">   --->   Core 82 'RAM' <Latency = 1> <II = 1> <Delay = 0.67> <Storage> <Opcode : 'load' 'store'> <Ports = 2> <Width = 32> <Depth = 16> <RAM>
ST_2 : Operation 1161 [2/3] (0.99ns) (grouped into DSP with root node add_ln110_229)   --->   "%mul_ln110_229 = mul i32 %sext_ln110_67, i32 %sext_ln110_37_cast" [src/integrated-gcn/gemm_stage.cpp:110]   --->   Operation 1161 'mul' 'mul_ln110_229' <Predicate = true> <Delay = 0.99> <CoreInst = "DSP48">   --->   Core 124 'DSP48' <Latency = 3> <II = 1> <Delay = 0.53> <IPBlock> <Opcode : 'add' 'sub' 'mul' 'select'> <InPorts = 0> <OutPorts = 1> <Sync> <CReg>
ST_2 : Operation 1162 [1/1] (0.00ns)   --->   "%XW_block_229_addr = getelementptr i32 %XW_block_229, i64 0, i64 %zext_ln101" [src/integrated-gcn/gemm_stage.cpp:110]   --->   Operation 1162 'getelementptr' 'XW_block_229_addr' <Predicate = true> <Delay = 0.00>
ST_2 : Operation 1163 [2/2] (0.67ns)   --->   "%XW_block_229_load = load i4 %XW_block_229_addr" [src/integrated-gcn/gemm_stage.cpp:110]   --->   Operation 1163 'load' 'XW_block_229_load' <Predicate = true> <Delay = 0.67> <CoreInst = "RAM">   --->   Core 82 'RAM' <Latency = 1> <II = 1> <Delay = 0.67> <Storage> <Opcode : 'load' 'store'> <Ports = 2> <Width = 32> <Depth = 16> <RAM>
ST_2 : Operation 1164 [2/3] (0.99ns) (grouped into DSP with root node add_ln110_230)   --->   "%mul_ln110_230 = mul i32 %sext_ln110_67, i32 %sext_ln110_38_cast" [src/integrated-gcn/gemm_stage.cpp:110]   --->   Operation 1164 'mul' 'mul_ln110_230' <Predicate = true> <Delay = 0.99> <CoreInst = "DSP48">   --->   Core 124 'DSP48' <Latency = 3> <II = 1> <Delay = 0.53> <IPBlock> <Opcode : 'add' 'sub' 'mul' 'select'> <InPorts = 0> <OutPorts = 1> <Sync> <CReg>
ST_2 : Operation 1165 [1/1] (0.00ns)   --->   "%XW_block_230_addr = getelementptr i32 %XW_block_230, i64 0, i64 %zext_ln101" [src/integrated-gcn/gemm_stage.cpp:110]   --->   Operation 1165 'getelementptr' 'XW_block_230_addr' <Predicate = true> <Delay = 0.00>
ST_2 : Operation 1166 [2/2] (0.67ns)   --->   "%XW_block_230_load = load i4 %XW_block_230_addr" [src/integrated-gcn/gemm_stage.cpp:110]   --->   Operation 1166 'load' 'XW_block_230_load' <Predicate = true> <Delay = 0.67> <CoreInst = "RAM">   --->   Core 82 'RAM' <Latency = 1> <II = 1> <Delay = 0.67> <Storage> <Opcode : 'load' 'store'> <Ports = 2> <Width = 32> <Depth = 16> <RAM>
ST_2 : Operation 1167 [2/3] (0.99ns) (grouped into DSP with root node add_ln110_231)   --->   "%mul_ln110_231 = mul i32 %sext_ln110_67, i32 %sext_ln110_39_cast" [src/integrated-gcn/gemm_stage.cpp:110]   --->   Operation 1167 'mul' 'mul_ln110_231' <Predicate = true> <Delay = 0.99> <CoreInst = "DSP48">   --->   Core 124 'DSP48' <Latency = 3> <II = 1> <Delay = 0.53> <IPBlock> <Opcode : 'add' 'sub' 'mul' 'select'> <InPorts = 0> <OutPorts = 1> <Sync> <CReg>
ST_2 : Operation 1168 [1/1] (0.00ns)   --->   "%XW_block_231_addr = getelementptr i32 %XW_block_231, i64 0, i64 %zext_ln101" [src/integrated-gcn/gemm_stage.cpp:110]   --->   Operation 1168 'getelementptr' 'XW_block_231_addr' <Predicate = true> <Delay = 0.00>
ST_2 : Operation 1169 [2/2] (0.67ns)   --->   "%XW_block_231_load = load i4 %XW_block_231_addr" [src/integrated-gcn/gemm_stage.cpp:110]   --->   Operation 1169 'load' 'XW_block_231_load' <Predicate = true> <Delay = 0.67> <CoreInst = "RAM">   --->   Core 82 'RAM' <Latency = 1> <II = 1> <Delay = 0.67> <Storage> <Opcode : 'load' 'store'> <Ports = 2> <Width = 32> <Depth = 16> <RAM>
ST_2 : Operation 1170 [2/3] (0.99ns) (grouped into DSP with root node add_ln110_232)   --->   "%mul_ln110_232 = mul i32 %sext_ln110_67, i32 %sext_ln110_40_cast" [src/integrated-gcn/gemm_stage.cpp:110]   --->   Operation 1170 'mul' 'mul_ln110_232' <Predicate = true> <Delay = 0.99> <CoreInst = "DSP48">   --->   Core 124 'DSP48' <Latency = 3> <II = 1> <Delay = 0.53> <IPBlock> <Opcode : 'add' 'sub' 'mul' 'select'> <InPorts = 0> <OutPorts = 1> <Sync> <CReg>
ST_2 : Operation 1171 [1/1] (0.00ns)   --->   "%XW_block_232_addr = getelementptr i32 %XW_block_232, i64 0, i64 %zext_ln101" [src/integrated-gcn/gemm_stage.cpp:110]   --->   Operation 1171 'getelementptr' 'XW_block_232_addr' <Predicate = true> <Delay = 0.00>
ST_2 : Operation 1172 [2/2] (0.67ns)   --->   "%XW_block_232_load = load i4 %XW_block_232_addr" [src/integrated-gcn/gemm_stage.cpp:110]   --->   Operation 1172 'load' 'XW_block_232_load' <Predicate = true> <Delay = 0.67> <CoreInst = "RAM">   --->   Core 82 'RAM' <Latency = 1> <II = 1> <Delay = 0.67> <Storage> <Opcode : 'load' 'store'> <Ports = 2> <Width = 32> <Depth = 16> <RAM>
ST_2 : Operation 1173 [2/3] (0.99ns) (grouped into DSP with root node add_ln110_233)   --->   "%mul_ln110_233 = mul i32 %sext_ln110_67, i32 %sext_ln110_41_cast" [src/integrated-gcn/gemm_stage.cpp:110]   --->   Operation 1173 'mul' 'mul_ln110_233' <Predicate = true> <Delay = 0.99> <CoreInst = "DSP48">   --->   Core 124 'DSP48' <Latency = 3> <II = 1> <Delay = 0.53> <IPBlock> <Opcode : 'add' 'sub' 'mul' 'select'> <InPorts = 0> <OutPorts = 1> <Sync> <CReg>
ST_2 : Operation 1174 [1/1] (0.00ns)   --->   "%XW_block_233_addr = getelementptr i32 %XW_block_233, i64 0, i64 %zext_ln101" [src/integrated-gcn/gemm_stage.cpp:110]   --->   Operation 1174 'getelementptr' 'XW_block_233_addr' <Predicate = true> <Delay = 0.00>
ST_2 : Operation 1175 [2/2] (0.67ns)   --->   "%XW_block_233_load = load i4 %XW_block_233_addr" [src/integrated-gcn/gemm_stage.cpp:110]   --->   Operation 1175 'load' 'XW_block_233_load' <Predicate = true> <Delay = 0.67> <CoreInst = "RAM">   --->   Core 82 'RAM' <Latency = 1> <II = 1> <Delay = 0.67> <Storage> <Opcode : 'load' 'store'> <Ports = 2> <Width = 32> <Depth = 16> <RAM>
ST_2 : Operation 1176 [2/3] (0.99ns) (grouped into DSP with root node add_ln110_234)   --->   "%mul_ln110_234 = mul i32 %sext_ln110_67, i32 %sext_ln110_42_cast" [src/integrated-gcn/gemm_stage.cpp:110]   --->   Operation 1176 'mul' 'mul_ln110_234' <Predicate = true> <Delay = 0.99> <CoreInst = "DSP48">   --->   Core 124 'DSP48' <Latency = 3> <II = 1> <Delay = 0.53> <IPBlock> <Opcode : 'add' 'sub' 'mul' 'select'> <InPorts = 0> <OutPorts = 1> <Sync> <CReg>
ST_2 : Operation 1177 [1/1] (0.00ns)   --->   "%XW_block_234_addr = getelementptr i32 %XW_block_234, i64 0, i64 %zext_ln101" [src/integrated-gcn/gemm_stage.cpp:110]   --->   Operation 1177 'getelementptr' 'XW_block_234_addr' <Predicate = true> <Delay = 0.00>
ST_2 : Operation 1178 [2/2] (0.67ns)   --->   "%XW_block_234_load = load i4 %XW_block_234_addr" [src/integrated-gcn/gemm_stage.cpp:110]   --->   Operation 1178 'load' 'XW_block_234_load' <Predicate = true> <Delay = 0.67> <CoreInst = "RAM">   --->   Core 82 'RAM' <Latency = 1> <II = 1> <Delay = 0.67> <Storage> <Opcode : 'load' 'store'> <Ports = 2> <Width = 32> <Depth = 16> <RAM>
ST_2 : Operation 1179 [2/3] (0.99ns) (grouped into DSP with root node add_ln110_235)   --->   "%mul_ln110_235 = mul i32 %sext_ln110_67, i32 %sext_ln110_43_cast" [src/integrated-gcn/gemm_stage.cpp:110]   --->   Operation 1179 'mul' 'mul_ln110_235' <Predicate = true> <Delay = 0.99> <CoreInst = "DSP48">   --->   Core 124 'DSP48' <Latency = 3> <II = 1> <Delay = 0.53> <IPBlock> <Opcode : 'add' 'sub' 'mul' 'select'> <InPorts = 0> <OutPorts = 1> <Sync> <CReg>
ST_2 : Operation 1180 [1/1] (0.00ns)   --->   "%XW_block_235_addr = getelementptr i32 %XW_block_235, i64 0, i64 %zext_ln101" [src/integrated-gcn/gemm_stage.cpp:110]   --->   Operation 1180 'getelementptr' 'XW_block_235_addr' <Predicate = true> <Delay = 0.00>
ST_2 : Operation 1181 [2/2] (0.67ns)   --->   "%XW_block_235_load = load i4 %XW_block_235_addr" [src/integrated-gcn/gemm_stage.cpp:110]   --->   Operation 1181 'load' 'XW_block_235_load' <Predicate = true> <Delay = 0.67> <CoreInst = "RAM">   --->   Core 82 'RAM' <Latency = 1> <II = 1> <Delay = 0.67> <Storage> <Opcode : 'load' 'store'> <Ports = 2> <Width = 32> <Depth = 16> <RAM>
ST_2 : Operation 1182 [2/3] (0.99ns) (grouped into DSP with root node add_ln110_236)   --->   "%mul_ln110_236 = mul i32 %sext_ln110_67, i32 %sext_ln110_44_cast" [src/integrated-gcn/gemm_stage.cpp:110]   --->   Operation 1182 'mul' 'mul_ln110_236' <Predicate = true> <Delay = 0.99> <CoreInst = "DSP48">   --->   Core 124 'DSP48' <Latency = 3> <II = 1> <Delay = 0.53> <IPBlock> <Opcode : 'add' 'sub' 'mul' 'select'> <InPorts = 0> <OutPorts = 1> <Sync> <CReg>
ST_2 : Operation 1183 [1/1] (0.00ns)   --->   "%XW_block_236_addr = getelementptr i32 %XW_block_236, i64 0, i64 %zext_ln101" [src/integrated-gcn/gemm_stage.cpp:110]   --->   Operation 1183 'getelementptr' 'XW_block_236_addr' <Predicate = true> <Delay = 0.00>
ST_2 : Operation 1184 [2/2] (0.67ns)   --->   "%XW_block_236_load = load i4 %XW_block_236_addr" [src/integrated-gcn/gemm_stage.cpp:110]   --->   Operation 1184 'load' 'XW_block_236_load' <Predicate = true> <Delay = 0.67> <CoreInst = "RAM">   --->   Core 82 'RAM' <Latency = 1> <II = 1> <Delay = 0.67> <Storage> <Opcode : 'load' 'store'> <Ports = 2> <Width = 32> <Depth = 16> <RAM>
ST_2 : Operation 1185 [2/3] (0.99ns) (grouped into DSP with root node add_ln110_237)   --->   "%mul_ln110_237 = mul i32 %sext_ln110_67, i32 %sext_ln110_45_cast" [src/integrated-gcn/gemm_stage.cpp:110]   --->   Operation 1185 'mul' 'mul_ln110_237' <Predicate = true> <Delay = 0.99> <CoreInst = "DSP48">   --->   Core 124 'DSP48' <Latency = 3> <II = 1> <Delay = 0.53> <IPBlock> <Opcode : 'add' 'sub' 'mul' 'select'> <InPorts = 0> <OutPorts = 1> <Sync> <CReg>
ST_2 : Operation 1186 [1/1] (0.00ns)   --->   "%XW_block_237_addr = getelementptr i32 %XW_block_237, i64 0, i64 %zext_ln101" [src/integrated-gcn/gemm_stage.cpp:110]   --->   Operation 1186 'getelementptr' 'XW_block_237_addr' <Predicate = true> <Delay = 0.00>
ST_2 : Operation 1187 [2/2] (0.67ns)   --->   "%XW_block_237_load = load i4 %XW_block_237_addr" [src/integrated-gcn/gemm_stage.cpp:110]   --->   Operation 1187 'load' 'XW_block_237_load' <Predicate = true> <Delay = 0.67> <CoreInst = "RAM">   --->   Core 82 'RAM' <Latency = 1> <II = 1> <Delay = 0.67> <Storage> <Opcode : 'load' 'store'> <Ports = 2> <Width = 32> <Depth = 16> <RAM>
ST_2 : Operation 1188 [2/3] (0.99ns) (grouped into DSP with root node add_ln110_238)   --->   "%mul_ln110_238 = mul i32 %sext_ln110_67, i32 %sext_ln110_46_cast" [src/integrated-gcn/gemm_stage.cpp:110]   --->   Operation 1188 'mul' 'mul_ln110_238' <Predicate = true> <Delay = 0.99> <CoreInst = "DSP48">   --->   Core 124 'DSP48' <Latency = 3> <II = 1> <Delay = 0.53> <IPBlock> <Opcode : 'add' 'sub' 'mul' 'select'> <InPorts = 0> <OutPorts = 1> <Sync> <CReg>
ST_2 : Operation 1189 [1/1] (0.00ns)   --->   "%XW_block_238_addr = getelementptr i32 %XW_block_238, i64 0, i64 %zext_ln101" [src/integrated-gcn/gemm_stage.cpp:110]   --->   Operation 1189 'getelementptr' 'XW_block_238_addr' <Predicate = true> <Delay = 0.00>
ST_2 : Operation 1190 [2/2] (0.67ns)   --->   "%XW_block_238_load = load i4 %XW_block_238_addr" [src/integrated-gcn/gemm_stage.cpp:110]   --->   Operation 1190 'load' 'XW_block_238_load' <Predicate = true> <Delay = 0.67> <CoreInst = "RAM">   --->   Core 82 'RAM' <Latency = 1> <II = 1> <Delay = 0.67> <Storage> <Opcode : 'load' 'store'> <Ports = 2> <Width = 32> <Depth = 16> <RAM>
ST_2 : Operation 1191 [2/3] (0.99ns) (grouped into DSP with root node add_ln110_239)   --->   "%mul_ln110_239 = mul i32 %sext_ln110_67, i32 %sext_ln110_47_cast" [src/integrated-gcn/gemm_stage.cpp:110]   --->   Operation 1191 'mul' 'mul_ln110_239' <Predicate = true> <Delay = 0.99> <CoreInst = "DSP48">   --->   Core 124 'DSP48' <Latency = 3> <II = 1> <Delay = 0.53> <IPBlock> <Opcode : 'add' 'sub' 'mul' 'select'> <InPorts = 0> <OutPorts = 1> <Sync> <CReg>
ST_2 : Operation 1192 [1/1] (0.00ns)   --->   "%XW_block_239_addr = getelementptr i32 %XW_block_239, i64 0, i64 %zext_ln101" [src/integrated-gcn/gemm_stage.cpp:110]   --->   Operation 1192 'getelementptr' 'XW_block_239_addr' <Predicate = true> <Delay = 0.00>
ST_2 : Operation 1193 [2/2] (0.67ns)   --->   "%XW_block_239_load = load i4 %XW_block_239_addr" [src/integrated-gcn/gemm_stage.cpp:110]   --->   Operation 1193 'load' 'XW_block_239_load' <Predicate = true> <Delay = 0.67> <CoreInst = "RAM">   --->   Core 82 'RAM' <Latency = 1> <II = 1> <Delay = 0.67> <Storage> <Opcode : 'load' 'store'> <Ports = 2> <Width = 32> <Depth = 16> <RAM>
ST_2 : Operation 1194 [2/3] (0.99ns) (grouped into DSP with root node add_ln110_240)   --->   "%mul_ln110_240 = mul i32 %sext_ln110_67, i32 %sext_ln110_48_cast" [src/integrated-gcn/gemm_stage.cpp:110]   --->   Operation 1194 'mul' 'mul_ln110_240' <Predicate = true> <Delay = 0.99> <CoreInst = "DSP48">   --->   Core 124 'DSP48' <Latency = 3> <II = 1> <Delay = 0.53> <IPBlock> <Opcode : 'add' 'sub' 'mul' 'select'> <InPorts = 0> <OutPorts = 1> <Sync> <CReg>
ST_2 : Operation 1195 [1/1] (0.00ns)   --->   "%XW_block_240_addr = getelementptr i32 %XW_block_240, i64 0, i64 %zext_ln101" [src/integrated-gcn/gemm_stage.cpp:110]   --->   Operation 1195 'getelementptr' 'XW_block_240_addr' <Predicate = true> <Delay = 0.00>
ST_2 : Operation 1196 [2/2] (0.67ns)   --->   "%XW_block_240_load = load i4 %XW_block_240_addr" [src/integrated-gcn/gemm_stage.cpp:110]   --->   Operation 1196 'load' 'XW_block_240_load' <Predicate = true> <Delay = 0.67> <CoreInst = "RAM">   --->   Core 82 'RAM' <Latency = 1> <II = 1> <Delay = 0.67> <Storage> <Opcode : 'load' 'store'> <Ports = 2> <Width = 32> <Depth = 16> <RAM>
ST_2 : Operation 1197 [2/3] (0.99ns) (grouped into DSP with root node add_ln110_241)   --->   "%mul_ln110_241 = mul i32 %sext_ln110_67, i32 %sext_ln110_49_cast" [src/integrated-gcn/gemm_stage.cpp:110]   --->   Operation 1197 'mul' 'mul_ln110_241' <Predicate = true> <Delay = 0.99> <CoreInst = "DSP48">   --->   Core 124 'DSP48' <Latency = 3> <II = 1> <Delay = 0.53> <IPBlock> <Opcode : 'add' 'sub' 'mul' 'select'> <InPorts = 0> <OutPorts = 1> <Sync> <CReg>
ST_2 : Operation 1198 [1/1] (0.00ns)   --->   "%XW_block_241_addr = getelementptr i32 %XW_block_241, i64 0, i64 %zext_ln101" [src/integrated-gcn/gemm_stage.cpp:110]   --->   Operation 1198 'getelementptr' 'XW_block_241_addr' <Predicate = true> <Delay = 0.00>
ST_2 : Operation 1199 [2/2] (0.67ns)   --->   "%XW_block_241_load = load i4 %XW_block_241_addr" [src/integrated-gcn/gemm_stage.cpp:110]   --->   Operation 1199 'load' 'XW_block_241_load' <Predicate = true> <Delay = 0.67> <CoreInst = "RAM">   --->   Core 82 'RAM' <Latency = 1> <II = 1> <Delay = 0.67> <Storage> <Opcode : 'load' 'store'> <Ports = 2> <Width = 32> <Depth = 16> <RAM>
ST_2 : Operation 1200 [2/3] (0.99ns) (grouped into DSP with root node add_ln110_242)   --->   "%mul_ln110_242 = mul i32 %sext_ln110_67, i32 %sext_ln110_50_cast" [src/integrated-gcn/gemm_stage.cpp:110]   --->   Operation 1200 'mul' 'mul_ln110_242' <Predicate = true> <Delay = 0.99> <CoreInst = "DSP48">   --->   Core 124 'DSP48' <Latency = 3> <II = 1> <Delay = 0.53> <IPBlock> <Opcode : 'add' 'sub' 'mul' 'select'> <InPorts = 0> <OutPorts = 1> <Sync> <CReg>
ST_2 : Operation 1201 [1/1] (0.00ns)   --->   "%XW_block_242_addr = getelementptr i32 %XW_block_242, i64 0, i64 %zext_ln101" [src/integrated-gcn/gemm_stage.cpp:110]   --->   Operation 1201 'getelementptr' 'XW_block_242_addr' <Predicate = true> <Delay = 0.00>
ST_2 : Operation 1202 [2/2] (0.67ns)   --->   "%XW_block_242_load = load i4 %XW_block_242_addr" [src/integrated-gcn/gemm_stage.cpp:110]   --->   Operation 1202 'load' 'XW_block_242_load' <Predicate = true> <Delay = 0.67> <CoreInst = "RAM">   --->   Core 82 'RAM' <Latency = 1> <II = 1> <Delay = 0.67> <Storage> <Opcode : 'load' 'store'> <Ports = 2> <Width = 32> <Depth = 16> <RAM>
ST_2 : Operation 1203 [2/3] (0.99ns) (grouped into DSP with root node add_ln110_243)   --->   "%mul_ln110_243 = mul i32 %sext_ln110_67, i32 %sext_ln110_51_cast" [src/integrated-gcn/gemm_stage.cpp:110]   --->   Operation 1203 'mul' 'mul_ln110_243' <Predicate = true> <Delay = 0.99> <CoreInst = "DSP48">   --->   Core 124 'DSP48' <Latency = 3> <II = 1> <Delay = 0.53> <IPBlock> <Opcode : 'add' 'sub' 'mul' 'select'> <InPorts = 0> <OutPorts = 1> <Sync> <CReg>
ST_2 : Operation 1204 [1/1] (0.00ns)   --->   "%XW_block_243_addr = getelementptr i32 %XW_block_243, i64 0, i64 %zext_ln101" [src/integrated-gcn/gemm_stage.cpp:110]   --->   Operation 1204 'getelementptr' 'XW_block_243_addr' <Predicate = true> <Delay = 0.00>
ST_2 : Operation 1205 [2/2] (0.67ns)   --->   "%XW_block_243_load = load i4 %XW_block_243_addr" [src/integrated-gcn/gemm_stage.cpp:110]   --->   Operation 1205 'load' 'XW_block_243_load' <Predicate = true> <Delay = 0.67> <CoreInst = "RAM">   --->   Core 82 'RAM' <Latency = 1> <II = 1> <Delay = 0.67> <Storage> <Opcode : 'load' 'store'> <Ports = 2> <Width = 32> <Depth = 16> <RAM>
ST_2 : Operation 1206 [2/3] (0.99ns) (grouped into DSP with root node add_ln110_244)   --->   "%mul_ln110_244 = mul i32 %sext_ln110_67, i32 %sext_ln110_52_cast" [src/integrated-gcn/gemm_stage.cpp:110]   --->   Operation 1206 'mul' 'mul_ln110_244' <Predicate = true> <Delay = 0.99> <CoreInst = "DSP48">   --->   Core 124 'DSP48' <Latency = 3> <II = 1> <Delay = 0.53> <IPBlock> <Opcode : 'add' 'sub' 'mul' 'select'> <InPorts = 0> <OutPorts = 1> <Sync> <CReg>
ST_2 : Operation 1207 [1/1] (0.00ns)   --->   "%XW_block_244_addr = getelementptr i32 %XW_block_244, i64 0, i64 %zext_ln101" [src/integrated-gcn/gemm_stage.cpp:110]   --->   Operation 1207 'getelementptr' 'XW_block_244_addr' <Predicate = true> <Delay = 0.00>
ST_2 : Operation 1208 [2/2] (0.67ns)   --->   "%XW_block_244_load = load i4 %XW_block_244_addr" [src/integrated-gcn/gemm_stage.cpp:110]   --->   Operation 1208 'load' 'XW_block_244_load' <Predicate = true> <Delay = 0.67> <CoreInst = "RAM">   --->   Core 82 'RAM' <Latency = 1> <II = 1> <Delay = 0.67> <Storage> <Opcode : 'load' 'store'> <Ports = 2> <Width = 32> <Depth = 16> <RAM>
ST_2 : Operation 1209 [2/3] (0.99ns) (grouped into DSP with root node add_ln110_245)   --->   "%mul_ln110_245 = mul i32 %sext_ln110_67, i32 %sext_ln110_53_cast" [src/integrated-gcn/gemm_stage.cpp:110]   --->   Operation 1209 'mul' 'mul_ln110_245' <Predicate = true> <Delay = 0.99> <CoreInst = "DSP48">   --->   Core 124 'DSP48' <Latency = 3> <II = 1> <Delay = 0.53> <IPBlock> <Opcode : 'add' 'sub' 'mul' 'select'> <InPorts = 0> <OutPorts = 1> <Sync> <CReg>
ST_2 : Operation 1210 [1/1] (0.00ns)   --->   "%XW_block_245_addr = getelementptr i32 %XW_block_245, i64 0, i64 %zext_ln101" [src/integrated-gcn/gemm_stage.cpp:110]   --->   Operation 1210 'getelementptr' 'XW_block_245_addr' <Predicate = true> <Delay = 0.00>
ST_2 : Operation 1211 [2/2] (0.67ns)   --->   "%XW_block_245_load = load i4 %XW_block_245_addr" [src/integrated-gcn/gemm_stage.cpp:110]   --->   Operation 1211 'load' 'XW_block_245_load' <Predicate = true> <Delay = 0.67> <CoreInst = "RAM">   --->   Core 82 'RAM' <Latency = 1> <II = 1> <Delay = 0.67> <Storage> <Opcode : 'load' 'store'> <Ports = 2> <Width = 32> <Depth = 16> <RAM>
ST_2 : Operation 1212 [2/3] (0.99ns) (grouped into DSP with root node add_ln110_246)   --->   "%mul_ln110_246 = mul i32 %sext_ln110_67, i32 %sext_ln110_54_cast" [src/integrated-gcn/gemm_stage.cpp:110]   --->   Operation 1212 'mul' 'mul_ln110_246' <Predicate = true> <Delay = 0.99> <CoreInst = "DSP48">   --->   Core 124 'DSP48' <Latency = 3> <II = 1> <Delay = 0.53> <IPBlock> <Opcode : 'add' 'sub' 'mul' 'select'> <InPorts = 0> <OutPorts = 1> <Sync> <CReg>
ST_2 : Operation 1213 [1/1] (0.00ns)   --->   "%XW_block_246_addr = getelementptr i32 %XW_block_246, i64 0, i64 %zext_ln101" [src/integrated-gcn/gemm_stage.cpp:110]   --->   Operation 1213 'getelementptr' 'XW_block_246_addr' <Predicate = true> <Delay = 0.00>
ST_2 : Operation 1214 [2/2] (0.67ns)   --->   "%XW_block_246_load = load i4 %XW_block_246_addr" [src/integrated-gcn/gemm_stage.cpp:110]   --->   Operation 1214 'load' 'XW_block_246_load' <Predicate = true> <Delay = 0.67> <CoreInst = "RAM">   --->   Core 82 'RAM' <Latency = 1> <II = 1> <Delay = 0.67> <Storage> <Opcode : 'load' 'store'> <Ports = 2> <Width = 32> <Depth = 16> <RAM>
ST_2 : Operation 1215 [2/3] (0.99ns) (grouped into DSP with root node add_ln110_247)   --->   "%mul_ln110_247 = mul i32 %sext_ln110_67, i32 %sext_ln110_55_cast" [src/integrated-gcn/gemm_stage.cpp:110]   --->   Operation 1215 'mul' 'mul_ln110_247' <Predicate = true> <Delay = 0.99> <CoreInst = "DSP48">   --->   Core 124 'DSP48' <Latency = 3> <II = 1> <Delay = 0.53> <IPBlock> <Opcode : 'add' 'sub' 'mul' 'select'> <InPorts = 0> <OutPorts = 1> <Sync> <CReg>
ST_2 : Operation 1216 [1/1] (0.00ns)   --->   "%XW_block_247_addr = getelementptr i32 %XW_block_247, i64 0, i64 %zext_ln101" [src/integrated-gcn/gemm_stage.cpp:110]   --->   Operation 1216 'getelementptr' 'XW_block_247_addr' <Predicate = true> <Delay = 0.00>
ST_2 : Operation 1217 [2/2] (0.67ns)   --->   "%XW_block_247_load = load i4 %XW_block_247_addr" [src/integrated-gcn/gemm_stage.cpp:110]   --->   Operation 1217 'load' 'XW_block_247_load' <Predicate = true> <Delay = 0.67> <CoreInst = "RAM">   --->   Core 82 'RAM' <Latency = 1> <II = 1> <Delay = 0.67> <Storage> <Opcode : 'load' 'store'> <Ports = 2> <Width = 32> <Depth = 16> <RAM>
ST_2 : Operation 1218 [2/3] (0.99ns) (grouped into DSP with root node add_ln110_248)   --->   "%mul_ln110_248 = mul i32 %sext_ln110_67, i32 %sext_ln110_56_cast" [src/integrated-gcn/gemm_stage.cpp:110]   --->   Operation 1218 'mul' 'mul_ln110_248' <Predicate = true> <Delay = 0.99> <CoreInst = "DSP48">   --->   Core 124 'DSP48' <Latency = 3> <II = 1> <Delay = 0.53> <IPBlock> <Opcode : 'add' 'sub' 'mul' 'select'> <InPorts = 0> <OutPorts = 1> <Sync> <CReg>
ST_2 : Operation 1219 [1/1] (0.00ns)   --->   "%XW_block_248_addr = getelementptr i32 %XW_block_248, i64 0, i64 %zext_ln101" [src/integrated-gcn/gemm_stage.cpp:110]   --->   Operation 1219 'getelementptr' 'XW_block_248_addr' <Predicate = true> <Delay = 0.00>
ST_2 : Operation 1220 [2/2] (0.67ns)   --->   "%XW_block_248_load = load i4 %XW_block_248_addr" [src/integrated-gcn/gemm_stage.cpp:110]   --->   Operation 1220 'load' 'XW_block_248_load' <Predicate = true> <Delay = 0.67> <CoreInst = "RAM">   --->   Core 82 'RAM' <Latency = 1> <II = 1> <Delay = 0.67> <Storage> <Opcode : 'load' 'store'> <Ports = 2> <Width = 32> <Depth = 16> <RAM>
ST_2 : Operation 1221 [2/3] (0.99ns) (grouped into DSP with root node add_ln110_249)   --->   "%mul_ln110_249 = mul i32 %sext_ln110_67, i32 %sext_ln110_57_cast" [src/integrated-gcn/gemm_stage.cpp:110]   --->   Operation 1221 'mul' 'mul_ln110_249' <Predicate = true> <Delay = 0.99> <CoreInst = "DSP48">   --->   Core 124 'DSP48' <Latency = 3> <II = 1> <Delay = 0.53> <IPBlock> <Opcode : 'add' 'sub' 'mul' 'select'> <InPorts = 0> <OutPorts = 1> <Sync> <CReg>
ST_2 : Operation 1222 [1/1] (0.00ns)   --->   "%XW_block_249_addr = getelementptr i32 %XW_block_249, i64 0, i64 %zext_ln101" [src/integrated-gcn/gemm_stage.cpp:110]   --->   Operation 1222 'getelementptr' 'XW_block_249_addr' <Predicate = true> <Delay = 0.00>
ST_2 : Operation 1223 [2/2] (0.67ns)   --->   "%XW_block_249_load = load i4 %XW_block_249_addr" [src/integrated-gcn/gemm_stage.cpp:110]   --->   Operation 1223 'load' 'XW_block_249_load' <Predicate = true> <Delay = 0.67> <CoreInst = "RAM">   --->   Core 82 'RAM' <Latency = 1> <II = 1> <Delay = 0.67> <Storage> <Opcode : 'load' 'store'> <Ports = 2> <Width = 32> <Depth = 16> <RAM>
ST_2 : Operation 1224 [2/3] (0.99ns) (grouped into DSP with root node add_ln110_250)   --->   "%mul_ln110_250 = mul i32 %sext_ln110_67, i32 %sext_ln110_58_cast" [src/integrated-gcn/gemm_stage.cpp:110]   --->   Operation 1224 'mul' 'mul_ln110_250' <Predicate = true> <Delay = 0.99> <CoreInst = "DSP48">   --->   Core 124 'DSP48' <Latency = 3> <II = 1> <Delay = 0.53> <IPBlock> <Opcode : 'add' 'sub' 'mul' 'select'> <InPorts = 0> <OutPorts = 1> <Sync> <CReg>
ST_2 : Operation 1225 [1/1] (0.00ns)   --->   "%XW_block_250_addr = getelementptr i32 %XW_block_250, i64 0, i64 %zext_ln101" [src/integrated-gcn/gemm_stage.cpp:110]   --->   Operation 1225 'getelementptr' 'XW_block_250_addr' <Predicate = true> <Delay = 0.00>
ST_2 : Operation 1226 [2/2] (0.67ns)   --->   "%XW_block_250_load = load i4 %XW_block_250_addr" [src/integrated-gcn/gemm_stage.cpp:110]   --->   Operation 1226 'load' 'XW_block_250_load' <Predicate = true> <Delay = 0.67> <CoreInst = "RAM">   --->   Core 82 'RAM' <Latency = 1> <II = 1> <Delay = 0.67> <Storage> <Opcode : 'load' 'store'> <Ports = 2> <Width = 32> <Depth = 16> <RAM>
ST_2 : Operation 1227 [2/3] (0.99ns) (grouped into DSP with root node add_ln110_251)   --->   "%mul_ln110_251 = mul i32 %sext_ln110_67, i32 %sext_ln110_59_cast" [src/integrated-gcn/gemm_stage.cpp:110]   --->   Operation 1227 'mul' 'mul_ln110_251' <Predicate = true> <Delay = 0.99> <CoreInst = "DSP48">   --->   Core 124 'DSP48' <Latency = 3> <II = 1> <Delay = 0.53> <IPBlock> <Opcode : 'add' 'sub' 'mul' 'select'> <InPorts = 0> <OutPorts = 1> <Sync> <CReg>
ST_2 : Operation 1228 [1/1] (0.00ns)   --->   "%XW_block_251_addr = getelementptr i32 %XW_block_251, i64 0, i64 %zext_ln101" [src/integrated-gcn/gemm_stage.cpp:110]   --->   Operation 1228 'getelementptr' 'XW_block_251_addr' <Predicate = true> <Delay = 0.00>
ST_2 : Operation 1229 [2/2] (0.67ns)   --->   "%XW_block_251_load = load i4 %XW_block_251_addr" [src/integrated-gcn/gemm_stage.cpp:110]   --->   Operation 1229 'load' 'XW_block_251_load' <Predicate = true> <Delay = 0.67> <CoreInst = "RAM">   --->   Core 82 'RAM' <Latency = 1> <II = 1> <Delay = 0.67> <Storage> <Opcode : 'load' 'store'> <Ports = 2> <Width = 32> <Depth = 16> <RAM>
ST_2 : Operation 1230 [2/3] (0.99ns) (grouped into DSP with root node add_ln110_252)   --->   "%mul_ln110_252 = mul i32 %sext_ln110_67, i32 %sext_ln110_60_cast" [src/integrated-gcn/gemm_stage.cpp:110]   --->   Operation 1230 'mul' 'mul_ln110_252' <Predicate = true> <Delay = 0.99> <CoreInst = "DSP48">   --->   Core 124 'DSP48' <Latency = 3> <II = 1> <Delay = 0.53> <IPBlock> <Opcode : 'add' 'sub' 'mul' 'select'> <InPorts = 0> <OutPorts = 1> <Sync> <CReg>
ST_2 : Operation 1231 [1/1] (0.00ns)   --->   "%XW_block_252_addr = getelementptr i32 %XW_block_252, i64 0, i64 %zext_ln101" [src/integrated-gcn/gemm_stage.cpp:110]   --->   Operation 1231 'getelementptr' 'XW_block_252_addr' <Predicate = true> <Delay = 0.00>
ST_2 : Operation 1232 [2/2] (0.67ns)   --->   "%XW_block_252_load = load i4 %XW_block_252_addr" [src/integrated-gcn/gemm_stage.cpp:110]   --->   Operation 1232 'load' 'XW_block_252_load' <Predicate = true> <Delay = 0.67> <CoreInst = "RAM">   --->   Core 82 'RAM' <Latency = 1> <II = 1> <Delay = 0.67> <Storage> <Opcode : 'load' 'store'> <Ports = 2> <Width = 32> <Depth = 16> <RAM>
ST_2 : Operation 1233 [2/3] (0.99ns) (grouped into DSP with root node add_ln110_253)   --->   "%mul_ln110_253 = mul i32 %sext_ln110_67, i32 %sext_ln110_61_cast" [src/integrated-gcn/gemm_stage.cpp:110]   --->   Operation 1233 'mul' 'mul_ln110_253' <Predicate = true> <Delay = 0.99> <CoreInst = "DSP48">   --->   Core 124 'DSP48' <Latency = 3> <II = 1> <Delay = 0.53> <IPBlock> <Opcode : 'add' 'sub' 'mul' 'select'> <InPorts = 0> <OutPorts = 1> <Sync> <CReg>
ST_2 : Operation 1234 [1/1] (0.00ns)   --->   "%XW_block_253_addr = getelementptr i32 %XW_block_253, i64 0, i64 %zext_ln101" [src/integrated-gcn/gemm_stage.cpp:110]   --->   Operation 1234 'getelementptr' 'XW_block_253_addr' <Predicate = true> <Delay = 0.00>
ST_2 : Operation 1235 [2/2] (0.67ns)   --->   "%XW_block_253_load = load i4 %XW_block_253_addr" [src/integrated-gcn/gemm_stage.cpp:110]   --->   Operation 1235 'load' 'XW_block_253_load' <Predicate = true> <Delay = 0.67> <CoreInst = "RAM">   --->   Core 82 'RAM' <Latency = 1> <II = 1> <Delay = 0.67> <Storage> <Opcode : 'load' 'store'> <Ports = 2> <Width = 32> <Depth = 16> <RAM>
ST_2 : Operation 1236 [2/3] (0.99ns) (grouped into DSP with root node add_ln110_254)   --->   "%mul_ln110_254 = mul i32 %sext_ln110_67, i32 %sext_ln110_62_cast" [src/integrated-gcn/gemm_stage.cpp:110]   --->   Operation 1236 'mul' 'mul_ln110_254' <Predicate = true> <Delay = 0.99> <CoreInst = "DSP48">   --->   Core 124 'DSP48' <Latency = 3> <II = 1> <Delay = 0.53> <IPBlock> <Opcode : 'add' 'sub' 'mul' 'select'> <InPorts = 0> <OutPorts = 1> <Sync> <CReg>
ST_2 : Operation 1237 [1/1] (0.00ns)   --->   "%XW_block_254_addr = getelementptr i32 %XW_block_254, i64 0, i64 %zext_ln101" [src/integrated-gcn/gemm_stage.cpp:110]   --->   Operation 1237 'getelementptr' 'XW_block_254_addr' <Predicate = true> <Delay = 0.00>
ST_2 : Operation 1238 [2/2] (0.67ns)   --->   "%XW_block_254_load = load i4 %XW_block_254_addr" [src/integrated-gcn/gemm_stage.cpp:110]   --->   Operation 1238 'load' 'XW_block_254_load' <Predicate = true> <Delay = 0.67> <CoreInst = "RAM">   --->   Core 82 'RAM' <Latency = 1> <II = 1> <Delay = 0.67> <Storage> <Opcode : 'load' 'store'> <Ports = 2> <Width = 32> <Depth = 16> <RAM>
ST_2 : Operation 1239 [2/3] (0.99ns) (grouped into DSP with root node add_ln110_255)   --->   "%mul_ln110_255 = mul i32 %sext_ln110_67, i32 %sext_ln110_63_cast" [src/integrated-gcn/gemm_stage.cpp:110]   --->   Operation 1239 'mul' 'mul_ln110_255' <Predicate = true> <Delay = 0.99> <CoreInst = "DSP48">   --->   Core 124 'DSP48' <Latency = 3> <II = 1> <Delay = 0.53> <IPBlock> <Opcode : 'add' 'sub' 'mul' 'select'> <InPorts = 0> <OutPorts = 1> <Sync> <CReg>
ST_2 : Operation 1240 [1/1] (0.00ns)   --->   "%XW_block_255_addr = getelementptr i32 %XW_block_255, i64 0, i64 %zext_ln101" [src/integrated-gcn/gemm_stage.cpp:110]   --->   Operation 1240 'getelementptr' 'XW_block_255_addr' <Predicate = true> <Delay = 0.00>
ST_2 : Operation 1241 [2/2] (0.67ns)   --->   "%XW_block_255_load = load i4 %XW_block_255_addr" [src/integrated-gcn/gemm_stage.cpp:110]   --->   Operation 1241 'load' 'XW_block_255_load' <Predicate = true> <Delay = 0.67> <CoreInst = "RAM">   --->   Core 82 'RAM' <Latency = 1> <II = 1> <Delay = 0.67> <Storage> <Opcode : 'load' 'store'> <Ports = 2> <Width = 32> <Depth = 16> <RAM>

State 3 <SV = 2> <Delay = 1.32>
ST_3 : Operation 1242 [1/3] (0.00ns) (grouped into DSP with root node add_ln110)   --->   "%mul_ln110 = mul i32 %sext_ln110_64, i32 %sext_ln110_cast" [src/integrated-gcn/gemm_stage.cpp:110]   --->   Operation 1242 'mul' 'mul_ln110' <Predicate = true> <Delay = 0.00> <CoreInst = "DSP48">   --->   Core 124 'DSP48' <Latency = 3> <II = 1> <Delay = 0.53> <IPBlock> <Opcode : 'add' 'sub' 'mul' 'select'> <InPorts = 0> <OutPorts = 1> <Sync> <CReg>
ST_3 : Operation 1243 [1/2] ( I:0.67ns O:0.67ns )   --->   "%XW_block_load = load i4 %XW_block_addr" [src/integrated-gcn/gemm_stage.cpp:110]   --->   Operation 1243 'load' 'XW_block_load' <Predicate = true> <Delay = 0.67> <CoreInst = "RAM">   --->   Core 82 'RAM' <Latency = 1> <II = 1> <Delay = 0.67> <Storage> <Opcode : 'load' 'store'> <Ports = 2> <Width = 32> <Depth = 16> <RAM>
ST_3 : Operation 1244 [2/2] (0.64ns) (root node of the DSP)   --->   "%add_ln110 = add i32 %XW_block_load, i32 %mul_ln110" [src/integrated-gcn/gemm_stage.cpp:110]   --->   Operation 1244 'add' 'add_ln110' <Predicate = true> <Delay = 0.64> <CoreInst = "DSP48">   --->   Core 124 'DSP48' <Latency = 3> <II = 1> <Delay = 0.53> <IPBlock> <Opcode : 'add' 'sub' 'mul' 'select'> <InPorts = 0> <OutPorts = 1> <Sync> <CReg>
ST_3 : Operation 1245 [1/3] (0.00ns) (grouped into DSP with root node add_ln110_1)   --->   "%mul_ln110_1 = mul i32 %sext_ln110_64, i32 %sext_ln110_1_cast" [src/integrated-gcn/gemm_stage.cpp:110]   --->   Operation 1245 'mul' 'mul_ln110_1' <Predicate = true> <Delay = 0.00> <CoreInst = "DSP48">   --->   Core 124 'DSP48' <Latency = 3> <II = 1> <Delay = 0.53> <IPBlock> <Opcode : 'add' 'sub' 'mul' 'select'> <InPorts = 0> <OutPorts = 1> <Sync> <CReg>
ST_3 : Operation 1246 [1/2] ( I:0.67ns O:0.67ns )   --->   "%XW_block_1_load = load i4 %XW_block_1_addr" [src/integrated-gcn/gemm_stage.cpp:110]   --->   Operation 1246 'load' 'XW_block_1_load' <Predicate = true> <Delay = 0.67> <CoreInst = "RAM">   --->   Core 82 'RAM' <Latency = 1> <II = 1> <Delay = 0.67> <Storage> <Opcode : 'load' 'store'> <Ports = 2> <Width = 32> <Depth = 16> <RAM>
ST_3 : Operation 1247 [2/2] (0.64ns) (root node of the DSP)   --->   "%add_ln110_1 = add i32 %XW_block_1_load, i32 %mul_ln110_1" [src/integrated-gcn/gemm_stage.cpp:110]   --->   Operation 1247 'add' 'add_ln110_1' <Predicate = true> <Delay = 0.64> <CoreInst = "DSP48">   --->   Core 124 'DSP48' <Latency = 3> <II = 1> <Delay = 0.53> <IPBlock> <Opcode : 'add' 'sub' 'mul' 'select'> <InPorts = 0> <OutPorts = 1> <Sync> <CReg>
ST_3 : Operation 1248 [1/3] (0.00ns) (grouped into DSP with root node add_ln110_2)   --->   "%mul_ln110_2 = mul i32 %sext_ln110_64, i32 %sext_ln110_2_cast" [src/integrated-gcn/gemm_stage.cpp:110]   --->   Operation 1248 'mul' 'mul_ln110_2' <Predicate = true> <Delay = 0.00> <CoreInst = "DSP48">   --->   Core 124 'DSP48' <Latency = 3> <II = 1> <Delay = 0.53> <IPBlock> <Opcode : 'add' 'sub' 'mul' 'select'> <InPorts = 0> <OutPorts = 1> <Sync> <CReg>
ST_3 : Operation 1249 [1/2] ( I:0.67ns O:0.67ns )   --->   "%XW_block_2_load = load i4 %XW_block_2_addr" [src/integrated-gcn/gemm_stage.cpp:110]   --->   Operation 1249 'load' 'XW_block_2_load' <Predicate = true> <Delay = 0.67> <CoreInst = "RAM">   --->   Core 82 'RAM' <Latency = 1> <II = 1> <Delay = 0.67> <Storage> <Opcode : 'load' 'store'> <Ports = 2> <Width = 32> <Depth = 16> <RAM>
ST_3 : Operation 1250 [2/2] (0.64ns) (root node of the DSP)   --->   "%add_ln110_2 = add i32 %XW_block_2_load, i32 %mul_ln110_2" [src/integrated-gcn/gemm_stage.cpp:110]   --->   Operation 1250 'add' 'add_ln110_2' <Predicate = true> <Delay = 0.64> <CoreInst = "DSP48">   --->   Core 124 'DSP48' <Latency = 3> <II = 1> <Delay = 0.53> <IPBlock> <Opcode : 'add' 'sub' 'mul' 'select'> <InPorts = 0> <OutPorts = 1> <Sync> <CReg>
ST_3 : Operation 1251 [1/3] (0.00ns) (grouped into DSP with root node add_ln110_3)   --->   "%mul_ln110_3 = mul i32 %sext_ln110_64, i32 %sext_ln110_3_cast" [src/integrated-gcn/gemm_stage.cpp:110]   --->   Operation 1251 'mul' 'mul_ln110_3' <Predicate = true> <Delay = 0.00> <CoreInst = "DSP48">   --->   Core 124 'DSP48' <Latency = 3> <II = 1> <Delay = 0.53> <IPBlock> <Opcode : 'add' 'sub' 'mul' 'select'> <InPorts = 0> <OutPorts = 1> <Sync> <CReg>
ST_3 : Operation 1252 [1/2] ( I:0.67ns O:0.67ns )   --->   "%XW_block_3_load = load i4 %XW_block_3_addr" [src/integrated-gcn/gemm_stage.cpp:110]   --->   Operation 1252 'load' 'XW_block_3_load' <Predicate = true> <Delay = 0.67> <CoreInst = "RAM">   --->   Core 82 'RAM' <Latency = 1> <II = 1> <Delay = 0.67> <Storage> <Opcode : 'load' 'store'> <Ports = 2> <Width = 32> <Depth = 16> <RAM>
ST_3 : Operation 1253 [2/2] (0.64ns) (root node of the DSP)   --->   "%add_ln110_3 = add i32 %XW_block_3_load, i32 %mul_ln110_3" [src/integrated-gcn/gemm_stage.cpp:110]   --->   Operation 1253 'add' 'add_ln110_3' <Predicate = true> <Delay = 0.64> <CoreInst = "DSP48">   --->   Core 124 'DSP48' <Latency = 3> <II = 1> <Delay = 0.53> <IPBlock> <Opcode : 'add' 'sub' 'mul' 'select'> <InPorts = 0> <OutPorts = 1> <Sync> <CReg>
ST_3 : Operation 1254 [1/3] (0.00ns) (grouped into DSP with root node add_ln110_4)   --->   "%mul_ln110_4 = mul i32 %sext_ln110_64, i32 %sext_ln110_4_cast" [src/integrated-gcn/gemm_stage.cpp:110]   --->   Operation 1254 'mul' 'mul_ln110_4' <Predicate = true> <Delay = 0.00> <CoreInst = "DSP48">   --->   Core 124 'DSP48' <Latency = 3> <II = 1> <Delay = 0.53> <IPBlock> <Opcode : 'add' 'sub' 'mul' 'select'> <InPorts = 0> <OutPorts = 1> <Sync> <CReg>
ST_3 : Operation 1255 [1/2] ( I:0.67ns O:0.67ns )   --->   "%XW_block_4_load = load i4 %XW_block_4_addr" [src/integrated-gcn/gemm_stage.cpp:110]   --->   Operation 1255 'load' 'XW_block_4_load' <Predicate = true> <Delay = 0.67> <CoreInst = "RAM">   --->   Core 82 'RAM' <Latency = 1> <II = 1> <Delay = 0.67> <Storage> <Opcode : 'load' 'store'> <Ports = 2> <Width = 32> <Depth = 16> <RAM>
ST_3 : Operation 1256 [2/2] (0.64ns) (root node of the DSP)   --->   "%add_ln110_4 = add i32 %XW_block_4_load, i32 %mul_ln110_4" [src/integrated-gcn/gemm_stage.cpp:110]   --->   Operation 1256 'add' 'add_ln110_4' <Predicate = true> <Delay = 0.64> <CoreInst = "DSP48">   --->   Core 124 'DSP48' <Latency = 3> <II = 1> <Delay = 0.53> <IPBlock> <Opcode : 'add' 'sub' 'mul' 'select'> <InPorts = 0> <OutPorts = 1> <Sync> <CReg>
ST_3 : Operation 1257 [1/3] (0.00ns) (grouped into DSP with root node add_ln110_5)   --->   "%mul_ln110_5 = mul i32 %sext_ln110_64, i32 %sext_ln110_5_cast" [src/integrated-gcn/gemm_stage.cpp:110]   --->   Operation 1257 'mul' 'mul_ln110_5' <Predicate = true> <Delay = 0.00> <CoreInst = "DSP48">   --->   Core 124 'DSP48' <Latency = 3> <II = 1> <Delay = 0.53> <IPBlock> <Opcode : 'add' 'sub' 'mul' 'select'> <InPorts = 0> <OutPorts = 1> <Sync> <CReg>
ST_3 : Operation 1258 [1/2] ( I:0.67ns O:0.67ns )   --->   "%XW_block_5_load = load i4 %XW_block_5_addr" [src/integrated-gcn/gemm_stage.cpp:110]   --->   Operation 1258 'load' 'XW_block_5_load' <Predicate = true> <Delay = 0.67> <CoreInst = "RAM">   --->   Core 82 'RAM' <Latency = 1> <II = 1> <Delay = 0.67> <Storage> <Opcode : 'load' 'store'> <Ports = 2> <Width = 32> <Depth = 16> <RAM>
ST_3 : Operation 1259 [2/2] (0.64ns) (root node of the DSP)   --->   "%add_ln110_5 = add i32 %XW_block_5_load, i32 %mul_ln110_5" [src/integrated-gcn/gemm_stage.cpp:110]   --->   Operation 1259 'add' 'add_ln110_5' <Predicate = true> <Delay = 0.64> <CoreInst = "DSP48">   --->   Core 124 'DSP48' <Latency = 3> <II = 1> <Delay = 0.53> <IPBlock> <Opcode : 'add' 'sub' 'mul' 'select'> <InPorts = 0> <OutPorts = 1> <Sync> <CReg>
ST_3 : Operation 1260 [1/3] (0.00ns) (grouped into DSP with root node add_ln110_6)   --->   "%mul_ln110_6 = mul i32 %sext_ln110_64, i32 %sext_ln110_6_cast" [src/integrated-gcn/gemm_stage.cpp:110]   --->   Operation 1260 'mul' 'mul_ln110_6' <Predicate = true> <Delay = 0.00> <CoreInst = "DSP48">   --->   Core 124 'DSP48' <Latency = 3> <II = 1> <Delay = 0.53> <IPBlock> <Opcode : 'add' 'sub' 'mul' 'select'> <InPorts = 0> <OutPorts = 1> <Sync> <CReg>
ST_3 : Operation 1261 [1/2] ( I:0.67ns O:0.67ns )   --->   "%XW_block_6_load = load i4 %XW_block_6_addr" [src/integrated-gcn/gemm_stage.cpp:110]   --->   Operation 1261 'load' 'XW_block_6_load' <Predicate = true> <Delay = 0.67> <CoreInst = "RAM">   --->   Core 82 'RAM' <Latency = 1> <II = 1> <Delay = 0.67> <Storage> <Opcode : 'load' 'store'> <Ports = 2> <Width = 32> <Depth = 16> <RAM>
ST_3 : Operation 1262 [2/2] (0.64ns) (root node of the DSP)   --->   "%add_ln110_6 = add i32 %XW_block_6_load, i32 %mul_ln110_6" [src/integrated-gcn/gemm_stage.cpp:110]   --->   Operation 1262 'add' 'add_ln110_6' <Predicate = true> <Delay = 0.64> <CoreInst = "DSP48">   --->   Core 124 'DSP48' <Latency = 3> <II = 1> <Delay = 0.53> <IPBlock> <Opcode : 'add' 'sub' 'mul' 'select'> <InPorts = 0> <OutPorts = 1> <Sync> <CReg>
ST_3 : Operation 1263 [1/3] (0.00ns) (grouped into DSP with root node add_ln110_7)   --->   "%mul_ln110_7 = mul i32 %sext_ln110_64, i32 %sext_ln110_7_cast" [src/integrated-gcn/gemm_stage.cpp:110]   --->   Operation 1263 'mul' 'mul_ln110_7' <Predicate = true> <Delay = 0.00> <CoreInst = "DSP48">   --->   Core 124 'DSP48' <Latency = 3> <II = 1> <Delay = 0.53> <IPBlock> <Opcode : 'add' 'sub' 'mul' 'select'> <InPorts = 0> <OutPorts = 1> <Sync> <CReg>
ST_3 : Operation 1264 [1/2] ( I:0.67ns O:0.67ns )   --->   "%XW_block_7_load = load i4 %XW_block_7_addr" [src/integrated-gcn/gemm_stage.cpp:110]   --->   Operation 1264 'load' 'XW_block_7_load' <Predicate = true> <Delay = 0.67> <CoreInst = "RAM">   --->   Core 82 'RAM' <Latency = 1> <II = 1> <Delay = 0.67> <Storage> <Opcode : 'load' 'store'> <Ports = 2> <Width = 32> <Depth = 16> <RAM>
ST_3 : Operation 1265 [2/2] (0.64ns) (root node of the DSP)   --->   "%add_ln110_7 = add i32 %XW_block_7_load, i32 %mul_ln110_7" [src/integrated-gcn/gemm_stage.cpp:110]   --->   Operation 1265 'add' 'add_ln110_7' <Predicate = true> <Delay = 0.64> <CoreInst = "DSP48">   --->   Core 124 'DSP48' <Latency = 3> <II = 1> <Delay = 0.53> <IPBlock> <Opcode : 'add' 'sub' 'mul' 'select'> <InPorts = 0> <OutPorts = 1> <Sync> <CReg>
ST_3 : Operation 1266 [1/3] (0.00ns) (grouped into DSP with root node add_ln110_8)   --->   "%mul_ln110_8 = mul i32 %sext_ln110_64, i32 %sext_ln110_8_cast" [src/integrated-gcn/gemm_stage.cpp:110]   --->   Operation 1266 'mul' 'mul_ln110_8' <Predicate = true> <Delay = 0.00> <CoreInst = "DSP48">   --->   Core 124 'DSP48' <Latency = 3> <II = 1> <Delay = 0.53> <IPBlock> <Opcode : 'add' 'sub' 'mul' 'select'> <InPorts = 0> <OutPorts = 1> <Sync> <CReg>
ST_3 : Operation 1267 [1/2] ( I:0.67ns O:0.67ns )   --->   "%XW_block_8_load = load i4 %XW_block_8_addr" [src/integrated-gcn/gemm_stage.cpp:110]   --->   Operation 1267 'load' 'XW_block_8_load' <Predicate = true> <Delay = 0.67> <CoreInst = "RAM">   --->   Core 82 'RAM' <Latency = 1> <II = 1> <Delay = 0.67> <Storage> <Opcode : 'load' 'store'> <Ports = 2> <Width = 32> <Depth = 16> <RAM>
ST_3 : Operation 1268 [2/2] (0.64ns) (root node of the DSP)   --->   "%add_ln110_8 = add i32 %XW_block_8_load, i32 %mul_ln110_8" [src/integrated-gcn/gemm_stage.cpp:110]   --->   Operation 1268 'add' 'add_ln110_8' <Predicate = true> <Delay = 0.64> <CoreInst = "DSP48">   --->   Core 124 'DSP48' <Latency = 3> <II = 1> <Delay = 0.53> <IPBlock> <Opcode : 'add' 'sub' 'mul' 'select'> <InPorts = 0> <OutPorts = 1> <Sync> <CReg>
ST_3 : Operation 1269 [1/3] (0.00ns) (grouped into DSP with root node add_ln110_9)   --->   "%mul_ln110_9 = mul i32 %sext_ln110_64, i32 %sext_ln110_9_cast" [src/integrated-gcn/gemm_stage.cpp:110]   --->   Operation 1269 'mul' 'mul_ln110_9' <Predicate = true> <Delay = 0.00> <CoreInst = "DSP48">   --->   Core 124 'DSP48' <Latency = 3> <II = 1> <Delay = 0.53> <IPBlock> <Opcode : 'add' 'sub' 'mul' 'select'> <InPorts = 0> <OutPorts = 1> <Sync> <CReg>
ST_3 : Operation 1270 [1/2] ( I:0.67ns O:0.67ns )   --->   "%XW_block_9_load = load i4 %XW_block_9_addr" [src/integrated-gcn/gemm_stage.cpp:110]   --->   Operation 1270 'load' 'XW_block_9_load' <Predicate = true> <Delay = 0.67> <CoreInst = "RAM">   --->   Core 82 'RAM' <Latency = 1> <II = 1> <Delay = 0.67> <Storage> <Opcode : 'load' 'store'> <Ports = 2> <Width = 32> <Depth = 16> <RAM>
ST_3 : Operation 1271 [2/2] (0.64ns) (root node of the DSP)   --->   "%add_ln110_9 = add i32 %XW_block_9_load, i32 %mul_ln110_9" [src/integrated-gcn/gemm_stage.cpp:110]   --->   Operation 1271 'add' 'add_ln110_9' <Predicate = true> <Delay = 0.64> <CoreInst = "DSP48">   --->   Core 124 'DSP48' <Latency = 3> <II = 1> <Delay = 0.53> <IPBlock> <Opcode : 'add' 'sub' 'mul' 'select'> <InPorts = 0> <OutPorts = 1> <Sync> <CReg>
ST_3 : Operation 1272 [1/3] (0.00ns) (grouped into DSP with root node add_ln110_10)   --->   "%mul_ln110_10 = mul i32 %sext_ln110_64, i32 %sext_ln110_10_cast" [src/integrated-gcn/gemm_stage.cpp:110]   --->   Operation 1272 'mul' 'mul_ln110_10' <Predicate = true> <Delay = 0.00> <CoreInst = "DSP48">   --->   Core 124 'DSP48' <Latency = 3> <II = 1> <Delay = 0.53> <IPBlock> <Opcode : 'add' 'sub' 'mul' 'select'> <InPorts = 0> <OutPorts = 1> <Sync> <CReg>
ST_3 : Operation 1273 [1/2] ( I:0.67ns O:0.67ns )   --->   "%XW_block_10_load = load i4 %XW_block_10_addr" [src/integrated-gcn/gemm_stage.cpp:110]   --->   Operation 1273 'load' 'XW_block_10_load' <Predicate = true> <Delay = 0.67> <CoreInst = "RAM">   --->   Core 82 'RAM' <Latency = 1> <II = 1> <Delay = 0.67> <Storage> <Opcode : 'load' 'store'> <Ports = 2> <Width = 32> <Depth = 16> <RAM>
ST_3 : Operation 1274 [2/2] (0.64ns) (root node of the DSP)   --->   "%add_ln110_10 = add i32 %XW_block_10_load, i32 %mul_ln110_10" [src/integrated-gcn/gemm_stage.cpp:110]   --->   Operation 1274 'add' 'add_ln110_10' <Predicate = true> <Delay = 0.64> <CoreInst = "DSP48">   --->   Core 124 'DSP48' <Latency = 3> <II = 1> <Delay = 0.53> <IPBlock> <Opcode : 'add' 'sub' 'mul' 'select'> <InPorts = 0> <OutPorts = 1> <Sync> <CReg>
ST_3 : Operation 1275 [1/3] (0.00ns) (grouped into DSP with root node add_ln110_11)   --->   "%mul_ln110_11 = mul i32 %sext_ln110_64, i32 %sext_ln110_11_cast" [src/integrated-gcn/gemm_stage.cpp:110]   --->   Operation 1275 'mul' 'mul_ln110_11' <Predicate = true> <Delay = 0.00> <CoreInst = "DSP48">   --->   Core 124 'DSP48' <Latency = 3> <II = 1> <Delay = 0.53> <IPBlock> <Opcode : 'add' 'sub' 'mul' 'select'> <InPorts = 0> <OutPorts = 1> <Sync> <CReg>
ST_3 : Operation 1276 [1/2] ( I:0.67ns O:0.67ns )   --->   "%XW_block_11_load = load i4 %XW_block_11_addr" [src/integrated-gcn/gemm_stage.cpp:110]   --->   Operation 1276 'load' 'XW_block_11_load' <Predicate = true> <Delay = 0.67> <CoreInst = "RAM">   --->   Core 82 'RAM' <Latency = 1> <II = 1> <Delay = 0.67> <Storage> <Opcode : 'load' 'store'> <Ports = 2> <Width = 32> <Depth = 16> <RAM>
ST_3 : Operation 1277 [2/2] (0.64ns) (root node of the DSP)   --->   "%add_ln110_11 = add i32 %XW_block_11_load, i32 %mul_ln110_11" [src/integrated-gcn/gemm_stage.cpp:110]   --->   Operation 1277 'add' 'add_ln110_11' <Predicate = true> <Delay = 0.64> <CoreInst = "DSP48">   --->   Core 124 'DSP48' <Latency = 3> <II = 1> <Delay = 0.53> <IPBlock> <Opcode : 'add' 'sub' 'mul' 'select'> <InPorts = 0> <OutPorts = 1> <Sync> <CReg>
ST_3 : Operation 1278 [1/3] (0.00ns) (grouped into DSP with root node add_ln110_12)   --->   "%mul_ln110_12 = mul i32 %sext_ln110_64, i32 %sext_ln110_12_cast" [src/integrated-gcn/gemm_stage.cpp:110]   --->   Operation 1278 'mul' 'mul_ln110_12' <Predicate = true> <Delay = 0.00> <CoreInst = "DSP48">   --->   Core 124 'DSP48' <Latency = 3> <II = 1> <Delay = 0.53> <IPBlock> <Opcode : 'add' 'sub' 'mul' 'select'> <InPorts = 0> <OutPorts = 1> <Sync> <CReg>
ST_3 : Operation 1279 [1/2] ( I:0.67ns O:0.67ns )   --->   "%XW_block_12_load = load i4 %XW_block_12_addr" [src/integrated-gcn/gemm_stage.cpp:110]   --->   Operation 1279 'load' 'XW_block_12_load' <Predicate = true> <Delay = 0.67> <CoreInst = "RAM">   --->   Core 82 'RAM' <Latency = 1> <II = 1> <Delay = 0.67> <Storage> <Opcode : 'load' 'store'> <Ports = 2> <Width = 32> <Depth = 16> <RAM>
ST_3 : Operation 1280 [2/2] (0.64ns) (root node of the DSP)   --->   "%add_ln110_12 = add i32 %XW_block_12_load, i32 %mul_ln110_12" [src/integrated-gcn/gemm_stage.cpp:110]   --->   Operation 1280 'add' 'add_ln110_12' <Predicate = true> <Delay = 0.64> <CoreInst = "DSP48">   --->   Core 124 'DSP48' <Latency = 3> <II = 1> <Delay = 0.53> <IPBlock> <Opcode : 'add' 'sub' 'mul' 'select'> <InPorts = 0> <OutPorts = 1> <Sync> <CReg>
ST_3 : Operation 1281 [1/3] (0.00ns) (grouped into DSP with root node add_ln110_13)   --->   "%mul_ln110_13 = mul i32 %sext_ln110_64, i32 %sext_ln110_13_cast" [src/integrated-gcn/gemm_stage.cpp:110]   --->   Operation 1281 'mul' 'mul_ln110_13' <Predicate = true> <Delay = 0.00> <CoreInst = "DSP48">   --->   Core 124 'DSP48' <Latency = 3> <II = 1> <Delay = 0.53> <IPBlock> <Opcode : 'add' 'sub' 'mul' 'select'> <InPorts = 0> <OutPorts = 1> <Sync> <CReg>
ST_3 : Operation 1282 [1/2] ( I:0.67ns O:0.67ns )   --->   "%XW_block_13_load = load i4 %XW_block_13_addr" [src/integrated-gcn/gemm_stage.cpp:110]   --->   Operation 1282 'load' 'XW_block_13_load' <Predicate = true> <Delay = 0.67> <CoreInst = "RAM">   --->   Core 82 'RAM' <Latency = 1> <II = 1> <Delay = 0.67> <Storage> <Opcode : 'load' 'store'> <Ports = 2> <Width = 32> <Depth = 16> <RAM>
ST_3 : Operation 1283 [2/2] (0.64ns) (root node of the DSP)   --->   "%add_ln110_13 = add i32 %XW_block_13_load, i32 %mul_ln110_13" [src/integrated-gcn/gemm_stage.cpp:110]   --->   Operation 1283 'add' 'add_ln110_13' <Predicate = true> <Delay = 0.64> <CoreInst = "DSP48">   --->   Core 124 'DSP48' <Latency = 3> <II = 1> <Delay = 0.53> <IPBlock> <Opcode : 'add' 'sub' 'mul' 'select'> <InPorts = 0> <OutPorts = 1> <Sync> <CReg>
ST_3 : Operation 1284 [1/3] (0.00ns) (grouped into DSP with root node add_ln110_14)   --->   "%mul_ln110_14 = mul i32 %sext_ln110_64, i32 %sext_ln110_14_cast" [src/integrated-gcn/gemm_stage.cpp:110]   --->   Operation 1284 'mul' 'mul_ln110_14' <Predicate = true> <Delay = 0.00> <CoreInst = "DSP48">   --->   Core 124 'DSP48' <Latency = 3> <II = 1> <Delay = 0.53> <IPBlock> <Opcode : 'add' 'sub' 'mul' 'select'> <InPorts = 0> <OutPorts = 1> <Sync> <CReg>
ST_3 : Operation 1285 [1/2] ( I:0.67ns O:0.67ns )   --->   "%XW_block_14_load = load i4 %XW_block_14_addr" [src/integrated-gcn/gemm_stage.cpp:110]   --->   Operation 1285 'load' 'XW_block_14_load' <Predicate = true> <Delay = 0.67> <CoreInst = "RAM">   --->   Core 82 'RAM' <Latency = 1> <II = 1> <Delay = 0.67> <Storage> <Opcode : 'load' 'store'> <Ports = 2> <Width = 32> <Depth = 16> <RAM>
ST_3 : Operation 1286 [2/2] (0.64ns) (root node of the DSP)   --->   "%add_ln110_14 = add i32 %XW_block_14_load, i32 %mul_ln110_14" [src/integrated-gcn/gemm_stage.cpp:110]   --->   Operation 1286 'add' 'add_ln110_14' <Predicate = true> <Delay = 0.64> <CoreInst = "DSP48">   --->   Core 124 'DSP48' <Latency = 3> <II = 1> <Delay = 0.53> <IPBlock> <Opcode : 'add' 'sub' 'mul' 'select'> <InPorts = 0> <OutPorts = 1> <Sync> <CReg>
ST_3 : Operation 1287 [1/3] (0.00ns) (grouped into DSP with root node add_ln110_15)   --->   "%mul_ln110_15 = mul i32 %sext_ln110_64, i32 %sext_ln110_15_cast" [src/integrated-gcn/gemm_stage.cpp:110]   --->   Operation 1287 'mul' 'mul_ln110_15' <Predicate = true> <Delay = 0.00> <CoreInst = "DSP48">   --->   Core 124 'DSP48' <Latency = 3> <II = 1> <Delay = 0.53> <IPBlock> <Opcode : 'add' 'sub' 'mul' 'select'> <InPorts = 0> <OutPorts = 1> <Sync> <CReg>
ST_3 : Operation 1288 [1/2] ( I:0.67ns O:0.67ns )   --->   "%XW_block_15_load = load i4 %XW_block_15_addr" [src/integrated-gcn/gemm_stage.cpp:110]   --->   Operation 1288 'load' 'XW_block_15_load' <Predicate = true> <Delay = 0.67> <CoreInst = "RAM">   --->   Core 82 'RAM' <Latency = 1> <II = 1> <Delay = 0.67> <Storage> <Opcode : 'load' 'store'> <Ports = 2> <Width = 32> <Depth = 16> <RAM>
ST_3 : Operation 1289 [2/2] (0.64ns) (root node of the DSP)   --->   "%add_ln110_15 = add i32 %XW_block_15_load, i32 %mul_ln110_15" [src/integrated-gcn/gemm_stage.cpp:110]   --->   Operation 1289 'add' 'add_ln110_15' <Predicate = true> <Delay = 0.64> <CoreInst = "DSP48">   --->   Core 124 'DSP48' <Latency = 3> <II = 1> <Delay = 0.53> <IPBlock> <Opcode : 'add' 'sub' 'mul' 'select'> <InPorts = 0> <OutPorts = 1> <Sync> <CReg>
ST_3 : Operation 1290 [1/3] (0.00ns) (grouped into DSP with root node add_ln110_16)   --->   "%mul_ln110_16 = mul i32 %sext_ln110_64, i32 %sext_ln110_16_cast" [src/integrated-gcn/gemm_stage.cpp:110]   --->   Operation 1290 'mul' 'mul_ln110_16' <Predicate = true> <Delay = 0.00> <CoreInst = "DSP48">   --->   Core 124 'DSP48' <Latency = 3> <II = 1> <Delay = 0.53> <IPBlock> <Opcode : 'add' 'sub' 'mul' 'select'> <InPorts = 0> <OutPorts = 1> <Sync> <CReg>
ST_3 : Operation 1291 [1/2] ( I:0.67ns O:0.67ns )   --->   "%XW_block_16_load = load i4 %XW_block_16_addr" [src/integrated-gcn/gemm_stage.cpp:110]   --->   Operation 1291 'load' 'XW_block_16_load' <Predicate = true> <Delay = 0.67> <CoreInst = "RAM">   --->   Core 82 'RAM' <Latency = 1> <II = 1> <Delay = 0.67> <Storage> <Opcode : 'load' 'store'> <Ports = 2> <Width = 32> <Depth = 16> <RAM>
ST_3 : Operation 1292 [2/2] (0.64ns) (root node of the DSP)   --->   "%add_ln110_16 = add i32 %XW_block_16_load, i32 %mul_ln110_16" [src/integrated-gcn/gemm_stage.cpp:110]   --->   Operation 1292 'add' 'add_ln110_16' <Predicate = true> <Delay = 0.64> <CoreInst = "DSP48">   --->   Core 124 'DSP48' <Latency = 3> <II = 1> <Delay = 0.53> <IPBlock> <Opcode : 'add' 'sub' 'mul' 'select'> <InPorts = 0> <OutPorts = 1> <Sync> <CReg>
ST_3 : Operation 1293 [1/3] (0.00ns) (grouped into DSP with root node add_ln110_17)   --->   "%mul_ln110_17 = mul i32 %sext_ln110_64, i32 %sext_ln110_17_cast" [src/integrated-gcn/gemm_stage.cpp:110]   --->   Operation 1293 'mul' 'mul_ln110_17' <Predicate = true> <Delay = 0.00> <CoreInst = "DSP48">   --->   Core 124 'DSP48' <Latency = 3> <II = 1> <Delay = 0.53> <IPBlock> <Opcode : 'add' 'sub' 'mul' 'select'> <InPorts = 0> <OutPorts = 1> <Sync> <CReg>
ST_3 : Operation 1294 [1/2] ( I:0.67ns O:0.67ns )   --->   "%XW_block_17_load = load i4 %XW_block_17_addr" [src/integrated-gcn/gemm_stage.cpp:110]   --->   Operation 1294 'load' 'XW_block_17_load' <Predicate = true> <Delay = 0.67> <CoreInst = "RAM">   --->   Core 82 'RAM' <Latency = 1> <II = 1> <Delay = 0.67> <Storage> <Opcode : 'load' 'store'> <Ports = 2> <Width = 32> <Depth = 16> <RAM>
ST_3 : Operation 1295 [2/2] (0.64ns) (root node of the DSP)   --->   "%add_ln110_17 = add i32 %XW_block_17_load, i32 %mul_ln110_17" [src/integrated-gcn/gemm_stage.cpp:110]   --->   Operation 1295 'add' 'add_ln110_17' <Predicate = true> <Delay = 0.64> <CoreInst = "DSP48">   --->   Core 124 'DSP48' <Latency = 3> <II = 1> <Delay = 0.53> <IPBlock> <Opcode : 'add' 'sub' 'mul' 'select'> <InPorts = 0> <OutPorts = 1> <Sync> <CReg>
ST_3 : Operation 1296 [1/3] (0.00ns) (grouped into DSP with root node add_ln110_18)   --->   "%mul_ln110_18 = mul i32 %sext_ln110_64, i32 %sext_ln110_18_cast" [src/integrated-gcn/gemm_stage.cpp:110]   --->   Operation 1296 'mul' 'mul_ln110_18' <Predicate = true> <Delay = 0.00> <CoreInst = "DSP48">   --->   Core 124 'DSP48' <Latency = 3> <II = 1> <Delay = 0.53> <IPBlock> <Opcode : 'add' 'sub' 'mul' 'select'> <InPorts = 0> <OutPorts = 1> <Sync> <CReg>
ST_3 : Operation 1297 [1/2] ( I:0.67ns O:0.67ns )   --->   "%XW_block_18_load = load i4 %XW_block_18_addr" [src/integrated-gcn/gemm_stage.cpp:110]   --->   Operation 1297 'load' 'XW_block_18_load' <Predicate = true> <Delay = 0.67> <CoreInst = "RAM">   --->   Core 82 'RAM' <Latency = 1> <II = 1> <Delay = 0.67> <Storage> <Opcode : 'load' 'store'> <Ports = 2> <Width = 32> <Depth = 16> <RAM>
ST_3 : Operation 1298 [2/2] (0.64ns) (root node of the DSP)   --->   "%add_ln110_18 = add i32 %XW_block_18_load, i32 %mul_ln110_18" [src/integrated-gcn/gemm_stage.cpp:110]   --->   Operation 1298 'add' 'add_ln110_18' <Predicate = true> <Delay = 0.64> <CoreInst = "DSP48">   --->   Core 124 'DSP48' <Latency = 3> <II = 1> <Delay = 0.53> <IPBlock> <Opcode : 'add' 'sub' 'mul' 'select'> <InPorts = 0> <OutPorts = 1> <Sync> <CReg>
ST_3 : Operation 1299 [1/3] (0.00ns) (grouped into DSP with root node add_ln110_19)   --->   "%mul_ln110_19 = mul i32 %sext_ln110_64, i32 %sext_ln110_19_cast" [src/integrated-gcn/gemm_stage.cpp:110]   --->   Operation 1299 'mul' 'mul_ln110_19' <Predicate = true> <Delay = 0.00> <CoreInst = "DSP48">   --->   Core 124 'DSP48' <Latency = 3> <II = 1> <Delay = 0.53> <IPBlock> <Opcode : 'add' 'sub' 'mul' 'select'> <InPorts = 0> <OutPorts = 1> <Sync> <CReg>
ST_3 : Operation 1300 [1/2] ( I:0.67ns O:0.67ns )   --->   "%XW_block_19_load = load i4 %XW_block_19_addr" [src/integrated-gcn/gemm_stage.cpp:110]   --->   Operation 1300 'load' 'XW_block_19_load' <Predicate = true> <Delay = 0.67> <CoreInst = "RAM">   --->   Core 82 'RAM' <Latency = 1> <II = 1> <Delay = 0.67> <Storage> <Opcode : 'load' 'store'> <Ports = 2> <Width = 32> <Depth = 16> <RAM>
ST_3 : Operation 1301 [2/2] (0.64ns) (root node of the DSP)   --->   "%add_ln110_19 = add i32 %XW_block_19_load, i32 %mul_ln110_19" [src/integrated-gcn/gemm_stage.cpp:110]   --->   Operation 1301 'add' 'add_ln110_19' <Predicate = true> <Delay = 0.64> <CoreInst = "DSP48">   --->   Core 124 'DSP48' <Latency = 3> <II = 1> <Delay = 0.53> <IPBlock> <Opcode : 'add' 'sub' 'mul' 'select'> <InPorts = 0> <OutPorts = 1> <Sync> <CReg>
ST_3 : Operation 1302 [1/3] (0.00ns) (grouped into DSP with root node add_ln110_20)   --->   "%mul_ln110_20 = mul i32 %sext_ln110_64, i32 %sext_ln110_20_cast" [src/integrated-gcn/gemm_stage.cpp:110]   --->   Operation 1302 'mul' 'mul_ln110_20' <Predicate = true> <Delay = 0.00> <CoreInst = "DSP48">   --->   Core 124 'DSP48' <Latency = 3> <II = 1> <Delay = 0.53> <IPBlock> <Opcode : 'add' 'sub' 'mul' 'select'> <InPorts = 0> <OutPorts = 1> <Sync> <CReg>
ST_3 : Operation 1303 [1/2] ( I:0.67ns O:0.67ns )   --->   "%XW_block_20_load = load i4 %XW_block_20_addr" [src/integrated-gcn/gemm_stage.cpp:110]   --->   Operation 1303 'load' 'XW_block_20_load' <Predicate = true> <Delay = 0.67> <CoreInst = "RAM">   --->   Core 82 'RAM' <Latency = 1> <II = 1> <Delay = 0.67> <Storage> <Opcode : 'load' 'store'> <Ports = 2> <Width = 32> <Depth = 16> <RAM>
ST_3 : Operation 1304 [2/2] (0.64ns) (root node of the DSP)   --->   "%add_ln110_20 = add i32 %XW_block_20_load, i32 %mul_ln110_20" [src/integrated-gcn/gemm_stage.cpp:110]   --->   Operation 1304 'add' 'add_ln110_20' <Predicate = true> <Delay = 0.64> <CoreInst = "DSP48">   --->   Core 124 'DSP48' <Latency = 3> <II = 1> <Delay = 0.53> <IPBlock> <Opcode : 'add' 'sub' 'mul' 'select'> <InPorts = 0> <OutPorts = 1> <Sync> <CReg>
ST_3 : Operation 1305 [1/3] (0.00ns) (grouped into DSP with root node add_ln110_21)   --->   "%mul_ln110_21 = mul i32 %sext_ln110_64, i32 %sext_ln110_21_cast" [src/integrated-gcn/gemm_stage.cpp:110]   --->   Operation 1305 'mul' 'mul_ln110_21' <Predicate = true> <Delay = 0.00> <CoreInst = "DSP48">   --->   Core 124 'DSP48' <Latency = 3> <II = 1> <Delay = 0.53> <IPBlock> <Opcode : 'add' 'sub' 'mul' 'select'> <InPorts = 0> <OutPorts = 1> <Sync> <CReg>
ST_3 : Operation 1306 [1/2] ( I:0.67ns O:0.67ns )   --->   "%XW_block_21_load = load i4 %XW_block_21_addr" [src/integrated-gcn/gemm_stage.cpp:110]   --->   Operation 1306 'load' 'XW_block_21_load' <Predicate = true> <Delay = 0.67> <CoreInst = "RAM">   --->   Core 82 'RAM' <Latency = 1> <II = 1> <Delay = 0.67> <Storage> <Opcode : 'load' 'store'> <Ports = 2> <Width = 32> <Depth = 16> <RAM>
ST_3 : Operation 1307 [2/2] (0.64ns) (root node of the DSP)   --->   "%add_ln110_21 = add i32 %XW_block_21_load, i32 %mul_ln110_21" [src/integrated-gcn/gemm_stage.cpp:110]   --->   Operation 1307 'add' 'add_ln110_21' <Predicate = true> <Delay = 0.64> <CoreInst = "DSP48">   --->   Core 124 'DSP48' <Latency = 3> <II = 1> <Delay = 0.53> <IPBlock> <Opcode : 'add' 'sub' 'mul' 'select'> <InPorts = 0> <OutPorts = 1> <Sync> <CReg>
ST_3 : Operation 1308 [1/3] (0.00ns) (grouped into DSP with root node add_ln110_22)   --->   "%mul_ln110_22 = mul i32 %sext_ln110_64, i32 %sext_ln110_22_cast" [src/integrated-gcn/gemm_stage.cpp:110]   --->   Operation 1308 'mul' 'mul_ln110_22' <Predicate = true> <Delay = 0.00> <CoreInst = "DSP48">   --->   Core 124 'DSP48' <Latency = 3> <II = 1> <Delay = 0.53> <IPBlock> <Opcode : 'add' 'sub' 'mul' 'select'> <InPorts = 0> <OutPorts = 1> <Sync> <CReg>
ST_3 : Operation 1309 [1/2] ( I:0.67ns O:0.67ns )   --->   "%XW_block_22_load = load i4 %XW_block_22_addr" [src/integrated-gcn/gemm_stage.cpp:110]   --->   Operation 1309 'load' 'XW_block_22_load' <Predicate = true> <Delay = 0.67> <CoreInst = "RAM">   --->   Core 82 'RAM' <Latency = 1> <II = 1> <Delay = 0.67> <Storage> <Opcode : 'load' 'store'> <Ports = 2> <Width = 32> <Depth = 16> <RAM>
ST_3 : Operation 1310 [2/2] (0.64ns) (root node of the DSP)   --->   "%add_ln110_22 = add i32 %XW_block_22_load, i32 %mul_ln110_22" [src/integrated-gcn/gemm_stage.cpp:110]   --->   Operation 1310 'add' 'add_ln110_22' <Predicate = true> <Delay = 0.64> <CoreInst = "DSP48">   --->   Core 124 'DSP48' <Latency = 3> <II = 1> <Delay = 0.53> <IPBlock> <Opcode : 'add' 'sub' 'mul' 'select'> <InPorts = 0> <OutPorts = 1> <Sync> <CReg>
ST_3 : Operation 1311 [1/3] (0.00ns) (grouped into DSP with root node add_ln110_23)   --->   "%mul_ln110_23 = mul i32 %sext_ln110_64, i32 %sext_ln110_23_cast" [src/integrated-gcn/gemm_stage.cpp:110]   --->   Operation 1311 'mul' 'mul_ln110_23' <Predicate = true> <Delay = 0.00> <CoreInst = "DSP48">   --->   Core 124 'DSP48' <Latency = 3> <II = 1> <Delay = 0.53> <IPBlock> <Opcode : 'add' 'sub' 'mul' 'select'> <InPorts = 0> <OutPorts = 1> <Sync> <CReg>
ST_3 : Operation 1312 [1/2] ( I:0.67ns O:0.67ns )   --->   "%XW_block_23_load = load i4 %XW_block_23_addr" [src/integrated-gcn/gemm_stage.cpp:110]   --->   Operation 1312 'load' 'XW_block_23_load' <Predicate = true> <Delay = 0.67> <CoreInst = "RAM">   --->   Core 82 'RAM' <Latency = 1> <II = 1> <Delay = 0.67> <Storage> <Opcode : 'load' 'store'> <Ports = 2> <Width = 32> <Depth = 16> <RAM>
ST_3 : Operation 1313 [2/2] (0.64ns) (root node of the DSP)   --->   "%add_ln110_23 = add i32 %XW_block_23_load, i32 %mul_ln110_23" [src/integrated-gcn/gemm_stage.cpp:110]   --->   Operation 1313 'add' 'add_ln110_23' <Predicate = true> <Delay = 0.64> <CoreInst = "DSP48">   --->   Core 124 'DSP48' <Latency = 3> <II = 1> <Delay = 0.53> <IPBlock> <Opcode : 'add' 'sub' 'mul' 'select'> <InPorts = 0> <OutPorts = 1> <Sync> <CReg>
ST_3 : Operation 1314 [1/3] (0.00ns) (grouped into DSP with root node add_ln110_24)   --->   "%mul_ln110_24 = mul i32 %sext_ln110_64, i32 %sext_ln110_24_cast" [src/integrated-gcn/gemm_stage.cpp:110]   --->   Operation 1314 'mul' 'mul_ln110_24' <Predicate = true> <Delay = 0.00> <CoreInst = "DSP48">   --->   Core 124 'DSP48' <Latency = 3> <II = 1> <Delay = 0.53> <IPBlock> <Opcode : 'add' 'sub' 'mul' 'select'> <InPorts = 0> <OutPorts = 1> <Sync> <CReg>
ST_3 : Operation 1315 [1/2] ( I:0.67ns O:0.67ns )   --->   "%XW_block_24_load = load i4 %XW_block_24_addr" [src/integrated-gcn/gemm_stage.cpp:110]   --->   Operation 1315 'load' 'XW_block_24_load' <Predicate = true> <Delay = 0.67> <CoreInst = "RAM">   --->   Core 82 'RAM' <Latency = 1> <II = 1> <Delay = 0.67> <Storage> <Opcode : 'load' 'store'> <Ports = 2> <Width = 32> <Depth = 16> <RAM>
ST_3 : Operation 1316 [2/2] (0.64ns) (root node of the DSP)   --->   "%add_ln110_24 = add i32 %XW_block_24_load, i32 %mul_ln110_24" [src/integrated-gcn/gemm_stage.cpp:110]   --->   Operation 1316 'add' 'add_ln110_24' <Predicate = true> <Delay = 0.64> <CoreInst = "DSP48">   --->   Core 124 'DSP48' <Latency = 3> <II = 1> <Delay = 0.53> <IPBlock> <Opcode : 'add' 'sub' 'mul' 'select'> <InPorts = 0> <OutPorts = 1> <Sync> <CReg>
ST_3 : Operation 1317 [1/3] (0.00ns) (grouped into DSP with root node add_ln110_25)   --->   "%mul_ln110_25 = mul i32 %sext_ln110_64, i32 %sext_ln110_25_cast" [src/integrated-gcn/gemm_stage.cpp:110]   --->   Operation 1317 'mul' 'mul_ln110_25' <Predicate = true> <Delay = 0.00> <CoreInst = "DSP48">   --->   Core 124 'DSP48' <Latency = 3> <II = 1> <Delay = 0.53> <IPBlock> <Opcode : 'add' 'sub' 'mul' 'select'> <InPorts = 0> <OutPorts = 1> <Sync> <CReg>
ST_3 : Operation 1318 [1/2] ( I:0.67ns O:0.67ns )   --->   "%XW_block_25_load = load i4 %XW_block_25_addr" [src/integrated-gcn/gemm_stage.cpp:110]   --->   Operation 1318 'load' 'XW_block_25_load' <Predicate = true> <Delay = 0.67> <CoreInst = "RAM">   --->   Core 82 'RAM' <Latency = 1> <II = 1> <Delay = 0.67> <Storage> <Opcode : 'load' 'store'> <Ports = 2> <Width = 32> <Depth = 16> <RAM>
ST_3 : Operation 1319 [2/2] (0.64ns) (root node of the DSP)   --->   "%add_ln110_25 = add i32 %XW_block_25_load, i32 %mul_ln110_25" [src/integrated-gcn/gemm_stage.cpp:110]   --->   Operation 1319 'add' 'add_ln110_25' <Predicate = true> <Delay = 0.64> <CoreInst = "DSP48">   --->   Core 124 'DSP48' <Latency = 3> <II = 1> <Delay = 0.53> <IPBlock> <Opcode : 'add' 'sub' 'mul' 'select'> <InPorts = 0> <OutPorts = 1> <Sync> <CReg>
ST_3 : Operation 1320 [1/3] (0.00ns) (grouped into DSP with root node add_ln110_26)   --->   "%mul_ln110_26 = mul i32 %sext_ln110_64, i32 %sext_ln110_26_cast" [src/integrated-gcn/gemm_stage.cpp:110]   --->   Operation 1320 'mul' 'mul_ln110_26' <Predicate = true> <Delay = 0.00> <CoreInst = "DSP48">   --->   Core 124 'DSP48' <Latency = 3> <II = 1> <Delay = 0.53> <IPBlock> <Opcode : 'add' 'sub' 'mul' 'select'> <InPorts = 0> <OutPorts = 1> <Sync> <CReg>
ST_3 : Operation 1321 [1/2] ( I:0.67ns O:0.67ns )   --->   "%XW_block_26_load = load i4 %XW_block_26_addr" [src/integrated-gcn/gemm_stage.cpp:110]   --->   Operation 1321 'load' 'XW_block_26_load' <Predicate = true> <Delay = 0.67> <CoreInst = "RAM">   --->   Core 82 'RAM' <Latency = 1> <II = 1> <Delay = 0.67> <Storage> <Opcode : 'load' 'store'> <Ports = 2> <Width = 32> <Depth = 16> <RAM>
ST_3 : Operation 1322 [2/2] (0.64ns) (root node of the DSP)   --->   "%add_ln110_26 = add i32 %XW_block_26_load, i32 %mul_ln110_26" [src/integrated-gcn/gemm_stage.cpp:110]   --->   Operation 1322 'add' 'add_ln110_26' <Predicate = true> <Delay = 0.64> <CoreInst = "DSP48">   --->   Core 124 'DSP48' <Latency = 3> <II = 1> <Delay = 0.53> <IPBlock> <Opcode : 'add' 'sub' 'mul' 'select'> <InPorts = 0> <OutPorts = 1> <Sync> <CReg>
ST_3 : Operation 1323 [1/3] (0.00ns) (grouped into DSP with root node add_ln110_27)   --->   "%mul_ln110_27 = mul i32 %sext_ln110_64, i32 %sext_ln110_27_cast" [src/integrated-gcn/gemm_stage.cpp:110]   --->   Operation 1323 'mul' 'mul_ln110_27' <Predicate = true> <Delay = 0.00> <CoreInst = "DSP48">   --->   Core 124 'DSP48' <Latency = 3> <II = 1> <Delay = 0.53> <IPBlock> <Opcode : 'add' 'sub' 'mul' 'select'> <InPorts = 0> <OutPorts = 1> <Sync> <CReg>
ST_3 : Operation 1324 [1/2] ( I:0.67ns O:0.67ns )   --->   "%XW_block_27_load = load i4 %XW_block_27_addr" [src/integrated-gcn/gemm_stage.cpp:110]   --->   Operation 1324 'load' 'XW_block_27_load' <Predicate = true> <Delay = 0.67> <CoreInst = "RAM">   --->   Core 82 'RAM' <Latency = 1> <II = 1> <Delay = 0.67> <Storage> <Opcode : 'load' 'store'> <Ports = 2> <Width = 32> <Depth = 16> <RAM>
ST_3 : Operation 1325 [2/2] (0.64ns) (root node of the DSP)   --->   "%add_ln110_27 = add i32 %XW_block_27_load, i32 %mul_ln110_27" [src/integrated-gcn/gemm_stage.cpp:110]   --->   Operation 1325 'add' 'add_ln110_27' <Predicate = true> <Delay = 0.64> <CoreInst = "DSP48">   --->   Core 124 'DSP48' <Latency = 3> <II = 1> <Delay = 0.53> <IPBlock> <Opcode : 'add' 'sub' 'mul' 'select'> <InPorts = 0> <OutPorts = 1> <Sync> <CReg>
ST_3 : Operation 1326 [1/3] (0.00ns) (grouped into DSP with root node add_ln110_28)   --->   "%mul_ln110_28 = mul i32 %sext_ln110_64, i32 %sext_ln110_28_cast" [src/integrated-gcn/gemm_stage.cpp:110]   --->   Operation 1326 'mul' 'mul_ln110_28' <Predicate = true> <Delay = 0.00> <CoreInst = "DSP48">   --->   Core 124 'DSP48' <Latency = 3> <II = 1> <Delay = 0.53> <IPBlock> <Opcode : 'add' 'sub' 'mul' 'select'> <InPorts = 0> <OutPorts = 1> <Sync> <CReg>
ST_3 : Operation 1327 [1/2] ( I:0.67ns O:0.67ns )   --->   "%XW_block_28_load = load i4 %XW_block_28_addr" [src/integrated-gcn/gemm_stage.cpp:110]   --->   Operation 1327 'load' 'XW_block_28_load' <Predicate = true> <Delay = 0.67> <CoreInst = "RAM">   --->   Core 82 'RAM' <Latency = 1> <II = 1> <Delay = 0.67> <Storage> <Opcode : 'load' 'store'> <Ports = 2> <Width = 32> <Depth = 16> <RAM>
ST_3 : Operation 1328 [2/2] (0.64ns) (root node of the DSP)   --->   "%add_ln110_28 = add i32 %XW_block_28_load, i32 %mul_ln110_28" [src/integrated-gcn/gemm_stage.cpp:110]   --->   Operation 1328 'add' 'add_ln110_28' <Predicate = true> <Delay = 0.64> <CoreInst = "DSP48">   --->   Core 124 'DSP48' <Latency = 3> <II = 1> <Delay = 0.53> <IPBlock> <Opcode : 'add' 'sub' 'mul' 'select'> <InPorts = 0> <OutPorts = 1> <Sync> <CReg>
ST_3 : Operation 1329 [1/3] (0.00ns) (grouped into DSP with root node add_ln110_29)   --->   "%mul_ln110_29 = mul i32 %sext_ln110_64, i32 %sext_ln110_29_cast" [src/integrated-gcn/gemm_stage.cpp:110]   --->   Operation 1329 'mul' 'mul_ln110_29' <Predicate = true> <Delay = 0.00> <CoreInst = "DSP48">   --->   Core 124 'DSP48' <Latency = 3> <II = 1> <Delay = 0.53> <IPBlock> <Opcode : 'add' 'sub' 'mul' 'select'> <InPorts = 0> <OutPorts = 1> <Sync> <CReg>
ST_3 : Operation 1330 [1/2] ( I:0.67ns O:0.67ns )   --->   "%XW_block_29_load = load i4 %XW_block_29_addr" [src/integrated-gcn/gemm_stage.cpp:110]   --->   Operation 1330 'load' 'XW_block_29_load' <Predicate = true> <Delay = 0.67> <CoreInst = "RAM">   --->   Core 82 'RAM' <Latency = 1> <II = 1> <Delay = 0.67> <Storage> <Opcode : 'load' 'store'> <Ports = 2> <Width = 32> <Depth = 16> <RAM>
ST_3 : Operation 1331 [2/2] (0.64ns) (root node of the DSP)   --->   "%add_ln110_29 = add i32 %XW_block_29_load, i32 %mul_ln110_29" [src/integrated-gcn/gemm_stage.cpp:110]   --->   Operation 1331 'add' 'add_ln110_29' <Predicate = true> <Delay = 0.64> <CoreInst = "DSP48">   --->   Core 124 'DSP48' <Latency = 3> <II = 1> <Delay = 0.53> <IPBlock> <Opcode : 'add' 'sub' 'mul' 'select'> <InPorts = 0> <OutPorts = 1> <Sync> <CReg>
ST_3 : Operation 1332 [1/3] (0.00ns) (grouped into DSP with root node add_ln110_30)   --->   "%mul_ln110_30 = mul i32 %sext_ln110_64, i32 %sext_ln110_30_cast" [src/integrated-gcn/gemm_stage.cpp:110]   --->   Operation 1332 'mul' 'mul_ln110_30' <Predicate = true> <Delay = 0.00> <CoreInst = "DSP48">   --->   Core 124 'DSP48' <Latency = 3> <II = 1> <Delay = 0.53> <IPBlock> <Opcode : 'add' 'sub' 'mul' 'select'> <InPorts = 0> <OutPorts = 1> <Sync> <CReg>
ST_3 : Operation 1333 [1/2] ( I:0.67ns O:0.67ns )   --->   "%XW_block_30_load = load i4 %XW_block_30_addr" [src/integrated-gcn/gemm_stage.cpp:110]   --->   Operation 1333 'load' 'XW_block_30_load' <Predicate = true> <Delay = 0.67> <CoreInst = "RAM">   --->   Core 82 'RAM' <Latency = 1> <II = 1> <Delay = 0.67> <Storage> <Opcode : 'load' 'store'> <Ports = 2> <Width = 32> <Depth = 16> <RAM>
ST_3 : Operation 1334 [2/2] (0.64ns) (root node of the DSP)   --->   "%add_ln110_30 = add i32 %XW_block_30_load, i32 %mul_ln110_30" [src/integrated-gcn/gemm_stage.cpp:110]   --->   Operation 1334 'add' 'add_ln110_30' <Predicate = true> <Delay = 0.64> <CoreInst = "DSP48">   --->   Core 124 'DSP48' <Latency = 3> <II = 1> <Delay = 0.53> <IPBlock> <Opcode : 'add' 'sub' 'mul' 'select'> <InPorts = 0> <OutPorts = 1> <Sync> <CReg>
ST_3 : Operation 1335 [1/3] (0.00ns) (grouped into DSP with root node add_ln110_31)   --->   "%mul_ln110_31 = mul i32 %sext_ln110_64, i32 %sext_ln110_31_cast" [src/integrated-gcn/gemm_stage.cpp:110]   --->   Operation 1335 'mul' 'mul_ln110_31' <Predicate = true> <Delay = 0.00> <CoreInst = "DSP48">   --->   Core 124 'DSP48' <Latency = 3> <II = 1> <Delay = 0.53> <IPBlock> <Opcode : 'add' 'sub' 'mul' 'select'> <InPorts = 0> <OutPorts = 1> <Sync> <CReg>
ST_3 : Operation 1336 [1/2] ( I:0.67ns O:0.67ns )   --->   "%XW_block_31_load = load i4 %XW_block_31_addr" [src/integrated-gcn/gemm_stage.cpp:110]   --->   Operation 1336 'load' 'XW_block_31_load' <Predicate = true> <Delay = 0.67> <CoreInst = "RAM">   --->   Core 82 'RAM' <Latency = 1> <II = 1> <Delay = 0.67> <Storage> <Opcode : 'load' 'store'> <Ports = 2> <Width = 32> <Depth = 16> <RAM>
ST_3 : Operation 1337 [2/2] (0.64ns) (root node of the DSP)   --->   "%add_ln110_31 = add i32 %XW_block_31_load, i32 %mul_ln110_31" [src/integrated-gcn/gemm_stage.cpp:110]   --->   Operation 1337 'add' 'add_ln110_31' <Predicate = true> <Delay = 0.64> <CoreInst = "DSP48">   --->   Core 124 'DSP48' <Latency = 3> <II = 1> <Delay = 0.53> <IPBlock> <Opcode : 'add' 'sub' 'mul' 'select'> <InPorts = 0> <OutPorts = 1> <Sync> <CReg>
ST_3 : Operation 1338 [1/3] (0.00ns) (grouped into DSP with root node add_ln110_32)   --->   "%mul_ln110_32 = mul i32 %sext_ln110_64, i32 %sext_ln110_32_cast" [src/integrated-gcn/gemm_stage.cpp:110]   --->   Operation 1338 'mul' 'mul_ln110_32' <Predicate = true> <Delay = 0.00> <CoreInst = "DSP48">   --->   Core 124 'DSP48' <Latency = 3> <II = 1> <Delay = 0.53> <IPBlock> <Opcode : 'add' 'sub' 'mul' 'select'> <InPorts = 0> <OutPorts = 1> <Sync> <CReg>
ST_3 : Operation 1339 [1/2] ( I:0.67ns O:0.67ns )   --->   "%XW_block_32_load = load i4 %XW_block_32_addr" [src/integrated-gcn/gemm_stage.cpp:110]   --->   Operation 1339 'load' 'XW_block_32_load' <Predicate = true> <Delay = 0.67> <CoreInst = "RAM">   --->   Core 82 'RAM' <Latency = 1> <II = 1> <Delay = 0.67> <Storage> <Opcode : 'load' 'store'> <Ports = 2> <Width = 32> <Depth = 16> <RAM>
ST_3 : Operation 1340 [2/2] (0.64ns) (root node of the DSP)   --->   "%add_ln110_32 = add i32 %XW_block_32_load, i32 %mul_ln110_32" [src/integrated-gcn/gemm_stage.cpp:110]   --->   Operation 1340 'add' 'add_ln110_32' <Predicate = true> <Delay = 0.64> <CoreInst = "DSP48">   --->   Core 124 'DSP48' <Latency = 3> <II = 1> <Delay = 0.53> <IPBlock> <Opcode : 'add' 'sub' 'mul' 'select'> <InPorts = 0> <OutPorts = 1> <Sync> <CReg>
ST_3 : Operation 1341 [1/3] (0.00ns) (grouped into DSP with root node add_ln110_33)   --->   "%mul_ln110_33 = mul i32 %sext_ln110_64, i32 %sext_ln110_33_cast" [src/integrated-gcn/gemm_stage.cpp:110]   --->   Operation 1341 'mul' 'mul_ln110_33' <Predicate = true> <Delay = 0.00> <CoreInst = "DSP48">   --->   Core 124 'DSP48' <Latency = 3> <II = 1> <Delay = 0.53> <IPBlock> <Opcode : 'add' 'sub' 'mul' 'select'> <InPorts = 0> <OutPorts = 1> <Sync> <CReg>
ST_3 : Operation 1342 [1/2] ( I:0.67ns O:0.67ns )   --->   "%XW_block_33_load = load i4 %XW_block_33_addr" [src/integrated-gcn/gemm_stage.cpp:110]   --->   Operation 1342 'load' 'XW_block_33_load' <Predicate = true> <Delay = 0.67> <CoreInst = "RAM">   --->   Core 82 'RAM' <Latency = 1> <II = 1> <Delay = 0.67> <Storage> <Opcode : 'load' 'store'> <Ports = 2> <Width = 32> <Depth = 16> <RAM>
ST_3 : Operation 1343 [2/2] (0.64ns) (root node of the DSP)   --->   "%add_ln110_33 = add i32 %XW_block_33_load, i32 %mul_ln110_33" [src/integrated-gcn/gemm_stage.cpp:110]   --->   Operation 1343 'add' 'add_ln110_33' <Predicate = true> <Delay = 0.64> <CoreInst = "DSP48">   --->   Core 124 'DSP48' <Latency = 3> <II = 1> <Delay = 0.53> <IPBlock> <Opcode : 'add' 'sub' 'mul' 'select'> <InPorts = 0> <OutPorts = 1> <Sync> <CReg>
ST_3 : Operation 1344 [1/3] (0.00ns) (grouped into DSP with root node add_ln110_34)   --->   "%mul_ln110_34 = mul i32 %sext_ln110_64, i32 %sext_ln110_34_cast" [src/integrated-gcn/gemm_stage.cpp:110]   --->   Operation 1344 'mul' 'mul_ln110_34' <Predicate = true> <Delay = 0.00> <CoreInst = "DSP48">   --->   Core 124 'DSP48' <Latency = 3> <II = 1> <Delay = 0.53> <IPBlock> <Opcode : 'add' 'sub' 'mul' 'select'> <InPorts = 0> <OutPorts = 1> <Sync> <CReg>
ST_3 : Operation 1345 [1/2] ( I:0.67ns O:0.67ns )   --->   "%XW_block_34_load = load i4 %XW_block_34_addr" [src/integrated-gcn/gemm_stage.cpp:110]   --->   Operation 1345 'load' 'XW_block_34_load' <Predicate = true> <Delay = 0.67> <CoreInst = "RAM">   --->   Core 82 'RAM' <Latency = 1> <II = 1> <Delay = 0.67> <Storage> <Opcode : 'load' 'store'> <Ports = 2> <Width = 32> <Depth = 16> <RAM>
ST_3 : Operation 1346 [2/2] (0.64ns) (root node of the DSP)   --->   "%add_ln110_34 = add i32 %XW_block_34_load, i32 %mul_ln110_34" [src/integrated-gcn/gemm_stage.cpp:110]   --->   Operation 1346 'add' 'add_ln110_34' <Predicate = true> <Delay = 0.64> <CoreInst = "DSP48">   --->   Core 124 'DSP48' <Latency = 3> <II = 1> <Delay = 0.53> <IPBlock> <Opcode : 'add' 'sub' 'mul' 'select'> <InPorts = 0> <OutPorts = 1> <Sync> <CReg>
ST_3 : Operation 1347 [1/3] (0.00ns) (grouped into DSP with root node add_ln110_35)   --->   "%mul_ln110_35 = mul i32 %sext_ln110_64, i32 %sext_ln110_35_cast" [src/integrated-gcn/gemm_stage.cpp:110]   --->   Operation 1347 'mul' 'mul_ln110_35' <Predicate = true> <Delay = 0.00> <CoreInst = "DSP48">   --->   Core 124 'DSP48' <Latency = 3> <II = 1> <Delay = 0.53> <IPBlock> <Opcode : 'add' 'sub' 'mul' 'select'> <InPorts = 0> <OutPorts = 1> <Sync> <CReg>
ST_3 : Operation 1348 [1/2] ( I:0.67ns O:0.67ns )   --->   "%XW_block_35_load = load i4 %XW_block_35_addr" [src/integrated-gcn/gemm_stage.cpp:110]   --->   Operation 1348 'load' 'XW_block_35_load' <Predicate = true> <Delay = 0.67> <CoreInst = "RAM">   --->   Core 82 'RAM' <Latency = 1> <II = 1> <Delay = 0.67> <Storage> <Opcode : 'load' 'store'> <Ports = 2> <Width = 32> <Depth = 16> <RAM>
ST_3 : Operation 1349 [2/2] (0.64ns) (root node of the DSP)   --->   "%add_ln110_35 = add i32 %XW_block_35_load, i32 %mul_ln110_35" [src/integrated-gcn/gemm_stage.cpp:110]   --->   Operation 1349 'add' 'add_ln110_35' <Predicate = true> <Delay = 0.64> <CoreInst = "DSP48">   --->   Core 124 'DSP48' <Latency = 3> <II = 1> <Delay = 0.53> <IPBlock> <Opcode : 'add' 'sub' 'mul' 'select'> <InPorts = 0> <OutPorts = 1> <Sync> <CReg>
ST_3 : Operation 1350 [1/3] (0.00ns) (grouped into DSP with root node add_ln110_36)   --->   "%mul_ln110_36 = mul i32 %sext_ln110_64, i32 %sext_ln110_36_cast" [src/integrated-gcn/gemm_stage.cpp:110]   --->   Operation 1350 'mul' 'mul_ln110_36' <Predicate = true> <Delay = 0.00> <CoreInst = "DSP48">   --->   Core 124 'DSP48' <Latency = 3> <II = 1> <Delay = 0.53> <IPBlock> <Opcode : 'add' 'sub' 'mul' 'select'> <InPorts = 0> <OutPorts = 1> <Sync> <CReg>
ST_3 : Operation 1351 [1/2] ( I:0.67ns O:0.67ns )   --->   "%XW_block_36_load = load i4 %XW_block_36_addr" [src/integrated-gcn/gemm_stage.cpp:110]   --->   Operation 1351 'load' 'XW_block_36_load' <Predicate = true> <Delay = 0.67> <CoreInst = "RAM">   --->   Core 82 'RAM' <Latency = 1> <II = 1> <Delay = 0.67> <Storage> <Opcode : 'load' 'store'> <Ports = 2> <Width = 32> <Depth = 16> <RAM>
ST_3 : Operation 1352 [2/2] (0.64ns) (root node of the DSP)   --->   "%add_ln110_36 = add i32 %XW_block_36_load, i32 %mul_ln110_36" [src/integrated-gcn/gemm_stage.cpp:110]   --->   Operation 1352 'add' 'add_ln110_36' <Predicate = true> <Delay = 0.64> <CoreInst = "DSP48">   --->   Core 124 'DSP48' <Latency = 3> <II = 1> <Delay = 0.53> <IPBlock> <Opcode : 'add' 'sub' 'mul' 'select'> <InPorts = 0> <OutPorts = 1> <Sync> <CReg>
ST_3 : Operation 1353 [1/3] (0.00ns) (grouped into DSP with root node add_ln110_37)   --->   "%mul_ln110_37 = mul i32 %sext_ln110_64, i32 %sext_ln110_37_cast" [src/integrated-gcn/gemm_stage.cpp:110]   --->   Operation 1353 'mul' 'mul_ln110_37' <Predicate = true> <Delay = 0.00> <CoreInst = "DSP48">   --->   Core 124 'DSP48' <Latency = 3> <II = 1> <Delay = 0.53> <IPBlock> <Opcode : 'add' 'sub' 'mul' 'select'> <InPorts = 0> <OutPorts = 1> <Sync> <CReg>
ST_3 : Operation 1354 [1/2] ( I:0.67ns O:0.67ns )   --->   "%XW_block_37_load = load i4 %XW_block_37_addr" [src/integrated-gcn/gemm_stage.cpp:110]   --->   Operation 1354 'load' 'XW_block_37_load' <Predicate = true> <Delay = 0.67> <CoreInst = "RAM">   --->   Core 82 'RAM' <Latency = 1> <II = 1> <Delay = 0.67> <Storage> <Opcode : 'load' 'store'> <Ports = 2> <Width = 32> <Depth = 16> <RAM>
ST_3 : Operation 1355 [2/2] (0.64ns) (root node of the DSP)   --->   "%add_ln110_37 = add i32 %XW_block_37_load, i32 %mul_ln110_37" [src/integrated-gcn/gemm_stage.cpp:110]   --->   Operation 1355 'add' 'add_ln110_37' <Predicate = true> <Delay = 0.64> <CoreInst = "DSP48">   --->   Core 124 'DSP48' <Latency = 3> <II = 1> <Delay = 0.53> <IPBlock> <Opcode : 'add' 'sub' 'mul' 'select'> <InPorts = 0> <OutPorts = 1> <Sync> <CReg>
ST_3 : Operation 1356 [1/3] (0.00ns) (grouped into DSP with root node add_ln110_38)   --->   "%mul_ln110_38 = mul i32 %sext_ln110_64, i32 %sext_ln110_38_cast" [src/integrated-gcn/gemm_stage.cpp:110]   --->   Operation 1356 'mul' 'mul_ln110_38' <Predicate = true> <Delay = 0.00> <CoreInst = "DSP48">   --->   Core 124 'DSP48' <Latency = 3> <II = 1> <Delay = 0.53> <IPBlock> <Opcode : 'add' 'sub' 'mul' 'select'> <InPorts = 0> <OutPorts = 1> <Sync> <CReg>
ST_3 : Operation 1357 [1/2] ( I:0.67ns O:0.67ns )   --->   "%XW_block_38_load = load i4 %XW_block_38_addr" [src/integrated-gcn/gemm_stage.cpp:110]   --->   Operation 1357 'load' 'XW_block_38_load' <Predicate = true> <Delay = 0.67> <CoreInst = "RAM">   --->   Core 82 'RAM' <Latency = 1> <II = 1> <Delay = 0.67> <Storage> <Opcode : 'load' 'store'> <Ports = 2> <Width = 32> <Depth = 16> <RAM>
ST_3 : Operation 1358 [2/2] (0.64ns) (root node of the DSP)   --->   "%add_ln110_38 = add i32 %XW_block_38_load, i32 %mul_ln110_38" [src/integrated-gcn/gemm_stage.cpp:110]   --->   Operation 1358 'add' 'add_ln110_38' <Predicate = true> <Delay = 0.64> <CoreInst = "DSP48">   --->   Core 124 'DSP48' <Latency = 3> <II = 1> <Delay = 0.53> <IPBlock> <Opcode : 'add' 'sub' 'mul' 'select'> <InPorts = 0> <OutPorts = 1> <Sync> <CReg>
ST_3 : Operation 1359 [1/3] (0.00ns) (grouped into DSP with root node add_ln110_39)   --->   "%mul_ln110_39 = mul i32 %sext_ln110_64, i32 %sext_ln110_39_cast" [src/integrated-gcn/gemm_stage.cpp:110]   --->   Operation 1359 'mul' 'mul_ln110_39' <Predicate = true> <Delay = 0.00> <CoreInst = "DSP48">   --->   Core 124 'DSP48' <Latency = 3> <II = 1> <Delay = 0.53> <IPBlock> <Opcode : 'add' 'sub' 'mul' 'select'> <InPorts = 0> <OutPorts = 1> <Sync> <CReg>
ST_3 : Operation 1360 [1/2] ( I:0.67ns O:0.67ns )   --->   "%XW_block_39_load = load i4 %XW_block_39_addr" [src/integrated-gcn/gemm_stage.cpp:110]   --->   Operation 1360 'load' 'XW_block_39_load' <Predicate = true> <Delay = 0.67> <CoreInst = "RAM">   --->   Core 82 'RAM' <Latency = 1> <II = 1> <Delay = 0.67> <Storage> <Opcode : 'load' 'store'> <Ports = 2> <Width = 32> <Depth = 16> <RAM>
ST_3 : Operation 1361 [2/2] (0.64ns) (root node of the DSP)   --->   "%add_ln110_39 = add i32 %XW_block_39_load, i32 %mul_ln110_39" [src/integrated-gcn/gemm_stage.cpp:110]   --->   Operation 1361 'add' 'add_ln110_39' <Predicate = true> <Delay = 0.64> <CoreInst = "DSP48">   --->   Core 124 'DSP48' <Latency = 3> <II = 1> <Delay = 0.53> <IPBlock> <Opcode : 'add' 'sub' 'mul' 'select'> <InPorts = 0> <OutPorts = 1> <Sync> <CReg>
ST_3 : Operation 1362 [1/3] (0.00ns) (grouped into DSP with root node add_ln110_40)   --->   "%mul_ln110_40 = mul i32 %sext_ln110_64, i32 %sext_ln110_40_cast" [src/integrated-gcn/gemm_stage.cpp:110]   --->   Operation 1362 'mul' 'mul_ln110_40' <Predicate = true> <Delay = 0.00> <CoreInst = "DSP48">   --->   Core 124 'DSP48' <Latency = 3> <II = 1> <Delay = 0.53> <IPBlock> <Opcode : 'add' 'sub' 'mul' 'select'> <InPorts = 0> <OutPorts = 1> <Sync> <CReg>
ST_3 : Operation 1363 [1/2] ( I:0.67ns O:0.67ns )   --->   "%XW_block_40_load = load i4 %XW_block_40_addr" [src/integrated-gcn/gemm_stage.cpp:110]   --->   Operation 1363 'load' 'XW_block_40_load' <Predicate = true> <Delay = 0.67> <CoreInst = "RAM">   --->   Core 82 'RAM' <Latency = 1> <II = 1> <Delay = 0.67> <Storage> <Opcode : 'load' 'store'> <Ports = 2> <Width = 32> <Depth = 16> <RAM>
ST_3 : Operation 1364 [2/2] (0.64ns) (root node of the DSP)   --->   "%add_ln110_40 = add i32 %XW_block_40_load, i32 %mul_ln110_40" [src/integrated-gcn/gemm_stage.cpp:110]   --->   Operation 1364 'add' 'add_ln110_40' <Predicate = true> <Delay = 0.64> <CoreInst = "DSP48">   --->   Core 124 'DSP48' <Latency = 3> <II = 1> <Delay = 0.53> <IPBlock> <Opcode : 'add' 'sub' 'mul' 'select'> <InPorts = 0> <OutPorts = 1> <Sync> <CReg>
ST_3 : Operation 1365 [1/3] (0.00ns) (grouped into DSP with root node add_ln110_41)   --->   "%mul_ln110_41 = mul i32 %sext_ln110_64, i32 %sext_ln110_41_cast" [src/integrated-gcn/gemm_stage.cpp:110]   --->   Operation 1365 'mul' 'mul_ln110_41' <Predicate = true> <Delay = 0.00> <CoreInst = "DSP48">   --->   Core 124 'DSP48' <Latency = 3> <II = 1> <Delay = 0.53> <IPBlock> <Opcode : 'add' 'sub' 'mul' 'select'> <InPorts = 0> <OutPorts = 1> <Sync> <CReg>
ST_3 : Operation 1366 [1/2] ( I:0.67ns O:0.67ns )   --->   "%XW_block_41_load = load i4 %XW_block_41_addr" [src/integrated-gcn/gemm_stage.cpp:110]   --->   Operation 1366 'load' 'XW_block_41_load' <Predicate = true> <Delay = 0.67> <CoreInst = "RAM">   --->   Core 82 'RAM' <Latency = 1> <II = 1> <Delay = 0.67> <Storage> <Opcode : 'load' 'store'> <Ports = 2> <Width = 32> <Depth = 16> <RAM>
ST_3 : Operation 1367 [2/2] (0.64ns) (root node of the DSP)   --->   "%add_ln110_41 = add i32 %XW_block_41_load, i32 %mul_ln110_41" [src/integrated-gcn/gemm_stage.cpp:110]   --->   Operation 1367 'add' 'add_ln110_41' <Predicate = true> <Delay = 0.64> <CoreInst = "DSP48">   --->   Core 124 'DSP48' <Latency = 3> <II = 1> <Delay = 0.53> <IPBlock> <Opcode : 'add' 'sub' 'mul' 'select'> <InPorts = 0> <OutPorts = 1> <Sync> <CReg>
ST_3 : Operation 1368 [1/3] (0.00ns) (grouped into DSP with root node add_ln110_42)   --->   "%mul_ln110_42 = mul i32 %sext_ln110_64, i32 %sext_ln110_42_cast" [src/integrated-gcn/gemm_stage.cpp:110]   --->   Operation 1368 'mul' 'mul_ln110_42' <Predicate = true> <Delay = 0.00> <CoreInst = "DSP48">   --->   Core 124 'DSP48' <Latency = 3> <II = 1> <Delay = 0.53> <IPBlock> <Opcode : 'add' 'sub' 'mul' 'select'> <InPorts = 0> <OutPorts = 1> <Sync> <CReg>
ST_3 : Operation 1369 [1/2] ( I:0.67ns O:0.67ns )   --->   "%XW_block_42_load = load i4 %XW_block_42_addr" [src/integrated-gcn/gemm_stage.cpp:110]   --->   Operation 1369 'load' 'XW_block_42_load' <Predicate = true> <Delay = 0.67> <CoreInst = "RAM">   --->   Core 82 'RAM' <Latency = 1> <II = 1> <Delay = 0.67> <Storage> <Opcode : 'load' 'store'> <Ports = 2> <Width = 32> <Depth = 16> <RAM>
ST_3 : Operation 1370 [2/2] (0.64ns) (root node of the DSP)   --->   "%add_ln110_42 = add i32 %XW_block_42_load, i32 %mul_ln110_42" [src/integrated-gcn/gemm_stage.cpp:110]   --->   Operation 1370 'add' 'add_ln110_42' <Predicate = true> <Delay = 0.64> <CoreInst = "DSP48">   --->   Core 124 'DSP48' <Latency = 3> <II = 1> <Delay = 0.53> <IPBlock> <Opcode : 'add' 'sub' 'mul' 'select'> <InPorts = 0> <OutPorts = 1> <Sync> <CReg>
ST_3 : Operation 1371 [1/3] (0.00ns) (grouped into DSP with root node add_ln110_43)   --->   "%mul_ln110_43 = mul i32 %sext_ln110_64, i32 %sext_ln110_43_cast" [src/integrated-gcn/gemm_stage.cpp:110]   --->   Operation 1371 'mul' 'mul_ln110_43' <Predicate = true> <Delay = 0.00> <CoreInst = "DSP48">   --->   Core 124 'DSP48' <Latency = 3> <II = 1> <Delay = 0.53> <IPBlock> <Opcode : 'add' 'sub' 'mul' 'select'> <InPorts = 0> <OutPorts = 1> <Sync> <CReg>
ST_3 : Operation 1372 [1/2] ( I:0.67ns O:0.67ns )   --->   "%XW_block_43_load = load i4 %XW_block_43_addr" [src/integrated-gcn/gemm_stage.cpp:110]   --->   Operation 1372 'load' 'XW_block_43_load' <Predicate = true> <Delay = 0.67> <CoreInst = "RAM">   --->   Core 82 'RAM' <Latency = 1> <II = 1> <Delay = 0.67> <Storage> <Opcode : 'load' 'store'> <Ports = 2> <Width = 32> <Depth = 16> <RAM>
ST_3 : Operation 1373 [2/2] (0.64ns) (root node of the DSP)   --->   "%add_ln110_43 = add i32 %XW_block_43_load, i32 %mul_ln110_43" [src/integrated-gcn/gemm_stage.cpp:110]   --->   Operation 1373 'add' 'add_ln110_43' <Predicate = true> <Delay = 0.64> <CoreInst = "DSP48">   --->   Core 124 'DSP48' <Latency = 3> <II = 1> <Delay = 0.53> <IPBlock> <Opcode : 'add' 'sub' 'mul' 'select'> <InPorts = 0> <OutPorts = 1> <Sync> <CReg>
ST_3 : Operation 1374 [1/3] (0.00ns) (grouped into DSP with root node add_ln110_44)   --->   "%mul_ln110_44 = mul i32 %sext_ln110_64, i32 %sext_ln110_44_cast" [src/integrated-gcn/gemm_stage.cpp:110]   --->   Operation 1374 'mul' 'mul_ln110_44' <Predicate = true> <Delay = 0.00> <CoreInst = "DSP48">   --->   Core 124 'DSP48' <Latency = 3> <II = 1> <Delay = 0.53> <IPBlock> <Opcode : 'add' 'sub' 'mul' 'select'> <InPorts = 0> <OutPorts = 1> <Sync> <CReg>
ST_3 : Operation 1375 [1/2] ( I:0.67ns O:0.67ns )   --->   "%XW_block_44_load = load i4 %XW_block_44_addr" [src/integrated-gcn/gemm_stage.cpp:110]   --->   Operation 1375 'load' 'XW_block_44_load' <Predicate = true> <Delay = 0.67> <CoreInst = "RAM">   --->   Core 82 'RAM' <Latency = 1> <II = 1> <Delay = 0.67> <Storage> <Opcode : 'load' 'store'> <Ports = 2> <Width = 32> <Depth = 16> <RAM>
ST_3 : Operation 1376 [2/2] (0.64ns) (root node of the DSP)   --->   "%add_ln110_44 = add i32 %XW_block_44_load, i32 %mul_ln110_44" [src/integrated-gcn/gemm_stage.cpp:110]   --->   Operation 1376 'add' 'add_ln110_44' <Predicate = true> <Delay = 0.64> <CoreInst = "DSP48">   --->   Core 124 'DSP48' <Latency = 3> <II = 1> <Delay = 0.53> <IPBlock> <Opcode : 'add' 'sub' 'mul' 'select'> <InPorts = 0> <OutPorts = 1> <Sync> <CReg>
ST_3 : Operation 1377 [1/3] (0.00ns) (grouped into DSP with root node add_ln110_45)   --->   "%mul_ln110_45 = mul i32 %sext_ln110_64, i32 %sext_ln110_45_cast" [src/integrated-gcn/gemm_stage.cpp:110]   --->   Operation 1377 'mul' 'mul_ln110_45' <Predicate = true> <Delay = 0.00> <CoreInst = "DSP48">   --->   Core 124 'DSP48' <Latency = 3> <II = 1> <Delay = 0.53> <IPBlock> <Opcode : 'add' 'sub' 'mul' 'select'> <InPorts = 0> <OutPorts = 1> <Sync> <CReg>
ST_3 : Operation 1378 [1/2] ( I:0.67ns O:0.67ns )   --->   "%XW_block_45_load = load i4 %XW_block_45_addr" [src/integrated-gcn/gemm_stage.cpp:110]   --->   Operation 1378 'load' 'XW_block_45_load' <Predicate = true> <Delay = 0.67> <CoreInst = "RAM">   --->   Core 82 'RAM' <Latency = 1> <II = 1> <Delay = 0.67> <Storage> <Opcode : 'load' 'store'> <Ports = 2> <Width = 32> <Depth = 16> <RAM>
ST_3 : Operation 1379 [2/2] (0.64ns) (root node of the DSP)   --->   "%add_ln110_45 = add i32 %XW_block_45_load, i32 %mul_ln110_45" [src/integrated-gcn/gemm_stage.cpp:110]   --->   Operation 1379 'add' 'add_ln110_45' <Predicate = true> <Delay = 0.64> <CoreInst = "DSP48">   --->   Core 124 'DSP48' <Latency = 3> <II = 1> <Delay = 0.53> <IPBlock> <Opcode : 'add' 'sub' 'mul' 'select'> <InPorts = 0> <OutPorts = 1> <Sync> <CReg>
ST_3 : Operation 1380 [1/3] (0.00ns) (grouped into DSP with root node add_ln110_46)   --->   "%mul_ln110_46 = mul i32 %sext_ln110_64, i32 %sext_ln110_46_cast" [src/integrated-gcn/gemm_stage.cpp:110]   --->   Operation 1380 'mul' 'mul_ln110_46' <Predicate = true> <Delay = 0.00> <CoreInst = "DSP48">   --->   Core 124 'DSP48' <Latency = 3> <II = 1> <Delay = 0.53> <IPBlock> <Opcode : 'add' 'sub' 'mul' 'select'> <InPorts = 0> <OutPorts = 1> <Sync> <CReg>
ST_3 : Operation 1381 [1/2] ( I:0.67ns O:0.67ns )   --->   "%XW_block_46_load = load i4 %XW_block_46_addr" [src/integrated-gcn/gemm_stage.cpp:110]   --->   Operation 1381 'load' 'XW_block_46_load' <Predicate = true> <Delay = 0.67> <CoreInst = "RAM">   --->   Core 82 'RAM' <Latency = 1> <II = 1> <Delay = 0.67> <Storage> <Opcode : 'load' 'store'> <Ports = 2> <Width = 32> <Depth = 16> <RAM>
ST_3 : Operation 1382 [2/2] (0.64ns) (root node of the DSP)   --->   "%add_ln110_46 = add i32 %XW_block_46_load, i32 %mul_ln110_46" [src/integrated-gcn/gemm_stage.cpp:110]   --->   Operation 1382 'add' 'add_ln110_46' <Predicate = true> <Delay = 0.64> <CoreInst = "DSP48">   --->   Core 124 'DSP48' <Latency = 3> <II = 1> <Delay = 0.53> <IPBlock> <Opcode : 'add' 'sub' 'mul' 'select'> <InPorts = 0> <OutPorts = 1> <Sync> <CReg>
ST_3 : Operation 1383 [1/3] (0.00ns) (grouped into DSP with root node add_ln110_47)   --->   "%mul_ln110_47 = mul i32 %sext_ln110_64, i32 %sext_ln110_47_cast" [src/integrated-gcn/gemm_stage.cpp:110]   --->   Operation 1383 'mul' 'mul_ln110_47' <Predicate = true> <Delay = 0.00> <CoreInst = "DSP48">   --->   Core 124 'DSP48' <Latency = 3> <II = 1> <Delay = 0.53> <IPBlock> <Opcode : 'add' 'sub' 'mul' 'select'> <InPorts = 0> <OutPorts = 1> <Sync> <CReg>
ST_3 : Operation 1384 [1/2] ( I:0.67ns O:0.67ns )   --->   "%XW_block_47_load = load i4 %XW_block_47_addr" [src/integrated-gcn/gemm_stage.cpp:110]   --->   Operation 1384 'load' 'XW_block_47_load' <Predicate = true> <Delay = 0.67> <CoreInst = "RAM">   --->   Core 82 'RAM' <Latency = 1> <II = 1> <Delay = 0.67> <Storage> <Opcode : 'load' 'store'> <Ports = 2> <Width = 32> <Depth = 16> <RAM>
ST_3 : Operation 1385 [2/2] (0.64ns) (root node of the DSP)   --->   "%add_ln110_47 = add i32 %XW_block_47_load, i32 %mul_ln110_47" [src/integrated-gcn/gemm_stage.cpp:110]   --->   Operation 1385 'add' 'add_ln110_47' <Predicate = true> <Delay = 0.64> <CoreInst = "DSP48">   --->   Core 124 'DSP48' <Latency = 3> <II = 1> <Delay = 0.53> <IPBlock> <Opcode : 'add' 'sub' 'mul' 'select'> <InPorts = 0> <OutPorts = 1> <Sync> <CReg>
ST_3 : Operation 1386 [1/3] (0.00ns) (grouped into DSP with root node add_ln110_48)   --->   "%mul_ln110_48 = mul i32 %sext_ln110_64, i32 %sext_ln110_48_cast" [src/integrated-gcn/gemm_stage.cpp:110]   --->   Operation 1386 'mul' 'mul_ln110_48' <Predicate = true> <Delay = 0.00> <CoreInst = "DSP48">   --->   Core 124 'DSP48' <Latency = 3> <II = 1> <Delay = 0.53> <IPBlock> <Opcode : 'add' 'sub' 'mul' 'select'> <InPorts = 0> <OutPorts = 1> <Sync> <CReg>
ST_3 : Operation 1387 [1/2] ( I:0.67ns O:0.67ns )   --->   "%XW_block_48_load = load i4 %XW_block_48_addr" [src/integrated-gcn/gemm_stage.cpp:110]   --->   Operation 1387 'load' 'XW_block_48_load' <Predicate = true> <Delay = 0.67> <CoreInst = "RAM">   --->   Core 82 'RAM' <Latency = 1> <II = 1> <Delay = 0.67> <Storage> <Opcode : 'load' 'store'> <Ports = 2> <Width = 32> <Depth = 16> <RAM>
ST_3 : Operation 1388 [2/2] (0.64ns) (root node of the DSP)   --->   "%add_ln110_48 = add i32 %XW_block_48_load, i32 %mul_ln110_48" [src/integrated-gcn/gemm_stage.cpp:110]   --->   Operation 1388 'add' 'add_ln110_48' <Predicate = true> <Delay = 0.64> <CoreInst = "DSP48">   --->   Core 124 'DSP48' <Latency = 3> <II = 1> <Delay = 0.53> <IPBlock> <Opcode : 'add' 'sub' 'mul' 'select'> <InPorts = 0> <OutPorts = 1> <Sync> <CReg>
ST_3 : Operation 1389 [1/3] (0.00ns) (grouped into DSP with root node add_ln110_49)   --->   "%mul_ln110_49 = mul i32 %sext_ln110_64, i32 %sext_ln110_49_cast" [src/integrated-gcn/gemm_stage.cpp:110]   --->   Operation 1389 'mul' 'mul_ln110_49' <Predicate = true> <Delay = 0.00> <CoreInst = "DSP48">   --->   Core 124 'DSP48' <Latency = 3> <II = 1> <Delay = 0.53> <IPBlock> <Opcode : 'add' 'sub' 'mul' 'select'> <InPorts = 0> <OutPorts = 1> <Sync> <CReg>
ST_3 : Operation 1390 [1/2] ( I:0.67ns O:0.67ns )   --->   "%XW_block_49_load = load i4 %XW_block_49_addr" [src/integrated-gcn/gemm_stage.cpp:110]   --->   Operation 1390 'load' 'XW_block_49_load' <Predicate = true> <Delay = 0.67> <CoreInst = "RAM">   --->   Core 82 'RAM' <Latency = 1> <II = 1> <Delay = 0.67> <Storage> <Opcode : 'load' 'store'> <Ports = 2> <Width = 32> <Depth = 16> <RAM>
ST_3 : Operation 1391 [2/2] (0.64ns) (root node of the DSP)   --->   "%add_ln110_49 = add i32 %XW_block_49_load, i32 %mul_ln110_49" [src/integrated-gcn/gemm_stage.cpp:110]   --->   Operation 1391 'add' 'add_ln110_49' <Predicate = true> <Delay = 0.64> <CoreInst = "DSP48">   --->   Core 124 'DSP48' <Latency = 3> <II = 1> <Delay = 0.53> <IPBlock> <Opcode : 'add' 'sub' 'mul' 'select'> <InPorts = 0> <OutPorts = 1> <Sync> <CReg>
ST_3 : Operation 1392 [1/3] (0.00ns) (grouped into DSP with root node add_ln110_50)   --->   "%mul_ln110_50 = mul i32 %sext_ln110_64, i32 %sext_ln110_50_cast" [src/integrated-gcn/gemm_stage.cpp:110]   --->   Operation 1392 'mul' 'mul_ln110_50' <Predicate = true> <Delay = 0.00> <CoreInst = "DSP48">   --->   Core 124 'DSP48' <Latency = 3> <II = 1> <Delay = 0.53> <IPBlock> <Opcode : 'add' 'sub' 'mul' 'select'> <InPorts = 0> <OutPorts = 1> <Sync> <CReg>
ST_3 : Operation 1393 [1/2] ( I:0.67ns O:0.67ns )   --->   "%XW_block_50_load = load i4 %XW_block_50_addr" [src/integrated-gcn/gemm_stage.cpp:110]   --->   Operation 1393 'load' 'XW_block_50_load' <Predicate = true> <Delay = 0.67> <CoreInst = "RAM">   --->   Core 82 'RAM' <Latency = 1> <II = 1> <Delay = 0.67> <Storage> <Opcode : 'load' 'store'> <Ports = 2> <Width = 32> <Depth = 16> <RAM>
ST_3 : Operation 1394 [2/2] (0.64ns) (root node of the DSP)   --->   "%add_ln110_50 = add i32 %XW_block_50_load, i32 %mul_ln110_50" [src/integrated-gcn/gemm_stage.cpp:110]   --->   Operation 1394 'add' 'add_ln110_50' <Predicate = true> <Delay = 0.64> <CoreInst = "DSP48">   --->   Core 124 'DSP48' <Latency = 3> <II = 1> <Delay = 0.53> <IPBlock> <Opcode : 'add' 'sub' 'mul' 'select'> <InPorts = 0> <OutPorts = 1> <Sync> <CReg>
ST_3 : Operation 1395 [1/3] (0.00ns) (grouped into DSP with root node add_ln110_51)   --->   "%mul_ln110_51 = mul i32 %sext_ln110_64, i32 %sext_ln110_51_cast" [src/integrated-gcn/gemm_stage.cpp:110]   --->   Operation 1395 'mul' 'mul_ln110_51' <Predicate = true> <Delay = 0.00> <CoreInst = "DSP48">   --->   Core 124 'DSP48' <Latency = 3> <II = 1> <Delay = 0.53> <IPBlock> <Opcode : 'add' 'sub' 'mul' 'select'> <InPorts = 0> <OutPorts = 1> <Sync> <CReg>
ST_3 : Operation 1396 [1/2] ( I:0.67ns O:0.67ns )   --->   "%XW_block_51_load = load i4 %XW_block_51_addr" [src/integrated-gcn/gemm_stage.cpp:110]   --->   Operation 1396 'load' 'XW_block_51_load' <Predicate = true> <Delay = 0.67> <CoreInst = "RAM">   --->   Core 82 'RAM' <Latency = 1> <II = 1> <Delay = 0.67> <Storage> <Opcode : 'load' 'store'> <Ports = 2> <Width = 32> <Depth = 16> <RAM>
ST_3 : Operation 1397 [2/2] (0.64ns) (root node of the DSP)   --->   "%add_ln110_51 = add i32 %XW_block_51_load, i32 %mul_ln110_51" [src/integrated-gcn/gemm_stage.cpp:110]   --->   Operation 1397 'add' 'add_ln110_51' <Predicate = true> <Delay = 0.64> <CoreInst = "DSP48">   --->   Core 124 'DSP48' <Latency = 3> <II = 1> <Delay = 0.53> <IPBlock> <Opcode : 'add' 'sub' 'mul' 'select'> <InPorts = 0> <OutPorts = 1> <Sync> <CReg>
ST_3 : Operation 1398 [1/3] (0.00ns) (grouped into DSP with root node add_ln110_52)   --->   "%mul_ln110_52 = mul i32 %sext_ln110_64, i32 %sext_ln110_52_cast" [src/integrated-gcn/gemm_stage.cpp:110]   --->   Operation 1398 'mul' 'mul_ln110_52' <Predicate = true> <Delay = 0.00> <CoreInst = "DSP48">   --->   Core 124 'DSP48' <Latency = 3> <II = 1> <Delay = 0.53> <IPBlock> <Opcode : 'add' 'sub' 'mul' 'select'> <InPorts = 0> <OutPorts = 1> <Sync> <CReg>
ST_3 : Operation 1399 [1/2] ( I:0.67ns O:0.67ns )   --->   "%XW_block_52_load = load i4 %XW_block_52_addr" [src/integrated-gcn/gemm_stage.cpp:110]   --->   Operation 1399 'load' 'XW_block_52_load' <Predicate = true> <Delay = 0.67> <CoreInst = "RAM">   --->   Core 82 'RAM' <Latency = 1> <II = 1> <Delay = 0.67> <Storage> <Opcode : 'load' 'store'> <Ports = 2> <Width = 32> <Depth = 16> <RAM>
ST_3 : Operation 1400 [2/2] (0.64ns) (root node of the DSP)   --->   "%add_ln110_52 = add i32 %XW_block_52_load, i32 %mul_ln110_52" [src/integrated-gcn/gemm_stage.cpp:110]   --->   Operation 1400 'add' 'add_ln110_52' <Predicate = true> <Delay = 0.64> <CoreInst = "DSP48">   --->   Core 124 'DSP48' <Latency = 3> <II = 1> <Delay = 0.53> <IPBlock> <Opcode : 'add' 'sub' 'mul' 'select'> <InPorts = 0> <OutPorts = 1> <Sync> <CReg>
ST_3 : Operation 1401 [1/3] (0.00ns) (grouped into DSP with root node add_ln110_53)   --->   "%mul_ln110_53 = mul i32 %sext_ln110_64, i32 %sext_ln110_53_cast" [src/integrated-gcn/gemm_stage.cpp:110]   --->   Operation 1401 'mul' 'mul_ln110_53' <Predicate = true> <Delay = 0.00> <CoreInst = "DSP48">   --->   Core 124 'DSP48' <Latency = 3> <II = 1> <Delay = 0.53> <IPBlock> <Opcode : 'add' 'sub' 'mul' 'select'> <InPorts = 0> <OutPorts = 1> <Sync> <CReg>
ST_3 : Operation 1402 [1/2] ( I:0.67ns O:0.67ns )   --->   "%XW_block_53_load = load i4 %XW_block_53_addr" [src/integrated-gcn/gemm_stage.cpp:110]   --->   Operation 1402 'load' 'XW_block_53_load' <Predicate = true> <Delay = 0.67> <CoreInst = "RAM">   --->   Core 82 'RAM' <Latency = 1> <II = 1> <Delay = 0.67> <Storage> <Opcode : 'load' 'store'> <Ports = 2> <Width = 32> <Depth = 16> <RAM>
ST_3 : Operation 1403 [2/2] (0.64ns) (root node of the DSP)   --->   "%add_ln110_53 = add i32 %XW_block_53_load, i32 %mul_ln110_53" [src/integrated-gcn/gemm_stage.cpp:110]   --->   Operation 1403 'add' 'add_ln110_53' <Predicate = true> <Delay = 0.64> <CoreInst = "DSP48">   --->   Core 124 'DSP48' <Latency = 3> <II = 1> <Delay = 0.53> <IPBlock> <Opcode : 'add' 'sub' 'mul' 'select'> <InPorts = 0> <OutPorts = 1> <Sync> <CReg>
ST_3 : Operation 1404 [1/3] (0.00ns) (grouped into DSP with root node add_ln110_54)   --->   "%mul_ln110_54 = mul i32 %sext_ln110_64, i32 %sext_ln110_54_cast" [src/integrated-gcn/gemm_stage.cpp:110]   --->   Operation 1404 'mul' 'mul_ln110_54' <Predicate = true> <Delay = 0.00> <CoreInst = "DSP48">   --->   Core 124 'DSP48' <Latency = 3> <II = 1> <Delay = 0.53> <IPBlock> <Opcode : 'add' 'sub' 'mul' 'select'> <InPorts = 0> <OutPorts = 1> <Sync> <CReg>
ST_3 : Operation 1405 [1/2] ( I:0.67ns O:0.67ns )   --->   "%XW_block_54_load = load i4 %XW_block_54_addr" [src/integrated-gcn/gemm_stage.cpp:110]   --->   Operation 1405 'load' 'XW_block_54_load' <Predicate = true> <Delay = 0.67> <CoreInst = "RAM">   --->   Core 82 'RAM' <Latency = 1> <II = 1> <Delay = 0.67> <Storage> <Opcode : 'load' 'store'> <Ports = 2> <Width = 32> <Depth = 16> <RAM>
ST_3 : Operation 1406 [2/2] (0.64ns) (root node of the DSP)   --->   "%add_ln110_54 = add i32 %XW_block_54_load, i32 %mul_ln110_54" [src/integrated-gcn/gemm_stage.cpp:110]   --->   Operation 1406 'add' 'add_ln110_54' <Predicate = true> <Delay = 0.64> <CoreInst = "DSP48">   --->   Core 124 'DSP48' <Latency = 3> <II = 1> <Delay = 0.53> <IPBlock> <Opcode : 'add' 'sub' 'mul' 'select'> <InPorts = 0> <OutPorts = 1> <Sync> <CReg>
ST_3 : Operation 1407 [1/3] (0.00ns) (grouped into DSP with root node add_ln110_55)   --->   "%mul_ln110_55 = mul i32 %sext_ln110_64, i32 %sext_ln110_55_cast" [src/integrated-gcn/gemm_stage.cpp:110]   --->   Operation 1407 'mul' 'mul_ln110_55' <Predicate = true> <Delay = 0.00> <CoreInst = "DSP48">   --->   Core 124 'DSP48' <Latency = 3> <II = 1> <Delay = 0.53> <IPBlock> <Opcode : 'add' 'sub' 'mul' 'select'> <InPorts = 0> <OutPorts = 1> <Sync> <CReg>
ST_3 : Operation 1408 [1/2] ( I:0.67ns O:0.67ns )   --->   "%XW_block_55_load = load i4 %XW_block_55_addr" [src/integrated-gcn/gemm_stage.cpp:110]   --->   Operation 1408 'load' 'XW_block_55_load' <Predicate = true> <Delay = 0.67> <CoreInst = "RAM">   --->   Core 82 'RAM' <Latency = 1> <II = 1> <Delay = 0.67> <Storage> <Opcode : 'load' 'store'> <Ports = 2> <Width = 32> <Depth = 16> <RAM>
ST_3 : Operation 1409 [2/2] (0.64ns) (root node of the DSP)   --->   "%add_ln110_55 = add i32 %XW_block_55_load, i32 %mul_ln110_55" [src/integrated-gcn/gemm_stage.cpp:110]   --->   Operation 1409 'add' 'add_ln110_55' <Predicate = true> <Delay = 0.64> <CoreInst = "DSP48">   --->   Core 124 'DSP48' <Latency = 3> <II = 1> <Delay = 0.53> <IPBlock> <Opcode : 'add' 'sub' 'mul' 'select'> <InPorts = 0> <OutPorts = 1> <Sync> <CReg>
ST_3 : Operation 1410 [1/3] (0.00ns) (grouped into DSP with root node add_ln110_56)   --->   "%mul_ln110_56 = mul i32 %sext_ln110_64, i32 %sext_ln110_56_cast" [src/integrated-gcn/gemm_stage.cpp:110]   --->   Operation 1410 'mul' 'mul_ln110_56' <Predicate = true> <Delay = 0.00> <CoreInst = "DSP48">   --->   Core 124 'DSP48' <Latency = 3> <II = 1> <Delay = 0.53> <IPBlock> <Opcode : 'add' 'sub' 'mul' 'select'> <InPorts = 0> <OutPorts = 1> <Sync> <CReg>
ST_3 : Operation 1411 [1/2] ( I:0.67ns O:0.67ns )   --->   "%XW_block_56_load = load i4 %XW_block_56_addr" [src/integrated-gcn/gemm_stage.cpp:110]   --->   Operation 1411 'load' 'XW_block_56_load' <Predicate = true> <Delay = 0.67> <CoreInst = "RAM">   --->   Core 82 'RAM' <Latency = 1> <II = 1> <Delay = 0.67> <Storage> <Opcode : 'load' 'store'> <Ports = 2> <Width = 32> <Depth = 16> <RAM>
ST_3 : Operation 1412 [2/2] (0.64ns) (root node of the DSP)   --->   "%add_ln110_56 = add i32 %XW_block_56_load, i32 %mul_ln110_56" [src/integrated-gcn/gemm_stage.cpp:110]   --->   Operation 1412 'add' 'add_ln110_56' <Predicate = true> <Delay = 0.64> <CoreInst = "DSP48">   --->   Core 124 'DSP48' <Latency = 3> <II = 1> <Delay = 0.53> <IPBlock> <Opcode : 'add' 'sub' 'mul' 'select'> <InPorts = 0> <OutPorts = 1> <Sync> <CReg>
ST_3 : Operation 1413 [1/3] (0.00ns) (grouped into DSP with root node add_ln110_57)   --->   "%mul_ln110_57 = mul i32 %sext_ln110_64, i32 %sext_ln110_57_cast" [src/integrated-gcn/gemm_stage.cpp:110]   --->   Operation 1413 'mul' 'mul_ln110_57' <Predicate = true> <Delay = 0.00> <CoreInst = "DSP48">   --->   Core 124 'DSP48' <Latency = 3> <II = 1> <Delay = 0.53> <IPBlock> <Opcode : 'add' 'sub' 'mul' 'select'> <InPorts = 0> <OutPorts = 1> <Sync> <CReg>
ST_3 : Operation 1414 [1/2] ( I:0.67ns O:0.67ns )   --->   "%XW_block_57_load = load i4 %XW_block_57_addr" [src/integrated-gcn/gemm_stage.cpp:110]   --->   Operation 1414 'load' 'XW_block_57_load' <Predicate = true> <Delay = 0.67> <CoreInst = "RAM">   --->   Core 82 'RAM' <Latency = 1> <II = 1> <Delay = 0.67> <Storage> <Opcode : 'load' 'store'> <Ports = 2> <Width = 32> <Depth = 16> <RAM>
ST_3 : Operation 1415 [2/2] (0.64ns) (root node of the DSP)   --->   "%add_ln110_57 = add i32 %XW_block_57_load, i32 %mul_ln110_57" [src/integrated-gcn/gemm_stage.cpp:110]   --->   Operation 1415 'add' 'add_ln110_57' <Predicate = true> <Delay = 0.64> <CoreInst = "DSP48">   --->   Core 124 'DSP48' <Latency = 3> <II = 1> <Delay = 0.53> <IPBlock> <Opcode : 'add' 'sub' 'mul' 'select'> <InPorts = 0> <OutPorts = 1> <Sync> <CReg>
ST_3 : Operation 1416 [1/3] (0.00ns) (grouped into DSP with root node add_ln110_58)   --->   "%mul_ln110_58 = mul i32 %sext_ln110_64, i32 %sext_ln110_58_cast" [src/integrated-gcn/gemm_stage.cpp:110]   --->   Operation 1416 'mul' 'mul_ln110_58' <Predicate = true> <Delay = 0.00> <CoreInst = "DSP48">   --->   Core 124 'DSP48' <Latency = 3> <II = 1> <Delay = 0.53> <IPBlock> <Opcode : 'add' 'sub' 'mul' 'select'> <InPorts = 0> <OutPorts = 1> <Sync> <CReg>
ST_3 : Operation 1417 [1/2] ( I:0.67ns O:0.67ns )   --->   "%XW_block_58_load = load i4 %XW_block_58_addr" [src/integrated-gcn/gemm_stage.cpp:110]   --->   Operation 1417 'load' 'XW_block_58_load' <Predicate = true> <Delay = 0.67> <CoreInst = "RAM">   --->   Core 82 'RAM' <Latency = 1> <II = 1> <Delay = 0.67> <Storage> <Opcode : 'load' 'store'> <Ports = 2> <Width = 32> <Depth = 16> <RAM>
ST_3 : Operation 1418 [2/2] (0.64ns) (root node of the DSP)   --->   "%add_ln110_58 = add i32 %XW_block_58_load, i32 %mul_ln110_58" [src/integrated-gcn/gemm_stage.cpp:110]   --->   Operation 1418 'add' 'add_ln110_58' <Predicate = true> <Delay = 0.64> <CoreInst = "DSP48">   --->   Core 124 'DSP48' <Latency = 3> <II = 1> <Delay = 0.53> <IPBlock> <Opcode : 'add' 'sub' 'mul' 'select'> <InPorts = 0> <OutPorts = 1> <Sync> <CReg>
ST_3 : Operation 1419 [1/3] (0.00ns) (grouped into DSP with root node add_ln110_59)   --->   "%mul_ln110_59 = mul i32 %sext_ln110_64, i32 %sext_ln110_59_cast" [src/integrated-gcn/gemm_stage.cpp:110]   --->   Operation 1419 'mul' 'mul_ln110_59' <Predicate = true> <Delay = 0.00> <CoreInst = "DSP48">   --->   Core 124 'DSP48' <Latency = 3> <II = 1> <Delay = 0.53> <IPBlock> <Opcode : 'add' 'sub' 'mul' 'select'> <InPorts = 0> <OutPorts = 1> <Sync> <CReg>
ST_3 : Operation 1420 [1/2] ( I:0.67ns O:0.67ns )   --->   "%XW_block_59_load = load i4 %XW_block_59_addr" [src/integrated-gcn/gemm_stage.cpp:110]   --->   Operation 1420 'load' 'XW_block_59_load' <Predicate = true> <Delay = 0.67> <CoreInst = "RAM">   --->   Core 82 'RAM' <Latency = 1> <II = 1> <Delay = 0.67> <Storage> <Opcode : 'load' 'store'> <Ports = 2> <Width = 32> <Depth = 16> <RAM>
ST_3 : Operation 1421 [2/2] (0.64ns) (root node of the DSP)   --->   "%add_ln110_59 = add i32 %XW_block_59_load, i32 %mul_ln110_59" [src/integrated-gcn/gemm_stage.cpp:110]   --->   Operation 1421 'add' 'add_ln110_59' <Predicate = true> <Delay = 0.64> <CoreInst = "DSP48">   --->   Core 124 'DSP48' <Latency = 3> <II = 1> <Delay = 0.53> <IPBlock> <Opcode : 'add' 'sub' 'mul' 'select'> <InPorts = 0> <OutPorts = 1> <Sync> <CReg>
ST_3 : Operation 1422 [1/3] (0.00ns) (grouped into DSP with root node add_ln110_60)   --->   "%mul_ln110_60 = mul i32 %sext_ln110_64, i32 %sext_ln110_60_cast" [src/integrated-gcn/gemm_stage.cpp:110]   --->   Operation 1422 'mul' 'mul_ln110_60' <Predicate = true> <Delay = 0.00> <CoreInst = "DSP48">   --->   Core 124 'DSP48' <Latency = 3> <II = 1> <Delay = 0.53> <IPBlock> <Opcode : 'add' 'sub' 'mul' 'select'> <InPorts = 0> <OutPorts = 1> <Sync> <CReg>
ST_3 : Operation 1423 [1/2] ( I:0.67ns O:0.67ns )   --->   "%XW_block_60_load = load i4 %XW_block_60_addr" [src/integrated-gcn/gemm_stage.cpp:110]   --->   Operation 1423 'load' 'XW_block_60_load' <Predicate = true> <Delay = 0.67> <CoreInst = "RAM">   --->   Core 82 'RAM' <Latency = 1> <II = 1> <Delay = 0.67> <Storage> <Opcode : 'load' 'store'> <Ports = 2> <Width = 32> <Depth = 16> <RAM>
ST_3 : Operation 1424 [2/2] (0.64ns) (root node of the DSP)   --->   "%add_ln110_60 = add i32 %XW_block_60_load, i32 %mul_ln110_60" [src/integrated-gcn/gemm_stage.cpp:110]   --->   Operation 1424 'add' 'add_ln110_60' <Predicate = true> <Delay = 0.64> <CoreInst = "DSP48">   --->   Core 124 'DSP48' <Latency = 3> <II = 1> <Delay = 0.53> <IPBlock> <Opcode : 'add' 'sub' 'mul' 'select'> <InPorts = 0> <OutPorts = 1> <Sync> <CReg>
ST_3 : Operation 1425 [1/3] (0.00ns) (grouped into DSP with root node add_ln110_61)   --->   "%mul_ln110_61 = mul i32 %sext_ln110_64, i32 %sext_ln110_61_cast" [src/integrated-gcn/gemm_stage.cpp:110]   --->   Operation 1425 'mul' 'mul_ln110_61' <Predicate = true> <Delay = 0.00> <CoreInst = "DSP48">   --->   Core 124 'DSP48' <Latency = 3> <II = 1> <Delay = 0.53> <IPBlock> <Opcode : 'add' 'sub' 'mul' 'select'> <InPorts = 0> <OutPorts = 1> <Sync> <CReg>
ST_3 : Operation 1426 [1/2] ( I:0.67ns O:0.67ns )   --->   "%XW_block_61_load = load i4 %XW_block_61_addr" [src/integrated-gcn/gemm_stage.cpp:110]   --->   Operation 1426 'load' 'XW_block_61_load' <Predicate = true> <Delay = 0.67> <CoreInst = "RAM">   --->   Core 82 'RAM' <Latency = 1> <II = 1> <Delay = 0.67> <Storage> <Opcode : 'load' 'store'> <Ports = 2> <Width = 32> <Depth = 16> <RAM>
ST_3 : Operation 1427 [2/2] (0.64ns) (root node of the DSP)   --->   "%add_ln110_61 = add i32 %XW_block_61_load, i32 %mul_ln110_61" [src/integrated-gcn/gemm_stage.cpp:110]   --->   Operation 1427 'add' 'add_ln110_61' <Predicate = true> <Delay = 0.64> <CoreInst = "DSP48">   --->   Core 124 'DSP48' <Latency = 3> <II = 1> <Delay = 0.53> <IPBlock> <Opcode : 'add' 'sub' 'mul' 'select'> <InPorts = 0> <OutPorts = 1> <Sync> <CReg>
ST_3 : Operation 1428 [1/3] (0.00ns) (grouped into DSP with root node add_ln110_62)   --->   "%mul_ln110_62 = mul i32 %sext_ln110_64, i32 %sext_ln110_62_cast" [src/integrated-gcn/gemm_stage.cpp:110]   --->   Operation 1428 'mul' 'mul_ln110_62' <Predicate = true> <Delay = 0.00> <CoreInst = "DSP48">   --->   Core 124 'DSP48' <Latency = 3> <II = 1> <Delay = 0.53> <IPBlock> <Opcode : 'add' 'sub' 'mul' 'select'> <InPorts = 0> <OutPorts = 1> <Sync> <CReg>
ST_3 : Operation 1429 [1/2] ( I:0.67ns O:0.67ns )   --->   "%XW_block_62_load = load i4 %XW_block_62_addr" [src/integrated-gcn/gemm_stage.cpp:110]   --->   Operation 1429 'load' 'XW_block_62_load' <Predicate = true> <Delay = 0.67> <CoreInst = "RAM">   --->   Core 82 'RAM' <Latency = 1> <II = 1> <Delay = 0.67> <Storage> <Opcode : 'load' 'store'> <Ports = 2> <Width = 32> <Depth = 16> <RAM>
ST_3 : Operation 1430 [2/2] (0.64ns) (root node of the DSP)   --->   "%add_ln110_62 = add i32 %XW_block_62_load, i32 %mul_ln110_62" [src/integrated-gcn/gemm_stage.cpp:110]   --->   Operation 1430 'add' 'add_ln110_62' <Predicate = true> <Delay = 0.64> <CoreInst = "DSP48">   --->   Core 124 'DSP48' <Latency = 3> <II = 1> <Delay = 0.53> <IPBlock> <Opcode : 'add' 'sub' 'mul' 'select'> <InPorts = 0> <OutPorts = 1> <Sync> <CReg>
ST_3 : Operation 1431 [1/3] (0.00ns) (grouped into DSP with root node add_ln110_63)   --->   "%mul_ln110_63 = mul i32 %sext_ln110_64, i32 %sext_ln110_63_cast" [src/integrated-gcn/gemm_stage.cpp:110]   --->   Operation 1431 'mul' 'mul_ln110_63' <Predicate = true> <Delay = 0.00> <CoreInst = "DSP48">   --->   Core 124 'DSP48' <Latency = 3> <II = 1> <Delay = 0.53> <IPBlock> <Opcode : 'add' 'sub' 'mul' 'select'> <InPorts = 0> <OutPorts = 1> <Sync> <CReg>
ST_3 : Operation 1432 [1/2] ( I:0.67ns O:0.67ns )   --->   "%XW_block_63_load = load i4 %XW_block_63_addr" [src/integrated-gcn/gemm_stage.cpp:110]   --->   Operation 1432 'load' 'XW_block_63_load' <Predicate = true> <Delay = 0.67> <CoreInst = "RAM">   --->   Core 82 'RAM' <Latency = 1> <II = 1> <Delay = 0.67> <Storage> <Opcode : 'load' 'store'> <Ports = 2> <Width = 32> <Depth = 16> <RAM>
ST_3 : Operation 1433 [2/2] (0.64ns) (root node of the DSP)   --->   "%add_ln110_63 = add i32 %XW_block_63_load, i32 %mul_ln110_63" [src/integrated-gcn/gemm_stage.cpp:110]   --->   Operation 1433 'add' 'add_ln110_63' <Predicate = true> <Delay = 0.64> <CoreInst = "DSP48">   --->   Core 124 'DSP48' <Latency = 3> <II = 1> <Delay = 0.53> <IPBlock> <Opcode : 'add' 'sub' 'mul' 'select'> <InPorts = 0> <OutPorts = 1> <Sync> <CReg>
ST_3 : Operation 1434 [1/3] (0.00ns) (grouped into DSP with root node add_ln110_64)   --->   "%mul_ln110_64 = mul i32 %sext_ln110_65, i32 %sext_ln110_cast" [src/integrated-gcn/gemm_stage.cpp:110]   --->   Operation 1434 'mul' 'mul_ln110_64' <Predicate = true> <Delay = 0.00> <CoreInst = "DSP48">   --->   Core 124 'DSP48' <Latency = 3> <II = 1> <Delay = 0.53> <IPBlock> <Opcode : 'add' 'sub' 'mul' 'select'> <InPorts = 0> <OutPorts = 1> <Sync> <CReg>
ST_3 : Operation 1435 [1/2] ( I:0.67ns O:0.67ns )   --->   "%XW_block_64_load = load i4 %XW_block_64_addr" [src/integrated-gcn/gemm_stage.cpp:110]   --->   Operation 1435 'load' 'XW_block_64_load' <Predicate = true> <Delay = 0.67> <CoreInst = "RAM">   --->   Core 82 'RAM' <Latency = 1> <II = 1> <Delay = 0.67> <Storage> <Opcode : 'load' 'store'> <Ports = 2> <Width = 32> <Depth = 16> <RAM>
ST_3 : Operation 1436 [2/2] (0.64ns) (root node of the DSP)   --->   "%add_ln110_64 = add i32 %XW_block_64_load, i32 %mul_ln110_64" [src/integrated-gcn/gemm_stage.cpp:110]   --->   Operation 1436 'add' 'add_ln110_64' <Predicate = true> <Delay = 0.64> <CoreInst = "DSP48">   --->   Core 124 'DSP48' <Latency = 3> <II = 1> <Delay = 0.53> <IPBlock> <Opcode : 'add' 'sub' 'mul' 'select'> <InPorts = 0> <OutPorts = 1> <Sync> <CReg>
ST_3 : Operation 1437 [1/3] (0.00ns) (grouped into DSP with root node add_ln110_65)   --->   "%mul_ln110_65 = mul i32 %sext_ln110_65, i32 %sext_ln110_1_cast" [src/integrated-gcn/gemm_stage.cpp:110]   --->   Operation 1437 'mul' 'mul_ln110_65' <Predicate = true> <Delay = 0.00> <CoreInst = "DSP48">   --->   Core 124 'DSP48' <Latency = 3> <II = 1> <Delay = 0.53> <IPBlock> <Opcode : 'add' 'sub' 'mul' 'select'> <InPorts = 0> <OutPorts = 1> <Sync> <CReg>
ST_3 : Operation 1438 [1/2] ( I:0.67ns O:0.67ns )   --->   "%XW_block_65_load = load i4 %XW_block_65_addr" [src/integrated-gcn/gemm_stage.cpp:110]   --->   Operation 1438 'load' 'XW_block_65_load' <Predicate = true> <Delay = 0.67> <CoreInst = "RAM">   --->   Core 82 'RAM' <Latency = 1> <II = 1> <Delay = 0.67> <Storage> <Opcode : 'load' 'store'> <Ports = 2> <Width = 32> <Depth = 16> <RAM>
ST_3 : Operation 1439 [2/2] (0.64ns) (root node of the DSP)   --->   "%add_ln110_65 = add i32 %XW_block_65_load, i32 %mul_ln110_65" [src/integrated-gcn/gemm_stage.cpp:110]   --->   Operation 1439 'add' 'add_ln110_65' <Predicate = true> <Delay = 0.64> <CoreInst = "DSP48">   --->   Core 124 'DSP48' <Latency = 3> <II = 1> <Delay = 0.53> <IPBlock> <Opcode : 'add' 'sub' 'mul' 'select'> <InPorts = 0> <OutPorts = 1> <Sync> <CReg>
ST_3 : Operation 1440 [1/3] (0.00ns) (grouped into DSP with root node add_ln110_66)   --->   "%mul_ln110_66 = mul i32 %sext_ln110_65, i32 %sext_ln110_2_cast" [src/integrated-gcn/gemm_stage.cpp:110]   --->   Operation 1440 'mul' 'mul_ln110_66' <Predicate = true> <Delay = 0.00> <CoreInst = "DSP48">   --->   Core 124 'DSP48' <Latency = 3> <II = 1> <Delay = 0.53> <IPBlock> <Opcode : 'add' 'sub' 'mul' 'select'> <InPorts = 0> <OutPorts = 1> <Sync> <CReg>
ST_3 : Operation 1441 [1/2] ( I:0.67ns O:0.67ns )   --->   "%XW_block_66_load = load i4 %XW_block_66_addr" [src/integrated-gcn/gemm_stage.cpp:110]   --->   Operation 1441 'load' 'XW_block_66_load' <Predicate = true> <Delay = 0.67> <CoreInst = "RAM">   --->   Core 82 'RAM' <Latency = 1> <II = 1> <Delay = 0.67> <Storage> <Opcode : 'load' 'store'> <Ports = 2> <Width = 32> <Depth = 16> <RAM>
ST_3 : Operation 1442 [2/2] (0.64ns) (root node of the DSP)   --->   "%add_ln110_66 = add i32 %XW_block_66_load, i32 %mul_ln110_66" [src/integrated-gcn/gemm_stage.cpp:110]   --->   Operation 1442 'add' 'add_ln110_66' <Predicate = true> <Delay = 0.64> <CoreInst = "DSP48">   --->   Core 124 'DSP48' <Latency = 3> <II = 1> <Delay = 0.53> <IPBlock> <Opcode : 'add' 'sub' 'mul' 'select'> <InPorts = 0> <OutPorts = 1> <Sync> <CReg>
ST_3 : Operation 1443 [1/3] (0.00ns) (grouped into DSP with root node add_ln110_67)   --->   "%mul_ln110_67 = mul i32 %sext_ln110_65, i32 %sext_ln110_3_cast" [src/integrated-gcn/gemm_stage.cpp:110]   --->   Operation 1443 'mul' 'mul_ln110_67' <Predicate = true> <Delay = 0.00> <CoreInst = "DSP48">   --->   Core 124 'DSP48' <Latency = 3> <II = 1> <Delay = 0.53> <IPBlock> <Opcode : 'add' 'sub' 'mul' 'select'> <InPorts = 0> <OutPorts = 1> <Sync> <CReg>
ST_3 : Operation 1444 [1/2] ( I:0.67ns O:0.67ns )   --->   "%XW_block_67_load = load i4 %XW_block_67_addr" [src/integrated-gcn/gemm_stage.cpp:110]   --->   Operation 1444 'load' 'XW_block_67_load' <Predicate = true> <Delay = 0.67> <CoreInst = "RAM">   --->   Core 82 'RAM' <Latency = 1> <II = 1> <Delay = 0.67> <Storage> <Opcode : 'load' 'store'> <Ports = 2> <Width = 32> <Depth = 16> <RAM>
ST_3 : Operation 1445 [2/2] (0.64ns) (root node of the DSP)   --->   "%add_ln110_67 = add i32 %XW_block_67_load, i32 %mul_ln110_67" [src/integrated-gcn/gemm_stage.cpp:110]   --->   Operation 1445 'add' 'add_ln110_67' <Predicate = true> <Delay = 0.64> <CoreInst = "DSP48">   --->   Core 124 'DSP48' <Latency = 3> <II = 1> <Delay = 0.53> <IPBlock> <Opcode : 'add' 'sub' 'mul' 'select'> <InPorts = 0> <OutPorts = 1> <Sync> <CReg>
ST_3 : Operation 1446 [1/3] (0.00ns) (grouped into DSP with root node add_ln110_68)   --->   "%mul_ln110_68 = mul i32 %sext_ln110_65, i32 %sext_ln110_4_cast" [src/integrated-gcn/gemm_stage.cpp:110]   --->   Operation 1446 'mul' 'mul_ln110_68' <Predicate = true> <Delay = 0.00> <CoreInst = "DSP48">   --->   Core 124 'DSP48' <Latency = 3> <II = 1> <Delay = 0.53> <IPBlock> <Opcode : 'add' 'sub' 'mul' 'select'> <InPorts = 0> <OutPorts = 1> <Sync> <CReg>
ST_3 : Operation 1447 [1/2] ( I:0.67ns O:0.67ns )   --->   "%XW_block_68_load = load i4 %XW_block_68_addr" [src/integrated-gcn/gemm_stage.cpp:110]   --->   Operation 1447 'load' 'XW_block_68_load' <Predicate = true> <Delay = 0.67> <CoreInst = "RAM">   --->   Core 82 'RAM' <Latency = 1> <II = 1> <Delay = 0.67> <Storage> <Opcode : 'load' 'store'> <Ports = 2> <Width = 32> <Depth = 16> <RAM>
ST_3 : Operation 1448 [2/2] (0.64ns) (root node of the DSP)   --->   "%add_ln110_68 = add i32 %XW_block_68_load, i32 %mul_ln110_68" [src/integrated-gcn/gemm_stage.cpp:110]   --->   Operation 1448 'add' 'add_ln110_68' <Predicate = true> <Delay = 0.64> <CoreInst = "DSP48">   --->   Core 124 'DSP48' <Latency = 3> <II = 1> <Delay = 0.53> <IPBlock> <Opcode : 'add' 'sub' 'mul' 'select'> <InPorts = 0> <OutPorts = 1> <Sync> <CReg>
ST_3 : Operation 1449 [1/3] (0.00ns) (grouped into DSP with root node add_ln110_69)   --->   "%mul_ln110_69 = mul i32 %sext_ln110_65, i32 %sext_ln110_5_cast" [src/integrated-gcn/gemm_stage.cpp:110]   --->   Operation 1449 'mul' 'mul_ln110_69' <Predicate = true> <Delay = 0.00> <CoreInst = "DSP48">   --->   Core 124 'DSP48' <Latency = 3> <II = 1> <Delay = 0.53> <IPBlock> <Opcode : 'add' 'sub' 'mul' 'select'> <InPorts = 0> <OutPorts = 1> <Sync> <CReg>
ST_3 : Operation 1450 [1/2] ( I:0.67ns O:0.67ns )   --->   "%XW_block_69_load = load i4 %XW_block_69_addr" [src/integrated-gcn/gemm_stage.cpp:110]   --->   Operation 1450 'load' 'XW_block_69_load' <Predicate = true> <Delay = 0.67> <CoreInst = "RAM">   --->   Core 82 'RAM' <Latency = 1> <II = 1> <Delay = 0.67> <Storage> <Opcode : 'load' 'store'> <Ports = 2> <Width = 32> <Depth = 16> <RAM>
ST_3 : Operation 1451 [2/2] (0.64ns) (root node of the DSP)   --->   "%add_ln110_69 = add i32 %XW_block_69_load, i32 %mul_ln110_69" [src/integrated-gcn/gemm_stage.cpp:110]   --->   Operation 1451 'add' 'add_ln110_69' <Predicate = true> <Delay = 0.64> <CoreInst = "DSP48">   --->   Core 124 'DSP48' <Latency = 3> <II = 1> <Delay = 0.53> <IPBlock> <Opcode : 'add' 'sub' 'mul' 'select'> <InPorts = 0> <OutPorts = 1> <Sync> <CReg>
ST_3 : Operation 1452 [1/3] (0.00ns) (grouped into DSP with root node add_ln110_70)   --->   "%mul_ln110_70 = mul i32 %sext_ln110_65, i32 %sext_ln110_6_cast" [src/integrated-gcn/gemm_stage.cpp:110]   --->   Operation 1452 'mul' 'mul_ln110_70' <Predicate = true> <Delay = 0.00> <CoreInst = "DSP48">   --->   Core 124 'DSP48' <Latency = 3> <II = 1> <Delay = 0.53> <IPBlock> <Opcode : 'add' 'sub' 'mul' 'select'> <InPorts = 0> <OutPorts = 1> <Sync> <CReg>
ST_3 : Operation 1453 [1/2] ( I:0.67ns O:0.67ns )   --->   "%XW_block_70_load = load i4 %XW_block_70_addr" [src/integrated-gcn/gemm_stage.cpp:110]   --->   Operation 1453 'load' 'XW_block_70_load' <Predicate = true> <Delay = 0.67> <CoreInst = "RAM">   --->   Core 82 'RAM' <Latency = 1> <II = 1> <Delay = 0.67> <Storage> <Opcode : 'load' 'store'> <Ports = 2> <Width = 32> <Depth = 16> <RAM>
ST_3 : Operation 1454 [2/2] (0.64ns) (root node of the DSP)   --->   "%add_ln110_70 = add i32 %XW_block_70_load, i32 %mul_ln110_70" [src/integrated-gcn/gemm_stage.cpp:110]   --->   Operation 1454 'add' 'add_ln110_70' <Predicate = true> <Delay = 0.64> <CoreInst = "DSP48">   --->   Core 124 'DSP48' <Latency = 3> <II = 1> <Delay = 0.53> <IPBlock> <Opcode : 'add' 'sub' 'mul' 'select'> <InPorts = 0> <OutPorts = 1> <Sync> <CReg>
ST_3 : Operation 1455 [1/3] (0.00ns) (grouped into DSP with root node add_ln110_71)   --->   "%mul_ln110_71 = mul i32 %sext_ln110_65, i32 %sext_ln110_7_cast" [src/integrated-gcn/gemm_stage.cpp:110]   --->   Operation 1455 'mul' 'mul_ln110_71' <Predicate = true> <Delay = 0.00> <CoreInst = "DSP48">   --->   Core 124 'DSP48' <Latency = 3> <II = 1> <Delay = 0.53> <IPBlock> <Opcode : 'add' 'sub' 'mul' 'select'> <InPorts = 0> <OutPorts = 1> <Sync> <CReg>
ST_3 : Operation 1456 [1/2] ( I:0.67ns O:0.67ns )   --->   "%XW_block_71_load = load i4 %XW_block_71_addr" [src/integrated-gcn/gemm_stage.cpp:110]   --->   Operation 1456 'load' 'XW_block_71_load' <Predicate = true> <Delay = 0.67> <CoreInst = "RAM">   --->   Core 82 'RAM' <Latency = 1> <II = 1> <Delay = 0.67> <Storage> <Opcode : 'load' 'store'> <Ports = 2> <Width = 32> <Depth = 16> <RAM>
ST_3 : Operation 1457 [2/2] (0.64ns) (root node of the DSP)   --->   "%add_ln110_71 = add i32 %XW_block_71_load, i32 %mul_ln110_71" [src/integrated-gcn/gemm_stage.cpp:110]   --->   Operation 1457 'add' 'add_ln110_71' <Predicate = true> <Delay = 0.64> <CoreInst = "DSP48">   --->   Core 124 'DSP48' <Latency = 3> <II = 1> <Delay = 0.53> <IPBlock> <Opcode : 'add' 'sub' 'mul' 'select'> <InPorts = 0> <OutPorts = 1> <Sync> <CReg>
ST_3 : Operation 1458 [1/3] (0.00ns) (grouped into DSP with root node add_ln110_72)   --->   "%mul_ln110_72 = mul i32 %sext_ln110_65, i32 %sext_ln110_8_cast" [src/integrated-gcn/gemm_stage.cpp:110]   --->   Operation 1458 'mul' 'mul_ln110_72' <Predicate = true> <Delay = 0.00> <CoreInst = "DSP48">   --->   Core 124 'DSP48' <Latency = 3> <II = 1> <Delay = 0.53> <IPBlock> <Opcode : 'add' 'sub' 'mul' 'select'> <InPorts = 0> <OutPorts = 1> <Sync> <CReg>
ST_3 : Operation 1459 [1/2] ( I:0.67ns O:0.67ns )   --->   "%XW_block_72_load = load i4 %XW_block_72_addr" [src/integrated-gcn/gemm_stage.cpp:110]   --->   Operation 1459 'load' 'XW_block_72_load' <Predicate = true> <Delay = 0.67> <CoreInst = "RAM">   --->   Core 82 'RAM' <Latency = 1> <II = 1> <Delay = 0.67> <Storage> <Opcode : 'load' 'store'> <Ports = 2> <Width = 32> <Depth = 16> <RAM>
ST_3 : Operation 1460 [2/2] (0.64ns) (root node of the DSP)   --->   "%add_ln110_72 = add i32 %XW_block_72_load, i32 %mul_ln110_72" [src/integrated-gcn/gemm_stage.cpp:110]   --->   Operation 1460 'add' 'add_ln110_72' <Predicate = true> <Delay = 0.64> <CoreInst = "DSP48">   --->   Core 124 'DSP48' <Latency = 3> <II = 1> <Delay = 0.53> <IPBlock> <Opcode : 'add' 'sub' 'mul' 'select'> <InPorts = 0> <OutPorts = 1> <Sync> <CReg>
ST_3 : Operation 1461 [1/3] (0.00ns) (grouped into DSP with root node add_ln110_73)   --->   "%mul_ln110_73 = mul i32 %sext_ln110_65, i32 %sext_ln110_9_cast" [src/integrated-gcn/gemm_stage.cpp:110]   --->   Operation 1461 'mul' 'mul_ln110_73' <Predicate = true> <Delay = 0.00> <CoreInst = "DSP48">   --->   Core 124 'DSP48' <Latency = 3> <II = 1> <Delay = 0.53> <IPBlock> <Opcode : 'add' 'sub' 'mul' 'select'> <InPorts = 0> <OutPorts = 1> <Sync> <CReg>
ST_3 : Operation 1462 [1/2] ( I:0.67ns O:0.67ns )   --->   "%XW_block_73_load = load i4 %XW_block_73_addr" [src/integrated-gcn/gemm_stage.cpp:110]   --->   Operation 1462 'load' 'XW_block_73_load' <Predicate = true> <Delay = 0.67> <CoreInst = "RAM">   --->   Core 82 'RAM' <Latency = 1> <II = 1> <Delay = 0.67> <Storage> <Opcode : 'load' 'store'> <Ports = 2> <Width = 32> <Depth = 16> <RAM>
ST_3 : Operation 1463 [2/2] (0.64ns) (root node of the DSP)   --->   "%add_ln110_73 = add i32 %XW_block_73_load, i32 %mul_ln110_73" [src/integrated-gcn/gemm_stage.cpp:110]   --->   Operation 1463 'add' 'add_ln110_73' <Predicate = true> <Delay = 0.64> <CoreInst = "DSP48">   --->   Core 124 'DSP48' <Latency = 3> <II = 1> <Delay = 0.53> <IPBlock> <Opcode : 'add' 'sub' 'mul' 'select'> <InPorts = 0> <OutPorts = 1> <Sync> <CReg>
ST_3 : Operation 1464 [1/3] (0.00ns) (grouped into DSP with root node add_ln110_74)   --->   "%mul_ln110_74 = mul i32 %sext_ln110_65, i32 %sext_ln110_10_cast" [src/integrated-gcn/gemm_stage.cpp:110]   --->   Operation 1464 'mul' 'mul_ln110_74' <Predicate = true> <Delay = 0.00> <CoreInst = "DSP48">   --->   Core 124 'DSP48' <Latency = 3> <II = 1> <Delay = 0.53> <IPBlock> <Opcode : 'add' 'sub' 'mul' 'select'> <InPorts = 0> <OutPorts = 1> <Sync> <CReg>
ST_3 : Operation 1465 [1/2] ( I:0.67ns O:0.67ns )   --->   "%XW_block_74_load = load i4 %XW_block_74_addr" [src/integrated-gcn/gemm_stage.cpp:110]   --->   Operation 1465 'load' 'XW_block_74_load' <Predicate = true> <Delay = 0.67> <CoreInst = "RAM">   --->   Core 82 'RAM' <Latency = 1> <II = 1> <Delay = 0.67> <Storage> <Opcode : 'load' 'store'> <Ports = 2> <Width = 32> <Depth = 16> <RAM>
ST_3 : Operation 1466 [2/2] (0.64ns) (root node of the DSP)   --->   "%add_ln110_74 = add i32 %XW_block_74_load, i32 %mul_ln110_74" [src/integrated-gcn/gemm_stage.cpp:110]   --->   Operation 1466 'add' 'add_ln110_74' <Predicate = true> <Delay = 0.64> <CoreInst = "DSP48">   --->   Core 124 'DSP48' <Latency = 3> <II = 1> <Delay = 0.53> <IPBlock> <Opcode : 'add' 'sub' 'mul' 'select'> <InPorts = 0> <OutPorts = 1> <Sync> <CReg>
ST_3 : Operation 1467 [1/3] (0.00ns) (grouped into DSP with root node add_ln110_75)   --->   "%mul_ln110_75 = mul i32 %sext_ln110_65, i32 %sext_ln110_11_cast" [src/integrated-gcn/gemm_stage.cpp:110]   --->   Operation 1467 'mul' 'mul_ln110_75' <Predicate = true> <Delay = 0.00> <CoreInst = "DSP48">   --->   Core 124 'DSP48' <Latency = 3> <II = 1> <Delay = 0.53> <IPBlock> <Opcode : 'add' 'sub' 'mul' 'select'> <InPorts = 0> <OutPorts = 1> <Sync> <CReg>
ST_3 : Operation 1468 [1/2] ( I:0.67ns O:0.67ns )   --->   "%XW_block_75_load = load i4 %XW_block_75_addr" [src/integrated-gcn/gemm_stage.cpp:110]   --->   Operation 1468 'load' 'XW_block_75_load' <Predicate = true> <Delay = 0.67> <CoreInst = "RAM">   --->   Core 82 'RAM' <Latency = 1> <II = 1> <Delay = 0.67> <Storage> <Opcode : 'load' 'store'> <Ports = 2> <Width = 32> <Depth = 16> <RAM>
ST_3 : Operation 1469 [2/2] (0.64ns) (root node of the DSP)   --->   "%add_ln110_75 = add i32 %XW_block_75_load, i32 %mul_ln110_75" [src/integrated-gcn/gemm_stage.cpp:110]   --->   Operation 1469 'add' 'add_ln110_75' <Predicate = true> <Delay = 0.64> <CoreInst = "DSP48">   --->   Core 124 'DSP48' <Latency = 3> <II = 1> <Delay = 0.53> <IPBlock> <Opcode : 'add' 'sub' 'mul' 'select'> <InPorts = 0> <OutPorts = 1> <Sync> <CReg>
ST_3 : Operation 1470 [1/3] (0.00ns) (grouped into DSP with root node add_ln110_76)   --->   "%mul_ln110_76 = mul i32 %sext_ln110_65, i32 %sext_ln110_12_cast" [src/integrated-gcn/gemm_stage.cpp:110]   --->   Operation 1470 'mul' 'mul_ln110_76' <Predicate = true> <Delay = 0.00> <CoreInst = "DSP48">   --->   Core 124 'DSP48' <Latency = 3> <II = 1> <Delay = 0.53> <IPBlock> <Opcode : 'add' 'sub' 'mul' 'select'> <InPorts = 0> <OutPorts = 1> <Sync> <CReg>
ST_3 : Operation 1471 [1/2] ( I:0.67ns O:0.67ns )   --->   "%XW_block_76_load = load i4 %XW_block_76_addr" [src/integrated-gcn/gemm_stage.cpp:110]   --->   Operation 1471 'load' 'XW_block_76_load' <Predicate = true> <Delay = 0.67> <CoreInst = "RAM">   --->   Core 82 'RAM' <Latency = 1> <II = 1> <Delay = 0.67> <Storage> <Opcode : 'load' 'store'> <Ports = 2> <Width = 32> <Depth = 16> <RAM>
ST_3 : Operation 1472 [2/2] (0.64ns) (root node of the DSP)   --->   "%add_ln110_76 = add i32 %XW_block_76_load, i32 %mul_ln110_76" [src/integrated-gcn/gemm_stage.cpp:110]   --->   Operation 1472 'add' 'add_ln110_76' <Predicate = true> <Delay = 0.64> <CoreInst = "DSP48">   --->   Core 124 'DSP48' <Latency = 3> <II = 1> <Delay = 0.53> <IPBlock> <Opcode : 'add' 'sub' 'mul' 'select'> <InPorts = 0> <OutPorts = 1> <Sync> <CReg>
ST_3 : Operation 1473 [1/3] (0.00ns) (grouped into DSP with root node add_ln110_77)   --->   "%mul_ln110_77 = mul i32 %sext_ln110_65, i32 %sext_ln110_13_cast" [src/integrated-gcn/gemm_stage.cpp:110]   --->   Operation 1473 'mul' 'mul_ln110_77' <Predicate = true> <Delay = 0.00> <CoreInst = "DSP48">   --->   Core 124 'DSP48' <Latency = 3> <II = 1> <Delay = 0.53> <IPBlock> <Opcode : 'add' 'sub' 'mul' 'select'> <InPorts = 0> <OutPorts = 1> <Sync> <CReg>
ST_3 : Operation 1474 [1/2] ( I:0.67ns O:0.67ns )   --->   "%XW_block_77_load = load i4 %XW_block_77_addr" [src/integrated-gcn/gemm_stage.cpp:110]   --->   Operation 1474 'load' 'XW_block_77_load' <Predicate = true> <Delay = 0.67> <CoreInst = "RAM">   --->   Core 82 'RAM' <Latency = 1> <II = 1> <Delay = 0.67> <Storage> <Opcode : 'load' 'store'> <Ports = 2> <Width = 32> <Depth = 16> <RAM>
ST_3 : Operation 1475 [2/2] (0.64ns) (root node of the DSP)   --->   "%add_ln110_77 = add i32 %XW_block_77_load, i32 %mul_ln110_77" [src/integrated-gcn/gemm_stage.cpp:110]   --->   Operation 1475 'add' 'add_ln110_77' <Predicate = true> <Delay = 0.64> <CoreInst = "DSP48">   --->   Core 124 'DSP48' <Latency = 3> <II = 1> <Delay = 0.53> <IPBlock> <Opcode : 'add' 'sub' 'mul' 'select'> <InPorts = 0> <OutPorts = 1> <Sync> <CReg>
ST_3 : Operation 1476 [1/3] (0.00ns) (grouped into DSP with root node add_ln110_78)   --->   "%mul_ln110_78 = mul i32 %sext_ln110_65, i32 %sext_ln110_14_cast" [src/integrated-gcn/gemm_stage.cpp:110]   --->   Operation 1476 'mul' 'mul_ln110_78' <Predicate = true> <Delay = 0.00> <CoreInst = "DSP48">   --->   Core 124 'DSP48' <Latency = 3> <II = 1> <Delay = 0.53> <IPBlock> <Opcode : 'add' 'sub' 'mul' 'select'> <InPorts = 0> <OutPorts = 1> <Sync> <CReg>
ST_3 : Operation 1477 [1/2] ( I:0.67ns O:0.67ns )   --->   "%XW_block_78_load = load i4 %XW_block_78_addr" [src/integrated-gcn/gemm_stage.cpp:110]   --->   Operation 1477 'load' 'XW_block_78_load' <Predicate = true> <Delay = 0.67> <CoreInst = "RAM">   --->   Core 82 'RAM' <Latency = 1> <II = 1> <Delay = 0.67> <Storage> <Opcode : 'load' 'store'> <Ports = 2> <Width = 32> <Depth = 16> <RAM>
ST_3 : Operation 1478 [2/2] (0.64ns) (root node of the DSP)   --->   "%add_ln110_78 = add i32 %XW_block_78_load, i32 %mul_ln110_78" [src/integrated-gcn/gemm_stage.cpp:110]   --->   Operation 1478 'add' 'add_ln110_78' <Predicate = true> <Delay = 0.64> <CoreInst = "DSP48">   --->   Core 124 'DSP48' <Latency = 3> <II = 1> <Delay = 0.53> <IPBlock> <Opcode : 'add' 'sub' 'mul' 'select'> <InPorts = 0> <OutPorts = 1> <Sync> <CReg>
ST_3 : Operation 1479 [1/3] (0.00ns) (grouped into DSP with root node add_ln110_79)   --->   "%mul_ln110_79 = mul i32 %sext_ln110_65, i32 %sext_ln110_15_cast" [src/integrated-gcn/gemm_stage.cpp:110]   --->   Operation 1479 'mul' 'mul_ln110_79' <Predicate = true> <Delay = 0.00> <CoreInst = "DSP48">   --->   Core 124 'DSP48' <Latency = 3> <II = 1> <Delay = 0.53> <IPBlock> <Opcode : 'add' 'sub' 'mul' 'select'> <InPorts = 0> <OutPorts = 1> <Sync> <CReg>
ST_3 : Operation 1480 [1/2] ( I:0.67ns O:0.67ns )   --->   "%XW_block_79_load = load i4 %XW_block_79_addr" [src/integrated-gcn/gemm_stage.cpp:110]   --->   Operation 1480 'load' 'XW_block_79_load' <Predicate = true> <Delay = 0.67> <CoreInst = "RAM">   --->   Core 82 'RAM' <Latency = 1> <II = 1> <Delay = 0.67> <Storage> <Opcode : 'load' 'store'> <Ports = 2> <Width = 32> <Depth = 16> <RAM>
ST_3 : Operation 1481 [2/2] (0.64ns) (root node of the DSP)   --->   "%add_ln110_79 = add i32 %XW_block_79_load, i32 %mul_ln110_79" [src/integrated-gcn/gemm_stage.cpp:110]   --->   Operation 1481 'add' 'add_ln110_79' <Predicate = true> <Delay = 0.64> <CoreInst = "DSP48">   --->   Core 124 'DSP48' <Latency = 3> <II = 1> <Delay = 0.53> <IPBlock> <Opcode : 'add' 'sub' 'mul' 'select'> <InPorts = 0> <OutPorts = 1> <Sync> <CReg>
ST_3 : Operation 1482 [1/3] (0.00ns) (grouped into DSP with root node add_ln110_80)   --->   "%mul_ln110_80 = mul i32 %sext_ln110_65, i32 %sext_ln110_16_cast" [src/integrated-gcn/gemm_stage.cpp:110]   --->   Operation 1482 'mul' 'mul_ln110_80' <Predicate = true> <Delay = 0.00> <CoreInst = "DSP48">   --->   Core 124 'DSP48' <Latency = 3> <II = 1> <Delay = 0.53> <IPBlock> <Opcode : 'add' 'sub' 'mul' 'select'> <InPorts = 0> <OutPorts = 1> <Sync> <CReg>
ST_3 : Operation 1483 [1/2] ( I:0.67ns O:0.67ns )   --->   "%XW_block_80_load = load i4 %XW_block_80_addr" [src/integrated-gcn/gemm_stage.cpp:110]   --->   Operation 1483 'load' 'XW_block_80_load' <Predicate = true> <Delay = 0.67> <CoreInst = "RAM">   --->   Core 82 'RAM' <Latency = 1> <II = 1> <Delay = 0.67> <Storage> <Opcode : 'load' 'store'> <Ports = 2> <Width = 32> <Depth = 16> <RAM>
ST_3 : Operation 1484 [2/2] (0.64ns) (root node of the DSP)   --->   "%add_ln110_80 = add i32 %XW_block_80_load, i32 %mul_ln110_80" [src/integrated-gcn/gemm_stage.cpp:110]   --->   Operation 1484 'add' 'add_ln110_80' <Predicate = true> <Delay = 0.64> <CoreInst = "DSP48">   --->   Core 124 'DSP48' <Latency = 3> <II = 1> <Delay = 0.53> <IPBlock> <Opcode : 'add' 'sub' 'mul' 'select'> <InPorts = 0> <OutPorts = 1> <Sync> <CReg>
ST_3 : Operation 1485 [1/3] (0.00ns) (grouped into DSP with root node add_ln110_81)   --->   "%mul_ln110_81 = mul i32 %sext_ln110_65, i32 %sext_ln110_17_cast" [src/integrated-gcn/gemm_stage.cpp:110]   --->   Operation 1485 'mul' 'mul_ln110_81' <Predicate = true> <Delay = 0.00> <CoreInst = "DSP48">   --->   Core 124 'DSP48' <Latency = 3> <II = 1> <Delay = 0.53> <IPBlock> <Opcode : 'add' 'sub' 'mul' 'select'> <InPorts = 0> <OutPorts = 1> <Sync> <CReg>
ST_3 : Operation 1486 [1/2] ( I:0.67ns O:0.67ns )   --->   "%XW_block_81_load = load i4 %XW_block_81_addr" [src/integrated-gcn/gemm_stage.cpp:110]   --->   Operation 1486 'load' 'XW_block_81_load' <Predicate = true> <Delay = 0.67> <CoreInst = "RAM">   --->   Core 82 'RAM' <Latency = 1> <II = 1> <Delay = 0.67> <Storage> <Opcode : 'load' 'store'> <Ports = 2> <Width = 32> <Depth = 16> <RAM>
ST_3 : Operation 1487 [2/2] (0.64ns) (root node of the DSP)   --->   "%add_ln110_81 = add i32 %XW_block_81_load, i32 %mul_ln110_81" [src/integrated-gcn/gemm_stage.cpp:110]   --->   Operation 1487 'add' 'add_ln110_81' <Predicate = true> <Delay = 0.64> <CoreInst = "DSP48">   --->   Core 124 'DSP48' <Latency = 3> <II = 1> <Delay = 0.53> <IPBlock> <Opcode : 'add' 'sub' 'mul' 'select'> <InPorts = 0> <OutPorts = 1> <Sync> <CReg>
ST_3 : Operation 1488 [1/3] (0.00ns) (grouped into DSP with root node add_ln110_82)   --->   "%mul_ln110_82 = mul i32 %sext_ln110_65, i32 %sext_ln110_18_cast" [src/integrated-gcn/gemm_stage.cpp:110]   --->   Operation 1488 'mul' 'mul_ln110_82' <Predicate = true> <Delay = 0.00> <CoreInst = "DSP48">   --->   Core 124 'DSP48' <Latency = 3> <II = 1> <Delay = 0.53> <IPBlock> <Opcode : 'add' 'sub' 'mul' 'select'> <InPorts = 0> <OutPorts = 1> <Sync> <CReg>
ST_3 : Operation 1489 [1/2] ( I:0.67ns O:0.67ns )   --->   "%XW_block_82_load = load i4 %XW_block_82_addr" [src/integrated-gcn/gemm_stage.cpp:110]   --->   Operation 1489 'load' 'XW_block_82_load' <Predicate = true> <Delay = 0.67> <CoreInst = "RAM">   --->   Core 82 'RAM' <Latency = 1> <II = 1> <Delay = 0.67> <Storage> <Opcode : 'load' 'store'> <Ports = 2> <Width = 32> <Depth = 16> <RAM>
ST_3 : Operation 1490 [2/2] (0.64ns) (root node of the DSP)   --->   "%add_ln110_82 = add i32 %XW_block_82_load, i32 %mul_ln110_82" [src/integrated-gcn/gemm_stage.cpp:110]   --->   Operation 1490 'add' 'add_ln110_82' <Predicate = true> <Delay = 0.64> <CoreInst = "DSP48">   --->   Core 124 'DSP48' <Latency = 3> <II = 1> <Delay = 0.53> <IPBlock> <Opcode : 'add' 'sub' 'mul' 'select'> <InPorts = 0> <OutPorts = 1> <Sync> <CReg>
ST_3 : Operation 1491 [1/3] (0.00ns) (grouped into DSP with root node add_ln110_83)   --->   "%mul_ln110_83 = mul i32 %sext_ln110_65, i32 %sext_ln110_19_cast" [src/integrated-gcn/gemm_stage.cpp:110]   --->   Operation 1491 'mul' 'mul_ln110_83' <Predicate = true> <Delay = 0.00> <CoreInst = "DSP48">   --->   Core 124 'DSP48' <Latency = 3> <II = 1> <Delay = 0.53> <IPBlock> <Opcode : 'add' 'sub' 'mul' 'select'> <InPorts = 0> <OutPorts = 1> <Sync> <CReg>
ST_3 : Operation 1492 [1/2] ( I:0.67ns O:0.67ns )   --->   "%XW_block_83_load = load i4 %XW_block_83_addr" [src/integrated-gcn/gemm_stage.cpp:110]   --->   Operation 1492 'load' 'XW_block_83_load' <Predicate = true> <Delay = 0.67> <CoreInst = "RAM">   --->   Core 82 'RAM' <Latency = 1> <II = 1> <Delay = 0.67> <Storage> <Opcode : 'load' 'store'> <Ports = 2> <Width = 32> <Depth = 16> <RAM>
ST_3 : Operation 1493 [2/2] (0.64ns) (root node of the DSP)   --->   "%add_ln110_83 = add i32 %XW_block_83_load, i32 %mul_ln110_83" [src/integrated-gcn/gemm_stage.cpp:110]   --->   Operation 1493 'add' 'add_ln110_83' <Predicate = true> <Delay = 0.64> <CoreInst = "DSP48">   --->   Core 124 'DSP48' <Latency = 3> <II = 1> <Delay = 0.53> <IPBlock> <Opcode : 'add' 'sub' 'mul' 'select'> <InPorts = 0> <OutPorts = 1> <Sync> <CReg>
ST_3 : Operation 1494 [1/3] (0.00ns) (grouped into DSP with root node add_ln110_84)   --->   "%mul_ln110_84 = mul i32 %sext_ln110_65, i32 %sext_ln110_20_cast" [src/integrated-gcn/gemm_stage.cpp:110]   --->   Operation 1494 'mul' 'mul_ln110_84' <Predicate = true> <Delay = 0.00> <CoreInst = "DSP48">   --->   Core 124 'DSP48' <Latency = 3> <II = 1> <Delay = 0.53> <IPBlock> <Opcode : 'add' 'sub' 'mul' 'select'> <InPorts = 0> <OutPorts = 1> <Sync> <CReg>
ST_3 : Operation 1495 [1/2] ( I:0.67ns O:0.67ns )   --->   "%XW_block_84_load = load i4 %XW_block_84_addr" [src/integrated-gcn/gemm_stage.cpp:110]   --->   Operation 1495 'load' 'XW_block_84_load' <Predicate = true> <Delay = 0.67> <CoreInst = "RAM">   --->   Core 82 'RAM' <Latency = 1> <II = 1> <Delay = 0.67> <Storage> <Opcode : 'load' 'store'> <Ports = 2> <Width = 32> <Depth = 16> <RAM>
ST_3 : Operation 1496 [2/2] (0.64ns) (root node of the DSP)   --->   "%add_ln110_84 = add i32 %XW_block_84_load, i32 %mul_ln110_84" [src/integrated-gcn/gemm_stage.cpp:110]   --->   Operation 1496 'add' 'add_ln110_84' <Predicate = true> <Delay = 0.64> <CoreInst = "DSP48">   --->   Core 124 'DSP48' <Latency = 3> <II = 1> <Delay = 0.53> <IPBlock> <Opcode : 'add' 'sub' 'mul' 'select'> <InPorts = 0> <OutPorts = 1> <Sync> <CReg>
ST_3 : Operation 1497 [1/3] (0.00ns) (grouped into DSP with root node add_ln110_85)   --->   "%mul_ln110_85 = mul i32 %sext_ln110_65, i32 %sext_ln110_21_cast" [src/integrated-gcn/gemm_stage.cpp:110]   --->   Operation 1497 'mul' 'mul_ln110_85' <Predicate = true> <Delay = 0.00> <CoreInst = "DSP48">   --->   Core 124 'DSP48' <Latency = 3> <II = 1> <Delay = 0.53> <IPBlock> <Opcode : 'add' 'sub' 'mul' 'select'> <InPorts = 0> <OutPorts = 1> <Sync> <CReg>
ST_3 : Operation 1498 [1/2] ( I:0.67ns O:0.67ns )   --->   "%XW_block_85_load = load i4 %XW_block_85_addr" [src/integrated-gcn/gemm_stage.cpp:110]   --->   Operation 1498 'load' 'XW_block_85_load' <Predicate = true> <Delay = 0.67> <CoreInst = "RAM">   --->   Core 82 'RAM' <Latency = 1> <II = 1> <Delay = 0.67> <Storage> <Opcode : 'load' 'store'> <Ports = 2> <Width = 32> <Depth = 16> <RAM>
ST_3 : Operation 1499 [2/2] (0.64ns) (root node of the DSP)   --->   "%add_ln110_85 = add i32 %XW_block_85_load, i32 %mul_ln110_85" [src/integrated-gcn/gemm_stage.cpp:110]   --->   Operation 1499 'add' 'add_ln110_85' <Predicate = true> <Delay = 0.64> <CoreInst = "DSP48">   --->   Core 124 'DSP48' <Latency = 3> <II = 1> <Delay = 0.53> <IPBlock> <Opcode : 'add' 'sub' 'mul' 'select'> <InPorts = 0> <OutPorts = 1> <Sync> <CReg>
ST_3 : Operation 1500 [1/3] (0.00ns) (grouped into DSP with root node add_ln110_86)   --->   "%mul_ln110_86 = mul i32 %sext_ln110_65, i32 %sext_ln110_22_cast" [src/integrated-gcn/gemm_stage.cpp:110]   --->   Operation 1500 'mul' 'mul_ln110_86' <Predicate = true> <Delay = 0.00> <CoreInst = "DSP48">   --->   Core 124 'DSP48' <Latency = 3> <II = 1> <Delay = 0.53> <IPBlock> <Opcode : 'add' 'sub' 'mul' 'select'> <InPorts = 0> <OutPorts = 1> <Sync> <CReg>
ST_3 : Operation 1501 [1/2] ( I:0.67ns O:0.67ns )   --->   "%XW_block_86_load = load i4 %XW_block_86_addr" [src/integrated-gcn/gemm_stage.cpp:110]   --->   Operation 1501 'load' 'XW_block_86_load' <Predicate = true> <Delay = 0.67> <CoreInst = "RAM">   --->   Core 82 'RAM' <Latency = 1> <II = 1> <Delay = 0.67> <Storage> <Opcode : 'load' 'store'> <Ports = 2> <Width = 32> <Depth = 16> <RAM>
ST_3 : Operation 1502 [2/2] (0.64ns) (root node of the DSP)   --->   "%add_ln110_86 = add i32 %XW_block_86_load, i32 %mul_ln110_86" [src/integrated-gcn/gemm_stage.cpp:110]   --->   Operation 1502 'add' 'add_ln110_86' <Predicate = true> <Delay = 0.64> <CoreInst = "DSP48">   --->   Core 124 'DSP48' <Latency = 3> <II = 1> <Delay = 0.53> <IPBlock> <Opcode : 'add' 'sub' 'mul' 'select'> <InPorts = 0> <OutPorts = 1> <Sync> <CReg>
ST_3 : Operation 1503 [1/3] (0.00ns) (grouped into DSP with root node add_ln110_87)   --->   "%mul_ln110_87 = mul i32 %sext_ln110_65, i32 %sext_ln110_23_cast" [src/integrated-gcn/gemm_stage.cpp:110]   --->   Operation 1503 'mul' 'mul_ln110_87' <Predicate = true> <Delay = 0.00> <CoreInst = "DSP48">   --->   Core 124 'DSP48' <Latency = 3> <II = 1> <Delay = 0.53> <IPBlock> <Opcode : 'add' 'sub' 'mul' 'select'> <InPorts = 0> <OutPorts = 1> <Sync> <CReg>
ST_3 : Operation 1504 [1/2] ( I:0.67ns O:0.67ns )   --->   "%XW_block_87_load = load i4 %XW_block_87_addr" [src/integrated-gcn/gemm_stage.cpp:110]   --->   Operation 1504 'load' 'XW_block_87_load' <Predicate = true> <Delay = 0.67> <CoreInst = "RAM">   --->   Core 82 'RAM' <Latency = 1> <II = 1> <Delay = 0.67> <Storage> <Opcode : 'load' 'store'> <Ports = 2> <Width = 32> <Depth = 16> <RAM>
ST_3 : Operation 1505 [2/2] (0.64ns) (root node of the DSP)   --->   "%add_ln110_87 = add i32 %XW_block_87_load, i32 %mul_ln110_87" [src/integrated-gcn/gemm_stage.cpp:110]   --->   Operation 1505 'add' 'add_ln110_87' <Predicate = true> <Delay = 0.64> <CoreInst = "DSP48">   --->   Core 124 'DSP48' <Latency = 3> <II = 1> <Delay = 0.53> <IPBlock> <Opcode : 'add' 'sub' 'mul' 'select'> <InPorts = 0> <OutPorts = 1> <Sync> <CReg>
ST_3 : Operation 1506 [1/3] (0.00ns) (grouped into DSP with root node add_ln110_88)   --->   "%mul_ln110_88 = mul i32 %sext_ln110_65, i32 %sext_ln110_24_cast" [src/integrated-gcn/gemm_stage.cpp:110]   --->   Operation 1506 'mul' 'mul_ln110_88' <Predicate = true> <Delay = 0.00> <CoreInst = "DSP48">   --->   Core 124 'DSP48' <Latency = 3> <II = 1> <Delay = 0.53> <IPBlock> <Opcode : 'add' 'sub' 'mul' 'select'> <InPorts = 0> <OutPorts = 1> <Sync> <CReg>
ST_3 : Operation 1507 [1/2] ( I:0.67ns O:0.67ns )   --->   "%XW_block_88_load = load i4 %XW_block_88_addr" [src/integrated-gcn/gemm_stage.cpp:110]   --->   Operation 1507 'load' 'XW_block_88_load' <Predicate = true> <Delay = 0.67> <CoreInst = "RAM">   --->   Core 82 'RAM' <Latency = 1> <II = 1> <Delay = 0.67> <Storage> <Opcode : 'load' 'store'> <Ports = 2> <Width = 32> <Depth = 16> <RAM>
ST_3 : Operation 1508 [2/2] (0.64ns) (root node of the DSP)   --->   "%add_ln110_88 = add i32 %XW_block_88_load, i32 %mul_ln110_88" [src/integrated-gcn/gemm_stage.cpp:110]   --->   Operation 1508 'add' 'add_ln110_88' <Predicate = true> <Delay = 0.64> <CoreInst = "DSP48">   --->   Core 124 'DSP48' <Latency = 3> <II = 1> <Delay = 0.53> <IPBlock> <Opcode : 'add' 'sub' 'mul' 'select'> <InPorts = 0> <OutPorts = 1> <Sync> <CReg>
ST_3 : Operation 1509 [1/3] (0.00ns) (grouped into DSP with root node add_ln110_89)   --->   "%mul_ln110_89 = mul i32 %sext_ln110_65, i32 %sext_ln110_25_cast" [src/integrated-gcn/gemm_stage.cpp:110]   --->   Operation 1509 'mul' 'mul_ln110_89' <Predicate = true> <Delay = 0.00> <CoreInst = "DSP48">   --->   Core 124 'DSP48' <Latency = 3> <II = 1> <Delay = 0.53> <IPBlock> <Opcode : 'add' 'sub' 'mul' 'select'> <InPorts = 0> <OutPorts = 1> <Sync> <CReg>
ST_3 : Operation 1510 [1/2] ( I:0.67ns O:0.67ns )   --->   "%XW_block_89_load = load i4 %XW_block_89_addr" [src/integrated-gcn/gemm_stage.cpp:110]   --->   Operation 1510 'load' 'XW_block_89_load' <Predicate = true> <Delay = 0.67> <CoreInst = "RAM">   --->   Core 82 'RAM' <Latency = 1> <II = 1> <Delay = 0.67> <Storage> <Opcode : 'load' 'store'> <Ports = 2> <Width = 32> <Depth = 16> <RAM>
ST_3 : Operation 1511 [2/2] (0.64ns) (root node of the DSP)   --->   "%add_ln110_89 = add i32 %XW_block_89_load, i32 %mul_ln110_89" [src/integrated-gcn/gemm_stage.cpp:110]   --->   Operation 1511 'add' 'add_ln110_89' <Predicate = true> <Delay = 0.64> <CoreInst = "DSP48">   --->   Core 124 'DSP48' <Latency = 3> <II = 1> <Delay = 0.53> <IPBlock> <Opcode : 'add' 'sub' 'mul' 'select'> <InPorts = 0> <OutPorts = 1> <Sync> <CReg>
ST_3 : Operation 1512 [1/3] (0.00ns) (grouped into DSP with root node add_ln110_90)   --->   "%mul_ln110_90 = mul i32 %sext_ln110_65, i32 %sext_ln110_26_cast" [src/integrated-gcn/gemm_stage.cpp:110]   --->   Operation 1512 'mul' 'mul_ln110_90' <Predicate = true> <Delay = 0.00> <CoreInst = "DSP48">   --->   Core 124 'DSP48' <Latency = 3> <II = 1> <Delay = 0.53> <IPBlock> <Opcode : 'add' 'sub' 'mul' 'select'> <InPorts = 0> <OutPorts = 1> <Sync> <CReg>
ST_3 : Operation 1513 [1/2] ( I:0.67ns O:0.67ns )   --->   "%XW_block_90_load = load i4 %XW_block_90_addr" [src/integrated-gcn/gemm_stage.cpp:110]   --->   Operation 1513 'load' 'XW_block_90_load' <Predicate = true> <Delay = 0.67> <CoreInst = "RAM">   --->   Core 82 'RAM' <Latency = 1> <II = 1> <Delay = 0.67> <Storage> <Opcode : 'load' 'store'> <Ports = 2> <Width = 32> <Depth = 16> <RAM>
ST_3 : Operation 1514 [2/2] (0.64ns) (root node of the DSP)   --->   "%add_ln110_90 = add i32 %XW_block_90_load, i32 %mul_ln110_90" [src/integrated-gcn/gemm_stage.cpp:110]   --->   Operation 1514 'add' 'add_ln110_90' <Predicate = true> <Delay = 0.64> <CoreInst = "DSP48">   --->   Core 124 'DSP48' <Latency = 3> <II = 1> <Delay = 0.53> <IPBlock> <Opcode : 'add' 'sub' 'mul' 'select'> <InPorts = 0> <OutPorts = 1> <Sync> <CReg>
ST_3 : Operation 1515 [1/3] (0.00ns) (grouped into DSP with root node add_ln110_91)   --->   "%mul_ln110_91 = mul i32 %sext_ln110_65, i32 %sext_ln110_27_cast" [src/integrated-gcn/gemm_stage.cpp:110]   --->   Operation 1515 'mul' 'mul_ln110_91' <Predicate = true> <Delay = 0.00> <CoreInst = "DSP48">   --->   Core 124 'DSP48' <Latency = 3> <II = 1> <Delay = 0.53> <IPBlock> <Opcode : 'add' 'sub' 'mul' 'select'> <InPorts = 0> <OutPorts = 1> <Sync> <CReg>
ST_3 : Operation 1516 [1/2] ( I:0.67ns O:0.67ns )   --->   "%XW_block_91_load = load i4 %XW_block_91_addr" [src/integrated-gcn/gemm_stage.cpp:110]   --->   Operation 1516 'load' 'XW_block_91_load' <Predicate = true> <Delay = 0.67> <CoreInst = "RAM">   --->   Core 82 'RAM' <Latency = 1> <II = 1> <Delay = 0.67> <Storage> <Opcode : 'load' 'store'> <Ports = 2> <Width = 32> <Depth = 16> <RAM>
ST_3 : Operation 1517 [2/2] (0.64ns) (root node of the DSP)   --->   "%add_ln110_91 = add i32 %XW_block_91_load, i32 %mul_ln110_91" [src/integrated-gcn/gemm_stage.cpp:110]   --->   Operation 1517 'add' 'add_ln110_91' <Predicate = true> <Delay = 0.64> <CoreInst = "DSP48">   --->   Core 124 'DSP48' <Latency = 3> <II = 1> <Delay = 0.53> <IPBlock> <Opcode : 'add' 'sub' 'mul' 'select'> <InPorts = 0> <OutPorts = 1> <Sync> <CReg>
ST_3 : Operation 1518 [1/3] (0.00ns) (grouped into DSP with root node add_ln110_92)   --->   "%mul_ln110_92 = mul i32 %sext_ln110_65, i32 %sext_ln110_28_cast" [src/integrated-gcn/gemm_stage.cpp:110]   --->   Operation 1518 'mul' 'mul_ln110_92' <Predicate = true> <Delay = 0.00> <CoreInst = "DSP48">   --->   Core 124 'DSP48' <Latency = 3> <II = 1> <Delay = 0.53> <IPBlock> <Opcode : 'add' 'sub' 'mul' 'select'> <InPorts = 0> <OutPorts = 1> <Sync> <CReg>
ST_3 : Operation 1519 [1/2] ( I:0.67ns O:0.67ns )   --->   "%XW_block_92_load = load i4 %XW_block_92_addr" [src/integrated-gcn/gemm_stage.cpp:110]   --->   Operation 1519 'load' 'XW_block_92_load' <Predicate = true> <Delay = 0.67> <CoreInst = "RAM">   --->   Core 82 'RAM' <Latency = 1> <II = 1> <Delay = 0.67> <Storage> <Opcode : 'load' 'store'> <Ports = 2> <Width = 32> <Depth = 16> <RAM>
ST_3 : Operation 1520 [2/2] (0.64ns) (root node of the DSP)   --->   "%add_ln110_92 = add i32 %XW_block_92_load, i32 %mul_ln110_92" [src/integrated-gcn/gemm_stage.cpp:110]   --->   Operation 1520 'add' 'add_ln110_92' <Predicate = true> <Delay = 0.64> <CoreInst = "DSP48">   --->   Core 124 'DSP48' <Latency = 3> <II = 1> <Delay = 0.53> <IPBlock> <Opcode : 'add' 'sub' 'mul' 'select'> <InPorts = 0> <OutPorts = 1> <Sync> <CReg>
ST_3 : Operation 1521 [1/3] (0.00ns) (grouped into DSP with root node add_ln110_93)   --->   "%mul_ln110_93 = mul i32 %sext_ln110_65, i32 %sext_ln110_29_cast" [src/integrated-gcn/gemm_stage.cpp:110]   --->   Operation 1521 'mul' 'mul_ln110_93' <Predicate = true> <Delay = 0.00> <CoreInst = "DSP48">   --->   Core 124 'DSP48' <Latency = 3> <II = 1> <Delay = 0.53> <IPBlock> <Opcode : 'add' 'sub' 'mul' 'select'> <InPorts = 0> <OutPorts = 1> <Sync> <CReg>
ST_3 : Operation 1522 [1/2] ( I:0.67ns O:0.67ns )   --->   "%XW_block_93_load = load i4 %XW_block_93_addr" [src/integrated-gcn/gemm_stage.cpp:110]   --->   Operation 1522 'load' 'XW_block_93_load' <Predicate = true> <Delay = 0.67> <CoreInst = "RAM">   --->   Core 82 'RAM' <Latency = 1> <II = 1> <Delay = 0.67> <Storage> <Opcode : 'load' 'store'> <Ports = 2> <Width = 32> <Depth = 16> <RAM>
ST_3 : Operation 1523 [2/2] (0.64ns) (root node of the DSP)   --->   "%add_ln110_93 = add i32 %XW_block_93_load, i32 %mul_ln110_93" [src/integrated-gcn/gemm_stage.cpp:110]   --->   Operation 1523 'add' 'add_ln110_93' <Predicate = true> <Delay = 0.64> <CoreInst = "DSP48">   --->   Core 124 'DSP48' <Latency = 3> <II = 1> <Delay = 0.53> <IPBlock> <Opcode : 'add' 'sub' 'mul' 'select'> <InPorts = 0> <OutPorts = 1> <Sync> <CReg>
ST_3 : Operation 1524 [1/3] (0.00ns) (grouped into DSP with root node add_ln110_94)   --->   "%mul_ln110_94 = mul i32 %sext_ln110_65, i32 %sext_ln110_30_cast" [src/integrated-gcn/gemm_stage.cpp:110]   --->   Operation 1524 'mul' 'mul_ln110_94' <Predicate = true> <Delay = 0.00> <CoreInst = "DSP48">   --->   Core 124 'DSP48' <Latency = 3> <II = 1> <Delay = 0.53> <IPBlock> <Opcode : 'add' 'sub' 'mul' 'select'> <InPorts = 0> <OutPorts = 1> <Sync> <CReg>
ST_3 : Operation 1525 [1/2] ( I:0.67ns O:0.67ns )   --->   "%XW_block_94_load = load i4 %XW_block_94_addr" [src/integrated-gcn/gemm_stage.cpp:110]   --->   Operation 1525 'load' 'XW_block_94_load' <Predicate = true> <Delay = 0.67> <CoreInst = "RAM">   --->   Core 82 'RAM' <Latency = 1> <II = 1> <Delay = 0.67> <Storage> <Opcode : 'load' 'store'> <Ports = 2> <Width = 32> <Depth = 16> <RAM>
ST_3 : Operation 1526 [2/2] (0.64ns) (root node of the DSP)   --->   "%add_ln110_94 = add i32 %XW_block_94_load, i32 %mul_ln110_94" [src/integrated-gcn/gemm_stage.cpp:110]   --->   Operation 1526 'add' 'add_ln110_94' <Predicate = true> <Delay = 0.64> <CoreInst = "DSP48">   --->   Core 124 'DSP48' <Latency = 3> <II = 1> <Delay = 0.53> <IPBlock> <Opcode : 'add' 'sub' 'mul' 'select'> <InPorts = 0> <OutPorts = 1> <Sync> <CReg>
ST_3 : Operation 1527 [1/3] (0.00ns) (grouped into DSP with root node add_ln110_95)   --->   "%mul_ln110_95 = mul i32 %sext_ln110_65, i32 %sext_ln110_31_cast" [src/integrated-gcn/gemm_stage.cpp:110]   --->   Operation 1527 'mul' 'mul_ln110_95' <Predicate = true> <Delay = 0.00> <CoreInst = "DSP48">   --->   Core 124 'DSP48' <Latency = 3> <II = 1> <Delay = 0.53> <IPBlock> <Opcode : 'add' 'sub' 'mul' 'select'> <InPorts = 0> <OutPorts = 1> <Sync> <CReg>
ST_3 : Operation 1528 [1/2] ( I:0.67ns O:0.67ns )   --->   "%XW_block_95_load = load i4 %XW_block_95_addr" [src/integrated-gcn/gemm_stage.cpp:110]   --->   Operation 1528 'load' 'XW_block_95_load' <Predicate = true> <Delay = 0.67> <CoreInst = "RAM">   --->   Core 82 'RAM' <Latency = 1> <II = 1> <Delay = 0.67> <Storage> <Opcode : 'load' 'store'> <Ports = 2> <Width = 32> <Depth = 16> <RAM>
ST_3 : Operation 1529 [2/2] (0.64ns) (root node of the DSP)   --->   "%add_ln110_95 = add i32 %XW_block_95_load, i32 %mul_ln110_95" [src/integrated-gcn/gemm_stage.cpp:110]   --->   Operation 1529 'add' 'add_ln110_95' <Predicate = true> <Delay = 0.64> <CoreInst = "DSP48">   --->   Core 124 'DSP48' <Latency = 3> <II = 1> <Delay = 0.53> <IPBlock> <Opcode : 'add' 'sub' 'mul' 'select'> <InPorts = 0> <OutPorts = 1> <Sync> <CReg>
ST_3 : Operation 1530 [1/3] (0.00ns) (grouped into DSP with root node add_ln110_96)   --->   "%mul_ln110_96 = mul i32 %sext_ln110_65, i32 %sext_ln110_32_cast" [src/integrated-gcn/gemm_stage.cpp:110]   --->   Operation 1530 'mul' 'mul_ln110_96' <Predicate = true> <Delay = 0.00> <CoreInst = "DSP48">   --->   Core 124 'DSP48' <Latency = 3> <II = 1> <Delay = 0.53> <IPBlock> <Opcode : 'add' 'sub' 'mul' 'select'> <InPorts = 0> <OutPorts = 1> <Sync> <CReg>
ST_3 : Operation 1531 [1/2] ( I:0.67ns O:0.67ns )   --->   "%XW_block_96_load = load i4 %XW_block_96_addr" [src/integrated-gcn/gemm_stage.cpp:110]   --->   Operation 1531 'load' 'XW_block_96_load' <Predicate = true> <Delay = 0.67> <CoreInst = "RAM">   --->   Core 82 'RAM' <Latency = 1> <II = 1> <Delay = 0.67> <Storage> <Opcode : 'load' 'store'> <Ports = 2> <Width = 32> <Depth = 16> <RAM>
ST_3 : Operation 1532 [2/2] (0.64ns) (root node of the DSP)   --->   "%add_ln110_96 = add i32 %XW_block_96_load, i32 %mul_ln110_96" [src/integrated-gcn/gemm_stage.cpp:110]   --->   Operation 1532 'add' 'add_ln110_96' <Predicate = true> <Delay = 0.64> <CoreInst = "DSP48">   --->   Core 124 'DSP48' <Latency = 3> <II = 1> <Delay = 0.53> <IPBlock> <Opcode : 'add' 'sub' 'mul' 'select'> <InPorts = 0> <OutPorts = 1> <Sync> <CReg>
ST_3 : Operation 1533 [1/3] (0.00ns) (grouped into DSP with root node add_ln110_97)   --->   "%mul_ln110_97 = mul i32 %sext_ln110_65, i32 %sext_ln110_33_cast" [src/integrated-gcn/gemm_stage.cpp:110]   --->   Operation 1533 'mul' 'mul_ln110_97' <Predicate = true> <Delay = 0.00> <CoreInst = "DSP48">   --->   Core 124 'DSP48' <Latency = 3> <II = 1> <Delay = 0.53> <IPBlock> <Opcode : 'add' 'sub' 'mul' 'select'> <InPorts = 0> <OutPorts = 1> <Sync> <CReg>
ST_3 : Operation 1534 [1/2] ( I:0.67ns O:0.67ns )   --->   "%XW_block_97_load = load i4 %XW_block_97_addr" [src/integrated-gcn/gemm_stage.cpp:110]   --->   Operation 1534 'load' 'XW_block_97_load' <Predicate = true> <Delay = 0.67> <CoreInst = "RAM">   --->   Core 82 'RAM' <Latency = 1> <II = 1> <Delay = 0.67> <Storage> <Opcode : 'load' 'store'> <Ports = 2> <Width = 32> <Depth = 16> <RAM>
ST_3 : Operation 1535 [2/2] (0.64ns) (root node of the DSP)   --->   "%add_ln110_97 = add i32 %XW_block_97_load, i32 %mul_ln110_97" [src/integrated-gcn/gemm_stage.cpp:110]   --->   Operation 1535 'add' 'add_ln110_97' <Predicate = true> <Delay = 0.64> <CoreInst = "DSP48">   --->   Core 124 'DSP48' <Latency = 3> <II = 1> <Delay = 0.53> <IPBlock> <Opcode : 'add' 'sub' 'mul' 'select'> <InPorts = 0> <OutPorts = 1> <Sync> <CReg>
ST_3 : Operation 1536 [1/3] (0.00ns) (grouped into DSP with root node add_ln110_98)   --->   "%mul_ln110_98 = mul i32 %sext_ln110_65, i32 %sext_ln110_34_cast" [src/integrated-gcn/gemm_stage.cpp:110]   --->   Operation 1536 'mul' 'mul_ln110_98' <Predicate = true> <Delay = 0.00> <CoreInst = "DSP48">   --->   Core 124 'DSP48' <Latency = 3> <II = 1> <Delay = 0.53> <IPBlock> <Opcode : 'add' 'sub' 'mul' 'select'> <InPorts = 0> <OutPorts = 1> <Sync> <CReg>
ST_3 : Operation 1537 [1/2] ( I:0.67ns O:0.67ns )   --->   "%XW_block_98_load = load i4 %XW_block_98_addr" [src/integrated-gcn/gemm_stage.cpp:110]   --->   Operation 1537 'load' 'XW_block_98_load' <Predicate = true> <Delay = 0.67> <CoreInst = "RAM">   --->   Core 82 'RAM' <Latency = 1> <II = 1> <Delay = 0.67> <Storage> <Opcode : 'load' 'store'> <Ports = 2> <Width = 32> <Depth = 16> <RAM>
ST_3 : Operation 1538 [2/2] (0.64ns) (root node of the DSP)   --->   "%add_ln110_98 = add i32 %XW_block_98_load, i32 %mul_ln110_98" [src/integrated-gcn/gemm_stage.cpp:110]   --->   Operation 1538 'add' 'add_ln110_98' <Predicate = true> <Delay = 0.64> <CoreInst = "DSP48">   --->   Core 124 'DSP48' <Latency = 3> <II = 1> <Delay = 0.53> <IPBlock> <Opcode : 'add' 'sub' 'mul' 'select'> <InPorts = 0> <OutPorts = 1> <Sync> <CReg>
ST_3 : Operation 1539 [1/3] (0.00ns) (grouped into DSP with root node add_ln110_99)   --->   "%mul_ln110_99 = mul i32 %sext_ln110_65, i32 %sext_ln110_35_cast" [src/integrated-gcn/gemm_stage.cpp:110]   --->   Operation 1539 'mul' 'mul_ln110_99' <Predicate = true> <Delay = 0.00> <CoreInst = "DSP48">   --->   Core 124 'DSP48' <Latency = 3> <II = 1> <Delay = 0.53> <IPBlock> <Opcode : 'add' 'sub' 'mul' 'select'> <InPorts = 0> <OutPorts = 1> <Sync> <CReg>
ST_3 : Operation 1540 [1/2] ( I:0.67ns O:0.67ns )   --->   "%XW_block_99_load = load i4 %XW_block_99_addr" [src/integrated-gcn/gemm_stage.cpp:110]   --->   Operation 1540 'load' 'XW_block_99_load' <Predicate = true> <Delay = 0.67> <CoreInst = "RAM">   --->   Core 82 'RAM' <Latency = 1> <II = 1> <Delay = 0.67> <Storage> <Opcode : 'load' 'store'> <Ports = 2> <Width = 32> <Depth = 16> <RAM>
ST_3 : Operation 1541 [2/2] (0.64ns) (root node of the DSP)   --->   "%add_ln110_99 = add i32 %XW_block_99_load, i32 %mul_ln110_99" [src/integrated-gcn/gemm_stage.cpp:110]   --->   Operation 1541 'add' 'add_ln110_99' <Predicate = true> <Delay = 0.64> <CoreInst = "DSP48">   --->   Core 124 'DSP48' <Latency = 3> <II = 1> <Delay = 0.53> <IPBlock> <Opcode : 'add' 'sub' 'mul' 'select'> <InPorts = 0> <OutPorts = 1> <Sync> <CReg>
ST_3 : Operation 1542 [1/3] (0.00ns) (grouped into DSP with root node add_ln110_100)   --->   "%mul_ln110_100 = mul i32 %sext_ln110_65, i32 %sext_ln110_36_cast" [src/integrated-gcn/gemm_stage.cpp:110]   --->   Operation 1542 'mul' 'mul_ln110_100' <Predicate = true> <Delay = 0.00> <CoreInst = "DSP48">   --->   Core 124 'DSP48' <Latency = 3> <II = 1> <Delay = 0.53> <IPBlock> <Opcode : 'add' 'sub' 'mul' 'select'> <InPorts = 0> <OutPorts = 1> <Sync> <CReg>
ST_3 : Operation 1543 [1/2] ( I:0.67ns O:0.67ns )   --->   "%XW_block_100_load = load i4 %XW_block_100_addr" [src/integrated-gcn/gemm_stage.cpp:110]   --->   Operation 1543 'load' 'XW_block_100_load' <Predicate = true> <Delay = 0.67> <CoreInst = "RAM">   --->   Core 82 'RAM' <Latency = 1> <II = 1> <Delay = 0.67> <Storage> <Opcode : 'load' 'store'> <Ports = 2> <Width = 32> <Depth = 16> <RAM>
ST_3 : Operation 1544 [2/2] (0.64ns) (root node of the DSP)   --->   "%add_ln110_100 = add i32 %XW_block_100_load, i32 %mul_ln110_100" [src/integrated-gcn/gemm_stage.cpp:110]   --->   Operation 1544 'add' 'add_ln110_100' <Predicate = true> <Delay = 0.64> <CoreInst = "DSP48">   --->   Core 124 'DSP48' <Latency = 3> <II = 1> <Delay = 0.53> <IPBlock> <Opcode : 'add' 'sub' 'mul' 'select'> <InPorts = 0> <OutPorts = 1> <Sync> <CReg>
ST_3 : Operation 1545 [1/3] (0.00ns) (grouped into DSP with root node add_ln110_101)   --->   "%mul_ln110_101 = mul i32 %sext_ln110_65, i32 %sext_ln110_37_cast" [src/integrated-gcn/gemm_stage.cpp:110]   --->   Operation 1545 'mul' 'mul_ln110_101' <Predicate = true> <Delay = 0.00> <CoreInst = "DSP48">   --->   Core 124 'DSP48' <Latency = 3> <II = 1> <Delay = 0.53> <IPBlock> <Opcode : 'add' 'sub' 'mul' 'select'> <InPorts = 0> <OutPorts = 1> <Sync> <CReg>
ST_3 : Operation 1546 [1/2] ( I:0.67ns O:0.67ns )   --->   "%XW_block_101_load = load i4 %XW_block_101_addr" [src/integrated-gcn/gemm_stage.cpp:110]   --->   Operation 1546 'load' 'XW_block_101_load' <Predicate = true> <Delay = 0.67> <CoreInst = "RAM">   --->   Core 82 'RAM' <Latency = 1> <II = 1> <Delay = 0.67> <Storage> <Opcode : 'load' 'store'> <Ports = 2> <Width = 32> <Depth = 16> <RAM>
ST_3 : Operation 1547 [2/2] (0.64ns) (root node of the DSP)   --->   "%add_ln110_101 = add i32 %XW_block_101_load, i32 %mul_ln110_101" [src/integrated-gcn/gemm_stage.cpp:110]   --->   Operation 1547 'add' 'add_ln110_101' <Predicate = true> <Delay = 0.64> <CoreInst = "DSP48">   --->   Core 124 'DSP48' <Latency = 3> <II = 1> <Delay = 0.53> <IPBlock> <Opcode : 'add' 'sub' 'mul' 'select'> <InPorts = 0> <OutPorts = 1> <Sync> <CReg>
ST_3 : Operation 1548 [1/3] (0.00ns) (grouped into DSP with root node add_ln110_102)   --->   "%mul_ln110_102 = mul i32 %sext_ln110_65, i32 %sext_ln110_38_cast" [src/integrated-gcn/gemm_stage.cpp:110]   --->   Operation 1548 'mul' 'mul_ln110_102' <Predicate = true> <Delay = 0.00> <CoreInst = "DSP48">   --->   Core 124 'DSP48' <Latency = 3> <II = 1> <Delay = 0.53> <IPBlock> <Opcode : 'add' 'sub' 'mul' 'select'> <InPorts = 0> <OutPorts = 1> <Sync> <CReg>
ST_3 : Operation 1549 [1/2] ( I:0.67ns O:0.67ns )   --->   "%XW_block_102_load = load i4 %XW_block_102_addr" [src/integrated-gcn/gemm_stage.cpp:110]   --->   Operation 1549 'load' 'XW_block_102_load' <Predicate = true> <Delay = 0.67> <CoreInst = "RAM">   --->   Core 82 'RAM' <Latency = 1> <II = 1> <Delay = 0.67> <Storage> <Opcode : 'load' 'store'> <Ports = 2> <Width = 32> <Depth = 16> <RAM>
ST_3 : Operation 1550 [2/2] (0.64ns) (root node of the DSP)   --->   "%add_ln110_102 = add i32 %XW_block_102_load, i32 %mul_ln110_102" [src/integrated-gcn/gemm_stage.cpp:110]   --->   Operation 1550 'add' 'add_ln110_102' <Predicate = true> <Delay = 0.64> <CoreInst = "DSP48">   --->   Core 124 'DSP48' <Latency = 3> <II = 1> <Delay = 0.53> <IPBlock> <Opcode : 'add' 'sub' 'mul' 'select'> <InPorts = 0> <OutPorts = 1> <Sync> <CReg>
ST_3 : Operation 1551 [1/3] (0.00ns) (grouped into DSP with root node add_ln110_103)   --->   "%mul_ln110_103 = mul i32 %sext_ln110_65, i32 %sext_ln110_39_cast" [src/integrated-gcn/gemm_stage.cpp:110]   --->   Operation 1551 'mul' 'mul_ln110_103' <Predicate = true> <Delay = 0.00> <CoreInst = "DSP48">   --->   Core 124 'DSP48' <Latency = 3> <II = 1> <Delay = 0.53> <IPBlock> <Opcode : 'add' 'sub' 'mul' 'select'> <InPorts = 0> <OutPorts = 1> <Sync> <CReg>
ST_3 : Operation 1552 [1/2] ( I:0.67ns O:0.67ns )   --->   "%XW_block_103_load = load i4 %XW_block_103_addr" [src/integrated-gcn/gemm_stage.cpp:110]   --->   Operation 1552 'load' 'XW_block_103_load' <Predicate = true> <Delay = 0.67> <CoreInst = "RAM">   --->   Core 82 'RAM' <Latency = 1> <II = 1> <Delay = 0.67> <Storage> <Opcode : 'load' 'store'> <Ports = 2> <Width = 32> <Depth = 16> <RAM>
ST_3 : Operation 1553 [2/2] (0.64ns) (root node of the DSP)   --->   "%add_ln110_103 = add i32 %XW_block_103_load, i32 %mul_ln110_103" [src/integrated-gcn/gemm_stage.cpp:110]   --->   Operation 1553 'add' 'add_ln110_103' <Predicate = true> <Delay = 0.64> <CoreInst = "DSP48">   --->   Core 124 'DSP48' <Latency = 3> <II = 1> <Delay = 0.53> <IPBlock> <Opcode : 'add' 'sub' 'mul' 'select'> <InPorts = 0> <OutPorts = 1> <Sync> <CReg>
ST_3 : Operation 1554 [1/3] (0.00ns) (grouped into DSP with root node add_ln110_104)   --->   "%mul_ln110_104 = mul i32 %sext_ln110_65, i32 %sext_ln110_40_cast" [src/integrated-gcn/gemm_stage.cpp:110]   --->   Operation 1554 'mul' 'mul_ln110_104' <Predicate = true> <Delay = 0.00> <CoreInst = "DSP48">   --->   Core 124 'DSP48' <Latency = 3> <II = 1> <Delay = 0.53> <IPBlock> <Opcode : 'add' 'sub' 'mul' 'select'> <InPorts = 0> <OutPorts = 1> <Sync> <CReg>
ST_3 : Operation 1555 [1/2] ( I:0.67ns O:0.67ns )   --->   "%XW_block_104_load = load i4 %XW_block_104_addr" [src/integrated-gcn/gemm_stage.cpp:110]   --->   Operation 1555 'load' 'XW_block_104_load' <Predicate = true> <Delay = 0.67> <CoreInst = "RAM">   --->   Core 82 'RAM' <Latency = 1> <II = 1> <Delay = 0.67> <Storage> <Opcode : 'load' 'store'> <Ports = 2> <Width = 32> <Depth = 16> <RAM>
ST_3 : Operation 1556 [2/2] (0.64ns) (root node of the DSP)   --->   "%add_ln110_104 = add i32 %XW_block_104_load, i32 %mul_ln110_104" [src/integrated-gcn/gemm_stage.cpp:110]   --->   Operation 1556 'add' 'add_ln110_104' <Predicate = true> <Delay = 0.64> <CoreInst = "DSP48">   --->   Core 124 'DSP48' <Latency = 3> <II = 1> <Delay = 0.53> <IPBlock> <Opcode : 'add' 'sub' 'mul' 'select'> <InPorts = 0> <OutPorts = 1> <Sync> <CReg>
ST_3 : Operation 1557 [1/3] (0.00ns) (grouped into DSP with root node add_ln110_105)   --->   "%mul_ln110_105 = mul i32 %sext_ln110_65, i32 %sext_ln110_41_cast" [src/integrated-gcn/gemm_stage.cpp:110]   --->   Operation 1557 'mul' 'mul_ln110_105' <Predicate = true> <Delay = 0.00> <CoreInst = "DSP48">   --->   Core 124 'DSP48' <Latency = 3> <II = 1> <Delay = 0.53> <IPBlock> <Opcode : 'add' 'sub' 'mul' 'select'> <InPorts = 0> <OutPorts = 1> <Sync> <CReg>
ST_3 : Operation 1558 [1/2] ( I:0.67ns O:0.67ns )   --->   "%XW_block_105_load = load i4 %XW_block_105_addr" [src/integrated-gcn/gemm_stage.cpp:110]   --->   Operation 1558 'load' 'XW_block_105_load' <Predicate = true> <Delay = 0.67> <CoreInst = "RAM">   --->   Core 82 'RAM' <Latency = 1> <II = 1> <Delay = 0.67> <Storage> <Opcode : 'load' 'store'> <Ports = 2> <Width = 32> <Depth = 16> <RAM>
ST_3 : Operation 1559 [2/2] (0.64ns) (root node of the DSP)   --->   "%add_ln110_105 = add i32 %XW_block_105_load, i32 %mul_ln110_105" [src/integrated-gcn/gemm_stage.cpp:110]   --->   Operation 1559 'add' 'add_ln110_105' <Predicate = true> <Delay = 0.64> <CoreInst = "DSP48">   --->   Core 124 'DSP48' <Latency = 3> <II = 1> <Delay = 0.53> <IPBlock> <Opcode : 'add' 'sub' 'mul' 'select'> <InPorts = 0> <OutPorts = 1> <Sync> <CReg>
ST_3 : Operation 1560 [1/3] (0.00ns) (grouped into DSP with root node add_ln110_106)   --->   "%mul_ln110_106 = mul i32 %sext_ln110_65, i32 %sext_ln110_42_cast" [src/integrated-gcn/gemm_stage.cpp:110]   --->   Operation 1560 'mul' 'mul_ln110_106' <Predicate = true> <Delay = 0.00> <CoreInst = "DSP48">   --->   Core 124 'DSP48' <Latency = 3> <II = 1> <Delay = 0.53> <IPBlock> <Opcode : 'add' 'sub' 'mul' 'select'> <InPorts = 0> <OutPorts = 1> <Sync> <CReg>
ST_3 : Operation 1561 [1/2] ( I:0.67ns O:0.67ns )   --->   "%XW_block_106_load = load i4 %XW_block_106_addr" [src/integrated-gcn/gemm_stage.cpp:110]   --->   Operation 1561 'load' 'XW_block_106_load' <Predicate = true> <Delay = 0.67> <CoreInst = "RAM">   --->   Core 82 'RAM' <Latency = 1> <II = 1> <Delay = 0.67> <Storage> <Opcode : 'load' 'store'> <Ports = 2> <Width = 32> <Depth = 16> <RAM>
ST_3 : Operation 1562 [2/2] (0.64ns) (root node of the DSP)   --->   "%add_ln110_106 = add i32 %XW_block_106_load, i32 %mul_ln110_106" [src/integrated-gcn/gemm_stage.cpp:110]   --->   Operation 1562 'add' 'add_ln110_106' <Predicate = true> <Delay = 0.64> <CoreInst = "DSP48">   --->   Core 124 'DSP48' <Latency = 3> <II = 1> <Delay = 0.53> <IPBlock> <Opcode : 'add' 'sub' 'mul' 'select'> <InPorts = 0> <OutPorts = 1> <Sync> <CReg>
ST_3 : Operation 1563 [1/3] (0.00ns) (grouped into DSP with root node add_ln110_107)   --->   "%mul_ln110_107 = mul i32 %sext_ln110_65, i32 %sext_ln110_43_cast" [src/integrated-gcn/gemm_stage.cpp:110]   --->   Operation 1563 'mul' 'mul_ln110_107' <Predicate = true> <Delay = 0.00> <CoreInst = "DSP48">   --->   Core 124 'DSP48' <Latency = 3> <II = 1> <Delay = 0.53> <IPBlock> <Opcode : 'add' 'sub' 'mul' 'select'> <InPorts = 0> <OutPorts = 1> <Sync> <CReg>
ST_3 : Operation 1564 [1/2] ( I:0.67ns O:0.67ns )   --->   "%XW_block_107_load = load i4 %XW_block_107_addr" [src/integrated-gcn/gemm_stage.cpp:110]   --->   Operation 1564 'load' 'XW_block_107_load' <Predicate = true> <Delay = 0.67> <CoreInst = "RAM">   --->   Core 82 'RAM' <Latency = 1> <II = 1> <Delay = 0.67> <Storage> <Opcode : 'load' 'store'> <Ports = 2> <Width = 32> <Depth = 16> <RAM>
ST_3 : Operation 1565 [2/2] (0.64ns) (root node of the DSP)   --->   "%add_ln110_107 = add i32 %XW_block_107_load, i32 %mul_ln110_107" [src/integrated-gcn/gemm_stage.cpp:110]   --->   Operation 1565 'add' 'add_ln110_107' <Predicate = true> <Delay = 0.64> <CoreInst = "DSP48">   --->   Core 124 'DSP48' <Latency = 3> <II = 1> <Delay = 0.53> <IPBlock> <Opcode : 'add' 'sub' 'mul' 'select'> <InPorts = 0> <OutPorts = 1> <Sync> <CReg>
ST_3 : Operation 1566 [1/3] (0.00ns) (grouped into DSP with root node add_ln110_108)   --->   "%mul_ln110_108 = mul i32 %sext_ln110_65, i32 %sext_ln110_44_cast" [src/integrated-gcn/gemm_stage.cpp:110]   --->   Operation 1566 'mul' 'mul_ln110_108' <Predicate = true> <Delay = 0.00> <CoreInst = "DSP48">   --->   Core 124 'DSP48' <Latency = 3> <II = 1> <Delay = 0.53> <IPBlock> <Opcode : 'add' 'sub' 'mul' 'select'> <InPorts = 0> <OutPorts = 1> <Sync> <CReg>
ST_3 : Operation 1567 [1/2] ( I:0.67ns O:0.67ns )   --->   "%XW_block_108_load = load i4 %XW_block_108_addr" [src/integrated-gcn/gemm_stage.cpp:110]   --->   Operation 1567 'load' 'XW_block_108_load' <Predicate = true> <Delay = 0.67> <CoreInst = "RAM">   --->   Core 82 'RAM' <Latency = 1> <II = 1> <Delay = 0.67> <Storage> <Opcode : 'load' 'store'> <Ports = 2> <Width = 32> <Depth = 16> <RAM>
ST_3 : Operation 1568 [2/2] (0.64ns) (root node of the DSP)   --->   "%add_ln110_108 = add i32 %XW_block_108_load, i32 %mul_ln110_108" [src/integrated-gcn/gemm_stage.cpp:110]   --->   Operation 1568 'add' 'add_ln110_108' <Predicate = true> <Delay = 0.64> <CoreInst = "DSP48">   --->   Core 124 'DSP48' <Latency = 3> <II = 1> <Delay = 0.53> <IPBlock> <Opcode : 'add' 'sub' 'mul' 'select'> <InPorts = 0> <OutPorts = 1> <Sync> <CReg>
ST_3 : Operation 1569 [1/3] (0.00ns) (grouped into DSP with root node add_ln110_109)   --->   "%mul_ln110_109 = mul i32 %sext_ln110_65, i32 %sext_ln110_45_cast" [src/integrated-gcn/gemm_stage.cpp:110]   --->   Operation 1569 'mul' 'mul_ln110_109' <Predicate = true> <Delay = 0.00> <CoreInst = "DSP48">   --->   Core 124 'DSP48' <Latency = 3> <II = 1> <Delay = 0.53> <IPBlock> <Opcode : 'add' 'sub' 'mul' 'select'> <InPorts = 0> <OutPorts = 1> <Sync> <CReg>
ST_3 : Operation 1570 [1/2] ( I:0.67ns O:0.67ns )   --->   "%XW_block_109_load = load i4 %XW_block_109_addr" [src/integrated-gcn/gemm_stage.cpp:110]   --->   Operation 1570 'load' 'XW_block_109_load' <Predicate = true> <Delay = 0.67> <CoreInst = "RAM">   --->   Core 82 'RAM' <Latency = 1> <II = 1> <Delay = 0.67> <Storage> <Opcode : 'load' 'store'> <Ports = 2> <Width = 32> <Depth = 16> <RAM>
ST_3 : Operation 1571 [2/2] (0.64ns) (root node of the DSP)   --->   "%add_ln110_109 = add i32 %XW_block_109_load, i32 %mul_ln110_109" [src/integrated-gcn/gemm_stage.cpp:110]   --->   Operation 1571 'add' 'add_ln110_109' <Predicate = true> <Delay = 0.64> <CoreInst = "DSP48">   --->   Core 124 'DSP48' <Latency = 3> <II = 1> <Delay = 0.53> <IPBlock> <Opcode : 'add' 'sub' 'mul' 'select'> <InPorts = 0> <OutPorts = 1> <Sync> <CReg>
ST_3 : Operation 1572 [1/3] (0.00ns) (grouped into DSP with root node add_ln110_110)   --->   "%mul_ln110_110 = mul i32 %sext_ln110_65, i32 %sext_ln110_46_cast" [src/integrated-gcn/gemm_stage.cpp:110]   --->   Operation 1572 'mul' 'mul_ln110_110' <Predicate = true> <Delay = 0.00> <CoreInst = "DSP48">   --->   Core 124 'DSP48' <Latency = 3> <II = 1> <Delay = 0.53> <IPBlock> <Opcode : 'add' 'sub' 'mul' 'select'> <InPorts = 0> <OutPorts = 1> <Sync> <CReg>
ST_3 : Operation 1573 [1/2] ( I:0.67ns O:0.67ns )   --->   "%XW_block_110_load = load i4 %XW_block_110_addr" [src/integrated-gcn/gemm_stage.cpp:110]   --->   Operation 1573 'load' 'XW_block_110_load' <Predicate = true> <Delay = 0.67> <CoreInst = "RAM">   --->   Core 82 'RAM' <Latency = 1> <II = 1> <Delay = 0.67> <Storage> <Opcode : 'load' 'store'> <Ports = 2> <Width = 32> <Depth = 16> <RAM>
ST_3 : Operation 1574 [2/2] (0.64ns) (root node of the DSP)   --->   "%add_ln110_110 = add i32 %XW_block_110_load, i32 %mul_ln110_110" [src/integrated-gcn/gemm_stage.cpp:110]   --->   Operation 1574 'add' 'add_ln110_110' <Predicate = true> <Delay = 0.64> <CoreInst = "DSP48">   --->   Core 124 'DSP48' <Latency = 3> <II = 1> <Delay = 0.53> <IPBlock> <Opcode : 'add' 'sub' 'mul' 'select'> <InPorts = 0> <OutPorts = 1> <Sync> <CReg>
ST_3 : Operation 1575 [1/3] (0.00ns) (grouped into DSP with root node add_ln110_111)   --->   "%mul_ln110_111 = mul i32 %sext_ln110_65, i32 %sext_ln110_47_cast" [src/integrated-gcn/gemm_stage.cpp:110]   --->   Operation 1575 'mul' 'mul_ln110_111' <Predicate = true> <Delay = 0.00> <CoreInst = "DSP48">   --->   Core 124 'DSP48' <Latency = 3> <II = 1> <Delay = 0.53> <IPBlock> <Opcode : 'add' 'sub' 'mul' 'select'> <InPorts = 0> <OutPorts = 1> <Sync> <CReg>
ST_3 : Operation 1576 [1/2] ( I:0.67ns O:0.67ns )   --->   "%XW_block_111_load = load i4 %XW_block_111_addr" [src/integrated-gcn/gemm_stage.cpp:110]   --->   Operation 1576 'load' 'XW_block_111_load' <Predicate = true> <Delay = 0.67> <CoreInst = "RAM">   --->   Core 82 'RAM' <Latency = 1> <II = 1> <Delay = 0.67> <Storage> <Opcode : 'load' 'store'> <Ports = 2> <Width = 32> <Depth = 16> <RAM>
ST_3 : Operation 1577 [2/2] (0.64ns) (root node of the DSP)   --->   "%add_ln110_111 = add i32 %XW_block_111_load, i32 %mul_ln110_111" [src/integrated-gcn/gemm_stage.cpp:110]   --->   Operation 1577 'add' 'add_ln110_111' <Predicate = true> <Delay = 0.64> <CoreInst = "DSP48">   --->   Core 124 'DSP48' <Latency = 3> <II = 1> <Delay = 0.53> <IPBlock> <Opcode : 'add' 'sub' 'mul' 'select'> <InPorts = 0> <OutPorts = 1> <Sync> <CReg>
ST_3 : Operation 1578 [1/3] (0.00ns) (grouped into DSP with root node add_ln110_112)   --->   "%mul_ln110_112 = mul i32 %sext_ln110_65, i32 %sext_ln110_48_cast" [src/integrated-gcn/gemm_stage.cpp:110]   --->   Operation 1578 'mul' 'mul_ln110_112' <Predicate = true> <Delay = 0.00> <CoreInst = "DSP48">   --->   Core 124 'DSP48' <Latency = 3> <II = 1> <Delay = 0.53> <IPBlock> <Opcode : 'add' 'sub' 'mul' 'select'> <InPorts = 0> <OutPorts = 1> <Sync> <CReg>
ST_3 : Operation 1579 [1/2] ( I:0.67ns O:0.67ns )   --->   "%XW_block_112_load = load i4 %XW_block_112_addr" [src/integrated-gcn/gemm_stage.cpp:110]   --->   Operation 1579 'load' 'XW_block_112_load' <Predicate = true> <Delay = 0.67> <CoreInst = "RAM">   --->   Core 82 'RAM' <Latency = 1> <II = 1> <Delay = 0.67> <Storage> <Opcode : 'load' 'store'> <Ports = 2> <Width = 32> <Depth = 16> <RAM>
ST_3 : Operation 1580 [2/2] (0.64ns) (root node of the DSP)   --->   "%add_ln110_112 = add i32 %XW_block_112_load, i32 %mul_ln110_112" [src/integrated-gcn/gemm_stage.cpp:110]   --->   Operation 1580 'add' 'add_ln110_112' <Predicate = true> <Delay = 0.64> <CoreInst = "DSP48">   --->   Core 124 'DSP48' <Latency = 3> <II = 1> <Delay = 0.53> <IPBlock> <Opcode : 'add' 'sub' 'mul' 'select'> <InPorts = 0> <OutPorts = 1> <Sync> <CReg>
ST_3 : Operation 1581 [1/3] (0.00ns) (grouped into DSP with root node add_ln110_113)   --->   "%mul_ln110_113 = mul i32 %sext_ln110_65, i32 %sext_ln110_49_cast" [src/integrated-gcn/gemm_stage.cpp:110]   --->   Operation 1581 'mul' 'mul_ln110_113' <Predicate = true> <Delay = 0.00> <CoreInst = "DSP48">   --->   Core 124 'DSP48' <Latency = 3> <II = 1> <Delay = 0.53> <IPBlock> <Opcode : 'add' 'sub' 'mul' 'select'> <InPorts = 0> <OutPorts = 1> <Sync> <CReg>
ST_3 : Operation 1582 [1/2] ( I:0.67ns O:0.67ns )   --->   "%XW_block_113_load = load i4 %XW_block_113_addr" [src/integrated-gcn/gemm_stage.cpp:110]   --->   Operation 1582 'load' 'XW_block_113_load' <Predicate = true> <Delay = 0.67> <CoreInst = "RAM">   --->   Core 82 'RAM' <Latency = 1> <II = 1> <Delay = 0.67> <Storage> <Opcode : 'load' 'store'> <Ports = 2> <Width = 32> <Depth = 16> <RAM>
ST_3 : Operation 1583 [2/2] (0.64ns) (root node of the DSP)   --->   "%add_ln110_113 = add i32 %XW_block_113_load, i32 %mul_ln110_113" [src/integrated-gcn/gemm_stage.cpp:110]   --->   Operation 1583 'add' 'add_ln110_113' <Predicate = true> <Delay = 0.64> <CoreInst = "DSP48">   --->   Core 124 'DSP48' <Latency = 3> <II = 1> <Delay = 0.53> <IPBlock> <Opcode : 'add' 'sub' 'mul' 'select'> <InPorts = 0> <OutPorts = 1> <Sync> <CReg>
ST_3 : Operation 1584 [1/3] (0.00ns) (grouped into DSP with root node add_ln110_114)   --->   "%mul_ln110_114 = mul i32 %sext_ln110_65, i32 %sext_ln110_50_cast" [src/integrated-gcn/gemm_stage.cpp:110]   --->   Operation 1584 'mul' 'mul_ln110_114' <Predicate = true> <Delay = 0.00> <CoreInst = "DSP48">   --->   Core 124 'DSP48' <Latency = 3> <II = 1> <Delay = 0.53> <IPBlock> <Opcode : 'add' 'sub' 'mul' 'select'> <InPorts = 0> <OutPorts = 1> <Sync> <CReg>
ST_3 : Operation 1585 [1/2] ( I:0.67ns O:0.67ns )   --->   "%XW_block_114_load = load i4 %XW_block_114_addr" [src/integrated-gcn/gemm_stage.cpp:110]   --->   Operation 1585 'load' 'XW_block_114_load' <Predicate = true> <Delay = 0.67> <CoreInst = "RAM">   --->   Core 82 'RAM' <Latency = 1> <II = 1> <Delay = 0.67> <Storage> <Opcode : 'load' 'store'> <Ports = 2> <Width = 32> <Depth = 16> <RAM>
ST_3 : Operation 1586 [2/2] (0.64ns) (root node of the DSP)   --->   "%add_ln110_114 = add i32 %XW_block_114_load, i32 %mul_ln110_114" [src/integrated-gcn/gemm_stage.cpp:110]   --->   Operation 1586 'add' 'add_ln110_114' <Predicate = true> <Delay = 0.64> <CoreInst = "DSP48">   --->   Core 124 'DSP48' <Latency = 3> <II = 1> <Delay = 0.53> <IPBlock> <Opcode : 'add' 'sub' 'mul' 'select'> <InPorts = 0> <OutPorts = 1> <Sync> <CReg>
ST_3 : Operation 1587 [1/3] (0.00ns) (grouped into DSP with root node add_ln110_115)   --->   "%mul_ln110_115 = mul i32 %sext_ln110_65, i32 %sext_ln110_51_cast" [src/integrated-gcn/gemm_stage.cpp:110]   --->   Operation 1587 'mul' 'mul_ln110_115' <Predicate = true> <Delay = 0.00> <CoreInst = "DSP48">   --->   Core 124 'DSP48' <Latency = 3> <II = 1> <Delay = 0.53> <IPBlock> <Opcode : 'add' 'sub' 'mul' 'select'> <InPorts = 0> <OutPorts = 1> <Sync> <CReg>
ST_3 : Operation 1588 [1/2] ( I:0.67ns O:0.67ns )   --->   "%XW_block_115_load = load i4 %XW_block_115_addr" [src/integrated-gcn/gemm_stage.cpp:110]   --->   Operation 1588 'load' 'XW_block_115_load' <Predicate = true> <Delay = 0.67> <CoreInst = "RAM">   --->   Core 82 'RAM' <Latency = 1> <II = 1> <Delay = 0.67> <Storage> <Opcode : 'load' 'store'> <Ports = 2> <Width = 32> <Depth = 16> <RAM>
ST_3 : Operation 1589 [2/2] (0.64ns) (root node of the DSP)   --->   "%add_ln110_115 = add i32 %XW_block_115_load, i32 %mul_ln110_115" [src/integrated-gcn/gemm_stage.cpp:110]   --->   Operation 1589 'add' 'add_ln110_115' <Predicate = true> <Delay = 0.64> <CoreInst = "DSP48">   --->   Core 124 'DSP48' <Latency = 3> <II = 1> <Delay = 0.53> <IPBlock> <Opcode : 'add' 'sub' 'mul' 'select'> <InPorts = 0> <OutPorts = 1> <Sync> <CReg>
ST_3 : Operation 1590 [1/3] (0.00ns) (grouped into DSP with root node add_ln110_116)   --->   "%mul_ln110_116 = mul i32 %sext_ln110_65, i32 %sext_ln110_52_cast" [src/integrated-gcn/gemm_stage.cpp:110]   --->   Operation 1590 'mul' 'mul_ln110_116' <Predicate = true> <Delay = 0.00> <CoreInst = "DSP48">   --->   Core 124 'DSP48' <Latency = 3> <II = 1> <Delay = 0.53> <IPBlock> <Opcode : 'add' 'sub' 'mul' 'select'> <InPorts = 0> <OutPorts = 1> <Sync> <CReg>
ST_3 : Operation 1591 [1/2] ( I:0.67ns O:0.67ns )   --->   "%XW_block_116_load = load i4 %XW_block_116_addr" [src/integrated-gcn/gemm_stage.cpp:110]   --->   Operation 1591 'load' 'XW_block_116_load' <Predicate = true> <Delay = 0.67> <CoreInst = "RAM">   --->   Core 82 'RAM' <Latency = 1> <II = 1> <Delay = 0.67> <Storage> <Opcode : 'load' 'store'> <Ports = 2> <Width = 32> <Depth = 16> <RAM>
ST_3 : Operation 1592 [2/2] (0.64ns) (root node of the DSP)   --->   "%add_ln110_116 = add i32 %XW_block_116_load, i32 %mul_ln110_116" [src/integrated-gcn/gemm_stage.cpp:110]   --->   Operation 1592 'add' 'add_ln110_116' <Predicate = true> <Delay = 0.64> <CoreInst = "DSP48">   --->   Core 124 'DSP48' <Latency = 3> <II = 1> <Delay = 0.53> <IPBlock> <Opcode : 'add' 'sub' 'mul' 'select'> <InPorts = 0> <OutPorts = 1> <Sync> <CReg>
ST_3 : Operation 1593 [1/3] (0.00ns) (grouped into DSP with root node add_ln110_117)   --->   "%mul_ln110_117 = mul i32 %sext_ln110_65, i32 %sext_ln110_53_cast" [src/integrated-gcn/gemm_stage.cpp:110]   --->   Operation 1593 'mul' 'mul_ln110_117' <Predicate = true> <Delay = 0.00> <CoreInst = "DSP48">   --->   Core 124 'DSP48' <Latency = 3> <II = 1> <Delay = 0.53> <IPBlock> <Opcode : 'add' 'sub' 'mul' 'select'> <InPorts = 0> <OutPorts = 1> <Sync> <CReg>
ST_3 : Operation 1594 [1/2] ( I:0.67ns O:0.67ns )   --->   "%XW_block_117_load = load i4 %XW_block_117_addr" [src/integrated-gcn/gemm_stage.cpp:110]   --->   Operation 1594 'load' 'XW_block_117_load' <Predicate = true> <Delay = 0.67> <CoreInst = "RAM">   --->   Core 82 'RAM' <Latency = 1> <II = 1> <Delay = 0.67> <Storage> <Opcode : 'load' 'store'> <Ports = 2> <Width = 32> <Depth = 16> <RAM>
ST_3 : Operation 1595 [2/2] (0.64ns) (root node of the DSP)   --->   "%add_ln110_117 = add i32 %XW_block_117_load, i32 %mul_ln110_117" [src/integrated-gcn/gemm_stage.cpp:110]   --->   Operation 1595 'add' 'add_ln110_117' <Predicate = true> <Delay = 0.64> <CoreInst = "DSP48">   --->   Core 124 'DSP48' <Latency = 3> <II = 1> <Delay = 0.53> <IPBlock> <Opcode : 'add' 'sub' 'mul' 'select'> <InPorts = 0> <OutPorts = 1> <Sync> <CReg>
ST_3 : Operation 1596 [1/3] (0.00ns) (grouped into DSP with root node add_ln110_118)   --->   "%mul_ln110_118 = mul i32 %sext_ln110_65, i32 %sext_ln110_54_cast" [src/integrated-gcn/gemm_stage.cpp:110]   --->   Operation 1596 'mul' 'mul_ln110_118' <Predicate = true> <Delay = 0.00> <CoreInst = "DSP48">   --->   Core 124 'DSP48' <Latency = 3> <II = 1> <Delay = 0.53> <IPBlock> <Opcode : 'add' 'sub' 'mul' 'select'> <InPorts = 0> <OutPorts = 1> <Sync> <CReg>
ST_3 : Operation 1597 [1/2] ( I:0.67ns O:0.67ns )   --->   "%XW_block_118_load = load i4 %XW_block_118_addr" [src/integrated-gcn/gemm_stage.cpp:110]   --->   Operation 1597 'load' 'XW_block_118_load' <Predicate = true> <Delay = 0.67> <CoreInst = "RAM">   --->   Core 82 'RAM' <Latency = 1> <II = 1> <Delay = 0.67> <Storage> <Opcode : 'load' 'store'> <Ports = 2> <Width = 32> <Depth = 16> <RAM>
ST_3 : Operation 1598 [2/2] (0.64ns) (root node of the DSP)   --->   "%add_ln110_118 = add i32 %XW_block_118_load, i32 %mul_ln110_118" [src/integrated-gcn/gemm_stage.cpp:110]   --->   Operation 1598 'add' 'add_ln110_118' <Predicate = true> <Delay = 0.64> <CoreInst = "DSP48">   --->   Core 124 'DSP48' <Latency = 3> <II = 1> <Delay = 0.53> <IPBlock> <Opcode : 'add' 'sub' 'mul' 'select'> <InPorts = 0> <OutPorts = 1> <Sync> <CReg>
ST_3 : Operation 1599 [1/3] (0.00ns) (grouped into DSP with root node add_ln110_119)   --->   "%mul_ln110_119 = mul i32 %sext_ln110_65, i32 %sext_ln110_55_cast" [src/integrated-gcn/gemm_stage.cpp:110]   --->   Operation 1599 'mul' 'mul_ln110_119' <Predicate = true> <Delay = 0.00> <CoreInst = "DSP48">   --->   Core 124 'DSP48' <Latency = 3> <II = 1> <Delay = 0.53> <IPBlock> <Opcode : 'add' 'sub' 'mul' 'select'> <InPorts = 0> <OutPorts = 1> <Sync> <CReg>
ST_3 : Operation 1600 [1/2] ( I:0.67ns O:0.67ns )   --->   "%XW_block_119_load = load i4 %XW_block_119_addr" [src/integrated-gcn/gemm_stage.cpp:110]   --->   Operation 1600 'load' 'XW_block_119_load' <Predicate = true> <Delay = 0.67> <CoreInst = "RAM">   --->   Core 82 'RAM' <Latency = 1> <II = 1> <Delay = 0.67> <Storage> <Opcode : 'load' 'store'> <Ports = 2> <Width = 32> <Depth = 16> <RAM>
ST_3 : Operation 1601 [2/2] (0.64ns) (root node of the DSP)   --->   "%add_ln110_119 = add i32 %XW_block_119_load, i32 %mul_ln110_119" [src/integrated-gcn/gemm_stage.cpp:110]   --->   Operation 1601 'add' 'add_ln110_119' <Predicate = true> <Delay = 0.64> <CoreInst = "DSP48">   --->   Core 124 'DSP48' <Latency = 3> <II = 1> <Delay = 0.53> <IPBlock> <Opcode : 'add' 'sub' 'mul' 'select'> <InPorts = 0> <OutPorts = 1> <Sync> <CReg>
ST_3 : Operation 1602 [1/3] (0.00ns) (grouped into DSP with root node add_ln110_120)   --->   "%mul_ln110_120 = mul i32 %sext_ln110_65, i32 %sext_ln110_56_cast" [src/integrated-gcn/gemm_stage.cpp:110]   --->   Operation 1602 'mul' 'mul_ln110_120' <Predicate = true> <Delay = 0.00> <CoreInst = "DSP48">   --->   Core 124 'DSP48' <Latency = 3> <II = 1> <Delay = 0.53> <IPBlock> <Opcode : 'add' 'sub' 'mul' 'select'> <InPorts = 0> <OutPorts = 1> <Sync> <CReg>
ST_3 : Operation 1603 [1/2] ( I:0.67ns O:0.67ns )   --->   "%XW_block_120_load = load i4 %XW_block_120_addr" [src/integrated-gcn/gemm_stage.cpp:110]   --->   Operation 1603 'load' 'XW_block_120_load' <Predicate = true> <Delay = 0.67> <CoreInst = "RAM">   --->   Core 82 'RAM' <Latency = 1> <II = 1> <Delay = 0.67> <Storage> <Opcode : 'load' 'store'> <Ports = 2> <Width = 32> <Depth = 16> <RAM>
ST_3 : Operation 1604 [2/2] (0.64ns) (root node of the DSP)   --->   "%add_ln110_120 = add i32 %XW_block_120_load, i32 %mul_ln110_120" [src/integrated-gcn/gemm_stage.cpp:110]   --->   Operation 1604 'add' 'add_ln110_120' <Predicate = true> <Delay = 0.64> <CoreInst = "DSP48">   --->   Core 124 'DSP48' <Latency = 3> <II = 1> <Delay = 0.53> <IPBlock> <Opcode : 'add' 'sub' 'mul' 'select'> <InPorts = 0> <OutPorts = 1> <Sync> <CReg>
ST_3 : Operation 1605 [1/3] (0.00ns) (grouped into DSP with root node add_ln110_121)   --->   "%mul_ln110_121 = mul i32 %sext_ln110_65, i32 %sext_ln110_57_cast" [src/integrated-gcn/gemm_stage.cpp:110]   --->   Operation 1605 'mul' 'mul_ln110_121' <Predicate = true> <Delay = 0.00> <CoreInst = "DSP48">   --->   Core 124 'DSP48' <Latency = 3> <II = 1> <Delay = 0.53> <IPBlock> <Opcode : 'add' 'sub' 'mul' 'select'> <InPorts = 0> <OutPorts = 1> <Sync> <CReg>
ST_3 : Operation 1606 [1/2] ( I:0.67ns O:0.67ns )   --->   "%XW_block_121_load = load i4 %XW_block_121_addr" [src/integrated-gcn/gemm_stage.cpp:110]   --->   Operation 1606 'load' 'XW_block_121_load' <Predicate = true> <Delay = 0.67> <CoreInst = "RAM">   --->   Core 82 'RAM' <Latency = 1> <II = 1> <Delay = 0.67> <Storage> <Opcode : 'load' 'store'> <Ports = 2> <Width = 32> <Depth = 16> <RAM>
ST_3 : Operation 1607 [2/2] (0.64ns) (root node of the DSP)   --->   "%add_ln110_121 = add i32 %XW_block_121_load, i32 %mul_ln110_121" [src/integrated-gcn/gemm_stage.cpp:110]   --->   Operation 1607 'add' 'add_ln110_121' <Predicate = true> <Delay = 0.64> <CoreInst = "DSP48">   --->   Core 124 'DSP48' <Latency = 3> <II = 1> <Delay = 0.53> <IPBlock> <Opcode : 'add' 'sub' 'mul' 'select'> <InPorts = 0> <OutPorts = 1> <Sync> <CReg>
ST_3 : Operation 1608 [1/3] (0.00ns) (grouped into DSP with root node add_ln110_122)   --->   "%mul_ln110_122 = mul i32 %sext_ln110_65, i32 %sext_ln110_58_cast" [src/integrated-gcn/gemm_stage.cpp:110]   --->   Operation 1608 'mul' 'mul_ln110_122' <Predicate = true> <Delay = 0.00> <CoreInst = "DSP48">   --->   Core 124 'DSP48' <Latency = 3> <II = 1> <Delay = 0.53> <IPBlock> <Opcode : 'add' 'sub' 'mul' 'select'> <InPorts = 0> <OutPorts = 1> <Sync> <CReg>
ST_3 : Operation 1609 [1/2] ( I:0.67ns O:0.67ns )   --->   "%XW_block_122_load = load i4 %XW_block_122_addr" [src/integrated-gcn/gemm_stage.cpp:110]   --->   Operation 1609 'load' 'XW_block_122_load' <Predicate = true> <Delay = 0.67> <CoreInst = "RAM">   --->   Core 82 'RAM' <Latency = 1> <II = 1> <Delay = 0.67> <Storage> <Opcode : 'load' 'store'> <Ports = 2> <Width = 32> <Depth = 16> <RAM>
ST_3 : Operation 1610 [2/2] (0.64ns) (root node of the DSP)   --->   "%add_ln110_122 = add i32 %XW_block_122_load, i32 %mul_ln110_122" [src/integrated-gcn/gemm_stage.cpp:110]   --->   Operation 1610 'add' 'add_ln110_122' <Predicate = true> <Delay = 0.64> <CoreInst = "DSP48">   --->   Core 124 'DSP48' <Latency = 3> <II = 1> <Delay = 0.53> <IPBlock> <Opcode : 'add' 'sub' 'mul' 'select'> <InPorts = 0> <OutPorts = 1> <Sync> <CReg>
ST_3 : Operation 1611 [1/3] (0.00ns) (grouped into DSP with root node add_ln110_123)   --->   "%mul_ln110_123 = mul i32 %sext_ln110_65, i32 %sext_ln110_59_cast" [src/integrated-gcn/gemm_stage.cpp:110]   --->   Operation 1611 'mul' 'mul_ln110_123' <Predicate = true> <Delay = 0.00> <CoreInst = "DSP48">   --->   Core 124 'DSP48' <Latency = 3> <II = 1> <Delay = 0.53> <IPBlock> <Opcode : 'add' 'sub' 'mul' 'select'> <InPorts = 0> <OutPorts = 1> <Sync> <CReg>
ST_3 : Operation 1612 [1/2] ( I:0.67ns O:0.67ns )   --->   "%XW_block_123_load = load i4 %XW_block_123_addr" [src/integrated-gcn/gemm_stage.cpp:110]   --->   Operation 1612 'load' 'XW_block_123_load' <Predicate = true> <Delay = 0.67> <CoreInst = "RAM">   --->   Core 82 'RAM' <Latency = 1> <II = 1> <Delay = 0.67> <Storage> <Opcode : 'load' 'store'> <Ports = 2> <Width = 32> <Depth = 16> <RAM>
ST_3 : Operation 1613 [2/2] (0.64ns) (root node of the DSP)   --->   "%add_ln110_123 = add i32 %XW_block_123_load, i32 %mul_ln110_123" [src/integrated-gcn/gemm_stage.cpp:110]   --->   Operation 1613 'add' 'add_ln110_123' <Predicate = true> <Delay = 0.64> <CoreInst = "DSP48">   --->   Core 124 'DSP48' <Latency = 3> <II = 1> <Delay = 0.53> <IPBlock> <Opcode : 'add' 'sub' 'mul' 'select'> <InPorts = 0> <OutPorts = 1> <Sync> <CReg>
ST_3 : Operation 1614 [1/3] (0.00ns) (grouped into DSP with root node add_ln110_124)   --->   "%mul_ln110_124 = mul i32 %sext_ln110_65, i32 %sext_ln110_60_cast" [src/integrated-gcn/gemm_stage.cpp:110]   --->   Operation 1614 'mul' 'mul_ln110_124' <Predicate = true> <Delay = 0.00> <CoreInst = "DSP48">   --->   Core 124 'DSP48' <Latency = 3> <II = 1> <Delay = 0.53> <IPBlock> <Opcode : 'add' 'sub' 'mul' 'select'> <InPorts = 0> <OutPorts = 1> <Sync> <CReg>
ST_3 : Operation 1615 [1/2] ( I:0.67ns O:0.67ns )   --->   "%XW_block_124_load = load i4 %XW_block_124_addr" [src/integrated-gcn/gemm_stage.cpp:110]   --->   Operation 1615 'load' 'XW_block_124_load' <Predicate = true> <Delay = 0.67> <CoreInst = "RAM">   --->   Core 82 'RAM' <Latency = 1> <II = 1> <Delay = 0.67> <Storage> <Opcode : 'load' 'store'> <Ports = 2> <Width = 32> <Depth = 16> <RAM>
ST_3 : Operation 1616 [2/2] (0.64ns) (root node of the DSP)   --->   "%add_ln110_124 = add i32 %XW_block_124_load, i32 %mul_ln110_124" [src/integrated-gcn/gemm_stage.cpp:110]   --->   Operation 1616 'add' 'add_ln110_124' <Predicate = true> <Delay = 0.64> <CoreInst = "DSP48">   --->   Core 124 'DSP48' <Latency = 3> <II = 1> <Delay = 0.53> <IPBlock> <Opcode : 'add' 'sub' 'mul' 'select'> <InPorts = 0> <OutPorts = 1> <Sync> <CReg>
ST_3 : Operation 1617 [1/3] (0.00ns) (grouped into DSP with root node add_ln110_125)   --->   "%mul_ln110_125 = mul i32 %sext_ln110_65, i32 %sext_ln110_61_cast" [src/integrated-gcn/gemm_stage.cpp:110]   --->   Operation 1617 'mul' 'mul_ln110_125' <Predicate = true> <Delay = 0.00> <CoreInst = "DSP48">   --->   Core 124 'DSP48' <Latency = 3> <II = 1> <Delay = 0.53> <IPBlock> <Opcode : 'add' 'sub' 'mul' 'select'> <InPorts = 0> <OutPorts = 1> <Sync> <CReg>
ST_3 : Operation 1618 [1/2] ( I:0.67ns O:0.67ns )   --->   "%XW_block_125_load = load i4 %XW_block_125_addr" [src/integrated-gcn/gemm_stage.cpp:110]   --->   Operation 1618 'load' 'XW_block_125_load' <Predicate = true> <Delay = 0.67> <CoreInst = "RAM">   --->   Core 82 'RAM' <Latency = 1> <II = 1> <Delay = 0.67> <Storage> <Opcode : 'load' 'store'> <Ports = 2> <Width = 32> <Depth = 16> <RAM>
ST_3 : Operation 1619 [2/2] (0.64ns) (root node of the DSP)   --->   "%add_ln110_125 = add i32 %XW_block_125_load, i32 %mul_ln110_125" [src/integrated-gcn/gemm_stage.cpp:110]   --->   Operation 1619 'add' 'add_ln110_125' <Predicate = true> <Delay = 0.64> <CoreInst = "DSP48">   --->   Core 124 'DSP48' <Latency = 3> <II = 1> <Delay = 0.53> <IPBlock> <Opcode : 'add' 'sub' 'mul' 'select'> <InPorts = 0> <OutPorts = 1> <Sync> <CReg>
ST_3 : Operation 1620 [1/3] (0.00ns) (grouped into DSP with root node add_ln110_126)   --->   "%mul_ln110_126 = mul i32 %sext_ln110_65, i32 %sext_ln110_62_cast" [src/integrated-gcn/gemm_stage.cpp:110]   --->   Operation 1620 'mul' 'mul_ln110_126' <Predicate = true> <Delay = 0.00> <CoreInst = "DSP48">   --->   Core 124 'DSP48' <Latency = 3> <II = 1> <Delay = 0.53> <IPBlock> <Opcode : 'add' 'sub' 'mul' 'select'> <InPorts = 0> <OutPorts = 1> <Sync> <CReg>
ST_3 : Operation 1621 [1/2] ( I:0.67ns O:0.67ns )   --->   "%XW_block_126_load = load i4 %XW_block_126_addr" [src/integrated-gcn/gemm_stage.cpp:110]   --->   Operation 1621 'load' 'XW_block_126_load' <Predicate = true> <Delay = 0.67> <CoreInst = "RAM">   --->   Core 82 'RAM' <Latency = 1> <II = 1> <Delay = 0.67> <Storage> <Opcode : 'load' 'store'> <Ports = 2> <Width = 32> <Depth = 16> <RAM>
ST_3 : Operation 1622 [2/2] (0.64ns) (root node of the DSP)   --->   "%add_ln110_126 = add i32 %XW_block_126_load, i32 %mul_ln110_126" [src/integrated-gcn/gemm_stage.cpp:110]   --->   Operation 1622 'add' 'add_ln110_126' <Predicate = true> <Delay = 0.64> <CoreInst = "DSP48">   --->   Core 124 'DSP48' <Latency = 3> <II = 1> <Delay = 0.53> <IPBlock> <Opcode : 'add' 'sub' 'mul' 'select'> <InPorts = 0> <OutPorts = 1> <Sync> <CReg>
ST_3 : Operation 1623 [1/3] (0.00ns) (grouped into DSP with root node add_ln110_127)   --->   "%mul_ln110_127 = mul i32 %sext_ln110_65, i32 %sext_ln110_63_cast" [src/integrated-gcn/gemm_stage.cpp:110]   --->   Operation 1623 'mul' 'mul_ln110_127' <Predicate = true> <Delay = 0.00> <CoreInst = "DSP48">   --->   Core 124 'DSP48' <Latency = 3> <II = 1> <Delay = 0.53> <IPBlock> <Opcode : 'add' 'sub' 'mul' 'select'> <InPorts = 0> <OutPorts = 1> <Sync> <CReg>
ST_3 : Operation 1624 [1/2] ( I:0.67ns O:0.67ns )   --->   "%XW_block_127_load = load i4 %XW_block_127_addr" [src/integrated-gcn/gemm_stage.cpp:110]   --->   Operation 1624 'load' 'XW_block_127_load' <Predicate = true> <Delay = 0.67> <CoreInst = "RAM">   --->   Core 82 'RAM' <Latency = 1> <II = 1> <Delay = 0.67> <Storage> <Opcode : 'load' 'store'> <Ports = 2> <Width = 32> <Depth = 16> <RAM>
ST_3 : Operation 1625 [2/2] (0.64ns) (root node of the DSP)   --->   "%add_ln110_127 = add i32 %XW_block_127_load, i32 %mul_ln110_127" [src/integrated-gcn/gemm_stage.cpp:110]   --->   Operation 1625 'add' 'add_ln110_127' <Predicate = true> <Delay = 0.64> <CoreInst = "DSP48">   --->   Core 124 'DSP48' <Latency = 3> <II = 1> <Delay = 0.53> <IPBlock> <Opcode : 'add' 'sub' 'mul' 'select'> <InPorts = 0> <OutPorts = 1> <Sync> <CReg>
ST_3 : Operation 1626 [1/3] (0.00ns) (grouped into DSP with root node add_ln110_128)   --->   "%mul_ln110_128 = mul i32 %sext_ln110_66, i32 %sext_ln110_cast" [src/integrated-gcn/gemm_stage.cpp:110]   --->   Operation 1626 'mul' 'mul_ln110_128' <Predicate = true> <Delay = 0.00> <CoreInst = "DSP48">   --->   Core 124 'DSP48' <Latency = 3> <II = 1> <Delay = 0.53> <IPBlock> <Opcode : 'add' 'sub' 'mul' 'select'> <InPorts = 0> <OutPorts = 1> <Sync> <CReg>
ST_3 : Operation 1627 [1/2] ( I:0.67ns O:0.67ns )   --->   "%XW_block_128_load = load i4 %XW_block_128_addr" [src/integrated-gcn/gemm_stage.cpp:110]   --->   Operation 1627 'load' 'XW_block_128_load' <Predicate = true> <Delay = 0.67> <CoreInst = "RAM">   --->   Core 82 'RAM' <Latency = 1> <II = 1> <Delay = 0.67> <Storage> <Opcode : 'load' 'store'> <Ports = 2> <Width = 32> <Depth = 16> <RAM>
ST_3 : Operation 1628 [2/2] (0.64ns) (root node of the DSP)   --->   "%add_ln110_128 = add i32 %XW_block_128_load, i32 %mul_ln110_128" [src/integrated-gcn/gemm_stage.cpp:110]   --->   Operation 1628 'add' 'add_ln110_128' <Predicate = true> <Delay = 0.64> <CoreInst = "DSP48">   --->   Core 124 'DSP48' <Latency = 3> <II = 1> <Delay = 0.53> <IPBlock> <Opcode : 'add' 'sub' 'mul' 'select'> <InPorts = 0> <OutPorts = 1> <Sync> <CReg>
ST_3 : Operation 1629 [1/3] (0.00ns) (grouped into DSP with root node add_ln110_129)   --->   "%mul_ln110_129 = mul i32 %sext_ln110_66, i32 %sext_ln110_1_cast" [src/integrated-gcn/gemm_stage.cpp:110]   --->   Operation 1629 'mul' 'mul_ln110_129' <Predicate = true> <Delay = 0.00> <CoreInst = "DSP48">   --->   Core 124 'DSP48' <Latency = 3> <II = 1> <Delay = 0.53> <IPBlock> <Opcode : 'add' 'sub' 'mul' 'select'> <InPorts = 0> <OutPorts = 1> <Sync> <CReg>
ST_3 : Operation 1630 [1/2] ( I:0.67ns O:0.67ns )   --->   "%XW_block_129_load = load i4 %XW_block_129_addr" [src/integrated-gcn/gemm_stage.cpp:110]   --->   Operation 1630 'load' 'XW_block_129_load' <Predicate = true> <Delay = 0.67> <CoreInst = "RAM">   --->   Core 82 'RAM' <Latency = 1> <II = 1> <Delay = 0.67> <Storage> <Opcode : 'load' 'store'> <Ports = 2> <Width = 32> <Depth = 16> <RAM>
ST_3 : Operation 1631 [2/2] (0.64ns) (root node of the DSP)   --->   "%add_ln110_129 = add i32 %XW_block_129_load, i32 %mul_ln110_129" [src/integrated-gcn/gemm_stage.cpp:110]   --->   Operation 1631 'add' 'add_ln110_129' <Predicate = true> <Delay = 0.64> <CoreInst = "DSP48">   --->   Core 124 'DSP48' <Latency = 3> <II = 1> <Delay = 0.53> <IPBlock> <Opcode : 'add' 'sub' 'mul' 'select'> <InPorts = 0> <OutPorts = 1> <Sync> <CReg>
ST_3 : Operation 1632 [1/3] (0.00ns) (grouped into DSP with root node add_ln110_130)   --->   "%mul_ln110_130 = mul i32 %sext_ln110_66, i32 %sext_ln110_2_cast" [src/integrated-gcn/gemm_stage.cpp:110]   --->   Operation 1632 'mul' 'mul_ln110_130' <Predicate = true> <Delay = 0.00> <CoreInst = "DSP48">   --->   Core 124 'DSP48' <Latency = 3> <II = 1> <Delay = 0.53> <IPBlock> <Opcode : 'add' 'sub' 'mul' 'select'> <InPorts = 0> <OutPorts = 1> <Sync> <CReg>
ST_3 : Operation 1633 [1/2] ( I:0.67ns O:0.67ns )   --->   "%XW_block_130_load = load i4 %XW_block_130_addr" [src/integrated-gcn/gemm_stage.cpp:110]   --->   Operation 1633 'load' 'XW_block_130_load' <Predicate = true> <Delay = 0.67> <CoreInst = "RAM">   --->   Core 82 'RAM' <Latency = 1> <II = 1> <Delay = 0.67> <Storage> <Opcode : 'load' 'store'> <Ports = 2> <Width = 32> <Depth = 16> <RAM>
ST_3 : Operation 1634 [2/2] (0.64ns) (root node of the DSP)   --->   "%add_ln110_130 = add i32 %XW_block_130_load, i32 %mul_ln110_130" [src/integrated-gcn/gemm_stage.cpp:110]   --->   Operation 1634 'add' 'add_ln110_130' <Predicate = true> <Delay = 0.64> <CoreInst = "DSP48">   --->   Core 124 'DSP48' <Latency = 3> <II = 1> <Delay = 0.53> <IPBlock> <Opcode : 'add' 'sub' 'mul' 'select'> <InPorts = 0> <OutPorts = 1> <Sync> <CReg>
ST_3 : Operation 1635 [1/3] (0.00ns) (grouped into DSP with root node add_ln110_131)   --->   "%mul_ln110_131 = mul i32 %sext_ln110_66, i32 %sext_ln110_3_cast" [src/integrated-gcn/gemm_stage.cpp:110]   --->   Operation 1635 'mul' 'mul_ln110_131' <Predicate = true> <Delay = 0.00> <CoreInst = "DSP48">   --->   Core 124 'DSP48' <Latency = 3> <II = 1> <Delay = 0.53> <IPBlock> <Opcode : 'add' 'sub' 'mul' 'select'> <InPorts = 0> <OutPorts = 1> <Sync> <CReg>
ST_3 : Operation 1636 [1/2] ( I:0.67ns O:0.67ns )   --->   "%XW_block_131_load = load i4 %XW_block_131_addr" [src/integrated-gcn/gemm_stage.cpp:110]   --->   Operation 1636 'load' 'XW_block_131_load' <Predicate = true> <Delay = 0.67> <CoreInst = "RAM">   --->   Core 82 'RAM' <Latency = 1> <II = 1> <Delay = 0.67> <Storage> <Opcode : 'load' 'store'> <Ports = 2> <Width = 32> <Depth = 16> <RAM>
ST_3 : Operation 1637 [2/2] (0.64ns) (root node of the DSP)   --->   "%add_ln110_131 = add i32 %XW_block_131_load, i32 %mul_ln110_131" [src/integrated-gcn/gemm_stage.cpp:110]   --->   Operation 1637 'add' 'add_ln110_131' <Predicate = true> <Delay = 0.64> <CoreInst = "DSP48">   --->   Core 124 'DSP48' <Latency = 3> <II = 1> <Delay = 0.53> <IPBlock> <Opcode : 'add' 'sub' 'mul' 'select'> <InPorts = 0> <OutPorts = 1> <Sync> <CReg>
ST_3 : Operation 1638 [1/3] (0.00ns) (grouped into DSP with root node add_ln110_132)   --->   "%mul_ln110_132 = mul i32 %sext_ln110_66, i32 %sext_ln110_4_cast" [src/integrated-gcn/gemm_stage.cpp:110]   --->   Operation 1638 'mul' 'mul_ln110_132' <Predicate = true> <Delay = 0.00> <CoreInst = "DSP48">   --->   Core 124 'DSP48' <Latency = 3> <II = 1> <Delay = 0.53> <IPBlock> <Opcode : 'add' 'sub' 'mul' 'select'> <InPorts = 0> <OutPorts = 1> <Sync> <CReg>
ST_3 : Operation 1639 [1/2] ( I:0.67ns O:0.67ns )   --->   "%XW_block_132_load = load i4 %XW_block_132_addr" [src/integrated-gcn/gemm_stage.cpp:110]   --->   Operation 1639 'load' 'XW_block_132_load' <Predicate = true> <Delay = 0.67> <CoreInst = "RAM">   --->   Core 82 'RAM' <Latency = 1> <II = 1> <Delay = 0.67> <Storage> <Opcode : 'load' 'store'> <Ports = 2> <Width = 32> <Depth = 16> <RAM>
ST_3 : Operation 1640 [2/2] (0.64ns) (root node of the DSP)   --->   "%add_ln110_132 = add i32 %XW_block_132_load, i32 %mul_ln110_132" [src/integrated-gcn/gemm_stage.cpp:110]   --->   Operation 1640 'add' 'add_ln110_132' <Predicate = true> <Delay = 0.64> <CoreInst = "DSP48">   --->   Core 124 'DSP48' <Latency = 3> <II = 1> <Delay = 0.53> <IPBlock> <Opcode : 'add' 'sub' 'mul' 'select'> <InPorts = 0> <OutPorts = 1> <Sync> <CReg>
ST_3 : Operation 1641 [1/3] (0.00ns) (grouped into DSP with root node add_ln110_133)   --->   "%mul_ln110_133 = mul i32 %sext_ln110_66, i32 %sext_ln110_5_cast" [src/integrated-gcn/gemm_stage.cpp:110]   --->   Operation 1641 'mul' 'mul_ln110_133' <Predicate = true> <Delay = 0.00> <CoreInst = "DSP48">   --->   Core 124 'DSP48' <Latency = 3> <II = 1> <Delay = 0.53> <IPBlock> <Opcode : 'add' 'sub' 'mul' 'select'> <InPorts = 0> <OutPorts = 1> <Sync> <CReg>
ST_3 : Operation 1642 [1/2] ( I:0.67ns O:0.67ns )   --->   "%XW_block_133_load = load i4 %XW_block_133_addr" [src/integrated-gcn/gemm_stage.cpp:110]   --->   Operation 1642 'load' 'XW_block_133_load' <Predicate = true> <Delay = 0.67> <CoreInst = "RAM">   --->   Core 82 'RAM' <Latency = 1> <II = 1> <Delay = 0.67> <Storage> <Opcode : 'load' 'store'> <Ports = 2> <Width = 32> <Depth = 16> <RAM>
ST_3 : Operation 1643 [2/2] (0.64ns) (root node of the DSP)   --->   "%add_ln110_133 = add i32 %XW_block_133_load, i32 %mul_ln110_133" [src/integrated-gcn/gemm_stage.cpp:110]   --->   Operation 1643 'add' 'add_ln110_133' <Predicate = true> <Delay = 0.64> <CoreInst = "DSP48">   --->   Core 124 'DSP48' <Latency = 3> <II = 1> <Delay = 0.53> <IPBlock> <Opcode : 'add' 'sub' 'mul' 'select'> <InPorts = 0> <OutPorts = 1> <Sync> <CReg>
ST_3 : Operation 1644 [1/3] (0.00ns) (grouped into DSP with root node add_ln110_134)   --->   "%mul_ln110_134 = mul i32 %sext_ln110_66, i32 %sext_ln110_6_cast" [src/integrated-gcn/gemm_stage.cpp:110]   --->   Operation 1644 'mul' 'mul_ln110_134' <Predicate = true> <Delay = 0.00> <CoreInst = "DSP48">   --->   Core 124 'DSP48' <Latency = 3> <II = 1> <Delay = 0.53> <IPBlock> <Opcode : 'add' 'sub' 'mul' 'select'> <InPorts = 0> <OutPorts = 1> <Sync> <CReg>
ST_3 : Operation 1645 [1/2] ( I:0.67ns O:0.67ns )   --->   "%XW_block_134_load = load i4 %XW_block_134_addr" [src/integrated-gcn/gemm_stage.cpp:110]   --->   Operation 1645 'load' 'XW_block_134_load' <Predicate = true> <Delay = 0.67> <CoreInst = "RAM">   --->   Core 82 'RAM' <Latency = 1> <II = 1> <Delay = 0.67> <Storage> <Opcode : 'load' 'store'> <Ports = 2> <Width = 32> <Depth = 16> <RAM>
ST_3 : Operation 1646 [2/2] (0.64ns) (root node of the DSP)   --->   "%add_ln110_134 = add i32 %XW_block_134_load, i32 %mul_ln110_134" [src/integrated-gcn/gemm_stage.cpp:110]   --->   Operation 1646 'add' 'add_ln110_134' <Predicate = true> <Delay = 0.64> <CoreInst = "DSP48">   --->   Core 124 'DSP48' <Latency = 3> <II = 1> <Delay = 0.53> <IPBlock> <Opcode : 'add' 'sub' 'mul' 'select'> <InPorts = 0> <OutPorts = 1> <Sync> <CReg>
ST_3 : Operation 1647 [1/3] (0.00ns) (grouped into DSP with root node add_ln110_135)   --->   "%mul_ln110_135 = mul i32 %sext_ln110_66, i32 %sext_ln110_7_cast" [src/integrated-gcn/gemm_stage.cpp:110]   --->   Operation 1647 'mul' 'mul_ln110_135' <Predicate = true> <Delay = 0.00> <CoreInst = "DSP48">   --->   Core 124 'DSP48' <Latency = 3> <II = 1> <Delay = 0.53> <IPBlock> <Opcode : 'add' 'sub' 'mul' 'select'> <InPorts = 0> <OutPorts = 1> <Sync> <CReg>
ST_3 : Operation 1648 [1/2] ( I:0.67ns O:0.67ns )   --->   "%XW_block_135_load = load i4 %XW_block_135_addr" [src/integrated-gcn/gemm_stage.cpp:110]   --->   Operation 1648 'load' 'XW_block_135_load' <Predicate = true> <Delay = 0.67> <CoreInst = "RAM">   --->   Core 82 'RAM' <Latency = 1> <II = 1> <Delay = 0.67> <Storage> <Opcode : 'load' 'store'> <Ports = 2> <Width = 32> <Depth = 16> <RAM>
ST_3 : Operation 1649 [2/2] (0.64ns) (root node of the DSP)   --->   "%add_ln110_135 = add i32 %XW_block_135_load, i32 %mul_ln110_135" [src/integrated-gcn/gemm_stage.cpp:110]   --->   Operation 1649 'add' 'add_ln110_135' <Predicate = true> <Delay = 0.64> <CoreInst = "DSP48">   --->   Core 124 'DSP48' <Latency = 3> <II = 1> <Delay = 0.53> <IPBlock> <Opcode : 'add' 'sub' 'mul' 'select'> <InPorts = 0> <OutPorts = 1> <Sync> <CReg>
ST_3 : Operation 1650 [1/3] (0.00ns) (grouped into DSP with root node add_ln110_136)   --->   "%mul_ln110_136 = mul i32 %sext_ln110_66, i32 %sext_ln110_8_cast" [src/integrated-gcn/gemm_stage.cpp:110]   --->   Operation 1650 'mul' 'mul_ln110_136' <Predicate = true> <Delay = 0.00> <CoreInst = "DSP48">   --->   Core 124 'DSP48' <Latency = 3> <II = 1> <Delay = 0.53> <IPBlock> <Opcode : 'add' 'sub' 'mul' 'select'> <InPorts = 0> <OutPorts = 1> <Sync> <CReg>
ST_3 : Operation 1651 [1/2] ( I:0.67ns O:0.67ns )   --->   "%XW_block_136_load = load i4 %XW_block_136_addr" [src/integrated-gcn/gemm_stage.cpp:110]   --->   Operation 1651 'load' 'XW_block_136_load' <Predicate = true> <Delay = 0.67> <CoreInst = "RAM">   --->   Core 82 'RAM' <Latency = 1> <II = 1> <Delay = 0.67> <Storage> <Opcode : 'load' 'store'> <Ports = 2> <Width = 32> <Depth = 16> <RAM>
ST_3 : Operation 1652 [2/2] (0.64ns) (root node of the DSP)   --->   "%add_ln110_136 = add i32 %XW_block_136_load, i32 %mul_ln110_136" [src/integrated-gcn/gemm_stage.cpp:110]   --->   Operation 1652 'add' 'add_ln110_136' <Predicate = true> <Delay = 0.64> <CoreInst = "DSP48">   --->   Core 124 'DSP48' <Latency = 3> <II = 1> <Delay = 0.53> <IPBlock> <Opcode : 'add' 'sub' 'mul' 'select'> <InPorts = 0> <OutPorts = 1> <Sync> <CReg>
ST_3 : Operation 1653 [1/3] (0.00ns) (grouped into DSP with root node add_ln110_137)   --->   "%mul_ln110_137 = mul i32 %sext_ln110_66, i32 %sext_ln110_9_cast" [src/integrated-gcn/gemm_stage.cpp:110]   --->   Operation 1653 'mul' 'mul_ln110_137' <Predicate = true> <Delay = 0.00> <CoreInst = "DSP48">   --->   Core 124 'DSP48' <Latency = 3> <II = 1> <Delay = 0.53> <IPBlock> <Opcode : 'add' 'sub' 'mul' 'select'> <InPorts = 0> <OutPorts = 1> <Sync> <CReg>
ST_3 : Operation 1654 [1/2] ( I:0.67ns O:0.67ns )   --->   "%XW_block_137_load = load i4 %XW_block_137_addr" [src/integrated-gcn/gemm_stage.cpp:110]   --->   Operation 1654 'load' 'XW_block_137_load' <Predicate = true> <Delay = 0.67> <CoreInst = "RAM">   --->   Core 82 'RAM' <Latency = 1> <II = 1> <Delay = 0.67> <Storage> <Opcode : 'load' 'store'> <Ports = 2> <Width = 32> <Depth = 16> <RAM>
ST_3 : Operation 1655 [2/2] (0.64ns) (root node of the DSP)   --->   "%add_ln110_137 = add i32 %XW_block_137_load, i32 %mul_ln110_137" [src/integrated-gcn/gemm_stage.cpp:110]   --->   Operation 1655 'add' 'add_ln110_137' <Predicate = true> <Delay = 0.64> <CoreInst = "DSP48">   --->   Core 124 'DSP48' <Latency = 3> <II = 1> <Delay = 0.53> <IPBlock> <Opcode : 'add' 'sub' 'mul' 'select'> <InPorts = 0> <OutPorts = 1> <Sync> <CReg>
ST_3 : Operation 1656 [1/3] (0.00ns) (grouped into DSP with root node add_ln110_138)   --->   "%mul_ln110_138 = mul i32 %sext_ln110_66, i32 %sext_ln110_10_cast" [src/integrated-gcn/gemm_stage.cpp:110]   --->   Operation 1656 'mul' 'mul_ln110_138' <Predicate = true> <Delay = 0.00> <CoreInst = "DSP48">   --->   Core 124 'DSP48' <Latency = 3> <II = 1> <Delay = 0.53> <IPBlock> <Opcode : 'add' 'sub' 'mul' 'select'> <InPorts = 0> <OutPorts = 1> <Sync> <CReg>
ST_3 : Operation 1657 [1/2] ( I:0.67ns O:0.67ns )   --->   "%XW_block_138_load = load i4 %XW_block_138_addr" [src/integrated-gcn/gemm_stage.cpp:110]   --->   Operation 1657 'load' 'XW_block_138_load' <Predicate = true> <Delay = 0.67> <CoreInst = "RAM">   --->   Core 82 'RAM' <Latency = 1> <II = 1> <Delay = 0.67> <Storage> <Opcode : 'load' 'store'> <Ports = 2> <Width = 32> <Depth = 16> <RAM>
ST_3 : Operation 1658 [2/2] (0.64ns) (root node of the DSP)   --->   "%add_ln110_138 = add i32 %XW_block_138_load, i32 %mul_ln110_138" [src/integrated-gcn/gemm_stage.cpp:110]   --->   Operation 1658 'add' 'add_ln110_138' <Predicate = true> <Delay = 0.64> <CoreInst = "DSP48">   --->   Core 124 'DSP48' <Latency = 3> <II = 1> <Delay = 0.53> <IPBlock> <Opcode : 'add' 'sub' 'mul' 'select'> <InPorts = 0> <OutPorts = 1> <Sync> <CReg>
ST_3 : Operation 1659 [1/3] (0.00ns) (grouped into DSP with root node add_ln110_139)   --->   "%mul_ln110_139 = mul i32 %sext_ln110_66, i32 %sext_ln110_11_cast" [src/integrated-gcn/gemm_stage.cpp:110]   --->   Operation 1659 'mul' 'mul_ln110_139' <Predicate = true> <Delay = 0.00> <CoreInst = "DSP48">   --->   Core 124 'DSP48' <Latency = 3> <II = 1> <Delay = 0.53> <IPBlock> <Opcode : 'add' 'sub' 'mul' 'select'> <InPorts = 0> <OutPorts = 1> <Sync> <CReg>
ST_3 : Operation 1660 [1/2] ( I:0.67ns O:0.67ns )   --->   "%XW_block_139_load = load i4 %XW_block_139_addr" [src/integrated-gcn/gemm_stage.cpp:110]   --->   Operation 1660 'load' 'XW_block_139_load' <Predicate = true> <Delay = 0.67> <CoreInst = "RAM">   --->   Core 82 'RAM' <Latency = 1> <II = 1> <Delay = 0.67> <Storage> <Opcode : 'load' 'store'> <Ports = 2> <Width = 32> <Depth = 16> <RAM>
ST_3 : Operation 1661 [2/2] (0.64ns) (root node of the DSP)   --->   "%add_ln110_139 = add i32 %XW_block_139_load, i32 %mul_ln110_139" [src/integrated-gcn/gemm_stage.cpp:110]   --->   Operation 1661 'add' 'add_ln110_139' <Predicate = true> <Delay = 0.64> <CoreInst = "DSP48">   --->   Core 124 'DSP48' <Latency = 3> <II = 1> <Delay = 0.53> <IPBlock> <Opcode : 'add' 'sub' 'mul' 'select'> <InPorts = 0> <OutPorts = 1> <Sync> <CReg>
ST_3 : Operation 1662 [1/3] (0.00ns) (grouped into DSP with root node add_ln110_140)   --->   "%mul_ln110_140 = mul i32 %sext_ln110_66, i32 %sext_ln110_12_cast" [src/integrated-gcn/gemm_stage.cpp:110]   --->   Operation 1662 'mul' 'mul_ln110_140' <Predicate = true> <Delay = 0.00> <CoreInst = "DSP48">   --->   Core 124 'DSP48' <Latency = 3> <II = 1> <Delay = 0.53> <IPBlock> <Opcode : 'add' 'sub' 'mul' 'select'> <InPorts = 0> <OutPorts = 1> <Sync> <CReg>
ST_3 : Operation 1663 [1/2] ( I:0.67ns O:0.67ns )   --->   "%XW_block_140_load = load i4 %XW_block_140_addr" [src/integrated-gcn/gemm_stage.cpp:110]   --->   Operation 1663 'load' 'XW_block_140_load' <Predicate = true> <Delay = 0.67> <CoreInst = "RAM">   --->   Core 82 'RAM' <Latency = 1> <II = 1> <Delay = 0.67> <Storage> <Opcode : 'load' 'store'> <Ports = 2> <Width = 32> <Depth = 16> <RAM>
ST_3 : Operation 1664 [2/2] (0.64ns) (root node of the DSP)   --->   "%add_ln110_140 = add i32 %XW_block_140_load, i32 %mul_ln110_140" [src/integrated-gcn/gemm_stage.cpp:110]   --->   Operation 1664 'add' 'add_ln110_140' <Predicate = true> <Delay = 0.64> <CoreInst = "DSP48">   --->   Core 124 'DSP48' <Latency = 3> <II = 1> <Delay = 0.53> <IPBlock> <Opcode : 'add' 'sub' 'mul' 'select'> <InPorts = 0> <OutPorts = 1> <Sync> <CReg>
ST_3 : Operation 1665 [1/3] (0.00ns) (grouped into DSP with root node add_ln110_141)   --->   "%mul_ln110_141 = mul i32 %sext_ln110_66, i32 %sext_ln110_13_cast" [src/integrated-gcn/gemm_stage.cpp:110]   --->   Operation 1665 'mul' 'mul_ln110_141' <Predicate = true> <Delay = 0.00> <CoreInst = "DSP48">   --->   Core 124 'DSP48' <Latency = 3> <II = 1> <Delay = 0.53> <IPBlock> <Opcode : 'add' 'sub' 'mul' 'select'> <InPorts = 0> <OutPorts = 1> <Sync> <CReg>
ST_3 : Operation 1666 [1/2] ( I:0.67ns O:0.67ns )   --->   "%XW_block_141_load = load i4 %XW_block_141_addr" [src/integrated-gcn/gemm_stage.cpp:110]   --->   Operation 1666 'load' 'XW_block_141_load' <Predicate = true> <Delay = 0.67> <CoreInst = "RAM">   --->   Core 82 'RAM' <Latency = 1> <II = 1> <Delay = 0.67> <Storage> <Opcode : 'load' 'store'> <Ports = 2> <Width = 32> <Depth = 16> <RAM>
ST_3 : Operation 1667 [2/2] (0.64ns) (root node of the DSP)   --->   "%add_ln110_141 = add i32 %XW_block_141_load, i32 %mul_ln110_141" [src/integrated-gcn/gemm_stage.cpp:110]   --->   Operation 1667 'add' 'add_ln110_141' <Predicate = true> <Delay = 0.64> <CoreInst = "DSP48">   --->   Core 124 'DSP48' <Latency = 3> <II = 1> <Delay = 0.53> <IPBlock> <Opcode : 'add' 'sub' 'mul' 'select'> <InPorts = 0> <OutPorts = 1> <Sync> <CReg>
ST_3 : Operation 1668 [1/3] (0.00ns) (grouped into DSP with root node add_ln110_142)   --->   "%mul_ln110_142 = mul i32 %sext_ln110_66, i32 %sext_ln110_14_cast" [src/integrated-gcn/gemm_stage.cpp:110]   --->   Operation 1668 'mul' 'mul_ln110_142' <Predicate = true> <Delay = 0.00> <CoreInst = "DSP48">   --->   Core 124 'DSP48' <Latency = 3> <II = 1> <Delay = 0.53> <IPBlock> <Opcode : 'add' 'sub' 'mul' 'select'> <InPorts = 0> <OutPorts = 1> <Sync> <CReg>
ST_3 : Operation 1669 [1/2] ( I:0.67ns O:0.67ns )   --->   "%XW_block_142_load = load i4 %XW_block_142_addr" [src/integrated-gcn/gemm_stage.cpp:110]   --->   Operation 1669 'load' 'XW_block_142_load' <Predicate = true> <Delay = 0.67> <CoreInst = "RAM">   --->   Core 82 'RAM' <Latency = 1> <II = 1> <Delay = 0.67> <Storage> <Opcode : 'load' 'store'> <Ports = 2> <Width = 32> <Depth = 16> <RAM>
ST_3 : Operation 1670 [2/2] (0.64ns) (root node of the DSP)   --->   "%add_ln110_142 = add i32 %XW_block_142_load, i32 %mul_ln110_142" [src/integrated-gcn/gemm_stage.cpp:110]   --->   Operation 1670 'add' 'add_ln110_142' <Predicate = true> <Delay = 0.64> <CoreInst = "DSP48">   --->   Core 124 'DSP48' <Latency = 3> <II = 1> <Delay = 0.53> <IPBlock> <Opcode : 'add' 'sub' 'mul' 'select'> <InPorts = 0> <OutPorts = 1> <Sync> <CReg>
ST_3 : Operation 1671 [1/3] (0.00ns) (grouped into DSP with root node add_ln110_143)   --->   "%mul_ln110_143 = mul i32 %sext_ln110_66, i32 %sext_ln110_15_cast" [src/integrated-gcn/gemm_stage.cpp:110]   --->   Operation 1671 'mul' 'mul_ln110_143' <Predicate = true> <Delay = 0.00> <CoreInst = "DSP48">   --->   Core 124 'DSP48' <Latency = 3> <II = 1> <Delay = 0.53> <IPBlock> <Opcode : 'add' 'sub' 'mul' 'select'> <InPorts = 0> <OutPorts = 1> <Sync> <CReg>
ST_3 : Operation 1672 [1/2] ( I:0.67ns O:0.67ns )   --->   "%XW_block_143_load = load i4 %XW_block_143_addr" [src/integrated-gcn/gemm_stage.cpp:110]   --->   Operation 1672 'load' 'XW_block_143_load' <Predicate = true> <Delay = 0.67> <CoreInst = "RAM">   --->   Core 82 'RAM' <Latency = 1> <II = 1> <Delay = 0.67> <Storage> <Opcode : 'load' 'store'> <Ports = 2> <Width = 32> <Depth = 16> <RAM>
ST_3 : Operation 1673 [2/2] (0.64ns) (root node of the DSP)   --->   "%add_ln110_143 = add i32 %XW_block_143_load, i32 %mul_ln110_143" [src/integrated-gcn/gemm_stage.cpp:110]   --->   Operation 1673 'add' 'add_ln110_143' <Predicate = true> <Delay = 0.64> <CoreInst = "DSP48">   --->   Core 124 'DSP48' <Latency = 3> <II = 1> <Delay = 0.53> <IPBlock> <Opcode : 'add' 'sub' 'mul' 'select'> <InPorts = 0> <OutPorts = 1> <Sync> <CReg>
ST_3 : Operation 1674 [1/3] (0.00ns) (grouped into DSP with root node add_ln110_144)   --->   "%mul_ln110_144 = mul i32 %sext_ln110_66, i32 %sext_ln110_16_cast" [src/integrated-gcn/gemm_stage.cpp:110]   --->   Operation 1674 'mul' 'mul_ln110_144' <Predicate = true> <Delay = 0.00> <CoreInst = "DSP48">   --->   Core 124 'DSP48' <Latency = 3> <II = 1> <Delay = 0.53> <IPBlock> <Opcode : 'add' 'sub' 'mul' 'select'> <InPorts = 0> <OutPorts = 1> <Sync> <CReg>
ST_3 : Operation 1675 [1/2] ( I:0.67ns O:0.67ns )   --->   "%XW_block_144_load = load i4 %XW_block_144_addr" [src/integrated-gcn/gemm_stage.cpp:110]   --->   Operation 1675 'load' 'XW_block_144_load' <Predicate = true> <Delay = 0.67> <CoreInst = "RAM">   --->   Core 82 'RAM' <Latency = 1> <II = 1> <Delay = 0.67> <Storage> <Opcode : 'load' 'store'> <Ports = 2> <Width = 32> <Depth = 16> <RAM>
ST_3 : Operation 1676 [2/2] (0.64ns) (root node of the DSP)   --->   "%add_ln110_144 = add i32 %XW_block_144_load, i32 %mul_ln110_144" [src/integrated-gcn/gemm_stage.cpp:110]   --->   Operation 1676 'add' 'add_ln110_144' <Predicate = true> <Delay = 0.64> <CoreInst = "DSP48">   --->   Core 124 'DSP48' <Latency = 3> <II = 1> <Delay = 0.53> <IPBlock> <Opcode : 'add' 'sub' 'mul' 'select'> <InPorts = 0> <OutPorts = 1> <Sync> <CReg>
ST_3 : Operation 1677 [1/3] (0.00ns) (grouped into DSP with root node add_ln110_145)   --->   "%mul_ln110_145 = mul i32 %sext_ln110_66, i32 %sext_ln110_17_cast" [src/integrated-gcn/gemm_stage.cpp:110]   --->   Operation 1677 'mul' 'mul_ln110_145' <Predicate = true> <Delay = 0.00> <CoreInst = "DSP48">   --->   Core 124 'DSP48' <Latency = 3> <II = 1> <Delay = 0.53> <IPBlock> <Opcode : 'add' 'sub' 'mul' 'select'> <InPorts = 0> <OutPorts = 1> <Sync> <CReg>
ST_3 : Operation 1678 [1/2] ( I:0.67ns O:0.67ns )   --->   "%XW_block_145_load = load i4 %XW_block_145_addr" [src/integrated-gcn/gemm_stage.cpp:110]   --->   Operation 1678 'load' 'XW_block_145_load' <Predicate = true> <Delay = 0.67> <CoreInst = "RAM">   --->   Core 82 'RAM' <Latency = 1> <II = 1> <Delay = 0.67> <Storage> <Opcode : 'load' 'store'> <Ports = 2> <Width = 32> <Depth = 16> <RAM>
ST_3 : Operation 1679 [2/2] (0.64ns) (root node of the DSP)   --->   "%add_ln110_145 = add i32 %XW_block_145_load, i32 %mul_ln110_145" [src/integrated-gcn/gemm_stage.cpp:110]   --->   Operation 1679 'add' 'add_ln110_145' <Predicate = true> <Delay = 0.64> <CoreInst = "DSP48">   --->   Core 124 'DSP48' <Latency = 3> <II = 1> <Delay = 0.53> <IPBlock> <Opcode : 'add' 'sub' 'mul' 'select'> <InPorts = 0> <OutPorts = 1> <Sync> <CReg>
ST_3 : Operation 1680 [1/3] (0.00ns) (grouped into DSP with root node add_ln110_146)   --->   "%mul_ln110_146 = mul i32 %sext_ln110_66, i32 %sext_ln110_18_cast" [src/integrated-gcn/gemm_stage.cpp:110]   --->   Operation 1680 'mul' 'mul_ln110_146' <Predicate = true> <Delay = 0.00> <CoreInst = "DSP48">   --->   Core 124 'DSP48' <Latency = 3> <II = 1> <Delay = 0.53> <IPBlock> <Opcode : 'add' 'sub' 'mul' 'select'> <InPorts = 0> <OutPorts = 1> <Sync> <CReg>
ST_3 : Operation 1681 [1/2] ( I:0.67ns O:0.67ns )   --->   "%XW_block_146_load = load i4 %XW_block_146_addr" [src/integrated-gcn/gemm_stage.cpp:110]   --->   Operation 1681 'load' 'XW_block_146_load' <Predicate = true> <Delay = 0.67> <CoreInst = "RAM">   --->   Core 82 'RAM' <Latency = 1> <II = 1> <Delay = 0.67> <Storage> <Opcode : 'load' 'store'> <Ports = 2> <Width = 32> <Depth = 16> <RAM>
ST_3 : Operation 1682 [2/2] (0.64ns) (root node of the DSP)   --->   "%add_ln110_146 = add i32 %XW_block_146_load, i32 %mul_ln110_146" [src/integrated-gcn/gemm_stage.cpp:110]   --->   Operation 1682 'add' 'add_ln110_146' <Predicate = true> <Delay = 0.64> <CoreInst = "DSP48">   --->   Core 124 'DSP48' <Latency = 3> <II = 1> <Delay = 0.53> <IPBlock> <Opcode : 'add' 'sub' 'mul' 'select'> <InPorts = 0> <OutPorts = 1> <Sync> <CReg>
ST_3 : Operation 1683 [1/3] (0.00ns) (grouped into DSP with root node add_ln110_147)   --->   "%mul_ln110_147 = mul i32 %sext_ln110_66, i32 %sext_ln110_19_cast" [src/integrated-gcn/gemm_stage.cpp:110]   --->   Operation 1683 'mul' 'mul_ln110_147' <Predicate = true> <Delay = 0.00> <CoreInst = "DSP48">   --->   Core 124 'DSP48' <Latency = 3> <II = 1> <Delay = 0.53> <IPBlock> <Opcode : 'add' 'sub' 'mul' 'select'> <InPorts = 0> <OutPorts = 1> <Sync> <CReg>
ST_3 : Operation 1684 [1/2] ( I:0.67ns O:0.67ns )   --->   "%XW_block_147_load = load i4 %XW_block_147_addr" [src/integrated-gcn/gemm_stage.cpp:110]   --->   Operation 1684 'load' 'XW_block_147_load' <Predicate = true> <Delay = 0.67> <CoreInst = "RAM">   --->   Core 82 'RAM' <Latency = 1> <II = 1> <Delay = 0.67> <Storage> <Opcode : 'load' 'store'> <Ports = 2> <Width = 32> <Depth = 16> <RAM>
ST_3 : Operation 1685 [2/2] (0.64ns) (root node of the DSP)   --->   "%add_ln110_147 = add i32 %XW_block_147_load, i32 %mul_ln110_147" [src/integrated-gcn/gemm_stage.cpp:110]   --->   Operation 1685 'add' 'add_ln110_147' <Predicate = true> <Delay = 0.64> <CoreInst = "DSP48">   --->   Core 124 'DSP48' <Latency = 3> <II = 1> <Delay = 0.53> <IPBlock> <Opcode : 'add' 'sub' 'mul' 'select'> <InPorts = 0> <OutPorts = 1> <Sync> <CReg>
ST_3 : Operation 1686 [1/3] (0.00ns) (grouped into DSP with root node add_ln110_148)   --->   "%mul_ln110_148 = mul i32 %sext_ln110_66, i32 %sext_ln110_20_cast" [src/integrated-gcn/gemm_stage.cpp:110]   --->   Operation 1686 'mul' 'mul_ln110_148' <Predicate = true> <Delay = 0.00> <CoreInst = "DSP48">   --->   Core 124 'DSP48' <Latency = 3> <II = 1> <Delay = 0.53> <IPBlock> <Opcode : 'add' 'sub' 'mul' 'select'> <InPorts = 0> <OutPorts = 1> <Sync> <CReg>
ST_3 : Operation 1687 [1/2] ( I:0.67ns O:0.67ns )   --->   "%XW_block_148_load = load i4 %XW_block_148_addr" [src/integrated-gcn/gemm_stage.cpp:110]   --->   Operation 1687 'load' 'XW_block_148_load' <Predicate = true> <Delay = 0.67> <CoreInst = "RAM">   --->   Core 82 'RAM' <Latency = 1> <II = 1> <Delay = 0.67> <Storage> <Opcode : 'load' 'store'> <Ports = 2> <Width = 32> <Depth = 16> <RAM>
ST_3 : Operation 1688 [2/2] (0.64ns) (root node of the DSP)   --->   "%add_ln110_148 = add i32 %XW_block_148_load, i32 %mul_ln110_148" [src/integrated-gcn/gemm_stage.cpp:110]   --->   Operation 1688 'add' 'add_ln110_148' <Predicate = true> <Delay = 0.64> <CoreInst = "DSP48">   --->   Core 124 'DSP48' <Latency = 3> <II = 1> <Delay = 0.53> <IPBlock> <Opcode : 'add' 'sub' 'mul' 'select'> <InPorts = 0> <OutPorts = 1> <Sync> <CReg>
ST_3 : Operation 1689 [1/3] (0.00ns) (grouped into DSP with root node add_ln110_149)   --->   "%mul_ln110_149 = mul i32 %sext_ln110_66, i32 %sext_ln110_21_cast" [src/integrated-gcn/gemm_stage.cpp:110]   --->   Operation 1689 'mul' 'mul_ln110_149' <Predicate = true> <Delay = 0.00> <CoreInst = "DSP48">   --->   Core 124 'DSP48' <Latency = 3> <II = 1> <Delay = 0.53> <IPBlock> <Opcode : 'add' 'sub' 'mul' 'select'> <InPorts = 0> <OutPorts = 1> <Sync> <CReg>
ST_3 : Operation 1690 [1/2] ( I:0.67ns O:0.67ns )   --->   "%XW_block_149_load = load i4 %XW_block_149_addr" [src/integrated-gcn/gemm_stage.cpp:110]   --->   Operation 1690 'load' 'XW_block_149_load' <Predicate = true> <Delay = 0.67> <CoreInst = "RAM">   --->   Core 82 'RAM' <Latency = 1> <II = 1> <Delay = 0.67> <Storage> <Opcode : 'load' 'store'> <Ports = 2> <Width = 32> <Depth = 16> <RAM>
ST_3 : Operation 1691 [2/2] (0.64ns) (root node of the DSP)   --->   "%add_ln110_149 = add i32 %XW_block_149_load, i32 %mul_ln110_149" [src/integrated-gcn/gemm_stage.cpp:110]   --->   Operation 1691 'add' 'add_ln110_149' <Predicate = true> <Delay = 0.64> <CoreInst = "DSP48">   --->   Core 124 'DSP48' <Latency = 3> <II = 1> <Delay = 0.53> <IPBlock> <Opcode : 'add' 'sub' 'mul' 'select'> <InPorts = 0> <OutPorts = 1> <Sync> <CReg>
ST_3 : Operation 1692 [1/3] (0.00ns) (grouped into DSP with root node add_ln110_150)   --->   "%mul_ln110_150 = mul i32 %sext_ln110_66, i32 %sext_ln110_22_cast" [src/integrated-gcn/gemm_stage.cpp:110]   --->   Operation 1692 'mul' 'mul_ln110_150' <Predicate = true> <Delay = 0.00> <CoreInst = "DSP48">   --->   Core 124 'DSP48' <Latency = 3> <II = 1> <Delay = 0.53> <IPBlock> <Opcode : 'add' 'sub' 'mul' 'select'> <InPorts = 0> <OutPorts = 1> <Sync> <CReg>
ST_3 : Operation 1693 [1/2] ( I:0.67ns O:0.67ns )   --->   "%XW_block_150_load = load i4 %XW_block_150_addr" [src/integrated-gcn/gemm_stage.cpp:110]   --->   Operation 1693 'load' 'XW_block_150_load' <Predicate = true> <Delay = 0.67> <CoreInst = "RAM">   --->   Core 82 'RAM' <Latency = 1> <II = 1> <Delay = 0.67> <Storage> <Opcode : 'load' 'store'> <Ports = 2> <Width = 32> <Depth = 16> <RAM>
ST_3 : Operation 1694 [2/2] (0.64ns) (root node of the DSP)   --->   "%add_ln110_150 = add i32 %XW_block_150_load, i32 %mul_ln110_150" [src/integrated-gcn/gemm_stage.cpp:110]   --->   Operation 1694 'add' 'add_ln110_150' <Predicate = true> <Delay = 0.64> <CoreInst = "DSP48">   --->   Core 124 'DSP48' <Latency = 3> <II = 1> <Delay = 0.53> <IPBlock> <Opcode : 'add' 'sub' 'mul' 'select'> <InPorts = 0> <OutPorts = 1> <Sync> <CReg>
ST_3 : Operation 1695 [1/3] (0.00ns) (grouped into DSP with root node add_ln110_151)   --->   "%mul_ln110_151 = mul i32 %sext_ln110_66, i32 %sext_ln110_23_cast" [src/integrated-gcn/gemm_stage.cpp:110]   --->   Operation 1695 'mul' 'mul_ln110_151' <Predicate = true> <Delay = 0.00> <CoreInst = "DSP48">   --->   Core 124 'DSP48' <Latency = 3> <II = 1> <Delay = 0.53> <IPBlock> <Opcode : 'add' 'sub' 'mul' 'select'> <InPorts = 0> <OutPorts = 1> <Sync> <CReg>
ST_3 : Operation 1696 [1/2] ( I:0.67ns O:0.67ns )   --->   "%XW_block_151_load = load i4 %XW_block_151_addr" [src/integrated-gcn/gemm_stage.cpp:110]   --->   Operation 1696 'load' 'XW_block_151_load' <Predicate = true> <Delay = 0.67> <CoreInst = "RAM">   --->   Core 82 'RAM' <Latency = 1> <II = 1> <Delay = 0.67> <Storage> <Opcode : 'load' 'store'> <Ports = 2> <Width = 32> <Depth = 16> <RAM>
ST_3 : Operation 1697 [2/2] (0.64ns) (root node of the DSP)   --->   "%add_ln110_151 = add i32 %XW_block_151_load, i32 %mul_ln110_151" [src/integrated-gcn/gemm_stage.cpp:110]   --->   Operation 1697 'add' 'add_ln110_151' <Predicate = true> <Delay = 0.64> <CoreInst = "DSP48">   --->   Core 124 'DSP48' <Latency = 3> <II = 1> <Delay = 0.53> <IPBlock> <Opcode : 'add' 'sub' 'mul' 'select'> <InPorts = 0> <OutPorts = 1> <Sync> <CReg>
ST_3 : Operation 1698 [1/3] (0.00ns) (grouped into DSP with root node add_ln110_152)   --->   "%mul_ln110_152 = mul i32 %sext_ln110_66, i32 %sext_ln110_24_cast" [src/integrated-gcn/gemm_stage.cpp:110]   --->   Operation 1698 'mul' 'mul_ln110_152' <Predicate = true> <Delay = 0.00> <CoreInst = "DSP48">   --->   Core 124 'DSP48' <Latency = 3> <II = 1> <Delay = 0.53> <IPBlock> <Opcode : 'add' 'sub' 'mul' 'select'> <InPorts = 0> <OutPorts = 1> <Sync> <CReg>
ST_3 : Operation 1699 [1/2] ( I:0.67ns O:0.67ns )   --->   "%XW_block_152_load = load i4 %XW_block_152_addr" [src/integrated-gcn/gemm_stage.cpp:110]   --->   Operation 1699 'load' 'XW_block_152_load' <Predicate = true> <Delay = 0.67> <CoreInst = "RAM">   --->   Core 82 'RAM' <Latency = 1> <II = 1> <Delay = 0.67> <Storage> <Opcode : 'load' 'store'> <Ports = 2> <Width = 32> <Depth = 16> <RAM>
ST_3 : Operation 1700 [2/2] (0.64ns) (root node of the DSP)   --->   "%add_ln110_152 = add i32 %XW_block_152_load, i32 %mul_ln110_152" [src/integrated-gcn/gemm_stage.cpp:110]   --->   Operation 1700 'add' 'add_ln110_152' <Predicate = true> <Delay = 0.64> <CoreInst = "DSP48">   --->   Core 124 'DSP48' <Latency = 3> <II = 1> <Delay = 0.53> <IPBlock> <Opcode : 'add' 'sub' 'mul' 'select'> <InPorts = 0> <OutPorts = 1> <Sync> <CReg>
ST_3 : Operation 1701 [1/3] (0.00ns) (grouped into DSP with root node add_ln110_153)   --->   "%mul_ln110_153 = mul i32 %sext_ln110_66, i32 %sext_ln110_25_cast" [src/integrated-gcn/gemm_stage.cpp:110]   --->   Operation 1701 'mul' 'mul_ln110_153' <Predicate = true> <Delay = 0.00> <CoreInst = "DSP48">   --->   Core 124 'DSP48' <Latency = 3> <II = 1> <Delay = 0.53> <IPBlock> <Opcode : 'add' 'sub' 'mul' 'select'> <InPorts = 0> <OutPorts = 1> <Sync> <CReg>
ST_3 : Operation 1702 [1/2] ( I:0.67ns O:0.67ns )   --->   "%XW_block_153_load = load i4 %XW_block_153_addr" [src/integrated-gcn/gemm_stage.cpp:110]   --->   Operation 1702 'load' 'XW_block_153_load' <Predicate = true> <Delay = 0.67> <CoreInst = "RAM">   --->   Core 82 'RAM' <Latency = 1> <II = 1> <Delay = 0.67> <Storage> <Opcode : 'load' 'store'> <Ports = 2> <Width = 32> <Depth = 16> <RAM>
ST_3 : Operation 1703 [2/2] (0.64ns) (root node of the DSP)   --->   "%add_ln110_153 = add i32 %XW_block_153_load, i32 %mul_ln110_153" [src/integrated-gcn/gemm_stage.cpp:110]   --->   Operation 1703 'add' 'add_ln110_153' <Predicate = true> <Delay = 0.64> <CoreInst = "DSP48">   --->   Core 124 'DSP48' <Latency = 3> <II = 1> <Delay = 0.53> <IPBlock> <Opcode : 'add' 'sub' 'mul' 'select'> <InPorts = 0> <OutPorts = 1> <Sync> <CReg>
ST_3 : Operation 1704 [1/3] (0.00ns) (grouped into DSP with root node add_ln110_154)   --->   "%mul_ln110_154 = mul i32 %sext_ln110_66, i32 %sext_ln110_26_cast" [src/integrated-gcn/gemm_stage.cpp:110]   --->   Operation 1704 'mul' 'mul_ln110_154' <Predicate = true> <Delay = 0.00> <CoreInst = "DSP48">   --->   Core 124 'DSP48' <Latency = 3> <II = 1> <Delay = 0.53> <IPBlock> <Opcode : 'add' 'sub' 'mul' 'select'> <InPorts = 0> <OutPorts = 1> <Sync> <CReg>
ST_3 : Operation 1705 [1/2] ( I:0.67ns O:0.67ns )   --->   "%XW_block_154_load = load i4 %XW_block_154_addr" [src/integrated-gcn/gemm_stage.cpp:110]   --->   Operation 1705 'load' 'XW_block_154_load' <Predicate = true> <Delay = 0.67> <CoreInst = "RAM">   --->   Core 82 'RAM' <Latency = 1> <II = 1> <Delay = 0.67> <Storage> <Opcode : 'load' 'store'> <Ports = 2> <Width = 32> <Depth = 16> <RAM>
ST_3 : Operation 1706 [2/2] (0.64ns) (root node of the DSP)   --->   "%add_ln110_154 = add i32 %XW_block_154_load, i32 %mul_ln110_154" [src/integrated-gcn/gemm_stage.cpp:110]   --->   Operation 1706 'add' 'add_ln110_154' <Predicate = true> <Delay = 0.64> <CoreInst = "DSP48">   --->   Core 124 'DSP48' <Latency = 3> <II = 1> <Delay = 0.53> <IPBlock> <Opcode : 'add' 'sub' 'mul' 'select'> <InPorts = 0> <OutPorts = 1> <Sync> <CReg>
ST_3 : Operation 1707 [1/3] (0.00ns) (grouped into DSP with root node add_ln110_155)   --->   "%mul_ln110_155 = mul i32 %sext_ln110_66, i32 %sext_ln110_27_cast" [src/integrated-gcn/gemm_stage.cpp:110]   --->   Operation 1707 'mul' 'mul_ln110_155' <Predicate = true> <Delay = 0.00> <CoreInst = "DSP48">   --->   Core 124 'DSP48' <Latency = 3> <II = 1> <Delay = 0.53> <IPBlock> <Opcode : 'add' 'sub' 'mul' 'select'> <InPorts = 0> <OutPorts = 1> <Sync> <CReg>
ST_3 : Operation 1708 [1/2] ( I:0.67ns O:0.67ns )   --->   "%XW_block_155_load = load i4 %XW_block_155_addr" [src/integrated-gcn/gemm_stage.cpp:110]   --->   Operation 1708 'load' 'XW_block_155_load' <Predicate = true> <Delay = 0.67> <CoreInst = "RAM">   --->   Core 82 'RAM' <Latency = 1> <II = 1> <Delay = 0.67> <Storage> <Opcode : 'load' 'store'> <Ports = 2> <Width = 32> <Depth = 16> <RAM>
ST_3 : Operation 1709 [2/2] (0.64ns) (root node of the DSP)   --->   "%add_ln110_155 = add i32 %XW_block_155_load, i32 %mul_ln110_155" [src/integrated-gcn/gemm_stage.cpp:110]   --->   Operation 1709 'add' 'add_ln110_155' <Predicate = true> <Delay = 0.64> <CoreInst = "DSP48">   --->   Core 124 'DSP48' <Latency = 3> <II = 1> <Delay = 0.53> <IPBlock> <Opcode : 'add' 'sub' 'mul' 'select'> <InPorts = 0> <OutPorts = 1> <Sync> <CReg>
ST_3 : Operation 1710 [1/3] (0.00ns) (grouped into DSP with root node add_ln110_156)   --->   "%mul_ln110_156 = mul i32 %sext_ln110_66, i32 %sext_ln110_28_cast" [src/integrated-gcn/gemm_stage.cpp:110]   --->   Operation 1710 'mul' 'mul_ln110_156' <Predicate = true> <Delay = 0.00> <CoreInst = "DSP48">   --->   Core 124 'DSP48' <Latency = 3> <II = 1> <Delay = 0.53> <IPBlock> <Opcode : 'add' 'sub' 'mul' 'select'> <InPorts = 0> <OutPorts = 1> <Sync> <CReg>
ST_3 : Operation 1711 [1/2] ( I:0.67ns O:0.67ns )   --->   "%XW_block_156_load = load i4 %XW_block_156_addr" [src/integrated-gcn/gemm_stage.cpp:110]   --->   Operation 1711 'load' 'XW_block_156_load' <Predicate = true> <Delay = 0.67> <CoreInst = "RAM">   --->   Core 82 'RAM' <Latency = 1> <II = 1> <Delay = 0.67> <Storage> <Opcode : 'load' 'store'> <Ports = 2> <Width = 32> <Depth = 16> <RAM>
ST_3 : Operation 1712 [2/2] (0.64ns) (root node of the DSP)   --->   "%add_ln110_156 = add i32 %XW_block_156_load, i32 %mul_ln110_156" [src/integrated-gcn/gemm_stage.cpp:110]   --->   Operation 1712 'add' 'add_ln110_156' <Predicate = true> <Delay = 0.64> <CoreInst = "DSP48">   --->   Core 124 'DSP48' <Latency = 3> <II = 1> <Delay = 0.53> <IPBlock> <Opcode : 'add' 'sub' 'mul' 'select'> <InPorts = 0> <OutPorts = 1> <Sync> <CReg>
ST_3 : Operation 1713 [1/3] (0.00ns) (grouped into DSP with root node add_ln110_157)   --->   "%mul_ln110_157 = mul i32 %sext_ln110_66, i32 %sext_ln110_29_cast" [src/integrated-gcn/gemm_stage.cpp:110]   --->   Operation 1713 'mul' 'mul_ln110_157' <Predicate = true> <Delay = 0.00> <CoreInst = "DSP48">   --->   Core 124 'DSP48' <Latency = 3> <II = 1> <Delay = 0.53> <IPBlock> <Opcode : 'add' 'sub' 'mul' 'select'> <InPorts = 0> <OutPorts = 1> <Sync> <CReg>
ST_3 : Operation 1714 [1/2] ( I:0.67ns O:0.67ns )   --->   "%XW_block_157_load = load i4 %XW_block_157_addr" [src/integrated-gcn/gemm_stage.cpp:110]   --->   Operation 1714 'load' 'XW_block_157_load' <Predicate = true> <Delay = 0.67> <CoreInst = "RAM">   --->   Core 82 'RAM' <Latency = 1> <II = 1> <Delay = 0.67> <Storage> <Opcode : 'load' 'store'> <Ports = 2> <Width = 32> <Depth = 16> <RAM>
ST_3 : Operation 1715 [2/2] (0.64ns) (root node of the DSP)   --->   "%add_ln110_157 = add i32 %XW_block_157_load, i32 %mul_ln110_157" [src/integrated-gcn/gemm_stage.cpp:110]   --->   Operation 1715 'add' 'add_ln110_157' <Predicate = true> <Delay = 0.64> <CoreInst = "DSP48">   --->   Core 124 'DSP48' <Latency = 3> <II = 1> <Delay = 0.53> <IPBlock> <Opcode : 'add' 'sub' 'mul' 'select'> <InPorts = 0> <OutPorts = 1> <Sync> <CReg>
ST_3 : Operation 1716 [1/3] (0.00ns) (grouped into DSP with root node add_ln110_158)   --->   "%mul_ln110_158 = mul i32 %sext_ln110_66, i32 %sext_ln110_30_cast" [src/integrated-gcn/gemm_stage.cpp:110]   --->   Operation 1716 'mul' 'mul_ln110_158' <Predicate = true> <Delay = 0.00> <CoreInst = "DSP48">   --->   Core 124 'DSP48' <Latency = 3> <II = 1> <Delay = 0.53> <IPBlock> <Opcode : 'add' 'sub' 'mul' 'select'> <InPorts = 0> <OutPorts = 1> <Sync> <CReg>
ST_3 : Operation 1717 [1/2] ( I:0.67ns O:0.67ns )   --->   "%XW_block_158_load = load i4 %XW_block_158_addr" [src/integrated-gcn/gemm_stage.cpp:110]   --->   Operation 1717 'load' 'XW_block_158_load' <Predicate = true> <Delay = 0.67> <CoreInst = "RAM">   --->   Core 82 'RAM' <Latency = 1> <II = 1> <Delay = 0.67> <Storage> <Opcode : 'load' 'store'> <Ports = 2> <Width = 32> <Depth = 16> <RAM>
ST_3 : Operation 1718 [2/2] (0.64ns) (root node of the DSP)   --->   "%add_ln110_158 = add i32 %XW_block_158_load, i32 %mul_ln110_158" [src/integrated-gcn/gemm_stage.cpp:110]   --->   Operation 1718 'add' 'add_ln110_158' <Predicate = true> <Delay = 0.64> <CoreInst = "DSP48">   --->   Core 124 'DSP48' <Latency = 3> <II = 1> <Delay = 0.53> <IPBlock> <Opcode : 'add' 'sub' 'mul' 'select'> <InPorts = 0> <OutPorts = 1> <Sync> <CReg>
ST_3 : Operation 1719 [1/3] (0.00ns) (grouped into DSP with root node add_ln110_159)   --->   "%mul_ln110_159 = mul i32 %sext_ln110_66, i32 %sext_ln110_31_cast" [src/integrated-gcn/gemm_stage.cpp:110]   --->   Operation 1719 'mul' 'mul_ln110_159' <Predicate = true> <Delay = 0.00> <CoreInst = "DSP48">   --->   Core 124 'DSP48' <Latency = 3> <II = 1> <Delay = 0.53> <IPBlock> <Opcode : 'add' 'sub' 'mul' 'select'> <InPorts = 0> <OutPorts = 1> <Sync> <CReg>
ST_3 : Operation 1720 [1/2] ( I:0.67ns O:0.67ns )   --->   "%XW_block_159_load = load i4 %XW_block_159_addr" [src/integrated-gcn/gemm_stage.cpp:110]   --->   Operation 1720 'load' 'XW_block_159_load' <Predicate = true> <Delay = 0.67> <CoreInst = "RAM">   --->   Core 82 'RAM' <Latency = 1> <II = 1> <Delay = 0.67> <Storage> <Opcode : 'load' 'store'> <Ports = 2> <Width = 32> <Depth = 16> <RAM>
ST_3 : Operation 1721 [2/2] (0.64ns) (root node of the DSP)   --->   "%add_ln110_159 = add i32 %XW_block_159_load, i32 %mul_ln110_159" [src/integrated-gcn/gemm_stage.cpp:110]   --->   Operation 1721 'add' 'add_ln110_159' <Predicate = true> <Delay = 0.64> <CoreInst = "DSP48">   --->   Core 124 'DSP48' <Latency = 3> <II = 1> <Delay = 0.53> <IPBlock> <Opcode : 'add' 'sub' 'mul' 'select'> <InPorts = 0> <OutPorts = 1> <Sync> <CReg>
ST_3 : Operation 1722 [1/3] (0.00ns) (grouped into DSP with root node add_ln110_160)   --->   "%mul_ln110_160 = mul i32 %sext_ln110_66, i32 %sext_ln110_32_cast" [src/integrated-gcn/gemm_stage.cpp:110]   --->   Operation 1722 'mul' 'mul_ln110_160' <Predicate = true> <Delay = 0.00> <CoreInst = "DSP48">   --->   Core 124 'DSP48' <Latency = 3> <II = 1> <Delay = 0.53> <IPBlock> <Opcode : 'add' 'sub' 'mul' 'select'> <InPorts = 0> <OutPorts = 1> <Sync> <CReg>
ST_3 : Operation 1723 [1/2] ( I:0.67ns O:0.67ns )   --->   "%XW_block_160_load = load i4 %XW_block_160_addr" [src/integrated-gcn/gemm_stage.cpp:110]   --->   Operation 1723 'load' 'XW_block_160_load' <Predicate = true> <Delay = 0.67> <CoreInst = "RAM">   --->   Core 82 'RAM' <Latency = 1> <II = 1> <Delay = 0.67> <Storage> <Opcode : 'load' 'store'> <Ports = 2> <Width = 32> <Depth = 16> <RAM>
ST_3 : Operation 1724 [2/2] (0.64ns) (root node of the DSP)   --->   "%add_ln110_160 = add i32 %XW_block_160_load, i32 %mul_ln110_160" [src/integrated-gcn/gemm_stage.cpp:110]   --->   Operation 1724 'add' 'add_ln110_160' <Predicate = true> <Delay = 0.64> <CoreInst = "DSP48">   --->   Core 124 'DSP48' <Latency = 3> <II = 1> <Delay = 0.53> <IPBlock> <Opcode : 'add' 'sub' 'mul' 'select'> <InPorts = 0> <OutPorts = 1> <Sync> <CReg>
ST_3 : Operation 1725 [1/3] (0.00ns) (grouped into DSP with root node add_ln110_161)   --->   "%mul_ln110_161 = mul i32 %sext_ln110_66, i32 %sext_ln110_33_cast" [src/integrated-gcn/gemm_stage.cpp:110]   --->   Operation 1725 'mul' 'mul_ln110_161' <Predicate = true> <Delay = 0.00> <CoreInst = "DSP48">   --->   Core 124 'DSP48' <Latency = 3> <II = 1> <Delay = 0.53> <IPBlock> <Opcode : 'add' 'sub' 'mul' 'select'> <InPorts = 0> <OutPorts = 1> <Sync> <CReg>
ST_3 : Operation 1726 [1/2] ( I:0.67ns O:0.67ns )   --->   "%XW_block_161_load = load i4 %XW_block_161_addr" [src/integrated-gcn/gemm_stage.cpp:110]   --->   Operation 1726 'load' 'XW_block_161_load' <Predicate = true> <Delay = 0.67> <CoreInst = "RAM">   --->   Core 82 'RAM' <Latency = 1> <II = 1> <Delay = 0.67> <Storage> <Opcode : 'load' 'store'> <Ports = 2> <Width = 32> <Depth = 16> <RAM>
ST_3 : Operation 1727 [2/2] (0.64ns) (root node of the DSP)   --->   "%add_ln110_161 = add i32 %XW_block_161_load, i32 %mul_ln110_161" [src/integrated-gcn/gemm_stage.cpp:110]   --->   Operation 1727 'add' 'add_ln110_161' <Predicate = true> <Delay = 0.64> <CoreInst = "DSP48">   --->   Core 124 'DSP48' <Latency = 3> <II = 1> <Delay = 0.53> <IPBlock> <Opcode : 'add' 'sub' 'mul' 'select'> <InPorts = 0> <OutPorts = 1> <Sync> <CReg>
ST_3 : Operation 1728 [1/3] (0.00ns) (grouped into DSP with root node add_ln110_162)   --->   "%mul_ln110_162 = mul i32 %sext_ln110_66, i32 %sext_ln110_34_cast" [src/integrated-gcn/gemm_stage.cpp:110]   --->   Operation 1728 'mul' 'mul_ln110_162' <Predicate = true> <Delay = 0.00> <CoreInst = "DSP48">   --->   Core 124 'DSP48' <Latency = 3> <II = 1> <Delay = 0.53> <IPBlock> <Opcode : 'add' 'sub' 'mul' 'select'> <InPorts = 0> <OutPorts = 1> <Sync> <CReg>
ST_3 : Operation 1729 [1/2] ( I:0.67ns O:0.67ns )   --->   "%XW_block_162_load = load i4 %XW_block_162_addr" [src/integrated-gcn/gemm_stage.cpp:110]   --->   Operation 1729 'load' 'XW_block_162_load' <Predicate = true> <Delay = 0.67> <CoreInst = "RAM">   --->   Core 82 'RAM' <Latency = 1> <II = 1> <Delay = 0.67> <Storage> <Opcode : 'load' 'store'> <Ports = 2> <Width = 32> <Depth = 16> <RAM>
ST_3 : Operation 1730 [2/2] (0.64ns) (root node of the DSP)   --->   "%add_ln110_162 = add i32 %XW_block_162_load, i32 %mul_ln110_162" [src/integrated-gcn/gemm_stage.cpp:110]   --->   Operation 1730 'add' 'add_ln110_162' <Predicate = true> <Delay = 0.64> <CoreInst = "DSP48">   --->   Core 124 'DSP48' <Latency = 3> <II = 1> <Delay = 0.53> <IPBlock> <Opcode : 'add' 'sub' 'mul' 'select'> <InPorts = 0> <OutPorts = 1> <Sync> <CReg>
ST_3 : Operation 1731 [1/3] (0.00ns) (grouped into DSP with root node add_ln110_163)   --->   "%mul_ln110_163 = mul i32 %sext_ln110_66, i32 %sext_ln110_35_cast" [src/integrated-gcn/gemm_stage.cpp:110]   --->   Operation 1731 'mul' 'mul_ln110_163' <Predicate = true> <Delay = 0.00> <CoreInst = "DSP48">   --->   Core 124 'DSP48' <Latency = 3> <II = 1> <Delay = 0.53> <IPBlock> <Opcode : 'add' 'sub' 'mul' 'select'> <InPorts = 0> <OutPorts = 1> <Sync> <CReg>
ST_3 : Operation 1732 [1/2] ( I:0.67ns O:0.67ns )   --->   "%XW_block_163_load = load i4 %XW_block_163_addr" [src/integrated-gcn/gemm_stage.cpp:110]   --->   Operation 1732 'load' 'XW_block_163_load' <Predicate = true> <Delay = 0.67> <CoreInst = "RAM">   --->   Core 82 'RAM' <Latency = 1> <II = 1> <Delay = 0.67> <Storage> <Opcode : 'load' 'store'> <Ports = 2> <Width = 32> <Depth = 16> <RAM>
ST_3 : Operation 1733 [2/2] (0.64ns) (root node of the DSP)   --->   "%add_ln110_163 = add i32 %XW_block_163_load, i32 %mul_ln110_163" [src/integrated-gcn/gemm_stage.cpp:110]   --->   Operation 1733 'add' 'add_ln110_163' <Predicate = true> <Delay = 0.64> <CoreInst = "DSP48">   --->   Core 124 'DSP48' <Latency = 3> <II = 1> <Delay = 0.53> <IPBlock> <Opcode : 'add' 'sub' 'mul' 'select'> <InPorts = 0> <OutPorts = 1> <Sync> <CReg>
ST_3 : Operation 1734 [1/3] (0.00ns) (grouped into DSP with root node add_ln110_164)   --->   "%mul_ln110_164 = mul i32 %sext_ln110_66, i32 %sext_ln110_36_cast" [src/integrated-gcn/gemm_stage.cpp:110]   --->   Operation 1734 'mul' 'mul_ln110_164' <Predicate = true> <Delay = 0.00> <CoreInst = "DSP48">   --->   Core 124 'DSP48' <Latency = 3> <II = 1> <Delay = 0.53> <IPBlock> <Opcode : 'add' 'sub' 'mul' 'select'> <InPorts = 0> <OutPorts = 1> <Sync> <CReg>
ST_3 : Operation 1735 [1/2] ( I:0.67ns O:0.67ns )   --->   "%XW_block_164_load = load i4 %XW_block_164_addr" [src/integrated-gcn/gemm_stage.cpp:110]   --->   Operation 1735 'load' 'XW_block_164_load' <Predicate = true> <Delay = 0.67> <CoreInst = "RAM">   --->   Core 82 'RAM' <Latency = 1> <II = 1> <Delay = 0.67> <Storage> <Opcode : 'load' 'store'> <Ports = 2> <Width = 32> <Depth = 16> <RAM>
ST_3 : Operation 1736 [2/2] (0.64ns) (root node of the DSP)   --->   "%add_ln110_164 = add i32 %XW_block_164_load, i32 %mul_ln110_164" [src/integrated-gcn/gemm_stage.cpp:110]   --->   Operation 1736 'add' 'add_ln110_164' <Predicate = true> <Delay = 0.64> <CoreInst = "DSP48">   --->   Core 124 'DSP48' <Latency = 3> <II = 1> <Delay = 0.53> <IPBlock> <Opcode : 'add' 'sub' 'mul' 'select'> <InPorts = 0> <OutPorts = 1> <Sync> <CReg>
ST_3 : Operation 1737 [1/3] (0.00ns) (grouped into DSP with root node add_ln110_165)   --->   "%mul_ln110_165 = mul i32 %sext_ln110_66, i32 %sext_ln110_37_cast" [src/integrated-gcn/gemm_stage.cpp:110]   --->   Operation 1737 'mul' 'mul_ln110_165' <Predicate = true> <Delay = 0.00> <CoreInst = "DSP48">   --->   Core 124 'DSP48' <Latency = 3> <II = 1> <Delay = 0.53> <IPBlock> <Opcode : 'add' 'sub' 'mul' 'select'> <InPorts = 0> <OutPorts = 1> <Sync> <CReg>
ST_3 : Operation 1738 [1/2] ( I:0.67ns O:0.67ns )   --->   "%XW_block_165_load = load i4 %XW_block_165_addr" [src/integrated-gcn/gemm_stage.cpp:110]   --->   Operation 1738 'load' 'XW_block_165_load' <Predicate = true> <Delay = 0.67> <CoreInst = "RAM">   --->   Core 82 'RAM' <Latency = 1> <II = 1> <Delay = 0.67> <Storage> <Opcode : 'load' 'store'> <Ports = 2> <Width = 32> <Depth = 16> <RAM>
ST_3 : Operation 1739 [2/2] (0.64ns) (root node of the DSP)   --->   "%add_ln110_165 = add i32 %XW_block_165_load, i32 %mul_ln110_165" [src/integrated-gcn/gemm_stage.cpp:110]   --->   Operation 1739 'add' 'add_ln110_165' <Predicate = true> <Delay = 0.64> <CoreInst = "DSP48">   --->   Core 124 'DSP48' <Latency = 3> <II = 1> <Delay = 0.53> <IPBlock> <Opcode : 'add' 'sub' 'mul' 'select'> <InPorts = 0> <OutPorts = 1> <Sync> <CReg>
ST_3 : Operation 1740 [1/3] (0.00ns) (grouped into DSP with root node add_ln110_166)   --->   "%mul_ln110_166 = mul i32 %sext_ln110_66, i32 %sext_ln110_38_cast" [src/integrated-gcn/gemm_stage.cpp:110]   --->   Operation 1740 'mul' 'mul_ln110_166' <Predicate = true> <Delay = 0.00> <CoreInst = "DSP48">   --->   Core 124 'DSP48' <Latency = 3> <II = 1> <Delay = 0.53> <IPBlock> <Opcode : 'add' 'sub' 'mul' 'select'> <InPorts = 0> <OutPorts = 1> <Sync> <CReg>
ST_3 : Operation 1741 [1/2] ( I:0.67ns O:0.67ns )   --->   "%XW_block_166_load = load i4 %XW_block_166_addr" [src/integrated-gcn/gemm_stage.cpp:110]   --->   Operation 1741 'load' 'XW_block_166_load' <Predicate = true> <Delay = 0.67> <CoreInst = "RAM">   --->   Core 82 'RAM' <Latency = 1> <II = 1> <Delay = 0.67> <Storage> <Opcode : 'load' 'store'> <Ports = 2> <Width = 32> <Depth = 16> <RAM>
ST_3 : Operation 1742 [2/2] (0.64ns) (root node of the DSP)   --->   "%add_ln110_166 = add i32 %XW_block_166_load, i32 %mul_ln110_166" [src/integrated-gcn/gemm_stage.cpp:110]   --->   Operation 1742 'add' 'add_ln110_166' <Predicate = true> <Delay = 0.64> <CoreInst = "DSP48">   --->   Core 124 'DSP48' <Latency = 3> <II = 1> <Delay = 0.53> <IPBlock> <Opcode : 'add' 'sub' 'mul' 'select'> <InPorts = 0> <OutPorts = 1> <Sync> <CReg>
ST_3 : Operation 1743 [1/3] (0.00ns) (grouped into DSP with root node add_ln110_167)   --->   "%mul_ln110_167 = mul i32 %sext_ln110_66, i32 %sext_ln110_39_cast" [src/integrated-gcn/gemm_stage.cpp:110]   --->   Operation 1743 'mul' 'mul_ln110_167' <Predicate = true> <Delay = 0.00> <CoreInst = "DSP48">   --->   Core 124 'DSP48' <Latency = 3> <II = 1> <Delay = 0.53> <IPBlock> <Opcode : 'add' 'sub' 'mul' 'select'> <InPorts = 0> <OutPorts = 1> <Sync> <CReg>
ST_3 : Operation 1744 [1/2] ( I:0.67ns O:0.67ns )   --->   "%XW_block_167_load = load i4 %XW_block_167_addr" [src/integrated-gcn/gemm_stage.cpp:110]   --->   Operation 1744 'load' 'XW_block_167_load' <Predicate = true> <Delay = 0.67> <CoreInst = "RAM">   --->   Core 82 'RAM' <Latency = 1> <II = 1> <Delay = 0.67> <Storage> <Opcode : 'load' 'store'> <Ports = 2> <Width = 32> <Depth = 16> <RAM>
ST_3 : Operation 1745 [2/2] (0.64ns) (root node of the DSP)   --->   "%add_ln110_167 = add i32 %XW_block_167_load, i32 %mul_ln110_167" [src/integrated-gcn/gemm_stage.cpp:110]   --->   Operation 1745 'add' 'add_ln110_167' <Predicate = true> <Delay = 0.64> <CoreInst = "DSP48">   --->   Core 124 'DSP48' <Latency = 3> <II = 1> <Delay = 0.53> <IPBlock> <Opcode : 'add' 'sub' 'mul' 'select'> <InPorts = 0> <OutPorts = 1> <Sync> <CReg>
ST_3 : Operation 1746 [1/3] (0.00ns) (grouped into DSP with root node add_ln110_168)   --->   "%mul_ln110_168 = mul i32 %sext_ln110_66, i32 %sext_ln110_40_cast" [src/integrated-gcn/gemm_stage.cpp:110]   --->   Operation 1746 'mul' 'mul_ln110_168' <Predicate = true> <Delay = 0.00> <CoreInst = "DSP48">   --->   Core 124 'DSP48' <Latency = 3> <II = 1> <Delay = 0.53> <IPBlock> <Opcode : 'add' 'sub' 'mul' 'select'> <InPorts = 0> <OutPorts = 1> <Sync> <CReg>
ST_3 : Operation 1747 [1/2] ( I:0.67ns O:0.67ns )   --->   "%XW_block_168_load = load i4 %XW_block_168_addr" [src/integrated-gcn/gemm_stage.cpp:110]   --->   Operation 1747 'load' 'XW_block_168_load' <Predicate = true> <Delay = 0.67> <CoreInst = "RAM">   --->   Core 82 'RAM' <Latency = 1> <II = 1> <Delay = 0.67> <Storage> <Opcode : 'load' 'store'> <Ports = 2> <Width = 32> <Depth = 16> <RAM>
ST_3 : Operation 1748 [2/2] (0.64ns) (root node of the DSP)   --->   "%add_ln110_168 = add i32 %XW_block_168_load, i32 %mul_ln110_168" [src/integrated-gcn/gemm_stage.cpp:110]   --->   Operation 1748 'add' 'add_ln110_168' <Predicate = true> <Delay = 0.64> <CoreInst = "DSP48">   --->   Core 124 'DSP48' <Latency = 3> <II = 1> <Delay = 0.53> <IPBlock> <Opcode : 'add' 'sub' 'mul' 'select'> <InPorts = 0> <OutPorts = 1> <Sync> <CReg>
ST_3 : Operation 1749 [1/3] (0.00ns) (grouped into DSP with root node add_ln110_169)   --->   "%mul_ln110_169 = mul i32 %sext_ln110_66, i32 %sext_ln110_41_cast" [src/integrated-gcn/gemm_stage.cpp:110]   --->   Operation 1749 'mul' 'mul_ln110_169' <Predicate = true> <Delay = 0.00> <CoreInst = "DSP48">   --->   Core 124 'DSP48' <Latency = 3> <II = 1> <Delay = 0.53> <IPBlock> <Opcode : 'add' 'sub' 'mul' 'select'> <InPorts = 0> <OutPorts = 1> <Sync> <CReg>
ST_3 : Operation 1750 [1/2] ( I:0.67ns O:0.67ns )   --->   "%XW_block_169_load = load i4 %XW_block_169_addr" [src/integrated-gcn/gemm_stage.cpp:110]   --->   Operation 1750 'load' 'XW_block_169_load' <Predicate = true> <Delay = 0.67> <CoreInst = "RAM">   --->   Core 82 'RAM' <Latency = 1> <II = 1> <Delay = 0.67> <Storage> <Opcode : 'load' 'store'> <Ports = 2> <Width = 32> <Depth = 16> <RAM>
ST_3 : Operation 1751 [2/2] (0.64ns) (root node of the DSP)   --->   "%add_ln110_169 = add i32 %XW_block_169_load, i32 %mul_ln110_169" [src/integrated-gcn/gemm_stage.cpp:110]   --->   Operation 1751 'add' 'add_ln110_169' <Predicate = true> <Delay = 0.64> <CoreInst = "DSP48">   --->   Core 124 'DSP48' <Latency = 3> <II = 1> <Delay = 0.53> <IPBlock> <Opcode : 'add' 'sub' 'mul' 'select'> <InPorts = 0> <OutPorts = 1> <Sync> <CReg>
ST_3 : Operation 1752 [1/3] (0.00ns) (grouped into DSP with root node add_ln110_170)   --->   "%mul_ln110_170 = mul i32 %sext_ln110_66, i32 %sext_ln110_42_cast" [src/integrated-gcn/gemm_stage.cpp:110]   --->   Operation 1752 'mul' 'mul_ln110_170' <Predicate = true> <Delay = 0.00> <CoreInst = "DSP48">   --->   Core 124 'DSP48' <Latency = 3> <II = 1> <Delay = 0.53> <IPBlock> <Opcode : 'add' 'sub' 'mul' 'select'> <InPorts = 0> <OutPorts = 1> <Sync> <CReg>
ST_3 : Operation 1753 [1/2] ( I:0.67ns O:0.67ns )   --->   "%XW_block_170_load = load i4 %XW_block_170_addr" [src/integrated-gcn/gemm_stage.cpp:110]   --->   Operation 1753 'load' 'XW_block_170_load' <Predicate = true> <Delay = 0.67> <CoreInst = "RAM">   --->   Core 82 'RAM' <Latency = 1> <II = 1> <Delay = 0.67> <Storage> <Opcode : 'load' 'store'> <Ports = 2> <Width = 32> <Depth = 16> <RAM>
ST_3 : Operation 1754 [2/2] (0.64ns) (root node of the DSP)   --->   "%add_ln110_170 = add i32 %XW_block_170_load, i32 %mul_ln110_170" [src/integrated-gcn/gemm_stage.cpp:110]   --->   Operation 1754 'add' 'add_ln110_170' <Predicate = true> <Delay = 0.64> <CoreInst = "DSP48">   --->   Core 124 'DSP48' <Latency = 3> <II = 1> <Delay = 0.53> <IPBlock> <Opcode : 'add' 'sub' 'mul' 'select'> <InPorts = 0> <OutPorts = 1> <Sync> <CReg>
ST_3 : Operation 1755 [1/3] (0.00ns) (grouped into DSP with root node add_ln110_171)   --->   "%mul_ln110_171 = mul i32 %sext_ln110_66, i32 %sext_ln110_43_cast" [src/integrated-gcn/gemm_stage.cpp:110]   --->   Operation 1755 'mul' 'mul_ln110_171' <Predicate = true> <Delay = 0.00> <CoreInst = "DSP48">   --->   Core 124 'DSP48' <Latency = 3> <II = 1> <Delay = 0.53> <IPBlock> <Opcode : 'add' 'sub' 'mul' 'select'> <InPorts = 0> <OutPorts = 1> <Sync> <CReg>
ST_3 : Operation 1756 [1/2] ( I:0.67ns O:0.67ns )   --->   "%XW_block_171_load = load i4 %XW_block_171_addr" [src/integrated-gcn/gemm_stage.cpp:110]   --->   Operation 1756 'load' 'XW_block_171_load' <Predicate = true> <Delay = 0.67> <CoreInst = "RAM">   --->   Core 82 'RAM' <Latency = 1> <II = 1> <Delay = 0.67> <Storage> <Opcode : 'load' 'store'> <Ports = 2> <Width = 32> <Depth = 16> <RAM>
ST_3 : Operation 1757 [2/2] (0.64ns) (root node of the DSP)   --->   "%add_ln110_171 = add i32 %XW_block_171_load, i32 %mul_ln110_171" [src/integrated-gcn/gemm_stage.cpp:110]   --->   Operation 1757 'add' 'add_ln110_171' <Predicate = true> <Delay = 0.64> <CoreInst = "DSP48">   --->   Core 124 'DSP48' <Latency = 3> <II = 1> <Delay = 0.53> <IPBlock> <Opcode : 'add' 'sub' 'mul' 'select'> <InPorts = 0> <OutPorts = 1> <Sync> <CReg>
ST_3 : Operation 1758 [1/3] (0.00ns) (grouped into DSP with root node add_ln110_172)   --->   "%mul_ln110_172 = mul i32 %sext_ln110_66, i32 %sext_ln110_44_cast" [src/integrated-gcn/gemm_stage.cpp:110]   --->   Operation 1758 'mul' 'mul_ln110_172' <Predicate = true> <Delay = 0.00> <CoreInst = "DSP48">   --->   Core 124 'DSP48' <Latency = 3> <II = 1> <Delay = 0.53> <IPBlock> <Opcode : 'add' 'sub' 'mul' 'select'> <InPorts = 0> <OutPorts = 1> <Sync> <CReg>
ST_3 : Operation 1759 [1/2] ( I:0.67ns O:0.67ns )   --->   "%XW_block_172_load = load i4 %XW_block_172_addr" [src/integrated-gcn/gemm_stage.cpp:110]   --->   Operation 1759 'load' 'XW_block_172_load' <Predicate = true> <Delay = 0.67> <CoreInst = "RAM">   --->   Core 82 'RAM' <Latency = 1> <II = 1> <Delay = 0.67> <Storage> <Opcode : 'load' 'store'> <Ports = 2> <Width = 32> <Depth = 16> <RAM>
ST_3 : Operation 1760 [2/2] (0.64ns) (root node of the DSP)   --->   "%add_ln110_172 = add i32 %XW_block_172_load, i32 %mul_ln110_172" [src/integrated-gcn/gemm_stage.cpp:110]   --->   Operation 1760 'add' 'add_ln110_172' <Predicate = true> <Delay = 0.64> <CoreInst = "DSP48">   --->   Core 124 'DSP48' <Latency = 3> <II = 1> <Delay = 0.53> <IPBlock> <Opcode : 'add' 'sub' 'mul' 'select'> <InPorts = 0> <OutPorts = 1> <Sync> <CReg>
ST_3 : Operation 1761 [1/3] (0.00ns) (grouped into DSP with root node add_ln110_173)   --->   "%mul_ln110_173 = mul i32 %sext_ln110_66, i32 %sext_ln110_45_cast" [src/integrated-gcn/gemm_stage.cpp:110]   --->   Operation 1761 'mul' 'mul_ln110_173' <Predicate = true> <Delay = 0.00> <CoreInst = "DSP48">   --->   Core 124 'DSP48' <Latency = 3> <II = 1> <Delay = 0.53> <IPBlock> <Opcode : 'add' 'sub' 'mul' 'select'> <InPorts = 0> <OutPorts = 1> <Sync> <CReg>
ST_3 : Operation 1762 [1/2] ( I:0.67ns O:0.67ns )   --->   "%XW_block_173_load = load i4 %XW_block_173_addr" [src/integrated-gcn/gemm_stage.cpp:110]   --->   Operation 1762 'load' 'XW_block_173_load' <Predicate = true> <Delay = 0.67> <CoreInst = "RAM">   --->   Core 82 'RAM' <Latency = 1> <II = 1> <Delay = 0.67> <Storage> <Opcode : 'load' 'store'> <Ports = 2> <Width = 32> <Depth = 16> <RAM>
ST_3 : Operation 1763 [2/2] (0.64ns) (root node of the DSP)   --->   "%add_ln110_173 = add i32 %XW_block_173_load, i32 %mul_ln110_173" [src/integrated-gcn/gemm_stage.cpp:110]   --->   Operation 1763 'add' 'add_ln110_173' <Predicate = true> <Delay = 0.64> <CoreInst = "DSP48">   --->   Core 124 'DSP48' <Latency = 3> <II = 1> <Delay = 0.53> <IPBlock> <Opcode : 'add' 'sub' 'mul' 'select'> <InPorts = 0> <OutPorts = 1> <Sync> <CReg>
ST_3 : Operation 1764 [1/3] (0.00ns) (grouped into DSP with root node add_ln110_174)   --->   "%mul_ln110_174 = mul i32 %sext_ln110_66, i32 %sext_ln110_46_cast" [src/integrated-gcn/gemm_stage.cpp:110]   --->   Operation 1764 'mul' 'mul_ln110_174' <Predicate = true> <Delay = 0.00> <CoreInst = "DSP48">   --->   Core 124 'DSP48' <Latency = 3> <II = 1> <Delay = 0.53> <IPBlock> <Opcode : 'add' 'sub' 'mul' 'select'> <InPorts = 0> <OutPorts = 1> <Sync> <CReg>
ST_3 : Operation 1765 [1/2] ( I:0.67ns O:0.67ns )   --->   "%XW_block_174_load = load i4 %XW_block_174_addr" [src/integrated-gcn/gemm_stage.cpp:110]   --->   Operation 1765 'load' 'XW_block_174_load' <Predicate = true> <Delay = 0.67> <CoreInst = "RAM">   --->   Core 82 'RAM' <Latency = 1> <II = 1> <Delay = 0.67> <Storage> <Opcode : 'load' 'store'> <Ports = 2> <Width = 32> <Depth = 16> <RAM>
ST_3 : Operation 1766 [2/2] (0.64ns) (root node of the DSP)   --->   "%add_ln110_174 = add i32 %XW_block_174_load, i32 %mul_ln110_174" [src/integrated-gcn/gemm_stage.cpp:110]   --->   Operation 1766 'add' 'add_ln110_174' <Predicate = true> <Delay = 0.64> <CoreInst = "DSP48">   --->   Core 124 'DSP48' <Latency = 3> <II = 1> <Delay = 0.53> <IPBlock> <Opcode : 'add' 'sub' 'mul' 'select'> <InPorts = 0> <OutPorts = 1> <Sync> <CReg>
ST_3 : Operation 1767 [1/3] (0.00ns) (grouped into DSP with root node add_ln110_175)   --->   "%mul_ln110_175 = mul i32 %sext_ln110_66, i32 %sext_ln110_47_cast" [src/integrated-gcn/gemm_stage.cpp:110]   --->   Operation 1767 'mul' 'mul_ln110_175' <Predicate = true> <Delay = 0.00> <CoreInst = "DSP48">   --->   Core 124 'DSP48' <Latency = 3> <II = 1> <Delay = 0.53> <IPBlock> <Opcode : 'add' 'sub' 'mul' 'select'> <InPorts = 0> <OutPorts = 1> <Sync> <CReg>
ST_3 : Operation 1768 [1/2] ( I:0.67ns O:0.67ns )   --->   "%XW_block_175_load = load i4 %XW_block_175_addr" [src/integrated-gcn/gemm_stage.cpp:110]   --->   Operation 1768 'load' 'XW_block_175_load' <Predicate = true> <Delay = 0.67> <CoreInst = "RAM">   --->   Core 82 'RAM' <Latency = 1> <II = 1> <Delay = 0.67> <Storage> <Opcode : 'load' 'store'> <Ports = 2> <Width = 32> <Depth = 16> <RAM>
ST_3 : Operation 1769 [2/2] (0.64ns) (root node of the DSP)   --->   "%add_ln110_175 = add i32 %XW_block_175_load, i32 %mul_ln110_175" [src/integrated-gcn/gemm_stage.cpp:110]   --->   Operation 1769 'add' 'add_ln110_175' <Predicate = true> <Delay = 0.64> <CoreInst = "DSP48">   --->   Core 124 'DSP48' <Latency = 3> <II = 1> <Delay = 0.53> <IPBlock> <Opcode : 'add' 'sub' 'mul' 'select'> <InPorts = 0> <OutPorts = 1> <Sync> <CReg>
ST_3 : Operation 1770 [1/3] (0.00ns) (grouped into DSP with root node add_ln110_176)   --->   "%mul_ln110_176 = mul i32 %sext_ln110_66, i32 %sext_ln110_48_cast" [src/integrated-gcn/gemm_stage.cpp:110]   --->   Operation 1770 'mul' 'mul_ln110_176' <Predicate = true> <Delay = 0.00> <CoreInst = "DSP48">   --->   Core 124 'DSP48' <Latency = 3> <II = 1> <Delay = 0.53> <IPBlock> <Opcode : 'add' 'sub' 'mul' 'select'> <InPorts = 0> <OutPorts = 1> <Sync> <CReg>
ST_3 : Operation 1771 [1/2] ( I:0.67ns O:0.67ns )   --->   "%XW_block_176_load = load i4 %XW_block_176_addr" [src/integrated-gcn/gemm_stage.cpp:110]   --->   Operation 1771 'load' 'XW_block_176_load' <Predicate = true> <Delay = 0.67> <CoreInst = "RAM">   --->   Core 82 'RAM' <Latency = 1> <II = 1> <Delay = 0.67> <Storage> <Opcode : 'load' 'store'> <Ports = 2> <Width = 32> <Depth = 16> <RAM>
ST_3 : Operation 1772 [2/2] (0.64ns) (root node of the DSP)   --->   "%add_ln110_176 = add i32 %XW_block_176_load, i32 %mul_ln110_176" [src/integrated-gcn/gemm_stage.cpp:110]   --->   Operation 1772 'add' 'add_ln110_176' <Predicate = true> <Delay = 0.64> <CoreInst = "DSP48">   --->   Core 124 'DSP48' <Latency = 3> <II = 1> <Delay = 0.53> <IPBlock> <Opcode : 'add' 'sub' 'mul' 'select'> <InPorts = 0> <OutPorts = 1> <Sync> <CReg>
ST_3 : Operation 1773 [1/3] (0.00ns) (grouped into DSP with root node add_ln110_177)   --->   "%mul_ln110_177 = mul i32 %sext_ln110_66, i32 %sext_ln110_49_cast" [src/integrated-gcn/gemm_stage.cpp:110]   --->   Operation 1773 'mul' 'mul_ln110_177' <Predicate = true> <Delay = 0.00> <CoreInst = "DSP48">   --->   Core 124 'DSP48' <Latency = 3> <II = 1> <Delay = 0.53> <IPBlock> <Opcode : 'add' 'sub' 'mul' 'select'> <InPorts = 0> <OutPorts = 1> <Sync> <CReg>
ST_3 : Operation 1774 [1/2] ( I:0.67ns O:0.67ns )   --->   "%XW_block_177_load = load i4 %XW_block_177_addr" [src/integrated-gcn/gemm_stage.cpp:110]   --->   Operation 1774 'load' 'XW_block_177_load' <Predicate = true> <Delay = 0.67> <CoreInst = "RAM">   --->   Core 82 'RAM' <Latency = 1> <II = 1> <Delay = 0.67> <Storage> <Opcode : 'load' 'store'> <Ports = 2> <Width = 32> <Depth = 16> <RAM>
ST_3 : Operation 1775 [2/2] (0.64ns) (root node of the DSP)   --->   "%add_ln110_177 = add i32 %XW_block_177_load, i32 %mul_ln110_177" [src/integrated-gcn/gemm_stage.cpp:110]   --->   Operation 1775 'add' 'add_ln110_177' <Predicate = true> <Delay = 0.64> <CoreInst = "DSP48">   --->   Core 124 'DSP48' <Latency = 3> <II = 1> <Delay = 0.53> <IPBlock> <Opcode : 'add' 'sub' 'mul' 'select'> <InPorts = 0> <OutPorts = 1> <Sync> <CReg>
ST_3 : Operation 1776 [1/3] (0.00ns) (grouped into DSP with root node add_ln110_178)   --->   "%mul_ln110_178 = mul i32 %sext_ln110_66, i32 %sext_ln110_50_cast" [src/integrated-gcn/gemm_stage.cpp:110]   --->   Operation 1776 'mul' 'mul_ln110_178' <Predicate = true> <Delay = 0.00> <CoreInst = "DSP48">   --->   Core 124 'DSP48' <Latency = 3> <II = 1> <Delay = 0.53> <IPBlock> <Opcode : 'add' 'sub' 'mul' 'select'> <InPorts = 0> <OutPorts = 1> <Sync> <CReg>
ST_3 : Operation 1777 [1/2] ( I:0.67ns O:0.67ns )   --->   "%XW_block_178_load = load i4 %XW_block_178_addr" [src/integrated-gcn/gemm_stage.cpp:110]   --->   Operation 1777 'load' 'XW_block_178_load' <Predicate = true> <Delay = 0.67> <CoreInst = "RAM">   --->   Core 82 'RAM' <Latency = 1> <II = 1> <Delay = 0.67> <Storage> <Opcode : 'load' 'store'> <Ports = 2> <Width = 32> <Depth = 16> <RAM>
ST_3 : Operation 1778 [2/2] (0.64ns) (root node of the DSP)   --->   "%add_ln110_178 = add i32 %XW_block_178_load, i32 %mul_ln110_178" [src/integrated-gcn/gemm_stage.cpp:110]   --->   Operation 1778 'add' 'add_ln110_178' <Predicate = true> <Delay = 0.64> <CoreInst = "DSP48">   --->   Core 124 'DSP48' <Latency = 3> <II = 1> <Delay = 0.53> <IPBlock> <Opcode : 'add' 'sub' 'mul' 'select'> <InPorts = 0> <OutPorts = 1> <Sync> <CReg>
ST_3 : Operation 1779 [1/3] (0.00ns) (grouped into DSP with root node add_ln110_179)   --->   "%mul_ln110_179 = mul i32 %sext_ln110_66, i32 %sext_ln110_51_cast" [src/integrated-gcn/gemm_stage.cpp:110]   --->   Operation 1779 'mul' 'mul_ln110_179' <Predicate = true> <Delay = 0.00> <CoreInst = "DSP48">   --->   Core 124 'DSP48' <Latency = 3> <II = 1> <Delay = 0.53> <IPBlock> <Opcode : 'add' 'sub' 'mul' 'select'> <InPorts = 0> <OutPorts = 1> <Sync> <CReg>
ST_3 : Operation 1780 [1/2] ( I:0.67ns O:0.67ns )   --->   "%XW_block_179_load = load i4 %XW_block_179_addr" [src/integrated-gcn/gemm_stage.cpp:110]   --->   Operation 1780 'load' 'XW_block_179_load' <Predicate = true> <Delay = 0.67> <CoreInst = "RAM">   --->   Core 82 'RAM' <Latency = 1> <II = 1> <Delay = 0.67> <Storage> <Opcode : 'load' 'store'> <Ports = 2> <Width = 32> <Depth = 16> <RAM>
ST_3 : Operation 1781 [2/2] (0.64ns) (root node of the DSP)   --->   "%add_ln110_179 = add i32 %XW_block_179_load, i32 %mul_ln110_179" [src/integrated-gcn/gemm_stage.cpp:110]   --->   Operation 1781 'add' 'add_ln110_179' <Predicate = true> <Delay = 0.64> <CoreInst = "DSP48">   --->   Core 124 'DSP48' <Latency = 3> <II = 1> <Delay = 0.53> <IPBlock> <Opcode : 'add' 'sub' 'mul' 'select'> <InPorts = 0> <OutPorts = 1> <Sync> <CReg>
ST_3 : Operation 1782 [1/3] (0.00ns) (grouped into DSP with root node add_ln110_180)   --->   "%mul_ln110_180 = mul i32 %sext_ln110_66, i32 %sext_ln110_52_cast" [src/integrated-gcn/gemm_stage.cpp:110]   --->   Operation 1782 'mul' 'mul_ln110_180' <Predicate = true> <Delay = 0.00> <CoreInst = "DSP48">   --->   Core 124 'DSP48' <Latency = 3> <II = 1> <Delay = 0.53> <IPBlock> <Opcode : 'add' 'sub' 'mul' 'select'> <InPorts = 0> <OutPorts = 1> <Sync> <CReg>
ST_3 : Operation 1783 [1/2] ( I:0.67ns O:0.67ns )   --->   "%XW_block_180_load = load i4 %XW_block_180_addr" [src/integrated-gcn/gemm_stage.cpp:110]   --->   Operation 1783 'load' 'XW_block_180_load' <Predicate = true> <Delay = 0.67> <CoreInst = "RAM">   --->   Core 82 'RAM' <Latency = 1> <II = 1> <Delay = 0.67> <Storage> <Opcode : 'load' 'store'> <Ports = 2> <Width = 32> <Depth = 16> <RAM>
ST_3 : Operation 1784 [2/2] (0.64ns) (root node of the DSP)   --->   "%add_ln110_180 = add i32 %XW_block_180_load, i32 %mul_ln110_180" [src/integrated-gcn/gemm_stage.cpp:110]   --->   Operation 1784 'add' 'add_ln110_180' <Predicate = true> <Delay = 0.64> <CoreInst = "DSP48">   --->   Core 124 'DSP48' <Latency = 3> <II = 1> <Delay = 0.53> <IPBlock> <Opcode : 'add' 'sub' 'mul' 'select'> <InPorts = 0> <OutPorts = 1> <Sync> <CReg>
ST_3 : Operation 1785 [1/3] (0.00ns) (grouped into DSP with root node add_ln110_181)   --->   "%mul_ln110_181 = mul i32 %sext_ln110_66, i32 %sext_ln110_53_cast" [src/integrated-gcn/gemm_stage.cpp:110]   --->   Operation 1785 'mul' 'mul_ln110_181' <Predicate = true> <Delay = 0.00> <CoreInst = "DSP48">   --->   Core 124 'DSP48' <Latency = 3> <II = 1> <Delay = 0.53> <IPBlock> <Opcode : 'add' 'sub' 'mul' 'select'> <InPorts = 0> <OutPorts = 1> <Sync> <CReg>
ST_3 : Operation 1786 [1/2] ( I:0.67ns O:0.67ns )   --->   "%XW_block_181_load = load i4 %XW_block_181_addr" [src/integrated-gcn/gemm_stage.cpp:110]   --->   Operation 1786 'load' 'XW_block_181_load' <Predicate = true> <Delay = 0.67> <CoreInst = "RAM">   --->   Core 82 'RAM' <Latency = 1> <II = 1> <Delay = 0.67> <Storage> <Opcode : 'load' 'store'> <Ports = 2> <Width = 32> <Depth = 16> <RAM>
ST_3 : Operation 1787 [2/2] (0.64ns) (root node of the DSP)   --->   "%add_ln110_181 = add i32 %XW_block_181_load, i32 %mul_ln110_181" [src/integrated-gcn/gemm_stage.cpp:110]   --->   Operation 1787 'add' 'add_ln110_181' <Predicate = true> <Delay = 0.64> <CoreInst = "DSP48">   --->   Core 124 'DSP48' <Latency = 3> <II = 1> <Delay = 0.53> <IPBlock> <Opcode : 'add' 'sub' 'mul' 'select'> <InPorts = 0> <OutPorts = 1> <Sync> <CReg>
ST_3 : Operation 1788 [1/3] (0.00ns) (grouped into DSP with root node add_ln110_182)   --->   "%mul_ln110_182 = mul i32 %sext_ln110_66, i32 %sext_ln110_54_cast" [src/integrated-gcn/gemm_stage.cpp:110]   --->   Operation 1788 'mul' 'mul_ln110_182' <Predicate = true> <Delay = 0.00> <CoreInst = "DSP48">   --->   Core 124 'DSP48' <Latency = 3> <II = 1> <Delay = 0.53> <IPBlock> <Opcode : 'add' 'sub' 'mul' 'select'> <InPorts = 0> <OutPorts = 1> <Sync> <CReg>
ST_3 : Operation 1789 [1/2] ( I:0.67ns O:0.67ns )   --->   "%XW_block_182_load = load i4 %XW_block_182_addr" [src/integrated-gcn/gemm_stage.cpp:110]   --->   Operation 1789 'load' 'XW_block_182_load' <Predicate = true> <Delay = 0.67> <CoreInst = "RAM">   --->   Core 82 'RAM' <Latency = 1> <II = 1> <Delay = 0.67> <Storage> <Opcode : 'load' 'store'> <Ports = 2> <Width = 32> <Depth = 16> <RAM>
ST_3 : Operation 1790 [2/2] (0.64ns) (root node of the DSP)   --->   "%add_ln110_182 = add i32 %XW_block_182_load, i32 %mul_ln110_182" [src/integrated-gcn/gemm_stage.cpp:110]   --->   Operation 1790 'add' 'add_ln110_182' <Predicate = true> <Delay = 0.64> <CoreInst = "DSP48">   --->   Core 124 'DSP48' <Latency = 3> <II = 1> <Delay = 0.53> <IPBlock> <Opcode : 'add' 'sub' 'mul' 'select'> <InPorts = 0> <OutPorts = 1> <Sync> <CReg>
ST_3 : Operation 1791 [1/3] (0.00ns) (grouped into DSP with root node add_ln110_183)   --->   "%mul_ln110_183 = mul i32 %sext_ln110_66, i32 %sext_ln110_55_cast" [src/integrated-gcn/gemm_stage.cpp:110]   --->   Operation 1791 'mul' 'mul_ln110_183' <Predicate = true> <Delay = 0.00> <CoreInst = "DSP48">   --->   Core 124 'DSP48' <Latency = 3> <II = 1> <Delay = 0.53> <IPBlock> <Opcode : 'add' 'sub' 'mul' 'select'> <InPorts = 0> <OutPorts = 1> <Sync> <CReg>
ST_3 : Operation 1792 [1/2] ( I:0.67ns O:0.67ns )   --->   "%XW_block_183_load = load i4 %XW_block_183_addr" [src/integrated-gcn/gemm_stage.cpp:110]   --->   Operation 1792 'load' 'XW_block_183_load' <Predicate = true> <Delay = 0.67> <CoreInst = "RAM">   --->   Core 82 'RAM' <Latency = 1> <II = 1> <Delay = 0.67> <Storage> <Opcode : 'load' 'store'> <Ports = 2> <Width = 32> <Depth = 16> <RAM>
ST_3 : Operation 1793 [2/2] (0.64ns) (root node of the DSP)   --->   "%add_ln110_183 = add i32 %XW_block_183_load, i32 %mul_ln110_183" [src/integrated-gcn/gemm_stage.cpp:110]   --->   Operation 1793 'add' 'add_ln110_183' <Predicate = true> <Delay = 0.64> <CoreInst = "DSP48">   --->   Core 124 'DSP48' <Latency = 3> <II = 1> <Delay = 0.53> <IPBlock> <Opcode : 'add' 'sub' 'mul' 'select'> <InPorts = 0> <OutPorts = 1> <Sync> <CReg>
ST_3 : Operation 1794 [1/3] (0.00ns) (grouped into DSP with root node add_ln110_184)   --->   "%mul_ln110_184 = mul i32 %sext_ln110_66, i32 %sext_ln110_56_cast" [src/integrated-gcn/gemm_stage.cpp:110]   --->   Operation 1794 'mul' 'mul_ln110_184' <Predicate = true> <Delay = 0.00> <CoreInst = "DSP48">   --->   Core 124 'DSP48' <Latency = 3> <II = 1> <Delay = 0.53> <IPBlock> <Opcode : 'add' 'sub' 'mul' 'select'> <InPorts = 0> <OutPorts = 1> <Sync> <CReg>
ST_3 : Operation 1795 [1/2] ( I:0.67ns O:0.67ns )   --->   "%XW_block_184_load = load i4 %XW_block_184_addr" [src/integrated-gcn/gemm_stage.cpp:110]   --->   Operation 1795 'load' 'XW_block_184_load' <Predicate = true> <Delay = 0.67> <CoreInst = "RAM">   --->   Core 82 'RAM' <Latency = 1> <II = 1> <Delay = 0.67> <Storage> <Opcode : 'load' 'store'> <Ports = 2> <Width = 32> <Depth = 16> <RAM>
ST_3 : Operation 1796 [2/2] (0.64ns) (root node of the DSP)   --->   "%add_ln110_184 = add i32 %XW_block_184_load, i32 %mul_ln110_184" [src/integrated-gcn/gemm_stage.cpp:110]   --->   Operation 1796 'add' 'add_ln110_184' <Predicate = true> <Delay = 0.64> <CoreInst = "DSP48">   --->   Core 124 'DSP48' <Latency = 3> <II = 1> <Delay = 0.53> <IPBlock> <Opcode : 'add' 'sub' 'mul' 'select'> <InPorts = 0> <OutPorts = 1> <Sync> <CReg>
ST_3 : Operation 1797 [1/3] (0.00ns) (grouped into DSP with root node add_ln110_185)   --->   "%mul_ln110_185 = mul i32 %sext_ln110_66, i32 %sext_ln110_57_cast" [src/integrated-gcn/gemm_stage.cpp:110]   --->   Operation 1797 'mul' 'mul_ln110_185' <Predicate = true> <Delay = 0.00> <CoreInst = "DSP48">   --->   Core 124 'DSP48' <Latency = 3> <II = 1> <Delay = 0.53> <IPBlock> <Opcode : 'add' 'sub' 'mul' 'select'> <InPorts = 0> <OutPorts = 1> <Sync> <CReg>
ST_3 : Operation 1798 [1/2] ( I:0.67ns O:0.67ns )   --->   "%XW_block_185_load = load i4 %XW_block_185_addr" [src/integrated-gcn/gemm_stage.cpp:110]   --->   Operation 1798 'load' 'XW_block_185_load' <Predicate = true> <Delay = 0.67> <CoreInst = "RAM">   --->   Core 82 'RAM' <Latency = 1> <II = 1> <Delay = 0.67> <Storage> <Opcode : 'load' 'store'> <Ports = 2> <Width = 32> <Depth = 16> <RAM>
ST_3 : Operation 1799 [2/2] (0.64ns) (root node of the DSP)   --->   "%add_ln110_185 = add i32 %XW_block_185_load, i32 %mul_ln110_185" [src/integrated-gcn/gemm_stage.cpp:110]   --->   Operation 1799 'add' 'add_ln110_185' <Predicate = true> <Delay = 0.64> <CoreInst = "DSP48">   --->   Core 124 'DSP48' <Latency = 3> <II = 1> <Delay = 0.53> <IPBlock> <Opcode : 'add' 'sub' 'mul' 'select'> <InPorts = 0> <OutPorts = 1> <Sync> <CReg>
ST_3 : Operation 1800 [1/3] (0.00ns) (grouped into DSP with root node add_ln110_186)   --->   "%mul_ln110_186 = mul i32 %sext_ln110_66, i32 %sext_ln110_58_cast" [src/integrated-gcn/gemm_stage.cpp:110]   --->   Operation 1800 'mul' 'mul_ln110_186' <Predicate = true> <Delay = 0.00> <CoreInst = "DSP48">   --->   Core 124 'DSP48' <Latency = 3> <II = 1> <Delay = 0.53> <IPBlock> <Opcode : 'add' 'sub' 'mul' 'select'> <InPorts = 0> <OutPorts = 1> <Sync> <CReg>
ST_3 : Operation 1801 [1/2] ( I:0.67ns O:0.67ns )   --->   "%XW_block_186_load = load i4 %XW_block_186_addr" [src/integrated-gcn/gemm_stage.cpp:110]   --->   Operation 1801 'load' 'XW_block_186_load' <Predicate = true> <Delay = 0.67> <CoreInst = "RAM">   --->   Core 82 'RAM' <Latency = 1> <II = 1> <Delay = 0.67> <Storage> <Opcode : 'load' 'store'> <Ports = 2> <Width = 32> <Depth = 16> <RAM>
ST_3 : Operation 1802 [2/2] (0.64ns) (root node of the DSP)   --->   "%add_ln110_186 = add i32 %XW_block_186_load, i32 %mul_ln110_186" [src/integrated-gcn/gemm_stage.cpp:110]   --->   Operation 1802 'add' 'add_ln110_186' <Predicate = true> <Delay = 0.64> <CoreInst = "DSP48">   --->   Core 124 'DSP48' <Latency = 3> <II = 1> <Delay = 0.53> <IPBlock> <Opcode : 'add' 'sub' 'mul' 'select'> <InPorts = 0> <OutPorts = 1> <Sync> <CReg>
ST_3 : Operation 1803 [1/3] (0.00ns) (grouped into DSP with root node add_ln110_187)   --->   "%mul_ln110_187 = mul i32 %sext_ln110_66, i32 %sext_ln110_59_cast" [src/integrated-gcn/gemm_stage.cpp:110]   --->   Operation 1803 'mul' 'mul_ln110_187' <Predicate = true> <Delay = 0.00> <CoreInst = "DSP48">   --->   Core 124 'DSP48' <Latency = 3> <II = 1> <Delay = 0.53> <IPBlock> <Opcode : 'add' 'sub' 'mul' 'select'> <InPorts = 0> <OutPorts = 1> <Sync> <CReg>
ST_3 : Operation 1804 [1/2] ( I:0.67ns O:0.67ns )   --->   "%XW_block_187_load = load i4 %XW_block_187_addr" [src/integrated-gcn/gemm_stage.cpp:110]   --->   Operation 1804 'load' 'XW_block_187_load' <Predicate = true> <Delay = 0.67> <CoreInst = "RAM">   --->   Core 82 'RAM' <Latency = 1> <II = 1> <Delay = 0.67> <Storage> <Opcode : 'load' 'store'> <Ports = 2> <Width = 32> <Depth = 16> <RAM>
ST_3 : Operation 1805 [2/2] (0.64ns) (root node of the DSP)   --->   "%add_ln110_187 = add i32 %XW_block_187_load, i32 %mul_ln110_187" [src/integrated-gcn/gemm_stage.cpp:110]   --->   Operation 1805 'add' 'add_ln110_187' <Predicate = true> <Delay = 0.64> <CoreInst = "DSP48">   --->   Core 124 'DSP48' <Latency = 3> <II = 1> <Delay = 0.53> <IPBlock> <Opcode : 'add' 'sub' 'mul' 'select'> <InPorts = 0> <OutPorts = 1> <Sync> <CReg>
ST_3 : Operation 1806 [1/3] (0.00ns) (grouped into DSP with root node add_ln110_188)   --->   "%mul_ln110_188 = mul i32 %sext_ln110_66, i32 %sext_ln110_60_cast" [src/integrated-gcn/gemm_stage.cpp:110]   --->   Operation 1806 'mul' 'mul_ln110_188' <Predicate = true> <Delay = 0.00> <CoreInst = "DSP48">   --->   Core 124 'DSP48' <Latency = 3> <II = 1> <Delay = 0.53> <IPBlock> <Opcode : 'add' 'sub' 'mul' 'select'> <InPorts = 0> <OutPorts = 1> <Sync> <CReg>
ST_3 : Operation 1807 [1/2] ( I:0.67ns O:0.67ns )   --->   "%XW_block_188_load = load i4 %XW_block_188_addr" [src/integrated-gcn/gemm_stage.cpp:110]   --->   Operation 1807 'load' 'XW_block_188_load' <Predicate = true> <Delay = 0.67> <CoreInst = "RAM">   --->   Core 82 'RAM' <Latency = 1> <II = 1> <Delay = 0.67> <Storage> <Opcode : 'load' 'store'> <Ports = 2> <Width = 32> <Depth = 16> <RAM>
ST_3 : Operation 1808 [2/2] (0.64ns) (root node of the DSP)   --->   "%add_ln110_188 = add i32 %XW_block_188_load, i32 %mul_ln110_188" [src/integrated-gcn/gemm_stage.cpp:110]   --->   Operation 1808 'add' 'add_ln110_188' <Predicate = true> <Delay = 0.64> <CoreInst = "DSP48">   --->   Core 124 'DSP48' <Latency = 3> <II = 1> <Delay = 0.53> <IPBlock> <Opcode : 'add' 'sub' 'mul' 'select'> <InPorts = 0> <OutPorts = 1> <Sync> <CReg>
ST_3 : Operation 1809 [1/3] (0.00ns) (grouped into DSP with root node add_ln110_189)   --->   "%mul_ln110_189 = mul i32 %sext_ln110_66, i32 %sext_ln110_61_cast" [src/integrated-gcn/gemm_stage.cpp:110]   --->   Operation 1809 'mul' 'mul_ln110_189' <Predicate = true> <Delay = 0.00> <CoreInst = "DSP48">   --->   Core 124 'DSP48' <Latency = 3> <II = 1> <Delay = 0.53> <IPBlock> <Opcode : 'add' 'sub' 'mul' 'select'> <InPorts = 0> <OutPorts = 1> <Sync> <CReg>
ST_3 : Operation 1810 [1/2] ( I:0.67ns O:0.67ns )   --->   "%XW_block_189_load = load i4 %XW_block_189_addr" [src/integrated-gcn/gemm_stage.cpp:110]   --->   Operation 1810 'load' 'XW_block_189_load' <Predicate = true> <Delay = 0.67> <CoreInst = "RAM">   --->   Core 82 'RAM' <Latency = 1> <II = 1> <Delay = 0.67> <Storage> <Opcode : 'load' 'store'> <Ports = 2> <Width = 32> <Depth = 16> <RAM>
ST_3 : Operation 1811 [2/2] (0.64ns) (root node of the DSP)   --->   "%add_ln110_189 = add i32 %XW_block_189_load, i32 %mul_ln110_189" [src/integrated-gcn/gemm_stage.cpp:110]   --->   Operation 1811 'add' 'add_ln110_189' <Predicate = true> <Delay = 0.64> <CoreInst = "DSP48">   --->   Core 124 'DSP48' <Latency = 3> <II = 1> <Delay = 0.53> <IPBlock> <Opcode : 'add' 'sub' 'mul' 'select'> <InPorts = 0> <OutPorts = 1> <Sync> <CReg>
ST_3 : Operation 1812 [1/3] (0.00ns) (grouped into DSP with root node add_ln110_190)   --->   "%mul_ln110_190 = mul i32 %sext_ln110_66, i32 %sext_ln110_62_cast" [src/integrated-gcn/gemm_stage.cpp:110]   --->   Operation 1812 'mul' 'mul_ln110_190' <Predicate = true> <Delay = 0.00> <CoreInst = "DSP48">   --->   Core 124 'DSP48' <Latency = 3> <II = 1> <Delay = 0.53> <IPBlock> <Opcode : 'add' 'sub' 'mul' 'select'> <InPorts = 0> <OutPorts = 1> <Sync> <CReg>
ST_3 : Operation 1813 [1/2] ( I:0.67ns O:0.67ns )   --->   "%XW_block_190_load = load i4 %XW_block_190_addr" [src/integrated-gcn/gemm_stage.cpp:110]   --->   Operation 1813 'load' 'XW_block_190_load' <Predicate = true> <Delay = 0.67> <CoreInst = "RAM">   --->   Core 82 'RAM' <Latency = 1> <II = 1> <Delay = 0.67> <Storage> <Opcode : 'load' 'store'> <Ports = 2> <Width = 32> <Depth = 16> <RAM>
ST_3 : Operation 1814 [2/2] (0.64ns) (root node of the DSP)   --->   "%add_ln110_190 = add i32 %XW_block_190_load, i32 %mul_ln110_190" [src/integrated-gcn/gemm_stage.cpp:110]   --->   Operation 1814 'add' 'add_ln110_190' <Predicate = true> <Delay = 0.64> <CoreInst = "DSP48">   --->   Core 124 'DSP48' <Latency = 3> <II = 1> <Delay = 0.53> <IPBlock> <Opcode : 'add' 'sub' 'mul' 'select'> <InPorts = 0> <OutPorts = 1> <Sync> <CReg>
ST_3 : Operation 1815 [1/3] (0.00ns) (grouped into DSP with root node add_ln110_191)   --->   "%mul_ln110_191 = mul i32 %sext_ln110_66, i32 %sext_ln110_63_cast" [src/integrated-gcn/gemm_stage.cpp:110]   --->   Operation 1815 'mul' 'mul_ln110_191' <Predicate = true> <Delay = 0.00> <CoreInst = "DSP48">   --->   Core 124 'DSP48' <Latency = 3> <II = 1> <Delay = 0.53> <IPBlock> <Opcode : 'add' 'sub' 'mul' 'select'> <InPorts = 0> <OutPorts = 1> <Sync> <CReg>
ST_3 : Operation 1816 [1/2] ( I:0.67ns O:0.67ns )   --->   "%XW_block_191_load = load i4 %XW_block_191_addr" [src/integrated-gcn/gemm_stage.cpp:110]   --->   Operation 1816 'load' 'XW_block_191_load' <Predicate = true> <Delay = 0.67> <CoreInst = "RAM">   --->   Core 82 'RAM' <Latency = 1> <II = 1> <Delay = 0.67> <Storage> <Opcode : 'load' 'store'> <Ports = 2> <Width = 32> <Depth = 16> <RAM>
ST_3 : Operation 1817 [2/2] (0.64ns) (root node of the DSP)   --->   "%add_ln110_191 = add i32 %XW_block_191_load, i32 %mul_ln110_191" [src/integrated-gcn/gemm_stage.cpp:110]   --->   Operation 1817 'add' 'add_ln110_191' <Predicate = true> <Delay = 0.64> <CoreInst = "DSP48">   --->   Core 124 'DSP48' <Latency = 3> <II = 1> <Delay = 0.53> <IPBlock> <Opcode : 'add' 'sub' 'mul' 'select'> <InPorts = 0> <OutPorts = 1> <Sync> <CReg>
ST_3 : Operation 1818 [1/3] (0.00ns) (grouped into DSP with root node add_ln110_192)   --->   "%mul_ln110_192 = mul i32 %sext_ln110_67, i32 %sext_ln110_cast" [src/integrated-gcn/gemm_stage.cpp:110]   --->   Operation 1818 'mul' 'mul_ln110_192' <Predicate = true> <Delay = 0.00> <CoreInst = "DSP48">   --->   Core 124 'DSP48' <Latency = 3> <II = 1> <Delay = 0.53> <IPBlock> <Opcode : 'add' 'sub' 'mul' 'select'> <InPorts = 0> <OutPorts = 1> <Sync> <CReg>
ST_3 : Operation 1819 [1/2] ( I:0.67ns O:0.67ns )   --->   "%XW_block_192_load = load i4 %XW_block_192_addr" [src/integrated-gcn/gemm_stage.cpp:110]   --->   Operation 1819 'load' 'XW_block_192_load' <Predicate = true> <Delay = 0.67> <CoreInst = "RAM">   --->   Core 82 'RAM' <Latency = 1> <II = 1> <Delay = 0.67> <Storage> <Opcode : 'load' 'store'> <Ports = 2> <Width = 32> <Depth = 16> <RAM>
ST_3 : Operation 1820 [2/2] (0.64ns) (root node of the DSP)   --->   "%add_ln110_192 = add i32 %XW_block_192_load, i32 %mul_ln110_192" [src/integrated-gcn/gemm_stage.cpp:110]   --->   Operation 1820 'add' 'add_ln110_192' <Predicate = true> <Delay = 0.64> <CoreInst = "DSP48">   --->   Core 124 'DSP48' <Latency = 3> <II = 1> <Delay = 0.53> <IPBlock> <Opcode : 'add' 'sub' 'mul' 'select'> <InPorts = 0> <OutPorts = 1> <Sync> <CReg>
ST_3 : Operation 1821 [1/3] (0.00ns) (grouped into DSP with root node add_ln110_193)   --->   "%mul_ln110_193 = mul i32 %sext_ln110_67, i32 %sext_ln110_1_cast" [src/integrated-gcn/gemm_stage.cpp:110]   --->   Operation 1821 'mul' 'mul_ln110_193' <Predicate = true> <Delay = 0.00> <CoreInst = "DSP48">   --->   Core 124 'DSP48' <Latency = 3> <II = 1> <Delay = 0.53> <IPBlock> <Opcode : 'add' 'sub' 'mul' 'select'> <InPorts = 0> <OutPorts = 1> <Sync> <CReg>
ST_3 : Operation 1822 [1/2] ( I:0.67ns O:0.67ns )   --->   "%XW_block_193_load = load i4 %XW_block_193_addr" [src/integrated-gcn/gemm_stage.cpp:110]   --->   Operation 1822 'load' 'XW_block_193_load' <Predicate = true> <Delay = 0.67> <CoreInst = "RAM">   --->   Core 82 'RAM' <Latency = 1> <II = 1> <Delay = 0.67> <Storage> <Opcode : 'load' 'store'> <Ports = 2> <Width = 32> <Depth = 16> <RAM>
ST_3 : Operation 1823 [2/2] (0.64ns) (root node of the DSP)   --->   "%add_ln110_193 = add i32 %XW_block_193_load, i32 %mul_ln110_193" [src/integrated-gcn/gemm_stage.cpp:110]   --->   Operation 1823 'add' 'add_ln110_193' <Predicate = true> <Delay = 0.64> <CoreInst = "DSP48">   --->   Core 124 'DSP48' <Latency = 3> <II = 1> <Delay = 0.53> <IPBlock> <Opcode : 'add' 'sub' 'mul' 'select'> <InPorts = 0> <OutPorts = 1> <Sync> <CReg>
ST_3 : Operation 1824 [1/3] (0.00ns) (grouped into DSP with root node add_ln110_194)   --->   "%mul_ln110_194 = mul i32 %sext_ln110_67, i32 %sext_ln110_2_cast" [src/integrated-gcn/gemm_stage.cpp:110]   --->   Operation 1824 'mul' 'mul_ln110_194' <Predicate = true> <Delay = 0.00> <CoreInst = "DSP48">   --->   Core 124 'DSP48' <Latency = 3> <II = 1> <Delay = 0.53> <IPBlock> <Opcode : 'add' 'sub' 'mul' 'select'> <InPorts = 0> <OutPorts = 1> <Sync> <CReg>
ST_3 : Operation 1825 [1/2] ( I:0.67ns O:0.67ns )   --->   "%XW_block_194_load = load i4 %XW_block_194_addr" [src/integrated-gcn/gemm_stage.cpp:110]   --->   Operation 1825 'load' 'XW_block_194_load' <Predicate = true> <Delay = 0.67> <CoreInst = "RAM">   --->   Core 82 'RAM' <Latency = 1> <II = 1> <Delay = 0.67> <Storage> <Opcode : 'load' 'store'> <Ports = 2> <Width = 32> <Depth = 16> <RAM>
ST_3 : Operation 1826 [2/2] (0.64ns) (root node of the DSP)   --->   "%add_ln110_194 = add i32 %XW_block_194_load, i32 %mul_ln110_194" [src/integrated-gcn/gemm_stage.cpp:110]   --->   Operation 1826 'add' 'add_ln110_194' <Predicate = true> <Delay = 0.64> <CoreInst = "DSP48">   --->   Core 124 'DSP48' <Latency = 3> <II = 1> <Delay = 0.53> <IPBlock> <Opcode : 'add' 'sub' 'mul' 'select'> <InPorts = 0> <OutPorts = 1> <Sync> <CReg>
ST_3 : Operation 1827 [1/3] (0.00ns) (grouped into DSP with root node add_ln110_195)   --->   "%mul_ln110_195 = mul i32 %sext_ln110_67, i32 %sext_ln110_3_cast" [src/integrated-gcn/gemm_stage.cpp:110]   --->   Operation 1827 'mul' 'mul_ln110_195' <Predicate = true> <Delay = 0.00> <CoreInst = "DSP48">   --->   Core 124 'DSP48' <Latency = 3> <II = 1> <Delay = 0.53> <IPBlock> <Opcode : 'add' 'sub' 'mul' 'select'> <InPorts = 0> <OutPorts = 1> <Sync> <CReg>
ST_3 : Operation 1828 [1/2] ( I:0.67ns O:0.67ns )   --->   "%XW_block_195_load = load i4 %XW_block_195_addr" [src/integrated-gcn/gemm_stage.cpp:110]   --->   Operation 1828 'load' 'XW_block_195_load' <Predicate = true> <Delay = 0.67> <CoreInst = "RAM">   --->   Core 82 'RAM' <Latency = 1> <II = 1> <Delay = 0.67> <Storage> <Opcode : 'load' 'store'> <Ports = 2> <Width = 32> <Depth = 16> <RAM>
ST_3 : Operation 1829 [2/2] (0.64ns) (root node of the DSP)   --->   "%add_ln110_195 = add i32 %XW_block_195_load, i32 %mul_ln110_195" [src/integrated-gcn/gemm_stage.cpp:110]   --->   Operation 1829 'add' 'add_ln110_195' <Predicate = true> <Delay = 0.64> <CoreInst = "DSP48">   --->   Core 124 'DSP48' <Latency = 3> <II = 1> <Delay = 0.53> <IPBlock> <Opcode : 'add' 'sub' 'mul' 'select'> <InPorts = 0> <OutPorts = 1> <Sync> <CReg>
ST_3 : Operation 1830 [1/3] (0.00ns) (grouped into DSP with root node add_ln110_196)   --->   "%mul_ln110_196 = mul i32 %sext_ln110_67, i32 %sext_ln110_4_cast" [src/integrated-gcn/gemm_stage.cpp:110]   --->   Operation 1830 'mul' 'mul_ln110_196' <Predicate = true> <Delay = 0.00> <CoreInst = "DSP48">   --->   Core 124 'DSP48' <Latency = 3> <II = 1> <Delay = 0.53> <IPBlock> <Opcode : 'add' 'sub' 'mul' 'select'> <InPorts = 0> <OutPorts = 1> <Sync> <CReg>
ST_3 : Operation 1831 [1/2] ( I:0.67ns O:0.67ns )   --->   "%XW_block_196_load = load i4 %XW_block_196_addr" [src/integrated-gcn/gemm_stage.cpp:110]   --->   Operation 1831 'load' 'XW_block_196_load' <Predicate = true> <Delay = 0.67> <CoreInst = "RAM">   --->   Core 82 'RAM' <Latency = 1> <II = 1> <Delay = 0.67> <Storage> <Opcode : 'load' 'store'> <Ports = 2> <Width = 32> <Depth = 16> <RAM>
ST_3 : Operation 1832 [2/2] (0.64ns) (root node of the DSP)   --->   "%add_ln110_196 = add i32 %XW_block_196_load, i32 %mul_ln110_196" [src/integrated-gcn/gemm_stage.cpp:110]   --->   Operation 1832 'add' 'add_ln110_196' <Predicate = true> <Delay = 0.64> <CoreInst = "DSP48">   --->   Core 124 'DSP48' <Latency = 3> <II = 1> <Delay = 0.53> <IPBlock> <Opcode : 'add' 'sub' 'mul' 'select'> <InPorts = 0> <OutPorts = 1> <Sync> <CReg>
ST_3 : Operation 1833 [1/3] (0.00ns) (grouped into DSP with root node add_ln110_197)   --->   "%mul_ln110_197 = mul i32 %sext_ln110_67, i32 %sext_ln110_5_cast" [src/integrated-gcn/gemm_stage.cpp:110]   --->   Operation 1833 'mul' 'mul_ln110_197' <Predicate = true> <Delay = 0.00> <CoreInst = "DSP48">   --->   Core 124 'DSP48' <Latency = 3> <II = 1> <Delay = 0.53> <IPBlock> <Opcode : 'add' 'sub' 'mul' 'select'> <InPorts = 0> <OutPorts = 1> <Sync> <CReg>
ST_3 : Operation 1834 [1/2] ( I:0.67ns O:0.67ns )   --->   "%XW_block_197_load = load i4 %XW_block_197_addr" [src/integrated-gcn/gemm_stage.cpp:110]   --->   Operation 1834 'load' 'XW_block_197_load' <Predicate = true> <Delay = 0.67> <CoreInst = "RAM">   --->   Core 82 'RAM' <Latency = 1> <II = 1> <Delay = 0.67> <Storage> <Opcode : 'load' 'store'> <Ports = 2> <Width = 32> <Depth = 16> <RAM>
ST_3 : Operation 1835 [2/2] (0.64ns) (root node of the DSP)   --->   "%add_ln110_197 = add i32 %XW_block_197_load, i32 %mul_ln110_197" [src/integrated-gcn/gemm_stage.cpp:110]   --->   Operation 1835 'add' 'add_ln110_197' <Predicate = true> <Delay = 0.64> <CoreInst = "DSP48">   --->   Core 124 'DSP48' <Latency = 3> <II = 1> <Delay = 0.53> <IPBlock> <Opcode : 'add' 'sub' 'mul' 'select'> <InPorts = 0> <OutPorts = 1> <Sync> <CReg>
ST_3 : Operation 1836 [1/3] (0.00ns) (grouped into DSP with root node add_ln110_198)   --->   "%mul_ln110_198 = mul i32 %sext_ln110_67, i32 %sext_ln110_6_cast" [src/integrated-gcn/gemm_stage.cpp:110]   --->   Operation 1836 'mul' 'mul_ln110_198' <Predicate = true> <Delay = 0.00> <CoreInst = "DSP48">   --->   Core 124 'DSP48' <Latency = 3> <II = 1> <Delay = 0.53> <IPBlock> <Opcode : 'add' 'sub' 'mul' 'select'> <InPorts = 0> <OutPorts = 1> <Sync> <CReg>
ST_3 : Operation 1837 [1/2] ( I:0.67ns O:0.67ns )   --->   "%XW_block_198_load = load i4 %XW_block_198_addr" [src/integrated-gcn/gemm_stage.cpp:110]   --->   Operation 1837 'load' 'XW_block_198_load' <Predicate = true> <Delay = 0.67> <CoreInst = "RAM">   --->   Core 82 'RAM' <Latency = 1> <II = 1> <Delay = 0.67> <Storage> <Opcode : 'load' 'store'> <Ports = 2> <Width = 32> <Depth = 16> <RAM>
ST_3 : Operation 1838 [2/2] (0.64ns) (root node of the DSP)   --->   "%add_ln110_198 = add i32 %XW_block_198_load, i32 %mul_ln110_198" [src/integrated-gcn/gemm_stage.cpp:110]   --->   Operation 1838 'add' 'add_ln110_198' <Predicate = true> <Delay = 0.64> <CoreInst = "DSP48">   --->   Core 124 'DSP48' <Latency = 3> <II = 1> <Delay = 0.53> <IPBlock> <Opcode : 'add' 'sub' 'mul' 'select'> <InPorts = 0> <OutPorts = 1> <Sync> <CReg>
ST_3 : Operation 1839 [1/3] (0.00ns) (grouped into DSP with root node add_ln110_199)   --->   "%mul_ln110_199 = mul i32 %sext_ln110_67, i32 %sext_ln110_7_cast" [src/integrated-gcn/gemm_stage.cpp:110]   --->   Operation 1839 'mul' 'mul_ln110_199' <Predicate = true> <Delay = 0.00> <CoreInst = "DSP48">   --->   Core 124 'DSP48' <Latency = 3> <II = 1> <Delay = 0.53> <IPBlock> <Opcode : 'add' 'sub' 'mul' 'select'> <InPorts = 0> <OutPorts = 1> <Sync> <CReg>
ST_3 : Operation 1840 [1/2] ( I:0.67ns O:0.67ns )   --->   "%XW_block_199_load = load i4 %XW_block_199_addr" [src/integrated-gcn/gemm_stage.cpp:110]   --->   Operation 1840 'load' 'XW_block_199_load' <Predicate = true> <Delay = 0.67> <CoreInst = "RAM">   --->   Core 82 'RAM' <Latency = 1> <II = 1> <Delay = 0.67> <Storage> <Opcode : 'load' 'store'> <Ports = 2> <Width = 32> <Depth = 16> <RAM>
ST_3 : Operation 1841 [2/2] (0.64ns) (root node of the DSP)   --->   "%add_ln110_199 = add i32 %XW_block_199_load, i32 %mul_ln110_199" [src/integrated-gcn/gemm_stage.cpp:110]   --->   Operation 1841 'add' 'add_ln110_199' <Predicate = true> <Delay = 0.64> <CoreInst = "DSP48">   --->   Core 124 'DSP48' <Latency = 3> <II = 1> <Delay = 0.53> <IPBlock> <Opcode : 'add' 'sub' 'mul' 'select'> <InPorts = 0> <OutPorts = 1> <Sync> <CReg>
ST_3 : Operation 1842 [1/3] (0.00ns) (grouped into DSP with root node add_ln110_200)   --->   "%mul_ln110_200 = mul i32 %sext_ln110_67, i32 %sext_ln110_8_cast" [src/integrated-gcn/gemm_stage.cpp:110]   --->   Operation 1842 'mul' 'mul_ln110_200' <Predicate = true> <Delay = 0.00> <CoreInst = "DSP48">   --->   Core 124 'DSP48' <Latency = 3> <II = 1> <Delay = 0.53> <IPBlock> <Opcode : 'add' 'sub' 'mul' 'select'> <InPorts = 0> <OutPorts = 1> <Sync> <CReg>
ST_3 : Operation 1843 [1/2] ( I:0.67ns O:0.67ns )   --->   "%XW_block_200_load = load i4 %XW_block_200_addr" [src/integrated-gcn/gemm_stage.cpp:110]   --->   Operation 1843 'load' 'XW_block_200_load' <Predicate = true> <Delay = 0.67> <CoreInst = "RAM">   --->   Core 82 'RAM' <Latency = 1> <II = 1> <Delay = 0.67> <Storage> <Opcode : 'load' 'store'> <Ports = 2> <Width = 32> <Depth = 16> <RAM>
ST_3 : Operation 1844 [2/2] (0.64ns) (root node of the DSP)   --->   "%add_ln110_200 = add i32 %XW_block_200_load, i32 %mul_ln110_200" [src/integrated-gcn/gemm_stage.cpp:110]   --->   Operation 1844 'add' 'add_ln110_200' <Predicate = true> <Delay = 0.64> <CoreInst = "DSP48">   --->   Core 124 'DSP48' <Latency = 3> <II = 1> <Delay = 0.53> <IPBlock> <Opcode : 'add' 'sub' 'mul' 'select'> <InPorts = 0> <OutPorts = 1> <Sync> <CReg>
ST_3 : Operation 1845 [1/3] (0.00ns) (grouped into DSP with root node add_ln110_201)   --->   "%mul_ln110_201 = mul i32 %sext_ln110_67, i32 %sext_ln110_9_cast" [src/integrated-gcn/gemm_stage.cpp:110]   --->   Operation 1845 'mul' 'mul_ln110_201' <Predicate = true> <Delay = 0.00> <CoreInst = "DSP48">   --->   Core 124 'DSP48' <Latency = 3> <II = 1> <Delay = 0.53> <IPBlock> <Opcode : 'add' 'sub' 'mul' 'select'> <InPorts = 0> <OutPorts = 1> <Sync> <CReg>
ST_3 : Operation 1846 [1/2] ( I:0.67ns O:0.67ns )   --->   "%XW_block_201_load = load i4 %XW_block_201_addr" [src/integrated-gcn/gemm_stage.cpp:110]   --->   Operation 1846 'load' 'XW_block_201_load' <Predicate = true> <Delay = 0.67> <CoreInst = "RAM">   --->   Core 82 'RAM' <Latency = 1> <II = 1> <Delay = 0.67> <Storage> <Opcode : 'load' 'store'> <Ports = 2> <Width = 32> <Depth = 16> <RAM>
ST_3 : Operation 1847 [2/2] (0.64ns) (root node of the DSP)   --->   "%add_ln110_201 = add i32 %XW_block_201_load, i32 %mul_ln110_201" [src/integrated-gcn/gemm_stage.cpp:110]   --->   Operation 1847 'add' 'add_ln110_201' <Predicate = true> <Delay = 0.64> <CoreInst = "DSP48">   --->   Core 124 'DSP48' <Latency = 3> <II = 1> <Delay = 0.53> <IPBlock> <Opcode : 'add' 'sub' 'mul' 'select'> <InPorts = 0> <OutPorts = 1> <Sync> <CReg>
ST_3 : Operation 1848 [1/3] (0.00ns) (grouped into DSP with root node add_ln110_202)   --->   "%mul_ln110_202 = mul i32 %sext_ln110_67, i32 %sext_ln110_10_cast" [src/integrated-gcn/gemm_stage.cpp:110]   --->   Operation 1848 'mul' 'mul_ln110_202' <Predicate = true> <Delay = 0.00> <CoreInst = "DSP48">   --->   Core 124 'DSP48' <Latency = 3> <II = 1> <Delay = 0.53> <IPBlock> <Opcode : 'add' 'sub' 'mul' 'select'> <InPorts = 0> <OutPorts = 1> <Sync> <CReg>
ST_3 : Operation 1849 [1/2] ( I:0.67ns O:0.67ns )   --->   "%XW_block_202_load = load i4 %XW_block_202_addr" [src/integrated-gcn/gemm_stage.cpp:110]   --->   Operation 1849 'load' 'XW_block_202_load' <Predicate = true> <Delay = 0.67> <CoreInst = "RAM">   --->   Core 82 'RAM' <Latency = 1> <II = 1> <Delay = 0.67> <Storage> <Opcode : 'load' 'store'> <Ports = 2> <Width = 32> <Depth = 16> <RAM>
ST_3 : Operation 1850 [2/2] (0.64ns) (root node of the DSP)   --->   "%add_ln110_202 = add i32 %XW_block_202_load, i32 %mul_ln110_202" [src/integrated-gcn/gemm_stage.cpp:110]   --->   Operation 1850 'add' 'add_ln110_202' <Predicate = true> <Delay = 0.64> <CoreInst = "DSP48">   --->   Core 124 'DSP48' <Latency = 3> <II = 1> <Delay = 0.53> <IPBlock> <Opcode : 'add' 'sub' 'mul' 'select'> <InPorts = 0> <OutPorts = 1> <Sync> <CReg>
ST_3 : Operation 1851 [1/3] (0.00ns) (grouped into DSP with root node add_ln110_203)   --->   "%mul_ln110_203 = mul i32 %sext_ln110_67, i32 %sext_ln110_11_cast" [src/integrated-gcn/gemm_stage.cpp:110]   --->   Operation 1851 'mul' 'mul_ln110_203' <Predicate = true> <Delay = 0.00> <CoreInst = "DSP48">   --->   Core 124 'DSP48' <Latency = 3> <II = 1> <Delay = 0.53> <IPBlock> <Opcode : 'add' 'sub' 'mul' 'select'> <InPorts = 0> <OutPorts = 1> <Sync> <CReg>
ST_3 : Operation 1852 [1/2] ( I:0.67ns O:0.67ns )   --->   "%XW_block_203_load = load i4 %XW_block_203_addr" [src/integrated-gcn/gemm_stage.cpp:110]   --->   Operation 1852 'load' 'XW_block_203_load' <Predicate = true> <Delay = 0.67> <CoreInst = "RAM">   --->   Core 82 'RAM' <Latency = 1> <II = 1> <Delay = 0.67> <Storage> <Opcode : 'load' 'store'> <Ports = 2> <Width = 32> <Depth = 16> <RAM>
ST_3 : Operation 1853 [2/2] (0.64ns) (root node of the DSP)   --->   "%add_ln110_203 = add i32 %XW_block_203_load, i32 %mul_ln110_203" [src/integrated-gcn/gemm_stage.cpp:110]   --->   Operation 1853 'add' 'add_ln110_203' <Predicate = true> <Delay = 0.64> <CoreInst = "DSP48">   --->   Core 124 'DSP48' <Latency = 3> <II = 1> <Delay = 0.53> <IPBlock> <Opcode : 'add' 'sub' 'mul' 'select'> <InPorts = 0> <OutPorts = 1> <Sync> <CReg>
ST_3 : Operation 1854 [1/3] (0.00ns) (grouped into DSP with root node add_ln110_204)   --->   "%mul_ln110_204 = mul i32 %sext_ln110_67, i32 %sext_ln110_12_cast" [src/integrated-gcn/gemm_stage.cpp:110]   --->   Operation 1854 'mul' 'mul_ln110_204' <Predicate = true> <Delay = 0.00> <CoreInst = "DSP48">   --->   Core 124 'DSP48' <Latency = 3> <II = 1> <Delay = 0.53> <IPBlock> <Opcode : 'add' 'sub' 'mul' 'select'> <InPorts = 0> <OutPorts = 1> <Sync> <CReg>
ST_3 : Operation 1855 [1/2] ( I:0.67ns O:0.67ns )   --->   "%XW_block_204_load = load i4 %XW_block_204_addr" [src/integrated-gcn/gemm_stage.cpp:110]   --->   Operation 1855 'load' 'XW_block_204_load' <Predicate = true> <Delay = 0.67> <CoreInst = "RAM">   --->   Core 82 'RAM' <Latency = 1> <II = 1> <Delay = 0.67> <Storage> <Opcode : 'load' 'store'> <Ports = 2> <Width = 32> <Depth = 16> <RAM>
ST_3 : Operation 1856 [2/2] (0.64ns) (root node of the DSP)   --->   "%add_ln110_204 = add i32 %XW_block_204_load, i32 %mul_ln110_204" [src/integrated-gcn/gemm_stage.cpp:110]   --->   Operation 1856 'add' 'add_ln110_204' <Predicate = true> <Delay = 0.64> <CoreInst = "DSP48">   --->   Core 124 'DSP48' <Latency = 3> <II = 1> <Delay = 0.53> <IPBlock> <Opcode : 'add' 'sub' 'mul' 'select'> <InPorts = 0> <OutPorts = 1> <Sync> <CReg>
ST_3 : Operation 1857 [1/3] (0.00ns) (grouped into DSP with root node add_ln110_205)   --->   "%mul_ln110_205 = mul i32 %sext_ln110_67, i32 %sext_ln110_13_cast" [src/integrated-gcn/gemm_stage.cpp:110]   --->   Operation 1857 'mul' 'mul_ln110_205' <Predicate = true> <Delay = 0.00> <CoreInst = "DSP48">   --->   Core 124 'DSP48' <Latency = 3> <II = 1> <Delay = 0.53> <IPBlock> <Opcode : 'add' 'sub' 'mul' 'select'> <InPorts = 0> <OutPorts = 1> <Sync> <CReg>
ST_3 : Operation 1858 [1/2] ( I:0.67ns O:0.67ns )   --->   "%XW_block_205_load = load i4 %XW_block_205_addr" [src/integrated-gcn/gemm_stage.cpp:110]   --->   Operation 1858 'load' 'XW_block_205_load' <Predicate = true> <Delay = 0.67> <CoreInst = "RAM">   --->   Core 82 'RAM' <Latency = 1> <II = 1> <Delay = 0.67> <Storage> <Opcode : 'load' 'store'> <Ports = 2> <Width = 32> <Depth = 16> <RAM>
ST_3 : Operation 1859 [2/2] (0.64ns) (root node of the DSP)   --->   "%add_ln110_205 = add i32 %XW_block_205_load, i32 %mul_ln110_205" [src/integrated-gcn/gemm_stage.cpp:110]   --->   Operation 1859 'add' 'add_ln110_205' <Predicate = true> <Delay = 0.64> <CoreInst = "DSP48">   --->   Core 124 'DSP48' <Latency = 3> <II = 1> <Delay = 0.53> <IPBlock> <Opcode : 'add' 'sub' 'mul' 'select'> <InPorts = 0> <OutPorts = 1> <Sync> <CReg>
ST_3 : Operation 1860 [1/3] (0.00ns) (grouped into DSP with root node add_ln110_206)   --->   "%mul_ln110_206 = mul i32 %sext_ln110_67, i32 %sext_ln110_14_cast" [src/integrated-gcn/gemm_stage.cpp:110]   --->   Operation 1860 'mul' 'mul_ln110_206' <Predicate = true> <Delay = 0.00> <CoreInst = "DSP48">   --->   Core 124 'DSP48' <Latency = 3> <II = 1> <Delay = 0.53> <IPBlock> <Opcode : 'add' 'sub' 'mul' 'select'> <InPorts = 0> <OutPorts = 1> <Sync> <CReg>
ST_3 : Operation 1861 [1/2] ( I:0.67ns O:0.67ns )   --->   "%XW_block_206_load = load i4 %XW_block_206_addr" [src/integrated-gcn/gemm_stage.cpp:110]   --->   Operation 1861 'load' 'XW_block_206_load' <Predicate = true> <Delay = 0.67> <CoreInst = "RAM">   --->   Core 82 'RAM' <Latency = 1> <II = 1> <Delay = 0.67> <Storage> <Opcode : 'load' 'store'> <Ports = 2> <Width = 32> <Depth = 16> <RAM>
ST_3 : Operation 1862 [2/2] (0.64ns) (root node of the DSP)   --->   "%add_ln110_206 = add i32 %XW_block_206_load, i32 %mul_ln110_206" [src/integrated-gcn/gemm_stage.cpp:110]   --->   Operation 1862 'add' 'add_ln110_206' <Predicate = true> <Delay = 0.64> <CoreInst = "DSP48">   --->   Core 124 'DSP48' <Latency = 3> <II = 1> <Delay = 0.53> <IPBlock> <Opcode : 'add' 'sub' 'mul' 'select'> <InPorts = 0> <OutPorts = 1> <Sync> <CReg>
ST_3 : Operation 1863 [1/3] (0.00ns) (grouped into DSP with root node add_ln110_207)   --->   "%mul_ln110_207 = mul i32 %sext_ln110_67, i32 %sext_ln110_15_cast" [src/integrated-gcn/gemm_stage.cpp:110]   --->   Operation 1863 'mul' 'mul_ln110_207' <Predicate = true> <Delay = 0.00> <CoreInst = "DSP48">   --->   Core 124 'DSP48' <Latency = 3> <II = 1> <Delay = 0.53> <IPBlock> <Opcode : 'add' 'sub' 'mul' 'select'> <InPorts = 0> <OutPorts = 1> <Sync> <CReg>
ST_3 : Operation 1864 [1/2] ( I:0.67ns O:0.67ns )   --->   "%XW_block_207_load = load i4 %XW_block_207_addr" [src/integrated-gcn/gemm_stage.cpp:110]   --->   Operation 1864 'load' 'XW_block_207_load' <Predicate = true> <Delay = 0.67> <CoreInst = "RAM">   --->   Core 82 'RAM' <Latency = 1> <II = 1> <Delay = 0.67> <Storage> <Opcode : 'load' 'store'> <Ports = 2> <Width = 32> <Depth = 16> <RAM>
ST_3 : Operation 1865 [2/2] (0.64ns) (root node of the DSP)   --->   "%add_ln110_207 = add i32 %XW_block_207_load, i32 %mul_ln110_207" [src/integrated-gcn/gemm_stage.cpp:110]   --->   Operation 1865 'add' 'add_ln110_207' <Predicate = true> <Delay = 0.64> <CoreInst = "DSP48">   --->   Core 124 'DSP48' <Latency = 3> <II = 1> <Delay = 0.53> <IPBlock> <Opcode : 'add' 'sub' 'mul' 'select'> <InPorts = 0> <OutPorts = 1> <Sync> <CReg>
ST_3 : Operation 1866 [1/3] (0.00ns) (grouped into DSP with root node add_ln110_208)   --->   "%mul_ln110_208 = mul i32 %sext_ln110_67, i32 %sext_ln110_16_cast" [src/integrated-gcn/gemm_stage.cpp:110]   --->   Operation 1866 'mul' 'mul_ln110_208' <Predicate = true> <Delay = 0.00> <CoreInst = "DSP48">   --->   Core 124 'DSP48' <Latency = 3> <II = 1> <Delay = 0.53> <IPBlock> <Opcode : 'add' 'sub' 'mul' 'select'> <InPorts = 0> <OutPorts = 1> <Sync> <CReg>
ST_3 : Operation 1867 [1/2] ( I:0.67ns O:0.67ns )   --->   "%XW_block_208_load = load i4 %XW_block_208_addr" [src/integrated-gcn/gemm_stage.cpp:110]   --->   Operation 1867 'load' 'XW_block_208_load' <Predicate = true> <Delay = 0.67> <CoreInst = "RAM">   --->   Core 82 'RAM' <Latency = 1> <II = 1> <Delay = 0.67> <Storage> <Opcode : 'load' 'store'> <Ports = 2> <Width = 32> <Depth = 16> <RAM>
ST_3 : Operation 1868 [2/2] (0.64ns) (root node of the DSP)   --->   "%add_ln110_208 = add i32 %XW_block_208_load, i32 %mul_ln110_208" [src/integrated-gcn/gemm_stage.cpp:110]   --->   Operation 1868 'add' 'add_ln110_208' <Predicate = true> <Delay = 0.64> <CoreInst = "DSP48">   --->   Core 124 'DSP48' <Latency = 3> <II = 1> <Delay = 0.53> <IPBlock> <Opcode : 'add' 'sub' 'mul' 'select'> <InPorts = 0> <OutPorts = 1> <Sync> <CReg>
ST_3 : Operation 1869 [1/3] (0.00ns) (grouped into DSP with root node add_ln110_209)   --->   "%mul_ln110_209 = mul i32 %sext_ln110_67, i32 %sext_ln110_17_cast" [src/integrated-gcn/gemm_stage.cpp:110]   --->   Operation 1869 'mul' 'mul_ln110_209' <Predicate = true> <Delay = 0.00> <CoreInst = "DSP48">   --->   Core 124 'DSP48' <Latency = 3> <II = 1> <Delay = 0.53> <IPBlock> <Opcode : 'add' 'sub' 'mul' 'select'> <InPorts = 0> <OutPorts = 1> <Sync> <CReg>
ST_3 : Operation 1870 [1/2] ( I:0.67ns O:0.67ns )   --->   "%XW_block_209_load = load i4 %XW_block_209_addr" [src/integrated-gcn/gemm_stage.cpp:110]   --->   Operation 1870 'load' 'XW_block_209_load' <Predicate = true> <Delay = 0.67> <CoreInst = "RAM">   --->   Core 82 'RAM' <Latency = 1> <II = 1> <Delay = 0.67> <Storage> <Opcode : 'load' 'store'> <Ports = 2> <Width = 32> <Depth = 16> <RAM>
ST_3 : Operation 1871 [2/2] (0.64ns) (root node of the DSP)   --->   "%add_ln110_209 = add i32 %XW_block_209_load, i32 %mul_ln110_209" [src/integrated-gcn/gemm_stage.cpp:110]   --->   Operation 1871 'add' 'add_ln110_209' <Predicate = true> <Delay = 0.64> <CoreInst = "DSP48">   --->   Core 124 'DSP48' <Latency = 3> <II = 1> <Delay = 0.53> <IPBlock> <Opcode : 'add' 'sub' 'mul' 'select'> <InPorts = 0> <OutPorts = 1> <Sync> <CReg>
ST_3 : Operation 1872 [1/3] (0.00ns) (grouped into DSP with root node add_ln110_210)   --->   "%mul_ln110_210 = mul i32 %sext_ln110_67, i32 %sext_ln110_18_cast" [src/integrated-gcn/gemm_stage.cpp:110]   --->   Operation 1872 'mul' 'mul_ln110_210' <Predicate = true> <Delay = 0.00> <CoreInst = "DSP48">   --->   Core 124 'DSP48' <Latency = 3> <II = 1> <Delay = 0.53> <IPBlock> <Opcode : 'add' 'sub' 'mul' 'select'> <InPorts = 0> <OutPorts = 1> <Sync> <CReg>
ST_3 : Operation 1873 [1/2] ( I:0.67ns O:0.67ns )   --->   "%XW_block_210_load = load i4 %XW_block_210_addr" [src/integrated-gcn/gemm_stage.cpp:110]   --->   Operation 1873 'load' 'XW_block_210_load' <Predicate = true> <Delay = 0.67> <CoreInst = "RAM">   --->   Core 82 'RAM' <Latency = 1> <II = 1> <Delay = 0.67> <Storage> <Opcode : 'load' 'store'> <Ports = 2> <Width = 32> <Depth = 16> <RAM>
ST_3 : Operation 1874 [2/2] (0.64ns) (root node of the DSP)   --->   "%add_ln110_210 = add i32 %XW_block_210_load, i32 %mul_ln110_210" [src/integrated-gcn/gemm_stage.cpp:110]   --->   Operation 1874 'add' 'add_ln110_210' <Predicate = true> <Delay = 0.64> <CoreInst = "DSP48">   --->   Core 124 'DSP48' <Latency = 3> <II = 1> <Delay = 0.53> <IPBlock> <Opcode : 'add' 'sub' 'mul' 'select'> <InPorts = 0> <OutPorts = 1> <Sync> <CReg>
ST_3 : Operation 1875 [1/3] (0.00ns) (grouped into DSP with root node add_ln110_211)   --->   "%mul_ln110_211 = mul i32 %sext_ln110_67, i32 %sext_ln110_19_cast" [src/integrated-gcn/gemm_stage.cpp:110]   --->   Operation 1875 'mul' 'mul_ln110_211' <Predicate = true> <Delay = 0.00> <CoreInst = "DSP48">   --->   Core 124 'DSP48' <Latency = 3> <II = 1> <Delay = 0.53> <IPBlock> <Opcode : 'add' 'sub' 'mul' 'select'> <InPorts = 0> <OutPorts = 1> <Sync> <CReg>
ST_3 : Operation 1876 [1/2] ( I:0.67ns O:0.67ns )   --->   "%XW_block_211_load = load i4 %XW_block_211_addr" [src/integrated-gcn/gemm_stage.cpp:110]   --->   Operation 1876 'load' 'XW_block_211_load' <Predicate = true> <Delay = 0.67> <CoreInst = "RAM">   --->   Core 82 'RAM' <Latency = 1> <II = 1> <Delay = 0.67> <Storage> <Opcode : 'load' 'store'> <Ports = 2> <Width = 32> <Depth = 16> <RAM>
ST_3 : Operation 1877 [2/2] (0.64ns) (root node of the DSP)   --->   "%add_ln110_211 = add i32 %XW_block_211_load, i32 %mul_ln110_211" [src/integrated-gcn/gemm_stage.cpp:110]   --->   Operation 1877 'add' 'add_ln110_211' <Predicate = true> <Delay = 0.64> <CoreInst = "DSP48">   --->   Core 124 'DSP48' <Latency = 3> <II = 1> <Delay = 0.53> <IPBlock> <Opcode : 'add' 'sub' 'mul' 'select'> <InPorts = 0> <OutPorts = 1> <Sync> <CReg>
ST_3 : Operation 1878 [1/3] (0.00ns) (grouped into DSP with root node add_ln110_212)   --->   "%mul_ln110_212 = mul i32 %sext_ln110_67, i32 %sext_ln110_20_cast" [src/integrated-gcn/gemm_stage.cpp:110]   --->   Operation 1878 'mul' 'mul_ln110_212' <Predicate = true> <Delay = 0.00> <CoreInst = "DSP48">   --->   Core 124 'DSP48' <Latency = 3> <II = 1> <Delay = 0.53> <IPBlock> <Opcode : 'add' 'sub' 'mul' 'select'> <InPorts = 0> <OutPorts = 1> <Sync> <CReg>
ST_3 : Operation 1879 [1/2] ( I:0.67ns O:0.67ns )   --->   "%XW_block_212_load = load i4 %XW_block_212_addr" [src/integrated-gcn/gemm_stage.cpp:110]   --->   Operation 1879 'load' 'XW_block_212_load' <Predicate = true> <Delay = 0.67> <CoreInst = "RAM">   --->   Core 82 'RAM' <Latency = 1> <II = 1> <Delay = 0.67> <Storage> <Opcode : 'load' 'store'> <Ports = 2> <Width = 32> <Depth = 16> <RAM>
ST_3 : Operation 1880 [2/2] (0.64ns) (root node of the DSP)   --->   "%add_ln110_212 = add i32 %XW_block_212_load, i32 %mul_ln110_212" [src/integrated-gcn/gemm_stage.cpp:110]   --->   Operation 1880 'add' 'add_ln110_212' <Predicate = true> <Delay = 0.64> <CoreInst = "DSP48">   --->   Core 124 'DSP48' <Latency = 3> <II = 1> <Delay = 0.53> <IPBlock> <Opcode : 'add' 'sub' 'mul' 'select'> <InPorts = 0> <OutPorts = 1> <Sync> <CReg>
ST_3 : Operation 1881 [1/3] (0.00ns) (grouped into DSP with root node add_ln110_213)   --->   "%mul_ln110_213 = mul i32 %sext_ln110_67, i32 %sext_ln110_21_cast" [src/integrated-gcn/gemm_stage.cpp:110]   --->   Operation 1881 'mul' 'mul_ln110_213' <Predicate = true> <Delay = 0.00> <CoreInst = "DSP48">   --->   Core 124 'DSP48' <Latency = 3> <II = 1> <Delay = 0.53> <IPBlock> <Opcode : 'add' 'sub' 'mul' 'select'> <InPorts = 0> <OutPorts = 1> <Sync> <CReg>
ST_3 : Operation 1882 [1/2] ( I:0.67ns O:0.67ns )   --->   "%XW_block_213_load = load i4 %XW_block_213_addr" [src/integrated-gcn/gemm_stage.cpp:110]   --->   Operation 1882 'load' 'XW_block_213_load' <Predicate = true> <Delay = 0.67> <CoreInst = "RAM">   --->   Core 82 'RAM' <Latency = 1> <II = 1> <Delay = 0.67> <Storage> <Opcode : 'load' 'store'> <Ports = 2> <Width = 32> <Depth = 16> <RAM>
ST_3 : Operation 1883 [2/2] (0.64ns) (root node of the DSP)   --->   "%add_ln110_213 = add i32 %XW_block_213_load, i32 %mul_ln110_213" [src/integrated-gcn/gemm_stage.cpp:110]   --->   Operation 1883 'add' 'add_ln110_213' <Predicate = true> <Delay = 0.64> <CoreInst = "DSP48">   --->   Core 124 'DSP48' <Latency = 3> <II = 1> <Delay = 0.53> <IPBlock> <Opcode : 'add' 'sub' 'mul' 'select'> <InPorts = 0> <OutPorts = 1> <Sync> <CReg>
ST_3 : Operation 1884 [1/3] (0.00ns) (grouped into DSP with root node add_ln110_214)   --->   "%mul_ln110_214 = mul i32 %sext_ln110_67, i32 %sext_ln110_22_cast" [src/integrated-gcn/gemm_stage.cpp:110]   --->   Operation 1884 'mul' 'mul_ln110_214' <Predicate = true> <Delay = 0.00> <CoreInst = "DSP48">   --->   Core 124 'DSP48' <Latency = 3> <II = 1> <Delay = 0.53> <IPBlock> <Opcode : 'add' 'sub' 'mul' 'select'> <InPorts = 0> <OutPorts = 1> <Sync> <CReg>
ST_3 : Operation 1885 [1/2] ( I:0.67ns O:0.67ns )   --->   "%XW_block_214_load = load i4 %XW_block_214_addr" [src/integrated-gcn/gemm_stage.cpp:110]   --->   Operation 1885 'load' 'XW_block_214_load' <Predicate = true> <Delay = 0.67> <CoreInst = "RAM">   --->   Core 82 'RAM' <Latency = 1> <II = 1> <Delay = 0.67> <Storage> <Opcode : 'load' 'store'> <Ports = 2> <Width = 32> <Depth = 16> <RAM>
ST_3 : Operation 1886 [2/2] (0.64ns) (root node of the DSP)   --->   "%add_ln110_214 = add i32 %XW_block_214_load, i32 %mul_ln110_214" [src/integrated-gcn/gemm_stage.cpp:110]   --->   Operation 1886 'add' 'add_ln110_214' <Predicate = true> <Delay = 0.64> <CoreInst = "DSP48">   --->   Core 124 'DSP48' <Latency = 3> <II = 1> <Delay = 0.53> <IPBlock> <Opcode : 'add' 'sub' 'mul' 'select'> <InPorts = 0> <OutPorts = 1> <Sync> <CReg>
ST_3 : Operation 1887 [1/3] (0.00ns) (grouped into DSP with root node add_ln110_215)   --->   "%mul_ln110_215 = mul i32 %sext_ln110_67, i32 %sext_ln110_23_cast" [src/integrated-gcn/gemm_stage.cpp:110]   --->   Operation 1887 'mul' 'mul_ln110_215' <Predicate = true> <Delay = 0.00> <CoreInst = "DSP48">   --->   Core 124 'DSP48' <Latency = 3> <II = 1> <Delay = 0.53> <IPBlock> <Opcode : 'add' 'sub' 'mul' 'select'> <InPorts = 0> <OutPorts = 1> <Sync> <CReg>
ST_3 : Operation 1888 [1/2] ( I:0.67ns O:0.67ns )   --->   "%XW_block_215_load = load i4 %XW_block_215_addr" [src/integrated-gcn/gemm_stage.cpp:110]   --->   Operation 1888 'load' 'XW_block_215_load' <Predicate = true> <Delay = 0.67> <CoreInst = "RAM">   --->   Core 82 'RAM' <Latency = 1> <II = 1> <Delay = 0.67> <Storage> <Opcode : 'load' 'store'> <Ports = 2> <Width = 32> <Depth = 16> <RAM>
ST_3 : Operation 1889 [2/2] (0.64ns) (root node of the DSP)   --->   "%add_ln110_215 = add i32 %XW_block_215_load, i32 %mul_ln110_215" [src/integrated-gcn/gemm_stage.cpp:110]   --->   Operation 1889 'add' 'add_ln110_215' <Predicate = true> <Delay = 0.64> <CoreInst = "DSP48">   --->   Core 124 'DSP48' <Latency = 3> <II = 1> <Delay = 0.53> <IPBlock> <Opcode : 'add' 'sub' 'mul' 'select'> <InPorts = 0> <OutPorts = 1> <Sync> <CReg>
ST_3 : Operation 1890 [1/3] (0.00ns) (grouped into DSP with root node add_ln110_216)   --->   "%mul_ln110_216 = mul i32 %sext_ln110_67, i32 %sext_ln110_24_cast" [src/integrated-gcn/gemm_stage.cpp:110]   --->   Operation 1890 'mul' 'mul_ln110_216' <Predicate = true> <Delay = 0.00> <CoreInst = "DSP48">   --->   Core 124 'DSP48' <Latency = 3> <II = 1> <Delay = 0.53> <IPBlock> <Opcode : 'add' 'sub' 'mul' 'select'> <InPorts = 0> <OutPorts = 1> <Sync> <CReg>
ST_3 : Operation 1891 [1/2] ( I:0.67ns O:0.67ns )   --->   "%XW_block_216_load = load i4 %XW_block_216_addr" [src/integrated-gcn/gemm_stage.cpp:110]   --->   Operation 1891 'load' 'XW_block_216_load' <Predicate = true> <Delay = 0.67> <CoreInst = "RAM">   --->   Core 82 'RAM' <Latency = 1> <II = 1> <Delay = 0.67> <Storage> <Opcode : 'load' 'store'> <Ports = 2> <Width = 32> <Depth = 16> <RAM>
ST_3 : Operation 1892 [2/2] (0.64ns) (root node of the DSP)   --->   "%add_ln110_216 = add i32 %XW_block_216_load, i32 %mul_ln110_216" [src/integrated-gcn/gemm_stage.cpp:110]   --->   Operation 1892 'add' 'add_ln110_216' <Predicate = true> <Delay = 0.64> <CoreInst = "DSP48">   --->   Core 124 'DSP48' <Latency = 3> <II = 1> <Delay = 0.53> <IPBlock> <Opcode : 'add' 'sub' 'mul' 'select'> <InPorts = 0> <OutPorts = 1> <Sync> <CReg>
ST_3 : Operation 1893 [1/3] (0.00ns) (grouped into DSP with root node add_ln110_217)   --->   "%mul_ln110_217 = mul i32 %sext_ln110_67, i32 %sext_ln110_25_cast" [src/integrated-gcn/gemm_stage.cpp:110]   --->   Operation 1893 'mul' 'mul_ln110_217' <Predicate = true> <Delay = 0.00> <CoreInst = "DSP48">   --->   Core 124 'DSP48' <Latency = 3> <II = 1> <Delay = 0.53> <IPBlock> <Opcode : 'add' 'sub' 'mul' 'select'> <InPorts = 0> <OutPorts = 1> <Sync> <CReg>
ST_3 : Operation 1894 [1/2] ( I:0.67ns O:0.67ns )   --->   "%XW_block_217_load = load i4 %XW_block_217_addr" [src/integrated-gcn/gemm_stage.cpp:110]   --->   Operation 1894 'load' 'XW_block_217_load' <Predicate = true> <Delay = 0.67> <CoreInst = "RAM">   --->   Core 82 'RAM' <Latency = 1> <II = 1> <Delay = 0.67> <Storage> <Opcode : 'load' 'store'> <Ports = 2> <Width = 32> <Depth = 16> <RAM>
ST_3 : Operation 1895 [2/2] (0.64ns) (root node of the DSP)   --->   "%add_ln110_217 = add i32 %XW_block_217_load, i32 %mul_ln110_217" [src/integrated-gcn/gemm_stage.cpp:110]   --->   Operation 1895 'add' 'add_ln110_217' <Predicate = true> <Delay = 0.64> <CoreInst = "DSP48">   --->   Core 124 'DSP48' <Latency = 3> <II = 1> <Delay = 0.53> <IPBlock> <Opcode : 'add' 'sub' 'mul' 'select'> <InPorts = 0> <OutPorts = 1> <Sync> <CReg>
ST_3 : Operation 1896 [1/3] (0.00ns) (grouped into DSP with root node add_ln110_218)   --->   "%mul_ln110_218 = mul i32 %sext_ln110_67, i32 %sext_ln110_26_cast" [src/integrated-gcn/gemm_stage.cpp:110]   --->   Operation 1896 'mul' 'mul_ln110_218' <Predicate = true> <Delay = 0.00> <CoreInst = "DSP48">   --->   Core 124 'DSP48' <Latency = 3> <II = 1> <Delay = 0.53> <IPBlock> <Opcode : 'add' 'sub' 'mul' 'select'> <InPorts = 0> <OutPorts = 1> <Sync> <CReg>
ST_3 : Operation 1897 [1/2] ( I:0.67ns O:0.67ns )   --->   "%XW_block_218_load = load i4 %XW_block_218_addr" [src/integrated-gcn/gemm_stage.cpp:110]   --->   Operation 1897 'load' 'XW_block_218_load' <Predicate = true> <Delay = 0.67> <CoreInst = "RAM">   --->   Core 82 'RAM' <Latency = 1> <II = 1> <Delay = 0.67> <Storage> <Opcode : 'load' 'store'> <Ports = 2> <Width = 32> <Depth = 16> <RAM>
ST_3 : Operation 1898 [2/2] (0.64ns) (root node of the DSP)   --->   "%add_ln110_218 = add i32 %XW_block_218_load, i32 %mul_ln110_218" [src/integrated-gcn/gemm_stage.cpp:110]   --->   Operation 1898 'add' 'add_ln110_218' <Predicate = true> <Delay = 0.64> <CoreInst = "DSP48">   --->   Core 124 'DSP48' <Latency = 3> <II = 1> <Delay = 0.53> <IPBlock> <Opcode : 'add' 'sub' 'mul' 'select'> <InPorts = 0> <OutPorts = 1> <Sync> <CReg>
ST_3 : Operation 1899 [1/3] (0.00ns) (grouped into DSP with root node add_ln110_219)   --->   "%mul_ln110_219 = mul i32 %sext_ln110_67, i32 %sext_ln110_27_cast" [src/integrated-gcn/gemm_stage.cpp:110]   --->   Operation 1899 'mul' 'mul_ln110_219' <Predicate = true> <Delay = 0.00> <CoreInst = "DSP48">   --->   Core 124 'DSP48' <Latency = 3> <II = 1> <Delay = 0.53> <IPBlock> <Opcode : 'add' 'sub' 'mul' 'select'> <InPorts = 0> <OutPorts = 1> <Sync> <CReg>
ST_3 : Operation 1900 [1/2] ( I:0.67ns O:0.67ns )   --->   "%XW_block_219_load = load i4 %XW_block_219_addr" [src/integrated-gcn/gemm_stage.cpp:110]   --->   Operation 1900 'load' 'XW_block_219_load' <Predicate = true> <Delay = 0.67> <CoreInst = "RAM">   --->   Core 82 'RAM' <Latency = 1> <II = 1> <Delay = 0.67> <Storage> <Opcode : 'load' 'store'> <Ports = 2> <Width = 32> <Depth = 16> <RAM>
ST_3 : Operation 1901 [2/2] (0.64ns) (root node of the DSP)   --->   "%add_ln110_219 = add i32 %XW_block_219_load, i32 %mul_ln110_219" [src/integrated-gcn/gemm_stage.cpp:110]   --->   Operation 1901 'add' 'add_ln110_219' <Predicate = true> <Delay = 0.64> <CoreInst = "DSP48">   --->   Core 124 'DSP48' <Latency = 3> <II = 1> <Delay = 0.53> <IPBlock> <Opcode : 'add' 'sub' 'mul' 'select'> <InPorts = 0> <OutPorts = 1> <Sync> <CReg>
ST_3 : Operation 1902 [1/3] (0.00ns) (grouped into DSP with root node add_ln110_220)   --->   "%mul_ln110_220 = mul i32 %sext_ln110_67, i32 %sext_ln110_28_cast" [src/integrated-gcn/gemm_stage.cpp:110]   --->   Operation 1902 'mul' 'mul_ln110_220' <Predicate = true> <Delay = 0.00> <CoreInst = "DSP48">   --->   Core 124 'DSP48' <Latency = 3> <II = 1> <Delay = 0.53> <IPBlock> <Opcode : 'add' 'sub' 'mul' 'select'> <InPorts = 0> <OutPorts = 1> <Sync> <CReg>
ST_3 : Operation 1903 [1/2] ( I:0.67ns O:0.67ns )   --->   "%XW_block_220_load = load i4 %XW_block_220_addr" [src/integrated-gcn/gemm_stage.cpp:110]   --->   Operation 1903 'load' 'XW_block_220_load' <Predicate = true> <Delay = 0.67> <CoreInst = "RAM">   --->   Core 82 'RAM' <Latency = 1> <II = 1> <Delay = 0.67> <Storage> <Opcode : 'load' 'store'> <Ports = 2> <Width = 32> <Depth = 16> <RAM>
ST_3 : Operation 1904 [2/2] (0.64ns) (root node of the DSP)   --->   "%add_ln110_220 = add i32 %XW_block_220_load, i32 %mul_ln110_220" [src/integrated-gcn/gemm_stage.cpp:110]   --->   Operation 1904 'add' 'add_ln110_220' <Predicate = true> <Delay = 0.64> <CoreInst = "DSP48">   --->   Core 124 'DSP48' <Latency = 3> <II = 1> <Delay = 0.53> <IPBlock> <Opcode : 'add' 'sub' 'mul' 'select'> <InPorts = 0> <OutPorts = 1> <Sync> <CReg>
ST_3 : Operation 1905 [1/3] (0.00ns) (grouped into DSP with root node add_ln110_221)   --->   "%mul_ln110_221 = mul i32 %sext_ln110_67, i32 %sext_ln110_29_cast" [src/integrated-gcn/gemm_stage.cpp:110]   --->   Operation 1905 'mul' 'mul_ln110_221' <Predicate = true> <Delay = 0.00> <CoreInst = "DSP48">   --->   Core 124 'DSP48' <Latency = 3> <II = 1> <Delay = 0.53> <IPBlock> <Opcode : 'add' 'sub' 'mul' 'select'> <InPorts = 0> <OutPorts = 1> <Sync> <CReg>
ST_3 : Operation 1906 [1/2] ( I:0.67ns O:0.67ns )   --->   "%XW_block_221_load = load i4 %XW_block_221_addr" [src/integrated-gcn/gemm_stage.cpp:110]   --->   Operation 1906 'load' 'XW_block_221_load' <Predicate = true> <Delay = 0.67> <CoreInst = "RAM">   --->   Core 82 'RAM' <Latency = 1> <II = 1> <Delay = 0.67> <Storage> <Opcode : 'load' 'store'> <Ports = 2> <Width = 32> <Depth = 16> <RAM>
ST_3 : Operation 1907 [2/2] (0.64ns) (root node of the DSP)   --->   "%add_ln110_221 = add i32 %XW_block_221_load, i32 %mul_ln110_221" [src/integrated-gcn/gemm_stage.cpp:110]   --->   Operation 1907 'add' 'add_ln110_221' <Predicate = true> <Delay = 0.64> <CoreInst = "DSP48">   --->   Core 124 'DSP48' <Latency = 3> <II = 1> <Delay = 0.53> <IPBlock> <Opcode : 'add' 'sub' 'mul' 'select'> <InPorts = 0> <OutPorts = 1> <Sync> <CReg>
ST_3 : Operation 1908 [1/3] (0.00ns) (grouped into DSP with root node add_ln110_222)   --->   "%mul_ln110_222 = mul i32 %sext_ln110_67, i32 %sext_ln110_30_cast" [src/integrated-gcn/gemm_stage.cpp:110]   --->   Operation 1908 'mul' 'mul_ln110_222' <Predicate = true> <Delay = 0.00> <CoreInst = "DSP48">   --->   Core 124 'DSP48' <Latency = 3> <II = 1> <Delay = 0.53> <IPBlock> <Opcode : 'add' 'sub' 'mul' 'select'> <InPorts = 0> <OutPorts = 1> <Sync> <CReg>
ST_3 : Operation 1909 [1/2] ( I:0.67ns O:0.67ns )   --->   "%XW_block_222_load = load i4 %XW_block_222_addr" [src/integrated-gcn/gemm_stage.cpp:110]   --->   Operation 1909 'load' 'XW_block_222_load' <Predicate = true> <Delay = 0.67> <CoreInst = "RAM">   --->   Core 82 'RAM' <Latency = 1> <II = 1> <Delay = 0.67> <Storage> <Opcode : 'load' 'store'> <Ports = 2> <Width = 32> <Depth = 16> <RAM>
ST_3 : Operation 1910 [2/2] (0.64ns) (root node of the DSP)   --->   "%add_ln110_222 = add i32 %XW_block_222_load, i32 %mul_ln110_222" [src/integrated-gcn/gemm_stage.cpp:110]   --->   Operation 1910 'add' 'add_ln110_222' <Predicate = true> <Delay = 0.64> <CoreInst = "DSP48">   --->   Core 124 'DSP48' <Latency = 3> <II = 1> <Delay = 0.53> <IPBlock> <Opcode : 'add' 'sub' 'mul' 'select'> <InPorts = 0> <OutPorts = 1> <Sync> <CReg>
ST_3 : Operation 1911 [1/3] (0.00ns) (grouped into DSP with root node add_ln110_223)   --->   "%mul_ln110_223 = mul i32 %sext_ln110_67, i32 %sext_ln110_31_cast" [src/integrated-gcn/gemm_stage.cpp:110]   --->   Operation 1911 'mul' 'mul_ln110_223' <Predicate = true> <Delay = 0.00> <CoreInst = "DSP48">   --->   Core 124 'DSP48' <Latency = 3> <II = 1> <Delay = 0.53> <IPBlock> <Opcode : 'add' 'sub' 'mul' 'select'> <InPorts = 0> <OutPorts = 1> <Sync> <CReg>
ST_3 : Operation 1912 [1/2] ( I:0.67ns O:0.67ns )   --->   "%XW_block_223_load = load i4 %XW_block_223_addr" [src/integrated-gcn/gemm_stage.cpp:110]   --->   Operation 1912 'load' 'XW_block_223_load' <Predicate = true> <Delay = 0.67> <CoreInst = "RAM">   --->   Core 82 'RAM' <Latency = 1> <II = 1> <Delay = 0.67> <Storage> <Opcode : 'load' 'store'> <Ports = 2> <Width = 32> <Depth = 16> <RAM>
ST_3 : Operation 1913 [2/2] (0.64ns) (root node of the DSP)   --->   "%add_ln110_223 = add i32 %XW_block_223_load, i32 %mul_ln110_223" [src/integrated-gcn/gemm_stage.cpp:110]   --->   Operation 1913 'add' 'add_ln110_223' <Predicate = true> <Delay = 0.64> <CoreInst = "DSP48">   --->   Core 124 'DSP48' <Latency = 3> <II = 1> <Delay = 0.53> <IPBlock> <Opcode : 'add' 'sub' 'mul' 'select'> <InPorts = 0> <OutPorts = 1> <Sync> <CReg>
ST_3 : Operation 1914 [1/3] (0.00ns) (grouped into DSP with root node add_ln110_224)   --->   "%mul_ln110_224 = mul i32 %sext_ln110_67, i32 %sext_ln110_32_cast" [src/integrated-gcn/gemm_stage.cpp:110]   --->   Operation 1914 'mul' 'mul_ln110_224' <Predicate = true> <Delay = 0.00> <CoreInst = "DSP48">   --->   Core 124 'DSP48' <Latency = 3> <II = 1> <Delay = 0.53> <IPBlock> <Opcode : 'add' 'sub' 'mul' 'select'> <InPorts = 0> <OutPorts = 1> <Sync> <CReg>
ST_3 : Operation 1915 [1/2] ( I:0.67ns O:0.67ns )   --->   "%XW_block_224_load = load i4 %XW_block_224_addr" [src/integrated-gcn/gemm_stage.cpp:110]   --->   Operation 1915 'load' 'XW_block_224_load' <Predicate = true> <Delay = 0.67> <CoreInst = "RAM">   --->   Core 82 'RAM' <Latency = 1> <II = 1> <Delay = 0.67> <Storage> <Opcode : 'load' 'store'> <Ports = 2> <Width = 32> <Depth = 16> <RAM>
ST_3 : Operation 1916 [2/2] (0.64ns) (root node of the DSP)   --->   "%add_ln110_224 = add i32 %XW_block_224_load, i32 %mul_ln110_224" [src/integrated-gcn/gemm_stage.cpp:110]   --->   Operation 1916 'add' 'add_ln110_224' <Predicate = true> <Delay = 0.64> <CoreInst = "DSP48">   --->   Core 124 'DSP48' <Latency = 3> <II = 1> <Delay = 0.53> <IPBlock> <Opcode : 'add' 'sub' 'mul' 'select'> <InPorts = 0> <OutPorts = 1> <Sync> <CReg>
ST_3 : Operation 1917 [1/3] (0.00ns) (grouped into DSP with root node add_ln110_225)   --->   "%mul_ln110_225 = mul i32 %sext_ln110_67, i32 %sext_ln110_33_cast" [src/integrated-gcn/gemm_stage.cpp:110]   --->   Operation 1917 'mul' 'mul_ln110_225' <Predicate = true> <Delay = 0.00> <CoreInst = "DSP48">   --->   Core 124 'DSP48' <Latency = 3> <II = 1> <Delay = 0.53> <IPBlock> <Opcode : 'add' 'sub' 'mul' 'select'> <InPorts = 0> <OutPorts = 1> <Sync> <CReg>
ST_3 : Operation 1918 [1/2] ( I:0.67ns O:0.67ns )   --->   "%XW_block_225_load = load i4 %XW_block_225_addr" [src/integrated-gcn/gemm_stage.cpp:110]   --->   Operation 1918 'load' 'XW_block_225_load' <Predicate = true> <Delay = 0.67> <CoreInst = "RAM">   --->   Core 82 'RAM' <Latency = 1> <II = 1> <Delay = 0.67> <Storage> <Opcode : 'load' 'store'> <Ports = 2> <Width = 32> <Depth = 16> <RAM>
ST_3 : Operation 1919 [2/2] (0.64ns) (root node of the DSP)   --->   "%add_ln110_225 = add i32 %XW_block_225_load, i32 %mul_ln110_225" [src/integrated-gcn/gemm_stage.cpp:110]   --->   Operation 1919 'add' 'add_ln110_225' <Predicate = true> <Delay = 0.64> <CoreInst = "DSP48">   --->   Core 124 'DSP48' <Latency = 3> <II = 1> <Delay = 0.53> <IPBlock> <Opcode : 'add' 'sub' 'mul' 'select'> <InPorts = 0> <OutPorts = 1> <Sync> <CReg>
ST_3 : Operation 1920 [1/3] (0.00ns) (grouped into DSP with root node add_ln110_226)   --->   "%mul_ln110_226 = mul i32 %sext_ln110_67, i32 %sext_ln110_34_cast" [src/integrated-gcn/gemm_stage.cpp:110]   --->   Operation 1920 'mul' 'mul_ln110_226' <Predicate = true> <Delay = 0.00> <CoreInst = "DSP48">   --->   Core 124 'DSP48' <Latency = 3> <II = 1> <Delay = 0.53> <IPBlock> <Opcode : 'add' 'sub' 'mul' 'select'> <InPorts = 0> <OutPorts = 1> <Sync> <CReg>
ST_3 : Operation 1921 [1/2] ( I:0.67ns O:0.67ns )   --->   "%XW_block_226_load = load i4 %XW_block_226_addr" [src/integrated-gcn/gemm_stage.cpp:110]   --->   Operation 1921 'load' 'XW_block_226_load' <Predicate = true> <Delay = 0.67> <CoreInst = "RAM">   --->   Core 82 'RAM' <Latency = 1> <II = 1> <Delay = 0.67> <Storage> <Opcode : 'load' 'store'> <Ports = 2> <Width = 32> <Depth = 16> <RAM>
ST_3 : Operation 1922 [2/2] (0.64ns) (root node of the DSP)   --->   "%add_ln110_226 = add i32 %XW_block_226_load, i32 %mul_ln110_226" [src/integrated-gcn/gemm_stage.cpp:110]   --->   Operation 1922 'add' 'add_ln110_226' <Predicate = true> <Delay = 0.64> <CoreInst = "DSP48">   --->   Core 124 'DSP48' <Latency = 3> <II = 1> <Delay = 0.53> <IPBlock> <Opcode : 'add' 'sub' 'mul' 'select'> <InPorts = 0> <OutPorts = 1> <Sync> <CReg>
ST_3 : Operation 1923 [1/3] (0.00ns) (grouped into DSP with root node add_ln110_227)   --->   "%mul_ln110_227 = mul i32 %sext_ln110_67, i32 %sext_ln110_35_cast" [src/integrated-gcn/gemm_stage.cpp:110]   --->   Operation 1923 'mul' 'mul_ln110_227' <Predicate = true> <Delay = 0.00> <CoreInst = "DSP48">   --->   Core 124 'DSP48' <Latency = 3> <II = 1> <Delay = 0.53> <IPBlock> <Opcode : 'add' 'sub' 'mul' 'select'> <InPorts = 0> <OutPorts = 1> <Sync> <CReg>
ST_3 : Operation 1924 [1/2] ( I:0.67ns O:0.67ns )   --->   "%XW_block_227_load = load i4 %XW_block_227_addr" [src/integrated-gcn/gemm_stage.cpp:110]   --->   Operation 1924 'load' 'XW_block_227_load' <Predicate = true> <Delay = 0.67> <CoreInst = "RAM">   --->   Core 82 'RAM' <Latency = 1> <II = 1> <Delay = 0.67> <Storage> <Opcode : 'load' 'store'> <Ports = 2> <Width = 32> <Depth = 16> <RAM>
ST_3 : Operation 1925 [2/2] (0.64ns) (root node of the DSP)   --->   "%add_ln110_227 = add i32 %XW_block_227_load, i32 %mul_ln110_227" [src/integrated-gcn/gemm_stage.cpp:110]   --->   Operation 1925 'add' 'add_ln110_227' <Predicate = true> <Delay = 0.64> <CoreInst = "DSP48">   --->   Core 124 'DSP48' <Latency = 3> <II = 1> <Delay = 0.53> <IPBlock> <Opcode : 'add' 'sub' 'mul' 'select'> <InPorts = 0> <OutPorts = 1> <Sync> <CReg>
ST_3 : Operation 1926 [1/3] (0.00ns) (grouped into DSP with root node add_ln110_228)   --->   "%mul_ln110_228 = mul i32 %sext_ln110_67, i32 %sext_ln110_36_cast" [src/integrated-gcn/gemm_stage.cpp:110]   --->   Operation 1926 'mul' 'mul_ln110_228' <Predicate = true> <Delay = 0.00> <CoreInst = "DSP48">   --->   Core 124 'DSP48' <Latency = 3> <II = 1> <Delay = 0.53> <IPBlock> <Opcode : 'add' 'sub' 'mul' 'select'> <InPorts = 0> <OutPorts = 1> <Sync> <CReg>
ST_3 : Operation 1927 [1/2] ( I:0.67ns O:0.67ns )   --->   "%XW_block_228_load = load i4 %XW_block_228_addr" [src/integrated-gcn/gemm_stage.cpp:110]   --->   Operation 1927 'load' 'XW_block_228_load' <Predicate = true> <Delay = 0.67> <CoreInst = "RAM">   --->   Core 82 'RAM' <Latency = 1> <II = 1> <Delay = 0.67> <Storage> <Opcode : 'load' 'store'> <Ports = 2> <Width = 32> <Depth = 16> <RAM>
ST_3 : Operation 1928 [2/2] (0.64ns) (root node of the DSP)   --->   "%add_ln110_228 = add i32 %XW_block_228_load, i32 %mul_ln110_228" [src/integrated-gcn/gemm_stage.cpp:110]   --->   Operation 1928 'add' 'add_ln110_228' <Predicate = true> <Delay = 0.64> <CoreInst = "DSP48">   --->   Core 124 'DSP48' <Latency = 3> <II = 1> <Delay = 0.53> <IPBlock> <Opcode : 'add' 'sub' 'mul' 'select'> <InPorts = 0> <OutPorts = 1> <Sync> <CReg>
ST_3 : Operation 1929 [1/3] (0.00ns) (grouped into DSP with root node add_ln110_229)   --->   "%mul_ln110_229 = mul i32 %sext_ln110_67, i32 %sext_ln110_37_cast" [src/integrated-gcn/gemm_stage.cpp:110]   --->   Operation 1929 'mul' 'mul_ln110_229' <Predicate = true> <Delay = 0.00> <CoreInst = "DSP48">   --->   Core 124 'DSP48' <Latency = 3> <II = 1> <Delay = 0.53> <IPBlock> <Opcode : 'add' 'sub' 'mul' 'select'> <InPorts = 0> <OutPorts = 1> <Sync> <CReg>
ST_3 : Operation 1930 [1/2] ( I:0.67ns O:0.67ns )   --->   "%XW_block_229_load = load i4 %XW_block_229_addr" [src/integrated-gcn/gemm_stage.cpp:110]   --->   Operation 1930 'load' 'XW_block_229_load' <Predicate = true> <Delay = 0.67> <CoreInst = "RAM">   --->   Core 82 'RAM' <Latency = 1> <II = 1> <Delay = 0.67> <Storage> <Opcode : 'load' 'store'> <Ports = 2> <Width = 32> <Depth = 16> <RAM>
ST_3 : Operation 1931 [2/2] (0.64ns) (root node of the DSP)   --->   "%add_ln110_229 = add i32 %XW_block_229_load, i32 %mul_ln110_229" [src/integrated-gcn/gemm_stage.cpp:110]   --->   Operation 1931 'add' 'add_ln110_229' <Predicate = true> <Delay = 0.64> <CoreInst = "DSP48">   --->   Core 124 'DSP48' <Latency = 3> <II = 1> <Delay = 0.53> <IPBlock> <Opcode : 'add' 'sub' 'mul' 'select'> <InPorts = 0> <OutPorts = 1> <Sync> <CReg>
ST_3 : Operation 1932 [1/3] (0.00ns) (grouped into DSP with root node add_ln110_230)   --->   "%mul_ln110_230 = mul i32 %sext_ln110_67, i32 %sext_ln110_38_cast" [src/integrated-gcn/gemm_stage.cpp:110]   --->   Operation 1932 'mul' 'mul_ln110_230' <Predicate = true> <Delay = 0.00> <CoreInst = "DSP48">   --->   Core 124 'DSP48' <Latency = 3> <II = 1> <Delay = 0.53> <IPBlock> <Opcode : 'add' 'sub' 'mul' 'select'> <InPorts = 0> <OutPorts = 1> <Sync> <CReg>
ST_3 : Operation 1933 [1/2] ( I:0.67ns O:0.67ns )   --->   "%XW_block_230_load = load i4 %XW_block_230_addr" [src/integrated-gcn/gemm_stage.cpp:110]   --->   Operation 1933 'load' 'XW_block_230_load' <Predicate = true> <Delay = 0.67> <CoreInst = "RAM">   --->   Core 82 'RAM' <Latency = 1> <II = 1> <Delay = 0.67> <Storage> <Opcode : 'load' 'store'> <Ports = 2> <Width = 32> <Depth = 16> <RAM>
ST_3 : Operation 1934 [2/2] (0.64ns) (root node of the DSP)   --->   "%add_ln110_230 = add i32 %XW_block_230_load, i32 %mul_ln110_230" [src/integrated-gcn/gemm_stage.cpp:110]   --->   Operation 1934 'add' 'add_ln110_230' <Predicate = true> <Delay = 0.64> <CoreInst = "DSP48">   --->   Core 124 'DSP48' <Latency = 3> <II = 1> <Delay = 0.53> <IPBlock> <Opcode : 'add' 'sub' 'mul' 'select'> <InPorts = 0> <OutPorts = 1> <Sync> <CReg>
ST_3 : Operation 1935 [1/3] (0.00ns) (grouped into DSP with root node add_ln110_231)   --->   "%mul_ln110_231 = mul i32 %sext_ln110_67, i32 %sext_ln110_39_cast" [src/integrated-gcn/gemm_stage.cpp:110]   --->   Operation 1935 'mul' 'mul_ln110_231' <Predicate = true> <Delay = 0.00> <CoreInst = "DSP48">   --->   Core 124 'DSP48' <Latency = 3> <II = 1> <Delay = 0.53> <IPBlock> <Opcode : 'add' 'sub' 'mul' 'select'> <InPorts = 0> <OutPorts = 1> <Sync> <CReg>
ST_3 : Operation 1936 [1/2] ( I:0.67ns O:0.67ns )   --->   "%XW_block_231_load = load i4 %XW_block_231_addr" [src/integrated-gcn/gemm_stage.cpp:110]   --->   Operation 1936 'load' 'XW_block_231_load' <Predicate = true> <Delay = 0.67> <CoreInst = "RAM">   --->   Core 82 'RAM' <Latency = 1> <II = 1> <Delay = 0.67> <Storage> <Opcode : 'load' 'store'> <Ports = 2> <Width = 32> <Depth = 16> <RAM>
ST_3 : Operation 1937 [2/2] (0.64ns) (root node of the DSP)   --->   "%add_ln110_231 = add i32 %XW_block_231_load, i32 %mul_ln110_231" [src/integrated-gcn/gemm_stage.cpp:110]   --->   Operation 1937 'add' 'add_ln110_231' <Predicate = true> <Delay = 0.64> <CoreInst = "DSP48">   --->   Core 124 'DSP48' <Latency = 3> <II = 1> <Delay = 0.53> <IPBlock> <Opcode : 'add' 'sub' 'mul' 'select'> <InPorts = 0> <OutPorts = 1> <Sync> <CReg>
ST_3 : Operation 1938 [1/3] (0.00ns) (grouped into DSP with root node add_ln110_232)   --->   "%mul_ln110_232 = mul i32 %sext_ln110_67, i32 %sext_ln110_40_cast" [src/integrated-gcn/gemm_stage.cpp:110]   --->   Operation 1938 'mul' 'mul_ln110_232' <Predicate = true> <Delay = 0.00> <CoreInst = "DSP48">   --->   Core 124 'DSP48' <Latency = 3> <II = 1> <Delay = 0.53> <IPBlock> <Opcode : 'add' 'sub' 'mul' 'select'> <InPorts = 0> <OutPorts = 1> <Sync> <CReg>
ST_3 : Operation 1939 [1/2] ( I:0.67ns O:0.67ns )   --->   "%XW_block_232_load = load i4 %XW_block_232_addr" [src/integrated-gcn/gemm_stage.cpp:110]   --->   Operation 1939 'load' 'XW_block_232_load' <Predicate = true> <Delay = 0.67> <CoreInst = "RAM">   --->   Core 82 'RAM' <Latency = 1> <II = 1> <Delay = 0.67> <Storage> <Opcode : 'load' 'store'> <Ports = 2> <Width = 32> <Depth = 16> <RAM>
ST_3 : Operation 1940 [2/2] (0.64ns) (root node of the DSP)   --->   "%add_ln110_232 = add i32 %XW_block_232_load, i32 %mul_ln110_232" [src/integrated-gcn/gemm_stage.cpp:110]   --->   Operation 1940 'add' 'add_ln110_232' <Predicate = true> <Delay = 0.64> <CoreInst = "DSP48">   --->   Core 124 'DSP48' <Latency = 3> <II = 1> <Delay = 0.53> <IPBlock> <Opcode : 'add' 'sub' 'mul' 'select'> <InPorts = 0> <OutPorts = 1> <Sync> <CReg>
ST_3 : Operation 1941 [1/3] (0.00ns) (grouped into DSP with root node add_ln110_233)   --->   "%mul_ln110_233 = mul i32 %sext_ln110_67, i32 %sext_ln110_41_cast" [src/integrated-gcn/gemm_stage.cpp:110]   --->   Operation 1941 'mul' 'mul_ln110_233' <Predicate = true> <Delay = 0.00> <CoreInst = "DSP48">   --->   Core 124 'DSP48' <Latency = 3> <II = 1> <Delay = 0.53> <IPBlock> <Opcode : 'add' 'sub' 'mul' 'select'> <InPorts = 0> <OutPorts = 1> <Sync> <CReg>
ST_3 : Operation 1942 [1/2] ( I:0.67ns O:0.67ns )   --->   "%XW_block_233_load = load i4 %XW_block_233_addr" [src/integrated-gcn/gemm_stage.cpp:110]   --->   Operation 1942 'load' 'XW_block_233_load' <Predicate = true> <Delay = 0.67> <CoreInst = "RAM">   --->   Core 82 'RAM' <Latency = 1> <II = 1> <Delay = 0.67> <Storage> <Opcode : 'load' 'store'> <Ports = 2> <Width = 32> <Depth = 16> <RAM>
ST_3 : Operation 1943 [2/2] (0.64ns) (root node of the DSP)   --->   "%add_ln110_233 = add i32 %XW_block_233_load, i32 %mul_ln110_233" [src/integrated-gcn/gemm_stage.cpp:110]   --->   Operation 1943 'add' 'add_ln110_233' <Predicate = true> <Delay = 0.64> <CoreInst = "DSP48">   --->   Core 124 'DSP48' <Latency = 3> <II = 1> <Delay = 0.53> <IPBlock> <Opcode : 'add' 'sub' 'mul' 'select'> <InPorts = 0> <OutPorts = 1> <Sync> <CReg>
ST_3 : Operation 1944 [1/3] (0.00ns) (grouped into DSP with root node add_ln110_234)   --->   "%mul_ln110_234 = mul i32 %sext_ln110_67, i32 %sext_ln110_42_cast" [src/integrated-gcn/gemm_stage.cpp:110]   --->   Operation 1944 'mul' 'mul_ln110_234' <Predicate = true> <Delay = 0.00> <CoreInst = "DSP48">   --->   Core 124 'DSP48' <Latency = 3> <II = 1> <Delay = 0.53> <IPBlock> <Opcode : 'add' 'sub' 'mul' 'select'> <InPorts = 0> <OutPorts = 1> <Sync> <CReg>
ST_3 : Operation 1945 [1/2] ( I:0.67ns O:0.67ns )   --->   "%XW_block_234_load = load i4 %XW_block_234_addr" [src/integrated-gcn/gemm_stage.cpp:110]   --->   Operation 1945 'load' 'XW_block_234_load' <Predicate = true> <Delay = 0.67> <CoreInst = "RAM">   --->   Core 82 'RAM' <Latency = 1> <II = 1> <Delay = 0.67> <Storage> <Opcode : 'load' 'store'> <Ports = 2> <Width = 32> <Depth = 16> <RAM>
ST_3 : Operation 1946 [2/2] (0.64ns) (root node of the DSP)   --->   "%add_ln110_234 = add i32 %XW_block_234_load, i32 %mul_ln110_234" [src/integrated-gcn/gemm_stage.cpp:110]   --->   Operation 1946 'add' 'add_ln110_234' <Predicate = true> <Delay = 0.64> <CoreInst = "DSP48">   --->   Core 124 'DSP48' <Latency = 3> <II = 1> <Delay = 0.53> <IPBlock> <Opcode : 'add' 'sub' 'mul' 'select'> <InPorts = 0> <OutPorts = 1> <Sync> <CReg>
ST_3 : Operation 1947 [1/3] (0.00ns) (grouped into DSP with root node add_ln110_235)   --->   "%mul_ln110_235 = mul i32 %sext_ln110_67, i32 %sext_ln110_43_cast" [src/integrated-gcn/gemm_stage.cpp:110]   --->   Operation 1947 'mul' 'mul_ln110_235' <Predicate = true> <Delay = 0.00> <CoreInst = "DSP48">   --->   Core 124 'DSP48' <Latency = 3> <II = 1> <Delay = 0.53> <IPBlock> <Opcode : 'add' 'sub' 'mul' 'select'> <InPorts = 0> <OutPorts = 1> <Sync> <CReg>
ST_3 : Operation 1948 [1/2] ( I:0.67ns O:0.67ns )   --->   "%XW_block_235_load = load i4 %XW_block_235_addr" [src/integrated-gcn/gemm_stage.cpp:110]   --->   Operation 1948 'load' 'XW_block_235_load' <Predicate = true> <Delay = 0.67> <CoreInst = "RAM">   --->   Core 82 'RAM' <Latency = 1> <II = 1> <Delay = 0.67> <Storage> <Opcode : 'load' 'store'> <Ports = 2> <Width = 32> <Depth = 16> <RAM>
ST_3 : Operation 1949 [2/2] (0.64ns) (root node of the DSP)   --->   "%add_ln110_235 = add i32 %XW_block_235_load, i32 %mul_ln110_235" [src/integrated-gcn/gemm_stage.cpp:110]   --->   Operation 1949 'add' 'add_ln110_235' <Predicate = true> <Delay = 0.64> <CoreInst = "DSP48">   --->   Core 124 'DSP48' <Latency = 3> <II = 1> <Delay = 0.53> <IPBlock> <Opcode : 'add' 'sub' 'mul' 'select'> <InPorts = 0> <OutPorts = 1> <Sync> <CReg>
ST_3 : Operation 1950 [1/3] (0.00ns) (grouped into DSP with root node add_ln110_236)   --->   "%mul_ln110_236 = mul i32 %sext_ln110_67, i32 %sext_ln110_44_cast" [src/integrated-gcn/gemm_stage.cpp:110]   --->   Operation 1950 'mul' 'mul_ln110_236' <Predicate = true> <Delay = 0.00> <CoreInst = "DSP48">   --->   Core 124 'DSP48' <Latency = 3> <II = 1> <Delay = 0.53> <IPBlock> <Opcode : 'add' 'sub' 'mul' 'select'> <InPorts = 0> <OutPorts = 1> <Sync> <CReg>
ST_3 : Operation 1951 [1/2] ( I:0.67ns O:0.67ns )   --->   "%XW_block_236_load = load i4 %XW_block_236_addr" [src/integrated-gcn/gemm_stage.cpp:110]   --->   Operation 1951 'load' 'XW_block_236_load' <Predicate = true> <Delay = 0.67> <CoreInst = "RAM">   --->   Core 82 'RAM' <Latency = 1> <II = 1> <Delay = 0.67> <Storage> <Opcode : 'load' 'store'> <Ports = 2> <Width = 32> <Depth = 16> <RAM>
ST_3 : Operation 1952 [2/2] (0.64ns) (root node of the DSP)   --->   "%add_ln110_236 = add i32 %XW_block_236_load, i32 %mul_ln110_236" [src/integrated-gcn/gemm_stage.cpp:110]   --->   Operation 1952 'add' 'add_ln110_236' <Predicate = true> <Delay = 0.64> <CoreInst = "DSP48">   --->   Core 124 'DSP48' <Latency = 3> <II = 1> <Delay = 0.53> <IPBlock> <Opcode : 'add' 'sub' 'mul' 'select'> <InPorts = 0> <OutPorts = 1> <Sync> <CReg>
ST_3 : Operation 1953 [1/3] (0.00ns) (grouped into DSP with root node add_ln110_237)   --->   "%mul_ln110_237 = mul i32 %sext_ln110_67, i32 %sext_ln110_45_cast" [src/integrated-gcn/gemm_stage.cpp:110]   --->   Operation 1953 'mul' 'mul_ln110_237' <Predicate = true> <Delay = 0.00> <CoreInst = "DSP48">   --->   Core 124 'DSP48' <Latency = 3> <II = 1> <Delay = 0.53> <IPBlock> <Opcode : 'add' 'sub' 'mul' 'select'> <InPorts = 0> <OutPorts = 1> <Sync> <CReg>
ST_3 : Operation 1954 [1/2] ( I:0.67ns O:0.67ns )   --->   "%XW_block_237_load = load i4 %XW_block_237_addr" [src/integrated-gcn/gemm_stage.cpp:110]   --->   Operation 1954 'load' 'XW_block_237_load' <Predicate = true> <Delay = 0.67> <CoreInst = "RAM">   --->   Core 82 'RAM' <Latency = 1> <II = 1> <Delay = 0.67> <Storage> <Opcode : 'load' 'store'> <Ports = 2> <Width = 32> <Depth = 16> <RAM>
ST_3 : Operation 1955 [2/2] (0.64ns) (root node of the DSP)   --->   "%add_ln110_237 = add i32 %XW_block_237_load, i32 %mul_ln110_237" [src/integrated-gcn/gemm_stage.cpp:110]   --->   Operation 1955 'add' 'add_ln110_237' <Predicate = true> <Delay = 0.64> <CoreInst = "DSP48">   --->   Core 124 'DSP48' <Latency = 3> <II = 1> <Delay = 0.53> <IPBlock> <Opcode : 'add' 'sub' 'mul' 'select'> <InPorts = 0> <OutPorts = 1> <Sync> <CReg>
ST_3 : Operation 1956 [1/3] (0.00ns) (grouped into DSP with root node add_ln110_238)   --->   "%mul_ln110_238 = mul i32 %sext_ln110_67, i32 %sext_ln110_46_cast" [src/integrated-gcn/gemm_stage.cpp:110]   --->   Operation 1956 'mul' 'mul_ln110_238' <Predicate = true> <Delay = 0.00> <CoreInst = "DSP48">   --->   Core 124 'DSP48' <Latency = 3> <II = 1> <Delay = 0.53> <IPBlock> <Opcode : 'add' 'sub' 'mul' 'select'> <InPorts = 0> <OutPorts = 1> <Sync> <CReg>
ST_3 : Operation 1957 [1/2] ( I:0.67ns O:0.67ns )   --->   "%XW_block_238_load = load i4 %XW_block_238_addr" [src/integrated-gcn/gemm_stage.cpp:110]   --->   Operation 1957 'load' 'XW_block_238_load' <Predicate = true> <Delay = 0.67> <CoreInst = "RAM">   --->   Core 82 'RAM' <Latency = 1> <II = 1> <Delay = 0.67> <Storage> <Opcode : 'load' 'store'> <Ports = 2> <Width = 32> <Depth = 16> <RAM>
ST_3 : Operation 1958 [2/2] (0.64ns) (root node of the DSP)   --->   "%add_ln110_238 = add i32 %XW_block_238_load, i32 %mul_ln110_238" [src/integrated-gcn/gemm_stage.cpp:110]   --->   Operation 1958 'add' 'add_ln110_238' <Predicate = true> <Delay = 0.64> <CoreInst = "DSP48">   --->   Core 124 'DSP48' <Latency = 3> <II = 1> <Delay = 0.53> <IPBlock> <Opcode : 'add' 'sub' 'mul' 'select'> <InPorts = 0> <OutPorts = 1> <Sync> <CReg>
ST_3 : Operation 1959 [1/3] (0.00ns) (grouped into DSP with root node add_ln110_239)   --->   "%mul_ln110_239 = mul i32 %sext_ln110_67, i32 %sext_ln110_47_cast" [src/integrated-gcn/gemm_stage.cpp:110]   --->   Operation 1959 'mul' 'mul_ln110_239' <Predicate = true> <Delay = 0.00> <CoreInst = "DSP48">   --->   Core 124 'DSP48' <Latency = 3> <II = 1> <Delay = 0.53> <IPBlock> <Opcode : 'add' 'sub' 'mul' 'select'> <InPorts = 0> <OutPorts = 1> <Sync> <CReg>
ST_3 : Operation 1960 [1/2] ( I:0.67ns O:0.67ns )   --->   "%XW_block_239_load = load i4 %XW_block_239_addr" [src/integrated-gcn/gemm_stage.cpp:110]   --->   Operation 1960 'load' 'XW_block_239_load' <Predicate = true> <Delay = 0.67> <CoreInst = "RAM">   --->   Core 82 'RAM' <Latency = 1> <II = 1> <Delay = 0.67> <Storage> <Opcode : 'load' 'store'> <Ports = 2> <Width = 32> <Depth = 16> <RAM>
ST_3 : Operation 1961 [2/2] (0.64ns) (root node of the DSP)   --->   "%add_ln110_239 = add i32 %XW_block_239_load, i32 %mul_ln110_239" [src/integrated-gcn/gemm_stage.cpp:110]   --->   Operation 1961 'add' 'add_ln110_239' <Predicate = true> <Delay = 0.64> <CoreInst = "DSP48">   --->   Core 124 'DSP48' <Latency = 3> <II = 1> <Delay = 0.53> <IPBlock> <Opcode : 'add' 'sub' 'mul' 'select'> <InPorts = 0> <OutPorts = 1> <Sync> <CReg>
ST_3 : Operation 1962 [1/3] (0.00ns) (grouped into DSP with root node add_ln110_240)   --->   "%mul_ln110_240 = mul i32 %sext_ln110_67, i32 %sext_ln110_48_cast" [src/integrated-gcn/gemm_stage.cpp:110]   --->   Operation 1962 'mul' 'mul_ln110_240' <Predicate = true> <Delay = 0.00> <CoreInst = "DSP48">   --->   Core 124 'DSP48' <Latency = 3> <II = 1> <Delay = 0.53> <IPBlock> <Opcode : 'add' 'sub' 'mul' 'select'> <InPorts = 0> <OutPorts = 1> <Sync> <CReg>
ST_3 : Operation 1963 [1/2] ( I:0.67ns O:0.67ns )   --->   "%XW_block_240_load = load i4 %XW_block_240_addr" [src/integrated-gcn/gemm_stage.cpp:110]   --->   Operation 1963 'load' 'XW_block_240_load' <Predicate = true> <Delay = 0.67> <CoreInst = "RAM">   --->   Core 82 'RAM' <Latency = 1> <II = 1> <Delay = 0.67> <Storage> <Opcode : 'load' 'store'> <Ports = 2> <Width = 32> <Depth = 16> <RAM>
ST_3 : Operation 1964 [2/2] (0.64ns) (root node of the DSP)   --->   "%add_ln110_240 = add i32 %XW_block_240_load, i32 %mul_ln110_240" [src/integrated-gcn/gemm_stage.cpp:110]   --->   Operation 1964 'add' 'add_ln110_240' <Predicate = true> <Delay = 0.64> <CoreInst = "DSP48">   --->   Core 124 'DSP48' <Latency = 3> <II = 1> <Delay = 0.53> <IPBlock> <Opcode : 'add' 'sub' 'mul' 'select'> <InPorts = 0> <OutPorts = 1> <Sync> <CReg>
ST_3 : Operation 1965 [1/3] (0.00ns) (grouped into DSP with root node add_ln110_241)   --->   "%mul_ln110_241 = mul i32 %sext_ln110_67, i32 %sext_ln110_49_cast" [src/integrated-gcn/gemm_stage.cpp:110]   --->   Operation 1965 'mul' 'mul_ln110_241' <Predicate = true> <Delay = 0.00> <CoreInst = "DSP48">   --->   Core 124 'DSP48' <Latency = 3> <II = 1> <Delay = 0.53> <IPBlock> <Opcode : 'add' 'sub' 'mul' 'select'> <InPorts = 0> <OutPorts = 1> <Sync> <CReg>
ST_3 : Operation 1966 [1/2] ( I:0.67ns O:0.67ns )   --->   "%XW_block_241_load = load i4 %XW_block_241_addr" [src/integrated-gcn/gemm_stage.cpp:110]   --->   Operation 1966 'load' 'XW_block_241_load' <Predicate = true> <Delay = 0.67> <CoreInst = "RAM">   --->   Core 82 'RAM' <Latency = 1> <II = 1> <Delay = 0.67> <Storage> <Opcode : 'load' 'store'> <Ports = 2> <Width = 32> <Depth = 16> <RAM>
ST_3 : Operation 1967 [2/2] (0.64ns) (root node of the DSP)   --->   "%add_ln110_241 = add i32 %XW_block_241_load, i32 %mul_ln110_241" [src/integrated-gcn/gemm_stage.cpp:110]   --->   Operation 1967 'add' 'add_ln110_241' <Predicate = true> <Delay = 0.64> <CoreInst = "DSP48">   --->   Core 124 'DSP48' <Latency = 3> <II = 1> <Delay = 0.53> <IPBlock> <Opcode : 'add' 'sub' 'mul' 'select'> <InPorts = 0> <OutPorts = 1> <Sync> <CReg>
ST_3 : Operation 1968 [1/3] (0.00ns) (grouped into DSP with root node add_ln110_242)   --->   "%mul_ln110_242 = mul i32 %sext_ln110_67, i32 %sext_ln110_50_cast" [src/integrated-gcn/gemm_stage.cpp:110]   --->   Operation 1968 'mul' 'mul_ln110_242' <Predicate = true> <Delay = 0.00> <CoreInst = "DSP48">   --->   Core 124 'DSP48' <Latency = 3> <II = 1> <Delay = 0.53> <IPBlock> <Opcode : 'add' 'sub' 'mul' 'select'> <InPorts = 0> <OutPorts = 1> <Sync> <CReg>
ST_3 : Operation 1969 [1/2] ( I:0.67ns O:0.67ns )   --->   "%XW_block_242_load = load i4 %XW_block_242_addr" [src/integrated-gcn/gemm_stage.cpp:110]   --->   Operation 1969 'load' 'XW_block_242_load' <Predicate = true> <Delay = 0.67> <CoreInst = "RAM">   --->   Core 82 'RAM' <Latency = 1> <II = 1> <Delay = 0.67> <Storage> <Opcode : 'load' 'store'> <Ports = 2> <Width = 32> <Depth = 16> <RAM>
ST_3 : Operation 1970 [2/2] (0.64ns) (root node of the DSP)   --->   "%add_ln110_242 = add i32 %XW_block_242_load, i32 %mul_ln110_242" [src/integrated-gcn/gemm_stage.cpp:110]   --->   Operation 1970 'add' 'add_ln110_242' <Predicate = true> <Delay = 0.64> <CoreInst = "DSP48">   --->   Core 124 'DSP48' <Latency = 3> <II = 1> <Delay = 0.53> <IPBlock> <Opcode : 'add' 'sub' 'mul' 'select'> <InPorts = 0> <OutPorts = 1> <Sync> <CReg>
ST_3 : Operation 1971 [1/3] (0.00ns) (grouped into DSP with root node add_ln110_243)   --->   "%mul_ln110_243 = mul i32 %sext_ln110_67, i32 %sext_ln110_51_cast" [src/integrated-gcn/gemm_stage.cpp:110]   --->   Operation 1971 'mul' 'mul_ln110_243' <Predicate = true> <Delay = 0.00> <CoreInst = "DSP48">   --->   Core 124 'DSP48' <Latency = 3> <II = 1> <Delay = 0.53> <IPBlock> <Opcode : 'add' 'sub' 'mul' 'select'> <InPorts = 0> <OutPorts = 1> <Sync> <CReg>
ST_3 : Operation 1972 [1/2] ( I:0.67ns O:0.67ns )   --->   "%XW_block_243_load = load i4 %XW_block_243_addr" [src/integrated-gcn/gemm_stage.cpp:110]   --->   Operation 1972 'load' 'XW_block_243_load' <Predicate = true> <Delay = 0.67> <CoreInst = "RAM">   --->   Core 82 'RAM' <Latency = 1> <II = 1> <Delay = 0.67> <Storage> <Opcode : 'load' 'store'> <Ports = 2> <Width = 32> <Depth = 16> <RAM>
ST_3 : Operation 1973 [2/2] (0.64ns) (root node of the DSP)   --->   "%add_ln110_243 = add i32 %XW_block_243_load, i32 %mul_ln110_243" [src/integrated-gcn/gemm_stage.cpp:110]   --->   Operation 1973 'add' 'add_ln110_243' <Predicate = true> <Delay = 0.64> <CoreInst = "DSP48">   --->   Core 124 'DSP48' <Latency = 3> <II = 1> <Delay = 0.53> <IPBlock> <Opcode : 'add' 'sub' 'mul' 'select'> <InPorts = 0> <OutPorts = 1> <Sync> <CReg>
ST_3 : Operation 1974 [1/3] (0.00ns) (grouped into DSP with root node add_ln110_244)   --->   "%mul_ln110_244 = mul i32 %sext_ln110_67, i32 %sext_ln110_52_cast" [src/integrated-gcn/gemm_stage.cpp:110]   --->   Operation 1974 'mul' 'mul_ln110_244' <Predicate = true> <Delay = 0.00> <CoreInst = "DSP48">   --->   Core 124 'DSP48' <Latency = 3> <II = 1> <Delay = 0.53> <IPBlock> <Opcode : 'add' 'sub' 'mul' 'select'> <InPorts = 0> <OutPorts = 1> <Sync> <CReg>
ST_3 : Operation 1975 [1/2] ( I:0.67ns O:0.67ns )   --->   "%XW_block_244_load = load i4 %XW_block_244_addr" [src/integrated-gcn/gemm_stage.cpp:110]   --->   Operation 1975 'load' 'XW_block_244_load' <Predicate = true> <Delay = 0.67> <CoreInst = "RAM">   --->   Core 82 'RAM' <Latency = 1> <II = 1> <Delay = 0.67> <Storage> <Opcode : 'load' 'store'> <Ports = 2> <Width = 32> <Depth = 16> <RAM>
ST_3 : Operation 1976 [2/2] (0.64ns) (root node of the DSP)   --->   "%add_ln110_244 = add i32 %XW_block_244_load, i32 %mul_ln110_244" [src/integrated-gcn/gemm_stage.cpp:110]   --->   Operation 1976 'add' 'add_ln110_244' <Predicate = true> <Delay = 0.64> <CoreInst = "DSP48">   --->   Core 124 'DSP48' <Latency = 3> <II = 1> <Delay = 0.53> <IPBlock> <Opcode : 'add' 'sub' 'mul' 'select'> <InPorts = 0> <OutPorts = 1> <Sync> <CReg>
ST_3 : Operation 1977 [1/3] (0.00ns) (grouped into DSP with root node add_ln110_245)   --->   "%mul_ln110_245 = mul i32 %sext_ln110_67, i32 %sext_ln110_53_cast" [src/integrated-gcn/gemm_stage.cpp:110]   --->   Operation 1977 'mul' 'mul_ln110_245' <Predicate = true> <Delay = 0.00> <CoreInst = "DSP48">   --->   Core 124 'DSP48' <Latency = 3> <II = 1> <Delay = 0.53> <IPBlock> <Opcode : 'add' 'sub' 'mul' 'select'> <InPorts = 0> <OutPorts = 1> <Sync> <CReg>
ST_3 : Operation 1978 [1/2] ( I:0.67ns O:0.67ns )   --->   "%XW_block_245_load = load i4 %XW_block_245_addr" [src/integrated-gcn/gemm_stage.cpp:110]   --->   Operation 1978 'load' 'XW_block_245_load' <Predicate = true> <Delay = 0.67> <CoreInst = "RAM">   --->   Core 82 'RAM' <Latency = 1> <II = 1> <Delay = 0.67> <Storage> <Opcode : 'load' 'store'> <Ports = 2> <Width = 32> <Depth = 16> <RAM>
ST_3 : Operation 1979 [2/2] (0.64ns) (root node of the DSP)   --->   "%add_ln110_245 = add i32 %XW_block_245_load, i32 %mul_ln110_245" [src/integrated-gcn/gemm_stage.cpp:110]   --->   Operation 1979 'add' 'add_ln110_245' <Predicate = true> <Delay = 0.64> <CoreInst = "DSP48">   --->   Core 124 'DSP48' <Latency = 3> <II = 1> <Delay = 0.53> <IPBlock> <Opcode : 'add' 'sub' 'mul' 'select'> <InPorts = 0> <OutPorts = 1> <Sync> <CReg>
ST_3 : Operation 1980 [1/3] (0.00ns) (grouped into DSP with root node add_ln110_246)   --->   "%mul_ln110_246 = mul i32 %sext_ln110_67, i32 %sext_ln110_54_cast" [src/integrated-gcn/gemm_stage.cpp:110]   --->   Operation 1980 'mul' 'mul_ln110_246' <Predicate = true> <Delay = 0.00> <CoreInst = "DSP48">   --->   Core 124 'DSP48' <Latency = 3> <II = 1> <Delay = 0.53> <IPBlock> <Opcode : 'add' 'sub' 'mul' 'select'> <InPorts = 0> <OutPorts = 1> <Sync> <CReg>
ST_3 : Operation 1981 [1/2] ( I:0.67ns O:0.67ns )   --->   "%XW_block_246_load = load i4 %XW_block_246_addr" [src/integrated-gcn/gemm_stage.cpp:110]   --->   Operation 1981 'load' 'XW_block_246_load' <Predicate = true> <Delay = 0.67> <CoreInst = "RAM">   --->   Core 82 'RAM' <Latency = 1> <II = 1> <Delay = 0.67> <Storage> <Opcode : 'load' 'store'> <Ports = 2> <Width = 32> <Depth = 16> <RAM>
ST_3 : Operation 1982 [2/2] (0.64ns) (root node of the DSP)   --->   "%add_ln110_246 = add i32 %XW_block_246_load, i32 %mul_ln110_246" [src/integrated-gcn/gemm_stage.cpp:110]   --->   Operation 1982 'add' 'add_ln110_246' <Predicate = true> <Delay = 0.64> <CoreInst = "DSP48">   --->   Core 124 'DSP48' <Latency = 3> <II = 1> <Delay = 0.53> <IPBlock> <Opcode : 'add' 'sub' 'mul' 'select'> <InPorts = 0> <OutPorts = 1> <Sync> <CReg>
ST_3 : Operation 1983 [1/3] (0.00ns) (grouped into DSP with root node add_ln110_247)   --->   "%mul_ln110_247 = mul i32 %sext_ln110_67, i32 %sext_ln110_55_cast" [src/integrated-gcn/gemm_stage.cpp:110]   --->   Operation 1983 'mul' 'mul_ln110_247' <Predicate = true> <Delay = 0.00> <CoreInst = "DSP48">   --->   Core 124 'DSP48' <Latency = 3> <II = 1> <Delay = 0.53> <IPBlock> <Opcode : 'add' 'sub' 'mul' 'select'> <InPorts = 0> <OutPorts = 1> <Sync> <CReg>
ST_3 : Operation 1984 [1/2] ( I:0.67ns O:0.67ns )   --->   "%XW_block_247_load = load i4 %XW_block_247_addr" [src/integrated-gcn/gemm_stage.cpp:110]   --->   Operation 1984 'load' 'XW_block_247_load' <Predicate = true> <Delay = 0.67> <CoreInst = "RAM">   --->   Core 82 'RAM' <Latency = 1> <II = 1> <Delay = 0.67> <Storage> <Opcode : 'load' 'store'> <Ports = 2> <Width = 32> <Depth = 16> <RAM>
ST_3 : Operation 1985 [2/2] (0.64ns) (root node of the DSP)   --->   "%add_ln110_247 = add i32 %XW_block_247_load, i32 %mul_ln110_247" [src/integrated-gcn/gemm_stage.cpp:110]   --->   Operation 1985 'add' 'add_ln110_247' <Predicate = true> <Delay = 0.64> <CoreInst = "DSP48">   --->   Core 124 'DSP48' <Latency = 3> <II = 1> <Delay = 0.53> <IPBlock> <Opcode : 'add' 'sub' 'mul' 'select'> <InPorts = 0> <OutPorts = 1> <Sync> <CReg>
ST_3 : Operation 1986 [1/3] (0.00ns) (grouped into DSP with root node add_ln110_248)   --->   "%mul_ln110_248 = mul i32 %sext_ln110_67, i32 %sext_ln110_56_cast" [src/integrated-gcn/gemm_stage.cpp:110]   --->   Operation 1986 'mul' 'mul_ln110_248' <Predicate = true> <Delay = 0.00> <CoreInst = "DSP48">   --->   Core 124 'DSP48' <Latency = 3> <II = 1> <Delay = 0.53> <IPBlock> <Opcode : 'add' 'sub' 'mul' 'select'> <InPorts = 0> <OutPorts = 1> <Sync> <CReg>
ST_3 : Operation 1987 [1/2] ( I:0.67ns O:0.67ns )   --->   "%XW_block_248_load = load i4 %XW_block_248_addr" [src/integrated-gcn/gemm_stage.cpp:110]   --->   Operation 1987 'load' 'XW_block_248_load' <Predicate = true> <Delay = 0.67> <CoreInst = "RAM">   --->   Core 82 'RAM' <Latency = 1> <II = 1> <Delay = 0.67> <Storage> <Opcode : 'load' 'store'> <Ports = 2> <Width = 32> <Depth = 16> <RAM>
ST_3 : Operation 1988 [2/2] (0.64ns) (root node of the DSP)   --->   "%add_ln110_248 = add i32 %XW_block_248_load, i32 %mul_ln110_248" [src/integrated-gcn/gemm_stage.cpp:110]   --->   Operation 1988 'add' 'add_ln110_248' <Predicate = true> <Delay = 0.64> <CoreInst = "DSP48">   --->   Core 124 'DSP48' <Latency = 3> <II = 1> <Delay = 0.53> <IPBlock> <Opcode : 'add' 'sub' 'mul' 'select'> <InPorts = 0> <OutPorts = 1> <Sync> <CReg>
ST_3 : Operation 1989 [1/3] (0.00ns) (grouped into DSP with root node add_ln110_249)   --->   "%mul_ln110_249 = mul i32 %sext_ln110_67, i32 %sext_ln110_57_cast" [src/integrated-gcn/gemm_stage.cpp:110]   --->   Operation 1989 'mul' 'mul_ln110_249' <Predicate = true> <Delay = 0.00> <CoreInst = "DSP48">   --->   Core 124 'DSP48' <Latency = 3> <II = 1> <Delay = 0.53> <IPBlock> <Opcode : 'add' 'sub' 'mul' 'select'> <InPorts = 0> <OutPorts = 1> <Sync> <CReg>
ST_3 : Operation 1990 [1/2] ( I:0.67ns O:0.67ns )   --->   "%XW_block_249_load = load i4 %XW_block_249_addr" [src/integrated-gcn/gemm_stage.cpp:110]   --->   Operation 1990 'load' 'XW_block_249_load' <Predicate = true> <Delay = 0.67> <CoreInst = "RAM">   --->   Core 82 'RAM' <Latency = 1> <II = 1> <Delay = 0.67> <Storage> <Opcode : 'load' 'store'> <Ports = 2> <Width = 32> <Depth = 16> <RAM>
ST_3 : Operation 1991 [2/2] (0.64ns) (root node of the DSP)   --->   "%add_ln110_249 = add i32 %XW_block_249_load, i32 %mul_ln110_249" [src/integrated-gcn/gemm_stage.cpp:110]   --->   Operation 1991 'add' 'add_ln110_249' <Predicate = true> <Delay = 0.64> <CoreInst = "DSP48">   --->   Core 124 'DSP48' <Latency = 3> <II = 1> <Delay = 0.53> <IPBlock> <Opcode : 'add' 'sub' 'mul' 'select'> <InPorts = 0> <OutPorts = 1> <Sync> <CReg>
ST_3 : Operation 1992 [1/3] (0.00ns) (grouped into DSP with root node add_ln110_250)   --->   "%mul_ln110_250 = mul i32 %sext_ln110_67, i32 %sext_ln110_58_cast" [src/integrated-gcn/gemm_stage.cpp:110]   --->   Operation 1992 'mul' 'mul_ln110_250' <Predicate = true> <Delay = 0.00> <CoreInst = "DSP48">   --->   Core 124 'DSP48' <Latency = 3> <II = 1> <Delay = 0.53> <IPBlock> <Opcode : 'add' 'sub' 'mul' 'select'> <InPorts = 0> <OutPorts = 1> <Sync> <CReg>
ST_3 : Operation 1993 [1/2] ( I:0.67ns O:0.67ns )   --->   "%XW_block_250_load = load i4 %XW_block_250_addr" [src/integrated-gcn/gemm_stage.cpp:110]   --->   Operation 1993 'load' 'XW_block_250_load' <Predicate = true> <Delay = 0.67> <CoreInst = "RAM">   --->   Core 82 'RAM' <Latency = 1> <II = 1> <Delay = 0.67> <Storage> <Opcode : 'load' 'store'> <Ports = 2> <Width = 32> <Depth = 16> <RAM>
ST_3 : Operation 1994 [2/2] (0.64ns) (root node of the DSP)   --->   "%add_ln110_250 = add i32 %XW_block_250_load, i32 %mul_ln110_250" [src/integrated-gcn/gemm_stage.cpp:110]   --->   Operation 1994 'add' 'add_ln110_250' <Predicate = true> <Delay = 0.64> <CoreInst = "DSP48">   --->   Core 124 'DSP48' <Latency = 3> <II = 1> <Delay = 0.53> <IPBlock> <Opcode : 'add' 'sub' 'mul' 'select'> <InPorts = 0> <OutPorts = 1> <Sync> <CReg>
ST_3 : Operation 1995 [1/3] (0.00ns) (grouped into DSP with root node add_ln110_251)   --->   "%mul_ln110_251 = mul i32 %sext_ln110_67, i32 %sext_ln110_59_cast" [src/integrated-gcn/gemm_stage.cpp:110]   --->   Operation 1995 'mul' 'mul_ln110_251' <Predicate = true> <Delay = 0.00> <CoreInst = "DSP48">   --->   Core 124 'DSP48' <Latency = 3> <II = 1> <Delay = 0.53> <IPBlock> <Opcode : 'add' 'sub' 'mul' 'select'> <InPorts = 0> <OutPorts = 1> <Sync> <CReg>
ST_3 : Operation 1996 [1/2] ( I:0.67ns O:0.67ns )   --->   "%XW_block_251_load = load i4 %XW_block_251_addr" [src/integrated-gcn/gemm_stage.cpp:110]   --->   Operation 1996 'load' 'XW_block_251_load' <Predicate = true> <Delay = 0.67> <CoreInst = "RAM">   --->   Core 82 'RAM' <Latency = 1> <II = 1> <Delay = 0.67> <Storage> <Opcode : 'load' 'store'> <Ports = 2> <Width = 32> <Depth = 16> <RAM>
ST_3 : Operation 1997 [2/2] (0.64ns) (root node of the DSP)   --->   "%add_ln110_251 = add i32 %XW_block_251_load, i32 %mul_ln110_251" [src/integrated-gcn/gemm_stage.cpp:110]   --->   Operation 1997 'add' 'add_ln110_251' <Predicate = true> <Delay = 0.64> <CoreInst = "DSP48">   --->   Core 124 'DSP48' <Latency = 3> <II = 1> <Delay = 0.53> <IPBlock> <Opcode : 'add' 'sub' 'mul' 'select'> <InPorts = 0> <OutPorts = 1> <Sync> <CReg>
ST_3 : Operation 1998 [1/3] (0.00ns) (grouped into DSP with root node add_ln110_252)   --->   "%mul_ln110_252 = mul i32 %sext_ln110_67, i32 %sext_ln110_60_cast" [src/integrated-gcn/gemm_stage.cpp:110]   --->   Operation 1998 'mul' 'mul_ln110_252' <Predicate = true> <Delay = 0.00> <CoreInst = "DSP48">   --->   Core 124 'DSP48' <Latency = 3> <II = 1> <Delay = 0.53> <IPBlock> <Opcode : 'add' 'sub' 'mul' 'select'> <InPorts = 0> <OutPorts = 1> <Sync> <CReg>
ST_3 : Operation 1999 [1/2] ( I:0.67ns O:0.67ns )   --->   "%XW_block_252_load = load i4 %XW_block_252_addr" [src/integrated-gcn/gemm_stage.cpp:110]   --->   Operation 1999 'load' 'XW_block_252_load' <Predicate = true> <Delay = 0.67> <CoreInst = "RAM">   --->   Core 82 'RAM' <Latency = 1> <II = 1> <Delay = 0.67> <Storage> <Opcode : 'load' 'store'> <Ports = 2> <Width = 32> <Depth = 16> <RAM>
ST_3 : Operation 2000 [2/2] (0.64ns) (root node of the DSP)   --->   "%add_ln110_252 = add i32 %XW_block_252_load, i32 %mul_ln110_252" [src/integrated-gcn/gemm_stage.cpp:110]   --->   Operation 2000 'add' 'add_ln110_252' <Predicate = true> <Delay = 0.64> <CoreInst = "DSP48">   --->   Core 124 'DSP48' <Latency = 3> <II = 1> <Delay = 0.53> <IPBlock> <Opcode : 'add' 'sub' 'mul' 'select'> <InPorts = 0> <OutPorts = 1> <Sync> <CReg>
ST_3 : Operation 2001 [1/3] (0.00ns) (grouped into DSP with root node add_ln110_253)   --->   "%mul_ln110_253 = mul i32 %sext_ln110_67, i32 %sext_ln110_61_cast" [src/integrated-gcn/gemm_stage.cpp:110]   --->   Operation 2001 'mul' 'mul_ln110_253' <Predicate = true> <Delay = 0.00> <CoreInst = "DSP48">   --->   Core 124 'DSP48' <Latency = 3> <II = 1> <Delay = 0.53> <IPBlock> <Opcode : 'add' 'sub' 'mul' 'select'> <InPorts = 0> <OutPorts = 1> <Sync> <CReg>
ST_3 : Operation 2002 [1/2] ( I:0.67ns O:0.67ns )   --->   "%XW_block_253_load = load i4 %XW_block_253_addr" [src/integrated-gcn/gemm_stage.cpp:110]   --->   Operation 2002 'load' 'XW_block_253_load' <Predicate = true> <Delay = 0.67> <CoreInst = "RAM">   --->   Core 82 'RAM' <Latency = 1> <II = 1> <Delay = 0.67> <Storage> <Opcode : 'load' 'store'> <Ports = 2> <Width = 32> <Depth = 16> <RAM>
ST_3 : Operation 2003 [2/2] (0.64ns) (root node of the DSP)   --->   "%add_ln110_253 = add i32 %XW_block_253_load, i32 %mul_ln110_253" [src/integrated-gcn/gemm_stage.cpp:110]   --->   Operation 2003 'add' 'add_ln110_253' <Predicate = true> <Delay = 0.64> <CoreInst = "DSP48">   --->   Core 124 'DSP48' <Latency = 3> <II = 1> <Delay = 0.53> <IPBlock> <Opcode : 'add' 'sub' 'mul' 'select'> <InPorts = 0> <OutPorts = 1> <Sync> <CReg>
ST_3 : Operation 2004 [1/3] (0.00ns) (grouped into DSP with root node add_ln110_254)   --->   "%mul_ln110_254 = mul i32 %sext_ln110_67, i32 %sext_ln110_62_cast" [src/integrated-gcn/gemm_stage.cpp:110]   --->   Operation 2004 'mul' 'mul_ln110_254' <Predicate = true> <Delay = 0.00> <CoreInst = "DSP48">   --->   Core 124 'DSP48' <Latency = 3> <II = 1> <Delay = 0.53> <IPBlock> <Opcode : 'add' 'sub' 'mul' 'select'> <InPorts = 0> <OutPorts = 1> <Sync> <CReg>
ST_3 : Operation 2005 [1/2] ( I:0.67ns O:0.67ns )   --->   "%XW_block_254_load = load i4 %XW_block_254_addr" [src/integrated-gcn/gemm_stage.cpp:110]   --->   Operation 2005 'load' 'XW_block_254_load' <Predicate = true> <Delay = 0.67> <CoreInst = "RAM">   --->   Core 82 'RAM' <Latency = 1> <II = 1> <Delay = 0.67> <Storage> <Opcode : 'load' 'store'> <Ports = 2> <Width = 32> <Depth = 16> <RAM>
ST_3 : Operation 2006 [2/2] (0.64ns) (root node of the DSP)   --->   "%add_ln110_254 = add i32 %XW_block_254_load, i32 %mul_ln110_254" [src/integrated-gcn/gemm_stage.cpp:110]   --->   Operation 2006 'add' 'add_ln110_254' <Predicate = true> <Delay = 0.64> <CoreInst = "DSP48">   --->   Core 124 'DSP48' <Latency = 3> <II = 1> <Delay = 0.53> <IPBlock> <Opcode : 'add' 'sub' 'mul' 'select'> <InPorts = 0> <OutPorts = 1> <Sync> <CReg>
ST_3 : Operation 2007 [1/3] (0.00ns) (grouped into DSP with root node add_ln110_255)   --->   "%mul_ln110_255 = mul i32 %sext_ln110_67, i32 %sext_ln110_63_cast" [src/integrated-gcn/gemm_stage.cpp:110]   --->   Operation 2007 'mul' 'mul_ln110_255' <Predicate = true> <Delay = 0.00> <CoreInst = "DSP48">   --->   Core 124 'DSP48' <Latency = 3> <II = 1> <Delay = 0.53> <IPBlock> <Opcode : 'add' 'sub' 'mul' 'select'> <InPorts = 0> <OutPorts = 1> <Sync> <CReg>
ST_3 : Operation 2008 [1/2] ( I:0.67ns O:0.67ns )   --->   "%XW_block_255_load = load i4 %XW_block_255_addr" [src/integrated-gcn/gemm_stage.cpp:110]   --->   Operation 2008 'load' 'XW_block_255_load' <Predicate = true> <Delay = 0.67> <CoreInst = "RAM">   --->   Core 82 'RAM' <Latency = 1> <II = 1> <Delay = 0.67> <Storage> <Opcode : 'load' 'store'> <Ports = 2> <Width = 32> <Depth = 16> <RAM>
ST_3 : Operation 2009 [2/2] (0.64ns) (root node of the DSP)   --->   "%add_ln110_255 = add i32 %XW_block_255_load, i32 %mul_ln110_255" [src/integrated-gcn/gemm_stage.cpp:110]   --->   Operation 2009 'add' 'add_ln110_255' <Predicate = true> <Delay = 0.64> <CoreInst = "DSP48">   --->   Core 124 'DSP48' <Latency = 3> <II = 1> <Delay = 0.53> <IPBlock> <Opcode : 'add' 'sub' 'mul' 'select'> <InPorts = 0> <OutPorts = 1> <Sync> <CReg>
ST_3 : Operation 2526 [1/1] (0.42ns)   --->   "%ret_ln0 = ret"   --->   Operation 2526 'ret' 'ret_ln0' <Predicate = (tmp)> <Delay = 0.42>

State 4 <SV = 3> <Delay = 1.32>
ST_4 : Operation 2010 [1/1] (0.00ns)   --->   "%specpipeline_ln102 = specpipeline void @_ssdm_op_SpecPipeline, i32 1, i32 0, i32 0, i32 0, i32 4294967295, void @empty_14" [src/integrated-gcn/gemm_stage.cpp:102]   --->   Operation 2010 'specpipeline' 'specpipeline_ln102' <Predicate = true> <Delay = 0.00>
ST_4 : Operation 2011 [1/1] (0.00ns)   --->   "%speclooptripcount_ln101 = speclooptripcount void @_ssdm_op_SpecLoopTripCount, i64 16, i64 16, i64 16" [src/integrated-gcn/gemm_stage.cpp:101]   --->   Operation 2011 'speclooptripcount' 'speclooptripcount_ln101' <Predicate = true> <Delay = 0.00>
ST_4 : Operation 2012 [1/1] (0.00ns)   --->   "%specloopname_ln101 = specloopname void @_ssdm_op_SpecLoopName, void @empty_11" [src/integrated-gcn/gemm_stage.cpp:101]   --->   Operation 2012 'specloopname' 'specloopname_ln101' <Predicate = true> <Delay = 0.00>
ST_4 : Operation 2013 [1/2] (0.64ns) (root node of the DSP)   --->   "%add_ln110 = add i32 %XW_block_load, i32 %mul_ln110" [src/integrated-gcn/gemm_stage.cpp:110]   --->   Operation 2013 'add' 'add_ln110' <Predicate = true> <Delay = 0.64> <CoreInst = "DSP48">   --->   Core 124 'DSP48' <Latency = 3> <II = 1> <Delay = 0.53> <IPBlock> <Opcode : 'add' 'sub' 'mul' 'select'> <InPorts = 0> <OutPorts = 1> <Sync> <CReg>
ST_4 : Operation 2014 [1/1] ( I:0.67ns O:0.67ns )   --->   "%store_ln110 = store i32 %add_ln110, i4 %XW_block_addr" [src/integrated-gcn/gemm_stage.cpp:110]   --->   Operation 2014 'store' 'store_ln110' <Predicate = true> <Delay = 0.67> <CoreInst = "RAM">   --->   Core 82 'RAM' <Latency = 1> <II = 1> <Delay = 0.67> <Storage> <Opcode : 'load' 'store'> <Ports = 2> <Width = 32> <Depth = 16> <RAM>
ST_4 : Operation 2015 [1/2] (0.64ns) (root node of the DSP)   --->   "%add_ln110_1 = add i32 %XW_block_1_load, i32 %mul_ln110_1" [src/integrated-gcn/gemm_stage.cpp:110]   --->   Operation 2015 'add' 'add_ln110_1' <Predicate = true> <Delay = 0.64> <CoreInst = "DSP48">   --->   Core 124 'DSP48' <Latency = 3> <II = 1> <Delay = 0.53> <IPBlock> <Opcode : 'add' 'sub' 'mul' 'select'> <InPorts = 0> <OutPorts = 1> <Sync> <CReg>
ST_4 : Operation 2016 [1/1] ( I:0.67ns O:0.67ns )   --->   "%store_ln110 = store i32 %add_ln110_1, i4 %XW_block_1_addr" [src/integrated-gcn/gemm_stage.cpp:110]   --->   Operation 2016 'store' 'store_ln110' <Predicate = true> <Delay = 0.67> <CoreInst = "RAM">   --->   Core 82 'RAM' <Latency = 1> <II = 1> <Delay = 0.67> <Storage> <Opcode : 'load' 'store'> <Ports = 2> <Width = 32> <Depth = 16> <RAM>
ST_4 : Operation 2017 [1/2] (0.64ns) (root node of the DSP)   --->   "%add_ln110_2 = add i32 %XW_block_2_load, i32 %mul_ln110_2" [src/integrated-gcn/gemm_stage.cpp:110]   --->   Operation 2017 'add' 'add_ln110_2' <Predicate = true> <Delay = 0.64> <CoreInst = "DSP48">   --->   Core 124 'DSP48' <Latency = 3> <II = 1> <Delay = 0.53> <IPBlock> <Opcode : 'add' 'sub' 'mul' 'select'> <InPorts = 0> <OutPorts = 1> <Sync> <CReg>
ST_4 : Operation 2018 [1/1] ( I:0.67ns O:0.67ns )   --->   "%store_ln110 = store i32 %add_ln110_2, i4 %XW_block_2_addr" [src/integrated-gcn/gemm_stage.cpp:110]   --->   Operation 2018 'store' 'store_ln110' <Predicate = true> <Delay = 0.67> <CoreInst = "RAM">   --->   Core 82 'RAM' <Latency = 1> <II = 1> <Delay = 0.67> <Storage> <Opcode : 'load' 'store'> <Ports = 2> <Width = 32> <Depth = 16> <RAM>
ST_4 : Operation 2019 [1/2] (0.64ns) (root node of the DSP)   --->   "%add_ln110_3 = add i32 %XW_block_3_load, i32 %mul_ln110_3" [src/integrated-gcn/gemm_stage.cpp:110]   --->   Operation 2019 'add' 'add_ln110_3' <Predicate = true> <Delay = 0.64> <CoreInst = "DSP48">   --->   Core 124 'DSP48' <Latency = 3> <II = 1> <Delay = 0.53> <IPBlock> <Opcode : 'add' 'sub' 'mul' 'select'> <InPorts = 0> <OutPorts = 1> <Sync> <CReg>
ST_4 : Operation 2020 [1/1] ( I:0.67ns O:0.67ns )   --->   "%store_ln110 = store i32 %add_ln110_3, i4 %XW_block_3_addr" [src/integrated-gcn/gemm_stage.cpp:110]   --->   Operation 2020 'store' 'store_ln110' <Predicate = true> <Delay = 0.67> <CoreInst = "RAM">   --->   Core 82 'RAM' <Latency = 1> <II = 1> <Delay = 0.67> <Storage> <Opcode : 'load' 'store'> <Ports = 2> <Width = 32> <Depth = 16> <RAM>
ST_4 : Operation 2021 [1/2] (0.64ns) (root node of the DSP)   --->   "%add_ln110_4 = add i32 %XW_block_4_load, i32 %mul_ln110_4" [src/integrated-gcn/gemm_stage.cpp:110]   --->   Operation 2021 'add' 'add_ln110_4' <Predicate = true> <Delay = 0.64> <CoreInst = "DSP48">   --->   Core 124 'DSP48' <Latency = 3> <II = 1> <Delay = 0.53> <IPBlock> <Opcode : 'add' 'sub' 'mul' 'select'> <InPorts = 0> <OutPorts = 1> <Sync> <CReg>
ST_4 : Operation 2022 [1/1] ( I:0.67ns O:0.67ns )   --->   "%store_ln110 = store i32 %add_ln110_4, i4 %XW_block_4_addr" [src/integrated-gcn/gemm_stage.cpp:110]   --->   Operation 2022 'store' 'store_ln110' <Predicate = true> <Delay = 0.67> <CoreInst = "RAM">   --->   Core 82 'RAM' <Latency = 1> <II = 1> <Delay = 0.67> <Storage> <Opcode : 'load' 'store'> <Ports = 2> <Width = 32> <Depth = 16> <RAM>
ST_4 : Operation 2023 [1/2] (0.64ns) (root node of the DSP)   --->   "%add_ln110_5 = add i32 %XW_block_5_load, i32 %mul_ln110_5" [src/integrated-gcn/gemm_stage.cpp:110]   --->   Operation 2023 'add' 'add_ln110_5' <Predicate = true> <Delay = 0.64> <CoreInst = "DSP48">   --->   Core 124 'DSP48' <Latency = 3> <II = 1> <Delay = 0.53> <IPBlock> <Opcode : 'add' 'sub' 'mul' 'select'> <InPorts = 0> <OutPorts = 1> <Sync> <CReg>
ST_4 : Operation 2024 [1/1] ( I:0.67ns O:0.67ns )   --->   "%store_ln110 = store i32 %add_ln110_5, i4 %XW_block_5_addr" [src/integrated-gcn/gemm_stage.cpp:110]   --->   Operation 2024 'store' 'store_ln110' <Predicate = true> <Delay = 0.67> <CoreInst = "RAM">   --->   Core 82 'RAM' <Latency = 1> <II = 1> <Delay = 0.67> <Storage> <Opcode : 'load' 'store'> <Ports = 2> <Width = 32> <Depth = 16> <RAM>
ST_4 : Operation 2025 [1/2] (0.64ns) (root node of the DSP)   --->   "%add_ln110_6 = add i32 %XW_block_6_load, i32 %mul_ln110_6" [src/integrated-gcn/gemm_stage.cpp:110]   --->   Operation 2025 'add' 'add_ln110_6' <Predicate = true> <Delay = 0.64> <CoreInst = "DSP48">   --->   Core 124 'DSP48' <Latency = 3> <II = 1> <Delay = 0.53> <IPBlock> <Opcode : 'add' 'sub' 'mul' 'select'> <InPorts = 0> <OutPorts = 1> <Sync> <CReg>
ST_4 : Operation 2026 [1/1] ( I:0.67ns O:0.67ns )   --->   "%store_ln110 = store i32 %add_ln110_6, i4 %XW_block_6_addr" [src/integrated-gcn/gemm_stage.cpp:110]   --->   Operation 2026 'store' 'store_ln110' <Predicate = true> <Delay = 0.67> <CoreInst = "RAM">   --->   Core 82 'RAM' <Latency = 1> <II = 1> <Delay = 0.67> <Storage> <Opcode : 'load' 'store'> <Ports = 2> <Width = 32> <Depth = 16> <RAM>
ST_4 : Operation 2027 [1/2] (0.64ns) (root node of the DSP)   --->   "%add_ln110_7 = add i32 %XW_block_7_load, i32 %mul_ln110_7" [src/integrated-gcn/gemm_stage.cpp:110]   --->   Operation 2027 'add' 'add_ln110_7' <Predicate = true> <Delay = 0.64> <CoreInst = "DSP48">   --->   Core 124 'DSP48' <Latency = 3> <II = 1> <Delay = 0.53> <IPBlock> <Opcode : 'add' 'sub' 'mul' 'select'> <InPorts = 0> <OutPorts = 1> <Sync> <CReg>
ST_4 : Operation 2028 [1/1] ( I:0.67ns O:0.67ns )   --->   "%store_ln110 = store i32 %add_ln110_7, i4 %XW_block_7_addr" [src/integrated-gcn/gemm_stage.cpp:110]   --->   Operation 2028 'store' 'store_ln110' <Predicate = true> <Delay = 0.67> <CoreInst = "RAM">   --->   Core 82 'RAM' <Latency = 1> <II = 1> <Delay = 0.67> <Storage> <Opcode : 'load' 'store'> <Ports = 2> <Width = 32> <Depth = 16> <RAM>
ST_4 : Operation 2029 [1/2] (0.64ns) (root node of the DSP)   --->   "%add_ln110_8 = add i32 %XW_block_8_load, i32 %mul_ln110_8" [src/integrated-gcn/gemm_stage.cpp:110]   --->   Operation 2029 'add' 'add_ln110_8' <Predicate = true> <Delay = 0.64> <CoreInst = "DSP48">   --->   Core 124 'DSP48' <Latency = 3> <II = 1> <Delay = 0.53> <IPBlock> <Opcode : 'add' 'sub' 'mul' 'select'> <InPorts = 0> <OutPorts = 1> <Sync> <CReg>
ST_4 : Operation 2030 [1/1] ( I:0.67ns O:0.67ns )   --->   "%store_ln110 = store i32 %add_ln110_8, i4 %XW_block_8_addr" [src/integrated-gcn/gemm_stage.cpp:110]   --->   Operation 2030 'store' 'store_ln110' <Predicate = true> <Delay = 0.67> <CoreInst = "RAM">   --->   Core 82 'RAM' <Latency = 1> <II = 1> <Delay = 0.67> <Storage> <Opcode : 'load' 'store'> <Ports = 2> <Width = 32> <Depth = 16> <RAM>
ST_4 : Operation 2031 [1/2] (0.64ns) (root node of the DSP)   --->   "%add_ln110_9 = add i32 %XW_block_9_load, i32 %mul_ln110_9" [src/integrated-gcn/gemm_stage.cpp:110]   --->   Operation 2031 'add' 'add_ln110_9' <Predicate = true> <Delay = 0.64> <CoreInst = "DSP48">   --->   Core 124 'DSP48' <Latency = 3> <II = 1> <Delay = 0.53> <IPBlock> <Opcode : 'add' 'sub' 'mul' 'select'> <InPorts = 0> <OutPorts = 1> <Sync> <CReg>
ST_4 : Operation 2032 [1/1] ( I:0.67ns O:0.67ns )   --->   "%store_ln110 = store i32 %add_ln110_9, i4 %XW_block_9_addr" [src/integrated-gcn/gemm_stage.cpp:110]   --->   Operation 2032 'store' 'store_ln110' <Predicate = true> <Delay = 0.67> <CoreInst = "RAM">   --->   Core 82 'RAM' <Latency = 1> <II = 1> <Delay = 0.67> <Storage> <Opcode : 'load' 'store'> <Ports = 2> <Width = 32> <Depth = 16> <RAM>
ST_4 : Operation 2033 [1/2] (0.64ns) (root node of the DSP)   --->   "%add_ln110_10 = add i32 %XW_block_10_load, i32 %mul_ln110_10" [src/integrated-gcn/gemm_stage.cpp:110]   --->   Operation 2033 'add' 'add_ln110_10' <Predicate = true> <Delay = 0.64> <CoreInst = "DSP48">   --->   Core 124 'DSP48' <Latency = 3> <II = 1> <Delay = 0.53> <IPBlock> <Opcode : 'add' 'sub' 'mul' 'select'> <InPorts = 0> <OutPorts = 1> <Sync> <CReg>
ST_4 : Operation 2034 [1/1] ( I:0.67ns O:0.67ns )   --->   "%store_ln110 = store i32 %add_ln110_10, i4 %XW_block_10_addr" [src/integrated-gcn/gemm_stage.cpp:110]   --->   Operation 2034 'store' 'store_ln110' <Predicate = true> <Delay = 0.67> <CoreInst = "RAM">   --->   Core 82 'RAM' <Latency = 1> <II = 1> <Delay = 0.67> <Storage> <Opcode : 'load' 'store'> <Ports = 2> <Width = 32> <Depth = 16> <RAM>
ST_4 : Operation 2035 [1/2] (0.64ns) (root node of the DSP)   --->   "%add_ln110_11 = add i32 %XW_block_11_load, i32 %mul_ln110_11" [src/integrated-gcn/gemm_stage.cpp:110]   --->   Operation 2035 'add' 'add_ln110_11' <Predicate = true> <Delay = 0.64> <CoreInst = "DSP48">   --->   Core 124 'DSP48' <Latency = 3> <II = 1> <Delay = 0.53> <IPBlock> <Opcode : 'add' 'sub' 'mul' 'select'> <InPorts = 0> <OutPorts = 1> <Sync> <CReg>
ST_4 : Operation 2036 [1/1] ( I:0.67ns O:0.67ns )   --->   "%store_ln110 = store i32 %add_ln110_11, i4 %XW_block_11_addr" [src/integrated-gcn/gemm_stage.cpp:110]   --->   Operation 2036 'store' 'store_ln110' <Predicate = true> <Delay = 0.67> <CoreInst = "RAM">   --->   Core 82 'RAM' <Latency = 1> <II = 1> <Delay = 0.67> <Storage> <Opcode : 'load' 'store'> <Ports = 2> <Width = 32> <Depth = 16> <RAM>
ST_4 : Operation 2037 [1/2] (0.64ns) (root node of the DSP)   --->   "%add_ln110_12 = add i32 %XW_block_12_load, i32 %mul_ln110_12" [src/integrated-gcn/gemm_stage.cpp:110]   --->   Operation 2037 'add' 'add_ln110_12' <Predicate = true> <Delay = 0.64> <CoreInst = "DSP48">   --->   Core 124 'DSP48' <Latency = 3> <II = 1> <Delay = 0.53> <IPBlock> <Opcode : 'add' 'sub' 'mul' 'select'> <InPorts = 0> <OutPorts = 1> <Sync> <CReg>
ST_4 : Operation 2038 [1/1] ( I:0.67ns O:0.67ns )   --->   "%store_ln110 = store i32 %add_ln110_12, i4 %XW_block_12_addr" [src/integrated-gcn/gemm_stage.cpp:110]   --->   Operation 2038 'store' 'store_ln110' <Predicate = true> <Delay = 0.67> <CoreInst = "RAM">   --->   Core 82 'RAM' <Latency = 1> <II = 1> <Delay = 0.67> <Storage> <Opcode : 'load' 'store'> <Ports = 2> <Width = 32> <Depth = 16> <RAM>
ST_4 : Operation 2039 [1/2] (0.64ns) (root node of the DSP)   --->   "%add_ln110_13 = add i32 %XW_block_13_load, i32 %mul_ln110_13" [src/integrated-gcn/gemm_stage.cpp:110]   --->   Operation 2039 'add' 'add_ln110_13' <Predicate = true> <Delay = 0.64> <CoreInst = "DSP48">   --->   Core 124 'DSP48' <Latency = 3> <II = 1> <Delay = 0.53> <IPBlock> <Opcode : 'add' 'sub' 'mul' 'select'> <InPorts = 0> <OutPorts = 1> <Sync> <CReg>
ST_4 : Operation 2040 [1/1] ( I:0.67ns O:0.67ns )   --->   "%store_ln110 = store i32 %add_ln110_13, i4 %XW_block_13_addr" [src/integrated-gcn/gemm_stage.cpp:110]   --->   Operation 2040 'store' 'store_ln110' <Predicate = true> <Delay = 0.67> <CoreInst = "RAM">   --->   Core 82 'RAM' <Latency = 1> <II = 1> <Delay = 0.67> <Storage> <Opcode : 'load' 'store'> <Ports = 2> <Width = 32> <Depth = 16> <RAM>
ST_4 : Operation 2041 [1/2] (0.64ns) (root node of the DSP)   --->   "%add_ln110_14 = add i32 %XW_block_14_load, i32 %mul_ln110_14" [src/integrated-gcn/gemm_stage.cpp:110]   --->   Operation 2041 'add' 'add_ln110_14' <Predicate = true> <Delay = 0.64> <CoreInst = "DSP48">   --->   Core 124 'DSP48' <Latency = 3> <II = 1> <Delay = 0.53> <IPBlock> <Opcode : 'add' 'sub' 'mul' 'select'> <InPorts = 0> <OutPorts = 1> <Sync> <CReg>
ST_4 : Operation 2042 [1/1] ( I:0.67ns O:0.67ns )   --->   "%store_ln110 = store i32 %add_ln110_14, i4 %XW_block_14_addr" [src/integrated-gcn/gemm_stage.cpp:110]   --->   Operation 2042 'store' 'store_ln110' <Predicate = true> <Delay = 0.67> <CoreInst = "RAM">   --->   Core 82 'RAM' <Latency = 1> <II = 1> <Delay = 0.67> <Storage> <Opcode : 'load' 'store'> <Ports = 2> <Width = 32> <Depth = 16> <RAM>
ST_4 : Operation 2043 [1/2] (0.64ns) (root node of the DSP)   --->   "%add_ln110_15 = add i32 %XW_block_15_load, i32 %mul_ln110_15" [src/integrated-gcn/gemm_stage.cpp:110]   --->   Operation 2043 'add' 'add_ln110_15' <Predicate = true> <Delay = 0.64> <CoreInst = "DSP48">   --->   Core 124 'DSP48' <Latency = 3> <II = 1> <Delay = 0.53> <IPBlock> <Opcode : 'add' 'sub' 'mul' 'select'> <InPorts = 0> <OutPorts = 1> <Sync> <CReg>
ST_4 : Operation 2044 [1/1] ( I:0.67ns O:0.67ns )   --->   "%store_ln110 = store i32 %add_ln110_15, i4 %XW_block_15_addr" [src/integrated-gcn/gemm_stage.cpp:110]   --->   Operation 2044 'store' 'store_ln110' <Predicate = true> <Delay = 0.67> <CoreInst = "RAM">   --->   Core 82 'RAM' <Latency = 1> <II = 1> <Delay = 0.67> <Storage> <Opcode : 'load' 'store'> <Ports = 2> <Width = 32> <Depth = 16> <RAM>
ST_4 : Operation 2045 [1/2] (0.64ns) (root node of the DSP)   --->   "%add_ln110_16 = add i32 %XW_block_16_load, i32 %mul_ln110_16" [src/integrated-gcn/gemm_stage.cpp:110]   --->   Operation 2045 'add' 'add_ln110_16' <Predicate = true> <Delay = 0.64> <CoreInst = "DSP48">   --->   Core 124 'DSP48' <Latency = 3> <II = 1> <Delay = 0.53> <IPBlock> <Opcode : 'add' 'sub' 'mul' 'select'> <InPorts = 0> <OutPorts = 1> <Sync> <CReg>
ST_4 : Operation 2046 [1/1] ( I:0.67ns O:0.67ns )   --->   "%store_ln110 = store i32 %add_ln110_16, i4 %XW_block_16_addr" [src/integrated-gcn/gemm_stage.cpp:110]   --->   Operation 2046 'store' 'store_ln110' <Predicate = true> <Delay = 0.67> <CoreInst = "RAM">   --->   Core 82 'RAM' <Latency = 1> <II = 1> <Delay = 0.67> <Storage> <Opcode : 'load' 'store'> <Ports = 2> <Width = 32> <Depth = 16> <RAM>
ST_4 : Operation 2047 [1/2] (0.64ns) (root node of the DSP)   --->   "%add_ln110_17 = add i32 %XW_block_17_load, i32 %mul_ln110_17" [src/integrated-gcn/gemm_stage.cpp:110]   --->   Operation 2047 'add' 'add_ln110_17' <Predicate = true> <Delay = 0.64> <CoreInst = "DSP48">   --->   Core 124 'DSP48' <Latency = 3> <II = 1> <Delay = 0.53> <IPBlock> <Opcode : 'add' 'sub' 'mul' 'select'> <InPorts = 0> <OutPorts = 1> <Sync> <CReg>
ST_4 : Operation 2048 [1/1] ( I:0.67ns O:0.67ns )   --->   "%store_ln110 = store i32 %add_ln110_17, i4 %XW_block_17_addr" [src/integrated-gcn/gemm_stage.cpp:110]   --->   Operation 2048 'store' 'store_ln110' <Predicate = true> <Delay = 0.67> <CoreInst = "RAM">   --->   Core 82 'RAM' <Latency = 1> <II = 1> <Delay = 0.67> <Storage> <Opcode : 'load' 'store'> <Ports = 2> <Width = 32> <Depth = 16> <RAM>
ST_4 : Operation 2049 [1/2] (0.64ns) (root node of the DSP)   --->   "%add_ln110_18 = add i32 %XW_block_18_load, i32 %mul_ln110_18" [src/integrated-gcn/gemm_stage.cpp:110]   --->   Operation 2049 'add' 'add_ln110_18' <Predicate = true> <Delay = 0.64> <CoreInst = "DSP48">   --->   Core 124 'DSP48' <Latency = 3> <II = 1> <Delay = 0.53> <IPBlock> <Opcode : 'add' 'sub' 'mul' 'select'> <InPorts = 0> <OutPorts = 1> <Sync> <CReg>
ST_4 : Operation 2050 [1/1] ( I:0.67ns O:0.67ns )   --->   "%store_ln110 = store i32 %add_ln110_18, i4 %XW_block_18_addr" [src/integrated-gcn/gemm_stage.cpp:110]   --->   Operation 2050 'store' 'store_ln110' <Predicate = true> <Delay = 0.67> <CoreInst = "RAM">   --->   Core 82 'RAM' <Latency = 1> <II = 1> <Delay = 0.67> <Storage> <Opcode : 'load' 'store'> <Ports = 2> <Width = 32> <Depth = 16> <RAM>
ST_4 : Operation 2051 [1/2] (0.64ns) (root node of the DSP)   --->   "%add_ln110_19 = add i32 %XW_block_19_load, i32 %mul_ln110_19" [src/integrated-gcn/gemm_stage.cpp:110]   --->   Operation 2051 'add' 'add_ln110_19' <Predicate = true> <Delay = 0.64> <CoreInst = "DSP48">   --->   Core 124 'DSP48' <Latency = 3> <II = 1> <Delay = 0.53> <IPBlock> <Opcode : 'add' 'sub' 'mul' 'select'> <InPorts = 0> <OutPorts = 1> <Sync> <CReg>
ST_4 : Operation 2052 [1/1] ( I:0.67ns O:0.67ns )   --->   "%store_ln110 = store i32 %add_ln110_19, i4 %XW_block_19_addr" [src/integrated-gcn/gemm_stage.cpp:110]   --->   Operation 2052 'store' 'store_ln110' <Predicate = true> <Delay = 0.67> <CoreInst = "RAM">   --->   Core 82 'RAM' <Latency = 1> <II = 1> <Delay = 0.67> <Storage> <Opcode : 'load' 'store'> <Ports = 2> <Width = 32> <Depth = 16> <RAM>
ST_4 : Operation 2053 [1/2] (0.64ns) (root node of the DSP)   --->   "%add_ln110_20 = add i32 %XW_block_20_load, i32 %mul_ln110_20" [src/integrated-gcn/gemm_stage.cpp:110]   --->   Operation 2053 'add' 'add_ln110_20' <Predicate = true> <Delay = 0.64> <CoreInst = "DSP48">   --->   Core 124 'DSP48' <Latency = 3> <II = 1> <Delay = 0.53> <IPBlock> <Opcode : 'add' 'sub' 'mul' 'select'> <InPorts = 0> <OutPorts = 1> <Sync> <CReg>
ST_4 : Operation 2054 [1/1] ( I:0.67ns O:0.67ns )   --->   "%store_ln110 = store i32 %add_ln110_20, i4 %XW_block_20_addr" [src/integrated-gcn/gemm_stage.cpp:110]   --->   Operation 2054 'store' 'store_ln110' <Predicate = true> <Delay = 0.67> <CoreInst = "RAM">   --->   Core 82 'RAM' <Latency = 1> <II = 1> <Delay = 0.67> <Storage> <Opcode : 'load' 'store'> <Ports = 2> <Width = 32> <Depth = 16> <RAM>
ST_4 : Operation 2055 [1/2] (0.64ns) (root node of the DSP)   --->   "%add_ln110_21 = add i32 %XW_block_21_load, i32 %mul_ln110_21" [src/integrated-gcn/gemm_stage.cpp:110]   --->   Operation 2055 'add' 'add_ln110_21' <Predicate = true> <Delay = 0.64> <CoreInst = "DSP48">   --->   Core 124 'DSP48' <Latency = 3> <II = 1> <Delay = 0.53> <IPBlock> <Opcode : 'add' 'sub' 'mul' 'select'> <InPorts = 0> <OutPorts = 1> <Sync> <CReg>
ST_4 : Operation 2056 [1/1] ( I:0.67ns O:0.67ns )   --->   "%store_ln110 = store i32 %add_ln110_21, i4 %XW_block_21_addr" [src/integrated-gcn/gemm_stage.cpp:110]   --->   Operation 2056 'store' 'store_ln110' <Predicate = true> <Delay = 0.67> <CoreInst = "RAM">   --->   Core 82 'RAM' <Latency = 1> <II = 1> <Delay = 0.67> <Storage> <Opcode : 'load' 'store'> <Ports = 2> <Width = 32> <Depth = 16> <RAM>
ST_4 : Operation 2057 [1/2] (0.64ns) (root node of the DSP)   --->   "%add_ln110_22 = add i32 %XW_block_22_load, i32 %mul_ln110_22" [src/integrated-gcn/gemm_stage.cpp:110]   --->   Operation 2057 'add' 'add_ln110_22' <Predicate = true> <Delay = 0.64> <CoreInst = "DSP48">   --->   Core 124 'DSP48' <Latency = 3> <II = 1> <Delay = 0.53> <IPBlock> <Opcode : 'add' 'sub' 'mul' 'select'> <InPorts = 0> <OutPorts = 1> <Sync> <CReg>
ST_4 : Operation 2058 [1/1] ( I:0.67ns O:0.67ns )   --->   "%store_ln110 = store i32 %add_ln110_22, i4 %XW_block_22_addr" [src/integrated-gcn/gemm_stage.cpp:110]   --->   Operation 2058 'store' 'store_ln110' <Predicate = true> <Delay = 0.67> <CoreInst = "RAM">   --->   Core 82 'RAM' <Latency = 1> <II = 1> <Delay = 0.67> <Storage> <Opcode : 'load' 'store'> <Ports = 2> <Width = 32> <Depth = 16> <RAM>
ST_4 : Operation 2059 [1/2] (0.64ns) (root node of the DSP)   --->   "%add_ln110_23 = add i32 %XW_block_23_load, i32 %mul_ln110_23" [src/integrated-gcn/gemm_stage.cpp:110]   --->   Operation 2059 'add' 'add_ln110_23' <Predicate = true> <Delay = 0.64> <CoreInst = "DSP48">   --->   Core 124 'DSP48' <Latency = 3> <II = 1> <Delay = 0.53> <IPBlock> <Opcode : 'add' 'sub' 'mul' 'select'> <InPorts = 0> <OutPorts = 1> <Sync> <CReg>
ST_4 : Operation 2060 [1/1] ( I:0.67ns O:0.67ns )   --->   "%store_ln110 = store i32 %add_ln110_23, i4 %XW_block_23_addr" [src/integrated-gcn/gemm_stage.cpp:110]   --->   Operation 2060 'store' 'store_ln110' <Predicate = true> <Delay = 0.67> <CoreInst = "RAM">   --->   Core 82 'RAM' <Latency = 1> <II = 1> <Delay = 0.67> <Storage> <Opcode : 'load' 'store'> <Ports = 2> <Width = 32> <Depth = 16> <RAM>
ST_4 : Operation 2061 [1/2] (0.64ns) (root node of the DSP)   --->   "%add_ln110_24 = add i32 %XW_block_24_load, i32 %mul_ln110_24" [src/integrated-gcn/gemm_stage.cpp:110]   --->   Operation 2061 'add' 'add_ln110_24' <Predicate = true> <Delay = 0.64> <CoreInst = "DSP48">   --->   Core 124 'DSP48' <Latency = 3> <II = 1> <Delay = 0.53> <IPBlock> <Opcode : 'add' 'sub' 'mul' 'select'> <InPorts = 0> <OutPorts = 1> <Sync> <CReg>
ST_4 : Operation 2062 [1/1] ( I:0.67ns O:0.67ns )   --->   "%store_ln110 = store i32 %add_ln110_24, i4 %XW_block_24_addr" [src/integrated-gcn/gemm_stage.cpp:110]   --->   Operation 2062 'store' 'store_ln110' <Predicate = true> <Delay = 0.67> <CoreInst = "RAM">   --->   Core 82 'RAM' <Latency = 1> <II = 1> <Delay = 0.67> <Storage> <Opcode : 'load' 'store'> <Ports = 2> <Width = 32> <Depth = 16> <RAM>
ST_4 : Operation 2063 [1/2] (0.64ns) (root node of the DSP)   --->   "%add_ln110_25 = add i32 %XW_block_25_load, i32 %mul_ln110_25" [src/integrated-gcn/gemm_stage.cpp:110]   --->   Operation 2063 'add' 'add_ln110_25' <Predicate = true> <Delay = 0.64> <CoreInst = "DSP48">   --->   Core 124 'DSP48' <Latency = 3> <II = 1> <Delay = 0.53> <IPBlock> <Opcode : 'add' 'sub' 'mul' 'select'> <InPorts = 0> <OutPorts = 1> <Sync> <CReg>
ST_4 : Operation 2064 [1/1] ( I:0.67ns O:0.67ns )   --->   "%store_ln110 = store i32 %add_ln110_25, i4 %XW_block_25_addr" [src/integrated-gcn/gemm_stage.cpp:110]   --->   Operation 2064 'store' 'store_ln110' <Predicate = true> <Delay = 0.67> <CoreInst = "RAM">   --->   Core 82 'RAM' <Latency = 1> <II = 1> <Delay = 0.67> <Storage> <Opcode : 'load' 'store'> <Ports = 2> <Width = 32> <Depth = 16> <RAM>
ST_4 : Operation 2065 [1/2] (0.64ns) (root node of the DSP)   --->   "%add_ln110_26 = add i32 %XW_block_26_load, i32 %mul_ln110_26" [src/integrated-gcn/gemm_stage.cpp:110]   --->   Operation 2065 'add' 'add_ln110_26' <Predicate = true> <Delay = 0.64> <CoreInst = "DSP48">   --->   Core 124 'DSP48' <Latency = 3> <II = 1> <Delay = 0.53> <IPBlock> <Opcode : 'add' 'sub' 'mul' 'select'> <InPorts = 0> <OutPorts = 1> <Sync> <CReg>
ST_4 : Operation 2066 [1/1] ( I:0.67ns O:0.67ns )   --->   "%store_ln110 = store i32 %add_ln110_26, i4 %XW_block_26_addr" [src/integrated-gcn/gemm_stage.cpp:110]   --->   Operation 2066 'store' 'store_ln110' <Predicate = true> <Delay = 0.67> <CoreInst = "RAM">   --->   Core 82 'RAM' <Latency = 1> <II = 1> <Delay = 0.67> <Storage> <Opcode : 'load' 'store'> <Ports = 2> <Width = 32> <Depth = 16> <RAM>
ST_4 : Operation 2067 [1/2] (0.64ns) (root node of the DSP)   --->   "%add_ln110_27 = add i32 %XW_block_27_load, i32 %mul_ln110_27" [src/integrated-gcn/gemm_stage.cpp:110]   --->   Operation 2067 'add' 'add_ln110_27' <Predicate = true> <Delay = 0.64> <CoreInst = "DSP48">   --->   Core 124 'DSP48' <Latency = 3> <II = 1> <Delay = 0.53> <IPBlock> <Opcode : 'add' 'sub' 'mul' 'select'> <InPorts = 0> <OutPorts = 1> <Sync> <CReg>
ST_4 : Operation 2068 [1/1] ( I:0.67ns O:0.67ns )   --->   "%store_ln110 = store i32 %add_ln110_27, i4 %XW_block_27_addr" [src/integrated-gcn/gemm_stage.cpp:110]   --->   Operation 2068 'store' 'store_ln110' <Predicate = true> <Delay = 0.67> <CoreInst = "RAM">   --->   Core 82 'RAM' <Latency = 1> <II = 1> <Delay = 0.67> <Storage> <Opcode : 'load' 'store'> <Ports = 2> <Width = 32> <Depth = 16> <RAM>
ST_4 : Operation 2069 [1/2] (0.64ns) (root node of the DSP)   --->   "%add_ln110_28 = add i32 %XW_block_28_load, i32 %mul_ln110_28" [src/integrated-gcn/gemm_stage.cpp:110]   --->   Operation 2069 'add' 'add_ln110_28' <Predicate = true> <Delay = 0.64> <CoreInst = "DSP48">   --->   Core 124 'DSP48' <Latency = 3> <II = 1> <Delay = 0.53> <IPBlock> <Opcode : 'add' 'sub' 'mul' 'select'> <InPorts = 0> <OutPorts = 1> <Sync> <CReg>
ST_4 : Operation 2070 [1/1] ( I:0.67ns O:0.67ns )   --->   "%store_ln110 = store i32 %add_ln110_28, i4 %XW_block_28_addr" [src/integrated-gcn/gemm_stage.cpp:110]   --->   Operation 2070 'store' 'store_ln110' <Predicate = true> <Delay = 0.67> <CoreInst = "RAM">   --->   Core 82 'RAM' <Latency = 1> <II = 1> <Delay = 0.67> <Storage> <Opcode : 'load' 'store'> <Ports = 2> <Width = 32> <Depth = 16> <RAM>
ST_4 : Operation 2071 [1/2] (0.64ns) (root node of the DSP)   --->   "%add_ln110_29 = add i32 %XW_block_29_load, i32 %mul_ln110_29" [src/integrated-gcn/gemm_stage.cpp:110]   --->   Operation 2071 'add' 'add_ln110_29' <Predicate = true> <Delay = 0.64> <CoreInst = "DSP48">   --->   Core 124 'DSP48' <Latency = 3> <II = 1> <Delay = 0.53> <IPBlock> <Opcode : 'add' 'sub' 'mul' 'select'> <InPorts = 0> <OutPorts = 1> <Sync> <CReg>
ST_4 : Operation 2072 [1/1] ( I:0.67ns O:0.67ns )   --->   "%store_ln110 = store i32 %add_ln110_29, i4 %XW_block_29_addr" [src/integrated-gcn/gemm_stage.cpp:110]   --->   Operation 2072 'store' 'store_ln110' <Predicate = true> <Delay = 0.67> <CoreInst = "RAM">   --->   Core 82 'RAM' <Latency = 1> <II = 1> <Delay = 0.67> <Storage> <Opcode : 'load' 'store'> <Ports = 2> <Width = 32> <Depth = 16> <RAM>
ST_4 : Operation 2073 [1/2] (0.64ns) (root node of the DSP)   --->   "%add_ln110_30 = add i32 %XW_block_30_load, i32 %mul_ln110_30" [src/integrated-gcn/gemm_stage.cpp:110]   --->   Operation 2073 'add' 'add_ln110_30' <Predicate = true> <Delay = 0.64> <CoreInst = "DSP48">   --->   Core 124 'DSP48' <Latency = 3> <II = 1> <Delay = 0.53> <IPBlock> <Opcode : 'add' 'sub' 'mul' 'select'> <InPorts = 0> <OutPorts = 1> <Sync> <CReg>
ST_4 : Operation 2074 [1/1] ( I:0.67ns O:0.67ns )   --->   "%store_ln110 = store i32 %add_ln110_30, i4 %XW_block_30_addr" [src/integrated-gcn/gemm_stage.cpp:110]   --->   Operation 2074 'store' 'store_ln110' <Predicate = true> <Delay = 0.67> <CoreInst = "RAM">   --->   Core 82 'RAM' <Latency = 1> <II = 1> <Delay = 0.67> <Storage> <Opcode : 'load' 'store'> <Ports = 2> <Width = 32> <Depth = 16> <RAM>
ST_4 : Operation 2075 [1/2] (0.64ns) (root node of the DSP)   --->   "%add_ln110_31 = add i32 %XW_block_31_load, i32 %mul_ln110_31" [src/integrated-gcn/gemm_stage.cpp:110]   --->   Operation 2075 'add' 'add_ln110_31' <Predicate = true> <Delay = 0.64> <CoreInst = "DSP48">   --->   Core 124 'DSP48' <Latency = 3> <II = 1> <Delay = 0.53> <IPBlock> <Opcode : 'add' 'sub' 'mul' 'select'> <InPorts = 0> <OutPorts = 1> <Sync> <CReg>
ST_4 : Operation 2076 [1/1] ( I:0.67ns O:0.67ns )   --->   "%store_ln110 = store i32 %add_ln110_31, i4 %XW_block_31_addr" [src/integrated-gcn/gemm_stage.cpp:110]   --->   Operation 2076 'store' 'store_ln110' <Predicate = true> <Delay = 0.67> <CoreInst = "RAM">   --->   Core 82 'RAM' <Latency = 1> <II = 1> <Delay = 0.67> <Storage> <Opcode : 'load' 'store'> <Ports = 2> <Width = 32> <Depth = 16> <RAM>
ST_4 : Operation 2077 [1/2] (0.64ns) (root node of the DSP)   --->   "%add_ln110_32 = add i32 %XW_block_32_load, i32 %mul_ln110_32" [src/integrated-gcn/gemm_stage.cpp:110]   --->   Operation 2077 'add' 'add_ln110_32' <Predicate = true> <Delay = 0.64> <CoreInst = "DSP48">   --->   Core 124 'DSP48' <Latency = 3> <II = 1> <Delay = 0.53> <IPBlock> <Opcode : 'add' 'sub' 'mul' 'select'> <InPorts = 0> <OutPorts = 1> <Sync> <CReg>
ST_4 : Operation 2078 [1/1] ( I:0.67ns O:0.67ns )   --->   "%store_ln110 = store i32 %add_ln110_32, i4 %XW_block_32_addr" [src/integrated-gcn/gemm_stage.cpp:110]   --->   Operation 2078 'store' 'store_ln110' <Predicate = true> <Delay = 0.67> <CoreInst = "RAM">   --->   Core 82 'RAM' <Latency = 1> <II = 1> <Delay = 0.67> <Storage> <Opcode : 'load' 'store'> <Ports = 2> <Width = 32> <Depth = 16> <RAM>
ST_4 : Operation 2079 [1/2] (0.64ns) (root node of the DSP)   --->   "%add_ln110_33 = add i32 %XW_block_33_load, i32 %mul_ln110_33" [src/integrated-gcn/gemm_stage.cpp:110]   --->   Operation 2079 'add' 'add_ln110_33' <Predicate = true> <Delay = 0.64> <CoreInst = "DSP48">   --->   Core 124 'DSP48' <Latency = 3> <II = 1> <Delay = 0.53> <IPBlock> <Opcode : 'add' 'sub' 'mul' 'select'> <InPorts = 0> <OutPorts = 1> <Sync> <CReg>
ST_4 : Operation 2080 [1/1] ( I:0.67ns O:0.67ns )   --->   "%store_ln110 = store i32 %add_ln110_33, i4 %XW_block_33_addr" [src/integrated-gcn/gemm_stage.cpp:110]   --->   Operation 2080 'store' 'store_ln110' <Predicate = true> <Delay = 0.67> <CoreInst = "RAM">   --->   Core 82 'RAM' <Latency = 1> <II = 1> <Delay = 0.67> <Storage> <Opcode : 'load' 'store'> <Ports = 2> <Width = 32> <Depth = 16> <RAM>
ST_4 : Operation 2081 [1/2] (0.64ns) (root node of the DSP)   --->   "%add_ln110_34 = add i32 %XW_block_34_load, i32 %mul_ln110_34" [src/integrated-gcn/gemm_stage.cpp:110]   --->   Operation 2081 'add' 'add_ln110_34' <Predicate = true> <Delay = 0.64> <CoreInst = "DSP48">   --->   Core 124 'DSP48' <Latency = 3> <II = 1> <Delay = 0.53> <IPBlock> <Opcode : 'add' 'sub' 'mul' 'select'> <InPorts = 0> <OutPorts = 1> <Sync> <CReg>
ST_4 : Operation 2082 [1/1] ( I:0.67ns O:0.67ns )   --->   "%store_ln110 = store i32 %add_ln110_34, i4 %XW_block_34_addr" [src/integrated-gcn/gemm_stage.cpp:110]   --->   Operation 2082 'store' 'store_ln110' <Predicate = true> <Delay = 0.67> <CoreInst = "RAM">   --->   Core 82 'RAM' <Latency = 1> <II = 1> <Delay = 0.67> <Storage> <Opcode : 'load' 'store'> <Ports = 2> <Width = 32> <Depth = 16> <RAM>
ST_4 : Operation 2083 [1/2] (0.64ns) (root node of the DSP)   --->   "%add_ln110_35 = add i32 %XW_block_35_load, i32 %mul_ln110_35" [src/integrated-gcn/gemm_stage.cpp:110]   --->   Operation 2083 'add' 'add_ln110_35' <Predicate = true> <Delay = 0.64> <CoreInst = "DSP48">   --->   Core 124 'DSP48' <Latency = 3> <II = 1> <Delay = 0.53> <IPBlock> <Opcode : 'add' 'sub' 'mul' 'select'> <InPorts = 0> <OutPorts = 1> <Sync> <CReg>
ST_4 : Operation 2084 [1/1] ( I:0.67ns O:0.67ns )   --->   "%store_ln110 = store i32 %add_ln110_35, i4 %XW_block_35_addr" [src/integrated-gcn/gemm_stage.cpp:110]   --->   Operation 2084 'store' 'store_ln110' <Predicate = true> <Delay = 0.67> <CoreInst = "RAM">   --->   Core 82 'RAM' <Latency = 1> <II = 1> <Delay = 0.67> <Storage> <Opcode : 'load' 'store'> <Ports = 2> <Width = 32> <Depth = 16> <RAM>
ST_4 : Operation 2085 [1/2] (0.64ns) (root node of the DSP)   --->   "%add_ln110_36 = add i32 %XW_block_36_load, i32 %mul_ln110_36" [src/integrated-gcn/gemm_stage.cpp:110]   --->   Operation 2085 'add' 'add_ln110_36' <Predicate = true> <Delay = 0.64> <CoreInst = "DSP48">   --->   Core 124 'DSP48' <Latency = 3> <II = 1> <Delay = 0.53> <IPBlock> <Opcode : 'add' 'sub' 'mul' 'select'> <InPorts = 0> <OutPorts = 1> <Sync> <CReg>
ST_4 : Operation 2086 [1/1] ( I:0.67ns O:0.67ns )   --->   "%store_ln110 = store i32 %add_ln110_36, i4 %XW_block_36_addr" [src/integrated-gcn/gemm_stage.cpp:110]   --->   Operation 2086 'store' 'store_ln110' <Predicate = true> <Delay = 0.67> <CoreInst = "RAM">   --->   Core 82 'RAM' <Latency = 1> <II = 1> <Delay = 0.67> <Storage> <Opcode : 'load' 'store'> <Ports = 2> <Width = 32> <Depth = 16> <RAM>
ST_4 : Operation 2087 [1/2] (0.64ns) (root node of the DSP)   --->   "%add_ln110_37 = add i32 %XW_block_37_load, i32 %mul_ln110_37" [src/integrated-gcn/gemm_stage.cpp:110]   --->   Operation 2087 'add' 'add_ln110_37' <Predicate = true> <Delay = 0.64> <CoreInst = "DSP48">   --->   Core 124 'DSP48' <Latency = 3> <II = 1> <Delay = 0.53> <IPBlock> <Opcode : 'add' 'sub' 'mul' 'select'> <InPorts = 0> <OutPorts = 1> <Sync> <CReg>
ST_4 : Operation 2088 [1/1] ( I:0.67ns O:0.67ns )   --->   "%store_ln110 = store i32 %add_ln110_37, i4 %XW_block_37_addr" [src/integrated-gcn/gemm_stage.cpp:110]   --->   Operation 2088 'store' 'store_ln110' <Predicate = true> <Delay = 0.67> <CoreInst = "RAM">   --->   Core 82 'RAM' <Latency = 1> <II = 1> <Delay = 0.67> <Storage> <Opcode : 'load' 'store'> <Ports = 2> <Width = 32> <Depth = 16> <RAM>
ST_4 : Operation 2089 [1/2] (0.64ns) (root node of the DSP)   --->   "%add_ln110_38 = add i32 %XW_block_38_load, i32 %mul_ln110_38" [src/integrated-gcn/gemm_stage.cpp:110]   --->   Operation 2089 'add' 'add_ln110_38' <Predicate = true> <Delay = 0.64> <CoreInst = "DSP48">   --->   Core 124 'DSP48' <Latency = 3> <II = 1> <Delay = 0.53> <IPBlock> <Opcode : 'add' 'sub' 'mul' 'select'> <InPorts = 0> <OutPorts = 1> <Sync> <CReg>
ST_4 : Operation 2090 [1/1] ( I:0.67ns O:0.67ns )   --->   "%store_ln110 = store i32 %add_ln110_38, i4 %XW_block_38_addr" [src/integrated-gcn/gemm_stage.cpp:110]   --->   Operation 2090 'store' 'store_ln110' <Predicate = true> <Delay = 0.67> <CoreInst = "RAM">   --->   Core 82 'RAM' <Latency = 1> <II = 1> <Delay = 0.67> <Storage> <Opcode : 'load' 'store'> <Ports = 2> <Width = 32> <Depth = 16> <RAM>
ST_4 : Operation 2091 [1/2] (0.64ns) (root node of the DSP)   --->   "%add_ln110_39 = add i32 %XW_block_39_load, i32 %mul_ln110_39" [src/integrated-gcn/gemm_stage.cpp:110]   --->   Operation 2091 'add' 'add_ln110_39' <Predicate = true> <Delay = 0.64> <CoreInst = "DSP48">   --->   Core 124 'DSP48' <Latency = 3> <II = 1> <Delay = 0.53> <IPBlock> <Opcode : 'add' 'sub' 'mul' 'select'> <InPorts = 0> <OutPorts = 1> <Sync> <CReg>
ST_4 : Operation 2092 [1/1] ( I:0.67ns O:0.67ns )   --->   "%store_ln110 = store i32 %add_ln110_39, i4 %XW_block_39_addr" [src/integrated-gcn/gemm_stage.cpp:110]   --->   Operation 2092 'store' 'store_ln110' <Predicate = true> <Delay = 0.67> <CoreInst = "RAM">   --->   Core 82 'RAM' <Latency = 1> <II = 1> <Delay = 0.67> <Storage> <Opcode : 'load' 'store'> <Ports = 2> <Width = 32> <Depth = 16> <RAM>
ST_4 : Operation 2093 [1/2] (0.64ns) (root node of the DSP)   --->   "%add_ln110_40 = add i32 %XW_block_40_load, i32 %mul_ln110_40" [src/integrated-gcn/gemm_stage.cpp:110]   --->   Operation 2093 'add' 'add_ln110_40' <Predicate = true> <Delay = 0.64> <CoreInst = "DSP48">   --->   Core 124 'DSP48' <Latency = 3> <II = 1> <Delay = 0.53> <IPBlock> <Opcode : 'add' 'sub' 'mul' 'select'> <InPorts = 0> <OutPorts = 1> <Sync> <CReg>
ST_4 : Operation 2094 [1/1] ( I:0.67ns O:0.67ns )   --->   "%store_ln110 = store i32 %add_ln110_40, i4 %XW_block_40_addr" [src/integrated-gcn/gemm_stage.cpp:110]   --->   Operation 2094 'store' 'store_ln110' <Predicate = true> <Delay = 0.67> <CoreInst = "RAM">   --->   Core 82 'RAM' <Latency = 1> <II = 1> <Delay = 0.67> <Storage> <Opcode : 'load' 'store'> <Ports = 2> <Width = 32> <Depth = 16> <RAM>
ST_4 : Operation 2095 [1/2] (0.64ns) (root node of the DSP)   --->   "%add_ln110_41 = add i32 %XW_block_41_load, i32 %mul_ln110_41" [src/integrated-gcn/gemm_stage.cpp:110]   --->   Operation 2095 'add' 'add_ln110_41' <Predicate = true> <Delay = 0.64> <CoreInst = "DSP48">   --->   Core 124 'DSP48' <Latency = 3> <II = 1> <Delay = 0.53> <IPBlock> <Opcode : 'add' 'sub' 'mul' 'select'> <InPorts = 0> <OutPorts = 1> <Sync> <CReg>
ST_4 : Operation 2096 [1/1] ( I:0.67ns O:0.67ns )   --->   "%store_ln110 = store i32 %add_ln110_41, i4 %XW_block_41_addr" [src/integrated-gcn/gemm_stage.cpp:110]   --->   Operation 2096 'store' 'store_ln110' <Predicate = true> <Delay = 0.67> <CoreInst = "RAM">   --->   Core 82 'RAM' <Latency = 1> <II = 1> <Delay = 0.67> <Storage> <Opcode : 'load' 'store'> <Ports = 2> <Width = 32> <Depth = 16> <RAM>
ST_4 : Operation 2097 [1/2] (0.64ns) (root node of the DSP)   --->   "%add_ln110_42 = add i32 %XW_block_42_load, i32 %mul_ln110_42" [src/integrated-gcn/gemm_stage.cpp:110]   --->   Operation 2097 'add' 'add_ln110_42' <Predicate = true> <Delay = 0.64> <CoreInst = "DSP48">   --->   Core 124 'DSP48' <Latency = 3> <II = 1> <Delay = 0.53> <IPBlock> <Opcode : 'add' 'sub' 'mul' 'select'> <InPorts = 0> <OutPorts = 1> <Sync> <CReg>
ST_4 : Operation 2098 [1/1] ( I:0.67ns O:0.67ns )   --->   "%store_ln110 = store i32 %add_ln110_42, i4 %XW_block_42_addr" [src/integrated-gcn/gemm_stage.cpp:110]   --->   Operation 2098 'store' 'store_ln110' <Predicate = true> <Delay = 0.67> <CoreInst = "RAM">   --->   Core 82 'RAM' <Latency = 1> <II = 1> <Delay = 0.67> <Storage> <Opcode : 'load' 'store'> <Ports = 2> <Width = 32> <Depth = 16> <RAM>
ST_4 : Operation 2099 [1/2] (0.64ns) (root node of the DSP)   --->   "%add_ln110_43 = add i32 %XW_block_43_load, i32 %mul_ln110_43" [src/integrated-gcn/gemm_stage.cpp:110]   --->   Operation 2099 'add' 'add_ln110_43' <Predicate = true> <Delay = 0.64> <CoreInst = "DSP48">   --->   Core 124 'DSP48' <Latency = 3> <II = 1> <Delay = 0.53> <IPBlock> <Opcode : 'add' 'sub' 'mul' 'select'> <InPorts = 0> <OutPorts = 1> <Sync> <CReg>
ST_4 : Operation 2100 [1/1] ( I:0.67ns O:0.67ns )   --->   "%store_ln110 = store i32 %add_ln110_43, i4 %XW_block_43_addr" [src/integrated-gcn/gemm_stage.cpp:110]   --->   Operation 2100 'store' 'store_ln110' <Predicate = true> <Delay = 0.67> <CoreInst = "RAM">   --->   Core 82 'RAM' <Latency = 1> <II = 1> <Delay = 0.67> <Storage> <Opcode : 'load' 'store'> <Ports = 2> <Width = 32> <Depth = 16> <RAM>
ST_4 : Operation 2101 [1/2] (0.64ns) (root node of the DSP)   --->   "%add_ln110_44 = add i32 %XW_block_44_load, i32 %mul_ln110_44" [src/integrated-gcn/gemm_stage.cpp:110]   --->   Operation 2101 'add' 'add_ln110_44' <Predicate = true> <Delay = 0.64> <CoreInst = "DSP48">   --->   Core 124 'DSP48' <Latency = 3> <II = 1> <Delay = 0.53> <IPBlock> <Opcode : 'add' 'sub' 'mul' 'select'> <InPorts = 0> <OutPorts = 1> <Sync> <CReg>
ST_4 : Operation 2102 [1/1] ( I:0.67ns O:0.67ns )   --->   "%store_ln110 = store i32 %add_ln110_44, i4 %XW_block_44_addr" [src/integrated-gcn/gemm_stage.cpp:110]   --->   Operation 2102 'store' 'store_ln110' <Predicate = true> <Delay = 0.67> <CoreInst = "RAM">   --->   Core 82 'RAM' <Latency = 1> <II = 1> <Delay = 0.67> <Storage> <Opcode : 'load' 'store'> <Ports = 2> <Width = 32> <Depth = 16> <RAM>
ST_4 : Operation 2103 [1/2] (0.64ns) (root node of the DSP)   --->   "%add_ln110_45 = add i32 %XW_block_45_load, i32 %mul_ln110_45" [src/integrated-gcn/gemm_stage.cpp:110]   --->   Operation 2103 'add' 'add_ln110_45' <Predicate = true> <Delay = 0.64> <CoreInst = "DSP48">   --->   Core 124 'DSP48' <Latency = 3> <II = 1> <Delay = 0.53> <IPBlock> <Opcode : 'add' 'sub' 'mul' 'select'> <InPorts = 0> <OutPorts = 1> <Sync> <CReg>
ST_4 : Operation 2104 [1/1] ( I:0.67ns O:0.67ns )   --->   "%store_ln110 = store i32 %add_ln110_45, i4 %XW_block_45_addr" [src/integrated-gcn/gemm_stage.cpp:110]   --->   Operation 2104 'store' 'store_ln110' <Predicate = true> <Delay = 0.67> <CoreInst = "RAM">   --->   Core 82 'RAM' <Latency = 1> <II = 1> <Delay = 0.67> <Storage> <Opcode : 'load' 'store'> <Ports = 2> <Width = 32> <Depth = 16> <RAM>
ST_4 : Operation 2105 [1/2] (0.64ns) (root node of the DSP)   --->   "%add_ln110_46 = add i32 %XW_block_46_load, i32 %mul_ln110_46" [src/integrated-gcn/gemm_stage.cpp:110]   --->   Operation 2105 'add' 'add_ln110_46' <Predicate = true> <Delay = 0.64> <CoreInst = "DSP48">   --->   Core 124 'DSP48' <Latency = 3> <II = 1> <Delay = 0.53> <IPBlock> <Opcode : 'add' 'sub' 'mul' 'select'> <InPorts = 0> <OutPorts = 1> <Sync> <CReg>
ST_4 : Operation 2106 [1/1] ( I:0.67ns O:0.67ns )   --->   "%store_ln110 = store i32 %add_ln110_46, i4 %XW_block_46_addr" [src/integrated-gcn/gemm_stage.cpp:110]   --->   Operation 2106 'store' 'store_ln110' <Predicate = true> <Delay = 0.67> <CoreInst = "RAM">   --->   Core 82 'RAM' <Latency = 1> <II = 1> <Delay = 0.67> <Storage> <Opcode : 'load' 'store'> <Ports = 2> <Width = 32> <Depth = 16> <RAM>
ST_4 : Operation 2107 [1/2] (0.64ns) (root node of the DSP)   --->   "%add_ln110_47 = add i32 %XW_block_47_load, i32 %mul_ln110_47" [src/integrated-gcn/gemm_stage.cpp:110]   --->   Operation 2107 'add' 'add_ln110_47' <Predicate = true> <Delay = 0.64> <CoreInst = "DSP48">   --->   Core 124 'DSP48' <Latency = 3> <II = 1> <Delay = 0.53> <IPBlock> <Opcode : 'add' 'sub' 'mul' 'select'> <InPorts = 0> <OutPorts = 1> <Sync> <CReg>
ST_4 : Operation 2108 [1/1] ( I:0.67ns O:0.67ns )   --->   "%store_ln110 = store i32 %add_ln110_47, i4 %XW_block_47_addr" [src/integrated-gcn/gemm_stage.cpp:110]   --->   Operation 2108 'store' 'store_ln110' <Predicate = true> <Delay = 0.67> <CoreInst = "RAM">   --->   Core 82 'RAM' <Latency = 1> <II = 1> <Delay = 0.67> <Storage> <Opcode : 'load' 'store'> <Ports = 2> <Width = 32> <Depth = 16> <RAM>
ST_4 : Operation 2109 [1/2] (0.64ns) (root node of the DSP)   --->   "%add_ln110_48 = add i32 %XW_block_48_load, i32 %mul_ln110_48" [src/integrated-gcn/gemm_stage.cpp:110]   --->   Operation 2109 'add' 'add_ln110_48' <Predicate = true> <Delay = 0.64> <CoreInst = "DSP48">   --->   Core 124 'DSP48' <Latency = 3> <II = 1> <Delay = 0.53> <IPBlock> <Opcode : 'add' 'sub' 'mul' 'select'> <InPorts = 0> <OutPorts = 1> <Sync> <CReg>
ST_4 : Operation 2110 [1/1] ( I:0.67ns O:0.67ns )   --->   "%store_ln110 = store i32 %add_ln110_48, i4 %XW_block_48_addr" [src/integrated-gcn/gemm_stage.cpp:110]   --->   Operation 2110 'store' 'store_ln110' <Predicate = true> <Delay = 0.67> <CoreInst = "RAM">   --->   Core 82 'RAM' <Latency = 1> <II = 1> <Delay = 0.67> <Storage> <Opcode : 'load' 'store'> <Ports = 2> <Width = 32> <Depth = 16> <RAM>
ST_4 : Operation 2111 [1/2] (0.64ns) (root node of the DSP)   --->   "%add_ln110_49 = add i32 %XW_block_49_load, i32 %mul_ln110_49" [src/integrated-gcn/gemm_stage.cpp:110]   --->   Operation 2111 'add' 'add_ln110_49' <Predicate = true> <Delay = 0.64> <CoreInst = "DSP48">   --->   Core 124 'DSP48' <Latency = 3> <II = 1> <Delay = 0.53> <IPBlock> <Opcode : 'add' 'sub' 'mul' 'select'> <InPorts = 0> <OutPorts = 1> <Sync> <CReg>
ST_4 : Operation 2112 [1/1] ( I:0.67ns O:0.67ns )   --->   "%store_ln110 = store i32 %add_ln110_49, i4 %XW_block_49_addr" [src/integrated-gcn/gemm_stage.cpp:110]   --->   Operation 2112 'store' 'store_ln110' <Predicate = true> <Delay = 0.67> <CoreInst = "RAM">   --->   Core 82 'RAM' <Latency = 1> <II = 1> <Delay = 0.67> <Storage> <Opcode : 'load' 'store'> <Ports = 2> <Width = 32> <Depth = 16> <RAM>
ST_4 : Operation 2113 [1/2] (0.64ns) (root node of the DSP)   --->   "%add_ln110_50 = add i32 %XW_block_50_load, i32 %mul_ln110_50" [src/integrated-gcn/gemm_stage.cpp:110]   --->   Operation 2113 'add' 'add_ln110_50' <Predicate = true> <Delay = 0.64> <CoreInst = "DSP48">   --->   Core 124 'DSP48' <Latency = 3> <II = 1> <Delay = 0.53> <IPBlock> <Opcode : 'add' 'sub' 'mul' 'select'> <InPorts = 0> <OutPorts = 1> <Sync> <CReg>
ST_4 : Operation 2114 [1/1] ( I:0.67ns O:0.67ns )   --->   "%store_ln110 = store i32 %add_ln110_50, i4 %XW_block_50_addr" [src/integrated-gcn/gemm_stage.cpp:110]   --->   Operation 2114 'store' 'store_ln110' <Predicate = true> <Delay = 0.67> <CoreInst = "RAM">   --->   Core 82 'RAM' <Latency = 1> <II = 1> <Delay = 0.67> <Storage> <Opcode : 'load' 'store'> <Ports = 2> <Width = 32> <Depth = 16> <RAM>
ST_4 : Operation 2115 [1/2] (0.64ns) (root node of the DSP)   --->   "%add_ln110_51 = add i32 %XW_block_51_load, i32 %mul_ln110_51" [src/integrated-gcn/gemm_stage.cpp:110]   --->   Operation 2115 'add' 'add_ln110_51' <Predicate = true> <Delay = 0.64> <CoreInst = "DSP48">   --->   Core 124 'DSP48' <Latency = 3> <II = 1> <Delay = 0.53> <IPBlock> <Opcode : 'add' 'sub' 'mul' 'select'> <InPorts = 0> <OutPorts = 1> <Sync> <CReg>
ST_4 : Operation 2116 [1/1] ( I:0.67ns O:0.67ns )   --->   "%store_ln110 = store i32 %add_ln110_51, i4 %XW_block_51_addr" [src/integrated-gcn/gemm_stage.cpp:110]   --->   Operation 2116 'store' 'store_ln110' <Predicate = true> <Delay = 0.67> <CoreInst = "RAM">   --->   Core 82 'RAM' <Latency = 1> <II = 1> <Delay = 0.67> <Storage> <Opcode : 'load' 'store'> <Ports = 2> <Width = 32> <Depth = 16> <RAM>
ST_4 : Operation 2117 [1/2] (0.64ns) (root node of the DSP)   --->   "%add_ln110_52 = add i32 %XW_block_52_load, i32 %mul_ln110_52" [src/integrated-gcn/gemm_stage.cpp:110]   --->   Operation 2117 'add' 'add_ln110_52' <Predicate = true> <Delay = 0.64> <CoreInst = "DSP48">   --->   Core 124 'DSP48' <Latency = 3> <II = 1> <Delay = 0.53> <IPBlock> <Opcode : 'add' 'sub' 'mul' 'select'> <InPorts = 0> <OutPorts = 1> <Sync> <CReg>
ST_4 : Operation 2118 [1/1] ( I:0.67ns O:0.67ns )   --->   "%store_ln110 = store i32 %add_ln110_52, i4 %XW_block_52_addr" [src/integrated-gcn/gemm_stage.cpp:110]   --->   Operation 2118 'store' 'store_ln110' <Predicate = true> <Delay = 0.67> <CoreInst = "RAM">   --->   Core 82 'RAM' <Latency = 1> <II = 1> <Delay = 0.67> <Storage> <Opcode : 'load' 'store'> <Ports = 2> <Width = 32> <Depth = 16> <RAM>
ST_4 : Operation 2119 [1/2] (0.64ns) (root node of the DSP)   --->   "%add_ln110_53 = add i32 %XW_block_53_load, i32 %mul_ln110_53" [src/integrated-gcn/gemm_stage.cpp:110]   --->   Operation 2119 'add' 'add_ln110_53' <Predicate = true> <Delay = 0.64> <CoreInst = "DSP48">   --->   Core 124 'DSP48' <Latency = 3> <II = 1> <Delay = 0.53> <IPBlock> <Opcode : 'add' 'sub' 'mul' 'select'> <InPorts = 0> <OutPorts = 1> <Sync> <CReg>
ST_4 : Operation 2120 [1/1] ( I:0.67ns O:0.67ns )   --->   "%store_ln110 = store i32 %add_ln110_53, i4 %XW_block_53_addr" [src/integrated-gcn/gemm_stage.cpp:110]   --->   Operation 2120 'store' 'store_ln110' <Predicate = true> <Delay = 0.67> <CoreInst = "RAM">   --->   Core 82 'RAM' <Latency = 1> <II = 1> <Delay = 0.67> <Storage> <Opcode : 'load' 'store'> <Ports = 2> <Width = 32> <Depth = 16> <RAM>
ST_4 : Operation 2121 [1/2] (0.64ns) (root node of the DSP)   --->   "%add_ln110_54 = add i32 %XW_block_54_load, i32 %mul_ln110_54" [src/integrated-gcn/gemm_stage.cpp:110]   --->   Operation 2121 'add' 'add_ln110_54' <Predicate = true> <Delay = 0.64> <CoreInst = "DSP48">   --->   Core 124 'DSP48' <Latency = 3> <II = 1> <Delay = 0.53> <IPBlock> <Opcode : 'add' 'sub' 'mul' 'select'> <InPorts = 0> <OutPorts = 1> <Sync> <CReg>
ST_4 : Operation 2122 [1/1] ( I:0.67ns O:0.67ns )   --->   "%store_ln110 = store i32 %add_ln110_54, i4 %XW_block_54_addr" [src/integrated-gcn/gemm_stage.cpp:110]   --->   Operation 2122 'store' 'store_ln110' <Predicate = true> <Delay = 0.67> <CoreInst = "RAM">   --->   Core 82 'RAM' <Latency = 1> <II = 1> <Delay = 0.67> <Storage> <Opcode : 'load' 'store'> <Ports = 2> <Width = 32> <Depth = 16> <RAM>
ST_4 : Operation 2123 [1/2] (0.64ns) (root node of the DSP)   --->   "%add_ln110_55 = add i32 %XW_block_55_load, i32 %mul_ln110_55" [src/integrated-gcn/gemm_stage.cpp:110]   --->   Operation 2123 'add' 'add_ln110_55' <Predicate = true> <Delay = 0.64> <CoreInst = "DSP48">   --->   Core 124 'DSP48' <Latency = 3> <II = 1> <Delay = 0.53> <IPBlock> <Opcode : 'add' 'sub' 'mul' 'select'> <InPorts = 0> <OutPorts = 1> <Sync> <CReg>
ST_4 : Operation 2124 [1/1] ( I:0.67ns O:0.67ns )   --->   "%store_ln110 = store i32 %add_ln110_55, i4 %XW_block_55_addr" [src/integrated-gcn/gemm_stage.cpp:110]   --->   Operation 2124 'store' 'store_ln110' <Predicate = true> <Delay = 0.67> <CoreInst = "RAM">   --->   Core 82 'RAM' <Latency = 1> <II = 1> <Delay = 0.67> <Storage> <Opcode : 'load' 'store'> <Ports = 2> <Width = 32> <Depth = 16> <RAM>
ST_4 : Operation 2125 [1/2] (0.64ns) (root node of the DSP)   --->   "%add_ln110_56 = add i32 %XW_block_56_load, i32 %mul_ln110_56" [src/integrated-gcn/gemm_stage.cpp:110]   --->   Operation 2125 'add' 'add_ln110_56' <Predicate = true> <Delay = 0.64> <CoreInst = "DSP48">   --->   Core 124 'DSP48' <Latency = 3> <II = 1> <Delay = 0.53> <IPBlock> <Opcode : 'add' 'sub' 'mul' 'select'> <InPorts = 0> <OutPorts = 1> <Sync> <CReg>
ST_4 : Operation 2126 [1/1] ( I:0.67ns O:0.67ns )   --->   "%store_ln110 = store i32 %add_ln110_56, i4 %XW_block_56_addr" [src/integrated-gcn/gemm_stage.cpp:110]   --->   Operation 2126 'store' 'store_ln110' <Predicate = true> <Delay = 0.67> <CoreInst = "RAM">   --->   Core 82 'RAM' <Latency = 1> <II = 1> <Delay = 0.67> <Storage> <Opcode : 'load' 'store'> <Ports = 2> <Width = 32> <Depth = 16> <RAM>
ST_4 : Operation 2127 [1/2] (0.64ns) (root node of the DSP)   --->   "%add_ln110_57 = add i32 %XW_block_57_load, i32 %mul_ln110_57" [src/integrated-gcn/gemm_stage.cpp:110]   --->   Operation 2127 'add' 'add_ln110_57' <Predicate = true> <Delay = 0.64> <CoreInst = "DSP48">   --->   Core 124 'DSP48' <Latency = 3> <II = 1> <Delay = 0.53> <IPBlock> <Opcode : 'add' 'sub' 'mul' 'select'> <InPorts = 0> <OutPorts = 1> <Sync> <CReg>
ST_4 : Operation 2128 [1/1] ( I:0.67ns O:0.67ns )   --->   "%store_ln110 = store i32 %add_ln110_57, i4 %XW_block_57_addr" [src/integrated-gcn/gemm_stage.cpp:110]   --->   Operation 2128 'store' 'store_ln110' <Predicate = true> <Delay = 0.67> <CoreInst = "RAM">   --->   Core 82 'RAM' <Latency = 1> <II = 1> <Delay = 0.67> <Storage> <Opcode : 'load' 'store'> <Ports = 2> <Width = 32> <Depth = 16> <RAM>
ST_4 : Operation 2129 [1/2] (0.64ns) (root node of the DSP)   --->   "%add_ln110_58 = add i32 %XW_block_58_load, i32 %mul_ln110_58" [src/integrated-gcn/gemm_stage.cpp:110]   --->   Operation 2129 'add' 'add_ln110_58' <Predicate = true> <Delay = 0.64> <CoreInst = "DSP48">   --->   Core 124 'DSP48' <Latency = 3> <II = 1> <Delay = 0.53> <IPBlock> <Opcode : 'add' 'sub' 'mul' 'select'> <InPorts = 0> <OutPorts = 1> <Sync> <CReg>
ST_4 : Operation 2130 [1/1] ( I:0.67ns O:0.67ns )   --->   "%store_ln110 = store i32 %add_ln110_58, i4 %XW_block_58_addr" [src/integrated-gcn/gemm_stage.cpp:110]   --->   Operation 2130 'store' 'store_ln110' <Predicate = true> <Delay = 0.67> <CoreInst = "RAM">   --->   Core 82 'RAM' <Latency = 1> <II = 1> <Delay = 0.67> <Storage> <Opcode : 'load' 'store'> <Ports = 2> <Width = 32> <Depth = 16> <RAM>
ST_4 : Operation 2131 [1/2] (0.64ns) (root node of the DSP)   --->   "%add_ln110_59 = add i32 %XW_block_59_load, i32 %mul_ln110_59" [src/integrated-gcn/gemm_stage.cpp:110]   --->   Operation 2131 'add' 'add_ln110_59' <Predicate = true> <Delay = 0.64> <CoreInst = "DSP48">   --->   Core 124 'DSP48' <Latency = 3> <II = 1> <Delay = 0.53> <IPBlock> <Opcode : 'add' 'sub' 'mul' 'select'> <InPorts = 0> <OutPorts = 1> <Sync> <CReg>
ST_4 : Operation 2132 [1/1] ( I:0.67ns O:0.67ns )   --->   "%store_ln110 = store i32 %add_ln110_59, i4 %XW_block_59_addr" [src/integrated-gcn/gemm_stage.cpp:110]   --->   Operation 2132 'store' 'store_ln110' <Predicate = true> <Delay = 0.67> <CoreInst = "RAM">   --->   Core 82 'RAM' <Latency = 1> <II = 1> <Delay = 0.67> <Storage> <Opcode : 'load' 'store'> <Ports = 2> <Width = 32> <Depth = 16> <RAM>
ST_4 : Operation 2133 [1/2] (0.64ns) (root node of the DSP)   --->   "%add_ln110_60 = add i32 %XW_block_60_load, i32 %mul_ln110_60" [src/integrated-gcn/gemm_stage.cpp:110]   --->   Operation 2133 'add' 'add_ln110_60' <Predicate = true> <Delay = 0.64> <CoreInst = "DSP48">   --->   Core 124 'DSP48' <Latency = 3> <II = 1> <Delay = 0.53> <IPBlock> <Opcode : 'add' 'sub' 'mul' 'select'> <InPorts = 0> <OutPorts = 1> <Sync> <CReg>
ST_4 : Operation 2134 [1/1] ( I:0.67ns O:0.67ns )   --->   "%store_ln110 = store i32 %add_ln110_60, i4 %XW_block_60_addr" [src/integrated-gcn/gemm_stage.cpp:110]   --->   Operation 2134 'store' 'store_ln110' <Predicate = true> <Delay = 0.67> <CoreInst = "RAM">   --->   Core 82 'RAM' <Latency = 1> <II = 1> <Delay = 0.67> <Storage> <Opcode : 'load' 'store'> <Ports = 2> <Width = 32> <Depth = 16> <RAM>
ST_4 : Operation 2135 [1/2] (0.64ns) (root node of the DSP)   --->   "%add_ln110_61 = add i32 %XW_block_61_load, i32 %mul_ln110_61" [src/integrated-gcn/gemm_stage.cpp:110]   --->   Operation 2135 'add' 'add_ln110_61' <Predicate = true> <Delay = 0.64> <CoreInst = "DSP48">   --->   Core 124 'DSP48' <Latency = 3> <II = 1> <Delay = 0.53> <IPBlock> <Opcode : 'add' 'sub' 'mul' 'select'> <InPorts = 0> <OutPorts = 1> <Sync> <CReg>
ST_4 : Operation 2136 [1/1] ( I:0.67ns O:0.67ns )   --->   "%store_ln110 = store i32 %add_ln110_61, i4 %XW_block_61_addr" [src/integrated-gcn/gemm_stage.cpp:110]   --->   Operation 2136 'store' 'store_ln110' <Predicate = true> <Delay = 0.67> <CoreInst = "RAM">   --->   Core 82 'RAM' <Latency = 1> <II = 1> <Delay = 0.67> <Storage> <Opcode : 'load' 'store'> <Ports = 2> <Width = 32> <Depth = 16> <RAM>
ST_4 : Operation 2137 [1/2] (0.64ns) (root node of the DSP)   --->   "%add_ln110_62 = add i32 %XW_block_62_load, i32 %mul_ln110_62" [src/integrated-gcn/gemm_stage.cpp:110]   --->   Operation 2137 'add' 'add_ln110_62' <Predicate = true> <Delay = 0.64> <CoreInst = "DSP48">   --->   Core 124 'DSP48' <Latency = 3> <II = 1> <Delay = 0.53> <IPBlock> <Opcode : 'add' 'sub' 'mul' 'select'> <InPorts = 0> <OutPorts = 1> <Sync> <CReg>
ST_4 : Operation 2138 [1/1] ( I:0.67ns O:0.67ns )   --->   "%store_ln110 = store i32 %add_ln110_62, i4 %XW_block_62_addr" [src/integrated-gcn/gemm_stage.cpp:110]   --->   Operation 2138 'store' 'store_ln110' <Predicate = true> <Delay = 0.67> <CoreInst = "RAM">   --->   Core 82 'RAM' <Latency = 1> <II = 1> <Delay = 0.67> <Storage> <Opcode : 'load' 'store'> <Ports = 2> <Width = 32> <Depth = 16> <RAM>
ST_4 : Operation 2139 [1/2] (0.64ns) (root node of the DSP)   --->   "%add_ln110_63 = add i32 %XW_block_63_load, i32 %mul_ln110_63" [src/integrated-gcn/gemm_stage.cpp:110]   --->   Operation 2139 'add' 'add_ln110_63' <Predicate = true> <Delay = 0.64> <CoreInst = "DSP48">   --->   Core 124 'DSP48' <Latency = 3> <II = 1> <Delay = 0.53> <IPBlock> <Opcode : 'add' 'sub' 'mul' 'select'> <InPorts = 0> <OutPorts = 1> <Sync> <CReg>
ST_4 : Operation 2140 [1/1] ( I:0.67ns O:0.67ns )   --->   "%store_ln110 = store i32 %add_ln110_63, i4 %XW_block_63_addr" [src/integrated-gcn/gemm_stage.cpp:110]   --->   Operation 2140 'store' 'store_ln110' <Predicate = true> <Delay = 0.67> <CoreInst = "RAM">   --->   Core 82 'RAM' <Latency = 1> <II = 1> <Delay = 0.67> <Storage> <Opcode : 'load' 'store'> <Ports = 2> <Width = 32> <Depth = 16> <RAM>
ST_4 : Operation 2141 [1/2] (0.64ns) (root node of the DSP)   --->   "%add_ln110_64 = add i32 %XW_block_64_load, i32 %mul_ln110_64" [src/integrated-gcn/gemm_stage.cpp:110]   --->   Operation 2141 'add' 'add_ln110_64' <Predicate = true> <Delay = 0.64> <CoreInst = "DSP48">   --->   Core 124 'DSP48' <Latency = 3> <II = 1> <Delay = 0.53> <IPBlock> <Opcode : 'add' 'sub' 'mul' 'select'> <InPorts = 0> <OutPorts = 1> <Sync> <CReg>
ST_4 : Operation 2142 [1/1] ( I:0.67ns O:0.67ns )   --->   "%store_ln110 = store i32 %add_ln110_64, i4 %XW_block_64_addr" [src/integrated-gcn/gemm_stage.cpp:110]   --->   Operation 2142 'store' 'store_ln110' <Predicate = true> <Delay = 0.67> <CoreInst = "RAM">   --->   Core 82 'RAM' <Latency = 1> <II = 1> <Delay = 0.67> <Storage> <Opcode : 'load' 'store'> <Ports = 2> <Width = 32> <Depth = 16> <RAM>
ST_4 : Operation 2143 [1/2] (0.64ns) (root node of the DSP)   --->   "%add_ln110_65 = add i32 %XW_block_65_load, i32 %mul_ln110_65" [src/integrated-gcn/gemm_stage.cpp:110]   --->   Operation 2143 'add' 'add_ln110_65' <Predicate = true> <Delay = 0.64> <CoreInst = "DSP48">   --->   Core 124 'DSP48' <Latency = 3> <II = 1> <Delay = 0.53> <IPBlock> <Opcode : 'add' 'sub' 'mul' 'select'> <InPorts = 0> <OutPorts = 1> <Sync> <CReg>
ST_4 : Operation 2144 [1/1] ( I:0.67ns O:0.67ns )   --->   "%store_ln110 = store i32 %add_ln110_65, i4 %XW_block_65_addr" [src/integrated-gcn/gemm_stage.cpp:110]   --->   Operation 2144 'store' 'store_ln110' <Predicate = true> <Delay = 0.67> <CoreInst = "RAM">   --->   Core 82 'RAM' <Latency = 1> <II = 1> <Delay = 0.67> <Storage> <Opcode : 'load' 'store'> <Ports = 2> <Width = 32> <Depth = 16> <RAM>
ST_4 : Operation 2145 [1/2] (0.64ns) (root node of the DSP)   --->   "%add_ln110_66 = add i32 %XW_block_66_load, i32 %mul_ln110_66" [src/integrated-gcn/gemm_stage.cpp:110]   --->   Operation 2145 'add' 'add_ln110_66' <Predicate = true> <Delay = 0.64> <CoreInst = "DSP48">   --->   Core 124 'DSP48' <Latency = 3> <II = 1> <Delay = 0.53> <IPBlock> <Opcode : 'add' 'sub' 'mul' 'select'> <InPorts = 0> <OutPorts = 1> <Sync> <CReg>
ST_4 : Operation 2146 [1/1] ( I:0.67ns O:0.67ns )   --->   "%store_ln110 = store i32 %add_ln110_66, i4 %XW_block_66_addr" [src/integrated-gcn/gemm_stage.cpp:110]   --->   Operation 2146 'store' 'store_ln110' <Predicate = true> <Delay = 0.67> <CoreInst = "RAM">   --->   Core 82 'RAM' <Latency = 1> <II = 1> <Delay = 0.67> <Storage> <Opcode : 'load' 'store'> <Ports = 2> <Width = 32> <Depth = 16> <RAM>
ST_4 : Operation 2147 [1/2] (0.64ns) (root node of the DSP)   --->   "%add_ln110_67 = add i32 %XW_block_67_load, i32 %mul_ln110_67" [src/integrated-gcn/gemm_stage.cpp:110]   --->   Operation 2147 'add' 'add_ln110_67' <Predicate = true> <Delay = 0.64> <CoreInst = "DSP48">   --->   Core 124 'DSP48' <Latency = 3> <II = 1> <Delay = 0.53> <IPBlock> <Opcode : 'add' 'sub' 'mul' 'select'> <InPorts = 0> <OutPorts = 1> <Sync> <CReg>
ST_4 : Operation 2148 [1/1] ( I:0.67ns O:0.67ns )   --->   "%store_ln110 = store i32 %add_ln110_67, i4 %XW_block_67_addr" [src/integrated-gcn/gemm_stage.cpp:110]   --->   Operation 2148 'store' 'store_ln110' <Predicate = true> <Delay = 0.67> <CoreInst = "RAM">   --->   Core 82 'RAM' <Latency = 1> <II = 1> <Delay = 0.67> <Storage> <Opcode : 'load' 'store'> <Ports = 2> <Width = 32> <Depth = 16> <RAM>
ST_4 : Operation 2149 [1/2] (0.64ns) (root node of the DSP)   --->   "%add_ln110_68 = add i32 %XW_block_68_load, i32 %mul_ln110_68" [src/integrated-gcn/gemm_stage.cpp:110]   --->   Operation 2149 'add' 'add_ln110_68' <Predicate = true> <Delay = 0.64> <CoreInst = "DSP48">   --->   Core 124 'DSP48' <Latency = 3> <II = 1> <Delay = 0.53> <IPBlock> <Opcode : 'add' 'sub' 'mul' 'select'> <InPorts = 0> <OutPorts = 1> <Sync> <CReg>
ST_4 : Operation 2150 [1/1] ( I:0.67ns O:0.67ns )   --->   "%store_ln110 = store i32 %add_ln110_68, i4 %XW_block_68_addr" [src/integrated-gcn/gemm_stage.cpp:110]   --->   Operation 2150 'store' 'store_ln110' <Predicate = true> <Delay = 0.67> <CoreInst = "RAM">   --->   Core 82 'RAM' <Latency = 1> <II = 1> <Delay = 0.67> <Storage> <Opcode : 'load' 'store'> <Ports = 2> <Width = 32> <Depth = 16> <RAM>
ST_4 : Operation 2151 [1/2] (0.64ns) (root node of the DSP)   --->   "%add_ln110_69 = add i32 %XW_block_69_load, i32 %mul_ln110_69" [src/integrated-gcn/gemm_stage.cpp:110]   --->   Operation 2151 'add' 'add_ln110_69' <Predicate = true> <Delay = 0.64> <CoreInst = "DSP48">   --->   Core 124 'DSP48' <Latency = 3> <II = 1> <Delay = 0.53> <IPBlock> <Opcode : 'add' 'sub' 'mul' 'select'> <InPorts = 0> <OutPorts = 1> <Sync> <CReg>
ST_4 : Operation 2152 [1/1] ( I:0.67ns O:0.67ns )   --->   "%store_ln110 = store i32 %add_ln110_69, i4 %XW_block_69_addr" [src/integrated-gcn/gemm_stage.cpp:110]   --->   Operation 2152 'store' 'store_ln110' <Predicate = true> <Delay = 0.67> <CoreInst = "RAM">   --->   Core 82 'RAM' <Latency = 1> <II = 1> <Delay = 0.67> <Storage> <Opcode : 'load' 'store'> <Ports = 2> <Width = 32> <Depth = 16> <RAM>
ST_4 : Operation 2153 [1/2] (0.64ns) (root node of the DSP)   --->   "%add_ln110_70 = add i32 %XW_block_70_load, i32 %mul_ln110_70" [src/integrated-gcn/gemm_stage.cpp:110]   --->   Operation 2153 'add' 'add_ln110_70' <Predicate = true> <Delay = 0.64> <CoreInst = "DSP48">   --->   Core 124 'DSP48' <Latency = 3> <II = 1> <Delay = 0.53> <IPBlock> <Opcode : 'add' 'sub' 'mul' 'select'> <InPorts = 0> <OutPorts = 1> <Sync> <CReg>
ST_4 : Operation 2154 [1/1] ( I:0.67ns O:0.67ns )   --->   "%store_ln110 = store i32 %add_ln110_70, i4 %XW_block_70_addr" [src/integrated-gcn/gemm_stage.cpp:110]   --->   Operation 2154 'store' 'store_ln110' <Predicate = true> <Delay = 0.67> <CoreInst = "RAM">   --->   Core 82 'RAM' <Latency = 1> <II = 1> <Delay = 0.67> <Storage> <Opcode : 'load' 'store'> <Ports = 2> <Width = 32> <Depth = 16> <RAM>
ST_4 : Operation 2155 [1/2] (0.64ns) (root node of the DSP)   --->   "%add_ln110_71 = add i32 %XW_block_71_load, i32 %mul_ln110_71" [src/integrated-gcn/gemm_stage.cpp:110]   --->   Operation 2155 'add' 'add_ln110_71' <Predicate = true> <Delay = 0.64> <CoreInst = "DSP48">   --->   Core 124 'DSP48' <Latency = 3> <II = 1> <Delay = 0.53> <IPBlock> <Opcode : 'add' 'sub' 'mul' 'select'> <InPorts = 0> <OutPorts = 1> <Sync> <CReg>
ST_4 : Operation 2156 [1/1] ( I:0.67ns O:0.67ns )   --->   "%store_ln110 = store i32 %add_ln110_71, i4 %XW_block_71_addr" [src/integrated-gcn/gemm_stage.cpp:110]   --->   Operation 2156 'store' 'store_ln110' <Predicate = true> <Delay = 0.67> <CoreInst = "RAM">   --->   Core 82 'RAM' <Latency = 1> <II = 1> <Delay = 0.67> <Storage> <Opcode : 'load' 'store'> <Ports = 2> <Width = 32> <Depth = 16> <RAM>
ST_4 : Operation 2157 [1/2] (0.64ns) (root node of the DSP)   --->   "%add_ln110_72 = add i32 %XW_block_72_load, i32 %mul_ln110_72" [src/integrated-gcn/gemm_stage.cpp:110]   --->   Operation 2157 'add' 'add_ln110_72' <Predicate = true> <Delay = 0.64> <CoreInst = "DSP48">   --->   Core 124 'DSP48' <Latency = 3> <II = 1> <Delay = 0.53> <IPBlock> <Opcode : 'add' 'sub' 'mul' 'select'> <InPorts = 0> <OutPorts = 1> <Sync> <CReg>
ST_4 : Operation 2158 [1/1] ( I:0.67ns O:0.67ns )   --->   "%store_ln110 = store i32 %add_ln110_72, i4 %XW_block_72_addr" [src/integrated-gcn/gemm_stage.cpp:110]   --->   Operation 2158 'store' 'store_ln110' <Predicate = true> <Delay = 0.67> <CoreInst = "RAM">   --->   Core 82 'RAM' <Latency = 1> <II = 1> <Delay = 0.67> <Storage> <Opcode : 'load' 'store'> <Ports = 2> <Width = 32> <Depth = 16> <RAM>
ST_4 : Operation 2159 [1/2] (0.64ns) (root node of the DSP)   --->   "%add_ln110_73 = add i32 %XW_block_73_load, i32 %mul_ln110_73" [src/integrated-gcn/gemm_stage.cpp:110]   --->   Operation 2159 'add' 'add_ln110_73' <Predicate = true> <Delay = 0.64> <CoreInst = "DSP48">   --->   Core 124 'DSP48' <Latency = 3> <II = 1> <Delay = 0.53> <IPBlock> <Opcode : 'add' 'sub' 'mul' 'select'> <InPorts = 0> <OutPorts = 1> <Sync> <CReg>
ST_4 : Operation 2160 [1/1] ( I:0.67ns O:0.67ns )   --->   "%store_ln110 = store i32 %add_ln110_73, i4 %XW_block_73_addr" [src/integrated-gcn/gemm_stage.cpp:110]   --->   Operation 2160 'store' 'store_ln110' <Predicate = true> <Delay = 0.67> <CoreInst = "RAM">   --->   Core 82 'RAM' <Latency = 1> <II = 1> <Delay = 0.67> <Storage> <Opcode : 'load' 'store'> <Ports = 2> <Width = 32> <Depth = 16> <RAM>
ST_4 : Operation 2161 [1/2] (0.64ns) (root node of the DSP)   --->   "%add_ln110_74 = add i32 %XW_block_74_load, i32 %mul_ln110_74" [src/integrated-gcn/gemm_stage.cpp:110]   --->   Operation 2161 'add' 'add_ln110_74' <Predicate = true> <Delay = 0.64> <CoreInst = "DSP48">   --->   Core 124 'DSP48' <Latency = 3> <II = 1> <Delay = 0.53> <IPBlock> <Opcode : 'add' 'sub' 'mul' 'select'> <InPorts = 0> <OutPorts = 1> <Sync> <CReg>
ST_4 : Operation 2162 [1/1] ( I:0.67ns O:0.67ns )   --->   "%store_ln110 = store i32 %add_ln110_74, i4 %XW_block_74_addr" [src/integrated-gcn/gemm_stage.cpp:110]   --->   Operation 2162 'store' 'store_ln110' <Predicate = true> <Delay = 0.67> <CoreInst = "RAM">   --->   Core 82 'RAM' <Latency = 1> <II = 1> <Delay = 0.67> <Storage> <Opcode : 'load' 'store'> <Ports = 2> <Width = 32> <Depth = 16> <RAM>
ST_4 : Operation 2163 [1/2] (0.64ns) (root node of the DSP)   --->   "%add_ln110_75 = add i32 %XW_block_75_load, i32 %mul_ln110_75" [src/integrated-gcn/gemm_stage.cpp:110]   --->   Operation 2163 'add' 'add_ln110_75' <Predicate = true> <Delay = 0.64> <CoreInst = "DSP48">   --->   Core 124 'DSP48' <Latency = 3> <II = 1> <Delay = 0.53> <IPBlock> <Opcode : 'add' 'sub' 'mul' 'select'> <InPorts = 0> <OutPorts = 1> <Sync> <CReg>
ST_4 : Operation 2164 [1/1] ( I:0.67ns O:0.67ns )   --->   "%store_ln110 = store i32 %add_ln110_75, i4 %XW_block_75_addr" [src/integrated-gcn/gemm_stage.cpp:110]   --->   Operation 2164 'store' 'store_ln110' <Predicate = true> <Delay = 0.67> <CoreInst = "RAM">   --->   Core 82 'RAM' <Latency = 1> <II = 1> <Delay = 0.67> <Storage> <Opcode : 'load' 'store'> <Ports = 2> <Width = 32> <Depth = 16> <RAM>
ST_4 : Operation 2165 [1/2] (0.64ns) (root node of the DSP)   --->   "%add_ln110_76 = add i32 %XW_block_76_load, i32 %mul_ln110_76" [src/integrated-gcn/gemm_stage.cpp:110]   --->   Operation 2165 'add' 'add_ln110_76' <Predicate = true> <Delay = 0.64> <CoreInst = "DSP48">   --->   Core 124 'DSP48' <Latency = 3> <II = 1> <Delay = 0.53> <IPBlock> <Opcode : 'add' 'sub' 'mul' 'select'> <InPorts = 0> <OutPorts = 1> <Sync> <CReg>
ST_4 : Operation 2166 [1/1] ( I:0.67ns O:0.67ns )   --->   "%store_ln110 = store i32 %add_ln110_76, i4 %XW_block_76_addr" [src/integrated-gcn/gemm_stage.cpp:110]   --->   Operation 2166 'store' 'store_ln110' <Predicate = true> <Delay = 0.67> <CoreInst = "RAM">   --->   Core 82 'RAM' <Latency = 1> <II = 1> <Delay = 0.67> <Storage> <Opcode : 'load' 'store'> <Ports = 2> <Width = 32> <Depth = 16> <RAM>
ST_4 : Operation 2167 [1/2] (0.64ns) (root node of the DSP)   --->   "%add_ln110_77 = add i32 %XW_block_77_load, i32 %mul_ln110_77" [src/integrated-gcn/gemm_stage.cpp:110]   --->   Operation 2167 'add' 'add_ln110_77' <Predicate = true> <Delay = 0.64> <CoreInst = "DSP48">   --->   Core 124 'DSP48' <Latency = 3> <II = 1> <Delay = 0.53> <IPBlock> <Opcode : 'add' 'sub' 'mul' 'select'> <InPorts = 0> <OutPorts = 1> <Sync> <CReg>
ST_4 : Operation 2168 [1/1] ( I:0.67ns O:0.67ns )   --->   "%store_ln110 = store i32 %add_ln110_77, i4 %XW_block_77_addr" [src/integrated-gcn/gemm_stage.cpp:110]   --->   Operation 2168 'store' 'store_ln110' <Predicate = true> <Delay = 0.67> <CoreInst = "RAM">   --->   Core 82 'RAM' <Latency = 1> <II = 1> <Delay = 0.67> <Storage> <Opcode : 'load' 'store'> <Ports = 2> <Width = 32> <Depth = 16> <RAM>
ST_4 : Operation 2169 [1/2] (0.64ns) (root node of the DSP)   --->   "%add_ln110_78 = add i32 %XW_block_78_load, i32 %mul_ln110_78" [src/integrated-gcn/gemm_stage.cpp:110]   --->   Operation 2169 'add' 'add_ln110_78' <Predicate = true> <Delay = 0.64> <CoreInst = "DSP48">   --->   Core 124 'DSP48' <Latency = 3> <II = 1> <Delay = 0.53> <IPBlock> <Opcode : 'add' 'sub' 'mul' 'select'> <InPorts = 0> <OutPorts = 1> <Sync> <CReg>
ST_4 : Operation 2170 [1/1] ( I:0.67ns O:0.67ns )   --->   "%store_ln110 = store i32 %add_ln110_78, i4 %XW_block_78_addr" [src/integrated-gcn/gemm_stage.cpp:110]   --->   Operation 2170 'store' 'store_ln110' <Predicate = true> <Delay = 0.67> <CoreInst = "RAM">   --->   Core 82 'RAM' <Latency = 1> <II = 1> <Delay = 0.67> <Storage> <Opcode : 'load' 'store'> <Ports = 2> <Width = 32> <Depth = 16> <RAM>
ST_4 : Operation 2171 [1/2] (0.64ns) (root node of the DSP)   --->   "%add_ln110_79 = add i32 %XW_block_79_load, i32 %mul_ln110_79" [src/integrated-gcn/gemm_stage.cpp:110]   --->   Operation 2171 'add' 'add_ln110_79' <Predicate = true> <Delay = 0.64> <CoreInst = "DSP48">   --->   Core 124 'DSP48' <Latency = 3> <II = 1> <Delay = 0.53> <IPBlock> <Opcode : 'add' 'sub' 'mul' 'select'> <InPorts = 0> <OutPorts = 1> <Sync> <CReg>
ST_4 : Operation 2172 [1/1] ( I:0.67ns O:0.67ns )   --->   "%store_ln110 = store i32 %add_ln110_79, i4 %XW_block_79_addr" [src/integrated-gcn/gemm_stage.cpp:110]   --->   Operation 2172 'store' 'store_ln110' <Predicate = true> <Delay = 0.67> <CoreInst = "RAM">   --->   Core 82 'RAM' <Latency = 1> <II = 1> <Delay = 0.67> <Storage> <Opcode : 'load' 'store'> <Ports = 2> <Width = 32> <Depth = 16> <RAM>
ST_4 : Operation 2173 [1/2] (0.64ns) (root node of the DSP)   --->   "%add_ln110_80 = add i32 %XW_block_80_load, i32 %mul_ln110_80" [src/integrated-gcn/gemm_stage.cpp:110]   --->   Operation 2173 'add' 'add_ln110_80' <Predicate = true> <Delay = 0.64> <CoreInst = "DSP48">   --->   Core 124 'DSP48' <Latency = 3> <II = 1> <Delay = 0.53> <IPBlock> <Opcode : 'add' 'sub' 'mul' 'select'> <InPorts = 0> <OutPorts = 1> <Sync> <CReg>
ST_4 : Operation 2174 [1/1] ( I:0.67ns O:0.67ns )   --->   "%store_ln110 = store i32 %add_ln110_80, i4 %XW_block_80_addr" [src/integrated-gcn/gemm_stage.cpp:110]   --->   Operation 2174 'store' 'store_ln110' <Predicate = true> <Delay = 0.67> <CoreInst = "RAM">   --->   Core 82 'RAM' <Latency = 1> <II = 1> <Delay = 0.67> <Storage> <Opcode : 'load' 'store'> <Ports = 2> <Width = 32> <Depth = 16> <RAM>
ST_4 : Operation 2175 [1/2] (0.64ns) (root node of the DSP)   --->   "%add_ln110_81 = add i32 %XW_block_81_load, i32 %mul_ln110_81" [src/integrated-gcn/gemm_stage.cpp:110]   --->   Operation 2175 'add' 'add_ln110_81' <Predicate = true> <Delay = 0.64> <CoreInst = "DSP48">   --->   Core 124 'DSP48' <Latency = 3> <II = 1> <Delay = 0.53> <IPBlock> <Opcode : 'add' 'sub' 'mul' 'select'> <InPorts = 0> <OutPorts = 1> <Sync> <CReg>
ST_4 : Operation 2176 [1/1] ( I:0.67ns O:0.67ns )   --->   "%store_ln110 = store i32 %add_ln110_81, i4 %XW_block_81_addr" [src/integrated-gcn/gemm_stage.cpp:110]   --->   Operation 2176 'store' 'store_ln110' <Predicate = true> <Delay = 0.67> <CoreInst = "RAM">   --->   Core 82 'RAM' <Latency = 1> <II = 1> <Delay = 0.67> <Storage> <Opcode : 'load' 'store'> <Ports = 2> <Width = 32> <Depth = 16> <RAM>
ST_4 : Operation 2177 [1/2] (0.64ns) (root node of the DSP)   --->   "%add_ln110_82 = add i32 %XW_block_82_load, i32 %mul_ln110_82" [src/integrated-gcn/gemm_stage.cpp:110]   --->   Operation 2177 'add' 'add_ln110_82' <Predicate = true> <Delay = 0.64> <CoreInst = "DSP48">   --->   Core 124 'DSP48' <Latency = 3> <II = 1> <Delay = 0.53> <IPBlock> <Opcode : 'add' 'sub' 'mul' 'select'> <InPorts = 0> <OutPorts = 1> <Sync> <CReg>
ST_4 : Operation 2178 [1/1] ( I:0.67ns O:0.67ns )   --->   "%store_ln110 = store i32 %add_ln110_82, i4 %XW_block_82_addr" [src/integrated-gcn/gemm_stage.cpp:110]   --->   Operation 2178 'store' 'store_ln110' <Predicate = true> <Delay = 0.67> <CoreInst = "RAM">   --->   Core 82 'RAM' <Latency = 1> <II = 1> <Delay = 0.67> <Storage> <Opcode : 'load' 'store'> <Ports = 2> <Width = 32> <Depth = 16> <RAM>
ST_4 : Operation 2179 [1/2] (0.64ns) (root node of the DSP)   --->   "%add_ln110_83 = add i32 %XW_block_83_load, i32 %mul_ln110_83" [src/integrated-gcn/gemm_stage.cpp:110]   --->   Operation 2179 'add' 'add_ln110_83' <Predicate = true> <Delay = 0.64> <CoreInst = "DSP48">   --->   Core 124 'DSP48' <Latency = 3> <II = 1> <Delay = 0.53> <IPBlock> <Opcode : 'add' 'sub' 'mul' 'select'> <InPorts = 0> <OutPorts = 1> <Sync> <CReg>
ST_4 : Operation 2180 [1/1] ( I:0.67ns O:0.67ns )   --->   "%store_ln110 = store i32 %add_ln110_83, i4 %XW_block_83_addr" [src/integrated-gcn/gemm_stage.cpp:110]   --->   Operation 2180 'store' 'store_ln110' <Predicate = true> <Delay = 0.67> <CoreInst = "RAM">   --->   Core 82 'RAM' <Latency = 1> <II = 1> <Delay = 0.67> <Storage> <Opcode : 'load' 'store'> <Ports = 2> <Width = 32> <Depth = 16> <RAM>
ST_4 : Operation 2181 [1/2] (0.64ns) (root node of the DSP)   --->   "%add_ln110_84 = add i32 %XW_block_84_load, i32 %mul_ln110_84" [src/integrated-gcn/gemm_stage.cpp:110]   --->   Operation 2181 'add' 'add_ln110_84' <Predicate = true> <Delay = 0.64> <CoreInst = "DSP48">   --->   Core 124 'DSP48' <Latency = 3> <II = 1> <Delay = 0.53> <IPBlock> <Opcode : 'add' 'sub' 'mul' 'select'> <InPorts = 0> <OutPorts = 1> <Sync> <CReg>
ST_4 : Operation 2182 [1/1] ( I:0.67ns O:0.67ns )   --->   "%store_ln110 = store i32 %add_ln110_84, i4 %XW_block_84_addr" [src/integrated-gcn/gemm_stage.cpp:110]   --->   Operation 2182 'store' 'store_ln110' <Predicate = true> <Delay = 0.67> <CoreInst = "RAM">   --->   Core 82 'RAM' <Latency = 1> <II = 1> <Delay = 0.67> <Storage> <Opcode : 'load' 'store'> <Ports = 2> <Width = 32> <Depth = 16> <RAM>
ST_4 : Operation 2183 [1/2] (0.64ns) (root node of the DSP)   --->   "%add_ln110_85 = add i32 %XW_block_85_load, i32 %mul_ln110_85" [src/integrated-gcn/gemm_stage.cpp:110]   --->   Operation 2183 'add' 'add_ln110_85' <Predicate = true> <Delay = 0.64> <CoreInst = "DSP48">   --->   Core 124 'DSP48' <Latency = 3> <II = 1> <Delay = 0.53> <IPBlock> <Opcode : 'add' 'sub' 'mul' 'select'> <InPorts = 0> <OutPorts = 1> <Sync> <CReg>
ST_4 : Operation 2184 [1/1] ( I:0.67ns O:0.67ns )   --->   "%store_ln110 = store i32 %add_ln110_85, i4 %XW_block_85_addr" [src/integrated-gcn/gemm_stage.cpp:110]   --->   Operation 2184 'store' 'store_ln110' <Predicate = true> <Delay = 0.67> <CoreInst = "RAM">   --->   Core 82 'RAM' <Latency = 1> <II = 1> <Delay = 0.67> <Storage> <Opcode : 'load' 'store'> <Ports = 2> <Width = 32> <Depth = 16> <RAM>
ST_4 : Operation 2185 [1/2] (0.64ns) (root node of the DSP)   --->   "%add_ln110_86 = add i32 %XW_block_86_load, i32 %mul_ln110_86" [src/integrated-gcn/gemm_stage.cpp:110]   --->   Operation 2185 'add' 'add_ln110_86' <Predicate = true> <Delay = 0.64> <CoreInst = "DSP48">   --->   Core 124 'DSP48' <Latency = 3> <II = 1> <Delay = 0.53> <IPBlock> <Opcode : 'add' 'sub' 'mul' 'select'> <InPorts = 0> <OutPorts = 1> <Sync> <CReg>
ST_4 : Operation 2186 [1/1] ( I:0.67ns O:0.67ns )   --->   "%store_ln110 = store i32 %add_ln110_86, i4 %XW_block_86_addr" [src/integrated-gcn/gemm_stage.cpp:110]   --->   Operation 2186 'store' 'store_ln110' <Predicate = true> <Delay = 0.67> <CoreInst = "RAM">   --->   Core 82 'RAM' <Latency = 1> <II = 1> <Delay = 0.67> <Storage> <Opcode : 'load' 'store'> <Ports = 2> <Width = 32> <Depth = 16> <RAM>
ST_4 : Operation 2187 [1/2] (0.64ns) (root node of the DSP)   --->   "%add_ln110_87 = add i32 %XW_block_87_load, i32 %mul_ln110_87" [src/integrated-gcn/gemm_stage.cpp:110]   --->   Operation 2187 'add' 'add_ln110_87' <Predicate = true> <Delay = 0.64> <CoreInst = "DSP48">   --->   Core 124 'DSP48' <Latency = 3> <II = 1> <Delay = 0.53> <IPBlock> <Opcode : 'add' 'sub' 'mul' 'select'> <InPorts = 0> <OutPorts = 1> <Sync> <CReg>
ST_4 : Operation 2188 [1/1] ( I:0.67ns O:0.67ns )   --->   "%store_ln110 = store i32 %add_ln110_87, i4 %XW_block_87_addr" [src/integrated-gcn/gemm_stage.cpp:110]   --->   Operation 2188 'store' 'store_ln110' <Predicate = true> <Delay = 0.67> <CoreInst = "RAM">   --->   Core 82 'RAM' <Latency = 1> <II = 1> <Delay = 0.67> <Storage> <Opcode : 'load' 'store'> <Ports = 2> <Width = 32> <Depth = 16> <RAM>
ST_4 : Operation 2189 [1/2] (0.64ns) (root node of the DSP)   --->   "%add_ln110_88 = add i32 %XW_block_88_load, i32 %mul_ln110_88" [src/integrated-gcn/gemm_stage.cpp:110]   --->   Operation 2189 'add' 'add_ln110_88' <Predicate = true> <Delay = 0.64> <CoreInst = "DSP48">   --->   Core 124 'DSP48' <Latency = 3> <II = 1> <Delay = 0.53> <IPBlock> <Opcode : 'add' 'sub' 'mul' 'select'> <InPorts = 0> <OutPorts = 1> <Sync> <CReg>
ST_4 : Operation 2190 [1/1] ( I:0.67ns O:0.67ns )   --->   "%store_ln110 = store i32 %add_ln110_88, i4 %XW_block_88_addr" [src/integrated-gcn/gemm_stage.cpp:110]   --->   Operation 2190 'store' 'store_ln110' <Predicate = true> <Delay = 0.67> <CoreInst = "RAM">   --->   Core 82 'RAM' <Latency = 1> <II = 1> <Delay = 0.67> <Storage> <Opcode : 'load' 'store'> <Ports = 2> <Width = 32> <Depth = 16> <RAM>
ST_4 : Operation 2191 [1/2] (0.64ns) (root node of the DSP)   --->   "%add_ln110_89 = add i32 %XW_block_89_load, i32 %mul_ln110_89" [src/integrated-gcn/gemm_stage.cpp:110]   --->   Operation 2191 'add' 'add_ln110_89' <Predicate = true> <Delay = 0.64> <CoreInst = "DSP48">   --->   Core 124 'DSP48' <Latency = 3> <II = 1> <Delay = 0.53> <IPBlock> <Opcode : 'add' 'sub' 'mul' 'select'> <InPorts = 0> <OutPorts = 1> <Sync> <CReg>
ST_4 : Operation 2192 [1/1] ( I:0.67ns O:0.67ns )   --->   "%store_ln110 = store i32 %add_ln110_89, i4 %XW_block_89_addr" [src/integrated-gcn/gemm_stage.cpp:110]   --->   Operation 2192 'store' 'store_ln110' <Predicate = true> <Delay = 0.67> <CoreInst = "RAM">   --->   Core 82 'RAM' <Latency = 1> <II = 1> <Delay = 0.67> <Storage> <Opcode : 'load' 'store'> <Ports = 2> <Width = 32> <Depth = 16> <RAM>
ST_4 : Operation 2193 [1/2] (0.64ns) (root node of the DSP)   --->   "%add_ln110_90 = add i32 %XW_block_90_load, i32 %mul_ln110_90" [src/integrated-gcn/gemm_stage.cpp:110]   --->   Operation 2193 'add' 'add_ln110_90' <Predicate = true> <Delay = 0.64> <CoreInst = "DSP48">   --->   Core 124 'DSP48' <Latency = 3> <II = 1> <Delay = 0.53> <IPBlock> <Opcode : 'add' 'sub' 'mul' 'select'> <InPorts = 0> <OutPorts = 1> <Sync> <CReg>
ST_4 : Operation 2194 [1/1] ( I:0.67ns O:0.67ns )   --->   "%store_ln110 = store i32 %add_ln110_90, i4 %XW_block_90_addr" [src/integrated-gcn/gemm_stage.cpp:110]   --->   Operation 2194 'store' 'store_ln110' <Predicate = true> <Delay = 0.67> <CoreInst = "RAM">   --->   Core 82 'RAM' <Latency = 1> <II = 1> <Delay = 0.67> <Storage> <Opcode : 'load' 'store'> <Ports = 2> <Width = 32> <Depth = 16> <RAM>
ST_4 : Operation 2195 [1/2] (0.64ns) (root node of the DSP)   --->   "%add_ln110_91 = add i32 %XW_block_91_load, i32 %mul_ln110_91" [src/integrated-gcn/gemm_stage.cpp:110]   --->   Operation 2195 'add' 'add_ln110_91' <Predicate = true> <Delay = 0.64> <CoreInst = "DSP48">   --->   Core 124 'DSP48' <Latency = 3> <II = 1> <Delay = 0.53> <IPBlock> <Opcode : 'add' 'sub' 'mul' 'select'> <InPorts = 0> <OutPorts = 1> <Sync> <CReg>
ST_4 : Operation 2196 [1/1] ( I:0.67ns O:0.67ns )   --->   "%store_ln110 = store i32 %add_ln110_91, i4 %XW_block_91_addr" [src/integrated-gcn/gemm_stage.cpp:110]   --->   Operation 2196 'store' 'store_ln110' <Predicate = true> <Delay = 0.67> <CoreInst = "RAM">   --->   Core 82 'RAM' <Latency = 1> <II = 1> <Delay = 0.67> <Storage> <Opcode : 'load' 'store'> <Ports = 2> <Width = 32> <Depth = 16> <RAM>
ST_4 : Operation 2197 [1/2] (0.64ns) (root node of the DSP)   --->   "%add_ln110_92 = add i32 %XW_block_92_load, i32 %mul_ln110_92" [src/integrated-gcn/gemm_stage.cpp:110]   --->   Operation 2197 'add' 'add_ln110_92' <Predicate = true> <Delay = 0.64> <CoreInst = "DSP48">   --->   Core 124 'DSP48' <Latency = 3> <II = 1> <Delay = 0.53> <IPBlock> <Opcode : 'add' 'sub' 'mul' 'select'> <InPorts = 0> <OutPorts = 1> <Sync> <CReg>
ST_4 : Operation 2198 [1/1] ( I:0.67ns O:0.67ns )   --->   "%store_ln110 = store i32 %add_ln110_92, i4 %XW_block_92_addr" [src/integrated-gcn/gemm_stage.cpp:110]   --->   Operation 2198 'store' 'store_ln110' <Predicate = true> <Delay = 0.67> <CoreInst = "RAM">   --->   Core 82 'RAM' <Latency = 1> <II = 1> <Delay = 0.67> <Storage> <Opcode : 'load' 'store'> <Ports = 2> <Width = 32> <Depth = 16> <RAM>
ST_4 : Operation 2199 [1/2] (0.64ns) (root node of the DSP)   --->   "%add_ln110_93 = add i32 %XW_block_93_load, i32 %mul_ln110_93" [src/integrated-gcn/gemm_stage.cpp:110]   --->   Operation 2199 'add' 'add_ln110_93' <Predicate = true> <Delay = 0.64> <CoreInst = "DSP48">   --->   Core 124 'DSP48' <Latency = 3> <II = 1> <Delay = 0.53> <IPBlock> <Opcode : 'add' 'sub' 'mul' 'select'> <InPorts = 0> <OutPorts = 1> <Sync> <CReg>
ST_4 : Operation 2200 [1/1] ( I:0.67ns O:0.67ns )   --->   "%store_ln110 = store i32 %add_ln110_93, i4 %XW_block_93_addr" [src/integrated-gcn/gemm_stage.cpp:110]   --->   Operation 2200 'store' 'store_ln110' <Predicate = true> <Delay = 0.67> <CoreInst = "RAM">   --->   Core 82 'RAM' <Latency = 1> <II = 1> <Delay = 0.67> <Storage> <Opcode : 'load' 'store'> <Ports = 2> <Width = 32> <Depth = 16> <RAM>
ST_4 : Operation 2201 [1/2] (0.64ns) (root node of the DSP)   --->   "%add_ln110_94 = add i32 %XW_block_94_load, i32 %mul_ln110_94" [src/integrated-gcn/gemm_stage.cpp:110]   --->   Operation 2201 'add' 'add_ln110_94' <Predicate = true> <Delay = 0.64> <CoreInst = "DSP48">   --->   Core 124 'DSP48' <Latency = 3> <II = 1> <Delay = 0.53> <IPBlock> <Opcode : 'add' 'sub' 'mul' 'select'> <InPorts = 0> <OutPorts = 1> <Sync> <CReg>
ST_4 : Operation 2202 [1/1] ( I:0.67ns O:0.67ns )   --->   "%store_ln110 = store i32 %add_ln110_94, i4 %XW_block_94_addr" [src/integrated-gcn/gemm_stage.cpp:110]   --->   Operation 2202 'store' 'store_ln110' <Predicate = true> <Delay = 0.67> <CoreInst = "RAM">   --->   Core 82 'RAM' <Latency = 1> <II = 1> <Delay = 0.67> <Storage> <Opcode : 'load' 'store'> <Ports = 2> <Width = 32> <Depth = 16> <RAM>
ST_4 : Operation 2203 [1/2] (0.64ns) (root node of the DSP)   --->   "%add_ln110_95 = add i32 %XW_block_95_load, i32 %mul_ln110_95" [src/integrated-gcn/gemm_stage.cpp:110]   --->   Operation 2203 'add' 'add_ln110_95' <Predicate = true> <Delay = 0.64> <CoreInst = "DSP48">   --->   Core 124 'DSP48' <Latency = 3> <II = 1> <Delay = 0.53> <IPBlock> <Opcode : 'add' 'sub' 'mul' 'select'> <InPorts = 0> <OutPorts = 1> <Sync> <CReg>
ST_4 : Operation 2204 [1/1] ( I:0.67ns O:0.67ns )   --->   "%store_ln110 = store i32 %add_ln110_95, i4 %XW_block_95_addr" [src/integrated-gcn/gemm_stage.cpp:110]   --->   Operation 2204 'store' 'store_ln110' <Predicate = true> <Delay = 0.67> <CoreInst = "RAM">   --->   Core 82 'RAM' <Latency = 1> <II = 1> <Delay = 0.67> <Storage> <Opcode : 'load' 'store'> <Ports = 2> <Width = 32> <Depth = 16> <RAM>
ST_4 : Operation 2205 [1/2] (0.64ns) (root node of the DSP)   --->   "%add_ln110_96 = add i32 %XW_block_96_load, i32 %mul_ln110_96" [src/integrated-gcn/gemm_stage.cpp:110]   --->   Operation 2205 'add' 'add_ln110_96' <Predicate = true> <Delay = 0.64> <CoreInst = "DSP48">   --->   Core 124 'DSP48' <Latency = 3> <II = 1> <Delay = 0.53> <IPBlock> <Opcode : 'add' 'sub' 'mul' 'select'> <InPorts = 0> <OutPorts = 1> <Sync> <CReg>
ST_4 : Operation 2206 [1/1] ( I:0.67ns O:0.67ns )   --->   "%store_ln110 = store i32 %add_ln110_96, i4 %XW_block_96_addr" [src/integrated-gcn/gemm_stage.cpp:110]   --->   Operation 2206 'store' 'store_ln110' <Predicate = true> <Delay = 0.67> <CoreInst = "RAM">   --->   Core 82 'RAM' <Latency = 1> <II = 1> <Delay = 0.67> <Storage> <Opcode : 'load' 'store'> <Ports = 2> <Width = 32> <Depth = 16> <RAM>
ST_4 : Operation 2207 [1/2] (0.64ns) (root node of the DSP)   --->   "%add_ln110_97 = add i32 %XW_block_97_load, i32 %mul_ln110_97" [src/integrated-gcn/gemm_stage.cpp:110]   --->   Operation 2207 'add' 'add_ln110_97' <Predicate = true> <Delay = 0.64> <CoreInst = "DSP48">   --->   Core 124 'DSP48' <Latency = 3> <II = 1> <Delay = 0.53> <IPBlock> <Opcode : 'add' 'sub' 'mul' 'select'> <InPorts = 0> <OutPorts = 1> <Sync> <CReg>
ST_4 : Operation 2208 [1/1] ( I:0.67ns O:0.67ns )   --->   "%store_ln110 = store i32 %add_ln110_97, i4 %XW_block_97_addr" [src/integrated-gcn/gemm_stage.cpp:110]   --->   Operation 2208 'store' 'store_ln110' <Predicate = true> <Delay = 0.67> <CoreInst = "RAM">   --->   Core 82 'RAM' <Latency = 1> <II = 1> <Delay = 0.67> <Storage> <Opcode : 'load' 'store'> <Ports = 2> <Width = 32> <Depth = 16> <RAM>
ST_4 : Operation 2209 [1/2] (0.64ns) (root node of the DSP)   --->   "%add_ln110_98 = add i32 %XW_block_98_load, i32 %mul_ln110_98" [src/integrated-gcn/gemm_stage.cpp:110]   --->   Operation 2209 'add' 'add_ln110_98' <Predicate = true> <Delay = 0.64> <CoreInst = "DSP48">   --->   Core 124 'DSP48' <Latency = 3> <II = 1> <Delay = 0.53> <IPBlock> <Opcode : 'add' 'sub' 'mul' 'select'> <InPorts = 0> <OutPorts = 1> <Sync> <CReg>
ST_4 : Operation 2210 [1/1] ( I:0.67ns O:0.67ns )   --->   "%store_ln110 = store i32 %add_ln110_98, i4 %XW_block_98_addr" [src/integrated-gcn/gemm_stage.cpp:110]   --->   Operation 2210 'store' 'store_ln110' <Predicate = true> <Delay = 0.67> <CoreInst = "RAM">   --->   Core 82 'RAM' <Latency = 1> <II = 1> <Delay = 0.67> <Storage> <Opcode : 'load' 'store'> <Ports = 2> <Width = 32> <Depth = 16> <RAM>
ST_4 : Operation 2211 [1/2] (0.64ns) (root node of the DSP)   --->   "%add_ln110_99 = add i32 %XW_block_99_load, i32 %mul_ln110_99" [src/integrated-gcn/gemm_stage.cpp:110]   --->   Operation 2211 'add' 'add_ln110_99' <Predicate = true> <Delay = 0.64> <CoreInst = "DSP48">   --->   Core 124 'DSP48' <Latency = 3> <II = 1> <Delay = 0.53> <IPBlock> <Opcode : 'add' 'sub' 'mul' 'select'> <InPorts = 0> <OutPorts = 1> <Sync> <CReg>
ST_4 : Operation 2212 [1/1] ( I:0.67ns O:0.67ns )   --->   "%store_ln110 = store i32 %add_ln110_99, i4 %XW_block_99_addr" [src/integrated-gcn/gemm_stage.cpp:110]   --->   Operation 2212 'store' 'store_ln110' <Predicate = true> <Delay = 0.67> <CoreInst = "RAM">   --->   Core 82 'RAM' <Latency = 1> <II = 1> <Delay = 0.67> <Storage> <Opcode : 'load' 'store'> <Ports = 2> <Width = 32> <Depth = 16> <RAM>
ST_4 : Operation 2213 [1/2] (0.64ns) (root node of the DSP)   --->   "%add_ln110_100 = add i32 %XW_block_100_load, i32 %mul_ln110_100" [src/integrated-gcn/gemm_stage.cpp:110]   --->   Operation 2213 'add' 'add_ln110_100' <Predicate = true> <Delay = 0.64> <CoreInst = "DSP48">   --->   Core 124 'DSP48' <Latency = 3> <II = 1> <Delay = 0.53> <IPBlock> <Opcode : 'add' 'sub' 'mul' 'select'> <InPorts = 0> <OutPorts = 1> <Sync> <CReg>
ST_4 : Operation 2214 [1/1] ( I:0.67ns O:0.67ns )   --->   "%store_ln110 = store i32 %add_ln110_100, i4 %XW_block_100_addr" [src/integrated-gcn/gemm_stage.cpp:110]   --->   Operation 2214 'store' 'store_ln110' <Predicate = true> <Delay = 0.67> <CoreInst = "RAM">   --->   Core 82 'RAM' <Latency = 1> <II = 1> <Delay = 0.67> <Storage> <Opcode : 'load' 'store'> <Ports = 2> <Width = 32> <Depth = 16> <RAM>
ST_4 : Operation 2215 [1/2] (0.64ns) (root node of the DSP)   --->   "%add_ln110_101 = add i32 %XW_block_101_load, i32 %mul_ln110_101" [src/integrated-gcn/gemm_stage.cpp:110]   --->   Operation 2215 'add' 'add_ln110_101' <Predicate = true> <Delay = 0.64> <CoreInst = "DSP48">   --->   Core 124 'DSP48' <Latency = 3> <II = 1> <Delay = 0.53> <IPBlock> <Opcode : 'add' 'sub' 'mul' 'select'> <InPorts = 0> <OutPorts = 1> <Sync> <CReg>
ST_4 : Operation 2216 [1/1] ( I:0.67ns O:0.67ns )   --->   "%store_ln110 = store i32 %add_ln110_101, i4 %XW_block_101_addr" [src/integrated-gcn/gemm_stage.cpp:110]   --->   Operation 2216 'store' 'store_ln110' <Predicate = true> <Delay = 0.67> <CoreInst = "RAM">   --->   Core 82 'RAM' <Latency = 1> <II = 1> <Delay = 0.67> <Storage> <Opcode : 'load' 'store'> <Ports = 2> <Width = 32> <Depth = 16> <RAM>
ST_4 : Operation 2217 [1/2] (0.64ns) (root node of the DSP)   --->   "%add_ln110_102 = add i32 %XW_block_102_load, i32 %mul_ln110_102" [src/integrated-gcn/gemm_stage.cpp:110]   --->   Operation 2217 'add' 'add_ln110_102' <Predicate = true> <Delay = 0.64> <CoreInst = "DSP48">   --->   Core 124 'DSP48' <Latency = 3> <II = 1> <Delay = 0.53> <IPBlock> <Opcode : 'add' 'sub' 'mul' 'select'> <InPorts = 0> <OutPorts = 1> <Sync> <CReg>
ST_4 : Operation 2218 [1/1] ( I:0.67ns O:0.67ns )   --->   "%store_ln110 = store i32 %add_ln110_102, i4 %XW_block_102_addr" [src/integrated-gcn/gemm_stage.cpp:110]   --->   Operation 2218 'store' 'store_ln110' <Predicate = true> <Delay = 0.67> <CoreInst = "RAM">   --->   Core 82 'RAM' <Latency = 1> <II = 1> <Delay = 0.67> <Storage> <Opcode : 'load' 'store'> <Ports = 2> <Width = 32> <Depth = 16> <RAM>
ST_4 : Operation 2219 [1/2] (0.64ns) (root node of the DSP)   --->   "%add_ln110_103 = add i32 %XW_block_103_load, i32 %mul_ln110_103" [src/integrated-gcn/gemm_stage.cpp:110]   --->   Operation 2219 'add' 'add_ln110_103' <Predicate = true> <Delay = 0.64> <CoreInst = "DSP48">   --->   Core 124 'DSP48' <Latency = 3> <II = 1> <Delay = 0.53> <IPBlock> <Opcode : 'add' 'sub' 'mul' 'select'> <InPorts = 0> <OutPorts = 1> <Sync> <CReg>
ST_4 : Operation 2220 [1/1] ( I:0.67ns O:0.67ns )   --->   "%store_ln110 = store i32 %add_ln110_103, i4 %XW_block_103_addr" [src/integrated-gcn/gemm_stage.cpp:110]   --->   Operation 2220 'store' 'store_ln110' <Predicate = true> <Delay = 0.67> <CoreInst = "RAM">   --->   Core 82 'RAM' <Latency = 1> <II = 1> <Delay = 0.67> <Storage> <Opcode : 'load' 'store'> <Ports = 2> <Width = 32> <Depth = 16> <RAM>
ST_4 : Operation 2221 [1/2] (0.64ns) (root node of the DSP)   --->   "%add_ln110_104 = add i32 %XW_block_104_load, i32 %mul_ln110_104" [src/integrated-gcn/gemm_stage.cpp:110]   --->   Operation 2221 'add' 'add_ln110_104' <Predicate = true> <Delay = 0.64> <CoreInst = "DSP48">   --->   Core 124 'DSP48' <Latency = 3> <II = 1> <Delay = 0.53> <IPBlock> <Opcode : 'add' 'sub' 'mul' 'select'> <InPorts = 0> <OutPorts = 1> <Sync> <CReg>
ST_4 : Operation 2222 [1/1] ( I:0.67ns O:0.67ns )   --->   "%store_ln110 = store i32 %add_ln110_104, i4 %XW_block_104_addr" [src/integrated-gcn/gemm_stage.cpp:110]   --->   Operation 2222 'store' 'store_ln110' <Predicate = true> <Delay = 0.67> <CoreInst = "RAM">   --->   Core 82 'RAM' <Latency = 1> <II = 1> <Delay = 0.67> <Storage> <Opcode : 'load' 'store'> <Ports = 2> <Width = 32> <Depth = 16> <RAM>
ST_4 : Operation 2223 [1/2] (0.64ns) (root node of the DSP)   --->   "%add_ln110_105 = add i32 %XW_block_105_load, i32 %mul_ln110_105" [src/integrated-gcn/gemm_stage.cpp:110]   --->   Operation 2223 'add' 'add_ln110_105' <Predicate = true> <Delay = 0.64> <CoreInst = "DSP48">   --->   Core 124 'DSP48' <Latency = 3> <II = 1> <Delay = 0.53> <IPBlock> <Opcode : 'add' 'sub' 'mul' 'select'> <InPorts = 0> <OutPorts = 1> <Sync> <CReg>
ST_4 : Operation 2224 [1/1] ( I:0.67ns O:0.67ns )   --->   "%store_ln110 = store i32 %add_ln110_105, i4 %XW_block_105_addr" [src/integrated-gcn/gemm_stage.cpp:110]   --->   Operation 2224 'store' 'store_ln110' <Predicate = true> <Delay = 0.67> <CoreInst = "RAM">   --->   Core 82 'RAM' <Latency = 1> <II = 1> <Delay = 0.67> <Storage> <Opcode : 'load' 'store'> <Ports = 2> <Width = 32> <Depth = 16> <RAM>
ST_4 : Operation 2225 [1/2] (0.64ns) (root node of the DSP)   --->   "%add_ln110_106 = add i32 %XW_block_106_load, i32 %mul_ln110_106" [src/integrated-gcn/gemm_stage.cpp:110]   --->   Operation 2225 'add' 'add_ln110_106' <Predicate = true> <Delay = 0.64> <CoreInst = "DSP48">   --->   Core 124 'DSP48' <Latency = 3> <II = 1> <Delay = 0.53> <IPBlock> <Opcode : 'add' 'sub' 'mul' 'select'> <InPorts = 0> <OutPorts = 1> <Sync> <CReg>
ST_4 : Operation 2226 [1/1] ( I:0.67ns O:0.67ns )   --->   "%store_ln110 = store i32 %add_ln110_106, i4 %XW_block_106_addr" [src/integrated-gcn/gemm_stage.cpp:110]   --->   Operation 2226 'store' 'store_ln110' <Predicate = true> <Delay = 0.67> <CoreInst = "RAM">   --->   Core 82 'RAM' <Latency = 1> <II = 1> <Delay = 0.67> <Storage> <Opcode : 'load' 'store'> <Ports = 2> <Width = 32> <Depth = 16> <RAM>
ST_4 : Operation 2227 [1/2] (0.64ns) (root node of the DSP)   --->   "%add_ln110_107 = add i32 %XW_block_107_load, i32 %mul_ln110_107" [src/integrated-gcn/gemm_stage.cpp:110]   --->   Operation 2227 'add' 'add_ln110_107' <Predicate = true> <Delay = 0.64> <CoreInst = "DSP48">   --->   Core 124 'DSP48' <Latency = 3> <II = 1> <Delay = 0.53> <IPBlock> <Opcode : 'add' 'sub' 'mul' 'select'> <InPorts = 0> <OutPorts = 1> <Sync> <CReg>
ST_4 : Operation 2228 [1/1] ( I:0.67ns O:0.67ns )   --->   "%store_ln110 = store i32 %add_ln110_107, i4 %XW_block_107_addr" [src/integrated-gcn/gemm_stage.cpp:110]   --->   Operation 2228 'store' 'store_ln110' <Predicate = true> <Delay = 0.67> <CoreInst = "RAM">   --->   Core 82 'RAM' <Latency = 1> <II = 1> <Delay = 0.67> <Storage> <Opcode : 'load' 'store'> <Ports = 2> <Width = 32> <Depth = 16> <RAM>
ST_4 : Operation 2229 [1/2] (0.64ns) (root node of the DSP)   --->   "%add_ln110_108 = add i32 %XW_block_108_load, i32 %mul_ln110_108" [src/integrated-gcn/gemm_stage.cpp:110]   --->   Operation 2229 'add' 'add_ln110_108' <Predicate = true> <Delay = 0.64> <CoreInst = "DSP48">   --->   Core 124 'DSP48' <Latency = 3> <II = 1> <Delay = 0.53> <IPBlock> <Opcode : 'add' 'sub' 'mul' 'select'> <InPorts = 0> <OutPorts = 1> <Sync> <CReg>
ST_4 : Operation 2230 [1/1] ( I:0.67ns O:0.67ns )   --->   "%store_ln110 = store i32 %add_ln110_108, i4 %XW_block_108_addr" [src/integrated-gcn/gemm_stage.cpp:110]   --->   Operation 2230 'store' 'store_ln110' <Predicate = true> <Delay = 0.67> <CoreInst = "RAM">   --->   Core 82 'RAM' <Latency = 1> <II = 1> <Delay = 0.67> <Storage> <Opcode : 'load' 'store'> <Ports = 2> <Width = 32> <Depth = 16> <RAM>
ST_4 : Operation 2231 [1/2] (0.64ns) (root node of the DSP)   --->   "%add_ln110_109 = add i32 %XW_block_109_load, i32 %mul_ln110_109" [src/integrated-gcn/gemm_stage.cpp:110]   --->   Operation 2231 'add' 'add_ln110_109' <Predicate = true> <Delay = 0.64> <CoreInst = "DSP48">   --->   Core 124 'DSP48' <Latency = 3> <II = 1> <Delay = 0.53> <IPBlock> <Opcode : 'add' 'sub' 'mul' 'select'> <InPorts = 0> <OutPorts = 1> <Sync> <CReg>
ST_4 : Operation 2232 [1/1] ( I:0.67ns O:0.67ns )   --->   "%store_ln110 = store i32 %add_ln110_109, i4 %XW_block_109_addr" [src/integrated-gcn/gemm_stage.cpp:110]   --->   Operation 2232 'store' 'store_ln110' <Predicate = true> <Delay = 0.67> <CoreInst = "RAM">   --->   Core 82 'RAM' <Latency = 1> <II = 1> <Delay = 0.67> <Storage> <Opcode : 'load' 'store'> <Ports = 2> <Width = 32> <Depth = 16> <RAM>
ST_4 : Operation 2233 [1/2] (0.64ns) (root node of the DSP)   --->   "%add_ln110_110 = add i32 %XW_block_110_load, i32 %mul_ln110_110" [src/integrated-gcn/gemm_stage.cpp:110]   --->   Operation 2233 'add' 'add_ln110_110' <Predicate = true> <Delay = 0.64> <CoreInst = "DSP48">   --->   Core 124 'DSP48' <Latency = 3> <II = 1> <Delay = 0.53> <IPBlock> <Opcode : 'add' 'sub' 'mul' 'select'> <InPorts = 0> <OutPorts = 1> <Sync> <CReg>
ST_4 : Operation 2234 [1/1] ( I:0.67ns O:0.67ns )   --->   "%store_ln110 = store i32 %add_ln110_110, i4 %XW_block_110_addr" [src/integrated-gcn/gemm_stage.cpp:110]   --->   Operation 2234 'store' 'store_ln110' <Predicate = true> <Delay = 0.67> <CoreInst = "RAM">   --->   Core 82 'RAM' <Latency = 1> <II = 1> <Delay = 0.67> <Storage> <Opcode : 'load' 'store'> <Ports = 2> <Width = 32> <Depth = 16> <RAM>
ST_4 : Operation 2235 [1/2] (0.64ns) (root node of the DSP)   --->   "%add_ln110_111 = add i32 %XW_block_111_load, i32 %mul_ln110_111" [src/integrated-gcn/gemm_stage.cpp:110]   --->   Operation 2235 'add' 'add_ln110_111' <Predicate = true> <Delay = 0.64> <CoreInst = "DSP48">   --->   Core 124 'DSP48' <Latency = 3> <II = 1> <Delay = 0.53> <IPBlock> <Opcode : 'add' 'sub' 'mul' 'select'> <InPorts = 0> <OutPorts = 1> <Sync> <CReg>
ST_4 : Operation 2236 [1/1] ( I:0.67ns O:0.67ns )   --->   "%store_ln110 = store i32 %add_ln110_111, i4 %XW_block_111_addr" [src/integrated-gcn/gemm_stage.cpp:110]   --->   Operation 2236 'store' 'store_ln110' <Predicate = true> <Delay = 0.67> <CoreInst = "RAM">   --->   Core 82 'RAM' <Latency = 1> <II = 1> <Delay = 0.67> <Storage> <Opcode : 'load' 'store'> <Ports = 2> <Width = 32> <Depth = 16> <RAM>
ST_4 : Operation 2237 [1/2] (0.64ns) (root node of the DSP)   --->   "%add_ln110_112 = add i32 %XW_block_112_load, i32 %mul_ln110_112" [src/integrated-gcn/gemm_stage.cpp:110]   --->   Operation 2237 'add' 'add_ln110_112' <Predicate = true> <Delay = 0.64> <CoreInst = "DSP48">   --->   Core 124 'DSP48' <Latency = 3> <II = 1> <Delay = 0.53> <IPBlock> <Opcode : 'add' 'sub' 'mul' 'select'> <InPorts = 0> <OutPorts = 1> <Sync> <CReg>
ST_4 : Operation 2238 [1/1] ( I:0.67ns O:0.67ns )   --->   "%store_ln110 = store i32 %add_ln110_112, i4 %XW_block_112_addr" [src/integrated-gcn/gemm_stage.cpp:110]   --->   Operation 2238 'store' 'store_ln110' <Predicate = true> <Delay = 0.67> <CoreInst = "RAM">   --->   Core 82 'RAM' <Latency = 1> <II = 1> <Delay = 0.67> <Storage> <Opcode : 'load' 'store'> <Ports = 2> <Width = 32> <Depth = 16> <RAM>
ST_4 : Operation 2239 [1/2] (0.64ns) (root node of the DSP)   --->   "%add_ln110_113 = add i32 %XW_block_113_load, i32 %mul_ln110_113" [src/integrated-gcn/gemm_stage.cpp:110]   --->   Operation 2239 'add' 'add_ln110_113' <Predicate = true> <Delay = 0.64> <CoreInst = "DSP48">   --->   Core 124 'DSP48' <Latency = 3> <II = 1> <Delay = 0.53> <IPBlock> <Opcode : 'add' 'sub' 'mul' 'select'> <InPorts = 0> <OutPorts = 1> <Sync> <CReg>
ST_4 : Operation 2240 [1/1] ( I:0.67ns O:0.67ns )   --->   "%store_ln110 = store i32 %add_ln110_113, i4 %XW_block_113_addr" [src/integrated-gcn/gemm_stage.cpp:110]   --->   Operation 2240 'store' 'store_ln110' <Predicate = true> <Delay = 0.67> <CoreInst = "RAM">   --->   Core 82 'RAM' <Latency = 1> <II = 1> <Delay = 0.67> <Storage> <Opcode : 'load' 'store'> <Ports = 2> <Width = 32> <Depth = 16> <RAM>
ST_4 : Operation 2241 [1/2] (0.64ns) (root node of the DSP)   --->   "%add_ln110_114 = add i32 %XW_block_114_load, i32 %mul_ln110_114" [src/integrated-gcn/gemm_stage.cpp:110]   --->   Operation 2241 'add' 'add_ln110_114' <Predicate = true> <Delay = 0.64> <CoreInst = "DSP48">   --->   Core 124 'DSP48' <Latency = 3> <II = 1> <Delay = 0.53> <IPBlock> <Opcode : 'add' 'sub' 'mul' 'select'> <InPorts = 0> <OutPorts = 1> <Sync> <CReg>
ST_4 : Operation 2242 [1/1] ( I:0.67ns O:0.67ns )   --->   "%store_ln110 = store i32 %add_ln110_114, i4 %XW_block_114_addr" [src/integrated-gcn/gemm_stage.cpp:110]   --->   Operation 2242 'store' 'store_ln110' <Predicate = true> <Delay = 0.67> <CoreInst = "RAM">   --->   Core 82 'RAM' <Latency = 1> <II = 1> <Delay = 0.67> <Storage> <Opcode : 'load' 'store'> <Ports = 2> <Width = 32> <Depth = 16> <RAM>
ST_4 : Operation 2243 [1/2] (0.64ns) (root node of the DSP)   --->   "%add_ln110_115 = add i32 %XW_block_115_load, i32 %mul_ln110_115" [src/integrated-gcn/gemm_stage.cpp:110]   --->   Operation 2243 'add' 'add_ln110_115' <Predicate = true> <Delay = 0.64> <CoreInst = "DSP48">   --->   Core 124 'DSP48' <Latency = 3> <II = 1> <Delay = 0.53> <IPBlock> <Opcode : 'add' 'sub' 'mul' 'select'> <InPorts = 0> <OutPorts = 1> <Sync> <CReg>
ST_4 : Operation 2244 [1/1] ( I:0.67ns O:0.67ns )   --->   "%store_ln110 = store i32 %add_ln110_115, i4 %XW_block_115_addr" [src/integrated-gcn/gemm_stage.cpp:110]   --->   Operation 2244 'store' 'store_ln110' <Predicate = true> <Delay = 0.67> <CoreInst = "RAM">   --->   Core 82 'RAM' <Latency = 1> <II = 1> <Delay = 0.67> <Storage> <Opcode : 'load' 'store'> <Ports = 2> <Width = 32> <Depth = 16> <RAM>
ST_4 : Operation 2245 [1/2] (0.64ns) (root node of the DSP)   --->   "%add_ln110_116 = add i32 %XW_block_116_load, i32 %mul_ln110_116" [src/integrated-gcn/gemm_stage.cpp:110]   --->   Operation 2245 'add' 'add_ln110_116' <Predicate = true> <Delay = 0.64> <CoreInst = "DSP48">   --->   Core 124 'DSP48' <Latency = 3> <II = 1> <Delay = 0.53> <IPBlock> <Opcode : 'add' 'sub' 'mul' 'select'> <InPorts = 0> <OutPorts = 1> <Sync> <CReg>
ST_4 : Operation 2246 [1/1] ( I:0.67ns O:0.67ns )   --->   "%store_ln110 = store i32 %add_ln110_116, i4 %XW_block_116_addr" [src/integrated-gcn/gemm_stage.cpp:110]   --->   Operation 2246 'store' 'store_ln110' <Predicate = true> <Delay = 0.67> <CoreInst = "RAM">   --->   Core 82 'RAM' <Latency = 1> <II = 1> <Delay = 0.67> <Storage> <Opcode : 'load' 'store'> <Ports = 2> <Width = 32> <Depth = 16> <RAM>
ST_4 : Operation 2247 [1/2] (0.64ns) (root node of the DSP)   --->   "%add_ln110_117 = add i32 %XW_block_117_load, i32 %mul_ln110_117" [src/integrated-gcn/gemm_stage.cpp:110]   --->   Operation 2247 'add' 'add_ln110_117' <Predicate = true> <Delay = 0.64> <CoreInst = "DSP48">   --->   Core 124 'DSP48' <Latency = 3> <II = 1> <Delay = 0.53> <IPBlock> <Opcode : 'add' 'sub' 'mul' 'select'> <InPorts = 0> <OutPorts = 1> <Sync> <CReg>
ST_4 : Operation 2248 [1/1] ( I:0.67ns O:0.67ns )   --->   "%store_ln110 = store i32 %add_ln110_117, i4 %XW_block_117_addr" [src/integrated-gcn/gemm_stage.cpp:110]   --->   Operation 2248 'store' 'store_ln110' <Predicate = true> <Delay = 0.67> <CoreInst = "RAM">   --->   Core 82 'RAM' <Latency = 1> <II = 1> <Delay = 0.67> <Storage> <Opcode : 'load' 'store'> <Ports = 2> <Width = 32> <Depth = 16> <RAM>
ST_4 : Operation 2249 [1/2] (0.64ns) (root node of the DSP)   --->   "%add_ln110_118 = add i32 %XW_block_118_load, i32 %mul_ln110_118" [src/integrated-gcn/gemm_stage.cpp:110]   --->   Operation 2249 'add' 'add_ln110_118' <Predicate = true> <Delay = 0.64> <CoreInst = "DSP48">   --->   Core 124 'DSP48' <Latency = 3> <II = 1> <Delay = 0.53> <IPBlock> <Opcode : 'add' 'sub' 'mul' 'select'> <InPorts = 0> <OutPorts = 1> <Sync> <CReg>
ST_4 : Operation 2250 [1/1] ( I:0.67ns O:0.67ns )   --->   "%store_ln110 = store i32 %add_ln110_118, i4 %XW_block_118_addr" [src/integrated-gcn/gemm_stage.cpp:110]   --->   Operation 2250 'store' 'store_ln110' <Predicate = true> <Delay = 0.67> <CoreInst = "RAM">   --->   Core 82 'RAM' <Latency = 1> <II = 1> <Delay = 0.67> <Storage> <Opcode : 'load' 'store'> <Ports = 2> <Width = 32> <Depth = 16> <RAM>
ST_4 : Operation 2251 [1/2] (0.64ns) (root node of the DSP)   --->   "%add_ln110_119 = add i32 %XW_block_119_load, i32 %mul_ln110_119" [src/integrated-gcn/gemm_stage.cpp:110]   --->   Operation 2251 'add' 'add_ln110_119' <Predicate = true> <Delay = 0.64> <CoreInst = "DSP48">   --->   Core 124 'DSP48' <Latency = 3> <II = 1> <Delay = 0.53> <IPBlock> <Opcode : 'add' 'sub' 'mul' 'select'> <InPorts = 0> <OutPorts = 1> <Sync> <CReg>
ST_4 : Operation 2252 [1/1] ( I:0.67ns O:0.67ns )   --->   "%store_ln110 = store i32 %add_ln110_119, i4 %XW_block_119_addr" [src/integrated-gcn/gemm_stage.cpp:110]   --->   Operation 2252 'store' 'store_ln110' <Predicate = true> <Delay = 0.67> <CoreInst = "RAM">   --->   Core 82 'RAM' <Latency = 1> <II = 1> <Delay = 0.67> <Storage> <Opcode : 'load' 'store'> <Ports = 2> <Width = 32> <Depth = 16> <RAM>
ST_4 : Operation 2253 [1/2] (0.64ns) (root node of the DSP)   --->   "%add_ln110_120 = add i32 %XW_block_120_load, i32 %mul_ln110_120" [src/integrated-gcn/gemm_stage.cpp:110]   --->   Operation 2253 'add' 'add_ln110_120' <Predicate = true> <Delay = 0.64> <CoreInst = "DSP48">   --->   Core 124 'DSP48' <Latency = 3> <II = 1> <Delay = 0.53> <IPBlock> <Opcode : 'add' 'sub' 'mul' 'select'> <InPorts = 0> <OutPorts = 1> <Sync> <CReg>
ST_4 : Operation 2254 [1/1] ( I:0.67ns O:0.67ns )   --->   "%store_ln110 = store i32 %add_ln110_120, i4 %XW_block_120_addr" [src/integrated-gcn/gemm_stage.cpp:110]   --->   Operation 2254 'store' 'store_ln110' <Predicate = true> <Delay = 0.67> <CoreInst = "RAM">   --->   Core 82 'RAM' <Latency = 1> <II = 1> <Delay = 0.67> <Storage> <Opcode : 'load' 'store'> <Ports = 2> <Width = 32> <Depth = 16> <RAM>
ST_4 : Operation 2255 [1/2] (0.64ns) (root node of the DSP)   --->   "%add_ln110_121 = add i32 %XW_block_121_load, i32 %mul_ln110_121" [src/integrated-gcn/gemm_stage.cpp:110]   --->   Operation 2255 'add' 'add_ln110_121' <Predicate = true> <Delay = 0.64> <CoreInst = "DSP48">   --->   Core 124 'DSP48' <Latency = 3> <II = 1> <Delay = 0.53> <IPBlock> <Opcode : 'add' 'sub' 'mul' 'select'> <InPorts = 0> <OutPorts = 1> <Sync> <CReg>
ST_4 : Operation 2256 [1/1] ( I:0.67ns O:0.67ns )   --->   "%store_ln110 = store i32 %add_ln110_121, i4 %XW_block_121_addr" [src/integrated-gcn/gemm_stage.cpp:110]   --->   Operation 2256 'store' 'store_ln110' <Predicate = true> <Delay = 0.67> <CoreInst = "RAM">   --->   Core 82 'RAM' <Latency = 1> <II = 1> <Delay = 0.67> <Storage> <Opcode : 'load' 'store'> <Ports = 2> <Width = 32> <Depth = 16> <RAM>
ST_4 : Operation 2257 [1/2] (0.64ns) (root node of the DSP)   --->   "%add_ln110_122 = add i32 %XW_block_122_load, i32 %mul_ln110_122" [src/integrated-gcn/gemm_stage.cpp:110]   --->   Operation 2257 'add' 'add_ln110_122' <Predicate = true> <Delay = 0.64> <CoreInst = "DSP48">   --->   Core 124 'DSP48' <Latency = 3> <II = 1> <Delay = 0.53> <IPBlock> <Opcode : 'add' 'sub' 'mul' 'select'> <InPorts = 0> <OutPorts = 1> <Sync> <CReg>
ST_4 : Operation 2258 [1/1] ( I:0.67ns O:0.67ns )   --->   "%store_ln110 = store i32 %add_ln110_122, i4 %XW_block_122_addr" [src/integrated-gcn/gemm_stage.cpp:110]   --->   Operation 2258 'store' 'store_ln110' <Predicate = true> <Delay = 0.67> <CoreInst = "RAM">   --->   Core 82 'RAM' <Latency = 1> <II = 1> <Delay = 0.67> <Storage> <Opcode : 'load' 'store'> <Ports = 2> <Width = 32> <Depth = 16> <RAM>
ST_4 : Operation 2259 [1/2] (0.64ns) (root node of the DSP)   --->   "%add_ln110_123 = add i32 %XW_block_123_load, i32 %mul_ln110_123" [src/integrated-gcn/gemm_stage.cpp:110]   --->   Operation 2259 'add' 'add_ln110_123' <Predicate = true> <Delay = 0.64> <CoreInst = "DSP48">   --->   Core 124 'DSP48' <Latency = 3> <II = 1> <Delay = 0.53> <IPBlock> <Opcode : 'add' 'sub' 'mul' 'select'> <InPorts = 0> <OutPorts = 1> <Sync> <CReg>
ST_4 : Operation 2260 [1/1] ( I:0.67ns O:0.67ns )   --->   "%store_ln110 = store i32 %add_ln110_123, i4 %XW_block_123_addr" [src/integrated-gcn/gemm_stage.cpp:110]   --->   Operation 2260 'store' 'store_ln110' <Predicate = true> <Delay = 0.67> <CoreInst = "RAM">   --->   Core 82 'RAM' <Latency = 1> <II = 1> <Delay = 0.67> <Storage> <Opcode : 'load' 'store'> <Ports = 2> <Width = 32> <Depth = 16> <RAM>
ST_4 : Operation 2261 [1/2] (0.64ns) (root node of the DSP)   --->   "%add_ln110_124 = add i32 %XW_block_124_load, i32 %mul_ln110_124" [src/integrated-gcn/gemm_stage.cpp:110]   --->   Operation 2261 'add' 'add_ln110_124' <Predicate = true> <Delay = 0.64> <CoreInst = "DSP48">   --->   Core 124 'DSP48' <Latency = 3> <II = 1> <Delay = 0.53> <IPBlock> <Opcode : 'add' 'sub' 'mul' 'select'> <InPorts = 0> <OutPorts = 1> <Sync> <CReg>
ST_4 : Operation 2262 [1/1] ( I:0.67ns O:0.67ns )   --->   "%store_ln110 = store i32 %add_ln110_124, i4 %XW_block_124_addr" [src/integrated-gcn/gemm_stage.cpp:110]   --->   Operation 2262 'store' 'store_ln110' <Predicate = true> <Delay = 0.67> <CoreInst = "RAM">   --->   Core 82 'RAM' <Latency = 1> <II = 1> <Delay = 0.67> <Storage> <Opcode : 'load' 'store'> <Ports = 2> <Width = 32> <Depth = 16> <RAM>
ST_4 : Operation 2263 [1/2] (0.64ns) (root node of the DSP)   --->   "%add_ln110_125 = add i32 %XW_block_125_load, i32 %mul_ln110_125" [src/integrated-gcn/gemm_stage.cpp:110]   --->   Operation 2263 'add' 'add_ln110_125' <Predicate = true> <Delay = 0.64> <CoreInst = "DSP48">   --->   Core 124 'DSP48' <Latency = 3> <II = 1> <Delay = 0.53> <IPBlock> <Opcode : 'add' 'sub' 'mul' 'select'> <InPorts = 0> <OutPorts = 1> <Sync> <CReg>
ST_4 : Operation 2264 [1/1] ( I:0.67ns O:0.67ns )   --->   "%store_ln110 = store i32 %add_ln110_125, i4 %XW_block_125_addr" [src/integrated-gcn/gemm_stage.cpp:110]   --->   Operation 2264 'store' 'store_ln110' <Predicate = true> <Delay = 0.67> <CoreInst = "RAM">   --->   Core 82 'RAM' <Latency = 1> <II = 1> <Delay = 0.67> <Storage> <Opcode : 'load' 'store'> <Ports = 2> <Width = 32> <Depth = 16> <RAM>
ST_4 : Operation 2265 [1/2] (0.64ns) (root node of the DSP)   --->   "%add_ln110_126 = add i32 %XW_block_126_load, i32 %mul_ln110_126" [src/integrated-gcn/gemm_stage.cpp:110]   --->   Operation 2265 'add' 'add_ln110_126' <Predicate = true> <Delay = 0.64> <CoreInst = "DSP48">   --->   Core 124 'DSP48' <Latency = 3> <II = 1> <Delay = 0.53> <IPBlock> <Opcode : 'add' 'sub' 'mul' 'select'> <InPorts = 0> <OutPorts = 1> <Sync> <CReg>
ST_4 : Operation 2266 [1/1] ( I:0.67ns O:0.67ns )   --->   "%store_ln110 = store i32 %add_ln110_126, i4 %XW_block_126_addr" [src/integrated-gcn/gemm_stage.cpp:110]   --->   Operation 2266 'store' 'store_ln110' <Predicate = true> <Delay = 0.67> <CoreInst = "RAM">   --->   Core 82 'RAM' <Latency = 1> <II = 1> <Delay = 0.67> <Storage> <Opcode : 'load' 'store'> <Ports = 2> <Width = 32> <Depth = 16> <RAM>
ST_4 : Operation 2267 [1/2] (0.64ns) (root node of the DSP)   --->   "%add_ln110_127 = add i32 %XW_block_127_load, i32 %mul_ln110_127" [src/integrated-gcn/gemm_stage.cpp:110]   --->   Operation 2267 'add' 'add_ln110_127' <Predicate = true> <Delay = 0.64> <CoreInst = "DSP48">   --->   Core 124 'DSP48' <Latency = 3> <II = 1> <Delay = 0.53> <IPBlock> <Opcode : 'add' 'sub' 'mul' 'select'> <InPorts = 0> <OutPorts = 1> <Sync> <CReg>
ST_4 : Operation 2268 [1/1] ( I:0.67ns O:0.67ns )   --->   "%store_ln110 = store i32 %add_ln110_127, i4 %XW_block_127_addr" [src/integrated-gcn/gemm_stage.cpp:110]   --->   Operation 2268 'store' 'store_ln110' <Predicate = true> <Delay = 0.67> <CoreInst = "RAM">   --->   Core 82 'RAM' <Latency = 1> <II = 1> <Delay = 0.67> <Storage> <Opcode : 'load' 'store'> <Ports = 2> <Width = 32> <Depth = 16> <RAM>
ST_4 : Operation 2269 [1/2] (0.64ns) (root node of the DSP)   --->   "%add_ln110_128 = add i32 %XW_block_128_load, i32 %mul_ln110_128" [src/integrated-gcn/gemm_stage.cpp:110]   --->   Operation 2269 'add' 'add_ln110_128' <Predicate = true> <Delay = 0.64> <CoreInst = "DSP48">   --->   Core 124 'DSP48' <Latency = 3> <II = 1> <Delay = 0.53> <IPBlock> <Opcode : 'add' 'sub' 'mul' 'select'> <InPorts = 0> <OutPorts = 1> <Sync> <CReg>
ST_4 : Operation 2270 [1/1] ( I:0.67ns O:0.67ns )   --->   "%store_ln110 = store i32 %add_ln110_128, i4 %XW_block_128_addr" [src/integrated-gcn/gemm_stage.cpp:110]   --->   Operation 2270 'store' 'store_ln110' <Predicate = true> <Delay = 0.67> <CoreInst = "RAM">   --->   Core 82 'RAM' <Latency = 1> <II = 1> <Delay = 0.67> <Storage> <Opcode : 'load' 'store'> <Ports = 2> <Width = 32> <Depth = 16> <RAM>
ST_4 : Operation 2271 [1/2] (0.64ns) (root node of the DSP)   --->   "%add_ln110_129 = add i32 %XW_block_129_load, i32 %mul_ln110_129" [src/integrated-gcn/gemm_stage.cpp:110]   --->   Operation 2271 'add' 'add_ln110_129' <Predicate = true> <Delay = 0.64> <CoreInst = "DSP48">   --->   Core 124 'DSP48' <Latency = 3> <II = 1> <Delay = 0.53> <IPBlock> <Opcode : 'add' 'sub' 'mul' 'select'> <InPorts = 0> <OutPorts = 1> <Sync> <CReg>
ST_4 : Operation 2272 [1/1] ( I:0.67ns O:0.67ns )   --->   "%store_ln110 = store i32 %add_ln110_129, i4 %XW_block_129_addr" [src/integrated-gcn/gemm_stage.cpp:110]   --->   Operation 2272 'store' 'store_ln110' <Predicate = true> <Delay = 0.67> <CoreInst = "RAM">   --->   Core 82 'RAM' <Latency = 1> <II = 1> <Delay = 0.67> <Storage> <Opcode : 'load' 'store'> <Ports = 2> <Width = 32> <Depth = 16> <RAM>
ST_4 : Operation 2273 [1/2] (0.64ns) (root node of the DSP)   --->   "%add_ln110_130 = add i32 %XW_block_130_load, i32 %mul_ln110_130" [src/integrated-gcn/gemm_stage.cpp:110]   --->   Operation 2273 'add' 'add_ln110_130' <Predicate = true> <Delay = 0.64> <CoreInst = "DSP48">   --->   Core 124 'DSP48' <Latency = 3> <II = 1> <Delay = 0.53> <IPBlock> <Opcode : 'add' 'sub' 'mul' 'select'> <InPorts = 0> <OutPorts = 1> <Sync> <CReg>
ST_4 : Operation 2274 [1/1] ( I:0.67ns O:0.67ns )   --->   "%store_ln110 = store i32 %add_ln110_130, i4 %XW_block_130_addr" [src/integrated-gcn/gemm_stage.cpp:110]   --->   Operation 2274 'store' 'store_ln110' <Predicate = true> <Delay = 0.67> <CoreInst = "RAM">   --->   Core 82 'RAM' <Latency = 1> <II = 1> <Delay = 0.67> <Storage> <Opcode : 'load' 'store'> <Ports = 2> <Width = 32> <Depth = 16> <RAM>
ST_4 : Operation 2275 [1/2] (0.64ns) (root node of the DSP)   --->   "%add_ln110_131 = add i32 %XW_block_131_load, i32 %mul_ln110_131" [src/integrated-gcn/gemm_stage.cpp:110]   --->   Operation 2275 'add' 'add_ln110_131' <Predicate = true> <Delay = 0.64> <CoreInst = "DSP48">   --->   Core 124 'DSP48' <Latency = 3> <II = 1> <Delay = 0.53> <IPBlock> <Opcode : 'add' 'sub' 'mul' 'select'> <InPorts = 0> <OutPorts = 1> <Sync> <CReg>
ST_4 : Operation 2276 [1/1] ( I:0.67ns O:0.67ns )   --->   "%store_ln110 = store i32 %add_ln110_131, i4 %XW_block_131_addr" [src/integrated-gcn/gemm_stage.cpp:110]   --->   Operation 2276 'store' 'store_ln110' <Predicate = true> <Delay = 0.67> <CoreInst = "RAM">   --->   Core 82 'RAM' <Latency = 1> <II = 1> <Delay = 0.67> <Storage> <Opcode : 'load' 'store'> <Ports = 2> <Width = 32> <Depth = 16> <RAM>
ST_4 : Operation 2277 [1/2] (0.64ns) (root node of the DSP)   --->   "%add_ln110_132 = add i32 %XW_block_132_load, i32 %mul_ln110_132" [src/integrated-gcn/gemm_stage.cpp:110]   --->   Operation 2277 'add' 'add_ln110_132' <Predicate = true> <Delay = 0.64> <CoreInst = "DSP48">   --->   Core 124 'DSP48' <Latency = 3> <II = 1> <Delay = 0.53> <IPBlock> <Opcode : 'add' 'sub' 'mul' 'select'> <InPorts = 0> <OutPorts = 1> <Sync> <CReg>
ST_4 : Operation 2278 [1/1] ( I:0.67ns O:0.67ns )   --->   "%store_ln110 = store i32 %add_ln110_132, i4 %XW_block_132_addr" [src/integrated-gcn/gemm_stage.cpp:110]   --->   Operation 2278 'store' 'store_ln110' <Predicate = true> <Delay = 0.67> <CoreInst = "RAM">   --->   Core 82 'RAM' <Latency = 1> <II = 1> <Delay = 0.67> <Storage> <Opcode : 'load' 'store'> <Ports = 2> <Width = 32> <Depth = 16> <RAM>
ST_4 : Operation 2279 [1/2] (0.64ns) (root node of the DSP)   --->   "%add_ln110_133 = add i32 %XW_block_133_load, i32 %mul_ln110_133" [src/integrated-gcn/gemm_stage.cpp:110]   --->   Operation 2279 'add' 'add_ln110_133' <Predicate = true> <Delay = 0.64> <CoreInst = "DSP48">   --->   Core 124 'DSP48' <Latency = 3> <II = 1> <Delay = 0.53> <IPBlock> <Opcode : 'add' 'sub' 'mul' 'select'> <InPorts = 0> <OutPorts = 1> <Sync> <CReg>
ST_4 : Operation 2280 [1/1] ( I:0.67ns O:0.67ns )   --->   "%store_ln110 = store i32 %add_ln110_133, i4 %XW_block_133_addr" [src/integrated-gcn/gemm_stage.cpp:110]   --->   Operation 2280 'store' 'store_ln110' <Predicate = true> <Delay = 0.67> <CoreInst = "RAM">   --->   Core 82 'RAM' <Latency = 1> <II = 1> <Delay = 0.67> <Storage> <Opcode : 'load' 'store'> <Ports = 2> <Width = 32> <Depth = 16> <RAM>
ST_4 : Operation 2281 [1/2] (0.64ns) (root node of the DSP)   --->   "%add_ln110_134 = add i32 %XW_block_134_load, i32 %mul_ln110_134" [src/integrated-gcn/gemm_stage.cpp:110]   --->   Operation 2281 'add' 'add_ln110_134' <Predicate = true> <Delay = 0.64> <CoreInst = "DSP48">   --->   Core 124 'DSP48' <Latency = 3> <II = 1> <Delay = 0.53> <IPBlock> <Opcode : 'add' 'sub' 'mul' 'select'> <InPorts = 0> <OutPorts = 1> <Sync> <CReg>
ST_4 : Operation 2282 [1/1] ( I:0.67ns O:0.67ns )   --->   "%store_ln110 = store i32 %add_ln110_134, i4 %XW_block_134_addr" [src/integrated-gcn/gemm_stage.cpp:110]   --->   Operation 2282 'store' 'store_ln110' <Predicate = true> <Delay = 0.67> <CoreInst = "RAM">   --->   Core 82 'RAM' <Latency = 1> <II = 1> <Delay = 0.67> <Storage> <Opcode : 'load' 'store'> <Ports = 2> <Width = 32> <Depth = 16> <RAM>
ST_4 : Operation 2283 [1/2] (0.64ns) (root node of the DSP)   --->   "%add_ln110_135 = add i32 %XW_block_135_load, i32 %mul_ln110_135" [src/integrated-gcn/gemm_stage.cpp:110]   --->   Operation 2283 'add' 'add_ln110_135' <Predicate = true> <Delay = 0.64> <CoreInst = "DSP48">   --->   Core 124 'DSP48' <Latency = 3> <II = 1> <Delay = 0.53> <IPBlock> <Opcode : 'add' 'sub' 'mul' 'select'> <InPorts = 0> <OutPorts = 1> <Sync> <CReg>
ST_4 : Operation 2284 [1/1] ( I:0.67ns O:0.67ns )   --->   "%store_ln110 = store i32 %add_ln110_135, i4 %XW_block_135_addr" [src/integrated-gcn/gemm_stage.cpp:110]   --->   Operation 2284 'store' 'store_ln110' <Predicate = true> <Delay = 0.67> <CoreInst = "RAM">   --->   Core 82 'RAM' <Latency = 1> <II = 1> <Delay = 0.67> <Storage> <Opcode : 'load' 'store'> <Ports = 2> <Width = 32> <Depth = 16> <RAM>
ST_4 : Operation 2285 [1/2] (0.64ns) (root node of the DSP)   --->   "%add_ln110_136 = add i32 %XW_block_136_load, i32 %mul_ln110_136" [src/integrated-gcn/gemm_stage.cpp:110]   --->   Operation 2285 'add' 'add_ln110_136' <Predicate = true> <Delay = 0.64> <CoreInst = "DSP48">   --->   Core 124 'DSP48' <Latency = 3> <II = 1> <Delay = 0.53> <IPBlock> <Opcode : 'add' 'sub' 'mul' 'select'> <InPorts = 0> <OutPorts = 1> <Sync> <CReg>
ST_4 : Operation 2286 [1/1] ( I:0.67ns O:0.67ns )   --->   "%store_ln110 = store i32 %add_ln110_136, i4 %XW_block_136_addr" [src/integrated-gcn/gemm_stage.cpp:110]   --->   Operation 2286 'store' 'store_ln110' <Predicate = true> <Delay = 0.67> <CoreInst = "RAM">   --->   Core 82 'RAM' <Latency = 1> <II = 1> <Delay = 0.67> <Storage> <Opcode : 'load' 'store'> <Ports = 2> <Width = 32> <Depth = 16> <RAM>
ST_4 : Operation 2287 [1/2] (0.64ns) (root node of the DSP)   --->   "%add_ln110_137 = add i32 %XW_block_137_load, i32 %mul_ln110_137" [src/integrated-gcn/gemm_stage.cpp:110]   --->   Operation 2287 'add' 'add_ln110_137' <Predicate = true> <Delay = 0.64> <CoreInst = "DSP48">   --->   Core 124 'DSP48' <Latency = 3> <II = 1> <Delay = 0.53> <IPBlock> <Opcode : 'add' 'sub' 'mul' 'select'> <InPorts = 0> <OutPorts = 1> <Sync> <CReg>
ST_4 : Operation 2288 [1/1] ( I:0.67ns O:0.67ns )   --->   "%store_ln110 = store i32 %add_ln110_137, i4 %XW_block_137_addr" [src/integrated-gcn/gemm_stage.cpp:110]   --->   Operation 2288 'store' 'store_ln110' <Predicate = true> <Delay = 0.67> <CoreInst = "RAM">   --->   Core 82 'RAM' <Latency = 1> <II = 1> <Delay = 0.67> <Storage> <Opcode : 'load' 'store'> <Ports = 2> <Width = 32> <Depth = 16> <RAM>
ST_4 : Operation 2289 [1/2] (0.64ns) (root node of the DSP)   --->   "%add_ln110_138 = add i32 %XW_block_138_load, i32 %mul_ln110_138" [src/integrated-gcn/gemm_stage.cpp:110]   --->   Operation 2289 'add' 'add_ln110_138' <Predicate = true> <Delay = 0.64> <CoreInst = "DSP48">   --->   Core 124 'DSP48' <Latency = 3> <II = 1> <Delay = 0.53> <IPBlock> <Opcode : 'add' 'sub' 'mul' 'select'> <InPorts = 0> <OutPorts = 1> <Sync> <CReg>
ST_4 : Operation 2290 [1/1] ( I:0.67ns O:0.67ns )   --->   "%store_ln110 = store i32 %add_ln110_138, i4 %XW_block_138_addr" [src/integrated-gcn/gemm_stage.cpp:110]   --->   Operation 2290 'store' 'store_ln110' <Predicate = true> <Delay = 0.67> <CoreInst = "RAM">   --->   Core 82 'RAM' <Latency = 1> <II = 1> <Delay = 0.67> <Storage> <Opcode : 'load' 'store'> <Ports = 2> <Width = 32> <Depth = 16> <RAM>
ST_4 : Operation 2291 [1/2] (0.64ns) (root node of the DSP)   --->   "%add_ln110_139 = add i32 %XW_block_139_load, i32 %mul_ln110_139" [src/integrated-gcn/gemm_stage.cpp:110]   --->   Operation 2291 'add' 'add_ln110_139' <Predicate = true> <Delay = 0.64> <CoreInst = "DSP48">   --->   Core 124 'DSP48' <Latency = 3> <II = 1> <Delay = 0.53> <IPBlock> <Opcode : 'add' 'sub' 'mul' 'select'> <InPorts = 0> <OutPorts = 1> <Sync> <CReg>
ST_4 : Operation 2292 [1/1] ( I:0.67ns O:0.67ns )   --->   "%store_ln110 = store i32 %add_ln110_139, i4 %XW_block_139_addr" [src/integrated-gcn/gemm_stage.cpp:110]   --->   Operation 2292 'store' 'store_ln110' <Predicate = true> <Delay = 0.67> <CoreInst = "RAM">   --->   Core 82 'RAM' <Latency = 1> <II = 1> <Delay = 0.67> <Storage> <Opcode : 'load' 'store'> <Ports = 2> <Width = 32> <Depth = 16> <RAM>
ST_4 : Operation 2293 [1/2] (0.64ns) (root node of the DSP)   --->   "%add_ln110_140 = add i32 %XW_block_140_load, i32 %mul_ln110_140" [src/integrated-gcn/gemm_stage.cpp:110]   --->   Operation 2293 'add' 'add_ln110_140' <Predicate = true> <Delay = 0.64> <CoreInst = "DSP48">   --->   Core 124 'DSP48' <Latency = 3> <II = 1> <Delay = 0.53> <IPBlock> <Opcode : 'add' 'sub' 'mul' 'select'> <InPorts = 0> <OutPorts = 1> <Sync> <CReg>
ST_4 : Operation 2294 [1/1] ( I:0.67ns O:0.67ns )   --->   "%store_ln110 = store i32 %add_ln110_140, i4 %XW_block_140_addr" [src/integrated-gcn/gemm_stage.cpp:110]   --->   Operation 2294 'store' 'store_ln110' <Predicate = true> <Delay = 0.67> <CoreInst = "RAM">   --->   Core 82 'RAM' <Latency = 1> <II = 1> <Delay = 0.67> <Storage> <Opcode : 'load' 'store'> <Ports = 2> <Width = 32> <Depth = 16> <RAM>
ST_4 : Operation 2295 [1/2] (0.64ns) (root node of the DSP)   --->   "%add_ln110_141 = add i32 %XW_block_141_load, i32 %mul_ln110_141" [src/integrated-gcn/gemm_stage.cpp:110]   --->   Operation 2295 'add' 'add_ln110_141' <Predicate = true> <Delay = 0.64> <CoreInst = "DSP48">   --->   Core 124 'DSP48' <Latency = 3> <II = 1> <Delay = 0.53> <IPBlock> <Opcode : 'add' 'sub' 'mul' 'select'> <InPorts = 0> <OutPorts = 1> <Sync> <CReg>
ST_4 : Operation 2296 [1/1] ( I:0.67ns O:0.67ns )   --->   "%store_ln110 = store i32 %add_ln110_141, i4 %XW_block_141_addr" [src/integrated-gcn/gemm_stage.cpp:110]   --->   Operation 2296 'store' 'store_ln110' <Predicate = true> <Delay = 0.67> <CoreInst = "RAM">   --->   Core 82 'RAM' <Latency = 1> <II = 1> <Delay = 0.67> <Storage> <Opcode : 'load' 'store'> <Ports = 2> <Width = 32> <Depth = 16> <RAM>
ST_4 : Operation 2297 [1/2] (0.64ns) (root node of the DSP)   --->   "%add_ln110_142 = add i32 %XW_block_142_load, i32 %mul_ln110_142" [src/integrated-gcn/gemm_stage.cpp:110]   --->   Operation 2297 'add' 'add_ln110_142' <Predicate = true> <Delay = 0.64> <CoreInst = "DSP48">   --->   Core 124 'DSP48' <Latency = 3> <II = 1> <Delay = 0.53> <IPBlock> <Opcode : 'add' 'sub' 'mul' 'select'> <InPorts = 0> <OutPorts = 1> <Sync> <CReg>
ST_4 : Operation 2298 [1/1] ( I:0.67ns O:0.67ns )   --->   "%store_ln110 = store i32 %add_ln110_142, i4 %XW_block_142_addr" [src/integrated-gcn/gemm_stage.cpp:110]   --->   Operation 2298 'store' 'store_ln110' <Predicate = true> <Delay = 0.67> <CoreInst = "RAM">   --->   Core 82 'RAM' <Latency = 1> <II = 1> <Delay = 0.67> <Storage> <Opcode : 'load' 'store'> <Ports = 2> <Width = 32> <Depth = 16> <RAM>
ST_4 : Operation 2299 [1/2] (0.64ns) (root node of the DSP)   --->   "%add_ln110_143 = add i32 %XW_block_143_load, i32 %mul_ln110_143" [src/integrated-gcn/gemm_stage.cpp:110]   --->   Operation 2299 'add' 'add_ln110_143' <Predicate = true> <Delay = 0.64> <CoreInst = "DSP48">   --->   Core 124 'DSP48' <Latency = 3> <II = 1> <Delay = 0.53> <IPBlock> <Opcode : 'add' 'sub' 'mul' 'select'> <InPorts = 0> <OutPorts = 1> <Sync> <CReg>
ST_4 : Operation 2300 [1/1] ( I:0.67ns O:0.67ns )   --->   "%store_ln110 = store i32 %add_ln110_143, i4 %XW_block_143_addr" [src/integrated-gcn/gemm_stage.cpp:110]   --->   Operation 2300 'store' 'store_ln110' <Predicate = true> <Delay = 0.67> <CoreInst = "RAM">   --->   Core 82 'RAM' <Latency = 1> <II = 1> <Delay = 0.67> <Storage> <Opcode : 'load' 'store'> <Ports = 2> <Width = 32> <Depth = 16> <RAM>
ST_4 : Operation 2301 [1/2] (0.64ns) (root node of the DSP)   --->   "%add_ln110_144 = add i32 %XW_block_144_load, i32 %mul_ln110_144" [src/integrated-gcn/gemm_stage.cpp:110]   --->   Operation 2301 'add' 'add_ln110_144' <Predicate = true> <Delay = 0.64> <CoreInst = "DSP48">   --->   Core 124 'DSP48' <Latency = 3> <II = 1> <Delay = 0.53> <IPBlock> <Opcode : 'add' 'sub' 'mul' 'select'> <InPorts = 0> <OutPorts = 1> <Sync> <CReg>
ST_4 : Operation 2302 [1/1] ( I:0.67ns O:0.67ns )   --->   "%store_ln110 = store i32 %add_ln110_144, i4 %XW_block_144_addr" [src/integrated-gcn/gemm_stage.cpp:110]   --->   Operation 2302 'store' 'store_ln110' <Predicate = true> <Delay = 0.67> <CoreInst = "RAM">   --->   Core 82 'RAM' <Latency = 1> <II = 1> <Delay = 0.67> <Storage> <Opcode : 'load' 'store'> <Ports = 2> <Width = 32> <Depth = 16> <RAM>
ST_4 : Operation 2303 [1/2] (0.64ns) (root node of the DSP)   --->   "%add_ln110_145 = add i32 %XW_block_145_load, i32 %mul_ln110_145" [src/integrated-gcn/gemm_stage.cpp:110]   --->   Operation 2303 'add' 'add_ln110_145' <Predicate = true> <Delay = 0.64> <CoreInst = "DSP48">   --->   Core 124 'DSP48' <Latency = 3> <II = 1> <Delay = 0.53> <IPBlock> <Opcode : 'add' 'sub' 'mul' 'select'> <InPorts = 0> <OutPorts = 1> <Sync> <CReg>
ST_4 : Operation 2304 [1/1] ( I:0.67ns O:0.67ns )   --->   "%store_ln110 = store i32 %add_ln110_145, i4 %XW_block_145_addr" [src/integrated-gcn/gemm_stage.cpp:110]   --->   Operation 2304 'store' 'store_ln110' <Predicate = true> <Delay = 0.67> <CoreInst = "RAM">   --->   Core 82 'RAM' <Latency = 1> <II = 1> <Delay = 0.67> <Storage> <Opcode : 'load' 'store'> <Ports = 2> <Width = 32> <Depth = 16> <RAM>
ST_4 : Operation 2305 [1/2] (0.64ns) (root node of the DSP)   --->   "%add_ln110_146 = add i32 %XW_block_146_load, i32 %mul_ln110_146" [src/integrated-gcn/gemm_stage.cpp:110]   --->   Operation 2305 'add' 'add_ln110_146' <Predicate = true> <Delay = 0.64> <CoreInst = "DSP48">   --->   Core 124 'DSP48' <Latency = 3> <II = 1> <Delay = 0.53> <IPBlock> <Opcode : 'add' 'sub' 'mul' 'select'> <InPorts = 0> <OutPorts = 1> <Sync> <CReg>
ST_4 : Operation 2306 [1/1] ( I:0.67ns O:0.67ns )   --->   "%store_ln110 = store i32 %add_ln110_146, i4 %XW_block_146_addr" [src/integrated-gcn/gemm_stage.cpp:110]   --->   Operation 2306 'store' 'store_ln110' <Predicate = true> <Delay = 0.67> <CoreInst = "RAM">   --->   Core 82 'RAM' <Latency = 1> <II = 1> <Delay = 0.67> <Storage> <Opcode : 'load' 'store'> <Ports = 2> <Width = 32> <Depth = 16> <RAM>
ST_4 : Operation 2307 [1/2] (0.64ns) (root node of the DSP)   --->   "%add_ln110_147 = add i32 %XW_block_147_load, i32 %mul_ln110_147" [src/integrated-gcn/gemm_stage.cpp:110]   --->   Operation 2307 'add' 'add_ln110_147' <Predicate = true> <Delay = 0.64> <CoreInst = "DSP48">   --->   Core 124 'DSP48' <Latency = 3> <II = 1> <Delay = 0.53> <IPBlock> <Opcode : 'add' 'sub' 'mul' 'select'> <InPorts = 0> <OutPorts = 1> <Sync> <CReg>
ST_4 : Operation 2308 [1/1] ( I:0.67ns O:0.67ns )   --->   "%store_ln110 = store i32 %add_ln110_147, i4 %XW_block_147_addr" [src/integrated-gcn/gemm_stage.cpp:110]   --->   Operation 2308 'store' 'store_ln110' <Predicate = true> <Delay = 0.67> <CoreInst = "RAM">   --->   Core 82 'RAM' <Latency = 1> <II = 1> <Delay = 0.67> <Storage> <Opcode : 'load' 'store'> <Ports = 2> <Width = 32> <Depth = 16> <RAM>
ST_4 : Operation 2309 [1/2] (0.64ns) (root node of the DSP)   --->   "%add_ln110_148 = add i32 %XW_block_148_load, i32 %mul_ln110_148" [src/integrated-gcn/gemm_stage.cpp:110]   --->   Operation 2309 'add' 'add_ln110_148' <Predicate = true> <Delay = 0.64> <CoreInst = "DSP48">   --->   Core 124 'DSP48' <Latency = 3> <II = 1> <Delay = 0.53> <IPBlock> <Opcode : 'add' 'sub' 'mul' 'select'> <InPorts = 0> <OutPorts = 1> <Sync> <CReg>
ST_4 : Operation 2310 [1/1] ( I:0.67ns O:0.67ns )   --->   "%store_ln110 = store i32 %add_ln110_148, i4 %XW_block_148_addr" [src/integrated-gcn/gemm_stage.cpp:110]   --->   Operation 2310 'store' 'store_ln110' <Predicate = true> <Delay = 0.67> <CoreInst = "RAM">   --->   Core 82 'RAM' <Latency = 1> <II = 1> <Delay = 0.67> <Storage> <Opcode : 'load' 'store'> <Ports = 2> <Width = 32> <Depth = 16> <RAM>
ST_4 : Operation 2311 [1/2] (0.64ns) (root node of the DSP)   --->   "%add_ln110_149 = add i32 %XW_block_149_load, i32 %mul_ln110_149" [src/integrated-gcn/gemm_stage.cpp:110]   --->   Operation 2311 'add' 'add_ln110_149' <Predicate = true> <Delay = 0.64> <CoreInst = "DSP48">   --->   Core 124 'DSP48' <Latency = 3> <II = 1> <Delay = 0.53> <IPBlock> <Opcode : 'add' 'sub' 'mul' 'select'> <InPorts = 0> <OutPorts = 1> <Sync> <CReg>
ST_4 : Operation 2312 [1/1] ( I:0.67ns O:0.67ns )   --->   "%store_ln110 = store i32 %add_ln110_149, i4 %XW_block_149_addr" [src/integrated-gcn/gemm_stage.cpp:110]   --->   Operation 2312 'store' 'store_ln110' <Predicate = true> <Delay = 0.67> <CoreInst = "RAM">   --->   Core 82 'RAM' <Latency = 1> <II = 1> <Delay = 0.67> <Storage> <Opcode : 'load' 'store'> <Ports = 2> <Width = 32> <Depth = 16> <RAM>
ST_4 : Operation 2313 [1/2] (0.64ns) (root node of the DSP)   --->   "%add_ln110_150 = add i32 %XW_block_150_load, i32 %mul_ln110_150" [src/integrated-gcn/gemm_stage.cpp:110]   --->   Operation 2313 'add' 'add_ln110_150' <Predicate = true> <Delay = 0.64> <CoreInst = "DSP48">   --->   Core 124 'DSP48' <Latency = 3> <II = 1> <Delay = 0.53> <IPBlock> <Opcode : 'add' 'sub' 'mul' 'select'> <InPorts = 0> <OutPorts = 1> <Sync> <CReg>
ST_4 : Operation 2314 [1/1] ( I:0.67ns O:0.67ns )   --->   "%store_ln110 = store i32 %add_ln110_150, i4 %XW_block_150_addr" [src/integrated-gcn/gemm_stage.cpp:110]   --->   Operation 2314 'store' 'store_ln110' <Predicate = true> <Delay = 0.67> <CoreInst = "RAM">   --->   Core 82 'RAM' <Latency = 1> <II = 1> <Delay = 0.67> <Storage> <Opcode : 'load' 'store'> <Ports = 2> <Width = 32> <Depth = 16> <RAM>
ST_4 : Operation 2315 [1/2] (0.64ns) (root node of the DSP)   --->   "%add_ln110_151 = add i32 %XW_block_151_load, i32 %mul_ln110_151" [src/integrated-gcn/gemm_stage.cpp:110]   --->   Operation 2315 'add' 'add_ln110_151' <Predicate = true> <Delay = 0.64> <CoreInst = "DSP48">   --->   Core 124 'DSP48' <Latency = 3> <II = 1> <Delay = 0.53> <IPBlock> <Opcode : 'add' 'sub' 'mul' 'select'> <InPorts = 0> <OutPorts = 1> <Sync> <CReg>
ST_4 : Operation 2316 [1/1] ( I:0.67ns O:0.67ns )   --->   "%store_ln110 = store i32 %add_ln110_151, i4 %XW_block_151_addr" [src/integrated-gcn/gemm_stage.cpp:110]   --->   Operation 2316 'store' 'store_ln110' <Predicate = true> <Delay = 0.67> <CoreInst = "RAM">   --->   Core 82 'RAM' <Latency = 1> <II = 1> <Delay = 0.67> <Storage> <Opcode : 'load' 'store'> <Ports = 2> <Width = 32> <Depth = 16> <RAM>
ST_4 : Operation 2317 [1/2] (0.64ns) (root node of the DSP)   --->   "%add_ln110_152 = add i32 %XW_block_152_load, i32 %mul_ln110_152" [src/integrated-gcn/gemm_stage.cpp:110]   --->   Operation 2317 'add' 'add_ln110_152' <Predicate = true> <Delay = 0.64> <CoreInst = "DSP48">   --->   Core 124 'DSP48' <Latency = 3> <II = 1> <Delay = 0.53> <IPBlock> <Opcode : 'add' 'sub' 'mul' 'select'> <InPorts = 0> <OutPorts = 1> <Sync> <CReg>
ST_4 : Operation 2318 [1/1] ( I:0.67ns O:0.67ns )   --->   "%store_ln110 = store i32 %add_ln110_152, i4 %XW_block_152_addr" [src/integrated-gcn/gemm_stage.cpp:110]   --->   Operation 2318 'store' 'store_ln110' <Predicate = true> <Delay = 0.67> <CoreInst = "RAM">   --->   Core 82 'RAM' <Latency = 1> <II = 1> <Delay = 0.67> <Storage> <Opcode : 'load' 'store'> <Ports = 2> <Width = 32> <Depth = 16> <RAM>
ST_4 : Operation 2319 [1/2] (0.64ns) (root node of the DSP)   --->   "%add_ln110_153 = add i32 %XW_block_153_load, i32 %mul_ln110_153" [src/integrated-gcn/gemm_stage.cpp:110]   --->   Operation 2319 'add' 'add_ln110_153' <Predicate = true> <Delay = 0.64> <CoreInst = "DSP48">   --->   Core 124 'DSP48' <Latency = 3> <II = 1> <Delay = 0.53> <IPBlock> <Opcode : 'add' 'sub' 'mul' 'select'> <InPorts = 0> <OutPorts = 1> <Sync> <CReg>
ST_4 : Operation 2320 [1/1] ( I:0.67ns O:0.67ns )   --->   "%store_ln110 = store i32 %add_ln110_153, i4 %XW_block_153_addr" [src/integrated-gcn/gemm_stage.cpp:110]   --->   Operation 2320 'store' 'store_ln110' <Predicate = true> <Delay = 0.67> <CoreInst = "RAM">   --->   Core 82 'RAM' <Latency = 1> <II = 1> <Delay = 0.67> <Storage> <Opcode : 'load' 'store'> <Ports = 2> <Width = 32> <Depth = 16> <RAM>
ST_4 : Operation 2321 [1/2] (0.64ns) (root node of the DSP)   --->   "%add_ln110_154 = add i32 %XW_block_154_load, i32 %mul_ln110_154" [src/integrated-gcn/gemm_stage.cpp:110]   --->   Operation 2321 'add' 'add_ln110_154' <Predicate = true> <Delay = 0.64> <CoreInst = "DSP48">   --->   Core 124 'DSP48' <Latency = 3> <II = 1> <Delay = 0.53> <IPBlock> <Opcode : 'add' 'sub' 'mul' 'select'> <InPorts = 0> <OutPorts = 1> <Sync> <CReg>
ST_4 : Operation 2322 [1/1] ( I:0.67ns O:0.67ns )   --->   "%store_ln110 = store i32 %add_ln110_154, i4 %XW_block_154_addr" [src/integrated-gcn/gemm_stage.cpp:110]   --->   Operation 2322 'store' 'store_ln110' <Predicate = true> <Delay = 0.67> <CoreInst = "RAM">   --->   Core 82 'RAM' <Latency = 1> <II = 1> <Delay = 0.67> <Storage> <Opcode : 'load' 'store'> <Ports = 2> <Width = 32> <Depth = 16> <RAM>
ST_4 : Operation 2323 [1/2] (0.64ns) (root node of the DSP)   --->   "%add_ln110_155 = add i32 %XW_block_155_load, i32 %mul_ln110_155" [src/integrated-gcn/gemm_stage.cpp:110]   --->   Operation 2323 'add' 'add_ln110_155' <Predicate = true> <Delay = 0.64> <CoreInst = "DSP48">   --->   Core 124 'DSP48' <Latency = 3> <II = 1> <Delay = 0.53> <IPBlock> <Opcode : 'add' 'sub' 'mul' 'select'> <InPorts = 0> <OutPorts = 1> <Sync> <CReg>
ST_4 : Operation 2324 [1/1] ( I:0.67ns O:0.67ns )   --->   "%store_ln110 = store i32 %add_ln110_155, i4 %XW_block_155_addr" [src/integrated-gcn/gemm_stage.cpp:110]   --->   Operation 2324 'store' 'store_ln110' <Predicate = true> <Delay = 0.67> <CoreInst = "RAM">   --->   Core 82 'RAM' <Latency = 1> <II = 1> <Delay = 0.67> <Storage> <Opcode : 'load' 'store'> <Ports = 2> <Width = 32> <Depth = 16> <RAM>
ST_4 : Operation 2325 [1/2] (0.64ns) (root node of the DSP)   --->   "%add_ln110_156 = add i32 %XW_block_156_load, i32 %mul_ln110_156" [src/integrated-gcn/gemm_stage.cpp:110]   --->   Operation 2325 'add' 'add_ln110_156' <Predicate = true> <Delay = 0.64> <CoreInst = "DSP48">   --->   Core 124 'DSP48' <Latency = 3> <II = 1> <Delay = 0.53> <IPBlock> <Opcode : 'add' 'sub' 'mul' 'select'> <InPorts = 0> <OutPorts = 1> <Sync> <CReg>
ST_4 : Operation 2326 [1/1] ( I:0.67ns O:0.67ns )   --->   "%store_ln110 = store i32 %add_ln110_156, i4 %XW_block_156_addr" [src/integrated-gcn/gemm_stage.cpp:110]   --->   Operation 2326 'store' 'store_ln110' <Predicate = true> <Delay = 0.67> <CoreInst = "RAM">   --->   Core 82 'RAM' <Latency = 1> <II = 1> <Delay = 0.67> <Storage> <Opcode : 'load' 'store'> <Ports = 2> <Width = 32> <Depth = 16> <RAM>
ST_4 : Operation 2327 [1/2] (0.64ns) (root node of the DSP)   --->   "%add_ln110_157 = add i32 %XW_block_157_load, i32 %mul_ln110_157" [src/integrated-gcn/gemm_stage.cpp:110]   --->   Operation 2327 'add' 'add_ln110_157' <Predicate = true> <Delay = 0.64> <CoreInst = "DSP48">   --->   Core 124 'DSP48' <Latency = 3> <II = 1> <Delay = 0.53> <IPBlock> <Opcode : 'add' 'sub' 'mul' 'select'> <InPorts = 0> <OutPorts = 1> <Sync> <CReg>
ST_4 : Operation 2328 [1/1] ( I:0.67ns O:0.67ns )   --->   "%store_ln110 = store i32 %add_ln110_157, i4 %XW_block_157_addr" [src/integrated-gcn/gemm_stage.cpp:110]   --->   Operation 2328 'store' 'store_ln110' <Predicate = true> <Delay = 0.67> <CoreInst = "RAM">   --->   Core 82 'RAM' <Latency = 1> <II = 1> <Delay = 0.67> <Storage> <Opcode : 'load' 'store'> <Ports = 2> <Width = 32> <Depth = 16> <RAM>
ST_4 : Operation 2329 [1/2] (0.64ns) (root node of the DSP)   --->   "%add_ln110_158 = add i32 %XW_block_158_load, i32 %mul_ln110_158" [src/integrated-gcn/gemm_stage.cpp:110]   --->   Operation 2329 'add' 'add_ln110_158' <Predicate = true> <Delay = 0.64> <CoreInst = "DSP48">   --->   Core 124 'DSP48' <Latency = 3> <II = 1> <Delay = 0.53> <IPBlock> <Opcode : 'add' 'sub' 'mul' 'select'> <InPorts = 0> <OutPorts = 1> <Sync> <CReg>
ST_4 : Operation 2330 [1/1] ( I:0.67ns O:0.67ns )   --->   "%store_ln110 = store i32 %add_ln110_158, i4 %XW_block_158_addr" [src/integrated-gcn/gemm_stage.cpp:110]   --->   Operation 2330 'store' 'store_ln110' <Predicate = true> <Delay = 0.67> <CoreInst = "RAM">   --->   Core 82 'RAM' <Latency = 1> <II = 1> <Delay = 0.67> <Storage> <Opcode : 'load' 'store'> <Ports = 2> <Width = 32> <Depth = 16> <RAM>
ST_4 : Operation 2331 [1/2] (0.64ns) (root node of the DSP)   --->   "%add_ln110_159 = add i32 %XW_block_159_load, i32 %mul_ln110_159" [src/integrated-gcn/gemm_stage.cpp:110]   --->   Operation 2331 'add' 'add_ln110_159' <Predicate = true> <Delay = 0.64> <CoreInst = "DSP48">   --->   Core 124 'DSP48' <Latency = 3> <II = 1> <Delay = 0.53> <IPBlock> <Opcode : 'add' 'sub' 'mul' 'select'> <InPorts = 0> <OutPorts = 1> <Sync> <CReg>
ST_4 : Operation 2332 [1/1] ( I:0.67ns O:0.67ns )   --->   "%store_ln110 = store i32 %add_ln110_159, i4 %XW_block_159_addr" [src/integrated-gcn/gemm_stage.cpp:110]   --->   Operation 2332 'store' 'store_ln110' <Predicate = true> <Delay = 0.67> <CoreInst = "RAM">   --->   Core 82 'RAM' <Latency = 1> <II = 1> <Delay = 0.67> <Storage> <Opcode : 'load' 'store'> <Ports = 2> <Width = 32> <Depth = 16> <RAM>
ST_4 : Operation 2333 [1/2] (0.64ns) (root node of the DSP)   --->   "%add_ln110_160 = add i32 %XW_block_160_load, i32 %mul_ln110_160" [src/integrated-gcn/gemm_stage.cpp:110]   --->   Operation 2333 'add' 'add_ln110_160' <Predicate = true> <Delay = 0.64> <CoreInst = "DSP48">   --->   Core 124 'DSP48' <Latency = 3> <II = 1> <Delay = 0.53> <IPBlock> <Opcode : 'add' 'sub' 'mul' 'select'> <InPorts = 0> <OutPorts = 1> <Sync> <CReg>
ST_4 : Operation 2334 [1/1] ( I:0.67ns O:0.67ns )   --->   "%store_ln110 = store i32 %add_ln110_160, i4 %XW_block_160_addr" [src/integrated-gcn/gemm_stage.cpp:110]   --->   Operation 2334 'store' 'store_ln110' <Predicate = true> <Delay = 0.67> <CoreInst = "RAM">   --->   Core 82 'RAM' <Latency = 1> <II = 1> <Delay = 0.67> <Storage> <Opcode : 'load' 'store'> <Ports = 2> <Width = 32> <Depth = 16> <RAM>
ST_4 : Operation 2335 [1/2] (0.64ns) (root node of the DSP)   --->   "%add_ln110_161 = add i32 %XW_block_161_load, i32 %mul_ln110_161" [src/integrated-gcn/gemm_stage.cpp:110]   --->   Operation 2335 'add' 'add_ln110_161' <Predicate = true> <Delay = 0.64> <CoreInst = "DSP48">   --->   Core 124 'DSP48' <Latency = 3> <II = 1> <Delay = 0.53> <IPBlock> <Opcode : 'add' 'sub' 'mul' 'select'> <InPorts = 0> <OutPorts = 1> <Sync> <CReg>
ST_4 : Operation 2336 [1/1] ( I:0.67ns O:0.67ns )   --->   "%store_ln110 = store i32 %add_ln110_161, i4 %XW_block_161_addr" [src/integrated-gcn/gemm_stage.cpp:110]   --->   Operation 2336 'store' 'store_ln110' <Predicate = true> <Delay = 0.67> <CoreInst = "RAM">   --->   Core 82 'RAM' <Latency = 1> <II = 1> <Delay = 0.67> <Storage> <Opcode : 'load' 'store'> <Ports = 2> <Width = 32> <Depth = 16> <RAM>
ST_4 : Operation 2337 [1/2] (0.64ns) (root node of the DSP)   --->   "%add_ln110_162 = add i32 %XW_block_162_load, i32 %mul_ln110_162" [src/integrated-gcn/gemm_stage.cpp:110]   --->   Operation 2337 'add' 'add_ln110_162' <Predicate = true> <Delay = 0.64> <CoreInst = "DSP48">   --->   Core 124 'DSP48' <Latency = 3> <II = 1> <Delay = 0.53> <IPBlock> <Opcode : 'add' 'sub' 'mul' 'select'> <InPorts = 0> <OutPorts = 1> <Sync> <CReg>
ST_4 : Operation 2338 [1/1] ( I:0.67ns O:0.67ns )   --->   "%store_ln110 = store i32 %add_ln110_162, i4 %XW_block_162_addr" [src/integrated-gcn/gemm_stage.cpp:110]   --->   Operation 2338 'store' 'store_ln110' <Predicate = true> <Delay = 0.67> <CoreInst = "RAM">   --->   Core 82 'RAM' <Latency = 1> <II = 1> <Delay = 0.67> <Storage> <Opcode : 'load' 'store'> <Ports = 2> <Width = 32> <Depth = 16> <RAM>
ST_4 : Operation 2339 [1/2] (0.64ns) (root node of the DSP)   --->   "%add_ln110_163 = add i32 %XW_block_163_load, i32 %mul_ln110_163" [src/integrated-gcn/gemm_stage.cpp:110]   --->   Operation 2339 'add' 'add_ln110_163' <Predicate = true> <Delay = 0.64> <CoreInst = "DSP48">   --->   Core 124 'DSP48' <Latency = 3> <II = 1> <Delay = 0.53> <IPBlock> <Opcode : 'add' 'sub' 'mul' 'select'> <InPorts = 0> <OutPorts = 1> <Sync> <CReg>
ST_4 : Operation 2340 [1/1] ( I:0.67ns O:0.67ns )   --->   "%store_ln110 = store i32 %add_ln110_163, i4 %XW_block_163_addr" [src/integrated-gcn/gemm_stage.cpp:110]   --->   Operation 2340 'store' 'store_ln110' <Predicate = true> <Delay = 0.67> <CoreInst = "RAM">   --->   Core 82 'RAM' <Latency = 1> <II = 1> <Delay = 0.67> <Storage> <Opcode : 'load' 'store'> <Ports = 2> <Width = 32> <Depth = 16> <RAM>
ST_4 : Operation 2341 [1/2] (0.64ns) (root node of the DSP)   --->   "%add_ln110_164 = add i32 %XW_block_164_load, i32 %mul_ln110_164" [src/integrated-gcn/gemm_stage.cpp:110]   --->   Operation 2341 'add' 'add_ln110_164' <Predicate = true> <Delay = 0.64> <CoreInst = "DSP48">   --->   Core 124 'DSP48' <Latency = 3> <II = 1> <Delay = 0.53> <IPBlock> <Opcode : 'add' 'sub' 'mul' 'select'> <InPorts = 0> <OutPorts = 1> <Sync> <CReg>
ST_4 : Operation 2342 [1/1] ( I:0.67ns O:0.67ns )   --->   "%store_ln110 = store i32 %add_ln110_164, i4 %XW_block_164_addr" [src/integrated-gcn/gemm_stage.cpp:110]   --->   Operation 2342 'store' 'store_ln110' <Predicate = true> <Delay = 0.67> <CoreInst = "RAM">   --->   Core 82 'RAM' <Latency = 1> <II = 1> <Delay = 0.67> <Storage> <Opcode : 'load' 'store'> <Ports = 2> <Width = 32> <Depth = 16> <RAM>
ST_4 : Operation 2343 [1/2] (0.64ns) (root node of the DSP)   --->   "%add_ln110_165 = add i32 %XW_block_165_load, i32 %mul_ln110_165" [src/integrated-gcn/gemm_stage.cpp:110]   --->   Operation 2343 'add' 'add_ln110_165' <Predicate = true> <Delay = 0.64> <CoreInst = "DSP48">   --->   Core 124 'DSP48' <Latency = 3> <II = 1> <Delay = 0.53> <IPBlock> <Opcode : 'add' 'sub' 'mul' 'select'> <InPorts = 0> <OutPorts = 1> <Sync> <CReg>
ST_4 : Operation 2344 [1/1] ( I:0.67ns O:0.67ns )   --->   "%store_ln110 = store i32 %add_ln110_165, i4 %XW_block_165_addr" [src/integrated-gcn/gemm_stage.cpp:110]   --->   Operation 2344 'store' 'store_ln110' <Predicate = true> <Delay = 0.67> <CoreInst = "RAM">   --->   Core 82 'RAM' <Latency = 1> <II = 1> <Delay = 0.67> <Storage> <Opcode : 'load' 'store'> <Ports = 2> <Width = 32> <Depth = 16> <RAM>
ST_4 : Operation 2345 [1/2] (0.64ns) (root node of the DSP)   --->   "%add_ln110_166 = add i32 %XW_block_166_load, i32 %mul_ln110_166" [src/integrated-gcn/gemm_stage.cpp:110]   --->   Operation 2345 'add' 'add_ln110_166' <Predicate = true> <Delay = 0.64> <CoreInst = "DSP48">   --->   Core 124 'DSP48' <Latency = 3> <II = 1> <Delay = 0.53> <IPBlock> <Opcode : 'add' 'sub' 'mul' 'select'> <InPorts = 0> <OutPorts = 1> <Sync> <CReg>
ST_4 : Operation 2346 [1/1] ( I:0.67ns O:0.67ns )   --->   "%store_ln110 = store i32 %add_ln110_166, i4 %XW_block_166_addr" [src/integrated-gcn/gemm_stage.cpp:110]   --->   Operation 2346 'store' 'store_ln110' <Predicate = true> <Delay = 0.67> <CoreInst = "RAM">   --->   Core 82 'RAM' <Latency = 1> <II = 1> <Delay = 0.67> <Storage> <Opcode : 'load' 'store'> <Ports = 2> <Width = 32> <Depth = 16> <RAM>
ST_4 : Operation 2347 [1/2] (0.64ns) (root node of the DSP)   --->   "%add_ln110_167 = add i32 %XW_block_167_load, i32 %mul_ln110_167" [src/integrated-gcn/gemm_stage.cpp:110]   --->   Operation 2347 'add' 'add_ln110_167' <Predicate = true> <Delay = 0.64> <CoreInst = "DSP48">   --->   Core 124 'DSP48' <Latency = 3> <II = 1> <Delay = 0.53> <IPBlock> <Opcode : 'add' 'sub' 'mul' 'select'> <InPorts = 0> <OutPorts = 1> <Sync> <CReg>
ST_4 : Operation 2348 [1/1] ( I:0.67ns O:0.67ns )   --->   "%store_ln110 = store i32 %add_ln110_167, i4 %XW_block_167_addr" [src/integrated-gcn/gemm_stage.cpp:110]   --->   Operation 2348 'store' 'store_ln110' <Predicate = true> <Delay = 0.67> <CoreInst = "RAM">   --->   Core 82 'RAM' <Latency = 1> <II = 1> <Delay = 0.67> <Storage> <Opcode : 'load' 'store'> <Ports = 2> <Width = 32> <Depth = 16> <RAM>
ST_4 : Operation 2349 [1/2] (0.64ns) (root node of the DSP)   --->   "%add_ln110_168 = add i32 %XW_block_168_load, i32 %mul_ln110_168" [src/integrated-gcn/gemm_stage.cpp:110]   --->   Operation 2349 'add' 'add_ln110_168' <Predicate = true> <Delay = 0.64> <CoreInst = "DSP48">   --->   Core 124 'DSP48' <Latency = 3> <II = 1> <Delay = 0.53> <IPBlock> <Opcode : 'add' 'sub' 'mul' 'select'> <InPorts = 0> <OutPorts = 1> <Sync> <CReg>
ST_4 : Operation 2350 [1/1] ( I:0.67ns O:0.67ns )   --->   "%store_ln110 = store i32 %add_ln110_168, i4 %XW_block_168_addr" [src/integrated-gcn/gemm_stage.cpp:110]   --->   Operation 2350 'store' 'store_ln110' <Predicate = true> <Delay = 0.67> <CoreInst = "RAM">   --->   Core 82 'RAM' <Latency = 1> <II = 1> <Delay = 0.67> <Storage> <Opcode : 'load' 'store'> <Ports = 2> <Width = 32> <Depth = 16> <RAM>
ST_4 : Operation 2351 [1/2] (0.64ns) (root node of the DSP)   --->   "%add_ln110_169 = add i32 %XW_block_169_load, i32 %mul_ln110_169" [src/integrated-gcn/gemm_stage.cpp:110]   --->   Operation 2351 'add' 'add_ln110_169' <Predicate = true> <Delay = 0.64> <CoreInst = "DSP48">   --->   Core 124 'DSP48' <Latency = 3> <II = 1> <Delay = 0.53> <IPBlock> <Opcode : 'add' 'sub' 'mul' 'select'> <InPorts = 0> <OutPorts = 1> <Sync> <CReg>
ST_4 : Operation 2352 [1/1] ( I:0.67ns O:0.67ns )   --->   "%store_ln110 = store i32 %add_ln110_169, i4 %XW_block_169_addr" [src/integrated-gcn/gemm_stage.cpp:110]   --->   Operation 2352 'store' 'store_ln110' <Predicate = true> <Delay = 0.67> <CoreInst = "RAM">   --->   Core 82 'RAM' <Latency = 1> <II = 1> <Delay = 0.67> <Storage> <Opcode : 'load' 'store'> <Ports = 2> <Width = 32> <Depth = 16> <RAM>
ST_4 : Operation 2353 [1/2] (0.64ns) (root node of the DSP)   --->   "%add_ln110_170 = add i32 %XW_block_170_load, i32 %mul_ln110_170" [src/integrated-gcn/gemm_stage.cpp:110]   --->   Operation 2353 'add' 'add_ln110_170' <Predicate = true> <Delay = 0.64> <CoreInst = "DSP48">   --->   Core 124 'DSP48' <Latency = 3> <II = 1> <Delay = 0.53> <IPBlock> <Opcode : 'add' 'sub' 'mul' 'select'> <InPorts = 0> <OutPorts = 1> <Sync> <CReg>
ST_4 : Operation 2354 [1/1] ( I:0.67ns O:0.67ns )   --->   "%store_ln110 = store i32 %add_ln110_170, i4 %XW_block_170_addr" [src/integrated-gcn/gemm_stage.cpp:110]   --->   Operation 2354 'store' 'store_ln110' <Predicate = true> <Delay = 0.67> <CoreInst = "RAM">   --->   Core 82 'RAM' <Latency = 1> <II = 1> <Delay = 0.67> <Storage> <Opcode : 'load' 'store'> <Ports = 2> <Width = 32> <Depth = 16> <RAM>
ST_4 : Operation 2355 [1/2] (0.64ns) (root node of the DSP)   --->   "%add_ln110_171 = add i32 %XW_block_171_load, i32 %mul_ln110_171" [src/integrated-gcn/gemm_stage.cpp:110]   --->   Operation 2355 'add' 'add_ln110_171' <Predicate = true> <Delay = 0.64> <CoreInst = "DSP48">   --->   Core 124 'DSP48' <Latency = 3> <II = 1> <Delay = 0.53> <IPBlock> <Opcode : 'add' 'sub' 'mul' 'select'> <InPorts = 0> <OutPorts = 1> <Sync> <CReg>
ST_4 : Operation 2356 [1/1] ( I:0.67ns O:0.67ns )   --->   "%store_ln110 = store i32 %add_ln110_171, i4 %XW_block_171_addr" [src/integrated-gcn/gemm_stage.cpp:110]   --->   Operation 2356 'store' 'store_ln110' <Predicate = true> <Delay = 0.67> <CoreInst = "RAM">   --->   Core 82 'RAM' <Latency = 1> <II = 1> <Delay = 0.67> <Storage> <Opcode : 'load' 'store'> <Ports = 2> <Width = 32> <Depth = 16> <RAM>
ST_4 : Operation 2357 [1/2] (0.64ns) (root node of the DSP)   --->   "%add_ln110_172 = add i32 %XW_block_172_load, i32 %mul_ln110_172" [src/integrated-gcn/gemm_stage.cpp:110]   --->   Operation 2357 'add' 'add_ln110_172' <Predicate = true> <Delay = 0.64> <CoreInst = "DSP48">   --->   Core 124 'DSP48' <Latency = 3> <II = 1> <Delay = 0.53> <IPBlock> <Opcode : 'add' 'sub' 'mul' 'select'> <InPorts = 0> <OutPorts = 1> <Sync> <CReg>
ST_4 : Operation 2358 [1/1] ( I:0.67ns O:0.67ns )   --->   "%store_ln110 = store i32 %add_ln110_172, i4 %XW_block_172_addr" [src/integrated-gcn/gemm_stage.cpp:110]   --->   Operation 2358 'store' 'store_ln110' <Predicate = true> <Delay = 0.67> <CoreInst = "RAM">   --->   Core 82 'RAM' <Latency = 1> <II = 1> <Delay = 0.67> <Storage> <Opcode : 'load' 'store'> <Ports = 2> <Width = 32> <Depth = 16> <RAM>
ST_4 : Operation 2359 [1/2] (0.64ns) (root node of the DSP)   --->   "%add_ln110_173 = add i32 %XW_block_173_load, i32 %mul_ln110_173" [src/integrated-gcn/gemm_stage.cpp:110]   --->   Operation 2359 'add' 'add_ln110_173' <Predicate = true> <Delay = 0.64> <CoreInst = "DSP48">   --->   Core 124 'DSP48' <Latency = 3> <II = 1> <Delay = 0.53> <IPBlock> <Opcode : 'add' 'sub' 'mul' 'select'> <InPorts = 0> <OutPorts = 1> <Sync> <CReg>
ST_4 : Operation 2360 [1/1] ( I:0.67ns O:0.67ns )   --->   "%store_ln110 = store i32 %add_ln110_173, i4 %XW_block_173_addr" [src/integrated-gcn/gemm_stage.cpp:110]   --->   Operation 2360 'store' 'store_ln110' <Predicate = true> <Delay = 0.67> <CoreInst = "RAM">   --->   Core 82 'RAM' <Latency = 1> <II = 1> <Delay = 0.67> <Storage> <Opcode : 'load' 'store'> <Ports = 2> <Width = 32> <Depth = 16> <RAM>
ST_4 : Operation 2361 [1/2] (0.64ns) (root node of the DSP)   --->   "%add_ln110_174 = add i32 %XW_block_174_load, i32 %mul_ln110_174" [src/integrated-gcn/gemm_stage.cpp:110]   --->   Operation 2361 'add' 'add_ln110_174' <Predicate = true> <Delay = 0.64> <CoreInst = "DSP48">   --->   Core 124 'DSP48' <Latency = 3> <II = 1> <Delay = 0.53> <IPBlock> <Opcode : 'add' 'sub' 'mul' 'select'> <InPorts = 0> <OutPorts = 1> <Sync> <CReg>
ST_4 : Operation 2362 [1/1] ( I:0.67ns O:0.67ns )   --->   "%store_ln110 = store i32 %add_ln110_174, i4 %XW_block_174_addr" [src/integrated-gcn/gemm_stage.cpp:110]   --->   Operation 2362 'store' 'store_ln110' <Predicate = true> <Delay = 0.67> <CoreInst = "RAM">   --->   Core 82 'RAM' <Latency = 1> <II = 1> <Delay = 0.67> <Storage> <Opcode : 'load' 'store'> <Ports = 2> <Width = 32> <Depth = 16> <RAM>
ST_4 : Operation 2363 [1/2] (0.64ns) (root node of the DSP)   --->   "%add_ln110_175 = add i32 %XW_block_175_load, i32 %mul_ln110_175" [src/integrated-gcn/gemm_stage.cpp:110]   --->   Operation 2363 'add' 'add_ln110_175' <Predicate = true> <Delay = 0.64> <CoreInst = "DSP48">   --->   Core 124 'DSP48' <Latency = 3> <II = 1> <Delay = 0.53> <IPBlock> <Opcode : 'add' 'sub' 'mul' 'select'> <InPorts = 0> <OutPorts = 1> <Sync> <CReg>
ST_4 : Operation 2364 [1/1] ( I:0.67ns O:0.67ns )   --->   "%store_ln110 = store i32 %add_ln110_175, i4 %XW_block_175_addr" [src/integrated-gcn/gemm_stage.cpp:110]   --->   Operation 2364 'store' 'store_ln110' <Predicate = true> <Delay = 0.67> <CoreInst = "RAM">   --->   Core 82 'RAM' <Latency = 1> <II = 1> <Delay = 0.67> <Storage> <Opcode : 'load' 'store'> <Ports = 2> <Width = 32> <Depth = 16> <RAM>
ST_4 : Operation 2365 [1/2] (0.64ns) (root node of the DSP)   --->   "%add_ln110_176 = add i32 %XW_block_176_load, i32 %mul_ln110_176" [src/integrated-gcn/gemm_stage.cpp:110]   --->   Operation 2365 'add' 'add_ln110_176' <Predicate = true> <Delay = 0.64> <CoreInst = "DSP48">   --->   Core 124 'DSP48' <Latency = 3> <II = 1> <Delay = 0.53> <IPBlock> <Opcode : 'add' 'sub' 'mul' 'select'> <InPorts = 0> <OutPorts = 1> <Sync> <CReg>
ST_4 : Operation 2366 [1/1] ( I:0.67ns O:0.67ns )   --->   "%store_ln110 = store i32 %add_ln110_176, i4 %XW_block_176_addr" [src/integrated-gcn/gemm_stage.cpp:110]   --->   Operation 2366 'store' 'store_ln110' <Predicate = true> <Delay = 0.67> <CoreInst = "RAM">   --->   Core 82 'RAM' <Latency = 1> <II = 1> <Delay = 0.67> <Storage> <Opcode : 'load' 'store'> <Ports = 2> <Width = 32> <Depth = 16> <RAM>
ST_4 : Operation 2367 [1/2] (0.64ns) (root node of the DSP)   --->   "%add_ln110_177 = add i32 %XW_block_177_load, i32 %mul_ln110_177" [src/integrated-gcn/gemm_stage.cpp:110]   --->   Operation 2367 'add' 'add_ln110_177' <Predicate = true> <Delay = 0.64> <CoreInst = "DSP48">   --->   Core 124 'DSP48' <Latency = 3> <II = 1> <Delay = 0.53> <IPBlock> <Opcode : 'add' 'sub' 'mul' 'select'> <InPorts = 0> <OutPorts = 1> <Sync> <CReg>
ST_4 : Operation 2368 [1/1] ( I:0.67ns O:0.67ns )   --->   "%store_ln110 = store i32 %add_ln110_177, i4 %XW_block_177_addr" [src/integrated-gcn/gemm_stage.cpp:110]   --->   Operation 2368 'store' 'store_ln110' <Predicate = true> <Delay = 0.67> <CoreInst = "RAM">   --->   Core 82 'RAM' <Latency = 1> <II = 1> <Delay = 0.67> <Storage> <Opcode : 'load' 'store'> <Ports = 2> <Width = 32> <Depth = 16> <RAM>
ST_4 : Operation 2369 [1/2] (0.64ns) (root node of the DSP)   --->   "%add_ln110_178 = add i32 %XW_block_178_load, i32 %mul_ln110_178" [src/integrated-gcn/gemm_stage.cpp:110]   --->   Operation 2369 'add' 'add_ln110_178' <Predicate = true> <Delay = 0.64> <CoreInst = "DSP48">   --->   Core 124 'DSP48' <Latency = 3> <II = 1> <Delay = 0.53> <IPBlock> <Opcode : 'add' 'sub' 'mul' 'select'> <InPorts = 0> <OutPorts = 1> <Sync> <CReg>
ST_4 : Operation 2370 [1/1] ( I:0.67ns O:0.67ns )   --->   "%store_ln110 = store i32 %add_ln110_178, i4 %XW_block_178_addr" [src/integrated-gcn/gemm_stage.cpp:110]   --->   Operation 2370 'store' 'store_ln110' <Predicate = true> <Delay = 0.67> <CoreInst = "RAM">   --->   Core 82 'RAM' <Latency = 1> <II = 1> <Delay = 0.67> <Storage> <Opcode : 'load' 'store'> <Ports = 2> <Width = 32> <Depth = 16> <RAM>
ST_4 : Operation 2371 [1/2] (0.64ns) (root node of the DSP)   --->   "%add_ln110_179 = add i32 %XW_block_179_load, i32 %mul_ln110_179" [src/integrated-gcn/gemm_stage.cpp:110]   --->   Operation 2371 'add' 'add_ln110_179' <Predicate = true> <Delay = 0.64> <CoreInst = "DSP48">   --->   Core 124 'DSP48' <Latency = 3> <II = 1> <Delay = 0.53> <IPBlock> <Opcode : 'add' 'sub' 'mul' 'select'> <InPorts = 0> <OutPorts = 1> <Sync> <CReg>
ST_4 : Operation 2372 [1/1] ( I:0.67ns O:0.67ns )   --->   "%store_ln110 = store i32 %add_ln110_179, i4 %XW_block_179_addr" [src/integrated-gcn/gemm_stage.cpp:110]   --->   Operation 2372 'store' 'store_ln110' <Predicate = true> <Delay = 0.67> <CoreInst = "RAM">   --->   Core 82 'RAM' <Latency = 1> <II = 1> <Delay = 0.67> <Storage> <Opcode : 'load' 'store'> <Ports = 2> <Width = 32> <Depth = 16> <RAM>
ST_4 : Operation 2373 [1/2] (0.64ns) (root node of the DSP)   --->   "%add_ln110_180 = add i32 %XW_block_180_load, i32 %mul_ln110_180" [src/integrated-gcn/gemm_stage.cpp:110]   --->   Operation 2373 'add' 'add_ln110_180' <Predicate = true> <Delay = 0.64> <CoreInst = "DSP48">   --->   Core 124 'DSP48' <Latency = 3> <II = 1> <Delay = 0.53> <IPBlock> <Opcode : 'add' 'sub' 'mul' 'select'> <InPorts = 0> <OutPorts = 1> <Sync> <CReg>
ST_4 : Operation 2374 [1/1] ( I:0.67ns O:0.67ns )   --->   "%store_ln110 = store i32 %add_ln110_180, i4 %XW_block_180_addr" [src/integrated-gcn/gemm_stage.cpp:110]   --->   Operation 2374 'store' 'store_ln110' <Predicate = true> <Delay = 0.67> <CoreInst = "RAM">   --->   Core 82 'RAM' <Latency = 1> <II = 1> <Delay = 0.67> <Storage> <Opcode : 'load' 'store'> <Ports = 2> <Width = 32> <Depth = 16> <RAM>
ST_4 : Operation 2375 [1/2] (0.64ns) (root node of the DSP)   --->   "%add_ln110_181 = add i32 %XW_block_181_load, i32 %mul_ln110_181" [src/integrated-gcn/gemm_stage.cpp:110]   --->   Operation 2375 'add' 'add_ln110_181' <Predicate = true> <Delay = 0.64> <CoreInst = "DSP48">   --->   Core 124 'DSP48' <Latency = 3> <II = 1> <Delay = 0.53> <IPBlock> <Opcode : 'add' 'sub' 'mul' 'select'> <InPorts = 0> <OutPorts = 1> <Sync> <CReg>
ST_4 : Operation 2376 [1/1] ( I:0.67ns O:0.67ns )   --->   "%store_ln110 = store i32 %add_ln110_181, i4 %XW_block_181_addr" [src/integrated-gcn/gemm_stage.cpp:110]   --->   Operation 2376 'store' 'store_ln110' <Predicate = true> <Delay = 0.67> <CoreInst = "RAM">   --->   Core 82 'RAM' <Latency = 1> <II = 1> <Delay = 0.67> <Storage> <Opcode : 'load' 'store'> <Ports = 2> <Width = 32> <Depth = 16> <RAM>
ST_4 : Operation 2377 [1/2] (0.64ns) (root node of the DSP)   --->   "%add_ln110_182 = add i32 %XW_block_182_load, i32 %mul_ln110_182" [src/integrated-gcn/gemm_stage.cpp:110]   --->   Operation 2377 'add' 'add_ln110_182' <Predicate = true> <Delay = 0.64> <CoreInst = "DSP48">   --->   Core 124 'DSP48' <Latency = 3> <II = 1> <Delay = 0.53> <IPBlock> <Opcode : 'add' 'sub' 'mul' 'select'> <InPorts = 0> <OutPorts = 1> <Sync> <CReg>
ST_4 : Operation 2378 [1/1] ( I:0.67ns O:0.67ns )   --->   "%store_ln110 = store i32 %add_ln110_182, i4 %XW_block_182_addr" [src/integrated-gcn/gemm_stage.cpp:110]   --->   Operation 2378 'store' 'store_ln110' <Predicate = true> <Delay = 0.67> <CoreInst = "RAM">   --->   Core 82 'RAM' <Latency = 1> <II = 1> <Delay = 0.67> <Storage> <Opcode : 'load' 'store'> <Ports = 2> <Width = 32> <Depth = 16> <RAM>
ST_4 : Operation 2379 [1/2] (0.64ns) (root node of the DSP)   --->   "%add_ln110_183 = add i32 %XW_block_183_load, i32 %mul_ln110_183" [src/integrated-gcn/gemm_stage.cpp:110]   --->   Operation 2379 'add' 'add_ln110_183' <Predicate = true> <Delay = 0.64> <CoreInst = "DSP48">   --->   Core 124 'DSP48' <Latency = 3> <II = 1> <Delay = 0.53> <IPBlock> <Opcode : 'add' 'sub' 'mul' 'select'> <InPorts = 0> <OutPorts = 1> <Sync> <CReg>
ST_4 : Operation 2380 [1/1] ( I:0.67ns O:0.67ns )   --->   "%store_ln110 = store i32 %add_ln110_183, i4 %XW_block_183_addr" [src/integrated-gcn/gemm_stage.cpp:110]   --->   Operation 2380 'store' 'store_ln110' <Predicate = true> <Delay = 0.67> <CoreInst = "RAM">   --->   Core 82 'RAM' <Latency = 1> <II = 1> <Delay = 0.67> <Storage> <Opcode : 'load' 'store'> <Ports = 2> <Width = 32> <Depth = 16> <RAM>
ST_4 : Operation 2381 [1/2] (0.64ns) (root node of the DSP)   --->   "%add_ln110_184 = add i32 %XW_block_184_load, i32 %mul_ln110_184" [src/integrated-gcn/gemm_stage.cpp:110]   --->   Operation 2381 'add' 'add_ln110_184' <Predicate = true> <Delay = 0.64> <CoreInst = "DSP48">   --->   Core 124 'DSP48' <Latency = 3> <II = 1> <Delay = 0.53> <IPBlock> <Opcode : 'add' 'sub' 'mul' 'select'> <InPorts = 0> <OutPorts = 1> <Sync> <CReg>
ST_4 : Operation 2382 [1/1] ( I:0.67ns O:0.67ns )   --->   "%store_ln110 = store i32 %add_ln110_184, i4 %XW_block_184_addr" [src/integrated-gcn/gemm_stage.cpp:110]   --->   Operation 2382 'store' 'store_ln110' <Predicate = true> <Delay = 0.67> <CoreInst = "RAM">   --->   Core 82 'RAM' <Latency = 1> <II = 1> <Delay = 0.67> <Storage> <Opcode : 'load' 'store'> <Ports = 2> <Width = 32> <Depth = 16> <RAM>
ST_4 : Operation 2383 [1/2] (0.64ns) (root node of the DSP)   --->   "%add_ln110_185 = add i32 %XW_block_185_load, i32 %mul_ln110_185" [src/integrated-gcn/gemm_stage.cpp:110]   --->   Operation 2383 'add' 'add_ln110_185' <Predicate = true> <Delay = 0.64> <CoreInst = "DSP48">   --->   Core 124 'DSP48' <Latency = 3> <II = 1> <Delay = 0.53> <IPBlock> <Opcode : 'add' 'sub' 'mul' 'select'> <InPorts = 0> <OutPorts = 1> <Sync> <CReg>
ST_4 : Operation 2384 [1/1] ( I:0.67ns O:0.67ns )   --->   "%store_ln110 = store i32 %add_ln110_185, i4 %XW_block_185_addr" [src/integrated-gcn/gemm_stage.cpp:110]   --->   Operation 2384 'store' 'store_ln110' <Predicate = true> <Delay = 0.67> <CoreInst = "RAM">   --->   Core 82 'RAM' <Latency = 1> <II = 1> <Delay = 0.67> <Storage> <Opcode : 'load' 'store'> <Ports = 2> <Width = 32> <Depth = 16> <RAM>
ST_4 : Operation 2385 [1/2] (0.64ns) (root node of the DSP)   --->   "%add_ln110_186 = add i32 %XW_block_186_load, i32 %mul_ln110_186" [src/integrated-gcn/gemm_stage.cpp:110]   --->   Operation 2385 'add' 'add_ln110_186' <Predicate = true> <Delay = 0.64> <CoreInst = "DSP48">   --->   Core 124 'DSP48' <Latency = 3> <II = 1> <Delay = 0.53> <IPBlock> <Opcode : 'add' 'sub' 'mul' 'select'> <InPorts = 0> <OutPorts = 1> <Sync> <CReg>
ST_4 : Operation 2386 [1/1] ( I:0.67ns O:0.67ns )   --->   "%store_ln110 = store i32 %add_ln110_186, i4 %XW_block_186_addr" [src/integrated-gcn/gemm_stage.cpp:110]   --->   Operation 2386 'store' 'store_ln110' <Predicate = true> <Delay = 0.67> <CoreInst = "RAM">   --->   Core 82 'RAM' <Latency = 1> <II = 1> <Delay = 0.67> <Storage> <Opcode : 'load' 'store'> <Ports = 2> <Width = 32> <Depth = 16> <RAM>
ST_4 : Operation 2387 [1/2] (0.64ns) (root node of the DSP)   --->   "%add_ln110_187 = add i32 %XW_block_187_load, i32 %mul_ln110_187" [src/integrated-gcn/gemm_stage.cpp:110]   --->   Operation 2387 'add' 'add_ln110_187' <Predicate = true> <Delay = 0.64> <CoreInst = "DSP48">   --->   Core 124 'DSP48' <Latency = 3> <II = 1> <Delay = 0.53> <IPBlock> <Opcode : 'add' 'sub' 'mul' 'select'> <InPorts = 0> <OutPorts = 1> <Sync> <CReg>
ST_4 : Operation 2388 [1/1] ( I:0.67ns O:0.67ns )   --->   "%store_ln110 = store i32 %add_ln110_187, i4 %XW_block_187_addr" [src/integrated-gcn/gemm_stage.cpp:110]   --->   Operation 2388 'store' 'store_ln110' <Predicate = true> <Delay = 0.67> <CoreInst = "RAM">   --->   Core 82 'RAM' <Latency = 1> <II = 1> <Delay = 0.67> <Storage> <Opcode : 'load' 'store'> <Ports = 2> <Width = 32> <Depth = 16> <RAM>
ST_4 : Operation 2389 [1/2] (0.64ns) (root node of the DSP)   --->   "%add_ln110_188 = add i32 %XW_block_188_load, i32 %mul_ln110_188" [src/integrated-gcn/gemm_stage.cpp:110]   --->   Operation 2389 'add' 'add_ln110_188' <Predicate = true> <Delay = 0.64> <CoreInst = "DSP48">   --->   Core 124 'DSP48' <Latency = 3> <II = 1> <Delay = 0.53> <IPBlock> <Opcode : 'add' 'sub' 'mul' 'select'> <InPorts = 0> <OutPorts = 1> <Sync> <CReg>
ST_4 : Operation 2390 [1/1] ( I:0.67ns O:0.67ns )   --->   "%store_ln110 = store i32 %add_ln110_188, i4 %XW_block_188_addr" [src/integrated-gcn/gemm_stage.cpp:110]   --->   Operation 2390 'store' 'store_ln110' <Predicate = true> <Delay = 0.67> <CoreInst = "RAM">   --->   Core 82 'RAM' <Latency = 1> <II = 1> <Delay = 0.67> <Storage> <Opcode : 'load' 'store'> <Ports = 2> <Width = 32> <Depth = 16> <RAM>
ST_4 : Operation 2391 [1/2] (0.64ns) (root node of the DSP)   --->   "%add_ln110_189 = add i32 %XW_block_189_load, i32 %mul_ln110_189" [src/integrated-gcn/gemm_stage.cpp:110]   --->   Operation 2391 'add' 'add_ln110_189' <Predicate = true> <Delay = 0.64> <CoreInst = "DSP48">   --->   Core 124 'DSP48' <Latency = 3> <II = 1> <Delay = 0.53> <IPBlock> <Opcode : 'add' 'sub' 'mul' 'select'> <InPorts = 0> <OutPorts = 1> <Sync> <CReg>
ST_4 : Operation 2392 [1/1] ( I:0.67ns O:0.67ns )   --->   "%store_ln110 = store i32 %add_ln110_189, i4 %XW_block_189_addr" [src/integrated-gcn/gemm_stage.cpp:110]   --->   Operation 2392 'store' 'store_ln110' <Predicate = true> <Delay = 0.67> <CoreInst = "RAM">   --->   Core 82 'RAM' <Latency = 1> <II = 1> <Delay = 0.67> <Storage> <Opcode : 'load' 'store'> <Ports = 2> <Width = 32> <Depth = 16> <RAM>
ST_4 : Operation 2393 [1/2] (0.64ns) (root node of the DSP)   --->   "%add_ln110_190 = add i32 %XW_block_190_load, i32 %mul_ln110_190" [src/integrated-gcn/gemm_stage.cpp:110]   --->   Operation 2393 'add' 'add_ln110_190' <Predicate = true> <Delay = 0.64> <CoreInst = "DSP48">   --->   Core 124 'DSP48' <Latency = 3> <II = 1> <Delay = 0.53> <IPBlock> <Opcode : 'add' 'sub' 'mul' 'select'> <InPorts = 0> <OutPorts = 1> <Sync> <CReg>
ST_4 : Operation 2394 [1/1] ( I:0.67ns O:0.67ns )   --->   "%store_ln110 = store i32 %add_ln110_190, i4 %XW_block_190_addr" [src/integrated-gcn/gemm_stage.cpp:110]   --->   Operation 2394 'store' 'store_ln110' <Predicate = true> <Delay = 0.67> <CoreInst = "RAM">   --->   Core 82 'RAM' <Latency = 1> <II = 1> <Delay = 0.67> <Storage> <Opcode : 'load' 'store'> <Ports = 2> <Width = 32> <Depth = 16> <RAM>
ST_4 : Operation 2395 [1/2] (0.64ns) (root node of the DSP)   --->   "%add_ln110_191 = add i32 %XW_block_191_load, i32 %mul_ln110_191" [src/integrated-gcn/gemm_stage.cpp:110]   --->   Operation 2395 'add' 'add_ln110_191' <Predicate = true> <Delay = 0.64> <CoreInst = "DSP48">   --->   Core 124 'DSP48' <Latency = 3> <II = 1> <Delay = 0.53> <IPBlock> <Opcode : 'add' 'sub' 'mul' 'select'> <InPorts = 0> <OutPorts = 1> <Sync> <CReg>
ST_4 : Operation 2396 [1/1] ( I:0.67ns O:0.67ns )   --->   "%store_ln110 = store i32 %add_ln110_191, i4 %XW_block_191_addr" [src/integrated-gcn/gemm_stage.cpp:110]   --->   Operation 2396 'store' 'store_ln110' <Predicate = true> <Delay = 0.67> <CoreInst = "RAM">   --->   Core 82 'RAM' <Latency = 1> <II = 1> <Delay = 0.67> <Storage> <Opcode : 'load' 'store'> <Ports = 2> <Width = 32> <Depth = 16> <RAM>
ST_4 : Operation 2397 [1/2] (0.64ns) (root node of the DSP)   --->   "%add_ln110_192 = add i32 %XW_block_192_load, i32 %mul_ln110_192" [src/integrated-gcn/gemm_stage.cpp:110]   --->   Operation 2397 'add' 'add_ln110_192' <Predicate = true> <Delay = 0.64> <CoreInst = "DSP48">   --->   Core 124 'DSP48' <Latency = 3> <II = 1> <Delay = 0.53> <IPBlock> <Opcode : 'add' 'sub' 'mul' 'select'> <InPorts = 0> <OutPorts = 1> <Sync> <CReg>
ST_4 : Operation 2398 [1/1] ( I:0.67ns O:0.67ns )   --->   "%store_ln110 = store i32 %add_ln110_192, i4 %XW_block_192_addr" [src/integrated-gcn/gemm_stage.cpp:110]   --->   Operation 2398 'store' 'store_ln110' <Predicate = true> <Delay = 0.67> <CoreInst = "RAM">   --->   Core 82 'RAM' <Latency = 1> <II = 1> <Delay = 0.67> <Storage> <Opcode : 'load' 'store'> <Ports = 2> <Width = 32> <Depth = 16> <RAM>
ST_4 : Operation 2399 [1/2] (0.64ns) (root node of the DSP)   --->   "%add_ln110_193 = add i32 %XW_block_193_load, i32 %mul_ln110_193" [src/integrated-gcn/gemm_stage.cpp:110]   --->   Operation 2399 'add' 'add_ln110_193' <Predicate = true> <Delay = 0.64> <CoreInst = "DSP48">   --->   Core 124 'DSP48' <Latency = 3> <II = 1> <Delay = 0.53> <IPBlock> <Opcode : 'add' 'sub' 'mul' 'select'> <InPorts = 0> <OutPorts = 1> <Sync> <CReg>
ST_4 : Operation 2400 [1/1] ( I:0.67ns O:0.67ns )   --->   "%store_ln110 = store i32 %add_ln110_193, i4 %XW_block_193_addr" [src/integrated-gcn/gemm_stage.cpp:110]   --->   Operation 2400 'store' 'store_ln110' <Predicate = true> <Delay = 0.67> <CoreInst = "RAM">   --->   Core 82 'RAM' <Latency = 1> <II = 1> <Delay = 0.67> <Storage> <Opcode : 'load' 'store'> <Ports = 2> <Width = 32> <Depth = 16> <RAM>
ST_4 : Operation 2401 [1/2] (0.64ns) (root node of the DSP)   --->   "%add_ln110_194 = add i32 %XW_block_194_load, i32 %mul_ln110_194" [src/integrated-gcn/gemm_stage.cpp:110]   --->   Operation 2401 'add' 'add_ln110_194' <Predicate = true> <Delay = 0.64> <CoreInst = "DSP48">   --->   Core 124 'DSP48' <Latency = 3> <II = 1> <Delay = 0.53> <IPBlock> <Opcode : 'add' 'sub' 'mul' 'select'> <InPorts = 0> <OutPorts = 1> <Sync> <CReg>
ST_4 : Operation 2402 [1/1] ( I:0.67ns O:0.67ns )   --->   "%store_ln110 = store i32 %add_ln110_194, i4 %XW_block_194_addr" [src/integrated-gcn/gemm_stage.cpp:110]   --->   Operation 2402 'store' 'store_ln110' <Predicate = true> <Delay = 0.67> <CoreInst = "RAM">   --->   Core 82 'RAM' <Latency = 1> <II = 1> <Delay = 0.67> <Storage> <Opcode : 'load' 'store'> <Ports = 2> <Width = 32> <Depth = 16> <RAM>
ST_4 : Operation 2403 [1/2] (0.64ns) (root node of the DSP)   --->   "%add_ln110_195 = add i32 %XW_block_195_load, i32 %mul_ln110_195" [src/integrated-gcn/gemm_stage.cpp:110]   --->   Operation 2403 'add' 'add_ln110_195' <Predicate = true> <Delay = 0.64> <CoreInst = "DSP48">   --->   Core 124 'DSP48' <Latency = 3> <II = 1> <Delay = 0.53> <IPBlock> <Opcode : 'add' 'sub' 'mul' 'select'> <InPorts = 0> <OutPorts = 1> <Sync> <CReg>
ST_4 : Operation 2404 [1/1] ( I:0.67ns O:0.67ns )   --->   "%store_ln110 = store i32 %add_ln110_195, i4 %XW_block_195_addr" [src/integrated-gcn/gemm_stage.cpp:110]   --->   Operation 2404 'store' 'store_ln110' <Predicate = true> <Delay = 0.67> <CoreInst = "RAM">   --->   Core 82 'RAM' <Latency = 1> <II = 1> <Delay = 0.67> <Storage> <Opcode : 'load' 'store'> <Ports = 2> <Width = 32> <Depth = 16> <RAM>
ST_4 : Operation 2405 [1/2] (0.64ns) (root node of the DSP)   --->   "%add_ln110_196 = add i32 %XW_block_196_load, i32 %mul_ln110_196" [src/integrated-gcn/gemm_stage.cpp:110]   --->   Operation 2405 'add' 'add_ln110_196' <Predicate = true> <Delay = 0.64> <CoreInst = "DSP48">   --->   Core 124 'DSP48' <Latency = 3> <II = 1> <Delay = 0.53> <IPBlock> <Opcode : 'add' 'sub' 'mul' 'select'> <InPorts = 0> <OutPorts = 1> <Sync> <CReg>
ST_4 : Operation 2406 [1/1] ( I:0.67ns O:0.67ns )   --->   "%store_ln110 = store i32 %add_ln110_196, i4 %XW_block_196_addr" [src/integrated-gcn/gemm_stage.cpp:110]   --->   Operation 2406 'store' 'store_ln110' <Predicate = true> <Delay = 0.67> <CoreInst = "RAM">   --->   Core 82 'RAM' <Latency = 1> <II = 1> <Delay = 0.67> <Storage> <Opcode : 'load' 'store'> <Ports = 2> <Width = 32> <Depth = 16> <RAM>
ST_4 : Operation 2407 [1/2] (0.64ns) (root node of the DSP)   --->   "%add_ln110_197 = add i32 %XW_block_197_load, i32 %mul_ln110_197" [src/integrated-gcn/gemm_stage.cpp:110]   --->   Operation 2407 'add' 'add_ln110_197' <Predicate = true> <Delay = 0.64> <CoreInst = "DSP48">   --->   Core 124 'DSP48' <Latency = 3> <II = 1> <Delay = 0.53> <IPBlock> <Opcode : 'add' 'sub' 'mul' 'select'> <InPorts = 0> <OutPorts = 1> <Sync> <CReg>
ST_4 : Operation 2408 [1/1] ( I:0.67ns O:0.67ns )   --->   "%store_ln110 = store i32 %add_ln110_197, i4 %XW_block_197_addr" [src/integrated-gcn/gemm_stage.cpp:110]   --->   Operation 2408 'store' 'store_ln110' <Predicate = true> <Delay = 0.67> <CoreInst = "RAM">   --->   Core 82 'RAM' <Latency = 1> <II = 1> <Delay = 0.67> <Storage> <Opcode : 'load' 'store'> <Ports = 2> <Width = 32> <Depth = 16> <RAM>
ST_4 : Operation 2409 [1/2] (0.64ns) (root node of the DSP)   --->   "%add_ln110_198 = add i32 %XW_block_198_load, i32 %mul_ln110_198" [src/integrated-gcn/gemm_stage.cpp:110]   --->   Operation 2409 'add' 'add_ln110_198' <Predicate = true> <Delay = 0.64> <CoreInst = "DSP48">   --->   Core 124 'DSP48' <Latency = 3> <II = 1> <Delay = 0.53> <IPBlock> <Opcode : 'add' 'sub' 'mul' 'select'> <InPorts = 0> <OutPorts = 1> <Sync> <CReg>
ST_4 : Operation 2410 [1/1] ( I:0.67ns O:0.67ns )   --->   "%store_ln110 = store i32 %add_ln110_198, i4 %XW_block_198_addr" [src/integrated-gcn/gemm_stage.cpp:110]   --->   Operation 2410 'store' 'store_ln110' <Predicate = true> <Delay = 0.67> <CoreInst = "RAM">   --->   Core 82 'RAM' <Latency = 1> <II = 1> <Delay = 0.67> <Storage> <Opcode : 'load' 'store'> <Ports = 2> <Width = 32> <Depth = 16> <RAM>
ST_4 : Operation 2411 [1/2] (0.64ns) (root node of the DSP)   --->   "%add_ln110_199 = add i32 %XW_block_199_load, i32 %mul_ln110_199" [src/integrated-gcn/gemm_stage.cpp:110]   --->   Operation 2411 'add' 'add_ln110_199' <Predicate = true> <Delay = 0.64> <CoreInst = "DSP48">   --->   Core 124 'DSP48' <Latency = 3> <II = 1> <Delay = 0.53> <IPBlock> <Opcode : 'add' 'sub' 'mul' 'select'> <InPorts = 0> <OutPorts = 1> <Sync> <CReg>
ST_4 : Operation 2412 [1/1] ( I:0.67ns O:0.67ns )   --->   "%store_ln110 = store i32 %add_ln110_199, i4 %XW_block_199_addr" [src/integrated-gcn/gemm_stage.cpp:110]   --->   Operation 2412 'store' 'store_ln110' <Predicate = true> <Delay = 0.67> <CoreInst = "RAM">   --->   Core 82 'RAM' <Latency = 1> <II = 1> <Delay = 0.67> <Storage> <Opcode : 'load' 'store'> <Ports = 2> <Width = 32> <Depth = 16> <RAM>
ST_4 : Operation 2413 [1/2] (0.64ns) (root node of the DSP)   --->   "%add_ln110_200 = add i32 %XW_block_200_load, i32 %mul_ln110_200" [src/integrated-gcn/gemm_stage.cpp:110]   --->   Operation 2413 'add' 'add_ln110_200' <Predicate = true> <Delay = 0.64> <CoreInst = "DSP48">   --->   Core 124 'DSP48' <Latency = 3> <II = 1> <Delay = 0.53> <IPBlock> <Opcode : 'add' 'sub' 'mul' 'select'> <InPorts = 0> <OutPorts = 1> <Sync> <CReg>
ST_4 : Operation 2414 [1/1] ( I:0.67ns O:0.67ns )   --->   "%store_ln110 = store i32 %add_ln110_200, i4 %XW_block_200_addr" [src/integrated-gcn/gemm_stage.cpp:110]   --->   Operation 2414 'store' 'store_ln110' <Predicate = true> <Delay = 0.67> <CoreInst = "RAM">   --->   Core 82 'RAM' <Latency = 1> <II = 1> <Delay = 0.67> <Storage> <Opcode : 'load' 'store'> <Ports = 2> <Width = 32> <Depth = 16> <RAM>
ST_4 : Operation 2415 [1/2] (0.64ns) (root node of the DSP)   --->   "%add_ln110_201 = add i32 %XW_block_201_load, i32 %mul_ln110_201" [src/integrated-gcn/gemm_stage.cpp:110]   --->   Operation 2415 'add' 'add_ln110_201' <Predicate = true> <Delay = 0.64> <CoreInst = "DSP48">   --->   Core 124 'DSP48' <Latency = 3> <II = 1> <Delay = 0.53> <IPBlock> <Opcode : 'add' 'sub' 'mul' 'select'> <InPorts = 0> <OutPorts = 1> <Sync> <CReg>
ST_4 : Operation 2416 [1/1] ( I:0.67ns O:0.67ns )   --->   "%store_ln110 = store i32 %add_ln110_201, i4 %XW_block_201_addr" [src/integrated-gcn/gemm_stage.cpp:110]   --->   Operation 2416 'store' 'store_ln110' <Predicate = true> <Delay = 0.67> <CoreInst = "RAM">   --->   Core 82 'RAM' <Latency = 1> <II = 1> <Delay = 0.67> <Storage> <Opcode : 'load' 'store'> <Ports = 2> <Width = 32> <Depth = 16> <RAM>
ST_4 : Operation 2417 [1/2] (0.64ns) (root node of the DSP)   --->   "%add_ln110_202 = add i32 %XW_block_202_load, i32 %mul_ln110_202" [src/integrated-gcn/gemm_stage.cpp:110]   --->   Operation 2417 'add' 'add_ln110_202' <Predicate = true> <Delay = 0.64> <CoreInst = "DSP48">   --->   Core 124 'DSP48' <Latency = 3> <II = 1> <Delay = 0.53> <IPBlock> <Opcode : 'add' 'sub' 'mul' 'select'> <InPorts = 0> <OutPorts = 1> <Sync> <CReg>
ST_4 : Operation 2418 [1/1] ( I:0.67ns O:0.67ns )   --->   "%store_ln110 = store i32 %add_ln110_202, i4 %XW_block_202_addr" [src/integrated-gcn/gemm_stage.cpp:110]   --->   Operation 2418 'store' 'store_ln110' <Predicate = true> <Delay = 0.67> <CoreInst = "RAM">   --->   Core 82 'RAM' <Latency = 1> <II = 1> <Delay = 0.67> <Storage> <Opcode : 'load' 'store'> <Ports = 2> <Width = 32> <Depth = 16> <RAM>
ST_4 : Operation 2419 [1/2] (0.64ns) (root node of the DSP)   --->   "%add_ln110_203 = add i32 %XW_block_203_load, i32 %mul_ln110_203" [src/integrated-gcn/gemm_stage.cpp:110]   --->   Operation 2419 'add' 'add_ln110_203' <Predicate = true> <Delay = 0.64> <CoreInst = "DSP48">   --->   Core 124 'DSP48' <Latency = 3> <II = 1> <Delay = 0.53> <IPBlock> <Opcode : 'add' 'sub' 'mul' 'select'> <InPorts = 0> <OutPorts = 1> <Sync> <CReg>
ST_4 : Operation 2420 [1/1] ( I:0.67ns O:0.67ns )   --->   "%store_ln110 = store i32 %add_ln110_203, i4 %XW_block_203_addr" [src/integrated-gcn/gemm_stage.cpp:110]   --->   Operation 2420 'store' 'store_ln110' <Predicate = true> <Delay = 0.67> <CoreInst = "RAM">   --->   Core 82 'RAM' <Latency = 1> <II = 1> <Delay = 0.67> <Storage> <Opcode : 'load' 'store'> <Ports = 2> <Width = 32> <Depth = 16> <RAM>
ST_4 : Operation 2421 [1/2] (0.64ns) (root node of the DSP)   --->   "%add_ln110_204 = add i32 %XW_block_204_load, i32 %mul_ln110_204" [src/integrated-gcn/gemm_stage.cpp:110]   --->   Operation 2421 'add' 'add_ln110_204' <Predicate = true> <Delay = 0.64> <CoreInst = "DSP48">   --->   Core 124 'DSP48' <Latency = 3> <II = 1> <Delay = 0.53> <IPBlock> <Opcode : 'add' 'sub' 'mul' 'select'> <InPorts = 0> <OutPorts = 1> <Sync> <CReg>
ST_4 : Operation 2422 [1/1] ( I:0.67ns O:0.67ns )   --->   "%store_ln110 = store i32 %add_ln110_204, i4 %XW_block_204_addr" [src/integrated-gcn/gemm_stage.cpp:110]   --->   Operation 2422 'store' 'store_ln110' <Predicate = true> <Delay = 0.67> <CoreInst = "RAM">   --->   Core 82 'RAM' <Latency = 1> <II = 1> <Delay = 0.67> <Storage> <Opcode : 'load' 'store'> <Ports = 2> <Width = 32> <Depth = 16> <RAM>
ST_4 : Operation 2423 [1/2] (0.64ns) (root node of the DSP)   --->   "%add_ln110_205 = add i32 %XW_block_205_load, i32 %mul_ln110_205" [src/integrated-gcn/gemm_stage.cpp:110]   --->   Operation 2423 'add' 'add_ln110_205' <Predicate = true> <Delay = 0.64> <CoreInst = "DSP48">   --->   Core 124 'DSP48' <Latency = 3> <II = 1> <Delay = 0.53> <IPBlock> <Opcode : 'add' 'sub' 'mul' 'select'> <InPorts = 0> <OutPorts = 1> <Sync> <CReg>
ST_4 : Operation 2424 [1/1] ( I:0.67ns O:0.67ns )   --->   "%store_ln110 = store i32 %add_ln110_205, i4 %XW_block_205_addr" [src/integrated-gcn/gemm_stage.cpp:110]   --->   Operation 2424 'store' 'store_ln110' <Predicate = true> <Delay = 0.67> <CoreInst = "RAM">   --->   Core 82 'RAM' <Latency = 1> <II = 1> <Delay = 0.67> <Storage> <Opcode : 'load' 'store'> <Ports = 2> <Width = 32> <Depth = 16> <RAM>
ST_4 : Operation 2425 [1/2] (0.64ns) (root node of the DSP)   --->   "%add_ln110_206 = add i32 %XW_block_206_load, i32 %mul_ln110_206" [src/integrated-gcn/gemm_stage.cpp:110]   --->   Operation 2425 'add' 'add_ln110_206' <Predicate = true> <Delay = 0.64> <CoreInst = "DSP48">   --->   Core 124 'DSP48' <Latency = 3> <II = 1> <Delay = 0.53> <IPBlock> <Opcode : 'add' 'sub' 'mul' 'select'> <InPorts = 0> <OutPorts = 1> <Sync> <CReg>
ST_4 : Operation 2426 [1/1] ( I:0.67ns O:0.67ns )   --->   "%store_ln110 = store i32 %add_ln110_206, i4 %XW_block_206_addr" [src/integrated-gcn/gemm_stage.cpp:110]   --->   Operation 2426 'store' 'store_ln110' <Predicate = true> <Delay = 0.67> <CoreInst = "RAM">   --->   Core 82 'RAM' <Latency = 1> <II = 1> <Delay = 0.67> <Storage> <Opcode : 'load' 'store'> <Ports = 2> <Width = 32> <Depth = 16> <RAM>
ST_4 : Operation 2427 [1/2] (0.64ns) (root node of the DSP)   --->   "%add_ln110_207 = add i32 %XW_block_207_load, i32 %mul_ln110_207" [src/integrated-gcn/gemm_stage.cpp:110]   --->   Operation 2427 'add' 'add_ln110_207' <Predicate = true> <Delay = 0.64> <CoreInst = "DSP48">   --->   Core 124 'DSP48' <Latency = 3> <II = 1> <Delay = 0.53> <IPBlock> <Opcode : 'add' 'sub' 'mul' 'select'> <InPorts = 0> <OutPorts = 1> <Sync> <CReg>
ST_4 : Operation 2428 [1/1] ( I:0.67ns O:0.67ns )   --->   "%store_ln110 = store i32 %add_ln110_207, i4 %XW_block_207_addr" [src/integrated-gcn/gemm_stage.cpp:110]   --->   Operation 2428 'store' 'store_ln110' <Predicate = true> <Delay = 0.67> <CoreInst = "RAM">   --->   Core 82 'RAM' <Latency = 1> <II = 1> <Delay = 0.67> <Storage> <Opcode : 'load' 'store'> <Ports = 2> <Width = 32> <Depth = 16> <RAM>
ST_4 : Operation 2429 [1/2] (0.64ns) (root node of the DSP)   --->   "%add_ln110_208 = add i32 %XW_block_208_load, i32 %mul_ln110_208" [src/integrated-gcn/gemm_stage.cpp:110]   --->   Operation 2429 'add' 'add_ln110_208' <Predicate = true> <Delay = 0.64> <CoreInst = "DSP48">   --->   Core 124 'DSP48' <Latency = 3> <II = 1> <Delay = 0.53> <IPBlock> <Opcode : 'add' 'sub' 'mul' 'select'> <InPorts = 0> <OutPorts = 1> <Sync> <CReg>
ST_4 : Operation 2430 [1/1] ( I:0.67ns O:0.67ns )   --->   "%store_ln110 = store i32 %add_ln110_208, i4 %XW_block_208_addr" [src/integrated-gcn/gemm_stage.cpp:110]   --->   Operation 2430 'store' 'store_ln110' <Predicate = true> <Delay = 0.67> <CoreInst = "RAM">   --->   Core 82 'RAM' <Latency = 1> <II = 1> <Delay = 0.67> <Storage> <Opcode : 'load' 'store'> <Ports = 2> <Width = 32> <Depth = 16> <RAM>
ST_4 : Operation 2431 [1/2] (0.64ns) (root node of the DSP)   --->   "%add_ln110_209 = add i32 %XW_block_209_load, i32 %mul_ln110_209" [src/integrated-gcn/gemm_stage.cpp:110]   --->   Operation 2431 'add' 'add_ln110_209' <Predicate = true> <Delay = 0.64> <CoreInst = "DSP48">   --->   Core 124 'DSP48' <Latency = 3> <II = 1> <Delay = 0.53> <IPBlock> <Opcode : 'add' 'sub' 'mul' 'select'> <InPorts = 0> <OutPorts = 1> <Sync> <CReg>
ST_4 : Operation 2432 [1/1] ( I:0.67ns O:0.67ns )   --->   "%store_ln110 = store i32 %add_ln110_209, i4 %XW_block_209_addr" [src/integrated-gcn/gemm_stage.cpp:110]   --->   Operation 2432 'store' 'store_ln110' <Predicate = true> <Delay = 0.67> <CoreInst = "RAM">   --->   Core 82 'RAM' <Latency = 1> <II = 1> <Delay = 0.67> <Storage> <Opcode : 'load' 'store'> <Ports = 2> <Width = 32> <Depth = 16> <RAM>
ST_4 : Operation 2433 [1/2] (0.64ns) (root node of the DSP)   --->   "%add_ln110_210 = add i32 %XW_block_210_load, i32 %mul_ln110_210" [src/integrated-gcn/gemm_stage.cpp:110]   --->   Operation 2433 'add' 'add_ln110_210' <Predicate = true> <Delay = 0.64> <CoreInst = "DSP48">   --->   Core 124 'DSP48' <Latency = 3> <II = 1> <Delay = 0.53> <IPBlock> <Opcode : 'add' 'sub' 'mul' 'select'> <InPorts = 0> <OutPorts = 1> <Sync> <CReg>
ST_4 : Operation 2434 [1/1] ( I:0.67ns O:0.67ns )   --->   "%store_ln110 = store i32 %add_ln110_210, i4 %XW_block_210_addr" [src/integrated-gcn/gemm_stage.cpp:110]   --->   Operation 2434 'store' 'store_ln110' <Predicate = true> <Delay = 0.67> <CoreInst = "RAM">   --->   Core 82 'RAM' <Latency = 1> <II = 1> <Delay = 0.67> <Storage> <Opcode : 'load' 'store'> <Ports = 2> <Width = 32> <Depth = 16> <RAM>
ST_4 : Operation 2435 [1/2] (0.64ns) (root node of the DSP)   --->   "%add_ln110_211 = add i32 %XW_block_211_load, i32 %mul_ln110_211" [src/integrated-gcn/gemm_stage.cpp:110]   --->   Operation 2435 'add' 'add_ln110_211' <Predicate = true> <Delay = 0.64> <CoreInst = "DSP48">   --->   Core 124 'DSP48' <Latency = 3> <II = 1> <Delay = 0.53> <IPBlock> <Opcode : 'add' 'sub' 'mul' 'select'> <InPorts = 0> <OutPorts = 1> <Sync> <CReg>
ST_4 : Operation 2436 [1/1] ( I:0.67ns O:0.67ns )   --->   "%store_ln110 = store i32 %add_ln110_211, i4 %XW_block_211_addr" [src/integrated-gcn/gemm_stage.cpp:110]   --->   Operation 2436 'store' 'store_ln110' <Predicate = true> <Delay = 0.67> <CoreInst = "RAM">   --->   Core 82 'RAM' <Latency = 1> <II = 1> <Delay = 0.67> <Storage> <Opcode : 'load' 'store'> <Ports = 2> <Width = 32> <Depth = 16> <RAM>
ST_4 : Operation 2437 [1/2] (0.64ns) (root node of the DSP)   --->   "%add_ln110_212 = add i32 %XW_block_212_load, i32 %mul_ln110_212" [src/integrated-gcn/gemm_stage.cpp:110]   --->   Operation 2437 'add' 'add_ln110_212' <Predicate = true> <Delay = 0.64> <CoreInst = "DSP48">   --->   Core 124 'DSP48' <Latency = 3> <II = 1> <Delay = 0.53> <IPBlock> <Opcode : 'add' 'sub' 'mul' 'select'> <InPorts = 0> <OutPorts = 1> <Sync> <CReg>
ST_4 : Operation 2438 [1/1] ( I:0.67ns O:0.67ns )   --->   "%store_ln110 = store i32 %add_ln110_212, i4 %XW_block_212_addr" [src/integrated-gcn/gemm_stage.cpp:110]   --->   Operation 2438 'store' 'store_ln110' <Predicate = true> <Delay = 0.67> <CoreInst = "RAM">   --->   Core 82 'RAM' <Latency = 1> <II = 1> <Delay = 0.67> <Storage> <Opcode : 'load' 'store'> <Ports = 2> <Width = 32> <Depth = 16> <RAM>
ST_4 : Operation 2439 [1/2] (0.64ns) (root node of the DSP)   --->   "%add_ln110_213 = add i32 %XW_block_213_load, i32 %mul_ln110_213" [src/integrated-gcn/gemm_stage.cpp:110]   --->   Operation 2439 'add' 'add_ln110_213' <Predicate = true> <Delay = 0.64> <CoreInst = "DSP48">   --->   Core 124 'DSP48' <Latency = 3> <II = 1> <Delay = 0.53> <IPBlock> <Opcode : 'add' 'sub' 'mul' 'select'> <InPorts = 0> <OutPorts = 1> <Sync> <CReg>
ST_4 : Operation 2440 [1/1] ( I:0.67ns O:0.67ns )   --->   "%store_ln110 = store i32 %add_ln110_213, i4 %XW_block_213_addr" [src/integrated-gcn/gemm_stage.cpp:110]   --->   Operation 2440 'store' 'store_ln110' <Predicate = true> <Delay = 0.67> <CoreInst = "RAM">   --->   Core 82 'RAM' <Latency = 1> <II = 1> <Delay = 0.67> <Storage> <Opcode : 'load' 'store'> <Ports = 2> <Width = 32> <Depth = 16> <RAM>
ST_4 : Operation 2441 [1/2] (0.64ns) (root node of the DSP)   --->   "%add_ln110_214 = add i32 %XW_block_214_load, i32 %mul_ln110_214" [src/integrated-gcn/gemm_stage.cpp:110]   --->   Operation 2441 'add' 'add_ln110_214' <Predicate = true> <Delay = 0.64> <CoreInst = "DSP48">   --->   Core 124 'DSP48' <Latency = 3> <II = 1> <Delay = 0.53> <IPBlock> <Opcode : 'add' 'sub' 'mul' 'select'> <InPorts = 0> <OutPorts = 1> <Sync> <CReg>
ST_4 : Operation 2442 [1/1] ( I:0.67ns O:0.67ns )   --->   "%store_ln110 = store i32 %add_ln110_214, i4 %XW_block_214_addr" [src/integrated-gcn/gemm_stage.cpp:110]   --->   Operation 2442 'store' 'store_ln110' <Predicate = true> <Delay = 0.67> <CoreInst = "RAM">   --->   Core 82 'RAM' <Latency = 1> <II = 1> <Delay = 0.67> <Storage> <Opcode : 'load' 'store'> <Ports = 2> <Width = 32> <Depth = 16> <RAM>
ST_4 : Operation 2443 [1/2] (0.64ns) (root node of the DSP)   --->   "%add_ln110_215 = add i32 %XW_block_215_load, i32 %mul_ln110_215" [src/integrated-gcn/gemm_stage.cpp:110]   --->   Operation 2443 'add' 'add_ln110_215' <Predicate = true> <Delay = 0.64> <CoreInst = "DSP48">   --->   Core 124 'DSP48' <Latency = 3> <II = 1> <Delay = 0.53> <IPBlock> <Opcode : 'add' 'sub' 'mul' 'select'> <InPorts = 0> <OutPorts = 1> <Sync> <CReg>
ST_4 : Operation 2444 [1/1] ( I:0.67ns O:0.67ns )   --->   "%store_ln110 = store i32 %add_ln110_215, i4 %XW_block_215_addr" [src/integrated-gcn/gemm_stage.cpp:110]   --->   Operation 2444 'store' 'store_ln110' <Predicate = true> <Delay = 0.67> <CoreInst = "RAM">   --->   Core 82 'RAM' <Latency = 1> <II = 1> <Delay = 0.67> <Storage> <Opcode : 'load' 'store'> <Ports = 2> <Width = 32> <Depth = 16> <RAM>
ST_4 : Operation 2445 [1/2] (0.64ns) (root node of the DSP)   --->   "%add_ln110_216 = add i32 %XW_block_216_load, i32 %mul_ln110_216" [src/integrated-gcn/gemm_stage.cpp:110]   --->   Operation 2445 'add' 'add_ln110_216' <Predicate = true> <Delay = 0.64> <CoreInst = "DSP48">   --->   Core 124 'DSP48' <Latency = 3> <II = 1> <Delay = 0.53> <IPBlock> <Opcode : 'add' 'sub' 'mul' 'select'> <InPorts = 0> <OutPorts = 1> <Sync> <CReg>
ST_4 : Operation 2446 [1/1] ( I:0.67ns O:0.67ns )   --->   "%store_ln110 = store i32 %add_ln110_216, i4 %XW_block_216_addr" [src/integrated-gcn/gemm_stage.cpp:110]   --->   Operation 2446 'store' 'store_ln110' <Predicate = true> <Delay = 0.67> <CoreInst = "RAM">   --->   Core 82 'RAM' <Latency = 1> <II = 1> <Delay = 0.67> <Storage> <Opcode : 'load' 'store'> <Ports = 2> <Width = 32> <Depth = 16> <RAM>
ST_4 : Operation 2447 [1/2] (0.64ns) (root node of the DSP)   --->   "%add_ln110_217 = add i32 %XW_block_217_load, i32 %mul_ln110_217" [src/integrated-gcn/gemm_stage.cpp:110]   --->   Operation 2447 'add' 'add_ln110_217' <Predicate = true> <Delay = 0.64> <CoreInst = "DSP48">   --->   Core 124 'DSP48' <Latency = 3> <II = 1> <Delay = 0.53> <IPBlock> <Opcode : 'add' 'sub' 'mul' 'select'> <InPorts = 0> <OutPorts = 1> <Sync> <CReg>
ST_4 : Operation 2448 [1/1] ( I:0.67ns O:0.67ns )   --->   "%store_ln110 = store i32 %add_ln110_217, i4 %XW_block_217_addr" [src/integrated-gcn/gemm_stage.cpp:110]   --->   Operation 2448 'store' 'store_ln110' <Predicate = true> <Delay = 0.67> <CoreInst = "RAM">   --->   Core 82 'RAM' <Latency = 1> <II = 1> <Delay = 0.67> <Storage> <Opcode : 'load' 'store'> <Ports = 2> <Width = 32> <Depth = 16> <RAM>
ST_4 : Operation 2449 [1/2] (0.64ns) (root node of the DSP)   --->   "%add_ln110_218 = add i32 %XW_block_218_load, i32 %mul_ln110_218" [src/integrated-gcn/gemm_stage.cpp:110]   --->   Operation 2449 'add' 'add_ln110_218' <Predicate = true> <Delay = 0.64> <CoreInst = "DSP48">   --->   Core 124 'DSP48' <Latency = 3> <II = 1> <Delay = 0.53> <IPBlock> <Opcode : 'add' 'sub' 'mul' 'select'> <InPorts = 0> <OutPorts = 1> <Sync> <CReg>
ST_4 : Operation 2450 [1/1] ( I:0.67ns O:0.67ns )   --->   "%store_ln110 = store i32 %add_ln110_218, i4 %XW_block_218_addr" [src/integrated-gcn/gemm_stage.cpp:110]   --->   Operation 2450 'store' 'store_ln110' <Predicate = true> <Delay = 0.67> <CoreInst = "RAM">   --->   Core 82 'RAM' <Latency = 1> <II = 1> <Delay = 0.67> <Storage> <Opcode : 'load' 'store'> <Ports = 2> <Width = 32> <Depth = 16> <RAM>
ST_4 : Operation 2451 [1/2] (0.64ns) (root node of the DSP)   --->   "%add_ln110_219 = add i32 %XW_block_219_load, i32 %mul_ln110_219" [src/integrated-gcn/gemm_stage.cpp:110]   --->   Operation 2451 'add' 'add_ln110_219' <Predicate = true> <Delay = 0.64> <CoreInst = "DSP48">   --->   Core 124 'DSP48' <Latency = 3> <II = 1> <Delay = 0.53> <IPBlock> <Opcode : 'add' 'sub' 'mul' 'select'> <InPorts = 0> <OutPorts = 1> <Sync> <CReg>
ST_4 : Operation 2452 [1/1] ( I:0.67ns O:0.67ns )   --->   "%store_ln110 = store i32 %add_ln110_219, i4 %XW_block_219_addr" [src/integrated-gcn/gemm_stage.cpp:110]   --->   Operation 2452 'store' 'store_ln110' <Predicate = true> <Delay = 0.67> <CoreInst = "RAM">   --->   Core 82 'RAM' <Latency = 1> <II = 1> <Delay = 0.67> <Storage> <Opcode : 'load' 'store'> <Ports = 2> <Width = 32> <Depth = 16> <RAM>
ST_4 : Operation 2453 [1/2] (0.64ns) (root node of the DSP)   --->   "%add_ln110_220 = add i32 %XW_block_220_load, i32 %mul_ln110_220" [src/integrated-gcn/gemm_stage.cpp:110]   --->   Operation 2453 'add' 'add_ln110_220' <Predicate = true> <Delay = 0.64> <CoreInst = "DSP48">   --->   Core 124 'DSP48' <Latency = 3> <II = 1> <Delay = 0.53> <IPBlock> <Opcode : 'add' 'sub' 'mul' 'select'> <InPorts = 0> <OutPorts = 1> <Sync> <CReg>
ST_4 : Operation 2454 [1/1] ( I:0.67ns O:0.67ns )   --->   "%store_ln110 = store i32 %add_ln110_220, i4 %XW_block_220_addr" [src/integrated-gcn/gemm_stage.cpp:110]   --->   Operation 2454 'store' 'store_ln110' <Predicate = true> <Delay = 0.67> <CoreInst = "RAM">   --->   Core 82 'RAM' <Latency = 1> <II = 1> <Delay = 0.67> <Storage> <Opcode : 'load' 'store'> <Ports = 2> <Width = 32> <Depth = 16> <RAM>
ST_4 : Operation 2455 [1/2] (0.64ns) (root node of the DSP)   --->   "%add_ln110_221 = add i32 %XW_block_221_load, i32 %mul_ln110_221" [src/integrated-gcn/gemm_stage.cpp:110]   --->   Operation 2455 'add' 'add_ln110_221' <Predicate = true> <Delay = 0.64> <CoreInst = "DSP48">   --->   Core 124 'DSP48' <Latency = 3> <II = 1> <Delay = 0.53> <IPBlock> <Opcode : 'add' 'sub' 'mul' 'select'> <InPorts = 0> <OutPorts = 1> <Sync> <CReg>
ST_4 : Operation 2456 [1/1] ( I:0.67ns O:0.67ns )   --->   "%store_ln110 = store i32 %add_ln110_221, i4 %XW_block_221_addr" [src/integrated-gcn/gemm_stage.cpp:110]   --->   Operation 2456 'store' 'store_ln110' <Predicate = true> <Delay = 0.67> <CoreInst = "RAM">   --->   Core 82 'RAM' <Latency = 1> <II = 1> <Delay = 0.67> <Storage> <Opcode : 'load' 'store'> <Ports = 2> <Width = 32> <Depth = 16> <RAM>
ST_4 : Operation 2457 [1/2] (0.64ns) (root node of the DSP)   --->   "%add_ln110_222 = add i32 %XW_block_222_load, i32 %mul_ln110_222" [src/integrated-gcn/gemm_stage.cpp:110]   --->   Operation 2457 'add' 'add_ln110_222' <Predicate = true> <Delay = 0.64> <CoreInst = "DSP48">   --->   Core 124 'DSP48' <Latency = 3> <II = 1> <Delay = 0.53> <IPBlock> <Opcode : 'add' 'sub' 'mul' 'select'> <InPorts = 0> <OutPorts = 1> <Sync> <CReg>
ST_4 : Operation 2458 [1/1] ( I:0.67ns O:0.67ns )   --->   "%store_ln110 = store i32 %add_ln110_222, i4 %XW_block_222_addr" [src/integrated-gcn/gemm_stage.cpp:110]   --->   Operation 2458 'store' 'store_ln110' <Predicate = true> <Delay = 0.67> <CoreInst = "RAM">   --->   Core 82 'RAM' <Latency = 1> <II = 1> <Delay = 0.67> <Storage> <Opcode : 'load' 'store'> <Ports = 2> <Width = 32> <Depth = 16> <RAM>
ST_4 : Operation 2459 [1/2] (0.64ns) (root node of the DSP)   --->   "%add_ln110_223 = add i32 %XW_block_223_load, i32 %mul_ln110_223" [src/integrated-gcn/gemm_stage.cpp:110]   --->   Operation 2459 'add' 'add_ln110_223' <Predicate = true> <Delay = 0.64> <CoreInst = "DSP48">   --->   Core 124 'DSP48' <Latency = 3> <II = 1> <Delay = 0.53> <IPBlock> <Opcode : 'add' 'sub' 'mul' 'select'> <InPorts = 0> <OutPorts = 1> <Sync> <CReg>
ST_4 : Operation 2460 [1/1] ( I:0.67ns O:0.67ns )   --->   "%store_ln110 = store i32 %add_ln110_223, i4 %XW_block_223_addr" [src/integrated-gcn/gemm_stage.cpp:110]   --->   Operation 2460 'store' 'store_ln110' <Predicate = true> <Delay = 0.67> <CoreInst = "RAM">   --->   Core 82 'RAM' <Latency = 1> <II = 1> <Delay = 0.67> <Storage> <Opcode : 'load' 'store'> <Ports = 2> <Width = 32> <Depth = 16> <RAM>
ST_4 : Operation 2461 [1/2] (0.64ns) (root node of the DSP)   --->   "%add_ln110_224 = add i32 %XW_block_224_load, i32 %mul_ln110_224" [src/integrated-gcn/gemm_stage.cpp:110]   --->   Operation 2461 'add' 'add_ln110_224' <Predicate = true> <Delay = 0.64> <CoreInst = "DSP48">   --->   Core 124 'DSP48' <Latency = 3> <II = 1> <Delay = 0.53> <IPBlock> <Opcode : 'add' 'sub' 'mul' 'select'> <InPorts = 0> <OutPorts = 1> <Sync> <CReg>
ST_4 : Operation 2462 [1/1] ( I:0.67ns O:0.67ns )   --->   "%store_ln110 = store i32 %add_ln110_224, i4 %XW_block_224_addr" [src/integrated-gcn/gemm_stage.cpp:110]   --->   Operation 2462 'store' 'store_ln110' <Predicate = true> <Delay = 0.67> <CoreInst = "RAM">   --->   Core 82 'RAM' <Latency = 1> <II = 1> <Delay = 0.67> <Storage> <Opcode : 'load' 'store'> <Ports = 2> <Width = 32> <Depth = 16> <RAM>
ST_4 : Operation 2463 [1/2] (0.64ns) (root node of the DSP)   --->   "%add_ln110_225 = add i32 %XW_block_225_load, i32 %mul_ln110_225" [src/integrated-gcn/gemm_stage.cpp:110]   --->   Operation 2463 'add' 'add_ln110_225' <Predicate = true> <Delay = 0.64> <CoreInst = "DSP48">   --->   Core 124 'DSP48' <Latency = 3> <II = 1> <Delay = 0.53> <IPBlock> <Opcode : 'add' 'sub' 'mul' 'select'> <InPorts = 0> <OutPorts = 1> <Sync> <CReg>
ST_4 : Operation 2464 [1/1] ( I:0.67ns O:0.67ns )   --->   "%store_ln110 = store i32 %add_ln110_225, i4 %XW_block_225_addr" [src/integrated-gcn/gemm_stage.cpp:110]   --->   Operation 2464 'store' 'store_ln110' <Predicate = true> <Delay = 0.67> <CoreInst = "RAM">   --->   Core 82 'RAM' <Latency = 1> <II = 1> <Delay = 0.67> <Storage> <Opcode : 'load' 'store'> <Ports = 2> <Width = 32> <Depth = 16> <RAM>
ST_4 : Operation 2465 [1/2] (0.64ns) (root node of the DSP)   --->   "%add_ln110_226 = add i32 %XW_block_226_load, i32 %mul_ln110_226" [src/integrated-gcn/gemm_stage.cpp:110]   --->   Operation 2465 'add' 'add_ln110_226' <Predicate = true> <Delay = 0.64> <CoreInst = "DSP48">   --->   Core 124 'DSP48' <Latency = 3> <II = 1> <Delay = 0.53> <IPBlock> <Opcode : 'add' 'sub' 'mul' 'select'> <InPorts = 0> <OutPorts = 1> <Sync> <CReg>
ST_4 : Operation 2466 [1/1] ( I:0.67ns O:0.67ns )   --->   "%store_ln110 = store i32 %add_ln110_226, i4 %XW_block_226_addr" [src/integrated-gcn/gemm_stage.cpp:110]   --->   Operation 2466 'store' 'store_ln110' <Predicate = true> <Delay = 0.67> <CoreInst = "RAM">   --->   Core 82 'RAM' <Latency = 1> <II = 1> <Delay = 0.67> <Storage> <Opcode : 'load' 'store'> <Ports = 2> <Width = 32> <Depth = 16> <RAM>
ST_4 : Operation 2467 [1/2] (0.64ns) (root node of the DSP)   --->   "%add_ln110_227 = add i32 %XW_block_227_load, i32 %mul_ln110_227" [src/integrated-gcn/gemm_stage.cpp:110]   --->   Operation 2467 'add' 'add_ln110_227' <Predicate = true> <Delay = 0.64> <CoreInst = "DSP48">   --->   Core 124 'DSP48' <Latency = 3> <II = 1> <Delay = 0.53> <IPBlock> <Opcode : 'add' 'sub' 'mul' 'select'> <InPorts = 0> <OutPorts = 1> <Sync> <CReg>
ST_4 : Operation 2468 [1/1] ( I:0.67ns O:0.67ns )   --->   "%store_ln110 = store i32 %add_ln110_227, i4 %XW_block_227_addr" [src/integrated-gcn/gemm_stage.cpp:110]   --->   Operation 2468 'store' 'store_ln110' <Predicate = true> <Delay = 0.67> <CoreInst = "RAM">   --->   Core 82 'RAM' <Latency = 1> <II = 1> <Delay = 0.67> <Storage> <Opcode : 'load' 'store'> <Ports = 2> <Width = 32> <Depth = 16> <RAM>
ST_4 : Operation 2469 [1/2] (0.64ns) (root node of the DSP)   --->   "%add_ln110_228 = add i32 %XW_block_228_load, i32 %mul_ln110_228" [src/integrated-gcn/gemm_stage.cpp:110]   --->   Operation 2469 'add' 'add_ln110_228' <Predicate = true> <Delay = 0.64> <CoreInst = "DSP48">   --->   Core 124 'DSP48' <Latency = 3> <II = 1> <Delay = 0.53> <IPBlock> <Opcode : 'add' 'sub' 'mul' 'select'> <InPorts = 0> <OutPorts = 1> <Sync> <CReg>
ST_4 : Operation 2470 [1/1] ( I:0.67ns O:0.67ns )   --->   "%store_ln110 = store i32 %add_ln110_228, i4 %XW_block_228_addr" [src/integrated-gcn/gemm_stage.cpp:110]   --->   Operation 2470 'store' 'store_ln110' <Predicate = true> <Delay = 0.67> <CoreInst = "RAM">   --->   Core 82 'RAM' <Latency = 1> <II = 1> <Delay = 0.67> <Storage> <Opcode : 'load' 'store'> <Ports = 2> <Width = 32> <Depth = 16> <RAM>
ST_4 : Operation 2471 [1/2] (0.64ns) (root node of the DSP)   --->   "%add_ln110_229 = add i32 %XW_block_229_load, i32 %mul_ln110_229" [src/integrated-gcn/gemm_stage.cpp:110]   --->   Operation 2471 'add' 'add_ln110_229' <Predicate = true> <Delay = 0.64> <CoreInst = "DSP48">   --->   Core 124 'DSP48' <Latency = 3> <II = 1> <Delay = 0.53> <IPBlock> <Opcode : 'add' 'sub' 'mul' 'select'> <InPorts = 0> <OutPorts = 1> <Sync> <CReg>
ST_4 : Operation 2472 [1/1] ( I:0.67ns O:0.67ns )   --->   "%store_ln110 = store i32 %add_ln110_229, i4 %XW_block_229_addr" [src/integrated-gcn/gemm_stage.cpp:110]   --->   Operation 2472 'store' 'store_ln110' <Predicate = true> <Delay = 0.67> <CoreInst = "RAM">   --->   Core 82 'RAM' <Latency = 1> <II = 1> <Delay = 0.67> <Storage> <Opcode : 'load' 'store'> <Ports = 2> <Width = 32> <Depth = 16> <RAM>
ST_4 : Operation 2473 [1/2] (0.64ns) (root node of the DSP)   --->   "%add_ln110_230 = add i32 %XW_block_230_load, i32 %mul_ln110_230" [src/integrated-gcn/gemm_stage.cpp:110]   --->   Operation 2473 'add' 'add_ln110_230' <Predicate = true> <Delay = 0.64> <CoreInst = "DSP48">   --->   Core 124 'DSP48' <Latency = 3> <II = 1> <Delay = 0.53> <IPBlock> <Opcode : 'add' 'sub' 'mul' 'select'> <InPorts = 0> <OutPorts = 1> <Sync> <CReg>
ST_4 : Operation 2474 [1/1] ( I:0.67ns O:0.67ns )   --->   "%store_ln110 = store i32 %add_ln110_230, i4 %XW_block_230_addr" [src/integrated-gcn/gemm_stage.cpp:110]   --->   Operation 2474 'store' 'store_ln110' <Predicate = true> <Delay = 0.67> <CoreInst = "RAM">   --->   Core 82 'RAM' <Latency = 1> <II = 1> <Delay = 0.67> <Storage> <Opcode : 'load' 'store'> <Ports = 2> <Width = 32> <Depth = 16> <RAM>
ST_4 : Operation 2475 [1/2] (0.64ns) (root node of the DSP)   --->   "%add_ln110_231 = add i32 %XW_block_231_load, i32 %mul_ln110_231" [src/integrated-gcn/gemm_stage.cpp:110]   --->   Operation 2475 'add' 'add_ln110_231' <Predicate = true> <Delay = 0.64> <CoreInst = "DSP48">   --->   Core 124 'DSP48' <Latency = 3> <II = 1> <Delay = 0.53> <IPBlock> <Opcode : 'add' 'sub' 'mul' 'select'> <InPorts = 0> <OutPorts = 1> <Sync> <CReg>
ST_4 : Operation 2476 [1/1] ( I:0.67ns O:0.67ns )   --->   "%store_ln110 = store i32 %add_ln110_231, i4 %XW_block_231_addr" [src/integrated-gcn/gemm_stage.cpp:110]   --->   Operation 2476 'store' 'store_ln110' <Predicate = true> <Delay = 0.67> <CoreInst = "RAM">   --->   Core 82 'RAM' <Latency = 1> <II = 1> <Delay = 0.67> <Storage> <Opcode : 'load' 'store'> <Ports = 2> <Width = 32> <Depth = 16> <RAM>
ST_4 : Operation 2477 [1/2] (0.64ns) (root node of the DSP)   --->   "%add_ln110_232 = add i32 %XW_block_232_load, i32 %mul_ln110_232" [src/integrated-gcn/gemm_stage.cpp:110]   --->   Operation 2477 'add' 'add_ln110_232' <Predicate = true> <Delay = 0.64> <CoreInst = "DSP48">   --->   Core 124 'DSP48' <Latency = 3> <II = 1> <Delay = 0.53> <IPBlock> <Opcode : 'add' 'sub' 'mul' 'select'> <InPorts = 0> <OutPorts = 1> <Sync> <CReg>
ST_4 : Operation 2478 [1/1] ( I:0.67ns O:0.67ns )   --->   "%store_ln110 = store i32 %add_ln110_232, i4 %XW_block_232_addr" [src/integrated-gcn/gemm_stage.cpp:110]   --->   Operation 2478 'store' 'store_ln110' <Predicate = true> <Delay = 0.67> <CoreInst = "RAM">   --->   Core 82 'RAM' <Latency = 1> <II = 1> <Delay = 0.67> <Storage> <Opcode : 'load' 'store'> <Ports = 2> <Width = 32> <Depth = 16> <RAM>
ST_4 : Operation 2479 [1/2] (0.64ns) (root node of the DSP)   --->   "%add_ln110_233 = add i32 %XW_block_233_load, i32 %mul_ln110_233" [src/integrated-gcn/gemm_stage.cpp:110]   --->   Operation 2479 'add' 'add_ln110_233' <Predicate = true> <Delay = 0.64> <CoreInst = "DSP48">   --->   Core 124 'DSP48' <Latency = 3> <II = 1> <Delay = 0.53> <IPBlock> <Opcode : 'add' 'sub' 'mul' 'select'> <InPorts = 0> <OutPorts = 1> <Sync> <CReg>
ST_4 : Operation 2480 [1/1] ( I:0.67ns O:0.67ns )   --->   "%store_ln110 = store i32 %add_ln110_233, i4 %XW_block_233_addr" [src/integrated-gcn/gemm_stage.cpp:110]   --->   Operation 2480 'store' 'store_ln110' <Predicate = true> <Delay = 0.67> <CoreInst = "RAM">   --->   Core 82 'RAM' <Latency = 1> <II = 1> <Delay = 0.67> <Storage> <Opcode : 'load' 'store'> <Ports = 2> <Width = 32> <Depth = 16> <RAM>
ST_4 : Operation 2481 [1/2] (0.64ns) (root node of the DSP)   --->   "%add_ln110_234 = add i32 %XW_block_234_load, i32 %mul_ln110_234" [src/integrated-gcn/gemm_stage.cpp:110]   --->   Operation 2481 'add' 'add_ln110_234' <Predicate = true> <Delay = 0.64> <CoreInst = "DSP48">   --->   Core 124 'DSP48' <Latency = 3> <II = 1> <Delay = 0.53> <IPBlock> <Opcode : 'add' 'sub' 'mul' 'select'> <InPorts = 0> <OutPorts = 1> <Sync> <CReg>
ST_4 : Operation 2482 [1/1] ( I:0.67ns O:0.67ns )   --->   "%store_ln110 = store i32 %add_ln110_234, i4 %XW_block_234_addr" [src/integrated-gcn/gemm_stage.cpp:110]   --->   Operation 2482 'store' 'store_ln110' <Predicate = true> <Delay = 0.67> <CoreInst = "RAM">   --->   Core 82 'RAM' <Latency = 1> <II = 1> <Delay = 0.67> <Storage> <Opcode : 'load' 'store'> <Ports = 2> <Width = 32> <Depth = 16> <RAM>
ST_4 : Operation 2483 [1/2] (0.64ns) (root node of the DSP)   --->   "%add_ln110_235 = add i32 %XW_block_235_load, i32 %mul_ln110_235" [src/integrated-gcn/gemm_stage.cpp:110]   --->   Operation 2483 'add' 'add_ln110_235' <Predicate = true> <Delay = 0.64> <CoreInst = "DSP48">   --->   Core 124 'DSP48' <Latency = 3> <II = 1> <Delay = 0.53> <IPBlock> <Opcode : 'add' 'sub' 'mul' 'select'> <InPorts = 0> <OutPorts = 1> <Sync> <CReg>
ST_4 : Operation 2484 [1/1] ( I:0.67ns O:0.67ns )   --->   "%store_ln110 = store i32 %add_ln110_235, i4 %XW_block_235_addr" [src/integrated-gcn/gemm_stage.cpp:110]   --->   Operation 2484 'store' 'store_ln110' <Predicate = true> <Delay = 0.67> <CoreInst = "RAM">   --->   Core 82 'RAM' <Latency = 1> <II = 1> <Delay = 0.67> <Storage> <Opcode : 'load' 'store'> <Ports = 2> <Width = 32> <Depth = 16> <RAM>
ST_4 : Operation 2485 [1/2] (0.64ns) (root node of the DSP)   --->   "%add_ln110_236 = add i32 %XW_block_236_load, i32 %mul_ln110_236" [src/integrated-gcn/gemm_stage.cpp:110]   --->   Operation 2485 'add' 'add_ln110_236' <Predicate = true> <Delay = 0.64> <CoreInst = "DSP48">   --->   Core 124 'DSP48' <Latency = 3> <II = 1> <Delay = 0.53> <IPBlock> <Opcode : 'add' 'sub' 'mul' 'select'> <InPorts = 0> <OutPorts = 1> <Sync> <CReg>
ST_4 : Operation 2486 [1/1] ( I:0.67ns O:0.67ns )   --->   "%store_ln110 = store i32 %add_ln110_236, i4 %XW_block_236_addr" [src/integrated-gcn/gemm_stage.cpp:110]   --->   Operation 2486 'store' 'store_ln110' <Predicate = true> <Delay = 0.67> <CoreInst = "RAM">   --->   Core 82 'RAM' <Latency = 1> <II = 1> <Delay = 0.67> <Storage> <Opcode : 'load' 'store'> <Ports = 2> <Width = 32> <Depth = 16> <RAM>
ST_4 : Operation 2487 [1/2] (0.64ns) (root node of the DSP)   --->   "%add_ln110_237 = add i32 %XW_block_237_load, i32 %mul_ln110_237" [src/integrated-gcn/gemm_stage.cpp:110]   --->   Operation 2487 'add' 'add_ln110_237' <Predicate = true> <Delay = 0.64> <CoreInst = "DSP48">   --->   Core 124 'DSP48' <Latency = 3> <II = 1> <Delay = 0.53> <IPBlock> <Opcode : 'add' 'sub' 'mul' 'select'> <InPorts = 0> <OutPorts = 1> <Sync> <CReg>
ST_4 : Operation 2488 [1/1] ( I:0.67ns O:0.67ns )   --->   "%store_ln110 = store i32 %add_ln110_237, i4 %XW_block_237_addr" [src/integrated-gcn/gemm_stage.cpp:110]   --->   Operation 2488 'store' 'store_ln110' <Predicate = true> <Delay = 0.67> <CoreInst = "RAM">   --->   Core 82 'RAM' <Latency = 1> <II = 1> <Delay = 0.67> <Storage> <Opcode : 'load' 'store'> <Ports = 2> <Width = 32> <Depth = 16> <RAM>
ST_4 : Operation 2489 [1/2] (0.64ns) (root node of the DSP)   --->   "%add_ln110_238 = add i32 %XW_block_238_load, i32 %mul_ln110_238" [src/integrated-gcn/gemm_stage.cpp:110]   --->   Operation 2489 'add' 'add_ln110_238' <Predicate = true> <Delay = 0.64> <CoreInst = "DSP48">   --->   Core 124 'DSP48' <Latency = 3> <II = 1> <Delay = 0.53> <IPBlock> <Opcode : 'add' 'sub' 'mul' 'select'> <InPorts = 0> <OutPorts = 1> <Sync> <CReg>
ST_4 : Operation 2490 [1/1] ( I:0.67ns O:0.67ns )   --->   "%store_ln110 = store i32 %add_ln110_238, i4 %XW_block_238_addr" [src/integrated-gcn/gemm_stage.cpp:110]   --->   Operation 2490 'store' 'store_ln110' <Predicate = true> <Delay = 0.67> <CoreInst = "RAM">   --->   Core 82 'RAM' <Latency = 1> <II = 1> <Delay = 0.67> <Storage> <Opcode : 'load' 'store'> <Ports = 2> <Width = 32> <Depth = 16> <RAM>
ST_4 : Operation 2491 [1/2] (0.64ns) (root node of the DSP)   --->   "%add_ln110_239 = add i32 %XW_block_239_load, i32 %mul_ln110_239" [src/integrated-gcn/gemm_stage.cpp:110]   --->   Operation 2491 'add' 'add_ln110_239' <Predicate = true> <Delay = 0.64> <CoreInst = "DSP48">   --->   Core 124 'DSP48' <Latency = 3> <II = 1> <Delay = 0.53> <IPBlock> <Opcode : 'add' 'sub' 'mul' 'select'> <InPorts = 0> <OutPorts = 1> <Sync> <CReg>
ST_4 : Operation 2492 [1/1] ( I:0.67ns O:0.67ns )   --->   "%store_ln110 = store i32 %add_ln110_239, i4 %XW_block_239_addr" [src/integrated-gcn/gemm_stage.cpp:110]   --->   Operation 2492 'store' 'store_ln110' <Predicate = true> <Delay = 0.67> <CoreInst = "RAM">   --->   Core 82 'RAM' <Latency = 1> <II = 1> <Delay = 0.67> <Storage> <Opcode : 'load' 'store'> <Ports = 2> <Width = 32> <Depth = 16> <RAM>
ST_4 : Operation 2493 [1/2] (0.64ns) (root node of the DSP)   --->   "%add_ln110_240 = add i32 %XW_block_240_load, i32 %mul_ln110_240" [src/integrated-gcn/gemm_stage.cpp:110]   --->   Operation 2493 'add' 'add_ln110_240' <Predicate = true> <Delay = 0.64> <CoreInst = "DSP48">   --->   Core 124 'DSP48' <Latency = 3> <II = 1> <Delay = 0.53> <IPBlock> <Opcode : 'add' 'sub' 'mul' 'select'> <InPorts = 0> <OutPorts = 1> <Sync> <CReg>
ST_4 : Operation 2494 [1/1] ( I:0.67ns O:0.67ns )   --->   "%store_ln110 = store i32 %add_ln110_240, i4 %XW_block_240_addr" [src/integrated-gcn/gemm_stage.cpp:110]   --->   Operation 2494 'store' 'store_ln110' <Predicate = true> <Delay = 0.67> <CoreInst = "RAM">   --->   Core 82 'RAM' <Latency = 1> <II = 1> <Delay = 0.67> <Storage> <Opcode : 'load' 'store'> <Ports = 2> <Width = 32> <Depth = 16> <RAM>
ST_4 : Operation 2495 [1/2] (0.64ns) (root node of the DSP)   --->   "%add_ln110_241 = add i32 %XW_block_241_load, i32 %mul_ln110_241" [src/integrated-gcn/gemm_stage.cpp:110]   --->   Operation 2495 'add' 'add_ln110_241' <Predicate = true> <Delay = 0.64> <CoreInst = "DSP48">   --->   Core 124 'DSP48' <Latency = 3> <II = 1> <Delay = 0.53> <IPBlock> <Opcode : 'add' 'sub' 'mul' 'select'> <InPorts = 0> <OutPorts = 1> <Sync> <CReg>
ST_4 : Operation 2496 [1/1] ( I:0.67ns O:0.67ns )   --->   "%store_ln110 = store i32 %add_ln110_241, i4 %XW_block_241_addr" [src/integrated-gcn/gemm_stage.cpp:110]   --->   Operation 2496 'store' 'store_ln110' <Predicate = true> <Delay = 0.67> <CoreInst = "RAM">   --->   Core 82 'RAM' <Latency = 1> <II = 1> <Delay = 0.67> <Storage> <Opcode : 'load' 'store'> <Ports = 2> <Width = 32> <Depth = 16> <RAM>
ST_4 : Operation 2497 [1/2] (0.64ns) (root node of the DSP)   --->   "%add_ln110_242 = add i32 %XW_block_242_load, i32 %mul_ln110_242" [src/integrated-gcn/gemm_stage.cpp:110]   --->   Operation 2497 'add' 'add_ln110_242' <Predicate = true> <Delay = 0.64> <CoreInst = "DSP48">   --->   Core 124 'DSP48' <Latency = 3> <II = 1> <Delay = 0.53> <IPBlock> <Opcode : 'add' 'sub' 'mul' 'select'> <InPorts = 0> <OutPorts = 1> <Sync> <CReg>
ST_4 : Operation 2498 [1/1] ( I:0.67ns O:0.67ns )   --->   "%store_ln110 = store i32 %add_ln110_242, i4 %XW_block_242_addr" [src/integrated-gcn/gemm_stage.cpp:110]   --->   Operation 2498 'store' 'store_ln110' <Predicate = true> <Delay = 0.67> <CoreInst = "RAM">   --->   Core 82 'RAM' <Latency = 1> <II = 1> <Delay = 0.67> <Storage> <Opcode : 'load' 'store'> <Ports = 2> <Width = 32> <Depth = 16> <RAM>
ST_4 : Operation 2499 [1/2] (0.64ns) (root node of the DSP)   --->   "%add_ln110_243 = add i32 %XW_block_243_load, i32 %mul_ln110_243" [src/integrated-gcn/gemm_stage.cpp:110]   --->   Operation 2499 'add' 'add_ln110_243' <Predicate = true> <Delay = 0.64> <CoreInst = "DSP48">   --->   Core 124 'DSP48' <Latency = 3> <II = 1> <Delay = 0.53> <IPBlock> <Opcode : 'add' 'sub' 'mul' 'select'> <InPorts = 0> <OutPorts = 1> <Sync> <CReg>
ST_4 : Operation 2500 [1/1] ( I:0.67ns O:0.67ns )   --->   "%store_ln110 = store i32 %add_ln110_243, i4 %XW_block_243_addr" [src/integrated-gcn/gemm_stage.cpp:110]   --->   Operation 2500 'store' 'store_ln110' <Predicate = true> <Delay = 0.67> <CoreInst = "RAM">   --->   Core 82 'RAM' <Latency = 1> <II = 1> <Delay = 0.67> <Storage> <Opcode : 'load' 'store'> <Ports = 2> <Width = 32> <Depth = 16> <RAM>
ST_4 : Operation 2501 [1/2] (0.64ns) (root node of the DSP)   --->   "%add_ln110_244 = add i32 %XW_block_244_load, i32 %mul_ln110_244" [src/integrated-gcn/gemm_stage.cpp:110]   --->   Operation 2501 'add' 'add_ln110_244' <Predicate = true> <Delay = 0.64> <CoreInst = "DSP48">   --->   Core 124 'DSP48' <Latency = 3> <II = 1> <Delay = 0.53> <IPBlock> <Opcode : 'add' 'sub' 'mul' 'select'> <InPorts = 0> <OutPorts = 1> <Sync> <CReg>
ST_4 : Operation 2502 [1/1] ( I:0.67ns O:0.67ns )   --->   "%store_ln110 = store i32 %add_ln110_244, i4 %XW_block_244_addr" [src/integrated-gcn/gemm_stage.cpp:110]   --->   Operation 2502 'store' 'store_ln110' <Predicate = true> <Delay = 0.67> <CoreInst = "RAM">   --->   Core 82 'RAM' <Latency = 1> <II = 1> <Delay = 0.67> <Storage> <Opcode : 'load' 'store'> <Ports = 2> <Width = 32> <Depth = 16> <RAM>
ST_4 : Operation 2503 [1/2] (0.64ns) (root node of the DSP)   --->   "%add_ln110_245 = add i32 %XW_block_245_load, i32 %mul_ln110_245" [src/integrated-gcn/gemm_stage.cpp:110]   --->   Operation 2503 'add' 'add_ln110_245' <Predicate = true> <Delay = 0.64> <CoreInst = "DSP48">   --->   Core 124 'DSP48' <Latency = 3> <II = 1> <Delay = 0.53> <IPBlock> <Opcode : 'add' 'sub' 'mul' 'select'> <InPorts = 0> <OutPorts = 1> <Sync> <CReg>
ST_4 : Operation 2504 [1/1] ( I:0.67ns O:0.67ns )   --->   "%store_ln110 = store i32 %add_ln110_245, i4 %XW_block_245_addr" [src/integrated-gcn/gemm_stage.cpp:110]   --->   Operation 2504 'store' 'store_ln110' <Predicate = true> <Delay = 0.67> <CoreInst = "RAM">   --->   Core 82 'RAM' <Latency = 1> <II = 1> <Delay = 0.67> <Storage> <Opcode : 'load' 'store'> <Ports = 2> <Width = 32> <Depth = 16> <RAM>
ST_4 : Operation 2505 [1/2] (0.64ns) (root node of the DSP)   --->   "%add_ln110_246 = add i32 %XW_block_246_load, i32 %mul_ln110_246" [src/integrated-gcn/gemm_stage.cpp:110]   --->   Operation 2505 'add' 'add_ln110_246' <Predicate = true> <Delay = 0.64> <CoreInst = "DSP48">   --->   Core 124 'DSP48' <Latency = 3> <II = 1> <Delay = 0.53> <IPBlock> <Opcode : 'add' 'sub' 'mul' 'select'> <InPorts = 0> <OutPorts = 1> <Sync> <CReg>
ST_4 : Operation 2506 [1/1] ( I:0.67ns O:0.67ns )   --->   "%store_ln110 = store i32 %add_ln110_246, i4 %XW_block_246_addr" [src/integrated-gcn/gemm_stage.cpp:110]   --->   Operation 2506 'store' 'store_ln110' <Predicate = true> <Delay = 0.67> <CoreInst = "RAM">   --->   Core 82 'RAM' <Latency = 1> <II = 1> <Delay = 0.67> <Storage> <Opcode : 'load' 'store'> <Ports = 2> <Width = 32> <Depth = 16> <RAM>
ST_4 : Operation 2507 [1/2] (0.64ns) (root node of the DSP)   --->   "%add_ln110_247 = add i32 %XW_block_247_load, i32 %mul_ln110_247" [src/integrated-gcn/gemm_stage.cpp:110]   --->   Operation 2507 'add' 'add_ln110_247' <Predicate = true> <Delay = 0.64> <CoreInst = "DSP48">   --->   Core 124 'DSP48' <Latency = 3> <II = 1> <Delay = 0.53> <IPBlock> <Opcode : 'add' 'sub' 'mul' 'select'> <InPorts = 0> <OutPorts = 1> <Sync> <CReg>
ST_4 : Operation 2508 [1/1] ( I:0.67ns O:0.67ns )   --->   "%store_ln110 = store i32 %add_ln110_247, i4 %XW_block_247_addr" [src/integrated-gcn/gemm_stage.cpp:110]   --->   Operation 2508 'store' 'store_ln110' <Predicate = true> <Delay = 0.67> <CoreInst = "RAM">   --->   Core 82 'RAM' <Latency = 1> <II = 1> <Delay = 0.67> <Storage> <Opcode : 'load' 'store'> <Ports = 2> <Width = 32> <Depth = 16> <RAM>
ST_4 : Operation 2509 [1/2] (0.64ns) (root node of the DSP)   --->   "%add_ln110_248 = add i32 %XW_block_248_load, i32 %mul_ln110_248" [src/integrated-gcn/gemm_stage.cpp:110]   --->   Operation 2509 'add' 'add_ln110_248' <Predicate = true> <Delay = 0.64> <CoreInst = "DSP48">   --->   Core 124 'DSP48' <Latency = 3> <II = 1> <Delay = 0.53> <IPBlock> <Opcode : 'add' 'sub' 'mul' 'select'> <InPorts = 0> <OutPorts = 1> <Sync> <CReg>
ST_4 : Operation 2510 [1/1] ( I:0.67ns O:0.67ns )   --->   "%store_ln110 = store i32 %add_ln110_248, i4 %XW_block_248_addr" [src/integrated-gcn/gemm_stage.cpp:110]   --->   Operation 2510 'store' 'store_ln110' <Predicate = true> <Delay = 0.67> <CoreInst = "RAM">   --->   Core 82 'RAM' <Latency = 1> <II = 1> <Delay = 0.67> <Storage> <Opcode : 'load' 'store'> <Ports = 2> <Width = 32> <Depth = 16> <RAM>
ST_4 : Operation 2511 [1/2] (0.64ns) (root node of the DSP)   --->   "%add_ln110_249 = add i32 %XW_block_249_load, i32 %mul_ln110_249" [src/integrated-gcn/gemm_stage.cpp:110]   --->   Operation 2511 'add' 'add_ln110_249' <Predicate = true> <Delay = 0.64> <CoreInst = "DSP48">   --->   Core 124 'DSP48' <Latency = 3> <II = 1> <Delay = 0.53> <IPBlock> <Opcode : 'add' 'sub' 'mul' 'select'> <InPorts = 0> <OutPorts = 1> <Sync> <CReg>
ST_4 : Operation 2512 [1/1] ( I:0.67ns O:0.67ns )   --->   "%store_ln110 = store i32 %add_ln110_249, i4 %XW_block_249_addr" [src/integrated-gcn/gemm_stage.cpp:110]   --->   Operation 2512 'store' 'store_ln110' <Predicate = true> <Delay = 0.67> <CoreInst = "RAM">   --->   Core 82 'RAM' <Latency = 1> <II = 1> <Delay = 0.67> <Storage> <Opcode : 'load' 'store'> <Ports = 2> <Width = 32> <Depth = 16> <RAM>
ST_4 : Operation 2513 [1/2] (0.64ns) (root node of the DSP)   --->   "%add_ln110_250 = add i32 %XW_block_250_load, i32 %mul_ln110_250" [src/integrated-gcn/gemm_stage.cpp:110]   --->   Operation 2513 'add' 'add_ln110_250' <Predicate = true> <Delay = 0.64> <CoreInst = "DSP48">   --->   Core 124 'DSP48' <Latency = 3> <II = 1> <Delay = 0.53> <IPBlock> <Opcode : 'add' 'sub' 'mul' 'select'> <InPorts = 0> <OutPorts = 1> <Sync> <CReg>
ST_4 : Operation 2514 [1/1] ( I:0.67ns O:0.67ns )   --->   "%store_ln110 = store i32 %add_ln110_250, i4 %XW_block_250_addr" [src/integrated-gcn/gemm_stage.cpp:110]   --->   Operation 2514 'store' 'store_ln110' <Predicate = true> <Delay = 0.67> <CoreInst = "RAM">   --->   Core 82 'RAM' <Latency = 1> <II = 1> <Delay = 0.67> <Storage> <Opcode : 'load' 'store'> <Ports = 2> <Width = 32> <Depth = 16> <RAM>
ST_4 : Operation 2515 [1/2] (0.64ns) (root node of the DSP)   --->   "%add_ln110_251 = add i32 %XW_block_251_load, i32 %mul_ln110_251" [src/integrated-gcn/gemm_stage.cpp:110]   --->   Operation 2515 'add' 'add_ln110_251' <Predicate = true> <Delay = 0.64> <CoreInst = "DSP48">   --->   Core 124 'DSP48' <Latency = 3> <II = 1> <Delay = 0.53> <IPBlock> <Opcode : 'add' 'sub' 'mul' 'select'> <InPorts = 0> <OutPorts = 1> <Sync> <CReg>
ST_4 : Operation 2516 [1/1] ( I:0.67ns O:0.67ns )   --->   "%store_ln110 = store i32 %add_ln110_251, i4 %XW_block_251_addr" [src/integrated-gcn/gemm_stage.cpp:110]   --->   Operation 2516 'store' 'store_ln110' <Predicate = true> <Delay = 0.67> <CoreInst = "RAM">   --->   Core 82 'RAM' <Latency = 1> <II = 1> <Delay = 0.67> <Storage> <Opcode : 'load' 'store'> <Ports = 2> <Width = 32> <Depth = 16> <RAM>
ST_4 : Operation 2517 [1/2] (0.64ns) (root node of the DSP)   --->   "%add_ln110_252 = add i32 %XW_block_252_load, i32 %mul_ln110_252" [src/integrated-gcn/gemm_stage.cpp:110]   --->   Operation 2517 'add' 'add_ln110_252' <Predicate = true> <Delay = 0.64> <CoreInst = "DSP48">   --->   Core 124 'DSP48' <Latency = 3> <II = 1> <Delay = 0.53> <IPBlock> <Opcode : 'add' 'sub' 'mul' 'select'> <InPorts = 0> <OutPorts = 1> <Sync> <CReg>
ST_4 : Operation 2518 [1/1] ( I:0.67ns O:0.67ns )   --->   "%store_ln110 = store i32 %add_ln110_252, i4 %XW_block_252_addr" [src/integrated-gcn/gemm_stage.cpp:110]   --->   Operation 2518 'store' 'store_ln110' <Predicate = true> <Delay = 0.67> <CoreInst = "RAM">   --->   Core 82 'RAM' <Latency = 1> <II = 1> <Delay = 0.67> <Storage> <Opcode : 'load' 'store'> <Ports = 2> <Width = 32> <Depth = 16> <RAM>
ST_4 : Operation 2519 [1/2] (0.64ns) (root node of the DSP)   --->   "%add_ln110_253 = add i32 %XW_block_253_load, i32 %mul_ln110_253" [src/integrated-gcn/gemm_stage.cpp:110]   --->   Operation 2519 'add' 'add_ln110_253' <Predicate = true> <Delay = 0.64> <CoreInst = "DSP48">   --->   Core 124 'DSP48' <Latency = 3> <II = 1> <Delay = 0.53> <IPBlock> <Opcode : 'add' 'sub' 'mul' 'select'> <InPorts = 0> <OutPorts = 1> <Sync> <CReg>
ST_4 : Operation 2520 [1/1] ( I:0.67ns O:0.67ns )   --->   "%store_ln110 = store i32 %add_ln110_253, i4 %XW_block_253_addr" [src/integrated-gcn/gemm_stage.cpp:110]   --->   Operation 2520 'store' 'store_ln110' <Predicate = true> <Delay = 0.67> <CoreInst = "RAM">   --->   Core 82 'RAM' <Latency = 1> <II = 1> <Delay = 0.67> <Storage> <Opcode : 'load' 'store'> <Ports = 2> <Width = 32> <Depth = 16> <RAM>
ST_4 : Operation 2521 [1/2] (0.64ns) (root node of the DSP)   --->   "%add_ln110_254 = add i32 %XW_block_254_load, i32 %mul_ln110_254" [src/integrated-gcn/gemm_stage.cpp:110]   --->   Operation 2521 'add' 'add_ln110_254' <Predicate = true> <Delay = 0.64> <CoreInst = "DSP48">   --->   Core 124 'DSP48' <Latency = 3> <II = 1> <Delay = 0.53> <IPBlock> <Opcode : 'add' 'sub' 'mul' 'select'> <InPorts = 0> <OutPorts = 1> <Sync> <CReg>
ST_4 : Operation 2522 [1/1] ( I:0.67ns O:0.67ns )   --->   "%store_ln110 = store i32 %add_ln110_254, i4 %XW_block_254_addr" [src/integrated-gcn/gemm_stage.cpp:110]   --->   Operation 2522 'store' 'store_ln110' <Predicate = true> <Delay = 0.67> <CoreInst = "RAM">   --->   Core 82 'RAM' <Latency = 1> <II = 1> <Delay = 0.67> <Storage> <Opcode : 'load' 'store'> <Ports = 2> <Width = 32> <Depth = 16> <RAM>
ST_4 : Operation 2523 [1/2] (0.64ns) (root node of the DSP)   --->   "%add_ln110_255 = add i32 %XW_block_255_load, i32 %mul_ln110_255" [src/integrated-gcn/gemm_stage.cpp:110]   --->   Operation 2523 'add' 'add_ln110_255' <Predicate = true> <Delay = 0.64> <CoreInst = "DSP48">   --->   Core 124 'DSP48' <Latency = 3> <II = 1> <Delay = 0.53> <IPBlock> <Opcode : 'add' 'sub' 'mul' 'select'> <InPorts = 0> <OutPorts = 1> <Sync> <CReg>
ST_4 : Operation 2524 [1/1] ( I:0.67ns O:0.67ns )   --->   "%store_ln110 = store i32 %add_ln110_255, i4 %XW_block_255_addr" [src/integrated-gcn/gemm_stage.cpp:110]   --->   Operation 2524 'store' 'store_ln110' <Predicate = true> <Delay = 0.67> <CoreInst = "RAM">   --->   Core 82 'RAM' <Latency = 1> <II = 1> <Delay = 0.67> <Storage> <Opcode : 'load' 'store'> <Ports = 2> <Width = 32> <Depth = 16> <RAM>
ST_4 : Operation 2525 [1/1] (0.00ns)   --->   "%br_ln101 = br void %VITIS_LOOP_103_3" [src/integrated-gcn/gemm_stage.cpp:101]   --->   Operation 2525 'br' 'br_ln101' <Predicate = true> <Delay = 0.00>


============================================================
+ Verbose Summary: Timing violations
============================================================
Target clock period: 10.000ns, clock uncertainty: 2.700ns.

 <State 1>: 1.912ns
The critical path consists of the following:
	'store' operation ('store_ln101', src/integrated-gcn/gemm_stage.cpp:101) of constant 0 7 bit on local variable 'i_outer', src/integrated-gcn/gemm_stage.cpp:101 [578]  (0.427 ns)
	'load' operation 7 bit ('i_outer', src/integrated-gcn/gemm_stage.cpp:101) on local variable 'i_outer', src/integrated-gcn/gemm_stage.cpp:101 [581]  (0.000 ns)
	'sparsemux' operation 16 bit ('X_val', src/integrated-gcn/gemm_stage.cpp:105) [591]  (0.489 ns)
	'mul' operation 32 bit of DSP[596] ('mul_ln110', src/integrated-gcn/gemm_stage.cpp:110) [593]  (0.996 ns)

 <State 2>: 0.996ns
The critical path consists of the following:
	'mul' operation 32 bit of DSP[596] ('mul_ln110', src/integrated-gcn/gemm_stage.cpp:110) [593]  (0.996 ns)

 <State 3>: 1.322ns
The critical path consists of the following:
	'load' operation 32 bit ('XW_block_load', src/integrated-gcn/gemm_stage.cpp:110) on array 'XW_block' [595]  (0.677 ns)
	'add' operation 32 bit of DSP[596] ('add_ln110', src/integrated-gcn/gemm_stage.cpp:110) [596]  (0.645 ns)

 <State 4>: 1.322ns
The critical path consists of the following:
	'add' operation 32 bit of DSP[596] ('add_ln110', src/integrated-gcn/gemm_stage.cpp:110) [596]  (0.645 ns)
	'store' operation ('store_ln110', src/integrated-gcn/gemm_stage.cpp:110) of variable 'add_ln110', src/integrated-gcn/gemm_stage.cpp:110 32 bit on array 'XW_block' [600]  (0.677 ns)


============================================================
+ Verbose Summary: Binding
============================================================
N/A
* FSMD analyzer results:
  - Output states:
 - Input state : 
  - Chain level:
	State 1
	State 2
	State 3
	State 4


============================================================
+ Verbose Summary: Datapath Resource usage 
============================================================
N/A
