Execute       source -notrace -encoding utf-8 /opt/Xilinx/2025.2/Vitis/tps/tcl/tcl8.6/clock.tcl 
Execute         source -encoding utf-8 /opt/Xilinx/2025.2/tps/tcl/tcl8/8.5/msgcat-1.6.1.tm 
INFO-FLOW: Workspace /home/nat/dev/trinners/mai_proj/hls/thesis-gcn-accelerator/vitis/integrated_gcn/integrated_gcn/integrated_gcn/hls opened at Thu Apr 16 11:31:22 IST 2026
Execute       send_msg_by_id INFO @200-1505@%s%s default  vivado 
INFO: [HLS 200-1505] Using default flow_target 'vivado'
Execute       send_msg_by_id INFO @200-2174@%s%s component hls_config.cfg 
INFO: [HLS 200-2174] Applying component config ini file hls_config.cfg
Execute       apply_ini hls_config.cfg 
Execute         send_msg_by_id INFO @200-1465@%s 'syn.file=/home/nat/dev/trinners/mai_proj/hls/thesis-gcn-accelerator/src/integrated-gcn/integrated_gcn.cpp' from hls_config.cfg(8) 
INFO: [HLS 200-1465] Applying config ini 'syn.file=/home/nat/dev/trinners/mai_proj/hls/thesis-gcn-accelerator/src/integrated-gcn/integrated_gcn.cpp' from hls_config.cfg(8)
Execute         add_files /home/nat/dev/trinners/mai_proj/hls/thesis-gcn-accelerator/src/integrated-gcn/integrated_gcn.cpp 
INFO: [HLS 200-10] Adding design file '/home/nat/dev/trinners/mai_proj/hls/thesis-gcn-accelerator/src/integrated-gcn/integrated_gcn.cpp' to the project
Execute         send_msg_by_id INFO @200-1465@%s 'tb.file=/home/nat/dev/trinners/mai_proj/hls/thesis-gcn-accelerator/src/integrated-gcn/integrated_gcn_tb.cpp' from hls_config.cfg(9) 
INFO: [HLS 200-1465] Applying config ini 'tb.file=/home/nat/dev/trinners/mai_proj/hls/thesis-gcn-accelerator/src/integrated-gcn/integrated_gcn_tb.cpp' from hls_config.cfg(9)
Execute         add_files -tb /home/nat/dev/trinners/mai_proj/hls/thesis-gcn-accelerator/src/integrated-gcn/integrated_gcn_tb.cpp 
INFO: [HLS 200-10] Adding test bench file '/home/nat/dev/trinners/mai_proj/hls/thesis-gcn-accelerator/src/integrated-gcn/integrated_gcn_tb.cpp' to the project
Execute         send_msg_by_id INFO @200-1465@%s 'syn.top=integrated_gcn' from hls_config.cfg(10) 
INFO: [HLS 200-1465] Applying config ini 'syn.top=integrated_gcn' from hls_config.cfg(10)
Execute         set_top integrated_gcn 
Execute         send_msg_by_id INFO @200-1465@%s 'flow_target=vivado' from hls_config.cfg(4) 
INFO: [HLS 200-1465] Applying config ini 'flow_target=vivado' from hls_config.cfg(4)
Execute         send_msg_by_id INFO @200-1505@%s%s  vivado 
INFO: [HLS 200-1505] Using flow_target 'vivado'
Execute         send_msg_by_id INFO @200-1465@%s 'part=xck26-sfvc784-2LV-c' from hls_config.cfg(1) 
INFO: [HLS 200-1465] Applying config ini 'part=xck26-sfvc784-2LV-c' from hls_config.cfg(1)
Execute         set_part xck26-sfvc784-2LV-c 
Execute           create_platform xck26-sfvc784-2LV-c -board  
DBG:HLSDevice: Trying to load device library: /opt/Xilinx/2025.2/Vitis/lib/lnx64.o/libxv_hlsvwrap.so
DBG:HLSDevice: first parts/arch.xml in RDI_DATADIR: /opt/Xilinx/2025.2/Vivado/data/parts/arch.xml
DBG:HLSDevice: init success
INFO: [HLS 200-1611] Setting target device to 'xck26-sfvc784-2LV-c'
Command           create_platform done; 0.17 sec.
Execute           source /opt/Xilinx/2025.2/Vitis/common/technology/xilinx/common/xilinx.gen 
Execute             source /opt/Xilinx/2025.2/Vitis/common/technology/xilinx/interface/plb46.gen 
Execute             source /opt/Xilinx/2025.2/Vitis/common/technology/xilinx/interface/axi4.gen 
Execute             source /opt/Xilinx/2025.2/Vitis/common/technology/xilinx/interface/nativeAXI4.gen 
Execute               source /opt/Xilinx/2025.2/Vitis/common/technology/xilinx/interface/saxilite.gen 
Execute             source /opt/Xilinx/2025.2/Vitis/common/technology/xilinx/scripts/xilinxcoregen.gen 
Execute             source /opt/Xilinx/2025.2/Vitis/common/technology/xilinx/interface/XilEDKCoreGen.gen 
Execute             source /opt/Xilinx/2025.2/Vitis/common/technology/xilinx/ip/xfir.gen 
Execute             source /opt/Xilinx/2025.2/Vitis/common/technology/xilinx/ip/util.gen 
Execute             source /opt/Xilinx/2025.2/Vitis/common/technology/xilinx/ip/xfft.gen 
Execute             source /opt/Xilinx/2025.2/Vitis/common/technology/xilinx/ip/dds_compiler.gen 
Execute             source /opt/Xilinx/2025.2/Vitis/common/technology/xilinx/DSP48/dsp48.gen 
Execute           ap_part_info -name xck26-sfvc784-2LV-c -data info 
Execute           config_compile -quiet -complex-mul-dsp=0 
Command         set_part done; 0.23 sec.
Execute         send_msg_by_id INFO @200-1465@%s 'clock=10' from hls_config.cfg(7) 
INFO: [HLS 200-1465] Applying config ini 'clock=10' from hls_config.cfg(7)
Execute         create_clock -period 10ns 
Execute           ap_set_clock -name default -period 10 -unit ns -default=false 
INFO: [SYN 201-201] Setting up clock 'default' with a period of 10ns.
Execute         send_msg_by_id INFO @200-1465@%s 'package.output.format=ip_catalog' from hls_config.cfg(5) 
INFO: [HLS 200-1465] Applying config ini 'package.output.format=ip_catalog' from hls_config.cfg(5)
Execute         config_export -format=ip_catalog 
Command       apply_ini done; 0.24 sec.
Execute       write_component -config /home/nat/dev/trinners/mai_proj/hls/thesis-gcn-accelerator/vitis/integrated_gcn/integrated_gcn/hls_config.cfg 
Execute         send_msg_by_id INFO @200-2176@%s /home/nat/dev/trinners/mai_proj/hls/thesis-gcn-accelerator/vitis/integrated_gcn/integrated_gcn/integrated_gcn/vitis-comp.json 
INFO: [HLS 200-2176] Writing Vitis IDE component file /home/nat/dev/trinners/mai_proj/hls/thesis-gcn-accelerator/vitis/integrated_gcn/integrated_gcn/integrated_gcn/vitis-comp.json
Command     open_solution done; 0.25 sec.
Command   open_component done; 0.26 sec.
Execute   apply_ini /home/nat/dev/trinners/mai_proj/hls/thesis-gcn-accelerator/vitis/integrated_gcn/integrated_gcn/integrated_gcn/hls/config.cmdline -iscmdline 
Execute   ::AP::init_summary_file csynth 
Execute     AP::app_get_file_relativeroot [AP::app_get_root] {}
Execute   csynth_design 
Execute     AP::msg_collection_file -open /home/nat/dev/trinners/mai_proj/hls/thesis-gcn-accelerator/vitis/integrated_gcn/integrated_gcn/integrated_gcn/hls/.autopilot/db/be_messages.xml 
Execute     ap_part_info -name xck26-sfvc784-2LV-c -data info 
INFO-FLOW: run_clang integrated_gcn.cpp.xilinx-performance-pragma-detector exec: /opt/Xilinx/2025.2/Vitis/lnx64/tools/clang-16/bin/xilinx-performance-pragma-detector /home/nat/dev/trinners/mai_proj/hls/thesis-gcn-accelerator/src/integrated-gcn/integrated_gcn.cpp -- -fhls -D__VITIS_HLS__ -DAESL_SYN -D__SYNTHESIS__ -D__HLS_SYN__ -I /opt/Xilinx/2025.2/Vitis/common/technology/autopilot -I /opt/Xilinx/2025.2/Vitis/common/technology/autopilot/ap_sysc -include etc/autopilot_ssdm_op.h -D__DSP48E2__ -target fpga64-xilinx-linux-gnu -I /usr/include/x86_64-linux-gnu --gcc-toolchain=/opt/Xilinx/2025.2/Vitis/tps/lnx64/gcc-8.3.0 -hls-platform-db-name=/opt/Xilinx/2025.2/Vitis/common/technology/xilinx/common/platform.db -hls-platform-name=zynquplus_medium -device-resource-info=BRAM_288.000000_DSP_1248.000000_FF_234240.000000_LUT_117120.000000_SLICE_14640.000000_URAM_64.000000 -device-name-info=xck26-sfvc784-2LV-c > /home/nat/dev/trinners/mai_proj/hls/thesis-gcn-accelerator/vitis/integrated_gcn/integrated_gcn/integrated_gcn/hls/.autopilot/db/integrated_gcn.cpp.xilinx-performance-pragma-detector.out.log 2> /home/nat/dev/trinners/mai_proj/hls/thesis-gcn-accelerator/vitis/integrated_gcn/integrated_gcn/integrated_gcn/hls/.autopilot/db/integrated_gcn.cpp.xilinx-performance-pragma-detector.err.log
INFO-FLOW: run_clang result=success num-err-msgs=0 num-stderr-lines=1
Execute     elaborate -effort=medium -skip_syncheck=0 -keep_printf=0 -skip_cdt=0 -skip_transform=0 -ng=0 -g=0 -from_csynth_design=1 
INFO: [HLS 200-111] Finished File checks and directory preparation: CPU user time: 1.09 seconds. CPU system time: 0.29 seconds. Elapsed time: 1.25 seconds; current allocated memory: 273.074 MB.
Execute       send_msg_by_id INFO @200-2191@%s%s C-Synthesis clang-16 
INFO: [HLS 200-2191] C-Synthesis will use clang-16 as the compiler
Execute       set_directive_top integrated_gcn -name=integrated_gcn 
INFO: [HLS 200-10] Analyzing design file '/home/nat/dev/trinners/mai_proj/hls/thesis-gcn-accelerator/src/integrated-gcn/integrated_gcn.cpp' ... 
INFO-FLOW: Compiling one TU...
INFO-FLOW: Handling /home/nat/dev/trinners/mai_proj/hls/thesis-gcn-accelerator/src/integrated-gcn/integrated_gcn.cpp as C++
Execute       ap_part_info -name xck26-sfvc784-2LV-c -data info 
INFO-FLOW: Running: GCC PP 39
INFO-FLOW: Source preprocessing
INFO-FLOW: run_clang integrated_gcn.cpp.clang exec: /opt/Xilinx/2025.2/Vitis/lnx64/tools/clang-16/bin/clang /home/nat/dev/trinners/mai_proj/hls/thesis-gcn-accelerator/src/integrated-gcn/integrated_gcn.cpp -foptimization-record-file=/home/nat/dev/trinners/mai_proj/hls/thesis-gcn-accelerator/vitis/integrated_gcn/integrated_gcn/integrated_gcn/hls/.autopilot/db/integrated_gcn.cpp.clang.diag.yml -mllvm -pass-remarks-missed=reflow|pasta|unroll|inline -mllvm -pass-remarks=reflow|pasta|unroll|inline -fno-limit-debug-info --gcc-toolchain=/opt/Xilinx/2025.2/Vitis/tps/lnx64/gcc-8.3.0 -fhls -fno-exceptions -insert-hls-directive=/home/nat/dev/trinners/mai_proj/hls/thesis-gcn-accelerator/vitis/integrated_gcn/integrated_gcn/integrated_gcn/hls/.autopilot/db/all.directive.json -hls-directive-location -E -fno-math-errno -c -emit-llvm -mllvm -disable-llvm-optzns -Xclang -no-opaque-pointers -Xclang -fmerge-all-constants -Werror=implicit-hls-streams -Werror=return-type -Wpragmas -Wunused-parameter -Wdump-hls-pragmas -Wno-error=dump-hls-pragmas -hls-clock-period=10 -fno-threadsafe-statics -fno-use-cxa-atexit -target fpga64-xilinx-linux-gnu -fno-threadsafe-statics -fno-use-cxa-atexit -D__VITIS_HLS__ -DAESL_SYN -D__SYNTHESIS__ -D__HLS_SYN__ -I /opt/Xilinx/2025.2/Vitis/common/technology/autopilot -I /opt/Xilinx/2025.2/Vitis/common/technology/autopilot/ap_sysc -include etc/autopilot_ssdm_op.h -D__DSP48E2__ -I /usr/include/x86_64-linux-gnu -o /home/nat/dev/trinners/mai_proj/hls/thesis-gcn-accelerator/vitis/integrated_gcn/integrated_gcn/integrated_gcn/hls/.autopilot/db/integrated_gcn.pp.0.cpp -hls-platform-db-name=/opt/Xilinx/2025.2/Vitis/common/technology/xilinx/common/platform.db -hls-platform-name=zynquplus_medium -device-resource-info=BRAM_288.000000_DSP_1248.000000_FF_234240.000000_LUT_117120.000000_SLICE_14640.000000_URAM_64.000000 -device-name-info=xck26-sfvc784-2LV-c > /home/nat/dev/trinners/mai_proj/hls/thesis-gcn-accelerator/vitis/integrated_gcn/integrated_gcn/integrated_gcn/hls/.autopilot/db/integrated_gcn.cpp.clang.out.log 2> /home/nat/dev/trinners/mai_proj/hls/thesis-gcn-accelerator/vitis/integrated_gcn/integrated_gcn/integrated_gcn/hls/.autopilot/db/integrated_gcn.cpp.clang.err.log
INFO-FLOW: run_clang result=success num-err-msgs=0 num-stderr-lines=0
INFO-FLOW: Done: GCC PP 39 time: 0.2 seconds 
INFO-FLOW: Source syntax check for synthesis
INFO-FLOW: run_clang clang exec: /opt/Xilinx/2025.2/Vitis/lnx64/tools/clang-16/bin/clang -foptimization-record-file=/home/nat/dev/trinners/mai_proj/hls/thesis-gcn-accelerator/vitis/integrated_gcn/integrated_gcn/integrated_gcn/hls/.autopilot/db/clang.diag.yml -mllvm -pass-remarks-missed=reflow|pasta|unroll|inline -mllvm -pass-remarks=reflow|pasta|unroll|inline -fsyntax-only -fhls -target fpga64-xilinx-linux-gnu /home/nat/dev/trinners/mai_proj/hls/thesis-gcn-accelerator/vitis/integrated_gcn/integrated_gcn/integrated_gcn/hls/.autopilot/db/integrated_gcn.pp.0.cpp -hls-platform-db-name=/opt/Xilinx/2025.2/Vitis/common/technology/xilinx/common/platform.db -hls-platform-name=zynquplus_medium -device-resource-info=BRAM_288.000000_DSP_1248.000000_FF_234240.000000_LUT_117120.000000_SLICE_14640.000000_URAM_64.000000 -device-name-info=xck26-sfvc784-2LV-c > /home/nat/dev/trinners/mai_proj/hls/thesis-gcn-accelerator/vitis/integrated_gcn/integrated_gcn/integrated_gcn/hls/.autopilot/db/clang.out.log 2> /home/nat/dev/trinners/mai_proj/hls/thesis-gcn-accelerator/vitis/integrated_gcn/integrated_gcn/integrated_gcn/hls/.autopilot/db/clang.err.log
INFO-FLOW: run_clang result=success num-err-msgs=0 num-stderr-lines=0
Execute       clang_tidy xilinx-systemc-detector -desc systemc-detector /home/nat/dev/trinners/mai_proj/hls/thesis-gcn-accelerator/vitis/integrated_gcn/integrated_gcn/integrated_gcn/hls/.autopilot/db/integrated_gcn.pp.0.cpp  -target fpga -directive=/home/nat/dev/trinners/mai_proj/hls/thesis-gcn-accelerator/vitis/integrated_gcn/integrated_gcn/integrated_gcn/hls/.autopilot/db/.systemc_flag 
INFO-FLOW: exec /opt/Xilinx/2025.2/Vitis/lnx64/tools/clang-16/bin/clang-tidy -header-filter=.* --checks=-*,xilinx-systemc-detector -import-directive=/home/nat/dev/trinners/mai_proj/hls/thesis-gcn-accelerator/vitis/integrated_gcn/integrated_gcn/integrated_gcn/hls/.autopilot/db/.systemc_flag -fix-errors /home/nat/dev/trinners/mai_proj/hls/thesis-gcn-accelerator/vitis/integrated_gcn/integrated_gcn/integrated_gcn/hls/.autopilot/db/integrated_gcn.pp.0.cpp -- - -target fpga -fhls -ferror-limit=0
Command       clang_tidy done; 0.68 sec.
INFO-FLOW: Running: clang-tidy CDT preprocess 39
Execute       clang_tidy xilinx-directive2pragma -desc directive2pragma /home/nat/dev/trinners/mai_proj/hls/thesis-gcn-accelerator/vitis/integrated_gcn/integrated_gcn/integrated_gcn/hls/.autopilot/db/integrated_gcn.pp.0.cpp  -target fpga -directive=/home/nat/dev/trinners/mai_proj/hls/thesis-gcn-accelerator/vitis/integrated_gcn/integrated_gcn/integrated_gcn/hls/.autopilot/db/all.directive.json 
INFO-FLOW: exec /opt/Xilinx/2025.2/Vitis/lnx64/tools/clang-16/bin/clang-tidy -header-filter=.* --checks=-*,xilinx-directive2pragma -import-directive=/home/nat/dev/trinners/mai_proj/hls/thesis-gcn-accelerator/vitis/integrated_gcn/integrated_gcn/integrated_gcn/hls/.autopilot/db/all.directive.json -fix-errors /home/nat/dev/trinners/mai_proj/hls/thesis-gcn-accelerator/vitis/integrated_gcn/integrated_gcn/integrated_gcn/hls/.autopilot/db/integrated_gcn.pp.0.cpp -- - -target fpga -fhls -ferror-limit=0
Command       clang_tidy done; 0.64 sec.
INFO-FLOW: Done: clang-tidy CDT preprocess 39 time: 0.6 seconds 
INFO-FLOW: Calling xilinx-label-all-loops ... 
INFO-FLOW: Calling xilinx-aggregate-on-hls-vector ... 
Execute       clang_tidy -errorcheck -desc loop-label xilinx-label-all-loops,xilinx-aggregate-on-hls-vector,,xilinx-warn-mayneed-no-ctor-attribute /home/nat/dev/trinners/mai_proj/hls/thesis-gcn-accelerator/vitis/integrated_gcn/integrated_gcn/integrated_gcn/hls/.autopilot/db/integrated_gcn.pp.0.cpp  -target fpga 
INFO-FLOW: run_clang loop-label exec: /opt/Xilinx/2025.2/Vitis/lnx64/tools/clang-16/bin/clang-tidy -export-fixes=/home/nat/dev/trinners/mai_proj/hls/thesis-gcn-accelerator/vitis/integrated_gcn/integrated_gcn/integrated_gcn/hls/.autopilot/db/integrated_gcn.pp.0.cpp.clang-tidy.loop-label.diag.yml -header-filter=.* --checks=-*,xilinx-label-all-loops,xilinx-aggregate-on-hls-vector,,xilinx-warn-mayneed-no-ctor-attribute -fix-errors /home/nat/dev/trinners/mai_proj/hls/thesis-gcn-accelerator/vitis/integrated_gcn/integrated_gcn/integrated_gcn/hls/.autopilot/db/integrated_gcn.pp.0.cpp -- - -target fpga -fhls -ferror-limit=0 > /home/nat/dev/trinners/mai_proj/hls/thesis-gcn-accelerator/vitis/integrated_gcn/integrated_gcn/integrated_gcn/hls/.autopilot/db/integrated_gcn.pp.0.cpp.clang-tidy.loop-label.out.log 2> /home/nat/dev/trinners/mai_proj/hls/thesis-gcn-accelerator/vitis/integrated_gcn/integrated_gcn/integrated_gcn/hls/.autopilot/db/integrated_gcn.pp.0.cpp.clang-tidy.loop-label.err.log
Execute         source /opt/Xilinx/2025.2/Vitis/tps/tcl/tcllib2.0/yaml/yaml.tcl 
Execute           source /opt/Xilinx/2025.2/Vitis/tps/tcl/tcllib2.0/cmdline/cmdline.tcl 
INFO-FLOW: run_clang result=success num-err-msgs=0 num-stderr-lines=330
Command       clang_tidy done; 0.98 sec.
INFO-FLOW: run_clang integrated_gcn.pp.0.cpp.xilinx-dataflow-lawyer exec: /opt/Xilinx/2025.2/Vitis/lnx64/tools/clang-16/bin/xilinx-dataflow-lawyer -export-fixes=/home/nat/dev/trinners/mai_proj/hls/thesis-gcn-accelerator/vitis/integrated_gcn/integrated_gcn/integrated_gcn/hls/.autopilot/db/integrated_gcn.pp.0.cpp.xilinx-dataflow-lawyer.diag.yml /home/nat/dev/trinners/mai_proj/hls/thesis-gcn-accelerator/vitis/integrated_gcn/integrated_gcn/integrated_gcn/hls/.autopilot/db/integrated_gcn.pp.0.cpp -- - -target fpga -fhls -ferror-limit=0 -fstrict-dataflow > /home/nat/dev/trinners/mai_proj/hls/thesis-gcn-accelerator/vitis/integrated_gcn/integrated_gcn/integrated_gcn/hls/.autopilot/db/integrated_gcn.pp.0.cpp.xilinx-dataflow-lawyer.out.log 2> /home/nat/dev/trinners/mai_proj/hls/thesis-gcn-accelerator/vitis/integrated_gcn/integrated_gcn/integrated_gcn/hls/.autopilot/db/integrated_gcn.pp.0.cpp.xilinx-dataflow-lawyer.err.log
INFO-FLOW: run_clang result=success num-err-msgs=0 num-stderr-lines=0
Execute       ap_part_info -name xck26-sfvc784-2LV-c -data info 
INFO-FLOW: compiling source code to llvm bc
INFO-FLOW: run_clang integrated_gcn.pp.0.cpp.clang exec: /opt/Xilinx/2025.2/Vitis/lnx64/tools/clang-16/bin/clang -foptimization-record-file=/home/nat/dev/trinners/mai_proj/hls/thesis-gcn-accelerator/vitis/integrated_gcn/integrated_gcn/integrated_gcn/hls/.autopilot/db/integrated_gcn.pp.0.cpp.clang.diag.yml -mllvm -pass-remarks-missed=reflow|pasta|unroll|inline -mllvm -pass-remarks=reflow|pasta|unroll|inline -flto -fno-exceptions -Wno-error=c++11-narrowing -fno-limit-debug-info -fhls -hls-emit-hint-scope /home/nat/dev/trinners/mai_proj/hls/thesis-gcn-accelerator/vitis/integrated_gcn/integrated_gcn/integrated_gcn/hls/.autopilot/db/integrated_gcn.pp.0.cpp -fno-math-errno -c -emit-llvm -mllvm -disable-llvm-optzns -Xclang -no-opaque-pointers -Xclang -fmerge-all-constants -Werror=implicit-hls-streams -Werror=return-type -Wpragmas -Wunused-parameter -Wdump-hls-pragmas -Wno-error=dump-hls-pragmas -hls-clock-period=10 -fno-threadsafe-statics -fno-use-cxa-atexit -target fpga64-xilinx-linux-gnu -D__VITIS_HLS__ -DAESL_SYN -D__SYNTHESIS__ -D__HLS_SYN__ -I /opt/Xilinx/2025.2/Vitis/common/technology/autopilot -I /opt/Xilinx/2025.2/Vitis/common/technology/autopilot/ap_sysc -include etc/autopilot_ssdm_op.h -D__DSP48E2__ -g -o /home/nat/dev/trinners/mai_proj/hls/thesis-gcn-accelerator/vitis/integrated_gcn/integrated_gcn/integrated_gcn/hls/.autopilot/db/integrated_gcn.pre.g.bc -hls-platform-db-name=/opt/Xilinx/2025.2/Vitis/common/technology/xilinx/common/platform.db -hls-platform-name=zynquplus_medium -device-resource-info=BRAM_288.000000_DSP_1248.000000_FF_234240.000000_LUT_117120.000000_SLICE_14640.000000_URAM_64.000000 -device-name-info=xck26-sfvc784-2LV-c > /home/nat/dev/trinners/mai_proj/hls/thesis-gcn-accelerator/vitis/integrated_gcn/integrated_gcn/integrated_gcn/hls/.autopilot/db/integrated_gcn.pp.0.cpp.clang.out.log 2> /home/nat/dev/trinners/mai_proj/hls/thesis-gcn-accelerator/vitis/integrated_gcn/integrated_gcn/integrated_gcn/hls/.autopilot/db/integrated_gcn.pp.0.cpp.clang.err.log
INFO-FLOW: run_clang result=success num-err-msgs=0 num-stderr-lines=0
INFO-FLOW: converting llvm 16.0.4 bc to downstrem bc
INFO-FLOW: run_clang integrated_gcn.bc.llvm-converter exec: /opt/Xilinx/2025.2/Vitis/lnx64/tools/clang-16/bin/llvm-converter -opaque-pointers=0 /home/nat/dev/trinners/mai_proj/hls/thesis-gcn-accelerator/vitis/integrated_gcn/integrated_gcn/integrated_gcn/hls/.autopilot/db/integrated_gcn.pre.g.bc -o /home/nat/dev/trinners/mai_proj/hls/thesis-gcn-accelerator/vitis/integrated_gcn/integrated_gcn/integrated_gcn/hls/.autopilot/db/integrated_gcn.bc > /home/nat/dev/trinners/mai_proj/hls/thesis-gcn-accelerator/vitis/integrated_gcn/integrated_gcn/integrated_gcn/hls/.autopilot/db/integrated_gcn.bc.llvm-converter.out.log 2> /home/nat/dev/trinners/mai_proj/hls/thesis-gcn-accelerator/vitis/integrated_gcn/integrated_gcn/integrated_gcn/hls/.autopilot/db/integrated_gcn.bc.llvm-converter.err.log
INFO-FLOW: run_clang result=success num-err-msgs=0 num-stderr-lines=0
INFO: [HLS 200-111] Finished Source Code Analysis and Preprocessing: CPU user time: 3.48 seconds. CPU system time: 0.59 seconds. Elapsed time: 4.07 seconds; current allocated memory: 276.164 MB.
INFO-FLOW: Linking Debug ...
INFO-FLOW: Linking dut bc code.
Execute       run_link_or_opt -out /home/nat/dev/trinners/mai_proj/hls/thesis-gcn-accelerator/vitis/integrated_gcn/integrated_gcn/integrated_gcn/hls/.autopilot/db/a.g.ld.0.bc -args /home/nat/dev/trinners/mai_proj/hls/thesis-gcn-accelerator/vitis/integrated_gcn/integrated_gcn/integrated_gcn/hls/.autopilot/db/integrated_gcn.bc 
INFO-FLOW: run_clang a.g.ld.0.bc.llvm-link exec: /opt/Xilinx/2025.2/Vitis/lnx64/tools/clang-3.9-csynth/bin/llvm-link /home/nat/dev/trinners/mai_proj/hls/thesis-gcn-accelerator/vitis/integrated_gcn/integrated_gcn/integrated_gcn/hls/.autopilot/db/integrated_gcn.bc -o /home/nat/dev/trinners/mai_proj/hls/thesis-gcn-accelerator/vitis/integrated_gcn/integrated_gcn/integrated_gcn/hls/.autopilot/db/a.g.ld.0.bc > /home/nat/dev/trinners/mai_proj/hls/thesis-gcn-accelerator/vitis/integrated_gcn/integrated_gcn/integrated_gcn/hls/.autopilot/db/a.g.ld.0.bc.llvm-link.out.log 2> /home/nat/dev/trinners/mai_proj/hls/thesis-gcn-accelerator/vitis/integrated_gcn/integrated_gcn/integrated_gcn/hls/.autopilot/db/a.g.ld.0.bc.llvm-link.err.log
INFO-FLOW: run_clang result=success num-err-msgs=0 num-stderr-lines=0
Execute       run_link_or_opt -opt -out /home/nat/dev/trinners/mai_proj/hls/thesis-gcn-accelerator/vitis/integrated_gcn/integrated_gcn/integrated_gcn/hls/.autopilot/db/a.g.ld.1.lower.bc -args /home/nat/dev/trinners/mai_proj/hls/thesis-gcn-accelerator/vitis/integrated_gcn/integrated_gcn/integrated_gcn/hls/.autopilot/db/a.g.ld.0.bc -reflow-lower-math-intrinsics 
INFO-FLOW: run_clang a.g.ld.1.lower.bc.opt exec: /opt/Xilinx/2025.2/Vitis/lnx64/tools/clang-3.9-csynth/bin/opt -pass-remarks-missed=reflow|pasta|unroll|inline -pass-remarks=reflow|pasta|unroll|inline -pass-remarks-output=/home/nat/dev/trinners/mai_proj/hls/thesis-gcn-accelerator/vitis/integrated_gcn/integrated_gcn/integrated_gcn/hls/.autopilot/db/a.g.ld.1.lower.bc.opt.diag.yml /home/nat/dev/trinners/mai_proj/hls/thesis-gcn-accelerator/vitis/integrated_gcn/integrated_gcn/integrated_gcn/hls/.autopilot/db/a.g.ld.0.bc -reflow-lower-math-intrinsics -o /home/nat/dev/trinners/mai_proj/hls/thesis-gcn-accelerator/vitis/integrated_gcn/integrated_gcn/integrated_gcn/hls/.autopilot/db/a.g.ld.1.lower.bc > /home/nat/dev/trinners/mai_proj/hls/thesis-gcn-accelerator/vitis/integrated_gcn/integrated_gcn/integrated_gcn/hls/.autopilot/db/a.g.ld.1.lower.bc.opt.out.log 2> /home/nat/dev/trinners/mai_proj/hls/thesis-gcn-accelerator/vitis/integrated_gcn/integrated_gcn/integrated_gcn/hls/.autopilot/db/a.g.ld.1.lower.bc.opt.err.log
INFO-FLOW: run_clang result=success num-err-msgs=0 num-stderr-lines=0
INFO-FLOW: Running: gen_design_size_report post-opt
INFO-FLOW: Done: gen_design_size_report post-opt time: 0 seconds 
INFO-FLOW: Linking math bc lib
Execute       run_link_or_opt -out /home/nat/dev/trinners/mai_proj/hls/thesis-gcn-accelerator/vitis/integrated_gcn/integrated_gcn/integrated_gcn/hls/.autopilot/db/a.g.ld.2.m1.bc -args /home/nat/dev/trinners/mai_proj/hls/thesis-gcn-accelerator/vitis/integrated_gcn/integrated_gcn/integrated_gcn/hls/.autopilot/db/a.g.ld.1.lower.bc -only-needed /opt/Xilinx/2025.2/Vitis/lnx64/lib/libhlsm_39.bc /opt/Xilinx/2025.2/Vitis/lnx64/lib/libhlsmc++_39.bc 
INFO-FLOW: run_clang a.g.ld.2.m1.bc.llvm-link exec: /opt/Xilinx/2025.2/Vitis/lnx64/tools/clang-3.9-csynth/bin/llvm-link /home/nat/dev/trinners/mai_proj/hls/thesis-gcn-accelerator/vitis/integrated_gcn/integrated_gcn/integrated_gcn/hls/.autopilot/db/a.g.ld.1.lower.bc -only-needed /opt/Xilinx/2025.2/Vitis/lnx64/lib/libhlsm_39.bc /opt/Xilinx/2025.2/Vitis/lnx64/lib/libhlsmc++_39.bc -o /home/nat/dev/trinners/mai_proj/hls/thesis-gcn-accelerator/vitis/integrated_gcn/integrated_gcn/integrated_gcn/hls/.autopilot/db/a.g.ld.2.m1.bc > /home/nat/dev/trinners/mai_proj/hls/thesis-gcn-accelerator/vitis/integrated_gcn/integrated_gcn/integrated_gcn/hls/.autopilot/db/a.g.ld.2.m1.bc.llvm-link.out.log 2> /home/nat/dev/trinners/mai_proj/hls/thesis-gcn-accelerator/vitis/integrated_gcn/integrated_gcn/integrated_gcn/hls/.autopilot/db/a.g.ld.2.m1.bc.llvm-link.err.log
INFO-FLOW: run_clang result=success num-err-msgs=0 num-stderr-lines=0
Command       run_link_or_opt done; 0.94 sec.
Execute       run_link_or_opt -opt -out /home/nat/dev/trinners/mai_proj/hls/thesis-gcn-accelerator/vitis/integrated_gcn/integrated_gcn/integrated_gcn/hls/.autopilot/db/a.g.ld.3.fpc.bc -args /home/nat/dev/trinners/mai_proj/hls/thesis-gcn-accelerator/vitis/integrated_gcn/integrated_gcn/integrated_gcn/hls/.autopilot/db/a.g.ld.2.m1.bc -reflow-globaldce -hls-top-function-name=integrated_gcn -reflow-float-conversion 
INFO-FLOW: run_clang a.g.ld.3.fpc.bc.opt exec: /opt/Xilinx/2025.2/Vitis/lnx64/tools/clang-3.9-csynth/bin/opt -pass-remarks-missed=reflow|pasta|unroll|inline -pass-remarks=reflow|pasta|unroll|inline -pass-remarks-output=/home/nat/dev/trinners/mai_proj/hls/thesis-gcn-accelerator/vitis/integrated_gcn/integrated_gcn/integrated_gcn/hls/.autopilot/db/a.g.ld.3.fpc.bc.opt.diag.yml /home/nat/dev/trinners/mai_proj/hls/thesis-gcn-accelerator/vitis/integrated_gcn/integrated_gcn/integrated_gcn/hls/.autopilot/db/a.g.ld.2.m1.bc -reflow-globaldce -hls-top-function-name=integrated_gcn -reflow-float-conversion -o /home/nat/dev/trinners/mai_proj/hls/thesis-gcn-accelerator/vitis/integrated_gcn/integrated_gcn/integrated_gcn/hls/.autopilot/db/a.g.ld.3.fpc.bc > /home/nat/dev/trinners/mai_proj/hls/thesis-gcn-accelerator/vitis/integrated_gcn/integrated_gcn/integrated_gcn/hls/.autopilot/db/a.g.ld.3.fpc.bc.opt.out.log 2> /home/nat/dev/trinners/mai_proj/hls/thesis-gcn-accelerator/vitis/integrated_gcn/integrated_gcn/integrated_gcn/hls/.autopilot/db/a.g.ld.3.fpc.bc.opt.err.log
INFO-FLOW: run_clang result=success num-err-msgs=0 num-stderr-lines=0
INFO-FLOW: Running: gen_design_size_report post-opt
INFO-FLOW: Done: gen_design_size_report post-opt time: 0 seconds 
Command       run_link_or_opt done; 0.41 sec.
Execute       run_link_or_opt -out /home/nat/dev/trinners/mai_proj/hls/thesis-gcn-accelerator/vitis/integrated_gcn/integrated_gcn/integrated_gcn/hls/.autopilot/db/a.g.ld.4.m2.bc -args /home/nat/dev/trinners/mai_proj/hls/thesis-gcn-accelerator/vitis/integrated_gcn/integrated_gcn/integrated_gcn/hls/.autopilot/db/a.g.ld.3.fpc.bc -only-needed /opt/Xilinx/2025.2/Vitis/lnx64/lib/libfloatconversion_39.bc 
INFO-FLOW: run_clang a.g.ld.4.m2.bc.llvm-link exec: /opt/Xilinx/2025.2/Vitis/lnx64/tools/clang-3.9-csynth/bin/llvm-link /home/nat/dev/trinners/mai_proj/hls/thesis-gcn-accelerator/vitis/integrated_gcn/integrated_gcn/integrated_gcn/hls/.autopilot/db/a.g.ld.3.fpc.bc -only-needed /opt/Xilinx/2025.2/Vitis/lnx64/lib/libfloatconversion_39.bc -o /home/nat/dev/trinners/mai_proj/hls/thesis-gcn-accelerator/vitis/integrated_gcn/integrated_gcn/integrated_gcn/hls/.autopilot/db/a.g.ld.4.m2.bc > /home/nat/dev/trinners/mai_proj/hls/thesis-gcn-accelerator/vitis/integrated_gcn/integrated_gcn/integrated_gcn/hls/.autopilot/db/a.g.ld.4.m2.bc.llvm-link.out.log 2> /home/nat/dev/trinners/mai_proj/hls/thesis-gcn-accelerator/vitis/integrated_gcn/integrated_gcn/integrated_gcn/hls/.autopilot/db/a.g.ld.4.m2.bc.llvm-link.err.log
INFO-FLOW: run_clang result=success num-err-msgs=0 num-stderr-lines=0
Execute       run_link_or_opt -opt -out /home/nat/dev/trinners/mai_proj/hls/thesis-gcn-accelerator/vitis/integrated_gcn/integrated_gcn/integrated_gcn/hls/.autopilot/db/a.g.ld.5.gdce.bc -args /home/nat/dev/trinners/mai_proj/hls/thesis-gcn-accelerator/vitis/integrated_gcn/integrated_gcn/integrated_gcn/hls/.autopilot/db/a.g.ld.4.m2.bc -reflow-globaldce -hls-top-function-name=integrated_gcn 
INFO-FLOW: run_clang a.g.ld.5.gdce.bc.opt exec: /opt/Xilinx/2025.2/Vitis/lnx64/tools/clang-3.9-csynth/bin/opt -pass-remarks-missed=reflow|pasta|unroll|inline -pass-remarks=reflow|pasta|unroll|inline -pass-remarks-output=/home/nat/dev/trinners/mai_proj/hls/thesis-gcn-accelerator/vitis/integrated_gcn/integrated_gcn/integrated_gcn/hls/.autopilot/db/a.g.ld.5.gdce.bc.opt.diag.yml /home/nat/dev/trinners/mai_proj/hls/thesis-gcn-accelerator/vitis/integrated_gcn/integrated_gcn/integrated_gcn/hls/.autopilot/db/a.g.ld.4.m2.bc -reflow-globaldce -hls-top-function-name=integrated_gcn -o /home/nat/dev/trinners/mai_proj/hls/thesis-gcn-accelerator/vitis/integrated_gcn/integrated_gcn/integrated_gcn/hls/.autopilot/db/a.g.ld.5.gdce.bc > /home/nat/dev/trinners/mai_proj/hls/thesis-gcn-accelerator/vitis/integrated_gcn/integrated_gcn/integrated_gcn/hls/.autopilot/db/a.g.ld.5.gdce.bc.opt.out.log 2> /home/nat/dev/trinners/mai_proj/hls/thesis-gcn-accelerator/vitis/integrated_gcn/integrated_gcn/integrated_gcn/hls/.autopilot/db/a.g.ld.5.gdce.bc.opt.err.log
INFO-FLOW: run_clang result=success num-err-msgs=0 num-stderr-lines=0
INFO-FLOW: Running: gen_design_size_report post-opt
INFO-FLOW: Done: gen_design_size_report post-opt time: 0 seconds 
Execute       send_msg_by_id INFO @200-777@%s Vivado 
INFO: [HLS 200-777] Using interface defaults for 'Vivado' flow target.
Execute       is_m_axi_addr64 
INFO-FLOW: Doing LTO.
INFO-FLOW: run_clang reflow (background poll_ms 5000) exec: /opt/Xilinx/2025.2/Vitis/lnx64/tools/clang-3.9-csynth/bin/clang -foptimization-record-file=/home/nat/dev/trinners/mai_proj/hls/thesis-gcn-accelerator/vitis/integrated_gcn/integrated_gcn/integrated_gcn/hls/.autopilot/db/a.g.ld.0.bc.clang.reflow.diag.yml -mllvm -pass-remarks-missed=reflow|pasta|unroll|inline -mllvm -pass-remarks=reflow|pasta|unroll|inline -fhls -mllvm -hls-top-function-name=integrated_gcn -mllvm -hls-db-dir -mllvm /home/nat/dev/trinners/mai_proj/hls/thesis-gcn-accelerator/vitis/integrated_gcn/integrated_gcn/integrated_gcn/hls/.autopilot/db -emit-llvm -c -target fpga64-xilinx-none -mllvm -xcl-xmlinfo=/home/nat/dev/trinners/mai_proj/hls/thesis-gcn-accelerator/vitis/integrated_gcn/integrated_gcn/integrated_gcn/hls/.autopilot/db/kernel.internal.xml -mllvm -top-io-mapping-info=/home/nat/dev/trinners/mai_proj/hls/thesis-gcn-accelerator/vitis/integrated_gcn/integrated_gcn/integrated_gcn/hls/.autopilot/db/top-io-fe.xml -mllvm -hls-bitcode-version=3.1 -mllvm -reflow-enable-slave-interface-default-setting=true -mllvm -gen-kernel-xml=false -mllvm -default-maxi-offset=slave -mllvm -reflow-unroll-size-threshold=10000 -mllvm -reflow-unroll-cost-threshold=1000000 -mllvm -maxi-latency=0 -mllvm -hls-maxi-data-size-in-bits=8 -mllvm -hls-maxi-max-data-size-in-bits=1024 -mllvm -hls-max-widen-size-in-bits=0 -mllvm -xcl-kernel-max-mem-ports=0 -mllvm -maxi-read-trans=16 -mllvm -maxi-write-trans=16 -mllvm -maxi-read-burst-len=16 -mllvm -maxi-write-burst-len=16 -mllvm -reflow-enable-saxi-64bits=0 -mllvm -reflow-basic-block-instr-threshold=200000 -mllvm -reflow-auto-pipeline-threshold=64 -mllvm -reflow-enable-maxi-auto-id-channel=0 -mllvm -reflow-bdd-simplify-threshold=1048576 -mllvm -reflow-fanout-threshold=16 -mllvm -reflow-force-aggressive-unroll=0 -mllvm -reflow-aggressive-unroll-adjust-factor=1.000000 -mllvm -reflow-complete-threshold=4 -mllvm -reflow-array-promotion-threshold=64 -mllvm -reflow-enable-critical-path-for-performance=1 -mllvm -assume-maxi-align=1 -mllvm -reflow-enable-dataflow-strict-mode-checking=1 -ftime-report -mllvm -time-passes -mllvm -reflow-auto-array-partition-mode=default -mllvm -reflow-enable-auto-small-array-partition=true -mllvm -reflow-enable-auto-array-promotion=true -mllvm -reflow-enable-auto-array-partition-for-flatten=true -mllvm -reflow-enable-auto-parallel-performance-driven=true -mllvm -reflow-enable-partition-for-automation=true -mllvm -reflow-aggregate-bitwidth-threshold=4096 -mllvm -reflow-reserved-saxilite-registers=0 -mllvm -enable-reflow-auto-loop-pipeline -mllvm -reflow-max-unroll-threshold=409600 -mllvm -auto-unroll-tripcount-threshold=0 -mllvm -reflow-assume-no-address-wrap=true -mllvm -reflow-enable-occurrence-inference=true -mllvm -reflow-emit-hint-scope=true -mllvm -reflow-enable-codegen-with-if=true -mllvm -reflow-enable-dataflow-canon=true -mllvm -reflow-enable-dataflow-canon2=true -mllvm -reflow-dump-extra-complexity-metric=true -mllvm -reflow-enable-dse-loop-nest-extraction=false -mllvm -hls -mllvm -disable-inlined-alloca-merging=true -mllvm -default-clock-period=10 -mllvm -use_read_first_ram_in_loop=1 -mllvm -default-clock-uncertainty=2.7 -x ir /home/nat/dev/trinners/mai_proj/hls/thesis-gcn-accelerator/vitis/integrated_gcn/integrated_gcn/integrated_gcn/hls/.autopilot/db/a.g.ld.5.gdce.bc -o /home/nat/dev/trinners/mai_proj/hls/thesis-gcn-accelerator/vitis/integrated_gcn/integrated_gcn/integrated_gcn/hls/.autopilot/db/a.g.lto.bc -hls-platform-db-name=/opt/Xilinx/2025.2/Vitis/common/technology/xilinx/common/platform.db -hls-platform-name=zynquplus_medium -device-resource-info=BRAM_288.000000_DSP_1248.000000_FF_234240.000000_LUT_117120.000000_SLICE_14640.000000_URAM_64.000000 -device-name-info=xck26-sfvc784-2LV-c 2> /home/nat/dev/trinners/mai_proj/hls/thesis-gcn-accelerator/vitis/integrated_gcn/integrated_gcn/integrated_gcn/hls/.autopilot/db/a.g.ld.0.bc.clang.reflow.err.log bg_poll_cmd: ::AP::poll_clang_39_closed_source
Execute       send_msg_by_id INFO @200-1995@%s%s%s 2,453 Compile/Link (/home/nat/dev/trinners/mai_proj/hls/thesis-gcn-accelerator/vitis/integrated_gcn/integrated_gcn/integrated_gcn/hls/syn/report/csynth_design_size.rpt:2) 
INFO: [HLS 200-1995] There were 2,453 instructions in the design after the 'Compile/Link' phase of compilation. See the Design Size Report for more details (/home/nat/dev/trinners/mai_proj/hls/thesis-gcn-accelerator/vitis/integrated_gcn/integrated_gcn/integrated_gcn/hls/syn/report/csynth_design_size.rpt:2)
Execute       send_msg_by_id INFO @200-1995@%s%s%s 18,119 Unroll/Inline (step 1) (/home/nat/dev/trinners/mai_proj/hls/thesis-gcn-accelerator/vitis/integrated_gcn/integrated_gcn/integrated_gcn/hls/syn/report/csynth_design_size.rpt:2) 
INFO: [HLS 200-1995] There were 18,119 instructions in the design after the 'Unroll/Inline (step 1)' phase of compilation. See the Design Size Report for more details (/home/nat/dev/trinners/mai_proj/hls/thesis-gcn-accelerator/vitis/integrated_gcn/integrated_gcn/integrated_gcn/hls/syn/report/csynth_design_size.rpt:2)
Execute       send_msg_by_id INFO @200-1995@%s%s%s 7,772 Unroll/Inline (step 2) (/home/nat/dev/trinners/mai_proj/hls/thesis-gcn-accelerator/vitis/integrated_gcn/integrated_gcn/integrated_gcn/hls/syn/report/csynth_design_size.rpt:2) 
INFO: [HLS 200-1995] There were 7,772 instructions in the design after the 'Unroll/Inline (step 2)' phase of compilation. See the Design Size Report for more details (/home/nat/dev/trinners/mai_proj/hls/thesis-gcn-accelerator/vitis/integrated_gcn/integrated_gcn/integrated_gcn/hls/syn/report/csynth_design_size.rpt:2)
Execute       send_msg_by_id INFO @200-1995@%s%s%s 7,061 Unroll/Inline (step 3) (/home/nat/dev/trinners/mai_proj/hls/thesis-gcn-accelerator/vitis/integrated_gcn/integrated_gcn/integrated_gcn/hls/syn/report/csynth_design_size.rpt:2) 
INFO: [HLS 200-1995] There were 7,061 instructions in the design after the 'Unroll/Inline (step 3)' phase of compilation. See the Design Size Report for more details (/home/nat/dev/trinners/mai_proj/hls/thesis-gcn-accelerator/vitis/integrated_gcn/integrated_gcn/integrated_gcn/hls/syn/report/csynth_design_size.rpt:2)
Execute       send_msg_by_id INFO @200-1995@%s%s%s 6,191 Unroll/Inline (step 4) (/home/nat/dev/trinners/mai_proj/hls/thesis-gcn-accelerator/vitis/integrated_gcn/integrated_gcn/integrated_gcn/hls/syn/report/csynth_design_size.rpt:2) 
INFO: [HLS 200-1995] There were 6,191 instructions in the design after the 'Unroll/Inline (step 4)' phase of compilation. See the Design Size Report for more details (/home/nat/dev/trinners/mai_proj/hls/thesis-gcn-accelerator/vitis/integrated_gcn/integrated_gcn/integrated_gcn/hls/syn/report/csynth_design_size.rpt:2)
Execute       send_msg_by_id WARNING @200-1995@%s%s%s 109,630 Array/Struct (step 1) (/home/nat/dev/trinners/mai_proj/hls/thesis-gcn-accelerator/vitis/integrated_gcn/integrated_gcn/integrated_gcn/hls/syn/report/csynth_design_size.rpt:2) 
WARNING: [HLS 200-1995] There were 109,630 instructions in the design after the 'Array/Struct (step 1)' phase of compilation. See the Design Size Report for more details (/home/nat/dev/trinners/mai_proj/hls/thesis-gcn-accelerator/vitis/integrated_gcn/integrated_gcn/integrated_gcn/hls/syn/report/csynth_design_size.rpt:2)
Execute       send_msg_by_id INFO @200-1995@%s%s%s 9,021 Array/Struct (step 2) (/home/nat/dev/trinners/mai_proj/hls/thesis-gcn-accelerator/vitis/integrated_gcn/integrated_gcn/integrated_gcn/hls/syn/report/csynth_design_size.rpt:2) 
INFO: [HLS 200-1995] There were 9,021 instructions in the design after the 'Array/Struct (step 2)' phase of compilation. See the Design Size Report for more details (/home/nat/dev/trinners/mai_proj/hls/thesis-gcn-accelerator/vitis/integrated_gcn/integrated_gcn/integrated_gcn/hls/syn/report/csynth_design_size.rpt:2)
Execute       send_msg_by_id INFO @200-1995@%s%s%s 9,139 Array/Struct (step 3) (/home/nat/dev/trinners/mai_proj/hls/thesis-gcn-accelerator/vitis/integrated_gcn/integrated_gcn/integrated_gcn/hls/syn/report/csynth_design_size.rpt:2) 
INFO: [HLS 200-1995] There were 9,139 instructions in the design after the 'Array/Struct (step 3)' phase of compilation. See the Design Size Report for more details (/home/nat/dev/trinners/mai_proj/hls/thesis-gcn-accelerator/vitis/integrated_gcn/integrated_gcn/integrated_gcn/hls/syn/report/csynth_design_size.rpt:2)
Execute       send_msg_by_id INFO @200-1995@%s%s%s 11,383 Array/Struct (step 4) (/home/nat/dev/trinners/mai_proj/hls/thesis-gcn-accelerator/vitis/integrated_gcn/integrated_gcn/integrated_gcn/hls/syn/report/csynth_design_size.rpt:2) 
INFO: [HLS 200-1995] There were 11,383 instructions in the design after the 'Array/Struct (step 4)' phase of compilation. See the Design Size Report for more details (/home/nat/dev/trinners/mai_proj/hls/thesis-gcn-accelerator/vitis/integrated_gcn/integrated_gcn/integrated_gcn/hls/syn/report/csynth_design_size.rpt:2)
Execute       send_msg_by_id INFO @200-1995@%s%s%s 11,772 Array/Struct (step 5) (/home/nat/dev/trinners/mai_proj/hls/thesis-gcn-accelerator/vitis/integrated_gcn/integrated_gcn/integrated_gcn/hls/syn/report/csynth_design_size.rpt:2) 
INFO: [HLS 200-1995] There were 11,772 instructions in the design after the 'Array/Struct (step 5)' phase of compilation. See the Design Size Report for more details (/home/nat/dev/trinners/mai_proj/hls/thesis-gcn-accelerator/vitis/integrated_gcn/integrated_gcn/integrated_gcn/hls/syn/report/csynth_design_size.rpt:2)
Execute       send_msg_by_id INFO @200-1995@%s%s%s 11,701 Performance (step 1) (/home/nat/dev/trinners/mai_proj/hls/thesis-gcn-accelerator/vitis/integrated_gcn/integrated_gcn/integrated_gcn/hls/syn/report/csynth_design_size.rpt:2) 
INFO: [HLS 200-1995] There were 11,701 instructions in the design after the 'Performance (step 1)' phase of compilation. See the Design Size Report for more details (/home/nat/dev/trinners/mai_proj/hls/thesis-gcn-accelerator/vitis/integrated_gcn/integrated_gcn/integrated_gcn/hls/syn/report/csynth_design_size.rpt:2)
Execute       send_msg_by_id INFO @200-1995@%s%s%s 11,316 Performance (step 2) (/home/nat/dev/trinners/mai_proj/hls/thesis-gcn-accelerator/vitis/integrated_gcn/integrated_gcn/integrated_gcn/hls/syn/report/csynth_design_size.rpt:2) 
INFO: [HLS 200-1995] There were 11,316 instructions in the design after the 'Performance (step 2)' phase of compilation. See the Design Size Report for more details (/home/nat/dev/trinners/mai_proj/hls/thesis-gcn-accelerator/vitis/integrated_gcn/integrated_gcn/integrated_gcn/hls/syn/report/csynth_design_size.rpt:2)
Execute       send_msg_by_id INFO @200-1995@%s%s%s 11,315 Performance (step 3) (/home/nat/dev/trinners/mai_proj/hls/thesis-gcn-accelerator/vitis/integrated_gcn/integrated_gcn/integrated_gcn/hls/syn/report/csynth_design_size.rpt:2) 
INFO: [HLS 200-1995] There were 11,315 instructions in the design after the 'Performance (step 3)' phase of compilation. See the Design Size Report for more details (/home/nat/dev/trinners/mai_proj/hls/thesis-gcn-accelerator/vitis/integrated_gcn/integrated_gcn/integrated_gcn/hls/syn/report/csynth_design_size.rpt:2)
Execute       send_msg_by_id INFO @200-1995@%s%s%s 11,315 Performance (step 4) (/home/nat/dev/trinners/mai_proj/hls/thesis-gcn-accelerator/vitis/integrated_gcn/integrated_gcn/integrated_gcn/hls/syn/report/csynth_design_size.rpt:2) 
INFO: [HLS 200-1995] There were 11,315 instructions in the design after the 'Performance (step 4)' phase of compilation. See the Design Size Report for more details (/home/nat/dev/trinners/mai_proj/hls/thesis-gcn-accelerator/vitis/integrated_gcn/integrated_gcn/integrated_gcn/hls/syn/report/csynth_design_size.rpt:2)
Execute       send_msg_by_id INFO @200-1995@%s%s%s 10,870 HW Transforms (step 1) (/home/nat/dev/trinners/mai_proj/hls/thesis-gcn-accelerator/vitis/integrated_gcn/integrated_gcn/integrated_gcn/hls/syn/report/csynth_design_size.rpt:2) 
INFO: [HLS 200-1995] There were 10,870 instructions in the design after the 'HW Transforms (step 1)' phase of compilation. See the Design Size Report for more details (/home/nat/dev/trinners/mai_proj/hls/thesis-gcn-accelerator/vitis/integrated_gcn/integrated_gcn/integrated_gcn/hls/syn/report/csynth_design_size.rpt:2)
Execute       send_msg_by_id INFO @200-1995@%s%s%s 10,861 HW Transforms (step 2) (/home/nat/dev/trinners/mai_proj/hls/thesis-gcn-accelerator/vitis/integrated_gcn/integrated_gcn/integrated_gcn/hls/syn/report/csynth_design_size.rpt:2) 
INFO: [HLS 200-1995] There were 10,861 instructions in the design after the 'HW Transforms (step 2)' phase of compilation. See the Design Size Report for more details (/home/nat/dev/trinners/mai_proj/hls/thesis-gcn-accelerator/vitis/integrated_gcn/integrated_gcn/integrated_gcn/hls/syn/report/csynth_design_size.rpt:2)
INFO: [HLS 214-291] Loop 'VITIS_LOOP_258_1' is marked as complete unroll implied by the pipeline pragma (src/integrated-gcn/integrated_gcn.cpp:258:35)
INFO: [HLS 214-291] Loop 'VITIS_LOOP_98_1' is marked as complete unroll implied by the pipeline pragma (src/integrated-gcn/integrated_gcn.cpp:98:34)
INFO: [HLS 214-291] Loop 'VITIS_LOOP_119_2' is marked as complete unroll implied by the pipeline pragma (src/integrated-gcn/integrated_gcn.cpp:119:43)
INFO: [HLS 214-291] Loop 'VITIS_LOOP_130_3' is marked as complete unroll implied by the pipeline pragma (src/integrated-gcn/integrated_gcn.cpp:130:43)
INFO: [HLS 214-291] Loop 'COMP_J' is marked as complete unroll implied by the pipeline pragma (src/integrated-gcn/integrated_gcn.cpp:134:29)
INFO: [HLS 214-291] Loop 'VITIS_LOOP_149_5' is marked as complete unroll implied by the pipeline pragma (src/integrated-gcn/integrated_gcn.cpp:149:39)
INFO: [HLS 214-188] Unrolling loop 'SPMM_INIT' (src/integrated-gcn/integrated_gcn.cpp:241:9) in function 'spmm_compute' partially with a factor of 32 (src/integrated-gcn/integrated_gcn.cpp:229:0)
INFO: [HLS 214-186] Unrolling loop 'VITIS_LOOP_258_1' (src/integrated-gcn/integrated_gcn.cpp:258:35) in function 'spmm_compute' completely with a factor of 32 (src/integrated-gcn/integrated_gcn.cpp:229:0)
INFO: [HLS 214-188] Unrolling loop 'SPMM_MAC' (src/integrated-gcn/integrated_gcn.cpp:265:13) in function 'spmm_compute' partially with a factor of 32 (src/integrated-gcn/integrated_gcn.cpp:229:0)
INFO: [HLS 214-186] Unrolling loop 'VITIS_LOOP_98_1' (src/integrated-gcn/integrated_gcn.cpp:98:34) in function 'gemm_compute' completely with a factor of 64 (src/integrated-gcn/integrated_gcn.cpp:77:0)
INFO: [HLS 214-186] Unrolling loop 'VITIS_LOOP_119_2' (src/integrated-gcn/integrated_gcn.cpp:119:43) in function 'gemm_compute' completely with a factor of 32 (src/integrated-gcn/integrated_gcn.cpp:77:0)
INFO: [HLS 214-186] Unrolling loop 'VITIS_LOOP_130_3' (src/integrated-gcn/integrated_gcn.cpp:130:43) in function 'gemm_compute' completely with a factor of 4 (src/integrated-gcn/integrated_gcn.cpp:77:0)
INFO: [HLS 214-186] Unrolling loop 'COMP_J' (src/integrated-gcn/integrated_gcn.cpp:134:29) in function 'gemm_compute' completely with a factor of 64 (src/integrated-gcn/integrated_gcn.cpp:77:0)
INFO: [HLS 214-186] Unrolling loop 'VITIS_LOOP_149_5' (src/integrated-gcn/integrated_gcn.cpp:149:39) in function 'gemm_compute' completely with a factor of 32 (src/integrated-gcn/integrated_gcn.cpp:77:0)
INFO: [HLS 214-178] Inlining function 'std::__array_traits<ap_fixed<16, 6, (ap_q_mode)0, (ap_o_mode)0, 0>, 32ul>::_S_ref(ap_fixed<16, 6, (ap_q_mode)0, (ap_o_mode)0, 0> const (&) [32], unsigned long)' into 'std::array<ap_fixed<16, 6, (ap_q_mode)0, (ap_o_mode)0, 0>, 32ul>::operator[](unsigned long)' (/opt/Xilinx/2025.2/Vitis/tps/lnx64/gcc-8.3.0/lib/gcc/x86_64-pc-linux-gnu/8.3.0/../../../../include/c++/8.3.0/array:186:0)
INFO: [HLS 214-178] Inlining function 'std::array<ap_fixed<16, 6, (ap_q_mode)0, (ap_o_mode)0, 0>, 32ul>::operator[](unsigned long)' into 'gemm_compute(hls::stream<hls::vector<ap_fixed<16, 6, (ap_q_mode)0, (ap_o_mode)0, 0>, 32ul>, 0>&, hls::stream<hls::vector<ap_fixed<16, 6, (ap_q_mode)0, (ap_o_mode)0, 0>, 32ul>, 0>&, hls::stream<hls::vector<ap_fixed<16, 6, (ap_q_mode)0, (ap_o_mode)0, 0>, 32ul>, 0>&)' (src/integrated-gcn/integrated_gcn.cpp:77:0)
INFO: [HLS 214-178] Inlining function 'std::array<ap_fixed<16, 6, (ap_q_mode)0, (ap_o_mode)0, 0>, 32ul>::operator[](unsigned long)' into 'spmm_compute(hls::vector<ap_fixed<16, 6, (ap_q_mode)0, (ap_o_mode)0, 0>, 32ul>*, hls::stream<int, 0>&, hls::stream<int, 0>&, hls::stream<ap_fixed<16, 6, (ap_q_mode)0, (ap_o_mode)0, 0>, 0>&, hls::stream<ap_fixed<16, 6, (ap_q_mode)0, (ap_o_mode)0, 0>, 0>&)' (src/integrated-gcn/integrated_gcn.cpp:229:0)
INFO: [HLS 214-178] Inlining function 'std::array<ap_fixed<16, 6, (ap_q_mode)0, (ap_o_mode)0, 0>, 32ul>::operator[](unsigned long)' into 'spmm_store(hls::vector<ap_fixed<16, 6, (ap_q_mode)0, (ap_o_mode)0, 0>, 32ul>*, hls::stream<ap_fixed<16, 6, (ap_q_mode)0, (ap_o_mode)0, 0>, 0>&)' (src/integrated-gcn/integrated_gcn.cpp:285:0)
WARNING: [HLS 214-464] Skipping array undecay on variable length array 'X'. (src/integrated-gcn/integrated_gcn.cpp:344:0)
WARNING: [HLS 214-464] Skipping array undecay on variable length array 'W'. (src/integrated-gcn/integrated_gcn.cpp:344:0)
WARNING: [HLS 214-464] Skipping array undecay on variable length array 'H_temp'. (src/integrated-gcn/integrated_gcn.cpp:344:0)
WARNING: [HLS 214-464] Skipping array undecay on variable length array 'row_length'. (src/integrated-gcn/integrated_gcn.cpp:344:0)
WARNING: [HLS 214-464] Skipping array undecay on variable length array 'colind'. (src/integrated-gcn/integrated_gcn.cpp:344:0)
WARNING: [HLS 214-464] Skipping array undecay on variable length array 'values'. (src/integrated-gcn/integrated_gcn.cpp:344:0)
WARNING: [HLS 214-464] Skipping array undecay on variable length array 'H_out'. (src/integrated-gcn/integrated_gcn.cpp:344:0)
WARNING: [HLS 214-464] Skipping array undecay on variable length array 'row_length'. (src/integrated-gcn/integrated_gcn.cpp:310:0)
WARNING: [HLS 214-464] Skipping array undecay on variable length array 'colind'. (src/integrated-gcn/integrated_gcn.cpp:310:0)
WARNING: [HLS 214-464] Skipping array undecay on variable length array 'values'. (src/integrated-gcn/integrated_gcn.cpp:310:0)
WARNING: [HLS 214-464] Skipping array undecay on variable length array 'H_temp'. (src/integrated-gcn/integrated_gcn.cpp:310:0)
WARNING: [HLS 214-464] Skipping array undecay on variable length array 'H_out'. (src/integrated-gcn/integrated_gcn.cpp:310:0)
WARNING: [HLS 214-464] Skipping array undecay on variable length array 'X'. (src/integrated-gcn/integrated_gcn.cpp:185:0)
WARNING: [HLS 214-464] Skipping array undecay on variable length array 'W'. (src/integrated-gcn/integrated_gcn.cpp:185:0)
WARNING: [HLS 214-464] Skipping array undecay on variable length array 'H_temp'. (src/integrated-gcn/integrated_gcn.cpp:185:0)
INFO: [HLS 214-248] Applying array_partition to 'XW_block': Cyclic partitioning with factor 4 on dimension 1. Complete partitioning on dimension 2. (src/integrated-gcn/integrated_gcn.cpp:78:13)
INFO: [HLS 214-248] Applying array_partition to 'W_line': Complete partitioning on dimension 1. (src/integrated-gcn/integrated_gcn.cpp:79:11)
INFO: [HLS 214-248] Applying array_partition to 'X_line': Complete partitioning on dimension 1. (src/integrated-gcn/integrated_gcn.cpp:80:11)
INFO: [HLS 214-248] Applying array_partition to 'acc': Cyclic partitioning with factor 32 on dimension 1. (src/integrated-gcn/integrated_gcn.cpp:230:13)
INFO: [HLS 214-248] Applying array_partition to 'h_buf': Cyclic partitioning with factor 32 on dimension 1. (src/integrated-gcn/integrated_gcn.cpp:231:11)
INFO: [HLS 214-241] Aggregating fifo (hls::stream) variable 'XW_stream' with compact=bit mode in 512-bits (src/integrated-gcn/integrated_gcn.cpp:189:44)
INFO: [HLS 214-241] Aggregating fifo (hls::stream) variable 'W_stream' with compact=bit mode in 512-bits (src/integrated-gcn/integrated_gcn.cpp:188:44)
INFO: [HLS 214-241] Aggregating fifo (hls::stream) variable 'X_stream' with compact=bit mode in 512-bits (src/integrated-gcn/integrated_gcn.cpp:187:44)
INFO: [HLS 214-241] Aggregating maxi variable 'X' with compact=none mode in 512-bits (src/integrated-gcn/integrated_gcn.cpp:344:0)
INFO: [HLS 214-241] Aggregating maxi variable 'W' with compact=none mode in 512-bits (src/integrated-gcn/integrated_gcn.cpp:344:0)
INFO: [HLS 214-241] Aggregating maxi variable 'H_temp' with compact=none mode in 512-bits (src/integrated-gcn/integrated_gcn.cpp:344:0)
INFO: [HLS 214-241] Aggregating maxi variable 'H_out' with compact=none mode in 512-bits (src/integrated-gcn/integrated_gcn.cpp:344:0)
INFO: [HLS 214-241] Aggregating scalar variable 'out_vec' with compact=bit mode in 512-bits (src/integrated-gcn/integrated_gcn.cpp:286:31)
INFO: [HLS 214-115] Multiple burst reads of length 2 and bit width 512 in loop 'VITIS_LOOP_39_5'(src/integrated-gcn/integrated_gcn.cpp:39:38) has been inferred on bundle 'gmem0'. These burst requests might be further partitioned into multiple requests during RTL generation, based on max_read_burst_length or max_write_burst_length settings. (src/integrated-gcn/integrated_gcn.cpp:39:38)
INFO: [HLS 214-115] Multiple burst reads of length 2944 and bit width 512 in loop 'VITIS_LOOP_57_3'(src/integrated-gcn/integrated_gcn.cpp:57:30) has been inferred on bundle 'gmem1'. These burst requests might be further partitioned into multiple requests during RTL generation, based on max_read_burst_length or max_write_burst_length settings. (src/integrated-gcn/integrated_gcn.cpp:57:30)
INFO: [HLS 214-115] Multiple burst writes of variable length and bit width 512 in loop 'VITIS_LOOP_168_4'(src/integrated-gcn/integrated_gcn.cpp:168:35) has been inferred on bundle 'gmem2'. These burst requests might be further partitioned into multiple requests during RTL generation, based on max_read_burst_length or max_write_burst_length settings. (src/integrated-gcn/integrated_gcn.cpp:168:35)
INFO: [HLS 214-115] Multiple burst reads of length 2708 and bit width 32 in loop 'LOAD_ROWS'(src/integrated-gcn/integrated_gcn.cpp:210:5) has been inferred on bundle 'gmem3'. These burst requests might be further partitioned into multiple requests during RTL generation, based on max_read_burst_length or max_write_burst_length settings. (src/integrated-gcn/integrated_gcn.cpp:210:5)
INFO: [HLS 214-115] Multiple burst reads of variable length and bit width 32 in loop 'LOAD_NNZ'(src/integrated-gcn/integrated_gcn.cpp:216:5) has been inferred on bundle 'gmem4'. These burst requests might be further partitioned into multiple requests during RTL generation, based on max_read_burst_length or max_write_burst_length settings. (src/integrated-gcn/integrated_gcn.cpp:216:5)
INFO: [HLS 214-115] Multiple burst reads of variable length and bit width 16 in loop 'LOAD_NNZ'(src/integrated-gcn/integrated_gcn.cpp:216:5) has been inferred on bundle 'gmem5'. These burst requests might be further partitioned into multiple requests during RTL generation, based on max_read_burst_length or max_write_burst_length settings. (src/integrated-gcn/integrated_gcn.cpp:216:5)
INFO: [HLS 214-115] Multiple burst reads of length 2 and bit width 512 in loop 'SPMM_LOAD_H'(src/integrated-gcn/integrated_gcn.cpp:255:13) has been inferred on bundle 'gmem2'. These burst requests might be further partitioned into multiple requests during RTL generation, based on max_read_burst_length or max_write_burst_length settings. (src/integrated-gcn/integrated_gcn.cpp:255:13)
INFO-FLOW: run_clang result=success num-err-msgs=0 num-stderr-lines=146
INFO-FLOW: DBG:PUTS: copy_raw_kernel_xml ap_link_39: kernel.xml not generated: /home/nat/dev/trinners/mai_proj/hls/thesis-gcn-accelerator/vitis/integrated_gcn/integrated_gcn/integrated_gcn/hls/.autopilot/db/kernel.internal.xml
INFO: [HLS 200-111] Finished Compiling Optimization and Transform: CPU user time: 15.41 seconds. CPU system time: 0.76 seconds. Elapsed time: 17.09 seconds; current allocated memory: 279.805 MB.
INFO: [HLS 200-111] Finished Checking Pragmas: CPU user time: 0 seconds. CPU system time: 0 seconds. Elapsed time: 0 seconds; current allocated memory: 279.805 MB.
Execute       opt_and_import_c a -opt_level=2 -skip_syncheck=0 -ng=0 -keep_printf=0 
Execute         cleanup_all_models 
INFO: [HLS 200-10] Starting code transformations ...
INFO-FLOW: Running Standard Transforms...
Execute         transform -hls -share-std-xform -demangle-name -inline-byval-memcpy -always-inline -promote-dbg-pointer -interface-preproc -mem2reg -reassociate -gvn -reassociate -scalarrepl -mem2reg -keep-read-access -instcombine -dce -promote-dbg-pointer -bitop-raise -loop-simplify -indvarspre -indvars -loop-simplify -constprop -instcombine -simplifycfg -indvars -simplifycfg -dce -globaldce -basicaa -simplifycfg -mem2reg -globalopt -global-constprop -deadargelim -instcombine -simplifycfg -scalarrepl -instcombine -reassociate -licm -simplifycfg -loop-simplify -indvars -instcombine -simplifycfg -mem2reg -loop-simplify -indvars -instcombine -gvn -gvn -instcombine -adce -break-crit-edges -simplifycfg -loop-delete -global-array-opt -dce -dse -adce -find-syn-modules -top integrated_gcn -deadargelim -mem2reg -instcombine -dce -presyn-prepare -interface-preproc -syn-check -check-rec-only -find-region -simplifycfg -func-extr -function-inline -globaldce -mem2reg -instcombine -dce -gvn -globaldce -adce -adse -constprop -instcombine -bit-constprop -instcombine -dce -simplifycfg -bitop-raise -simplifycfg -dce -loop-delete -reassociate -globalopt -global-privatize -mem2reg -dce -global-constprop -pointer-simplify -constprop -dce -promote-dbg-pointer -norm-name /home/nat/dev/trinners/mai_proj/hls/thesis-gcn-accelerator/vitis/integrated_gcn/integrated_gcn/integrated_gcn/hls/.autopilot/db/a.g.0.bc -o /home/nat/dev/trinners/mai_proj/hls/thesis-gcn-accelerator/vitis/integrated_gcn/integrated_gcn/integrated_gcn/hls/.autopilot/db/a.g.1.bc -f -phase std-opt 
Command         transform done; 0.31 sec.
INFO: [HLS 200-111] Finished Standard Transforms: CPU user time: 0.31 seconds. CPU system time: 0.01 seconds. Elapsed time: 0.31 seconds; current allocated memory: 288.957 MB.
INFO: [HLS 200-10] Checking synthesizability ...
INFO-FLOW: Checking Synthesizability 1/2..
Execute         transform -hls -syn-check -check-rec-only -scalarrepl -norm-name -dce -mem2reg -instcombine -directive-preproc -mem2reg -dse -dce -dce -pag -array-normalize -instcombine -dce -array-seg-normalize -instcombine -dce -data-pack -instcombine -dce -inst-simplify -array-flatten -instcombine -dce -array-burst -dce -deadargelim -promote-global-argument -simplifycfg -mem2reg -globaldce -dce -deadargelim -dce -instcombine -function-inline -globaldce -dce -doublePtrSimplify -doublePtrElim -dce -doublePtrSimplify -promote-dbg-pointer -dce -scalarrepl -dse -adse -instcombine -ptrLegalization -simplifycfg -dce -instcombine -pointer-simplify -ptrArgReplace -dce -instcombine -resolve-double-ptr -scalarrepl -norm-name -dce -mem2reg -instcombine -ptrLegalization -simplifycfg -deadargelim -instcombine -dce -inst-simplify -directive-preproc -mem2reg -dse -dce -globaldce /home/nat/dev/trinners/mai_proj/hls/thesis-gcn-accelerator/vitis/integrated_gcn/integrated_gcn/integrated_gcn/hls/.autopilot/db/a.g.1.bc -o /home/nat/dev/trinners/mai_proj/hls/thesis-gcn-accelerator/vitis/integrated_gcn/integrated_gcn/integrated_gcn/hls/.autopilot/db/a.g.2.prechk.bc -f 
Command         transform done; 0.43 sec.
INFO-FLOW: Checking Synthesizability 2/2..
Execute         transform -syn-check /home/nat/dev/trinners/mai_proj/hls/thesis-gcn-accelerator/vitis/integrated_gcn/integrated_gcn/integrated_gcn/hls/.autopilot/db/a.g.2.prechk.bc -o /home/nat/dev/trinners/mai_proj/hls/thesis-gcn-accelerator/vitis/integrated_gcn/integrated_gcn/integrated_gcn/hls/.autopilot/db/a.g.2.bc -f -phase syn-check 
INFO: [HLS 200-111] Finished Checking Synthesizability: CPU user time: 0.44 seconds. CPU system time: 0.01 seconds. Elapsed time: 0.44 seconds; current allocated memory: 298.840 MB.
INFO-FLOW: Compiler optimizing ...
INFO-FLOW: Share syncheck's 1.bc for syn flow: copy /home/nat/dev/trinners/mai_proj/hls/thesis-gcn-accelerator/vitis/integrated_gcn/integrated_gcn/integrated_gcn/hls/.autopilot/db/a.g.1.bc to /home/nat/dev/trinners/mai_proj/hls/thesis-gcn-accelerator/vitis/integrated_gcn/integrated_gcn/integrated_gcn/hls/.autopilot/db/a.o.1.bc
INFO-FLOW: Presyn 1...
Execute         transform -hls -tmp /home/nat/dev/trinners/mai_proj/hls/thesis-gcn-accelerator/vitis/integrated_gcn/integrated_gcn/integrated_gcn/hls/.autopilot/db -interface-port-rename -directive-preproc -mem2reg -dse -dce -scalarrepl -norm-name -deadargelim -dce -hls-dead-arg-elim -deadargelim -mem2reg -instcombine -dce -simplifycfg -dce -resource-proc -clib-intrinsic-prepare -dce -func-buffer -dce -pag -array-normalize -func-legal -instcombine -gvn -constprop -dce -simplifycfg -mem2reg -globaldce -resolve-double-ptr -dce -deadargelim -dce -instcombine -ptrArgReplace -mem2reg -dce -array-seg-normalize -deadargelim -instcombine -dce -directive-preproc -mem2reg -dse -dce -pointer-simplify -dce -dce -interface-preproc -data-pack -instcombine -dce -basicaa -aggr-aa -aggrmodref-aa -aggr-aa -gvn -gvn -basicaa -aggr-aa -aggrmodref-aa -aggr-aa -dse -adse -adce -loop-simplify -indvars -instcombine -gvn -loop-simplify -mem2reg -dce -find-region -instcombine -inst-simplify -interface-preproc -cfgopt -instcombine -indvars -loop-simplify -loop-bound -constprop -instcombine -simplifycfg -indvars -simplifycfg -dce -globaldce -clean-region -attach-range -gvn -inst-simplify -constprop -simplifycfg -dce -pointer-simplify -dce -globalopt -constprop -dce -ptrArgReplace -mem2reg -simplifycfg -dce -instcombine -dce -array-transform-check -array-reshape -instcombine -simplifycfg -dce -ptrArgReplace -deadargelim -mem2reg -instcombine -simplifycfg -dce -indvars -loop-simplify -loop-bound -constprop -instcombine -simplifycfg -indvars -simplifycfg -dce -globaldce -basicaa -aggr-aa -aggrmodref-aa -aggr-aa -dse -duplicate-dataflow-processes -globaldce -instcombine -array-partition -prepare-dynamic-array-partition -instcombine -simplifycfg -dce -ptrArgReplace -global-constprop -deadargelim -mem2reg -func-legal -dce -global-constprop -deadargelim -mem2reg -simplifycfg -dce -merge-param -deadargelim -globalopt -constprop -dce -ptrArgReplace -mem2reg -simplifycfg -dce -mem-intrinsic-preproc -dce -global-internalize -global-privatize -mem2reg -globaldce -lcssa -loop-simplify -phi-select-elim -promote-global-argument -ptrArgReplace -mem2reg -dce -globalopt -mergereturn -simplify-global-access -mem2reg -dce -pointer-simplify -dce -basicaa -aggr-aa -aggrmodref-aa -aggr-aa -functionattrs -basicaa -aggr-aa -aggrmodref-aa -aggr-aa -gvn -gvn -basicaa -aggr-aa -aggrmodref-aa -aggr-aa -dse -adse -adce -dce -norm-name -basicaa -aggr-aa -aggrmodref-aa -aggr-aa -accesses-merge -function-inline -complex-op-raise -inst-simplify -globaldce -func-legal -dce -loop-bound -arraycheck -bitwidthmin2 -bitwidthmin2 -on-by-dataflow -loop-delete -instcombine -simplifycfg -globaldce -dce -gvn -deadargelim -dce -loop-simplify -clean-region -simplifycfg -propagate-stable-arguments -instcombine -simplifycfg -dce -globaldce -duplicate-dataflow-processes -stream-intrinsic-preproc -dce -check-ap-stream -loop-simplify -eliminate-keepreads -extract-dataflow-in-loop -loop-simplify -dce -gvn -deadargelim -dse -duplicate-dataflow-processes -check-dataflow-syntax -legalize-stream-variable -globaldce -extract-subproc -global-constprop -deadargelim -globaldce -legalize-global -dce -dead-channel-elimination -canonicalize-gep -globaldce -dce -gvn -hls-dead-arg-elim -deadargelim -canonicalize-dataflow -directive-preproc -dce -globaldce -scalar-preprocessing -scalar-propagation2 -scalar-stream -deadargelim -globaldce -mem2reg -check-dataflow-channels -function-stream -dce -globaldce -prop-fifo-spec -internal-stream-gen -canonicalize-gep -globaldce -dce -gvn -deadargelim -mergereturn -indvars -loop-simplify -instcombine -array-stream -array-seg-normalize -array-partition -clean-array-spec -func-legal -instcombine -simplifycfg -dce -bundle-memfifo-ops -deadargelim -directive-preproc -mem2reg -dse -dce -group-axi-access -licm -simplifycfg -dce -loop-delete -hls-display -norm-name /home/nat/dev/trinners/mai_proj/hls/thesis-gcn-accelerator/vitis/integrated_gcn/integrated_gcn/integrated_gcn/hls/.autopilot/db/a.o.1.bc -o /home/nat/dev/trinners/mai_proj/hls/thesis-gcn-accelerator/vitis/integrated_gcn/integrated_gcn/integrated_gcn/hls/.autopilot/db/a.o.1.tmp.bc -f 
INFO: [HLS 200-1947] Using 'stable' for argument 'gmem0' of dataflow function 'gemm_stage' (src/integrated-gcn/integrated_gcn.cpp:186:1).
INFO: [HLS 200-1947] Using 'stable' for argument 'X' of dataflow function 'gemm_stage' (src/integrated-gcn/integrated_gcn.cpp:186:1).
INFO: [HLS 200-1947] Using 'stable' for argument 'gmem1' of dataflow function 'gemm_stage' (src/integrated-gcn/integrated_gcn.cpp:186:1).
INFO: [HLS 200-1947] Using 'stable' for argument 'W' of dataflow function 'gemm_stage' (src/integrated-gcn/integrated_gcn.cpp:186:1).
INFO: [HLS 200-1947] Using 'stable' for argument 'H_temp' of dataflow function 'gemm_stage' (src/integrated-gcn/integrated_gcn.cpp:186:1).
INFO: [HLS 200-1947] Using 'stable' for argument 'gmem3' of dataflow function 'spmm_stage' (src/integrated-gcn/integrated_gcn.cpp:311:1).
INFO: [HLS 200-1947] Using 'stable' for argument 'row_length' of dataflow function 'spmm_stage' (src/integrated-gcn/integrated_gcn.cpp:311:1).
INFO: [HLS 200-1947] Using 'stable' for argument 'gmem4' of dataflow function 'spmm_stage' (src/integrated-gcn/integrated_gcn.cpp:311:1).
INFO: [HLS 200-1947] Using 'stable' for argument 'colind' of dataflow function 'spmm_stage' (src/integrated-gcn/integrated_gcn.cpp:311:1).
INFO: [HLS 200-1947] Using 'stable' for argument 'gmem5' of dataflow function 'spmm_stage' (src/integrated-gcn/integrated_gcn.cpp:311:1).
INFO: [HLS 200-1947] Using 'stable' for argument 'values' of dataflow function 'spmm_stage' (src/integrated-gcn/integrated_gcn.cpp:311:1).
INFO: [HLS 200-1947] Using 'stable' for argument 'gmem2' of dataflow function 'spmm_stage' (src/integrated-gcn/integrated_gcn.cpp:311:1).
INFO: [HLS 200-1947] Using 'stable' for argument 'H_temp' of dataflow function 'spmm_stage' (src/integrated-gcn/integrated_gcn.cpp:311:1).
INFO: [HLS 200-1947] Using 'stable' for argument 'nnz_total' of dataflow function 'spmm_stage' (src/integrated-gcn/integrated_gcn.cpp:311:1).
INFO: [HLS 200-1947] Using 'stable' for argument 'H_out' of dataflow function 'spmm_stage' (src/integrated-gcn/integrated_gcn.cpp:311:1).
INFO: [XFORM 203-712] Applying dataflow to function 'gemm_stage' (src/integrated-gcn/integrated_gcn.cpp:186:1), detected/extracted 4 process function(s): 
	 'gemm_read_X'
	 'gemm_read_W'
	 'gemm_compute'
	 'gemm_write'.
INFO: [XFORM 203-712] Applying dataflow to function 'spmm_stage' (src/integrated-gcn/integrated_gcn.cpp:311:1), detected/extracted 3 process function(s): 
	 'spmm_load_csr'
	 'spmm_compute'
	 'spmm_store'.
Command         transform done; 1.35 sec.
INFO-FLOW: Presyn 2...
Execute         transform -hls -keep-callgraph -scalarrepl -mem2reg -attach-range -dce -pipe-mux-gen -indvars -loop-bound -inst-simplify -instcombine -dce -merge-array-access -mem2reg -dce -clean-region -mergereturn -if-conv -instcombine -dce -constprop -basicaa -aggr-aa -aggrmodref-aa -aggr-aa -gvn -gvn -basicaa -aggr-aa -aggrmodref-aa -aggr-aa -dse -adse -adce -scalarrepl -mem2reg -global-constprop -deadargelim -deadargelim -instcombine -dce -simplifycfg -ptrArgReplace -mem2reg -function-inline -globaldce -mem2reg -instcombine -dce -expr-balance -instcombine -dce -bitwidthmin2 -bitwidthmin2 -interface-preproc -directive-preproc -inst-rectify -instcombine -dce -basicaa -aggr-aa -aggrmodref-aa -aggr-aa -functionattrs -constprop -instcombine -bit-constprop -simplify-global-access -globalopt -globaldce -inst-simplify -instcombine -elimdeaddata -dce -loop-delete -simplifycfg -loop-simplify -barrier -norm-name /home/nat/dev/trinners/mai_proj/hls/thesis-gcn-accelerator/vitis/integrated_gcn/integrated_gcn/integrated_gcn/hls/.autopilot/db/a.o.1.tmp.bc -o /home/nat/dev/trinners/mai_proj/hls/thesis-gcn-accelerator/vitis/integrated_gcn/integrated_gcn/integrated_gcn/hls/.autopilot/db/a.o.2.bc -f -phase presyn 
Command         transform done; 0.52 sec.
INFO: [HLS 200-111] Finished Loop, function and other optimizations: CPU user time: 1.84 seconds. CPU system time: 0.03 seconds. Elapsed time: 1.87 seconds; current allocated memory: 337.527 MB.
Execute         transform -hls -auto-function-inline -globaldce -ptrArgReplace -mem2reg -dce -reset-lda -loop-simplify -indvars -aggr-aa -licm -loop-dep -loop-bound -licm -loop-simplify -loop-sink-hoist -flattenloopnest -array-flatten -gvn -instcombine -dce -array-map -dce -func-legal -gvn -adce -instcombine -cfgopt -simplifycfg-lite -loop-simplify -array-burst -promote-global-argument -dce -array-seg-normalize -basicaa -aggrmodref-aa -globalsmodref-aa -aggr-aa -gvn -gvn -basicaa -aggrmodref-aa -globalsmodref-aa -aggr-aa -dse -adse -adce -licm -inst-simplify -dce -globaldce -instcombine -array-stream -eliminate-keepreads -instcombine -dce -deadargelim -doublePtrSimplify -doublePtrElim -dce -doublePtrSimplify -promote-dbg-pointer -dce -scalarrepl -mem2reg -norm-name -mem2reg -instcombine -dse -adse -adce -ptrLegalization -dce -array-flatten -dce -instcombine -check-doubleptr -loop-rot -constprop -inst-simplify -cfgopt -simplifycfg-lite -loop-simplify -indvars -pointer-simplify -dce -loop-bound -loop-simplify -loop-preproc -constprop -global-constprop -gvn -mem2reg -instcombine -dce -loop-bound -loop-merge -dce -deadargelim -dce -canonicalize-dataflow -dce -deadargelim -globaldce -mem2reg -bram-byte-enable -inst-simplify -inst-rectify -instcombine -adce -deadargelim -load-elim -read-loop-dep -loop-simplify -loop-rewind-sink-hoist -loop-outline -hls-dead-arg-elim -directive-preproc -bitwidthmin2 -bitwidthmin2 -read-loop-dep -interface-preproc -directive-preproc -interface-gen -bram-byte-enable-spec-prop -mul2addshift -deadargelim -inst-simplify -dce -mem2reg -instcombine -gvn -dce -adse -loop-bound -instcombine -cfgopt -simplifycfg-lite -loop-simplify -clean-region -io-protocol -find-region -mem2reg -bitop-raise -complex-op-raise -inst-simplify -inst-rectify -instcombine -gvn -adce -deadargelim -float-op-raise -loop-simplify -phi-opt -bitop-raise -cfgopt -simplifycfg-lite -strip-dead-prototypes -interface-lower -bitop-lower -intrinsic-lower -auto-function-inline -basicaa -aggrmodref-aa -globalsmodref-aa -aggr-aa -inst-simplify -simplifycfg-lite -loop-simplify -mergereturn -inst-simplify -inst-rectify -globaldce -dce -load-elim -bitop-lower -float-op-raise -fma-raise -loop-rewind -pointer-simplify -dce -cfgopt -dce -loop-bound -loop-dep -read-loop-dep -dce -dyn-mem-reuse -dce -recurrence-min -dce -share-scalar-alloca -deadargelim -dce -check-stream -norm-name -legalize -inst-clarity -bitwidth -dce -validate-dataflow -dump-loop-dep-to-ir -check-all-ssdm -drop-inferred-ii -dump-complexity-metric /home/nat/dev/trinners/mai_proj/hls/thesis-gcn-accelerator/vitis/integrated_gcn/integrated_gcn/integrated_gcn/hls/.autopilot/db/a.o.2.bc -o /home/nat/dev/trinners/mai_proj/hls/thesis-gcn-accelerator/vitis/integrated_gcn/integrated_gcn/integrated_gcn/hls/.autopilot/db/a.o.3.bc -f -phase build-ssdm 
INFO: [HLS 200-2061] Successfully converted nested loops 'SPMM_STORE_ROW'(src/integrated-gcn/integrated_gcn.cpp:289:5) and 'SPMM_STORE_FEAT'(src/integrated-gcn/integrated_gcn.cpp:291:9) in function 'spmm_store' into perfectly nested loops.
INFO: [HLS 200-2061] Successfully converted nested loops 'VITIS_LOOP_167_3'(src/integrated-gcn/integrated_gcn.cpp:167:31) and 'VITIS_LOOP_168_4'(src/integrated-gcn/integrated_gcn.cpp:168:35) in function 'gemm_write' into perfectly nested loops.
INFO: [HLS 200-2061] Successfully converted nested loops 'VITIS_LOOP_165_1'(src/integrated-gcn/integrated_gcn.cpp:165:23) and 'VITIS_LOOP_167_3'(src/integrated-gcn/integrated_gcn.cpp:167:31) in function 'gemm_write' into perfectly nested loops.
INFO: [HLS 200-2061] Successfully converted nested loops 'VITIS_LOOP_38_4'(src/integrated-gcn/integrated_gcn.cpp:38:34) and 'VITIS_LOOP_39_5'(src/integrated-gcn/integrated_gcn.cpp:39:38) in function 'gemm_read_X' into perfectly nested loops.
INFO: [HLS 200-2061] Successfully converted nested loops 'VITIS_LOOP_37_3'(src/integrated-gcn/integrated_gcn.cpp:37:30) and 'VITIS_LOOP_38_4'(src/integrated-gcn/integrated_gcn.cpp:38:34) in function 'gemm_read_X' into perfectly nested loops.
INFO: [HLS 200-2061] Successfully converted nested loops 'VITIS_LOOP_35_1'(src/integrated-gcn/integrated_gcn.cpp:35:22) and 'VITIS_LOOP_37_3'(src/integrated-gcn/integrated_gcn.cpp:37:30) in function 'gemm_read_X' into perfectly nested loops.
INFO: [HLS 200-2061] Successfully converted nested loops 'VITIS_LOOP_55_1'(src/integrated-gcn/integrated_gcn.cpp:55:22) and 'VITIS_LOOP_57_3'(src/integrated-gcn/integrated_gcn.cpp:57:30) in function 'gemm_read_W' into perfectly nested loops.
INFO: [HLS 200-2061] Successfully converted nested loops 'COMP_EMIT'(src/integrated-gcn/integrated_gcn.cpp:145:13) and 'VITIS_LOOP_146_4'(src/integrated-gcn/integrated_gcn.cpp:146:35) in function 'gemm_compute' into perfectly nested loops.
INFO: [XFORM 203-541] Flattening a loop nest 'SPMM_STORE_ROW' (src/integrated-gcn/integrated_gcn.cpp:289:5) in function 'spmm_store'.
INFO: [XFORM 203-541] Flattening a loop nest 'VITIS_LOOP_167_3' (src/integrated-gcn/integrated_gcn.cpp:167:31) in function 'gemm_write'.
INFO: [XFORM 203-541] Flattening a loop nest 'VITIS_LOOP_165_1' (src/integrated-gcn/integrated_gcn.cpp:165:23) in function 'gemm_write'.
INFO: [XFORM 203-541] Flattening a loop nest 'VITIS_LOOP_38_4' (src/integrated-gcn/integrated_gcn.cpp:38:34) in function 'gemm_read_X'.
INFO: [XFORM 203-541] Flattening a loop nest 'VITIS_LOOP_37_3' (src/integrated-gcn/integrated_gcn.cpp:37:30) in function 'gemm_read_X'.
INFO: [XFORM 203-541] Flattening a loop nest 'VITIS_LOOP_35_1' (src/integrated-gcn/integrated_gcn.cpp:35:22) in function 'gemm_read_X'.
INFO: [XFORM 203-541] Flattening a loop nest 'VITIS_LOOP_58_4' (src/integrated-gcn/integrated_gcn.cpp:58:34) in function 'gemm_read_W'.
INFO: [XFORM 203-541] Flattening a loop nest 'VITIS_LOOP_57_3' (src/integrated-gcn/integrated_gcn.cpp:57:30) in function 'gemm_read_W'.
INFO: [XFORM 203-541] Flattening a loop nest 'VITIS_LOOP_55_1' (src/integrated-gcn/integrated_gcn.cpp:55:22) in function 'gemm_read_W'.
INFO: [XFORM 203-541] Flattening a loop nest 'COMP_EMIT' (src/integrated-gcn/integrated_gcn.cpp:145:13) in function 'gemm_compute'.
Execute           AP::auto_get_db
Command         transform done; 1.52 sec.
INFO-FLOW: Building ssdm...
Execute         transform -hls -cdfg-build /home/nat/dev/trinners/mai_proj/hls/thesis-gcn-accelerator/vitis/integrated_gcn/integrated_gcn/integrated_gcn/hls/.autopilot/db/a.o.3.bc -o /home/nat/dev/trinners/mai_proj/hls/thesis-gcn-accelerator/vitis/integrated_gcn/integrated_gcn/integrated_gcn/hls/.autopilot/db/a.o.3.bc -f -phase build-ssdm 
Command         transform done; 0.36 sec.
INFO: [HLS 200-111] Finished Architecture Synthesis: CPU user time: 1.76 seconds. CPU system time: 0.11 seconds. Elapsed time: 1.88 seconds; current allocated memory: 525.559 MB.
INFO-FLOW: Finish building internal data model.
Command       opt_and_import_c done; 4.51 sec.
Command     elaborate done; 25.68 sec.
Execute     ap_eval exec zip -j /home/nat/dev/trinners/mai_proj/hls/thesis-gcn-accelerator/vitis/integrated_gcn/integrated_gcn/integrated_gcn/hls/.autopilot/db/dut.hcp $dbDir/a.o.3.bc $dbDir/${topname}.rtl_wrap.cfg.tcl $dbDir/apatb_${topname}.cpp $dbDir/apatb_${topname}_util.cpp $dbDir/apatb_${topname}_ir.ll $dbDir/mapper_${topname}.cpp $dbDir/top-io-fe.xml $dbDir/kernel.internal.xml $workdir/../hls.app 
INFO: [HLS 200-10] Starting hardware synthesis ...
INFO-FLOW: Synthesizing C/C++ design AP::SynTopModule=integrated_gcn
INFO: [HLS 200-10] Synthesizing 'integrated_gcn' ...
Execute     ap_set_top_model integrated_gcn 
Execute     get_model_list integrated_gcn -filter all-wo-channel -topdown 
Execute     preproc_iomode -model integrated_gcn 
Execute     preproc_iomode -model spmm_stage 
Execute     preproc_iomode -model spmm_store 
Execute     preproc_iomode -model spmm_compute 
Execute     preproc_iomode -model spmm_compute_Pipeline_SPMM_WRITE 
Execute     preproc_iomode -model spmm_compute_Pipeline_SPMM_MAC 
Execute     preproc_iomode -model spmm_compute_Pipeline_SPMM_LOAD_H 
Execute     preproc_iomode -model spmm_compute_Pipeline_SPMM_INIT 
Execute     preproc_iomode -model spmm_load_csr 
Execute     preproc_iomode -model spmm_load_csr_Pipeline_LOAD_NNZ 
Execute     preproc_iomode -model spmm_load_csr_Pipeline_LOAD_ROWS 
Execute     preproc_iomode -model gemm_stage 
Execute     preproc_iomode -model gemm_write 
Execute     preproc_iomode -model gemm_compute 
Execute     preproc_iomode -model gemm_compute_Pipeline_COMP_EMIT_VITIS_LOOP_146_4 
Execute     preproc_iomode -model gemm_compute_Pipeline_COMP_I 
Execute     preproc_iomode -model gemm_compute_Pipeline_COMP_LOAD_XW 
Execute     preproc_iomode -model gemm_compute_Pipeline_COMP_INIT 
Execute     preproc_iomode -model gemm_read_W 
Execute     preproc_iomode -model gemm_read_X 
Execute     get_model_list integrated_gcn -filter all-wo-channel 
INFO-FLOW: Model list for configure: gemm_read_X gemm_read_W gemm_compute_Pipeline_COMP_INIT gemm_compute_Pipeline_COMP_LOAD_XW gemm_compute_Pipeline_COMP_I gemm_compute_Pipeline_COMP_EMIT_VITIS_LOOP_146_4 gemm_compute gemm_write gemm_stage spmm_load_csr_Pipeline_LOAD_ROWS spmm_load_csr_Pipeline_LOAD_NNZ spmm_load_csr spmm_compute_Pipeline_SPMM_INIT spmm_compute_Pipeline_SPMM_LOAD_H spmm_compute_Pipeline_SPMM_MAC spmm_compute_Pipeline_SPMM_WRITE spmm_compute spmm_store spmm_stage integrated_gcn
INFO-FLOW: Configuring Module : gemm_read_X ...
Execute     set_default_model gemm_read_X 
Execute     apply_spec_resource_limit gemm_read_X 
INFO-FLOW: Configuring Module : gemm_read_W ...
Execute     set_default_model gemm_read_W 
Execute     apply_spec_resource_limit gemm_read_W 
INFO-FLOW: Configuring Module : gemm_compute_Pipeline_COMP_INIT ...
Execute     set_default_model gemm_compute_Pipeline_COMP_INIT 
Execute     apply_spec_resource_limit gemm_compute_Pipeline_COMP_INIT 
INFO-FLOW: Configuring Module : gemm_compute_Pipeline_COMP_LOAD_XW ...
Execute     set_default_model gemm_compute_Pipeline_COMP_LOAD_XW 
Execute     apply_spec_resource_limit gemm_compute_Pipeline_COMP_LOAD_XW 
INFO-FLOW: Configuring Module : gemm_compute_Pipeline_COMP_I ...
Execute     set_default_model gemm_compute_Pipeline_COMP_I 
Execute     apply_spec_resource_limit gemm_compute_Pipeline_COMP_I 
INFO-FLOW: Configuring Module : gemm_compute_Pipeline_COMP_EMIT_VITIS_LOOP_146_4 ...
Execute     set_default_model gemm_compute_Pipeline_COMP_EMIT_VITIS_LOOP_146_4 
Execute     apply_spec_resource_limit gemm_compute_Pipeline_COMP_EMIT_VITIS_LOOP_146_4 
INFO-FLOW: Configuring Module : gemm_compute ...
Execute     set_default_model gemm_compute 
Execute     apply_spec_resource_limit gemm_compute 
INFO-FLOW: Configuring Module : gemm_write ...
Execute     set_default_model gemm_write 
Execute     apply_spec_resource_limit gemm_write 
INFO-FLOW: Configuring Module : gemm_stage ...
Execute     set_default_model gemm_stage 
Execute     apply_spec_resource_limit gemm_stage 
INFO-FLOW: Configuring Module : spmm_load_csr_Pipeline_LOAD_ROWS ...
Execute     set_default_model spmm_load_csr_Pipeline_LOAD_ROWS 
Execute     apply_spec_resource_limit spmm_load_csr_Pipeline_LOAD_ROWS 
INFO-FLOW: Configuring Module : spmm_load_csr_Pipeline_LOAD_NNZ ...
Execute     set_default_model spmm_load_csr_Pipeline_LOAD_NNZ 
Execute     apply_spec_resource_limit spmm_load_csr_Pipeline_LOAD_NNZ 
INFO-FLOW: Configuring Module : spmm_load_csr ...
Execute     set_default_model spmm_load_csr 
Execute     apply_spec_resource_limit spmm_load_csr 
INFO-FLOW: Configuring Module : spmm_compute_Pipeline_SPMM_INIT ...
Execute     set_default_model spmm_compute_Pipeline_SPMM_INIT 
Execute     apply_spec_resource_limit spmm_compute_Pipeline_SPMM_INIT 
INFO-FLOW: Configuring Module : spmm_compute_Pipeline_SPMM_LOAD_H ...
Execute     set_default_model spmm_compute_Pipeline_SPMM_LOAD_H 
Execute     apply_spec_resource_limit spmm_compute_Pipeline_SPMM_LOAD_H 
INFO-FLOW: Configuring Module : spmm_compute_Pipeline_SPMM_MAC ...
Execute     set_default_model spmm_compute_Pipeline_SPMM_MAC 
Execute     apply_spec_resource_limit spmm_compute_Pipeline_SPMM_MAC 
INFO-FLOW: Configuring Module : spmm_compute_Pipeline_SPMM_WRITE ...
Execute     set_default_model spmm_compute_Pipeline_SPMM_WRITE 
Execute     apply_spec_resource_limit spmm_compute_Pipeline_SPMM_WRITE 
INFO-FLOW: Configuring Module : spmm_compute ...
Execute     set_default_model spmm_compute 
Execute     apply_spec_resource_limit spmm_compute 
INFO-FLOW: Configuring Module : spmm_store ...
Execute     set_default_model spmm_store 
Execute     apply_spec_resource_limit spmm_store 
INFO-FLOW: Configuring Module : spmm_stage ...
Execute     set_default_model spmm_stage 
Execute     apply_spec_resource_limit spmm_stage 
INFO-FLOW: Configuring Module : integrated_gcn ...
Execute     set_default_model integrated_gcn 
Execute     apply_spec_resource_limit integrated_gcn 
INFO-FLOW: Model list for preprocess: gemm_read_X gemm_read_W gemm_compute_Pipeline_COMP_INIT gemm_compute_Pipeline_COMP_LOAD_XW gemm_compute_Pipeline_COMP_I gemm_compute_Pipeline_COMP_EMIT_VITIS_LOOP_146_4 gemm_compute gemm_write gemm_stage spmm_load_csr_Pipeline_LOAD_ROWS spmm_load_csr_Pipeline_LOAD_NNZ spmm_load_csr spmm_compute_Pipeline_SPMM_INIT spmm_compute_Pipeline_SPMM_LOAD_H spmm_compute_Pipeline_SPMM_MAC spmm_compute_Pipeline_SPMM_WRITE spmm_compute spmm_store spmm_stage integrated_gcn
INFO-FLOW: Preprocessing Module: gemm_read_X ...
Execute     set_default_model gemm_read_X 
Execute     cdfg_preprocess -model gemm_read_X 
Execute     rtl_gen_preprocess gemm_read_X 
INFO-FLOW: Preprocessing Module: gemm_read_W ...
Execute     set_default_model gemm_read_W 
Execute     cdfg_preprocess -model gemm_read_W 
Execute     rtl_gen_preprocess gemm_read_W 
INFO-FLOW: Preprocessing Module: gemm_compute_Pipeline_COMP_INIT ...
Execute     set_default_model gemm_compute_Pipeline_COMP_INIT 
Execute     cdfg_preprocess -model gemm_compute_Pipeline_COMP_INIT 
Execute     rtl_gen_preprocess gemm_compute_Pipeline_COMP_INIT 
INFO-FLOW: Preprocessing Module: gemm_compute_Pipeline_COMP_LOAD_XW ...
Execute     set_default_model gemm_compute_Pipeline_COMP_LOAD_XW 
Execute     cdfg_preprocess -model gemm_compute_Pipeline_COMP_LOAD_XW 
Command     cdfg_preprocess done; 0.2 sec.
Execute     rtl_gen_preprocess gemm_compute_Pipeline_COMP_LOAD_XW 
INFO-FLOW: Preprocessing Module: gemm_compute_Pipeline_COMP_I ...
Execute     set_default_model gemm_compute_Pipeline_COMP_I 
Execute     cdfg_preprocess -model gemm_compute_Pipeline_COMP_I 
Execute     rtl_gen_preprocess gemm_compute_Pipeline_COMP_I 
INFO-FLOW: Preprocessing Module: gemm_compute_Pipeline_COMP_EMIT_VITIS_LOOP_146_4 ...
Execute     set_default_model gemm_compute_Pipeline_COMP_EMIT_VITIS_LOOP_146_4 
Execute     cdfg_preprocess -model gemm_compute_Pipeline_COMP_EMIT_VITIS_LOOP_146_4 
Command     cdfg_preprocess done; 0.11 sec.
Execute     rtl_gen_preprocess gemm_compute_Pipeline_COMP_EMIT_VITIS_LOOP_146_4 
INFO-FLOW: Preprocessing Module: gemm_compute ...
Execute     set_default_model gemm_compute 
Execute     cdfg_preprocess -model gemm_compute 
Execute     rtl_gen_preprocess gemm_compute 
INFO-FLOW: Preprocessing Module: gemm_write ...
Execute     set_default_model gemm_write 
Execute     cdfg_preprocess -model gemm_write 
Execute     rtl_gen_preprocess gemm_write 
INFO-FLOW: Preprocessing Module: gemm_stage ...
Execute     set_default_model gemm_stage 
Execute     cdfg_preprocess -model gemm_stage 
Execute     rtl_gen_preprocess gemm_stage 
INFO-FLOW: Preprocessing Module: spmm_load_csr_Pipeline_LOAD_ROWS ...
Execute     set_default_model spmm_load_csr_Pipeline_LOAD_ROWS 
Execute     cdfg_preprocess -model spmm_load_csr_Pipeline_LOAD_ROWS 
Execute     rtl_gen_preprocess spmm_load_csr_Pipeline_LOAD_ROWS 
INFO-FLOW: Preprocessing Module: spmm_load_csr_Pipeline_LOAD_NNZ ...
Execute     set_default_model spmm_load_csr_Pipeline_LOAD_NNZ 
Execute     cdfg_preprocess -model spmm_load_csr_Pipeline_LOAD_NNZ 
Execute     rtl_gen_preprocess spmm_load_csr_Pipeline_LOAD_NNZ 
INFO-FLOW: Preprocessing Module: spmm_load_csr ...
Execute     set_default_model spmm_load_csr 
Execute     cdfg_preprocess -model spmm_load_csr 
Execute     rtl_gen_preprocess spmm_load_csr 
INFO-FLOW: Preprocessing Module: spmm_compute_Pipeline_SPMM_INIT ...
Execute     set_default_model spmm_compute_Pipeline_SPMM_INIT 
Execute     cdfg_preprocess -model spmm_compute_Pipeline_SPMM_INIT 
Execute     rtl_gen_preprocess spmm_compute_Pipeline_SPMM_INIT 
INFO-FLOW: Preprocessing Module: spmm_compute_Pipeline_SPMM_LOAD_H ...
Execute     set_default_model spmm_compute_Pipeline_SPMM_LOAD_H 
Execute     cdfg_preprocess -model spmm_compute_Pipeline_SPMM_LOAD_H 
Execute     rtl_gen_preprocess spmm_compute_Pipeline_SPMM_LOAD_H 
INFO-FLOW: Preprocessing Module: spmm_compute_Pipeline_SPMM_MAC ...
Execute     set_default_model spmm_compute_Pipeline_SPMM_MAC 
Execute     cdfg_preprocess -model spmm_compute_Pipeline_SPMM_MAC 
Execute     rtl_gen_preprocess spmm_compute_Pipeline_SPMM_MAC 
INFO-FLOW: Preprocessing Module: spmm_compute_Pipeline_SPMM_WRITE ...
Execute     set_default_model spmm_compute_Pipeline_SPMM_WRITE 
Execute     cdfg_preprocess -model spmm_compute_Pipeline_SPMM_WRITE 
Execute     rtl_gen_preprocess spmm_compute_Pipeline_SPMM_WRITE 
INFO-FLOW: Preprocessing Module: spmm_compute ...
Execute     set_default_model spmm_compute 
Execute     cdfg_preprocess -model spmm_compute 
Execute     rtl_gen_preprocess spmm_compute 
INFO-FLOW: Preprocessing Module: spmm_store ...
Execute     set_default_model spmm_store 
Execute     cdfg_preprocess -model spmm_store 
Execute     rtl_gen_preprocess spmm_store 
INFO-FLOW: Preprocessing Module: spmm_stage ...
Execute     set_default_model spmm_stage 
Execute     cdfg_preprocess -model spmm_stage 
Execute     rtl_gen_preprocess spmm_stage 
INFO-FLOW: Preprocessing Module: integrated_gcn ...
Execute     set_default_model integrated_gcn 
Execute     cdfg_preprocess -model integrated_gcn 
Execute     rtl_gen_preprocess integrated_gcn 
INFO-FLOW: Model list for synthesis: gemm_read_X gemm_read_W gemm_compute_Pipeline_COMP_INIT gemm_compute_Pipeline_COMP_LOAD_XW gemm_compute_Pipeline_COMP_I gemm_compute_Pipeline_COMP_EMIT_VITIS_LOOP_146_4 gemm_compute gemm_write gemm_stage spmm_load_csr_Pipeline_LOAD_ROWS spmm_load_csr_Pipeline_LOAD_NNZ spmm_load_csr spmm_compute_Pipeline_SPMM_INIT spmm_compute_Pipeline_SPMM_LOAD_H spmm_compute_Pipeline_SPMM_MAC spmm_compute_Pipeline_SPMM_WRITE spmm_compute spmm_store spmm_stage integrated_gcn
INFO: [HLS 200-10] ----------------------------------------------------------------
INFO: [HLS 200-42] -- Implementing module 'gemm_read_X' 
INFO: [HLS 200-10] ----------------------------------------------------------------
Execute     set_default_model gemm_read_X 
Execute     schedule -model gemm_read_X 
INFO: [SCHED 204-11] Starting scheduling ...
INFO: [HLS 200-486] Changing DSP latency (root=add_ln42) to 3 in order to utilize available DSP registers.
INFO: [SCHED 204-61] Pipelining loop 'VITIS_LOOP_35_1_VITIS_LOOP_37_3_VITIS_LOOP_38_4_VITIS_LOOP_39_5'.
INFO: [HLS 200-1470] Pipelining result : Target II = 1, Final II = 1, Depth = 14, loop 'VITIS_LOOP_35_1_VITIS_LOOP_37_3_VITIS_LOOP_38_4_VITIS_LOOP_39_5'
INFO: [SCHED 204-11] Finished scheduling.
INFO: [HLS 200-111] Finished Scheduling: CPU user time: 0.66 seconds. CPU system time: 0.07 seconds. Elapsed time: 0.72 seconds; current allocated memory: 529.129 MB.
Execute     syn_report -verbosereport -o /home/nat/dev/trinners/mai_proj/hls/thesis-gcn-accelerator/vitis/integrated_gcn/integrated_gcn/integrated_gcn/hls/.autopilot/db/gemm_read_X.verbose.sched.rpt 
Execute       list_part -family xck26-sfvc784-2LV-c 
Execute         ap_family_info -name xck26-sfvc784-2LV-c -data names 
Execute         ap_part_info -quiet -name xck26-sfvc784-2LV-c -data family 
INFO: [HLS 200-2250] Rewind delay = 1 for the pipelined loop 'VITIS_LOOP_35_1_VITIS_LOOP_37_3_VITIS_LOOP_38_4_VITIS_LOOP_39_5' due to a write-after-read dependence on variable 'kb (src/integrated-gcn/integrated_gcn.cpp:37)'.
Execute     db_write -o /home/nat/dev/trinners/mai_proj/hls/thesis-gcn-accelerator/vitis/integrated_gcn/integrated_gcn/integrated_gcn/hls/.autopilot/db/gemm_read_X.sched.adb -f 
INFO-FLOW: Finish scheduling gemm_read_X.
Execute     set_default_model gemm_read_X 
Execute     bind -model gemm_read_X 
INFO: [BIND 205-100] Starting micro-architecture generation ...
INFO: [BIND 205-101] Performing variable lifetime analysis.
INFO: [BIND 205-101] Exploring resource sharing.
INFO: [BIND 205-101] Binding ...
INFO: [BIND 205-100] Finished micro-architecture generation.
INFO: [HLS 200-111] Finished Binding: CPU user time: 0.03 seconds. CPU system time: 0 seconds. Elapsed time: 0.04 seconds; current allocated memory: 529.129 MB.
Execute     syn_report -verbosereport -o /home/nat/dev/trinners/mai_proj/hls/thesis-gcn-accelerator/vitis/integrated_gcn/integrated_gcn/integrated_gcn/hls/.autopilot/db/gemm_read_X.verbose.bind.rpt 
Execute       list_part -family xck26-sfvc784-2LV-c 
Execute         ap_family_info -name xck26-sfvc784-2LV-c -data names 
Execute         ap_part_info -quiet -name xck26-sfvc784-2LV-c -data family 
Execute     db_write -o /home/nat/dev/trinners/mai_proj/hls/thesis-gcn-accelerator/vitis/integrated_gcn/integrated_gcn/integrated_gcn/hls/.autopilot/db/gemm_read_X.bind.adb -f 
INFO-FLOW: Finish binding gemm_read_X.
INFO: [HLS 200-10] ----------------------------------------------------------------
INFO: [HLS 200-42] -- Implementing module 'gemm_read_W' 
INFO: [HLS 200-10] ----------------------------------------------------------------
Execute     set_default_model gemm_read_W 
Execute     schedule -model gemm_read_W 
INFO: [SCHED 204-11] Starting scheduling ...
INFO: [SCHED 204-61] Pipelining loop 'VITIS_LOOP_55_1_VITIS_LOOP_57_3_VITIS_LOOP_58_4_VITIS_LOOP_59_5'.
INFO: [HLS 200-1470] Pipelining result : Target II = 1, Final II = 1, Depth = 11, loop 'VITIS_LOOP_55_1_VITIS_LOOP_57_3_VITIS_LOOP_58_4_VITIS_LOOP_59_5'
INFO: [SCHED 204-11] Finished scheduling.
INFO: [HLS 200-111] Finished Scheduling: CPU user time: 0.05 seconds. CPU system time: 0 seconds. Elapsed time: 0.05 seconds; current allocated memory: 529.918 MB.
Execute     syn_report -verbosereport -o /home/nat/dev/trinners/mai_proj/hls/thesis-gcn-accelerator/vitis/integrated_gcn/integrated_gcn/integrated_gcn/hls/.autopilot/db/gemm_read_W.verbose.sched.rpt 
Execute       list_part -family xck26-sfvc784-2LV-c 
Execute         ap_family_info -name xck26-sfvc784-2LV-c -data names 
Execute         ap_part_info -quiet -name xck26-sfvc784-2LV-c -data family 
Execute     db_write -o /home/nat/dev/trinners/mai_proj/hls/thesis-gcn-accelerator/vitis/integrated_gcn/integrated_gcn/integrated_gcn/hls/.autopilot/db/gemm_read_W.sched.adb -f 
INFO-FLOW: Finish scheduling gemm_read_W.
Execute     set_default_model gemm_read_W 
Execute     bind -model gemm_read_W 
INFO: [BIND 205-100] Starting micro-architecture generation ...
INFO: [BIND 205-101] Performing variable lifetime analysis.
INFO: [BIND 205-101] Exploring resource sharing.
INFO: [BIND 205-101] Binding ...
INFO: [BIND 205-100] Finished micro-architecture generation.
INFO: [HLS 200-111] Finished Binding: CPU user time: 0.01 seconds. CPU system time: 0.01 seconds. Elapsed time: 0.02 seconds; current allocated memory: 529.918 MB.
Execute     syn_report -verbosereport -o /home/nat/dev/trinners/mai_proj/hls/thesis-gcn-accelerator/vitis/integrated_gcn/integrated_gcn/integrated_gcn/hls/.autopilot/db/gemm_read_W.verbose.bind.rpt 
Execute       list_part -family xck26-sfvc784-2LV-c 
Execute         ap_family_info -name xck26-sfvc784-2LV-c -data names 
Execute         ap_part_info -quiet -name xck26-sfvc784-2LV-c -data family 
Execute     db_write -o /home/nat/dev/trinners/mai_proj/hls/thesis-gcn-accelerator/vitis/integrated_gcn/integrated_gcn/integrated_gcn/hls/.autopilot/db/gemm_read_W.bind.adb -f 
INFO-FLOW: Finish binding gemm_read_W.
INFO: [HLS 200-10] ----------------------------------------------------------------
INFO: [HLS 200-42] -- Implementing module 'gemm_compute_Pipeline_COMP_INIT' 
INFO: [HLS 200-10] ----------------------------------------------------------------
Execute     set_default_model gemm_compute_Pipeline_COMP_INIT 
Execute     schedule -model gemm_compute_Pipeline_COMP_INIT 
INFO: [SCHED 204-11] Starting scheduling ...
INFO: [SCHED 204-61] Pipelining loop 'COMP_INIT'.
INFO: [HLS 200-1470] Pipelining result : Target II = 1, Final II = 1, Depth = 1, loop 'COMP_INIT'
INFO: [SCHED 204-11] Finished scheduling.
Command     schedule done; 0.16 sec.
INFO: [HLS 200-111] Finished Scheduling: CPU user time: 0.16 seconds. CPU system time: 0 seconds. Elapsed time: 0.17 seconds; current allocated memory: 535.496 MB.
Execute     syn_report -verbosereport -o /home/nat/dev/trinners/mai_proj/hls/thesis-gcn-accelerator/vitis/integrated_gcn/integrated_gcn/integrated_gcn/hls/.autopilot/db/gemm_compute_Pipeline_COMP_INIT.verbose.sched.rpt 
Execute       list_part -family xck26-sfvc784-2LV-c 
Execute         ap_family_info -name xck26-sfvc784-2LV-c -data names 
Execute         ap_part_info -quiet -name xck26-sfvc784-2LV-c -data family 
Execute     db_write -o /home/nat/dev/trinners/mai_proj/hls/thesis-gcn-accelerator/vitis/integrated_gcn/integrated_gcn/integrated_gcn/hls/.autopilot/db/gemm_compute_Pipeline_COMP_INIT.sched.adb -f 
INFO-FLOW: Finish scheduling gemm_compute_Pipeline_COMP_INIT.
Execute     set_default_model gemm_compute_Pipeline_COMP_INIT 
Execute     bind -model gemm_compute_Pipeline_COMP_INIT 
INFO: [BIND 205-100] Starting micro-architecture generation ...
INFO: [BIND 205-101] Performing variable lifetime analysis.
INFO: [BIND 205-101] Exploring resource sharing.
INFO: [BIND 205-101] Binding ...
INFO: [BIND 205-100] Finished micro-architecture generation.
INFO: [HLS 200-111] Finished Binding: CPU user time: 0.03 seconds. CPU system time: 0 seconds. Elapsed time: 0.03 seconds; current allocated memory: 535.496 MB.
Execute     syn_report -verbosereport -o /home/nat/dev/trinners/mai_proj/hls/thesis-gcn-accelerator/vitis/integrated_gcn/integrated_gcn/integrated_gcn/hls/.autopilot/db/gemm_compute_Pipeline_COMP_INIT.verbose.bind.rpt 
Execute       list_part -family xck26-sfvc784-2LV-c 
Execute         ap_family_info -name xck26-sfvc784-2LV-c -data names 
Execute         ap_part_info -quiet -name xck26-sfvc784-2LV-c -data family 
Execute     db_write -o /home/nat/dev/trinners/mai_proj/hls/thesis-gcn-accelerator/vitis/integrated_gcn/integrated_gcn/integrated_gcn/hls/.autopilot/db/gemm_compute_Pipeline_COMP_INIT.bind.adb -f 
INFO-FLOW: Finish binding gemm_compute_Pipeline_COMP_INIT.
INFO: [HLS 200-10] ----------------------------------------------------------------
INFO: [HLS 200-42] -- Implementing module 'gemm_compute_Pipeline_COMP_LOAD_XW' 
INFO: [HLS 200-10] ----------------------------------------------------------------
Execute     set_default_model gemm_compute_Pipeline_COMP_LOAD_XW 
Execute     schedule -model gemm_compute_Pipeline_COMP_LOAD_XW 
INFO: [SCHED 204-11] Starting scheduling ...
INFO: [SCHED 204-61] Pipelining loop 'COMP_LOAD_XW'.
INFO: [HLS 200-1470] Pipelining result : Target II = 1, Final II = 1, Depth = 2, loop 'COMP_LOAD_XW'
INFO: [SCHED 204-11] Finished scheduling.
Command     schedule done; 0.15 sec.
INFO: [HLS 200-111] Finished Scheduling: CPU user time: 0.17 seconds. CPU system time: 0 seconds. Elapsed time: 0.17 seconds; current allocated memory: 543.402 MB.
Execute     syn_report -verbosereport -o /home/nat/dev/trinners/mai_proj/hls/thesis-gcn-accelerator/vitis/integrated_gcn/integrated_gcn/integrated_gcn/hls/.autopilot/db/gemm_compute_Pipeline_COMP_LOAD_XW.verbose.sched.rpt 
Execute       list_part -family xck26-sfvc784-2LV-c 
Execute         ap_family_info -name xck26-sfvc784-2LV-c -data names 
Execute         ap_part_info -quiet -name xck26-sfvc784-2LV-c -data family 
Execute     db_write -o /home/nat/dev/trinners/mai_proj/hls/thesis-gcn-accelerator/vitis/integrated_gcn/integrated_gcn/integrated_gcn/hls/.autopilot/db/gemm_compute_Pipeline_COMP_LOAD_XW.sched.adb -f 
INFO-FLOW: Finish scheduling gemm_compute_Pipeline_COMP_LOAD_XW.
Execute     set_default_model gemm_compute_Pipeline_COMP_LOAD_XW 
Execute     bind -model gemm_compute_Pipeline_COMP_LOAD_XW 
INFO: [BIND 205-100] Starting micro-architecture generation ...
INFO: [BIND 205-101] Performing variable lifetime analysis.
INFO: [BIND 205-101] Exploring resource sharing.
INFO: [BIND 205-101] Binding ...
INFO: [BIND 205-100] Finished micro-architecture generation.
INFO: [HLS 200-111] Finished Binding: CPU user time: 0.12 seconds. CPU system time: 0.01 seconds. Elapsed time: 0.12 seconds; current allocated memory: 543.402 MB.
Execute     syn_report -verbosereport -o /home/nat/dev/trinners/mai_proj/hls/thesis-gcn-accelerator/vitis/integrated_gcn/integrated_gcn/integrated_gcn/hls/.autopilot/db/gemm_compute_Pipeline_COMP_LOAD_XW.verbose.bind.rpt 
Execute       list_part -family xck26-sfvc784-2LV-c 
Execute         ap_family_info -name xck26-sfvc784-2LV-c -data names 
Execute         ap_part_info -quiet -name xck26-sfvc784-2LV-c -data family 
Execute     db_write -o /home/nat/dev/trinners/mai_proj/hls/thesis-gcn-accelerator/vitis/integrated_gcn/integrated_gcn/integrated_gcn/hls/.autopilot/db/gemm_compute_Pipeline_COMP_LOAD_XW.bind.adb -f 
INFO-FLOW: Finish binding gemm_compute_Pipeline_COMP_LOAD_XW.
INFO: [HLS 200-10] ----------------------------------------------------------------
INFO: [HLS 200-42] -- Implementing module 'gemm_compute_Pipeline_COMP_I' 
INFO: [HLS 200-10] ----------------------------------------------------------------
Execute     set_default_model gemm_compute_Pipeline_COMP_I 
Execute     schedule -model gemm_compute_Pipeline_COMP_I 
INFO: [SCHED 204-11] Starting scheduling ...
INFO: [HLS 200-486] Changing DSP latency (root=add_ln137_255) to 3 in order to utilize available DSP registers.
INFO: [HLS 200-486] Changing DSP latency (root=add_ln137_254) to 3 in order to utilize available DSP registers.
INFO: [HLS 200-486] Changing DSP latency (root=add_ln137_253) to 3 in order to utilize available DSP registers.
INFO: [HLS 200-486] Changing DSP latency (root=add_ln137_252) to 3 in order to utilize available DSP registers.
INFO: [HLS 200-486] Changing DSP latency (root=add_ln137_251) to 3 in order to utilize available DSP registers.
INFO: [HLS 200-486] Changing DSP latency (root=add_ln137_250) to 3 in order to utilize available DSP registers.
INFO: [HLS 200-486] Changing DSP latency (root=add_ln137_249) to 3 in order to utilize available DSP registers.
INFO: [HLS 200-486] Changing DSP latency (root=add_ln137_248) to 3 in order to utilize available DSP registers.
INFO: [HLS 200-486] Changing DSP latency (root=add_ln137_247) to 3 in order to utilize available DSP registers.
INFO: [HLS 200-486] Changing DSP latency (root=add_ln137_246) to 3 in order to utilize available DSP registers.
INFO: [HLS 200-486] Changing DSP latency (root=add_ln137_245) to 3 in order to utilize available DSP registers.
INFO: [HLS 200-486] Changing DSP latency (root=add_ln137_244) to 3 in order to utilize available DSP registers.
INFO: [HLS 200-486] Changing DSP latency (root=add_ln137_243) to 3 in order to utilize available DSP registers.
INFO: [HLS 200-486] Changing DSP latency (root=add_ln137_242) to 3 in order to utilize available DSP registers.
INFO: [HLS 200-486] Changing DSP latency (root=add_ln137_241) to 3 in order to utilize available DSP registers.
INFO: [HLS 200-486] Changing DSP latency (root=add_ln137_240) to 3 in order to utilize available DSP registers.
INFO: [HLS 200-486] Changing DSP latency (root=add_ln137_239) to 3 in order to utilize available DSP registers.
INFO: [HLS 200-486] Changing DSP latency (root=add_ln137_238) to 3 in order to utilize available DSP registers.
INFO: [HLS 200-486] Changing DSP latency (root=add_ln137_237) to 3 in order to utilize available DSP registers.
INFO: [HLS 200-486] Changing DSP latency (root=add_ln137_236) to 3 in order to utilize available DSP registers.
INFO: [HLS 200-486] Changing DSP latency (root=add_ln137_235) to 3 in order to utilize available DSP registers.
INFO: [HLS 200-486] Changing DSP latency (root=add_ln137_234) to 3 in order to utilize available DSP registers.
INFO: [HLS 200-486] Changing DSP latency (root=add_ln137_233) to 3 in order to utilize available DSP registers.
INFO: [HLS 200-486] Changing DSP latency (root=add_ln137_232) to 3 in order to utilize available DSP registers.
INFO: [HLS 200-486] Changing DSP latency (root=add_ln137_231) to 3 in order to utilize available DSP registers.
INFO: [HLS 200-486] Changing DSP latency (root=add_ln137_230) to 3 in order to utilize available DSP registers.
INFO: [HLS 200-486] Changing DSP latency (root=add_ln137_229) to 3 in order to utilize available DSP registers.
INFO: [HLS 200-486] Changing DSP latency (root=add_ln137_228) to 3 in order to utilize available DSP registers.
INFO: [HLS 200-486] Changing DSP latency (root=add_ln137_227) to 3 in order to utilize available DSP registers.
INFO: [HLS 200-486] Changing DSP latency (root=add_ln137_226) to 3 in order to utilize available DSP registers.
INFO: [HLS 200-486] Changing DSP latency (root=add_ln137_225) to 3 in order to utilize available DSP registers.
INFO: [HLS 200-486] Changing DSP latency (root=add_ln137_224) to 3 in order to utilize available DSP registers.
INFO: [HLS 200-486] Changing DSP latency (root=add_ln137_223) to 3 in order to utilize available DSP registers.
INFO: [HLS 200-486] Changing DSP latency (root=add_ln137_222) to 3 in order to utilize available DSP registers.
INFO: [HLS 200-486] Changing DSP latency (root=add_ln137_221) to 3 in order to utilize available DSP registers.
INFO: [HLS 200-486] Changing DSP latency (root=add_ln137_220) to 3 in order to utilize available DSP registers.
INFO: [HLS 200-486] Changing DSP latency (root=add_ln137_219) to 3 in order to utilize available DSP registers.
INFO: [HLS 200-486] Changing DSP latency (root=add_ln137_218) to 3 in order to utilize available DSP registers.
INFO: [HLS 200-486] Changing DSP latency (root=add_ln137_217) to 3 in order to utilize available DSP registers.
INFO: [HLS 200-486] Changing DSP latency (root=add_ln137_216) to 3 in order to utilize available DSP registers.
INFO: [HLS 200-486] Changing DSP latency (root=add_ln137_215) to 3 in order to utilize available DSP registers.
INFO: [HLS 200-486] Changing DSP latency (root=add_ln137_214) to 3 in order to utilize available DSP registers.
INFO: [HLS 200-486] Changing DSP latency (root=add_ln137_213) to 3 in order to utilize available DSP registers.
INFO: [HLS 200-486] Changing DSP latency (root=add_ln137_212) to 3 in order to utilize available DSP registers.
INFO: [HLS 200-486] Changing DSP latency (root=add_ln137_211) to 3 in order to utilize available DSP registers.
INFO: [HLS 200-486] Changing DSP latency (root=add_ln137_210) to 3 in order to utilize available DSP registers.
INFO: [HLS 200-486] Changing DSP latency (root=add_ln137_209) to 3 in order to utilize available DSP registers.
INFO: [HLS 200-486] Changing DSP latency (root=add_ln137_208) to 3 in order to utilize available DSP registers.
INFO: [HLS 200-486] Changing DSP latency (root=add_ln137_207) to 3 in order to utilize available DSP registers.
INFO: [HLS 200-486] Changing DSP latency (root=add_ln137_206) to 3 in order to utilize available DSP registers.
INFO: [HLS 200-486] Changing DSP latency (root=add_ln137_205) to 3 in order to utilize available DSP registers.
INFO: [HLS 200-486] Changing DSP latency (root=add_ln137_204) to 3 in order to utilize available DSP registers.
INFO: [HLS 200-486] Changing DSP latency (root=add_ln137_203) to 3 in order to utilize available DSP registers.
INFO: [HLS 200-486] Changing DSP latency (root=add_ln137_202) to 3 in order to utilize available DSP registers.
INFO: [HLS 200-486] Changing DSP latency (root=add_ln137_201) to 3 in order to utilize available DSP registers.
INFO: [HLS 200-486] Changing DSP latency (root=add_ln137_200) to 3 in order to utilize available DSP registers.
INFO: [HLS 200-486] Changing DSP latency (root=add_ln137_199) to 3 in order to utilize available DSP registers.
INFO: [HLS 200-486] Changing DSP latency (root=add_ln137_198) to 3 in order to utilize available DSP registers.
INFO: [HLS 200-486] Changing DSP latency (root=add_ln137_197) to 3 in order to utilize available DSP registers.
INFO: [HLS 200-486] Changing DSP latency (root=add_ln137_196) to 3 in order to utilize available DSP registers.
INFO: [HLS 200-486] Changing DSP latency (root=add_ln137_195) to 3 in order to utilize available DSP registers.
INFO: [HLS 200-486] Changing DSP latency (root=add_ln137_194) to 3 in order to utilize available DSP registers.
INFO: [HLS 200-486] Changing DSP latency (root=add_ln137_193) to 3 in order to utilize available DSP registers.
INFO: [HLS 200-486] Changing DSP latency (root=add_ln137_192) to 3 in order to utilize available DSP registers.
INFO: [HLS 200-486] Changing DSP latency (root=add_ln137_191) to 3 in order to utilize available DSP registers.
INFO: [HLS 200-486] Changing DSP latency (root=add_ln137_190) to 3 in order to utilize available DSP registers.
INFO: [HLS 200-486] Changing DSP latency (root=add_ln137_189) to 3 in order to utilize available DSP registers.
INFO: [HLS 200-486] Changing DSP latency (root=add_ln137_188) to 3 in order to utilize available DSP registers.
INFO: [HLS 200-486] Changing DSP latency (root=add_ln137_187) to 3 in order to utilize available DSP registers.
INFO: [HLS 200-486] Changing DSP latency (root=add_ln137_186) to 3 in order to utilize available DSP registers.
INFO: [HLS 200-486] Changing DSP latency (root=add_ln137_185) to 3 in order to utilize available DSP registers.
INFO: [HLS 200-486] Changing DSP latency (root=add_ln137_184) to 3 in order to utilize available DSP registers.
INFO: [HLS 200-486] Changing DSP latency (root=add_ln137_183) to 3 in order to utilize available DSP registers.
INFO: [HLS 200-486] Changing DSP latency (root=add_ln137_182) to 3 in order to utilize available DSP registers.
INFO: [HLS 200-486] Changing DSP latency (root=add_ln137_181) to 3 in order to utilize available DSP registers.
INFO: [HLS 200-486] Changing DSP latency (root=add_ln137_180) to 3 in order to utilize available DSP registers.
INFO: [HLS 200-486] Changing DSP latency (root=add_ln137_179) to 3 in order to utilize available DSP registers.
INFO: [HLS 200-486] Changing DSP latency (root=add_ln137_178) to 3 in order to utilize available DSP registers.
INFO: [HLS 200-486] Changing DSP latency (root=add_ln137_177) to 3 in order to utilize available DSP registers.
INFO: [HLS 200-486] Changing DSP latency (root=add_ln137_176) to 3 in order to utilize available DSP registers.
INFO: [HLS 200-486] Changing DSP latency (root=add_ln137_175) to 3 in order to utilize available DSP registers.
INFO: [HLS 200-486] Changing DSP latency (root=add_ln137_174) to 3 in order to utilize available DSP registers.
INFO: [HLS 200-486] Changing DSP latency (root=add_ln137_173) to 3 in order to utilize available DSP registers.
INFO: [HLS 200-486] Changing DSP latency (root=add_ln137_172) to 3 in order to utilize available DSP registers.
INFO: [HLS 200-486] Changing DSP latency (root=add_ln137_171) to 3 in order to utilize available DSP registers.
INFO: [HLS 200-486] Changing DSP latency (root=add_ln137_170) to 3 in order to utilize available DSP registers.
INFO: [HLS 200-486] Changing DSP latency (root=add_ln137_169) to 3 in order to utilize available DSP registers.
INFO: [HLS 200-486] Changing DSP latency (root=add_ln137_168) to 3 in order to utilize available DSP registers.
INFO: [HLS 200-486] Changing DSP latency (root=add_ln137_167) to 3 in order to utilize available DSP registers.
INFO: [HLS 200-486] Changing DSP latency (root=add_ln137_166) to 3 in order to utilize available DSP registers.
INFO: [HLS 200-486] Changing DSP latency (root=add_ln137_165) to 3 in order to utilize available DSP registers.
INFO: [HLS 200-486] Changing DSP latency (root=add_ln137_164) to 3 in order to utilize available DSP registers.
INFO: [HLS 200-486] Changing DSP latency (root=add_ln137_163) to 3 in order to utilize available DSP registers.
INFO: [HLS 200-486] Changing DSP latency (root=add_ln137_162) to 3 in order to utilize available DSP registers.
INFO: [HLS 200-486] Changing DSP latency (root=add_ln137_161) to 3 in order to utilize available DSP registers.
INFO: [HLS 200-486] Changing DSP latency (root=add_ln137_160) to 3 in order to utilize available DSP registers.
INFO: [HLS 200-486] Changing DSP latency (root=add_ln137_159) to 3 in order to utilize available DSP registers.
INFO: [HLS 200-486] Changing DSP latency (root=add_ln137_158) to 3 in order to utilize available DSP registers.
INFO: [HLS 200-486] Changing DSP latency (root=add_ln137_157) to 3 in order to utilize available DSP registers.
INFO: [HLS 200-486] Changing DSP latency (root=add_ln137_156) to 3 in order to utilize available DSP registers.
INFO: [HLS 200-486] Changing DSP latency (root=add_ln137_155) to 3 in order to utilize available DSP registers.
INFO: [HLS 200-486] Changing DSP latency (root=add_ln137_154) to 3 in order to utilize available DSP registers.
INFO: [HLS 200-486] Changing DSP latency (root=add_ln137_153) to 3 in order to utilize available DSP registers.
INFO: [HLS 200-486] Changing DSP latency (root=add_ln137_152) to 3 in order to utilize available DSP registers.
INFO: [HLS 200-486] Changing DSP latency (root=add_ln137_151) to 3 in order to utilize available DSP registers.
INFO: [HLS 200-486] Changing DSP latency (root=add_ln137_150) to 3 in order to utilize available DSP registers.
INFO: [HLS 200-486] Changing DSP latency (root=add_ln137_149) to 3 in order to utilize available DSP registers.
INFO: [HLS 200-486] Changing DSP latency (root=add_ln137_148) to 3 in order to utilize available DSP registers.
INFO: [HLS 200-486] Changing DSP latency (root=add_ln137_147) to 3 in order to utilize available DSP registers.
INFO: [HLS 200-486] Changing DSP latency (root=add_ln137_146) to 3 in order to utilize available DSP registers.
INFO: [HLS 200-486] Changing DSP latency (root=add_ln137_145) to 3 in order to utilize available DSP registers.
INFO: [HLS 200-486] Changing DSP latency (root=add_ln137_144) to 3 in order to utilize available DSP registers.
INFO: [HLS 200-486] Changing DSP latency (root=add_ln137_143) to 3 in order to utilize available DSP registers.
INFO: [HLS 200-486] Changing DSP latency (root=add_ln137_142) to 3 in order to utilize available DSP registers.
INFO: [HLS 200-486] Changing DSP latency (root=add_ln137_141) to 3 in order to utilize available DSP registers.
INFO: [HLS 200-486] Changing DSP latency (root=add_ln137_140) to 3 in order to utilize available DSP registers.
INFO: [HLS 200-486] Changing DSP latency (root=add_ln137_139) to 3 in order to utilize available DSP registers.
INFO: [HLS 200-486] Changing DSP latency (root=add_ln137_138) to 3 in order to utilize available DSP registers.
INFO: [HLS 200-486] Changing DSP latency (root=add_ln137_137) to 3 in order to utilize available DSP registers.
INFO: [HLS 200-486] Changing DSP latency (root=add_ln137_136) to 3 in order to utilize available DSP registers.
INFO: [HLS 200-486] Changing DSP latency (root=add_ln137_135) to 3 in order to utilize available DSP registers.
INFO: [HLS 200-486] Changing DSP latency (root=add_ln137_134) to 3 in order to utilize available DSP registers.
INFO: [HLS 200-486] Changing DSP latency (root=add_ln137_133) to 3 in order to utilize available DSP registers.
INFO: [HLS 200-486] Changing DSP latency (root=add_ln137_132) to 3 in order to utilize available DSP registers.
INFO: [HLS 200-486] Changing DSP latency (root=add_ln137_131) to 3 in order to utilize available DSP registers.
INFO: [HLS 200-486] Changing DSP latency (root=add_ln137_130) to 3 in order to utilize available DSP registers.
INFO: [HLS 200-486] Changing DSP latency (root=add_ln137_129) to 3 in order to utilize available DSP registers.
INFO: [HLS 200-486] Changing DSP latency (root=add_ln137_128) to 3 in order to utilize available DSP registers.
INFO: [HLS 200-486] Changing DSP latency (root=add_ln137_127) to 3 in order to utilize available DSP registers.
INFO: [HLS 200-486] Changing DSP latency (root=add_ln137_126) to 3 in order to utilize available DSP registers.
INFO: [HLS 200-486] Changing DSP latency (root=add_ln137_125) to 3 in order to utilize available DSP registers.
INFO: [HLS 200-486] Changing DSP latency (root=add_ln137_124) to 3 in order to utilize available DSP registers.
INFO: [HLS 200-486] Changing DSP latency (root=add_ln137_123) to 3 in order to utilize available DSP registers.
INFO: [HLS 200-486] Changing DSP latency (root=add_ln137_122) to 3 in order to utilize available DSP registers.
INFO: [HLS 200-486] Changing DSP latency (root=add_ln137_121) to 3 in order to utilize available DSP registers.
INFO: [HLS 200-486] Changing DSP latency (root=add_ln137_120) to 3 in order to utilize available DSP registers.
INFO: [HLS 200-486] Changing DSP latency (root=add_ln137_119) to 3 in order to utilize available DSP registers.
INFO: [HLS 200-486] Changing DSP latency (root=add_ln137_118) to 3 in order to utilize available DSP registers.
INFO: [HLS 200-486] Changing DSP latency (root=add_ln137_117) to 3 in order to utilize available DSP registers.
INFO: [HLS 200-486] Changing DSP latency (root=add_ln137_116) to 3 in order to utilize available DSP registers.
INFO: [HLS 200-486] Changing DSP latency (root=add_ln137_115) to 3 in order to utilize available DSP registers.
INFO: [HLS 200-486] Changing DSP latency (root=add_ln137_114) to 3 in order to utilize available DSP registers.
INFO: [HLS 200-486] Changing DSP latency (root=add_ln137_113) to 3 in order to utilize available DSP registers.
INFO: [HLS 200-486] Changing DSP latency (root=add_ln137_112) to 3 in order to utilize available DSP registers.
INFO: [HLS 200-486] Changing DSP latency (root=add_ln137_111) to 3 in order to utilize available DSP registers.
INFO: [HLS 200-486] Changing DSP latency (root=add_ln137_110) to 3 in order to utilize available DSP registers.
INFO: [HLS 200-486] Changing DSP latency (root=add_ln137_109) to 3 in order to utilize available DSP registers.
INFO: [HLS 200-486] Changing DSP latency (root=add_ln137_108) to 3 in order to utilize available DSP registers.
INFO: [HLS 200-486] Changing DSP latency (root=add_ln137_107) to 3 in order to utilize available DSP registers.
INFO: [HLS 200-486] Changing DSP latency (root=add_ln137_106) to 3 in order to utilize available DSP registers.
INFO: [HLS 200-486] Changing DSP latency (root=add_ln137_105) to 3 in order to utilize available DSP registers.
INFO: [HLS 200-486] Changing DSP latency (root=add_ln137_104) to 3 in order to utilize available DSP registers.
INFO: [HLS 200-486] Changing DSP latency (root=add_ln137_103) to 3 in order to utilize available DSP registers.
INFO: [HLS 200-486] Changing DSP latency (root=add_ln137_102) to 3 in order to utilize available DSP registers.
INFO: [HLS 200-486] Changing DSP latency (root=add_ln137_101) to 3 in order to utilize available DSP registers.
INFO: [HLS 200-486] Changing DSP latency (root=add_ln137_100) to 3 in order to utilize available DSP registers.
INFO: [HLS 200-486] Changing DSP latency (root=add_ln137_99) to 3 in order to utilize available DSP registers.
INFO: [HLS 200-486] Changing DSP latency (root=add_ln137_98) to 3 in order to utilize available DSP registers.
INFO: [HLS 200-486] Changing DSP latency (root=add_ln137_97) to 3 in order to utilize available DSP registers.
INFO: [HLS 200-486] Changing DSP latency (root=add_ln137_96) to 3 in order to utilize available DSP registers.
INFO: [HLS 200-486] Changing DSP latency (root=add_ln137_95) to 3 in order to utilize available DSP registers.
INFO: [HLS 200-486] Changing DSP latency (root=add_ln137_94) to 3 in order to utilize available DSP registers.
INFO: [HLS 200-486] Changing DSP latency (root=add_ln137_93) to 3 in order to utilize available DSP registers.
INFO: [HLS 200-486] Changing DSP latency (root=add_ln137_92) to 3 in order to utilize available DSP registers.
INFO: [HLS 200-486] Changing DSP latency (root=add_ln137_91) to 3 in order to utilize available DSP registers.
INFO: [HLS 200-486] Changing DSP latency (root=add_ln137_90) to 3 in order to utilize available DSP registers.
INFO: [HLS 200-486] Changing DSP latency (root=add_ln137_89) to 3 in order to utilize available DSP registers.
INFO: [HLS 200-486] Changing DSP latency (root=add_ln137_88) to 3 in order to utilize available DSP registers.
INFO: [HLS 200-486] Changing DSP latency (root=add_ln137_87) to 3 in order to utilize available DSP registers.
INFO: [HLS 200-486] Changing DSP latency (root=add_ln137_86) to 3 in order to utilize available DSP registers.
INFO: [HLS 200-486] Changing DSP latency (root=add_ln137_85) to 3 in order to utilize available DSP registers.
INFO: [HLS 200-486] Changing DSP latency (root=add_ln137_84) to 3 in order to utilize available DSP registers.
INFO: [HLS 200-486] Changing DSP latency (root=add_ln137_83) to 3 in order to utilize available DSP registers.
INFO: [HLS 200-486] Changing DSP latency (root=add_ln137_82) to 3 in order to utilize available DSP registers.
INFO: [HLS 200-486] Changing DSP latency (root=add_ln137_81) to 3 in order to utilize available DSP registers.
INFO: [HLS 200-486] Changing DSP latency (root=add_ln137_80) to 3 in order to utilize available DSP registers.
INFO: [HLS 200-486] Changing DSP latency (root=add_ln137_79) to 3 in order to utilize available DSP registers.
INFO: [HLS 200-486] Changing DSP latency (root=add_ln137_78) to 3 in order to utilize available DSP registers.
INFO: [HLS 200-486] Changing DSP latency (root=add_ln137_77) to 3 in order to utilize available DSP registers.
INFO: [HLS 200-486] Changing DSP latency (root=add_ln137_76) to 3 in order to utilize available DSP registers.
INFO: [HLS 200-486] Changing DSP latency (root=add_ln137_75) to 3 in order to utilize available DSP registers.
INFO: [HLS 200-486] Changing DSP latency (root=add_ln137_74) to 3 in order to utilize available DSP registers.
INFO: [HLS 200-486] Changing DSP latency (root=add_ln137_73) to 3 in order to utilize available DSP registers.
INFO: [HLS 200-486] Changing DSP latency (root=add_ln137_72) to 3 in order to utilize available DSP registers.
INFO: [HLS 200-486] Changing DSP latency (root=add_ln137_71) to 3 in order to utilize available DSP registers.
INFO: [HLS 200-486] Changing DSP latency (root=add_ln137_70) to 3 in order to utilize available DSP registers.
INFO: [HLS 200-486] Changing DSP latency (root=add_ln137_69) to 3 in order to utilize available DSP registers.
INFO: [HLS 200-486] Changing DSP latency (root=add_ln137_68) to 3 in order to utilize available DSP registers.
INFO: [HLS 200-486] Changing DSP latency (root=add_ln137_67) to 3 in order to utilize available DSP registers.
INFO: [HLS 200-486] Changing DSP latency (root=add_ln137_66) to 3 in order to utilize available DSP registers.
INFO: [HLS 200-486] Changing DSP latency (root=add_ln137_65) to 3 in order to utilize available DSP registers.
INFO: [HLS 200-486] Changing DSP latency (root=add_ln137_64) to 3 in order to utilize available DSP registers.
INFO: [HLS 200-486] Changing DSP latency (root=add_ln137_63) to 3 in order to utilize available DSP registers.
INFO: [HLS 200-486] Changing DSP latency (root=add_ln137_62) to 3 in order to utilize available DSP registers.
INFO: [HLS 200-486] Changing DSP latency (root=add_ln137_61) to 3 in order to utilize available DSP registers.
INFO: [HLS 200-486] Changing DSP latency (root=add_ln137_60) to 3 in order to utilize available DSP registers.
INFO: [HLS 200-486] Changing DSP latency (root=add_ln137_59) to 3 in order to utilize available DSP registers.
INFO: [HLS 200-486] Changing DSP latency (root=add_ln137_58) to 3 in order to utilize available DSP registers.
INFO: [HLS 200-486] Changing DSP latency (root=add_ln137_57) to 3 in order to utilize available DSP registers.
INFO: [HLS 200-486] Changing DSP latency (root=add_ln137_56) to 3 in order to utilize available DSP registers.
INFO: [HLS 200-486] Changing DSP latency (root=add_ln137_55) to 3 in order to utilize available DSP registers.
INFO: [HLS 200-486] Changing DSP latency (root=add_ln137_54) to 3 in order to utilize available DSP registers.
INFO: [HLS 200-486] Changing DSP latency (root=add_ln137_53) to 3 in order to utilize available DSP registers.
INFO: [HLS 200-486] Changing DSP latency (root=add_ln137_52) to 3 in order to utilize available DSP registers.
INFO: [HLS 200-486] Changing DSP latency (root=add_ln137_51) to 3 in order to utilize available DSP registers.
INFO: [HLS 200-486] Changing DSP latency (root=add_ln137_50) to 3 in order to utilize available DSP registers.
INFO: [HLS 200-486] Changing DSP latency (root=add_ln137_49) to 3 in order to utilize available DSP registers.
INFO: [HLS 200-486] Changing DSP latency (root=add_ln137_48) to 3 in order to utilize available DSP registers.
INFO: [HLS 200-486] Changing DSP latency (root=add_ln137_47) to 3 in order to utilize available DSP registers.
INFO: [HLS 200-486] Changing DSP latency (root=add_ln137_46) to 3 in order to utilize available DSP registers.
INFO: [HLS 200-486] Changing DSP latency (root=add_ln137_45) to 3 in order to utilize available DSP registers.
INFO: [HLS 200-486] Changing DSP latency (root=add_ln137_44) to 3 in order to utilize available DSP registers.
INFO: [HLS 200-486] Changing DSP latency (root=add_ln137_43) to 3 in order to utilize available DSP registers.
INFO: [HLS 200-486] Changing DSP latency (root=add_ln137_42) to 3 in order to utilize available DSP registers.
INFO: [HLS 200-486] Changing DSP latency (root=add_ln137_41) to 3 in order to utilize available DSP registers.
INFO: [HLS 200-486] Changing DSP latency (root=add_ln137_40) to 3 in order to utilize available DSP registers.
INFO: [HLS 200-486] Changing DSP latency (root=add_ln137_39) to 3 in order to utilize available DSP registers.
INFO: [HLS 200-486] Changing DSP latency (root=add_ln137_38) to 3 in order to utilize available DSP registers.
INFO: [HLS 200-486] Changing DSP latency (root=add_ln137_37) to 3 in order to utilize available DSP registers.
INFO: [HLS 200-486] Changing DSP latency (root=add_ln137_36) to 3 in order to utilize available DSP registers.
INFO: [HLS 200-486] Changing DSP latency (root=add_ln137_35) to 3 in order to utilize available DSP registers.
INFO: [HLS 200-486] Changing DSP latency (root=add_ln137_34) to 3 in order to utilize available DSP registers.
INFO: [HLS 200-486] Changing DSP latency (root=add_ln137_33) to 3 in order to utilize available DSP registers.
INFO: [HLS 200-486] Changing DSP latency (root=add_ln137_32) to 3 in order to utilize available DSP registers.
INFO: [HLS 200-486] Changing DSP latency (root=add_ln137_31) to 3 in order to utilize available DSP registers.
INFO: [HLS 200-486] Changing DSP latency (root=add_ln137_30) to 3 in order to utilize available DSP registers.
INFO: [HLS 200-486] Changing DSP latency (root=add_ln137_29) to 3 in order to utilize available DSP registers.
INFO: [HLS 200-486] Changing DSP latency (root=add_ln137_28) to 3 in order to utilize available DSP registers.
INFO: [HLS 200-486] Changing DSP latency (root=add_ln137_27) to 3 in order to utilize available DSP registers.
INFO: [HLS 200-486] Changing DSP latency (root=add_ln137_26) to 3 in order to utilize available DSP registers.
INFO: [HLS 200-486] Changing DSP latency (root=add_ln137_25) to 3 in order to utilize available DSP registers.
INFO: [HLS 200-486] Changing DSP latency (root=add_ln137_24) to 3 in order to utilize available DSP registers.
INFO: [HLS 200-486] Changing DSP latency (root=add_ln137_23) to 3 in order to utilize available DSP registers.
INFO: [HLS 200-486] Changing DSP latency (root=add_ln137_22) to 3 in order to utilize available DSP registers.
INFO: [HLS 200-486] Changing DSP latency (root=add_ln137_21) to 3 in order to utilize available DSP registers.
INFO: [HLS 200-486] Changing DSP latency (root=add_ln137_20) to 3 in order to utilize available DSP registers.
INFO: [HLS 200-486] Changing DSP latency (root=add_ln137_19) to 3 in order to utilize available DSP registers.
INFO: [HLS 200-486] Changing DSP latency (root=add_ln137_18) to 3 in order to utilize available DSP registers.
INFO: [HLS 200-486] Changing DSP latency (root=add_ln137_17) to 3 in order to utilize available DSP registers.
INFO: [HLS 200-486] Changing DSP latency (root=add_ln137_16) to 3 in order to utilize available DSP registers.
INFO: [HLS 200-486] Changing DSP latency (root=add_ln137_15) to 3 in order to utilize available DSP registers.
INFO: [HLS 200-486] Changing DSP latency (root=add_ln137_14) to 3 in order to utilize available DSP registers.
INFO: [HLS 200-486] Changing DSP latency (root=add_ln137_13) to 3 in order to utilize available DSP registers.
INFO: [HLS 200-486] Changing DSP latency (root=add_ln137_12) to 3 in order to utilize available DSP registers.
INFO: [HLS 200-486] Changing DSP latency (root=add_ln137_11) to 3 in order to utilize available DSP registers.
INFO: [HLS 200-486] Changing DSP latency (root=add_ln137_10) to 3 in order to utilize available DSP registers.
INFO: [HLS 200-486] Changing DSP latency (root=add_ln137_9) to 3 in order to utilize available DSP registers.
INFO: [HLS 200-486] Changing DSP latency (root=add_ln137_8) to 3 in order to utilize available DSP registers.
INFO: [HLS 200-486] Changing DSP latency (root=add_ln137_7) to 3 in order to utilize available DSP registers.
INFO: [HLS 200-486] Changing DSP latency (root=add_ln137_6) to 3 in order to utilize available DSP registers.
INFO: [HLS 200-486] Changing DSP latency (root=add_ln137_5) to 3 in order to utilize available DSP registers.
INFO: [HLS 200-486] Changing DSP latency (root=add_ln137_4) to 3 in order to utilize available DSP registers.
INFO: [HLS 200-486] Changing DSP latency (root=add_ln137_3) to 3 in order to utilize available DSP registers.
INFO: [HLS 200-486] Changing DSP latency (root=add_ln137_2) to 3 in order to utilize available DSP registers.
INFO: [HLS 200-486] Changing DSP latency (root=add_ln137_1) to 3 in order to utilize available DSP registers.
INFO: [HLS 200-486] Changing DSP latency (root=add_ln137) to 3 in order to utilize available DSP registers.
INFO: [SCHED 204-61] Pipelining loop 'COMP_I'.
INFO: [HLS 200-1470] Pipelining result : Target II = 1, Final II = 1, Depth = 4, loop 'COMP_I'
INFO: [SCHED 204-11] Finished scheduling.
Command     schedule done; 0.42 sec.
INFO: [HLS 200-111] Finished Scheduling: CPU user time: 0.46 seconds. CPU system time: 0 seconds. Elapsed time: 0.46 seconds; current allocated memory: 558.113 MB.
Execute     syn_report -verbosereport -o /home/nat/dev/trinners/mai_proj/hls/thesis-gcn-accelerator/vitis/integrated_gcn/integrated_gcn/integrated_gcn/hls/.autopilot/db/gemm_compute_Pipeline_COMP_I.verbose.sched.rpt 
Execute       list_part -family xck26-sfvc784-2LV-c 
Execute         ap_family_info -name xck26-sfvc784-2LV-c -data names 
Execute         ap_part_info -quiet -name xck26-sfvc784-2LV-c -data family 
Execute     db_write -o /home/nat/dev/trinners/mai_proj/hls/thesis-gcn-accelerator/vitis/integrated_gcn/integrated_gcn/integrated_gcn/hls/.autopilot/db/gemm_compute_Pipeline_COMP_I.sched.adb -f 
INFO-FLOW: Finish scheduling gemm_compute_Pipeline_COMP_I.
Execute     set_default_model gemm_compute_Pipeline_COMP_I 
Execute     bind -model gemm_compute_Pipeline_COMP_I 
INFO: [BIND 205-100] Starting micro-architecture generation ...
INFO: [BIND 205-101] Performing variable lifetime analysis.
INFO: [BIND 205-101] Exploring resource sharing.
INFO: [BIND 205-101] Binding ...
INFO: [BIND 205-100] Finished micro-architecture generation.
INFO: [HLS 200-111] Finished Binding: CPU user time: 0.12 seconds. CPU system time: 0.01 seconds. Elapsed time: 0.14 seconds; current allocated memory: 558.113 MB.
Execute     syn_report -verbosereport -o /home/nat/dev/trinners/mai_proj/hls/thesis-gcn-accelerator/vitis/integrated_gcn/integrated_gcn/integrated_gcn/hls/.autopilot/db/gemm_compute_Pipeline_COMP_I.verbose.bind.rpt 
Execute       list_part -family xck26-sfvc784-2LV-c 
Execute         ap_family_info -name xck26-sfvc784-2LV-c -data names 
Execute         ap_part_info -quiet -name xck26-sfvc784-2LV-c -data family 
Execute     db_write -o /home/nat/dev/trinners/mai_proj/hls/thesis-gcn-accelerator/vitis/integrated_gcn/integrated_gcn/integrated_gcn/hls/.autopilot/db/gemm_compute_Pipeline_COMP_I.bind.adb -f 
INFO-FLOW: Finish binding gemm_compute_Pipeline_COMP_I.
INFO: [HLS 200-10] ----------------------------------------------------------------
INFO: [HLS 200-42] -- Implementing module 'gemm_compute_Pipeline_COMP_EMIT_VITIS_LOOP_146_4' 
INFO: [HLS 200-10] ----------------------------------------------------------------
Execute     set_default_model gemm_compute_Pipeline_COMP_EMIT_VITIS_LOOP_146_4 
Execute     schedule -model gemm_compute_Pipeline_COMP_EMIT_VITIS_LOOP_146_4 
INFO: [SCHED 204-11] Starting scheduling ...
INFO: [SCHED 204-61] Pipelining loop 'COMP_EMIT_VITIS_LOOP_146_4'.
INFO: [HLS 200-1470] Pipelining result : Target II = 1, Final II = 1, Depth = 3, loop 'COMP_EMIT_VITIS_LOOP_146_4'
INFO: [SCHED 204-11] Finished scheduling.
Command     schedule done; 0.75 sec.
INFO: [HLS 200-111] Finished Scheduling: CPU user time: 0.84 seconds. CPU system time: 0.02 seconds. Elapsed time: 0.86 seconds; current allocated memory: 580.695 MB.
Execute     syn_report -verbosereport -o /home/nat/dev/trinners/mai_proj/hls/thesis-gcn-accelerator/vitis/integrated_gcn/integrated_gcn/integrated_gcn/hls/.autopilot/db/gemm_compute_Pipeline_COMP_EMIT_VITIS_LOOP_146_4.verbose.sched.rpt 
Execute       list_part -family xck26-sfvc784-2LV-c 
Execute         ap_family_info -name xck26-sfvc784-2LV-c -data names 
Execute         ap_part_info -quiet -name xck26-sfvc784-2LV-c -data family 
Command     syn_report done; 0.79 sec.
Execute     db_write -o /home/nat/dev/trinners/mai_proj/hls/thesis-gcn-accelerator/vitis/integrated_gcn/integrated_gcn/integrated_gcn/hls/.autopilot/db/gemm_compute_Pipeline_COMP_EMIT_VITIS_LOOP_146_4.sched.adb -f 
Command     db_write done; 0.11 sec.
INFO-FLOW: Finish scheduling gemm_compute_Pipeline_COMP_EMIT_VITIS_LOOP_146_4.
Execute     set_default_model gemm_compute_Pipeline_COMP_EMIT_VITIS_LOOP_146_4 
Execute     bind -model gemm_compute_Pipeline_COMP_EMIT_VITIS_LOOP_146_4 
INFO: [BIND 205-100] Starting micro-architecture generation ...
INFO: [BIND 205-101] Performing variable lifetime analysis.
INFO: [BIND 205-101] Exploring resource sharing.
INFO: [BIND 205-101] Binding ...
INFO: [BIND 205-100] Finished micro-architecture generation.
Command     bind done; 0.28 sec.
INFO: [HLS 200-111] Finished Binding: CPU user time: 1.17 seconds. CPU system time: 0.01 seconds. Elapsed time: 1.18 seconds; current allocated memory: 580.695 MB.
Execute     syn_report -verbosereport -o /home/nat/dev/trinners/mai_proj/hls/thesis-gcn-accelerator/vitis/integrated_gcn/integrated_gcn/integrated_gcn/hls/.autopilot/db/gemm_compute_Pipeline_COMP_EMIT_VITIS_LOOP_146_4.verbose.bind.rpt 
Execute       list_part -family xck26-sfvc784-2LV-c 
Execute         ap_family_info -name xck26-sfvc784-2LV-c -data names 
Execute         ap_part_info -quiet -name xck26-sfvc784-2LV-c -data family 
Execute     db_write -o /home/nat/dev/trinners/mai_proj/hls/thesis-gcn-accelerator/vitis/integrated_gcn/integrated_gcn/integrated_gcn/hls/.autopilot/db/gemm_compute_Pipeline_COMP_EMIT_VITIS_LOOP_146_4.bind.adb -f 
INFO-FLOW: Finish binding gemm_compute_Pipeline_COMP_EMIT_VITIS_LOOP_146_4.
INFO: [HLS 200-10] ----------------------------------------------------------------
INFO: [HLS 200-42] -- Implementing module 'gemm_compute' 
INFO: [HLS 200-10] ----------------------------------------------------------------
Execute     set_default_model gemm_compute 
Execute     schedule -model gemm_compute 
INFO: [SCHED 204-11] Starting scheduling ...
INFO: [SCHED 204-11] Finished scheduling.
INFO: [HLS 200-111] Finished Scheduling: CPU user time: 0.25 seconds. CPU system time: 0.01 seconds. Elapsed time: 0.25 seconds; current allocated memory: 584.551 MB.
Execute     syn_report -verbosereport -o /home/nat/dev/trinners/mai_proj/hls/thesis-gcn-accelerator/vitis/integrated_gcn/integrated_gcn/integrated_gcn/hls/.autopilot/db/gemm_compute.verbose.sched.rpt 
Execute       list_part -family xck26-sfvc784-2LV-c 
Execute         ap_family_info -name xck26-sfvc784-2LV-c -data names 
Execute         ap_part_info -quiet -name xck26-sfvc784-2LV-c -data family 
Execute     db_write -o /home/nat/dev/trinners/mai_proj/hls/thesis-gcn-accelerator/vitis/integrated_gcn/integrated_gcn/integrated_gcn/hls/.autopilot/db/gemm_compute.sched.adb -f 
INFO-FLOW: Finish scheduling gemm_compute.
Execute     set_default_model gemm_compute 
Execute     bind -model gemm_compute 
INFO: [BIND 205-100] Starting micro-architecture generation ...
INFO: [BIND 205-101] Performing variable lifetime analysis.
INFO: [BIND 205-101] Exploring resource sharing.
INFO: [BIND 205-101] Binding ...
INFO: [BIND 205-100] Finished micro-architecture generation.
INFO: [HLS 200-111] Finished Binding: CPU user time: 0.05 seconds. CPU system time: 0 seconds. Elapsed time: 0.06 seconds; current allocated memory: 584.551 MB.
Execute     syn_report -verbosereport -o /home/nat/dev/trinners/mai_proj/hls/thesis-gcn-accelerator/vitis/integrated_gcn/integrated_gcn/integrated_gcn/hls/.autopilot/db/gemm_compute.verbose.bind.rpt 
Execute       list_part -family xck26-sfvc784-2LV-c 
Execute         ap_family_info -name xck26-sfvc784-2LV-c -data names 
Execute         ap_part_info -quiet -name xck26-sfvc784-2LV-c -data family 
Execute     db_write -o /home/nat/dev/trinners/mai_proj/hls/thesis-gcn-accelerator/vitis/integrated_gcn/integrated_gcn/integrated_gcn/hls/.autopilot/db/gemm_compute.bind.adb -f 
INFO-FLOW: Finish binding gemm_compute.
INFO: [HLS 200-10] ----------------------------------------------------------------
INFO: [HLS 200-42] -- Implementing module 'gemm_write' 
INFO: [HLS 200-10] ----------------------------------------------------------------
Execute     set_default_model gemm_write 
Execute     schedule -model gemm_write 
INFO: [SCHED 204-11] Starting scheduling ...
INFO: [SCHED 204-61] Pipelining loop 'VITIS_LOOP_165_1_VITIS_LOOP_167_3_VITIS_LOOP_168_4'.
INFO: [HLS 200-1470] Pipelining result : Target II = 1, Final II = 1, Depth = 8, loop 'VITIS_LOOP_165_1_VITIS_LOOP_167_3_VITIS_LOOP_168_4'
INFO: [SCHED 204-11] Finished scheduling.
INFO: [HLS 200-111] Finished Scheduling: CPU user time: 0.07 seconds. CPU system time: 0.01 seconds. Elapsed time: 0.06 seconds; current allocated memory: 584.551 MB.
Execute     syn_report -verbosereport -o /home/nat/dev/trinners/mai_proj/hls/thesis-gcn-accelerator/vitis/integrated_gcn/integrated_gcn/integrated_gcn/hls/.autopilot/db/gemm_write.verbose.sched.rpt 
Execute       list_part -family xck26-sfvc784-2LV-c 
Execute         ap_family_info -name xck26-sfvc784-2LV-c -data names 
Execute         ap_part_info -quiet -name xck26-sfvc784-2LV-c -data family 
Execute     db_write -o /home/nat/dev/trinners/mai_proj/hls/thesis-gcn-accelerator/vitis/integrated_gcn/integrated_gcn/integrated_gcn/hls/.autopilot/db/gemm_write.sched.adb -f 
INFO-FLOW: Finish scheduling gemm_write.
Execute     set_default_model gemm_write 
Execute     bind -model gemm_write 
INFO: [BIND 205-100] Starting micro-architecture generation ...
INFO: [BIND 205-101] Performing variable lifetime analysis.
INFO: [BIND 205-101] Exploring resource sharing.
INFO: [BIND 205-101] Binding ...
INFO: [BIND 205-100] Finished micro-architecture generation.
INFO: [HLS 200-111] Finished Binding: CPU user time: 0.01 seconds. CPU system time: 0 seconds. Elapsed time: 0.01 seconds; current allocated memory: 584.551 MB.
Execute     syn_report -verbosereport -o /home/nat/dev/trinners/mai_proj/hls/thesis-gcn-accelerator/vitis/integrated_gcn/integrated_gcn/integrated_gcn/hls/.autopilot/db/gemm_write.verbose.bind.rpt 
Execute       list_part -family xck26-sfvc784-2LV-c 
Execute         ap_family_info -name xck26-sfvc784-2LV-c -data names 
Execute         ap_part_info -quiet -name xck26-sfvc784-2LV-c -data family 
Execute     db_write -o /home/nat/dev/trinners/mai_proj/hls/thesis-gcn-accelerator/vitis/integrated_gcn/integrated_gcn/integrated_gcn/hls/.autopilot/db/gemm_write.bind.adb -f 
INFO-FLOW: Finish binding gemm_write.
INFO: [HLS 200-10] ----------------------------------------------------------------
INFO: [HLS 200-42] -- Implementing module 'gemm_stage' 
INFO: [HLS 200-10] ----------------------------------------------------------------
Execute     set_default_model gemm_stage 
Execute     schedule -model gemm_stage 
INFO: [SCHED 204-11] Starting scheduling ...
INFO: [SCHED 204-11] Finished scheduling.
INFO: [HLS 200-111] Finished Scheduling: CPU user time: 0.01 seconds. CPU system time: 0 seconds. Elapsed time: 0 seconds; current allocated memory: 584.551 MB.
Execute     syn_report -verbosereport -o /home/nat/dev/trinners/mai_proj/hls/thesis-gcn-accelerator/vitis/integrated_gcn/integrated_gcn/integrated_gcn/hls/.autopilot/db/gemm_stage.verbose.sched.rpt 
Execute       list_part -family xck26-sfvc784-2LV-c 
Execute         ap_family_info -name xck26-sfvc784-2LV-c -data names 
Execute         ap_part_info -quiet -name xck26-sfvc784-2LV-c -data family 
Execute     db_write -o /home/nat/dev/trinners/mai_proj/hls/thesis-gcn-accelerator/vitis/integrated_gcn/integrated_gcn/integrated_gcn/hls/.autopilot/db/gemm_stage.sched.adb -f 
INFO-FLOW: Finish scheduling gemm_stage.
Execute     set_default_model gemm_stage 
Execute     bind -model gemm_stage 
INFO: [BIND 205-100] Starting micro-architecture generation ...
INFO: [BIND 205-101] Performing variable lifetime analysis.
INFO: [BIND 205-101] Exploring resource sharing.
INFO: [BIND 205-101] Binding ...
INFO: [BIND 205-100] Finished micro-architecture generation.
INFO: [HLS 200-111] Finished Binding: CPU user time: 0.01 seconds. CPU system time: 0 seconds. Elapsed time: 0.02 seconds; current allocated memory: 584.551 MB.
Execute     syn_report -verbosereport -o /home/nat/dev/trinners/mai_proj/hls/thesis-gcn-accelerator/vitis/integrated_gcn/integrated_gcn/integrated_gcn/hls/.autopilot/db/gemm_stage.verbose.bind.rpt 
Execute       list_part -family xck26-sfvc784-2LV-c 
Execute         ap_family_info -name xck26-sfvc784-2LV-c -data names 
Execute         ap_part_info -quiet -name xck26-sfvc784-2LV-c -data family 
Execute     db_write -o /home/nat/dev/trinners/mai_proj/hls/thesis-gcn-accelerator/vitis/integrated_gcn/integrated_gcn/integrated_gcn/hls/.autopilot/db/gemm_stage.bind.adb -f 
INFO-FLOW: Finish binding gemm_stage.
INFO: [HLS 200-10] ----------------------------------------------------------------
INFO: [HLS 200-42] -- Implementing module 'spmm_load_csr_Pipeline_LOAD_ROWS' 
INFO: [HLS 200-10] ----------------------------------------------------------------
Execute     set_default_model spmm_load_csr_Pipeline_LOAD_ROWS 
Execute     schedule -model spmm_load_csr_Pipeline_LOAD_ROWS 
INFO: [SCHED 204-11] Starting scheduling ...
INFO: [SCHED 204-61] Pipelining loop 'LOAD_ROWS'.
INFO: [HLS 200-1470] Pipelining result : Target II = 1, Final II = 1, Depth = 3, loop 'LOAD_ROWS'
INFO: [SCHED 204-11] Finished scheduling.
INFO: [HLS 200-111] Finished Scheduling: CPU user time: 0.04 seconds. CPU system time: 0 seconds. Elapsed time: 0.04 seconds; current allocated memory: 584.551 MB.
Execute     syn_report -verbosereport -o /home/nat/dev/trinners/mai_proj/hls/thesis-gcn-accelerator/vitis/integrated_gcn/integrated_gcn/integrated_gcn/hls/.autopilot/db/spmm_load_csr_Pipeline_LOAD_ROWS.verbose.sched.rpt 
Execute       list_part -family xck26-sfvc784-2LV-c 
Execute         ap_family_info -name xck26-sfvc784-2LV-c -data names 
Execute         ap_part_info -quiet -name xck26-sfvc784-2LV-c -data family 
Execute     db_write -o /home/nat/dev/trinners/mai_proj/hls/thesis-gcn-accelerator/vitis/integrated_gcn/integrated_gcn/integrated_gcn/hls/.autopilot/db/spmm_load_csr_Pipeline_LOAD_ROWS.sched.adb -f 
INFO-FLOW: Finish scheduling spmm_load_csr_Pipeline_LOAD_ROWS.
Execute     set_default_model spmm_load_csr_Pipeline_LOAD_ROWS 
Execute     bind -model spmm_load_csr_Pipeline_LOAD_ROWS 
INFO: [BIND 205-100] Starting micro-architecture generation ...
INFO: [BIND 205-101] Performing variable lifetime analysis.
INFO: [BIND 205-101] Exploring resource sharing.
INFO: [BIND 205-101] Binding ...
INFO: [BIND 205-100] Finished micro-architecture generation.
INFO: [HLS 200-111] Finished Binding: CPU user time: 0 seconds. CPU system time: 0 seconds. Elapsed time: 0 seconds; current allocated memory: 584.551 MB.
Execute     syn_report -verbosereport -o /home/nat/dev/trinners/mai_proj/hls/thesis-gcn-accelerator/vitis/integrated_gcn/integrated_gcn/integrated_gcn/hls/.autopilot/db/spmm_load_csr_Pipeline_LOAD_ROWS.verbose.bind.rpt 
Execute       list_part -family xck26-sfvc784-2LV-c 
Execute         ap_family_info -name xck26-sfvc784-2LV-c -data names 
Execute         ap_part_info -quiet -name xck26-sfvc784-2LV-c -data family 
Execute     db_write -o /home/nat/dev/trinners/mai_proj/hls/thesis-gcn-accelerator/vitis/integrated_gcn/integrated_gcn/integrated_gcn/hls/.autopilot/db/spmm_load_csr_Pipeline_LOAD_ROWS.bind.adb -f 
INFO-FLOW: Finish binding spmm_load_csr_Pipeline_LOAD_ROWS.
INFO: [HLS 200-10] ----------------------------------------------------------------
INFO: [HLS 200-42] -- Implementing module 'spmm_load_csr_Pipeline_LOAD_NNZ' 
INFO: [HLS 200-10] ----------------------------------------------------------------
Execute     set_default_model spmm_load_csr_Pipeline_LOAD_NNZ 
Execute     schedule -model spmm_load_csr_Pipeline_LOAD_NNZ 
INFO: [SCHED 204-11] Starting scheduling ...
INFO: [SCHED 204-61] Pipelining loop 'LOAD_NNZ'.
INFO: [HLS 200-1470] Pipelining result : Target II = 1, Final II = 1, Depth = 3, loop 'LOAD_NNZ'
INFO: [SCHED 204-11] Finished scheduling.
INFO: [HLS 200-111] Finished Scheduling: CPU user time: 0.01 seconds. CPU system time: 0 seconds. Elapsed time: 0.01 seconds; current allocated memory: 584.551 MB.
Execute     syn_report -verbosereport -o /home/nat/dev/trinners/mai_proj/hls/thesis-gcn-accelerator/vitis/integrated_gcn/integrated_gcn/integrated_gcn/hls/.autopilot/db/spmm_load_csr_Pipeline_LOAD_NNZ.verbose.sched.rpt 
Execute       list_part -family xck26-sfvc784-2LV-c 
Execute         ap_family_info -name xck26-sfvc784-2LV-c -data names 
Execute         ap_part_info -quiet -name xck26-sfvc784-2LV-c -data family 
Execute     db_write -o /home/nat/dev/trinners/mai_proj/hls/thesis-gcn-accelerator/vitis/integrated_gcn/integrated_gcn/integrated_gcn/hls/.autopilot/db/spmm_load_csr_Pipeline_LOAD_NNZ.sched.adb -f 
INFO-FLOW: Finish scheduling spmm_load_csr_Pipeline_LOAD_NNZ.
Execute     set_default_model spmm_load_csr_Pipeline_LOAD_NNZ 
Execute     bind -model spmm_load_csr_Pipeline_LOAD_NNZ 
INFO: [BIND 205-100] Starting micro-architecture generation ...
INFO: [BIND 205-101] Performing variable lifetime analysis.
INFO: [BIND 205-101] Exploring resource sharing.
INFO: [BIND 205-101] Binding ...
INFO: [BIND 205-100] Finished micro-architecture generation.
INFO: [HLS 200-111] Finished Binding: CPU user time: 0.01 seconds. CPU system time: 0 seconds. Elapsed time: 0.01 seconds; current allocated memory: 584.551 MB.
Execute     syn_report -verbosereport -o /home/nat/dev/trinners/mai_proj/hls/thesis-gcn-accelerator/vitis/integrated_gcn/integrated_gcn/integrated_gcn/hls/.autopilot/db/spmm_load_csr_Pipeline_LOAD_NNZ.verbose.bind.rpt 
Execute       list_part -family xck26-sfvc784-2LV-c 
Execute         ap_family_info -name xck26-sfvc784-2LV-c -data names 
Execute         ap_part_info -quiet -name xck26-sfvc784-2LV-c -data family 
Execute     db_write -o /home/nat/dev/trinners/mai_proj/hls/thesis-gcn-accelerator/vitis/integrated_gcn/integrated_gcn/integrated_gcn/hls/.autopilot/db/spmm_load_csr_Pipeline_LOAD_NNZ.bind.adb -f 
INFO-FLOW: Finish binding spmm_load_csr_Pipeline_LOAD_NNZ.
INFO: [HLS 200-10] ----------------------------------------------------------------
INFO: [HLS 200-42] -- Implementing module 'spmm_load_csr' 
INFO: [HLS 200-10] ----------------------------------------------------------------
Execute     set_default_model spmm_load_csr 
Execute     schedule -model spmm_load_csr 
INFO: [SCHED 204-11] Starting scheduling ...
INFO: [SCHED 204-11] Finished scheduling.
INFO: [HLS 200-111] Finished Scheduling: CPU user time: 0 seconds. CPU system time: 0 seconds. Elapsed time: 0.01 seconds; current allocated memory: 584.551 MB.
Execute     syn_report -verbosereport -o /home/nat/dev/trinners/mai_proj/hls/thesis-gcn-accelerator/vitis/integrated_gcn/integrated_gcn/integrated_gcn/hls/.autopilot/db/spmm_load_csr.verbose.sched.rpt 
Execute       list_part -family xck26-sfvc784-2LV-c 
Execute         ap_family_info -name xck26-sfvc784-2LV-c -data names 
Execute         ap_part_info -quiet -name xck26-sfvc784-2LV-c -data family 
Execute     db_write -o /home/nat/dev/trinners/mai_proj/hls/thesis-gcn-accelerator/vitis/integrated_gcn/integrated_gcn/integrated_gcn/hls/.autopilot/db/spmm_load_csr.sched.adb -f 
INFO-FLOW: Finish scheduling spmm_load_csr.
Execute     set_default_model spmm_load_csr 
Execute     bind -model spmm_load_csr 
INFO: [BIND 205-100] Starting micro-architecture generation ...
INFO: [BIND 205-101] Performing variable lifetime analysis.
INFO: [BIND 205-101] Exploring resource sharing.
INFO: [BIND 205-101] Binding ...
INFO: [BIND 205-100] Finished micro-architecture generation.
INFO: [HLS 200-111] Finished Binding: CPU user time: 0.01 seconds. CPU system time: 0 seconds. Elapsed time: 0 seconds; current allocated memory: 584.551 MB.
Execute     syn_report -verbosereport -o /home/nat/dev/trinners/mai_proj/hls/thesis-gcn-accelerator/vitis/integrated_gcn/integrated_gcn/integrated_gcn/hls/.autopilot/db/spmm_load_csr.verbose.bind.rpt 
Execute       list_part -family xck26-sfvc784-2LV-c 
Execute         ap_family_info -name xck26-sfvc784-2LV-c -data names 
Execute         ap_part_info -quiet -name xck26-sfvc784-2LV-c -data family 
Execute     db_write -o /home/nat/dev/trinners/mai_proj/hls/thesis-gcn-accelerator/vitis/integrated_gcn/integrated_gcn/integrated_gcn/hls/.autopilot/db/spmm_load_csr.bind.adb -f 
INFO-FLOW: Finish binding spmm_load_csr.
INFO: [HLS 200-10] ----------------------------------------------------------------
INFO: [HLS 200-42] -- Implementing module 'spmm_compute_Pipeline_SPMM_INIT' 
INFO: [HLS 200-10] ----------------------------------------------------------------
Execute     set_default_model spmm_compute_Pipeline_SPMM_INIT 
Execute     schedule -model spmm_compute_Pipeline_SPMM_INIT 
INFO: [SCHED 204-11] Starting scheduling ...
INFO: [SCHED 204-61] Pipelining loop 'SPMM_INIT'.
INFO: [HLS 200-1470] Pipelining result : Target II = 1, Final II = 1, Depth = 1, loop 'SPMM_INIT'
INFO: [SCHED 204-11] Finished scheduling.
INFO: [HLS 200-111] Finished Scheduling: CPU user time: 0.02 seconds. CPU system time: 0 seconds. Elapsed time: 0.02 seconds; current allocated memory: 585.410 MB.
Execute     syn_report -verbosereport -o /home/nat/dev/trinners/mai_proj/hls/thesis-gcn-accelerator/vitis/integrated_gcn/integrated_gcn/integrated_gcn/hls/.autopilot/db/spmm_compute_Pipeline_SPMM_INIT.verbose.sched.rpt 
Execute       list_part -family xck26-sfvc784-2LV-c 
Execute         ap_family_info -name xck26-sfvc784-2LV-c -data names 
Execute         ap_part_info -quiet -name xck26-sfvc784-2LV-c -data family 
Execute     db_write -o /home/nat/dev/trinners/mai_proj/hls/thesis-gcn-accelerator/vitis/integrated_gcn/integrated_gcn/integrated_gcn/hls/.autopilot/db/spmm_compute_Pipeline_SPMM_INIT.sched.adb -f 
INFO-FLOW: Finish scheduling spmm_compute_Pipeline_SPMM_INIT.
Execute     set_default_model spmm_compute_Pipeline_SPMM_INIT 
Execute     bind -model spmm_compute_Pipeline_SPMM_INIT 
INFO: [BIND 205-100] Starting micro-architecture generation ...
INFO: [BIND 205-101] Performing variable lifetime analysis.
INFO: [BIND 205-101] Exploring resource sharing.
INFO: [BIND 205-101] Binding ...
INFO: [BIND 205-100] Finished micro-architecture generation.
INFO: [HLS 200-111] Finished Binding: CPU user time: 0 seconds. CPU system time: 0 seconds. Elapsed time: 0.01 seconds; current allocated memory: 585.410 MB.
Execute     syn_report -verbosereport -o /home/nat/dev/trinners/mai_proj/hls/thesis-gcn-accelerator/vitis/integrated_gcn/integrated_gcn/integrated_gcn/hls/.autopilot/db/spmm_compute_Pipeline_SPMM_INIT.verbose.bind.rpt 
Execute       list_part -family xck26-sfvc784-2LV-c 
Execute         ap_family_info -name xck26-sfvc784-2LV-c -data names 
Execute         ap_part_info -quiet -name xck26-sfvc784-2LV-c -data family 
Execute     db_write -o /home/nat/dev/trinners/mai_proj/hls/thesis-gcn-accelerator/vitis/integrated_gcn/integrated_gcn/integrated_gcn/hls/.autopilot/db/spmm_compute_Pipeline_SPMM_INIT.bind.adb -f 
INFO-FLOW: Finish binding spmm_compute_Pipeline_SPMM_INIT.
INFO: [HLS 200-10] ----------------------------------------------------------------
INFO: [HLS 200-42] -- Implementing module 'spmm_compute_Pipeline_SPMM_LOAD_H' 
INFO: [HLS 200-10] ----------------------------------------------------------------
Execute     set_default_model spmm_compute_Pipeline_SPMM_LOAD_H 
Execute     schedule -model spmm_compute_Pipeline_SPMM_LOAD_H 
INFO: [SCHED 204-11] Starting scheduling ...
INFO: [SCHED 204-61] Pipelining loop 'SPMM_LOAD_H'.
INFO: [HLS 200-1470] Pipelining result : Target II = 1, Final II = 1, Depth = 3, loop 'SPMM_LOAD_H'
INFO: [SCHED 204-11] Finished scheduling.
INFO: [HLS 200-111] Finished Scheduling: CPU user time: 0.02 seconds. CPU system time: 0 seconds. Elapsed time: 0.02 seconds; current allocated memory: 586.566 MB.
Execute     syn_report -verbosereport -o /home/nat/dev/trinners/mai_proj/hls/thesis-gcn-accelerator/vitis/integrated_gcn/integrated_gcn/integrated_gcn/hls/.autopilot/db/spmm_compute_Pipeline_SPMM_LOAD_H.verbose.sched.rpt 
Execute       list_part -family xck26-sfvc784-2LV-c 
Execute         ap_family_info -name xck26-sfvc784-2LV-c -data names 
Execute         ap_part_info -quiet -name xck26-sfvc784-2LV-c -data family 
Execute     db_write -o /home/nat/dev/trinners/mai_proj/hls/thesis-gcn-accelerator/vitis/integrated_gcn/integrated_gcn/integrated_gcn/hls/.autopilot/db/spmm_compute_Pipeline_SPMM_LOAD_H.sched.adb -f 
INFO-FLOW: Finish scheduling spmm_compute_Pipeline_SPMM_LOAD_H.
Execute     set_default_model spmm_compute_Pipeline_SPMM_LOAD_H 
Execute     bind -model spmm_compute_Pipeline_SPMM_LOAD_H 
INFO: [BIND 205-100] Starting micro-architecture generation ...
INFO: [BIND 205-101] Performing variable lifetime analysis.
INFO: [BIND 205-101] Exploring resource sharing.
INFO: [BIND 205-101] Binding ...
INFO: [BIND 205-100] Finished micro-architecture generation.
INFO: [HLS 200-111] Finished Binding: CPU user time: 0.01 seconds. CPU system time: 0.01 seconds. Elapsed time: 0.01 seconds; current allocated memory: 586.566 MB.
Execute     syn_report -verbosereport -o /home/nat/dev/trinners/mai_proj/hls/thesis-gcn-accelerator/vitis/integrated_gcn/integrated_gcn/integrated_gcn/hls/.autopilot/db/spmm_compute_Pipeline_SPMM_LOAD_H.verbose.bind.rpt 
Execute       list_part -family xck26-sfvc784-2LV-c 
Execute         ap_family_info -name xck26-sfvc784-2LV-c -data names 
Execute         ap_part_info -quiet -name xck26-sfvc784-2LV-c -data family 
Execute     db_write -o /home/nat/dev/trinners/mai_proj/hls/thesis-gcn-accelerator/vitis/integrated_gcn/integrated_gcn/integrated_gcn/hls/.autopilot/db/spmm_compute_Pipeline_SPMM_LOAD_H.bind.adb -f 
INFO-FLOW: Finish binding spmm_compute_Pipeline_SPMM_LOAD_H.
INFO: [HLS 200-10] ----------------------------------------------------------------
INFO: [HLS 200-42] -- Implementing module 'spmm_compute_Pipeline_SPMM_MAC' 
INFO: [HLS 200-10] ----------------------------------------------------------------
Execute     set_default_model spmm_compute_Pipeline_SPMM_MAC 
Execute     schedule -model spmm_compute_Pipeline_SPMM_MAC 
INFO: [SCHED 204-11] Starting scheduling ...
INFO: [SCHED 204-61] Pipelining loop 'SPMM_MAC'.
INFO: [HLS 200-1470] Pipelining result : Target II = 1, Final II = 1, Depth = 2, loop 'SPMM_MAC'
INFO: [SCHED 204-11] Finished scheduling.
INFO: [HLS 200-111] Finished Scheduling: CPU user time: 0.09 seconds. CPU system time: 0 seconds. Elapsed time: 0.09 seconds; current allocated memory: 589.586 MB.
Execute     syn_report -verbosereport -o /home/nat/dev/trinners/mai_proj/hls/thesis-gcn-accelerator/vitis/integrated_gcn/integrated_gcn/integrated_gcn/hls/.autopilot/db/spmm_compute_Pipeline_SPMM_MAC.verbose.sched.rpt 
Execute       list_part -family xck26-sfvc784-2LV-c 
Execute         ap_family_info -name xck26-sfvc784-2LV-c -data names 
Execute         ap_part_info -quiet -name xck26-sfvc784-2LV-c -data family 
Execute     db_write -o /home/nat/dev/trinners/mai_proj/hls/thesis-gcn-accelerator/vitis/integrated_gcn/integrated_gcn/integrated_gcn/hls/.autopilot/db/spmm_compute_Pipeline_SPMM_MAC.sched.adb -f 
INFO-FLOW: Finish scheduling spmm_compute_Pipeline_SPMM_MAC.
Execute     set_default_model spmm_compute_Pipeline_SPMM_MAC 
Execute     bind -model spmm_compute_Pipeline_SPMM_MAC 
INFO: [BIND 205-100] Starting micro-architecture generation ...
INFO: [BIND 205-101] Performing variable lifetime analysis.
INFO: [BIND 205-101] Exploring resource sharing.
INFO: [BIND 205-101] Binding ...
INFO: [BIND 205-100] Finished micro-architecture generation.
INFO: [HLS 200-111] Finished Binding: CPU user time: 0.02 seconds. CPU system time: 0 seconds. Elapsed time: 0.02 seconds; current allocated memory: 589.586 MB.
Execute     syn_report -verbosereport -o /home/nat/dev/trinners/mai_proj/hls/thesis-gcn-accelerator/vitis/integrated_gcn/integrated_gcn/integrated_gcn/hls/.autopilot/db/spmm_compute_Pipeline_SPMM_MAC.verbose.bind.rpt 
Execute       list_part -family xck26-sfvc784-2LV-c 
Execute         ap_family_info -name xck26-sfvc784-2LV-c -data names 
Execute         ap_part_info -quiet -name xck26-sfvc784-2LV-c -data family 
Execute     db_write -o /home/nat/dev/trinners/mai_proj/hls/thesis-gcn-accelerator/vitis/integrated_gcn/integrated_gcn/integrated_gcn/hls/.autopilot/db/spmm_compute_Pipeline_SPMM_MAC.bind.adb -f 
INFO-FLOW: Finish binding spmm_compute_Pipeline_SPMM_MAC.
INFO: [HLS 200-10] ----------------------------------------------------------------
INFO: [HLS 200-42] -- Implementing module 'spmm_compute_Pipeline_SPMM_WRITE' 
INFO: [HLS 200-10] ----------------------------------------------------------------
Execute     set_default_model spmm_compute_Pipeline_SPMM_WRITE 
Execute     schedule -model spmm_compute_Pipeline_SPMM_WRITE 
INFO: [SCHED 204-11] Starting scheduling ...
INFO: [SCHED 204-61] Pipelining loop 'SPMM_WRITE'.
INFO: [HLS 200-1470] Pipelining result : Target II = 1, Final II = 1, Depth = 2, loop 'SPMM_WRITE'
INFO: [SCHED 204-11] Finished scheduling.
INFO: [HLS 200-111] Finished Scheduling: CPU user time: 0.03 seconds. CPU system time: 0 seconds. Elapsed time: 0.03 seconds; current allocated memory: 590.492 MB.
Execute     syn_report -verbosereport -o /home/nat/dev/trinners/mai_proj/hls/thesis-gcn-accelerator/vitis/integrated_gcn/integrated_gcn/integrated_gcn/hls/.autopilot/db/spmm_compute_Pipeline_SPMM_WRITE.verbose.sched.rpt 
Execute       list_part -family xck26-sfvc784-2LV-c 
Execute         ap_family_info -name xck26-sfvc784-2LV-c -data names 
Execute         ap_part_info -quiet -name xck26-sfvc784-2LV-c -data family 
Execute     db_write -o /home/nat/dev/trinners/mai_proj/hls/thesis-gcn-accelerator/vitis/integrated_gcn/integrated_gcn/integrated_gcn/hls/.autopilot/db/spmm_compute_Pipeline_SPMM_WRITE.sched.adb -f 
INFO-FLOW: Finish scheduling spmm_compute_Pipeline_SPMM_WRITE.
Execute     set_default_model spmm_compute_Pipeline_SPMM_WRITE 
Execute     bind -model spmm_compute_Pipeline_SPMM_WRITE 
INFO: [BIND 205-100] Starting micro-architecture generation ...
INFO: [BIND 205-101] Performing variable lifetime analysis.
INFO: [BIND 205-101] Exploring resource sharing.
INFO: [BIND 205-101] Binding ...
INFO: [BIND 205-100] Finished micro-architecture generation.
INFO: [HLS 200-111] Finished Binding: CPU user time: 0.01 seconds. CPU system time: 0 seconds. Elapsed time: 0.01 seconds; current allocated memory: 590.492 MB.
Execute     syn_report -verbosereport -o /home/nat/dev/trinners/mai_proj/hls/thesis-gcn-accelerator/vitis/integrated_gcn/integrated_gcn/integrated_gcn/hls/.autopilot/db/spmm_compute_Pipeline_SPMM_WRITE.verbose.bind.rpt 
Execute       list_part -family xck26-sfvc784-2LV-c 
Execute         ap_family_info -name xck26-sfvc784-2LV-c -data names 
Execute         ap_part_info -quiet -name xck26-sfvc784-2LV-c -data family 
Execute     db_write -o /home/nat/dev/trinners/mai_proj/hls/thesis-gcn-accelerator/vitis/integrated_gcn/integrated_gcn/integrated_gcn/hls/.autopilot/db/spmm_compute_Pipeline_SPMM_WRITE.bind.adb -f 
INFO-FLOW: Finish binding spmm_compute_Pipeline_SPMM_WRITE.
INFO: [HLS 200-10] ----------------------------------------------------------------
INFO: [HLS 200-42] -- Implementing module 'spmm_compute' 
INFO: [HLS 200-10] ----------------------------------------------------------------
Execute     set_default_model spmm_compute 
Execute     schedule -model spmm_compute 
INFO: [SCHED 204-11] Starting scheduling ...
INFO: [SCHED 204-11] Finished scheduling.
INFO: [HLS 200-111] Finished Scheduling: CPU user time: 0.02 seconds. CPU system time: 0.01 seconds. Elapsed time: 0.02 seconds; current allocated memory: 591.637 MB.
Execute     syn_report -verbosereport -o /home/nat/dev/trinners/mai_proj/hls/thesis-gcn-accelerator/vitis/integrated_gcn/integrated_gcn/integrated_gcn/hls/.autopilot/db/spmm_compute.verbose.sched.rpt 
Execute       list_part -family xck26-sfvc784-2LV-c 
Execute         ap_family_info -name xck26-sfvc784-2LV-c -data names 
Execute         ap_part_info -quiet -name xck26-sfvc784-2LV-c -data family 
Execute     db_write -o /home/nat/dev/trinners/mai_proj/hls/thesis-gcn-accelerator/vitis/integrated_gcn/integrated_gcn/integrated_gcn/hls/.autopilot/db/spmm_compute.sched.adb -f 
INFO-FLOW: Finish scheduling spmm_compute.
Execute     set_default_model spmm_compute 
Execute     bind -model spmm_compute 
INFO: [BIND 205-100] Starting micro-architecture generation ...
INFO: [BIND 205-101] Performing variable lifetime analysis.
INFO: [BIND 205-101] Exploring resource sharing.
INFO: [BIND 205-101] Binding ...
INFO: [BIND 205-100] Finished micro-architecture generation.
INFO: [HLS 200-111] Finished Binding: CPU user time: 0.01 seconds. CPU system time: 0 seconds. Elapsed time: 0.02 seconds; current allocated memory: 591.637 MB.
Execute     syn_report -verbosereport -o /home/nat/dev/trinners/mai_proj/hls/thesis-gcn-accelerator/vitis/integrated_gcn/integrated_gcn/integrated_gcn/hls/.autopilot/db/spmm_compute.verbose.bind.rpt 
Execute       list_part -family xck26-sfvc784-2LV-c 
Execute         ap_family_info -name xck26-sfvc784-2LV-c -data names 
Execute         ap_part_info -quiet -name xck26-sfvc784-2LV-c -data family 
Execute     db_write -o /home/nat/dev/trinners/mai_proj/hls/thesis-gcn-accelerator/vitis/integrated_gcn/integrated_gcn/integrated_gcn/hls/.autopilot/db/spmm_compute.bind.adb -f 
INFO-FLOW: Finish binding spmm_compute.
INFO: [HLS 200-10] ----------------------------------------------------------------
INFO: [HLS 200-42] -- Implementing module 'spmm_store' 
INFO: [HLS 200-10] ----------------------------------------------------------------
Execute     set_default_model spmm_store 
Execute     schedule -model spmm_store 
INFO: [SCHED 204-11] Starting scheduling ...
INFO: [SCHED 204-61] Pipelining loop 'SPMM_STORE_ROW_SPMM_STORE_FEAT'.
INFO: [HLS 200-1470] Pipelining result : Target II = 1, Final II = 1, Depth = 8, loop 'SPMM_STORE_ROW_SPMM_STORE_FEAT'
INFO: [SCHED 204-11] Finished scheduling.
INFO: [HLS 200-111] Finished Scheduling: CPU user time: 0.06 seconds. CPU system time: 0 seconds. Elapsed time: 0.06 seconds; current allocated memory: 594.066 MB.
Execute     syn_report -verbosereport -o /home/nat/dev/trinners/mai_proj/hls/thesis-gcn-accelerator/vitis/integrated_gcn/integrated_gcn/integrated_gcn/hls/.autopilot/db/spmm_store.verbose.sched.rpt 
Execute       list_part -family xck26-sfvc784-2LV-c 
Execute         ap_family_info -name xck26-sfvc784-2LV-c -data names 
Execute         ap_part_info -quiet -name xck26-sfvc784-2LV-c -data family 
Execute     db_write -o /home/nat/dev/trinners/mai_proj/hls/thesis-gcn-accelerator/vitis/integrated_gcn/integrated_gcn/integrated_gcn/hls/.autopilot/db/spmm_store.sched.adb -f 
INFO-FLOW: Finish scheduling spmm_store.
Execute     set_default_model spmm_store 
Execute     bind -model spmm_store 
INFO: [BIND 205-100] Starting micro-architecture generation ...
INFO: [BIND 205-101] Performing variable lifetime analysis.
INFO: [BIND 205-101] Exploring resource sharing.
INFO: [BIND 205-101] Binding ...
INFO: [BIND 205-100] Finished micro-architecture generation.
INFO: [HLS 200-111] Finished Binding: CPU user time: 0.02 seconds. CPU system time: 0 seconds. Elapsed time: 0.02 seconds; current allocated memory: 594.066 MB.
Execute     syn_report -verbosereport -o /home/nat/dev/trinners/mai_proj/hls/thesis-gcn-accelerator/vitis/integrated_gcn/integrated_gcn/integrated_gcn/hls/.autopilot/db/spmm_store.verbose.bind.rpt 
Execute       list_part -family xck26-sfvc784-2LV-c 
Execute         ap_family_info -name xck26-sfvc784-2LV-c -data names 
Execute         ap_part_info -quiet -name xck26-sfvc784-2LV-c -data family 
Execute     db_write -o /home/nat/dev/trinners/mai_proj/hls/thesis-gcn-accelerator/vitis/integrated_gcn/integrated_gcn/integrated_gcn/hls/.autopilot/db/spmm_store.bind.adb -f 
INFO-FLOW: Finish binding spmm_store.
INFO: [HLS 200-10] ----------------------------------------------------------------
INFO: [HLS 200-42] -- Implementing module 'spmm_stage' 
INFO: [HLS 200-10] ----------------------------------------------------------------
Execute     set_default_model spmm_stage 
Execute     schedule -model spmm_stage 
INFO: [SCHED 204-11] Starting scheduling ...
INFO: [SCHED 204-11] Finished scheduling.
INFO: [HLS 200-111] Finished Scheduling: CPU user time: 0.01 seconds. CPU system time: 0 seconds. Elapsed time: 0.02 seconds; current allocated memory: 594.066 MB.
Execute     syn_report -verbosereport -o /home/nat/dev/trinners/mai_proj/hls/thesis-gcn-accelerator/vitis/integrated_gcn/integrated_gcn/integrated_gcn/hls/.autopilot/db/spmm_stage.verbose.sched.rpt 
Execute       list_part -family xck26-sfvc784-2LV-c 
Execute         ap_family_info -name xck26-sfvc784-2LV-c -data names 
Execute         ap_part_info -quiet -name xck26-sfvc784-2LV-c -data family 
Execute     db_write -o /home/nat/dev/trinners/mai_proj/hls/thesis-gcn-accelerator/vitis/integrated_gcn/integrated_gcn/integrated_gcn/hls/.autopilot/db/spmm_stage.sched.adb -f 
INFO-FLOW: Finish scheduling spmm_stage.
Execute     set_default_model spmm_stage 
Execute     bind -model spmm_stage 
INFO: [BIND 205-100] Starting micro-architecture generation ...
INFO: [BIND 205-101] Performing variable lifetime analysis.
INFO: [BIND 205-101] Exploring resource sharing.
INFO: [BIND 205-101] Binding ...
INFO: [BIND 205-100] Finished micro-architecture generation.
INFO: [HLS 200-111] Finished Binding: CPU user time: 0.01 seconds. CPU system time: 0 seconds. Elapsed time: 0 seconds; current allocated memory: 594.066 MB.
Execute     syn_report -verbosereport -o /home/nat/dev/trinners/mai_proj/hls/thesis-gcn-accelerator/vitis/integrated_gcn/integrated_gcn/integrated_gcn/hls/.autopilot/db/spmm_stage.verbose.bind.rpt 
Execute       list_part -family xck26-sfvc784-2LV-c 
Execute         ap_family_info -name xck26-sfvc784-2LV-c -data names 
Execute         ap_part_info -quiet -name xck26-sfvc784-2LV-c -data family 
Execute     db_write -o /home/nat/dev/trinners/mai_proj/hls/thesis-gcn-accelerator/vitis/integrated_gcn/integrated_gcn/integrated_gcn/hls/.autopilot/db/spmm_stage.bind.adb -f 
INFO-FLOW: Finish binding spmm_stage.
INFO: [HLS 200-10] ----------------------------------------------------------------
INFO: [HLS 200-42] -- Implementing module 'integrated_gcn' 
INFO: [HLS 200-10] ----------------------------------------------------------------
Execute     set_default_model integrated_gcn 
Execute     schedule -model integrated_gcn 
INFO: [SCHED 204-11] Starting scheduling ...
INFO: [SCHED 204-11] Finished scheduling.
INFO: [HLS 200-111] Finished Scheduling: CPU user time: 0.01 seconds. CPU system time: 0 seconds. Elapsed time: 0.01 seconds; current allocated memory: 594.371 MB.
Execute     syn_report -verbosereport -o /home/nat/dev/trinners/mai_proj/hls/thesis-gcn-accelerator/vitis/integrated_gcn/integrated_gcn/integrated_gcn/hls/.autopilot/db/integrated_gcn.verbose.sched.rpt 
Execute       list_part -family xck26-sfvc784-2LV-c 
Execute         ap_family_info -name xck26-sfvc784-2LV-c -data names 
Execute         ap_part_info -quiet -name xck26-sfvc784-2LV-c -data family 
Execute     db_write -o /home/nat/dev/trinners/mai_proj/hls/thesis-gcn-accelerator/vitis/integrated_gcn/integrated_gcn/integrated_gcn/hls/.autopilot/db/integrated_gcn.sched.adb -f 
INFO-FLOW: Finish scheduling integrated_gcn.
Execute     set_default_model integrated_gcn 
Execute     bind -model integrated_gcn 
INFO: [BIND 205-100] Starting micro-architecture generation ...
INFO: [BIND 205-101] Performing variable lifetime analysis.
INFO: [BIND 205-101] Exploring resource sharing.
INFO: [BIND 205-101] Binding ...
INFO: [BIND 205-100] Finished micro-architecture generation.
INFO: [HLS 200-111] Finished Binding: CPU user time: 0.02 seconds. CPU system time: 0 seconds. Elapsed time: 0.02 seconds; current allocated memory: 594.371 MB.
Execute     syn_report -verbosereport -o /home/nat/dev/trinners/mai_proj/hls/thesis-gcn-accelerator/vitis/integrated_gcn/integrated_gcn/integrated_gcn/hls/.autopilot/db/integrated_gcn.verbose.bind.rpt 
Execute       list_part -family xck26-sfvc784-2LV-c 
Execute         ap_family_info -name xck26-sfvc784-2LV-c -data names 
Execute         ap_part_info -quiet -name xck26-sfvc784-2LV-c -data family 
Execute     db_write -o /home/nat/dev/trinners/mai_proj/hls/thesis-gcn-accelerator/vitis/integrated_gcn/integrated_gcn/integrated_gcn/hls/.autopilot/db/integrated_gcn.bind.adb -f 
INFO-FLOW: Finish binding integrated_gcn.
Execute     get_model_list integrated_gcn -filter all-wo-channel 
INFO-FLOW: Preprocessing for RTLGen ...
Execute     rtl_gen_preprocess gemm_read_X 
Execute     rtl_gen_preprocess gemm_read_W 
Execute     rtl_gen_preprocess gemm_compute_Pipeline_COMP_INIT 
Execute     rtl_gen_preprocess gemm_compute_Pipeline_COMP_LOAD_XW 
Execute     rtl_gen_preprocess gemm_compute_Pipeline_COMP_I 
Execute     rtl_gen_preprocess gemm_compute_Pipeline_COMP_EMIT_VITIS_LOOP_146_4 
Execute     rtl_gen_preprocess gemm_compute 
Execute     rtl_gen_preprocess gemm_write 
Execute     rtl_gen_preprocess gemm_stage 
Execute     rtl_gen_preprocess spmm_load_csr_Pipeline_LOAD_ROWS 
Execute     rtl_gen_preprocess spmm_load_csr_Pipeline_LOAD_NNZ 
Execute     rtl_gen_preprocess spmm_load_csr 
Execute     rtl_gen_preprocess spmm_compute_Pipeline_SPMM_INIT 
Execute     rtl_gen_preprocess spmm_compute_Pipeline_SPMM_LOAD_H 
Execute     rtl_gen_preprocess spmm_compute_Pipeline_SPMM_MAC 
Execute     rtl_gen_preprocess spmm_compute_Pipeline_SPMM_WRITE 
Execute     rtl_gen_preprocess spmm_compute 
Execute     rtl_gen_preprocess spmm_store 
Execute     rtl_gen_preprocess spmm_stage 
Execute     rtl_gen_preprocess integrated_gcn 
INFO-FLOW: Model list for RTL generation: gemm_read_X gemm_read_W gemm_compute_Pipeline_COMP_INIT gemm_compute_Pipeline_COMP_LOAD_XW gemm_compute_Pipeline_COMP_I gemm_compute_Pipeline_COMP_EMIT_VITIS_LOOP_146_4 gemm_compute gemm_write gemm_stage spmm_load_csr_Pipeline_LOAD_ROWS spmm_load_csr_Pipeline_LOAD_NNZ spmm_load_csr spmm_compute_Pipeline_SPMM_INIT spmm_compute_Pipeline_SPMM_LOAD_H spmm_compute_Pipeline_SPMM_MAC spmm_compute_Pipeline_SPMM_WRITE spmm_compute spmm_store spmm_stage integrated_gcn
INFO: [HLS 200-10] ----------------------------------------------------------------
INFO: [HLS 200-10] -- Generating RTL for module 'gemm_read_X' 
INFO: [HLS 200-10] ----------------------------------------------------------------
Execute     create_rtl_model gemm_read_X -top_prefix integrated_gcn_ -sub_prefix integrated_gcn_ -mg_file /home/nat/dev/trinners/mai_proj/hls/thesis-gcn-accelerator/vitis/integrated_gcn/integrated_gcn/integrated_gcn/hls/.autopilot/db/gemm_read_X.compgen.tcl 
INFO: [HLS 200-1030] Apply Unified Pipeline Control on module 'gemm_read_X' pipeline 'VITIS_LOOP_35_1_VITIS_LOOP_37_3_VITIS_LOOP_38_4_VITIS_LOOP_39_5' pipeline type 'loop pipeline'
INFO: [RTGEN 206-100] Generating core module 'mac_muladd_7ns_7ns_17s_17_4_1': 1 instance(s).
INFO: [RTGEN 206-100] Generating core module 'mul_5ns_14ns_17_1_1': 1 instance(s).
INFO: [RTGEN 206-100] Finished creating RTL model for 'gemm_read_X'.
INFO: [HLS 200-111] Finished Creating RTL model: CPU user time: 0.06 seconds. CPU system time: 0.01 seconds. Elapsed time: 0.07 seconds; current allocated memory: 594.734 MB.
Execute     source /home/nat/dev/trinners/mai_proj/hls/thesis-gcn-accelerator/vitis/integrated_gcn/integrated_gcn/integrated_gcn/hls/.autopilot/db/integrated_gcn.rtl_wrap.cfg.tcl 
Execute     gen_rtl gemm_read_X -style xilinx -f -lang vhdl -o /home/nat/dev/trinners/mai_proj/hls/thesis-gcn-accelerator/vitis/integrated_gcn/integrated_gcn/integrated_gcn/hls/syn/vhdl/integrated_gcn_gemm_read_X 
Execute     gen_rtl gemm_read_X -style xilinx -f -lang vlog -o /home/nat/dev/trinners/mai_proj/hls/thesis-gcn-accelerator/vitis/integrated_gcn/integrated_gcn/integrated_gcn/hls/syn/verilog/integrated_gcn_gemm_read_X 
Execute     syn_report -csynth -model gemm_read_X -o /home/nat/dev/trinners/mai_proj/hls/thesis-gcn-accelerator/vitis/integrated_gcn/integrated_gcn/integrated_gcn/hls/syn/report/gemm_read_X_csynth.rpt 
Execute       list_part -family xck26-sfvc784-2LV-c 
Execute         ap_family_info -name xck26-sfvc784-2LV-c -data names 
Execute         ap_part_info -quiet -name xck26-sfvc784-2LV-c -data family 
Execute     syn_report -rtlxml -model gemm_read_X -o /home/nat/dev/trinners/mai_proj/hls/thesis-gcn-accelerator/vitis/integrated_gcn/integrated_gcn/integrated_gcn/hls/syn/report/gemm_read_X_csynth.xml 
Execute       list_part -family xck26-sfvc784-2LV-c 
Execute         ap_family_info -name xck26-sfvc784-2LV-c -data names 
Execute         ap_part_info -quiet -name xck26-sfvc784-2LV-c -data family 
Execute     syn_report -verbosereport -model gemm_read_X -o /home/nat/dev/trinners/mai_proj/hls/thesis-gcn-accelerator/vitis/integrated_gcn/integrated_gcn/integrated_gcn/hls/.autopilot/db/gemm_read_X.verbose.rpt 
Execute       list_part -family xck26-sfvc784-2LV-c 
Execute         ap_family_info -name xck26-sfvc784-2LV-c -data names 
Execute         ap_part_info -quiet -name xck26-sfvc784-2LV-c -data family 
Execute     db_write -model gemm_read_X -f -o /home/nat/dev/trinners/mai_proj/hls/thesis-gcn-accelerator/vitis/integrated_gcn/integrated_gcn/integrated_gcn/hls/.autopilot/db/gemm_read_X.adb 
Execute     db_write -model gemm_read_X -bindview -o /home/nat/dev/trinners/mai_proj/hls/thesis-gcn-accelerator/vitis/integrated_gcn/integrated_gcn/integrated_gcn/hls/.autopilot/db/design.bindinfo.xml 
Execute     gen_tb_info gemm_read_X -p /home/nat/dev/trinners/mai_proj/hls/thesis-gcn-accelerator/vitis/integrated_gcn/integrated_gcn/integrated_gcn/hls/.autopilot/db -o /home/nat/dev/trinners/mai_proj/hls/thesis-gcn-accelerator/vitis/integrated_gcn/integrated_gcn/integrated_gcn/hls/.autopilot/db/gemm_read_X 
INFO: [HLS 200-10] ----------------------------------------------------------------
INFO: [HLS 200-10] -- Generating RTL for module 'gemm_read_W' 
INFO: [HLS 200-10] ----------------------------------------------------------------
Execute     create_rtl_model gemm_read_W -top_prefix integrated_gcn_ -sub_prefix integrated_gcn_ -mg_file /home/nat/dev/trinners/mai_proj/hls/thesis-gcn-accelerator/vitis/integrated_gcn/integrated_gcn/integrated_gcn/hls/.autopilot/db/gemm_read_W.compgen.tcl 
INFO: [HLS 200-1030] Apply Unified Pipeline Control on module 'gemm_read_W' pipeline 'VITIS_LOOP_55_1_VITIS_LOOP_57_3_VITIS_LOOP_58_4_VITIS_LOOP_59_5' pipeline type 'loop pipeline'
INFO: [RTGEN 206-100] Finished creating RTL model for 'gemm_read_W'.
INFO: [HLS 200-111] Finished Creating RTL model: CPU user time: 0.04 seconds. CPU system time: 0 seconds. Elapsed time: 0.05 seconds; current allocated memory: 597.160 MB.
Execute     source /home/nat/dev/trinners/mai_proj/hls/thesis-gcn-accelerator/vitis/integrated_gcn/integrated_gcn/integrated_gcn/hls/.autopilot/db/integrated_gcn.rtl_wrap.cfg.tcl 
Execute     gen_rtl gemm_read_W -style xilinx -f -lang vhdl -o /home/nat/dev/trinners/mai_proj/hls/thesis-gcn-accelerator/vitis/integrated_gcn/integrated_gcn/integrated_gcn/hls/syn/vhdl/integrated_gcn_gemm_read_W 
Execute     gen_rtl gemm_read_W -style xilinx -f -lang vlog -o /home/nat/dev/trinners/mai_proj/hls/thesis-gcn-accelerator/vitis/integrated_gcn/integrated_gcn/integrated_gcn/hls/syn/verilog/integrated_gcn_gemm_read_W 
Execute     syn_report -csynth -model gemm_read_W -o /home/nat/dev/trinners/mai_proj/hls/thesis-gcn-accelerator/vitis/integrated_gcn/integrated_gcn/integrated_gcn/hls/syn/report/gemm_read_W_csynth.rpt 
Execute       list_part -family xck26-sfvc784-2LV-c 
Execute         ap_family_info -name xck26-sfvc784-2LV-c -data names 
Execute         ap_part_info -quiet -name xck26-sfvc784-2LV-c -data family 
Execute     syn_report -rtlxml -model gemm_read_W -o /home/nat/dev/trinners/mai_proj/hls/thesis-gcn-accelerator/vitis/integrated_gcn/integrated_gcn/integrated_gcn/hls/syn/report/gemm_read_W_csynth.xml 
Execute       list_part -family xck26-sfvc784-2LV-c 
Execute         ap_family_info -name xck26-sfvc784-2LV-c -data names 
Execute         ap_part_info -quiet -name xck26-sfvc784-2LV-c -data family 
Execute     syn_report -verbosereport -model gemm_read_W -o /home/nat/dev/trinners/mai_proj/hls/thesis-gcn-accelerator/vitis/integrated_gcn/integrated_gcn/integrated_gcn/hls/.autopilot/db/gemm_read_W.verbose.rpt 
Execute       list_part -family xck26-sfvc784-2LV-c 
Execute         ap_family_info -name xck26-sfvc784-2LV-c -data names 
Execute         ap_part_info -quiet -name xck26-sfvc784-2LV-c -data family 
Execute     db_write -model gemm_read_W -f -o /home/nat/dev/trinners/mai_proj/hls/thesis-gcn-accelerator/vitis/integrated_gcn/integrated_gcn/integrated_gcn/hls/.autopilot/db/gemm_read_W.adb 
Execute     db_write -model gemm_read_W -bindview -o /home/nat/dev/trinners/mai_proj/hls/thesis-gcn-accelerator/vitis/integrated_gcn/integrated_gcn/integrated_gcn/hls/.autopilot/db/design.bindinfo.xml 
Execute     gen_tb_info gemm_read_W -p /home/nat/dev/trinners/mai_proj/hls/thesis-gcn-accelerator/vitis/integrated_gcn/integrated_gcn/integrated_gcn/hls/.autopilot/db -o /home/nat/dev/trinners/mai_proj/hls/thesis-gcn-accelerator/vitis/integrated_gcn/integrated_gcn/integrated_gcn/hls/.autopilot/db/gemm_read_W 
INFO: [HLS 200-10] ----------------------------------------------------------------
INFO: [HLS 200-10] -- Generating RTL for module 'gemm_compute_Pipeline_COMP_INIT' 
INFO: [HLS 200-10] ----------------------------------------------------------------
Execute     create_rtl_model gemm_compute_Pipeline_COMP_INIT -top_prefix integrated_gcn_ -sub_prefix integrated_gcn_ -mg_file /home/nat/dev/trinners/mai_proj/hls/thesis-gcn-accelerator/vitis/integrated_gcn/integrated_gcn/integrated_gcn/hls/.autopilot/db/gemm_compute_Pipeline_COMP_INIT.compgen.tcl 
INFO: [RTGEN 206-100] Finished creating RTL model for 'gemm_compute_Pipeline_COMP_INIT'.
INFO: [HLS 200-111] Finished Creating RTL model: CPU user time: 0.07 seconds. CPU system time: 0.01 seconds. Elapsed time: 0.08 seconds; current allocated memory: 607.184 MB.
Execute     source /home/nat/dev/trinners/mai_proj/hls/thesis-gcn-accelerator/vitis/integrated_gcn/integrated_gcn/integrated_gcn/hls/.autopilot/db/integrated_gcn.rtl_wrap.cfg.tcl 
Execute     gen_rtl gemm_compute_Pipeline_COMP_INIT -style xilinx -f -lang vhdl -o /home/nat/dev/trinners/mai_proj/hls/thesis-gcn-accelerator/vitis/integrated_gcn/integrated_gcn/integrated_gcn/hls/syn/vhdl/integrated_gcn_gemm_compute_Pipeline_COMP_INIT 
Execute     gen_rtl gemm_compute_Pipeline_COMP_INIT -style xilinx -f -lang vlog -o /home/nat/dev/trinners/mai_proj/hls/thesis-gcn-accelerator/vitis/integrated_gcn/integrated_gcn/integrated_gcn/hls/syn/verilog/integrated_gcn_gemm_compute_Pipeline_COMP_INIT 
Execute     syn_report -csynth -model gemm_compute_Pipeline_COMP_INIT -o /home/nat/dev/trinners/mai_proj/hls/thesis-gcn-accelerator/vitis/integrated_gcn/integrated_gcn/integrated_gcn/hls/syn/report/gemm_compute_Pipeline_COMP_INIT_csynth.rpt 
Execute       list_part -family xck26-sfvc784-2LV-c 
Execute         ap_family_info -name xck26-sfvc784-2LV-c -data names 
Execute         ap_part_info -quiet -name xck26-sfvc784-2LV-c -data family 
Execute     syn_report -rtlxml -model gemm_compute_Pipeline_COMP_INIT -o /home/nat/dev/trinners/mai_proj/hls/thesis-gcn-accelerator/vitis/integrated_gcn/integrated_gcn/integrated_gcn/hls/syn/report/gemm_compute_Pipeline_COMP_INIT_csynth.xml 
Execute       list_part -family xck26-sfvc784-2LV-c 
Execute         ap_family_info -name xck26-sfvc784-2LV-c -data names 
Execute         ap_part_info -quiet -name xck26-sfvc784-2LV-c -data family 
Execute     syn_report -verbosereport -model gemm_compute_Pipeline_COMP_INIT -o /home/nat/dev/trinners/mai_proj/hls/thesis-gcn-accelerator/vitis/integrated_gcn/integrated_gcn/integrated_gcn/hls/.autopilot/db/gemm_compute_Pipeline_COMP_INIT.verbose.rpt 
Execute       list_part -family xck26-sfvc784-2LV-c 
Execute         ap_family_info -name xck26-sfvc784-2LV-c -data names 
Execute         ap_part_info -quiet -name xck26-sfvc784-2LV-c -data family 
Execute     db_write -model gemm_compute_Pipeline_COMP_INIT -f -o /home/nat/dev/trinners/mai_proj/hls/thesis-gcn-accelerator/vitis/integrated_gcn/integrated_gcn/integrated_gcn/hls/.autopilot/db/gemm_compute_Pipeline_COMP_INIT.adb 
Execute     db_write -model gemm_compute_Pipeline_COMP_INIT -bindview -o /home/nat/dev/trinners/mai_proj/hls/thesis-gcn-accelerator/vitis/integrated_gcn/integrated_gcn/integrated_gcn/hls/.autopilot/db/design.bindinfo.xml 
Execute     gen_tb_info gemm_compute_Pipeline_COMP_INIT -p /home/nat/dev/trinners/mai_proj/hls/thesis-gcn-accelerator/vitis/integrated_gcn/integrated_gcn/integrated_gcn/hls/.autopilot/db -o /home/nat/dev/trinners/mai_proj/hls/thesis-gcn-accelerator/vitis/integrated_gcn/integrated_gcn/integrated_gcn/hls/.autopilot/db/gemm_compute_Pipeline_COMP_INIT 
INFO: [HLS 200-10] ----------------------------------------------------------------
INFO: [HLS 200-10] -- Generating RTL for module 'gemm_compute_Pipeline_COMP_LOAD_XW' 
INFO: [HLS 200-10] ----------------------------------------------------------------
Execute     create_rtl_model gemm_compute_Pipeline_COMP_LOAD_XW -top_prefix integrated_gcn_ -sub_prefix integrated_gcn_ -mg_file /home/nat/dev/trinners/mai_proj/hls/thesis-gcn-accelerator/vitis/integrated_gcn/integrated_gcn/integrated_gcn/hls/.autopilot/db/gemm_compute_Pipeline_COMP_LOAD_XW.compgen.tcl 
INFO: [HLS 200-1030] Apply Unified Pipeline Control on module 'gemm_compute_Pipeline_COMP_LOAD_XW' pipeline 'COMP_LOAD_XW' pipeline type 'loop pipeline'
INFO: [RTGEN 206-100] Finished creating RTL model for 'gemm_compute_Pipeline_COMP_LOAD_XW'.
INFO: [HLS 200-111] Finished Creating RTL model: CPU user time: 0.19 seconds. CPU system time: 0.02 seconds. Elapsed time: 0.2 seconds; current allocated memory: 622.180 MB.
Execute     source /home/nat/dev/trinners/mai_proj/hls/thesis-gcn-accelerator/vitis/integrated_gcn/integrated_gcn/integrated_gcn/hls/.autopilot/db/integrated_gcn.rtl_wrap.cfg.tcl 
Execute     gen_rtl gemm_compute_Pipeline_COMP_LOAD_XW -style xilinx -f -lang vhdl -o /home/nat/dev/trinners/mai_proj/hls/thesis-gcn-accelerator/vitis/integrated_gcn/integrated_gcn/integrated_gcn/hls/syn/vhdl/integrated_gcn_gemm_compute_Pipeline_COMP_LOAD_XW 
Execute     gen_rtl gemm_compute_Pipeline_COMP_LOAD_XW -style xilinx -f -lang vlog -o /home/nat/dev/trinners/mai_proj/hls/thesis-gcn-accelerator/vitis/integrated_gcn/integrated_gcn/integrated_gcn/hls/syn/verilog/integrated_gcn_gemm_compute_Pipeline_COMP_LOAD_XW 
Execute     syn_report -csynth -model gemm_compute_Pipeline_COMP_LOAD_XW -o /home/nat/dev/trinners/mai_proj/hls/thesis-gcn-accelerator/vitis/integrated_gcn/integrated_gcn/integrated_gcn/hls/syn/report/gemm_compute_Pipeline_COMP_LOAD_XW_csynth.rpt 
Execute       list_part -family xck26-sfvc784-2LV-c 
Execute         ap_family_info -name xck26-sfvc784-2LV-c -data names 
Execute         ap_part_info -quiet -name xck26-sfvc784-2LV-c -data family 
Execute     syn_report -rtlxml -model gemm_compute_Pipeline_COMP_LOAD_XW -o /home/nat/dev/trinners/mai_proj/hls/thesis-gcn-accelerator/vitis/integrated_gcn/integrated_gcn/integrated_gcn/hls/syn/report/gemm_compute_Pipeline_COMP_LOAD_XW_csynth.xml 
Execute       list_part -family xck26-sfvc784-2LV-c 
Execute         ap_family_info -name xck26-sfvc784-2LV-c -data names 
Execute         ap_part_info -quiet -name xck26-sfvc784-2LV-c -data family 
Execute     syn_report -verbosereport -model gemm_compute_Pipeline_COMP_LOAD_XW -o /home/nat/dev/trinners/mai_proj/hls/thesis-gcn-accelerator/vitis/integrated_gcn/integrated_gcn/integrated_gcn/hls/.autopilot/db/gemm_compute_Pipeline_COMP_LOAD_XW.verbose.rpt 
Execute       list_part -family xck26-sfvc784-2LV-c 
Execute         ap_family_info -name xck26-sfvc784-2LV-c -data names 
Execute         ap_part_info -quiet -name xck26-sfvc784-2LV-c -data family 
Execute     db_write -model gemm_compute_Pipeline_COMP_LOAD_XW -f -o /home/nat/dev/trinners/mai_proj/hls/thesis-gcn-accelerator/vitis/integrated_gcn/integrated_gcn/integrated_gcn/hls/.autopilot/db/gemm_compute_Pipeline_COMP_LOAD_XW.adb 
Execute     db_write -model gemm_compute_Pipeline_COMP_LOAD_XW -bindview -o /home/nat/dev/trinners/mai_proj/hls/thesis-gcn-accelerator/vitis/integrated_gcn/integrated_gcn/integrated_gcn/hls/.autopilot/db/design.bindinfo.xml 
Execute     gen_tb_info gemm_compute_Pipeline_COMP_LOAD_XW -p /home/nat/dev/trinners/mai_proj/hls/thesis-gcn-accelerator/vitis/integrated_gcn/integrated_gcn/integrated_gcn/hls/.autopilot/db -o /home/nat/dev/trinners/mai_proj/hls/thesis-gcn-accelerator/vitis/integrated_gcn/integrated_gcn/integrated_gcn/hls/.autopilot/db/gemm_compute_Pipeline_COMP_LOAD_XW 
INFO: [HLS 200-10] ----------------------------------------------------------------
INFO: [HLS 200-10] -- Generating RTL for module 'gemm_compute_Pipeline_COMP_I' 
INFO: [HLS 200-10] ----------------------------------------------------------------
Execute     create_rtl_model gemm_compute_Pipeline_COMP_I -top_prefix integrated_gcn_ -sub_prefix integrated_gcn_ -mg_file /home/nat/dev/trinners/mai_proj/hls/thesis-gcn-accelerator/vitis/integrated_gcn/integrated_gcn/integrated_gcn/hls/.autopilot/db/gemm_compute_Pipeline_COMP_I.compgen.tcl 
INFO: [HLS 200-1030] Apply Unified Pipeline Control on module 'gemm_compute_Pipeline_COMP_I' pipeline 'COMP_I' pipeline type 'loop pipeline'
INFO: [RTGEN 206-104] Estimated max fanout for 'gemm_compute_Pipeline_COMP_I' is 8256 from HDL expression: ((1'b0 == ap_block_pp0_stage0) & (ap_enable_reg_pp0_iter0 == 1'b1) & (1'b1 == ap_CS_fsm_pp0_stage0))
INFO: [RTGEN 206-100] Generating core module 'mac_muladd_16s_16s_32s_32_4_1': 256 instance(s).
INFO: [RTGEN 206-100] Generating core module 'sparsemux_33_6_16_1_1': 4 instance(s).
INFO: [RTGEN 206-100] Finished creating RTL model for 'gemm_compute_Pipeline_COMP_I'.
Command     create_rtl_model done; 0.24 sec.
INFO: [HLS 200-111] Finished Creating RTL model: CPU user time: 0.37 seconds. CPU system time: 0.03 seconds. Elapsed time: 0.41 seconds; current allocated memory: 669.758 MB.
Execute     source /home/nat/dev/trinners/mai_proj/hls/thesis-gcn-accelerator/vitis/integrated_gcn/integrated_gcn/integrated_gcn/hls/.autopilot/db/integrated_gcn.rtl_wrap.cfg.tcl 
Execute     gen_rtl gemm_compute_Pipeline_COMP_I -style xilinx -f -lang vhdl -o /home/nat/dev/trinners/mai_proj/hls/thesis-gcn-accelerator/vitis/integrated_gcn/integrated_gcn/integrated_gcn/hls/syn/vhdl/integrated_gcn_gemm_compute_Pipeline_COMP_I 
Execute     gen_rtl gemm_compute_Pipeline_COMP_I -style xilinx -f -lang vlog -o /home/nat/dev/trinners/mai_proj/hls/thesis-gcn-accelerator/vitis/integrated_gcn/integrated_gcn/integrated_gcn/hls/syn/verilog/integrated_gcn_gemm_compute_Pipeline_COMP_I 
Execute     syn_report -csynth -model gemm_compute_Pipeline_COMP_I -o /home/nat/dev/trinners/mai_proj/hls/thesis-gcn-accelerator/vitis/integrated_gcn/integrated_gcn/integrated_gcn/hls/syn/report/gemm_compute_Pipeline_COMP_I_csynth.rpt 
Execute       list_part -family xck26-sfvc784-2LV-c 
Execute         ap_family_info -name xck26-sfvc784-2LV-c -data names 
Execute         ap_part_info -quiet -name xck26-sfvc784-2LV-c -data family 
Execute     syn_report -rtlxml -model gemm_compute_Pipeline_COMP_I -o /home/nat/dev/trinners/mai_proj/hls/thesis-gcn-accelerator/vitis/integrated_gcn/integrated_gcn/integrated_gcn/hls/syn/report/gemm_compute_Pipeline_COMP_I_csynth.xml 
Execute       list_part -family xck26-sfvc784-2LV-c 
Execute         ap_family_info -name xck26-sfvc784-2LV-c -data names 
Execute         ap_part_info -quiet -name xck26-sfvc784-2LV-c -data family 
Execute     syn_report -verbosereport -model gemm_compute_Pipeline_COMP_I -o /home/nat/dev/trinners/mai_proj/hls/thesis-gcn-accelerator/vitis/integrated_gcn/integrated_gcn/integrated_gcn/hls/.autopilot/db/gemm_compute_Pipeline_COMP_I.verbose.rpt 
Execute       list_part -family xck26-sfvc784-2LV-c 
Execute         ap_family_info -name xck26-sfvc784-2LV-c -data names 
Execute         ap_part_info -quiet -name xck26-sfvc784-2LV-c -data family 
Execute     db_write -model gemm_compute_Pipeline_COMP_I -f -o /home/nat/dev/trinners/mai_proj/hls/thesis-gcn-accelerator/vitis/integrated_gcn/integrated_gcn/integrated_gcn/hls/.autopilot/db/gemm_compute_Pipeline_COMP_I.adb 
Execute     db_write -model gemm_compute_Pipeline_COMP_I -bindview -o /home/nat/dev/trinners/mai_proj/hls/thesis-gcn-accelerator/vitis/integrated_gcn/integrated_gcn/integrated_gcn/hls/.autopilot/db/design.bindinfo.xml 
Execute     gen_tb_info gemm_compute_Pipeline_COMP_I -p /home/nat/dev/trinners/mai_proj/hls/thesis-gcn-accelerator/vitis/integrated_gcn/integrated_gcn/integrated_gcn/hls/.autopilot/db -o /home/nat/dev/trinners/mai_proj/hls/thesis-gcn-accelerator/vitis/integrated_gcn/integrated_gcn/integrated_gcn/hls/.autopilot/db/gemm_compute_Pipeline_COMP_I 
INFO: [HLS 200-10] ----------------------------------------------------------------
INFO: [HLS 200-10] -- Generating RTL for module 'gemm_compute_Pipeline_COMP_EMIT_VITIS_LOOP_146_4' 
INFO: [HLS 200-10] ----------------------------------------------------------------
Execute     create_rtl_model gemm_compute_Pipeline_COMP_EMIT_VITIS_LOOP_146_4 -top_prefix integrated_gcn_ -sub_prefix integrated_gcn_ -mg_file /home/nat/dev/trinners/mai_proj/hls/thesis-gcn-accelerator/vitis/integrated_gcn/integrated_gcn/integrated_gcn/hls/.autopilot/db/gemm_compute_Pipeline_COMP_EMIT_VITIS_LOOP_146_4.compgen.tcl 
INFO: [HLS 200-1030] Apply Unified Pipeline Control on module 'gemm_compute_Pipeline_COMP_EMIT_VITIS_LOOP_146_4' pipeline 'COMP_EMIT_VITIS_LOOP_146_4' pipeline type 'loop pipeline'
INFO: [RTGEN 206-104] Estimated max fanout for 'gemm_compute_Pipeline_COMP_EMIT_VITIS_LOOP_146_4' is 8192 from HDL expression: ((1'b0 == ap_block_pp0_stage0_11001) & (first_iter_0_reg_17520 == 1'd1) & (ap_enable_reg_pp0_iter1 == 1'b1) & (1'b1 == ap_CS_fsm_pp0_stage0))
INFO: [RTGEN 206-100] Generating core module 'sparsemux_9_2_32_1_1': 32 instance(s).
INFO: [RTGEN 206-100] Finished creating RTL model for 'gemm_compute_Pipeline_COMP_EMIT_VITIS_LOOP_146_4'.
Command     create_rtl_model done; 0.21 sec.
INFO: [HLS 200-111] Finished Creating RTL model: CPU user time: 0.57 seconds. CPU system time: 0.04 seconds. Elapsed time: 0.61 seconds; current allocated memory: 715.965 MB.
Execute     source /home/nat/dev/trinners/mai_proj/hls/thesis-gcn-accelerator/vitis/integrated_gcn/integrated_gcn/integrated_gcn/hls/.autopilot/db/integrated_gcn.rtl_wrap.cfg.tcl 
Execute     gen_rtl gemm_compute_Pipeline_COMP_EMIT_VITIS_LOOP_146_4 -style xilinx -f -lang vhdl -o /home/nat/dev/trinners/mai_proj/hls/thesis-gcn-accelerator/vitis/integrated_gcn/integrated_gcn/integrated_gcn/hls/syn/vhdl/integrated_gcn_gemm_compute_Pipeline_COMP_EMIT_VITIS_LOOP_146_4 
Execute     gen_rtl gemm_compute_Pipeline_COMP_EMIT_VITIS_LOOP_146_4 -style xilinx -f -lang vlog -o /home/nat/dev/trinners/mai_proj/hls/thesis-gcn-accelerator/vitis/integrated_gcn/integrated_gcn/integrated_gcn/hls/syn/verilog/integrated_gcn_gemm_compute_Pipeline_COMP_EMIT_VITIS_LOOP_146_4 
Execute     syn_report -csynth -model gemm_compute_Pipeline_COMP_EMIT_VITIS_LOOP_146_4 -o /home/nat/dev/trinners/mai_proj/hls/thesis-gcn-accelerator/vitis/integrated_gcn/integrated_gcn/integrated_gcn/hls/syn/report/gemm_compute_Pipeline_COMP_EMIT_VITIS_LOOP_146_4_csynth.rpt 
Execute       list_part -family xck26-sfvc784-2LV-c 
Execute         ap_family_info -name xck26-sfvc784-2LV-c -data names 
Execute         ap_part_info -quiet -name xck26-sfvc784-2LV-c -data family 
Execute     syn_report -rtlxml -model gemm_compute_Pipeline_COMP_EMIT_VITIS_LOOP_146_4 -o /home/nat/dev/trinners/mai_proj/hls/thesis-gcn-accelerator/vitis/integrated_gcn/integrated_gcn/integrated_gcn/hls/syn/report/gemm_compute_Pipeline_COMP_EMIT_VITIS_LOOP_146_4_csynth.xml 
Execute       list_part -family xck26-sfvc784-2LV-c 
Execute         ap_family_info -name xck26-sfvc784-2LV-c -data names 
Execute         ap_part_info -quiet -name xck26-sfvc784-2LV-c -data family 
Execute     syn_report -verbosereport -model gemm_compute_Pipeline_COMP_EMIT_VITIS_LOOP_146_4 -o /home/nat/dev/trinners/mai_proj/hls/thesis-gcn-accelerator/vitis/integrated_gcn/integrated_gcn/integrated_gcn/hls/.autopilot/db/gemm_compute_Pipeline_COMP_EMIT_VITIS_LOOP_146_4.verbose.rpt 
Execute       list_part -family xck26-sfvc784-2LV-c 
Execute         ap_family_info -name xck26-sfvc784-2LV-c -data names 
Execute         ap_part_info -quiet -name xck26-sfvc784-2LV-c -data family 
Command     syn_report done; 0.13 sec.
Execute     db_write -model gemm_compute_Pipeline_COMP_EMIT_VITIS_LOOP_146_4 -f -o /home/nat/dev/trinners/mai_proj/hls/thesis-gcn-accelerator/vitis/integrated_gcn/integrated_gcn/integrated_gcn/hls/.autopilot/db/gemm_compute_Pipeline_COMP_EMIT_VITIS_LOOP_146_4.adb 
Execute     db_write -model gemm_compute_Pipeline_COMP_EMIT_VITIS_LOOP_146_4 -bindview -o /home/nat/dev/trinners/mai_proj/hls/thesis-gcn-accelerator/vitis/integrated_gcn/integrated_gcn/integrated_gcn/hls/.autopilot/db/design.bindinfo.xml 
Execute     gen_tb_info gemm_compute_Pipeline_COMP_EMIT_VITIS_LOOP_146_4 -p /home/nat/dev/trinners/mai_proj/hls/thesis-gcn-accelerator/vitis/integrated_gcn/integrated_gcn/integrated_gcn/hls/.autopilot/db -o /home/nat/dev/trinners/mai_proj/hls/thesis-gcn-accelerator/vitis/integrated_gcn/integrated_gcn/integrated_gcn/hls/.autopilot/db/gemm_compute_Pipeline_COMP_EMIT_VITIS_LOOP_146_4 
INFO: [HLS 200-10] ----------------------------------------------------------------
INFO: [HLS 200-10] -- Generating RTL for module 'gemm_compute' 
INFO: [HLS 200-10] ----------------------------------------------------------------
Execute     create_rtl_model gemm_compute -top_prefix integrated_gcn_ -sub_prefix integrated_gcn_ -mg_file /home/nat/dev/trinners/mai_proj/hls/thesis-gcn-accelerator/vitis/integrated_gcn/integrated_gcn/integrated_gcn/hls/.autopilot/db/gemm_compute.compgen.tcl 
INFO: [RTGEN 206-104] Estimated max fanout for 'gemm_compute' is 9984 from HDL expression: (1'b1 == ap_CS_fsm_state8)
INFO: [RTGEN 206-100] Finished creating RTL model for 'gemm_compute'.
INFO: [RTMG 210-278] Implementing memory 'integrated_gcn_gemm_compute_XW_block_RAM_AUTO_1R1W' using auto RAMs.
Command     create_rtl_model done; 0.12 sec.
INFO: [HLS 200-111] Finished Creating RTL model: CPU user time: 0.57 seconds. CPU system time: 0.07 seconds. Elapsed time: 0.63 seconds; current allocated memory: 783.176 MB.
Execute     source /home/nat/dev/trinners/mai_proj/hls/thesis-gcn-accelerator/vitis/integrated_gcn/integrated_gcn/integrated_gcn/hls/.autopilot/db/integrated_gcn.rtl_wrap.cfg.tcl 
Execute     gen_rtl gemm_compute -style xilinx -f -lang vhdl -o /home/nat/dev/trinners/mai_proj/hls/thesis-gcn-accelerator/vitis/integrated_gcn/integrated_gcn/integrated_gcn/hls/syn/vhdl/integrated_gcn_gemm_compute 
Execute     gen_rtl gemm_compute -style xilinx -f -lang vlog -o /home/nat/dev/trinners/mai_proj/hls/thesis-gcn-accelerator/vitis/integrated_gcn/integrated_gcn/integrated_gcn/hls/syn/verilog/integrated_gcn_gemm_compute 
Execute     syn_report -csynth -model gemm_compute -o /home/nat/dev/trinners/mai_proj/hls/thesis-gcn-accelerator/vitis/integrated_gcn/integrated_gcn/integrated_gcn/hls/syn/report/gemm_compute_csynth.rpt 
Execute       list_part -family xck26-sfvc784-2LV-c 
Execute         ap_family_info -name xck26-sfvc784-2LV-c -data names 
Execute         ap_part_info -quiet -name xck26-sfvc784-2LV-c -data family 
Execute     syn_report -rtlxml -model gemm_compute -o /home/nat/dev/trinners/mai_proj/hls/thesis-gcn-accelerator/vitis/integrated_gcn/integrated_gcn/integrated_gcn/hls/syn/report/gemm_compute_csynth.xml 
Execute       list_part -family xck26-sfvc784-2LV-c 
Execute         ap_family_info -name xck26-sfvc784-2LV-c -data names 
Execute         ap_part_info -quiet -name xck26-sfvc784-2LV-c -data family 
Execute     syn_report -verbosereport -model gemm_compute -o /home/nat/dev/trinners/mai_proj/hls/thesis-gcn-accelerator/vitis/integrated_gcn/integrated_gcn/integrated_gcn/hls/.autopilot/db/gemm_compute.verbose.rpt 
Execute       list_part -family xck26-sfvc784-2LV-c 
Execute         ap_family_info -name xck26-sfvc784-2LV-c -data names 
Execute         ap_part_info -quiet -name xck26-sfvc784-2LV-c -data family 
Execute     db_write -model gemm_compute -f -o /home/nat/dev/trinners/mai_proj/hls/thesis-gcn-accelerator/vitis/integrated_gcn/integrated_gcn/integrated_gcn/hls/.autopilot/db/gemm_compute.adb 
Execute     db_write -model gemm_compute -bindview -o /home/nat/dev/trinners/mai_proj/hls/thesis-gcn-accelerator/vitis/integrated_gcn/integrated_gcn/integrated_gcn/hls/.autopilot/db/design.bindinfo.xml 
Execute     gen_tb_info gemm_compute -p /home/nat/dev/trinners/mai_proj/hls/thesis-gcn-accelerator/vitis/integrated_gcn/integrated_gcn/integrated_gcn/hls/.autopilot/db -o /home/nat/dev/trinners/mai_proj/hls/thesis-gcn-accelerator/vitis/integrated_gcn/integrated_gcn/integrated_gcn/hls/.autopilot/db/gemm_compute 
INFO: [HLS 200-10] ----------------------------------------------------------------
INFO: [HLS 200-10] -- Generating RTL for module 'gemm_write' 
INFO: [HLS 200-10] ----------------------------------------------------------------
Execute     create_rtl_model gemm_write -top_prefix integrated_gcn_ -sub_prefix integrated_gcn_ -mg_file /home/nat/dev/trinners/mai_proj/hls/thesis-gcn-accelerator/vitis/integrated_gcn/integrated_gcn/integrated_gcn/hls/.autopilot/db/gemm_write.compgen.tcl 
INFO: [HLS 200-1030] Apply Unified Pipeline Control on module 'gemm_write' pipeline 'VITIS_LOOP_165_1_VITIS_LOOP_167_3_VITIS_LOOP_168_4' pipeline type 'loop pipeline'
INFO: [RTGEN 206-100] Finished creating RTL model for 'gemm_write'.
INFO: [HLS 200-111] Finished Creating RTL model: CPU user time: 0.24 seconds. CPU system time: 0.02 seconds. Elapsed time: 0.27 seconds; current allocated memory: 811.922 MB.
Execute     source /home/nat/dev/trinners/mai_proj/hls/thesis-gcn-accelerator/vitis/integrated_gcn/integrated_gcn/integrated_gcn/hls/.autopilot/db/integrated_gcn.rtl_wrap.cfg.tcl 
Execute     gen_rtl gemm_write -style xilinx -f -lang vhdl -o /home/nat/dev/trinners/mai_proj/hls/thesis-gcn-accelerator/vitis/integrated_gcn/integrated_gcn/integrated_gcn/hls/syn/vhdl/integrated_gcn_gemm_write 
Execute     gen_rtl gemm_write -style xilinx -f -lang vlog -o /home/nat/dev/trinners/mai_proj/hls/thesis-gcn-accelerator/vitis/integrated_gcn/integrated_gcn/integrated_gcn/hls/syn/verilog/integrated_gcn_gemm_write 
Execute     syn_report -csynth -model gemm_write -o /home/nat/dev/trinners/mai_proj/hls/thesis-gcn-accelerator/vitis/integrated_gcn/integrated_gcn/integrated_gcn/hls/syn/report/gemm_write_csynth.rpt 
Execute       list_part -family xck26-sfvc784-2LV-c 
Execute         ap_family_info -name xck26-sfvc784-2LV-c -data names 
Execute         ap_part_info -quiet -name xck26-sfvc784-2LV-c -data family 
Execute     syn_report -rtlxml -model gemm_write -o /home/nat/dev/trinners/mai_proj/hls/thesis-gcn-accelerator/vitis/integrated_gcn/integrated_gcn/integrated_gcn/hls/syn/report/gemm_write_csynth.xml 
Execute       list_part -family xck26-sfvc784-2LV-c 
Execute         ap_family_info -name xck26-sfvc784-2LV-c -data names 
Execute         ap_part_info -quiet -name xck26-sfvc784-2LV-c -data family 
Execute     syn_report -verbosereport -model gemm_write -o /home/nat/dev/trinners/mai_proj/hls/thesis-gcn-accelerator/vitis/integrated_gcn/integrated_gcn/integrated_gcn/hls/.autopilot/db/gemm_write.verbose.rpt 
Execute       list_part -family xck26-sfvc784-2LV-c 
Execute         ap_family_info -name xck26-sfvc784-2LV-c -data names 
Execute         ap_part_info -quiet -name xck26-sfvc784-2LV-c -data family 
Execute     db_write -model gemm_write -f -o /home/nat/dev/trinners/mai_proj/hls/thesis-gcn-accelerator/vitis/integrated_gcn/integrated_gcn/integrated_gcn/hls/.autopilot/db/gemm_write.adb 
Execute     db_write -model gemm_write -bindview -o /home/nat/dev/trinners/mai_proj/hls/thesis-gcn-accelerator/vitis/integrated_gcn/integrated_gcn/integrated_gcn/hls/.autopilot/db/design.bindinfo.xml 
Execute     gen_tb_info gemm_write -p /home/nat/dev/trinners/mai_proj/hls/thesis-gcn-accelerator/vitis/integrated_gcn/integrated_gcn/integrated_gcn/hls/.autopilot/db -o /home/nat/dev/trinners/mai_proj/hls/thesis-gcn-accelerator/vitis/integrated_gcn/integrated_gcn/integrated_gcn/hls/.autopilot/db/gemm_write 
INFO: [HLS 200-10] ----------------------------------------------------------------
INFO: [HLS 200-10] -- Generating RTL for module 'gemm_stage' 
INFO: [HLS 200-10] ----------------------------------------------------------------
Execute     create_rtl_model gemm_stage -top_prefix integrated_gcn_ -sub_prefix integrated_gcn_ -mg_file /home/nat/dev/trinners/mai_proj/hls/thesis-gcn-accelerator/vitis/integrated_gcn/integrated_gcn/integrated_gcn/hls/.autopilot/db/gemm_stage.compgen.tcl 
WARNING: [RTGEN 206-101] Setting dangling out port 'gemm_stage/m_axi_gmem0_0_AWVALID' to 0.
WARNING: [RTGEN 206-101] Setting dangling out port 'gemm_stage/m_axi_gmem0_0_AWADDR' to 0.
WARNING: [RTGEN 206-101] Setting dangling out port 'gemm_stage/m_axi_gmem0_0_AWID' to 0.
WARNING: [RTGEN 206-101] Setting dangling out port 'gemm_stage/m_axi_gmem0_0_AWLEN' to 0.
WARNING: [RTGEN 206-101] Setting dangling out port 'gemm_stage/m_axi_gmem0_0_AWSIZE' to 0.
WARNING: [RTGEN 206-101] Setting dangling out port 'gemm_stage/m_axi_gmem0_0_AWBURST' to 0.
WARNING: [RTGEN 206-101] Setting dangling out port 'gemm_stage/m_axi_gmem0_0_AWLOCK' to 0.
WARNING: [RTGEN 206-101] Setting dangling out port 'gemm_stage/m_axi_gmem0_0_AWCACHE' to 0.
WARNING: [RTGEN 206-101] Setting dangling out port 'gemm_stage/m_axi_gmem0_0_AWPROT' to 0.
WARNING: [RTGEN 206-101] Setting dangling out port 'gemm_stage/m_axi_gmem0_0_AWQOS' to 0.
WARNING: [RTGEN 206-101] Setting dangling out port 'gemm_stage/m_axi_gmem0_0_AWREGION' to 0.
WARNING: [RTGEN 206-101] Setting dangling out port 'gemm_stage/m_axi_gmem0_0_AWUSER' to 0.
WARNING: [RTGEN 206-101] Setting dangling out port 'gemm_stage/m_axi_gmem0_0_WVALID' to 0.
WARNING: [RTGEN 206-101] Setting dangling out port 'gemm_stage/m_axi_gmem0_0_WDATA' to 0.
WARNING: [RTGEN 206-101] Setting dangling out port 'gemm_stage/m_axi_gmem0_0_WSTRB' to 0.
WARNING: [RTGEN 206-101] Setting dangling out port 'gemm_stage/m_axi_gmem0_0_WLAST' to 0.
WARNING: [RTGEN 206-101] Setting dangling out port 'gemm_stage/m_axi_gmem0_0_WID' to 0.
WARNING: [RTGEN 206-101] Setting dangling out port 'gemm_stage/m_axi_gmem0_0_WUSER' to 0.
WARNING: [RTGEN 206-101] Setting dangling out port 'gemm_stage/m_axi_gmem0_0_BREADY' to 0.
WARNING: [RTGEN 206-101] Setting dangling out port 'gemm_stage/m_axi_gmem1_0_AWVALID' to 0.
WARNING: [RTGEN 206-101] Setting dangling out port 'gemm_stage/m_axi_gmem1_0_AWADDR' to 0.
WARNING: [RTGEN 206-101] Setting dangling out port 'gemm_stage/m_axi_gmem1_0_AWID' to 0.
WARNING: [RTGEN 206-101] Setting dangling out port 'gemm_stage/m_axi_gmem1_0_AWLEN' to 0.
WARNING: [RTGEN 206-101] Setting dangling out port 'gemm_stage/m_axi_gmem1_0_AWSIZE' to 0.
WARNING: [RTGEN 206-101] Setting dangling out port 'gemm_stage/m_axi_gmem1_0_AWBURST' to 0.
WARNING: [RTGEN 206-101] Setting dangling out port 'gemm_stage/m_axi_gmem1_0_AWLOCK' to 0.
WARNING: [RTGEN 206-101] Setting dangling out port 'gemm_stage/m_axi_gmem1_0_AWCACHE' to 0.
WARNING: [RTGEN 206-101] Setting dangling out port 'gemm_stage/m_axi_gmem1_0_AWPROT' to 0.
WARNING: [RTGEN 206-101] Setting dangling out port 'gemm_stage/m_axi_gmem1_0_AWQOS' to 0.
WARNING: [RTGEN 206-101] Setting dangling out port 'gemm_stage/m_axi_gmem1_0_AWREGION' to 0.
WARNING: [RTGEN 206-101] Setting dangling out port 'gemm_stage/m_axi_gmem1_0_AWUSER' to 0.
WARNING: [RTGEN 206-101] Setting dangling out port 'gemm_stage/m_axi_gmem1_0_WVALID' to 0.
WARNING: [RTGEN 206-101] Setting dangling out port 'gemm_stage/m_axi_gmem1_0_WDATA' to 0.
WARNING: [RTGEN 206-101] Setting dangling out port 'gemm_stage/m_axi_gmem1_0_WSTRB' to 0.
WARNING: [RTGEN 206-101] Setting dangling out port 'gemm_stage/m_axi_gmem1_0_WLAST' to 0.
WARNING: [RTGEN 206-101] Setting dangling out port 'gemm_stage/m_axi_gmem1_0_WID' to 0.
WARNING: [RTGEN 206-101] Setting dangling out port 'gemm_stage/m_axi_gmem1_0_WUSER' to 0.
WARNING: [RTGEN 206-101] Setting dangling out port 'gemm_stage/m_axi_gmem1_0_BREADY' to 0.
WARNING: [RTGEN 206-101] Setting dangling out port 'gemm_stage/m_axi_gmem2_0_ARVALID' to 0.
WARNING: [RTGEN 206-101] Setting dangling out port 'gemm_stage/m_axi_gmem2_0_ARADDR' to 0.
WARNING: [RTGEN 206-101] Setting dangling out port 'gemm_stage/m_axi_gmem2_0_ARID' to 0.
WARNING: [RTGEN 206-101] Setting dangling out port 'gemm_stage/m_axi_gmem2_0_ARLEN' to 0.
WARNING: [RTGEN 206-101] Setting dangling out port 'gemm_stage/m_axi_gmem2_0_ARSIZE' to 0.
WARNING: [RTGEN 206-101] Setting dangling out port 'gemm_stage/m_axi_gmem2_0_ARBURST' to 0.
WARNING: [RTGEN 206-101] Setting dangling out port 'gemm_stage/m_axi_gmem2_0_ARLOCK' to 0.
WARNING: [RTGEN 206-101] Setting dangling out port 'gemm_stage/m_axi_gmem2_0_ARCACHE' to 0.
WARNING: [RTGEN 206-101] Setting dangling out port 'gemm_stage/m_axi_gmem2_0_ARPROT' to 0.
WARNING: [RTGEN 206-101] Setting dangling out port 'gemm_stage/m_axi_gmem2_0_ARQOS' to 0.
WARNING: [RTGEN 206-101] Setting dangling out port 'gemm_stage/m_axi_gmem2_0_ARREGION' to 0.
WARNING: [RTGEN 206-101] Setting dangling out port 'gemm_stage/m_axi_gmem2_0_ARUSER' to 0.
WARNING: [RTGEN 206-101] Setting dangling out port 'gemm_stage/m_axi_gmem2_0_RREADY' to 0.
INFO: [RTGEN 206-100] Finished creating RTL model for 'gemm_stage'.
INFO: [RTMG 210-285] Implementing FIFO 'X_stream_U(integrated_gcn_fifo_w512_d16_A)' using Vivado Default RAMs.
INFO: [RTMG 210-285] Implementing FIFO 'W_stream_U(integrated_gcn_fifo_w512_d16_A)' using Vivado Default RAMs.
INFO: [RTMG 210-285] Implementing FIFO 'XW_stream_U(integrated_gcn_fifo_w512_d16_A)' using Vivado Default RAMs.
INFO: [RTMG 210-285] Implementing FIFO 'start_for_gemm_compute_U0_U(integrated_gcn_start_for_gemm_compute_U0)' using Shift Registers.
INFO: [RTMG 210-285] Implementing FIFO 'start_for_gemm_write_U0_U(integrated_gcn_start_for_gemm_write_U0)' using Shift Registers.
INFO: [HLS 200-111] Finished Creating RTL model: CPU user time: 0.04 seconds. CPU system time: 0 seconds. Elapsed time: 0.05 seconds; current allocated memory: 815.371 MB.
Execute     source /home/nat/dev/trinners/mai_proj/hls/thesis-gcn-accelerator/vitis/integrated_gcn/integrated_gcn/integrated_gcn/hls/.autopilot/db/integrated_gcn.rtl_wrap.cfg.tcl 
Execute     gen_rtl gemm_stage -style xilinx -f -lang vhdl -o /home/nat/dev/trinners/mai_proj/hls/thesis-gcn-accelerator/vitis/integrated_gcn/integrated_gcn/integrated_gcn/hls/syn/vhdl/integrated_gcn_gemm_stage 
Execute     gen_rtl gemm_stage -style xilinx -f -lang vlog -o /home/nat/dev/trinners/mai_proj/hls/thesis-gcn-accelerator/vitis/integrated_gcn/integrated_gcn/integrated_gcn/hls/syn/verilog/integrated_gcn_gemm_stage 
Execute     syn_report -csynth -model gemm_stage -o /home/nat/dev/trinners/mai_proj/hls/thesis-gcn-accelerator/vitis/integrated_gcn/integrated_gcn/integrated_gcn/hls/syn/report/gemm_stage_csynth.rpt 
Execute       list_part -family xck26-sfvc784-2LV-c 
Execute         ap_family_info -name xck26-sfvc784-2LV-c -data names 
Execute         ap_part_info -quiet -name xck26-sfvc784-2LV-c -data family 
Execute     syn_report -rtlxml -model gemm_stage -o /home/nat/dev/trinners/mai_proj/hls/thesis-gcn-accelerator/vitis/integrated_gcn/integrated_gcn/integrated_gcn/hls/syn/report/gemm_stage_csynth.xml 
Execute       list_part -family xck26-sfvc784-2LV-c 
Execute         ap_family_info -name xck26-sfvc784-2LV-c -data names 
Execute         ap_part_info -quiet -name xck26-sfvc784-2LV-c -data family 
Execute     syn_report -verbosereport -model gemm_stage -o /home/nat/dev/trinners/mai_proj/hls/thesis-gcn-accelerator/vitis/integrated_gcn/integrated_gcn/integrated_gcn/hls/.autopilot/db/gemm_stage.verbose.rpt 
Execute       list_part -family xck26-sfvc784-2LV-c 
Execute         ap_family_info -name xck26-sfvc784-2LV-c -data names 
Execute         ap_part_info -quiet -name xck26-sfvc784-2LV-c -data family 
Execute     db_write -model gemm_stage -f -o /home/nat/dev/trinners/mai_proj/hls/thesis-gcn-accelerator/vitis/integrated_gcn/integrated_gcn/integrated_gcn/hls/.autopilot/db/gemm_stage.adb 
Execute     db_write -model gemm_stage -bindview -o /home/nat/dev/trinners/mai_proj/hls/thesis-gcn-accelerator/vitis/integrated_gcn/integrated_gcn/integrated_gcn/hls/.autopilot/db/design.bindinfo.xml 
Execute     gen_tb_info gemm_stage -p /home/nat/dev/trinners/mai_proj/hls/thesis-gcn-accelerator/vitis/integrated_gcn/integrated_gcn/integrated_gcn/hls/.autopilot/db -o /home/nat/dev/trinners/mai_proj/hls/thesis-gcn-accelerator/vitis/integrated_gcn/integrated_gcn/integrated_gcn/hls/.autopilot/db/gemm_stage 
INFO: [HLS 200-10] ----------------------------------------------------------------
INFO: [HLS 200-10] -- Generating RTL for module 'spmm_load_csr_Pipeline_LOAD_ROWS' 
INFO: [HLS 200-10] ----------------------------------------------------------------
Execute     create_rtl_model spmm_load_csr_Pipeline_LOAD_ROWS -top_prefix integrated_gcn_ -sub_prefix integrated_gcn_ -mg_file /home/nat/dev/trinners/mai_proj/hls/thesis-gcn-accelerator/vitis/integrated_gcn/integrated_gcn/integrated_gcn/hls/.autopilot/db/spmm_load_csr_Pipeline_LOAD_ROWS.compgen.tcl 
INFO: [HLS 200-1030] Apply Unified Pipeline Control on module 'spmm_load_csr_Pipeline_LOAD_ROWS' pipeline 'LOAD_ROWS' pipeline type 'loop pipeline'
WARNING: [RTGEN 206-101] Setting dangling out port 'spmm_load_csr_Pipeline_LOAD_ROWS/m_axi_gmem3_0_ARVALID' to 0.
WARNING: [RTGEN 206-101] Setting dangling out port 'spmm_load_csr_Pipeline_LOAD_ROWS/m_axi_gmem3_0_ARADDR' to 0.
WARNING: [RTGEN 206-101] Setting dangling out port 'spmm_load_csr_Pipeline_LOAD_ROWS/m_axi_gmem3_0_ARID' to 0.
WARNING: [RTGEN 206-101] Setting dangling out port 'spmm_load_csr_Pipeline_LOAD_ROWS/m_axi_gmem3_0_ARLEN' to 0.
WARNING: [RTGEN 206-101] Setting dangling out port 'spmm_load_csr_Pipeline_LOAD_ROWS/m_axi_gmem3_0_ARSIZE' to 0.
WARNING: [RTGEN 206-101] Setting dangling out port 'spmm_load_csr_Pipeline_LOAD_ROWS/m_axi_gmem3_0_ARBURST' to 0.
WARNING: [RTGEN 206-101] Setting dangling out port 'spmm_load_csr_Pipeline_LOAD_ROWS/m_axi_gmem3_0_ARLOCK' to 0.
WARNING: [RTGEN 206-101] Setting dangling out port 'spmm_load_csr_Pipeline_LOAD_ROWS/m_axi_gmem3_0_ARCACHE' to 0.
WARNING: [RTGEN 206-101] Setting dangling out port 'spmm_load_csr_Pipeline_LOAD_ROWS/m_axi_gmem3_0_ARPROT' to 0.
WARNING: [RTGEN 206-101] Setting dangling out port 'spmm_load_csr_Pipeline_LOAD_ROWS/m_axi_gmem3_0_ARQOS' to 0.
WARNING: [RTGEN 206-101] Setting dangling out port 'spmm_load_csr_Pipeline_LOAD_ROWS/m_axi_gmem3_0_ARREGION' to 0.
WARNING: [RTGEN 206-101] Setting dangling out port 'spmm_load_csr_Pipeline_LOAD_ROWS/m_axi_gmem3_0_ARUSER' to 0.
INFO: [RTGEN 206-100] Finished creating RTL model for 'spmm_load_csr_Pipeline_LOAD_ROWS'.
INFO: [HLS 200-111] Finished Creating RTL model: CPU user time: 0.07 seconds. CPU system time: 0.01 seconds. Elapsed time: 0.07 seconds; current allocated memory: 817.340 MB.
Execute     source /home/nat/dev/trinners/mai_proj/hls/thesis-gcn-accelerator/vitis/integrated_gcn/integrated_gcn/integrated_gcn/hls/.autopilot/db/integrated_gcn.rtl_wrap.cfg.tcl 
Execute     gen_rtl spmm_load_csr_Pipeline_LOAD_ROWS -style xilinx -f -lang vhdl -o /home/nat/dev/trinners/mai_proj/hls/thesis-gcn-accelerator/vitis/integrated_gcn/integrated_gcn/integrated_gcn/hls/syn/vhdl/integrated_gcn_spmm_load_csr_Pipeline_LOAD_ROWS 
Execute     gen_rtl spmm_load_csr_Pipeline_LOAD_ROWS -style xilinx -f -lang vlog -o /home/nat/dev/trinners/mai_proj/hls/thesis-gcn-accelerator/vitis/integrated_gcn/integrated_gcn/integrated_gcn/hls/syn/verilog/integrated_gcn_spmm_load_csr_Pipeline_LOAD_ROWS 
Execute     syn_report -csynth -model spmm_load_csr_Pipeline_LOAD_ROWS -o /home/nat/dev/trinners/mai_proj/hls/thesis-gcn-accelerator/vitis/integrated_gcn/integrated_gcn/integrated_gcn/hls/syn/report/spmm_load_csr_Pipeline_LOAD_ROWS_csynth.rpt 
Execute       list_part -family xck26-sfvc784-2LV-c 
Execute         ap_family_info -name xck26-sfvc784-2LV-c -data names 
Execute         ap_part_info -quiet -name xck26-sfvc784-2LV-c -data family 
Execute     syn_report -rtlxml -model spmm_load_csr_Pipeline_LOAD_ROWS -o /home/nat/dev/trinners/mai_proj/hls/thesis-gcn-accelerator/vitis/integrated_gcn/integrated_gcn/integrated_gcn/hls/syn/report/spmm_load_csr_Pipeline_LOAD_ROWS_csynth.xml 
Execute       list_part -family xck26-sfvc784-2LV-c 
Execute         ap_family_info -name xck26-sfvc784-2LV-c -data names 
Execute         ap_part_info -quiet -name xck26-sfvc784-2LV-c -data family 
Execute     syn_report -verbosereport -model spmm_load_csr_Pipeline_LOAD_ROWS -o /home/nat/dev/trinners/mai_proj/hls/thesis-gcn-accelerator/vitis/integrated_gcn/integrated_gcn/integrated_gcn/hls/.autopilot/db/spmm_load_csr_Pipeline_LOAD_ROWS.verbose.rpt 
Execute       list_part -family xck26-sfvc784-2LV-c 
Execute         ap_family_info -name xck26-sfvc784-2LV-c -data names 
Execute         ap_part_info -quiet -name xck26-sfvc784-2LV-c -data family 
Execute     db_write -model spmm_load_csr_Pipeline_LOAD_ROWS -f -o /home/nat/dev/trinners/mai_proj/hls/thesis-gcn-accelerator/vitis/integrated_gcn/integrated_gcn/integrated_gcn/hls/.autopilot/db/spmm_load_csr_Pipeline_LOAD_ROWS.adb 
Execute     db_write -model spmm_load_csr_Pipeline_LOAD_ROWS -bindview -o /home/nat/dev/trinners/mai_proj/hls/thesis-gcn-accelerator/vitis/integrated_gcn/integrated_gcn/integrated_gcn/hls/.autopilot/db/design.bindinfo.xml 
Execute     gen_tb_info spmm_load_csr_Pipeline_LOAD_ROWS -p /home/nat/dev/trinners/mai_proj/hls/thesis-gcn-accelerator/vitis/integrated_gcn/integrated_gcn/integrated_gcn/hls/.autopilot/db -o /home/nat/dev/trinners/mai_proj/hls/thesis-gcn-accelerator/vitis/integrated_gcn/integrated_gcn/integrated_gcn/hls/.autopilot/db/spmm_load_csr_Pipeline_LOAD_ROWS 
INFO: [HLS 200-10] ----------------------------------------------------------------
INFO: [HLS 200-10] -- Generating RTL for module 'spmm_load_csr_Pipeline_LOAD_NNZ' 
INFO: [HLS 200-10] ----------------------------------------------------------------
Execute     create_rtl_model spmm_load_csr_Pipeline_LOAD_NNZ -top_prefix integrated_gcn_ -sub_prefix integrated_gcn_ -mg_file /home/nat/dev/trinners/mai_proj/hls/thesis-gcn-accelerator/vitis/integrated_gcn/integrated_gcn/integrated_gcn/hls/.autopilot/db/spmm_load_csr_Pipeline_LOAD_NNZ.compgen.tcl 
INFO: [HLS 200-1030] Apply Unified Pipeline Control on module 'spmm_load_csr_Pipeline_LOAD_NNZ' pipeline 'LOAD_NNZ' pipeline type 'loop pipeline'
WARNING: [RTGEN 206-101] Setting dangling out port 'spmm_load_csr_Pipeline_LOAD_NNZ/m_axi_gmem4_0_ARVALID' to 0.
WARNING: [RTGEN 206-101] Setting dangling out port 'spmm_load_csr_Pipeline_LOAD_NNZ/m_axi_gmem4_0_ARADDR' to 0.
WARNING: [RTGEN 206-101] Setting dangling out port 'spmm_load_csr_Pipeline_LOAD_NNZ/m_axi_gmem4_0_ARID' to 0.
WARNING: [RTGEN 206-101] Setting dangling out port 'spmm_load_csr_Pipeline_LOAD_NNZ/m_axi_gmem4_0_ARLEN' to 0.
WARNING: [RTGEN 206-101] Setting dangling out port 'spmm_load_csr_Pipeline_LOAD_NNZ/m_axi_gmem4_0_ARSIZE' to 0.
WARNING: [RTGEN 206-101] Setting dangling out port 'spmm_load_csr_Pipeline_LOAD_NNZ/m_axi_gmem4_0_ARBURST' to 0.
WARNING: [RTGEN 206-101] Setting dangling out port 'spmm_load_csr_Pipeline_LOAD_NNZ/m_axi_gmem4_0_ARLOCK' to 0.
WARNING: [RTGEN 206-101] Setting dangling out port 'spmm_load_csr_Pipeline_LOAD_NNZ/m_axi_gmem4_0_ARCACHE' to 0.
WARNING: [RTGEN 206-101] Setting dangling out port 'spmm_load_csr_Pipeline_LOAD_NNZ/m_axi_gmem4_0_ARPROT' to 0.
WARNING: [RTGEN 206-101] Setting dangling out port 'spmm_load_csr_Pipeline_LOAD_NNZ/m_axi_gmem4_0_ARQOS' to 0.
WARNING: [RTGEN 206-101] Setting dangling out port 'spmm_load_csr_Pipeline_LOAD_NNZ/m_axi_gmem4_0_ARREGION' to 0.
WARNING: [RTGEN 206-101] Setting dangling out port 'spmm_load_csr_Pipeline_LOAD_NNZ/m_axi_gmem4_0_ARUSER' to 0.
WARNING: [RTGEN 206-101] Setting dangling out port 'spmm_load_csr_Pipeline_LOAD_NNZ/m_axi_gmem5_0_ARVALID' to 0.
WARNING: [RTGEN 206-101] Setting dangling out port 'spmm_load_csr_Pipeline_LOAD_NNZ/m_axi_gmem5_0_ARADDR' to 0.
WARNING: [RTGEN 206-101] Setting dangling out port 'spmm_load_csr_Pipeline_LOAD_NNZ/m_axi_gmem5_0_ARID' to 0.
WARNING: [RTGEN 206-101] Setting dangling out port 'spmm_load_csr_Pipeline_LOAD_NNZ/m_axi_gmem5_0_ARLEN' to 0.
WARNING: [RTGEN 206-101] Setting dangling out port 'spmm_load_csr_Pipeline_LOAD_NNZ/m_axi_gmem5_0_ARSIZE' to 0.
WARNING: [RTGEN 206-101] Setting dangling out port 'spmm_load_csr_Pipeline_LOAD_NNZ/m_axi_gmem5_0_ARBURST' to 0.
WARNING: [RTGEN 206-101] Setting dangling out port 'spmm_load_csr_Pipeline_LOAD_NNZ/m_axi_gmem5_0_ARLOCK' to 0.
WARNING: [RTGEN 206-101] Setting dangling out port 'spmm_load_csr_Pipeline_LOAD_NNZ/m_axi_gmem5_0_ARCACHE' to 0.
WARNING: [RTGEN 206-101] Setting dangling out port 'spmm_load_csr_Pipeline_LOAD_NNZ/m_axi_gmem5_0_ARPROT' to 0.
WARNING: [RTGEN 206-101] Setting dangling out port 'spmm_load_csr_Pipeline_LOAD_NNZ/m_axi_gmem5_0_ARQOS' to 0.
WARNING: [RTGEN 206-101] Setting dangling out port 'spmm_load_csr_Pipeline_LOAD_NNZ/m_axi_gmem5_0_ARREGION' to 0.
WARNING: [RTGEN 206-101] Setting dangling out port 'spmm_load_csr_Pipeline_LOAD_NNZ/m_axi_gmem5_0_ARUSER' to 0.
INFO: [RTGEN 206-100] Finished creating RTL model for 'spmm_load_csr_Pipeline_LOAD_NNZ'.
INFO: [HLS 200-111] Finished Creating RTL model: CPU user time: 0.03 seconds. CPU system time: 0 seconds. Elapsed time: 0.04 seconds; current allocated memory: 818.152 MB.
Execute     source /home/nat/dev/trinners/mai_proj/hls/thesis-gcn-accelerator/vitis/integrated_gcn/integrated_gcn/integrated_gcn/hls/.autopilot/db/integrated_gcn.rtl_wrap.cfg.tcl 
Execute     gen_rtl spmm_load_csr_Pipeline_LOAD_NNZ -style xilinx -f -lang vhdl -o /home/nat/dev/trinners/mai_proj/hls/thesis-gcn-accelerator/vitis/integrated_gcn/integrated_gcn/integrated_gcn/hls/syn/vhdl/integrated_gcn_spmm_load_csr_Pipeline_LOAD_NNZ 
Execute     gen_rtl spmm_load_csr_Pipeline_LOAD_NNZ -style xilinx -f -lang vlog -o /home/nat/dev/trinners/mai_proj/hls/thesis-gcn-accelerator/vitis/integrated_gcn/integrated_gcn/integrated_gcn/hls/syn/verilog/integrated_gcn_spmm_load_csr_Pipeline_LOAD_NNZ 
Execute     syn_report -csynth -model spmm_load_csr_Pipeline_LOAD_NNZ -o /home/nat/dev/trinners/mai_proj/hls/thesis-gcn-accelerator/vitis/integrated_gcn/integrated_gcn/integrated_gcn/hls/syn/report/spmm_load_csr_Pipeline_LOAD_NNZ_csynth.rpt 
Execute       list_part -family xck26-sfvc784-2LV-c 
Execute         ap_family_info -name xck26-sfvc784-2LV-c -data names 
Execute         ap_part_info -quiet -name xck26-sfvc784-2LV-c -data family 
Execute     syn_report -rtlxml -model spmm_load_csr_Pipeline_LOAD_NNZ -o /home/nat/dev/trinners/mai_proj/hls/thesis-gcn-accelerator/vitis/integrated_gcn/integrated_gcn/integrated_gcn/hls/syn/report/spmm_load_csr_Pipeline_LOAD_NNZ_csynth.xml 
Execute       list_part -family xck26-sfvc784-2LV-c 
Execute         ap_family_info -name xck26-sfvc784-2LV-c -data names 
Execute         ap_part_info -quiet -name xck26-sfvc784-2LV-c -data family 
Execute     syn_report -verbosereport -model spmm_load_csr_Pipeline_LOAD_NNZ -o /home/nat/dev/trinners/mai_proj/hls/thesis-gcn-accelerator/vitis/integrated_gcn/integrated_gcn/integrated_gcn/hls/.autopilot/db/spmm_load_csr_Pipeline_LOAD_NNZ.verbose.rpt 
Execute       list_part -family xck26-sfvc784-2LV-c 
Execute         ap_family_info -name xck26-sfvc784-2LV-c -data names 
Execute         ap_part_info -quiet -name xck26-sfvc784-2LV-c -data family 
Execute     db_write -model spmm_load_csr_Pipeline_LOAD_NNZ -f -o /home/nat/dev/trinners/mai_proj/hls/thesis-gcn-accelerator/vitis/integrated_gcn/integrated_gcn/integrated_gcn/hls/.autopilot/db/spmm_load_csr_Pipeline_LOAD_NNZ.adb 
Execute     db_write -model spmm_load_csr_Pipeline_LOAD_NNZ -bindview -o /home/nat/dev/trinners/mai_proj/hls/thesis-gcn-accelerator/vitis/integrated_gcn/integrated_gcn/integrated_gcn/hls/.autopilot/db/design.bindinfo.xml 
Execute     gen_tb_info spmm_load_csr_Pipeline_LOAD_NNZ -p /home/nat/dev/trinners/mai_proj/hls/thesis-gcn-accelerator/vitis/integrated_gcn/integrated_gcn/integrated_gcn/hls/.autopilot/db -o /home/nat/dev/trinners/mai_proj/hls/thesis-gcn-accelerator/vitis/integrated_gcn/integrated_gcn/integrated_gcn/hls/.autopilot/db/spmm_load_csr_Pipeline_LOAD_NNZ 
INFO: [HLS 200-10] ----------------------------------------------------------------
INFO: [HLS 200-10] -- Generating RTL for module 'spmm_load_csr' 
INFO: [HLS 200-10] ----------------------------------------------------------------
Execute     create_rtl_model spmm_load_csr -top_prefix integrated_gcn_ -sub_prefix integrated_gcn_ -mg_file /home/nat/dev/trinners/mai_proj/hls/thesis-gcn-accelerator/vitis/integrated_gcn/integrated_gcn/integrated_gcn/hls/.autopilot/db/spmm_load_csr.compgen.tcl 
INFO: [RTGEN 206-100] Finished creating RTL model for 'spmm_load_csr'.
INFO: [HLS 200-111] Finished Creating RTL model: CPU user time: 0.03 seconds. CPU system time: 0 seconds. Elapsed time: 0.04 seconds; current allocated memory: 819.258 MB.
Execute     source /home/nat/dev/trinners/mai_proj/hls/thesis-gcn-accelerator/vitis/integrated_gcn/integrated_gcn/integrated_gcn/hls/.autopilot/db/integrated_gcn.rtl_wrap.cfg.tcl 
Execute     gen_rtl spmm_load_csr -style xilinx -f -lang vhdl -o /home/nat/dev/trinners/mai_proj/hls/thesis-gcn-accelerator/vitis/integrated_gcn/integrated_gcn/integrated_gcn/hls/syn/vhdl/integrated_gcn_spmm_load_csr 
Execute     gen_rtl spmm_load_csr -style xilinx -f -lang vlog -o /home/nat/dev/trinners/mai_proj/hls/thesis-gcn-accelerator/vitis/integrated_gcn/integrated_gcn/integrated_gcn/hls/syn/verilog/integrated_gcn_spmm_load_csr 
Execute     syn_report -csynth -model spmm_load_csr -o /home/nat/dev/trinners/mai_proj/hls/thesis-gcn-accelerator/vitis/integrated_gcn/integrated_gcn/integrated_gcn/hls/syn/report/spmm_load_csr_csynth.rpt 
Execute       list_part -family xck26-sfvc784-2LV-c 
Execute         ap_family_info -name xck26-sfvc784-2LV-c -data names 
Execute         ap_part_info -quiet -name xck26-sfvc784-2LV-c -data family 
Execute     syn_report -rtlxml -model spmm_load_csr -o /home/nat/dev/trinners/mai_proj/hls/thesis-gcn-accelerator/vitis/integrated_gcn/integrated_gcn/integrated_gcn/hls/syn/report/spmm_load_csr_csynth.xml 
Execute       list_part -family xck26-sfvc784-2LV-c 
Execute         ap_family_info -name xck26-sfvc784-2LV-c -data names 
Execute         ap_part_info -quiet -name xck26-sfvc784-2LV-c -data family 
Execute     syn_report -verbosereport -model spmm_load_csr -o /home/nat/dev/trinners/mai_proj/hls/thesis-gcn-accelerator/vitis/integrated_gcn/integrated_gcn/integrated_gcn/hls/.autopilot/db/spmm_load_csr.verbose.rpt 
Execute       list_part -family xck26-sfvc784-2LV-c 
Execute         ap_family_info -name xck26-sfvc784-2LV-c -data names 
Execute         ap_part_info -quiet -name xck26-sfvc784-2LV-c -data family 
Execute     db_write -model spmm_load_csr -f -o /home/nat/dev/trinners/mai_proj/hls/thesis-gcn-accelerator/vitis/integrated_gcn/integrated_gcn/integrated_gcn/hls/.autopilot/db/spmm_load_csr.adb 
Execute     db_write -model spmm_load_csr -bindview -o /home/nat/dev/trinners/mai_proj/hls/thesis-gcn-accelerator/vitis/integrated_gcn/integrated_gcn/integrated_gcn/hls/.autopilot/db/design.bindinfo.xml 
Execute     gen_tb_info spmm_load_csr -p /home/nat/dev/trinners/mai_proj/hls/thesis-gcn-accelerator/vitis/integrated_gcn/integrated_gcn/integrated_gcn/hls/.autopilot/db -o /home/nat/dev/trinners/mai_proj/hls/thesis-gcn-accelerator/vitis/integrated_gcn/integrated_gcn/integrated_gcn/hls/.autopilot/db/spmm_load_csr 
INFO: [HLS 200-10] ----------------------------------------------------------------
INFO: [HLS 200-10] -- Generating RTL for module 'spmm_compute_Pipeline_SPMM_INIT' 
INFO: [HLS 200-10] ----------------------------------------------------------------
Execute     create_rtl_model spmm_compute_Pipeline_SPMM_INIT -top_prefix integrated_gcn_ -sub_prefix integrated_gcn_ -mg_file /home/nat/dev/trinners/mai_proj/hls/thesis-gcn-accelerator/vitis/integrated_gcn/integrated_gcn/integrated_gcn/hls/.autopilot/db/spmm_compute_Pipeline_SPMM_INIT.compgen.tcl 
INFO: [RTGEN 206-100] Finished creating RTL model for 'spmm_compute_Pipeline_SPMM_INIT'.
INFO: [HLS 200-111] Finished Creating RTL model: CPU user time: 0.04 seconds. CPU system time: 0.01 seconds. Elapsed time: 0.04 seconds; current allocated memory: 821.430 MB.
Execute     source /home/nat/dev/trinners/mai_proj/hls/thesis-gcn-accelerator/vitis/integrated_gcn/integrated_gcn/integrated_gcn/hls/.autopilot/db/integrated_gcn.rtl_wrap.cfg.tcl 
Execute     gen_rtl spmm_compute_Pipeline_SPMM_INIT -style xilinx -f -lang vhdl -o /home/nat/dev/trinners/mai_proj/hls/thesis-gcn-accelerator/vitis/integrated_gcn/integrated_gcn/integrated_gcn/hls/syn/vhdl/integrated_gcn_spmm_compute_Pipeline_SPMM_INIT 
Execute     gen_rtl spmm_compute_Pipeline_SPMM_INIT -style xilinx -f -lang vlog -o /home/nat/dev/trinners/mai_proj/hls/thesis-gcn-accelerator/vitis/integrated_gcn/integrated_gcn/integrated_gcn/hls/syn/verilog/integrated_gcn_spmm_compute_Pipeline_SPMM_INIT 
Execute     syn_report -csynth -model spmm_compute_Pipeline_SPMM_INIT -o /home/nat/dev/trinners/mai_proj/hls/thesis-gcn-accelerator/vitis/integrated_gcn/integrated_gcn/integrated_gcn/hls/syn/report/spmm_compute_Pipeline_SPMM_INIT_csynth.rpt 
Execute       list_part -family xck26-sfvc784-2LV-c 
Execute         ap_family_info -name xck26-sfvc784-2LV-c -data names 
Execute         ap_part_info -quiet -name xck26-sfvc784-2LV-c -data family 
Execute     syn_report -rtlxml -model spmm_compute_Pipeline_SPMM_INIT -o /home/nat/dev/trinners/mai_proj/hls/thesis-gcn-accelerator/vitis/integrated_gcn/integrated_gcn/integrated_gcn/hls/syn/report/spmm_compute_Pipeline_SPMM_INIT_csynth.xml 
Execute       list_part -family xck26-sfvc784-2LV-c 
Execute         ap_family_info -name xck26-sfvc784-2LV-c -data names 
Execute         ap_part_info -quiet -name xck26-sfvc784-2LV-c -data family 
Execute     syn_report -verbosereport -model spmm_compute_Pipeline_SPMM_INIT -o /home/nat/dev/trinners/mai_proj/hls/thesis-gcn-accelerator/vitis/integrated_gcn/integrated_gcn/integrated_gcn/hls/.autopilot/db/spmm_compute_Pipeline_SPMM_INIT.verbose.rpt 
Execute       list_part -family xck26-sfvc784-2LV-c 
Execute         ap_family_info -name xck26-sfvc784-2LV-c -data names 
Execute         ap_part_info -quiet -name xck26-sfvc784-2LV-c -data family 
Execute     db_write -model spmm_compute_Pipeline_SPMM_INIT -f -o /home/nat/dev/trinners/mai_proj/hls/thesis-gcn-accelerator/vitis/integrated_gcn/integrated_gcn/integrated_gcn/hls/.autopilot/db/spmm_compute_Pipeline_SPMM_INIT.adb 
Execute     db_write -model spmm_compute_Pipeline_SPMM_INIT -bindview -o /home/nat/dev/trinners/mai_proj/hls/thesis-gcn-accelerator/vitis/integrated_gcn/integrated_gcn/integrated_gcn/hls/.autopilot/db/design.bindinfo.xml 
Execute     gen_tb_info spmm_compute_Pipeline_SPMM_INIT -p /home/nat/dev/trinners/mai_proj/hls/thesis-gcn-accelerator/vitis/integrated_gcn/integrated_gcn/integrated_gcn/hls/.autopilot/db -o /home/nat/dev/trinners/mai_proj/hls/thesis-gcn-accelerator/vitis/integrated_gcn/integrated_gcn/integrated_gcn/hls/.autopilot/db/spmm_compute_Pipeline_SPMM_INIT 
INFO: [HLS 200-10] ----------------------------------------------------------------
INFO: [HLS 200-10] -- Generating RTL for module 'spmm_compute_Pipeline_SPMM_LOAD_H' 
INFO: [HLS 200-10] ----------------------------------------------------------------
Execute     create_rtl_model spmm_compute_Pipeline_SPMM_LOAD_H -top_prefix integrated_gcn_ -sub_prefix integrated_gcn_ -mg_file /home/nat/dev/trinners/mai_proj/hls/thesis-gcn-accelerator/vitis/integrated_gcn/integrated_gcn/integrated_gcn/hls/.autopilot/db/spmm_compute_Pipeline_SPMM_LOAD_H.compgen.tcl 
INFO: [HLS 200-1030] Apply Unified Pipeline Control on module 'spmm_compute_Pipeline_SPMM_LOAD_H' pipeline 'SPMM_LOAD_H' pipeline type 'loop pipeline'
WARNING: [RTGEN 206-101] Setting dangling out port 'spmm_compute_Pipeline_SPMM_LOAD_H/m_axi_gmem2_0_ARVALID' to 0.
WARNING: [RTGEN 206-101] Setting dangling out port 'spmm_compute_Pipeline_SPMM_LOAD_H/m_axi_gmem2_0_ARADDR' to 0.
WARNING: [RTGEN 206-101] Setting dangling out port 'spmm_compute_Pipeline_SPMM_LOAD_H/m_axi_gmem2_0_ARID' to 0.
WARNING: [RTGEN 206-101] Setting dangling out port 'spmm_compute_Pipeline_SPMM_LOAD_H/m_axi_gmem2_0_ARLEN' to 0.
WARNING: [RTGEN 206-101] Setting dangling out port 'spmm_compute_Pipeline_SPMM_LOAD_H/m_axi_gmem2_0_ARSIZE' to 0.
WARNING: [RTGEN 206-101] Setting dangling out port 'spmm_compute_Pipeline_SPMM_LOAD_H/m_axi_gmem2_0_ARBURST' to 0.
WARNING: [RTGEN 206-101] Setting dangling out port 'spmm_compute_Pipeline_SPMM_LOAD_H/m_axi_gmem2_0_ARLOCK' to 0.
WARNING: [RTGEN 206-101] Setting dangling out port 'spmm_compute_Pipeline_SPMM_LOAD_H/m_axi_gmem2_0_ARCACHE' to 0.
WARNING: [RTGEN 206-101] Setting dangling out port 'spmm_compute_Pipeline_SPMM_LOAD_H/m_axi_gmem2_0_ARPROT' to 0.
WARNING: [RTGEN 206-101] Setting dangling out port 'spmm_compute_Pipeline_SPMM_LOAD_H/m_axi_gmem2_0_ARQOS' to 0.
WARNING: [RTGEN 206-101] Setting dangling out port 'spmm_compute_Pipeline_SPMM_LOAD_H/m_axi_gmem2_0_ARREGION' to 0.
WARNING: [RTGEN 206-101] Setting dangling out port 'spmm_compute_Pipeline_SPMM_LOAD_H/m_axi_gmem2_0_ARUSER' to 0.
INFO: [RTGEN 206-100] Finished creating RTL model for 'spmm_compute_Pipeline_SPMM_LOAD_H'.
INFO: [HLS 200-111] Finished Creating RTL model: CPU user time: 0.05 seconds. CPU system time: 0.01 seconds. Elapsed time: 0.05 seconds; current allocated memory: 823.906 MB.
Execute     source /home/nat/dev/trinners/mai_proj/hls/thesis-gcn-accelerator/vitis/integrated_gcn/integrated_gcn/integrated_gcn/hls/.autopilot/db/integrated_gcn.rtl_wrap.cfg.tcl 
Execute     gen_rtl spmm_compute_Pipeline_SPMM_LOAD_H -style xilinx -f -lang vhdl -o /home/nat/dev/trinners/mai_proj/hls/thesis-gcn-accelerator/vitis/integrated_gcn/integrated_gcn/integrated_gcn/hls/syn/vhdl/integrated_gcn_spmm_compute_Pipeline_SPMM_LOAD_H 
Execute     gen_rtl spmm_compute_Pipeline_SPMM_LOAD_H -style xilinx -f -lang vlog -o /home/nat/dev/trinners/mai_proj/hls/thesis-gcn-accelerator/vitis/integrated_gcn/integrated_gcn/integrated_gcn/hls/syn/verilog/integrated_gcn_spmm_compute_Pipeline_SPMM_LOAD_H 
Execute     syn_report -csynth -model spmm_compute_Pipeline_SPMM_LOAD_H -o /home/nat/dev/trinners/mai_proj/hls/thesis-gcn-accelerator/vitis/integrated_gcn/integrated_gcn/integrated_gcn/hls/syn/report/spmm_compute_Pipeline_SPMM_LOAD_H_csynth.rpt 
Execute       list_part -family xck26-sfvc784-2LV-c 
Execute         ap_family_info -name xck26-sfvc784-2LV-c -data names 
Execute         ap_part_info -quiet -name xck26-sfvc784-2LV-c -data family 
Execute     syn_report -rtlxml -model spmm_compute_Pipeline_SPMM_LOAD_H -o /home/nat/dev/trinners/mai_proj/hls/thesis-gcn-accelerator/vitis/integrated_gcn/integrated_gcn/integrated_gcn/hls/syn/report/spmm_compute_Pipeline_SPMM_LOAD_H_csynth.xml 
Execute       list_part -family xck26-sfvc784-2LV-c 
Execute         ap_family_info -name xck26-sfvc784-2LV-c -data names 
Execute         ap_part_info -quiet -name xck26-sfvc784-2LV-c -data family 
Execute     syn_report -verbosereport -model spmm_compute_Pipeline_SPMM_LOAD_H -o /home/nat/dev/trinners/mai_proj/hls/thesis-gcn-accelerator/vitis/integrated_gcn/integrated_gcn/integrated_gcn/hls/.autopilot/db/spmm_compute_Pipeline_SPMM_LOAD_H.verbose.rpt 
Execute       list_part -family xck26-sfvc784-2LV-c 
Execute         ap_family_info -name xck26-sfvc784-2LV-c -data names 
Execute         ap_part_info -quiet -name xck26-sfvc784-2LV-c -data family 
Execute     db_write -model spmm_compute_Pipeline_SPMM_LOAD_H -f -o /home/nat/dev/trinners/mai_proj/hls/thesis-gcn-accelerator/vitis/integrated_gcn/integrated_gcn/integrated_gcn/hls/.autopilot/db/spmm_compute_Pipeline_SPMM_LOAD_H.adb 
Execute     db_write -model spmm_compute_Pipeline_SPMM_LOAD_H -bindview -o /home/nat/dev/trinners/mai_proj/hls/thesis-gcn-accelerator/vitis/integrated_gcn/integrated_gcn/integrated_gcn/hls/.autopilot/db/design.bindinfo.xml 
Execute     gen_tb_info spmm_compute_Pipeline_SPMM_LOAD_H -p /home/nat/dev/trinners/mai_proj/hls/thesis-gcn-accelerator/vitis/integrated_gcn/integrated_gcn/integrated_gcn/hls/.autopilot/db -o /home/nat/dev/trinners/mai_proj/hls/thesis-gcn-accelerator/vitis/integrated_gcn/integrated_gcn/integrated_gcn/hls/.autopilot/db/spmm_compute_Pipeline_SPMM_LOAD_H 
INFO: [HLS 200-10] ----------------------------------------------------------------
INFO: [HLS 200-10] -- Generating RTL for module 'spmm_compute_Pipeline_SPMM_MAC' 
INFO: [HLS 200-10] ----------------------------------------------------------------
Execute     create_rtl_model spmm_compute_Pipeline_SPMM_MAC -top_prefix integrated_gcn_ -sub_prefix integrated_gcn_ -mg_file /home/nat/dev/trinners/mai_proj/hls/thesis-gcn-accelerator/vitis/integrated_gcn/integrated_gcn/integrated_gcn/hls/.autopilot/db/spmm_compute_Pipeline_SPMM_MAC.compgen.tcl 
INFO: [HLS 200-1030] Apply Unified Pipeline Control on module 'spmm_compute_Pipeline_SPMM_MAC' pipeline 'SPMM_MAC' pipeline type 'loop pipeline'
INFO: [RTGEN 206-100] Generating core module 'mul_26s_26s_52_1_1': 32 instance(s).
INFO: [RTGEN 206-100] Finished creating RTL model for 'spmm_compute_Pipeline_SPMM_MAC'.
INFO: [HLS 200-111] Finished Creating RTL model: CPU user time: 0.07 seconds. CPU system time: 0 seconds. Elapsed time: 0.08 seconds; current allocated memory: 827.781 MB.
Execute     source /home/nat/dev/trinners/mai_proj/hls/thesis-gcn-accelerator/vitis/integrated_gcn/integrated_gcn/integrated_gcn/hls/.autopilot/db/integrated_gcn.rtl_wrap.cfg.tcl 
Execute     gen_rtl spmm_compute_Pipeline_SPMM_MAC -style xilinx -f -lang vhdl -o /home/nat/dev/trinners/mai_proj/hls/thesis-gcn-accelerator/vitis/integrated_gcn/integrated_gcn/integrated_gcn/hls/syn/vhdl/integrated_gcn_spmm_compute_Pipeline_SPMM_MAC 
Execute     gen_rtl spmm_compute_Pipeline_SPMM_MAC -style xilinx -f -lang vlog -o /home/nat/dev/trinners/mai_proj/hls/thesis-gcn-accelerator/vitis/integrated_gcn/integrated_gcn/integrated_gcn/hls/syn/verilog/integrated_gcn_spmm_compute_Pipeline_SPMM_MAC 
Execute     syn_report -csynth -model spmm_compute_Pipeline_SPMM_MAC -o /home/nat/dev/trinners/mai_proj/hls/thesis-gcn-accelerator/vitis/integrated_gcn/integrated_gcn/integrated_gcn/hls/syn/report/spmm_compute_Pipeline_SPMM_MAC_csynth.rpt 
Execute       list_part -family xck26-sfvc784-2LV-c 
Execute         ap_family_info -name xck26-sfvc784-2LV-c -data names 
Execute         ap_part_info -quiet -name xck26-sfvc784-2LV-c -data family 
Execute     syn_report -rtlxml -model spmm_compute_Pipeline_SPMM_MAC -o /home/nat/dev/trinners/mai_proj/hls/thesis-gcn-accelerator/vitis/integrated_gcn/integrated_gcn/integrated_gcn/hls/syn/report/spmm_compute_Pipeline_SPMM_MAC_csynth.xml 
Execute       list_part -family xck26-sfvc784-2LV-c 
Execute         ap_family_info -name xck26-sfvc784-2LV-c -data names 
Execute         ap_part_info -quiet -name xck26-sfvc784-2LV-c -data family 
Execute     syn_report -verbosereport -model spmm_compute_Pipeline_SPMM_MAC -o /home/nat/dev/trinners/mai_proj/hls/thesis-gcn-accelerator/vitis/integrated_gcn/integrated_gcn/integrated_gcn/hls/.autopilot/db/spmm_compute_Pipeline_SPMM_MAC.verbose.rpt 
Execute       list_part -family xck26-sfvc784-2LV-c 
Execute         ap_family_info -name xck26-sfvc784-2LV-c -data names 
Execute         ap_part_info -quiet -name xck26-sfvc784-2LV-c -data family 
Execute     db_write -model spmm_compute_Pipeline_SPMM_MAC -f -o /home/nat/dev/trinners/mai_proj/hls/thesis-gcn-accelerator/vitis/integrated_gcn/integrated_gcn/integrated_gcn/hls/.autopilot/db/spmm_compute_Pipeline_SPMM_MAC.adb 
Execute     db_write -model spmm_compute_Pipeline_SPMM_MAC -bindview -o /home/nat/dev/trinners/mai_proj/hls/thesis-gcn-accelerator/vitis/integrated_gcn/integrated_gcn/integrated_gcn/hls/.autopilot/db/design.bindinfo.xml 
Execute     gen_tb_info spmm_compute_Pipeline_SPMM_MAC -p /home/nat/dev/trinners/mai_proj/hls/thesis-gcn-accelerator/vitis/integrated_gcn/integrated_gcn/integrated_gcn/hls/.autopilot/db -o /home/nat/dev/trinners/mai_proj/hls/thesis-gcn-accelerator/vitis/integrated_gcn/integrated_gcn/integrated_gcn/hls/.autopilot/db/spmm_compute_Pipeline_SPMM_MAC 
INFO: [HLS 200-10] ----------------------------------------------------------------
INFO: [HLS 200-10] -- Generating RTL for module 'spmm_compute_Pipeline_SPMM_WRITE' 
INFO: [HLS 200-10] ----------------------------------------------------------------
Execute     create_rtl_model spmm_compute_Pipeline_SPMM_WRITE -top_prefix integrated_gcn_ -sub_prefix integrated_gcn_ -mg_file /home/nat/dev/trinners/mai_proj/hls/thesis-gcn-accelerator/vitis/integrated_gcn/integrated_gcn/integrated_gcn/hls/.autopilot/db/spmm_compute_Pipeline_SPMM_WRITE.compgen.tcl 
INFO: [HLS 200-1030] Apply Unified Pipeline Control on module 'spmm_compute_Pipeline_SPMM_WRITE' pipeline 'SPMM_WRITE' pipeline type 'loop pipeline'
INFO: [RTGEN 206-100] Generating core module 'sparsemux_65_5_32_1_1': 1 instance(s).
INFO: [RTGEN 206-100] Finished creating RTL model for 'spmm_compute_Pipeline_SPMM_WRITE'.
INFO: [HLS 200-111] Finished Creating RTL model: CPU user time: 0.09 seconds. CPU system time: 0.02 seconds. Elapsed time: 0.1 seconds; current allocated memory: 837.566 MB.
Execute     source /home/nat/dev/trinners/mai_proj/hls/thesis-gcn-accelerator/vitis/integrated_gcn/integrated_gcn/integrated_gcn/hls/.autopilot/db/integrated_gcn.rtl_wrap.cfg.tcl 
Execute     gen_rtl spmm_compute_Pipeline_SPMM_WRITE -style xilinx -f -lang vhdl -o /home/nat/dev/trinners/mai_proj/hls/thesis-gcn-accelerator/vitis/integrated_gcn/integrated_gcn/integrated_gcn/hls/syn/vhdl/integrated_gcn_spmm_compute_Pipeline_SPMM_WRITE 
Execute     gen_rtl spmm_compute_Pipeline_SPMM_WRITE -style xilinx -f -lang vlog -o /home/nat/dev/trinners/mai_proj/hls/thesis-gcn-accelerator/vitis/integrated_gcn/integrated_gcn/integrated_gcn/hls/syn/verilog/integrated_gcn_spmm_compute_Pipeline_SPMM_WRITE 
Execute     syn_report -csynth -model spmm_compute_Pipeline_SPMM_WRITE -o /home/nat/dev/trinners/mai_proj/hls/thesis-gcn-accelerator/vitis/integrated_gcn/integrated_gcn/integrated_gcn/hls/syn/report/spmm_compute_Pipeline_SPMM_WRITE_csynth.rpt 
Execute       list_part -family xck26-sfvc784-2LV-c 
Execute         ap_family_info -name xck26-sfvc784-2LV-c -data names 
Execute         ap_part_info -quiet -name xck26-sfvc784-2LV-c -data family 
Execute     syn_report -rtlxml -model spmm_compute_Pipeline_SPMM_WRITE -o /home/nat/dev/trinners/mai_proj/hls/thesis-gcn-accelerator/vitis/integrated_gcn/integrated_gcn/integrated_gcn/hls/syn/report/spmm_compute_Pipeline_SPMM_WRITE_csynth.xml 
Execute       list_part -family xck26-sfvc784-2LV-c 
Execute         ap_family_info -name xck26-sfvc784-2LV-c -data names 
Execute         ap_part_info -quiet -name xck26-sfvc784-2LV-c -data family 
Execute     syn_report -verbosereport -model spmm_compute_Pipeline_SPMM_WRITE -o /home/nat/dev/trinners/mai_proj/hls/thesis-gcn-accelerator/vitis/integrated_gcn/integrated_gcn/integrated_gcn/hls/.autopilot/db/spmm_compute_Pipeline_SPMM_WRITE.verbose.rpt 
Execute       list_part -family xck26-sfvc784-2LV-c 
Execute         ap_family_info -name xck26-sfvc784-2LV-c -data names 
Execute         ap_part_info -quiet -name xck26-sfvc784-2LV-c -data family 
Execute     db_write -model spmm_compute_Pipeline_SPMM_WRITE -f -o /home/nat/dev/trinners/mai_proj/hls/thesis-gcn-accelerator/vitis/integrated_gcn/integrated_gcn/integrated_gcn/hls/.autopilot/db/spmm_compute_Pipeline_SPMM_WRITE.adb 
Execute     db_write -model spmm_compute_Pipeline_SPMM_WRITE -bindview -o /home/nat/dev/trinners/mai_proj/hls/thesis-gcn-accelerator/vitis/integrated_gcn/integrated_gcn/integrated_gcn/hls/.autopilot/db/design.bindinfo.xml 
Execute     gen_tb_info spmm_compute_Pipeline_SPMM_WRITE -p /home/nat/dev/trinners/mai_proj/hls/thesis-gcn-accelerator/vitis/integrated_gcn/integrated_gcn/integrated_gcn/hls/.autopilot/db -o /home/nat/dev/trinners/mai_proj/hls/thesis-gcn-accelerator/vitis/integrated_gcn/integrated_gcn/integrated_gcn/hls/.autopilot/db/spmm_compute_Pipeline_SPMM_WRITE 
INFO: [HLS 200-10] ----------------------------------------------------------------
INFO: [HLS 200-10] -- Generating RTL for module 'spmm_compute' 
INFO: [HLS 200-10] ----------------------------------------------------------------
Execute     create_rtl_model spmm_compute -top_prefix integrated_gcn_ -sub_prefix integrated_gcn_ -mg_file /home/nat/dev/trinners/mai_proj/hls/thesis-gcn-accelerator/vitis/integrated_gcn/integrated_gcn/integrated_gcn/hls/.autopilot/db/spmm_compute.compgen.tcl 
INFO: [RTGEN 206-100] Finished creating RTL model for 'spmm_compute'.
INFO: [RTMG 210-278] Implementing memory 'integrated_gcn_spmm_compute_acc_RAM_AUTO_1R1W' using auto RAMs.
INFO: [RTMG 210-278] Implementing memory 'integrated_gcn_spmm_compute_h_buf_RAM_AUTO_1R1W' using auto RAMs.
INFO: [HLS 200-111] Finished Creating RTL model: CPU user time: 0.06 seconds. CPU system time: 0.01 seconds. Elapsed time: 0.07 seconds; current allocated memory: 841.637 MB.
Execute     source /home/nat/dev/trinners/mai_proj/hls/thesis-gcn-accelerator/vitis/integrated_gcn/integrated_gcn/integrated_gcn/hls/.autopilot/db/integrated_gcn.rtl_wrap.cfg.tcl 
Execute     gen_rtl spmm_compute -style xilinx -f -lang vhdl -o /home/nat/dev/trinners/mai_proj/hls/thesis-gcn-accelerator/vitis/integrated_gcn/integrated_gcn/integrated_gcn/hls/syn/vhdl/integrated_gcn_spmm_compute 
Execute     gen_rtl spmm_compute -style xilinx -f -lang vlog -o /home/nat/dev/trinners/mai_proj/hls/thesis-gcn-accelerator/vitis/integrated_gcn/integrated_gcn/integrated_gcn/hls/syn/verilog/integrated_gcn_spmm_compute 
Execute     syn_report -csynth -model spmm_compute -o /home/nat/dev/trinners/mai_proj/hls/thesis-gcn-accelerator/vitis/integrated_gcn/integrated_gcn/integrated_gcn/hls/syn/report/spmm_compute_csynth.rpt 
Execute       list_part -family xck26-sfvc784-2LV-c 
Execute         ap_family_info -name xck26-sfvc784-2LV-c -data names 
Execute         ap_part_info -quiet -name xck26-sfvc784-2LV-c -data family 
Execute     syn_report -rtlxml -model spmm_compute -o /home/nat/dev/trinners/mai_proj/hls/thesis-gcn-accelerator/vitis/integrated_gcn/integrated_gcn/integrated_gcn/hls/syn/report/spmm_compute_csynth.xml 
Execute       list_part -family xck26-sfvc784-2LV-c 
Execute         ap_family_info -name xck26-sfvc784-2LV-c -data names 
Execute         ap_part_info -quiet -name xck26-sfvc784-2LV-c -data family 
Execute     syn_report -verbosereport -model spmm_compute -o /home/nat/dev/trinners/mai_proj/hls/thesis-gcn-accelerator/vitis/integrated_gcn/integrated_gcn/integrated_gcn/hls/.autopilot/db/spmm_compute.verbose.rpt 
Execute       list_part -family xck26-sfvc784-2LV-c 
Execute         ap_family_info -name xck26-sfvc784-2LV-c -data names 
Execute         ap_part_info -quiet -name xck26-sfvc784-2LV-c -data family 
Execute     db_write -model spmm_compute -f -o /home/nat/dev/trinners/mai_proj/hls/thesis-gcn-accelerator/vitis/integrated_gcn/integrated_gcn/integrated_gcn/hls/.autopilot/db/spmm_compute.adb 
Execute     db_write -model spmm_compute -bindview -o /home/nat/dev/trinners/mai_proj/hls/thesis-gcn-accelerator/vitis/integrated_gcn/integrated_gcn/integrated_gcn/hls/.autopilot/db/design.bindinfo.xml 
Execute     gen_tb_info spmm_compute -p /home/nat/dev/trinners/mai_proj/hls/thesis-gcn-accelerator/vitis/integrated_gcn/integrated_gcn/integrated_gcn/hls/.autopilot/db -o /home/nat/dev/trinners/mai_proj/hls/thesis-gcn-accelerator/vitis/integrated_gcn/integrated_gcn/integrated_gcn/hls/.autopilot/db/spmm_compute 
INFO: [HLS 200-10] ----------------------------------------------------------------
INFO: [HLS 200-10] -- Generating RTL for module 'spmm_store' 
INFO: [HLS 200-10] ----------------------------------------------------------------
Execute     create_rtl_model spmm_store -top_prefix integrated_gcn_ -sub_prefix integrated_gcn_ -mg_file /home/nat/dev/trinners/mai_proj/hls/thesis-gcn-accelerator/vitis/integrated_gcn/integrated_gcn/integrated_gcn/hls/.autopilot/db/spmm_store.compgen.tcl 
INFO: [HLS 200-1030] Apply Unified Pipeline Control on module 'spmm_store' pipeline 'SPMM_STORE_ROW_SPMM_STORE_FEAT' pipeline type 'loop pipeline'
INFO: [RTGEN 206-100] Finished creating RTL model for 'spmm_store'.
INFO: [HLS 200-111] Finished Creating RTL model: CPU user time: 0.08 seconds. CPU system time: 0.01 seconds. Elapsed time: 0.09 seconds; current allocated memory: 850.520 MB.
Execute     source /home/nat/dev/trinners/mai_proj/hls/thesis-gcn-accelerator/vitis/integrated_gcn/integrated_gcn/integrated_gcn/hls/.autopilot/db/integrated_gcn.rtl_wrap.cfg.tcl 
Execute     gen_rtl spmm_store -style xilinx -f -lang vhdl -o /home/nat/dev/trinners/mai_proj/hls/thesis-gcn-accelerator/vitis/integrated_gcn/integrated_gcn/integrated_gcn/hls/syn/vhdl/integrated_gcn_spmm_store 
Execute     gen_rtl spmm_store -style xilinx -f -lang vlog -o /home/nat/dev/trinners/mai_proj/hls/thesis-gcn-accelerator/vitis/integrated_gcn/integrated_gcn/integrated_gcn/hls/syn/verilog/integrated_gcn_spmm_store 
Execute     syn_report -csynth -model spmm_store -o /home/nat/dev/trinners/mai_proj/hls/thesis-gcn-accelerator/vitis/integrated_gcn/integrated_gcn/integrated_gcn/hls/syn/report/spmm_store_csynth.rpt 
Execute       list_part -family xck26-sfvc784-2LV-c 
Execute         ap_family_info -name xck26-sfvc784-2LV-c -data names 
Execute         ap_part_info -quiet -name xck26-sfvc784-2LV-c -data family 
Execute     syn_report -rtlxml -model spmm_store -o /home/nat/dev/trinners/mai_proj/hls/thesis-gcn-accelerator/vitis/integrated_gcn/integrated_gcn/integrated_gcn/hls/syn/report/spmm_store_csynth.xml 
Execute       list_part -family xck26-sfvc784-2LV-c 
Execute         ap_family_info -name xck26-sfvc784-2LV-c -data names 
Execute         ap_part_info -quiet -name xck26-sfvc784-2LV-c -data family 
Execute     syn_report -verbosereport -model spmm_store -o /home/nat/dev/trinners/mai_proj/hls/thesis-gcn-accelerator/vitis/integrated_gcn/integrated_gcn/integrated_gcn/hls/.autopilot/db/spmm_store.verbose.rpt 
Execute       list_part -family xck26-sfvc784-2LV-c 
Execute         ap_family_info -name xck26-sfvc784-2LV-c -data names 
Execute         ap_part_info -quiet -name xck26-sfvc784-2LV-c -data family 
Execute     db_write -model spmm_store -f -o /home/nat/dev/trinners/mai_proj/hls/thesis-gcn-accelerator/vitis/integrated_gcn/integrated_gcn/integrated_gcn/hls/.autopilot/db/spmm_store.adb 
Execute     db_write -model spmm_store -bindview -o /home/nat/dev/trinners/mai_proj/hls/thesis-gcn-accelerator/vitis/integrated_gcn/integrated_gcn/integrated_gcn/hls/.autopilot/db/design.bindinfo.xml 
Execute     gen_tb_info spmm_store -p /home/nat/dev/trinners/mai_proj/hls/thesis-gcn-accelerator/vitis/integrated_gcn/integrated_gcn/integrated_gcn/hls/.autopilot/db -o /home/nat/dev/trinners/mai_proj/hls/thesis-gcn-accelerator/vitis/integrated_gcn/integrated_gcn/integrated_gcn/hls/.autopilot/db/spmm_store 
INFO: [HLS 200-10] ----------------------------------------------------------------
INFO: [HLS 200-10] -- Generating RTL for module 'spmm_stage' 
INFO: [HLS 200-10] ----------------------------------------------------------------
Execute     create_rtl_model spmm_stage -top_prefix integrated_gcn_ -sub_prefix integrated_gcn_ -mg_file /home/nat/dev/trinners/mai_proj/hls/thesis-gcn-accelerator/vitis/integrated_gcn/integrated_gcn/integrated_gcn/hls/.autopilot/db/spmm_stage.compgen.tcl 
WARNING: [RTGEN 206-101] Setting dangling out port 'spmm_stage/m_axi_gmem3_0_AWVALID' to 0.
WARNING: [RTGEN 206-101] Setting dangling out port 'spmm_stage/m_axi_gmem3_0_AWADDR' to 0.
WARNING: [RTGEN 206-101] Setting dangling out port 'spmm_stage/m_axi_gmem3_0_AWID' to 0.
WARNING: [RTGEN 206-101] Setting dangling out port 'spmm_stage/m_axi_gmem3_0_AWLEN' to 0.
WARNING: [RTGEN 206-101] Setting dangling out port 'spmm_stage/m_axi_gmem3_0_AWSIZE' to 0.
WARNING: [RTGEN 206-101] Setting dangling out port 'spmm_stage/m_axi_gmem3_0_AWBURST' to 0.
WARNING: [RTGEN 206-101] Setting dangling out port 'spmm_stage/m_axi_gmem3_0_AWLOCK' to 0.
WARNING: [RTGEN 206-101] Setting dangling out port 'spmm_stage/m_axi_gmem3_0_AWCACHE' to 0.
WARNING: [RTGEN 206-101] Setting dangling out port 'spmm_stage/m_axi_gmem3_0_AWPROT' to 0.
WARNING: [RTGEN 206-101] Setting dangling out port 'spmm_stage/m_axi_gmem3_0_AWQOS' to 0.
WARNING: [RTGEN 206-101] Setting dangling out port 'spmm_stage/m_axi_gmem3_0_AWREGION' to 0.
WARNING: [RTGEN 206-101] Setting dangling out port 'spmm_stage/m_axi_gmem3_0_AWUSER' to 0.
WARNING: [RTGEN 206-101] Setting dangling out port 'spmm_stage/m_axi_gmem3_0_WVALID' to 0.
WARNING: [RTGEN 206-101] Setting dangling out port 'spmm_stage/m_axi_gmem3_0_WDATA' to 0.
WARNING: [RTGEN 206-101] Setting dangling out port 'spmm_stage/m_axi_gmem3_0_WSTRB' to 0.
WARNING: [RTGEN 206-101] Setting dangling out port 'spmm_stage/m_axi_gmem3_0_WLAST' to 0.
WARNING: [RTGEN 206-101] Setting dangling out port 'spmm_stage/m_axi_gmem3_0_WID' to 0.
WARNING: [RTGEN 206-101] Setting dangling out port 'spmm_stage/m_axi_gmem3_0_WUSER' to 0.
WARNING: [RTGEN 206-101] Setting dangling out port 'spmm_stage/m_axi_gmem3_0_BREADY' to 0.
WARNING: [RTGEN 206-101] Setting dangling out port 'spmm_stage/m_axi_gmem4_0_AWVALID' to 0.
WARNING: [RTGEN 206-101] Setting dangling out port 'spmm_stage/m_axi_gmem4_0_AWADDR' to 0.
WARNING: [RTGEN 206-101] Setting dangling out port 'spmm_stage/m_axi_gmem4_0_AWID' to 0.
WARNING: [RTGEN 206-101] Setting dangling out port 'spmm_stage/m_axi_gmem4_0_AWLEN' to 0.
WARNING: [RTGEN 206-101] Setting dangling out port 'spmm_stage/m_axi_gmem4_0_AWSIZE' to 0.
WARNING: [RTGEN 206-101] Setting dangling out port 'spmm_stage/m_axi_gmem4_0_AWBURST' to 0.
WARNING: [RTGEN 206-101] Setting dangling out port 'spmm_stage/m_axi_gmem4_0_AWLOCK' to 0.
WARNING: [RTGEN 206-101] Setting dangling out port 'spmm_stage/m_axi_gmem4_0_AWCACHE' to 0.
WARNING: [RTGEN 206-101] Setting dangling out port 'spmm_stage/m_axi_gmem4_0_AWPROT' to 0.
WARNING: [RTGEN 206-101] Setting dangling out port 'spmm_stage/m_axi_gmem4_0_AWQOS' to 0.
WARNING: [RTGEN 206-101] Setting dangling out port 'spmm_stage/m_axi_gmem4_0_AWREGION' to 0.
WARNING: [RTGEN 206-101] Setting dangling out port 'spmm_stage/m_axi_gmem4_0_AWUSER' to 0.
WARNING: [RTGEN 206-101] Setting dangling out port 'spmm_stage/m_axi_gmem4_0_WVALID' to 0.
WARNING: [RTGEN 206-101] Setting dangling out port 'spmm_stage/m_axi_gmem4_0_WDATA' to 0.
WARNING: [RTGEN 206-101] Setting dangling out port 'spmm_stage/m_axi_gmem4_0_WSTRB' to 0.
WARNING: [RTGEN 206-101] Setting dangling out port 'spmm_stage/m_axi_gmem4_0_WLAST' to 0.
WARNING: [RTGEN 206-101] Setting dangling out port 'spmm_stage/m_axi_gmem4_0_WID' to 0.
WARNING: [RTGEN 206-101] Setting dangling out port 'spmm_stage/m_axi_gmem4_0_WUSER' to 0.
WARNING: [RTGEN 206-101] Setting dangling out port 'spmm_stage/m_axi_gmem4_0_BREADY' to 0.
WARNING: [RTGEN 206-101] Setting dangling out port 'spmm_stage/m_axi_gmem5_0_AWVALID' to 0.
WARNING: [RTGEN 206-101] Setting dangling out port 'spmm_stage/m_axi_gmem5_0_AWADDR' to 0.
WARNING: [RTGEN 206-101] Setting dangling out port 'spmm_stage/m_axi_gmem5_0_AWID' to 0.
WARNING: [RTGEN 206-101] Setting dangling out port 'spmm_stage/m_axi_gmem5_0_AWLEN' to 0.
WARNING: [RTGEN 206-101] Setting dangling out port 'spmm_stage/m_axi_gmem5_0_AWSIZE' to 0.
WARNING: [RTGEN 206-101] Setting dangling out port 'spmm_stage/m_axi_gmem5_0_AWBURST' to 0.
WARNING: [RTGEN 206-101] Setting dangling out port 'spmm_stage/m_axi_gmem5_0_AWLOCK' to 0.
WARNING: [RTGEN 206-101] Setting dangling out port 'spmm_stage/m_axi_gmem5_0_AWCACHE' to 0.
WARNING: [RTGEN 206-101] Setting dangling out port 'spmm_stage/m_axi_gmem5_0_AWPROT' to 0.
WARNING: [RTGEN 206-101] Setting dangling out port 'spmm_stage/m_axi_gmem5_0_AWQOS' to 0.
WARNING: [RTGEN 206-101] Setting dangling out port 'spmm_stage/m_axi_gmem5_0_AWREGION' to 0.
WARNING: [RTGEN 206-101] Setting dangling out port 'spmm_stage/m_axi_gmem5_0_AWUSER' to 0.
WARNING: [RTGEN 206-101] Setting dangling out port 'spmm_stage/m_axi_gmem5_0_WVALID' to 0.
WARNING: [RTGEN 206-101] Setting dangling out port 'spmm_stage/m_axi_gmem5_0_WDATA' to 0.
WARNING: [RTGEN 206-101] Setting dangling out port 'spmm_stage/m_axi_gmem5_0_WSTRB' to 0.
WARNING: [RTGEN 206-101] Setting dangling out port 'spmm_stage/m_axi_gmem5_0_WLAST' to 0.
WARNING: [RTGEN 206-101] Setting dangling out port 'spmm_stage/m_axi_gmem5_0_WID' to 0.
WARNING: [RTGEN 206-101] Setting dangling out port 'spmm_stage/m_axi_gmem5_0_WUSER' to 0.
WARNING: [RTGEN 206-101] Setting dangling out port 'spmm_stage/m_axi_gmem5_0_BREADY' to 0.
WARNING: [RTGEN 206-101] Setting dangling out port 'spmm_stage/m_axi_gmem2_0_AWVALID' to 0.
WARNING: [RTGEN 206-101] Setting dangling out port 'spmm_stage/m_axi_gmem2_0_AWADDR' to 0.
WARNING: [RTGEN 206-101] Setting dangling out port 'spmm_stage/m_axi_gmem2_0_AWID' to 0.
WARNING: [RTGEN 206-101] Setting dangling out port 'spmm_stage/m_axi_gmem2_0_AWLEN' to 0.
WARNING: [RTGEN 206-101] Setting dangling out port 'spmm_stage/m_axi_gmem2_0_AWSIZE' to 0.
WARNING: [RTGEN 206-101] Setting dangling out port 'spmm_stage/m_axi_gmem2_0_AWBURST' to 0.
WARNING: [RTGEN 206-101] Setting dangling out port 'spmm_stage/m_axi_gmem2_0_AWLOCK' to 0.
WARNING: [RTGEN 206-101] Setting dangling out port 'spmm_stage/m_axi_gmem2_0_AWCACHE' to 0.
WARNING: [RTGEN 206-101] Setting dangling out port 'spmm_stage/m_axi_gmem2_0_AWPROT' to 0.
WARNING: [RTGEN 206-101] Setting dangling out port 'spmm_stage/m_axi_gmem2_0_AWQOS' to 0.
WARNING: [RTGEN 206-101] Setting dangling out port 'spmm_stage/m_axi_gmem2_0_AWREGION' to 0.
WARNING: [RTGEN 206-101] Setting dangling out port 'spmm_stage/m_axi_gmem2_0_AWUSER' to 0.
WARNING: [RTGEN 206-101] Setting dangling out port 'spmm_stage/m_axi_gmem2_0_WVALID' to 0.
WARNING: [RTGEN 206-101] Setting dangling out port 'spmm_stage/m_axi_gmem2_0_WDATA' to 0.
WARNING: [RTGEN 206-101] Setting dangling out port 'spmm_stage/m_axi_gmem2_0_WSTRB' to 0.
WARNING: [RTGEN 206-101] Setting dangling out port 'spmm_stage/m_axi_gmem2_0_WLAST' to 0.
WARNING: [RTGEN 206-101] Setting dangling out port 'spmm_stage/m_axi_gmem2_0_WID' to 0.
WARNING: [RTGEN 206-101] Setting dangling out port 'spmm_stage/m_axi_gmem2_0_WUSER' to 0.
WARNING: [RTGEN 206-101] Setting dangling out port 'spmm_stage/m_axi_gmem2_0_BREADY' to 0.
WARNING: [RTGEN 206-101] Setting dangling out port 'spmm_stage/m_axi_gmem6_0_ARVALID' to 0.
WARNING: [RTGEN 206-101] Setting dangling out port 'spmm_stage/m_axi_gmem6_0_ARADDR' to 0.
WARNING: [RTGEN 206-101] Setting dangling out port 'spmm_stage/m_axi_gmem6_0_ARID' to 0.
WARNING: [RTGEN 206-101] Setting dangling out port 'spmm_stage/m_axi_gmem6_0_ARLEN' to 0.
WARNING: [RTGEN 206-101] Setting dangling out port 'spmm_stage/m_axi_gmem6_0_ARSIZE' to 0.
WARNING: [RTGEN 206-101] Setting dangling out port 'spmm_stage/m_axi_gmem6_0_ARBURST' to 0.
WARNING: [RTGEN 206-101] Setting dangling out port 'spmm_stage/m_axi_gmem6_0_ARLOCK' to 0.
WARNING: [RTGEN 206-101] Setting dangling out port 'spmm_stage/m_axi_gmem6_0_ARCACHE' to 0.
WARNING: [RTGEN 206-101] Setting dangling out port 'spmm_stage/m_axi_gmem6_0_ARPROT' to 0.
WARNING: [RTGEN 206-101] Setting dangling out port 'spmm_stage/m_axi_gmem6_0_ARQOS' to 0.
WARNING: [RTGEN 206-101] Setting dangling out port 'spmm_stage/m_axi_gmem6_0_ARREGION' to 0.
WARNING: [RTGEN 206-101] Setting dangling out port 'spmm_stage/m_axi_gmem6_0_ARUSER' to 0.
WARNING: [RTGEN 206-101] Setting dangling out port 'spmm_stage/m_axi_gmem6_0_RREADY' to 0.
INFO: [RTGEN 206-100] Finished creating RTL model for 'spmm_stage'.
INFO: [RTMG 210-285] Implementing FIFO 'row_fifo_U(integrated_gcn_fifo_w32_d16_S)' using Shift Registers.
INFO: [RTMG 210-285] Implementing FIFO 'col_fifo_U(integrated_gcn_fifo_w32_d256_A)' using Vivado Default RAMs.
INFO: [RTMG 210-285] Implementing FIFO 'val_fifo_U(integrated_gcn_fifo_w16_d256_A)' using Vivado Default RAMs.
INFO: [RTMG 210-285] Implementing FIFO 'result_fifo_U(integrated_gcn_fifo_w16_d32_S)' using Shift Registers.
INFO: [RTMG 210-285] Implementing FIFO 'start_for_spmm_compute_U0_U(integrated_gcn_start_for_spmm_compute_U0)' using Shift Registers.
INFO: [RTMG 210-285] Implementing FIFO 'start_for_spmm_store_U0_U(integrated_gcn_start_for_spmm_store_U0)' using Shift Registers.
INFO: [HLS 200-111] Finished Creating RTL model: CPU user time: 0.08 seconds. CPU system time: 0.01 seconds. Elapsed time: 0.09 seconds; current allocated memory: 857.762 MB.
Execute     source /home/nat/dev/trinners/mai_proj/hls/thesis-gcn-accelerator/vitis/integrated_gcn/integrated_gcn/integrated_gcn/hls/.autopilot/db/integrated_gcn.rtl_wrap.cfg.tcl 
Execute     gen_rtl spmm_stage -style xilinx -f -lang vhdl -o /home/nat/dev/trinners/mai_proj/hls/thesis-gcn-accelerator/vitis/integrated_gcn/integrated_gcn/integrated_gcn/hls/syn/vhdl/integrated_gcn_spmm_stage 
Execute     gen_rtl spmm_stage -style xilinx -f -lang vlog -o /home/nat/dev/trinners/mai_proj/hls/thesis-gcn-accelerator/vitis/integrated_gcn/integrated_gcn/integrated_gcn/hls/syn/verilog/integrated_gcn_spmm_stage 
Execute     syn_report -csynth -model spmm_stage -o /home/nat/dev/trinners/mai_proj/hls/thesis-gcn-accelerator/vitis/integrated_gcn/integrated_gcn/integrated_gcn/hls/syn/report/spmm_stage_csynth.rpt 
Execute       list_part -family xck26-sfvc784-2LV-c 
Execute         ap_family_info -name xck26-sfvc784-2LV-c -data names 
Execute         ap_part_info -quiet -name xck26-sfvc784-2LV-c -data family 
Execute     syn_report -rtlxml -model spmm_stage -o /home/nat/dev/trinners/mai_proj/hls/thesis-gcn-accelerator/vitis/integrated_gcn/integrated_gcn/integrated_gcn/hls/syn/report/spmm_stage_csynth.xml 
Execute       list_part -family xck26-sfvc784-2LV-c 
Execute         ap_family_info -name xck26-sfvc784-2LV-c -data names 
Execute         ap_part_info -quiet -name xck26-sfvc784-2LV-c -data family 
Execute     syn_report -verbosereport -model spmm_stage -o /home/nat/dev/trinners/mai_proj/hls/thesis-gcn-accelerator/vitis/integrated_gcn/integrated_gcn/integrated_gcn/hls/.autopilot/db/spmm_stage.verbose.rpt 
Execute       list_part -family xck26-sfvc784-2LV-c 
Execute         ap_family_info -name xck26-sfvc784-2LV-c -data names 
Execute         ap_part_info -quiet -name xck26-sfvc784-2LV-c -data family 
Execute     db_write -model spmm_stage -f -o /home/nat/dev/trinners/mai_proj/hls/thesis-gcn-accelerator/vitis/integrated_gcn/integrated_gcn/integrated_gcn/hls/.autopilot/db/spmm_stage.adb 
Execute     db_write -model spmm_stage -bindview -o /home/nat/dev/trinners/mai_proj/hls/thesis-gcn-accelerator/vitis/integrated_gcn/integrated_gcn/integrated_gcn/hls/.autopilot/db/design.bindinfo.xml 
Execute     gen_tb_info spmm_stage -p /home/nat/dev/trinners/mai_proj/hls/thesis-gcn-accelerator/vitis/integrated_gcn/integrated_gcn/integrated_gcn/hls/.autopilot/db -o /home/nat/dev/trinners/mai_proj/hls/thesis-gcn-accelerator/vitis/integrated_gcn/integrated_gcn/integrated_gcn/hls/.autopilot/db/spmm_stage 
INFO: [HLS 200-10] ----------------------------------------------------------------
INFO: [HLS 200-10] -- Generating RTL for module 'integrated_gcn' 
INFO: [HLS 200-10] ----------------------------------------------------------------
Execute     create_rtl_model integrated_gcn -top_prefix  -sub_prefix integrated_gcn_ -mg_file /home/nat/dev/trinners/mai_proj/hls/thesis-gcn-accelerator/vitis/integrated_gcn/integrated_gcn/integrated_gcn/hls/.autopilot/db/integrated_gcn.compgen.tcl 
WARNING: [RTGEN 206-101] Design contains AXI ports. Reset is fixed to synchronous and active low.
INFO: [RTGEN 206-500] Setting interface mode on port 'integrated_gcn/gmem0' to 'm_axi'.
INFO: [RTGEN 206-500] Setting interface mode on port 'integrated_gcn/gmem1' to 'm_axi'.
INFO: [RTGEN 206-500] Setting interface mode on port 'integrated_gcn/gmem2' to 'm_axi'.
INFO: [RTGEN 206-500] Setting interface mode on port 'integrated_gcn/gmem3' to 'm_axi'.
INFO: [RTGEN 206-500] Setting interface mode on port 'integrated_gcn/gmem4' to 'm_axi'.
INFO: [RTGEN 206-500] Setting interface mode on port 'integrated_gcn/gmem5' to 'm_axi'.
INFO: [RTGEN 206-500] Setting interface mode on port 'integrated_gcn/gmem6' to 'm_axi'.
INFO: [RTGEN 206-500] Setting interface mode on port 'integrated_gcn/X' to 's_axilite & ap_none'.
INFO: [RTGEN 206-500] Setting interface mode on port 'integrated_gcn/W' to 's_axilite & ap_none'.
INFO: [RTGEN 206-500] Setting interface mode on port 'integrated_gcn/H_temp' to 's_axilite & ap_none'.
INFO: [RTGEN 206-500] Setting interface mode on port 'integrated_gcn/row_length' to 's_axilite & ap_none'.
INFO: [RTGEN 206-500] Setting interface mode on port 'integrated_gcn/colind' to 's_axilite & ap_none'.
INFO: [RTGEN 206-500] Setting interface mode on port 'integrated_gcn/values' to 's_axilite & ap_none'.
INFO: [RTGEN 206-500] Setting interface mode on port 'integrated_gcn/nnz_total' to 'ap_none'.
INFO: [RTGEN 206-500] Setting interface mode on port 'integrated_gcn/H_out' to 's_axilite & ap_none'.
INFO: [RTGEN 206-500] Setting interface mode on function 'integrated_gcn' to 'ap_ctrl_hs'.
INFO: [RTGEN 206-100] Bundling port 'X', 'W', 'H_temp', 'row_length', 'colind', 'values' and 'H_out' to AXI-Lite port control.
INFO: [RTGEN 206-100] Finished creating RTL model for 'integrated_gcn'.
INFO: [HLS 200-111] Finished Creating RTL model: CPU user time: 0.1 seconds. CPU system time: 0 seconds. Elapsed time: 0.11 seconds; current allocated memory: 861.047 MB.
Execute     source /home/nat/dev/trinners/mai_proj/hls/thesis-gcn-accelerator/vitis/integrated_gcn/integrated_gcn/integrated_gcn/hls/.autopilot/db/integrated_gcn.rtl_wrap.cfg.tcl 
Execute     gen_rtl integrated_gcn -istop -style xilinx -f -lang vhdl -o /home/nat/dev/trinners/mai_proj/hls/thesis-gcn-accelerator/vitis/integrated_gcn/integrated_gcn/integrated_gcn/hls/syn/vhdl/integrated_gcn 
Execute     gen_rtl integrated_gcn -istop -style xilinx -f -lang vlog -o /home/nat/dev/trinners/mai_proj/hls/thesis-gcn-accelerator/vitis/integrated_gcn/integrated_gcn/integrated_gcn/hls/syn/verilog/integrated_gcn 
Execute     syn_report -csynth -model integrated_gcn -o /home/nat/dev/trinners/mai_proj/hls/thesis-gcn-accelerator/vitis/integrated_gcn/integrated_gcn/integrated_gcn/hls/syn/report/integrated_gcn_csynth.rpt 
Execute       list_part -family xck26-sfvc784-2LV-c 
Execute         ap_family_info -name xck26-sfvc784-2LV-c -data names 
Execute         ap_part_info -quiet -name xck26-sfvc784-2LV-c -data family 
Execute     syn_report -rtlxml -model integrated_gcn -o /home/nat/dev/trinners/mai_proj/hls/thesis-gcn-accelerator/vitis/integrated_gcn/integrated_gcn/integrated_gcn/hls/syn/report/integrated_gcn_csynth.xml 
Execute       list_part -family xck26-sfvc784-2LV-c 
Execute         ap_family_info -name xck26-sfvc784-2LV-c -data names 
Execute         ap_part_info -quiet -name xck26-sfvc784-2LV-c -data family 
Execute     syn_report -verbosereport -model integrated_gcn -o /home/nat/dev/trinners/mai_proj/hls/thesis-gcn-accelerator/vitis/integrated_gcn/integrated_gcn/integrated_gcn/hls/.autopilot/db/integrated_gcn.verbose.rpt 
Execute       list_part -family xck26-sfvc784-2LV-c 
Execute         ap_family_info -name xck26-sfvc784-2LV-c -data names 
Execute         ap_part_info -quiet -name xck26-sfvc784-2LV-c -data family 
Execute     db_write -model integrated_gcn -f -o /home/nat/dev/trinners/mai_proj/hls/thesis-gcn-accelerator/vitis/integrated_gcn/integrated_gcn/integrated_gcn/hls/.autopilot/db/integrated_gcn.adb 
Execute     db_write -model integrated_gcn -bindview -o /home/nat/dev/trinners/mai_proj/hls/thesis-gcn-accelerator/vitis/integrated_gcn/integrated_gcn/integrated_gcn/hls/.autopilot/db/design.bindinfo.xml 
Execute     gen_tb_info integrated_gcn -p /home/nat/dev/trinners/mai_proj/hls/thesis-gcn-accelerator/vitis/integrated_gcn/integrated_gcn/integrated_gcn/hls/.autopilot/db -o /home/nat/dev/trinners/mai_proj/hls/thesis-gcn-accelerator/vitis/integrated_gcn/integrated_gcn/integrated_gcn/hls/.autopilot/db/integrated_gcn 
Execute     export_constraint_db -f -tool general -o /home/nat/dev/trinners/mai_proj/hls/thesis-gcn-accelerator/vitis/integrated_gcn/integrated_gcn/integrated_gcn/hls/.autopilot/db/integrated_gcn.constraint.tcl 
Execute     syn_report -designview -model integrated_gcn -o /home/nat/dev/trinners/mai_proj/hls/thesis-gcn-accelerator/vitis/integrated_gcn/integrated_gcn/integrated_gcn/hls/.autopilot/db/integrated_gcn.design.xml 
Command     syn_report done; 0.11 sec.
Execute     syn_report -csynthDesign -model integrated_gcn -o /home/nat/dev/trinners/mai_proj/hls/thesis-gcn-accelerator/vitis/integrated_gcn/integrated_gcn/integrated_gcn/hls/syn/report/csynth.rpt -MHOut /home/nat/dev/trinners/mai_proj/hls/thesis-gcn-accelerator/vitis/integrated_gcn/integrated_gcn/integrated_gcn/hls/.autopilot/db/kernel_module_hierarchy.tcl 
Execute       list_part -family xck26-sfvc784-2LV-c 
Execute         ap_family_info -name xck26-sfvc784-2LV-c -data names 
Execute         ap_part_info -quiet -name xck26-sfvc784-2LV-c -data family 
Execute     syn_report -wcfg -model integrated_gcn -o /home/nat/dev/trinners/mai_proj/hls/thesis-gcn-accelerator/vitis/integrated_gcn/integrated_gcn/integrated_gcn/hls/.autopilot/db/integrated_gcn_dataflow_ana.wcfg 
Execute     syn_report -protoinst -model integrated_gcn -o /home/nat/dev/trinners/mai_proj/hls/thesis-gcn-accelerator/vitis/integrated_gcn/integrated_gcn/integrated_gcn/hls/.autopilot/db/integrated_gcn.protoinst 
Execute     sc_get_clocks integrated_gcn 
Execute     sc_get_portdomain integrated_gcn 
INFO-FLOW: Model list for RTL component generation: gemm_read_X gemm_read_W gemm_compute_Pipeline_COMP_INIT gemm_compute_Pipeline_COMP_LOAD_XW gemm_compute_Pipeline_COMP_I gemm_compute_Pipeline_COMP_EMIT_VITIS_LOOP_146_4 gemm_compute gemm_write gemm_stage spmm_load_csr_Pipeline_LOAD_ROWS spmm_load_csr_Pipeline_LOAD_NNZ spmm_load_csr spmm_compute_Pipeline_SPMM_INIT spmm_compute_Pipeline_SPMM_LOAD_H spmm_compute_Pipeline_SPMM_MAC spmm_compute_Pipeline_SPMM_WRITE spmm_compute spmm_store spmm_stage integrated_gcn
INFO-FLOW: Handling components in module [gemm_read_X] ... 
Execute     source /home/nat/dev/trinners/mai_proj/hls/thesis-gcn-accelerator/vitis/integrated_gcn/integrated_gcn/integrated_gcn/hls/.autopilot/db/gemm_read_X.compgen.tcl 
INFO-FLOW: Found component integrated_gcn_mul_5ns_14ns_17_1_1.
INFO-FLOW: Append model integrated_gcn_mul_5ns_14ns_17_1_1
INFO-FLOW: Found component integrated_gcn_mac_muladd_7ns_7ns_17s_17_4_1.
INFO-FLOW: Append model integrated_gcn_mac_muladd_7ns_7ns_17s_17_4_1
INFO-FLOW: Found component integrated_gcn_flow_control_loop_pipe.
INFO-FLOW: Append model integrated_gcn_flow_control_loop_pipe
INFO-FLOW: Handling components in module [gemm_read_W] ... 
Execute     source /home/nat/dev/trinners/mai_proj/hls/thesis-gcn-accelerator/vitis/integrated_gcn/integrated_gcn/integrated_gcn/hls/.autopilot/db/gemm_read_W.compgen.tcl 
INFO-FLOW: Found component integrated_gcn_flow_control_loop_pipe.
INFO-FLOW: Append model integrated_gcn_flow_control_loop_pipe
INFO-FLOW: Handling components in module [gemm_compute_Pipeline_COMP_INIT] ... 
Execute     source /home/nat/dev/trinners/mai_proj/hls/thesis-gcn-accelerator/vitis/integrated_gcn/integrated_gcn/integrated_gcn/hls/.autopilot/db/gemm_compute_Pipeline_COMP_INIT.compgen.tcl 
INFO-FLOW: Found component integrated_gcn_flow_control_loop_pipe_sequential_init.
INFO-FLOW: Append model integrated_gcn_flow_control_loop_pipe_sequential_init
INFO-FLOW: Handling components in module [gemm_compute_Pipeline_COMP_LOAD_XW] ... 
Execute     source /home/nat/dev/trinners/mai_proj/hls/thesis-gcn-accelerator/vitis/integrated_gcn/integrated_gcn/integrated_gcn/hls/.autopilot/db/gemm_compute_Pipeline_COMP_LOAD_XW.compgen.tcl 
INFO-FLOW: Found component integrated_gcn_flow_control_loop_pipe_sequential_init.
INFO-FLOW: Append model integrated_gcn_flow_control_loop_pipe_sequential_init
INFO-FLOW: Handling components in module [gemm_compute_Pipeline_COMP_I] ... 
Execute     source /home/nat/dev/trinners/mai_proj/hls/thesis-gcn-accelerator/vitis/integrated_gcn/integrated_gcn/integrated_gcn/hls/.autopilot/db/gemm_compute_Pipeline_COMP_I.compgen.tcl 
INFO-FLOW: Found component integrated_gcn_sparsemux_33_6_16_1_1.
INFO-FLOW: Append model integrated_gcn_sparsemux_33_6_16_1_1
INFO-FLOW: Found component integrated_gcn_mac_muladd_16s_16s_32s_32_4_1.
INFO-FLOW: Append model integrated_gcn_mac_muladd_16s_16s_32s_32_4_1
INFO-FLOW: Found component integrated_gcn_flow_control_loop_pipe_sequential_init.
INFO-FLOW: Append model integrated_gcn_flow_control_loop_pipe_sequential_init
INFO-FLOW: Handling components in module [gemm_compute_Pipeline_COMP_EMIT_VITIS_LOOP_146_4] ... 
Execute     source /home/nat/dev/trinners/mai_proj/hls/thesis-gcn-accelerator/vitis/integrated_gcn/integrated_gcn/integrated_gcn/hls/.autopilot/db/gemm_compute_Pipeline_COMP_EMIT_VITIS_LOOP_146_4.compgen.tcl 
INFO-FLOW: Found component integrated_gcn_sparsemux_9_2_32_1_1.
INFO-FLOW: Append model integrated_gcn_sparsemux_9_2_32_1_1
INFO-FLOW: Found component integrated_gcn_flow_control_loop_pipe_sequential_init.
INFO-FLOW: Append model integrated_gcn_flow_control_loop_pipe_sequential_init
INFO-FLOW: Handling components in module [gemm_compute] ... 
Execute     source /home/nat/dev/trinners/mai_proj/hls/thesis-gcn-accelerator/vitis/integrated_gcn/integrated_gcn/integrated_gcn/hls/.autopilot/db/gemm_compute.compgen.tcl 
INFO-FLOW: Found component integrated_gcn_gemm_compute_XW_block_RAM_AUTO_1R1W.
INFO-FLOW: Append model integrated_gcn_gemm_compute_XW_block_RAM_AUTO_1R1W
INFO-FLOW: Handling components in module [gemm_write] ... 
Execute     source /home/nat/dev/trinners/mai_proj/hls/thesis-gcn-accelerator/vitis/integrated_gcn/integrated_gcn/integrated_gcn/hls/.autopilot/db/gemm_write.compgen.tcl 
INFO-FLOW: Found component integrated_gcn_flow_control_loop_pipe.
INFO-FLOW: Append model integrated_gcn_flow_control_loop_pipe
INFO-FLOW: Handling components in module [gemm_stage] ... 
Execute     source /home/nat/dev/trinners/mai_proj/hls/thesis-gcn-accelerator/vitis/integrated_gcn/integrated_gcn/integrated_gcn/hls/.autopilot/db/gemm_stage.compgen.tcl 
INFO-FLOW: Found component integrated_gcn_fifo_w512_d16_A.
INFO-FLOW: Append model integrated_gcn_fifo_w512_d16_A
INFO-FLOW: Found component integrated_gcn_fifo_w512_d16_A.
INFO-FLOW: Append model integrated_gcn_fifo_w512_d16_A
INFO-FLOW: Found component integrated_gcn_fifo_w512_d16_A.
INFO-FLOW: Append model integrated_gcn_fifo_w512_d16_A
INFO-FLOW: Found component integrated_gcn_start_for_gemm_compute_U0.
INFO-FLOW: Append model integrated_gcn_start_for_gemm_compute_U0
INFO-FLOW: Found component integrated_gcn_start_for_gemm_write_U0.
INFO-FLOW: Append model integrated_gcn_start_for_gemm_write_U0
INFO-FLOW: Handling components in module [spmm_load_csr_Pipeline_LOAD_ROWS] ... 
Execute     source /home/nat/dev/trinners/mai_proj/hls/thesis-gcn-accelerator/vitis/integrated_gcn/integrated_gcn/integrated_gcn/hls/.autopilot/db/spmm_load_csr_Pipeline_LOAD_ROWS.compgen.tcl 
INFO-FLOW: Found component integrated_gcn_flow_control_loop_pipe_sequential_init.
INFO-FLOW: Append model integrated_gcn_flow_control_loop_pipe_sequential_init
INFO-FLOW: Handling components in module [spmm_load_csr_Pipeline_LOAD_NNZ] ... 
Execute     source /home/nat/dev/trinners/mai_proj/hls/thesis-gcn-accelerator/vitis/integrated_gcn/integrated_gcn/integrated_gcn/hls/.autopilot/db/spmm_load_csr_Pipeline_LOAD_NNZ.compgen.tcl 
INFO-FLOW: Found component integrated_gcn_flow_control_loop_pipe_sequential_init.
INFO-FLOW: Append model integrated_gcn_flow_control_loop_pipe_sequential_init
INFO-FLOW: Handling components in module [spmm_load_csr] ... 
Execute     source /home/nat/dev/trinners/mai_proj/hls/thesis-gcn-accelerator/vitis/integrated_gcn/integrated_gcn/integrated_gcn/hls/.autopilot/db/spmm_load_csr.compgen.tcl 
INFO-FLOW: Handling components in module [spmm_compute_Pipeline_SPMM_INIT] ... 
Execute     source /home/nat/dev/trinners/mai_proj/hls/thesis-gcn-accelerator/vitis/integrated_gcn/integrated_gcn/integrated_gcn/hls/.autopilot/db/spmm_compute_Pipeline_SPMM_INIT.compgen.tcl 
INFO-FLOW: Found component integrated_gcn_flow_control_loop_pipe_sequential_init.
INFO-FLOW: Append model integrated_gcn_flow_control_loop_pipe_sequential_init
INFO-FLOW: Handling components in module [spmm_compute_Pipeline_SPMM_LOAD_H] ... 
Execute     source /home/nat/dev/trinners/mai_proj/hls/thesis-gcn-accelerator/vitis/integrated_gcn/integrated_gcn/integrated_gcn/hls/.autopilot/db/spmm_compute_Pipeline_SPMM_LOAD_H.compgen.tcl 
INFO-FLOW: Found component integrated_gcn_flow_control_loop_pipe_sequential_init.
INFO-FLOW: Append model integrated_gcn_flow_control_loop_pipe_sequential_init
INFO-FLOW: Handling components in module [spmm_compute_Pipeline_SPMM_MAC] ... 
Execute     source /home/nat/dev/trinners/mai_proj/hls/thesis-gcn-accelerator/vitis/integrated_gcn/integrated_gcn/integrated_gcn/hls/.autopilot/db/spmm_compute_Pipeline_SPMM_MAC.compgen.tcl 
INFO-FLOW: Found component integrated_gcn_mul_26s_26s_52_1_1.
INFO-FLOW: Append model integrated_gcn_mul_26s_26s_52_1_1
INFO-FLOW: Found component integrated_gcn_flow_control_loop_pipe_sequential_init.
INFO-FLOW: Append model integrated_gcn_flow_control_loop_pipe_sequential_init
INFO-FLOW: Handling components in module [spmm_compute_Pipeline_SPMM_WRITE] ... 
Execute     source /home/nat/dev/trinners/mai_proj/hls/thesis-gcn-accelerator/vitis/integrated_gcn/integrated_gcn/integrated_gcn/hls/.autopilot/db/spmm_compute_Pipeline_SPMM_WRITE.compgen.tcl 
INFO-FLOW: Found component integrated_gcn_sparsemux_65_5_32_1_1.
INFO-FLOW: Append model integrated_gcn_sparsemux_65_5_32_1_1
INFO-FLOW: Found component integrated_gcn_flow_control_loop_pipe_sequential_init.
INFO-FLOW: Append model integrated_gcn_flow_control_loop_pipe_sequential_init
INFO-FLOW: Handling components in module [spmm_compute] ... 
Execute     source /home/nat/dev/trinners/mai_proj/hls/thesis-gcn-accelerator/vitis/integrated_gcn/integrated_gcn/integrated_gcn/hls/.autopilot/db/spmm_compute.compgen.tcl 
INFO-FLOW: Found component integrated_gcn_spmm_compute_acc_RAM_AUTO_1R1W.
INFO-FLOW: Append model integrated_gcn_spmm_compute_acc_RAM_AUTO_1R1W
INFO-FLOW: Found component integrated_gcn_spmm_compute_h_buf_RAM_AUTO_1R1W.
INFO-FLOW: Append model integrated_gcn_spmm_compute_h_buf_RAM_AUTO_1R1W
INFO-FLOW: Handling components in module [spmm_store] ... 
Execute     source /home/nat/dev/trinners/mai_proj/hls/thesis-gcn-accelerator/vitis/integrated_gcn/integrated_gcn/integrated_gcn/hls/.autopilot/db/spmm_store.compgen.tcl 
INFO-FLOW: Found component integrated_gcn_flow_control_loop_pipe.
INFO-FLOW: Append model integrated_gcn_flow_control_loop_pipe
INFO-FLOW: Handling components in module [spmm_stage] ... 
Execute     source /home/nat/dev/trinners/mai_proj/hls/thesis-gcn-accelerator/vitis/integrated_gcn/integrated_gcn/integrated_gcn/hls/.autopilot/db/spmm_stage.compgen.tcl 
INFO-FLOW: Found component integrated_gcn_fifo_w32_d16_S.
INFO-FLOW: Append model integrated_gcn_fifo_w32_d16_S
INFO-FLOW: Found component integrated_gcn_fifo_w32_d256_A.
INFO-FLOW: Append model integrated_gcn_fifo_w32_d256_A
INFO-FLOW: Found component integrated_gcn_fifo_w16_d256_A.
INFO-FLOW: Append model integrated_gcn_fifo_w16_d256_A
INFO-FLOW: Found component integrated_gcn_fifo_w16_d32_S.
INFO-FLOW: Append model integrated_gcn_fifo_w16_d32_S
INFO-FLOW: Found component integrated_gcn_start_for_spmm_compute_U0.
INFO-FLOW: Append model integrated_gcn_start_for_spmm_compute_U0
INFO-FLOW: Found component integrated_gcn_start_for_spmm_store_U0.
INFO-FLOW: Append model integrated_gcn_start_for_spmm_store_U0
INFO-FLOW: Handling components in module [integrated_gcn] ... 
Execute     source /home/nat/dev/trinners/mai_proj/hls/thesis-gcn-accelerator/vitis/integrated_gcn/integrated_gcn/integrated_gcn/hls/.autopilot/db/integrated_gcn.compgen.tcl 
INFO-FLOW: Found component integrated_gcn_gmem0_m_axi.
INFO-FLOW: Append model integrated_gcn_gmem0_m_axi
INFO-FLOW: Found component integrated_gcn_gmem1_m_axi.
INFO-FLOW: Append model integrated_gcn_gmem1_m_axi
INFO-FLOW: Found component integrated_gcn_gmem2_m_axi.
INFO-FLOW: Append model integrated_gcn_gmem2_m_axi
INFO-FLOW: Found component integrated_gcn_gmem3_m_axi.
INFO-FLOW: Append model integrated_gcn_gmem3_m_axi
INFO-FLOW: Found component integrated_gcn_gmem4_m_axi.
INFO-FLOW: Append model integrated_gcn_gmem4_m_axi
INFO-FLOW: Found component integrated_gcn_gmem5_m_axi.
INFO-FLOW: Append model integrated_gcn_gmem5_m_axi
INFO-FLOW: Found component integrated_gcn_gmem6_m_axi.
INFO-FLOW: Append model integrated_gcn_gmem6_m_axi
INFO-FLOW: Found component integrated_gcn_control_s_axi.
INFO-FLOW: Append model integrated_gcn_control_s_axi
INFO-FLOW: Append model gemm_read_X
INFO-FLOW: Append model gemm_read_W
INFO-FLOW: Append model gemm_compute_Pipeline_COMP_INIT
INFO-FLOW: Append model gemm_compute_Pipeline_COMP_LOAD_XW
INFO-FLOW: Append model gemm_compute_Pipeline_COMP_I
INFO-FLOW: Append model gemm_compute_Pipeline_COMP_EMIT_VITIS_LOOP_146_4
INFO-FLOW: Append model gemm_compute
INFO-FLOW: Append model gemm_write
INFO-FLOW: Append model gemm_stage
INFO-FLOW: Append model spmm_load_csr_Pipeline_LOAD_ROWS
INFO-FLOW: Append model spmm_load_csr_Pipeline_LOAD_NNZ
INFO-FLOW: Append model spmm_load_csr
INFO-FLOW: Append model spmm_compute_Pipeline_SPMM_INIT
INFO-FLOW: Append model spmm_compute_Pipeline_SPMM_LOAD_H
INFO-FLOW: Append model spmm_compute_Pipeline_SPMM_MAC
INFO-FLOW: Append model spmm_compute_Pipeline_SPMM_WRITE
INFO-FLOW: Append model spmm_compute
INFO-FLOW: Append model spmm_store
INFO-FLOW: Append model spmm_stage
INFO-FLOW: Append model integrated_gcn
INFO-FLOW: Generating RTL model list ...
INFO-FLOW: All models in this session: integrated_gcn_mul_5ns_14ns_17_1_1 integrated_gcn_mac_muladd_7ns_7ns_17s_17_4_1 integrated_gcn_flow_control_loop_pipe integrated_gcn_flow_control_loop_pipe integrated_gcn_flow_control_loop_pipe_sequential_init integrated_gcn_flow_control_loop_pipe_sequential_init integrated_gcn_sparsemux_33_6_16_1_1 integrated_gcn_mac_muladd_16s_16s_32s_32_4_1 integrated_gcn_flow_control_loop_pipe_sequential_init integrated_gcn_sparsemux_9_2_32_1_1 integrated_gcn_flow_control_loop_pipe_sequential_init integrated_gcn_gemm_compute_XW_block_RAM_AUTO_1R1W integrated_gcn_flow_control_loop_pipe integrated_gcn_fifo_w512_d16_A integrated_gcn_fifo_w512_d16_A integrated_gcn_fifo_w512_d16_A integrated_gcn_start_for_gemm_compute_U0 integrated_gcn_start_for_gemm_write_U0 integrated_gcn_flow_control_loop_pipe_sequential_init integrated_gcn_flow_control_loop_pipe_sequential_init integrated_gcn_flow_control_loop_pipe_sequential_init integrated_gcn_flow_control_loop_pipe_sequential_init integrated_gcn_mul_26s_26s_52_1_1 integrated_gcn_flow_control_loop_pipe_sequential_init integrated_gcn_sparsemux_65_5_32_1_1 integrated_gcn_flow_control_loop_pipe_sequential_init integrated_gcn_spmm_compute_acc_RAM_AUTO_1R1W integrated_gcn_spmm_compute_h_buf_RAM_AUTO_1R1W integrated_gcn_flow_control_loop_pipe integrated_gcn_fifo_w32_d16_S integrated_gcn_fifo_w32_d256_A integrated_gcn_fifo_w16_d256_A integrated_gcn_fifo_w16_d32_S integrated_gcn_start_for_spmm_compute_U0 integrated_gcn_start_for_spmm_store_U0 integrated_gcn_gmem0_m_axi integrated_gcn_gmem1_m_axi integrated_gcn_gmem2_m_axi integrated_gcn_gmem3_m_axi integrated_gcn_gmem4_m_axi integrated_gcn_gmem5_m_axi integrated_gcn_gmem6_m_axi integrated_gcn_control_s_axi gemm_read_X gemm_read_W gemm_compute_Pipeline_COMP_INIT gemm_compute_Pipeline_COMP_LOAD_XW gemm_compute_Pipeline_COMP_I gemm_compute_Pipeline_COMP_EMIT_VITIS_LOOP_146_4 gemm_compute gemm_write gemm_stage spmm_load_csr_Pipeline_LOAD_ROWS spmm_load_csr_Pipeline_LOAD_NNZ spmm_load_csr spmm_compute_Pipeline_SPMM_INIT spmm_compute_Pipeline_SPMM_LOAD_H spmm_compute_Pipeline_SPMM_MAC spmm_compute_Pipeline_SPMM_WRITE spmm_compute spmm_store spmm_stage integrated_gcn
INFO-FLOW: Generating /home/nat/dev/trinners/mai_proj/hls/thesis-gcn-accelerator/vitis/integrated_gcn/integrated_gcn/integrated_gcn/hls/.autopilot/db/autopilot.rtl.models.txt file...
INFO-FLOW: To file: write model integrated_gcn_mul_5ns_14ns_17_1_1
INFO-FLOW: To file: write model integrated_gcn_mac_muladd_7ns_7ns_17s_17_4_1
INFO-FLOW: To file: write model integrated_gcn_flow_control_loop_pipe
INFO-FLOW: To file: write model integrated_gcn_flow_control_loop_pipe
INFO-FLOW: To file: write model integrated_gcn_flow_control_loop_pipe_sequential_init
INFO-FLOW: To file: write model integrated_gcn_flow_control_loop_pipe_sequential_init
INFO-FLOW: To file: write model integrated_gcn_sparsemux_33_6_16_1_1
INFO-FLOW: To file: write model integrated_gcn_mac_muladd_16s_16s_32s_32_4_1
INFO-FLOW: To file: write model integrated_gcn_flow_control_loop_pipe_sequential_init
INFO-FLOW: To file: write model integrated_gcn_sparsemux_9_2_32_1_1
INFO-FLOW: To file: write model integrated_gcn_flow_control_loop_pipe_sequential_init
INFO-FLOW: To file: write model integrated_gcn_gemm_compute_XW_block_RAM_AUTO_1R1W
INFO-FLOW: To file: write model integrated_gcn_flow_control_loop_pipe
INFO-FLOW: To file: write model integrated_gcn_fifo_w512_d16_A
INFO-FLOW: To file: write model integrated_gcn_fifo_w512_d16_A
INFO-FLOW: To file: write model integrated_gcn_fifo_w512_d16_A
INFO-FLOW: To file: write model integrated_gcn_start_for_gemm_compute_U0
INFO-FLOW: To file: write model integrated_gcn_start_for_gemm_write_U0
INFO-FLOW: To file: write model integrated_gcn_flow_control_loop_pipe_sequential_init
INFO-FLOW: To file: write model integrated_gcn_flow_control_loop_pipe_sequential_init
INFO-FLOW: To file: write model integrated_gcn_flow_control_loop_pipe_sequential_init
INFO-FLOW: To file: write model integrated_gcn_flow_control_loop_pipe_sequential_init
INFO-FLOW: To file: write model integrated_gcn_mul_26s_26s_52_1_1
INFO-FLOW: To file: write model integrated_gcn_flow_control_loop_pipe_sequential_init
INFO-FLOW: To file: write model integrated_gcn_sparsemux_65_5_32_1_1
INFO-FLOW: To file: write model integrated_gcn_flow_control_loop_pipe_sequential_init
INFO-FLOW: To file: write model integrated_gcn_spmm_compute_acc_RAM_AUTO_1R1W
INFO-FLOW: To file: write model integrated_gcn_spmm_compute_h_buf_RAM_AUTO_1R1W
INFO-FLOW: To file: write model integrated_gcn_flow_control_loop_pipe
INFO-FLOW: To file: write model integrated_gcn_fifo_w32_d16_S
INFO-FLOW: To file: write model integrated_gcn_fifo_w32_d256_A
INFO-FLOW: To file: write model integrated_gcn_fifo_w16_d256_A
INFO-FLOW: To file: write model integrated_gcn_fifo_w16_d32_S
INFO-FLOW: To file: write model integrated_gcn_start_for_spmm_compute_U0
INFO-FLOW: To file: write model integrated_gcn_start_for_spmm_store_U0
INFO-FLOW: To file: write model integrated_gcn_gmem0_m_axi
INFO-FLOW: To file: write model integrated_gcn_gmem1_m_axi
INFO-FLOW: To file: write model integrated_gcn_gmem2_m_axi
INFO-FLOW: To file: write model integrated_gcn_gmem3_m_axi
INFO-FLOW: To file: write model integrated_gcn_gmem4_m_axi
INFO-FLOW: To file: write model integrated_gcn_gmem5_m_axi
INFO-FLOW: To file: write model integrated_gcn_gmem6_m_axi
INFO-FLOW: To file: write model integrated_gcn_control_s_axi
INFO-FLOW: To file: write model gemm_read_X
INFO-FLOW: To file: write model gemm_read_W
INFO-FLOW: To file: write model gemm_compute_Pipeline_COMP_INIT
INFO-FLOW: To file: write model gemm_compute_Pipeline_COMP_LOAD_XW
INFO-FLOW: To file: write model gemm_compute_Pipeline_COMP_I
INFO-FLOW: To file: write model gemm_compute_Pipeline_COMP_EMIT_VITIS_LOOP_146_4
INFO-FLOW: To file: write model gemm_compute
INFO-FLOW: To file: write model gemm_write
INFO-FLOW: To file: write model gemm_stage
INFO-FLOW: To file: write model spmm_load_csr_Pipeline_LOAD_ROWS
INFO-FLOW: To file: write model spmm_load_csr_Pipeline_LOAD_NNZ
INFO-FLOW: To file: write model spmm_load_csr
INFO-FLOW: To file: write model spmm_compute_Pipeline_SPMM_INIT
INFO-FLOW: To file: write model spmm_compute_Pipeline_SPMM_LOAD_H
INFO-FLOW: To file: write model spmm_compute_Pipeline_SPMM_MAC
INFO-FLOW: To file: write model spmm_compute_Pipeline_SPMM_WRITE
INFO-FLOW: To file: write model spmm_compute
INFO-FLOW: To file: write model spmm_store
INFO-FLOW: To file: write model spmm_stage
INFO-FLOW: To file: write model integrated_gcn
INFO-FLOW: Generating /home/nat/dev/trinners/mai_proj/hls/thesis-gcn-accelerator/vitis/integrated_gcn/integrated_gcn/integrated_gcn/hls/.autopilot/db/autopilot.rtl.models.tcl file...
INFO-FLOW: Finished generating RTL model list.


INFO-FLOW: RTL Generation done.
INFO-FLOW: CAS Generation done.
INFO-FLOW: CBC Generation done.
Execute     AP::msg_collection_file -close 
INFO-FLOW: DBG:PROC: ::AESL_AUTOMG::auto_generate_csynth_design
INFO-FLOW: DBG:PUTS: read_platform_lib /home/nat/dev/trinners/mai_proj/hls/thesis-gcn-accelerator/vitis/integrated_gcn/integrated_gcn/integrated_gcn/hls/.autopilot/db/global.setting.tcl
Execute     source /opt/Xilinx/2025.2/Vitis/common/technology/generic/autopilot/common.gen 
Execute       source /opt/Xilinx/2025.2/Vitis/common/technology/generic/autopilot/APCoreGen.gen 
Execute     source /opt/Xilinx/2025.2/Vitis/common/technology/generic/autopilot/op.gen 
Execute     source /opt/Xilinx/2025.2/Vitis/common/technology/generic/autopilot/op_simcore.gen 
Execute     source /opt/Xilinx/2025.2/Vitis/common/technology/generic/autopilot/interface.gen 
Execute     source /home/nat/dev/trinners/mai_proj/hls/thesis-gcn-accelerator/vitis/integrated_gcn/integrated_gcn/integrated_gcn/hls/.autopilot/db/global.setting.tcl 
Execute     source /opt/Xilinx/2025.2/Vitis/common/technology/xilinx/common/xilinx.gen 
Execute       source /opt/Xilinx/2025.2/Vitis/common/technology/xilinx/interface/plb46.gen 
Execute       source /opt/Xilinx/2025.2/Vitis/common/technology/xilinx/interface/axi4.gen 
Execute       source /opt/Xilinx/2025.2/Vitis/common/technology/xilinx/interface/nativeAXI4.gen 
Execute         source /opt/Xilinx/2025.2/Vitis/common/technology/xilinx/interface/saxilite.gen 
Execute       source /opt/Xilinx/2025.2/Vitis/common/technology/xilinx/scripts/xilinxcoregen.gen 
Execute       source /opt/Xilinx/2025.2/Vitis/common/technology/xilinx/interface/XilEDKCoreGen.gen 
Execute       source /opt/Xilinx/2025.2/Vitis/common/technology/xilinx/ip/xfir.gen 
Execute       source /opt/Xilinx/2025.2/Vitis/common/technology/xilinx/ip/util.gen 
Execute       source /opt/Xilinx/2025.2/Vitis/common/technology/xilinx/ip/xfft.gen 
Execute       source /opt/Xilinx/2025.2/Vitis/common/technology/xilinx/ip/dds_compiler.gen 
Execute       source /opt/Xilinx/2025.2/Vitis/common/technology/xilinx/DSP48/dsp48.gen 
INFO-FLOW: DBG:PUTS:   using AESL_AUTOCG::g_clock_period=10.000 (was NA)
INFO-FLOW: DBG:PROC: ::AESL_AUTOMG::generate_ip_cores gen_sim_model='1' gen_fp_models='0' gen_for_export='0' dstSCDir='' dstVhdlDir='/home/nat/dev/trinners/mai_proj/hls/thesis-gcn-accelerator/vitis/integrated_gcn/integrated_gcn/integrated_gcn/hls/.autopilot/db/vhdl' dstVlogDir='/home/nat/dev/trinners/mai_proj/hls/thesis-gcn-accelerator/vitis/integrated_gcn/integrated_gcn/integrated_gcn/hls/.autopilot/db/vlog' tclDir='/home/nat/dev/trinners/mai_proj/hls/thesis-gcn-accelerator/vitis/integrated_gcn/integrated_gcn/integrated_gcn/hls/.autopilot/db' modelList='integrated_gcn_mul_5ns_14ns_17_1_1
integrated_gcn_mac_muladd_7ns_7ns_17s_17_4_1
integrated_gcn_flow_control_loop_pipe
integrated_gcn_flow_control_loop_pipe
integrated_gcn_flow_control_loop_pipe_sequential_init
integrated_gcn_flow_control_loop_pipe_sequential_init
integrated_gcn_sparsemux_33_6_16_1_1
integrated_gcn_mac_muladd_16s_16s_32s_32_4_1
integrated_gcn_flow_control_loop_pipe_sequential_init
integrated_gcn_sparsemux_9_2_32_1_1
integrated_gcn_flow_control_loop_pipe_sequential_init
integrated_gcn_gemm_compute_XW_block_RAM_AUTO_1R1W
integrated_gcn_flow_control_loop_pipe
integrated_gcn_fifo_w512_d16_A
integrated_gcn_fifo_w512_d16_A
integrated_gcn_fifo_w512_d16_A
integrated_gcn_start_for_gemm_compute_U0
integrated_gcn_start_for_gemm_write_U0
integrated_gcn_flow_control_loop_pipe_sequential_init
integrated_gcn_flow_control_loop_pipe_sequential_init
integrated_gcn_flow_control_loop_pipe_sequential_init
integrated_gcn_flow_control_loop_pipe_sequential_init
integrated_gcn_mul_26s_26s_52_1_1
integrated_gcn_flow_control_loop_pipe_sequential_init
integrated_gcn_sparsemux_65_5_32_1_1
integrated_gcn_flow_control_loop_pipe_sequential_init
integrated_gcn_spmm_compute_acc_RAM_AUTO_1R1W
integrated_gcn_spmm_compute_h_buf_RAM_AUTO_1R1W
integrated_gcn_flow_control_loop_pipe
integrated_gcn_fifo_w32_d16_S
integrated_gcn_fifo_w32_d256_A
integrated_gcn_fifo_w16_d256_A
integrated_gcn_fifo_w16_d32_S
integrated_gcn_start_for_spmm_compute_U0
integrated_gcn_start_for_spmm_store_U0
integrated_gcn_gmem0_m_axi
integrated_gcn_gmem1_m_axi
integrated_gcn_gmem2_m_axi
integrated_gcn_gmem3_m_axi
integrated_gcn_gmem4_m_axi
integrated_gcn_gmem5_m_axi
integrated_gcn_gmem6_m_axi
integrated_gcn_control_s_axi
gemm_read_X
gemm_read_W
gemm_compute_Pipeline_COMP_INIT
gemm_compute_Pipeline_COMP_LOAD_XW
gemm_compute_Pipeline_COMP_I
gemm_compute_Pipeline_COMP_EMIT_VITIS_LOOP_146_4
gemm_compute
gemm_write
gemm_stage
spmm_load_csr_Pipeline_LOAD_ROWS
spmm_load_csr_Pipeline_LOAD_NNZ
spmm_load_csr
spmm_compute_Pipeline_SPMM_INIT
spmm_compute_Pipeline_SPMM_LOAD_H
spmm_compute_Pipeline_SPMM_MAC
spmm_compute_Pipeline_SPMM_WRITE
spmm_compute
spmm_store
spmm_stage
integrated_gcn
' expOnly='0'
Execute     source /home/nat/dev/trinners/mai_proj/hls/thesis-gcn-accelerator/vitis/integrated_gcn/integrated_gcn/integrated_gcn/hls/.autopilot/db/global.setting.tcl 
Execute     ap_part_info -name xck26-sfvc784-2LV-c -data names -quiet 
Execute     ap_part_info -name xck26-sfvc784-2LV-c -data info -quiet 
Execute     source /home/nat/dev/trinners/mai_proj/hls/thesis-gcn-accelerator/vitis/integrated_gcn/integrated_gcn/integrated_gcn/hls/.autopilot/db/global.setting.tcl 
Execute     source /home/nat/dev/trinners/mai_proj/hls/thesis-gcn-accelerator/vitis/integrated_gcn/integrated_gcn/integrated_gcn/hls/.autopilot/db/global.setting.tcl 
Execute     source /home/nat/dev/trinners/mai_proj/hls/thesis-gcn-accelerator/vitis/integrated_gcn/integrated_gcn/integrated_gcn/hls/.autopilot/db/gemm_read_X.compgen.tcl 
Execute     source /home/nat/dev/trinners/mai_proj/hls/thesis-gcn-accelerator/vitis/integrated_gcn/integrated_gcn/integrated_gcn/hls/.autopilot/db/gemm_read_W.compgen.tcl 
Execute     source /home/nat/dev/trinners/mai_proj/hls/thesis-gcn-accelerator/vitis/integrated_gcn/integrated_gcn/integrated_gcn/hls/.autopilot/db/gemm_compute_Pipeline_COMP_INIT.compgen.tcl 
Execute     source /home/nat/dev/trinners/mai_proj/hls/thesis-gcn-accelerator/vitis/integrated_gcn/integrated_gcn/integrated_gcn/hls/.autopilot/db/gemm_compute_Pipeline_COMP_LOAD_XW.compgen.tcl 
Execute     source /home/nat/dev/trinners/mai_proj/hls/thesis-gcn-accelerator/vitis/integrated_gcn/integrated_gcn/integrated_gcn/hls/.autopilot/db/gemm_compute_Pipeline_COMP_I.compgen.tcl 
Execute     source /home/nat/dev/trinners/mai_proj/hls/thesis-gcn-accelerator/vitis/integrated_gcn/integrated_gcn/integrated_gcn/hls/.autopilot/db/gemm_compute_Pipeline_COMP_EMIT_VITIS_LOOP_146_4.compgen.tcl 
Execute     source /home/nat/dev/trinners/mai_proj/hls/thesis-gcn-accelerator/vitis/integrated_gcn/integrated_gcn/integrated_gcn/hls/.autopilot/db/gemm_compute.compgen.tcl 
Execute     source /home/nat/dev/trinners/mai_proj/hls/thesis-gcn-accelerator/vitis/integrated_gcn/integrated_gcn/integrated_gcn/hls/.autopilot/db/gemm_write.compgen.tcl 
Execute     source /home/nat/dev/trinners/mai_proj/hls/thesis-gcn-accelerator/vitis/integrated_gcn/integrated_gcn/integrated_gcn/hls/.autopilot/db/gemm_stage.compgen.tcl 
Execute     source /home/nat/dev/trinners/mai_proj/hls/thesis-gcn-accelerator/vitis/integrated_gcn/integrated_gcn/integrated_gcn/hls/.autopilot/db/spmm_load_csr_Pipeline_LOAD_ROWS.compgen.tcl 
Execute     source /home/nat/dev/trinners/mai_proj/hls/thesis-gcn-accelerator/vitis/integrated_gcn/integrated_gcn/integrated_gcn/hls/.autopilot/db/spmm_load_csr_Pipeline_LOAD_NNZ.compgen.tcl 
Execute     source /home/nat/dev/trinners/mai_proj/hls/thesis-gcn-accelerator/vitis/integrated_gcn/integrated_gcn/integrated_gcn/hls/.autopilot/db/spmm_load_csr.compgen.tcl 
Execute     source /home/nat/dev/trinners/mai_proj/hls/thesis-gcn-accelerator/vitis/integrated_gcn/integrated_gcn/integrated_gcn/hls/.autopilot/db/spmm_compute_Pipeline_SPMM_INIT.compgen.tcl 
Execute     source /home/nat/dev/trinners/mai_proj/hls/thesis-gcn-accelerator/vitis/integrated_gcn/integrated_gcn/integrated_gcn/hls/.autopilot/db/spmm_compute_Pipeline_SPMM_LOAD_H.compgen.tcl 
Execute     source /home/nat/dev/trinners/mai_proj/hls/thesis-gcn-accelerator/vitis/integrated_gcn/integrated_gcn/integrated_gcn/hls/.autopilot/db/spmm_compute_Pipeline_SPMM_MAC.compgen.tcl 
Execute     source /home/nat/dev/trinners/mai_proj/hls/thesis-gcn-accelerator/vitis/integrated_gcn/integrated_gcn/integrated_gcn/hls/.autopilot/db/spmm_compute_Pipeline_SPMM_WRITE.compgen.tcl 
Execute     source /home/nat/dev/trinners/mai_proj/hls/thesis-gcn-accelerator/vitis/integrated_gcn/integrated_gcn/integrated_gcn/hls/.autopilot/db/spmm_compute.compgen.tcl 
Execute     source /home/nat/dev/trinners/mai_proj/hls/thesis-gcn-accelerator/vitis/integrated_gcn/integrated_gcn/integrated_gcn/hls/.autopilot/db/spmm_store.compgen.tcl 
Execute     source /home/nat/dev/trinners/mai_proj/hls/thesis-gcn-accelerator/vitis/integrated_gcn/integrated_gcn/integrated_gcn/hls/.autopilot/db/spmm_stage.compgen.tcl 
Execute     source /home/nat/dev/trinners/mai_proj/hls/thesis-gcn-accelerator/vitis/integrated_gcn/integrated_gcn/integrated_gcn/hls/.autopilot/db/integrated_gcn.compgen.tcl 
Execute       source ./control.slave.tcl 
INFO: [HLS 200-111] Finished Generating all RTL models: CPU user time: 0.28 seconds. CPU system time: 0.03 seconds. Elapsed time: 0.31 seconds; current allocated memory: 865.305 MB.
INFO-FLOW: DBG:PROC: ::HLSREPORTS::create_csynth_xml bind_info_var='bind_info' RtlSubPrefix='integrated_gcn_' outfile=''
INFO-FLOW: Running: create_csynth_xml read xml data
INFO-FLOW: Done: create_csynth_xml read xml data time: 0 seconds 
INFO-FLOW: create_csynth_xml: all_module_nodes count=20
INFO-FLOW: Running: create_csynth_xml bind info
INFO-FLOW: create_csynth_xml: all_bind_nodes count=2173
INFO-FLOW: No bind nodes found for module_name integrated_gcn
INFO-FLOW: Done: create_csynth_xml bind info time: 0.1 seconds 
INFO-FLOW: create_csynth_xml: bind_instances counts: modules=20 instances=2166
INFO-FLOW: Running: create_csynth_xml update csynth_xml_module_hier
INFO-FLOW: Done: create_csynth_xml update csynth_xml_module_hier time: 0 seconds 
INFO-FLOW: create_csynth_xml: csynth_xml_module_hier max_depth=5
INFO-FLOW: Running: create_csynth_xml gen bind_report_dict
INFO-FLOW: Done: create_csynth_xml gen bind_report_dict time: 0 seconds 
INFO-FLOW: Running: create_csynth_xml config info
INFO-FLOW: Done: create_csynth_xml config info time: 0.1 seconds 
INFO-FLOW: Running: create_csynth_xml write xml
INFO-FLOW: Done: create_csynth_xml write xml time: 0 seconds 
INFO-FLOW: DBG:PUTS:      create_csynth_xml wrote csynth_xml=/home/nat/dev/trinners/mai_proj/hls/thesis-gcn-accelerator/vitis/integrated_gcn/integrated_gcn/integrated_gcn/hls/syn/report/csynth.xml
INFO-FLOW: Running: generate_json
INFO-FLOW: DBG:PROC: ::AP::DESIGN_DATA::generate_json generate_bd_files='0' generate_xo_files='0' modelList='integrated_gcn_mul_5ns_14ns_17_1_1
integrated_gcn_mac_muladd_7ns_7ns_17s_17_4_1
integrated_gcn_flow_control_loop_pipe
integrated_gcn_flow_control_loop_pipe
integrated_gcn_flow_control_loop_pipe_sequential_init
integrated_gcn_flow_control_loop_pipe_sequential_init
integrated_gcn_sparsemux_33_6_16_1_1
integrated_gcn_mac_muladd_16s_16s_32s_32_4_1
integrated_gcn_flow_control_loop_pipe_sequential_init
integrated_gcn_sparsemux_9_2_32_1_1
integrated_gcn_flow_control_loop_pipe_sequential_init
integrated_gcn_gemm_compute_XW_block_RAM_AUTO_1R1W
integrated_gcn_flow_control_loop_pipe
integrated_gcn_fifo_w512_d16_A
integrated_gcn_fifo_w512_d16_A
integrated_gcn_fifo_w512_d16_A
integrated_gcn_start_for_gemm_compute_U0
integrated_gcn_start_for_gemm_write_U0
integrated_gcn_flow_control_loop_pipe_sequential_init
integrated_gcn_flow_control_loop_pipe_sequential_init
integrated_gcn_flow_control_loop_pipe_sequential_init
integrated_gcn_flow_control_loop_pipe_sequential_init
integrated_gcn_mul_26s_26s_52_1_1
integrated_gcn_flow_control_loop_pipe_sequential_init
integrated_gcn_sparsemux_65_5_32_1_1
integrated_gcn_flow_control_loop_pipe_sequential_init
integrated_gcn_spmm_compute_acc_RAM_AUTO_1R1W
integrated_gcn_spmm_compute_h_buf_RAM_AUTO_1R1W
integrated_gcn_flow_control_loop_pipe
integrated_gcn_fifo_w32_d16_S
integrated_gcn_fifo_w32_d256_A
integrated_gcn_fifo_w16_d256_A
integrated_gcn_fifo_w16_d32_S
integrated_gcn_start_for_spmm_compute_U0
integrated_gcn_start_for_spmm_store_U0
integrated_gcn_gmem0_m_axi
integrated_gcn_gmem1_m_axi
integrated_gcn_gmem2_m_axi
integrated_gcn_gmem3_m_axi
integrated_gcn_gmem4_m_axi
integrated_gcn_gmem5_m_axi
integrated_gcn_gmem6_m_axi
integrated_gcn_control_s_axi
gemm_read_X
gemm_read_W
gemm_compute_Pipeline_COMP_INIT
gemm_compute_Pipeline_COMP_LOAD_XW
gemm_compute_Pipeline_COMP_I
gemm_compute_Pipeline_COMP_EMIT_VITIS_LOOP_146_4
gemm_compute
gemm_write
gemm_stage
spmm_load_csr_Pipeline_LOAD_ROWS
spmm_load_csr_Pipeline_LOAD_NNZ
spmm_load_csr
spmm_compute_Pipeline_SPMM_INIT
spmm_compute_Pipeline_SPMM_LOAD_H
spmm_compute_Pipeline_SPMM_MAC
spmm_compute_Pipeline_SPMM_WRITE
spmm_compute
spmm_store
spmm_stage
integrated_gcn
' rtl_lang='both' bootstrap_tcl='false' outdir='' outfilename=''
Execute     source /home/nat/dev/trinners/mai_proj/hls/thesis-gcn-accelerator/vitis/integrated_gcn/integrated_gcn/integrated_gcn/hls/.autopilot/db/global.setting.tcl 
Execute     source /home/nat/dev/trinners/mai_proj/hls/thesis-gcn-accelerator/vitis/integrated_gcn/integrated_gcn/integrated_gcn/hls/.autopilot/db/global.setting.tcl 
Execute     source /home/nat/dev/trinners/mai_proj/hls/thesis-gcn-accelerator/vitis/integrated_gcn/integrated_gcn/integrated_gcn/hls/.autopilot/db/top-io-be.tcl 
Execute     source /home/nat/dev/trinners/mai_proj/hls/thesis-gcn-accelerator/vitis/integrated_gcn/integrated_gcn/integrated_gcn/hls/.autopilot/db/integrated_gcn.tbgen.tcl 
Execute     source /home/nat/dev/trinners/mai_proj/hls/thesis-gcn-accelerator/vitis/integrated_gcn/integrated_gcn/integrated_gcn/hls/.autopilot/db/integrated_gcn.compgen.dataonly.tcl 
Execute     source /home/nat/dev/trinners/mai_proj/hls/thesis-gcn-accelerator/vitis/integrated_gcn/integrated_gcn/integrated_gcn/hls/.autopilot/db/integrated_gcn.compgen.dataonly.tcl 
Execute     source /home/nat/dev/trinners/mai_proj/hls/thesis-gcn-accelerator/vitis/integrated_gcn/integrated_gcn/integrated_gcn/hls/.autopilot/db/integrated_gcn.rtl_wrap.cfg.tcl 
Execute     source /home/nat/dev/trinners/mai_proj/hls/thesis-gcn-accelerator/vitis/integrated_gcn/integrated_gcn/integrated_gcn/hls/.autopilot/db/integrated_gcn.compgen.dataonly.tcl 
Execute     source /home/nat/dev/trinners/mai_proj/hls/thesis-gcn-accelerator/vitis/integrated_gcn/integrated_gcn/integrated_gcn/hls/.autopilot/db/gemm_read_X.tbgen.tcl 
Execute     source /home/nat/dev/trinners/mai_proj/hls/thesis-gcn-accelerator/vitis/integrated_gcn/integrated_gcn/integrated_gcn/hls/.autopilot/db/gemm_read_W.tbgen.tcl 
Execute     source /home/nat/dev/trinners/mai_proj/hls/thesis-gcn-accelerator/vitis/integrated_gcn/integrated_gcn/integrated_gcn/hls/.autopilot/db/gemm_compute_Pipeline_COMP_INIT.tbgen.tcl 
Execute     source /home/nat/dev/trinners/mai_proj/hls/thesis-gcn-accelerator/vitis/integrated_gcn/integrated_gcn/integrated_gcn/hls/.autopilot/db/gemm_compute_Pipeline_COMP_LOAD_XW.tbgen.tcl 
Execute     source /home/nat/dev/trinners/mai_proj/hls/thesis-gcn-accelerator/vitis/integrated_gcn/integrated_gcn/integrated_gcn/hls/.autopilot/db/gemm_compute_Pipeline_COMP_I.tbgen.tcl 
Execute     source /home/nat/dev/trinners/mai_proj/hls/thesis-gcn-accelerator/vitis/integrated_gcn/integrated_gcn/integrated_gcn/hls/.autopilot/db/gemm_compute_Pipeline_COMP_EMIT_VITIS_LOOP_146_4.tbgen.tcl 
Execute     source /home/nat/dev/trinners/mai_proj/hls/thesis-gcn-accelerator/vitis/integrated_gcn/integrated_gcn/integrated_gcn/hls/.autopilot/db/gemm_compute.tbgen.tcl 
Execute     source /home/nat/dev/trinners/mai_proj/hls/thesis-gcn-accelerator/vitis/integrated_gcn/integrated_gcn/integrated_gcn/hls/.autopilot/db/gemm_write.tbgen.tcl 
Execute     source /home/nat/dev/trinners/mai_proj/hls/thesis-gcn-accelerator/vitis/integrated_gcn/integrated_gcn/integrated_gcn/hls/.autopilot/db/gemm_stage.tbgen.tcl 
Execute     source /home/nat/dev/trinners/mai_proj/hls/thesis-gcn-accelerator/vitis/integrated_gcn/integrated_gcn/integrated_gcn/hls/.autopilot/db/spmm_load_csr_Pipeline_LOAD_ROWS.tbgen.tcl 
Execute     source /home/nat/dev/trinners/mai_proj/hls/thesis-gcn-accelerator/vitis/integrated_gcn/integrated_gcn/integrated_gcn/hls/.autopilot/db/spmm_load_csr_Pipeline_LOAD_NNZ.tbgen.tcl 
Execute     source /home/nat/dev/trinners/mai_proj/hls/thesis-gcn-accelerator/vitis/integrated_gcn/integrated_gcn/integrated_gcn/hls/.autopilot/db/spmm_load_csr.tbgen.tcl 
Execute     source /home/nat/dev/trinners/mai_proj/hls/thesis-gcn-accelerator/vitis/integrated_gcn/integrated_gcn/integrated_gcn/hls/.autopilot/db/spmm_compute_Pipeline_SPMM_INIT.tbgen.tcl 
Execute     source /home/nat/dev/trinners/mai_proj/hls/thesis-gcn-accelerator/vitis/integrated_gcn/integrated_gcn/integrated_gcn/hls/.autopilot/db/spmm_compute_Pipeline_SPMM_LOAD_H.tbgen.tcl 
Execute     source /home/nat/dev/trinners/mai_proj/hls/thesis-gcn-accelerator/vitis/integrated_gcn/integrated_gcn/integrated_gcn/hls/.autopilot/db/spmm_compute_Pipeline_SPMM_MAC.tbgen.tcl 
Execute     source /home/nat/dev/trinners/mai_proj/hls/thesis-gcn-accelerator/vitis/integrated_gcn/integrated_gcn/integrated_gcn/hls/.autopilot/db/spmm_compute_Pipeline_SPMM_WRITE.tbgen.tcl 
Execute     source /home/nat/dev/trinners/mai_proj/hls/thesis-gcn-accelerator/vitis/integrated_gcn/integrated_gcn/integrated_gcn/hls/.autopilot/db/spmm_compute.tbgen.tcl 
Execute     source /home/nat/dev/trinners/mai_proj/hls/thesis-gcn-accelerator/vitis/integrated_gcn/integrated_gcn/integrated_gcn/hls/.autopilot/db/spmm_store.tbgen.tcl 
Execute     source /home/nat/dev/trinners/mai_proj/hls/thesis-gcn-accelerator/vitis/integrated_gcn/integrated_gcn/integrated_gcn/hls/.autopilot/db/spmm_stage.tbgen.tcl 
Execute     source /home/nat/dev/trinners/mai_proj/hls/thesis-gcn-accelerator/vitis/integrated_gcn/integrated_gcn/integrated_gcn/hls/.autopilot/db/integrated_gcn.tbgen.tcl 
Execute     source /home/nat/dev/trinners/mai_proj/hls/thesis-gcn-accelerator/vitis/integrated_gcn/integrated_gcn/integrated_gcn/hls/.autopilot/db/global.setting.tcl 
Execute     ap_part_info -name xck26-sfvc784-2LV-c -data names -quiet 
Execute     ap_part_info -name xck26-sfvc784-2LV-c -data info -quiet 
Execute     source /home/nat/dev/trinners/mai_proj/hls/thesis-gcn-accelerator/vitis/integrated_gcn/integrated_gcn/integrated_gcn/hls/.autopilot/db/integrated_gcn.constraint.tcl 
Execute     sc_get_clocks integrated_gcn 
Execute     source /home/nat/dev/trinners/mai_proj/hls/thesis-gcn-accelerator/vitis/integrated_gcn/integrated_gcn/integrated_gcn/hls/.autopilot/db/global.setting.tcl 
Execute     source /opt/Xilinx/2025.2/Vitis/tps/tcl/tcllib2.0/fileutil/fileutil.tcl 
INFO-FLOW: Done: generate_json time: 0.3 seconds 
INFO-FLOW: Running: add_csynth_report_sections
INFO-FLOW: DBG:PROC: ::HLSREPORTS::add_csynth_report_sections bind_info_dict='adapter_nodes {{BINDTYPE adapter ID {} IMPL {} LATENCY {} OPTYPE {} PRAGMA {} RTLNAME control_s_axi_U SOURCE {} VARIABLE {} LOOP {} BUNDLEDNAME control DSP 0 BRAM 0 URAM 0 STORAGESUBTYPE s_axilite STORAGESIZE {} STORAGEUSAGE interface DISPNAME {bind_adapter }} {BINDTYPE adapter ID {} IMPL {} LATENCY {} OPTYPE {} PRAGMA {} RTLNAME gmem0_m_axi_U SOURCE {} VARIABLE {} LOOP {} BUNDLEDNAME gmem0 DSP 0 BRAM 29 URAM 0 STORAGESUBTYPE m_axi STORAGESIZE {} STORAGEUSAGE interface DISPNAME {bind_adapter }} {BINDTYPE adapter ID {} IMPL {} LATENCY {} OPTYPE {} PRAGMA {} RTLNAME gmem1_m_axi_U SOURCE {} VARIABLE {} LOOP {} BUNDLEDNAME gmem1 DSP 0 BRAM 29 URAM 0 STORAGESUBTYPE m_axi STORAGESIZE {} STORAGEUSAGE interface DISPNAME {bind_adapter }} {BINDTYPE adapter ID {} IMPL {} LATENCY {} OPTYPE {} PRAGMA {} RTLNAME gmem2_m_axi_U SOURCE {} VARIABLE {} LOOP {} BUNDLEDNAME gmem2 DSP 0 BRAM 29 URAM 0 STORAGESUBTYPE m_axi STORAGESIZE {} STORAGEUSAGE interface DISPNAME {bind_adapter }} {BINDTYPE adapter ID {} IMPL {} LATENCY {} OPTYPE {} PRAGMA {} RTLNAME gmem3_m_axi_U SOURCE {} VARIABLE {} LOOP {} BUNDLEDNAME gmem3 DSP 0 BRAM 2 URAM 0 STORAGESUBTYPE m_axi STORAGESIZE {} STORAGEUSAGE interface DISPNAME {bind_adapter }} {BINDTYPE adapter ID {} IMPL {} LATENCY {} OPTYPE {} PRAGMA {} RTLNAME gmem4_m_axi_U SOURCE {} VARIABLE {} LOOP {} BUNDLEDNAME gmem4 DSP 0 BRAM 2 URAM 0 STORAGESUBTYPE m_axi STORAGESIZE {} STORAGEUSAGE interface DISPNAME {bind_adapter }} {BINDTYPE adapter ID {} IMPL {} LATENCY {} OPTYPE {} PRAGMA {} RTLNAME gmem5_m_axi_U SOURCE {} VARIABLE {} LOOP {} BUNDLEDNAME gmem5 DSP 0 BRAM 2 URAM 0 STORAGESUBTYPE m_axi STORAGESIZE {} STORAGEUSAGE interface DISPNAME {bind_adapter }} {BINDTYPE adapter ID {} IMPL {} LATENCY {} OPTYPE {} PRAGMA {} RTLNAME gmem6_m_axi_U SOURCE {} VARIABLE {} LOOP {} BUNDLEDNAME gmem6 DSP 0 BRAM 0 URAM 0 STORAGESUBTYPE m_axi STORAGESIZE {} STORAGEUSAGE interface DISPNAME {bind_adapter }}} cache_nodes {} report_dict {TOPINST integrated_gcn MODULE2INSTS {integrated_gcn integrated_gcn gemm_stage grp_gemm_stage_fu_148 gemm_read_X gemm_read_X_U0 gemm_read_W gemm_read_W_U0 gemm_compute gemm_compute_U0 gemm_compute_Pipeline_COMP_INIT grp_gemm_compute_Pipeline_COMP_INIT_fu_2138 gemm_compute_Pipeline_COMP_EMIT_VITIS_LOOP_146_4 grp_gemm_compute_Pipeline_COMP_EMIT_VITIS_LOOP_146_4_fu_2398 gemm_compute_Pipeline_COMP_LOAD_XW grp_gemm_compute_Pipeline_COMP_LOAD_XW_fu_2660 gemm_compute_Pipeline_COMP_I grp_gemm_compute_Pipeline_COMP_I_fu_2924 gemm_write gemm_write_U0 spmm_stage grp_spmm_stage_fu_164 spmm_load_csr spmm_load_csr_U0 spmm_load_csr_Pipeline_LOAD_ROWS grp_spmm_load_csr_Pipeline_LOAD_ROWS_fu_121 spmm_load_csr_Pipeline_LOAD_NNZ grp_spmm_load_csr_Pipeline_LOAD_NNZ_fu_130 spmm_compute spmm_compute_U0 spmm_compute_Pipeline_SPMM_INIT grp_spmm_compute_Pipeline_SPMM_INIT_fu_402 spmm_compute_Pipeline_SPMM_WRITE grp_spmm_compute_Pipeline_SPMM_WRITE_fu_438 spmm_compute_Pipeline_SPMM_LOAD_H grp_spmm_compute_Pipeline_SPMM_LOAD_H_fu_476 spmm_compute_Pipeline_SPMM_MAC grp_spmm_compute_Pipeline_SPMM_MAC_fu_515 spmm_store spmm_store_U0} INST2MODULE {integrated_gcn integrated_gcn grp_gemm_stage_fu_148 gemm_stage gemm_read_X_U0 gemm_read_X gemm_read_W_U0 gemm_read_W gemm_compute_U0 gemm_compute grp_gemm_compute_Pipeline_COMP_INIT_fu_2138 gemm_compute_Pipeline_COMP_INIT grp_gemm_compute_Pipeline_COMP_EMIT_VITIS_LOOP_146_4_fu_2398 gemm_compute_Pipeline_COMP_EMIT_VITIS_LOOP_146_4 grp_gemm_compute_Pipeline_COMP_LOAD_XW_fu_2660 gemm_compute_Pipeline_COMP_LOAD_XW grp_gemm_compute_Pipeline_COMP_I_fu_2924 gemm_compute_Pipeline_COMP_I gemm_write_U0 gemm_write grp_spmm_stage_fu_164 spmm_stage spmm_load_csr_U0 spmm_load_csr grp_spmm_load_csr_Pipeline_LOAD_ROWS_fu_121 spmm_load_csr_Pipeline_LOAD_ROWS grp_spmm_load_csr_Pipeline_LOAD_NNZ_fu_130 spmm_load_csr_Pipeline_LOAD_NNZ spmm_compute_U0 spmm_compute grp_spmm_compute_Pipeline_SPMM_INIT_fu_402 spmm_compute_Pipeline_SPMM_INIT grp_spmm_compute_Pipeline_SPMM_WRITE_fu_438 spmm_compute_Pipeline_SPMM_WRITE grp_spmm_compute_Pipeline_SPMM_LOAD_H_fu_476 spmm_compute_Pipeline_SPMM_LOAD_H grp_spmm_compute_Pipeline_SPMM_MAC_fu_515 spmm_compute_Pipeline_SPMM_MAC spmm_store_U0 spmm_store} INSTDATA {integrated_gcn {DEPTH 1 CHILDREN {grp_gemm_stage_fu_148 grp_spmm_stage_fu_164}} grp_gemm_stage_fu_148 {DEPTH 2 CHILDREN {gemm_read_X_U0 gemm_read_W_U0 gemm_compute_U0 gemm_write_U0}} gemm_read_X_U0 {DEPTH 3 CHILDREN {}} gemm_read_W_U0 {DEPTH 3 CHILDREN {}} gemm_compute_U0 {DEPTH 3 CHILDREN {grp_gemm_compute_Pipeline_COMP_INIT_fu_2138 grp_gemm_compute_Pipeline_COMP_EMIT_VITIS_LOOP_146_4_fu_2398 grp_gemm_compute_Pipeline_COMP_LOAD_XW_fu_2660 grp_gemm_compute_Pipeline_COMP_I_fu_2924}} grp_gemm_compute_Pipeline_COMP_INIT_fu_2138 {DEPTH 4 CHILDREN {}} grp_gemm_compute_Pipeline_COMP_EMIT_VITIS_LOOP_146_4_fu_2398 {DEPTH 4 CHILDREN {}} grp_gemm_compute_Pipeline_COMP_LOAD_XW_fu_2660 {DEPTH 4 CHILDREN {}} grp_gemm_compute_Pipeline_COMP_I_fu_2924 {DEPTH 4 CHILDREN {}} gemm_write_U0 {DEPTH 3 CHILDREN {}} grp_spmm_stage_fu_164 {DEPTH 2 CHILDREN {spmm_load_csr_U0 spmm_compute_U0 spmm_store_U0}} spmm_load_csr_U0 {DEPTH 3 CHILDREN {grp_spmm_load_csr_Pipeline_LOAD_ROWS_fu_121 grp_spmm_load_csr_Pipeline_LOAD_NNZ_fu_130}} grp_spmm_load_csr_Pipeline_LOAD_ROWS_fu_121 {DEPTH 4 CHILDREN {}} grp_spmm_load_csr_Pipeline_LOAD_NNZ_fu_130 {DEPTH 4 CHILDREN {}} spmm_compute_U0 {DEPTH 3 CHILDREN {grp_spmm_compute_Pipeline_SPMM_INIT_fu_402 grp_spmm_compute_Pipeline_SPMM_WRITE_fu_438 grp_spmm_compute_Pipeline_SPMM_LOAD_H_fu_476 grp_spmm_compute_Pipeline_SPMM_MAC_fu_515}} grp_spmm_compute_Pipeline_SPMM_INIT_fu_402 {DEPTH 4 CHILDREN {}} grp_spmm_compute_Pipeline_SPMM_WRITE_fu_438 {DEPTH 4 CHILDREN {}} grp_spmm_compute_Pipeline_SPMM_LOAD_H_fu_476 {DEPTH 4 CHILDREN {}} grp_spmm_compute_Pipeline_SPMM_MAC_fu_515 {DEPTH 4 CHILDREN {}} spmm_store_U0 {DEPTH 3 CHILDREN {}}} MODULEDATA {gemm_read_X {BINDINFO {{BINDTYPE op ID {} IMPL auto LATENCY 0 OPTYPE seteq PRAGMA {} RTLNAME icmp_ln35_fu_221_p2 SOURCE src/integrated-gcn/integrated_gcn.cpp:35 VARIABLE icmp_ln35 LOOP VITIS_LOOP_35_1_VITIS_LOOP_37_3_VITIS_LOOP_38_4_VITIS_LOOP_39_5 BUNDLEDNAME {} DSP 0 BRAM 0 URAM 0 STORAGESUBTYPE {} DISPNAME {bind_op seteq} VISIBLE false} {BINDTYPE op ID {} IMPL fabric LATENCY 0 OPTYPE add PRAGMA {} RTLNAME add_ln35_fu_227_p2 SOURCE src/integrated-gcn/integrated_gcn.cpp:35 VARIABLE add_ln35 LOOP VITIS_LOOP_35_1_VITIS_LOOP_37_3_VITIS_LOOP_38_4_VITIS_LOOP_39_5 BUNDLEDNAME {} DSP 0 BRAM 0 URAM 0 STORAGESUBTYPE {} DISPNAME {bind_op add} VISIBLE true} {BINDTYPE op ID {} IMPL auto LATENCY 0 OPTYPE seteq PRAGMA {} RTLNAME icmp_ln37_fu_236_p2 SOURCE src/integrated-gcn/integrated_gcn.cpp:37 VARIABLE icmp_ln37 LOOP VITIS_LOOP_35_1_VITIS_LOOP_37_3_VITIS_LOOP_38_4_VITIS_LOOP_39_5 BUNDLEDNAME {} DSP 0 BRAM 0 URAM 0 STORAGESUBTYPE {} DISPNAME {bind_op seteq} VISIBLE false} {BINDTYPE op ID {} IMPL auto_sel LATENCY 0 OPTYPE select PRAGMA {} RTLNAME select_ln35_fu_425_p3 SOURCE src/integrated-gcn/integrated_gcn.cpp:35 VARIABLE select_ln35 LOOP VITIS_LOOP_35_1_VITIS_LOOP_37_3_VITIS_LOOP_38_4_VITIS_LOOP_39_5 BUNDLEDNAME {} DSP 0 BRAM 0 URAM 0 STORAGESUBTYPE {} DISPNAME {bind_op select} VISIBLE false} {BINDTYPE op ID {} IMPL auto LATENCY 0 OPTYPE or PRAGMA {} RTLNAME or_ln35_fu_242_p2 SOURCE src/integrated-gcn/integrated_gcn.cpp:35 VARIABLE or_ln35 LOOP VITIS_LOOP_35_1_VITIS_LOOP_37_3_VITIS_LOOP_38_4_VITIS_LOOP_39_5 BUNDLEDNAME {} DSP 0 BRAM 0 URAM 0 STORAGESUBTYPE {} DISPNAME {bind_op or} VISIBLE false} {BINDTYPE op ID {} IMPL auto LATENCY 0 OPTYPE xor PRAGMA {} RTLNAME xor_ln35_fu_248_p2 SOURCE src/integrated-gcn/integrated_gcn.cpp:35 VARIABLE xor_ln35 LOOP VITIS_LOOP_35_1_VITIS_LOOP_37_3_VITIS_LOOP_38_4_VITIS_LOOP_39_5 BUNDLEDNAME {} DSP 0 BRAM 0 URAM 0 STORAGESUBTYPE {} DISPNAME {bind_op xor} VISIBLE false} {BINDTYPE op ID {} IMPL auto LATENCY 0 OPTYPE seteq PRAGMA {} RTLNAME icmp_ln39_fu_254_p2 SOURCE src/integrated-gcn/integrated_gcn.cpp:39 VARIABLE icmp_ln39 LOOP VITIS_LOOP_35_1_VITIS_LOOP_37_3_VITIS_LOOP_38_4_VITIS_LOOP_39_5 BUNDLEDNAME {} DSP 0 BRAM 0 URAM 0 STORAGESUBTYPE {} DISPNAME {bind_op seteq} VISIBLE false} {BINDTYPE op ID {} IMPL auto LATENCY 0 OPTYPE and PRAGMA {} RTLNAME and_ln35_fu_260_p2 SOURCE src/integrated-gcn/integrated_gcn.cpp:35 VARIABLE and_ln35 LOOP VITIS_LOOP_35_1_VITIS_LOOP_37_3_VITIS_LOOP_38_4_VITIS_LOOP_39_5 BUNDLEDNAME {} DSP 0 BRAM 0 URAM 0 STORAGESUBTYPE {} DISPNAME {bind_op and} VISIBLE false} {BINDTYPE op ID {} IMPL auto LATENCY 0 OPTYPE seteq PRAGMA {} RTLNAME icmp_ln38_fu_266_p2 SOURCE src/integrated-gcn/integrated_gcn.cpp:38 VARIABLE icmp_ln38 LOOP VITIS_LOOP_35_1_VITIS_LOOP_37_3_VITIS_LOOP_38_4_VITIS_LOOP_39_5 BUNDLEDNAME {} DSP 0 BRAM 0 URAM 0 STORAGESUBTYPE {} DISPNAME {bind_op seteq} VISIBLE false} {BINDTYPE op ID {} IMPL auto LATENCY 0 OPTYPE and PRAGMA {} RTLNAME and_ln35_1_fu_272_p2 SOURCE src/integrated-gcn/integrated_gcn.cpp:35 VARIABLE and_ln35_1 LOOP VITIS_LOOP_35_1_VITIS_LOOP_37_3_VITIS_LOOP_38_4_VITIS_LOOP_39_5 BUNDLEDNAME {} DSP 0 BRAM 0 URAM 0 STORAGESUBTYPE {} DISPNAME {bind_op and} VISIBLE false} {BINDTYPE op ID {} IMPL fabric LATENCY 0 OPTYPE add PRAGMA {} RTLNAME add_ln35_1_fu_432_p2 SOURCE src/integrated-gcn/integrated_gcn.cpp:35 VARIABLE add_ln35_1 LOOP VITIS_LOOP_35_1_VITIS_LOOP_37_3_VITIS_LOOP_38_4_VITIS_LOOP_39_5 BUNDLEDNAME {} DSP 0 BRAM 0 URAM 0 STORAGESUBTYPE {} DISPNAME {bind_op add} VISIBLE true} {BINDTYPE op ID {} IMPL auto_sel LATENCY 0 OPTYPE select PRAGMA {} RTLNAME select_ln35_1_fu_438_p3 SOURCE src/integrated-gcn/integrated_gcn.cpp:35 VARIABLE select_ln35_1 LOOP VITIS_LOOP_35_1_VITIS_LOOP_37_3_VITIS_LOOP_38_4_VITIS_LOOP_39_5 BUNDLEDNAME {} DSP 0 BRAM 0 URAM 0 STORAGESUBTYPE {} DISPNAME {bind_op select} VISIBLE false} {BINDTYPE op ID {} IMPL fabric LATENCY 0 OPTYPE add PRAGMA {} RTLNAME add_ln37_fu_445_p2 SOURCE src/integrated-gcn/integrated_gcn.cpp:37 VARIABLE add_ln37 LOOP VITIS_LOOP_35_1_VITIS_LOOP_37_3_VITIS_LOOP_38_4_VITIS_LOOP_39_5 BUNDLEDNAME {} DSP 0 BRAM 0 URAM 0 STORAGESUBTYPE {} DISPNAME {bind_op add} VISIBLE true} {BINDTYPE op ID {} IMPL auto LATENCY 0 OPTYPE or PRAGMA {} RTLNAME empty_119_fu_278_p2 SOURCE src/integrated-gcn/integrated_gcn.cpp:35 VARIABLE empty_119 LOOP VITIS_LOOP_35_1_VITIS_LOOP_37_3_VITIS_LOOP_38_4_VITIS_LOOP_39_5 BUNDLEDNAME {} DSP 0 BRAM 0 URAM 0 STORAGESUBTYPE {} DISPNAME {bind_op or} VISIBLE false} {BINDTYPE op ID {} IMPL auto_sel LATENCY 0 OPTYPE select PRAGMA {} RTLNAME k_mid26_fu_284_p3 SOURCE src/integrated-gcn/integrated_gcn.cpp:35 VARIABLE k_mid26 LOOP VITIS_LOOP_35_1_VITIS_LOOP_37_3_VITIS_LOOP_38_4_VITIS_LOOP_39_5 BUNDLEDNAME {} DSP 0 BRAM 0 URAM 0 STORAGESUBTYPE {} DISPNAME {bind_op select} VISIBLE false} {BINDTYPE op ID {} IMPL auto LATENCY 0 OPTYPE xor PRAGMA {} RTLNAME exitcond_flatten_not_fu_292_p2 SOURCE src/integrated-gcn/integrated_gcn.cpp:38 VARIABLE exitcond_flatten_not LOOP VITIS_LOOP_35_1_VITIS_LOOP_37_3_VITIS_LOOP_38_4_VITIS_LOOP_39_5 BUNDLEDNAME {} DSP 0 BRAM 0 URAM 0 STORAGESUBTYPE {} DISPNAME {bind_op xor} VISIBLE false} {BINDTYPE op ID {} IMPL auto LATENCY 0 OPTYPE or PRAGMA {} RTLNAME not_exitcond_flatten_mid236_fu_298_p2 SOURCE src/integrated-gcn/integrated_gcn.cpp:37 VARIABLE not_exitcond_flatten_mid236 LOOP VITIS_LOOP_35_1_VITIS_LOOP_37_3_VITIS_LOOP_38_4_VITIS_LOOP_39_5 BUNDLEDNAME {} DSP 0 BRAM 0 URAM 0 STORAGESUBTYPE {} DISPNAME {bind_op or} VISIBLE false} {BINDTYPE op ID {} IMPL auto LATENCY 0 OPTYPE and PRAGMA {} RTLNAME icmp_ln39_mid212_fu_304_p2 SOURCE src/integrated-gcn/integrated_gcn.cpp:35 VARIABLE icmp_ln39_mid212 LOOP VITIS_LOOP_35_1_VITIS_LOOP_37_3_VITIS_LOOP_38_4_VITIS_LOOP_39_5 BUNDLEDNAME {} DSP 0 BRAM 0 URAM 0 STORAGESUBTYPE {} DISPNAME {bind_op and} VISIBLE false} {BINDTYPE op ID {} IMPL auto_sel LATENCY 0 OPTYPE select PRAGMA {} RTLNAME select_ln37_fu_451_p3 SOURCE src/integrated-gcn/integrated_gcn.cpp:37 VARIABLE select_ln37 LOOP VITIS_LOOP_35_1_VITIS_LOOP_37_3_VITIS_LOOP_38_4_VITIS_LOOP_39_5 BUNDLEDNAME {} DSP 0 BRAM 0 URAM 0 STORAGESUBTYPE {} DISPNAME {bind_op select} VISIBLE false} {BINDTYPE op ID {} IMPL fabric LATENCY 0 OPTYPE add PRAGMA {} RTLNAME add_ln38_fu_310_p2 SOURCE src/integrated-gcn/integrated_gcn.cpp:38 VARIABLE add_ln38 LOOP VITIS_LOOP_35_1_VITIS_LOOP_37_3_VITIS_LOOP_38_4_VITIS_LOOP_39_5 BUNDLEDNAME {} DSP 0 BRAM 0 URAM 0 STORAGESUBTYPE {} DISPNAME {bind_op add} VISIBLE true} {BINDTYPE op ID {} IMPL auto LATENCY 0 OPTYPE or PRAGMA {} RTLNAME first_iter_0_mid27_fu_316_p2 SOURCE src/integrated-gcn/integrated_gcn.cpp:35 VARIABLE first_iter_0_mid27 LOOP VITIS_LOOP_35_1_VITIS_LOOP_37_3_VITIS_LOOP_38_4_VITIS_LOOP_39_5 BUNDLEDNAME {} DSP 0 BRAM 0 URAM 0 STORAGESUBTYPE {} DISPNAME {bind_op or} VISIBLE false} {BINDTYPE op ID {} IMPL auto LATENCY 0 OPTYPE or PRAGMA {} RTLNAME first_iter_0_mid2_fu_322_p2 SOURCE src/integrated-gcn/integrated_gcn.cpp:35 VARIABLE first_iter_0_mid2 LOOP VITIS_LOOP_35_1_VITIS_LOOP_37_3_VITIS_LOOP_38_4_VITIS_LOOP_39_5 BUNDLEDNAME {} DSP 0 BRAM 0 URAM 0 STORAGESUBTYPE {} DISPNAME {bind_op or} VISIBLE false} {BINDTYPE op ID {} IMPL auto_sel LATENCY 0 OPTYPE select PRAGMA {} RTLNAME select_ln38_fu_328_p3 SOURCE src/integrated-gcn/integrated_gcn.cpp:38 VARIABLE select_ln38 LOOP VITIS_LOOP_35_1_VITIS_LOOP_37_3_VITIS_LOOP_38_4_VITIS_LOOP_39_5 BUNDLEDNAME {} DSP 0 BRAM 0 URAM 0 STORAGESUBTYPE {} DISPNAME {bind_op select} VISIBLE false} {BINDTYPE op ID {} IMPL auto LATENCY 0 OPTYPE mul PRAGMA {} RTLNAME mul_5ns_14ns_17_1_1_U1 SOURCE src/integrated-gcn/integrated_gcn.cpp:42 VARIABLE mul_ln42 LOOP VITIS_LOOP_35_1_VITIS_LOOP_37_3_VITIS_LOOP_38_4_VITIS_LOOP_39_5 BUNDLEDNAME {} DSP 1 BRAM 0 URAM 0 STORAGESUBTYPE {} DISPNAME {bind_op mul} VISIBLE true} {BINDTYPE op ID {} IMPL dsp_slice LATENCY 3 OPTYPE mul PRAGMA {} RTLNAME mac_muladd_7ns_7ns_17s_17_4_1_U2 SOURCE src/integrated-gcn/integrated_gcn.cpp:42 VARIABLE mul_ln42_1 LOOP VITIS_LOOP_35_1_VITIS_LOOP_37_3_VITIS_LOOP_38_4_VITIS_LOOP_39_5 BUNDLEDNAME {} DSP 1 BRAM 0 URAM 0 STORAGESUBTYPE {} DISPNAME {bind_op mul} VISIBLE true} {BINDTYPE op ID {} IMPL dsp_slice LATENCY 3 OPTYPE zext PRAGMA {} RTLNAME mac_muladd_7ns_7ns_17s_17_4_1_U2 SOURCE src/integrated-gcn/integrated_gcn.cpp:42 VARIABLE zext_ln42_1 LOOP VITIS_LOOP_35_1_VITIS_LOOP_37_3_VITIS_LOOP_38_4_VITIS_LOOP_39_5 BUNDLEDNAME {} DSP 1 BRAM 0 URAM 0 STORAGESUBTYPE {} DISPNAME {bind_op zext} VISIBLE false} {BINDTYPE op ID {} IMPL dsp_slice LATENCY 3 OPTYPE add PRAGMA {} RTLNAME mac_muladd_7ns_7ns_17s_17_4_1_U2 SOURCE src/integrated-gcn/integrated_gcn.cpp:42 VARIABLE add_ln42 LOOP VITIS_LOOP_35_1_VITIS_LOOP_37_3_VITIS_LOOP_38_4_VITIS_LOOP_39_5 BUNDLEDNAME {} DSP 1 BRAM 0 URAM 0 STORAGESUBTYPE {} DISPNAME {bind_op add} VISIBLE true} {BINDTYPE op ID {} IMPL fabric LATENCY 0 OPTYPE add PRAGMA {} RTLNAME add_ln42_1_fu_509_p2 SOURCE src/integrated-gcn/integrated_gcn.cpp:42 VARIABLE add_ln42_1 LOOP VITIS_LOOP_35_1_VITIS_LOOP_37_3_VITIS_LOOP_38_4_VITIS_LOOP_39_5 BUNDLEDNAME {} DSP 0 BRAM 0 URAM 0 STORAGESUBTYPE {} DISPNAME {bind_op add} VISIBLE true} {BINDTYPE op ID {} IMPL fabric LATENCY 0 OPTYPE add PRAGMA {} RTLNAME add_ln39_fu_340_p2 SOURCE src/integrated-gcn/integrated_gcn.cpp:39 VARIABLE add_ln39 LOOP VITIS_LOOP_35_1_VITIS_LOOP_37_3_VITIS_LOOP_38_4_VITIS_LOOP_39_5 BUNDLEDNAME {} DSP 0 BRAM 0 URAM 0 STORAGESUBTYPE {} DISPNAME {bind_op add} VISIBLE true} {BINDTYPE op ID {} IMPL auto LATENCY 0 OPTYPE or PRAGMA {} RTLNAME or_ln39_fu_346_p2 SOURCE src/integrated-gcn/integrated_gcn.cpp:39 VARIABLE or_ln39 LOOP VITIS_LOOP_35_1_VITIS_LOOP_37_3_VITIS_LOOP_38_4_VITIS_LOOP_39_5 BUNDLEDNAME {} DSP 0 BRAM 0 URAM 0 STORAGESUBTYPE {} DISPNAME {bind_op or} VISIBLE false} {BINDTYPE op ID {} IMPL auto LATENCY 0 OPTYPE or PRAGMA {} RTLNAME or_ln39_1_fu_352_p2 SOURCE src/integrated-gcn/integrated_gcn.cpp:39 VARIABLE or_ln39_1 LOOP VITIS_LOOP_35_1_VITIS_LOOP_37_3_VITIS_LOOP_38_4_VITIS_LOOP_39_5 BUNDLEDNAME {} DSP 0 BRAM 0 URAM 0 STORAGESUBTYPE {} DISPNAME {bind_op or} VISIBLE false} {BINDTYPE op ID {} IMPL auto_sel LATENCY 0 OPTYPE select PRAGMA {} RTLNAME select_ln39_fu_358_p3 SOURCE src/integrated-gcn/integrated_gcn.cpp:39 VARIABLE select_ln39 LOOP VITIS_LOOP_35_1_VITIS_LOOP_37_3_VITIS_LOOP_38_4_VITIS_LOOP_39_5 BUNDLEDNAME {} DSP 0 BRAM 0 URAM 0 STORAGESUBTYPE {} DISPNAME {bind_op select} VISIBLE false} {BINDTYPE op ID {} IMPL fabric LATENCY 0 OPTYPE add PRAGMA {} RTLNAME add_ln38_1_fu_366_p2 SOURCE src/integrated-gcn/integrated_gcn.cpp:38 VARIABLE add_ln38_1 LOOP VITIS_LOOP_35_1_VITIS_LOOP_37_3_VITIS_LOOP_38_4_VITIS_LOOP_39_5 BUNDLEDNAME {} DSP 0 BRAM 0 URAM 0 STORAGESUBTYPE {} DISPNAME {bind_op add} VISIBLE true} {BINDTYPE op ID {} IMPL auto_sel LATENCY 0 OPTYPE select PRAGMA {} RTLNAME select_ln38_1_fu_372_p3 SOURCE src/integrated-gcn/integrated_gcn.cpp:38 VARIABLE select_ln38_1 LOOP VITIS_LOOP_35_1_VITIS_LOOP_37_3_VITIS_LOOP_38_4_VITIS_LOOP_39_5 BUNDLEDNAME {} DSP 0 BRAM 0 URAM 0 STORAGESUBTYPE {} DISPNAME {bind_op select} VISIBLE false} {BINDTYPE op ID {} IMPL fabric LATENCY 0 OPTYPE add PRAGMA {} RTLNAME add_ln37_1_fu_380_p2 SOURCE src/integrated-gcn/integrated_gcn.cpp:37 VARIABLE add_ln37_1 LOOP VITIS_LOOP_35_1_VITIS_LOOP_37_3_VITIS_LOOP_38_4_VITIS_LOOP_39_5 BUNDLEDNAME {} DSP 0 BRAM 0 URAM 0 STORAGESUBTYPE {} DISPNAME {bind_op add} VISIBLE true} {BINDTYPE op ID {} IMPL auto_sel LATENCY 0 OPTYPE select PRAGMA {} RTLNAME select_ln37_1_fu_386_p3 SOURCE src/integrated-gcn/integrated_gcn.cpp:37 VARIABLE select_ln37_1 LOOP VITIS_LOOP_35_1_VITIS_LOOP_37_3_VITIS_LOOP_38_4_VITIS_LOOP_39_5 BUNDLEDNAME {} DSP 0 BRAM 0 URAM 0 STORAGESUBTYPE {} DISPNAME {bind_op select} VISIBLE false}} AREA {DSP 2 BRAM 0 URAM 0}} gemm_read_W {BINDINFO {{BINDTYPE op ID {} IMPL auto LATENCY 0 OPTYPE seteq PRAGMA {} RTLNAME icmp_ln55_fu_210_p2 SOURCE src/integrated-gcn/integrated_gcn.cpp:55 VARIABLE icmp_ln55 LOOP VITIS_LOOP_55_1_VITIS_LOOP_57_3_VITIS_LOOP_58_4_VITIS_LOOP_59_5 BUNDLEDNAME {} DSP 0 BRAM 0 URAM 0 STORAGESUBTYPE {} DISPNAME {bind_op seteq} VISIBLE false} {BINDTYPE op ID {} IMPL fabric LATENCY 0 OPTYPE add PRAGMA {} RTLNAME add_ln55_fu_216_p2 SOURCE src/integrated-gcn/integrated_gcn.cpp:55 VARIABLE add_ln55 LOOP VITIS_LOOP_55_1_VITIS_LOOP_57_3_VITIS_LOOP_58_4_VITIS_LOOP_59_5 BUNDLEDNAME {} DSP 0 BRAM 0 URAM 0 STORAGESUBTYPE {} DISPNAME {bind_op add} VISIBLE true} {BINDTYPE op ID {} IMPL auto LATENCY 0 OPTYPE seteq PRAGMA {} RTLNAME icmp_ln57_fu_222_p2 SOURCE src/integrated-gcn/integrated_gcn.cpp:57 VARIABLE icmp_ln57 LOOP VITIS_LOOP_55_1_VITIS_LOOP_57_3_VITIS_LOOP_58_4_VITIS_LOOP_59_5 BUNDLEDNAME {} DSP 0 BRAM 0 URAM 0 STORAGESUBTYPE {} DISPNAME {bind_op seteq} VISIBLE false} {BINDTYPE op ID {} IMPL auto LATENCY 0 OPTYPE or PRAGMA {} RTLNAME or_ln55_fu_228_p2 SOURCE src/integrated-gcn/integrated_gcn.cpp:55 VARIABLE or_ln55 LOOP VITIS_LOOP_55_1_VITIS_LOOP_57_3_VITIS_LOOP_58_4_VITIS_LOOP_59_5 BUNDLEDNAME {} DSP 0 BRAM 0 URAM 0 STORAGESUBTYPE {} DISPNAME {bind_op or} VISIBLE false} {BINDTYPE op ID {} IMPL auto LATENCY 0 OPTYPE or PRAGMA {} RTLNAME or_ln55_1_fu_234_p2 SOURCE src/integrated-gcn/integrated_gcn.cpp:55 VARIABLE or_ln55_1 LOOP VITIS_LOOP_55_1_VITIS_LOOP_57_3_VITIS_LOOP_58_4_VITIS_LOOP_59_5 BUNDLEDNAME {} DSP 0 BRAM 0 URAM 0 STORAGESUBTYPE {} DISPNAME {bind_op or} VISIBLE false} {BINDTYPE op ID {} IMPL auto LATENCY 0 OPTYPE xor PRAGMA {} RTLNAME xor_ln55_fu_240_p2 SOURCE src/integrated-gcn/integrated_gcn.cpp:55 VARIABLE xor_ln55 LOOP VITIS_LOOP_55_1_VITIS_LOOP_57_3_VITIS_LOOP_58_4_VITIS_LOOP_59_5 BUNDLEDNAME {} DSP 0 BRAM 0 URAM 0 STORAGESUBTYPE {} DISPNAME {bind_op xor} VISIBLE false} {BINDTYPE op ID {} IMPL auto LATENCY 0 OPTYPE seteq PRAGMA {} RTLNAME icmp_ln59_fu_246_p2 SOURCE src/integrated-gcn/integrated_gcn.cpp:59 VARIABLE icmp_ln59 LOOP VITIS_LOOP_55_1_VITIS_LOOP_57_3_VITIS_LOOP_58_4_VITIS_LOOP_59_5 BUNDLEDNAME {} DSP 0 BRAM 0 URAM 0 STORAGESUBTYPE {} DISPNAME {bind_op seteq} VISIBLE false} {BINDTYPE op ID {} IMPL auto LATENCY 0 OPTYPE and PRAGMA {} RTLNAME and_ln55_fu_252_p2 SOURCE src/integrated-gcn/integrated_gcn.cpp:55 VARIABLE and_ln55 LOOP VITIS_LOOP_55_1_VITIS_LOOP_57_3_VITIS_LOOP_58_4_VITIS_LOOP_59_5 BUNDLEDNAME {} DSP 0 BRAM 0 URAM 0 STORAGESUBTYPE {} DISPNAME {bind_op and} VISIBLE false} {BINDTYPE op ID {} IMPL auto LATENCY 0 OPTYPE seteq PRAGMA {} RTLNAME icmp_ln58_fu_258_p2 SOURCE src/integrated-gcn/integrated_gcn.cpp:58 VARIABLE icmp_ln58 LOOP VITIS_LOOP_55_1_VITIS_LOOP_57_3_VITIS_LOOP_58_4_VITIS_LOOP_59_5 BUNDLEDNAME {} DSP 0 BRAM 0 URAM 0 STORAGESUBTYPE {} DISPNAME {bind_op seteq} VISIBLE false} {BINDTYPE op ID {} IMPL auto LATENCY 0 OPTYPE and PRAGMA {} RTLNAME and_ln55_1_fu_264_p2 SOURCE src/integrated-gcn/integrated_gcn.cpp:55 VARIABLE and_ln55_1 LOOP VITIS_LOOP_55_1_VITIS_LOOP_57_3_VITIS_LOOP_58_4_VITIS_LOOP_59_5 BUNDLEDNAME {} DSP 0 BRAM 0 URAM 0 STORAGESUBTYPE {} DISPNAME {bind_op and} VISIBLE false} {BINDTYPE op ID {} IMPL auto LATENCY 0 OPTYPE or PRAGMA {} RTLNAME or_ln57_fu_270_p2 SOURCE src/integrated-gcn/integrated_gcn.cpp:57 VARIABLE or_ln57 LOOP VITIS_LOOP_55_1_VITIS_LOOP_57_3_VITIS_LOOP_58_4_VITIS_LOOP_59_5 BUNDLEDNAME {} DSP 0 BRAM 0 URAM 0 STORAGESUBTYPE {} DISPNAME {bind_op or} VISIBLE false} {BINDTYPE op ID {} IMPL auto LATENCY 0 OPTYPE xor PRAGMA {} RTLNAME xor_ln57_fu_276_p2 SOURCE src/integrated-gcn/integrated_gcn.cpp:57 VARIABLE xor_ln57 LOOP VITIS_LOOP_55_1_VITIS_LOOP_57_3_VITIS_LOOP_58_4_VITIS_LOOP_59_5 BUNDLEDNAME {} DSP 0 BRAM 0 URAM 0 STORAGESUBTYPE {} DISPNAME {bind_op xor} VISIBLE false} {BINDTYPE op ID {} IMPL auto LATENCY 0 OPTYPE or PRAGMA {} RTLNAME or_ln57_2_fu_282_p2 SOURCE src/integrated-gcn/integrated_gcn.cpp:57 VARIABLE or_ln57_2 LOOP VITIS_LOOP_55_1_VITIS_LOOP_57_3_VITIS_LOOP_58_4_VITIS_LOOP_59_5 BUNDLEDNAME {} DSP 0 BRAM 0 URAM 0 STORAGESUBTYPE {} DISPNAME {bind_op or} VISIBLE false} {BINDTYPE op ID {} IMPL auto LATENCY 0 OPTYPE and PRAGMA {} RTLNAME and_ln57_fu_288_p2 SOURCE src/integrated-gcn/integrated_gcn.cpp:57 VARIABLE and_ln57 LOOP VITIS_LOOP_55_1_VITIS_LOOP_57_3_VITIS_LOOP_58_4_VITIS_LOOP_59_5 BUNDLEDNAME {} DSP 0 BRAM 0 URAM 0 STORAGESUBTYPE {} DISPNAME {bind_op and} VISIBLE false} {BINDTYPE op ID {} IMPL auto LATENCY 0 OPTYPE and PRAGMA {} RTLNAME and_ln57_1_fu_294_p2 SOURCE src/integrated-gcn/integrated_gcn.cpp:57 VARIABLE and_ln57_1 LOOP VITIS_LOOP_55_1_VITIS_LOOP_57_3_VITIS_LOOP_58_4_VITIS_LOOP_59_5 BUNDLEDNAME {} DSP 0 BRAM 0 URAM 0 STORAGESUBTYPE {} DISPNAME {bind_op and} VISIBLE false} {BINDTYPE op ID {} IMPL auto LATENCY 0 OPTYPE or PRAGMA {} RTLNAME or_ln57_3_fu_300_p2 SOURCE src/integrated-gcn/integrated_gcn.cpp:57 VARIABLE or_ln57_3 LOOP VITIS_LOOP_55_1_VITIS_LOOP_57_3_VITIS_LOOP_58_4_VITIS_LOOP_59_5 BUNDLEDNAME {} DSP 0 BRAM 0 URAM 0 STORAGESUBTYPE {} DISPNAME {bind_op or} VISIBLE false} {BINDTYPE op ID {} IMPL auto LATENCY 0 OPTYPE or PRAGMA {} RTLNAME or_ln57_1_fu_306_p2 SOURCE src/integrated-gcn/integrated_gcn.cpp:57 VARIABLE or_ln57_1 LOOP VITIS_LOOP_55_1_VITIS_LOOP_57_3_VITIS_LOOP_58_4_VITIS_LOOP_59_5 BUNDLEDNAME {} DSP 0 BRAM 0 URAM 0 STORAGESUBTYPE {} DISPNAME {bind_op or} VISIBLE false} {BINDTYPE op ID {} IMPL auto LATENCY 0 OPTYPE or PRAGMA {} RTLNAME or_ln58_fu_312_p2 SOURCE src/integrated-gcn/integrated_gcn.cpp:58 VARIABLE or_ln58 LOOP VITIS_LOOP_55_1_VITIS_LOOP_57_3_VITIS_LOOP_58_4_VITIS_LOOP_59_5 BUNDLEDNAME {} DSP 0 BRAM 0 URAM 0 STORAGESUBTYPE {} DISPNAME {bind_op or} VISIBLE false} {BINDTYPE op ID {} IMPL auto LATENCY 0 OPTYPE xor PRAGMA {} RTLNAME xor_ln58_fu_318_p2 SOURCE src/integrated-gcn/integrated_gcn.cpp:58 VARIABLE xor_ln58 LOOP VITIS_LOOP_55_1_VITIS_LOOP_57_3_VITIS_LOOP_58_4_VITIS_LOOP_59_5 BUNDLEDNAME {} DSP 0 BRAM 0 URAM 0 STORAGESUBTYPE {} DISPNAME {bind_op xor} VISIBLE false} {BINDTYPE op ID {} IMPL auto LATENCY 0 OPTYPE and PRAGMA {} RTLNAME and_ln58_fu_324_p2 SOURCE src/integrated-gcn/integrated_gcn.cpp:58 VARIABLE and_ln58 LOOP VITIS_LOOP_55_1_VITIS_LOOP_57_3_VITIS_LOOP_58_4_VITIS_LOOP_59_5 BUNDLEDNAME {} DSP 0 BRAM 0 URAM 0 STORAGESUBTYPE {} DISPNAME {bind_op and} VISIBLE false} {BINDTYPE op ID {} IMPL fabric LATENCY 0 OPTYPE add PRAGMA {} RTLNAME add_ln59_fu_330_p2 SOURCE src/integrated-gcn/integrated_gcn.cpp:59 VARIABLE add_ln59 LOOP VITIS_LOOP_55_1_VITIS_LOOP_57_3_VITIS_LOOP_58_4_VITIS_LOOP_59_5 BUNDLEDNAME {} DSP 0 BRAM 0 URAM 0 STORAGESUBTYPE {} DISPNAME {bind_op add} VISIBLE true} {BINDTYPE op ID {} IMPL auto LATENCY 0 OPTYPE or PRAGMA {} RTLNAME or_ln59_fu_336_p2 SOURCE src/integrated-gcn/integrated_gcn.cpp:59 VARIABLE or_ln59 LOOP VITIS_LOOP_55_1_VITIS_LOOP_57_3_VITIS_LOOP_58_4_VITIS_LOOP_59_5 BUNDLEDNAME {} DSP 0 BRAM 0 URAM 0 STORAGESUBTYPE {} DISPNAME {bind_op or} VISIBLE false} {BINDTYPE op ID {} IMPL auto LATENCY 0 OPTYPE or PRAGMA {} RTLNAME or_ln59_1_fu_342_p2 SOURCE src/integrated-gcn/integrated_gcn.cpp:59 VARIABLE or_ln59_1 LOOP VITIS_LOOP_55_1_VITIS_LOOP_57_3_VITIS_LOOP_58_4_VITIS_LOOP_59_5 BUNDLEDNAME {} DSP 0 BRAM 0 URAM 0 STORAGESUBTYPE {} DISPNAME {bind_op or} VISIBLE false} {BINDTYPE op ID {} IMPL auto_sel LATENCY 0 OPTYPE select PRAGMA {} RTLNAME select_ln59_fu_348_p3 SOURCE src/integrated-gcn/integrated_gcn.cpp:59 VARIABLE select_ln59 LOOP VITIS_LOOP_55_1_VITIS_LOOP_57_3_VITIS_LOOP_58_4_VITIS_LOOP_59_5 BUNDLEDNAME {} DSP 0 BRAM 0 URAM 0 STORAGESUBTYPE {} DISPNAME {bind_op select} VISIBLE false} {BINDTYPE op ID {} IMPL fabric LATENCY 0 OPTYPE add PRAGMA {} RTLNAME add_ln58_fu_356_p2 SOURCE src/integrated-gcn/integrated_gcn.cpp:58 VARIABLE add_ln58 LOOP VITIS_LOOP_55_1_VITIS_LOOP_57_3_VITIS_LOOP_58_4_VITIS_LOOP_59_5 BUNDLEDNAME {} DSP 0 BRAM 0 URAM 0 STORAGESUBTYPE {} DISPNAME {bind_op add} VISIBLE true} {BINDTYPE op ID {} IMPL auto LATENCY 0 OPTYPE or PRAGMA {} RTLNAME or_ln58_1_fu_362_p2 SOURCE src/integrated-gcn/integrated_gcn.cpp:58 VARIABLE or_ln58_1 LOOP VITIS_LOOP_55_1_VITIS_LOOP_57_3_VITIS_LOOP_58_4_VITIS_LOOP_59_5 BUNDLEDNAME {} DSP 0 BRAM 0 URAM 0 STORAGESUBTYPE {} DISPNAME {bind_op or} VISIBLE false} {BINDTYPE op ID {} IMPL auto_sel LATENCY 0 OPTYPE select PRAGMA {} RTLNAME select_ln58_fu_368_p3 SOURCE src/integrated-gcn/integrated_gcn.cpp:58 VARIABLE select_ln58 LOOP VITIS_LOOP_55_1_VITIS_LOOP_57_3_VITIS_LOOP_58_4_VITIS_LOOP_59_5 BUNDLEDNAME {} DSP 0 BRAM 0 URAM 0 STORAGESUBTYPE {} DISPNAME {bind_op select} VISIBLE false} {BINDTYPE op ID {} IMPL fabric LATENCY 0 OPTYPE add PRAGMA {} RTLNAME add_ln57_fu_376_p2 SOURCE src/integrated-gcn/integrated_gcn.cpp:57 VARIABLE add_ln57 LOOP VITIS_LOOP_55_1_VITIS_LOOP_57_3_VITIS_LOOP_58_4_VITIS_LOOP_59_5 BUNDLEDNAME {} DSP 0 BRAM 0 URAM 0 STORAGESUBTYPE {} DISPNAME {bind_op add} VISIBLE true} {BINDTYPE op ID {} IMPL auto_sel LATENCY 0 OPTYPE select PRAGMA {} RTLNAME select_ln57_fu_382_p3 SOURCE src/integrated-gcn/integrated_gcn.cpp:57 VARIABLE select_ln57 LOOP VITIS_LOOP_55_1_VITIS_LOOP_57_3_VITIS_LOOP_58_4_VITIS_LOOP_59_5 BUNDLEDNAME {} DSP 0 BRAM 0 URAM 0 STORAGESUBTYPE {} DISPNAME {bind_op select} VISIBLE false}} AREA {DSP 0 BRAM 0 URAM 0}} gemm_compute_Pipeline_COMP_INIT {BINDINFO {{BINDTYPE op ID {} IMPL auto LATENCY 0 OPTYPE seteq PRAGMA {} RTLNAME icmp_ln96_fu_4146_p2 SOURCE src/integrated-gcn/integrated_gcn.cpp:96 VARIABLE icmp_ln96 LOOP COMP_INIT BUNDLEDNAME {} DSP 0 BRAM 0 URAM 0 STORAGESUBTYPE {} DISPNAME {bind_op seteq} VISIBLE false} {BINDTYPE op ID {} IMPL fabric LATENCY 0 OPTYPE add PRAGMA {} RTLNAME add_ln96_fu_4152_p2 SOURCE src/integrated-gcn/integrated_gcn.cpp:96 VARIABLE add_ln96 LOOP COMP_INIT BUNDLEDNAME {} DSP 0 BRAM 0 URAM 0 STORAGESUBTYPE {} DISPNAME {bind_op add} VISIBLE true}} AREA {DSP 0 BRAM 0 URAM 0}} gemm_compute_Pipeline_COMP_LOAD_XW {BINDINFO {{BINDTYPE op ID {} IMPL auto LATENCY 0 OPTYPE seteq PRAGMA {} RTLNAME icmp_ln115_fu_3516_p2 SOURCE src/integrated-gcn/integrated_gcn.cpp:115 VARIABLE icmp_ln115 LOOP COMP_LOAD_XW BUNDLEDNAME {} DSP 0 BRAM 0 URAM 0 STORAGESUBTYPE {} DISPNAME {bind_op seteq} VISIBLE false} {BINDTYPE op ID {} IMPL fabric LATENCY 0 OPTYPE add PRAGMA {} RTLNAME add_ln115_fu_3522_p2 SOURCE src/integrated-gcn/integrated_gcn.cpp:115 VARIABLE add_ln115 LOOP COMP_LOAD_XW BUNDLEDNAME {} DSP 0 BRAM 0 URAM 0 STORAGESUBTYPE {} DISPNAME {bind_op add} VISIBLE true} {BINDTYPE op ID {} IMPL auto LATENCY 0 OPTYPE seteq PRAGMA {} RTLNAME icmp_ln121_fu_3528_p2 SOURCE src/integrated-gcn/integrated_gcn.cpp:121 VARIABLE icmp_ln121 LOOP COMP_LOAD_XW BUNDLEDNAME {} DSP 0 BRAM 0 URAM 0 STORAGESUBTYPE {} DISPNAME {bind_op seteq} VISIBLE false} {BINDTYPE op ID {} IMPL auto_sel LATENCY 0 OPTYPE select PRAGMA {} RTLNAME X_line_127_fu_4551_p3 SOURCE src/integrated-gcn/integrated_gcn.cpp:121 VARIABLE X_line_127 LOOP COMP_LOAD_XW BUNDLEDNAME {} DSP 0 BRAM 0 URAM 0 STORAGESUBTYPE {} DISPNAME {bind_op select} VISIBLE false} {BINDTYPE op ID {} IMPL auto_sel LATENCY 0 OPTYPE select PRAGMA {} RTLNAME X_line_126_fu_4558_p3 SOURCE src/integrated-gcn/integrated_gcn.cpp:121 VARIABLE X_line_126 LOOP COMP_LOAD_XW BUNDLEDNAME {} DSP 0 BRAM 0 URAM 0 STORAGESUBTYPE {} DISPNAME {bind_op select} VISIBLE false} {BINDTYPE op ID {} IMPL auto_sel LATENCY 0 OPTYPE select PRAGMA {} RTLNAME X_line_125_fu_4565_p3 SOURCE src/integrated-gcn/integrated_gcn.cpp:121 VARIABLE X_line_125 LOOP COMP_LOAD_XW BUNDLEDNAME {} DSP 0 BRAM 0 URAM 0 STORAGESUBTYPE {} DISPNAME {bind_op select} VISIBLE false} {BINDTYPE op ID {} IMPL auto_sel LATENCY 0 OPTYPE select PRAGMA {} RTLNAME X_line_124_fu_4572_p3 SOURCE src/integrated-gcn/integrated_gcn.cpp:121 VARIABLE X_line_124 LOOP COMP_LOAD_XW BUNDLEDNAME {} DSP 0 BRAM 0 URAM 0 STORAGESUBTYPE {} DISPNAME {bind_op select} VISIBLE false} {BINDTYPE op ID {} IMPL auto_sel LATENCY 0 OPTYPE select PRAGMA {} RTLNAME X_line_123_fu_4579_p3 SOURCE src/integrated-gcn/integrated_gcn.cpp:121 VARIABLE X_line_123 LOOP COMP_LOAD_XW BUNDLEDNAME {} DSP 0 BRAM 0 URAM 0 STORAGESUBTYPE {} DISPNAME {bind_op select} VISIBLE false} {BINDTYPE op ID {} IMPL auto_sel LATENCY 0 OPTYPE select PRAGMA {} RTLNAME X_line_122_fu_4586_p3 SOURCE src/integrated-gcn/integrated_gcn.cpp:121 VARIABLE X_line_122 LOOP COMP_LOAD_XW BUNDLEDNAME {} DSP 0 BRAM 0 URAM 0 STORAGESUBTYPE {} DISPNAME {bind_op select} VISIBLE false} {BINDTYPE op ID {} IMPL auto_sel LATENCY 0 OPTYPE select PRAGMA {} RTLNAME X_line_121_fu_4593_p3 SOURCE src/integrated-gcn/integrated_gcn.cpp:121 VARIABLE X_line_121 LOOP COMP_LOAD_XW BUNDLEDNAME {} DSP 0 BRAM 0 URAM 0 STORAGESUBTYPE {} DISPNAME {bind_op select} VISIBLE false} {BINDTYPE op ID {} IMPL auto_sel LATENCY 0 OPTYPE select PRAGMA {} RTLNAME X_line_120_fu_4600_p3 SOURCE src/integrated-gcn/integrated_gcn.cpp:121 VARIABLE X_line_120 LOOP COMP_LOAD_XW BUNDLEDNAME {} DSP 0 BRAM 0 URAM 0 STORAGESUBTYPE {} DISPNAME {bind_op select} VISIBLE false} {BINDTYPE op ID {} IMPL auto_sel LATENCY 0 OPTYPE select PRAGMA {} RTLNAME X_line_119_fu_4607_p3 SOURCE src/integrated-gcn/integrated_gcn.cpp:121 VARIABLE X_line_119 LOOP COMP_LOAD_XW BUNDLEDNAME {} DSP 0 BRAM 0 URAM 0 STORAGESUBTYPE {} DISPNAME {bind_op select} VISIBLE false} {BINDTYPE op ID {} IMPL auto_sel LATENCY 0 OPTYPE select PRAGMA {} RTLNAME X_line_118_fu_4614_p3 SOURCE src/integrated-gcn/integrated_gcn.cpp:121 VARIABLE X_line_118 LOOP COMP_LOAD_XW BUNDLEDNAME {} DSP 0 BRAM 0 URAM 0 STORAGESUBTYPE {} DISPNAME {bind_op select} VISIBLE false} {BINDTYPE op ID {} IMPL auto_sel LATENCY 0 OPTYPE select PRAGMA {} RTLNAME X_line_117_fu_4621_p3 SOURCE src/integrated-gcn/integrated_gcn.cpp:121 VARIABLE X_line_117 LOOP COMP_LOAD_XW BUNDLEDNAME {} DSP 0 BRAM 0 URAM 0 STORAGESUBTYPE {} DISPNAME {bind_op select} VISIBLE false} {BINDTYPE op ID {} IMPL auto_sel LATENCY 0 OPTYPE select PRAGMA {} RTLNAME X_line_116_fu_4628_p3 SOURCE src/integrated-gcn/integrated_gcn.cpp:121 VARIABLE X_line_116 LOOP COMP_LOAD_XW BUNDLEDNAME {} DSP 0 BRAM 0 URAM 0 STORAGESUBTYPE {} DISPNAME {bind_op select} VISIBLE false} {BINDTYPE op ID {} IMPL auto_sel LATENCY 0 OPTYPE select PRAGMA {} RTLNAME X_line_115_fu_4635_p3 SOURCE src/integrated-gcn/integrated_gcn.cpp:121 VARIABLE X_line_115 LOOP COMP_LOAD_XW BUNDLEDNAME {} DSP 0 BRAM 0 URAM 0 STORAGESUBTYPE {} DISPNAME {bind_op select} VISIBLE false} {BINDTYPE op ID {} IMPL auto_sel LATENCY 0 OPTYPE select PRAGMA {} RTLNAME X_line_114_fu_4642_p3 SOURCE src/integrated-gcn/integrated_gcn.cpp:121 VARIABLE X_line_114 LOOP COMP_LOAD_XW BUNDLEDNAME {} DSP 0 BRAM 0 URAM 0 STORAGESUBTYPE {} DISPNAME {bind_op select} VISIBLE false} {BINDTYPE op ID {} IMPL auto_sel LATENCY 0 OPTYPE select PRAGMA {} RTLNAME X_line_113_fu_4649_p3 SOURCE src/integrated-gcn/integrated_gcn.cpp:121 VARIABLE X_line_113 LOOP COMP_LOAD_XW BUNDLEDNAME {} DSP 0 BRAM 0 URAM 0 STORAGESUBTYPE {} DISPNAME {bind_op select} VISIBLE false} {BINDTYPE op ID {} IMPL auto_sel LATENCY 0 OPTYPE select PRAGMA {} RTLNAME X_line_112_fu_4656_p3 SOURCE src/integrated-gcn/integrated_gcn.cpp:121 VARIABLE X_line_112 LOOP COMP_LOAD_XW BUNDLEDNAME {} DSP 0 BRAM 0 URAM 0 STORAGESUBTYPE {} DISPNAME {bind_op select} VISIBLE false} {BINDTYPE op ID {} IMPL auto_sel LATENCY 0 OPTYPE select PRAGMA {} RTLNAME X_line_111_fu_4663_p3 SOURCE src/integrated-gcn/integrated_gcn.cpp:121 VARIABLE X_line_111 LOOP COMP_LOAD_XW BUNDLEDNAME {} DSP 0 BRAM 0 URAM 0 STORAGESUBTYPE {} DISPNAME {bind_op select} VISIBLE false} {BINDTYPE op ID {} IMPL auto_sel LATENCY 0 OPTYPE select PRAGMA {} RTLNAME X_line_110_fu_4670_p3 SOURCE src/integrated-gcn/integrated_gcn.cpp:121 VARIABLE X_line_110 LOOP COMP_LOAD_XW BUNDLEDNAME {} DSP 0 BRAM 0 URAM 0 STORAGESUBTYPE {} DISPNAME {bind_op select} VISIBLE false} {BINDTYPE op ID {} IMPL auto_sel LATENCY 0 OPTYPE select PRAGMA {} RTLNAME X_line_109_fu_4677_p3 SOURCE src/integrated-gcn/integrated_gcn.cpp:121 VARIABLE X_line_109 LOOP COMP_LOAD_XW BUNDLEDNAME {} DSP 0 BRAM 0 URAM 0 STORAGESUBTYPE {} DISPNAME {bind_op select} VISIBLE false} {BINDTYPE op ID {} IMPL auto_sel LATENCY 0 OPTYPE select PRAGMA {} RTLNAME X_line_108_fu_4684_p3 SOURCE src/integrated-gcn/integrated_gcn.cpp:121 VARIABLE X_line_108 LOOP COMP_LOAD_XW BUNDLEDNAME {} DSP 0 BRAM 0 URAM 0 STORAGESUBTYPE {} DISPNAME {bind_op select} VISIBLE false} {BINDTYPE op ID {} IMPL auto_sel LATENCY 0 OPTYPE select PRAGMA {} RTLNAME X_line_107_fu_4691_p3 SOURCE src/integrated-gcn/integrated_gcn.cpp:121 VARIABLE X_line_107 LOOP COMP_LOAD_XW BUNDLEDNAME {} DSP 0 BRAM 0 URAM 0 STORAGESUBTYPE {} DISPNAME {bind_op select} VISIBLE false} {BINDTYPE op ID {} IMPL auto_sel LATENCY 0 OPTYPE select PRAGMA {} RTLNAME X_line_106_fu_4698_p3 SOURCE src/integrated-gcn/integrated_gcn.cpp:121 VARIABLE X_line_106 LOOP COMP_LOAD_XW BUNDLEDNAME {} DSP 0 BRAM 0 URAM 0 STORAGESUBTYPE {} DISPNAME {bind_op select} VISIBLE false} {BINDTYPE op ID {} IMPL auto_sel LATENCY 0 OPTYPE select PRAGMA {} RTLNAME X_line_105_fu_4705_p3 SOURCE src/integrated-gcn/integrated_gcn.cpp:121 VARIABLE X_line_105 LOOP COMP_LOAD_XW BUNDLEDNAME {} DSP 0 BRAM 0 URAM 0 STORAGESUBTYPE {} DISPNAME {bind_op select} VISIBLE false} {BINDTYPE op ID {} IMPL auto_sel LATENCY 0 OPTYPE select PRAGMA {} RTLNAME X_line_104_fu_4712_p3 SOURCE src/integrated-gcn/integrated_gcn.cpp:121 VARIABLE X_line_104 LOOP COMP_LOAD_XW BUNDLEDNAME {} DSP 0 BRAM 0 URAM 0 STORAGESUBTYPE {} DISPNAME {bind_op select} VISIBLE false} {BINDTYPE op ID {} IMPL auto_sel LATENCY 0 OPTYPE select PRAGMA {} RTLNAME X_line_103_fu_4719_p3 SOURCE src/integrated-gcn/integrated_gcn.cpp:121 VARIABLE X_line_103 LOOP COMP_LOAD_XW BUNDLEDNAME {} DSP 0 BRAM 0 URAM 0 STORAGESUBTYPE {} DISPNAME {bind_op select} VISIBLE false} {BINDTYPE op ID {} IMPL auto_sel LATENCY 0 OPTYPE select PRAGMA {} RTLNAME X_line_102_fu_4726_p3 SOURCE src/integrated-gcn/integrated_gcn.cpp:121 VARIABLE X_line_102 LOOP COMP_LOAD_XW BUNDLEDNAME {} DSP 0 BRAM 0 URAM 0 STORAGESUBTYPE {} DISPNAME {bind_op select} VISIBLE false} {BINDTYPE op ID {} IMPL auto_sel LATENCY 0 OPTYPE select PRAGMA {} RTLNAME X_line_101_fu_4733_p3 SOURCE src/integrated-gcn/integrated_gcn.cpp:121 VARIABLE X_line_101 LOOP COMP_LOAD_XW BUNDLEDNAME {} DSP 0 BRAM 0 URAM 0 STORAGESUBTYPE {} DISPNAME {bind_op select} VISIBLE false} {BINDTYPE op ID {} IMPL auto_sel LATENCY 0 OPTYPE select PRAGMA {} RTLNAME X_line_100_fu_4740_p3 SOURCE src/integrated-gcn/integrated_gcn.cpp:121 VARIABLE X_line_100 LOOP COMP_LOAD_XW BUNDLEDNAME {} DSP 0 BRAM 0 URAM 0 STORAGESUBTYPE {} DISPNAME {bind_op select} VISIBLE false} {BINDTYPE op ID {} IMPL auto_sel LATENCY 0 OPTYPE select PRAGMA {} RTLNAME X_line_99_fu_4747_p3 SOURCE src/integrated-gcn/integrated_gcn.cpp:121 VARIABLE X_line_99 LOOP COMP_LOAD_XW BUNDLEDNAME {} DSP 0 BRAM 0 URAM 0 STORAGESUBTYPE {} DISPNAME {bind_op select} VISIBLE false} {BINDTYPE op ID {} IMPL auto_sel LATENCY 0 OPTYPE select PRAGMA {} RTLNAME X_line_98_fu_4754_p3 SOURCE src/integrated-gcn/integrated_gcn.cpp:121 VARIABLE X_line_98 LOOP COMP_LOAD_XW BUNDLEDNAME {} DSP 0 BRAM 0 URAM 0 STORAGESUBTYPE {} DISPNAME {bind_op select} VISIBLE false} {BINDTYPE op ID {} IMPL auto_sel LATENCY 0 OPTYPE select PRAGMA {} RTLNAME X_line_97_fu_4761_p3 SOURCE src/integrated-gcn/integrated_gcn.cpp:121 VARIABLE X_line_97 LOOP COMP_LOAD_XW BUNDLEDNAME {} DSP 0 BRAM 0 URAM 0 STORAGESUBTYPE {} DISPNAME {bind_op select} VISIBLE false} {BINDTYPE op ID {} IMPL auto_sel LATENCY 0 OPTYPE select PRAGMA {} RTLNAME X_line_96_fu_4768_p3 SOURCE src/integrated-gcn/integrated_gcn.cpp:121 VARIABLE X_line_96 LOOP COMP_LOAD_XW BUNDLEDNAME {} DSP 0 BRAM 0 URAM 0 STORAGESUBTYPE {} DISPNAME {bind_op select} VISIBLE false} {BINDTYPE op ID {} IMPL auto_sel LATENCY 0 OPTYPE select PRAGMA {} RTLNAME X_line_95_fu_4775_p3 SOURCE src/integrated-gcn/integrated_gcn.cpp:121 VARIABLE X_line_95 LOOP COMP_LOAD_XW BUNDLEDNAME {} DSP 0 BRAM 0 URAM 0 STORAGESUBTYPE {} DISPNAME {bind_op select} VISIBLE false} {BINDTYPE op ID {} IMPL auto_sel LATENCY 0 OPTYPE select PRAGMA {} RTLNAME X_line_94_fu_4782_p3 SOURCE src/integrated-gcn/integrated_gcn.cpp:121 VARIABLE X_line_94 LOOP COMP_LOAD_XW BUNDLEDNAME {} DSP 0 BRAM 0 URAM 0 STORAGESUBTYPE {} DISPNAME {bind_op select} VISIBLE false} {BINDTYPE op ID {} IMPL auto_sel LATENCY 0 OPTYPE select PRAGMA {} RTLNAME X_line_93_fu_4789_p3 SOURCE src/integrated-gcn/integrated_gcn.cpp:121 VARIABLE X_line_93 LOOP COMP_LOAD_XW BUNDLEDNAME {} DSP 0 BRAM 0 URAM 0 STORAGESUBTYPE {} DISPNAME {bind_op select} VISIBLE false} {BINDTYPE op ID {} IMPL auto_sel LATENCY 0 OPTYPE select PRAGMA {} RTLNAME X_line_92_fu_4796_p3 SOURCE src/integrated-gcn/integrated_gcn.cpp:121 VARIABLE X_line_92 LOOP COMP_LOAD_XW BUNDLEDNAME {} DSP 0 BRAM 0 URAM 0 STORAGESUBTYPE {} DISPNAME {bind_op select} VISIBLE false} {BINDTYPE op ID {} IMPL auto_sel LATENCY 0 OPTYPE select PRAGMA {} RTLNAME X_line_91_fu_4803_p3 SOURCE src/integrated-gcn/integrated_gcn.cpp:121 VARIABLE X_line_91 LOOP COMP_LOAD_XW BUNDLEDNAME {} DSP 0 BRAM 0 URAM 0 STORAGESUBTYPE {} DISPNAME {bind_op select} VISIBLE false} {BINDTYPE op ID {} IMPL auto_sel LATENCY 0 OPTYPE select PRAGMA {} RTLNAME X_line_90_fu_4810_p3 SOURCE src/integrated-gcn/integrated_gcn.cpp:121 VARIABLE X_line_90 LOOP COMP_LOAD_XW BUNDLEDNAME {} DSP 0 BRAM 0 URAM 0 STORAGESUBTYPE {} DISPNAME {bind_op select} VISIBLE false} {BINDTYPE op ID {} IMPL auto_sel LATENCY 0 OPTYPE select PRAGMA {} RTLNAME X_line_89_fu_4817_p3 SOURCE src/integrated-gcn/integrated_gcn.cpp:121 VARIABLE X_line_89 LOOP COMP_LOAD_XW BUNDLEDNAME {} DSP 0 BRAM 0 URAM 0 STORAGESUBTYPE {} DISPNAME {bind_op select} VISIBLE false} {BINDTYPE op ID {} IMPL auto_sel LATENCY 0 OPTYPE select PRAGMA {} RTLNAME X_line_88_fu_4824_p3 SOURCE src/integrated-gcn/integrated_gcn.cpp:121 VARIABLE X_line_88 LOOP COMP_LOAD_XW BUNDLEDNAME {} DSP 0 BRAM 0 URAM 0 STORAGESUBTYPE {} DISPNAME {bind_op select} VISIBLE false} {BINDTYPE op ID {} IMPL auto_sel LATENCY 0 OPTYPE select PRAGMA {} RTLNAME X_line_87_fu_4831_p3 SOURCE src/integrated-gcn/integrated_gcn.cpp:121 VARIABLE X_line_87 LOOP COMP_LOAD_XW BUNDLEDNAME {} DSP 0 BRAM 0 URAM 0 STORAGESUBTYPE {} DISPNAME {bind_op select} VISIBLE false} {BINDTYPE op ID {} IMPL auto_sel LATENCY 0 OPTYPE select PRAGMA {} RTLNAME X_line_86_fu_4838_p3 SOURCE src/integrated-gcn/integrated_gcn.cpp:121 VARIABLE X_line_86 LOOP COMP_LOAD_XW BUNDLEDNAME {} DSP 0 BRAM 0 URAM 0 STORAGESUBTYPE {} DISPNAME {bind_op select} VISIBLE false} {BINDTYPE op ID {} IMPL auto_sel LATENCY 0 OPTYPE select PRAGMA {} RTLNAME X_line_85_fu_4845_p3 SOURCE src/integrated-gcn/integrated_gcn.cpp:121 VARIABLE X_line_85 LOOP COMP_LOAD_XW BUNDLEDNAME {} DSP 0 BRAM 0 URAM 0 STORAGESUBTYPE {} DISPNAME {bind_op select} VISIBLE false} {BINDTYPE op ID {} IMPL auto_sel LATENCY 0 OPTYPE select PRAGMA {} RTLNAME X_line_84_fu_4852_p3 SOURCE src/integrated-gcn/integrated_gcn.cpp:121 VARIABLE X_line_84 LOOP COMP_LOAD_XW BUNDLEDNAME {} DSP 0 BRAM 0 URAM 0 STORAGESUBTYPE {} DISPNAME {bind_op select} VISIBLE false} {BINDTYPE op ID {} IMPL auto_sel LATENCY 0 OPTYPE select PRAGMA {} RTLNAME X_line_83_fu_4859_p3 SOURCE src/integrated-gcn/integrated_gcn.cpp:121 VARIABLE X_line_83 LOOP COMP_LOAD_XW BUNDLEDNAME {} DSP 0 BRAM 0 URAM 0 STORAGESUBTYPE {} DISPNAME {bind_op select} VISIBLE false} {BINDTYPE op ID {} IMPL auto_sel LATENCY 0 OPTYPE select PRAGMA {} RTLNAME X_line_82_fu_4866_p3 SOURCE src/integrated-gcn/integrated_gcn.cpp:121 VARIABLE X_line_82 LOOP COMP_LOAD_XW BUNDLEDNAME {} DSP 0 BRAM 0 URAM 0 STORAGESUBTYPE {} DISPNAME {bind_op select} VISIBLE false} {BINDTYPE op ID {} IMPL auto_sel LATENCY 0 OPTYPE select PRAGMA {} RTLNAME X_line_81_fu_4873_p3 SOURCE src/integrated-gcn/integrated_gcn.cpp:121 VARIABLE X_line_81 LOOP COMP_LOAD_XW BUNDLEDNAME {} DSP 0 BRAM 0 URAM 0 STORAGESUBTYPE {} DISPNAME {bind_op select} VISIBLE false} {BINDTYPE op ID {} IMPL auto_sel LATENCY 0 OPTYPE select PRAGMA {} RTLNAME X_line_80_fu_4880_p3 SOURCE src/integrated-gcn/integrated_gcn.cpp:121 VARIABLE X_line_80 LOOP COMP_LOAD_XW BUNDLEDNAME {} DSP 0 BRAM 0 URAM 0 STORAGESUBTYPE {} DISPNAME {bind_op select} VISIBLE false} {BINDTYPE op ID {} IMPL auto_sel LATENCY 0 OPTYPE select PRAGMA {} RTLNAME X_line_79_fu_4887_p3 SOURCE src/integrated-gcn/integrated_gcn.cpp:121 VARIABLE X_line_79 LOOP COMP_LOAD_XW BUNDLEDNAME {} DSP 0 BRAM 0 URAM 0 STORAGESUBTYPE {} DISPNAME {bind_op select} VISIBLE false} {BINDTYPE op ID {} IMPL auto_sel LATENCY 0 OPTYPE select PRAGMA {} RTLNAME X_line_78_fu_4894_p3 SOURCE src/integrated-gcn/integrated_gcn.cpp:121 VARIABLE X_line_78 LOOP COMP_LOAD_XW BUNDLEDNAME {} DSP 0 BRAM 0 URAM 0 STORAGESUBTYPE {} DISPNAME {bind_op select} VISIBLE false} {BINDTYPE op ID {} IMPL auto_sel LATENCY 0 OPTYPE select PRAGMA {} RTLNAME X_line_77_fu_4901_p3 SOURCE src/integrated-gcn/integrated_gcn.cpp:121 VARIABLE X_line_77 LOOP COMP_LOAD_XW BUNDLEDNAME {} DSP 0 BRAM 0 URAM 0 STORAGESUBTYPE {} DISPNAME {bind_op select} VISIBLE false} {BINDTYPE op ID {} IMPL auto_sel LATENCY 0 OPTYPE select PRAGMA {} RTLNAME X_line_76_fu_4908_p3 SOURCE src/integrated-gcn/integrated_gcn.cpp:121 VARIABLE X_line_76 LOOP COMP_LOAD_XW BUNDLEDNAME {} DSP 0 BRAM 0 URAM 0 STORAGESUBTYPE {} DISPNAME {bind_op select} VISIBLE false} {BINDTYPE op ID {} IMPL auto_sel LATENCY 0 OPTYPE select PRAGMA {} RTLNAME X_line_75_fu_4915_p3 SOURCE src/integrated-gcn/integrated_gcn.cpp:121 VARIABLE X_line_75 LOOP COMP_LOAD_XW BUNDLEDNAME {} DSP 0 BRAM 0 URAM 0 STORAGESUBTYPE {} DISPNAME {bind_op select} VISIBLE false} {BINDTYPE op ID {} IMPL auto_sel LATENCY 0 OPTYPE select PRAGMA {} RTLNAME X_line_74_fu_4922_p3 SOURCE src/integrated-gcn/integrated_gcn.cpp:121 VARIABLE X_line_74 LOOP COMP_LOAD_XW BUNDLEDNAME {} DSP 0 BRAM 0 URAM 0 STORAGESUBTYPE {} DISPNAME {bind_op select} VISIBLE false} {BINDTYPE op ID {} IMPL auto_sel LATENCY 0 OPTYPE select PRAGMA {} RTLNAME X_line_73_fu_4929_p3 SOURCE src/integrated-gcn/integrated_gcn.cpp:121 VARIABLE X_line_73 LOOP COMP_LOAD_XW BUNDLEDNAME {} DSP 0 BRAM 0 URAM 0 STORAGESUBTYPE {} DISPNAME {bind_op select} VISIBLE false} {BINDTYPE op ID {} IMPL auto_sel LATENCY 0 OPTYPE select PRAGMA {} RTLNAME X_line_72_fu_4936_p3 SOURCE src/integrated-gcn/integrated_gcn.cpp:121 VARIABLE X_line_72 LOOP COMP_LOAD_XW BUNDLEDNAME {} DSP 0 BRAM 0 URAM 0 STORAGESUBTYPE {} DISPNAME {bind_op select} VISIBLE false} {BINDTYPE op ID {} IMPL auto_sel LATENCY 0 OPTYPE select PRAGMA {} RTLNAME X_line_71_fu_4943_p3 SOURCE src/integrated-gcn/integrated_gcn.cpp:121 VARIABLE X_line_71 LOOP COMP_LOAD_XW BUNDLEDNAME {} DSP 0 BRAM 0 URAM 0 STORAGESUBTYPE {} DISPNAME {bind_op select} VISIBLE false} {BINDTYPE op ID {} IMPL auto_sel LATENCY 0 OPTYPE select PRAGMA {} RTLNAME X_line_70_fu_4950_p3 SOURCE src/integrated-gcn/integrated_gcn.cpp:121 VARIABLE X_line_70 LOOP COMP_LOAD_XW BUNDLEDNAME {} DSP 0 BRAM 0 URAM 0 STORAGESUBTYPE {} DISPNAME {bind_op select} VISIBLE false} {BINDTYPE op ID {} IMPL auto_sel LATENCY 0 OPTYPE select PRAGMA {} RTLNAME X_line_69_fu_4957_p3 SOURCE src/integrated-gcn/integrated_gcn.cpp:121 VARIABLE X_line_69 LOOP COMP_LOAD_XW BUNDLEDNAME {} DSP 0 BRAM 0 URAM 0 STORAGESUBTYPE {} DISPNAME {bind_op select} VISIBLE false} {BINDTYPE op ID {} IMPL auto_sel LATENCY 0 OPTYPE select PRAGMA {} RTLNAME X_line_68_fu_4964_p3 SOURCE src/integrated-gcn/integrated_gcn.cpp:121 VARIABLE X_line_68 LOOP COMP_LOAD_XW BUNDLEDNAME {} DSP 0 BRAM 0 URAM 0 STORAGESUBTYPE {} DISPNAME {bind_op select} VISIBLE false} {BINDTYPE op ID {} IMPL auto_sel LATENCY 0 OPTYPE select PRAGMA {} RTLNAME X_line_67_fu_4971_p3 SOURCE src/integrated-gcn/integrated_gcn.cpp:121 VARIABLE X_line_67 LOOP COMP_LOAD_XW BUNDLEDNAME {} DSP 0 BRAM 0 URAM 0 STORAGESUBTYPE {} DISPNAME {bind_op select} VISIBLE false} {BINDTYPE op ID {} IMPL auto_sel LATENCY 0 OPTYPE select PRAGMA {} RTLNAME X_line_66_fu_4978_p3 SOURCE src/integrated-gcn/integrated_gcn.cpp:121 VARIABLE X_line_66 LOOP COMP_LOAD_XW BUNDLEDNAME {} DSP 0 BRAM 0 URAM 0 STORAGESUBTYPE {} DISPNAME {bind_op select} VISIBLE false} {BINDTYPE op ID {} IMPL auto_sel LATENCY 0 OPTYPE select PRAGMA {} RTLNAME X_line_65_fu_4985_p3 SOURCE src/integrated-gcn/integrated_gcn.cpp:121 VARIABLE X_line_65 LOOP COMP_LOAD_XW BUNDLEDNAME {} DSP 0 BRAM 0 URAM 0 STORAGESUBTYPE {} DISPNAME {bind_op select} VISIBLE false} {BINDTYPE op ID {} IMPL auto_sel LATENCY 0 OPTYPE select PRAGMA {} RTLNAME X_line_64_fu_4992_p3 SOURCE src/integrated-gcn/integrated_gcn.cpp:121 VARIABLE X_line_64 LOOP COMP_LOAD_XW BUNDLEDNAME {} DSP 0 BRAM 0 URAM 0 STORAGESUBTYPE {} DISPNAME {bind_op select} VISIBLE false} {BINDTYPE op ID {} IMPL auto_sel LATENCY 0 OPTYPE select PRAGMA {} RTLNAME W_line_127_fu_4999_p3 SOURCE src/integrated-gcn/integrated_gcn.cpp:121 VARIABLE W_line_127 LOOP COMP_LOAD_XW BUNDLEDNAME {} DSP 0 BRAM 0 URAM 0 STORAGESUBTYPE {} DISPNAME {bind_op select} VISIBLE false} {BINDTYPE op ID {} IMPL auto_sel LATENCY 0 OPTYPE select PRAGMA {} RTLNAME W_line_126_fu_5006_p3 SOURCE src/integrated-gcn/integrated_gcn.cpp:121 VARIABLE W_line_126 LOOP COMP_LOAD_XW BUNDLEDNAME {} DSP 0 BRAM 0 URAM 0 STORAGESUBTYPE {} DISPNAME {bind_op select} VISIBLE false} {BINDTYPE op ID {} IMPL auto_sel LATENCY 0 OPTYPE select PRAGMA {} RTLNAME W_line_125_fu_5013_p3 SOURCE src/integrated-gcn/integrated_gcn.cpp:121 VARIABLE W_line_125 LOOP COMP_LOAD_XW BUNDLEDNAME {} DSP 0 BRAM 0 URAM 0 STORAGESUBTYPE {} DISPNAME {bind_op select} VISIBLE false} {BINDTYPE op ID {} IMPL auto_sel LATENCY 0 OPTYPE select PRAGMA {} RTLNAME W_line_124_fu_5020_p3 SOURCE src/integrated-gcn/integrated_gcn.cpp:121 VARIABLE W_line_124 LOOP COMP_LOAD_XW BUNDLEDNAME {} DSP 0 BRAM 0 URAM 0 STORAGESUBTYPE {} DISPNAME {bind_op select} VISIBLE false} {BINDTYPE op ID {} IMPL auto_sel LATENCY 0 OPTYPE select PRAGMA {} RTLNAME W_line_123_fu_5027_p3 SOURCE src/integrated-gcn/integrated_gcn.cpp:121 VARIABLE W_line_123 LOOP COMP_LOAD_XW BUNDLEDNAME {} DSP 0 BRAM 0 URAM 0 STORAGESUBTYPE {} DISPNAME {bind_op select} VISIBLE false} {BINDTYPE op ID {} IMPL auto_sel LATENCY 0 OPTYPE select PRAGMA {} RTLNAME W_line_122_fu_5034_p3 SOURCE src/integrated-gcn/integrated_gcn.cpp:121 VARIABLE W_line_122 LOOP COMP_LOAD_XW BUNDLEDNAME {} DSP 0 BRAM 0 URAM 0 STORAGESUBTYPE {} DISPNAME {bind_op select} VISIBLE false} {BINDTYPE op ID {} IMPL auto_sel LATENCY 0 OPTYPE select PRAGMA {} RTLNAME W_line_121_fu_5041_p3 SOURCE src/integrated-gcn/integrated_gcn.cpp:121 VARIABLE W_line_121 LOOP COMP_LOAD_XW BUNDLEDNAME {} DSP 0 BRAM 0 URAM 0 STORAGESUBTYPE {} DISPNAME {bind_op select} VISIBLE false} {BINDTYPE op ID {} IMPL auto_sel LATENCY 0 OPTYPE select PRAGMA {} RTLNAME W_line_120_fu_5048_p3 SOURCE src/integrated-gcn/integrated_gcn.cpp:121 VARIABLE W_line_120 LOOP COMP_LOAD_XW BUNDLEDNAME {} DSP 0 BRAM 0 URAM 0 STORAGESUBTYPE {} DISPNAME {bind_op select} VISIBLE false} {BINDTYPE op ID {} IMPL auto_sel LATENCY 0 OPTYPE select PRAGMA {} RTLNAME W_line_119_fu_5055_p3 SOURCE src/integrated-gcn/integrated_gcn.cpp:121 VARIABLE W_line_119 LOOP COMP_LOAD_XW BUNDLEDNAME {} DSP 0 BRAM 0 URAM 0 STORAGESUBTYPE {} DISPNAME {bind_op select} VISIBLE false} {BINDTYPE op ID {} IMPL auto_sel LATENCY 0 OPTYPE select PRAGMA {} RTLNAME W_line_118_fu_5062_p3 SOURCE src/integrated-gcn/integrated_gcn.cpp:121 VARIABLE W_line_118 LOOP COMP_LOAD_XW BUNDLEDNAME {} DSP 0 BRAM 0 URAM 0 STORAGESUBTYPE {} DISPNAME {bind_op select} VISIBLE false} {BINDTYPE op ID {} IMPL auto_sel LATENCY 0 OPTYPE select PRAGMA {} RTLNAME W_line_117_fu_5069_p3 SOURCE src/integrated-gcn/integrated_gcn.cpp:121 VARIABLE W_line_117 LOOP COMP_LOAD_XW BUNDLEDNAME {} DSP 0 BRAM 0 URAM 0 STORAGESUBTYPE {} DISPNAME {bind_op select} VISIBLE false} {BINDTYPE op ID {} IMPL auto_sel LATENCY 0 OPTYPE select PRAGMA {} RTLNAME W_line_116_fu_5076_p3 SOURCE src/integrated-gcn/integrated_gcn.cpp:121 VARIABLE W_line_116 LOOP COMP_LOAD_XW BUNDLEDNAME {} DSP 0 BRAM 0 URAM 0 STORAGESUBTYPE {} DISPNAME {bind_op select} VISIBLE false} {BINDTYPE op ID {} IMPL auto_sel LATENCY 0 OPTYPE select PRAGMA {} RTLNAME W_line_115_fu_5083_p3 SOURCE src/integrated-gcn/integrated_gcn.cpp:121 VARIABLE W_line_115 LOOP COMP_LOAD_XW BUNDLEDNAME {} DSP 0 BRAM 0 URAM 0 STORAGESUBTYPE {} DISPNAME {bind_op select} VISIBLE false} {BINDTYPE op ID {} IMPL auto_sel LATENCY 0 OPTYPE select PRAGMA {} RTLNAME W_line_114_fu_5090_p3 SOURCE src/integrated-gcn/integrated_gcn.cpp:121 VARIABLE W_line_114 LOOP COMP_LOAD_XW BUNDLEDNAME {} DSP 0 BRAM 0 URAM 0 STORAGESUBTYPE {} DISPNAME {bind_op select} VISIBLE false} {BINDTYPE op ID {} IMPL auto_sel LATENCY 0 OPTYPE select PRAGMA {} RTLNAME W_line_113_fu_5097_p3 SOURCE src/integrated-gcn/integrated_gcn.cpp:121 VARIABLE W_line_113 LOOP COMP_LOAD_XW BUNDLEDNAME {} DSP 0 BRAM 0 URAM 0 STORAGESUBTYPE {} DISPNAME {bind_op select} VISIBLE false} {BINDTYPE op ID {} IMPL auto_sel LATENCY 0 OPTYPE select PRAGMA {} RTLNAME W_line_112_fu_5104_p3 SOURCE src/integrated-gcn/integrated_gcn.cpp:121 VARIABLE W_line_112 LOOP COMP_LOAD_XW BUNDLEDNAME {} DSP 0 BRAM 0 URAM 0 STORAGESUBTYPE {} DISPNAME {bind_op select} VISIBLE false} {BINDTYPE op ID {} IMPL auto_sel LATENCY 0 OPTYPE select PRAGMA {} RTLNAME W_line_111_fu_5111_p3 SOURCE src/integrated-gcn/integrated_gcn.cpp:121 VARIABLE W_line_111 LOOP COMP_LOAD_XW BUNDLEDNAME {} DSP 0 BRAM 0 URAM 0 STORAGESUBTYPE {} DISPNAME {bind_op select} VISIBLE false} {BINDTYPE op ID {} IMPL auto_sel LATENCY 0 OPTYPE select PRAGMA {} RTLNAME W_line_110_fu_5118_p3 SOURCE src/integrated-gcn/integrated_gcn.cpp:121 VARIABLE W_line_110 LOOP COMP_LOAD_XW BUNDLEDNAME {} DSP 0 BRAM 0 URAM 0 STORAGESUBTYPE {} DISPNAME {bind_op select} VISIBLE false} {BINDTYPE op ID {} IMPL auto_sel LATENCY 0 OPTYPE select PRAGMA {} RTLNAME W_line_109_fu_5125_p3 SOURCE src/integrated-gcn/integrated_gcn.cpp:121 VARIABLE W_line_109 LOOP COMP_LOAD_XW BUNDLEDNAME {} DSP 0 BRAM 0 URAM 0 STORAGESUBTYPE {} DISPNAME {bind_op select} VISIBLE false} {BINDTYPE op ID {} IMPL auto_sel LATENCY 0 OPTYPE select PRAGMA {} RTLNAME W_line_108_fu_5132_p3 SOURCE src/integrated-gcn/integrated_gcn.cpp:121 VARIABLE W_line_108 LOOP COMP_LOAD_XW BUNDLEDNAME {} DSP 0 BRAM 0 URAM 0 STORAGESUBTYPE {} DISPNAME {bind_op select} VISIBLE false} {BINDTYPE op ID {} IMPL auto_sel LATENCY 0 OPTYPE select PRAGMA {} RTLNAME W_line_107_fu_5139_p3 SOURCE src/integrated-gcn/integrated_gcn.cpp:121 VARIABLE W_line_107 LOOP COMP_LOAD_XW BUNDLEDNAME {} DSP 0 BRAM 0 URAM 0 STORAGESUBTYPE {} DISPNAME {bind_op select} VISIBLE false} {BINDTYPE op ID {} IMPL auto_sel LATENCY 0 OPTYPE select PRAGMA {} RTLNAME W_line_106_fu_5146_p3 SOURCE src/integrated-gcn/integrated_gcn.cpp:121 VARIABLE W_line_106 LOOP COMP_LOAD_XW BUNDLEDNAME {} DSP 0 BRAM 0 URAM 0 STORAGESUBTYPE {} DISPNAME {bind_op select} VISIBLE false} {BINDTYPE op ID {} IMPL auto_sel LATENCY 0 OPTYPE select PRAGMA {} RTLNAME W_line_105_fu_5153_p3 SOURCE src/integrated-gcn/integrated_gcn.cpp:121 VARIABLE W_line_105 LOOP COMP_LOAD_XW BUNDLEDNAME {} DSP 0 BRAM 0 URAM 0 STORAGESUBTYPE {} DISPNAME {bind_op select} VISIBLE false} {BINDTYPE op ID {} IMPL auto_sel LATENCY 0 OPTYPE select PRAGMA {} RTLNAME W_line_104_fu_5160_p3 SOURCE src/integrated-gcn/integrated_gcn.cpp:121 VARIABLE W_line_104 LOOP COMP_LOAD_XW BUNDLEDNAME {} DSP 0 BRAM 0 URAM 0 STORAGESUBTYPE {} DISPNAME {bind_op select} VISIBLE false} {BINDTYPE op ID {} IMPL auto_sel LATENCY 0 OPTYPE select PRAGMA {} RTLNAME W_line_103_fu_5167_p3 SOURCE src/integrated-gcn/integrated_gcn.cpp:121 VARIABLE W_line_103 LOOP COMP_LOAD_XW BUNDLEDNAME {} DSP 0 BRAM 0 URAM 0 STORAGESUBTYPE {} DISPNAME {bind_op select} VISIBLE false} {BINDTYPE op ID {} IMPL auto_sel LATENCY 0 OPTYPE select PRAGMA {} RTLNAME W_line_102_fu_5174_p3 SOURCE src/integrated-gcn/integrated_gcn.cpp:121 VARIABLE W_line_102 LOOP COMP_LOAD_XW BUNDLEDNAME {} DSP 0 BRAM 0 URAM 0 STORAGESUBTYPE {} DISPNAME {bind_op select} VISIBLE false} {BINDTYPE op ID {} IMPL auto_sel LATENCY 0 OPTYPE select PRAGMA {} RTLNAME W_line_101_fu_5181_p3 SOURCE src/integrated-gcn/integrated_gcn.cpp:121 VARIABLE W_line_101 LOOP COMP_LOAD_XW BUNDLEDNAME {} DSP 0 BRAM 0 URAM 0 STORAGESUBTYPE {} DISPNAME {bind_op select} VISIBLE false} {BINDTYPE op ID {} IMPL auto_sel LATENCY 0 OPTYPE select PRAGMA {} RTLNAME W_line_100_fu_5188_p3 SOURCE src/integrated-gcn/integrated_gcn.cpp:121 VARIABLE W_line_100 LOOP COMP_LOAD_XW BUNDLEDNAME {} DSP 0 BRAM 0 URAM 0 STORAGESUBTYPE {} DISPNAME {bind_op select} VISIBLE false} {BINDTYPE op ID {} IMPL auto_sel LATENCY 0 OPTYPE select PRAGMA {} RTLNAME W_line_99_fu_5195_p3 SOURCE src/integrated-gcn/integrated_gcn.cpp:121 VARIABLE W_line_99 LOOP COMP_LOAD_XW BUNDLEDNAME {} DSP 0 BRAM 0 URAM 0 STORAGESUBTYPE {} DISPNAME {bind_op select} VISIBLE false} {BINDTYPE op ID {} IMPL auto_sel LATENCY 0 OPTYPE select PRAGMA {} RTLNAME W_line_98_fu_5202_p3 SOURCE src/integrated-gcn/integrated_gcn.cpp:121 VARIABLE W_line_98 LOOP COMP_LOAD_XW BUNDLEDNAME {} DSP 0 BRAM 0 URAM 0 STORAGESUBTYPE {} DISPNAME {bind_op select} VISIBLE false} {BINDTYPE op ID {} IMPL auto_sel LATENCY 0 OPTYPE select PRAGMA {} RTLNAME W_line_97_fu_5209_p3 SOURCE src/integrated-gcn/integrated_gcn.cpp:121 VARIABLE W_line_97 LOOP COMP_LOAD_XW BUNDLEDNAME {} DSP 0 BRAM 0 URAM 0 STORAGESUBTYPE {} DISPNAME {bind_op select} VISIBLE false} {BINDTYPE op ID {} IMPL auto_sel LATENCY 0 OPTYPE select PRAGMA {} RTLNAME W_line_96_fu_5216_p3 SOURCE src/integrated-gcn/integrated_gcn.cpp:121 VARIABLE W_line_96 LOOP COMP_LOAD_XW BUNDLEDNAME {} DSP 0 BRAM 0 URAM 0 STORAGESUBTYPE {} DISPNAME {bind_op select} VISIBLE false} {BINDTYPE op ID {} IMPL auto_sel LATENCY 0 OPTYPE select PRAGMA {} RTLNAME W_line_95_fu_5223_p3 SOURCE src/integrated-gcn/integrated_gcn.cpp:121 VARIABLE W_line_95 LOOP COMP_LOAD_XW BUNDLEDNAME {} DSP 0 BRAM 0 URAM 0 STORAGESUBTYPE {} DISPNAME {bind_op select} VISIBLE false} {BINDTYPE op ID {} IMPL auto_sel LATENCY 0 OPTYPE select PRAGMA {} RTLNAME W_line_94_fu_5230_p3 SOURCE src/integrated-gcn/integrated_gcn.cpp:121 VARIABLE W_line_94 LOOP COMP_LOAD_XW BUNDLEDNAME {} DSP 0 BRAM 0 URAM 0 STORAGESUBTYPE {} DISPNAME {bind_op select} VISIBLE false} {BINDTYPE op ID {} IMPL auto_sel LATENCY 0 OPTYPE select PRAGMA {} RTLNAME W_line_93_fu_5237_p3 SOURCE src/integrated-gcn/integrated_gcn.cpp:121 VARIABLE W_line_93 LOOP COMP_LOAD_XW BUNDLEDNAME {} DSP 0 BRAM 0 URAM 0 STORAGESUBTYPE {} DISPNAME {bind_op select} VISIBLE false} {BINDTYPE op ID {} IMPL auto_sel LATENCY 0 OPTYPE select PRAGMA {} RTLNAME W_line_92_fu_5244_p3 SOURCE src/integrated-gcn/integrated_gcn.cpp:121 VARIABLE W_line_92 LOOP COMP_LOAD_XW BUNDLEDNAME {} DSP 0 BRAM 0 URAM 0 STORAGESUBTYPE {} DISPNAME {bind_op select} VISIBLE false} {BINDTYPE op ID {} IMPL auto_sel LATENCY 0 OPTYPE select PRAGMA {} RTLNAME W_line_91_fu_5251_p3 SOURCE src/integrated-gcn/integrated_gcn.cpp:121 VARIABLE W_line_91 LOOP COMP_LOAD_XW BUNDLEDNAME {} DSP 0 BRAM 0 URAM 0 STORAGESUBTYPE {} DISPNAME {bind_op select} VISIBLE false} {BINDTYPE op ID {} IMPL auto_sel LATENCY 0 OPTYPE select PRAGMA {} RTLNAME W_line_90_fu_5258_p3 SOURCE src/integrated-gcn/integrated_gcn.cpp:121 VARIABLE W_line_90 LOOP COMP_LOAD_XW BUNDLEDNAME {} DSP 0 BRAM 0 URAM 0 STORAGESUBTYPE {} DISPNAME {bind_op select} VISIBLE false} {BINDTYPE op ID {} IMPL auto_sel LATENCY 0 OPTYPE select PRAGMA {} RTLNAME W_line_89_fu_5265_p3 SOURCE src/integrated-gcn/integrated_gcn.cpp:121 VARIABLE W_line_89 LOOP COMP_LOAD_XW BUNDLEDNAME {} DSP 0 BRAM 0 URAM 0 STORAGESUBTYPE {} DISPNAME {bind_op select} VISIBLE false} {BINDTYPE op ID {} IMPL auto_sel LATENCY 0 OPTYPE select PRAGMA {} RTLNAME W_line_88_fu_5272_p3 SOURCE src/integrated-gcn/integrated_gcn.cpp:121 VARIABLE W_line_88 LOOP COMP_LOAD_XW BUNDLEDNAME {} DSP 0 BRAM 0 URAM 0 STORAGESUBTYPE {} DISPNAME {bind_op select} VISIBLE false} {BINDTYPE op ID {} IMPL auto_sel LATENCY 0 OPTYPE select PRAGMA {} RTLNAME W_line_87_fu_5279_p3 SOURCE src/integrated-gcn/integrated_gcn.cpp:121 VARIABLE W_line_87 LOOP COMP_LOAD_XW BUNDLEDNAME {} DSP 0 BRAM 0 URAM 0 STORAGESUBTYPE {} DISPNAME {bind_op select} VISIBLE false} {BINDTYPE op ID {} IMPL auto_sel LATENCY 0 OPTYPE select PRAGMA {} RTLNAME W_line_86_fu_5286_p3 SOURCE src/integrated-gcn/integrated_gcn.cpp:121 VARIABLE W_line_86 LOOP COMP_LOAD_XW BUNDLEDNAME {} DSP 0 BRAM 0 URAM 0 STORAGESUBTYPE {} DISPNAME {bind_op select} VISIBLE false} {BINDTYPE op ID {} IMPL auto_sel LATENCY 0 OPTYPE select PRAGMA {} RTLNAME W_line_85_fu_5293_p3 SOURCE src/integrated-gcn/integrated_gcn.cpp:121 VARIABLE W_line_85 LOOP COMP_LOAD_XW BUNDLEDNAME {} DSP 0 BRAM 0 URAM 0 STORAGESUBTYPE {} DISPNAME {bind_op select} VISIBLE false} {BINDTYPE op ID {} IMPL auto_sel LATENCY 0 OPTYPE select PRAGMA {} RTLNAME W_line_84_fu_5300_p3 SOURCE src/integrated-gcn/integrated_gcn.cpp:121 VARIABLE W_line_84 LOOP COMP_LOAD_XW BUNDLEDNAME {} DSP 0 BRAM 0 URAM 0 STORAGESUBTYPE {} DISPNAME {bind_op select} VISIBLE false} {BINDTYPE op ID {} IMPL auto_sel LATENCY 0 OPTYPE select PRAGMA {} RTLNAME W_line_83_fu_5307_p3 SOURCE src/integrated-gcn/integrated_gcn.cpp:121 VARIABLE W_line_83 LOOP COMP_LOAD_XW BUNDLEDNAME {} DSP 0 BRAM 0 URAM 0 STORAGESUBTYPE {} DISPNAME {bind_op select} VISIBLE false} {BINDTYPE op ID {} IMPL auto_sel LATENCY 0 OPTYPE select PRAGMA {} RTLNAME W_line_82_fu_5314_p3 SOURCE src/integrated-gcn/integrated_gcn.cpp:121 VARIABLE W_line_82 LOOP COMP_LOAD_XW BUNDLEDNAME {} DSP 0 BRAM 0 URAM 0 STORAGESUBTYPE {} DISPNAME {bind_op select} VISIBLE false} {BINDTYPE op ID {} IMPL auto_sel LATENCY 0 OPTYPE select PRAGMA {} RTLNAME W_line_81_fu_5321_p3 SOURCE src/integrated-gcn/integrated_gcn.cpp:121 VARIABLE W_line_81 LOOP COMP_LOAD_XW BUNDLEDNAME {} DSP 0 BRAM 0 URAM 0 STORAGESUBTYPE {} DISPNAME {bind_op select} VISIBLE false} {BINDTYPE op ID {} IMPL auto_sel LATENCY 0 OPTYPE select PRAGMA {} RTLNAME W_line_80_fu_5328_p3 SOURCE src/integrated-gcn/integrated_gcn.cpp:121 VARIABLE W_line_80 LOOP COMP_LOAD_XW BUNDLEDNAME {} DSP 0 BRAM 0 URAM 0 STORAGESUBTYPE {} DISPNAME {bind_op select} VISIBLE false} {BINDTYPE op ID {} IMPL auto_sel LATENCY 0 OPTYPE select PRAGMA {} RTLNAME W_line_79_fu_5335_p3 SOURCE src/integrated-gcn/integrated_gcn.cpp:121 VARIABLE W_line_79 LOOP COMP_LOAD_XW BUNDLEDNAME {} DSP 0 BRAM 0 URAM 0 STORAGESUBTYPE {} DISPNAME {bind_op select} VISIBLE false} {BINDTYPE op ID {} IMPL auto_sel LATENCY 0 OPTYPE select PRAGMA {} RTLNAME W_line_78_fu_5342_p3 SOURCE src/integrated-gcn/integrated_gcn.cpp:121 VARIABLE W_line_78 LOOP COMP_LOAD_XW BUNDLEDNAME {} DSP 0 BRAM 0 URAM 0 STORAGESUBTYPE {} DISPNAME {bind_op select} VISIBLE false} {BINDTYPE op ID {} IMPL auto_sel LATENCY 0 OPTYPE select PRAGMA {} RTLNAME W_line_77_fu_5349_p3 SOURCE src/integrated-gcn/integrated_gcn.cpp:121 VARIABLE W_line_77 LOOP COMP_LOAD_XW BUNDLEDNAME {} DSP 0 BRAM 0 URAM 0 STORAGESUBTYPE {} DISPNAME {bind_op select} VISIBLE false} {BINDTYPE op ID {} IMPL auto_sel LATENCY 0 OPTYPE select PRAGMA {} RTLNAME W_line_76_fu_5356_p3 SOURCE src/integrated-gcn/integrated_gcn.cpp:121 VARIABLE W_line_76 LOOP COMP_LOAD_XW BUNDLEDNAME {} DSP 0 BRAM 0 URAM 0 STORAGESUBTYPE {} DISPNAME {bind_op select} VISIBLE false} {BINDTYPE op ID {} IMPL auto_sel LATENCY 0 OPTYPE select PRAGMA {} RTLNAME W_line_75_fu_5363_p3 SOURCE src/integrated-gcn/integrated_gcn.cpp:121 VARIABLE W_line_75 LOOP COMP_LOAD_XW BUNDLEDNAME {} DSP 0 BRAM 0 URAM 0 STORAGESUBTYPE {} DISPNAME {bind_op select} VISIBLE false} {BINDTYPE op ID {} IMPL auto_sel LATENCY 0 OPTYPE select PRAGMA {} RTLNAME W_line_74_fu_5370_p3 SOURCE src/integrated-gcn/integrated_gcn.cpp:121 VARIABLE W_line_74 LOOP COMP_LOAD_XW BUNDLEDNAME {} DSP 0 BRAM 0 URAM 0 STORAGESUBTYPE {} DISPNAME {bind_op select} VISIBLE false} {BINDTYPE op ID {} IMPL auto_sel LATENCY 0 OPTYPE select PRAGMA {} RTLNAME W_line_73_fu_5377_p3 SOURCE src/integrated-gcn/integrated_gcn.cpp:121 VARIABLE W_line_73 LOOP COMP_LOAD_XW BUNDLEDNAME {} DSP 0 BRAM 0 URAM 0 STORAGESUBTYPE {} DISPNAME {bind_op select} VISIBLE false} {BINDTYPE op ID {} IMPL auto_sel LATENCY 0 OPTYPE select PRAGMA {} RTLNAME W_line_72_fu_5384_p3 SOURCE src/integrated-gcn/integrated_gcn.cpp:121 VARIABLE W_line_72 LOOP COMP_LOAD_XW BUNDLEDNAME {} DSP 0 BRAM 0 URAM 0 STORAGESUBTYPE {} DISPNAME {bind_op select} VISIBLE false} {BINDTYPE op ID {} IMPL auto_sel LATENCY 0 OPTYPE select PRAGMA {} RTLNAME W_line_71_fu_5391_p3 SOURCE src/integrated-gcn/integrated_gcn.cpp:121 VARIABLE W_line_71 LOOP COMP_LOAD_XW BUNDLEDNAME {} DSP 0 BRAM 0 URAM 0 STORAGESUBTYPE {} DISPNAME {bind_op select} VISIBLE false} {BINDTYPE op ID {} IMPL auto_sel LATENCY 0 OPTYPE select PRAGMA {} RTLNAME W_line_70_fu_5398_p3 SOURCE src/integrated-gcn/integrated_gcn.cpp:121 VARIABLE W_line_70 LOOP COMP_LOAD_XW BUNDLEDNAME {} DSP 0 BRAM 0 URAM 0 STORAGESUBTYPE {} DISPNAME {bind_op select} VISIBLE false} {BINDTYPE op ID {} IMPL auto_sel LATENCY 0 OPTYPE select PRAGMA {} RTLNAME W_line_69_fu_5405_p3 SOURCE src/integrated-gcn/integrated_gcn.cpp:121 VARIABLE W_line_69 LOOP COMP_LOAD_XW BUNDLEDNAME {} DSP 0 BRAM 0 URAM 0 STORAGESUBTYPE {} DISPNAME {bind_op select} VISIBLE false} {BINDTYPE op ID {} IMPL auto_sel LATENCY 0 OPTYPE select PRAGMA {} RTLNAME W_line_68_fu_5412_p3 SOURCE src/integrated-gcn/integrated_gcn.cpp:121 VARIABLE W_line_68 LOOP COMP_LOAD_XW BUNDLEDNAME {} DSP 0 BRAM 0 URAM 0 STORAGESUBTYPE {} DISPNAME {bind_op select} VISIBLE false} {BINDTYPE op ID {} IMPL auto_sel LATENCY 0 OPTYPE select PRAGMA {} RTLNAME W_line_67_fu_5419_p3 SOURCE src/integrated-gcn/integrated_gcn.cpp:121 VARIABLE W_line_67 LOOP COMP_LOAD_XW BUNDLEDNAME {} DSP 0 BRAM 0 URAM 0 STORAGESUBTYPE {} DISPNAME {bind_op select} VISIBLE false} {BINDTYPE op ID {} IMPL auto_sel LATENCY 0 OPTYPE select PRAGMA {} RTLNAME W_line_66_fu_5426_p3 SOURCE src/integrated-gcn/integrated_gcn.cpp:121 VARIABLE W_line_66 LOOP COMP_LOAD_XW BUNDLEDNAME {} DSP 0 BRAM 0 URAM 0 STORAGESUBTYPE {} DISPNAME {bind_op select} VISIBLE false} {BINDTYPE op ID {} IMPL auto_sel LATENCY 0 OPTYPE select PRAGMA {} RTLNAME W_line_65_fu_5433_p3 SOURCE src/integrated-gcn/integrated_gcn.cpp:121 VARIABLE W_line_65 LOOP COMP_LOAD_XW BUNDLEDNAME {} DSP 0 BRAM 0 URAM 0 STORAGESUBTYPE {} DISPNAME {bind_op select} VISIBLE false} {BINDTYPE op ID {} IMPL auto_sel LATENCY 0 OPTYPE select PRAGMA {} RTLNAME W_line_64_fu_5440_p3 SOURCE src/integrated-gcn/integrated_gcn.cpp:121 VARIABLE W_line_64 LOOP COMP_LOAD_XW BUNDLEDNAME {} DSP 0 BRAM 0 URAM 0 STORAGESUBTYPE {} DISPNAME {bind_op select} VISIBLE false}} AREA {DSP 0 BRAM 0 URAM 0}} gemm_compute_Pipeline_COMP_I {BINDINFO {{BINDTYPE op ID {} IMPL compactencoding_dontcare LATENCY 0 OPTYPE sparsemux PRAGMA {} RTLNAME sparsemux_33_6_16_1_1_U525 SOURCE src/integrated-gcn/integrated_gcn.cpp:132 VARIABLE X_val LOOP COMP_I BUNDLEDNAME {} DSP 0 BRAM 0 URAM 0 STORAGESUBTYPE {} DISPNAME {bind_op sparsemux} VISIBLE false} {BINDTYPE op ID {} IMPL dsp_slice LATENCY 3 OPTYPE mul PRAGMA {} RTLNAME mac_muladd_16s_16s_32s_32_4_1_U529 SOURCE src/integrated-gcn/integrated_gcn.cpp:137 VARIABLE mul_ln137 LOOP COMP_I BUNDLEDNAME {} DSP 1 BRAM 0 URAM 0 STORAGESUBTYPE {} DISPNAME {bind_op mul} VISIBLE true} {BINDTYPE op ID {} IMPL dsp_slice LATENCY 3 OPTYPE add PRAGMA {} RTLNAME mac_muladd_16s_16s_32s_32_4_1_U529 SOURCE src/integrated-gcn/integrated_gcn.cpp:137 VARIABLE add_ln137 LOOP COMP_I BUNDLEDNAME {} DSP 1 BRAM 0 URAM 0 STORAGESUBTYPE {} DISPNAME {bind_op add} VISIBLE true} {BINDTYPE op ID {} IMPL dsp_slice LATENCY 3 OPTYPE mul PRAGMA {} RTLNAME mac_muladd_16s_16s_32s_32_4_1_U530 SOURCE src/integrated-gcn/integrated_gcn.cpp:137 VARIABLE mul_ln137_1 LOOP COMP_I BUNDLEDNAME {} DSP 1 BRAM 0 URAM 0 STORAGESUBTYPE {} DISPNAME {bind_op mul} VISIBLE true} {BINDTYPE op ID {} IMPL dsp_slice LATENCY 3 OPTYPE add PRAGMA {} RTLNAME mac_muladd_16s_16s_32s_32_4_1_U530 SOURCE src/integrated-gcn/integrated_gcn.cpp:137 VARIABLE add_ln137_1 LOOP COMP_I BUNDLEDNAME {} DSP 1 BRAM 0 URAM 0 STORAGESUBTYPE {} DISPNAME {bind_op add} VISIBLE true} {BINDTYPE op ID {} IMPL dsp_slice LATENCY 3 OPTYPE mul PRAGMA {} RTLNAME mac_muladd_16s_16s_32s_32_4_1_U531 SOURCE src/integrated-gcn/integrated_gcn.cpp:137 VARIABLE mul_ln137_2 LOOP COMP_I BUNDLEDNAME {} DSP 1 BRAM 0 URAM 0 STORAGESUBTYPE {} DISPNAME {bind_op mul} VISIBLE true} {BINDTYPE op ID {} IMPL dsp_slice LATENCY 3 OPTYPE add PRAGMA {} RTLNAME mac_muladd_16s_16s_32s_32_4_1_U531 SOURCE src/integrated-gcn/integrated_gcn.cpp:137 VARIABLE add_ln137_2 LOOP COMP_I BUNDLEDNAME {} DSP 1 BRAM 0 URAM 0 STORAGESUBTYPE {} DISPNAME {bind_op add} VISIBLE true} {BINDTYPE op ID {} IMPL dsp_slice LATENCY 3 OPTYPE mul PRAGMA {} RTLNAME mac_muladd_16s_16s_32s_32_4_1_U532 SOURCE src/integrated-gcn/integrated_gcn.cpp:137 VARIABLE mul_ln137_3 LOOP COMP_I BUNDLEDNAME {} DSP 1 BRAM 0 URAM 0 STORAGESUBTYPE {} DISPNAME {bind_op mul} VISIBLE true} {BINDTYPE op ID {} IMPL dsp_slice LATENCY 3 OPTYPE add PRAGMA {} RTLNAME mac_muladd_16s_16s_32s_32_4_1_U532 SOURCE src/integrated-gcn/integrated_gcn.cpp:137 VARIABLE add_ln137_3 LOOP COMP_I BUNDLEDNAME {} DSP 1 BRAM 0 URAM 0 STORAGESUBTYPE {} DISPNAME {bind_op add} VISIBLE true} {BINDTYPE op ID {} IMPL dsp_slice LATENCY 3 OPTYPE mul PRAGMA {} RTLNAME mac_muladd_16s_16s_32s_32_4_1_U533 SOURCE src/integrated-gcn/integrated_gcn.cpp:137 VARIABLE mul_ln137_4 LOOP COMP_I BUNDLEDNAME {} DSP 1 BRAM 0 URAM 0 STORAGESUBTYPE {} DISPNAME {bind_op mul} VISIBLE true} {BINDTYPE op ID {} IMPL dsp_slice LATENCY 3 OPTYPE add PRAGMA {} RTLNAME mac_muladd_16s_16s_32s_32_4_1_U533 SOURCE src/integrated-gcn/integrated_gcn.cpp:137 VARIABLE add_ln137_4 LOOP COMP_I BUNDLEDNAME {} DSP 1 BRAM 0 URAM 0 STORAGESUBTYPE {} DISPNAME {bind_op add} VISIBLE true} {BINDTYPE op ID {} IMPL dsp_slice LATENCY 3 OPTYPE mul PRAGMA {} RTLNAME mac_muladd_16s_16s_32s_32_4_1_U534 SOURCE src/integrated-gcn/integrated_gcn.cpp:137 VARIABLE mul_ln137_5 LOOP COMP_I BUNDLEDNAME {} DSP 1 BRAM 0 URAM 0 STORAGESUBTYPE {} DISPNAME {bind_op mul} VISIBLE true} {BINDTYPE op ID {} IMPL dsp_slice LATENCY 3 OPTYPE add PRAGMA {} RTLNAME mac_muladd_16s_16s_32s_32_4_1_U534 SOURCE src/integrated-gcn/integrated_gcn.cpp:137 VARIABLE add_ln137_5 LOOP COMP_I BUNDLEDNAME {} DSP 1 BRAM 0 URAM 0 STORAGESUBTYPE {} DISPNAME {bind_op add} VISIBLE true} {BINDTYPE op ID {} IMPL dsp_slice LATENCY 3 OPTYPE mul PRAGMA {} RTLNAME mac_muladd_16s_16s_32s_32_4_1_U535 SOURCE src/integrated-gcn/integrated_gcn.cpp:137 VARIABLE mul_ln137_6 LOOP COMP_I BUNDLEDNAME {} DSP 1 BRAM 0 URAM 0 STORAGESUBTYPE {} DISPNAME {bind_op mul} VISIBLE true} {BINDTYPE op ID {} IMPL dsp_slice LATENCY 3 OPTYPE add PRAGMA {} RTLNAME mac_muladd_16s_16s_32s_32_4_1_U535 SOURCE src/integrated-gcn/integrated_gcn.cpp:137 VARIABLE add_ln137_6 LOOP COMP_I BUNDLEDNAME {} DSP 1 BRAM 0 URAM 0 STORAGESUBTYPE {} DISPNAME {bind_op add} VISIBLE true} {BINDTYPE op ID {} IMPL dsp_slice LATENCY 3 OPTYPE mul PRAGMA {} RTLNAME mac_muladd_16s_16s_32s_32_4_1_U536 SOURCE src/integrated-gcn/integrated_gcn.cpp:137 VARIABLE mul_ln137_7 LOOP COMP_I BUNDLEDNAME {} DSP 1 BRAM 0 URAM 0 STORAGESUBTYPE {} DISPNAME {bind_op mul} VISIBLE true} {BINDTYPE op ID {} IMPL dsp_slice LATENCY 3 OPTYPE add PRAGMA {} RTLNAME mac_muladd_16s_16s_32s_32_4_1_U536 SOURCE src/integrated-gcn/integrated_gcn.cpp:137 VARIABLE add_ln137_7 LOOP COMP_I BUNDLEDNAME {} DSP 1 BRAM 0 URAM 0 STORAGESUBTYPE {} DISPNAME {bind_op add} VISIBLE true} {BINDTYPE op ID {} IMPL dsp_slice LATENCY 3 OPTYPE mul PRAGMA {} RTLNAME mac_muladd_16s_16s_32s_32_4_1_U537 SOURCE src/integrated-gcn/integrated_gcn.cpp:137 VARIABLE mul_ln137_8 LOOP COMP_I BUNDLEDNAME {} DSP 1 BRAM 0 URAM 0 STORAGESUBTYPE {} DISPNAME {bind_op mul} VISIBLE true} {BINDTYPE op ID {} IMPL dsp_slice LATENCY 3 OPTYPE add PRAGMA {} RTLNAME mac_muladd_16s_16s_32s_32_4_1_U537 SOURCE src/integrated-gcn/integrated_gcn.cpp:137 VARIABLE add_ln137_8 LOOP COMP_I BUNDLEDNAME {} DSP 1 BRAM 0 URAM 0 STORAGESUBTYPE {} DISPNAME {bind_op add} VISIBLE true} {BINDTYPE op ID {} IMPL dsp_slice LATENCY 3 OPTYPE mul PRAGMA {} RTLNAME mac_muladd_16s_16s_32s_32_4_1_U538 SOURCE src/integrated-gcn/integrated_gcn.cpp:137 VARIABLE mul_ln137_9 LOOP COMP_I BUNDLEDNAME {} DSP 1 BRAM 0 URAM 0 STORAGESUBTYPE {} DISPNAME {bind_op mul} VISIBLE true} {BINDTYPE op ID {} IMPL dsp_slice LATENCY 3 OPTYPE add PRAGMA {} RTLNAME mac_muladd_16s_16s_32s_32_4_1_U538 SOURCE src/integrated-gcn/integrated_gcn.cpp:137 VARIABLE add_ln137_9 LOOP COMP_I BUNDLEDNAME {} DSP 1 BRAM 0 URAM 0 STORAGESUBTYPE {} DISPNAME {bind_op add} VISIBLE true} {BINDTYPE op ID {} IMPL dsp_slice LATENCY 3 OPTYPE mul PRAGMA {} RTLNAME mac_muladd_16s_16s_32s_32_4_1_U539 SOURCE src/integrated-gcn/integrated_gcn.cpp:137 VARIABLE mul_ln137_10 LOOP COMP_I BUNDLEDNAME {} DSP 1 BRAM 0 URAM 0 STORAGESUBTYPE {} DISPNAME {bind_op mul} VISIBLE true} {BINDTYPE op ID {} IMPL dsp_slice LATENCY 3 OPTYPE add PRAGMA {} RTLNAME mac_muladd_16s_16s_32s_32_4_1_U539 SOURCE src/integrated-gcn/integrated_gcn.cpp:137 VARIABLE add_ln137_10 LOOP COMP_I BUNDLEDNAME {} DSP 1 BRAM 0 URAM 0 STORAGESUBTYPE {} DISPNAME {bind_op add} VISIBLE true} {BINDTYPE op ID {} IMPL dsp_slice LATENCY 3 OPTYPE mul PRAGMA {} RTLNAME mac_muladd_16s_16s_32s_32_4_1_U540 SOURCE src/integrated-gcn/integrated_gcn.cpp:137 VARIABLE mul_ln137_11 LOOP COMP_I BUNDLEDNAME {} DSP 1 BRAM 0 URAM 0 STORAGESUBTYPE {} DISPNAME {bind_op mul} VISIBLE true} {BINDTYPE op ID {} IMPL dsp_slice LATENCY 3 OPTYPE add PRAGMA {} RTLNAME mac_muladd_16s_16s_32s_32_4_1_U540 SOURCE src/integrated-gcn/integrated_gcn.cpp:137 VARIABLE add_ln137_11 LOOP COMP_I BUNDLEDNAME {} DSP 1 BRAM 0 URAM 0 STORAGESUBTYPE {} DISPNAME {bind_op add} VISIBLE true} {BINDTYPE op ID {} IMPL dsp_slice LATENCY 3 OPTYPE mul PRAGMA {} RTLNAME mac_muladd_16s_16s_32s_32_4_1_U541 SOURCE src/integrated-gcn/integrated_gcn.cpp:137 VARIABLE mul_ln137_12 LOOP COMP_I BUNDLEDNAME {} DSP 1 BRAM 0 URAM 0 STORAGESUBTYPE {} DISPNAME {bind_op mul} VISIBLE true} {BINDTYPE op ID {} IMPL dsp_slice LATENCY 3 OPTYPE add PRAGMA {} RTLNAME mac_muladd_16s_16s_32s_32_4_1_U541 SOURCE src/integrated-gcn/integrated_gcn.cpp:137 VARIABLE add_ln137_12 LOOP COMP_I BUNDLEDNAME {} DSP 1 BRAM 0 URAM 0 STORAGESUBTYPE {} DISPNAME {bind_op add} VISIBLE true} {BINDTYPE op ID {} IMPL dsp_slice LATENCY 3 OPTYPE mul PRAGMA {} RTLNAME mac_muladd_16s_16s_32s_32_4_1_U542 SOURCE src/integrated-gcn/integrated_gcn.cpp:137 VARIABLE mul_ln137_13 LOOP COMP_I BUNDLEDNAME {} DSP 1 BRAM 0 URAM 0 STORAGESUBTYPE {} DISPNAME {bind_op mul} VISIBLE true} {BINDTYPE op ID {} IMPL dsp_slice LATENCY 3 OPTYPE add PRAGMA {} RTLNAME mac_muladd_16s_16s_32s_32_4_1_U542 SOURCE src/integrated-gcn/integrated_gcn.cpp:137 VARIABLE add_ln137_13 LOOP COMP_I BUNDLEDNAME {} DSP 1 BRAM 0 URAM 0 STORAGESUBTYPE {} DISPNAME {bind_op add} VISIBLE true} {BINDTYPE op ID {} IMPL dsp_slice LATENCY 3 OPTYPE mul PRAGMA {} RTLNAME mac_muladd_16s_16s_32s_32_4_1_U543 SOURCE src/integrated-gcn/integrated_gcn.cpp:137 VARIABLE mul_ln137_14 LOOP COMP_I BUNDLEDNAME {} DSP 1 BRAM 0 URAM 0 STORAGESUBTYPE {} DISPNAME {bind_op mul} VISIBLE true} {BINDTYPE op ID {} IMPL dsp_slice LATENCY 3 OPTYPE add PRAGMA {} RTLNAME mac_muladd_16s_16s_32s_32_4_1_U543 SOURCE src/integrated-gcn/integrated_gcn.cpp:137 VARIABLE add_ln137_14 LOOP COMP_I BUNDLEDNAME {} DSP 1 BRAM 0 URAM 0 STORAGESUBTYPE {} DISPNAME {bind_op add} VISIBLE true} {BINDTYPE op ID {} IMPL dsp_slice LATENCY 3 OPTYPE mul PRAGMA {} RTLNAME mac_muladd_16s_16s_32s_32_4_1_U544 SOURCE src/integrated-gcn/integrated_gcn.cpp:137 VARIABLE mul_ln137_15 LOOP COMP_I BUNDLEDNAME {} DSP 1 BRAM 0 URAM 0 STORAGESUBTYPE {} DISPNAME {bind_op mul} VISIBLE true} {BINDTYPE op ID {} IMPL dsp_slice LATENCY 3 OPTYPE add PRAGMA {} RTLNAME mac_muladd_16s_16s_32s_32_4_1_U544 SOURCE src/integrated-gcn/integrated_gcn.cpp:137 VARIABLE add_ln137_15 LOOP COMP_I BUNDLEDNAME {} DSP 1 BRAM 0 URAM 0 STORAGESUBTYPE {} DISPNAME {bind_op add} VISIBLE true} {BINDTYPE op ID {} IMPL dsp_slice LATENCY 3 OPTYPE mul PRAGMA {} RTLNAME mac_muladd_16s_16s_32s_32_4_1_U545 SOURCE src/integrated-gcn/integrated_gcn.cpp:137 VARIABLE mul_ln137_16 LOOP COMP_I BUNDLEDNAME {} DSP 1 BRAM 0 URAM 0 STORAGESUBTYPE {} DISPNAME {bind_op mul} VISIBLE true} {BINDTYPE op ID {} IMPL dsp_slice LATENCY 3 OPTYPE add PRAGMA {} RTLNAME mac_muladd_16s_16s_32s_32_4_1_U545 SOURCE src/integrated-gcn/integrated_gcn.cpp:137 VARIABLE add_ln137_16 LOOP COMP_I BUNDLEDNAME {} DSP 1 BRAM 0 URAM 0 STORAGESUBTYPE {} DISPNAME {bind_op add} VISIBLE true} {BINDTYPE op ID {} IMPL dsp_slice LATENCY 3 OPTYPE mul PRAGMA {} RTLNAME mac_muladd_16s_16s_32s_32_4_1_U546 SOURCE src/integrated-gcn/integrated_gcn.cpp:137 VARIABLE mul_ln137_17 LOOP COMP_I BUNDLEDNAME {} DSP 1 BRAM 0 URAM 0 STORAGESUBTYPE {} DISPNAME {bind_op mul} VISIBLE true} {BINDTYPE op ID {} IMPL dsp_slice LATENCY 3 OPTYPE add PRAGMA {} RTLNAME mac_muladd_16s_16s_32s_32_4_1_U546 SOURCE src/integrated-gcn/integrated_gcn.cpp:137 VARIABLE add_ln137_17 LOOP COMP_I BUNDLEDNAME {} DSP 1 BRAM 0 URAM 0 STORAGESUBTYPE {} DISPNAME {bind_op add} VISIBLE true} {BINDTYPE op ID {} IMPL dsp_slice LATENCY 3 OPTYPE mul PRAGMA {} RTLNAME mac_muladd_16s_16s_32s_32_4_1_U547 SOURCE src/integrated-gcn/integrated_gcn.cpp:137 VARIABLE mul_ln137_18 LOOP COMP_I BUNDLEDNAME {} DSP 1 BRAM 0 URAM 0 STORAGESUBTYPE {} DISPNAME {bind_op mul} VISIBLE true} {BINDTYPE op ID {} IMPL dsp_slice LATENCY 3 OPTYPE add PRAGMA {} RTLNAME mac_muladd_16s_16s_32s_32_4_1_U547 SOURCE src/integrated-gcn/integrated_gcn.cpp:137 VARIABLE add_ln137_18 LOOP COMP_I BUNDLEDNAME {} DSP 1 BRAM 0 URAM 0 STORAGESUBTYPE {} DISPNAME {bind_op add} VISIBLE true} {BINDTYPE op ID {} IMPL dsp_slice LATENCY 3 OPTYPE mul PRAGMA {} RTLNAME mac_muladd_16s_16s_32s_32_4_1_U548 SOURCE src/integrated-gcn/integrated_gcn.cpp:137 VARIABLE mul_ln137_19 LOOP COMP_I BUNDLEDNAME {} DSP 1 BRAM 0 URAM 0 STORAGESUBTYPE {} DISPNAME {bind_op mul} VISIBLE true} {BINDTYPE op ID {} IMPL dsp_slice LATENCY 3 OPTYPE add PRAGMA {} RTLNAME mac_muladd_16s_16s_32s_32_4_1_U548 SOURCE src/integrated-gcn/integrated_gcn.cpp:137 VARIABLE add_ln137_19 LOOP COMP_I BUNDLEDNAME {} DSP 1 BRAM 0 URAM 0 STORAGESUBTYPE {} DISPNAME {bind_op add} VISIBLE true} {BINDTYPE op ID {} IMPL dsp_slice LATENCY 3 OPTYPE mul PRAGMA {} RTLNAME mac_muladd_16s_16s_32s_32_4_1_U549 SOURCE src/integrated-gcn/integrated_gcn.cpp:137 VARIABLE mul_ln137_20 LOOP COMP_I BUNDLEDNAME {} DSP 1 BRAM 0 URAM 0 STORAGESUBTYPE {} DISPNAME {bind_op mul} VISIBLE true} {BINDTYPE op ID {} IMPL dsp_slice LATENCY 3 OPTYPE add PRAGMA {} RTLNAME mac_muladd_16s_16s_32s_32_4_1_U549 SOURCE src/integrated-gcn/integrated_gcn.cpp:137 VARIABLE add_ln137_20 LOOP COMP_I BUNDLEDNAME {} DSP 1 BRAM 0 URAM 0 STORAGESUBTYPE {} DISPNAME {bind_op add} VISIBLE true} {BINDTYPE op ID {} IMPL dsp_slice LATENCY 3 OPTYPE mul PRAGMA {} RTLNAME mac_muladd_16s_16s_32s_32_4_1_U550 SOURCE src/integrated-gcn/integrated_gcn.cpp:137 VARIABLE mul_ln137_21 LOOP COMP_I BUNDLEDNAME {} DSP 1 BRAM 0 URAM 0 STORAGESUBTYPE {} DISPNAME {bind_op mul} VISIBLE true} {BINDTYPE op ID {} IMPL dsp_slice LATENCY 3 OPTYPE add PRAGMA {} RTLNAME mac_muladd_16s_16s_32s_32_4_1_U550 SOURCE src/integrated-gcn/integrated_gcn.cpp:137 VARIABLE add_ln137_21 LOOP COMP_I BUNDLEDNAME {} DSP 1 BRAM 0 URAM 0 STORAGESUBTYPE {} DISPNAME {bind_op add} VISIBLE true} {BINDTYPE op ID {} IMPL dsp_slice LATENCY 3 OPTYPE mul PRAGMA {} RTLNAME mac_muladd_16s_16s_32s_32_4_1_U551 SOURCE src/integrated-gcn/integrated_gcn.cpp:137 VARIABLE mul_ln137_22 LOOP COMP_I BUNDLEDNAME {} DSP 1 BRAM 0 URAM 0 STORAGESUBTYPE {} DISPNAME {bind_op mul} VISIBLE true} {BINDTYPE op ID {} IMPL dsp_slice LATENCY 3 OPTYPE add PRAGMA {} RTLNAME mac_muladd_16s_16s_32s_32_4_1_U551 SOURCE src/integrated-gcn/integrated_gcn.cpp:137 VARIABLE add_ln137_22 LOOP COMP_I BUNDLEDNAME {} DSP 1 BRAM 0 URAM 0 STORAGESUBTYPE {} DISPNAME {bind_op add} VISIBLE true} {BINDTYPE op ID {} IMPL dsp_slice LATENCY 3 OPTYPE mul PRAGMA {} RTLNAME mac_muladd_16s_16s_32s_32_4_1_U552 SOURCE src/integrated-gcn/integrated_gcn.cpp:137 VARIABLE mul_ln137_23 LOOP COMP_I BUNDLEDNAME {} DSP 1 BRAM 0 URAM 0 STORAGESUBTYPE {} DISPNAME {bind_op mul} VISIBLE true} {BINDTYPE op ID {} IMPL dsp_slice LATENCY 3 OPTYPE add PRAGMA {} RTLNAME mac_muladd_16s_16s_32s_32_4_1_U552 SOURCE src/integrated-gcn/integrated_gcn.cpp:137 VARIABLE add_ln137_23 LOOP COMP_I BUNDLEDNAME {} DSP 1 BRAM 0 URAM 0 STORAGESUBTYPE {} DISPNAME {bind_op add} VISIBLE true} {BINDTYPE op ID {} IMPL dsp_slice LATENCY 3 OPTYPE mul PRAGMA {} RTLNAME mac_muladd_16s_16s_32s_32_4_1_U553 SOURCE src/integrated-gcn/integrated_gcn.cpp:137 VARIABLE mul_ln137_24 LOOP COMP_I BUNDLEDNAME {} DSP 1 BRAM 0 URAM 0 STORAGESUBTYPE {} DISPNAME {bind_op mul} VISIBLE true} {BINDTYPE op ID {} IMPL dsp_slice LATENCY 3 OPTYPE add PRAGMA {} RTLNAME mac_muladd_16s_16s_32s_32_4_1_U553 SOURCE src/integrated-gcn/integrated_gcn.cpp:137 VARIABLE add_ln137_24 LOOP COMP_I BUNDLEDNAME {} DSP 1 BRAM 0 URAM 0 STORAGESUBTYPE {} DISPNAME {bind_op add} VISIBLE true} {BINDTYPE op ID {} IMPL dsp_slice LATENCY 3 OPTYPE mul PRAGMA {} RTLNAME mac_muladd_16s_16s_32s_32_4_1_U554 SOURCE src/integrated-gcn/integrated_gcn.cpp:137 VARIABLE mul_ln137_25 LOOP COMP_I BUNDLEDNAME {} DSP 1 BRAM 0 URAM 0 STORAGESUBTYPE {} DISPNAME {bind_op mul} VISIBLE true} {BINDTYPE op ID {} IMPL dsp_slice LATENCY 3 OPTYPE add PRAGMA {} RTLNAME mac_muladd_16s_16s_32s_32_4_1_U554 SOURCE src/integrated-gcn/integrated_gcn.cpp:137 VARIABLE add_ln137_25 LOOP COMP_I BUNDLEDNAME {} DSP 1 BRAM 0 URAM 0 STORAGESUBTYPE {} DISPNAME {bind_op add} VISIBLE true} {BINDTYPE op ID {} IMPL dsp_slice LATENCY 3 OPTYPE mul PRAGMA {} RTLNAME mac_muladd_16s_16s_32s_32_4_1_U555 SOURCE src/integrated-gcn/integrated_gcn.cpp:137 VARIABLE mul_ln137_26 LOOP COMP_I BUNDLEDNAME {} DSP 1 BRAM 0 URAM 0 STORAGESUBTYPE {} DISPNAME {bind_op mul} VISIBLE true} {BINDTYPE op ID {} IMPL dsp_slice LATENCY 3 OPTYPE add PRAGMA {} RTLNAME mac_muladd_16s_16s_32s_32_4_1_U555 SOURCE src/integrated-gcn/integrated_gcn.cpp:137 VARIABLE add_ln137_26 LOOP COMP_I BUNDLEDNAME {} DSP 1 BRAM 0 URAM 0 STORAGESUBTYPE {} DISPNAME {bind_op add} VISIBLE true} {BINDTYPE op ID {} IMPL dsp_slice LATENCY 3 OPTYPE mul PRAGMA {} RTLNAME mac_muladd_16s_16s_32s_32_4_1_U556 SOURCE src/integrated-gcn/integrated_gcn.cpp:137 VARIABLE mul_ln137_27 LOOP COMP_I BUNDLEDNAME {} DSP 1 BRAM 0 URAM 0 STORAGESUBTYPE {} DISPNAME {bind_op mul} VISIBLE true} {BINDTYPE op ID {} IMPL dsp_slice LATENCY 3 OPTYPE add PRAGMA {} RTLNAME mac_muladd_16s_16s_32s_32_4_1_U556 SOURCE src/integrated-gcn/integrated_gcn.cpp:137 VARIABLE add_ln137_27 LOOP COMP_I BUNDLEDNAME {} DSP 1 BRAM 0 URAM 0 STORAGESUBTYPE {} DISPNAME {bind_op add} VISIBLE true} {BINDTYPE op ID {} IMPL dsp_slice LATENCY 3 OPTYPE mul PRAGMA {} RTLNAME mac_muladd_16s_16s_32s_32_4_1_U557 SOURCE src/integrated-gcn/integrated_gcn.cpp:137 VARIABLE mul_ln137_28 LOOP COMP_I BUNDLEDNAME {} DSP 1 BRAM 0 URAM 0 STORAGESUBTYPE {} DISPNAME {bind_op mul} VISIBLE true} {BINDTYPE op ID {} IMPL dsp_slice LATENCY 3 OPTYPE add PRAGMA {} RTLNAME mac_muladd_16s_16s_32s_32_4_1_U557 SOURCE src/integrated-gcn/integrated_gcn.cpp:137 VARIABLE add_ln137_28 LOOP COMP_I BUNDLEDNAME {} DSP 1 BRAM 0 URAM 0 STORAGESUBTYPE {} DISPNAME {bind_op add} VISIBLE true} {BINDTYPE op ID {} IMPL dsp_slice LATENCY 3 OPTYPE mul PRAGMA {} RTLNAME mac_muladd_16s_16s_32s_32_4_1_U558 SOURCE src/integrated-gcn/integrated_gcn.cpp:137 VARIABLE mul_ln137_29 LOOP COMP_I BUNDLEDNAME {} DSP 1 BRAM 0 URAM 0 STORAGESUBTYPE {} DISPNAME {bind_op mul} VISIBLE true} {BINDTYPE op ID {} IMPL dsp_slice LATENCY 3 OPTYPE add PRAGMA {} RTLNAME mac_muladd_16s_16s_32s_32_4_1_U558 SOURCE src/integrated-gcn/integrated_gcn.cpp:137 VARIABLE add_ln137_29 LOOP COMP_I BUNDLEDNAME {} DSP 1 BRAM 0 URAM 0 STORAGESUBTYPE {} DISPNAME {bind_op add} VISIBLE true} {BINDTYPE op ID {} IMPL dsp_slice LATENCY 3 OPTYPE mul PRAGMA {} RTLNAME mac_muladd_16s_16s_32s_32_4_1_U559 SOURCE src/integrated-gcn/integrated_gcn.cpp:137 VARIABLE mul_ln137_30 LOOP COMP_I BUNDLEDNAME {} DSP 1 BRAM 0 URAM 0 STORAGESUBTYPE {} DISPNAME {bind_op mul} VISIBLE true} {BINDTYPE op ID {} IMPL dsp_slice LATENCY 3 OPTYPE add PRAGMA {} RTLNAME mac_muladd_16s_16s_32s_32_4_1_U559 SOURCE src/integrated-gcn/integrated_gcn.cpp:137 VARIABLE add_ln137_30 LOOP COMP_I BUNDLEDNAME {} DSP 1 BRAM 0 URAM 0 STORAGESUBTYPE {} DISPNAME {bind_op add} VISIBLE true} {BINDTYPE op ID {} IMPL dsp_slice LATENCY 3 OPTYPE mul PRAGMA {} RTLNAME mac_muladd_16s_16s_32s_32_4_1_U560 SOURCE src/integrated-gcn/integrated_gcn.cpp:137 VARIABLE mul_ln137_31 LOOP COMP_I BUNDLEDNAME {} DSP 1 BRAM 0 URAM 0 STORAGESUBTYPE {} DISPNAME {bind_op mul} VISIBLE true} {BINDTYPE op ID {} IMPL dsp_slice LATENCY 3 OPTYPE add PRAGMA {} RTLNAME mac_muladd_16s_16s_32s_32_4_1_U560 SOURCE src/integrated-gcn/integrated_gcn.cpp:137 VARIABLE add_ln137_31 LOOP COMP_I BUNDLEDNAME {} DSP 1 BRAM 0 URAM 0 STORAGESUBTYPE {} DISPNAME {bind_op add} VISIBLE true} {BINDTYPE op ID {} IMPL dsp_slice LATENCY 3 OPTYPE mul PRAGMA {} RTLNAME mac_muladd_16s_16s_32s_32_4_1_U561 SOURCE src/integrated-gcn/integrated_gcn.cpp:137 VARIABLE mul_ln137_32 LOOP COMP_I BUNDLEDNAME {} DSP 1 BRAM 0 URAM 0 STORAGESUBTYPE {} DISPNAME {bind_op mul} VISIBLE true} {BINDTYPE op ID {} IMPL dsp_slice LATENCY 3 OPTYPE add PRAGMA {} RTLNAME mac_muladd_16s_16s_32s_32_4_1_U561 SOURCE src/integrated-gcn/integrated_gcn.cpp:137 VARIABLE add_ln137_32 LOOP COMP_I BUNDLEDNAME {} DSP 1 BRAM 0 URAM 0 STORAGESUBTYPE {} DISPNAME {bind_op add} VISIBLE true} {BINDTYPE op ID {} IMPL dsp_slice LATENCY 3 OPTYPE mul PRAGMA {} RTLNAME mac_muladd_16s_16s_32s_32_4_1_U562 SOURCE src/integrated-gcn/integrated_gcn.cpp:137 VARIABLE mul_ln137_33 LOOP COMP_I BUNDLEDNAME {} DSP 1 BRAM 0 URAM 0 STORAGESUBTYPE {} DISPNAME {bind_op mul} VISIBLE true} {BINDTYPE op ID {} IMPL dsp_slice LATENCY 3 OPTYPE add PRAGMA {} RTLNAME mac_muladd_16s_16s_32s_32_4_1_U562 SOURCE src/integrated-gcn/integrated_gcn.cpp:137 VARIABLE add_ln137_33 LOOP COMP_I BUNDLEDNAME {} DSP 1 BRAM 0 URAM 0 STORAGESUBTYPE {} DISPNAME {bind_op add} VISIBLE true} {BINDTYPE op ID {} IMPL dsp_slice LATENCY 3 OPTYPE mul PRAGMA {} RTLNAME mac_muladd_16s_16s_32s_32_4_1_U563 SOURCE src/integrated-gcn/integrated_gcn.cpp:137 VARIABLE mul_ln137_34 LOOP COMP_I BUNDLEDNAME {} DSP 1 BRAM 0 URAM 0 STORAGESUBTYPE {} DISPNAME {bind_op mul} VISIBLE true} {BINDTYPE op ID {} IMPL dsp_slice LATENCY 3 OPTYPE add PRAGMA {} RTLNAME mac_muladd_16s_16s_32s_32_4_1_U563 SOURCE src/integrated-gcn/integrated_gcn.cpp:137 VARIABLE add_ln137_34 LOOP COMP_I BUNDLEDNAME {} DSP 1 BRAM 0 URAM 0 STORAGESUBTYPE {} DISPNAME {bind_op add} VISIBLE true} {BINDTYPE op ID {} IMPL dsp_slice LATENCY 3 OPTYPE mul PRAGMA {} RTLNAME mac_muladd_16s_16s_32s_32_4_1_U564 SOURCE src/integrated-gcn/integrated_gcn.cpp:137 VARIABLE mul_ln137_35 LOOP COMP_I BUNDLEDNAME {} DSP 1 BRAM 0 URAM 0 STORAGESUBTYPE {} DISPNAME {bind_op mul} VISIBLE true} {BINDTYPE op ID {} IMPL dsp_slice LATENCY 3 OPTYPE add PRAGMA {} RTLNAME mac_muladd_16s_16s_32s_32_4_1_U564 SOURCE src/integrated-gcn/integrated_gcn.cpp:137 VARIABLE add_ln137_35 LOOP COMP_I BUNDLEDNAME {} DSP 1 BRAM 0 URAM 0 STORAGESUBTYPE {} DISPNAME {bind_op add} VISIBLE true} {BINDTYPE op ID {} IMPL dsp_slice LATENCY 3 OPTYPE mul PRAGMA {} RTLNAME mac_muladd_16s_16s_32s_32_4_1_U565 SOURCE src/integrated-gcn/integrated_gcn.cpp:137 VARIABLE mul_ln137_36 LOOP COMP_I BUNDLEDNAME {} DSP 1 BRAM 0 URAM 0 STORAGESUBTYPE {} DISPNAME {bind_op mul} VISIBLE true} {BINDTYPE op ID {} IMPL dsp_slice LATENCY 3 OPTYPE add PRAGMA {} RTLNAME mac_muladd_16s_16s_32s_32_4_1_U565 SOURCE src/integrated-gcn/integrated_gcn.cpp:137 VARIABLE add_ln137_36 LOOP COMP_I BUNDLEDNAME {} DSP 1 BRAM 0 URAM 0 STORAGESUBTYPE {} DISPNAME {bind_op add} VISIBLE true} {BINDTYPE op ID {} IMPL dsp_slice LATENCY 3 OPTYPE mul PRAGMA {} RTLNAME mac_muladd_16s_16s_32s_32_4_1_U566 SOURCE src/integrated-gcn/integrated_gcn.cpp:137 VARIABLE mul_ln137_37 LOOP COMP_I BUNDLEDNAME {} DSP 1 BRAM 0 URAM 0 STORAGESUBTYPE {} DISPNAME {bind_op mul} VISIBLE true} {BINDTYPE op ID {} IMPL dsp_slice LATENCY 3 OPTYPE add PRAGMA {} RTLNAME mac_muladd_16s_16s_32s_32_4_1_U566 SOURCE src/integrated-gcn/integrated_gcn.cpp:137 VARIABLE add_ln137_37 LOOP COMP_I BUNDLEDNAME {} DSP 1 BRAM 0 URAM 0 STORAGESUBTYPE {} DISPNAME {bind_op add} VISIBLE true} {BINDTYPE op ID {} IMPL dsp_slice LATENCY 3 OPTYPE mul PRAGMA {} RTLNAME mac_muladd_16s_16s_32s_32_4_1_U567 SOURCE src/integrated-gcn/integrated_gcn.cpp:137 VARIABLE mul_ln137_38 LOOP COMP_I BUNDLEDNAME {} DSP 1 BRAM 0 URAM 0 STORAGESUBTYPE {} DISPNAME {bind_op mul} VISIBLE true} {BINDTYPE op ID {} IMPL dsp_slice LATENCY 3 OPTYPE add PRAGMA {} RTLNAME mac_muladd_16s_16s_32s_32_4_1_U567 SOURCE src/integrated-gcn/integrated_gcn.cpp:137 VARIABLE add_ln137_38 LOOP COMP_I BUNDLEDNAME {} DSP 1 BRAM 0 URAM 0 STORAGESUBTYPE {} DISPNAME {bind_op add} VISIBLE true} {BINDTYPE op ID {} IMPL dsp_slice LATENCY 3 OPTYPE mul PRAGMA {} RTLNAME mac_muladd_16s_16s_32s_32_4_1_U568 SOURCE src/integrated-gcn/integrated_gcn.cpp:137 VARIABLE mul_ln137_39 LOOP COMP_I BUNDLEDNAME {} DSP 1 BRAM 0 URAM 0 STORAGESUBTYPE {} DISPNAME {bind_op mul} VISIBLE true} {BINDTYPE op ID {} IMPL dsp_slice LATENCY 3 OPTYPE add PRAGMA {} RTLNAME mac_muladd_16s_16s_32s_32_4_1_U568 SOURCE src/integrated-gcn/integrated_gcn.cpp:137 VARIABLE add_ln137_39 LOOP COMP_I BUNDLEDNAME {} DSP 1 BRAM 0 URAM 0 STORAGESUBTYPE {} DISPNAME {bind_op add} VISIBLE true} {BINDTYPE op ID {} IMPL dsp_slice LATENCY 3 OPTYPE mul PRAGMA {} RTLNAME mac_muladd_16s_16s_32s_32_4_1_U569 SOURCE src/integrated-gcn/integrated_gcn.cpp:137 VARIABLE mul_ln137_40 LOOP COMP_I BUNDLEDNAME {} DSP 1 BRAM 0 URAM 0 STORAGESUBTYPE {} DISPNAME {bind_op mul} VISIBLE true} {BINDTYPE op ID {} IMPL dsp_slice LATENCY 3 OPTYPE add PRAGMA {} RTLNAME mac_muladd_16s_16s_32s_32_4_1_U569 SOURCE src/integrated-gcn/integrated_gcn.cpp:137 VARIABLE add_ln137_40 LOOP COMP_I BUNDLEDNAME {} DSP 1 BRAM 0 URAM 0 STORAGESUBTYPE {} DISPNAME {bind_op add} VISIBLE true} {BINDTYPE op ID {} IMPL dsp_slice LATENCY 3 OPTYPE mul PRAGMA {} RTLNAME mac_muladd_16s_16s_32s_32_4_1_U570 SOURCE src/integrated-gcn/integrated_gcn.cpp:137 VARIABLE mul_ln137_41 LOOP COMP_I BUNDLEDNAME {} DSP 1 BRAM 0 URAM 0 STORAGESUBTYPE {} DISPNAME {bind_op mul} VISIBLE true} {BINDTYPE op ID {} IMPL dsp_slice LATENCY 3 OPTYPE add PRAGMA {} RTLNAME mac_muladd_16s_16s_32s_32_4_1_U570 SOURCE src/integrated-gcn/integrated_gcn.cpp:137 VARIABLE add_ln137_41 LOOP COMP_I BUNDLEDNAME {} DSP 1 BRAM 0 URAM 0 STORAGESUBTYPE {} DISPNAME {bind_op add} VISIBLE true} {BINDTYPE op ID {} IMPL dsp_slice LATENCY 3 OPTYPE mul PRAGMA {} RTLNAME mac_muladd_16s_16s_32s_32_4_1_U571 SOURCE src/integrated-gcn/integrated_gcn.cpp:137 VARIABLE mul_ln137_42 LOOP COMP_I BUNDLEDNAME {} DSP 1 BRAM 0 URAM 0 STORAGESUBTYPE {} DISPNAME {bind_op mul} VISIBLE true} {BINDTYPE op ID {} IMPL dsp_slice LATENCY 3 OPTYPE add PRAGMA {} RTLNAME mac_muladd_16s_16s_32s_32_4_1_U571 SOURCE src/integrated-gcn/integrated_gcn.cpp:137 VARIABLE add_ln137_42 LOOP COMP_I BUNDLEDNAME {} DSP 1 BRAM 0 URAM 0 STORAGESUBTYPE {} DISPNAME {bind_op add} VISIBLE true} {BINDTYPE op ID {} IMPL dsp_slice LATENCY 3 OPTYPE mul PRAGMA {} RTLNAME mac_muladd_16s_16s_32s_32_4_1_U572 SOURCE src/integrated-gcn/integrated_gcn.cpp:137 VARIABLE mul_ln137_43 LOOP COMP_I BUNDLEDNAME {} DSP 1 BRAM 0 URAM 0 STORAGESUBTYPE {} DISPNAME {bind_op mul} VISIBLE true} {BINDTYPE op ID {} IMPL dsp_slice LATENCY 3 OPTYPE add PRAGMA {} RTLNAME mac_muladd_16s_16s_32s_32_4_1_U572 SOURCE src/integrated-gcn/integrated_gcn.cpp:137 VARIABLE add_ln137_43 LOOP COMP_I BUNDLEDNAME {} DSP 1 BRAM 0 URAM 0 STORAGESUBTYPE {} DISPNAME {bind_op add} VISIBLE true} {BINDTYPE op ID {} IMPL dsp_slice LATENCY 3 OPTYPE mul PRAGMA {} RTLNAME mac_muladd_16s_16s_32s_32_4_1_U573 SOURCE src/integrated-gcn/integrated_gcn.cpp:137 VARIABLE mul_ln137_44 LOOP COMP_I BUNDLEDNAME {} DSP 1 BRAM 0 URAM 0 STORAGESUBTYPE {} DISPNAME {bind_op mul} VISIBLE true} {BINDTYPE op ID {} IMPL dsp_slice LATENCY 3 OPTYPE add PRAGMA {} RTLNAME mac_muladd_16s_16s_32s_32_4_1_U573 SOURCE src/integrated-gcn/integrated_gcn.cpp:137 VARIABLE add_ln137_44 LOOP COMP_I BUNDLEDNAME {} DSP 1 BRAM 0 URAM 0 STORAGESUBTYPE {} DISPNAME {bind_op add} VISIBLE true} {BINDTYPE op ID {} IMPL dsp_slice LATENCY 3 OPTYPE mul PRAGMA {} RTLNAME mac_muladd_16s_16s_32s_32_4_1_U574 SOURCE src/integrated-gcn/integrated_gcn.cpp:137 VARIABLE mul_ln137_45 LOOP COMP_I BUNDLEDNAME {} DSP 1 BRAM 0 URAM 0 STORAGESUBTYPE {} DISPNAME {bind_op mul} VISIBLE true} {BINDTYPE op ID {} IMPL dsp_slice LATENCY 3 OPTYPE add PRAGMA {} RTLNAME mac_muladd_16s_16s_32s_32_4_1_U574 SOURCE src/integrated-gcn/integrated_gcn.cpp:137 VARIABLE add_ln137_45 LOOP COMP_I BUNDLEDNAME {} DSP 1 BRAM 0 URAM 0 STORAGESUBTYPE {} DISPNAME {bind_op add} VISIBLE true} {BINDTYPE op ID {} IMPL dsp_slice LATENCY 3 OPTYPE mul PRAGMA {} RTLNAME mac_muladd_16s_16s_32s_32_4_1_U575 SOURCE src/integrated-gcn/integrated_gcn.cpp:137 VARIABLE mul_ln137_46 LOOP COMP_I BUNDLEDNAME {} DSP 1 BRAM 0 URAM 0 STORAGESUBTYPE {} DISPNAME {bind_op mul} VISIBLE true} {BINDTYPE op ID {} IMPL dsp_slice LATENCY 3 OPTYPE add PRAGMA {} RTLNAME mac_muladd_16s_16s_32s_32_4_1_U575 SOURCE src/integrated-gcn/integrated_gcn.cpp:137 VARIABLE add_ln137_46 LOOP COMP_I BUNDLEDNAME {} DSP 1 BRAM 0 URAM 0 STORAGESUBTYPE {} DISPNAME {bind_op add} VISIBLE true} {BINDTYPE op ID {} IMPL dsp_slice LATENCY 3 OPTYPE mul PRAGMA {} RTLNAME mac_muladd_16s_16s_32s_32_4_1_U576 SOURCE src/integrated-gcn/integrated_gcn.cpp:137 VARIABLE mul_ln137_47 LOOP COMP_I BUNDLEDNAME {} DSP 1 BRAM 0 URAM 0 STORAGESUBTYPE {} DISPNAME {bind_op mul} VISIBLE true} {BINDTYPE op ID {} IMPL dsp_slice LATENCY 3 OPTYPE add PRAGMA {} RTLNAME mac_muladd_16s_16s_32s_32_4_1_U576 SOURCE src/integrated-gcn/integrated_gcn.cpp:137 VARIABLE add_ln137_47 LOOP COMP_I BUNDLEDNAME {} DSP 1 BRAM 0 URAM 0 STORAGESUBTYPE {} DISPNAME {bind_op add} VISIBLE true} {BINDTYPE op ID {} IMPL dsp_slice LATENCY 3 OPTYPE mul PRAGMA {} RTLNAME mac_muladd_16s_16s_32s_32_4_1_U577 SOURCE src/integrated-gcn/integrated_gcn.cpp:137 VARIABLE mul_ln137_48 LOOP COMP_I BUNDLEDNAME {} DSP 1 BRAM 0 URAM 0 STORAGESUBTYPE {} DISPNAME {bind_op mul} VISIBLE true} {BINDTYPE op ID {} IMPL dsp_slice LATENCY 3 OPTYPE add PRAGMA {} RTLNAME mac_muladd_16s_16s_32s_32_4_1_U577 SOURCE src/integrated-gcn/integrated_gcn.cpp:137 VARIABLE add_ln137_48 LOOP COMP_I BUNDLEDNAME {} DSP 1 BRAM 0 URAM 0 STORAGESUBTYPE {} DISPNAME {bind_op add} VISIBLE true} {BINDTYPE op ID {} IMPL dsp_slice LATENCY 3 OPTYPE mul PRAGMA {} RTLNAME mac_muladd_16s_16s_32s_32_4_1_U578 SOURCE src/integrated-gcn/integrated_gcn.cpp:137 VARIABLE mul_ln137_49 LOOP COMP_I BUNDLEDNAME {} DSP 1 BRAM 0 URAM 0 STORAGESUBTYPE {} DISPNAME {bind_op mul} VISIBLE true} {BINDTYPE op ID {} IMPL dsp_slice LATENCY 3 OPTYPE add PRAGMA {} RTLNAME mac_muladd_16s_16s_32s_32_4_1_U578 SOURCE src/integrated-gcn/integrated_gcn.cpp:137 VARIABLE add_ln137_49 LOOP COMP_I BUNDLEDNAME {} DSP 1 BRAM 0 URAM 0 STORAGESUBTYPE {} DISPNAME {bind_op add} VISIBLE true} {BINDTYPE op ID {} IMPL dsp_slice LATENCY 3 OPTYPE mul PRAGMA {} RTLNAME mac_muladd_16s_16s_32s_32_4_1_U579 SOURCE src/integrated-gcn/integrated_gcn.cpp:137 VARIABLE mul_ln137_50 LOOP COMP_I BUNDLEDNAME {} DSP 1 BRAM 0 URAM 0 STORAGESUBTYPE {} DISPNAME {bind_op mul} VISIBLE true} {BINDTYPE op ID {} IMPL dsp_slice LATENCY 3 OPTYPE add PRAGMA {} RTLNAME mac_muladd_16s_16s_32s_32_4_1_U579 SOURCE src/integrated-gcn/integrated_gcn.cpp:137 VARIABLE add_ln137_50 LOOP COMP_I BUNDLEDNAME {} DSP 1 BRAM 0 URAM 0 STORAGESUBTYPE {} DISPNAME {bind_op add} VISIBLE true} {BINDTYPE op ID {} IMPL dsp_slice LATENCY 3 OPTYPE mul PRAGMA {} RTLNAME mac_muladd_16s_16s_32s_32_4_1_U580 SOURCE src/integrated-gcn/integrated_gcn.cpp:137 VARIABLE mul_ln137_51 LOOP COMP_I BUNDLEDNAME {} DSP 1 BRAM 0 URAM 0 STORAGESUBTYPE {} DISPNAME {bind_op mul} VISIBLE true} {BINDTYPE op ID {} IMPL dsp_slice LATENCY 3 OPTYPE add PRAGMA {} RTLNAME mac_muladd_16s_16s_32s_32_4_1_U580 SOURCE src/integrated-gcn/integrated_gcn.cpp:137 VARIABLE add_ln137_51 LOOP COMP_I BUNDLEDNAME {} DSP 1 BRAM 0 URAM 0 STORAGESUBTYPE {} DISPNAME {bind_op add} VISIBLE true} {BINDTYPE op ID {} IMPL dsp_slice LATENCY 3 OPTYPE mul PRAGMA {} RTLNAME mac_muladd_16s_16s_32s_32_4_1_U581 SOURCE src/integrated-gcn/integrated_gcn.cpp:137 VARIABLE mul_ln137_52 LOOP COMP_I BUNDLEDNAME {} DSP 1 BRAM 0 URAM 0 STORAGESUBTYPE {} DISPNAME {bind_op mul} VISIBLE true} {BINDTYPE op ID {} IMPL dsp_slice LATENCY 3 OPTYPE add PRAGMA {} RTLNAME mac_muladd_16s_16s_32s_32_4_1_U581 SOURCE src/integrated-gcn/integrated_gcn.cpp:137 VARIABLE add_ln137_52 LOOP COMP_I BUNDLEDNAME {} DSP 1 BRAM 0 URAM 0 STORAGESUBTYPE {} DISPNAME {bind_op add} VISIBLE true} {BINDTYPE op ID {} IMPL dsp_slice LATENCY 3 OPTYPE mul PRAGMA {} RTLNAME mac_muladd_16s_16s_32s_32_4_1_U582 SOURCE src/integrated-gcn/integrated_gcn.cpp:137 VARIABLE mul_ln137_53 LOOP COMP_I BUNDLEDNAME {} DSP 1 BRAM 0 URAM 0 STORAGESUBTYPE {} DISPNAME {bind_op mul} VISIBLE true} {BINDTYPE op ID {} IMPL dsp_slice LATENCY 3 OPTYPE add PRAGMA {} RTLNAME mac_muladd_16s_16s_32s_32_4_1_U582 SOURCE src/integrated-gcn/integrated_gcn.cpp:137 VARIABLE add_ln137_53 LOOP COMP_I BUNDLEDNAME {} DSP 1 BRAM 0 URAM 0 STORAGESUBTYPE {} DISPNAME {bind_op add} VISIBLE true} {BINDTYPE op ID {} IMPL dsp_slice LATENCY 3 OPTYPE mul PRAGMA {} RTLNAME mac_muladd_16s_16s_32s_32_4_1_U583 SOURCE src/integrated-gcn/integrated_gcn.cpp:137 VARIABLE mul_ln137_54 LOOP COMP_I BUNDLEDNAME {} DSP 1 BRAM 0 URAM 0 STORAGESUBTYPE {} DISPNAME {bind_op mul} VISIBLE true} {BINDTYPE op ID {} IMPL dsp_slice LATENCY 3 OPTYPE add PRAGMA {} RTLNAME mac_muladd_16s_16s_32s_32_4_1_U583 SOURCE src/integrated-gcn/integrated_gcn.cpp:137 VARIABLE add_ln137_54 LOOP COMP_I BUNDLEDNAME {} DSP 1 BRAM 0 URAM 0 STORAGESUBTYPE {} DISPNAME {bind_op add} VISIBLE true} {BINDTYPE op ID {} IMPL dsp_slice LATENCY 3 OPTYPE mul PRAGMA {} RTLNAME mac_muladd_16s_16s_32s_32_4_1_U584 SOURCE src/integrated-gcn/integrated_gcn.cpp:137 VARIABLE mul_ln137_55 LOOP COMP_I BUNDLEDNAME {} DSP 1 BRAM 0 URAM 0 STORAGESUBTYPE {} DISPNAME {bind_op mul} VISIBLE true} {BINDTYPE op ID {} IMPL dsp_slice LATENCY 3 OPTYPE add PRAGMA {} RTLNAME mac_muladd_16s_16s_32s_32_4_1_U584 SOURCE src/integrated-gcn/integrated_gcn.cpp:137 VARIABLE add_ln137_55 LOOP COMP_I BUNDLEDNAME {} DSP 1 BRAM 0 URAM 0 STORAGESUBTYPE {} DISPNAME {bind_op add} VISIBLE true} {BINDTYPE op ID {} IMPL dsp_slice LATENCY 3 OPTYPE mul PRAGMA {} RTLNAME mac_muladd_16s_16s_32s_32_4_1_U585 SOURCE src/integrated-gcn/integrated_gcn.cpp:137 VARIABLE mul_ln137_56 LOOP COMP_I BUNDLEDNAME {} DSP 1 BRAM 0 URAM 0 STORAGESUBTYPE {} DISPNAME {bind_op mul} VISIBLE true} {BINDTYPE op ID {} IMPL dsp_slice LATENCY 3 OPTYPE add PRAGMA {} RTLNAME mac_muladd_16s_16s_32s_32_4_1_U585 SOURCE src/integrated-gcn/integrated_gcn.cpp:137 VARIABLE add_ln137_56 LOOP COMP_I BUNDLEDNAME {} DSP 1 BRAM 0 URAM 0 STORAGESUBTYPE {} DISPNAME {bind_op add} VISIBLE true} {BINDTYPE op ID {} IMPL dsp_slice LATENCY 3 OPTYPE mul PRAGMA {} RTLNAME mac_muladd_16s_16s_32s_32_4_1_U586 SOURCE src/integrated-gcn/integrated_gcn.cpp:137 VARIABLE mul_ln137_57 LOOP COMP_I BUNDLEDNAME {} DSP 1 BRAM 0 URAM 0 STORAGESUBTYPE {} DISPNAME {bind_op mul} VISIBLE true} {BINDTYPE op ID {} IMPL dsp_slice LATENCY 3 OPTYPE add PRAGMA {} RTLNAME mac_muladd_16s_16s_32s_32_4_1_U586 SOURCE src/integrated-gcn/integrated_gcn.cpp:137 VARIABLE add_ln137_57 LOOP COMP_I BUNDLEDNAME {} DSP 1 BRAM 0 URAM 0 STORAGESUBTYPE {} DISPNAME {bind_op add} VISIBLE true} {BINDTYPE op ID {} IMPL dsp_slice LATENCY 3 OPTYPE mul PRAGMA {} RTLNAME mac_muladd_16s_16s_32s_32_4_1_U587 SOURCE src/integrated-gcn/integrated_gcn.cpp:137 VARIABLE mul_ln137_58 LOOP COMP_I BUNDLEDNAME {} DSP 1 BRAM 0 URAM 0 STORAGESUBTYPE {} DISPNAME {bind_op mul} VISIBLE true} {BINDTYPE op ID {} IMPL dsp_slice LATENCY 3 OPTYPE add PRAGMA {} RTLNAME mac_muladd_16s_16s_32s_32_4_1_U587 SOURCE src/integrated-gcn/integrated_gcn.cpp:137 VARIABLE add_ln137_58 LOOP COMP_I BUNDLEDNAME {} DSP 1 BRAM 0 URAM 0 STORAGESUBTYPE {} DISPNAME {bind_op add} VISIBLE true} {BINDTYPE op ID {} IMPL dsp_slice LATENCY 3 OPTYPE mul PRAGMA {} RTLNAME mac_muladd_16s_16s_32s_32_4_1_U588 SOURCE src/integrated-gcn/integrated_gcn.cpp:137 VARIABLE mul_ln137_59 LOOP COMP_I BUNDLEDNAME {} DSP 1 BRAM 0 URAM 0 STORAGESUBTYPE {} DISPNAME {bind_op mul} VISIBLE true} {BINDTYPE op ID {} IMPL dsp_slice LATENCY 3 OPTYPE add PRAGMA {} RTLNAME mac_muladd_16s_16s_32s_32_4_1_U588 SOURCE src/integrated-gcn/integrated_gcn.cpp:137 VARIABLE add_ln137_59 LOOP COMP_I BUNDLEDNAME {} DSP 1 BRAM 0 URAM 0 STORAGESUBTYPE {} DISPNAME {bind_op add} VISIBLE true} {BINDTYPE op ID {} IMPL dsp_slice LATENCY 3 OPTYPE mul PRAGMA {} RTLNAME mac_muladd_16s_16s_32s_32_4_1_U589 SOURCE src/integrated-gcn/integrated_gcn.cpp:137 VARIABLE mul_ln137_60 LOOP COMP_I BUNDLEDNAME {} DSP 1 BRAM 0 URAM 0 STORAGESUBTYPE {} DISPNAME {bind_op mul} VISIBLE true} {BINDTYPE op ID {} IMPL dsp_slice LATENCY 3 OPTYPE add PRAGMA {} RTLNAME mac_muladd_16s_16s_32s_32_4_1_U589 SOURCE src/integrated-gcn/integrated_gcn.cpp:137 VARIABLE add_ln137_60 LOOP COMP_I BUNDLEDNAME {} DSP 1 BRAM 0 URAM 0 STORAGESUBTYPE {} DISPNAME {bind_op add} VISIBLE true} {BINDTYPE op ID {} IMPL dsp_slice LATENCY 3 OPTYPE mul PRAGMA {} RTLNAME mac_muladd_16s_16s_32s_32_4_1_U590 SOURCE src/integrated-gcn/integrated_gcn.cpp:137 VARIABLE mul_ln137_61 LOOP COMP_I BUNDLEDNAME {} DSP 1 BRAM 0 URAM 0 STORAGESUBTYPE {} DISPNAME {bind_op mul} VISIBLE true} {BINDTYPE op ID {} IMPL dsp_slice LATENCY 3 OPTYPE add PRAGMA {} RTLNAME mac_muladd_16s_16s_32s_32_4_1_U590 SOURCE src/integrated-gcn/integrated_gcn.cpp:137 VARIABLE add_ln137_61 LOOP COMP_I BUNDLEDNAME {} DSP 1 BRAM 0 URAM 0 STORAGESUBTYPE {} DISPNAME {bind_op add} VISIBLE true} {BINDTYPE op ID {} IMPL dsp_slice LATENCY 3 OPTYPE mul PRAGMA {} RTLNAME mac_muladd_16s_16s_32s_32_4_1_U591 SOURCE src/integrated-gcn/integrated_gcn.cpp:137 VARIABLE mul_ln137_62 LOOP COMP_I BUNDLEDNAME {} DSP 1 BRAM 0 URAM 0 STORAGESUBTYPE {} DISPNAME {bind_op mul} VISIBLE true} {BINDTYPE op ID {} IMPL dsp_slice LATENCY 3 OPTYPE add PRAGMA {} RTLNAME mac_muladd_16s_16s_32s_32_4_1_U591 SOURCE src/integrated-gcn/integrated_gcn.cpp:137 VARIABLE add_ln137_62 LOOP COMP_I BUNDLEDNAME {} DSP 1 BRAM 0 URAM 0 STORAGESUBTYPE {} DISPNAME {bind_op add} VISIBLE true} {BINDTYPE op ID {} IMPL dsp_slice LATENCY 3 OPTYPE mul PRAGMA {} RTLNAME mac_muladd_16s_16s_32s_32_4_1_U592 SOURCE src/integrated-gcn/integrated_gcn.cpp:137 VARIABLE mul_ln137_63 LOOP COMP_I BUNDLEDNAME {} DSP 1 BRAM 0 URAM 0 STORAGESUBTYPE {} DISPNAME {bind_op mul} VISIBLE true} {BINDTYPE op ID {} IMPL dsp_slice LATENCY 3 OPTYPE add PRAGMA {} RTLNAME mac_muladd_16s_16s_32s_32_4_1_U592 SOURCE src/integrated-gcn/integrated_gcn.cpp:137 VARIABLE add_ln137_63 LOOP COMP_I BUNDLEDNAME {} DSP 1 BRAM 0 URAM 0 STORAGESUBTYPE {} DISPNAME {bind_op add} VISIBLE true} {BINDTYPE op ID {} IMPL compactencoding_dontcare LATENCY 0 OPTYPE sparsemux PRAGMA {} RTLNAME sparsemux_33_6_16_1_1_U526 SOURCE src/integrated-gcn/integrated_gcn.cpp:132 VARIABLE X_val_1 LOOP COMP_I BUNDLEDNAME {} DSP 0 BRAM 0 URAM 0 STORAGESUBTYPE {} DISPNAME {bind_op sparsemux} VISIBLE false} {BINDTYPE op ID {} IMPL dsp_slice LATENCY 3 OPTYPE mul PRAGMA {} RTLNAME mac_muladd_16s_16s_32s_32_4_1_U593 SOURCE src/integrated-gcn/integrated_gcn.cpp:137 VARIABLE mul_ln137_64 LOOP COMP_I BUNDLEDNAME {} DSP 1 BRAM 0 URAM 0 STORAGESUBTYPE {} DISPNAME {bind_op mul} VISIBLE true} {BINDTYPE op ID {} IMPL dsp_slice LATENCY 3 OPTYPE add PRAGMA {} RTLNAME mac_muladd_16s_16s_32s_32_4_1_U593 SOURCE src/integrated-gcn/integrated_gcn.cpp:137 VARIABLE add_ln137_64 LOOP COMP_I BUNDLEDNAME {} DSP 1 BRAM 0 URAM 0 STORAGESUBTYPE {} DISPNAME {bind_op add} VISIBLE true} {BINDTYPE op ID {} IMPL dsp_slice LATENCY 3 OPTYPE mul PRAGMA {} RTLNAME mac_muladd_16s_16s_32s_32_4_1_U594 SOURCE src/integrated-gcn/integrated_gcn.cpp:137 VARIABLE mul_ln137_65 LOOP COMP_I BUNDLEDNAME {} DSP 1 BRAM 0 URAM 0 STORAGESUBTYPE {} DISPNAME {bind_op mul} VISIBLE true} {BINDTYPE op ID {} IMPL dsp_slice LATENCY 3 OPTYPE add PRAGMA {} RTLNAME mac_muladd_16s_16s_32s_32_4_1_U594 SOURCE src/integrated-gcn/integrated_gcn.cpp:137 VARIABLE add_ln137_65 LOOP COMP_I BUNDLEDNAME {} DSP 1 BRAM 0 URAM 0 STORAGESUBTYPE {} DISPNAME {bind_op add} VISIBLE true} {BINDTYPE op ID {} IMPL dsp_slice LATENCY 3 OPTYPE mul PRAGMA {} RTLNAME mac_muladd_16s_16s_32s_32_4_1_U595 SOURCE src/integrated-gcn/integrated_gcn.cpp:137 VARIABLE mul_ln137_66 LOOP COMP_I BUNDLEDNAME {} DSP 1 BRAM 0 URAM 0 STORAGESUBTYPE {} DISPNAME {bind_op mul} VISIBLE true} {BINDTYPE op ID {} IMPL dsp_slice LATENCY 3 OPTYPE add PRAGMA {} RTLNAME mac_muladd_16s_16s_32s_32_4_1_U595 SOURCE src/integrated-gcn/integrated_gcn.cpp:137 VARIABLE add_ln137_66 LOOP COMP_I BUNDLEDNAME {} DSP 1 BRAM 0 URAM 0 STORAGESUBTYPE {} DISPNAME {bind_op add} VISIBLE true} {BINDTYPE op ID {} IMPL dsp_slice LATENCY 3 OPTYPE mul PRAGMA {} RTLNAME mac_muladd_16s_16s_32s_32_4_1_U596 SOURCE src/integrated-gcn/integrated_gcn.cpp:137 VARIABLE mul_ln137_67 LOOP COMP_I BUNDLEDNAME {} DSP 1 BRAM 0 URAM 0 STORAGESUBTYPE {} DISPNAME {bind_op mul} VISIBLE true} {BINDTYPE op ID {} IMPL dsp_slice LATENCY 3 OPTYPE add PRAGMA {} RTLNAME mac_muladd_16s_16s_32s_32_4_1_U596 SOURCE src/integrated-gcn/integrated_gcn.cpp:137 VARIABLE add_ln137_67 LOOP COMP_I BUNDLEDNAME {} DSP 1 BRAM 0 URAM 0 STORAGESUBTYPE {} DISPNAME {bind_op add} VISIBLE true} {BINDTYPE op ID {} IMPL dsp_slice LATENCY 3 OPTYPE mul PRAGMA {} RTLNAME mac_muladd_16s_16s_32s_32_4_1_U597 SOURCE src/integrated-gcn/integrated_gcn.cpp:137 VARIABLE mul_ln137_68 LOOP COMP_I BUNDLEDNAME {} DSP 1 BRAM 0 URAM 0 STORAGESUBTYPE {} DISPNAME {bind_op mul} VISIBLE true} {BINDTYPE op ID {} IMPL dsp_slice LATENCY 3 OPTYPE add PRAGMA {} RTLNAME mac_muladd_16s_16s_32s_32_4_1_U597 SOURCE src/integrated-gcn/integrated_gcn.cpp:137 VARIABLE add_ln137_68 LOOP COMP_I BUNDLEDNAME {} DSP 1 BRAM 0 URAM 0 STORAGESUBTYPE {} DISPNAME {bind_op add} VISIBLE true} {BINDTYPE op ID {} IMPL dsp_slice LATENCY 3 OPTYPE mul PRAGMA {} RTLNAME mac_muladd_16s_16s_32s_32_4_1_U598 SOURCE src/integrated-gcn/integrated_gcn.cpp:137 VARIABLE mul_ln137_69 LOOP COMP_I BUNDLEDNAME {} DSP 1 BRAM 0 URAM 0 STORAGESUBTYPE {} DISPNAME {bind_op mul} VISIBLE true} {BINDTYPE op ID {} IMPL dsp_slice LATENCY 3 OPTYPE add PRAGMA {} RTLNAME mac_muladd_16s_16s_32s_32_4_1_U598 SOURCE src/integrated-gcn/integrated_gcn.cpp:137 VARIABLE add_ln137_69 LOOP COMP_I BUNDLEDNAME {} DSP 1 BRAM 0 URAM 0 STORAGESUBTYPE {} DISPNAME {bind_op add} VISIBLE true} {BINDTYPE op ID {} IMPL dsp_slice LATENCY 3 OPTYPE mul PRAGMA {} RTLNAME mac_muladd_16s_16s_32s_32_4_1_U599 SOURCE src/integrated-gcn/integrated_gcn.cpp:137 VARIABLE mul_ln137_70 LOOP COMP_I BUNDLEDNAME {} DSP 1 BRAM 0 URAM 0 STORAGESUBTYPE {} DISPNAME {bind_op mul} VISIBLE true} {BINDTYPE op ID {} IMPL dsp_slice LATENCY 3 OPTYPE add PRAGMA {} RTLNAME mac_muladd_16s_16s_32s_32_4_1_U599 SOURCE src/integrated-gcn/integrated_gcn.cpp:137 VARIABLE add_ln137_70 LOOP COMP_I BUNDLEDNAME {} DSP 1 BRAM 0 URAM 0 STORAGESUBTYPE {} DISPNAME {bind_op add} VISIBLE true} {BINDTYPE op ID {} IMPL dsp_slice LATENCY 3 OPTYPE mul PRAGMA {} RTLNAME mac_muladd_16s_16s_32s_32_4_1_U600 SOURCE src/integrated-gcn/integrated_gcn.cpp:137 VARIABLE mul_ln137_71 LOOP COMP_I BUNDLEDNAME {} DSP 1 BRAM 0 URAM 0 STORAGESUBTYPE {} DISPNAME {bind_op mul} VISIBLE true} {BINDTYPE op ID {} IMPL dsp_slice LATENCY 3 OPTYPE add PRAGMA {} RTLNAME mac_muladd_16s_16s_32s_32_4_1_U600 SOURCE src/integrated-gcn/integrated_gcn.cpp:137 VARIABLE add_ln137_71 LOOP COMP_I BUNDLEDNAME {} DSP 1 BRAM 0 URAM 0 STORAGESUBTYPE {} DISPNAME {bind_op add} VISIBLE true} {BINDTYPE op ID {} IMPL dsp_slice LATENCY 3 OPTYPE mul PRAGMA {} RTLNAME mac_muladd_16s_16s_32s_32_4_1_U601 SOURCE src/integrated-gcn/integrated_gcn.cpp:137 VARIABLE mul_ln137_72 LOOP COMP_I BUNDLEDNAME {} DSP 1 BRAM 0 URAM 0 STORAGESUBTYPE {} DISPNAME {bind_op mul} VISIBLE true} {BINDTYPE op ID {} IMPL dsp_slice LATENCY 3 OPTYPE add PRAGMA {} RTLNAME mac_muladd_16s_16s_32s_32_4_1_U601 SOURCE src/integrated-gcn/integrated_gcn.cpp:137 VARIABLE add_ln137_72 LOOP COMP_I BUNDLEDNAME {} DSP 1 BRAM 0 URAM 0 STORAGESUBTYPE {} DISPNAME {bind_op add} VISIBLE true} {BINDTYPE op ID {} IMPL dsp_slice LATENCY 3 OPTYPE mul PRAGMA {} RTLNAME mac_muladd_16s_16s_32s_32_4_1_U602 SOURCE src/integrated-gcn/integrated_gcn.cpp:137 VARIABLE mul_ln137_73 LOOP COMP_I BUNDLEDNAME {} DSP 1 BRAM 0 URAM 0 STORAGESUBTYPE {} DISPNAME {bind_op mul} VISIBLE true} {BINDTYPE op ID {} IMPL dsp_slice LATENCY 3 OPTYPE add PRAGMA {} RTLNAME mac_muladd_16s_16s_32s_32_4_1_U602 SOURCE src/integrated-gcn/integrated_gcn.cpp:137 VARIABLE add_ln137_73 LOOP COMP_I BUNDLEDNAME {} DSP 1 BRAM 0 URAM 0 STORAGESUBTYPE {} DISPNAME {bind_op add} VISIBLE true} {BINDTYPE op ID {} IMPL dsp_slice LATENCY 3 OPTYPE mul PRAGMA {} RTLNAME mac_muladd_16s_16s_32s_32_4_1_U603 SOURCE src/integrated-gcn/integrated_gcn.cpp:137 VARIABLE mul_ln137_74 LOOP COMP_I BUNDLEDNAME {} DSP 1 BRAM 0 URAM 0 STORAGESUBTYPE {} DISPNAME {bind_op mul} VISIBLE true} {BINDTYPE op ID {} IMPL dsp_slice LATENCY 3 OPTYPE add PRAGMA {} RTLNAME mac_muladd_16s_16s_32s_32_4_1_U603 SOURCE src/integrated-gcn/integrated_gcn.cpp:137 VARIABLE add_ln137_74 LOOP COMP_I BUNDLEDNAME {} DSP 1 BRAM 0 URAM 0 STORAGESUBTYPE {} DISPNAME {bind_op add} VISIBLE true} {BINDTYPE op ID {} IMPL dsp_slice LATENCY 3 OPTYPE mul PRAGMA {} RTLNAME mac_muladd_16s_16s_32s_32_4_1_U604 SOURCE src/integrated-gcn/integrated_gcn.cpp:137 VARIABLE mul_ln137_75 LOOP COMP_I BUNDLEDNAME {} DSP 1 BRAM 0 URAM 0 STORAGESUBTYPE {} DISPNAME {bind_op mul} VISIBLE true} {BINDTYPE op ID {} IMPL dsp_slice LATENCY 3 OPTYPE add PRAGMA {} RTLNAME mac_muladd_16s_16s_32s_32_4_1_U604 SOURCE src/integrated-gcn/integrated_gcn.cpp:137 VARIABLE add_ln137_75 LOOP COMP_I BUNDLEDNAME {} DSP 1 BRAM 0 URAM 0 STORAGESUBTYPE {} DISPNAME {bind_op add} VISIBLE true} {BINDTYPE op ID {} IMPL dsp_slice LATENCY 3 OPTYPE mul PRAGMA {} RTLNAME mac_muladd_16s_16s_32s_32_4_1_U605 SOURCE src/integrated-gcn/integrated_gcn.cpp:137 VARIABLE mul_ln137_76 LOOP COMP_I BUNDLEDNAME {} DSP 1 BRAM 0 URAM 0 STORAGESUBTYPE {} DISPNAME {bind_op mul} VISIBLE true} {BINDTYPE op ID {} IMPL dsp_slice LATENCY 3 OPTYPE add PRAGMA {} RTLNAME mac_muladd_16s_16s_32s_32_4_1_U605 SOURCE src/integrated-gcn/integrated_gcn.cpp:137 VARIABLE add_ln137_76 LOOP COMP_I BUNDLEDNAME {} DSP 1 BRAM 0 URAM 0 STORAGESUBTYPE {} DISPNAME {bind_op add} VISIBLE true} {BINDTYPE op ID {} IMPL dsp_slice LATENCY 3 OPTYPE mul PRAGMA {} RTLNAME mac_muladd_16s_16s_32s_32_4_1_U606 SOURCE src/integrated-gcn/integrated_gcn.cpp:137 VARIABLE mul_ln137_77 LOOP COMP_I BUNDLEDNAME {} DSP 1 BRAM 0 URAM 0 STORAGESUBTYPE {} DISPNAME {bind_op mul} VISIBLE true} {BINDTYPE op ID {} IMPL dsp_slice LATENCY 3 OPTYPE add PRAGMA {} RTLNAME mac_muladd_16s_16s_32s_32_4_1_U606 SOURCE src/integrated-gcn/integrated_gcn.cpp:137 VARIABLE add_ln137_77 LOOP COMP_I BUNDLEDNAME {} DSP 1 BRAM 0 URAM 0 STORAGESUBTYPE {} DISPNAME {bind_op add} VISIBLE true} {BINDTYPE op ID {} IMPL dsp_slice LATENCY 3 OPTYPE mul PRAGMA {} RTLNAME mac_muladd_16s_16s_32s_32_4_1_U607 SOURCE src/integrated-gcn/integrated_gcn.cpp:137 VARIABLE mul_ln137_78 LOOP COMP_I BUNDLEDNAME {} DSP 1 BRAM 0 URAM 0 STORAGESUBTYPE {} DISPNAME {bind_op mul} VISIBLE true} {BINDTYPE op ID {} IMPL dsp_slice LATENCY 3 OPTYPE add PRAGMA {} RTLNAME mac_muladd_16s_16s_32s_32_4_1_U607 SOURCE src/integrated-gcn/integrated_gcn.cpp:137 VARIABLE add_ln137_78 LOOP COMP_I BUNDLEDNAME {} DSP 1 BRAM 0 URAM 0 STORAGESUBTYPE {} DISPNAME {bind_op add} VISIBLE true} {BINDTYPE op ID {} IMPL dsp_slice LATENCY 3 OPTYPE mul PRAGMA {} RTLNAME mac_muladd_16s_16s_32s_32_4_1_U608 SOURCE src/integrated-gcn/integrated_gcn.cpp:137 VARIABLE mul_ln137_79 LOOP COMP_I BUNDLEDNAME {} DSP 1 BRAM 0 URAM 0 STORAGESUBTYPE {} DISPNAME {bind_op mul} VISIBLE true} {BINDTYPE op ID {} IMPL dsp_slice LATENCY 3 OPTYPE add PRAGMA {} RTLNAME mac_muladd_16s_16s_32s_32_4_1_U608 SOURCE src/integrated-gcn/integrated_gcn.cpp:137 VARIABLE add_ln137_79 LOOP COMP_I BUNDLEDNAME {} DSP 1 BRAM 0 URAM 0 STORAGESUBTYPE {} DISPNAME {bind_op add} VISIBLE true} {BINDTYPE op ID {} IMPL dsp_slice LATENCY 3 OPTYPE mul PRAGMA {} RTLNAME mac_muladd_16s_16s_32s_32_4_1_U609 SOURCE src/integrated-gcn/integrated_gcn.cpp:137 VARIABLE mul_ln137_80 LOOP COMP_I BUNDLEDNAME {} DSP 1 BRAM 0 URAM 0 STORAGESUBTYPE {} DISPNAME {bind_op mul} VISIBLE true} {BINDTYPE op ID {} IMPL dsp_slice LATENCY 3 OPTYPE add PRAGMA {} RTLNAME mac_muladd_16s_16s_32s_32_4_1_U609 SOURCE src/integrated-gcn/integrated_gcn.cpp:137 VARIABLE add_ln137_80 LOOP COMP_I BUNDLEDNAME {} DSP 1 BRAM 0 URAM 0 STORAGESUBTYPE {} DISPNAME {bind_op add} VISIBLE true} {BINDTYPE op ID {} IMPL dsp_slice LATENCY 3 OPTYPE mul PRAGMA {} RTLNAME mac_muladd_16s_16s_32s_32_4_1_U610 SOURCE src/integrated-gcn/integrated_gcn.cpp:137 VARIABLE mul_ln137_81 LOOP COMP_I BUNDLEDNAME {} DSP 1 BRAM 0 URAM 0 STORAGESUBTYPE {} DISPNAME {bind_op mul} VISIBLE true} {BINDTYPE op ID {} IMPL dsp_slice LATENCY 3 OPTYPE add PRAGMA {} RTLNAME mac_muladd_16s_16s_32s_32_4_1_U610 SOURCE src/integrated-gcn/integrated_gcn.cpp:137 VARIABLE add_ln137_81 LOOP COMP_I BUNDLEDNAME {} DSP 1 BRAM 0 URAM 0 STORAGESUBTYPE {} DISPNAME {bind_op add} VISIBLE true} {BINDTYPE op ID {} IMPL dsp_slice LATENCY 3 OPTYPE mul PRAGMA {} RTLNAME mac_muladd_16s_16s_32s_32_4_1_U611 SOURCE src/integrated-gcn/integrated_gcn.cpp:137 VARIABLE mul_ln137_82 LOOP COMP_I BUNDLEDNAME {} DSP 1 BRAM 0 URAM 0 STORAGESUBTYPE {} DISPNAME {bind_op mul} VISIBLE true} {BINDTYPE op ID {} IMPL dsp_slice LATENCY 3 OPTYPE add PRAGMA {} RTLNAME mac_muladd_16s_16s_32s_32_4_1_U611 SOURCE src/integrated-gcn/integrated_gcn.cpp:137 VARIABLE add_ln137_82 LOOP COMP_I BUNDLEDNAME {} DSP 1 BRAM 0 URAM 0 STORAGESUBTYPE {} DISPNAME {bind_op add} VISIBLE true} {BINDTYPE op ID {} IMPL dsp_slice LATENCY 3 OPTYPE mul PRAGMA {} RTLNAME mac_muladd_16s_16s_32s_32_4_1_U612 SOURCE src/integrated-gcn/integrated_gcn.cpp:137 VARIABLE mul_ln137_83 LOOP COMP_I BUNDLEDNAME {} DSP 1 BRAM 0 URAM 0 STORAGESUBTYPE {} DISPNAME {bind_op mul} VISIBLE true} {BINDTYPE op ID {} IMPL dsp_slice LATENCY 3 OPTYPE add PRAGMA {} RTLNAME mac_muladd_16s_16s_32s_32_4_1_U612 SOURCE src/integrated-gcn/integrated_gcn.cpp:137 VARIABLE add_ln137_83 LOOP COMP_I BUNDLEDNAME {} DSP 1 BRAM 0 URAM 0 STORAGESUBTYPE {} DISPNAME {bind_op add} VISIBLE true} {BINDTYPE op ID {} IMPL dsp_slice LATENCY 3 OPTYPE mul PRAGMA {} RTLNAME mac_muladd_16s_16s_32s_32_4_1_U613 SOURCE src/integrated-gcn/integrated_gcn.cpp:137 VARIABLE mul_ln137_84 LOOP COMP_I BUNDLEDNAME {} DSP 1 BRAM 0 URAM 0 STORAGESUBTYPE {} DISPNAME {bind_op mul} VISIBLE true} {BINDTYPE op ID {} IMPL dsp_slice LATENCY 3 OPTYPE add PRAGMA {} RTLNAME mac_muladd_16s_16s_32s_32_4_1_U613 SOURCE src/integrated-gcn/integrated_gcn.cpp:137 VARIABLE add_ln137_84 LOOP COMP_I BUNDLEDNAME {} DSP 1 BRAM 0 URAM 0 STORAGESUBTYPE {} DISPNAME {bind_op add} VISIBLE true} {BINDTYPE op ID {} IMPL dsp_slice LATENCY 3 OPTYPE mul PRAGMA {} RTLNAME mac_muladd_16s_16s_32s_32_4_1_U614 SOURCE src/integrated-gcn/integrated_gcn.cpp:137 VARIABLE mul_ln137_85 LOOP COMP_I BUNDLEDNAME {} DSP 1 BRAM 0 URAM 0 STORAGESUBTYPE {} DISPNAME {bind_op mul} VISIBLE true} {BINDTYPE op ID {} IMPL dsp_slice LATENCY 3 OPTYPE add PRAGMA {} RTLNAME mac_muladd_16s_16s_32s_32_4_1_U614 SOURCE src/integrated-gcn/integrated_gcn.cpp:137 VARIABLE add_ln137_85 LOOP COMP_I BUNDLEDNAME {} DSP 1 BRAM 0 URAM 0 STORAGESUBTYPE {} DISPNAME {bind_op add} VISIBLE true} {BINDTYPE op ID {} IMPL dsp_slice LATENCY 3 OPTYPE mul PRAGMA {} RTLNAME mac_muladd_16s_16s_32s_32_4_1_U615 SOURCE src/integrated-gcn/integrated_gcn.cpp:137 VARIABLE mul_ln137_86 LOOP COMP_I BUNDLEDNAME {} DSP 1 BRAM 0 URAM 0 STORAGESUBTYPE {} DISPNAME {bind_op mul} VISIBLE true} {BINDTYPE op ID {} IMPL dsp_slice LATENCY 3 OPTYPE add PRAGMA {} RTLNAME mac_muladd_16s_16s_32s_32_4_1_U615 SOURCE src/integrated-gcn/integrated_gcn.cpp:137 VARIABLE add_ln137_86 LOOP COMP_I BUNDLEDNAME {} DSP 1 BRAM 0 URAM 0 STORAGESUBTYPE {} DISPNAME {bind_op add} VISIBLE true} {BINDTYPE op ID {} IMPL dsp_slice LATENCY 3 OPTYPE mul PRAGMA {} RTLNAME mac_muladd_16s_16s_32s_32_4_1_U616 SOURCE src/integrated-gcn/integrated_gcn.cpp:137 VARIABLE mul_ln137_87 LOOP COMP_I BUNDLEDNAME {} DSP 1 BRAM 0 URAM 0 STORAGESUBTYPE {} DISPNAME {bind_op mul} VISIBLE true} {BINDTYPE op ID {} IMPL dsp_slice LATENCY 3 OPTYPE add PRAGMA {} RTLNAME mac_muladd_16s_16s_32s_32_4_1_U616 SOURCE src/integrated-gcn/integrated_gcn.cpp:137 VARIABLE add_ln137_87 LOOP COMP_I BUNDLEDNAME {} DSP 1 BRAM 0 URAM 0 STORAGESUBTYPE {} DISPNAME {bind_op add} VISIBLE true} {BINDTYPE op ID {} IMPL dsp_slice LATENCY 3 OPTYPE mul PRAGMA {} RTLNAME mac_muladd_16s_16s_32s_32_4_1_U617 SOURCE src/integrated-gcn/integrated_gcn.cpp:137 VARIABLE mul_ln137_88 LOOP COMP_I BUNDLEDNAME {} DSP 1 BRAM 0 URAM 0 STORAGESUBTYPE {} DISPNAME {bind_op mul} VISIBLE true} {BINDTYPE op ID {} IMPL dsp_slice LATENCY 3 OPTYPE add PRAGMA {} RTLNAME mac_muladd_16s_16s_32s_32_4_1_U617 SOURCE src/integrated-gcn/integrated_gcn.cpp:137 VARIABLE add_ln137_88 LOOP COMP_I BUNDLEDNAME {} DSP 1 BRAM 0 URAM 0 STORAGESUBTYPE {} DISPNAME {bind_op add} VISIBLE true} {BINDTYPE op ID {} IMPL dsp_slice LATENCY 3 OPTYPE mul PRAGMA {} RTLNAME mac_muladd_16s_16s_32s_32_4_1_U618 SOURCE src/integrated-gcn/integrated_gcn.cpp:137 VARIABLE mul_ln137_89 LOOP COMP_I BUNDLEDNAME {} DSP 1 BRAM 0 URAM 0 STORAGESUBTYPE {} DISPNAME {bind_op mul} VISIBLE true} {BINDTYPE op ID {} IMPL dsp_slice LATENCY 3 OPTYPE add PRAGMA {} RTLNAME mac_muladd_16s_16s_32s_32_4_1_U618 SOURCE src/integrated-gcn/integrated_gcn.cpp:137 VARIABLE add_ln137_89 LOOP COMP_I BUNDLEDNAME {} DSP 1 BRAM 0 URAM 0 STORAGESUBTYPE {} DISPNAME {bind_op add} VISIBLE true} {BINDTYPE op ID {} IMPL dsp_slice LATENCY 3 OPTYPE mul PRAGMA {} RTLNAME mac_muladd_16s_16s_32s_32_4_1_U619 SOURCE src/integrated-gcn/integrated_gcn.cpp:137 VARIABLE mul_ln137_90 LOOP COMP_I BUNDLEDNAME {} DSP 1 BRAM 0 URAM 0 STORAGESUBTYPE {} DISPNAME {bind_op mul} VISIBLE true} {BINDTYPE op ID {} IMPL dsp_slice LATENCY 3 OPTYPE add PRAGMA {} RTLNAME mac_muladd_16s_16s_32s_32_4_1_U619 SOURCE src/integrated-gcn/integrated_gcn.cpp:137 VARIABLE add_ln137_90 LOOP COMP_I BUNDLEDNAME {} DSP 1 BRAM 0 URAM 0 STORAGESUBTYPE {} DISPNAME {bind_op add} VISIBLE true} {BINDTYPE op ID {} IMPL dsp_slice LATENCY 3 OPTYPE mul PRAGMA {} RTLNAME mac_muladd_16s_16s_32s_32_4_1_U620 SOURCE src/integrated-gcn/integrated_gcn.cpp:137 VARIABLE mul_ln137_91 LOOP COMP_I BUNDLEDNAME {} DSP 1 BRAM 0 URAM 0 STORAGESUBTYPE {} DISPNAME {bind_op mul} VISIBLE true} {BINDTYPE op ID {} IMPL dsp_slice LATENCY 3 OPTYPE add PRAGMA {} RTLNAME mac_muladd_16s_16s_32s_32_4_1_U620 SOURCE src/integrated-gcn/integrated_gcn.cpp:137 VARIABLE add_ln137_91 LOOP COMP_I BUNDLEDNAME {} DSP 1 BRAM 0 URAM 0 STORAGESUBTYPE {} DISPNAME {bind_op add} VISIBLE true} {BINDTYPE op ID {} IMPL dsp_slice LATENCY 3 OPTYPE mul PRAGMA {} RTLNAME mac_muladd_16s_16s_32s_32_4_1_U621 SOURCE src/integrated-gcn/integrated_gcn.cpp:137 VARIABLE mul_ln137_92 LOOP COMP_I BUNDLEDNAME {} DSP 1 BRAM 0 URAM 0 STORAGESUBTYPE {} DISPNAME {bind_op mul} VISIBLE true} {BINDTYPE op ID {} IMPL dsp_slice LATENCY 3 OPTYPE add PRAGMA {} RTLNAME mac_muladd_16s_16s_32s_32_4_1_U621 SOURCE src/integrated-gcn/integrated_gcn.cpp:137 VARIABLE add_ln137_92 LOOP COMP_I BUNDLEDNAME {} DSP 1 BRAM 0 URAM 0 STORAGESUBTYPE {} DISPNAME {bind_op add} VISIBLE true} {BINDTYPE op ID {} IMPL dsp_slice LATENCY 3 OPTYPE mul PRAGMA {} RTLNAME mac_muladd_16s_16s_32s_32_4_1_U622 SOURCE src/integrated-gcn/integrated_gcn.cpp:137 VARIABLE mul_ln137_93 LOOP COMP_I BUNDLEDNAME {} DSP 1 BRAM 0 URAM 0 STORAGESUBTYPE {} DISPNAME {bind_op mul} VISIBLE true} {BINDTYPE op ID {} IMPL dsp_slice LATENCY 3 OPTYPE add PRAGMA {} RTLNAME mac_muladd_16s_16s_32s_32_4_1_U622 SOURCE src/integrated-gcn/integrated_gcn.cpp:137 VARIABLE add_ln137_93 LOOP COMP_I BUNDLEDNAME {} DSP 1 BRAM 0 URAM 0 STORAGESUBTYPE {} DISPNAME {bind_op add} VISIBLE true} {BINDTYPE op ID {} IMPL dsp_slice LATENCY 3 OPTYPE mul PRAGMA {} RTLNAME mac_muladd_16s_16s_32s_32_4_1_U623 SOURCE src/integrated-gcn/integrated_gcn.cpp:137 VARIABLE mul_ln137_94 LOOP COMP_I BUNDLEDNAME {} DSP 1 BRAM 0 URAM 0 STORAGESUBTYPE {} DISPNAME {bind_op mul} VISIBLE true} {BINDTYPE op ID {} IMPL dsp_slice LATENCY 3 OPTYPE add PRAGMA {} RTLNAME mac_muladd_16s_16s_32s_32_4_1_U623 SOURCE src/integrated-gcn/integrated_gcn.cpp:137 VARIABLE add_ln137_94 LOOP COMP_I BUNDLEDNAME {} DSP 1 BRAM 0 URAM 0 STORAGESUBTYPE {} DISPNAME {bind_op add} VISIBLE true} {BINDTYPE op ID {} IMPL dsp_slice LATENCY 3 OPTYPE mul PRAGMA {} RTLNAME mac_muladd_16s_16s_32s_32_4_1_U624 SOURCE src/integrated-gcn/integrated_gcn.cpp:137 VARIABLE mul_ln137_95 LOOP COMP_I BUNDLEDNAME {} DSP 1 BRAM 0 URAM 0 STORAGESUBTYPE {} DISPNAME {bind_op mul} VISIBLE true} {BINDTYPE op ID {} IMPL dsp_slice LATENCY 3 OPTYPE add PRAGMA {} RTLNAME mac_muladd_16s_16s_32s_32_4_1_U624 SOURCE src/integrated-gcn/integrated_gcn.cpp:137 VARIABLE add_ln137_95 LOOP COMP_I BUNDLEDNAME {} DSP 1 BRAM 0 URAM 0 STORAGESUBTYPE {} DISPNAME {bind_op add} VISIBLE true} {BINDTYPE op ID {} IMPL dsp_slice LATENCY 3 OPTYPE mul PRAGMA {} RTLNAME mac_muladd_16s_16s_32s_32_4_1_U625 SOURCE src/integrated-gcn/integrated_gcn.cpp:137 VARIABLE mul_ln137_96 LOOP COMP_I BUNDLEDNAME {} DSP 1 BRAM 0 URAM 0 STORAGESUBTYPE {} DISPNAME {bind_op mul} VISIBLE true} {BINDTYPE op ID {} IMPL dsp_slice LATENCY 3 OPTYPE add PRAGMA {} RTLNAME mac_muladd_16s_16s_32s_32_4_1_U625 SOURCE src/integrated-gcn/integrated_gcn.cpp:137 VARIABLE add_ln137_96 LOOP COMP_I BUNDLEDNAME {} DSP 1 BRAM 0 URAM 0 STORAGESUBTYPE {} DISPNAME {bind_op add} VISIBLE true} {BINDTYPE op ID {} IMPL dsp_slice LATENCY 3 OPTYPE mul PRAGMA {} RTLNAME mac_muladd_16s_16s_32s_32_4_1_U626 SOURCE src/integrated-gcn/integrated_gcn.cpp:137 VARIABLE mul_ln137_97 LOOP COMP_I BUNDLEDNAME {} DSP 1 BRAM 0 URAM 0 STORAGESUBTYPE {} DISPNAME {bind_op mul} VISIBLE true} {BINDTYPE op ID {} IMPL dsp_slice LATENCY 3 OPTYPE add PRAGMA {} RTLNAME mac_muladd_16s_16s_32s_32_4_1_U626 SOURCE src/integrated-gcn/integrated_gcn.cpp:137 VARIABLE add_ln137_97 LOOP COMP_I BUNDLEDNAME {} DSP 1 BRAM 0 URAM 0 STORAGESUBTYPE {} DISPNAME {bind_op add} VISIBLE true} {BINDTYPE op ID {} IMPL dsp_slice LATENCY 3 OPTYPE mul PRAGMA {} RTLNAME mac_muladd_16s_16s_32s_32_4_1_U627 SOURCE src/integrated-gcn/integrated_gcn.cpp:137 VARIABLE mul_ln137_98 LOOP COMP_I BUNDLEDNAME {} DSP 1 BRAM 0 URAM 0 STORAGESUBTYPE {} DISPNAME {bind_op mul} VISIBLE true} {BINDTYPE op ID {} IMPL dsp_slice LATENCY 3 OPTYPE add PRAGMA {} RTLNAME mac_muladd_16s_16s_32s_32_4_1_U627 SOURCE src/integrated-gcn/integrated_gcn.cpp:137 VARIABLE add_ln137_98 LOOP COMP_I BUNDLEDNAME {} DSP 1 BRAM 0 URAM 0 STORAGESUBTYPE {} DISPNAME {bind_op add} VISIBLE true} {BINDTYPE op ID {} IMPL dsp_slice LATENCY 3 OPTYPE mul PRAGMA {} RTLNAME mac_muladd_16s_16s_32s_32_4_1_U628 SOURCE src/integrated-gcn/integrated_gcn.cpp:137 VARIABLE mul_ln137_99 LOOP COMP_I BUNDLEDNAME {} DSP 1 BRAM 0 URAM 0 STORAGESUBTYPE {} DISPNAME {bind_op mul} VISIBLE true} {BINDTYPE op ID {} IMPL dsp_slice LATENCY 3 OPTYPE add PRAGMA {} RTLNAME mac_muladd_16s_16s_32s_32_4_1_U628 SOURCE src/integrated-gcn/integrated_gcn.cpp:137 VARIABLE add_ln137_99 LOOP COMP_I BUNDLEDNAME {} DSP 1 BRAM 0 URAM 0 STORAGESUBTYPE {} DISPNAME {bind_op add} VISIBLE true} {BINDTYPE op ID {} IMPL dsp_slice LATENCY 3 OPTYPE mul PRAGMA {} RTLNAME mac_muladd_16s_16s_32s_32_4_1_U629 SOURCE src/integrated-gcn/integrated_gcn.cpp:137 VARIABLE mul_ln137_100 LOOP COMP_I BUNDLEDNAME {} DSP 1 BRAM 0 URAM 0 STORAGESUBTYPE {} DISPNAME {bind_op mul} VISIBLE true} {BINDTYPE op ID {} IMPL dsp_slice LATENCY 3 OPTYPE add PRAGMA {} RTLNAME mac_muladd_16s_16s_32s_32_4_1_U629 SOURCE src/integrated-gcn/integrated_gcn.cpp:137 VARIABLE add_ln137_100 LOOP COMP_I BUNDLEDNAME {} DSP 1 BRAM 0 URAM 0 STORAGESUBTYPE {} DISPNAME {bind_op add} VISIBLE true} {BINDTYPE op ID {} IMPL dsp_slice LATENCY 3 OPTYPE mul PRAGMA {} RTLNAME mac_muladd_16s_16s_32s_32_4_1_U630 SOURCE src/integrated-gcn/integrated_gcn.cpp:137 VARIABLE mul_ln137_101 LOOP COMP_I BUNDLEDNAME {} DSP 1 BRAM 0 URAM 0 STORAGESUBTYPE {} DISPNAME {bind_op mul} VISIBLE true} {BINDTYPE op ID {} IMPL dsp_slice LATENCY 3 OPTYPE add PRAGMA {} RTLNAME mac_muladd_16s_16s_32s_32_4_1_U630 SOURCE src/integrated-gcn/integrated_gcn.cpp:137 VARIABLE add_ln137_101 LOOP COMP_I BUNDLEDNAME {} DSP 1 BRAM 0 URAM 0 STORAGESUBTYPE {} DISPNAME {bind_op add} VISIBLE true} {BINDTYPE op ID {} IMPL dsp_slice LATENCY 3 OPTYPE mul PRAGMA {} RTLNAME mac_muladd_16s_16s_32s_32_4_1_U631 SOURCE src/integrated-gcn/integrated_gcn.cpp:137 VARIABLE mul_ln137_102 LOOP COMP_I BUNDLEDNAME {} DSP 1 BRAM 0 URAM 0 STORAGESUBTYPE {} DISPNAME {bind_op mul} VISIBLE true} {BINDTYPE op ID {} IMPL dsp_slice LATENCY 3 OPTYPE add PRAGMA {} RTLNAME mac_muladd_16s_16s_32s_32_4_1_U631 SOURCE src/integrated-gcn/integrated_gcn.cpp:137 VARIABLE add_ln137_102 LOOP COMP_I BUNDLEDNAME {} DSP 1 BRAM 0 URAM 0 STORAGESUBTYPE {} DISPNAME {bind_op add} VISIBLE true} {BINDTYPE op ID {} IMPL dsp_slice LATENCY 3 OPTYPE mul PRAGMA {} RTLNAME mac_muladd_16s_16s_32s_32_4_1_U632 SOURCE src/integrated-gcn/integrated_gcn.cpp:137 VARIABLE mul_ln137_103 LOOP COMP_I BUNDLEDNAME {} DSP 1 BRAM 0 URAM 0 STORAGESUBTYPE {} DISPNAME {bind_op mul} VISIBLE true} {BINDTYPE op ID {} IMPL dsp_slice LATENCY 3 OPTYPE add PRAGMA {} RTLNAME mac_muladd_16s_16s_32s_32_4_1_U632 SOURCE src/integrated-gcn/integrated_gcn.cpp:137 VARIABLE add_ln137_103 LOOP COMP_I BUNDLEDNAME {} DSP 1 BRAM 0 URAM 0 STORAGESUBTYPE {} DISPNAME {bind_op add} VISIBLE true} {BINDTYPE op ID {} IMPL dsp_slice LATENCY 3 OPTYPE mul PRAGMA {} RTLNAME mac_muladd_16s_16s_32s_32_4_1_U633 SOURCE src/integrated-gcn/integrated_gcn.cpp:137 VARIABLE mul_ln137_104 LOOP COMP_I BUNDLEDNAME {} DSP 1 BRAM 0 URAM 0 STORAGESUBTYPE {} DISPNAME {bind_op mul} VISIBLE true} {BINDTYPE op ID {} IMPL dsp_slice LATENCY 3 OPTYPE add PRAGMA {} RTLNAME mac_muladd_16s_16s_32s_32_4_1_U633 SOURCE src/integrated-gcn/integrated_gcn.cpp:137 VARIABLE add_ln137_104 LOOP COMP_I BUNDLEDNAME {} DSP 1 BRAM 0 URAM 0 STORAGESUBTYPE {} DISPNAME {bind_op add} VISIBLE true} {BINDTYPE op ID {} IMPL dsp_slice LATENCY 3 OPTYPE mul PRAGMA {} RTLNAME mac_muladd_16s_16s_32s_32_4_1_U634 SOURCE src/integrated-gcn/integrated_gcn.cpp:137 VARIABLE mul_ln137_105 LOOP COMP_I BUNDLEDNAME {} DSP 1 BRAM 0 URAM 0 STORAGESUBTYPE {} DISPNAME {bind_op mul} VISIBLE true} {BINDTYPE op ID {} IMPL dsp_slice LATENCY 3 OPTYPE add PRAGMA {} RTLNAME mac_muladd_16s_16s_32s_32_4_1_U634 SOURCE src/integrated-gcn/integrated_gcn.cpp:137 VARIABLE add_ln137_105 LOOP COMP_I BUNDLEDNAME {} DSP 1 BRAM 0 URAM 0 STORAGESUBTYPE {} DISPNAME {bind_op add} VISIBLE true} {BINDTYPE op ID {} IMPL dsp_slice LATENCY 3 OPTYPE mul PRAGMA {} RTLNAME mac_muladd_16s_16s_32s_32_4_1_U635 SOURCE src/integrated-gcn/integrated_gcn.cpp:137 VARIABLE mul_ln137_106 LOOP COMP_I BUNDLEDNAME {} DSP 1 BRAM 0 URAM 0 STORAGESUBTYPE {} DISPNAME {bind_op mul} VISIBLE true} {BINDTYPE op ID {} IMPL dsp_slice LATENCY 3 OPTYPE add PRAGMA {} RTLNAME mac_muladd_16s_16s_32s_32_4_1_U635 SOURCE src/integrated-gcn/integrated_gcn.cpp:137 VARIABLE add_ln137_106 LOOP COMP_I BUNDLEDNAME {} DSP 1 BRAM 0 URAM 0 STORAGESUBTYPE {} DISPNAME {bind_op add} VISIBLE true} {BINDTYPE op ID {} IMPL dsp_slice LATENCY 3 OPTYPE mul PRAGMA {} RTLNAME mac_muladd_16s_16s_32s_32_4_1_U636 SOURCE src/integrated-gcn/integrated_gcn.cpp:137 VARIABLE mul_ln137_107 LOOP COMP_I BUNDLEDNAME {} DSP 1 BRAM 0 URAM 0 STORAGESUBTYPE {} DISPNAME {bind_op mul} VISIBLE true} {BINDTYPE op ID {} IMPL dsp_slice LATENCY 3 OPTYPE add PRAGMA {} RTLNAME mac_muladd_16s_16s_32s_32_4_1_U636 SOURCE src/integrated-gcn/integrated_gcn.cpp:137 VARIABLE add_ln137_107 LOOP COMP_I BUNDLEDNAME {} DSP 1 BRAM 0 URAM 0 STORAGESUBTYPE {} DISPNAME {bind_op add} VISIBLE true} {BINDTYPE op ID {} IMPL dsp_slice LATENCY 3 OPTYPE mul PRAGMA {} RTLNAME mac_muladd_16s_16s_32s_32_4_1_U637 SOURCE src/integrated-gcn/integrated_gcn.cpp:137 VARIABLE mul_ln137_108 LOOP COMP_I BUNDLEDNAME {} DSP 1 BRAM 0 URAM 0 STORAGESUBTYPE {} DISPNAME {bind_op mul} VISIBLE true} {BINDTYPE op ID {} IMPL dsp_slice LATENCY 3 OPTYPE add PRAGMA {} RTLNAME mac_muladd_16s_16s_32s_32_4_1_U637 SOURCE src/integrated-gcn/integrated_gcn.cpp:137 VARIABLE add_ln137_108 LOOP COMP_I BUNDLEDNAME {} DSP 1 BRAM 0 URAM 0 STORAGESUBTYPE {} DISPNAME {bind_op add} VISIBLE true} {BINDTYPE op ID {} IMPL dsp_slice LATENCY 3 OPTYPE mul PRAGMA {} RTLNAME mac_muladd_16s_16s_32s_32_4_1_U638 SOURCE src/integrated-gcn/integrated_gcn.cpp:137 VARIABLE mul_ln137_109 LOOP COMP_I BUNDLEDNAME {} DSP 1 BRAM 0 URAM 0 STORAGESUBTYPE {} DISPNAME {bind_op mul} VISIBLE true} {BINDTYPE op ID {} IMPL dsp_slice LATENCY 3 OPTYPE add PRAGMA {} RTLNAME mac_muladd_16s_16s_32s_32_4_1_U638 SOURCE src/integrated-gcn/integrated_gcn.cpp:137 VARIABLE add_ln137_109 LOOP COMP_I BUNDLEDNAME {} DSP 1 BRAM 0 URAM 0 STORAGESUBTYPE {} DISPNAME {bind_op add} VISIBLE true} {BINDTYPE op ID {} IMPL dsp_slice LATENCY 3 OPTYPE mul PRAGMA {} RTLNAME mac_muladd_16s_16s_32s_32_4_1_U639 SOURCE src/integrated-gcn/integrated_gcn.cpp:137 VARIABLE mul_ln137_110 LOOP COMP_I BUNDLEDNAME {} DSP 1 BRAM 0 URAM 0 STORAGESUBTYPE {} DISPNAME {bind_op mul} VISIBLE true} {BINDTYPE op ID {} IMPL dsp_slice LATENCY 3 OPTYPE add PRAGMA {} RTLNAME mac_muladd_16s_16s_32s_32_4_1_U639 SOURCE src/integrated-gcn/integrated_gcn.cpp:137 VARIABLE add_ln137_110 LOOP COMP_I BUNDLEDNAME {} DSP 1 BRAM 0 URAM 0 STORAGESUBTYPE {} DISPNAME {bind_op add} VISIBLE true} {BINDTYPE op ID {} IMPL dsp_slice LATENCY 3 OPTYPE mul PRAGMA {} RTLNAME mac_muladd_16s_16s_32s_32_4_1_U640 SOURCE src/integrated-gcn/integrated_gcn.cpp:137 VARIABLE mul_ln137_111 LOOP COMP_I BUNDLEDNAME {} DSP 1 BRAM 0 URAM 0 STORAGESUBTYPE {} DISPNAME {bind_op mul} VISIBLE true} {BINDTYPE op ID {} IMPL dsp_slice LATENCY 3 OPTYPE add PRAGMA {} RTLNAME mac_muladd_16s_16s_32s_32_4_1_U640 SOURCE src/integrated-gcn/integrated_gcn.cpp:137 VARIABLE add_ln137_111 LOOP COMP_I BUNDLEDNAME {} DSP 1 BRAM 0 URAM 0 STORAGESUBTYPE {} DISPNAME {bind_op add} VISIBLE true} {BINDTYPE op ID {} IMPL dsp_slice LATENCY 3 OPTYPE mul PRAGMA {} RTLNAME mac_muladd_16s_16s_32s_32_4_1_U641 SOURCE src/integrated-gcn/integrated_gcn.cpp:137 VARIABLE mul_ln137_112 LOOP COMP_I BUNDLEDNAME {} DSP 1 BRAM 0 URAM 0 STORAGESUBTYPE {} DISPNAME {bind_op mul} VISIBLE true} {BINDTYPE op ID {} IMPL dsp_slice LATENCY 3 OPTYPE add PRAGMA {} RTLNAME mac_muladd_16s_16s_32s_32_4_1_U641 SOURCE src/integrated-gcn/integrated_gcn.cpp:137 VARIABLE add_ln137_112 LOOP COMP_I BUNDLEDNAME {} DSP 1 BRAM 0 URAM 0 STORAGESUBTYPE {} DISPNAME {bind_op add} VISIBLE true} {BINDTYPE op ID {} IMPL dsp_slice LATENCY 3 OPTYPE mul PRAGMA {} RTLNAME mac_muladd_16s_16s_32s_32_4_1_U642 SOURCE src/integrated-gcn/integrated_gcn.cpp:137 VARIABLE mul_ln137_113 LOOP COMP_I BUNDLEDNAME {} DSP 1 BRAM 0 URAM 0 STORAGESUBTYPE {} DISPNAME {bind_op mul} VISIBLE true} {BINDTYPE op ID {} IMPL dsp_slice LATENCY 3 OPTYPE add PRAGMA {} RTLNAME mac_muladd_16s_16s_32s_32_4_1_U642 SOURCE src/integrated-gcn/integrated_gcn.cpp:137 VARIABLE add_ln137_113 LOOP COMP_I BUNDLEDNAME {} DSP 1 BRAM 0 URAM 0 STORAGESUBTYPE {} DISPNAME {bind_op add} VISIBLE true} {BINDTYPE op ID {} IMPL dsp_slice LATENCY 3 OPTYPE mul PRAGMA {} RTLNAME mac_muladd_16s_16s_32s_32_4_1_U643 SOURCE src/integrated-gcn/integrated_gcn.cpp:137 VARIABLE mul_ln137_114 LOOP COMP_I BUNDLEDNAME {} DSP 1 BRAM 0 URAM 0 STORAGESUBTYPE {} DISPNAME {bind_op mul} VISIBLE true} {BINDTYPE op ID {} IMPL dsp_slice LATENCY 3 OPTYPE add PRAGMA {} RTLNAME mac_muladd_16s_16s_32s_32_4_1_U643 SOURCE src/integrated-gcn/integrated_gcn.cpp:137 VARIABLE add_ln137_114 LOOP COMP_I BUNDLEDNAME {} DSP 1 BRAM 0 URAM 0 STORAGESUBTYPE {} DISPNAME {bind_op add} VISIBLE true} {BINDTYPE op ID {} IMPL dsp_slice LATENCY 3 OPTYPE mul PRAGMA {} RTLNAME mac_muladd_16s_16s_32s_32_4_1_U644 SOURCE src/integrated-gcn/integrated_gcn.cpp:137 VARIABLE mul_ln137_115 LOOP COMP_I BUNDLEDNAME {} DSP 1 BRAM 0 URAM 0 STORAGESUBTYPE {} DISPNAME {bind_op mul} VISIBLE true} {BINDTYPE op ID {} IMPL dsp_slice LATENCY 3 OPTYPE add PRAGMA {} RTLNAME mac_muladd_16s_16s_32s_32_4_1_U644 SOURCE src/integrated-gcn/integrated_gcn.cpp:137 VARIABLE add_ln137_115 LOOP COMP_I BUNDLEDNAME {} DSP 1 BRAM 0 URAM 0 STORAGESUBTYPE {} DISPNAME {bind_op add} VISIBLE true} {BINDTYPE op ID {} IMPL dsp_slice LATENCY 3 OPTYPE mul PRAGMA {} RTLNAME mac_muladd_16s_16s_32s_32_4_1_U645 SOURCE src/integrated-gcn/integrated_gcn.cpp:137 VARIABLE mul_ln137_116 LOOP COMP_I BUNDLEDNAME {} DSP 1 BRAM 0 URAM 0 STORAGESUBTYPE {} DISPNAME {bind_op mul} VISIBLE true} {BINDTYPE op ID {} IMPL dsp_slice LATENCY 3 OPTYPE add PRAGMA {} RTLNAME mac_muladd_16s_16s_32s_32_4_1_U645 SOURCE src/integrated-gcn/integrated_gcn.cpp:137 VARIABLE add_ln137_116 LOOP COMP_I BUNDLEDNAME {} DSP 1 BRAM 0 URAM 0 STORAGESUBTYPE {} DISPNAME {bind_op add} VISIBLE true} {BINDTYPE op ID {} IMPL dsp_slice LATENCY 3 OPTYPE mul PRAGMA {} RTLNAME mac_muladd_16s_16s_32s_32_4_1_U646 SOURCE src/integrated-gcn/integrated_gcn.cpp:137 VARIABLE mul_ln137_117 LOOP COMP_I BUNDLEDNAME {} DSP 1 BRAM 0 URAM 0 STORAGESUBTYPE {} DISPNAME {bind_op mul} VISIBLE true} {BINDTYPE op ID {} IMPL dsp_slice LATENCY 3 OPTYPE add PRAGMA {} RTLNAME mac_muladd_16s_16s_32s_32_4_1_U646 SOURCE src/integrated-gcn/integrated_gcn.cpp:137 VARIABLE add_ln137_117 LOOP COMP_I BUNDLEDNAME {} DSP 1 BRAM 0 URAM 0 STORAGESUBTYPE {} DISPNAME {bind_op add} VISIBLE true} {BINDTYPE op ID {} IMPL dsp_slice LATENCY 3 OPTYPE mul PRAGMA {} RTLNAME mac_muladd_16s_16s_32s_32_4_1_U647 SOURCE src/integrated-gcn/integrated_gcn.cpp:137 VARIABLE mul_ln137_118 LOOP COMP_I BUNDLEDNAME {} DSP 1 BRAM 0 URAM 0 STORAGESUBTYPE {} DISPNAME {bind_op mul} VISIBLE true} {BINDTYPE op ID {} IMPL dsp_slice LATENCY 3 OPTYPE add PRAGMA {} RTLNAME mac_muladd_16s_16s_32s_32_4_1_U647 SOURCE src/integrated-gcn/integrated_gcn.cpp:137 VARIABLE add_ln137_118 LOOP COMP_I BUNDLEDNAME {} DSP 1 BRAM 0 URAM 0 STORAGESUBTYPE {} DISPNAME {bind_op add} VISIBLE true} {BINDTYPE op ID {} IMPL dsp_slice LATENCY 3 OPTYPE mul PRAGMA {} RTLNAME mac_muladd_16s_16s_32s_32_4_1_U648 SOURCE src/integrated-gcn/integrated_gcn.cpp:137 VARIABLE mul_ln137_119 LOOP COMP_I BUNDLEDNAME {} DSP 1 BRAM 0 URAM 0 STORAGESUBTYPE {} DISPNAME {bind_op mul} VISIBLE true} {BINDTYPE op ID {} IMPL dsp_slice LATENCY 3 OPTYPE add PRAGMA {} RTLNAME mac_muladd_16s_16s_32s_32_4_1_U648 SOURCE src/integrated-gcn/integrated_gcn.cpp:137 VARIABLE add_ln137_119 LOOP COMP_I BUNDLEDNAME {} DSP 1 BRAM 0 URAM 0 STORAGESUBTYPE {} DISPNAME {bind_op add} VISIBLE true} {BINDTYPE op ID {} IMPL dsp_slice LATENCY 3 OPTYPE mul PRAGMA {} RTLNAME mac_muladd_16s_16s_32s_32_4_1_U649 SOURCE src/integrated-gcn/integrated_gcn.cpp:137 VARIABLE mul_ln137_120 LOOP COMP_I BUNDLEDNAME {} DSP 1 BRAM 0 URAM 0 STORAGESUBTYPE {} DISPNAME {bind_op mul} VISIBLE true} {BINDTYPE op ID {} IMPL dsp_slice LATENCY 3 OPTYPE add PRAGMA {} RTLNAME mac_muladd_16s_16s_32s_32_4_1_U649 SOURCE src/integrated-gcn/integrated_gcn.cpp:137 VARIABLE add_ln137_120 LOOP COMP_I BUNDLEDNAME {} DSP 1 BRAM 0 URAM 0 STORAGESUBTYPE {} DISPNAME {bind_op add} VISIBLE true} {BINDTYPE op ID {} IMPL dsp_slice LATENCY 3 OPTYPE mul PRAGMA {} RTLNAME mac_muladd_16s_16s_32s_32_4_1_U650 SOURCE src/integrated-gcn/integrated_gcn.cpp:137 VARIABLE mul_ln137_121 LOOP COMP_I BUNDLEDNAME {} DSP 1 BRAM 0 URAM 0 STORAGESUBTYPE {} DISPNAME {bind_op mul} VISIBLE true} {BINDTYPE op ID {} IMPL dsp_slice LATENCY 3 OPTYPE add PRAGMA {} RTLNAME mac_muladd_16s_16s_32s_32_4_1_U650 SOURCE src/integrated-gcn/integrated_gcn.cpp:137 VARIABLE add_ln137_121 LOOP COMP_I BUNDLEDNAME {} DSP 1 BRAM 0 URAM 0 STORAGESUBTYPE {} DISPNAME {bind_op add} VISIBLE true} {BINDTYPE op ID {} IMPL dsp_slice LATENCY 3 OPTYPE mul PRAGMA {} RTLNAME mac_muladd_16s_16s_32s_32_4_1_U651 SOURCE src/integrated-gcn/integrated_gcn.cpp:137 VARIABLE mul_ln137_122 LOOP COMP_I BUNDLEDNAME {} DSP 1 BRAM 0 URAM 0 STORAGESUBTYPE {} DISPNAME {bind_op mul} VISIBLE true} {BINDTYPE op ID {} IMPL dsp_slice LATENCY 3 OPTYPE add PRAGMA {} RTLNAME mac_muladd_16s_16s_32s_32_4_1_U651 SOURCE src/integrated-gcn/integrated_gcn.cpp:137 VARIABLE add_ln137_122 LOOP COMP_I BUNDLEDNAME {} DSP 1 BRAM 0 URAM 0 STORAGESUBTYPE {} DISPNAME {bind_op add} VISIBLE true} {BINDTYPE op ID {} IMPL dsp_slice LATENCY 3 OPTYPE mul PRAGMA {} RTLNAME mac_muladd_16s_16s_32s_32_4_1_U652 SOURCE src/integrated-gcn/integrated_gcn.cpp:137 VARIABLE mul_ln137_123 LOOP COMP_I BUNDLEDNAME {} DSP 1 BRAM 0 URAM 0 STORAGESUBTYPE {} DISPNAME {bind_op mul} VISIBLE true} {BINDTYPE op ID {} IMPL dsp_slice LATENCY 3 OPTYPE add PRAGMA {} RTLNAME mac_muladd_16s_16s_32s_32_4_1_U652 SOURCE src/integrated-gcn/integrated_gcn.cpp:137 VARIABLE add_ln137_123 LOOP COMP_I BUNDLEDNAME {} DSP 1 BRAM 0 URAM 0 STORAGESUBTYPE {} DISPNAME {bind_op add} VISIBLE true} {BINDTYPE op ID {} IMPL dsp_slice LATENCY 3 OPTYPE mul PRAGMA {} RTLNAME mac_muladd_16s_16s_32s_32_4_1_U653 SOURCE src/integrated-gcn/integrated_gcn.cpp:137 VARIABLE mul_ln137_124 LOOP COMP_I BUNDLEDNAME {} DSP 1 BRAM 0 URAM 0 STORAGESUBTYPE {} DISPNAME {bind_op mul} VISIBLE true} {BINDTYPE op ID {} IMPL dsp_slice LATENCY 3 OPTYPE add PRAGMA {} RTLNAME mac_muladd_16s_16s_32s_32_4_1_U653 SOURCE src/integrated-gcn/integrated_gcn.cpp:137 VARIABLE add_ln137_124 LOOP COMP_I BUNDLEDNAME {} DSP 1 BRAM 0 URAM 0 STORAGESUBTYPE {} DISPNAME {bind_op add} VISIBLE true} {BINDTYPE op ID {} IMPL dsp_slice LATENCY 3 OPTYPE mul PRAGMA {} RTLNAME mac_muladd_16s_16s_32s_32_4_1_U654 SOURCE src/integrated-gcn/integrated_gcn.cpp:137 VARIABLE mul_ln137_125 LOOP COMP_I BUNDLEDNAME {} DSP 1 BRAM 0 URAM 0 STORAGESUBTYPE {} DISPNAME {bind_op mul} VISIBLE true} {BINDTYPE op ID {} IMPL dsp_slice LATENCY 3 OPTYPE add PRAGMA {} RTLNAME mac_muladd_16s_16s_32s_32_4_1_U654 SOURCE src/integrated-gcn/integrated_gcn.cpp:137 VARIABLE add_ln137_125 LOOP COMP_I BUNDLEDNAME {} DSP 1 BRAM 0 URAM 0 STORAGESUBTYPE {} DISPNAME {bind_op add} VISIBLE true} {BINDTYPE op ID {} IMPL dsp_slice LATENCY 3 OPTYPE mul PRAGMA {} RTLNAME mac_muladd_16s_16s_32s_32_4_1_U655 SOURCE src/integrated-gcn/integrated_gcn.cpp:137 VARIABLE mul_ln137_126 LOOP COMP_I BUNDLEDNAME {} DSP 1 BRAM 0 URAM 0 STORAGESUBTYPE {} DISPNAME {bind_op mul} VISIBLE true} {BINDTYPE op ID {} IMPL dsp_slice LATENCY 3 OPTYPE add PRAGMA {} RTLNAME mac_muladd_16s_16s_32s_32_4_1_U655 SOURCE src/integrated-gcn/integrated_gcn.cpp:137 VARIABLE add_ln137_126 LOOP COMP_I BUNDLEDNAME {} DSP 1 BRAM 0 URAM 0 STORAGESUBTYPE {} DISPNAME {bind_op add} VISIBLE true} {BINDTYPE op ID {} IMPL dsp_slice LATENCY 3 OPTYPE mul PRAGMA {} RTLNAME mac_muladd_16s_16s_32s_32_4_1_U656 SOURCE src/integrated-gcn/integrated_gcn.cpp:137 VARIABLE mul_ln137_127 LOOP COMP_I BUNDLEDNAME {} DSP 1 BRAM 0 URAM 0 STORAGESUBTYPE {} DISPNAME {bind_op mul} VISIBLE true} {BINDTYPE op ID {} IMPL dsp_slice LATENCY 3 OPTYPE add PRAGMA {} RTLNAME mac_muladd_16s_16s_32s_32_4_1_U656 SOURCE src/integrated-gcn/integrated_gcn.cpp:137 VARIABLE add_ln137_127 LOOP COMP_I BUNDLEDNAME {} DSP 1 BRAM 0 URAM 0 STORAGESUBTYPE {} DISPNAME {bind_op add} VISIBLE true} {BINDTYPE op ID {} IMPL compactencoding_dontcare LATENCY 0 OPTYPE sparsemux PRAGMA {} RTLNAME sparsemux_33_6_16_1_1_U527 SOURCE src/integrated-gcn/integrated_gcn.cpp:132 VARIABLE X_val_2 LOOP COMP_I BUNDLEDNAME {} DSP 0 BRAM 0 URAM 0 STORAGESUBTYPE {} DISPNAME {bind_op sparsemux} VISIBLE false} {BINDTYPE op ID {} IMPL dsp_slice LATENCY 3 OPTYPE mul PRAGMA {} RTLNAME mac_muladd_16s_16s_32s_32_4_1_U657 SOURCE src/integrated-gcn/integrated_gcn.cpp:137 VARIABLE mul_ln137_128 LOOP COMP_I BUNDLEDNAME {} DSP 1 BRAM 0 URAM 0 STORAGESUBTYPE {} DISPNAME {bind_op mul} VISIBLE true} {BINDTYPE op ID {} IMPL dsp_slice LATENCY 3 OPTYPE add PRAGMA {} RTLNAME mac_muladd_16s_16s_32s_32_4_1_U657 SOURCE src/integrated-gcn/integrated_gcn.cpp:137 VARIABLE add_ln137_128 LOOP COMP_I BUNDLEDNAME {} DSP 1 BRAM 0 URAM 0 STORAGESUBTYPE {} DISPNAME {bind_op add} VISIBLE true} {BINDTYPE op ID {} IMPL dsp_slice LATENCY 3 OPTYPE mul PRAGMA {} RTLNAME mac_muladd_16s_16s_32s_32_4_1_U658 SOURCE src/integrated-gcn/integrated_gcn.cpp:137 VARIABLE mul_ln137_129 LOOP COMP_I BUNDLEDNAME {} DSP 1 BRAM 0 URAM 0 STORAGESUBTYPE {} DISPNAME {bind_op mul} VISIBLE true} {BINDTYPE op ID {} IMPL dsp_slice LATENCY 3 OPTYPE add PRAGMA {} RTLNAME mac_muladd_16s_16s_32s_32_4_1_U658 SOURCE src/integrated-gcn/integrated_gcn.cpp:137 VARIABLE add_ln137_129 LOOP COMP_I BUNDLEDNAME {} DSP 1 BRAM 0 URAM 0 STORAGESUBTYPE {} DISPNAME {bind_op add} VISIBLE true} {BINDTYPE op ID {} IMPL dsp_slice LATENCY 3 OPTYPE mul PRAGMA {} RTLNAME mac_muladd_16s_16s_32s_32_4_1_U659 SOURCE src/integrated-gcn/integrated_gcn.cpp:137 VARIABLE mul_ln137_130 LOOP COMP_I BUNDLEDNAME {} DSP 1 BRAM 0 URAM 0 STORAGESUBTYPE {} DISPNAME {bind_op mul} VISIBLE true} {BINDTYPE op ID {} IMPL dsp_slice LATENCY 3 OPTYPE add PRAGMA {} RTLNAME mac_muladd_16s_16s_32s_32_4_1_U659 SOURCE src/integrated-gcn/integrated_gcn.cpp:137 VARIABLE add_ln137_130 LOOP COMP_I BUNDLEDNAME {} DSP 1 BRAM 0 URAM 0 STORAGESUBTYPE {} DISPNAME {bind_op add} VISIBLE true} {BINDTYPE op ID {} IMPL dsp_slice LATENCY 3 OPTYPE mul PRAGMA {} RTLNAME mac_muladd_16s_16s_32s_32_4_1_U660 SOURCE src/integrated-gcn/integrated_gcn.cpp:137 VARIABLE mul_ln137_131 LOOP COMP_I BUNDLEDNAME {} DSP 1 BRAM 0 URAM 0 STORAGESUBTYPE {} DISPNAME {bind_op mul} VISIBLE true} {BINDTYPE op ID {} IMPL dsp_slice LATENCY 3 OPTYPE add PRAGMA {} RTLNAME mac_muladd_16s_16s_32s_32_4_1_U660 SOURCE src/integrated-gcn/integrated_gcn.cpp:137 VARIABLE add_ln137_131 LOOP COMP_I BUNDLEDNAME {} DSP 1 BRAM 0 URAM 0 STORAGESUBTYPE {} DISPNAME {bind_op add} VISIBLE true} {BINDTYPE op ID {} IMPL dsp_slice LATENCY 3 OPTYPE mul PRAGMA {} RTLNAME mac_muladd_16s_16s_32s_32_4_1_U661 SOURCE src/integrated-gcn/integrated_gcn.cpp:137 VARIABLE mul_ln137_132 LOOP COMP_I BUNDLEDNAME {} DSP 1 BRAM 0 URAM 0 STORAGESUBTYPE {} DISPNAME {bind_op mul} VISIBLE true} {BINDTYPE op ID {} IMPL dsp_slice LATENCY 3 OPTYPE add PRAGMA {} RTLNAME mac_muladd_16s_16s_32s_32_4_1_U661 SOURCE src/integrated-gcn/integrated_gcn.cpp:137 VARIABLE add_ln137_132 LOOP COMP_I BUNDLEDNAME {} DSP 1 BRAM 0 URAM 0 STORAGESUBTYPE {} DISPNAME {bind_op add} VISIBLE true} {BINDTYPE op ID {} IMPL dsp_slice LATENCY 3 OPTYPE mul PRAGMA {} RTLNAME mac_muladd_16s_16s_32s_32_4_1_U662 SOURCE src/integrated-gcn/integrated_gcn.cpp:137 VARIABLE mul_ln137_133 LOOP COMP_I BUNDLEDNAME {} DSP 1 BRAM 0 URAM 0 STORAGESUBTYPE {} DISPNAME {bind_op mul} VISIBLE true} {BINDTYPE op ID {} IMPL dsp_slice LATENCY 3 OPTYPE add PRAGMA {} RTLNAME mac_muladd_16s_16s_32s_32_4_1_U662 SOURCE src/integrated-gcn/integrated_gcn.cpp:137 VARIABLE add_ln137_133 LOOP COMP_I BUNDLEDNAME {} DSP 1 BRAM 0 URAM 0 STORAGESUBTYPE {} DISPNAME {bind_op add} VISIBLE true} {BINDTYPE op ID {} IMPL dsp_slice LATENCY 3 OPTYPE mul PRAGMA {} RTLNAME mac_muladd_16s_16s_32s_32_4_1_U663 SOURCE src/integrated-gcn/integrated_gcn.cpp:137 VARIABLE mul_ln137_134 LOOP COMP_I BUNDLEDNAME {} DSP 1 BRAM 0 URAM 0 STORAGESUBTYPE {} DISPNAME {bind_op mul} VISIBLE true} {BINDTYPE op ID {} IMPL dsp_slice LATENCY 3 OPTYPE add PRAGMA {} RTLNAME mac_muladd_16s_16s_32s_32_4_1_U663 SOURCE src/integrated-gcn/integrated_gcn.cpp:137 VARIABLE add_ln137_134 LOOP COMP_I BUNDLEDNAME {} DSP 1 BRAM 0 URAM 0 STORAGESUBTYPE {} DISPNAME {bind_op add} VISIBLE true} {BINDTYPE op ID {} IMPL dsp_slice LATENCY 3 OPTYPE mul PRAGMA {} RTLNAME mac_muladd_16s_16s_32s_32_4_1_U664 SOURCE src/integrated-gcn/integrated_gcn.cpp:137 VARIABLE mul_ln137_135 LOOP COMP_I BUNDLEDNAME {} DSP 1 BRAM 0 URAM 0 STORAGESUBTYPE {} DISPNAME {bind_op mul} VISIBLE true} {BINDTYPE op ID {} IMPL dsp_slice LATENCY 3 OPTYPE add PRAGMA {} RTLNAME mac_muladd_16s_16s_32s_32_4_1_U664 SOURCE src/integrated-gcn/integrated_gcn.cpp:137 VARIABLE add_ln137_135 LOOP COMP_I BUNDLEDNAME {} DSP 1 BRAM 0 URAM 0 STORAGESUBTYPE {} DISPNAME {bind_op add} VISIBLE true} {BINDTYPE op ID {} IMPL dsp_slice LATENCY 3 OPTYPE mul PRAGMA {} RTLNAME mac_muladd_16s_16s_32s_32_4_1_U665 SOURCE src/integrated-gcn/integrated_gcn.cpp:137 VARIABLE mul_ln137_136 LOOP COMP_I BUNDLEDNAME {} DSP 1 BRAM 0 URAM 0 STORAGESUBTYPE {} DISPNAME {bind_op mul} VISIBLE true} {BINDTYPE op ID {} IMPL dsp_slice LATENCY 3 OPTYPE add PRAGMA {} RTLNAME mac_muladd_16s_16s_32s_32_4_1_U665 SOURCE src/integrated-gcn/integrated_gcn.cpp:137 VARIABLE add_ln137_136 LOOP COMP_I BUNDLEDNAME {} DSP 1 BRAM 0 URAM 0 STORAGESUBTYPE {} DISPNAME {bind_op add} VISIBLE true} {BINDTYPE op ID {} IMPL dsp_slice LATENCY 3 OPTYPE mul PRAGMA {} RTLNAME mac_muladd_16s_16s_32s_32_4_1_U666 SOURCE src/integrated-gcn/integrated_gcn.cpp:137 VARIABLE mul_ln137_137 LOOP COMP_I BUNDLEDNAME {} DSP 1 BRAM 0 URAM 0 STORAGESUBTYPE {} DISPNAME {bind_op mul} VISIBLE true} {BINDTYPE op ID {} IMPL dsp_slice LATENCY 3 OPTYPE add PRAGMA {} RTLNAME mac_muladd_16s_16s_32s_32_4_1_U666 SOURCE src/integrated-gcn/integrated_gcn.cpp:137 VARIABLE add_ln137_137 LOOP COMP_I BUNDLEDNAME {} DSP 1 BRAM 0 URAM 0 STORAGESUBTYPE {} DISPNAME {bind_op add} VISIBLE true} {BINDTYPE op ID {} IMPL dsp_slice LATENCY 3 OPTYPE mul PRAGMA {} RTLNAME mac_muladd_16s_16s_32s_32_4_1_U667 SOURCE src/integrated-gcn/integrated_gcn.cpp:137 VARIABLE mul_ln137_138 LOOP COMP_I BUNDLEDNAME {} DSP 1 BRAM 0 URAM 0 STORAGESUBTYPE {} DISPNAME {bind_op mul} VISIBLE true} {BINDTYPE op ID {} IMPL dsp_slice LATENCY 3 OPTYPE add PRAGMA {} RTLNAME mac_muladd_16s_16s_32s_32_4_1_U667 SOURCE src/integrated-gcn/integrated_gcn.cpp:137 VARIABLE add_ln137_138 LOOP COMP_I BUNDLEDNAME {} DSP 1 BRAM 0 URAM 0 STORAGESUBTYPE {} DISPNAME {bind_op add} VISIBLE true} {BINDTYPE op ID {} IMPL dsp_slice LATENCY 3 OPTYPE mul PRAGMA {} RTLNAME mac_muladd_16s_16s_32s_32_4_1_U668 SOURCE src/integrated-gcn/integrated_gcn.cpp:137 VARIABLE mul_ln137_139 LOOP COMP_I BUNDLEDNAME {} DSP 1 BRAM 0 URAM 0 STORAGESUBTYPE {} DISPNAME {bind_op mul} VISIBLE true} {BINDTYPE op ID {} IMPL dsp_slice LATENCY 3 OPTYPE add PRAGMA {} RTLNAME mac_muladd_16s_16s_32s_32_4_1_U668 SOURCE src/integrated-gcn/integrated_gcn.cpp:137 VARIABLE add_ln137_139 LOOP COMP_I BUNDLEDNAME {} DSP 1 BRAM 0 URAM 0 STORAGESUBTYPE {} DISPNAME {bind_op add} VISIBLE true} {BINDTYPE op ID {} IMPL dsp_slice LATENCY 3 OPTYPE mul PRAGMA {} RTLNAME mac_muladd_16s_16s_32s_32_4_1_U669 SOURCE src/integrated-gcn/integrated_gcn.cpp:137 VARIABLE mul_ln137_140 LOOP COMP_I BUNDLEDNAME {} DSP 1 BRAM 0 URAM 0 STORAGESUBTYPE {} DISPNAME {bind_op mul} VISIBLE true} {BINDTYPE op ID {} IMPL dsp_slice LATENCY 3 OPTYPE add PRAGMA {} RTLNAME mac_muladd_16s_16s_32s_32_4_1_U669 SOURCE src/integrated-gcn/integrated_gcn.cpp:137 VARIABLE add_ln137_140 LOOP COMP_I BUNDLEDNAME {} DSP 1 BRAM 0 URAM 0 STORAGESUBTYPE {} DISPNAME {bind_op add} VISIBLE true} {BINDTYPE op ID {} IMPL dsp_slice LATENCY 3 OPTYPE mul PRAGMA {} RTLNAME mac_muladd_16s_16s_32s_32_4_1_U670 SOURCE src/integrated-gcn/integrated_gcn.cpp:137 VARIABLE mul_ln137_141 LOOP COMP_I BUNDLEDNAME {} DSP 1 BRAM 0 URAM 0 STORAGESUBTYPE {} DISPNAME {bind_op mul} VISIBLE true} {BINDTYPE op ID {} IMPL dsp_slice LATENCY 3 OPTYPE add PRAGMA {} RTLNAME mac_muladd_16s_16s_32s_32_4_1_U670 SOURCE src/integrated-gcn/integrated_gcn.cpp:137 VARIABLE add_ln137_141 LOOP COMP_I BUNDLEDNAME {} DSP 1 BRAM 0 URAM 0 STORAGESUBTYPE {} DISPNAME {bind_op add} VISIBLE true} {BINDTYPE op ID {} IMPL dsp_slice LATENCY 3 OPTYPE mul PRAGMA {} RTLNAME mac_muladd_16s_16s_32s_32_4_1_U671 SOURCE src/integrated-gcn/integrated_gcn.cpp:137 VARIABLE mul_ln137_142 LOOP COMP_I BUNDLEDNAME {} DSP 1 BRAM 0 URAM 0 STORAGESUBTYPE {} DISPNAME {bind_op mul} VISIBLE true} {BINDTYPE op ID {} IMPL dsp_slice LATENCY 3 OPTYPE add PRAGMA {} RTLNAME mac_muladd_16s_16s_32s_32_4_1_U671 SOURCE src/integrated-gcn/integrated_gcn.cpp:137 VARIABLE add_ln137_142 LOOP COMP_I BUNDLEDNAME {} DSP 1 BRAM 0 URAM 0 STORAGESUBTYPE {} DISPNAME {bind_op add} VISIBLE true} {BINDTYPE op ID {} IMPL dsp_slice LATENCY 3 OPTYPE mul PRAGMA {} RTLNAME mac_muladd_16s_16s_32s_32_4_1_U672 SOURCE src/integrated-gcn/integrated_gcn.cpp:137 VARIABLE mul_ln137_143 LOOP COMP_I BUNDLEDNAME {} DSP 1 BRAM 0 URAM 0 STORAGESUBTYPE {} DISPNAME {bind_op mul} VISIBLE true} {BINDTYPE op ID {} IMPL dsp_slice LATENCY 3 OPTYPE add PRAGMA {} RTLNAME mac_muladd_16s_16s_32s_32_4_1_U672 SOURCE src/integrated-gcn/integrated_gcn.cpp:137 VARIABLE add_ln137_143 LOOP COMP_I BUNDLEDNAME {} DSP 1 BRAM 0 URAM 0 STORAGESUBTYPE {} DISPNAME {bind_op add} VISIBLE true} {BINDTYPE op ID {} IMPL dsp_slice LATENCY 3 OPTYPE mul PRAGMA {} RTLNAME mac_muladd_16s_16s_32s_32_4_1_U673 SOURCE src/integrated-gcn/integrated_gcn.cpp:137 VARIABLE mul_ln137_144 LOOP COMP_I BUNDLEDNAME {} DSP 1 BRAM 0 URAM 0 STORAGESUBTYPE {} DISPNAME {bind_op mul} VISIBLE true} {BINDTYPE op ID {} IMPL dsp_slice LATENCY 3 OPTYPE add PRAGMA {} RTLNAME mac_muladd_16s_16s_32s_32_4_1_U673 SOURCE src/integrated-gcn/integrated_gcn.cpp:137 VARIABLE add_ln137_144 LOOP COMP_I BUNDLEDNAME {} DSP 1 BRAM 0 URAM 0 STORAGESUBTYPE {} DISPNAME {bind_op add} VISIBLE true} {BINDTYPE op ID {} IMPL dsp_slice LATENCY 3 OPTYPE mul PRAGMA {} RTLNAME mac_muladd_16s_16s_32s_32_4_1_U674 SOURCE src/integrated-gcn/integrated_gcn.cpp:137 VARIABLE mul_ln137_145 LOOP COMP_I BUNDLEDNAME {} DSP 1 BRAM 0 URAM 0 STORAGESUBTYPE {} DISPNAME {bind_op mul} VISIBLE true} {BINDTYPE op ID {} IMPL dsp_slice LATENCY 3 OPTYPE add PRAGMA {} RTLNAME mac_muladd_16s_16s_32s_32_4_1_U674 SOURCE src/integrated-gcn/integrated_gcn.cpp:137 VARIABLE add_ln137_145 LOOP COMP_I BUNDLEDNAME {} DSP 1 BRAM 0 URAM 0 STORAGESUBTYPE {} DISPNAME {bind_op add} VISIBLE true} {BINDTYPE op ID {} IMPL dsp_slice LATENCY 3 OPTYPE mul PRAGMA {} RTLNAME mac_muladd_16s_16s_32s_32_4_1_U675 SOURCE src/integrated-gcn/integrated_gcn.cpp:137 VARIABLE mul_ln137_146 LOOP COMP_I BUNDLEDNAME {} DSP 1 BRAM 0 URAM 0 STORAGESUBTYPE {} DISPNAME {bind_op mul} VISIBLE true} {BINDTYPE op ID {} IMPL dsp_slice LATENCY 3 OPTYPE add PRAGMA {} RTLNAME mac_muladd_16s_16s_32s_32_4_1_U675 SOURCE src/integrated-gcn/integrated_gcn.cpp:137 VARIABLE add_ln137_146 LOOP COMP_I BUNDLEDNAME {} DSP 1 BRAM 0 URAM 0 STORAGESUBTYPE {} DISPNAME {bind_op add} VISIBLE true} {BINDTYPE op ID {} IMPL dsp_slice LATENCY 3 OPTYPE mul PRAGMA {} RTLNAME mac_muladd_16s_16s_32s_32_4_1_U676 SOURCE src/integrated-gcn/integrated_gcn.cpp:137 VARIABLE mul_ln137_147 LOOP COMP_I BUNDLEDNAME {} DSP 1 BRAM 0 URAM 0 STORAGESUBTYPE {} DISPNAME {bind_op mul} VISIBLE true} {BINDTYPE op ID {} IMPL dsp_slice LATENCY 3 OPTYPE add PRAGMA {} RTLNAME mac_muladd_16s_16s_32s_32_4_1_U676 SOURCE src/integrated-gcn/integrated_gcn.cpp:137 VARIABLE add_ln137_147 LOOP COMP_I BUNDLEDNAME {} DSP 1 BRAM 0 URAM 0 STORAGESUBTYPE {} DISPNAME {bind_op add} VISIBLE true} {BINDTYPE op ID {} IMPL dsp_slice LATENCY 3 OPTYPE mul PRAGMA {} RTLNAME mac_muladd_16s_16s_32s_32_4_1_U677 SOURCE src/integrated-gcn/integrated_gcn.cpp:137 VARIABLE mul_ln137_148 LOOP COMP_I BUNDLEDNAME {} DSP 1 BRAM 0 URAM 0 STORAGESUBTYPE {} DISPNAME {bind_op mul} VISIBLE true} {BINDTYPE op ID {} IMPL dsp_slice LATENCY 3 OPTYPE add PRAGMA {} RTLNAME mac_muladd_16s_16s_32s_32_4_1_U677 SOURCE src/integrated-gcn/integrated_gcn.cpp:137 VARIABLE add_ln137_148 LOOP COMP_I BUNDLEDNAME {} DSP 1 BRAM 0 URAM 0 STORAGESUBTYPE {} DISPNAME {bind_op add} VISIBLE true} {BINDTYPE op ID {} IMPL dsp_slice LATENCY 3 OPTYPE mul PRAGMA {} RTLNAME mac_muladd_16s_16s_32s_32_4_1_U678 SOURCE src/integrated-gcn/integrated_gcn.cpp:137 VARIABLE mul_ln137_149 LOOP COMP_I BUNDLEDNAME {} DSP 1 BRAM 0 URAM 0 STORAGESUBTYPE {} DISPNAME {bind_op mul} VISIBLE true} {BINDTYPE op ID {} IMPL dsp_slice LATENCY 3 OPTYPE add PRAGMA {} RTLNAME mac_muladd_16s_16s_32s_32_4_1_U678 SOURCE src/integrated-gcn/integrated_gcn.cpp:137 VARIABLE add_ln137_149 LOOP COMP_I BUNDLEDNAME {} DSP 1 BRAM 0 URAM 0 STORAGESUBTYPE {} DISPNAME {bind_op add} VISIBLE true} {BINDTYPE op ID {} IMPL dsp_slice LATENCY 3 OPTYPE mul PRAGMA {} RTLNAME mac_muladd_16s_16s_32s_32_4_1_U679 SOURCE src/integrated-gcn/integrated_gcn.cpp:137 VARIABLE mul_ln137_150 LOOP COMP_I BUNDLEDNAME {} DSP 1 BRAM 0 URAM 0 STORAGESUBTYPE {} DISPNAME {bind_op mul} VISIBLE true} {BINDTYPE op ID {} IMPL dsp_slice LATENCY 3 OPTYPE add PRAGMA {} RTLNAME mac_muladd_16s_16s_32s_32_4_1_U679 SOURCE src/integrated-gcn/integrated_gcn.cpp:137 VARIABLE add_ln137_150 LOOP COMP_I BUNDLEDNAME {} DSP 1 BRAM 0 URAM 0 STORAGESUBTYPE {} DISPNAME {bind_op add} VISIBLE true} {BINDTYPE op ID {} IMPL dsp_slice LATENCY 3 OPTYPE mul PRAGMA {} RTLNAME mac_muladd_16s_16s_32s_32_4_1_U680 SOURCE src/integrated-gcn/integrated_gcn.cpp:137 VARIABLE mul_ln137_151 LOOP COMP_I BUNDLEDNAME {} DSP 1 BRAM 0 URAM 0 STORAGESUBTYPE {} DISPNAME {bind_op mul} VISIBLE true} {BINDTYPE op ID {} IMPL dsp_slice LATENCY 3 OPTYPE add PRAGMA {} RTLNAME mac_muladd_16s_16s_32s_32_4_1_U680 SOURCE src/integrated-gcn/integrated_gcn.cpp:137 VARIABLE add_ln137_151 LOOP COMP_I BUNDLEDNAME {} DSP 1 BRAM 0 URAM 0 STORAGESUBTYPE {} DISPNAME {bind_op add} VISIBLE true} {BINDTYPE op ID {} IMPL dsp_slice LATENCY 3 OPTYPE mul PRAGMA {} RTLNAME mac_muladd_16s_16s_32s_32_4_1_U681 SOURCE src/integrated-gcn/integrated_gcn.cpp:137 VARIABLE mul_ln137_152 LOOP COMP_I BUNDLEDNAME {} DSP 1 BRAM 0 URAM 0 STORAGESUBTYPE {} DISPNAME {bind_op mul} VISIBLE true} {BINDTYPE op ID {} IMPL dsp_slice LATENCY 3 OPTYPE add PRAGMA {} RTLNAME mac_muladd_16s_16s_32s_32_4_1_U681 SOURCE src/integrated-gcn/integrated_gcn.cpp:137 VARIABLE add_ln137_152 LOOP COMP_I BUNDLEDNAME {} DSP 1 BRAM 0 URAM 0 STORAGESUBTYPE {} DISPNAME {bind_op add} VISIBLE true} {BINDTYPE op ID {} IMPL dsp_slice LATENCY 3 OPTYPE mul PRAGMA {} RTLNAME mac_muladd_16s_16s_32s_32_4_1_U682 SOURCE src/integrated-gcn/integrated_gcn.cpp:137 VARIABLE mul_ln137_153 LOOP COMP_I BUNDLEDNAME {} DSP 1 BRAM 0 URAM 0 STORAGESUBTYPE {} DISPNAME {bind_op mul} VISIBLE true} {BINDTYPE op ID {} IMPL dsp_slice LATENCY 3 OPTYPE add PRAGMA {} RTLNAME mac_muladd_16s_16s_32s_32_4_1_U682 SOURCE src/integrated-gcn/integrated_gcn.cpp:137 VARIABLE add_ln137_153 LOOP COMP_I BUNDLEDNAME {} DSP 1 BRAM 0 URAM 0 STORAGESUBTYPE {} DISPNAME {bind_op add} VISIBLE true} {BINDTYPE op ID {} IMPL dsp_slice LATENCY 3 OPTYPE mul PRAGMA {} RTLNAME mac_muladd_16s_16s_32s_32_4_1_U683 SOURCE src/integrated-gcn/integrated_gcn.cpp:137 VARIABLE mul_ln137_154 LOOP COMP_I BUNDLEDNAME {} DSP 1 BRAM 0 URAM 0 STORAGESUBTYPE {} DISPNAME {bind_op mul} VISIBLE true} {BINDTYPE op ID {} IMPL dsp_slice LATENCY 3 OPTYPE add PRAGMA {} RTLNAME mac_muladd_16s_16s_32s_32_4_1_U683 SOURCE src/integrated-gcn/integrated_gcn.cpp:137 VARIABLE add_ln137_154 LOOP COMP_I BUNDLEDNAME {} DSP 1 BRAM 0 URAM 0 STORAGESUBTYPE {} DISPNAME {bind_op add} VISIBLE true} {BINDTYPE op ID {} IMPL dsp_slice LATENCY 3 OPTYPE mul PRAGMA {} RTLNAME mac_muladd_16s_16s_32s_32_4_1_U684 SOURCE src/integrated-gcn/integrated_gcn.cpp:137 VARIABLE mul_ln137_155 LOOP COMP_I BUNDLEDNAME {} DSP 1 BRAM 0 URAM 0 STORAGESUBTYPE {} DISPNAME {bind_op mul} VISIBLE true} {BINDTYPE op ID {} IMPL dsp_slice LATENCY 3 OPTYPE add PRAGMA {} RTLNAME mac_muladd_16s_16s_32s_32_4_1_U684 SOURCE src/integrated-gcn/integrated_gcn.cpp:137 VARIABLE add_ln137_155 LOOP COMP_I BUNDLEDNAME {} DSP 1 BRAM 0 URAM 0 STORAGESUBTYPE {} DISPNAME {bind_op add} VISIBLE true} {BINDTYPE op ID {} IMPL dsp_slice LATENCY 3 OPTYPE mul PRAGMA {} RTLNAME mac_muladd_16s_16s_32s_32_4_1_U685 SOURCE src/integrated-gcn/integrated_gcn.cpp:137 VARIABLE mul_ln137_156 LOOP COMP_I BUNDLEDNAME {} DSP 1 BRAM 0 URAM 0 STORAGESUBTYPE {} DISPNAME {bind_op mul} VISIBLE true} {BINDTYPE op ID {} IMPL dsp_slice LATENCY 3 OPTYPE add PRAGMA {} RTLNAME mac_muladd_16s_16s_32s_32_4_1_U685 SOURCE src/integrated-gcn/integrated_gcn.cpp:137 VARIABLE add_ln137_156 LOOP COMP_I BUNDLEDNAME {} DSP 1 BRAM 0 URAM 0 STORAGESUBTYPE {} DISPNAME {bind_op add} VISIBLE true} {BINDTYPE op ID {} IMPL dsp_slice LATENCY 3 OPTYPE mul PRAGMA {} RTLNAME mac_muladd_16s_16s_32s_32_4_1_U686 SOURCE src/integrated-gcn/integrated_gcn.cpp:137 VARIABLE mul_ln137_157 LOOP COMP_I BUNDLEDNAME {} DSP 1 BRAM 0 URAM 0 STORAGESUBTYPE {} DISPNAME {bind_op mul} VISIBLE true} {BINDTYPE op ID {} IMPL dsp_slice LATENCY 3 OPTYPE add PRAGMA {} RTLNAME mac_muladd_16s_16s_32s_32_4_1_U686 SOURCE src/integrated-gcn/integrated_gcn.cpp:137 VARIABLE add_ln137_157 LOOP COMP_I BUNDLEDNAME {} DSP 1 BRAM 0 URAM 0 STORAGESUBTYPE {} DISPNAME {bind_op add} VISIBLE true} {BINDTYPE op ID {} IMPL dsp_slice LATENCY 3 OPTYPE mul PRAGMA {} RTLNAME mac_muladd_16s_16s_32s_32_4_1_U687 SOURCE src/integrated-gcn/integrated_gcn.cpp:137 VARIABLE mul_ln137_158 LOOP COMP_I BUNDLEDNAME {} DSP 1 BRAM 0 URAM 0 STORAGESUBTYPE {} DISPNAME {bind_op mul} VISIBLE true} {BINDTYPE op ID {} IMPL dsp_slice LATENCY 3 OPTYPE add PRAGMA {} RTLNAME mac_muladd_16s_16s_32s_32_4_1_U687 SOURCE src/integrated-gcn/integrated_gcn.cpp:137 VARIABLE add_ln137_158 LOOP COMP_I BUNDLEDNAME {} DSP 1 BRAM 0 URAM 0 STORAGESUBTYPE {} DISPNAME {bind_op add} VISIBLE true} {BINDTYPE op ID {} IMPL dsp_slice LATENCY 3 OPTYPE mul PRAGMA {} RTLNAME mac_muladd_16s_16s_32s_32_4_1_U688 SOURCE src/integrated-gcn/integrated_gcn.cpp:137 VARIABLE mul_ln137_159 LOOP COMP_I BUNDLEDNAME {} DSP 1 BRAM 0 URAM 0 STORAGESUBTYPE {} DISPNAME {bind_op mul} VISIBLE true} {BINDTYPE op ID {} IMPL dsp_slice LATENCY 3 OPTYPE add PRAGMA {} RTLNAME mac_muladd_16s_16s_32s_32_4_1_U688 SOURCE src/integrated-gcn/integrated_gcn.cpp:137 VARIABLE add_ln137_159 LOOP COMP_I BUNDLEDNAME {} DSP 1 BRAM 0 URAM 0 STORAGESUBTYPE {} DISPNAME {bind_op add} VISIBLE true} {BINDTYPE op ID {} IMPL dsp_slice LATENCY 3 OPTYPE mul PRAGMA {} RTLNAME mac_muladd_16s_16s_32s_32_4_1_U689 SOURCE src/integrated-gcn/integrated_gcn.cpp:137 VARIABLE mul_ln137_160 LOOP COMP_I BUNDLEDNAME {} DSP 1 BRAM 0 URAM 0 STORAGESUBTYPE {} DISPNAME {bind_op mul} VISIBLE true} {BINDTYPE op ID {} IMPL dsp_slice LATENCY 3 OPTYPE add PRAGMA {} RTLNAME mac_muladd_16s_16s_32s_32_4_1_U689 SOURCE src/integrated-gcn/integrated_gcn.cpp:137 VARIABLE add_ln137_160 LOOP COMP_I BUNDLEDNAME {} DSP 1 BRAM 0 URAM 0 STORAGESUBTYPE {} DISPNAME {bind_op add} VISIBLE true} {BINDTYPE op ID {} IMPL dsp_slice LATENCY 3 OPTYPE mul PRAGMA {} RTLNAME mac_muladd_16s_16s_32s_32_4_1_U690 SOURCE src/integrated-gcn/integrated_gcn.cpp:137 VARIABLE mul_ln137_161 LOOP COMP_I BUNDLEDNAME {} DSP 1 BRAM 0 URAM 0 STORAGESUBTYPE {} DISPNAME {bind_op mul} VISIBLE true} {BINDTYPE op ID {} IMPL dsp_slice LATENCY 3 OPTYPE add PRAGMA {} RTLNAME mac_muladd_16s_16s_32s_32_4_1_U690 SOURCE src/integrated-gcn/integrated_gcn.cpp:137 VARIABLE add_ln137_161 LOOP COMP_I BUNDLEDNAME {} DSP 1 BRAM 0 URAM 0 STORAGESUBTYPE {} DISPNAME {bind_op add} VISIBLE true} {BINDTYPE op ID {} IMPL dsp_slice LATENCY 3 OPTYPE mul PRAGMA {} RTLNAME mac_muladd_16s_16s_32s_32_4_1_U691 SOURCE src/integrated-gcn/integrated_gcn.cpp:137 VARIABLE mul_ln137_162 LOOP COMP_I BUNDLEDNAME {} DSP 1 BRAM 0 URAM 0 STORAGESUBTYPE {} DISPNAME {bind_op mul} VISIBLE true} {BINDTYPE op ID {} IMPL dsp_slice LATENCY 3 OPTYPE add PRAGMA {} RTLNAME mac_muladd_16s_16s_32s_32_4_1_U691 SOURCE src/integrated-gcn/integrated_gcn.cpp:137 VARIABLE add_ln137_162 LOOP COMP_I BUNDLEDNAME {} DSP 1 BRAM 0 URAM 0 STORAGESUBTYPE {} DISPNAME {bind_op add} VISIBLE true} {BINDTYPE op ID {} IMPL dsp_slice LATENCY 3 OPTYPE mul PRAGMA {} RTLNAME mac_muladd_16s_16s_32s_32_4_1_U692 SOURCE src/integrated-gcn/integrated_gcn.cpp:137 VARIABLE mul_ln137_163 LOOP COMP_I BUNDLEDNAME {} DSP 1 BRAM 0 URAM 0 STORAGESUBTYPE {} DISPNAME {bind_op mul} VISIBLE true} {BINDTYPE op ID {} IMPL dsp_slice LATENCY 3 OPTYPE add PRAGMA {} RTLNAME mac_muladd_16s_16s_32s_32_4_1_U692 SOURCE src/integrated-gcn/integrated_gcn.cpp:137 VARIABLE add_ln137_163 LOOP COMP_I BUNDLEDNAME {} DSP 1 BRAM 0 URAM 0 STORAGESUBTYPE {} DISPNAME {bind_op add} VISIBLE true} {BINDTYPE op ID {} IMPL dsp_slice LATENCY 3 OPTYPE mul PRAGMA {} RTLNAME mac_muladd_16s_16s_32s_32_4_1_U693 SOURCE src/integrated-gcn/integrated_gcn.cpp:137 VARIABLE mul_ln137_164 LOOP COMP_I BUNDLEDNAME {} DSP 1 BRAM 0 URAM 0 STORAGESUBTYPE {} DISPNAME {bind_op mul} VISIBLE true} {BINDTYPE op ID {} IMPL dsp_slice LATENCY 3 OPTYPE add PRAGMA {} RTLNAME mac_muladd_16s_16s_32s_32_4_1_U693 SOURCE src/integrated-gcn/integrated_gcn.cpp:137 VARIABLE add_ln137_164 LOOP COMP_I BUNDLEDNAME {} DSP 1 BRAM 0 URAM 0 STORAGESUBTYPE {} DISPNAME {bind_op add} VISIBLE true} {BINDTYPE op ID {} IMPL dsp_slice LATENCY 3 OPTYPE mul PRAGMA {} RTLNAME mac_muladd_16s_16s_32s_32_4_1_U694 SOURCE src/integrated-gcn/integrated_gcn.cpp:137 VARIABLE mul_ln137_165 LOOP COMP_I BUNDLEDNAME {} DSP 1 BRAM 0 URAM 0 STORAGESUBTYPE {} DISPNAME {bind_op mul} VISIBLE true} {BINDTYPE op ID {} IMPL dsp_slice LATENCY 3 OPTYPE add PRAGMA {} RTLNAME mac_muladd_16s_16s_32s_32_4_1_U694 SOURCE src/integrated-gcn/integrated_gcn.cpp:137 VARIABLE add_ln137_165 LOOP COMP_I BUNDLEDNAME {} DSP 1 BRAM 0 URAM 0 STORAGESUBTYPE {} DISPNAME {bind_op add} VISIBLE true} {BINDTYPE op ID {} IMPL dsp_slice LATENCY 3 OPTYPE mul PRAGMA {} RTLNAME mac_muladd_16s_16s_32s_32_4_1_U695 SOURCE src/integrated-gcn/integrated_gcn.cpp:137 VARIABLE mul_ln137_166 LOOP COMP_I BUNDLEDNAME {} DSP 1 BRAM 0 URAM 0 STORAGESUBTYPE {} DISPNAME {bind_op mul} VISIBLE true} {BINDTYPE op ID {} IMPL dsp_slice LATENCY 3 OPTYPE add PRAGMA {} RTLNAME mac_muladd_16s_16s_32s_32_4_1_U695 SOURCE src/integrated-gcn/integrated_gcn.cpp:137 VARIABLE add_ln137_166 LOOP COMP_I BUNDLEDNAME {} DSP 1 BRAM 0 URAM 0 STORAGESUBTYPE {} DISPNAME {bind_op add} VISIBLE true} {BINDTYPE op ID {} IMPL dsp_slice LATENCY 3 OPTYPE mul PRAGMA {} RTLNAME mac_muladd_16s_16s_32s_32_4_1_U696 SOURCE src/integrated-gcn/integrated_gcn.cpp:137 VARIABLE mul_ln137_167 LOOP COMP_I BUNDLEDNAME {} DSP 1 BRAM 0 URAM 0 STORAGESUBTYPE {} DISPNAME {bind_op mul} VISIBLE true} {BINDTYPE op ID {} IMPL dsp_slice LATENCY 3 OPTYPE add PRAGMA {} RTLNAME mac_muladd_16s_16s_32s_32_4_1_U696 SOURCE src/integrated-gcn/integrated_gcn.cpp:137 VARIABLE add_ln137_167 LOOP COMP_I BUNDLEDNAME {} DSP 1 BRAM 0 URAM 0 STORAGESUBTYPE {} DISPNAME {bind_op add} VISIBLE true} {BINDTYPE op ID {} IMPL dsp_slice LATENCY 3 OPTYPE mul PRAGMA {} RTLNAME mac_muladd_16s_16s_32s_32_4_1_U697 SOURCE src/integrated-gcn/integrated_gcn.cpp:137 VARIABLE mul_ln137_168 LOOP COMP_I BUNDLEDNAME {} DSP 1 BRAM 0 URAM 0 STORAGESUBTYPE {} DISPNAME {bind_op mul} VISIBLE true} {BINDTYPE op ID {} IMPL dsp_slice LATENCY 3 OPTYPE add PRAGMA {} RTLNAME mac_muladd_16s_16s_32s_32_4_1_U697 SOURCE src/integrated-gcn/integrated_gcn.cpp:137 VARIABLE add_ln137_168 LOOP COMP_I BUNDLEDNAME {} DSP 1 BRAM 0 URAM 0 STORAGESUBTYPE {} DISPNAME {bind_op add} VISIBLE true} {BINDTYPE op ID {} IMPL dsp_slice LATENCY 3 OPTYPE mul PRAGMA {} RTLNAME mac_muladd_16s_16s_32s_32_4_1_U698 SOURCE src/integrated-gcn/integrated_gcn.cpp:137 VARIABLE mul_ln137_169 LOOP COMP_I BUNDLEDNAME {} DSP 1 BRAM 0 URAM 0 STORAGESUBTYPE {} DISPNAME {bind_op mul} VISIBLE true} {BINDTYPE op ID {} IMPL dsp_slice LATENCY 3 OPTYPE add PRAGMA {} RTLNAME mac_muladd_16s_16s_32s_32_4_1_U698 SOURCE src/integrated-gcn/integrated_gcn.cpp:137 VARIABLE add_ln137_169 LOOP COMP_I BUNDLEDNAME {} DSP 1 BRAM 0 URAM 0 STORAGESUBTYPE {} DISPNAME {bind_op add} VISIBLE true} {BINDTYPE op ID {} IMPL dsp_slice LATENCY 3 OPTYPE mul PRAGMA {} RTLNAME mac_muladd_16s_16s_32s_32_4_1_U699 SOURCE src/integrated-gcn/integrated_gcn.cpp:137 VARIABLE mul_ln137_170 LOOP COMP_I BUNDLEDNAME {} DSP 1 BRAM 0 URAM 0 STORAGESUBTYPE {} DISPNAME {bind_op mul} VISIBLE true} {BINDTYPE op ID {} IMPL dsp_slice LATENCY 3 OPTYPE add PRAGMA {} RTLNAME mac_muladd_16s_16s_32s_32_4_1_U699 SOURCE src/integrated-gcn/integrated_gcn.cpp:137 VARIABLE add_ln137_170 LOOP COMP_I BUNDLEDNAME {} DSP 1 BRAM 0 URAM 0 STORAGESUBTYPE {} DISPNAME {bind_op add} VISIBLE true} {BINDTYPE op ID {} IMPL dsp_slice LATENCY 3 OPTYPE mul PRAGMA {} RTLNAME mac_muladd_16s_16s_32s_32_4_1_U700 SOURCE src/integrated-gcn/integrated_gcn.cpp:137 VARIABLE mul_ln137_171 LOOP COMP_I BUNDLEDNAME {} DSP 1 BRAM 0 URAM 0 STORAGESUBTYPE {} DISPNAME {bind_op mul} VISIBLE true} {BINDTYPE op ID {} IMPL dsp_slice LATENCY 3 OPTYPE add PRAGMA {} RTLNAME mac_muladd_16s_16s_32s_32_4_1_U700 SOURCE src/integrated-gcn/integrated_gcn.cpp:137 VARIABLE add_ln137_171 LOOP COMP_I BUNDLEDNAME {} DSP 1 BRAM 0 URAM 0 STORAGESUBTYPE {} DISPNAME {bind_op add} VISIBLE true} {BINDTYPE op ID {} IMPL dsp_slice LATENCY 3 OPTYPE mul PRAGMA {} RTLNAME mac_muladd_16s_16s_32s_32_4_1_U701 SOURCE src/integrated-gcn/integrated_gcn.cpp:137 VARIABLE mul_ln137_172 LOOP COMP_I BUNDLEDNAME {} DSP 1 BRAM 0 URAM 0 STORAGESUBTYPE {} DISPNAME {bind_op mul} VISIBLE true} {BINDTYPE op ID {} IMPL dsp_slice LATENCY 3 OPTYPE add PRAGMA {} RTLNAME mac_muladd_16s_16s_32s_32_4_1_U701 SOURCE src/integrated-gcn/integrated_gcn.cpp:137 VARIABLE add_ln137_172 LOOP COMP_I BUNDLEDNAME {} DSP 1 BRAM 0 URAM 0 STORAGESUBTYPE {} DISPNAME {bind_op add} VISIBLE true} {BINDTYPE op ID {} IMPL dsp_slice LATENCY 3 OPTYPE mul PRAGMA {} RTLNAME mac_muladd_16s_16s_32s_32_4_1_U702 SOURCE src/integrated-gcn/integrated_gcn.cpp:137 VARIABLE mul_ln137_173 LOOP COMP_I BUNDLEDNAME {} DSP 1 BRAM 0 URAM 0 STORAGESUBTYPE {} DISPNAME {bind_op mul} VISIBLE true} {BINDTYPE op ID {} IMPL dsp_slice LATENCY 3 OPTYPE add PRAGMA {} RTLNAME mac_muladd_16s_16s_32s_32_4_1_U702 SOURCE src/integrated-gcn/integrated_gcn.cpp:137 VARIABLE add_ln137_173 LOOP COMP_I BUNDLEDNAME {} DSP 1 BRAM 0 URAM 0 STORAGESUBTYPE {} DISPNAME {bind_op add} VISIBLE true} {BINDTYPE op ID {} IMPL dsp_slice LATENCY 3 OPTYPE mul PRAGMA {} RTLNAME mac_muladd_16s_16s_32s_32_4_1_U703 SOURCE src/integrated-gcn/integrated_gcn.cpp:137 VARIABLE mul_ln137_174 LOOP COMP_I BUNDLEDNAME {} DSP 1 BRAM 0 URAM 0 STORAGESUBTYPE {} DISPNAME {bind_op mul} VISIBLE true} {BINDTYPE op ID {} IMPL dsp_slice LATENCY 3 OPTYPE add PRAGMA {} RTLNAME mac_muladd_16s_16s_32s_32_4_1_U703 SOURCE src/integrated-gcn/integrated_gcn.cpp:137 VARIABLE add_ln137_174 LOOP COMP_I BUNDLEDNAME {} DSP 1 BRAM 0 URAM 0 STORAGESUBTYPE {} DISPNAME {bind_op add} VISIBLE true} {BINDTYPE op ID {} IMPL dsp_slice LATENCY 3 OPTYPE mul PRAGMA {} RTLNAME mac_muladd_16s_16s_32s_32_4_1_U704 SOURCE src/integrated-gcn/integrated_gcn.cpp:137 VARIABLE mul_ln137_175 LOOP COMP_I BUNDLEDNAME {} DSP 1 BRAM 0 URAM 0 STORAGESUBTYPE {} DISPNAME {bind_op mul} VISIBLE true} {BINDTYPE op ID {} IMPL dsp_slice LATENCY 3 OPTYPE add PRAGMA {} RTLNAME mac_muladd_16s_16s_32s_32_4_1_U704 SOURCE src/integrated-gcn/integrated_gcn.cpp:137 VARIABLE add_ln137_175 LOOP COMP_I BUNDLEDNAME {} DSP 1 BRAM 0 URAM 0 STORAGESUBTYPE {} DISPNAME {bind_op add} VISIBLE true} {BINDTYPE op ID {} IMPL dsp_slice LATENCY 3 OPTYPE mul PRAGMA {} RTLNAME mac_muladd_16s_16s_32s_32_4_1_U705 SOURCE src/integrated-gcn/integrated_gcn.cpp:137 VARIABLE mul_ln137_176 LOOP COMP_I BUNDLEDNAME {} DSP 1 BRAM 0 URAM 0 STORAGESUBTYPE {} DISPNAME {bind_op mul} VISIBLE true} {BINDTYPE op ID {} IMPL dsp_slice LATENCY 3 OPTYPE add PRAGMA {} RTLNAME mac_muladd_16s_16s_32s_32_4_1_U705 SOURCE src/integrated-gcn/integrated_gcn.cpp:137 VARIABLE add_ln137_176 LOOP COMP_I BUNDLEDNAME {} DSP 1 BRAM 0 URAM 0 STORAGESUBTYPE {} DISPNAME {bind_op add} VISIBLE true} {BINDTYPE op ID {} IMPL dsp_slice LATENCY 3 OPTYPE mul PRAGMA {} RTLNAME mac_muladd_16s_16s_32s_32_4_1_U706 SOURCE src/integrated-gcn/integrated_gcn.cpp:137 VARIABLE mul_ln137_177 LOOP COMP_I BUNDLEDNAME {} DSP 1 BRAM 0 URAM 0 STORAGESUBTYPE {} DISPNAME {bind_op mul} VISIBLE true} {BINDTYPE op ID {} IMPL dsp_slice LATENCY 3 OPTYPE add PRAGMA {} RTLNAME mac_muladd_16s_16s_32s_32_4_1_U706 SOURCE src/integrated-gcn/integrated_gcn.cpp:137 VARIABLE add_ln137_177 LOOP COMP_I BUNDLEDNAME {} DSP 1 BRAM 0 URAM 0 STORAGESUBTYPE {} DISPNAME {bind_op add} VISIBLE true} {BINDTYPE op ID {} IMPL dsp_slice LATENCY 3 OPTYPE mul PRAGMA {} RTLNAME mac_muladd_16s_16s_32s_32_4_1_U707 SOURCE src/integrated-gcn/integrated_gcn.cpp:137 VARIABLE mul_ln137_178 LOOP COMP_I BUNDLEDNAME {} DSP 1 BRAM 0 URAM 0 STORAGESUBTYPE {} DISPNAME {bind_op mul} VISIBLE true} {BINDTYPE op ID {} IMPL dsp_slice LATENCY 3 OPTYPE add PRAGMA {} RTLNAME mac_muladd_16s_16s_32s_32_4_1_U707 SOURCE src/integrated-gcn/integrated_gcn.cpp:137 VARIABLE add_ln137_178 LOOP COMP_I BUNDLEDNAME {} DSP 1 BRAM 0 URAM 0 STORAGESUBTYPE {} DISPNAME {bind_op add} VISIBLE true} {BINDTYPE op ID {} IMPL dsp_slice LATENCY 3 OPTYPE mul PRAGMA {} RTLNAME mac_muladd_16s_16s_32s_32_4_1_U708 SOURCE src/integrated-gcn/integrated_gcn.cpp:137 VARIABLE mul_ln137_179 LOOP COMP_I BUNDLEDNAME {} DSP 1 BRAM 0 URAM 0 STORAGESUBTYPE {} DISPNAME {bind_op mul} VISIBLE true} {BINDTYPE op ID {} IMPL dsp_slice LATENCY 3 OPTYPE add PRAGMA {} RTLNAME mac_muladd_16s_16s_32s_32_4_1_U708 SOURCE src/integrated-gcn/integrated_gcn.cpp:137 VARIABLE add_ln137_179 LOOP COMP_I BUNDLEDNAME {} DSP 1 BRAM 0 URAM 0 STORAGESUBTYPE {} DISPNAME {bind_op add} VISIBLE true} {BINDTYPE op ID {} IMPL dsp_slice LATENCY 3 OPTYPE mul PRAGMA {} RTLNAME mac_muladd_16s_16s_32s_32_4_1_U709 SOURCE src/integrated-gcn/integrated_gcn.cpp:137 VARIABLE mul_ln137_180 LOOP COMP_I BUNDLEDNAME {} DSP 1 BRAM 0 URAM 0 STORAGESUBTYPE {} DISPNAME {bind_op mul} VISIBLE true} {BINDTYPE op ID {} IMPL dsp_slice LATENCY 3 OPTYPE add PRAGMA {} RTLNAME mac_muladd_16s_16s_32s_32_4_1_U709 SOURCE src/integrated-gcn/integrated_gcn.cpp:137 VARIABLE add_ln137_180 LOOP COMP_I BUNDLEDNAME {} DSP 1 BRAM 0 URAM 0 STORAGESUBTYPE {} DISPNAME {bind_op add} VISIBLE true} {BINDTYPE op ID {} IMPL dsp_slice LATENCY 3 OPTYPE mul PRAGMA {} RTLNAME mac_muladd_16s_16s_32s_32_4_1_U710 SOURCE src/integrated-gcn/integrated_gcn.cpp:137 VARIABLE mul_ln137_181 LOOP COMP_I BUNDLEDNAME {} DSP 1 BRAM 0 URAM 0 STORAGESUBTYPE {} DISPNAME {bind_op mul} VISIBLE true} {BINDTYPE op ID {} IMPL dsp_slice LATENCY 3 OPTYPE add PRAGMA {} RTLNAME mac_muladd_16s_16s_32s_32_4_1_U710 SOURCE src/integrated-gcn/integrated_gcn.cpp:137 VARIABLE add_ln137_181 LOOP COMP_I BUNDLEDNAME {} DSP 1 BRAM 0 URAM 0 STORAGESUBTYPE {} DISPNAME {bind_op add} VISIBLE true} {BINDTYPE op ID {} IMPL dsp_slice LATENCY 3 OPTYPE mul PRAGMA {} RTLNAME mac_muladd_16s_16s_32s_32_4_1_U711 SOURCE src/integrated-gcn/integrated_gcn.cpp:137 VARIABLE mul_ln137_182 LOOP COMP_I BUNDLEDNAME {} DSP 1 BRAM 0 URAM 0 STORAGESUBTYPE {} DISPNAME {bind_op mul} VISIBLE true} {BINDTYPE op ID {} IMPL dsp_slice LATENCY 3 OPTYPE add PRAGMA {} RTLNAME mac_muladd_16s_16s_32s_32_4_1_U711 SOURCE src/integrated-gcn/integrated_gcn.cpp:137 VARIABLE add_ln137_182 LOOP COMP_I BUNDLEDNAME {} DSP 1 BRAM 0 URAM 0 STORAGESUBTYPE {} DISPNAME {bind_op add} VISIBLE true} {BINDTYPE op ID {} IMPL dsp_slice LATENCY 3 OPTYPE mul PRAGMA {} RTLNAME mac_muladd_16s_16s_32s_32_4_1_U712 SOURCE src/integrated-gcn/integrated_gcn.cpp:137 VARIABLE mul_ln137_183 LOOP COMP_I BUNDLEDNAME {} DSP 1 BRAM 0 URAM 0 STORAGESUBTYPE {} DISPNAME {bind_op mul} VISIBLE true} {BINDTYPE op ID {} IMPL dsp_slice LATENCY 3 OPTYPE add PRAGMA {} RTLNAME mac_muladd_16s_16s_32s_32_4_1_U712 SOURCE src/integrated-gcn/integrated_gcn.cpp:137 VARIABLE add_ln137_183 LOOP COMP_I BUNDLEDNAME {} DSP 1 BRAM 0 URAM 0 STORAGESUBTYPE {} DISPNAME {bind_op add} VISIBLE true} {BINDTYPE op ID {} IMPL dsp_slice LATENCY 3 OPTYPE mul PRAGMA {} RTLNAME mac_muladd_16s_16s_32s_32_4_1_U713 SOURCE src/integrated-gcn/integrated_gcn.cpp:137 VARIABLE mul_ln137_184 LOOP COMP_I BUNDLEDNAME {} DSP 1 BRAM 0 URAM 0 STORAGESUBTYPE {} DISPNAME {bind_op mul} VISIBLE true} {BINDTYPE op ID {} IMPL dsp_slice LATENCY 3 OPTYPE add PRAGMA {} RTLNAME mac_muladd_16s_16s_32s_32_4_1_U713 SOURCE src/integrated-gcn/integrated_gcn.cpp:137 VARIABLE add_ln137_184 LOOP COMP_I BUNDLEDNAME {} DSP 1 BRAM 0 URAM 0 STORAGESUBTYPE {} DISPNAME {bind_op add} VISIBLE true} {BINDTYPE op ID {} IMPL dsp_slice LATENCY 3 OPTYPE mul PRAGMA {} RTLNAME mac_muladd_16s_16s_32s_32_4_1_U714 SOURCE src/integrated-gcn/integrated_gcn.cpp:137 VARIABLE mul_ln137_185 LOOP COMP_I BUNDLEDNAME {} DSP 1 BRAM 0 URAM 0 STORAGESUBTYPE {} DISPNAME {bind_op mul} VISIBLE true} {BINDTYPE op ID {} IMPL dsp_slice LATENCY 3 OPTYPE add PRAGMA {} RTLNAME mac_muladd_16s_16s_32s_32_4_1_U714 SOURCE src/integrated-gcn/integrated_gcn.cpp:137 VARIABLE add_ln137_185 LOOP COMP_I BUNDLEDNAME {} DSP 1 BRAM 0 URAM 0 STORAGESUBTYPE {} DISPNAME {bind_op add} VISIBLE true} {BINDTYPE op ID {} IMPL dsp_slice LATENCY 3 OPTYPE mul PRAGMA {} RTLNAME mac_muladd_16s_16s_32s_32_4_1_U715 SOURCE src/integrated-gcn/integrated_gcn.cpp:137 VARIABLE mul_ln137_186 LOOP COMP_I BUNDLEDNAME {} DSP 1 BRAM 0 URAM 0 STORAGESUBTYPE {} DISPNAME {bind_op mul} VISIBLE true} {BINDTYPE op ID {} IMPL dsp_slice LATENCY 3 OPTYPE add PRAGMA {} RTLNAME mac_muladd_16s_16s_32s_32_4_1_U715 SOURCE src/integrated-gcn/integrated_gcn.cpp:137 VARIABLE add_ln137_186 LOOP COMP_I BUNDLEDNAME {} DSP 1 BRAM 0 URAM 0 STORAGESUBTYPE {} DISPNAME {bind_op add} VISIBLE true} {BINDTYPE op ID {} IMPL dsp_slice LATENCY 3 OPTYPE mul PRAGMA {} RTLNAME mac_muladd_16s_16s_32s_32_4_1_U716 SOURCE src/integrated-gcn/integrated_gcn.cpp:137 VARIABLE mul_ln137_187 LOOP COMP_I BUNDLEDNAME {} DSP 1 BRAM 0 URAM 0 STORAGESUBTYPE {} DISPNAME {bind_op mul} VISIBLE true} {BINDTYPE op ID {} IMPL dsp_slice LATENCY 3 OPTYPE add PRAGMA {} RTLNAME mac_muladd_16s_16s_32s_32_4_1_U716 SOURCE src/integrated-gcn/integrated_gcn.cpp:137 VARIABLE add_ln137_187 LOOP COMP_I BUNDLEDNAME {} DSP 1 BRAM 0 URAM 0 STORAGESUBTYPE {} DISPNAME {bind_op add} VISIBLE true} {BINDTYPE op ID {} IMPL dsp_slice LATENCY 3 OPTYPE mul PRAGMA {} RTLNAME mac_muladd_16s_16s_32s_32_4_1_U717 SOURCE src/integrated-gcn/integrated_gcn.cpp:137 VARIABLE mul_ln137_188 LOOP COMP_I BUNDLEDNAME {} DSP 1 BRAM 0 URAM 0 STORAGESUBTYPE {} DISPNAME {bind_op mul} VISIBLE true} {BINDTYPE op ID {} IMPL dsp_slice LATENCY 3 OPTYPE add PRAGMA {} RTLNAME mac_muladd_16s_16s_32s_32_4_1_U717 SOURCE src/integrated-gcn/integrated_gcn.cpp:137 VARIABLE add_ln137_188 LOOP COMP_I BUNDLEDNAME {} DSP 1 BRAM 0 URAM 0 STORAGESUBTYPE {} DISPNAME {bind_op add} VISIBLE true} {BINDTYPE op ID {} IMPL dsp_slice LATENCY 3 OPTYPE mul PRAGMA {} RTLNAME mac_muladd_16s_16s_32s_32_4_1_U718 SOURCE src/integrated-gcn/integrated_gcn.cpp:137 VARIABLE mul_ln137_189 LOOP COMP_I BUNDLEDNAME {} DSP 1 BRAM 0 URAM 0 STORAGESUBTYPE {} DISPNAME {bind_op mul} VISIBLE true} {BINDTYPE op ID {} IMPL dsp_slice LATENCY 3 OPTYPE add PRAGMA {} RTLNAME mac_muladd_16s_16s_32s_32_4_1_U718 SOURCE src/integrated-gcn/integrated_gcn.cpp:137 VARIABLE add_ln137_189 LOOP COMP_I BUNDLEDNAME {} DSP 1 BRAM 0 URAM 0 STORAGESUBTYPE {} DISPNAME {bind_op add} VISIBLE true} {BINDTYPE op ID {} IMPL dsp_slice LATENCY 3 OPTYPE mul PRAGMA {} RTLNAME mac_muladd_16s_16s_32s_32_4_1_U719 SOURCE src/integrated-gcn/integrated_gcn.cpp:137 VARIABLE mul_ln137_190 LOOP COMP_I BUNDLEDNAME {} DSP 1 BRAM 0 URAM 0 STORAGESUBTYPE {} DISPNAME {bind_op mul} VISIBLE true} {BINDTYPE op ID {} IMPL dsp_slice LATENCY 3 OPTYPE add PRAGMA {} RTLNAME mac_muladd_16s_16s_32s_32_4_1_U719 SOURCE src/integrated-gcn/integrated_gcn.cpp:137 VARIABLE add_ln137_190 LOOP COMP_I BUNDLEDNAME {} DSP 1 BRAM 0 URAM 0 STORAGESUBTYPE {} DISPNAME {bind_op add} VISIBLE true} {BINDTYPE op ID {} IMPL dsp_slice LATENCY 3 OPTYPE mul PRAGMA {} RTLNAME mac_muladd_16s_16s_32s_32_4_1_U720 SOURCE src/integrated-gcn/integrated_gcn.cpp:137 VARIABLE mul_ln137_191 LOOP COMP_I BUNDLEDNAME {} DSP 1 BRAM 0 URAM 0 STORAGESUBTYPE {} DISPNAME {bind_op mul} VISIBLE true} {BINDTYPE op ID {} IMPL dsp_slice LATENCY 3 OPTYPE add PRAGMA {} RTLNAME mac_muladd_16s_16s_32s_32_4_1_U720 SOURCE src/integrated-gcn/integrated_gcn.cpp:137 VARIABLE add_ln137_191 LOOP COMP_I BUNDLEDNAME {} DSP 1 BRAM 0 URAM 0 STORAGESUBTYPE {} DISPNAME {bind_op add} VISIBLE true} {BINDTYPE op ID {} IMPL compactencoding_dontcare LATENCY 0 OPTYPE sparsemux PRAGMA {} RTLNAME sparsemux_33_6_16_1_1_U528 SOURCE src/integrated-gcn/integrated_gcn.cpp:132 VARIABLE X_val_3 LOOP COMP_I BUNDLEDNAME {} DSP 0 BRAM 0 URAM 0 STORAGESUBTYPE {} DISPNAME {bind_op sparsemux} VISIBLE false} {BINDTYPE op ID {} IMPL dsp_slice LATENCY 3 OPTYPE mul PRAGMA {} RTLNAME mac_muladd_16s_16s_32s_32_4_1_U721 SOURCE src/integrated-gcn/integrated_gcn.cpp:137 VARIABLE mul_ln137_192 LOOP COMP_I BUNDLEDNAME {} DSP 1 BRAM 0 URAM 0 STORAGESUBTYPE {} DISPNAME {bind_op mul} VISIBLE true} {BINDTYPE op ID {} IMPL dsp_slice LATENCY 3 OPTYPE add PRAGMA {} RTLNAME mac_muladd_16s_16s_32s_32_4_1_U721 SOURCE src/integrated-gcn/integrated_gcn.cpp:137 VARIABLE add_ln137_192 LOOP COMP_I BUNDLEDNAME {} DSP 1 BRAM 0 URAM 0 STORAGESUBTYPE {} DISPNAME {bind_op add} VISIBLE true} {BINDTYPE op ID {} IMPL dsp_slice LATENCY 3 OPTYPE mul PRAGMA {} RTLNAME mac_muladd_16s_16s_32s_32_4_1_U722 SOURCE src/integrated-gcn/integrated_gcn.cpp:137 VARIABLE mul_ln137_193 LOOP COMP_I BUNDLEDNAME {} DSP 1 BRAM 0 URAM 0 STORAGESUBTYPE {} DISPNAME {bind_op mul} VISIBLE true} {BINDTYPE op ID {} IMPL dsp_slice LATENCY 3 OPTYPE add PRAGMA {} RTLNAME mac_muladd_16s_16s_32s_32_4_1_U722 SOURCE src/integrated-gcn/integrated_gcn.cpp:137 VARIABLE add_ln137_193 LOOP COMP_I BUNDLEDNAME {} DSP 1 BRAM 0 URAM 0 STORAGESUBTYPE {} DISPNAME {bind_op add} VISIBLE true} {BINDTYPE op ID {} IMPL dsp_slice LATENCY 3 OPTYPE mul PRAGMA {} RTLNAME mac_muladd_16s_16s_32s_32_4_1_U723 SOURCE src/integrated-gcn/integrated_gcn.cpp:137 VARIABLE mul_ln137_194 LOOP COMP_I BUNDLEDNAME {} DSP 1 BRAM 0 URAM 0 STORAGESUBTYPE {} DISPNAME {bind_op mul} VISIBLE true} {BINDTYPE op ID {} IMPL dsp_slice LATENCY 3 OPTYPE add PRAGMA {} RTLNAME mac_muladd_16s_16s_32s_32_4_1_U723 SOURCE src/integrated-gcn/integrated_gcn.cpp:137 VARIABLE add_ln137_194 LOOP COMP_I BUNDLEDNAME {} DSP 1 BRAM 0 URAM 0 STORAGESUBTYPE {} DISPNAME {bind_op add} VISIBLE true} {BINDTYPE op ID {} IMPL dsp_slice LATENCY 3 OPTYPE mul PRAGMA {} RTLNAME mac_muladd_16s_16s_32s_32_4_1_U724 SOURCE src/integrated-gcn/integrated_gcn.cpp:137 VARIABLE mul_ln137_195 LOOP COMP_I BUNDLEDNAME {} DSP 1 BRAM 0 URAM 0 STORAGESUBTYPE {} DISPNAME {bind_op mul} VISIBLE true} {BINDTYPE op ID {} IMPL dsp_slice LATENCY 3 OPTYPE add PRAGMA {} RTLNAME mac_muladd_16s_16s_32s_32_4_1_U724 SOURCE src/integrated-gcn/integrated_gcn.cpp:137 VARIABLE add_ln137_195 LOOP COMP_I BUNDLEDNAME {} DSP 1 BRAM 0 URAM 0 STORAGESUBTYPE {} DISPNAME {bind_op add} VISIBLE true} {BINDTYPE op ID {} IMPL dsp_slice LATENCY 3 OPTYPE mul PRAGMA {} RTLNAME mac_muladd_16s_16s_32s_32_4_1_U725 SOURCE src/integrated-gcn/integrated_gcn.cpp:137 VARIABLE mul_ln137_196 LOOP COMP_I BUNDLEDNAME {} DSP 1 BRAM 0 URAM 0 STORAGESUBTYPE {} DISPNAME {bind_op mul} VISIBLE true} {BINDTYPE op ID {} IMPL dsp_slice LATENCY 3 OPTYPE add PRAGMA {} RTLNAME mac_muladd_16s_16s_32s_32_4_1_U725 SOURCE src/integrated-gcn/integrated_gcn.cpp:137 VARIABLE add_ln137_196 LOOP COMP_I BUNDLEDNAME {} DSP 1 BRAM 0 URAM 0 STORAGESUBTYPE {} DISPNAME {bind_op add} VISIBLE true} {BINDTYPE op ID {} IMPL dsp_slice LATENCY 3 OPTYPE mul PRAGMA {} RTLNAME mac_muladd_16s_16s_32s_32_4_1_U726 SOURCE src/integrated-gcn/integrated_gcn.cpp:137 VARIABLE mul_ln137_197 LOOP COMP_I BUNDLEDNAME {} DSP 1 BRAM 0 URAM 0 STORAGESUBTYPE {} DISPNAME {bind_op mul} VISIBLE true} {BINDTYPE op ID {} IMPL dsp_slice LATENCY 3 OPTYPE add PRAGMA {} RTLNAME mac_muladd_16s_16s_32s_32_4_1_U726 SOURCE src/integrated-gcn/integrated_gcn.cpp:137 VARIABLE add_ln137_197 LOOP COMP_I BUNDLEDNAME {} DSP 1 BRAM 0 URAM 0 STORAGESUBTYPE {} DISPNAME {bind_op add} VISIBLE true} {BINDTYPE op ID {} IMPL dsp_slice LATENCY 3 OPTYPE mul PRAGMA {} RTLNAME mac_muladd_16s_16s_32s_32_4_1_U727 SOURCE src/integrated-gcn/integrated_gcn.cpp:137 VARIABLE mul_ln137_198 LOOP COMP_I BUNDLEDNAME {} DSP 1 BRAM 0 URAM 0 STORAGESUBTYPE {} DISPNAME {bind_op mul} VISIBLE true} {BINDTYPE op ID {} IMPL dsp_slice LATENCY 3 OPTYPE add PRAGMA {} RTLNAME mac_muladd_16s_16s_32s_32_4_1_U727 SOURCE src/integrated-gcn/integrated_gcn.cpp:137 VARIABLE add_ln137_198 LOOP COMP_I BUNDLEDNAME {} DSP 1 BRAM 0 URAM 0 STORAGESUBTYPE {} DISPNAME {bind_op add} VISIBLE true} {BINDTYPE op ID {} IMPL dsp_slice LATENCY 3 OPTYPE mul PRAGMA {} RTLNAME mac_muladd_16s_16s_32s_32_4_1_U728 SOURCE src/integrated-gcn/integrated_gcn.cpp:137 VARIABLE mul_ln137_199 LOOP COMP_I BUNDLEDNAME {} DSP 1 BRAM 0 URAM 0 STORAGESUBTYPE {} DISPNAME {bind_op mul} VISIBLE true} {BINDTYPE op ID {} IMPL dsp_slice LATENCY 3 OPTYPE add PRAGMA {} RTLNAME mac_muladd_16s_16s_32s_32_4_1_U728 SOURCE src/integrated-gcn/integrated_gcn.cpp:137 VARIABLE add_ln137_199 LOOP COMP_I BUNDLEDNAME {} DSP 1 BRAM 0 URAM 0 STORAGESUBTYPE {} DISPNAME {bind_op add} VISIBLE true} {BINDTYPE op ID {} IMPL dsp_slice LATENCY 3 OPTYPE mul PRAGMA {} RTLNAME mac_muladd_16s_16s_32s_32_4_1_U729 SOURCE src/integrated-gcn/integrated_gcn.cpp:137 VARIABLE mul_ln137_200 LOOP COMP_I BUNDLEDNAME {} DSP 1 BRAM 0 URAM 0 STORAGESUBTYPE {} DISPNAME {bind_op mul} VISIBLE true} {BINDTYPE op ID {} IMPL dsp_slice LATENCY 3 OPTYPE add PRAGMA {} RTLNAME mac_muladd_16s_16s_32s_32_4_1_U729 SOURCE src/integrated-gcn/integrated_gcn.cpp:137 VARIABLE add_ln137_200 LOOP COMP_I BUNDLEDNAME {} DSP 1 BRAM 0 URAM 0 STORAGESUBTYPE {} DISPNAME {bind_op add} VISIBLE true} {BINDTYPE op ID {} IMPL dsp_slice LATENCY 3 OPTYPE mul PRAGMA {} RTLNAME mac_muladd_16s_16s_32s_32_4_1_U730 SOURCE src/integrated-gcn/integrated_gcn.cpp:137 VARIABLE mul_ln137_201 LOOP COMP_I BUNDLEDNAME {} DSP 1 BRAM 0 URAM 0 STORAGESUBTYPE {} DISPNAME {bind_op mul} VISIBLE true} {BINDTYPE op ID {} IMPL dsp_slice LATENCY 3 OPTYPE add PRAGMA {} RTLNAME mac_muladd_16s_16s_32s_32_4_1_U730 SOURCE src/integrated-gcn/integrated_gcn.cpp:137 VARIABLE add_ln137_201 LOOP COMP_I BUNDLEDNAME {} DSP 1 BRAM 0 URAM 0 STORAGESUBTYPE {} DISPNAME {bind_op add} VISIBLE true} {BINDTYPE op ID {} IMPL dsp_slice LATENCY 3 OPTYPE mul PRAGMA {} RTLNAME mac_muladd_16s_16s_32s_32_4_1_U731 SOURCE src/integrated-gcn/integrated_gcn.cpp:137 VARIABLE mul_ln137_202 LOOP COMP_I BUNDLEDNAME {} DSP 1 BRAM 0 URAM 0 STORAGESUBTYPE {} DISPNAME {bind_op mul} VISIBLE true} {BINDTYPE op ID {} IMPL dsp_slice LATENCY 3 OPTYPE add PRAGMA {} RTLNAME mac_muladd_16s_16s_32s_32_4_1_U731 SOURCE src/integrated-gcn/integrated_gcn.cpp:137 VARIABLE add_ln137_202 LOOP COMP_I BUNDLEDNAME {} DSP 1 BRAM 0 URAM 0 STORAGESUBTYPE {} DISPNAME {bind_op add} VISIBLE true} {BINDTYPE op ID {} IMPL dsp_slice LATENCY 3 OPTYPE mul PRAGMA {} RTLNAME mac_muladd_16s_16s_32s_32_4_1_U732 SOURCE src/integrated-gcn/integrated_gcn.cpp:137 VARIABLE mul_ln137_203 LOOP COMP_I BUNDLEDNAME {} DSP 1 BRAM 0 URAM 0 STORAGESUBTYPE {} DISPNAME {bind_op mul} VISIBLE true} {BINDTYPE op ID {} IMPL dsp_slice LATENCY 3 OPTYPE add PRAGMA {} RTLNAME mac_muladd_16s_16s_32s_32_4_1_U732 SOURCE src/integrated-gcn/integrated_gcn.cpp:137 VARIABLE add_ln137_203 LOOP COMP_I BUNDLEDNAME {} DSP 1 BRAM 0 URAM 0 STORAGESUBTYPE {} DISPNAME {bind_op add} VISIBLE true} {BINDTYPE op ID {} IMPL dsp_slice LATENCY 3 OPTYPE mul PRAGMA {} RTLNAME mac_muladd_16s_16s_32s_32_4_1_U733 SOURCE src/integrated-gcn/integrated_gcn.cpp:137 VARIABLE mul_ln137_204 LOOP COMP_I BUNDLEDNAME {} DSP 1 BRAM 0 URAM 0 STORAGESUBTYPE {} DISPNAME {bind_op mul} VISIBLE true} {BINDTYPE op ID {} IMPL dsp_slice LATENCY 3 OPTYPE add PRAGMA {} RTLNAME mac_muladd_16s_16s_32s_32_4_1_U733 SOURCE src/integrated-gcn/integrated_gcn.cpp:137 VARIABLE add_ln137_204 LOOP COMP_I BUNDLEDNAME {} DSP 1 BRAM 0 URAM 0 STORAGESUBTYPE {} DISPNAME {bind_op add} VISIBLE true} {BINDTYPE op ID {} IMPL dsp_slice LATENCY 3 OPTYPE mul PRAGMA {} RTLNAME mac_muladd_16s_16s_32s_32_4_1_U734 SOURCE src/integrated-gcn/integrated_gcn.cpp:137 VARIABLE mul_ln137_205 LOOP COMP_I BUNDLEDNAME {} DSP 1 BRAM 0 URAM 0 STORAGESUBTYPE {} DISPNAME {bind_op mul} VISIBLE true} {BINDTYPE op ID {} IMPL dsp_slice LATENCY 3 OPTYPE add PRAGMA {} RTLNAME mac_muladd_16s_16s_32s_32_4_1_U734 SOURCE src/integrated-gcn/integrated_gcn.cpp:137 VARIABLE add_ln137_205 LOOP COMP_I BUNDLEDNAME {} DSP 1 BRAM 0 URAM 0 STORAGESUBTYPE {} DISPNAME {bind_op add} VISIBLE true} {BINDTYPE op ID {} IMPL dsp_slice LATENCY 3 OPTYPE mul PRAGMA {} RTLNAME mac_muladd_16s_16s_32s_32_4_1_U735 SOURCE src/integrated-gcn/integrated_gcn.cpp:137 VARIABLE mul_ln137_206 LOOP COMP_I BUNDLEDNAME {} DSP 1 BRAM 0 URAM 0 STORAGESUBTYPE {} DISPNAME {bind_op mul} VISIBLE true} {BINDTYPE op ID {} IMPL dsp_slice LATENCY 3 OPTYPE add PRAGMA {} RTLNAME mac_muladd_16s_16s_32s_32_4_1_U735 SOURCE src/integrated-gcn/integrated_gcn.cpp:137 VARIABLE add_ln137_206 LOOP COMP_I BUNDLEDNAME {} DSP 1 BRAM 0 URAM 0 STORAGESUBTYPE {} DISPNAME {bind_op add} VISIBLE true} {BINDTYPE op ID {} IMPL dsp_slice LATENCY 3 OPTYPE mul PRAGMA {} RTLNAME mac_muladd_16s_16s_32s_32_4_1_U736 SOURCE src/integrated-gcn/integrated_gcn.cpp:137 VARIABLE mul_ln137_207 LOOP COMP_I BUNDLEDNAME {} DSP 1 BRAM 0 URAM 0 STORAGESUBTYPE {} DISPNAME {bind_op mul} VISIBLE true} {BINDTYPE op ID {} IMPL dsp_slice LATENCY 3 OPTYPE add PRAGMA {} RTLNAME mac_muladd_16s_16s_32s_32_4_1_U736 SOURCE src/integrated-gcn/integrated_gcn.cpp:137 VARIABLE add_ln137_207 LOOP COMP_I BUNDLEDNAME {} DSP 1 BRAM 0 URAM 0 STORAGESUBTYPE {} DISPNAME {bind_op add} VISIBLE true} {BINDTYPE op ID {} IMPL dsp_slice LATENCY 3 OPTYPE mul PRAGMA {} RTLNAME mac_muladd_16s_16s_32s_32_4_1_U737 SOURCE src/integrated-gcn/integrated_gcn.cpp:137 VARIABLE mul_ln137_208 LOOP COMP_I BUNDLEDNAME {} DSP 1 BRAM 0 URAM 0 STORAGESUBTYPE {} DISPNAME {bind_op mul} VISIBLE true} {BINDTYPE op ID {} IMPL dsp_slice LATENCY 3 OPTYPE add PRAGMA {} RTLNAME mac_muladd_16s_16s_32s_32_4_1_U737 SOURCE src/integrated-gcn/integrated_gcn.cpp:137 VARIABLE add_ln137_208 LOOP COMP_I BUNDLEDNAME {} DSP 1 BRAM 0 URAM 0 STORAGESUBTYPE {} DISPNAME {bind_op add} VISIBLE true} {BINDTYPE op ID {} IMPL dsp_slice LATENCY 3 OPTYPE mul PRAGMA {} RTLNAME mac_muladd_16s_16s_32s_32_4_1_U738 SOURCE src/integrated-gcn/integrated_gcn.cpp:137 VARIABLE mul_ln137_209 LOOP COMP_I BUNDLEDNAME {} DSP 1 BRAM 0 URAM 0 STORAGESUBTYPE {} DISPNAME {bind_op mul} VISIBLE true} {BINDTYPE op ID {} IMPL dsp_slice LATENCY 3 OPTYPE add PRAGMA {} RTLNAME mac_muladd_16s_16s_32s_32_4_1_U738 SOURCE src/integrated-gcn/integrated_gcn.cpp:137 VARIABLE add_ln137_209 LOOP COMP_I BUNDLEDNAME {} DSP 1 BRAM 0 URAM 0 STORAGESUBTYPE {} DISPNAME {bind_op add} VISIBLE true} {BINDTYPE op ID {} IMPL dsp_slice LATENCY 3 OPTYPE mul PRAGMA {} RTLNAME mac_muladd_16s_16s_32s_32_4_1_U739 SOURCE src/integrated-gcn/integrated_gcn.cpp:137 VARIABLE mul_ln137_210 LOOP COMP_I BUNDLEDNAME {} DSP 1 BRAM 0 URAM 0 STORAGESUBTYPE {} DISPNAME {bind_op mul} VISIBLE true} {BINDTYPE op ID {} IMPL dsp_slice LATENCY 3 OPTYPE add PRAGMA {} RTLNAME mac_muladd_16s_16s_32s_32_4_1_U739 SOURCE src/integrated-gcn/integrated_gcn.cpp:137 VARIABLE add_ln137_210 LOOP COMP_I BUNDLEDNAME {} DSP 1 BRAM 0 URAM 0 STORAGESUBTYPE {} DISPNAME {bind_op add} VISIBLE true} {BINDTYPE op ID {} IMPL dsp_slice LATENCY 3 OPTYPE mul PRAGMA {} RTLNAME mac_muladd_16s_16s_32s_32_4_1_U740 SOURCE src/integrated-gcn/integrated_gcn.cpp:137 VARIABLE mul_ln137_211 LOOP COMP_I BUNDLEDNAME {} DSP 1 BRAM 0 URAM 0 STORAGESUBTYPE {} DISPNAME {bind_op mul} VISIBLE true} {BINDTYPE op ID {} IMPL dsp_slice LATENCY 3 OPTYPE add PRAGMA {} RTLNAME mac_muladd_16s_16s_32s_32_4_1_U740 SOURCE src/integrated-gcn/integrated_gcn.cpp:137 VARIABLE add_ln137_211 LOOP COMP_I BUNDLEDNAME {} DSP 1 BRAM 0 URAM 0 STORAGESUBTYPE {} DISPNAME {bind_op add} VISIBLE true} {BINDTYPE op ID {} IMPL dsp_slice LATENCY 3 OPTYPE mul PRAGMA {} RTLNAME mac_muladd_16s_16s_32s_32_4_1_U741 SOURCE src/integrated-gcn/integrated_gcn.cpp:137 VARIABLE mul_ln137_212 LOOP COMP_I BUNDLEDNAME {} DSP 1 BRAM 0 URAM 0 STORAGESUBTYPE {} DISPNAME {bind_op mul} VISIBLE true} {BINDTYPE op ID {} IMPL dsp_slice LATENCY 3 OPTYPE add PRAGMA {} RTLNAME mac_muladd_16s_16s_32s_32_4_1_U741 SOURCE src/integrated-gcn/integrated_gcn.cpp:137 VARIABLE add_ln137_212 LOOP COMP_I BUNDLEDNAME {} DSP 1 BRAM 0 URAM 0 STORAGESUBTYPE {} DISPNAME {bind_op add} VISIBLE true} {BINDTYPE op ID {} IMPL dsp_slice LATENCY 3 OPTYPE mul PRAGMA {} RTLNAME mac_muladd_16s_16s_32s_32_4_1_U742 SOURCE src/integrated-gcn/integrated_gcn.cpp:137 VARIABLE mul_ln137_213 LOOP COMP_I BUNDLEDNAME {} DSP 1 BRAM 0 URAM 0 STORAGESUBTYPE {} DISPNAME {bind_op mul} VISIBLE true} {BINDTYPE op ID {} IMPL dsp_slice LATENCY 3 OPTYPE add PRAGMA {} RTLNAME mac_muladd_16s_16s_32s_32_4_1_U742 SOURCE src/integrated-gcn/integrated_gcn.cpp:137 VARIABLE add_ln137_213 LOOP COMP_I BUNDLEDNAME {} DSP 1 BRAM 0 URAM 0 STORAGESUBTYPE {} DISPNAME {bind_op add} VISIBLE true} {BINDTYPE op ID {} IMPL dsp_slice LATENCY 3 OPTYPE mul PRAGMA {} RTLNAME mac_muladd_16s_16s_32s_32_4_1_U743 SOURCE src/integrated-gcn/integrated_gcn.cpp:137 VARIABLE mul_ln137_214 LOOP COMP_I BUNDLEDNAME {} DSP 1 BRAM 0 URAM 0 STORAGESUBTYPE {} DISPNAME {bind_op mul} VISIBLE true} {BINDTYPE op ID {} IMPL dsp_slice LATENCY 3 OPTYPE add PRAGMA {} RTLNAME mac_muladd_16s_16s_32s_32_4_1_U743 SOURCE src/integrated-gcn/integrated_gcn.cpp:137 VARIABLE add_ln137_214 LOOP COMP_I BUNDLEDNAME {} DSP 1 BRAM 0 URAM 0 STORAGESUBTYPE {} DISPNAME {bind_op add} VISIBLE true} {BINDTYPE op ID {} IMPL dsp_slice LATENCY 3 OPTYPE mul PRAGMA {} RTLNAME mac_muladd_16s_16s_32s_32_4_1_U744 SOURCE src/integrated-gcn/integrated_gcn.cpp:137 VARIABLE mul_ln137_215 LOOP COMP_I BUNDLEDNAME {} DSP 1 BRAM 0 URAM 0 STORAGESUBTYPE {} DISPNAME {bind_op mul} VISIBLE true} {BINDTYPE op ID {} IMPL dsp_slice LATENCY 3 OPTYPE add PRAGMA {} RTLNAME mac_muladd_16s_16s_32s_32_4_1_U744 SOURCE src/integrated-gcn/integrated_gcn.cpp:137 VARIABLE add_ln137_215 LOOP COMP_I BUNDLEDNAME {} DSP 1 BRAM 0 URAM 0 STORAGESUBTYPE {} DISPNAME {bind_op add} VISIBLE true} {BINDTYPE op ID {} IMPL dsp_slice LATENCY 3 OPTYPE mul PRAGMA {} RTLNAME mac_muladd_16s_16s_32s_32_4_1_U745 SOURCE src/integrated-gcn/integrated_gcn.cpp:137 VARIABLE mul_ln137_216 LOOP COMP_I BUNDLEDNAME {} DSP 1 BRAM 0 URAM 0 STORAGESUBTYPE {} DISPNAME {bind_op mul} VISIBLE true} {BINDTYPE op ID {} IMPL dsp_slice LATENCY 3 OPTYPE add PRAGMA {} RTLNAME mac_muladd_16s_16s_32s_32_4_1_U745 SOURCE src/integrated-gcn/integrated_gcn.cpp:137 VARIABLE add_ln137_216 LOOP COMP_I BUNDLEDNAME {} DSP 1 BRAM 0 URAM 0 STORAGESUBTYPE {} DISPNAME {bind_op add} VISIBLE true} {BINDTYPE op ID {} IMPL dsp_slice LATENCY 3 OPTYPE mul PRAGMA {} RTLNAME mac_muladd_16s_16s_32s_32_4_1_U746 SOURCE src/integrated-gcn/integrated_gcn.cpp:137 VARIABLE mul_ln137_217 LOOP COMP_I BUNDLEDNAME {} DSP 1 BRAM 0 URAM 0 STORAGESUBTYPE {} DISPNAME {bind_op mul} VISIBLE true} {BINDTYPE op ID {} IMPL dsp_slice LATENCY 3 OPTYPE add PRAGMA {} RTLNAME mac_muladd_16s_16s_32s_32_4_1_U746 SOURCE src/integrated-gcn/integrated_gcn.cpp:137 VARIABLE add_ln137_217 LOOP COMP_I BUNDLEDNAME {} DSP 1 BRAM 0 URAM 0 STORAGESUBTYPE {} DISPNAME {bind_op add} VISIBLE true} {BINDTYPE op ID {} IMPL dsp_slice LATENCY 3 OPTYPE mul PRAGMA {} RTLNAME mac_muladd_16s_16s_32s_32_4_1_U747 SOURCE src/integrated-gcn/integrated_gcn.cpp:137 VARIABLE mul_ln137_218 LOOP COMP_I BUNDLEDNAME {} DSP 1 BRAM 0 URAM 0 STORAGESUBTYPE {} DISPNAME {bind_op mul} VISIBLE true} {BINDTYPE op ID {} IMPL dsp_slice LATENCY 3 OPTYPE add PRAGMA {} RTLNAME mac_muladd_16s_16s_32s_32_4_1_U747 SOURCE src/integrated-gcn/integrated_gcn.cpp:137 VARIABLE add_ln137_218 LOOP COMP_I BUNDLEDNAME {} DSP 1 BRAM 0 URAM 0 STORAGESUBTYPE {} DISPNAME {bind_op add} VISIBLE true} {BINDTYPE op ID {} IMPL dsp_slice LATENCY 3 OPTYPE mul PRAGMA {} RTLNAME mac_muladd_16s_16s_32s_32_4_1_U748 SOURCE src/integrated-gcn/integrated_gcn.cpp:137 VARIABLE mul_ln137_219 LOOP COMP_I BUNDLEDNAME {} DSP 1 BRAM 0 URAM 0 STORAGESUBTYPE {} DISPNAME {bind_op mul} VISIBLE true} {BINDTYPE op ID {} IMPL dsp_slice LATENCY 3 OPTYPE add PRAGMA {} RTLNAME mac_muladd_16s_16s_32s_32_4_1_U748 SOURCE src/integrated-gcn/integrated_gcn.cpp:137 VARIABLE add_ln137_219 LOOP COMP_I BUNDLEDNAME {} DSP 1 BRAM 0 URAM 0 STORAGESUBTYPE {} DISPNAME {bind_op add} VISIBLE true} {BINDTYPE op ID {} IMPL dsp_slice LATENCY 3 OPTYPE mul PRAGMA {} RTLNAME mac_muladd_16s_16s_32s_32_4_1_U749 SOURCE src/integrated-gcn/integrated_gcn.cpp:137 VARIABLE mul_ln137_220 LOOP COMP_I BUNDLEDNAME {} DSP 1 BRAM 0 URAM 0 STORAGESUBTYPE {} DISPNAME {bind_op mul} VISIBLE true} {BINDTYPE op ID {} IMPL dsp_slice LATENCY 3 OPTYPE add PRAGMA {} RTLNAME mac_muladd_16s_16s_32s_32_4_1_U749 SOURCE src/integrated-gcn/integrated_gcn.cpp:137 VARIABLE add_ln137_220 LOOP COMP_I BUNDLEDNAME {} DSP 1 BRAM 0 URAM 0 STORAGESUBTYPE {} DISPNAME {bind_op add} VISIBLE true} {BINDTYPE op ID {} IMPL dsp_slice LATENCY 3 OPTYPE mul PRAGMA {} RTLNAME mac_muladd_16s_16s_32s_32_4_1_U750 SOURCE src/integrated-gcn/integrated_gcn.cpp:137 VARIABLE mul_ln137_221 LOOP COMP_I BUNDLEDNAME {} DSP 1 BRAM 0 URAM 0 STORAGESUBTYPE {} DISPNAME {bind_op mul} VISIBLE true} {BINDTYPE op ID {} IMPL dsp_slice LATENCY 3 OPTYPE add PRAGMA {} RTLNAME mac_muladd_16s_16s_32s_32_4_1_U750 SOURCE src/integrated-gcn/integrated_gcn.cpp:137 VARIABLE add_ln137_221 LOOP COMP_I BUNDLEDNAME {} DSP 1 BRAM 0 URAM 0 STORAGESUBTYPE {} DISPNAME {bind_op add} VISIBLE true} {BINDTYPE op ID {} IMPL dsp_slice LATENCY 3 OPTYPE mul PRAGMA {} RTLNAME mac_muladd_16s_16s_32s_32_4_1_U751 SOURCE src/integrated-gcn/integrated_gcn.cpp:137 VARIABLE mul_ln137_222 LOOP COMP_I BUNDLEDNAME {} DSP 1 BRAM 0 URAM 0 STORAGESUBTYPE {} DISPNAME {bind_op mul} VISIBLE true} {BINDTYPE op ID {} IMPL dsp_slice LATENCY 3 OPTYPE add PRAGMA {} RTLNAME mac_muladd_16s_16s_32s_32_4_1_U751 SOURCE src/integrated-gcn/integrated_gcn.cpp:137 VARIABLE add_ln137_222 LOOP COMP_I BUNDLEDNAME {} DSP 1 BRAM 0 URAM 0 STORAGESUBTYPE {} DISPNAME {bind_op add} VISIBLE true} {BINDTYPE op ID {} IMPL dsp_slice LATENCY 3 OPTYPE mul PRAGMA {} RTLNAME mac_muladd_16s_16s_32s_32_4_1_U752 SOURCE src/integrated-gcn/integrated_gcn.cpp:137 VARIABLE mul_ln137_223 LOOP COMP_I BUNDLEDNAME {} DSP 1 BRAM 0 URAM 0 STORAGESUBTYPE {} DISPNAME {bind_op mul} VISIBLE true} {BINDTYPE op ID {} IMPL dsp_slice LATENCY 3 OPTYPE add PRAGMA {} RTLNAME mac_muladd_16s_16s_32s_32_4_1_U752 SOURCE src/integrated-gcn/integrated_gcn.cpp:137 VARIABLE add_ln137_223 LOOP COMP_I BUNDLEDNAME {} DSP 1 BRAM 0 URAM 0 STORAGESUBTYPE {} DISPNAME {bind_op add} VISIBLE true} {BINDTYPE op ID {} IMPL dsp_slice LATENCY 3 OPTYPE mul PRAGMA {} RTLNAME mac_muladd_16s_16s_32s_32_4_1_U753 SOURCE src/integrated-gcn/integrated_gcn.cpp:137 VARIABLE mul_ln137_224 LOOP COMP_I BUNDLEDNAME {} DSP 1 BRAM 0 URAM 0 STORAGESUBTYPE {} DISPNAME {bind_op mul} VISIBLE true} {BINDTYPE op ID {} IMPL dsp_slice LATENCY 3 OPTYPE add PRAGMA {} RTLNAME mac_muladd_16s_16s_32s_32_4_1_U753 SOURCE src/integrated-gcn/integrated_gcn.cpp:137 VARIABLE add_ln137_224 LOOP COMP_I BUNDLEDNAME {} DSP 1 BRAM 0 URAM 0 STORAGESUBTYPE {} DISPNAME {bind_op add} VISIBLE true} {BINDTYPE op ID {} IMPL dsp_slice LATENCY 3 OPTYPE mul PRAGMA {} RTLNAME mac_muladd_16s_16s_32s_32_4_1_U754 SOURCE src/integrated-gcn/integrated_gcn.cpp:137 VARIABLE mul_ln137_225 LOOP COMP_I BUNDLEDNAME {} DSP 1 BRAM 0 URAM 0 STORAGESUBTYPE {} DISPNAME {bind_op mul} VISIBLE true} {BINDTYPE op ID {} IMPL dsp_slice LATENCY 3 OPTYPE add PRAGMA {} RTLNAME mac_muladd_16s_16s_32s_32_4_1_U754 SOURCE src/integrated-gcn/integrated_gcn.cpp:137 VARIABLE add_ln137_225 LOOP COMP_I BUNDLEDNAME {} DSP 1 BRAM 0 URAM 0 STORAGESUBTYPE {} DISPNAME {bind_op add} VISIBLE true} {BINDTYPE op ID {} IMPL dsp_slice LATENCY 3 OPTYPE mul PRAGMA {} RTLNAME mac_muladd_16s_16s_32s_32_4_1_U755 SOURCE src/integrated-gcn/integrated_gcn.cpp:137 VARIABLE mul_ln137_226 LOOP COMP_I BUNDLEDNAME {} DSP 1 BRAM 0 URAM 0 STORAGESUBTYPE {} DISPNAME {bind_op mul} VISIBLE true} {BINDTYPE op ID {} IMPL dsp_slice LATENCY 3 OPTYPE add PRAGMA {} RTLNAME mac_muladd_16s_16s_32s_32_4_1_U755 SOURCE src/integrated-gcn/integrated_gcn.cpp:137 VARIABLE add_ln137_226 LOOP COMP_I BUNDLEDNAME {} DSP 1 BRAM 0 URAM 0 STORAGESUBTYPE {} DISPNAME {bind_op add} VISIBLE true} {BINDTYPE op ID {} IMPL dsp_slice LATENCY 3 OPTYPE mul PRAGMA {} RTLNAME mac_muladd_16s_16s_32s_32_4_1_U756 SOURCE src/integrated-gcn/integrated_gcn.cpp:137 VARIABLE mul_ln137_227 LOOP COMP_I BUNDLEDNAME {} DSP 1 BRAM 0 URAM 0 STORAGESUBTYPE {} DISPNAME {bind_op mul} VISIBLE true} {BINDTYPE op ID {} IMPL dsp_slice LATENCY 3 OPTYPE add PRAGMA {} RTLNAME mac_muladd_16s_16s_32s_32_4_1_U756 SOURCE src/integrated-gcn/integrated_gcn.cpp:137 VARIABLE add_ln137_227 LOOP COMP_I BUNDLEDNAME {} DSP 1 BRAM 0 URAM 0 STORAGESUBTYPE {} DISPNAME {bind_op add} VISIBLE true} {BINDTYPE op ID {} IMPL dsp_slice LATENCY 3 OPTYPE mul PRAGMA {} RTLNAME mac_muladd_16s_16s_32s_32_4_1_U757 SOURCE src/integrated-gcn/integrated_gcn.cpp:137 VARIABLE mul_ln137_228 LOOP COMP_I BUNDLEDNAME {} DSP 1 BRAM 0 URAM 0 STORAGESUBTYPE {} DISPNAME {bind_op mul} VISIBLE true} {BINDTYPE op ID {} IMPL dsp_slice LATENCY 3 OPTYPE add PRAGMA {} RTLNAME mac_muladd_16s_16s_32s_32_4_1_U757 SOURCE src/integrated-gcn/integrated_gcn.cpp:137 VARIABLE add_ln137_228 LOOP COMP_I BUNDLEDNAME {} DSP 1 BRAM 0 URAM 0 STORAGESUBTYPE {} DISPNAME {bind_op add} VISIBLE true} {BINDTYPE op ID {} IMPL dsp_slice LATENCY 3 OPTYPE mul PRAGMA {} RTLNAME mac_muladd_16s_16s_32s_32_4_1_U758 SOURCE src/integrated-gcn/integrated_gcn.cpp:137 VARIABLE mul_ln137_229 LOOP COMP_I BUNDLEDNAME {} DSP 1 BRAM 0 URAM 0 STORAGESUBTYPE {} DISPNAME {bind_op mul} VISIBLE true} {BINDTYPE op ID {} IMPL dsp_slice LATENCY 3 OPTYPE add PRAGMA {} RTLNAME mac_muladd_16s_16s_32s_32_4_1_U758 SOURCE src/integrated-gcn/integrated_gcn.cpp:137 VARIABLE add_ln137_229 LOOP COMP_I BUNDLEDNAME {} DSP 1 BRAM 0 URAM 0 STORAGESUBTYPE {} DISPNAME {bind_op add} VISIBLE true} {BINDTYPE op ID {} IMPL dsp_slice LATENCY 3 OPTYPE mul PRAGMA {} RTLNAME mac_muladd_16s_16s_32s_32_4_1_U759 SOURCE src/integrated-gcn/integrated_gcn.cpp:137 VARIABLE mul_ln137_230 LOOP COMP_I BUNDLEDNAME {} DSP 1 BRAM 0 URAM 0 STORAGESUBTYPE {} DISPNAME {bind_op mul} VISIBLE true} {BINDTYPE op ID {} IMPL dsp_slice LATENCY 3 OPTYPE add PRAGMA {} RTLNAME mac_muladd_16s_16s_32s_32_4_1_U759 SOURCE src/integrated-gcn/integrated_gcn.cpp:137 VARIABLE add_ln137_230 LOOP COMP_I BUNDLEDNAME {} DSP 1 BRAM 0 URAM 0 STORAGESUBTYPE {} DISPNAME {bind_op add} VISIBLE true} {BINDTYPE op ID {} IMPL dsp_slice LATENCY 3 OPTYPE mul PRAGMA {} RTLNAME mac_muladd_16s_16s_32s_32_4_1_U760 SOURCE src/integrated-gcn/integrated_gcn.cpp:137 VARIABLE mul_ln137_231 LOOP COMP_I BUNDLEDNAME {} DSP 1 BRAM 0 URAM 0 STORAGESUBTYPE {} DISPNAME {bind_op mul} VISIBLE true} {BINDTYPE op ID {} IMPL dsp_slice LATENCY 3 OPTYPE add PRAGMA {} RTLNAME mac_muladd_16s_16s_32s_32_4_1_U760 SOURCE src/integrated-gcn/integrated_gcn.cpp:137 VARIABLE add_ln137_231 LOOP COMP_I BUNDLEDNAME {} DSP 1 BRAM 0 URAM 0 STORAGESUBTYPE {} DISPNAME {bind_op add} VISIBLE true} {BINDTYPE op ID {} IMPL dsp_slice LATENCY 3 OPTYPE mul PRAGMA {} RTLNAME mac_muladd_16s_16s_32s_32_4_1_U761 SOURCE src/integrated-gcn/integrated_gcn.cpp:137 VARIABLE mul_ln137_232 LOOP COMP_I BUNDLEDNAME {} DSP 1 BRAM 0 URAM 0 STORAGESUBTYPE {} DISPNAME {bind_op mul} VISIBLE true} {BINDTYPE op ID {} IMPL dsp_slice LATENCY 3 OPTYPE add PRAGMA {} RTLNAME mac_muladd_16s_16s_32s_32_4_1_U761 SOURCE src/integrated-gcn/integrated_gcn.cpp:137 VARIABLE add_ln137_232 LOOP COMP_I BUNDLEDNAME {} DSP 1 BRAM 0 URAM 0 STORAGESUBTYPE {} DISPNAME {bind_op add} VISIBLE true} {BINDTYPE op ID {} IMPL dsp_slice LATENCY 3 OPTYPE mul PRAGMA {} RTLNAME mac_muladd_16s_16s_32s_32_4_1_U762 SOURCE src/integrated-gcn/integrated_gcn.cpp:137 VARIABLE mul_ln137_233 LOOP COMP_I BUNDLEDNAME {} DSP 1 BRAM 0 URAM 0 STORAGESUBTYPE {} DISPNAME {bind_op mul} VISIBLE true} {BINDTYPE op ID {} IMPL dsp_slice LATENCY 3 OPTYPE add PRAGMA {} RTLNAME mac_muladd_16s_16s_32s_32_4_1_U762 SOURCE src/integrated-gcn/integrated_gcn.cpp:137 VARIABLE add_ln137_233 LOOP COMP_I BUNDLEDNAME {} DSP 1 BRAM 0 URAM 0 STORAGESUBTYPE {} DISPNAME {bind_op add} VISIBLE true} {BINDTYPE op ID {} IMPL dsp_slice LATENCY 3 OPTYPE mul PRAGMA {} RTLNAME mac_muladd_16s_16s_32s_32_4_1_U763 SOURCE src/integrated-gcn/integrated_gcn.cpp:137 VARIABLE mul_ln137_234 LOOP COMP_I BUNDLEDNAME {} DSP 1 BRAM 0 URAM 0 STORAGESUBTYPE {} DISPNAME {bind_op mul} VISIBLE true} {BINDTYPE op ID {} IMPL dsp_slice LATENCY 3 OPTYPE add PRAGMA {} RTLNAME mac_muladd_16s_16s_32s_32_4_1_U763 SOURCE src/integrated-gcn/integrated_gcn.cpp:137 VARIABLE add_ln137_234 LOOP COMP_I BUNDLEDNAME {} DSP 1 BRAM 0 URAM 0 STORAGESUBTYPE {} DISPNAME {bind_op add} VISIBLE true} {BINDTYPE op ID {} IMPL dsp_slice LATENCY 3 OPTYPE mul PRAGMA {} RTLNAME mac_muladd_16s_16s_32s_32_4_1_U764 SOURCE src/integrated-gcn/integrated_gcn.cpp:137 VARIABLE mul_ln137_235 LOOP COMP_I BUNDLEDNAME {} DSP 1 BRAM 0 URAM 0 STORAGESUBTYPE {} DISPNAME {bind_op mul} VISIBLE true} {BINDTYPE op ID {} IMPL dsp_slice LATENCY 3 OPTYPE add PRAGMA {} RTLNAME mac_muladd_16s_16s_32s_32_4_1_U764 SOURCE src/integrated-gcn/integrated_gcn.cpp:137 VARIABLE add_ln137_235 LOOP COMP_I BUNDLEDNAME {} DSP 1 BRAM 0 URAM 0 STORAGESUBTYPE {} DISPNAME {bind_op add} VISIBLE true} {BINDTYPE op ID {} IMPL dsp_slice LATENCY 3 OPTYPE mul PRAGMA {} RTLNAME mac_muladd_16s_16s_32s_32_4_1_U765 SOURCE src/integrated-gcn/integrated_gcn.cpp:137 VARIABLE mul_ln137_236 LOOP COMP_I BUNDLEDNAME {} DSP 1 BRAM 0 URAM 0 STORAGESUBTYPE {} DISPNAME {bind_op mul} VISIBLE true} {BINDTYPE op ID {} IMPL dsp_slice LATENCY 3 OPTYPE add PRAGMA {} RTLNAME mac_muladd_16s_16s_32s_32_4_1_U765 SOURCE src/integrated-gcn/integrated_gcn.cpp:137 VARIABLE add_ln137_236 LOOP COMP_I BUNDLEDNAME {} DSP 1 BRAM 0 URAM 0 STORAGESUBTYPE {} DISPNAME {bind_op add} VISIBLE true} {BINDTYPE op ID {} IMPL dsp_slice LATENCY 3 OPTYPE mul PRAGMA {} RTLNAME mac_muladd_16s_16s_32s_32_4_1_U766 SOURCE src/integrated-gcn/integrated_gcn.cpp:137 VARIABLE mul_ln137_237 LOOP COMP_I BUNDLEDNAME {} DSP 1 BRAM 0 URAM 0 STORAGESUBTYPE {} DISPNAME {bind_op mul} VISIBLE true} {BINDTYPE op ID {} IMPL dsp_slice LATENCY 3 OPTYPE add PRAGMA {} RTLNAME mac_muladd_16s_16s_32s_32_4_1_U766 SOURCE src/integrated-gcn/integrated_gcn.cpp:137 VARIABLE add_ln137_237 LOOP COMP_I BUNDLEDNAME {} DSP 1 BRAM 0 URAM 0 STORAGESUBTYPE {} DISPNAME {bind_op add} VISIBLE true} {BINDTYPE op ID {} IMPL dsp_slice LATENCY 3 OPTYPE mul PRAGMA {} RTLNAME mac_muladd_16s_16s_32s_32_4_1_U767 SOURCE src/integrated-gcn/integrated_gcn.cpp:137 VARIABLE mul_ln137_238 LOOP COMP_I BUNDLEDNAME {} DSP 1 BRAM 0 URAM 0 STORAGESUBTYPE {} DISPNAME {bind_op mul} VISIBLE true} {BINDTYPE op ID {} IMPL dsp_slice LATENCY 3 OPTYPE add PRAGMA {} RTLNAME mac_muladd_16s_16s_32s_32_4_1_U767 SOURCE src/integrated-gcn/integrated_gcn.cpp:137 VARIABLE add_ln137_238 LOOP COMP_I BUNDLEDNAME {} DSP 1 BRAM 0 URAM 0 STORAGESUBTYPE {} DISPNAME {bind_op add} VISIBLE true} {BINDTYPE op ID {} IMPL dsp_slice LATENCY 3 OPTYPE mul PRAGMA {} RTLNAME mac_muladd_16s_16s_32s_32_4_1_U768 SOURCE src/integrated-gcn/integrated_gcn.cpp:137 VARIABLE mul_ln137_239 LOOP COMP_I BUNDLEDNAME {} DSP 1 BRAM 0 URAM 0 STORAGESUBTYPE {} DISPNAME {bind_op mul} VISIBLE true} {BINDTYPE op ID {} IMPL dsp_slice LATENCY 3 OPTYPE add PRAGMA {} RTLNAME mac_muladd_16s_16s_32s_32_4_1_U768 SOURCE src/integrated-gcn/integrated_gcn.cpp:137 VARIABLE add_ln137_239 LOOP COMP_I BUNDLEDNAME {} DSP 1 BRAM 0 URAM 0 STORAGESUBTYPE {} DISPNAME {bind_op add} VISIBLE true} {BINDTYPE op ID {} IMPL dsp_slice LATENCY 3 OPTYPE mul PRAGMA {} RTLNAME mac_muladd_16s_16s_32s_32_4_1_U769 SOURCE src/integrated-gcn/integrated_gcn.cpp:137 VARIABLE mul_ln137_240 LOOP COMP_I BUNDLEDNAME {} DSP 1 BRAM 0 URAM 0 STORAGESUBTYPE {} DISPNAME {bind_op mul} VISIBLE true} {BINDTYPE op ID {} IMPL dsp_slice LATENCY 3 OPTYPE add PRAGMA {} RTLNAME mac_muladd_16s_16s_32s_32_4_1_U769 SOURCE src/integrated-gcn/integrated_gcn.cpp:137 VARIABLE add_ln137_240 LOOP COMP_I BUNDLEDNAME {} DSP 1 BRAM 0 URAM 0 STORAGESUBTYPE {} DISPNAME {bind_op add} VISIBLE true} {BINDTYPE op ID {} IMPL dsp_slice LATENCY 3 OPTYPE mul PRAGMA {} RTLNAME mac_muladd_16s_16s_32s_32_4_1_U770 SOURCE src/integrated-gcn/integrated_gcn.cpp:137 VARIABLE mul_ln137_241 LOOP COMP_I BUNDLEDNAME {} DSP 1 BRAM 0 URAM 0 STORAGESUBTYPE {} DISPNAME {bind_op mul} VISIBLE true} {BINDTYPE op ID {} IMPL dsp_slice LATENCY 3 OPTYPE add PRAGMA {} RTLNAME mac_muladd_16s_16s_32s_32_4_1_U770 SOURCE src/integrated-gcn/integrated_gcn.cpp:137 VARIABLE add_ln137_241 LOOP COMP_I BUNDLEDNAME {} DSP 1 BRAM 0 URAM 0 STORAGESUBTYPE {} DISPNAME {bind_op add} VISIBLE true} {BINDTYPE op ID {} IMPL dsp_slice LATENCY 3 OPTYPE mul PRAGMA {} RTLNAME mac_muladd_16s_16s_32s_32_4_1_U771 SOURCE src/integrated-gcn/integrated_gcn.cpp:137 VARIABLE mul_ln137_242 LOOP COMP_I BUNDLEDNAME {} DSP 1 BRAM 0 URAM 0 STORAGESUBTYPE {} DISPNAME {bind_op mul} VISIBLE true} {BINDTYPE op ID {} IMPL dsp_slice LATENCY 3 OPTYPE add PRAGMA {} RTLNAME mac_muladd_16s_16s_32s_32_4_1_U771 SOURCE src/integrated-gcn/integrated_gcn.cpp:137 VARIABLE add_ln137_242 LOOP COMP_I BUNDLEDNAME {} DSP 1 BRAM 0 URAM 0 STORAGESUBTYPE {} DISPNAME {bind_op add} VISIBLE true} {BINDTYPE op ID {} IMPL dsp_slice LATENCY 3 OPTYPE mul PRAGMA {} RTLNAME mac_muladd_16s_16s_32s_32_4_1_U772 SOURCE src/integrated-gcn/integrated_gcn.cpp:137 VARIABLE mul_ln137_243 LOOP COMP_I BUNDLEDNAME {} DSP 1 BRAM 0 URAM 0 STORAGESUBTYPE {} DISPNAME {bind_op mul} VISIBLE true} {BINDTYPE op ID {} IMPL dsp_slice LATENCY 3 OPTYPE add PRAGMA {} RTLNAME mac_muladd_16s_16s_32s_32_4_1_U772 SOURCE src/integrated-gcn/integrated_gcn.cpp:137 VARIABLE add_ln137_243 LOOP COMP_I BUNDLEDNAME {} DSP 1 BRAM 0 URAM 0 STORAGESUBTYPE {} DISPNAME {bind_op add} VISIBLE true} {BINDTYPE op ID {} IMPL dsp_slice LATENCY 3 OPTYPE mul PRAGMA {} RTLNAME mac_muladd_16s_16s_32s_32_4_1_U773 SOURCE src/integrated-gcn/integrated_gcn.cpp:137 VARIABLE mul_ln137_244 LOOP COMP_I BUNDLEDNAME {} DSP 1 BRAM 0 URAM 0 STORAGESUBTYPE {} DISPNAME {bind_op mul} VISIBLE true} {BINDTYPE op ID {} IMPL dsp_slice LATENCY 3 OPTYPE add PRAGMA {} RTLNAME mac_muladd_16s_16s_32s_32_4_1_U773 SOURCE src/integrated-gcn/integrated_gcn.cpp:137 VARIABLE add_ln137_244 LOOP COMP_I BUNDLEDNAME {} DSP 1 BRAM 0 URAM 0 STORAGESUBTYPE {} DISPNAME {bind_op add} VISIBLE true} {BINDTYPE op ID {} IMPL dsp_slice LATENCY 3 OPTYPE mul PRAGMA {} RTLNAME mac_muladd_16s_16s_32s_32_4_1_U774 SOURCE src/integrated-gcn/integrated_gcn.cpp:137 VARIABLE mul_ln137_245 LOOP COMP_I BUNDLEDNAME {} DSP 1 BRAM 0 URAM 0 STORAGESUBTYPE {} DISPNAME {bind_op mul} VISIBLE true} {BINDTYPE op ID {} IMPL dsp_slice LATENCY 3 OPTYPE add PRAGMA {} RTLNAME mac_muladd_16s_16s_32s_32_4_1_U774 SOURCE src/integrated-gcn/integrated_gcn.cpp:137 VARIABLE add_ln137_245 LOOP COMP_I BUNDLEDNAME {} DSP 1 BRAM 0 URAM 0 STORAGESUBTYPE {} DISPNAME {bind_op add} VISIBLE true} {BINDTYPE op ID {} IMPL dsp_slice LATENCY 3 OPTYPE mul PRAGMA {} RTLNAME mac_muladd_16s_16s_32s_32_4_1_U775 SOURCE src/integrated-gcn/integrated_gcn.cpp:137 VARIABLE mul_ln137_246 LOOP COMP_I BUNDLEDNAME {} DSP 1 BRAM 0 URAM 0 STORAGESUBTYPE {} DISPNAME {bind_op mul} VISIBLE true} {BINDTYPE op ID {} IMPL dsp_slice LATENCY 3 OPTYPE add PRAGMA {} RTLNAME mac_muladd_16s_16s_32s_32_4_1_U775 SOURCE src/integrated-gcn/integrated_gcn.cpp:137 VARIABLE add_ln137_246 LOOP COMP_I BUNDLEDNAME {} DSP 1 BRAM 0 URAM 0 STORAGESUBTYPE {} DISPNAME {bind_op add} VISIBLE true} {BINDTYPE op ID {} IMPL dsp_slice LATENCY 3 OPTYPE mul PRAGMA {} RTLNAME mac_muladd_16s_16s_32s_32_4_1_U776 SOURCE src/integrated-gcn/integrated_gcn.cpp:137 VARIABLE mul_ln137_247 LOOP COMP_I BUNDLEDNAME {} DSP 1 BRAM 0 URAM 0 STORAGESUBTYPE {} DISPNAME {bind_op mul} VISIBLE true} {BINDTYPE op ID {} IMPL dsp_slice LATENCY 3 OPTYPE add PRAGMA {} RTLNAME mac_muladd_16s_16s_32s_32_4_1_U776 SOURCE src/integrated-gcn/integrated_gcn.cpp:137 VARIABLE add_ln137_247 LOOP COMP_I BUNDLEDNAME {} DSP 1 BRAM 0 URAM 0 STORAGESUBTYPE {} DISPNAME {bind_op add} VISIBLE true} {BINDTYPE op ID {} IMPL dsp_slice LATENCY 3 OPTYPE mul PRAGMA {} RTLNAME mac_muladd_16s_16s_32s_32_4_1_U777 SOURCE src/integrated-gcn/integrated_gcn.cpp:137 VARIABLE mul_ln137_248 LOOP COMP_I BUNDLEDNAME {} DSP 1 BRAM 0 URAM 0 STORAGESUBTYPE {} DISPNAME {bind_op mul} VISIBLE true} {BINDTYPE op ID {} IMPL dsp_slice LATENCY 3 OPTYPE add PRAGMA {} RTLNAME mac_muladd_16s_16s_32s_32_4_1_U777 SOURCE src/integrated-gcn/integrated_gcn.cpp:137 VARIABLE add_ln137_248 LOOP COMP_I BUNDLEDNAME {} DSP 1 BRAM 0 URAM 0 STORAGESUBTYPE {} DISPNAME {bind_op add} VISIBLE true} {BINDTYPE op ID {} IMPL dsp_slice LATENCY 3 OPTYPE mul PRAGMA {} RTLNAME mac_muladd_16s_16s_32s_32_4_1_U778 SOURCE src/integrated-gcn/integrated_gcn.cpp:137 VARIABLE mul_ln137_249 LOOP COMP_I BUNDLEDNAME {} DSP 1 BRAM 0 URAM 0 STORAGESUBTYPE {} DISPNAME {bind_op mul} VISIBLE true} {BINDTYPE op ID {} IMPL dsp_slice LATENCY 3 OPTYPE add PRAGMA {} RTLNAME mac_muladd_16s_16s_32s_32_4_1_U778 SOURCE src/integrated-gcn/integrated_gcn.cpp:137 VARIABLE add_ln137_249 LOOP COMP_I BUNDLEDNAME {} DSP 1 BRAM 0 URAM 0 STORAGESUBTYPE {} DISPNAME {bind_op add} VISIBLE true} {BINDTYPE op ID {} IMPL dsp_slice LATENCY 3 OPTYPE mul PRAGMA {} RTLNAME mac_muladd_16s_16s_32s_32_4_1_U779 SOURCE src/integrated-gcn/integrated_gcn.cpp:137 VARIABLE mul_ln137_250 LOOP COMP_I BUNDLEDNAME {} DSP 1 BRAM 0 URAM 0 STORAGESUBTYPE {} DISPNAME {bind_op mul} VISIBLE true} {BINDTYPE op ID {} IMPL dsp_slice LATENCY 3 OPTYPE add PRAGMA {} RTLNAME mac_muladd_16s_16s_32s_32_4_1_U779 SOURCE src/integrated-gcn/integrated_gcn.cpp:137 VARIABLE add_ln137_250 LOOP COMP_I BUNDLEDNAME {} DSP 1 BRAM 0 URAM 0 STORAGESUBTYPE {} DISPNAME {bind_op add} VISIBLE true} {BINDTYPE op ID {} IMPL dsp_slice LATENCY 3 OPTYPE mul PRAGMA {} RTLNAME mac_muladd_16s_16s_32s_32_4_1_U780 SOURCE src/integrated-gcn/integrated_gcn.cpp:137 VARIABLE mul_ln137_251 LOOP COMP_I BUNDLEDNAME {} DSP 1 BRAM 0 URAM 0 STORAGESUBTYPE {} DISPNAME {bind_op mul} VISIBLE true} {BINDTYPE op ID {} IMPL dsp_slice LATENCY 3 OPTYPE add PRAGMA {} RTLNAME mac_muladd_16s_16s_32s_32_4_1_U780 SOURCE src/integrated-gcn/integrated_gcn.cpp:137 VARIABLE add_ln137_251 LOOP COMP_I BUNDLEDNAME {} DSP 1 BRAM 0 URAM 0 STORAGESUBTYPE {} DISPNAME {bind_op add} VISIBLE true} {BINDTYPE op ID {} IMPL dsp_slice LATENCY 3 OPTYPE mul PRAGMA {} RTLNAME mac_muladd_16s_16s_32s_32_4_1_U781 SOURCE src/integrated-gcn/integrated_gcn.cpp:137 VARIABLE mul_ln137_252 LOOP COMP_I BUNDLEDNAME {} DSP 1 BRAM 0 URAM 0 STORAGESUBTYPE {} DISPNAME {bind_op mul} VISIBLE true} {BINDTYPE op ID {} IMPL dsp_slice LATENCY 3 OPTYPE add PRAGMA {} RTLNAME mac_muladd_16s_16s_32s_32_4_1_U781 SOURCE src/integrated-gcn/integrated_gcn.cpp:137 VARIABLE add_ln137_252 LOOP COMP_I BUNDLEDNAME {} DSP 1 BRAM 0 URAM 0 STORAGESUBTYPE {} DISPNAME {bind_op add} VISIBLE true} {BINDTYPE op ID {} IMPL dsp_slice LATENCY 3 OPTYPE mul PRAGMA {} RTLNAME mac_muladd_16s_16s_32s_32_4_1_U782 SOURCE src/integrated-gcn/integrated_gcn.cpp:137 VARIABLE mul_ln137_253 LOOP COMP_I BUNDLEDNAME {} DSP 1 BRAM 0 URAM 0 STORAGESUBTYPE {} DISPNAME {bind_op mul} VISIBLE true} {BINDTYPE op ID {} IMPL dsp_slice LATENCY 3 OPTYPE add PRAGMA {} RTLNAME mac_muladd_16s_16s_32s_32_4_1_U782 SOURCE src/integrated-gcn/integrated_gcn.cpp:137 VARIABLE add_ln137_253 LOOP COMP_I BUNDLEDNAME {} DSP 1 BRAM 0 URAM 0 STORAGESUBTYPE {} DISPNAME {bind_op add} VISIBLE true} {BINDTYPE op ID {} IMPL dsp_slice LATENCY 3 OPTYPE mul PRAGMA {} RTLNAME mac_muladd_16s_16s_32s_32_4_1_U783 SOURCE src/integrated-gcn/integrated_gcn.cpp:137 VARIABLE mul_ln137_254 LOOP COMP_I BUNDLEDNAME {} DSP 1 BRAM 0 URAM 0 STORAGESUBTYPE {} DISPNAME {bind_op mul} VISIBLE true} {BINDTYPE op ID {} IMPL dsp_slice LATENCY 3 OPTYPE add PRAGMA {} RTLNAME mac_muladd_16s_16s_32s_32_4_1_U783 SOURCE src/integrated-gcn/integrated_gcn.cpp:137 VARIABLE add_ln137_254 LOOP COMP_I BUNDLEDNAME {} DSP 1 BRAM 0 URAM 0 STORAGESUBTYPE {} DISPNAME {bind_op add} VISIBLE true} {BINDTYPE op ID {} IMPL dsp_slice LATENCY 3 OPTYPE mul PRAGMA {} RTLNAME mac_muladd_16s_16s_32s_32_4_1_U784 SOURCE src/integrated-gcn/integrated_gcn.cpp:137 VARIABLE mul_ln137_255 LOOP COMP_I BUNDLEDNAME {} DSP 1 BRAM 0 URAM 0 STORAGESUBTYPE {} DISPNAME {bind_op mul} VISIBLE true} {BINDTYPE op ID {} IMPL dsp_slice LATENCY 3 OPTYPE add PRAGMA {} RTLNAME mac_muladd_16s_16s_32s_32_4_1_U784 SOURCE src/integrated-gcn/integrated_gcn.cpp:137 VARIABLE add_ln137_255 LOOP COMP_I BUNDLEDNAME {} DSP 1 BRAM 0 URAM 0 STORAGESUBTYPE {} DISPNAME {bind_op add} VISIBLE true} {BINDTYPE op ID {} IMPL fabric LATENCY 0 OPTYPE add PRAGMA {} RTLNAME add_ln128_fu_6554_p2 SOURCE src/integrated-gcn/integrated_gcn.cpp:128 VARIABLE add_ln128 LOOP COMP_I BUNDLEDNAME {} DSP 0 BRAM 0 URAM 0 STORAGESUBTYPE {} DISPNAME {bind_op add} VISIBLE true}} AREA {DSP 256 BRAM 0 URAM 0}} gemm_compute_Pipeline_COMP_EMIT_VITIS_LOOP_146_4 {BINDINFO {{BINDTYPE op ID {} IMPL auto LATENCY 0 OPTYPE seteq PRAGMA {} RTLNAME icmp_ln145_fu_4995_p2 SOURCE src/integrated-gcn/integrated_gcn.cpp:145 VARIABLE icmp_ln145 LOOP COMP_EMIT_VITIS_LOOP_146_4 BUNDLEDNAME {} DSP 0 BRAM 0 URAM 0 STORAGESUBTYPE {} DISPNAME {bind_op seteq} VISIBLE false} {BINDTYPE op ID {} IMPL fabric LATENCY 0 OPTYPE add PRAGMA {} RTLNAME add_ln145_fu_5001_p2 SOURCE src/integrated-gcn/integrated_gcn.cpp:145 VARIABLE add_ln145 LOOP COMP_EMIT_VITIS_LOOP_146_4 BUNDLEDNAME {} DSP 0 BRAM 0 URAM 0 STORAGESUBTYPE {} DISPNAME {bind_op add} VISIBLE true} {BINDTYPE op ID {} IMPL auto LATENCY 0 OPTYPE seteq PRAGMA {} RTLNAME icmp_ln146_fu_5017_p2 SOURCE src/integrated-gcn/integrated_gcn.cpp:146 VARIABLE icmp_ln146 LOOP COMP_EMIT_VITIS_LOOP_146_4 BUNDLEDNAME {} DSP 0 BRAM 0 URAM 0 STORAGESUBTYPE {} DISPNAME {bind_op seteq} VISIBLE false} {BINDTYPE op ID {} IMPL auto LATENCY 0 OPTYPE xor PRAGMA {} RTLNAME xor_ln145_fu_5023_p2 SOURCE src/integrated-gcn/integrated_gcn.cpp:145 VARIABLE xor_ln145 LOOP COMP_EMIT_VITIS_LOOP_146_4 BUNDLEDNAME {} DSP 0 BRAM 0 URAM 0 STORAGESUBTYPE {} DISPNAME {bind_op xor} VISIBLE false} {BINDTYPE op ID {} IMPL auto LATENCY 0 OPTYPE and PRAGMA {} RTLNAME and_ln145_fu_5029_p2 SOURCE src/integrated-gcn/integrated_gcn.cpp:145 VARIABLE and_ln145 LOOP COMP_EMIT_VITIS_LOOP_146_4 BUNDLEDNAME {} DSP 0 BRAM 0 URAM 0 STORAGESUBTYPE {} DISPNAME {bind_op and} VISIBLE false} {BINDTYPE op ID {} IMPL fabric LATENCY 0 OPTYPE add PRAGMA {} RTLNAME add_ln145_1_fu_5035_p2 SOURCE src/integrated-gcn/integrated_gcn.cpp:145 VARIABLE add_ln145_1 LOOP COMP_EMIT_VITIS_LOOP_146_4 BUNDLEDNAME {} DSP 0 BRAM 0 URAM 0 STORAGESUBTYPE {} DISPNAME {bind_op add} VISIBLE true} {BINDTYPE op ID {} IMPL auto_sel LATENCY 0 OPTYPE select PRAGMA {} RTLNAME select_ln145_fu_5041_p3 SOURCE src/integrated-gcn/integrated_gcn.cpp:145 VARIABLE select_ln145 LOOP COMP_EMIT_VITIS_LOOP_146_4 BUNDLEDNAME {} DSP 0 BRAM 0 URAM 0 STORAGESUBTYPE {} DISPNAME {bind_op select} VISIBLE false} {BINDTYPE op ID {} IMPL auto LATENCY 0 OPTYPE xor PRAGMA {} RTLNAME jj_cast_not_fu_5049_p2 SOURCE src/integrated-gcn/integrated_gcn.cpp:145 VARIABLE jj_cast_not LOOP COMP_EMIT_VITIS_LOOP_146_4 BUNDLEDNAME {} DSP 0 BRAM 0 URAM 0 STORAGESUBTYPE {} DISPNAME {bind_op xor} VISIBLE false} {BINDTYPE op ID {} IMPL auto LATENCY 0 OPTYPE or PRAGMA {} RTLNAME first_iter_0_fu_5055_p2 SOURCE src/integrated-gcn/integrated_gcn.cpp:146 VARIABLE first_iter_0 LOOP COMP_EMIT_VITIS_LOOP_146_4 BUNDLEDNAME {} DSP 0 BRAM 0 URAM 0 STORAGESUBTYPE {} DISPNAME {bind_op or} VISIBLE false} {BINDTYPE op ID {} IMPL auto_sel LATENCY 0 OPTYPE select PRAGMA {} RTLNAME tmp_s_fu_7434_p2 SOURCE src/integrated-gcn/integrated_gcn.cpp:151 VARIABLE select_ln151_4 LOOP COMP_EMIT_VITIS_LOOP_146_4 BUNDLEDNAME {} DSP 0 BRAM 0 URAM 0 STORAGESUBTYPE {} DISPNAME {bind_op select} VISIBLE false} {BINDTYPE op ID {} IMPL auto_sel LATENCY 0 OPTYPE select PRAGMA {} RTLNAME tmp_s_fu_7434_p4 SOURCE src/integrated-gcn/integrated_gcn.cpp:151 VARIABLE select_ln151_9 LOOP COMP_EMIT_VITIS_LOOP_146_4 BUNDLEDNAME {} DSP 0 BRAM 0 URAM 0 STORAGESUBTYPE {} DISPNAME {bind_op select} VISIBLE false} {BINDTYPE op ID {} IMPL auto_sel LATENCY 0 OPTYPE select PRAGMA {} RTLNAME tmp_s_fu_7434_p6 SOURCE src/integrated-gcn/integrated_gcn.cpp:151 VARIABLE select_ln151_14 LOOP COMP_EMIT_VITIS_LOOP_146_4 BUNDLEDNAME {} DSP 0 BRAM 0 URAM 0 STORAGESUBTYPE {} DISPNAME {bind_op select} VISIBLE false} {BINDTYPE op ID {} IMPL auto_sel LATENCY 0 OPTYPE select PRAGMA {} RTLNAME tmp_s_fu_7434_p8 SOURCE src/integrated-gcn/integrated_gcn.cpp:151 VARIABLE select_ln151_19 LOOP COMP_EMIT_VITIS_LOOP_146_4 BUNDLEDNAME {} DSP 0 BRAM 0 URAM 0 STORAGESUBTYPE {} DISPNAME {bind_op select} VISIBLE false} {BINDTYPE op ID {} IMPL compactencoding_dontcare LATENCY 0 OPTYPE sparsemux PRAGMA {} RTLNAME sparsemux_9_2_32_1_1_U1171 SOURCE src/integrated-gcn/integrated_gcn.cpp:151 VARIABLE tmp_s LOOP COMP_EMIT_VITIS_LOOP_146_4 BUNDLEDNAME {} DSP 0 BRAM 0 URAM 0 STORAGESUBTYPE {} DISPNAME {bind_op sparsemux} VISIBLE false} {BINDTYPE op ID {} IMPL fabric LATENCY 0 OPTYPE add PRAGMA {} RTLNAME add_ln151_fu_7495_p2 SOURCE src/integrated-gcn/integrated_gcn.cpp:151 VARIABLE add_ln151 LOOP COMP_EMIT_VITIS_LOOP_146_4 BUNDLEDNAME {} DSP 0 BRAM 0 URAM 0 STORAGESUBTYPE {} DISPNAME {bind_op add} VISIBLE true} {BINDTYPE op ID {} IMPL auto LATENCY 0 OPTYPE xor PRAGMA {} RTLNAME xor_ln151_fu_7509_p2 SOURCE src/integrated-gcn/integrated_gcn.cpp:151 VARIABLE xor_ln151 LOOP COMP_EMIT_VITIS_LOOP_146_4 BUNDLEDNAME {} DSP 0 BRAM 0 URAM 0 STORAGESUBTYPE {} DISPNAME {bind_op xor} VISIBLE false} {BINDTYPE op ID {} IMPL auto LATENCY 0 OPTYPE and PRAGMA {} RTLNAME and_ln151_fu_7515_p2 SOURCE src/integrated-gcn/integrated_gcn.cpp:151 VARIABLE and_ln151 LOOP COMP_EMIT_VITIS_LOOP_146_4 BUNDLEDNAME {} DSP 0 BRAM 0 URAM 0 STORAGESUBTYPE {} DISPNAME {bind_op and} VISIBLE false} {BINDTYPE op ID {} IMPL auto LATENCY 0 OPTYPE seteq PRAGMA {} RTLNAME icmp_ln151_fu_7537_p2 SOURCE src/integrated-gcn/integrated_gcn.cpp:151 VARIABLE icmp_ln151 LOOP COMP_EMIT_VITIS_LOOP_146_4 BUNDLEDNAME {} DSP 0 BRAM 0 URAM 0 STORAGESUBTYPE {} DISPNAME {bind_op seteq} VISIBLE false} {BINDTYPE op ID {} IMPL auto LATENCY 0 OPTYPE seteq PRAGMA {} RTLNAME icmp_ln151_1_fu_7551_p2 SOURCE src/integrated-gcn/integrated_gcn.cpp:151 VARIABLE icmp_ln151_1 LOOP COMP_EMIT_VITIS_LOOP_146_4 BUNDLEDNAME {} DSP 0 BRAM 0 URAM 0 STORAGESUBTYPE {} DISPNAME {bind_op seteq} VISIBLE false} {BINDTYPE op ID {} IMPL auto LATENCY 0 OPTYPE seteq PRAGMA {} RTLNAME icmp_ln151_2_fu_7557_p2 SOURCE src/integrated-gcn/integrated_gcn.cpp:151 VARIABLE icmp_ln151_2 LOOP COMP_EMIT_VITIS_LOOP_146_4 BUNDLEDNAME {} DSP 0 BRAM 0 URAM 0 STORAGESUBTYPE {} DISPNAME {bind_op seteq} VISIBLE false} {BINDTYPE op ID {} IMPL auto_sel LATENCY 0 OPTYPE select PRAGMA {} RTLNAME select_ln151_fu_7563_p3 SOURCE src/integrated-gcn/integrated_gcn.cpp:151 VARIABLE select_ln151 LOOP COMP_EMIT_VITIS_LOOP_146_4 BUNDLEDNAME {} DSP 0 BRAM 0 URAM 0 STORAGESUBTYPE {} DISPNAME {bind_op select} VISIBLE false} {BINDTYPE op ID {} IMPL auto LATENCY 0 OPTYPE xor PRAGMA {} RTLNAME xor_ln151_1_fu_7571_p2 SOURCE src/integrated-gcn/integrated_gcn.cpp:151 VARIABLE xor_ln151_1 LOOP COMP_EMIT_VITIS_LOOP_146_4 BUNDLEDNAME {} DSP 0 BRAM 0 URAM 0 STORAGESUBTYPE {} DISPNAME {bind_op xor} VISIBLE false} {BINDTYPE op ID {} IMPL auto LATENCY 0 OPTYPE and PRAGMA {} RTLNAME and_ln151_1_fu_7577_p2 SOURCE src/integrated-gcn/integrated_gcn.cpp:151 VARIABLE and_ln151_1 LOOP COMP_EMIT_VITIS_LOOP_146_4 BUNDLEDNAME {} DSP 0 BRAM 0 URAM 0 STORAGESUBTYPE {} DISPNAME {bind_op and} VISIBLE false} {BINDTYPE op ID {} IMPL auto_sel LATENCY 0 OPTYPE select PRAGMA {} RTLNAME select_ln151_1_fu_7583_p3 SOURCE src/integrated-gcn/integrated_gcn.cpp:151 VARIABLE select_ln151_1 LOOP COMP_EMIT_VITIS_LOOP_146_4 BUNDLEDNAME {} DSP 0 BRAM 0 URAM 0 STORAGESUBTYPE {} DISPNAME {bind_op select} VISIBLE false} {BINDTYPE op ID {} IMPL auto LATENCY 0 OPTYPE and PRAGMA {} RTLNAME and_ln151_2_fu_7591_p2 SOURCE src/integrated-gcn/integrated_gcn.cpp:151 VARIABLE and_ln151_2 LOOP COMP_EMIT_VITIS_LOOP_146_4 BUNDLEDNAME {} DSP 0 BRAM 0 URAM 0 STORAGESUBTYPE {} DISPNAME {bind_op and} VISIBLE false} {BINDTYPE op ID {} IMPL auto LATENCY 0 OPTYPE xor PRAGMA {} RTLNAME xor_ln151_2_fu_7597_p2 SOURCE src/integrated-gcn/integrated_gcn.cpp:151 VARIABLE xor_ln151_2 LOOP COMP_EMIT_VITIS_LOOP_146_4 BUNDLEDNAME {} DSP 0 BRAM 0 URAM 0 STORAGESUBTYPE {} DISPNAME {bind_op xor} VISIBLE false} {BINDTYPE op ID {} IMPL auto LATENCY 0 OPTYPE or PRAGMA {} RTLNAME or_ln151_fu_7603_p2 SOURCE src/integrated-gcn/integrated_gcn.cpp:151 VARIABLE or_ln151 LOOP COMP_EMIT_VITIS_LOOP_146_4 BUNDLEDNAME {} DSP 0 BRAM 0 URAM 0 STORAGESUBTYPE {} DISPNAME {bind_op or} VISIBLE false} {BINDTYPE op ID {} IMPL auto LATENCY 0 OPTYPE xor PRAGMA {} RTLNAME xor_ln151_3_fu_7609_p2 SOURCE src/integrated-gcn/integrated_gcn.cpp:151 VARIABLE xor_ln151_3 LOOP COMP_EMIT_VITIS_LOOP_146_4 BUNDLEDNAME {} DSP 0 BRAM 0 URAM 0 STORAGESUBTYPE {} DISPNAME {bind_op xor} VISIBLE false} {BINDTYPE op ID {} IMPL auto LATENCY 0 OPTYPE and PRAGMA {} RTLNAME and_ln151_3_fu_7615_p2 SOURCE src/integrated-gcn/integrated_gcn.cpp:151 VARIABLE and_ln151_3 LOOP COMP_EMIT_VITIS_LOOP_146_4 BUNDLEDNAME {} DSP 0 BRAM 0 URAM 0 STORAGESUBTYPE {} DISPNAME {bind_op and} VISIBLE false} {BINDTYPE op ID {} IMPL auto LATENCY 0 OPTYPE and PRAGMA {} RTLNAME and_ln151_4_fu_7621_p2 SOURCE src/integrated-gcn/integrated_gcn.cpp:151 VARIABLE and_ln151_4 LOOP COMP_EMIT_VITIS_LOOP_146_4 BUNDLEDNAME {} DSP 0 BRAM 0 URAM 0 STORAGESUBTYPE {} DISPNAME {bind_op and} VISIBLE false} {BINDTYPE op ID {} IMPL auto LATENCY 0 OPTYPE or PRAGMA {} RTLNAME or_ln151_64_fu_7627_p2 SOURCE src/integrated-gcn/integrated_gcn.cpp:151 VARIABLE or_ln151_64 LOOP COMP_EMIT_VITIS_LOOP_146_4 BUNDLEDNAME {} DSP 0 BRAM 0 URAM 0 STORAGESUBTYPE {} DISPNAME {bind_op or} VISIBLE false} {BINDTYPE op ID {} IMPL auto LATENCY 0 OPTYPE xor PRAGMA {} RTLNAME xor_ln151_4_fu_7633_p2 SOURCE src/integrated-gcn/integrated_gcn.cpp:151 VARIABLE xor_ln151_4 LOOP COMP_EMIT_VITIS_LOOP_146_4 BUNDLEDNAME {} DSP 0 BRAM 0 URAM 0 STORAGESUBTYPE {} DISPNAME {bind_op xor} VISIBLE false} {BINDTYPE op ID {} IMPL auto LATENCY 0 OPTYPE and PRAGMA {} RTLNAME and_ln151_5_fu_7639_p2 SOURCE src/integrated-gcn/integrated_gcn.cpp:151 VARIABLE and_ln151_5 LOOP COMP_EMIT_VITIS_LOOP_146_4 BUNDLEDNAME {} DSP 0 BRAM 0 URAM 0 STORAGESUBTYPE {} DISPNAME {bind_op and} VISIBLE false} {BINDTYPE op ID {} IMPL auto_sel LATENCY 0 OPTYPE select PRAGMA {} RTLNAME select_ln151_2_fu_7645_p3 SOURCE src/integrated-gcn/integrated_gcn.cpp:151 VARIABLE select_ln151_2 LOOP COMP_EMIT_VITIS_LOOP_146_4 BUNDLEDNAME {} DSP 0 BRAM 0 URAM 0 STORAGESUBTYPE {} DISPNAME {bind_op select} VISIBLE false} {BINDTYPE op ID {} IMPL auto LATENCY 0 OPTYPE or PRAGMA {} RTLNAME or_ln151_1_fu_7653_p2 SOURCE src/integrated-gcn/integrated_gcn.cpp:151 VARIABLE or_ln151_1 LOOP COMP_EMIT_VITIS_LOOP_146_4 BUNDLEDNAME {} DSP 0 BRAM 0 URAM 0 STORAGESUBTYPE {} DISPNAME {bind_op or} VISIBLE false} {BINDTYPE op ID {} IMPL auto_sel LATENCY 0 OPTYPE select PRAGMA {} RTLNAME select_ln151_3_fu_7659_p3 SOURCE src/integrated-gcn/integrated_gcn.cpp:151 VARIABLE select_ln151_3 LOOP COMP_EMIT_VITIS_LOOP_146_4 BUNDLEDNAME {} DSP 0 BRAM 0 URAM 0 STORAGESUBTYPE {} DISPNAME {bind_op select} VISIBLE false} {BINDTYPE op ID {} IMPL auto_sel LATENCY 0 OPTYPE select PRAGMA {} RTLNAME tmp_6_fu_7695_p2 SOURCE src/integrated-gcn/integrated_gcn.cpp:151 VARIABLE select_ln151_24 LOOP COMP_EMIT_VITIS_LOOP_146_4 BUNDLEDNAME {} DSP 0 BRAM 0 URAM 0 STORAGESUBTYPE {} DISPNAME {bind_op select} VISIBLE false} {BINDTYPE op ID {} IMPL auto_sel LATENCY 0 OPTYPE select PRAGMA {} RTLNAME tmp_6_fu_7695_p4 SOURCE src/integrated-gcn/integrated_gcn.cpp:151 VARIABLE select_ln151_29 LOOP COMP_EMIT_VITIS_LOOP_146_4 BUNDLEDNAME {} DSP 0 BRAM 0 URAM 0 STORAGESUBTYPE {} DISPNAME {bind_op select} VISIBLE false} {BINDTYPE op ID {} IMPL auto_sel LATENCY 0 OPTYPE select PRAGMA {} RTLNAME tmp_6_fu_7695_p6 SOURCE src/integrated-gcn/integrated_gcn.cpp:151 VARIABLE select_ln151_34 LOOP COMP_EMIT_VITIS_LOOP_146_4 BUNDLEDNAME {} DSP 0 BRAM 0 URAM 0 STORAGESUBTYPE {} DISPNAME {bind_op select} VISIBLE false} {BINDTYPE op ID {} IMPL auto_sel LATENCY 0 OPTYPE select PRAGMA {} RTLNAME tmp_6_fu_7695_p8 SOURCE src/integrated-gcn/integrated_gcn.cpp:151 VARIABLE select_ln151_39 LOOP COMP_EMIT_VITIS_LOOP_146_4 BUNDLEDNAME {} DSP 0 BRAM 0 URAM 0 STORAGESUBTYPE {} DISPNAME {bind_op select} VISIBLE false} {BINDTYPE op ID {} IMPL compactencoding_dontcare LATENCY 0 OPTYPE sparsemux PRAGMA {} RTLNAME sparsemux_9_2_32_1_1_U1172 SOURCE src/integrated-gcn/integrated_gcn.cpp:151 VARIABLE tmp_6 LOOP COMP_EMIT_VITIS_LOOP_146_4 BUNDLEDNAME {} DSP 0 BRAM 0 URAM 0 STORAGESUBTYPE {} DISPNAME {bind_op sparsemux} VISIBLE false} {BINDTYPE op ID {} IMPL fabric LATENCY 0 OPTYPE add PRAGMA {} RTLNAME add_ln151_1_fu_7756_p2 SOURCE src/integrated-gcn/integrated_gcn.cpp:151 VARIABLE add_ln151_1 LOOP COMP_EMIT_VITIS_LOOP_146_4 BUNDLEDNAME {} DSP 0 BRAM 0 URAM 0 STORAGESUBTYPE {} DISPNAME {bind_op add} VISIBLE true} {BINDTYPE op ID {} IMPL auto LATENCY 0 OPTYPE xor PRAGMA {} RTLNAME xor_ln151_5_fu_7770_p2 SOURCE src/integrated-gcn/integrated_gcn.cpp:151 VARIABLE xor_ln151_5 LOOP COMP_EMIT_VITIS_LOOP_146_4 BUNDLEDNAME {} DSP 0 BRAM 0 URAM 0 STORAGESUBTYPE {} DISPNAME {bind_op xor} VISIBLE false} {BINDTYPE op ID {} IMPL auto LATENCY 0 OPTYPE and PRAGMA {} RTLNAME and_ln151_6_fu_7776_p2 SOURCE src/integrated-gcn/integrated_gcn.cpp:151 VARIABLE and_ln151_6 LOOP COMP_EMIT_VITIS_LOOP_146_4 BUNDLEDNAME {} DSP 0 BRAM 0 URAM 0 STORAGESUBTYPE {} DISPNAME {bind_op and} VISIBLE false} {BINDTYPE op ID {} IMPL auto LATENCY 0 OPTYPE seteq PRAGMA {} RTLNAME icmp_ln151_3_fu_7798_p2 SOURCE src/integrated-gcn/integrated_gcn.cpp:151 VARIABLE icmp_ln151_3 LOOP COMP_EMIT_VITIS_LOOP_146_4 BUNDLEDNAME {} DSP 0 BRAM 0 URAM 0 STORAGESUBTYPE {} DISPNAME {bind_op seteq} VISIBLE false} {BINDTYPE op ID {} IMPL auto LATENCY 0 OPTYPE seteq PRAGMA {} RTLNAME icmp_ln151_4_fu_7812_p2 SOURCE src/integrated-gcn/integrated_gcn.cpp:151 VARIABLE icmp_ln151_4 LOOP COMP_EMIT_VITIS_LOOP_146_4 BUNDLEDNAME {} DSP 0 BRAM 0 URAM 0 STORAGESUBTYPE {} DISPNAME {bind_op seteq} VISIBLE false} {BINDTYPE op ID {} IMPL auto LATENCY 0 OPTYPE seteq PRAGMA {} RTLNAME icmp_ln151_5_fu_7818_p2 SOURCE src/integrated-gcn/integrated_gcn.cpp:151 VARIABLE icmp_ln151_5 LOOP COMP_EMIT_VITIS_LOOP_146_4 BUNDLEDNAME {} DSP 0 BRAM 0 URAM 0 STORAGESUBTYPE {} DISPNAME {bind_op seteq} VISIBLE false} {BINDTYPE op ID {} IMPL auto_sel LATENCY 0 OPTYPE select PRAGMA {} RTLNAME select_ln151_5_fu_7824_p3 SOURCE src/integrated-gcn/integrated_gcn.cpp:151 VARIABLE select_ln151_5 LOOP COMP_EMIT_VITIS_LOOP_146_4 BUNDLEDNAME {} DSP 0 BRAM 0 URAM 0 STORAGESUBTYPE {} DISPNAME {bind_op select} VISIBLE false} {BINDTYPE op ID {} IMPL auto LATENCY 0 OPTYPE xor PRAGMA {} RTLNAME xor_ln151_6_fu_7832_p2 SOURCE src/integrated-gcn/integrated_gcn.cpp:151 VARIABLE xor_ln151_6 LOOP COMP_EMIT_VITIS_LOOP_146_4 BUNDLEDNAME {} DSP 0 BRAM 0 URAM 0 STORAGESUBTYPE {} DISPNAME {bind_op xor} VISIBLE false} {BINDTYPE op ID {} IMPL auto LATENCY 0 OPTYPE and PRAGMA {} RTLNAME and_ln151_7_fu_7838_p2 SOURCE src/integrated-gcn/integrated_gcn.cpp:151 VARIABLE and_ln151_7 LOOP COMP_EMIT_VITIS_LOOP_146_4 BUNDLEDNAME {} DSP 0 BRAM 0 URAM 0 STORAGESUBTYPE {} DISPNAME {bind_op and} VISIBLE false} {BINDTYPE op ID {} IMPL auto_sel LATENCY 0 OPTYPE select PRAGMA {} RTLNAME select_ln151_6_fu_7844_p3 SOURCE src/integrated-gcn/integrated_gcn.cpp:151 VARIABLE select_ln151_6 LOOP COMP_EMIT_VITIS_LOOP_146_4 BUNDLEDNAME {} DSP 0 BRAM 0 URAM 0 STORAGESUBTYPE {} DISPNAME {bind_op select} VISIBLE false} {BINDTYPE op ID {} IMPL auto LATENCY 0 OPTYPE and PRAGMA {} RTLNAME and_ln151_8_fu_7852_p2 SOURCE src/integrated-gcn/integrated_gcn.cpp:151 VARIABLE and_ln151_8 LOOP COMP_EMIT_VITIS_LOOP_146_4 BUNDLEDNAME {} DSP 0 BRAM 0 URAM 0 STORAGESUBTYPE {} DISPNAME {bind_op and} VISIBLE false} {BINDTYPE op ID {} IMPL auto LATENCY 0 OPTYPE xor PRAGMA {} RTLNAME xor_ln151_7_fu_7858_p2 SOURCE src/integrated-gcn/integrated_gcn.cpp:151 VARIABLE xor_ln151_7 LOOP COMP_EMIT_VITIS_LOOP_146_4 BUNDLEDNAME {} DSP 0 BRAM 0 URAM 0 STORAGESUBTYPE {} DISPNAME {bind_op xor} VISIBLE false} {BINDTYPE op ID {} IMPL auto LATENCY 0 OPTYPE or PRAGMA {} RTLNAME or_ln151_2_fu_7864_p2 SOURCE src/integrated-gcn/integrated_gcn.cpp:151 VARIABLE or_ln151_2 LOOP COMP_EMIT_VITIS_LOOP_146_4 BUNDLEDNAME {} DSP 0 BRAM 0 URAM 0 STORAGESUBTYPE {} DISPNAME {bind_op or} VISIBLE false} {BINDTYPE op ID {} IMPL auto LATENCY 0 OPTYPE xor PRAGMA {} RTLNAME xor_ln151_8_fu_7870_p2 SOURCE src/integrated-gcn/integrated_gcn.cpp:151 VARIABLE xor_ln151_8 LOOP COMP_EMIT_VITIS_LOOP_146_4 BUNDLEDNAME {} DSP 0 BRAM 0 URAM 0 STORAGESUBTYPE {} DISPNAME {bind_op xor} VISIBLE false} {BINDTYPE op ID {} IMPL auto LATENCY 0 OPTYPE and PRAGMA {} RTLNAME and_ln151_9_fu_7876_p2 SOURCE src/integrated-gcn/integrated_gcn.cpp:151 VARIABLE and_ln151_9 LOOP COMP_EMIT_VITIS_LOOP_146_4 BUNDLEDNAME {} DSP 0 BRAM 0 URAM 0 STORAGESUBTYPE {} DISPNAME {bind_op and} VISIBLE false} {BINDTYPE op ID {} IMPL auto LATENCY 0 OPTYPE and PRAGMA {} RTLNAME and_ln151_10_fu_7882_p2 SOURCE src/integrated-gcn/integrated_gcn.cpp:151 VARIABLE and_ln151_10 LOOP COMP_EMIT_VITIS_LOOP_146_4 BUNDLEDNAME {} DSP 0 BRAM 0 URAM 0 STORAGESUBTYPE {} DISPNAME {bind_op and} VISIBLE false} {BINDTYPE op ID {} IMPL auto LATENCY 0 OPTYPE or PRAGMA {} RTLNAME or_ln151_65_fu_7888_p2 SOURCE src/integrated-gcn/integrated_gcn.cpp:151 VARIABLE or_ln151_65 LOOP COMP_EMIT_VITIS_LOOP_146_4 BUNDLEDNAME {} DSP 0 BRAM 0 URAM 0 STORAGESUBTYPE {} DISPNAME {bind_op or} VISIBLE false} {BINDTYPE op ID {} IMPL auto LATENCY 0 OPTYPE xor PRAGMA {} RTLNAME xor_ln151_9_fu_7894_p2 SOURCE src/integrated-gcn/integrated_gcn.cpp:151 VARIABLE xor_ln151_9 LOOP COMP_EMIT_VITIS_LOOP_146_4 BUNDLEDNAME {} DSP 0 BRAM 0 URAM 0 STORAGESUBTYPE {} DISPNAME {bind_op xor} VISIBLE false} {BINDTYPE op ID {} IMPL auto LATENCY 0 OPTYPE and PRAGMA {} RTLNAME and_ln151_11_fu_7900_p2 SOURCE src/integrated-gcn/integrated_gcn.cpp:151 VARIABLE and_ln151_11 LOOP COMP_EMIT_VITIS_LOOP_146_4 BUNDLEDNAME {} DSP 0 BRAM 0 URAM 0 STORAGESUBTYPE {} DISPNAME {bind_op and} VISIBLE false} {BINDTYPE op ID {} IMPL auto_sel LATENCY 0 OPTYPE select PRAGMA {} RTLNAME select_ln151_7_fu_7906_p3 SOURCE src/integrated-gcn/integrated_gcn.cpp:151 VARIABLE select_ln151_7 LOOP COMP_EMIT_VITIS_LOOP_146_4 BUNDLEDNAME {} DSP 0 BRAM 0 URAM 0 STORAGESUBTYPE {} DISPNAME {bind_op select} VISIBLE false} {BINDTYPE op ID {} IMPL auto LATENCY 0 OPTYPE or PRAGMA {} RTLNAME or_ln151_3_fu_7914_p2 SOURCE src/integrated-gcn/integrated_gcn.cpp:151 VARIABLE or_ln151_3 LOOP COMP_EMIT_VITIS_LOOP_146_4 BUNDLEDNAME {} DSP 0 BRAM 0 URAM 0 STORAGESUBTYPE {} DISPNAME {bind_op or} VISIBLE false} {BINDTYPE op ID {} IMPL auto_sel LATENCY 0 OPTYPE select PRAGMA {} RTLNAME select_ln151_8_fu_7920_p3 SOURCE src/integrated-gcn/integrated_gcn.cpp:151 VARIABLE select_ln151_8 LOOP COMP_EMIT_VITIS_LOOP_146_4 BUNDLEDNAME {} DSP 0 BRAM 0 URAM 0 STORAGESUBTYPE {} DISPNAME {bind_op select} VISIBLE false} {BINDTYPE op ID {} IMPL auto_sel LATENCY 0 OPTYPE select PRAGMA {} RTLNAME tmp_3_fu_7956_p2 SOURCE src/integrated-gcn/integrated_gcn.cpp:151 VARIABLE select_ln151_44 LOOP COMP_EMIT_VITIS_LOOP_146_4 BUNDLEDNAME {} DSP 0 BRAM 0 URAM 0 STORAGESUBTYPE {} DISPNAME {bind_op select} VISIBLE false} {BINDTYPE op ID {} IMPL auto_sel LATENCY 0 OPTYPE select PRAGMA {} RTLNAME tmp_3_fu_7956_p4 SOURCE src/integrated-gcn/integrated_gcn.cpp:151 VARIABLE select_ln151_49 LOOP COMP_EMIT_VITIS_LOOP_146_4 BUNDLEDNAME {} DSP 0 BRAM 0 URAM 0 STORAGESUBTYPE {} DISPNAME {bind_op select} VISIBLE false} {BINDTYPE op ID {} IMPL auto_sel LATENCY 0 OPTYPE select PRAGMA {} RTLNAME tmp_3_fu_7956_p6 SOURCE src/integrated-gcn/integrated_gcn.cpp:151 VARIABLE select_ln151_54 LOOP COMP_EMIT_VITIS_LOOP_146_4 BUNDLEDNAME {} DSP 0 BRAM 0 URAM 0 STORAGESUBTYPE {} DISPNAME {bind_op select} VISIBLE false} {BINDTYPE op ID {} IMPL auto_sel LATENCY 0 OPTYPE select PRAGMA {} RTLNAME tmp_3_fu_7956_p8 SOURCE src/integrated-gcn/integrated_gcn.cpp:151 VARIABLE select_ln151_59 LOOP COMP_EMIT_VITIS_LOOP_146_4 BUNDLEDNAME {} DSP 0 BRAM 0 URAM 0 STORAGESUBTYPE {} DISPNAME {bind_op select} VISIBLE false} {BINDTYPE op ID {} IMPL compactencoding_dontcare LATENCY 0 OPTYPE sparsemux PRAGMA {} RTLNAME sparsemux_9_2_32_1_1_U1173 SOURCE src/integrated-gcn/integrated_gcn.cpp:151 VARIABLE tmp_3 LOOP COMP_EMIT_VITIS_LOOP_146_4 BUNDLEDNAME {} DSP 0 BRAM 0 URAM 0 STORAGESUBTYPE {} DISPNAME {bind_op sparsemux} VISIBLE false} {BINDTYPE op ID {} IMPL fabric LATENCY 0 OPTYPE add PRAGMA {} RTLNAME add_ln151_2_fu_8017_p2 SOURCE src/integrated-gcn/integrated_gcn.cpp:151 VARIABLE add_ln151_2 LOOP COMP_EMIT_VITIS_LOOP_146_4 BUNDLEDNAME {} DSP 0 BRAM 0 URAM 0 STORAGESUBTYPE {} DISPNAME {bind_op add} VISIBLE true} {BINDTYPE op ID {} IMPL auto LATENCY 0 OPTYPE xor PRAGMA {} RTLNAME xor_ln151_10_fu_8031_p2 SOURCE src/integrated-gcn/integrated_gcn.cpp:151 VARIABLE xor_ln151_10 LOOP COMP_EMIT_VITIS_LOOP_146_4 BUNDLEDNAME {} DSP 0 BRAM 0 URAM 0 STORAGESUBTYPE {} DISPNAME {bind_op xor} VISIBLE false} {BINDTYPE op ID {} IMPL auto LATENCY 0 OPTYPE and PRAGMA {} RTLNAME and_ln151_12_fu_8037_p2 SOURCE src/integrated-gcn/integrated_gcn.cpp:151 VARIABLE and_ln151_12 LOOP COMP_EMIT_VITIS_LOOP_146_4 BUNDLEDNAME {} DSP 0 BRAM 0 URAM 0 STORAGESUBTYPE {} DISPNAME {bind_op and} VISIBLE false} {BINDTYPE op ID {} IMPL auto LATENCY 0 OPTYPE seteq PRAGMA {} RTLNAME icmp_ln151_6_fu_8059_p2 SOURCE src/integrated-gcn/integrated_gcn.cpp:151 VARIABLE icmp_ln151_6 LOOP COMP_EMIT_VITIS_LOOP_146_4 BUNDLEDNAME {} DSP 0 BRAM 0 URAM 0 STORAGESUBTYPE {} DISPNAME {bind_op seteq} VISIBLE false} {BINDTYPE op ID {} IMPL auto LATENCY 0 OPTYPE seteq PRAGMA {} RTLNAME icmp_ln151_7_fu_8073_p2 SOURCE src/integrated-gcn/integrated_gcn.cpp:151 VARIABLE icmp_ln151_7 LOOP COMP_EMIT_VITIS_LOOP_146_4 BUNDLEDNAME {} DSP 0 BRAM 0 URAM 0 STORAGESUBTYPE {} DISPNAME {bind_op seteq} VISIBLE false} {BINDTYPE op ID {} IMPL auto LATENCY 0 OPTYPE seteq PRAGMA {} RTLNAME icmp_ln151_8_fu_8079_p2 SOURCE src/integrated-gcn/integrated_gcn.cpp:151 VARIABLE icmp_ln151_8 LOOP COMP_EMIT_VITIS_LOOP_146_4 BUNDLEDNAME {} DSP 0 BRAM 0 URAM 0 STORAGESUBTYPE {} DISPNAME {bind_op seteq} VISIBLE false} {BINDTYPE op ID {} IMPL auto_sel LATENCY 0 OPTYPE select PRAGMA {} RTLNAME select_ln151_10_fu_8085_p3 SOURCE src/integrated-gcn/integrated_gcn.cpp:151 VARIABLE select_ln151_10 LOOP COMP_EMIT_VITIS_LOOP_146_4 BUNDLEDNAME {} DSP 0 BRAM 0 URAM 0 STORAGESUBTYPE {} DISPNAME {bind_op select} VISIBLE false} {BINDTYPE op ID {} IMPL auto LATENCY 0 OPTYPE xor PRAGMA {} RTLNAME xor_ln151_11_fu_8093_p2 SOURCE src/integrated-gcn/integrated_gcn.cpp:151 VARIABLE xor_ln151_11 LOOP COMP_EMIT_VITIS_LOOP_146_4 BUNDLEDNAME {} DSP 0 BRAM 0 URAM 0 STORAGESUBTYPE {} DISPNAME {bind_op xor} VISIBLE false} {BINDTYPE op ID {} IMPL auto LATENCY 0 OPTYPE and PRAGMA {} RTLNAME and_ln151_13_fu_8099_p2 SOURCE src/integrated-gcn/integrated_gcn.cpp:151 VARIABLE and_ln151_13 LOOP COMP_EMIT_VITIS_LOOP_146_4 BUNDLEDNAME {} DSP 0 BRAM 0 URAM 0 STORAGESUBTYPE {} DISPNAME {bind_op and} VISIBLE false} {BINDTYPE op ID {} IMPL auto_sel LATENCY 0 OPTYPE select PRAGMA {} RTLNAME select_ln151_11_fu_8105_p3 SOURCE src/integrated-gcn/integrated_gcn.cpp:151 VARIABLE select_ln151_11 LOOP COMP_EMIT_VITIS_LOOP_146_4 BUNDLEDNAME {} DSP 0 BRAM 0 URAM 0 STORAGESUBTYPE {} DISPNAME {bind_op select} VISIBLE false} {BINDTYPE op ID {} IMPL auto LATENCY 0 OPTYPE and PRAGMA {} RTLNAME and_ln151_14_fu_8113_p2 SOURCE src/integrated-gcn/integrated_gcn.cpp:151 VARIABLE and_ln151_14 LOOP COMP_EMIT_VITIS_LOOP_146_4 BUNDLEDNAME {} DSP 0 BRAM 0 URAM 0 STORAGESUBTYPE {} DISPNAME {bind_op and} VISIBLE false} {BINDTYPE op ID {} IMPL auto LATENCY 0 OPTYPE xor PRAGMA {} RTLNAME xor_ln151_12_fu_8119_p2 SOURCE src/integrated-gcn/integrated_gcn.cpp:151 VARIABLE xor_ln151_12 LOOP COMP_EMIT_VITIS_LOOP_146_4 BUNDLEDNAME {} DSP 0 BRAM 0 URAM 0 STORAGESUBTYPE {} DISPNAME {bind_op xor} VISIBLE false} {BINDTYPE op ID {} IMPL auto LATENCY 0 OPTYPE or PRAGMA {} RTLNAME or_ln151_4_fu_8125_p2 SOURCE src/integrated-gcn/integrated_gcn.cpp:151 VARIABLE or_ln151_4 LOOP COMP_EMIT_VITIS_LOOP_146_4 BUNDLEDNAME {} DSP 0 BRAM 0 URAM 0 STORAGESUBTYPE {} DISPNAME {bind_op or} VISIBLE false} {BINDTYPE op ID {} IMPL auto LATENCY 0 OPTYPE xor PRAGMA {} RTLNAME xor_ln151_13_fu_8131_p2 SOURCE src/integrated-gcn/integrated_gcn.cpp:151 VARIABLE xor_ln151_13 LOOP COMP_EMIT_VITIS_LOOP_146_4 BUNDLEDNAME {} DSP 0 BRAM 0 URAM 0 STORAGESUBTYPE {} DISPNAME {bind_op xor} VISIBLE false} {BINDTYPE op ID {} IMPL auto LATENCY 0 OPTYPE and PRAGMA {} RTLNAME and_ln151_15_fu_8137_p2 SOURCE src/integrated-gcn/integrated_gcn.cpp:151 VARIABLE and_ln151_15 LOOP COMP_EMIT_VITIS_LOOP_146_4 BUNDLEDNAME {} DSP 0 BRAM 0 URAM 0 STORAGESUBTYPE {} DISPNAME {bind_op and} VISIBLE false} {BINDTYPE op ID {} IMPL auto LATENCY 0 OPTYPE and PRAGMA {} RTLNAME and_ln151_16_fu_8143_p2 SOURCE src/integrated-gcn/integrated_gcn.cpp:151 VARIABLE and_ln151_16 LOOP COMP_EMIT_VITIS_LOOP_146_4 BUNDLEDNAME {} DSP 0 BRAM 0 URAM 0 STORAGESUBTYPE {} DISPNAME {bind_op and} VISIBLE false} {BINDTYPE op ID {} IMPL auto LATENCY 0 OPTYPE or PRAGMA {} RTLNAME or_ln151_66_fu_8149_p2 SOURCE src/integrated-gcn/integrated_gcn.cpp:151 VARIABLE or_ln151_66 LOOP COMP_EMIT_VITIS_LOOP_146_4 BUNDLEDNAME {} DSP 0 BRAM 0 URAM 0 STORAGESUBTYPE {} DISPNAME {bind_op or} VISIBLE false} {BINDTYPE op ID {} IMPL auto LATENCY 0 OPTYPE xor PRAGMA {} RTLNAME xor_ln151_14_fu_8155_p2 SOURCE src/integrated-gcn/integrated_gcn.cpp:151 VARIABLE xor_ln151_14 LOOP COMP_EMIT_VITIS_LOOP_146_4 BUNDLEDNAME {} DSP 0 BRAM 0 URAM 0 STORAGESUBTYPE {} DISPNAME {bind_op xor} VISIBLE false} {BINDTYPE op ID {} IMPL auto LATENCY 0 OPTYPE and PRAGMA {} RTLNAME and_ln151_17_fu_8161_p2 SOURCE src/integrated-gcn/integrated_gcn.cpp:151 VARIABLE and_ln151_17 LOOP COMP_EMIT_VITIS_LOOP_146_4 BUNDLEDNAME {} DSP 0 BRAM 0 URAM 0 STORAGESUBTYPE {} DISPNAME {bind_op and} VISIBLE false} {BINDTYPE op ID {} IMPL auto_sel LATENCY 0 OPTYPE select PRAGMA {} RTLNAME select_ln151_12_fu_8167_p3 SOURCE src/integrated-gcn/integrated_gcn.cpp:151 VARIABLE select_ln151_12 LOOP COMP_EMIT_VITIS_LOOP_146_4 BUNDLEDNAME {} DSP 0 BRAM 0 URAM 0 STORAGESUBTYPE {} DISPNAME {bind_op select} VISIBLE false} {BINDTYPE op ID {} IMPL auto LATENCY 0 OPTYPE or PRAGMA {} RTLNAME or_ln151_5_fu_8175_p2 SOURCE src/integrated-gcn/integrated_gcn.cpp:151 VARIABLE or_ln151_5 LOOP COMP_EMIT_VITIS_LOOP_146_4 BUNDLEDNAME {} DSP 0 BRAM 0 URAM 0 STORAGESUBTYPE {} DISPNAME {bind_op or} VISIBLE false} {BINDTYPE op ID {} IMPL auto_sel LATENCY 0 OPTYPE select PRAGMA {} RTLNAME select_ln151_13_fu_8181_p3 SOURCE src/integrated-gcn/integrated_gcn.cpp:151 VARIABLE select_ln151_13 LOOP COMP_EMIT_VITIS_LOOP_146_4 BUNDLEDNAME {} DSP 0 BRAM 0 URAM 0 STORAGESUBTYPE {} DISPNAME {bind_op select} VISIBLE false} {BINDTYPE op ID {} IMPL auto_sel LATENCY 0 OPTYPE select PRAGMA {} RTLNAME tmp_15_fu_8217_p2 SOURCE src/integrated-gcn/integrated_gcn.cpp:151 VARIABLE select_ln151_64 LOOP COMP_EMIT_VITIS_LOOP_146_4 BUNDLEDNAME {} DSP 0 BRAM 0 URAM 0 STORAGESUBTYPE {} DISPNAME {bind_op select} VISIBLE false} {BINDTYPE op ID {} IMPL auto_sel LATENCY 0 OPTYPE select PRAGMA {} RTLNAME tmp_15_fu_8217_p4 SOURCE src/integrated-gcn/integrated_gcn.cpp:151 VARIABLE select_ln151_69 LOOP COMP_EMIT_VITIS_LOOP_146_4 BUNDLEDNAME {} DSP 0 BRAM 0 URAM 0 STORAGESUBTYPE {} DISPNAME {bind_op select} VISIBLE false} {BINDTYPE op ID {} IMPL auto_sel LATENCY 0 OPTYPE select PRAGMA {} RTLNAME tmp_15_fu_8217_p6 SOURCE src/integrated-gcn/integrated_gcn.cpp:151 VARIABLE select_ln151_74 LOOP COMP_EMIT_VITIS_LOOP_146_4 BUNDLEDNAME {} DSP 0 BRAM 0 URAM 0 STORAGESUBTYPE {} DISPNAME {bind_op select} VISIBLE false} {BINDTYPE op ID {} IMPL auto_sel LATENCY 0 OPTYPE select PRAGMA {} RTLNAME tmp_15_fu_8217_p8 SOURCE src/integrated-gcn/integrated_gcn.cpp:151 VARIABLE select_ln151_79 LOOP COMP_EMIT_VITIS_LOOP_146_4 BUNDLEDNAME {} DSP 0 BRAM 0 URAM 0 STORAGESUBTYPE {} DISPNAME {bind_op select} VISIBLE false} {BINDTYPE op ID {} IMPL compactencoding_dontcare LATENCY 0 OPTYPE sparsemux PRAGMA {} RTLNAME sparsemux_9_2_32_1_1_U1174 SOURCE src/integrated-gcn/integrated_gcn.cpp:151 VARIABLE tmp_15 LOOP COMP_EMIT_VITIS_LOOP_146_4 BUNDLEDNAME {} DSP 0 BRAM 0 URAM 0 STORAGESUBTYPE {} DISPNAME {bind_op sparsemux} VISIBLE false} {BINDTYPE op ID {} IMPL fabric LATENCY 0 OPTYPE add PRAGMA {} RTLNAME add_ln151_3_fu_8278_p2 SOURCE src/integrated-gcn/integrated_gcn.cpp:151 VARIABLE add_ln151_3 LOOP COMP_EMIT_VITIS_LOOP_146_4 BUNDLEDNAME {} DSP 0 BRAM 0 URAM 0 STORAGESUBTYPE {} DISPNAME {bind_op add} VISIBLE true} {BINDTYPE op ID {} IMPL auto LATENCY 0 OPTYPE xor PRAGMA {} RTLNAME xor_ln151_15_fu_8292_p2 SOURCE src/integrated-gcn/integrated_gcn.cpp:151 VARIABLE xor_ln151_15 LOOP COMP_EMIT_VITIS_LOOP_146_4 BUNDLEDNAME {} DSP 0 BRAM 0 URAM 0 STORAGESUBTYPE {} DISPNAME {bind_op xor} VISIBLE false} {BINDTYPE op ID {} IMPL auto LATENCY 0 OPTYPE and PRAGMA {} RTLNAME and_ln151_18_fu_8298_p2 SOURCE src/integrated-gcn/integrated_gcn.cpp:151 VARIABLE and_ln151_18 LOOP COMP_EMIT_VITIS_LOOP_146_4 BUNDLEDNAME {} DSP 0 BRAM 0 URAM 0 STORAGESUBTYPE {} DISPNAME {bind_op and} VISIBLE false} {BINDTYPE op ID {} IMPL auto LATENCY 0 OPTYPE seteq PRAGMA {} RTLNAME icmp_ln151_9_fu_8320_p2 SOURCE src/integrated-gcn/integrated_gcn.cpp:151 VARIABLE icmp_ln151_9 LOOP COMP_EMIT_VITIS_LOOP_146_4 BUNDLEDNAME {} DSP 0 BRAM 0 URAM 0 STORAGESUBTYPE {} DISPNAME {bind_op seteq} VISIBLE false} {BINDTYPE op ID {} IMPL auto LATENCY 0 OPTYPE seteq PRAGMA {} RTLNAME icmp_ln151_10_fu_8334_p2 SOURCE src/integrated-gcn/integrated_gcn.cpp:151 VARIABLE icmp_ln151_10 LOOP COMP_EMIT_VITIS_LOOP_146_4 BUNDLEDNAME {} DSP 0 BRAM 0 URAM 0 STORAGESUBTYPE {} DISPNAME {bind_op seteq} VISIBLE false} {BINDTYPE op ID {} IMPL auto LATENCY 0 OPTYPE seteq PRAGMA {} RTLNAME icmp_ln151_11_fu_8340_p2 SOURCE src/integrated-gcn/integrated_gcn.cpp:151 VARIABLE icmp_ln151_11 LOOP COMP_EMIT_VITIS_LOOP_146_4 BUNDLEDNAME {} DSP 0 BRAM 0 URAM 0 STORAGESUBTYPE {} DISPNAME {bind_op seteq} VISIBLE false} {BINDTYPE op ID {} IMPL auto_sel LATENCY 0 OPTYPE select PRAGMA {} RTLNAME select_ln151_15_fu_8346_p3 SOURCE src/integrated-gcn/integrated_gcn.cpp:151 VARIABLE select_ln151_15 LOOP COMP_EMIT_VITIS_LOOP_146_4 BUNDLEDNAME {} DSP 0 BRAM 0 URAM 0 STORAGESUBTYPE {} DISPNAME {bind_op select} VISIBLE false} {BINDTYPE op ID {} IMPL auto LATENCY 0 OPTYPE xor PRAGMA {} RTLNAME xor_ln151_16_fu_8354_p2 SOURCE src/integrated-gcn/integrated_gcn.cpp:151 VARIABLE xor_ln151_16 LOOP COMP_EMIT_VITIS_LOOP_146_4 BUNDLEDNAME {} DSP 0 BRAM 0 URAM 0 STORAGESUBTYPE {} DISPNAME {bind_op xor} VISIBLE false} {BINDTYPE op ID {} IMPL auto LATENCY 0 OPTYPE and PRAGMA {} RTLNAME and_ln151_19_fu_8360_p2 SOURCE src/integrated-gcn/integrated_gcn.cpp:151 VARIABLE and_ln151_19 LOOP COMP_EMIT_VITIS_LOOP_146_4 BUNDLEDNAME {} DSP 0 BRAM 0 URAM 0 STORAGESUBTYPE {} DISPNAME {bind_op and} VISIBLE false} {BINDTYPE op ID {} IMPL auto_sel LATENCY 0 OPTYPE select PRAGMA {} RTLNAME select_ln151_16_fu_8366_p3 SOURCE src/integrated-gcn/integrated_gcn.cpp:151 VARIABLE select_ln151_16 LOOP COMP_EMIT_VITIS_LOOP_146_4 BUNDLEDNAME {} DSP 0 BRAM 0 URAM 0 STORAGESUBTYPE {} DISPNAME {bind_op select} VISIBLE false} {BINDTYPE op ID {} IMPL auto LATENCY 0 OPTYPE and PRAGMA {} RTLNAME and_ln151_20_fu_8374_p2 SOURCE src/integrated-gcn/integrated_gcn.cpp:151 VARIABLE and_ln151_20 LOOP COMP_EMIT_VITIS_LOOP_146_4 BUNDLEDNAME {} DSP 0 BRAM 0 URAM 0 STORAGESUBTYPE {} DISPNAME {bind_op and} VISIBLE false} {BINDTYPE op ID {} IMPL auto LATENCY 0 OPTYPE xor PRAGMA {} RTLNAME xor_ln151_17_fu_8380_p2 SOURCE src/integrated-gcn/integrated_gcn.cpp:151 VARIABLE xor_ln151_17 LOOP COMP_EMIT_VITIS_LOOP_146_4 BUNDLEDNAME {} DSP 0 BRAM 0 URAM 0 STORAGESUBTYPE {} DISPNAME {bind_op xor} VISIBLE false} {BINDTYPE op ID {} IMPL auto LATENCY 0 OPTYPE or PRAGMA {} RTLNAME or_ln151_6_fu_8386_p2 SOURCE src/integrated-gcn/integrated_gcn.cpp:151 VARIABLE or_ln151_6 LOOP COMP_EMIT_VITIS_LOOP_146_4 BUNDLEDNAME {} DSP 0 BRAM 0 URAM 0 STORAGESUBTYPE {} DISPNAME {bind_op or} VISIBLE false} {BINDTYPE op ID {} IMPL auto LATENCY 0 OPTYPE xor PRAGMA {} RTLNAME xor_ln151_18_fu_8392_p2 SOURCE src/integrated-gcn/integrated_gcn.cpp:151 VARIABLE xor_ln151_18 LOOP COMP_EMIT_VITIS_LOOP_146_4 BUNDLEDNAME {} DSP 0 BRAM 0 URAM 0 STORAGESUBTYPE {} DISPNAME {bind_op xor} VISIBLE false} {BINDTYPE op ID {} IMPL auto LATENCY 0 OPTYPE and PRAGMA {} RTLNAME and_ln151_21_fu_8398_p2 SOURCE src/integrated-gcn/integrated_gcn.cpp:151 VARIABLE and_ln151_21 LOOP COMP_EMIT_VITIS_LOOP_146_4 BUNDLEDNAME {} DSP 0 BRAM 0 URAM 0 STORAGESUBTYPE {} DISPNAME {bind_op and} VISIBLE false} {BINDTYPE op ID {} IMPL auto LATENCY 0 OPTYPE and PRAGMA {} RTLNAME and_ln151_22_fu_8404_p2 SOURCE src/integrated-gcn/integrated_gcn.cpp:151 VARIABLE and_ln151_22 LOOP COMP_EMIT_VITIS_LOOP_146_4 BUNDLEDNAME {} DSP 0 BRAM 0 URAM 0 STORAGESUBTYPE {} DISPNAME {bind_op and} VISIBLE false} {BINDTYPE op ID {} IMPL auto LATENCY 0 OPTYPE or PRAGMA {} RTLNAME or_ln151_67_fu_8410_p2 SOURCE src/integrated-gcn/integrated_gcn.cpp:151 VARIABLE or_ln151_67 LOOP COMP_EMIT_VITIS_LOOP_146_4 BUNDLEDNAME {} DSP 0 BRAM 0 URAM 0 STORAGESUBTYPE {} DISPNAME {bind_op or} VISIBLE false} {BINDTYPE op ID {} IMPL auto LATENCY 0 OPTYPE xor PRAGMA {} RTLNAME xor_ln151_19_fu_8416_p2 SOURCE src/integrated-gcn/integrated_gcn.cpp:151 VARIABLE xor_ln151_19 LOOP COMP_EMIT_VITIS_LOOP_146_4 BUNDLEDNAME {} DSP 0 BRAM 0 URAM 0 STORAGESUBTYPE {} DISPNAME {bind_op xor} VISIBLE false} {BINDTYPE op ID {} IMPL auto LATENCY 0 OPTYPE and PRAGMA {} RTLNAME and_ln151_23_fu_8422_p2 SOURCE src/integrated-gcn/integrated_gcn.cpp:151 VARIABLE and_ln151_23 LOOP COMP_EMIT_VITIS_LOOP_146_4 BUNDLEDNAME {} DSP 0 BRAM 0 URAM 0 STORAGESUBTYPE {} DISPNAME {bind_op and} VISIBLE false} {BINDTYPE op ID {} IMPL auto_sel LATENCY 0 OPTYPE select PRAGMA {} RTLNAME select_ln151_17_fu_8428_p3 SOURCE src/integrated-gcn/integrated_gcn.cpp:151 VARIABLE select_ln151_17 LOOP COMP_EMIT_VITIS_LOOP_146_4 BUNDLEDNAME {} DSP 0 BRAM 0 URAM 0 STORAGESUBTYPE {} DISPNAME {bind_op select} VISIBLE false} {BINDTYPE op ID {} IMPL auto LATENCY 0 OPTYPE or PRAGMA {} RTLNAME or_ln151_7_fu_8436_p2 SOURCE src/integrated-gcn/integrated_gcn.cpp:151 VARIABLE or_ln151_7 LOOP COMP_EMIT_VITIS_LOOP_146_4 BUNDLEDNAME {} DSP 0 BRAM 0 URAM 0 STORAGESUBTYPE {} DISPNAME {bind_op or} VISIBLE false} {BINDTYPE op ID {} IMPL auto_sel LATENCY 0 OPTYPE select PRAGMA {} RTLNAME select_ln151_18_fu_8442_p3 SOURCE src/integrated-gcn/integrated_gcn.cpp:151 VARIABLE select_ln151_18 LOOP COMP_EMIT_VITIS_LOOP_146_4 BUNDLEDNAME {} DSP 0 BRAM 0 URAM 0 STORAGESUBTYPE {} DISPNAME {bind_op select} VISIBLE false} {BINDTYPE op ID {} IMPL auto_sel LATENCY 0 OPTYPE select PRAGMA {} RTLNAME tmp_23_fu_8478_p2 SOURCE src/integrated-gcn/integrated_gcn.cpp:151 VARIABLE select_ln151_84 LOOP COMP_EMIT_VITIS_LOOP_146_4 BUNDLEDNAME {} DSP 0 BRAM 0 URAM 0 STORAGESUBTYPE {} DISPNAME {bind_op select} VISIBLE false} {BINDTYPE op ID {} IMPL auto_sel LATENCY 0 OPTYPE select PRAGMA {} RTLNAME tmp_23_fu_8478_p4 SOURCE src/integrated-gcn/integrated_gcn.cpp:151 VARIABLE select_ln151_89 LOOP COMP_EMIT_VITIS_LOOP_146_4 BUNDLEDNAME {} DSP 0 BRAM 0 URAM 0 STORAGESUBTYPE {} DISPNAME {bind_op select} VISIBLE false} {BINDTYPE op ID {} IMPL auto_sel LATENCY 0 OPTYPE select PRAGMA {} RTLNAME tmp_23_fu_8478_p6 SOURCE src/integrated-gcn/integrated_gcn.cpp:151 VARIABLE select_ln151_94 LOOP COMP_EMIT_VITIS_LOOP_146_4 BUNDLEDNAME {} DSP 0 BRAM 0 URAM 0 STORAGESUBTYPE {} DISPNAME {bind_op select} VISIBLE false} {BINDTYPE op ID {} IMPL auto_sel LATENCY 0 OPTYPE select PRAGMA {} RTLNAME tmp_23_fu_8478_p8 SOURCE src/integrated-gcn/integrated_gcn.cpp:151 VARIABLE select_ln151_99 LOOP COMP_EMIT_VITIS_LOOP_146_4 BUNDLEDNAME {} DSP 0 BRAM 0 URAM 0 STORAGESUBTYPE {} DISPNAME {bind_op select} VISIBLE false} {BINDTYPE op ID {} IMPL compactencoding_dontcare LATENCY 0 OPTYPE sparsemux PRAGMA {} RTLNAME sparsemux_9_2_32_1_1_U1175 SOURCE src/integrated-gcn/integrated_gcn.cpp:151 VARIABLE tmp_23 LOOP COMP_EMIT_VITIS_LOOP_146_4 BUNDLEDNAME {} DSP 0 BRAM 0 URAM 0 STORAGESUBTYPE {} DISPNAME {bind_op sparsemux} VISIBLE false} {BINDTYPE op ID {} IMPL fabric LATENCY 0 OPTYPE add PRAGMA {} RTLNAME add_ln151_4_fu_8539_p2 SOURCE src/integrated-gcn/integrated_gcn.cpp:151 VARIABLE add_ln151_4 LOOP COMP_EMIT_VITIS_LOOP_146_4 BUNDLEDNAME {} DSP 0 BRAM 0 URAM 0 STORAGESUBTYPE {} DISPNAME {bind_op add} VISIBLE true} {BINDTYPE op ID {} IMPL auto LATENCY 0 OPTYPE xor PRAGMA {} RTLNAME xor_ln151_20_fu_8553_p2 SOURCE src/integrated-gcn/integrated_gcn.cpp:151 VARIABLE xor_ln151_20 LOOP COMP_EMIT_VITIS_LOOP_146_4 BUNDLEDNAME {} DSP 0 BRAM 0 URAM 0 STORAGESUBTYPE {} DISPNAME {bind_op xor} VISIBLE false} {BINDTYPE op ID {} IMPL auto LATENCY 0 OPTYPE and PRAGMA {} RTLNAME and_ln151_24_fu_8559_p2 SOURCE src/integrated-gcn/integrated_gcn.cpp:151 VARIABLE and_ln151_24 LOOP COMP_EMIT_VITIS_LOOP_146_4 BUNDLEDNAME {} DSP 0 BRAM 0 URAM 0 STORAGESUBTYPE {} DISPNAME {bind_op and} VISIBLE false} {BINDTYPE op ID {} IMPL auto LATENCY 0 OPTYPE seteq PRAGMA {} RTLNAME icmp_ln151_12_fu_8581_p2 SOURCE src/integrated-gcn/integrated_gcn.cpp:151 VARIABLE icmp_ln151_12 LOOP COMP_EMIT_VITIS_LOOP_146_4 BUNDLEDNAME {} DSP 0 BRAM 0 URAM 0 STORAGESUBTYPE {} DISPNAME {bind_op seteq} VISIBLE false} {BINDTYPE op ID {} IMPL auto LATENCY 0 OPTYPE seteq PRAGMA {} RTLNAME icmp_ln151_13_fu_8595_p2 SOURCE src/integrated-gcn/integrated_gcn.cpp:151 VARIABLE icmp_ln151_13 LOOP COMP_EMIT_VITIS_LOOP_146_4 BUNDLEDNAME {} DSP 0 BRAM 0 URAM 0 STORAGESUBTYPE {} DISPNAME {bind_op seteq} VISIBLE false} {BINDTYPE op ID {} IMPL auto LATENCY 0 OPTYPE seteq PRAGMA {} RTLNAME icmp_ln151_14_fu_8601_p2 SOURCE src/integrated-gcn/integrated_gcn.cpp:151 VARIABLE icmp_ln151_14 LOOP COMP_EMIT_VITIS_LOOP_146_4 BUNDLEDNAME {} DSP 0 BRAM 0 URAM 0 STORAGESUBTYPE {} DISPNAME {bind_op seteq} VISIBLE false} {BINDTYPE op ID {} IMPL auto_sel LATENCY 0 OPTYPE select PRAGMA {} RTLNAME select_ln151_20_fu_8607_p3 SOURCE src/integrated-gcn/integrated_gcn.cpp:151 VARIABLE select_ln151_20 LOOP COMP_EMIT_VITIS_LOOP_146_4 BUNDLEDNAME {} DSP 0 BRAM 0 URAM 0 STORAGESUBTYPE {} DISPNAME {bind_op select} VISIBLE false} {BINDTYPE op ID {} IMPL auto LATENCY 0 OPTYPE xor PRAGMA {} RTLNAME xor_ln151_21_fu_8615_p2 SOURCE src/integrated-gcn/integrated_gcn.cpp:151 VARIABLE xor_ln151_21 LOOP COMP_EMIT_VITIS_LOOP_146_4 BUNDLEDNAME {} DSP 0 BRAM 0 URAM 0 STORAGESUBTYPE {} DISPNAME {bind_op xor} VISIBLE false} {BINDTYPE op ID {} IMPL auto LATENCY 0 OPTYPE and PRAGMA {} RTLNAME and_ln151_25_fu_8621_p2 SOURCE src/integrated-gcn/integrated_gcn.cpp:151 VARIABLE and_ln151_25 LOOP COMP_EMIT_VITIS_LOOP_146_4 BUNDLEDNAME {} DSP 0 BRAM 0 URAM 0 STORAGESUBTYPE {} DISPNAME {bind_op and} VISIBLE false} {BINDTYPE op ID {} IMPL auto_sel LATENCY 0 OPTYPE select PRAGMA {} RTLNAME select_ln151_21_fu_8627_p3 SOURCE src/integrated-gcn/integrated_gcn.cpp:151 VARIABLE select_ln151_21 LOOP COMP_EMIT_VITIS_LOOP_146_4 BUNDLEDNAME {} DSP 0 BRAM 0 URAM 0 STORAGESUBTYPE {} DISPNAME {bind_op select} VISIBLE false} {BINDTYPE op ID {} IMPL auto LATENCY 0 OPTYPE and PRAGMA {} RTLNAME and_ln151_26_fu_8635_p2 SOURCE src/integrated-gcn/integrated_gcn.cpp:151 VARIABLE and_ln151_26 LOOP COMP_EMIT_VITIS_LOOP_146_4 BUNDLEDNAME {} DSP 0 BRAM 0 URAM 0 STORAGESUBTYPE {} DISPNAME {bind_op and} VISIBLE false} {BINDTYPE op ID {} IMPL auto LATENCY 0 OPTYPE xor PRAGMA {} RTLNAME xor_ln151_22_fu_8641_p2 SOURCE src/integrated-gcn/integrated_gcn.cpp:151 VARIABLE xor_ln151_22 LOOP COMP_EMIT_VITIS_LOOP_146_4 BUNDLEDNAME {} DSP 0 BRAM 0 URAM 0 STORAGESUBTYPE {} DISPNAME {bind_op xor} VISIBLE false} {BINDTYPE op ID {} IMPL auto LATENCY 0 OPTYPE or PRAGMA {} RTLNAME or_ln151_8_fu_8647_p2 SOURCE src/integrated-gcn/integrated_gcn.cpp:151 VARIABLE or_ln151_8 LOOP COMP_EMIT_VITIS_LOOP_146_4 BUNDLEDNAME {} DSP 0 BRAM 0 URAM 0 STORAGESUBTYPE {} DISPNAME {bind_op or} VISIBLE false} {BINDTYPE op ID {} IMPL auto LATENCY 0 OPTYPE xor PRAGMA {} RTLNAME xor_ln151_23_fu_8653_p2 SOURCE src/integrated-gcn/integrated_gcn.cpp:151 VARIABLE xor_ln151_23 LOOP COMP_EMIT_VITIS_LOOP_146_4 BUNDLEDNAME {} DSP 0 BRAM 0 URAM 0 STORAGESUBTYPE {} DISPNAME {bind_op xor} VISIBLE false} {BINDTYPE op ID {} IMPL auto LATENCY 0 OPTYPE and PRAGMA {} RTLNAME and_ln151_27_fu_8659_p2 SOURCE src/integrated-gcn/integrated_gcn.cpp:151 VARIABLE and_ln151_27 LOOP COMP_EMIT_VITIS_LOOP_146_4 BUNDLEDNAME {} DSP 0 BRAM 0 URAM 0 STORAGESUBTYPE {} DISPNAME {bind_op and} VISIBLE false} {BINDTYPE op ID {} IMPL auto LATENCY 0 OPTYPE and PRAGMA {} RTLNAME and_ln151_28_fu_8665_p2 SOURCE src/integrated-gcn/integrated_gcn.cpp:151 VARIABLE and_ln151_28 LOOP COMP_EMIT_VITIS_LOOP_146_4 BUNDLEDNAME {} DSP 0 BRAM 0 URAM 0 STORAGESUBTYPE {} DISPNAME {bind_op and} VISIBLE false} {BINDTYPE op ID {} IMPL auto LATENCY 0 OPTYPE or PRAGMA {} RTLNAME or_ln151_68_fu_8671_p2 SOURCE src/integrated-gcn/integrated_gcn.cpp:151 VARIABLE or_ln151_68 LOOP COMP_EMIT_VITIS_LOOP_146_4 BUNDLEDNAME {} DSP 0 BRAM 0 URAM 0 STORAGESUBTYPE {} DISPNAME {bind_op or} VISIBLE false} {BINDTYPE op ID {} IMPL auto LATENCY 0 OPTYPE xor PRAGMA {} RTLNAME xor_ln151_24_fu_8677_p2 SOURCE src/integrated-gcn/integrated_gcn.cpp:151 VARIABLE xor_ln151_24 LOOP COMP_EMIT_VITIS_LOOP_146_4 BUNDLEDNAME {} DSP 0 BRAM 0 URAM 0 STORAGESUBTYPE {} DISPNAME {bind_op xor} VISIBLE false} {BINDTYPE op ID {} IMPL auto LATENCY 0 OPTYPE and PRAGMA {} RTLNAME and_ln151_29_fu_8683_p2 SOURCE src/integrated-gcn/integrated_gcn.cpp:151 VARIABLE and_ln151_29 LOOP COMP_EMIT_VITIS_LOOP_146_4 BUNDLEDNAME {} DSP 0 BRAM 0 URAM 0 STORAGESUBTYPE {} DISPNAME {bind_op and} VISIBLE false} {BINDTYPE op ID {} IMPL auto_sel LATENCY 0 OPTYPE select PRAGMA {} RTLNAME select_ln151_22_fu_8689_p3 SOURCE src/integrated-gcn/integrated_gcn.cpp:151 VARIABLE select_ln151_22 LOOP COMP_EMIT_VITIS_LOOP_146_4 BUNDLEDNAME {} DSP 0 BRAM 0 URAM 0 STORAGESUBTYPE {} DISPNAME {bind_op select} VISIBLE false} {BINDTYPE op ID {} IMPL auto LATENCY 0 OPTYPE or PRAGMA {} RTLNAME or_ln151_9_fu_8697_p2 SOURCE src/integrated-gcn/integrated_gcn.cpp:151 VARIABLE or_ln151_9 LOOP COMP_EMIT_VITIS_LOOP_146_4 BUNDLEDNAME {} DSP 0 BRAM 0 URAM 0 STORAGESUBTYPE {} DISPNAME {bind_op or} VISIBLE false} {BINDTYPE op ID {} IMPL auto_sel LATENCY 0 OPTYPE select PRAGMA {} RTLNAME select_ln151_23_fu_8703_p3 SOURCE src/integrated-gcn/integrated_gcn.cpp:151 VARIABLE select_ln151_23 LOOP COMP_EMIT_VITIS_LOOP_146_4 BUNDLEDNAME {} DSP 0 BRAM 0 URAM 0 STORAGESUBTYPE {} DISPNAME {bind_op select} VISIBLE false} {BINDTYPE op ID {} IMPL auto_sel LATENCY 0 OPTYPE select PRAGMA {} RTLNAME tmp_31_fu_8739_p2 SOURCE src/integrated-gcn/integrated_gcn.cpp:151 VARIABLE select_ln151_104 LOOP COMP_EMIT_VITIS_LOOP_146_4 BUNDLEDNAME {} DSP 0 BRAM 0 URAM 0 STORAGESUBTYPE {} DISPNAME {bind_op select} VISIBLE false} {BINDTYPE op ID {} IMPL auto_sel LATENCY 0 OPTYPE select PRAGMA {} RTLNAME tmp_31_fu_8739_p4 SOURCE src/integrated-gcn/integrated_gcn.cpp:151 VARIABLE select_ln151_109 LOOP COMP_EMIT_VITIS_LOOP_146_4 BUNDLEDNAME {} DSP 0 BRAM 0 URAM 0 STORAGESUBTYPE {} DISPNAME {bind_op select} VISIBLE false} {BINDTYPE op ID {} IMPL auto_sel LATENCY 0 OPTYPE select PRAGMA {} RTLNAME tmp_31_fu_8739_p6 SOURCE src/integrated-gcn/integrated_gcn.cpp:151 VARIABLE select_ln151_114 LOOP COMP_EMIT_VITIS_LOOP_146_4 BUNDLEDNAME {} DSP 0 BRAM 0 URAM 0 STORAGESUBTYPE {} DISPNAME {bind_op select} VISIBLE false} {BINDTYPE op ID {} IMPL auto_sel LATENCY 0 OPTYPE select PRAGMA {} RTLNAME tmp_31_fu_8739_p8 SOURCE src/integrated-gcn/integrated_gcn.cpp:151 VARIABLE select_ln151_119 LOOP COMP_EMIT_VITIS_LOOP_146_4 BUNDLEDNAME {} DSP 0 BRAM 0 URAM 0 STORAGESUBTYPE {} DISPNAME {bind_op select} VISIBLE false} {BINDTYPE op ID {} IMPL compactencoding_dontcare LATENCY 0 OPTYPE sparsemux PRAGMA {} RTLNAME sparsemux_9_2_32_1_1_U1176 SOURCE src/integrated-gcn/integrated_gcn.cpp:151 VARIABLE tmp_31 LOOP COMP_EMIT_VITIS_LOOP_146_4 BUNDLEDNAME {} DSP 0 BRAM 0 URAM 0 STORAGESUBTYPE {} DISPNAME {bind_op sparsemux} VISIBLE false} {BINDTYPE op ID {} IMPL fabric LATENCY 0 OPTYPE add PRAGMA {} RTLNAME add_ln151_5_fu_8800_p2 SOURCE src/integrated-gcn/integrated_gcn.cpp:151 VARIABLE add_ln151_5 LOOP COMP_EMIT_VITIS_LOOP_146_4 BUNDLEDNAME {} DSP 0 BRAM 0 URAM 0 STORAGESUBTYPE {} DISPNAME {bind_op add} VISIBLE true} {BINDTYPE op ID {} IMPL auto LATENCY 0 OPTYPE xor PRAGMA {} RTLNAME xor_ln151_25_fu_8814_p2 SOURCE src/integrated-gcn/integrated_gcn.cpp:151 VARIABLE xor_ln151_25 LOOP COMP_EMIT_VITIS_LOOP_146_4 BUNDLEDNAME {} DSP 0 BRAM 0 URAM 0 STORAGESUBTYPE {} DISPNAME {bind_op xor} VISIBLE false} {BINDTYPE op ID {} IMPL auto LATENCY 0 OPTYPE and PRAGMA {} RTLNAME and_ln151_30_fu_8820_p2 SOURCE src/integrated-gcn/integrated_gcn.cpp:151 VARIABLE and_ln151_30 LOOP COMP_EMIT_VITIS_LOOP_146_4 BUNDLEDNAME {} DSP 0 BRAM 0 URAM 0 STORAGESUBTYPE {} DISPNAME {bind_op and} VISIBLE false} {BINDTYPE op ID {} IMPL auto LATENCY 0 OPTYPE seteq PRAGMA {} RTLNAME icmp_ln151_15_fu_8842_p2 SOURCE src/integrated-gcn/integrated_gcn.cpp:151 VARIABLE icmp_ln151_15 LOOP COMP_EMIT_VITIS_LOOP_146_4 BUNDLEDNAME {} DSP 0 BRAM 0 URAM 0 STORAGESUBTYPE {} DISPNAME {bind_op seteq} VISIBLE false} {BINDTYPE op ID {} IMPL auto LATENCY 0 OPTYPE seteq PRAGMA {} RTLNAME icmp_ln151_16_fu_8856_p2 SOURCE src/integrated-gcn/integrated_gcn.cpp:151 VARIABLE icmp_ln151_16 LOOP COMP_EMIT_VITIS_LOOP_146_4 BUNDLEDNAME {} DSP 0 BRAM 0 URAM 0 STORAGESUBTYPE {} DISPNAME {bind_op seteq} VISIBLE false} {BINDTYPE op ID {} IMPL auto LATENCY 0 OPTYPE seteq PRAGMA {} RTLNAME icmp_ln151_17_fu_8862_p2 SOURCE src/integrated-gcn/integrated_gcn.cpp:151 VARIABLE icmp_ln151_17 LOOP COMP_EMIT_VITIS_LOOP_146_4 BUNDLEDNAME {} DSP 0 BRAM 0 URAM 0 STORAGESUBTYPE {} DISPNAME {bind_op seteq} VISIBLE false} {BINDTYPE op ID {} IMPL auto_sel LATENCY 0 OPTYPE select PRAGMA {} RTLNAME select_ln151_25_fu_8868_p3 SOURCE src/integrated-gcn/integrated_gcn.cpp:151 VARIABLE select_ln151_25 LOOP COMP_EMIT_VITIS_LOOP_146_4 BUNDLEDNAME {} DSP 0 BRAM 0 URAM 0 STORAGESUBTYPE {} DISPNAME {bind_op select} VISIBLE false} {BINDTYPE op ID {} IMPL auto LATENCY 0 OPTYPE xor PRAGMA {} RTLNAME xor_ln151_26_fu_8876_p2 SOURCE src/integrated-gcn/integrated_gcn.cpp:151 VARIABLE xor_ln151_26 LOOP COMP_EMIT_VITIS_LOOP_146_4 BUNDLEDNAME {} DSP 0 BRAM 0 URAM 0 STORAGESUBTYPE {} DISPNAME {bind_op xor} VISIBLE false} {BINDTYPE op ID {} IMPL auto LATENCY 0 OPTYPE and PRAGMA {} RTLNAME and_ln151_31_fu_8882_p2 SOURCE src/integrated-gcn/integrated_gcn.cpp:151 VARIABLE and_ln151_31 LOOP COMP_EMIT_VITIS_LOOP_146_4 BUNDLEDNAME {} DSP 0 BRAM 0 URAM 0 STORAGESUBTYPE {} DISPNAME {bind_op and} VISIBLE false} {BINDTYPE op ID {} IMPL auto_sel LATENCY 0 OPTYPE select PRAGMA {} RTLNAME select_ln151_26_fu_8888_p3 SOURCE src/integrated-gcn/integrated_gcn.cpp:151 VARIABLE select_ln151_26 LOOP COMP_EMIT_VITIS_LOOP_146_4 BUNDLEDNAME {} DSP 0 BRAM 0 URAM 0 STORAGESUBTYPE {} DISPNAME {bind_op select} VISIBLE false} {BINDTYPE op ID {} IMPL auto LATENCY 0 OPTYPE and PRAGMA {} RTLNAME and_ln151_32_fu_8896_p2 SOURCE src/integrated-gcn/integrated_gcn.cpp:151 VARIABLE and_ln151_32 LOOP COMP_EMIT_VITIS_LOOP_146_4 BUNDLEDNAME {} DSP 0 BRAM 0 URAM 0 STORAGESUBTYPE {} DISPNAME {bind_op and} VISIBLE false} {BINDTYPE op ID {} IMPL auto LATENCY 0 OPTYPE xor PRAGMA {} RTLNAME xor_ln151_27_fu_8902_p2 SOURCE src/integrated-gcn/integrated_gcn.cpp:151 VARIABLE xor_ln151_27 LOOP COMP_EMIT_VITIS_LOOP_146_4 BUNDLEDNAME {} DSP 0 BRAM 0 URAM 0 STORAGESUBTYPE {} DISPNAME {bind_op xor} VISIBLE false} {BINDTYPE op ID {} IMPL auto LATENCY 0 OPTYPE or PRAGMA {} RTLNAME or_ln151_10_fu_8908_p2 SOURCE src/integrated-gcn/integrated_gcn.cpp:151 VARIABLE or_ln151_10 LOOP COMP_EMIT_VITIS_LOOP_146_4 BUNDLEDNAME {} DSP 0 BRAM 0 URAM 0 STORAGESUBTYPE {} DISPNAME {bind_op or} VISIBLE false} {BINDTYPE op ID {} IMPL auto LATENCY 0 OPTYPE xor PRAGMA {} RTLNAME xor_ln151_28_fu_8914_p2 SOURCE src/integrated-gcn/integrated_gcn.cpp:151 VARIABLE xor_ln151_28 LOOP COMP_EMIT_VITIS_LOOP_146_4 BUNDLEDNAME {} DSP 0 BRAM 0 URAM 0 STORAGESUBTYPE {} DISPNAME {bind_op xor} VISIBLE false} {BINDTYPE op ID {} IMPL auto LATENCY 0 OPTYPE and PRAGMA {} RTLNAME and_ln151_33_fu_8920_p2 SOURCE src/integrated-gcn/integrated_gcn.cpp:151 VARIABLE and_ln151_33 LOOP COMP_EMIT_VITIS_LOOP_146_4 BUNDLEDNAME {} DSP 0 BRAM 0 URAM 0 STORAGESUBTYPE {} DISPNAME {bind_op and} VISIBLE false} {BINDTYPE op ID {} IMPL auto LATENCY 0 OPTYPE and PRAGMA {} RTLNAME and_ln151_34_fu_8926_p2 SOURCE src/integrated-gcn/integrated_gcn.cpp:151 VARIABLE and_ln151_34 LOOP COMP_EMIT_VITIS_LOOP_146_4 BUNDLEDNAME {} DSP 0 BRAM 0 URAM 0 STORAGESUBTYPE {} DISPNAME {bind_op and} VISIBLE false} {BINDTYPE op ID {} IMPL auto LATENCY 0 OPTYPE or PRAGMA {} RTLNAME or_ln151_69_fu_8932_p2 SOURCE src/integrated-gcn/integrated_gcn.cpp:151 VARIABLE or_ln151_69 LOOP COMP_EMIT_VITIS_LOOP_146_4 BUNDLEDNAME {} DSP 0 BRAM 0 URAM 0 STORAGESUBTYPE {} DISPNAME {bind_op or} VISIBLE false} {BINDTYPE op ID {} IMPL auto LATENCY 0 OPTYPE xor PRAGMA {} RTLNAME xor_ln151_29_fu_8938_p2 SOURCE src/integrated-gcn/integrated_gcn.cpp:151 VARIABLE xor_ln151_29 LOOP COMP_EMIT_VITIS_LOOP_146_4 BUNDLEDNAME {} DSP 0 BRAM 0 URAM 0 STORAGESUBTYPE {} DISPNAME {bind_op xor} VISIBLE false} {BINDTYPE op ID {} IMPL auto LATENCY 0 OPTYPE and PRAGMA {} RTLNAME and_ln151_35_fu_8944_p2 SOURCE src/integrated-gcn/integrated_gcn.cpp:151 VARIABLE and_ln151_35 LOOP COMP_EMIT_VITIS_LOOP_146_4 BUNDLEDNAME {} DSP 0 BRAM 0 URAM 0 STORAGESUBTYPE {} DISPNAME {bind_op and} VISIBLE false} {BINDTYPE op ID {} IMPL auto_sel LATENCY 0 OPTYPE select PRAGMA {} RTLNAME select_ln151_27_fu_8950_p3 SOURCE src/integrated-gcn/integrated_gcn.cpp:151 VARIABLE select_ln151_27 LOOP COMP_EMIT_VITIS_LOOP_146_4 BUNDLEDNAME {} DSP 0 BRAM 0 URAM 0 STORAGESUBTYPE {} DISPNAME {bind_op select} VISIBLE false} {BINDTYPE op ID {} IMPL auto LATENCY 0 OPTYPE or PRAGMA {} RTLNAME or_ln151_11_fu_8958_p2 SOURCE src/integrated-gcn/integrated_gcn.cpp:151 VARIABLE or_ln151_11 LOOP COMP_EMIT_VITIS_LOOP_146_4 BUNDLEDNAME {} DSP 0 BRAM 0 URAM 0 STORAGESUBTYPE {} DISPNAME {bind_op or} VISIBLE false} {BINDTYPE op ID {} IMPL auto_sel LATENCY 0 OPTYPE select PRAGMA {} RTLNAME select_ln151_28_fu_8964_p3 SOURCE src/integrated-gcn/integrated_gcn.cpp:151 VARIABLE select_ln151_28 LOOP COMP_EMIT_VITIS_LOOP_146_4 BUNDLEDNAME {} DSP 0 BRAM 0 URAM 0 STORAGESUBTYPE {} DISPNAME {bind_op select} VISIBLE false} {BINDTYPE op ID {} IMPL auto_sel LATENCY 0 OPTYPE select PRAGMA {} RTLNAME tmp_39_fu_9000_p2 SOURCE src/integrated-gcn/integrated_gcn.cpp:151 VARIABLE select_ln151_124 LOOP COMP_EMIT_VITIS_LOOP_146_4 BUNDLEDNAME {} DSP 0 BRAM 0 URAM 0 STORAGESUBTYPE {} DISPNAME {bind_op select} VISIBLE false} {BINDTYPE op ID {} IMPL auto_sel LATENCY 0 OPTYPE select PRAGMA {} RTLNAME tmp_39_fu_9000_p4 SOURCE src/integrated-gcn/integrated_gcn.cpp:151 VARIABLE select_ln151_129 LOOP COMP_EMIT_VITIS_LOOP_146_4 BUNDLEDNAME {} DSP 0 BRAM 0 URAM 0 STORAGESUBTYPE {} DISPNAME {bind_op select} VISIBLE false} {BINDTYPE op ID {} IMPL auto_sel LATENCY 0 OPTYPE select PRAGMA {} RTLNAME tmp_39_fu_9000_p6 SOURCE src/integrated-gcn/integrated_gcn.cpp:151 VARIABLE select_ln151_134 LOOP COMP_EMIT_VITIS_LOOP_146_4 BUNDLEDNAME {} DSP 0 BRAM 0 URAM 0 STORAGESUBTYPE {} DISPNAME {bind_op select} VISIBLE false} {BINDTYPE op ID {} IMPL auto_sel LATENCY 0 OPTYPE select PRAGMA {} RTLNAME tmp_39_fu_9000_p8 SOURCE src/integrated-gcn/integrated_gcn.cpp:151 VARIABLE select_ln151_139 LOOP COMP_EMIT_VITIS_LOOP_146_4 BUNDLEDNAME {} DSP 0 BRAM 0 URAM 0 STORAGESUBTYPE {} DISPNAME {bind_op select} VISIBLE false} {BINDTYPE op ID {} IMPL compactencoding_dontcare LATENCY 0 OPTYPE sparsemux PRAGMA {} RTLNAME sparsemux_9_2_32_1_1_U1177 SOURCE src/integrated-gcn/integrated_gcn.cpp:151 VARIABLE tmp_39 LOOP COMP_EMIT_VITIS_LOOP_146_4 BUNDLEDNAME {} DSP 0 BRAM 0 URAM 0 STORAGESUBTYPE {} DISPNAME {bind_op sparsemux} VISIBLE false} {BINDTYPE op ID {} IMPL fabric LATENCY 0 OPTYPE add PRAGMA {} RTLNAME add_ln151_6_fu_9061_p2 SOURCE src/integrated-gcn/integrated_gcn.cpp:151 VARIABLE add_ln151_6 LOOP COMP_EMIT_VITIS_LOOP_146_4 BUNDLEDNAME {} DSP 0 BRAM 0 URAM 0 STORAGESUBTYPE {} DISPNAME {bind_op add} VISIBLE true} {BINDTYPE op ID {} IMPL auto LATENCY 0 OPTYPE xor PRAGMA {} RTLNAME xor_ln151_30_fu_9075_p2 SOURCE src/integrated-gcn/integrated_gcn.cpp:151 VARIABLE xor_ln151_30 LOOP COMP_EMIT_VITIS_LOOP_146_4 BUNDLEDNAME {} DSP 0 BRAM 0 URAM 0 STORAGESUBTYPE {} DISPNAME {bind_op xor} VISIBLE false} {BINDTYPE op ID {} IMPL auto LATENCY 0 OPTYPE and PRAGMA {} RTLNAME and_ln151_36_fu_9081_p2 SOURCE src/integrated-gcn/integrated_gcn.cpp:151 VARIABLE and_ln151_36 LOOP COMP_EMIT_VITIS_LOOP_146_4 BUNDLEDNAME {} DSP 0 BRAM 0 URAM 0 STORAGESUBTYPE {} DISPNAME {bind_op and} VISIBLE false} {BINDTYPE op ID {} IMPL auto LATENCY 0 OPTYPE seteq PRAGMA {} RTLNAME icmp_ln151_18_fu_9103_p2 SOURCE src/integrated-gcn/integrated_gcn.cpp:151 VARIABLE icmp_ln151_18 LOOP COMP_EMIT_VITIS_LOOP_146_4 BUNDLEDNAME {} DSP 0 BRAM 0 URAM 0 STORAGESUBTYPE {} DISPNAME {bind_op seteq} VISIBLE false} {BINDTYPE op ID {} IMPL auto LATENCY 0 OPTYPE seteq PRAGMA {} RTLNAME icmp_ln151_19_fu_9117_p2 SOURCE src/integrated-gcn/integrated_gcn.cpp:151 VARIABLE icmp_ln151_19 LOOP COMP_EMIT_VITIS_LOOP_146_4 BUNDLEDNAME {} DSP 0 BRAM 0 URAM 0 STORAGESUBTYPE {} DISPNAME {bind_op seteq} VISIBLE false} {BINDTYPE op ID {} IMPL auto LATENCY 0 OPTYPE seteq PRAGMA {} RTLNAME icmp_ln151_20_fu_9123_p2 SOURCE src/integrated-gcn/integrated_gcn.cpp:151 VARIABLE icmp_ln151_20 LOOP COMP_EMIT_VITIS_LOOP_146_4 BUNDLEDNAME {} DSP 0 BRAM 0 URAM 0 STORAGESUBTYPE {} DISPNAME {bind_op seteq} VISIBLE false} {BINDTYPE op ID {} IMPL auto_sel LATENCY 0 OPTYPE select PRAGMA {} RTLNAME select_ln151_30_fu_9129_p3 SOURCE src/integrated-gcn/integrated_gcn.cpp:151 VARIABLE select_ln151_30 LOOP COMP_EMIT_VITIS_LOOP_146_4 BUNDLEDNAME {} DSP 0 BRAM 0 URAM 0 STORAGESUBTYPE {} DISPNAME {bind_op select} VISIBLE false} {BINDTYPE op ID {} IMPL auto LATENCY 0 OPTYPE xor PRAGMA {} RTLNAME xor_ln151_31_fu_9137_p2 SOURCE src/integrated-gcn/integrated_gcn.cpp:151 VARIABLE xor_ln151_31 LOOP COMP_EMIT_VITIS_LOOP_146_4 BUNDLEDNAME {} DSP 0 BRAM 0 URAM 0 STORAGESUBTYPE {} DISPNAME {bind_op xor} VISIBLE false} {BINDTYPE op ID {} IMPL auto LATENCY 0 OPTYPE and PRAGMA {} RTLNAME and_ln151_37_fu_9143_p2 SOURCE src/integrated-gcn/integrated_gcn.cpp:151 VARIABLE and_ln151_37 LOOP COMP_EMIT_VITIS_LOOP_146_4 BUNDLEDNAME {} DSP 0 BRAM 0 URAM 0 STORAGESUBTYPE {} DISPNAME {bind_op and} VISIBLE false} {BINDTYPE op ID {} IMPL auto_sel LATENCY 0 OPTYPE select PRAGMA {} RTLNAME select_ln151_31_fu_9149_p3 SOURCE src/integrated-gcn/integrated_gcn.cpp:151 VARIABLE select_ln151_31 LOOP COMP_EMIT_VITIS_LOOP_146_4 BUNDLEDNAME {} DSP 0 BRAM 0 URAM 0 STORAGESUBTYPE {} DISPNAME {bind_op select} VISIBLE false} {BINDTYPE op ID {} IMPL auto LATENCY 0 OPTYPE and PRAGMA {} RTLNAME and_ln151_38_fu_9157_p2 SOURCE src/integrated-gcn/integrated_gcn.cpp:151 VARIABLE and_ln151_38 LOOP COMP_EMIT_VITIS_LOOP_146_4 BUNDLEDNAME {} DSP 0 BRAM 0 URAM 0 STORAGESUBTYPE {} DISPNAME {bind_op and} VISIBLE false} {BINDTYPE op ID {} IMPL auto LATENCY 0 OPTYPE xor PRAGMA {} RTLNAME xor_ln151_32_fu_9163_p2 SOURCE src/integrated-gcn/integrated_gcn.cpp:151 VARIABLE xor_ln151_32 LOOP COMP_EMIT_VITIS_LOOP_146_4 BUNDLEDNAME {} DSP 0 BRAM 0 URAM 0 STORAGESUBTYPE {} DISPNAME {bind_op xor} VISIBLE false} {BINDTYPE op ID {} IMPL auto LATENCY 0 OPTYPE or PRAGMA {} RTLNAME or_ln151_12_fu_9169_p2 SOURCE src/integrated-gcn/integrated_gcn.cpp:151 VARIABLE or_ln151_12 LOOP COMP_EMIT_VITIS_LOOP_146_4 BUNDLEDNAME {} DSP 0 BRAM 0 URAM 0 STORAGESUBTYPE {} DISPNAME {bind_op or} VISIBLE false} {BINDTYPE op ID {} IMPL auto LATENCY 0 OPTYPE xor PRAGMA {} RTLNAME xor_ln151_33_fu_9175_p2 SOURCE src/integrated-gcn/integrated_gcn.cpp:151 VARIABLE xor_ln151_33 LOOP COMP_EMIT_VITIS_LOOP_146_4 BUNDLEDNAME {} DSP 0 BRAM 0 URAM 0 STORAGESUBTYPE {} DISPNAME {bind_op xor} VISIBLE false} {BINDTYPE op ID {} IMPL auto LATENCY 0 OPTYPE and PRAGMA {} RTLNAME and_ln151_39_fu_9181_p2 SOURCE src/integrated-gcn/integrated_gcn.cpp:151 VARIABLE and_ln151_39 LOOP COMP_EMIT_VITIS_LOOP_146_4 BUNDLEDNAME {} DSP 0 BRAM 0 URAM 0 STORAGESUBTYPE {} DISPNAME {bind_op and} VISIBLE false} {BINDTYPE op ID {} IMPL auto LATENCY 0 OPTYPE and PRAGMA {} RTLNAME and_ln151_40_fu_9187_p2 SOURCE src/integrated-gcn/integrated_gcn.cpp:151 VARIABLE and_ln151_40 LOOP COMP_EMIT_VITIS_LOOP_146_4 BUNDLEDNAME {} DSP 0 BRAM 0 URAM 0 STORAGESUBTYPE {} DISPNAME {bind_op and} VISIBLE false} {BINDTYPE op ID {} IMPL auto LATENCY 0 OPTYPE or PRAGMA {} RTLNAME or_ln151_70_fu_9193_p2 SOURCE src/integrated-gcn/integrated_gcn.cpp:151 VARIABLE or_ln151_70 LOOP COMP_EMIT_VITIS_LOOP_146_4 BUNDLEDNAME {} DSP 0 BRAM 0 URAM 0 STORAGESUBTYPE {} DISPNAME {bind_op or} VISIBLE false} {BINDTYPE op ID {} IMPL auto LATENCY 0 OPTYPE xor PRAGMA {} RTLNAME xor_ln151_34_fu_9199_p2 SOURCE src/integrated-gcn/integrated_gcn.cpp:151 VARIABLE xor_ln151_34 LOOP COMP_EMIT_VITIS_LOOP_146_4 BUNDLEDNAME {} DSP 0 BRAM 0 URAM 0 STORAGESUBTYPE {} DISPNAME {bind_op xor} VISIBLE false} {BINDTYPE op ID {} IMPL auto LATENCY 0 OPTYPE and PRAGMA {} RTLNAME and_ln151_41_fu_9205_p2 SOURCE src/integrated-gcn/integrated_gcn.cpp:151 VARIABLE and_ln151_41 LOOP COMP_EMIT_VITIS_LOOP_146_4 BUNDLEDNAME {} DSP 0 BRAM 0 URAM 0 STORAGESUBTYPE {} DISPNAME {bind_op and} VISIBLE false} {BINDTYPE op ID {} IMPL auto_sel LATENCY 0 OPTYPE select PRAGMA {} RTLNAME select_ln151_32_fu_9211_p3 SOURCE src/integrated-gcn/integrated_gcn.cpp:151 VARIABLE select_ln151_32 LOOP COMP_EMIT_VITIS_LOOP_146_4 BUNDLEDNAME {} DSP 0 BRAM 0 URAM 0 STORAGESUBTYPE {} DISPNAME {bind_op select} VISIBLE false} {BINDTYPE op ID {} IMPL auto LATENCY 0 OPTYPE or PRAGMA {} RTLNAME or_ln151_13_fu_9219_p2 SOURCE src/integrated-gcn/integrated_gcn.cpp:151 VARIABLE or_ln151_13 LOOP COMP_EMIT_VITIS_LOOP_146_4 BUNDLEDNAME {} DSP 0 BRAM 0 URAM 0 STORAGESUBTYPE {} DISPNAME {bind_op or} VISIBLE false} {BINDTYPE op ID {} IMPL auto_sel LATENCY 0 OPTYPE select PRAGMA {} RTLNAME select_ln151_33_fu_9225_p3 SOURCE src/integrated-gcn/integrated_gcn.cpp:151 VARIABLE select_ln151_33 LOOP COMP_EMIT_VITIS_LOOP_146_4 BUNDLEDNAME {} DSP 0 BRAM 0 URAM 0 STORAGESUBTYPE {} DISPNAME {bind_op select} VISIBLE false} {BINDTYPE op ID {} IMPL auto_sel LATENCY 0 OPTYPE select PRAGMA {} RTLNAME tmp_47_fu_9261_p2 SOURCE src/integrated-gcn/integrated_gcn.cpp:151 VARIABLE select_ln151_144 LOOP COMP_EMIT_VITIS_LOOP_146_4 BUNDLEDNAME {} DSP 0 BRAM 0 URAM 0 STORAGESUBTYPE {} DISPNAME {bind_op select} VISIBLE false} {BINDTYPE op ID {} IMPL auto_sel LATENCY 0 OPTYPE select PRAGMA {} RTLNAME tmp_47_fu_9261_p4 SOURCE src/integrated-gcn/integrated_gcn.cpp:151 VARIABLE select_ln151_149 LOOP COMP_EMIT_VITIS_LOOP_146_4 BUNDLEDNAME {} DSP 0 BRAM 0 URAM 0 STORAGESUBTYPE {} DISPNAME {bind_op select} VISIBLE false} {BINDTYPE op ID {} IMPL auto_sel LATENCY 0 OPTYPE select PRAGMA {} RTLNAME tmp_47_fu_9261_p6 SOURCE src/integrated-gcn/integrated_gcn.cpp:151 VARIABLE select_ln151_154 LOOP COMP_EMIT_VITIS_LOOP_146_4 BUNDLEDNAME {} DSP 0 BRAM 0 URAM 0 STORAGESUBTYPE {} DISPNAME {bind_op select} VISIBLE false} {BINDTYPE op ID {} IMPL auto_sel LATENCY 0 OPTYPE select PRAGMA {} RTLNAME tmp_47_fu_9261_p8 SOURCE src/integrated-gcn/integrated_gcn.cpp:151 VARIABLE select_ln151_159 LOOP COMP_EMIT_VITIS_LOOP_146_4 BUNDLEDNAME {} DSP 0 BRAM 0 URAM 0 STORAGESUBTYPE {} DISPNAME {bind_op select} VISIBLE false} {BINDTYPE op ID {} IMPL compactencoding_dontcare LATENCY 0 OPTYPE sparsemux PRAGMA {} RTLNAME sparsemux_9_2_32_1_1_U1178 SOURCE src/integrated-gcn/integrated_gcn.cpp:151 VARIABLE tmp_47 LOOP COMP_EMIT_VITIS_LOOP_146_4 BUNDLEDNAME {} DSP 0 BRAM 0 URAM 0 STORAGESUBTYPE {} DISPNAME {bind_op sparsemux} VISIBLE false} {BINDTYPE op ID {} IMPL fabric LATENCY 0 OPTYPE add PRAGMA {} RTLNAME add_ln151_7_fu_9322_p2 SOURCE src/integrated-gcn/integrated_gcn.cpp:151 VARIABLE add_ln151_7 LOOP COMP_EMIT_VITIS_LOOP_146_4 BUNDLEDNAME {} DSP 0 BRAM 0 URAM 0 STORAGESUBTYPE {} DISPNAME {bind_op add} VISIBLE true} {BINDTYPE op ID {} IMPL auto LATENCY 0 OPTYPE xor PRAGMA {} RTLNAME xor_ln151_35_fu_9336_p2 SOURCE src/integrated-gcn/integrated_gcn.cpp:151 VARIABLE xor_ln151_35 LOOP COMP_EMIT_VITIS_LOOP_146_4 BUNDLEDNAME {} DSP 0 BRAM 0 URAM 0 STORAGESUBTYPE {} DISPNAME {bind_op xor} VISIBLE false} {BINDTYPE op ID {} IMPL auto LATENCY 0 OPTYPE and PRAGMA {} RTLNAME and_ln151_42_fu_9342_p2 SOURCE src/integrated-gcn/integrated_gcn.cpp:151 VARIABLE and_ln151_42 LOOP COMP_EMIT_VITIS_LOOP_146_4 BUNDLEDNAME {} DSP 0 BRAM 0 URAM 0 STORAGESUBTYPE {} DISPNAME {bind_op and} VISIBLE false} {BINDTYPE op ID {} IMPL auto LATENCY 0 OPTYPE seteq PRAGMA {} RTLNAME icmp_ln151_21_fu_9364_p2 SOURCE src/integrated-gcn/integrated_gcn.cpp:151 VARIABLE icmp_ln151_21 LOOP COMP_EMIT_VITIS_LOOP_146_4 BUNDLEDNAME {} DSP 0 BRAM 0 URAM 0 STORAGESUBTYPE {} DISPNAME {bind_op seteq} VISIBLE false} {BINDTYPE op ID {} IMPL auto LATENCY 0 OPTYPE seteq PRAGMA {} RTLNAME icmp_ln151_22_fu_9378_p2 SOURCE src/integrated-gcn/integrated_gcn.cpp:151 VARIABLE icmp_ln151_22 LOOP COMP_EMIT_VITIS_LOOP_146_4 BUNDLEDNAME {} DSP 0 BRAM 0 URAM 0 STORAGESUBTYPE {} DISPNAME {bind_op seteq} VISIBLE false} {BINDTYPE op ID {} IMPL auto LATENCY 0 OPTYPE seteq PRAGMA {} RTLNAME icmp_ln151_23_fu_9384_p2 SOURCE src/integrated-gcn/integrated_gcn.cpp:151 VARIABLE icmp_ln151_23 LOOP COMP_EMIT_VITIS_LOOP_146_4 BUNDLEDNAME {} DSP 0 BRAM 0 URAM 0 STORAGESUBTYPE {} DISPNAME {bind_op seteq} VISIBLE false} {BINDTYPE op ID {} IMPL auto_sel LATENCY 0 OPTYPE select PRAGMA {} RTLNAME select_ln151_35_fu_9390_p3 SOURCE src/integrated-gcn/integrated_gcn.cpp:151 VARIABLE select_ln151_35 LOOP COMP_EMIT_VITIS_LOOP_146_4 BUNDLEDNAME {} DSP 0 BRAM 0 URAM 0 STORAGESUBTYPE {} DISPNAME {bind_op select} VISIBLE false} {BINDTYPE op ID {} IMPL auto LATENCY 0 OPTYPE xor PRAGMA {} RTLNAME xor_ln151_36_fu_9398_p2 SOURCE src/integrated-gcn/integrated_gcn.cpp:151 VARIABLE xor_ln151_36 LOOP COMP_EMIT_VITIS_LOOP_146_4 BUNDLEDNAME {} DSP 0 BRAM 0 URAM 0 STORAGESUBTYPE {} DISPNAME {bind_op xor} VISIBLE false} {BINDTYPE op ID {} IMPL auto LATENCY 0 OPTYPE and PRAGMA {} RTLNAME and_ln151_43_fu_9404_p2 SOURCE src/integrated-gcn/integrated_gcn.cpp:151 VARIABLE and_ln151_43 LOOP COMP_EMIT_VITIS_LOOP_146_4 BUNDLEDNAME {} DSP 0 BRAM 0 URAM 0 STORAGESUBTYPE {} DISPNAME {bind_op and} VISIBLE false} {BINDTYPE op ID {} IMPL auto_sel LATENCY 0 OPTYPE select PRAGMA {} RTLNAME select_ln151_36_fu_9410_p3 SOURCE src/integrated-gcn/integrated_gcn.cpp:151 VARIABLE select_ln151_36 LOOP COMP_EMIT_VITIS_LOOP_146_4 BUNDLEDNAME {} DSP 0 BRAM 0 URAM 0 STORAGESUBTYPE {} DISPNAME {bind_op select} VISIBLE false} {BINDTYPE op ID {} IMPL auto LATENCY 0 OPTYPE and PRAGMA {} RTLNAME and_ln151_44_fu_9418_p2 SOURCE src/integrated-gcn/integrated_gcn.cpp:151 VARIABLE and_ln151_44 LOOP COMP_EMIT_VITIS_LOOP_146_4 BUNDLEDNAME {} DSP 0 BRAM 0 URAM 0 STORAGESUBTYPE {} DISPNAME {bind_op and} VISIBLE false} {BINDTYPE op ID {} IMPL auto LATENCY 0 OPTYPE xor PRAGMA {} RTLNAME xor_ln151_37_fu_9424_p2 SOURCE src/integrated-gcn/integrated_gcn.cpp:151 VARIABLE xor_ln151_37 LOOP COMP_EMIT_VITIS_LOOP_146_4 BUNDLEDNAME {} DSP 0 BRAM 0 URAM 0 STORAGESUBTYPE {} DISPNAME {bind_op xor} VISIBLE false} {BINDTYPE op ID {} IMPL auto LATENCY 0 OPTYPE or PRAGMA {} RTLNAME or_ln151_14_fu_9430_p2 SOURCE src/integrated-gcn/integrated_gcn.cpp:151 VARIABLE or_ln151_14 LOOP COMP_EMIT_VITIS_LOOP_146_4 BUNDLEDNAME {} DSP 0 BRAM 0 URAM 0 STORAGESUBTYPE {} DISPNAME {bind_op or} VISIBLE false} {BINDTYPE op ID {} IMPL auto LATENCY 0 OPTYPE xor PRAGMA {} RTLNAME xor_ln151_38_fu_9436_p2 SOURCE src/integrated-gcn/integrated_gcn.cpp:151 VARIABLE xor_ln151_38 LOOP COMP_EMIT_VITIS_LOOP_146_4 BUNDLEDNAME {} DSP 0 BRAM 0 URAM 0 STORAGESUBTYPE {} DISPNAME {bind_op xor} VISIBLE false} {BINDTYPE op ID {} IMPL auto LATENCY 0 OPTYPE and PRAGMA {} RTLNAME and_ln151_45_fu_9442_p2 SOURCE src/integrated-gcn/integrated_gcn.cpp:151 VARIABLE and_ln151_45 LOOP COMP_EMIT_VITIS_LOOP_146_4 BUNDLEDNAME {} DSP 0 BRAM 0 URAM 0 STORAGESUBTYPE {} DISPNAME {bind_op and} VISIBLE false} {BINDTYPE op ID {} IMPL auto LATENCY 0 OPTYPE and PRAGMA {} RTLNAME and_ln151_46_fu_9448_p2 SOURCE src/integrated-gcn/integrated_gcn.cpp:151 VARIABLE and_ln151_46 LOOP COMP_EMIT_VITIS_LOOP_146_4 BUNDLEDNAME {} DSP 0 BRAM 0 URAM 0 STORAGESUBTYPE {} DISPNAME {bind_op and} VISIBLE false} {BINDTYPE op ID {} IMPL auto LATENCY 0 OPTYPE or PRAGMA {} RTLNAME or_ln151_71_fu_9454_p2 SOURCE src/integrated-gcn/integrated_gcn.cpp:151 VARIABLE or_ln151_71 LOOP COMP_EMIT_VITIS_LOOP_146_4 BUNDLEDNAME {} DSP 0 BRAM 0 URAM 0 STORAGESUBTYPE {} DISPNAME {bind_op or} VISIBLE false} {BINDTYPE op ID {} IMPL auto LATENCY 0 OPTYPE xor PRAGMA {} RTLNAME xor_ln151_39_fu_9460_p2 SOURCE src/integrated-gcn/integrated_gcn.cpp:151 VARIABLE xor_ln151_39 LOOP COMP_EMIT_VITIS_LOOP_146_4 BUNDLEDNAME {} DSP 0 BRAM 0 URAM 0 STORAGESUBTYPE {} DISPNAME {bind_op xor} VISIBLE false} {BINDTYPE op ID {} IMPL auto LATENCY 0 OPTYPE and PRAGMA {} RTLNAME and_ln151_47_fu_9466_p2 SOURCE src/integrated-gcn/integrated_gcn.cpp:151 VARIABLE and_ln151_47 LOOP COMP_EMIT_VITIS_LOOP_146_4 BUNDLEDNAME {} DSP 0 BRAM 0 URAM 0 STORAGESUBTYPE {} DISPNAME {bind_op and} VISIBLE false} {BINDTYPE op ID {} IMPL auto_sel LATENCY 0 OPTYPE select PRAGMA {} RTLNAME select_ln151_37_fu_9472_p3 SOURCE src/integrated-gcn/integrated_gcn.cpp:151 VARIABLE select_ln151_37 LOOP COMP_EMIT_VITIS_LOOP_146_4 BUNDLEDNAME {} DSP 0 BRAM 0 URAM 0 STORAGESUBTYPE {} DISPNAME {bind_op select} VISIBLE false} {BINDTYPE op ID {} IMPL auto LATENCY 0 OPTYPE or PRAGMA {} RTLNAME or_ln151_15_fu_9480_p2 SOURCE src/integrated-gcn/integrated_gcn.cpp:151 VARIABLE or_ln151_15 LOOP COMP_EMIT_VITIS_LOOP_146_4 BUNDLEDNAME {} DSP 0 BRAM 0 URAM 0 STORAGESUBTYPE {} DISPNAME {bind_op or} VISIBLE false} {BINDTYPE op ID {} IMPL auto_sel LATENCY 0 OPTYPE select PRAGMA {} RTLNAME select_ln151_38_fu_9486_p3 SOURCE src/integrated-gcn/integrated_gcn.cpp:151 VARIABLE select_ln151_38 LOOP COMP_EMIT_VITIS_LOOP_146_4 BUNDLEDNAME {} DSP 0 BRAM 0 URAM 0 STORAGESUBTYPE {} DISPNAME {bind_op select} VISIBLE false} {BINDTYPE op ID {} IMPL auto_sel LATENCY 0 OPTYPE select PRAGMA {} RTLNAME tmp_55_fu_9522_p2 SOURCE src/integrated-gcn/integrated_gcn.cpp:151 VARIABLE select_ln151_160 LOOP COMP_EMIT_VITIS_LOOP_146_4 BUNDLEDNAME {} DSP 0 BRAM 0 URAM 0 STORAGESUBTYPE {} DISPNAME {bind_op select} VISIBLE false} {BINDTYPE op ID {} IMPL auto_sel LATENCY 0 OPTYPE select PRAGMA {} RTLNAME tmp_55_fu_9522_p4 SOURCE src/integrated-gcn/integrated_gcn.cpp:151 VARIABLE select_ln151_161 LOOP COMP_EMIT_VITIS_LOOP_146_4 BUNDLEDNAME {} DSP 0 BRAM 0 URAM 0 STORAGESUBTYPE {} DISPNAME {bind_op select} VISIBLE false} {BINDTYPE op ID {} IMPL auto_sel LATENCY 0 OPTYPE select PRAGMA {} RTLNAME tmp_55_fu_9522_p6 SOURCE src/integrated-gcn/integrated_gcn.cpp:151 VARIABLE select_ln151_162 LOOP COMP_EMIT_VITIS_LOOP_146_4 BUNDLEDNAME {} DSP 0 BRAM 0 URAM 0 STORAGESUBTYPE {} DISPNAME {bind_op select} VISIBLE false} {BINDTYPE op ID {} IMPL auto_sel LATENCY 0 OPTYPE select PRAGMA {} RTLNAME tmp_55_fu_9522_p8 SOURCE src/integrated-gcn/integrated_gcn.cpp:151 VARIABLE select_ln151_163 LOOP COMP_EMIT_VITIS_LOOP_146_4 BUNDLEDNAME {} DSP 0 BRAM 0 URAM 0 STORAGESUBTYPE {} DISPNAME {bind_op select} VISIBLE false} {BINDTYPE op ID {} IMPL compactencoding_dontcare LATENCY 0 OPTYPE sparsemux PRAGMA {} RTLNAME sparsemux_9_2_32_1_1_U1179 SOURCE src/integrated-gcn/integrated_gcn.cpp:151 VARIABLE tmp_55 LOOP COMP_EMIT_VITIS_LOOP_146_4 BUNDLEDNAME {} DSP 0 BRAM 0 URAM 0 STORAGESUBTYPE {} DISPNAME {bind_op sparsemux} VISIBLE false} {BINDTYPE op ID {} IMPL fabric LATENCY 0 OPTYPE add PRAGMA {} RTLNAME add_ln151_8_fu_9583_p2 SOURCE src/integrated-gcn/integrated_gcn.cpp:151 VARIABLE add_ln151_8 LOOP COMP_EMIT_VITIS_LOOP_146_4 BUNDLEDNAME {} DSP 0 BRAM 0 URAM 0 STORAGESUBTYPE {} DISPNAME {bind_op add} VISIBLE true} {BINDTYPE op ID {} IMPL auto LATENCY 0 OPTYPE xor PRAGMA {} RTLNAME xor_ln151_40_fu_9597_p2 SOURCE src/integrated-gcn/integrated_gcn.cpp:151 VARIABLE xor_ln151_40 LOOP COMP_EMIT_VITIS_LOOP_146_4 BUNDLEDNAME {} DSP 0 BRAM 0 URAM 0 STORAGESUBTYPE {} DISPNAME {bind_op xor} VISIBLE false} {BINDTYPE op ID {} IMPL auto LATENCY 0 OPTYPE and PRAGMA {} RTLNAME and_ln151_48_fu_9603_p2 SOURCE src/integrated-gcn/integrated_gcn.cpp:151 VARIABLE and_ln151_48 LOOP COMP_EMIT_VITIS_LOOP_146_4 BUNDLEDNAME {} DSP 0 BRAM 0 URAM 0 STORAGESUBTYPE {} DISPNAME {bind_op and} VISIBLE false} {BINDTYPE op ID {} IMPL auto LATENCY 0 OPTYPE seteq PRAGMA {} RTLNAME icmp_ln151_24_fu_9625_p2 SOURCE src/integrated-gcn/integrated_gcn.cpp:151 VARIABLE icmp_ln151_24 LOOP COMP_EMIT_VITIS_LOOP_146_4 BUNDLEDNAME {} DSP 0 BRAM 0 URAM 0 STORAGESUBTYPE {} DISPNAME {bind_op seteq} VISIBLE false} {BINDTYPE op ID {} IMPL auto LATENCY 0 OPTYPE seteq PRAGMA {} RTLNAME icmp_ln151_25_fu_9639_p2 SOURCE src/integrated-gcn/integrated_gcn.cpp:151 VARIABLE icmp_ln151_25 LOOP COMP_EMIT_VITIS_LOOP_146_4 BUNDLEDNAME {} DSP 0 BRAM 0 URAM 0 STORAGESUBTYPE {} DISPNAME {bind_op seteq} VISIBLE false} {BINDTYPE op ID {} IMPL auto LATENCY 0 OPTYPE seteq PRAGMA {} RTLNAME icmp_ln151_26_fu_9645_p2 SOURCE src/integrated-gcn/integrated_gcn.cpp:151 VARIABLE icmp_ln151_26 LOOP COMP_EMIT_VITIS_LOOP_146_4 BUNDLEDNAME {} DSP 0 BRAM 0 URAM 0 STORAGESUBTYPE {} DISPNAME {bind_op seteq} VISIBLE false} {BINDTYPE op ID {} IMPL auto_sel LATENCY 0 OPTYPE select PRAGMA {} RTLNAME select_ln151_40_fu_9651_p3 SOURCE src/integrated-gcn/integrated_gcn.cpp:151 VARIABLE select_ln151_40 LOOP COMP_EMIT_VITIS_LOOP_146_4 BUNDLEDNAME {} DSP 0 BRAM 0 URAM 0 STORAGESUBTYPE {} DISPNAME {bind_op select} VISIBLE false} {BINDTYPE op ID {} IMPL auto LATENCY 0 OPTYPE xor PRAGMA {} RTLNAME xor_ln151_41_fu_9659_p2 SOURCE src/integrated-gcn/integrated_gcn.cpp:151 VARIABLE xor_ln151_41 LOOP COMP_EMIT_VITIS_LOOP_146_4 BUNDLEDNAME {} DSP 0 BRAM 0 URAM 0 STORAGESUBTYPE {} DISPNAME {bind_op xor} VISIBLE false} {BINDTYPE op ID {} IMPL auto LATENCY 0 OPTYPE and PRAGMA {} RTLNAME and_ln151_49_fu_9665_p2 SOURCE src/integrated-gcn/integrated_gcn.cpp:151 VARIABLE and_ln151_49 LOOP COMP_EMIT_VITIS_LOOP_146_4 BUNDLEDNAME {} DSP 0 BRAM 0 URAM 0 STORAGESUBTYPE {} DISPNAME {bind_op and} VISIBLE false} {BINDTYPE op ID {} IMPL auto_sel LATENCY 0 OPTYPE select PRAGMA {} RTLNAME select_ln151_41_fu_9671_p3 SOURCE src/integrated-gcn/integrated_gcn.cpp:151 VARIABLE select_ln151_41 LOOP COMP_EMIT_VITIS_LOOP_146_4 BUNDLEDNAME {} DSP 0 BRAM 0 URAM 0 STORAGESUBTYPE {} DISPNAME {bind_op select} VISIBLE false} {BINDTYPE op ID {} IMPL auto LATENCY 0 OPTYPE and PRAGMA {} RTLNAME and_ln151_50_fu_9679_p2 SOURCE src/integrated-gcn/integrated_gcn.cpp:151 VARIABLE and_ln151_50 LOOP COMP_EMIT_VITIS_LOOP_146_4 BUNDLEDNAME {} DSP 0 BRAM 0 URAM 0 STORAGESUBTYPE {} DISPNAME {bind_op and} VISIBLE false} {BINDTYPE op ID {} IMPL auto LATENCY 0 OPTYPE xor PRAGMA {} RTLNAME xor_ln151_42_fu_9685_p2 SOURCE src/integrated-gcn/integrated_gcn.cpp:151 VARIABLE xor_ln151_42 LOOP COMP_EMIT_VITIS_LOOP_146_4 BUNDLEDNAME {} DSP 0 BRAM 0 URAM 0 STORAGESUBTYPE {} DISPNAME {bind_op xor} VISIBLE false} {BINDTYPE op ID {} IMPL auto LATENCY 0 OPTYPE or PRAGMA {} RTLNAME or_ln151_16_fu_9691_p2 SOURCE src/integrated-gcn/integrated_gcn.cpp:151 VARIABLE or_ln151_16 LOOP COMP_EMIT_VITIS_LOOP_146_4 BUNDLEDNAME {} DSP 0 BRAM 0 URAM 0 STORAGESUBTYPE {} DISPNAME {bind_op or} VISIBLE false} {BINDTYPE op ID {} IMPL auto LATENCY 0 OPTYPE xor PRAGMA {} RTLNAME xor_ln151_43_fu_9697_p2 SOURCE src/integrated-gcn/integrated_gcn.cpp:151 VARIABLE xor_ln151_43 LOOP COMP_EMIT_VITIS_LOOP_146_4 BUNDLEDNAME {} DSP 0 BRAM 0 URAM 0 STORAGESUBTYPE {} DISPNAME {bind_op xor} VISIBLE false} {BINDTYPE op ID {} IMPL auto LATENCY 0 OPTYPE and PRAGMA {} RTLNAME and_ln151_51_fu_9703_p2 SOURCE src/integrated-gcn/integrated_gcn.cpp:151 VARIABLE and_ln151_51 LOOP COMP_EMIT_VITIS_LOOP_146_4 BUNDLEDNAME {} DSP 0 BRAM 0 URAM 0 STORAGESUBTYPE {} DISPNAME {bind_op and} VISIBLE false} {BINDTYPE op ID {} IMPL auto LATENCY 0 OPTYPE and PRAGMA {} RTLNAME and_ln151_52_fu_9709_p2 SOURCE src/integrated-gcn/integrated_gcn.cpp:151 VARIABLE and_ln151_52 LOOP COMP_EMIT_VITIS_LOOP_146_4 BUNDLEDNAME {} DSP 0 BRAM 0 URAM 0 STORAGESUBTYPE {} DISPNAME {bind_op and} VISIBLE false} {BINDTYPE op ID {} IMPL auto LATENCY 0 OPTYPE or PRAGMA {} RTLNAME or_ln151_72_fu_9715_p2 SOURCE src/integrated-gcn/integrated_gcn.cpp:151 VARIABLE or_ln151_72 LOOP COMP_EMIT_VITIS_LOOP_146_4 BUNDLEDNAME {} DSP 0 BRAM 0 URAM 0 STORAGESUBTYPE {} DISPNAME {bind_op or} VISIBLE false} {BINDTYPE op ID {} IMPL auto LATENCY 0 OPTYPE xor PRAGMA {} RTLNAME xor_ln151_44_fu_9721_p2 SOURCE src/integrated-gcn/integrated_gcn.cpp:151 VARIABLE xor_ln151_44 LOOP COMP_EMIT_VITIS_LOOP_146_4 BUNDLEDNAME {} DSP 0 BRAM 0 URAM 0 STORAGESUBTYPE {} DISPNAME {bind_op xor} VISIBLE false} {BINDTYPE op ID {} IMPL auto LATENCY 0 OPTYPE and PRAGMA {} RTLNAME and_ln151_53_fu_9727_p2 SOURCE src/integrated-gcn/integrated_gcn.cpp:151 VARIABLE and_ln151_53 LOOP COMP_EMIT_VITIS_LOOP_146_4 BUNDLEDNAME {} DSP 0 BRAM 0 URAM 0 STORAGESUBTYPE {} DISPNAME {bind_op and} VISIBLE false} {BINDTYPE op ID {} IMPL auto_sel LATENCY 0 OPTYPE select PRAGMA {} RTLNAME select_ln151_42_fu_9733_p3 SOURCE src/integrated-gcn/integrated_gcn.cpp:151 VARIABLE select_ln151_42 LOOP COMP_EMIT_VITIS_LOOP_146_4 BUNDLEDNAME {} DSP 0 BRAM 0 URAM 0 STORAGESUBTYPE {} DISPNAME {bind_op select} VISIBLE false} {BINDTYPE op ID {} IMPL auto LATENCY 0 OPTYPE or PRAGMA {} RTLNAME or_ln151_17_fu_9741_p2 SOURCE src/integrated-gcn/integrated_gcn.cpp:151 VARIABLE or_ln151_17 LOOP COMP_EMIT_VITIS_LOOP_146_4 BUNDLEDNAME {} DSP 0 BRAM 0 URAM 0 STORAGESUBTYPE {} DISPNAME {bind_op or} VISIBLE false} {BINDTYPE op ID {} IMPL auto_sel LATENCY 0 OPTYPE select PRAGMA {} RTLNAME select_ln151_43_fu_9747_p3 SOURCE src/integrated-gcn/integrated_gcn.cpp:151 VARIABLE select_ln151_43 LOOP COMP_EMIT_VITIS_LOOP_146_4 BUNDLEDNAME {} DSP 0 BRAM 0 URAM 0 STORAGESUBTYPE {} DISPNAME {bind_op select} VISIBLE false} {BINDTYPE op ID {} IMPL auto_sel LATENCY 0 OPTYPE select PRAGMA {} RTLNAME tmp_63_fu_9783_p2 SOURCE src/integrated-gcn/integrated_gcn.cpp:151 VARIABLE select_ln151_164 LOOP COMP_EMIT_VITIS_LOOP_146_4 BUNDLEDNAME {} DSP 0 BRAM 0 URAM 0 STORAGESUBTYPE {} DISPNAME {bind_op select} VISIBLE false} {BINDTYPE op ID {} IMPL auto_sel LATENCY 0 OPTYPE select PRAGMA {} RTLNAME tmp_63_fu_9783_p4 SOURCE src/integrated-gcn/integrated_gcn.cpp:151 VARIABLE select_ln151_165 LOOP COMP_EMIT_VITIS_LOOP_146_4 BUNDLEDNAME {} DSP 0 BRAM 0 URAM 0 STORAGESUBTYPE {} DISPNAME {bind_op select} VISIBLE false} {BINDTYPE op ID {} IMPL auto_sel LATENCY 0 OPTYPE select PRAGMA {} RTLNAME tmp_63_fu_9783_p6 SOURCE src/integrated-gcn/integrated_gcn.cpp:151 VARIABLE select_ln151_166 LOOP COMP_EMIT_VITIS_LOOP_146_4 BUNDLEDNAME {} DSP 0 BRAM 0 URAM 0 STORAGESUBTYPE {} DISPNAME {bind_op select} VISIBLE false} {BINDTYPE op ID {} IMPL auto_sel LATENCY 0 OPTYPE select PRAGMA {} RTLNAME tmp_63_fu_9783_p8 SOURCE src/integrated-gcn/integrated_gcn.cpp:151 VARIABLE select_ln151_167 LOOP COMP_EMIT_VITIS_LOOP_146_4 BUNDLEDNAME {} DSP 0 BRAM 0 URAM 0 STORAGESUBTYPE {} DISPNAME {bind_op select} VISIBLE false} {BINDTYPE op ID {} IMPL compactencoding_dontcare LATENCY 0 OPTYPE sparsemux PRAGMA {} RTLNAME sparsemux_9_2_32_1_1_U1180 SOURCE src/integrated-gcn/integrated_gcn.cpp:151 VARIABLE tmp_63 LOOP COMP_EMIT_VITIS_LOOP_146_4 BUNDLEDNAME {} DSP 0 BRAM 0 URAM 0 STORAGESUBTYPE {} DISPNAME {bind_op sparsemux} VISIBLE false} {BINDTYPE op ID {} IMPL fabric LATENCY 0 OPTYPE add PRAGMA {} RTLNAME add_ln151_9_fu_9844_p2 SOURCE src/integrated-gcn/integrated_gcn.cpp:151 VARIABLE add_ln151_9 LOOP COMP_EMIT_VITIS_LOOP_146_4 BUNDLEDNAME {} DSP 0 BRAM 0 URAM 0 STORAGESUBTYPE {} DISPNAME {bind_op add} VISIBLE true} {BINDTYPE op ID {} IMPL auto LATENCY 0 OPTYPE xor PRAGMA {} RTLNAME xor_ln151_45_fu_9858_p2 SOURCE src/integrated-gcn/integrated_gcn.cpp:151 VARIABLE xor_ln151_45 LOOP COMP_EMIT_VITIS_LOOP_146_4 BUNDLEDNAME {} DSP 0 BRAM 0 URAM 0 STORAGESUBTYPE {} DISPNAME {bind_op xor} VISIBLE false} {BINDTYPE op ID {} IMPL auto LATENCY 0 OPTYPE and PRAGMA {} RTLNAME and_ln151_54_fu_9864_p2 SOURCE src/integrated-gcn/integrated_gcn.cpp:151 VARIABLE and_ln151_54 LOOP COMP_EMIT_VITIS_LOOP_146_4 BUNDLEDNAME {} DSP 0 BRAM 0 URAM 0 STORAGESUBTYPE {} DISPNAME {bind_op and} VISIBLE false} {BINDTYPE op ID {} IMPL auto LATENCY 0 OPTYPE seteq PRAGMA {} RTLNAME icmp_ln151_27_fu_9886_p2 SOURCE src/integrated-gcn/integrated_gcn.cpp:151 VARIABLE icmp_ln151_27 LOOP COMP_EMIT_VITIS_LOOP_146_4 BUNDLEDNAME {} DSP 0 BRAM 0 URAM 0 STORAGESUBTYPE {} DISPNAME {bind_op seteq} VISIBLE false} {BINDTYPE op ID {} IMPL auto LATENCY 0 OPTYPE seteq PRAGMA {} RTLNAME icmp_ln151_28_fu_9900_p2 SOURCE src/integrated-gcn/integrated_gcn.cpp:151 VARIABLE icmp_ln151_28 LOOP COMP_EMIT_VITIS_LOOP_146_4 BUNDLEDNAME {} DSP 0 BRAM 0 URAM 0 STORAGESUBTYPE {} DISPNAME {bind_op seteq} VISIBLE false} {BINDTYPE op ID {} IMPL auto LATENCY 0 OPTYPE seteq PRAGMA {} RTLNAME icmp_ln151_29_fu_9906_p2 SOURCE src/integrated-gcn/integrated_gcn.cpp:151 VARIABLE icmp_ln151_29 LOOP COMP_EMIT_VITIS_LOOP_146_4 BUNDLEDNAME {} DSP 0 BRAM 0 URAM 0 STORAGESUBTYPE {} DISPNAME {bind_op seteq} VISIBLE false} {BINDTYPE op ID {} IMPL auto_sel LATENCY 0 OPTYPE select PRAGMA {} RTLNAME select_ln151_45_fu_9912_p3 SOURCE src/integrated-gcn/integrated_gcn.cpp:151 VARIABLE select_ln151_45 LOOP COMP_EMIT_VITIS_LOOP_146_4 BUNDLEDNAME {} DSP 0 BRAM 0 URAM 0 STORAGESUBTYPE {} DISPNAME {bind_op select} VISIBLE false} {BINDTYPE op ID {} IMPL auto LATENCY 0 OPTYPE xor PRAGMA {} RTLNAME xor_ln151_46_fu_9920_p2 SOURCE src/integrated-gcn/integrated_gcn.cpp:151 VARIABLE xor_ln151_46 LOOP COMP_EMIT_VITIS_LOOP_146_4 BUNDLEDNAME {} DSP 0 BRAM 0 URAM 0 STORAGESUBTYPE {} DISPNAME {bind_op xor} VISIBLE false} {BINDTYPE op ID {} IMPL auto LATENCY 0 OPTYPE and PRAGMA {} RTLNAME and_ln151_55_fu_9926_p2 SOURCE src/integrated-gcn/integrated_gcn.cpp:151 VARIABLE and_ln151_55 LOOP COMP_EMIT_VITIS_LOOP_146_4 BUNDLEDNAME {} DSP 0 BRAM 0 URAM 0 STORAGESUBTYPE {} DISPNAME {bind_op and} VISIBLE false} {BINDTYPE op ID {} IMPL auto_sel LATENCY 0 OPTYPE select PRAGMA {} RTLNAME select_ln151_46_fu_9932_p3 SOURCE src/integrated-gcn/integrated_gcn.cpp:151 VARIABLE select_ln151_46 LOOP COMP_EMIT_VITIS_LOOP_146_4 BUNDLEDNAME {} DSP 0 BRAM 0 URAM 0 STORAGESUBTYPE {} DISPNAME {bind_op select} VISIBLE false} {BINDTYPE op ID {} IMPL auto LATENCY 0 OPTYPE and PRAGMA {} RTLNAME and_ln151_56_fu_9940_p2 SOURCE src/integrated-gcn/integrated_gcn.cpp:151 VARIABLE and_ln151_56 LOOP COMP_EMIT_VITIS_LOOP_146_4 BUNDLEDNAME {} DSP 0 BRAM 0 URAM 0 STORAGESUBTYPE {} DISPNAME {bind_op and} VISIBLE false} {BINDTYPE op ID {} IMPL auto LATENCY 0 OPTYPE xor PRAGMA {} RTLNAME xor_ln151_47_fu_9946_p2 SOURCE src/integrated-gcn/integrated_gcn.cpp:151 VARIABLE xor_ln151_47 LOOP COMP_EMIT_VITIS_LOOP_146_4 BUNDLEDNAME {} DSP 0 BRAM 0 URAM 0 STORAGESUBTYPE {} DISPNAME {bind_op xor} VISIBLE false} {BINDTYPE op ID {} IMPL auto LATENCY 0 OPTYPE or PRAGMA {} RTLNAME or_ln151_18_fu_9952_p2 SOURCE src/integrated-gcn/integrated_gcn.cpp:151 VARIABLE or_ln151_18 LOOP COMP_EMIT_VITIS_LOOP_146_4 BUNDLEDNAME {} DSP 0 BRAM 0 URAM 0 STORAGESUBTYPE {} DISPNAME {bind_op or} VISIBLE false} {BINDTYPE op ID {} IMPL auto LATENCY 0 OPTYPE xor PRAGMA {} RTLNAME xor_ln151_48_fu_9958_p2 SOURCE src/integrated-gcn/integrated_gcn.cpp:151 VARIABLE xor_ln151_48 LOOP COMP_EMIT_VITIS_LOOP_146_4 BUNDLEDNAME {} DSP 0 BRAM 0 URAM 0 STORAGESUBTYPE {} DISPNAME {bind_op xor} VISIBLE false} {BINDTYPE op ID {} IMPL auto LATENCY 0 OPTYPE and PRAGMA {} RTLNAME and_ln151_57_fu_9964_p2 SOURCE src/integrated-gcn/integrated_gcn.cpp:151 VARIABLE and_ln151_57 LOOP COMP_EMIT_VITIS_LOOP_146_4 BUNDLEDNAME {} DSP 0 BRAM 0 URAM 0 STORAGESUBTYPE {} DISPNAME {bind_op and} VISIBLE false} {BINDTYPE op ID {} IMPL auto LATENCY 0 OPTYPE and PRAGMA {} RTLNAME and_ln151_58_fu_9970_p2 SOURCE src/integrated-gcn/integrated_gcn.cpp:151 VARIABLE and_ln151_58 LOOP COMP_EMIT_VITIS_LOOP_146_4 BUNDLEDNAME {} DSP 0 BRAM 0 URAM 0 STORAGESUBTYPE {} DISPNAME {bind_op and} VISIBLE false} {BINDTYPE op ID {} IMPL auto LATENCY 0 OPTYPE or PRAGMA {} RTLNAME or_ln151_73_fu_9976_p2 SOURCE src/integrated-gcn/integrated_gcn.cpp:151 VARIABLE or_ln151_73 LOOP COMP_EMIT_VITIS_LOOP_146_4 BUNDLEDNAME {} DSP 0 BRAM 0 URAM 0 STORAGESUBTYPE {} DISPNAME {bind_op or} VISIBLE false} {BINDTYPE op ID {} IMPL auto LATENCY 0 OPTYPE xor PRAGMA {} RTLNAME xor_ln151_49_fu_9982_p2 SOURCE src/integrated-gcn/integrated_gcn.cpp:151 VARIABLE xor_ln151_49 LOOP COMP_EMIT_VITIS_LOOP_146_4 BUNDLEDNAME {} DSP 0 BRAM 0 URAM 0 STORAGESUBTYPE {} DISPNAME {bind_op xor} VISIBLE false} {BINDTYPE op ID {} IMPL auto LATENCY 0 OPTYPE and PRAGMA {} RTLNAME and_ln151_59_fu_9988_p2 SOURCE src/integrated-gcn/integrated_gcn.cpp:151 VARIABLE and_ln151_59 LOOP COMP_EMIT_VITIS_LOOP_146_4 BUNDLEDNAME {} DSP 0 BRAM 0 URAM 0 STORAGESUBTYPE {} DISPNAME {bind_op and} VISIBLE false} {BINDTYPE op ID {} IMPL auto_sel LATENCY 0 OPTYPE select PRAGMA {} RTLNAME select_ln151_47_fu_9994_p3 SOURCE src/integrated-gcn/integrated_gcn.cpp:151 VARIABLE select_ln151_47 LOOP COMP_EMIT_VITIS_LOOP_146_4 BUNDLEDNAME {} DSP 0 BRAM 0 URAM 0 STORAGESUBTYPE {} DISPNAME {bind_op select} VISIBLE false} {BINDTYPE op ID {} IMPL auto LATENCY 0 OPTYPE or PRAGMA {} RTLNAME or_ln151_19_fu_10002_p2 SOURCE src/integrated-gcn/integrated_gcn.cpp:151 VARIABLE or_ln151_19 LOOP COMP_EMIT_VITIS_LOOP_146_4 BUNDLEDNAME {} DSP 0 BRAM 0 URAM 0 STORAGESUBTYPE {} DISPNAME {bind_op or} VISIBLE false} {BINDTYPE op ID {} IMPL auto_sel LATENCY 0 OPTYPE select PRAGMA {} RTLNAME select_ln151_48_fu_10008_p3 SOURCE src/integrated-gcn/integrated_gcn.cpp:151 VARIABLE select_ln151_48 LOOP COMP_EMIT_VITIS_LOOP_146_4 BUNDLEDNAME {} DSP 0 BRAM 0 URAM 0 STORAGESUBTYPE {} DISPNAME {bind_op select} VISIBLE false} {BINDTYPE op ID {} IMPL auto_sel LATENCY 0 OPTYPE select PRAGMA {} RTLNAME tmp_71_fu_10044_p2 SOURCE src/integrated-gcn/integrated_gcn.cpp:151 VARIABLE select_ln151_168 LOOP COMP_EMIT_VITIS_LOOP_146_4 BUNDLEDNAME {} DSP 0 BRAM 0 URAM 0 STORAGESUBTYPE {} DISPNAME {bind_op select} VISIBLE false} {BINDTYPE op ID {} IMPL auto_sel LATENCY 0 OPTYPE select PRAGMA {} RTLNAME tmp_71_fu_10044_p4 SOURCE src/integrated-gcn/integrated_gcn.cpp:151 VARIABLE select_ln151_169 LOOP COMP_EMIT_VITIS_LOOP_146_4 BUNDLEDNAME {} DSP 0 BRAM 0 URAM 0 STORAGESUBTYPE {} DISPNAME {bind_op select} VISIBLE false} {BINDTYPE op ID {} IMPL auto_sel LATENCY 0 OPTYPE select PRAGMA {} RTLNAME tmp_71_fu_10044_p6 SOURCE src/integrated-gcn/integrated_gcn.cpp:151 VARIABLE select_ln151_170 LOOP COMP_EMIT_VITIS_LOOP_146_4 BUNDLEDNAME {} DSP 0 BRAM 0 URAM 0 STORAGESUBTYPE {} DISPNAME {bind_op select} VISIBLE false} {BINDTYPE op ID {} IMPL auto_sel LATENCY 0 OPTYPE select PRAGMA {} RTLNAME tmp_71_fu_10044_p8 SOURCE src/integrated-gcn/integrated_gcn.cpp:151 VARIABLE select_ln151_171 LOOP COMP_EMIT_VITIS_LOOP_146_4 BUNDLEDNAME {} DSP 0 BRAM 0 URAM 0 STORAGESUBTYPE {} DISPNAME {bind_op select} VISIBLE false} {BINDTYPE op ID {} IMPL compactencoding_dontcare LATENCY 0 OPTYPE sparsemux PRAGMA {} RTLNAME sparsemux_9_2_32_1_1_U1181 SOURCE src/integrated-gcn/integrated_gcn.cpp:151 VARIABLE tmp_71 LOOP COMP_EMIT_VITIS_LOOP_146_4 BUNDLEDNAME {} DSP 0 BRAM 0 URAM 0 STORAGESUBTYPE {} DISPNAME {bind_op sparsemux} VISIBLE false} {BINDTYPE op ID {} IMPL fabric LATENCY 0 OPTYPE add PRAGMA {} RTLNAME add_ln151_10_fu_10105_p2 SOURCE src/integrated-gcn/integrated_gcn.cpp:151 VARIABLE add_ln151_10 LOOP COMP_EMIT_VITIS_LOOP_146_4 BUNDLEDNAME {} DSP 0 BRAM 0 URAM 0 STORAGESUBTYPE {} DISPNAME {bind_op add} VISIBLE true} {BINDTYPE op ID {} IMPL auto LATENCY 0 OPTYPE xor PRAGMA {} RTLNAME xor_ln151_50_fu_10119_p2 SOURCE src/integrated-gcn/integrated_gcn.cpp:151 VARIABLE xor_ln151_50 LOOP COMP_EMIT_VITIS_LOOP_146_4 BUNDLEDNAME {} DSP 0 BRAM 0 URAM 0 STORAGESUBTYPE {} DISPNAME {bind_op xor} VISIBLE false} {BINDTYPE op ID {} IMPL auto LATENCY 0 OPTYPE and PRAGMA {} RTLNAME and_ln151_60_fu_10125_p2 SOURCE src/integrated-gcn/integrated_gcn.cpp:151 VARIABLE and_ln151_60 LOOP COMP_EMIT_VITIS_LOOP_146_4 BUNDLEDNAME {} DSP 0 BRAM 0 URAM 0 STORAGESUBTYPE {} DISPNAME {bind_op and} VISIBLE false} {BINDTYPE op ID {} IMPL auto LATENCY 0 OPTYPE seteq PRAGMA {} RTLNAME icmp_ln151_30_fu_10147_p2 SOURCE src/integrated-gcn/integrated_gcn.cpp:151 VARIABLE icmp_ln151_30 LOOP COMP_EMIT_VITIS_LOOP_146_4 BUNDLEDNAME {} DSP 0 BRAM 0 URAM 0 STORAGESUBTYPE {} DISPNAME {bind_op seteq} VISIBLE false} {BINDTYPE op ID {} IMPL auto LATENCY 0 OPTYPE seteq PRAGMA {} RTLNAME icmp_ln151_31_fu_10161_p2 SOURCE src/integrated-gcn/integrated_gcn.cpp:151 VARIABLE icmp_ln151_31 LOOP COMP_EMIT_VITIS_LOOP_146_4 BUNDLEDNAME {} DSP 0 BRAM 0 URAM 0 STORAGESUBTYPE {} DISPNAME {bind_op seteq} VISIBLE false} {BINDTYPE op ID {} IMPL auto LATENCY 0 OPTYPE seteq PRAGMA {} RTLNAME icmp_ln151_32_fu_10167_p2 SOURCE src/integrated-gcn/integrated_gcn.cpp:151 VARIABLE icmp_ln151_32 LOOP COMP_EMIT_VITIS_LOOP_146_4 BUNDLEDNAME {} DSP 0 BRAM 0 URAM 0 STORAGESUBTYPE {} DISPNAME {bind_op seteq} VISIBLE false} {BINDTYPE op ID {} IMPL auto_sel LATENCY 0 OPTYPE select PRAGMA {} RTLNAME select_ln151_50_fu_10173_p3 SOURCE src/integrated-gcn/integrated_gcn.cpp:151 VARIABLE select_ln151_50 LOOP COMP_EMIT_VITIS_LOOP_146_4 BUNDLEDNAME {} DSP 0 BRAM 0 URAM 0 STORAGESUBTYPE {} DISPNAME {bind_op select} VISIBLE false} {BINDTYPE op ID {} IMPL auto LATENCY 0 OPTYPE xor PRAGMA {} RTLNAME xor_ln151_51_fu_10181_p2 SOURCE src/integrated-gcn/integrated_gcn.cpp:151 VARIABLE xor_ln151_51 LOOP COMP_EMIT_VITIS_LOOP_146_4 BUNDLEDNAME {} DSP 0 BRAM 0 URAM 0 STORAGESUBTYPE {} DISPNAME {bind_op xor} VISIBLE false} {BINDTYPE op ID {} IMPL auto LATENCY 0 OPTYPE and PRAGMA {} RTLNAME and_ln151_61_fu_10187_p2 SOURCE src/integrated-gcn/integrated_gcn.cpp:151 VARIABLE and_ln151_61 LOOP COMP_EMIT_VITIS_LOOP_146_4 BUNDLEDNAME {} DSP 0 BRAM 0 URAM 0 STORAGESUBTYPE {} DISPNAME {bind_op and} VISIBLE false} {BINDTYPE op ID {} IMPL auto_sel LATENCY 0 OPTYPE select PRAGMA {} RTLNAME select_ln151_51_fu_10193_p3 SOURCE src/integrated-gcn/integrated_gcn.cpp:151 VARIABLE select_ln151_51 LOOP COMP_EMIT_VITIS_LOOP_146_4 BUNDLEDNAME {} DSP 0 BRAM 0 URAM 0 STORAGESUBTYPE {} DISPNAME {bind_op select} VISIBLE false} {BINDTYPE op ID {} IMPL auto LATENCY 0 OPTYPE and PRAGMA {} RTLNAME and_ln151_62_fu_10201_p2 SOURCE src/integrated-gcn/integrated_gcn.cpp:151 VARIABLE and_ln151_62 LOOP COMP_EMIT_VITIS_LOOP_146_4 BUNDLEDNAME {} DSP 0 BRAM 0 URAM 0 STORAGESUBTYPE {} DISPNAME {bind_op and} VISIBLE false} {BINDTYPE op ID {} IMPL auto LATENCY 0 OPTYPE xor PRAGMA {} RTLNAME xor_ln151_52_fu_10207_p2 SOURCE src/integrated-gcn/integrated_gcn.cpp:151 VARIABLE xor_ln151_52 LOOP COMP_EMIT_VITIS_LOOP_146_4 BUNDLEDNAME {} DSP 0 BRAM 0 URAM 0 STORAGESUBTYPE {} DISPNAME {bind_op xor} VISIBLE false} {BINDTYPE op ID {} IMPL auto LATENCY 0 OPTYPE or PRAGMA {} RTLNAME or_ln151_20_fu_10213_p2 SOURCE src/integrated-gcn/integrated_gcn.cpp:151 VARIABLE or_ln151_20 LOOP COMP_EMIT_VITIS_LOOP_146_4 BUNDLEDNAME {} DSP 0 BRAM 0 URAM 0 STORAGESUBTYPE {} DISPNAME {bind_op or} VISIBLE false} {BINDTYPE op ID {} IMPL auto LATENCY 0 OPTYPE xor PRAGMA {} RTLNAME xor_ln151_53_fu_10219_p2 SOURCE src/integrated-gcn/integrated_gcn.cpp:151 VARIABLE xor_ln151_53 LOOP COMP_EMIT_VITIS_LOOP_146_4 BUNDLEDNAME {} DSP 0 BRAM 0 URAM 0 STORAGESUBTYPE {} DISPNAME {bind_op xor} VISIBLE false} {BINDTYPE op ID {} IMPL auto LATENCY 0 OPTYPE and PRAGMA {} RTLNAME and_ln151_63_fu_10225_p2 SOURCE src/integrated-gcn/integrated_gcn.cpp:151 VARIABLE and_ln151_63 LOOP COMP_EMIT_VITIS_LOOP_146_4 BUNDLEDNAME {} DSP 0 BRAM 0 URAM 0 STORAGESUBTYPE {} DISPNAME {bind_op and} VISIBLE false} {BINDTYPE op ID {} IMPL auto LATENCY 0 OPTYPE and PRAGMA {} RTLNAME and_ln151_64_fu_10231_p2 SOURCE src/integrated-gcn/integrated_gcn.cpp:151 VARIABLE and_ln151_64 LOOP COMP_EMIT_VITIS_LOOP_146_4 BUNDLEDNAME {} DSP 0 BRAM 0 URAM 0 STORAGESUBTYPE {} DISPNAME {bind_op and} VISIBLE false} {BINDTYPE op ID {} IMPL auto LATENCY 0 OPTYPE or PRAGMA {} RTLNAME or_ln151_74_fu_10237_p2 SOURCE src/integrated-gcn/integrated_gcn.cpp:151 VARIABLE or_ln151_74 LOOP COMP_EMIT_VITIS_LOOP_146_4 BUNDLEDNAME {} DSP 0 BRAM 0 URAM 0 STORAGESUBTYPE {} DISPNAME {bind_op or} VISIBLE false} {BINDTYPE op ID {} IMPL auto LATENCY 0 OPTYPE xor PRAGMA {} RTLNAME xor_ln151_54_fu_10243_p2 SOURCE src/integrated-gcn/integrated_gcn.cpp:151 VARIABLE xor_ln151_54 LOOP COMP_EMIT_VITIS_LOOP_146_4 BUNDLEDNAME {} DSP 0 BRAM 0 URAM 0 STORAGESUBTYPE {} DISPNAME {bind_op xor} VISIBLE false} {BINDTYPE op ID {} IMPL auto LATENCY 0 OPTYPE and PRAGMA {} RTLNAME and_ln151_65_fu_10249_p2 SOURCE src/integrated-gcn/integrated_gcn.cpp:151 VARIABLE and_ln151_65 LOOP COMP_EMIT_VITIS_LOOP_146_4 BUNDLEDNAME {} DSP 0 BRAM 0 URAM 0 STORAGESUBTYPE {} DISPNAME {bind_op and} VISIBLE false} {BINDTYPE op ID {} IMPL auto_sel LATENCY 0 OPTYPE select PRAGMA {} RTLNAME select_ln151_52_fu_10255_p3 SOURCE src/integrated-gcn/integrated_gcn.cpp:151 VARIABLE select_ln151_52 LOOP COMP_EMIT_VITIS_LOOP_146_4 BUNDLEDNAME {} DSP 0 BRAM 0 URAM 0 STORAGESUBTYPE {} DISPNAME {bind_op select} VISIBLE false} {BINDTYPE op ID {} IMPL auto LATENCY 0 OPTYPE or PRAGMA {} RTLNAME or_ln151_21_fu_10263_p2 SOURCE src/integrated-gcn/integrated_gcn.cpp:151 VARIABLE or_ln151_21 LOOP COMP_EMIT_VITIS_LOOP_146_4 BUNDLEDNAME {} DSP 0 BRAM 0 URAM 0 STORAGESUBTYPE {} DISPNAME {bind_op or} VISIBLE false} {BINDTYPE op ID {} IMPL auto_sel LATENCY 0 OPTYPE select PRAGMA {} RTLNAME select_ln151_53_fu_10269_p3 SOURCE src/integrated-gcn/integrated_gcn.cpp:151 VARIABLE select_ln151_53 LOOP COMP_EMIT_VITIS_LOOP_146_4 BUNDLEDNAME {} DSP 0 BRAM 0 URAM 0 STORAGESUBTYPE {} DISPNAME {bind_op select} VISIBLE false} {BINDTYPE op ID {} IMPL auto_sel LATENCY 0 OPTYPE select PRAGMA {} RTLNAME tmp_79_fu_10305_p2 SOURCE src/integrated-gcn/integrated_gcn.cpp:151 VARIABLE select_ln151_172 LOOP COMP_EMIT_VITIS_LOOP_146_4 BUNDLEDNAME {} DSP 0 BRAM 0 URAM 0 STORAGESUBTYPE {} DISPNAME {bind_op select} VISIBLE false} {BINDTYPE op ID {} IMPL auto_sel LATENCY 0 OPTYPE select PRAGMA {} RTLNAME tmp_79_fu_10305_p4 SOURCE src/integrated-gcn/integrated_gcn.cpp:151 VARIABLE select_ln151_173 LOOP COMP_EMIT_VITIS_LOOP_146_4 BUNDLEDNAME {} DSP 0 BRAM 0 URAM 0 STORAGESUBTYPE {} DISPNAME {bind_op select} VISIBLE false} {BINDTYPE op ID {} IMPL auto_sel LATENCY 0 OPTYPE select PRAGMA {} RTLNAME tmp_79_fu_10305_p6 SOURCE src/integrated-gcn/integrated_gcn.cpp:151 VARIABLE select_ln151_174 LOOP COMP_EMIT_VITIS_LOOP_146_4 BUNDLEDNAME {} DSP 0 BRAM 0 URAM 0 STORAGESUBTYPE {} DISPNAME {bind_op select} VISIBLE false} {BINDTYPE op ID {} IMPL auto_sel LATENCY 0 OPTYPE select PRAGMA {} RTLNAME tmp_79_fu_10305_p8 SOURCE src/integrated-gcn/integrated_gcn.cpp:151 VARIABLE select_ln151_175 LOOP COMP_EMIT_VITIS_LOOP_146_4 BUNDLEDNAME {} DSP 0 BRAM 0 URAM 0 STORAGESUBTYPE {} DISPNAME {bind_op select} VISIBLE false} {BINDTYPE op ID {} IMPL compactencoding_dontcare LATENCY 0 OPTYPE sparsemux PRAGMA {} RTLNAME sparsemux_9_2_32_1_1_U1182 SOURCE src/integrated-gcn/integrated_gcn.cpp:151 VARIABLE tmp_79 LOOP COMP_EMIT_VITIS_LOOP_146_4 BUNDLEDNAME {} DSP 0 BRAM 0 URAM 0 STORAGESUBTYPE {} DISPNAME {bind_op sparsemux} VISIBLE false} {BINDTYPE op ID {} IMPL fabric LATENCY 0 OPTYPE add PRAGMA {} RTLNAME add_ln151_11_fu_10366_p2 SOURCE src/integrated-gcn/integrated_gcn.cpp:151 VARIABLE add_ln151_11 LOOP COMP_EMIT_VITIS_LOOP_146_4 BUNDLEDNAME {} DSP 0 BRAM 0 URAM 0 STORAGESUBTYPE {} DISPNAME {bind_op add} VISIBLE true} {BINDTYPE op ID {} IMPL auto LATENCY 0 OPTYPE xor PRAGMA {} RTLNAME xor_ln151_55_fu_10380_p2 SOURCE src/integrated-gcn/integrated_gcn.cpp:151 VARIABLE xor_ln151_55 LOOP COMP_EMIT_VITIS_LOOP_146_4 BUNDLEDNAME {} DSP 0 BRAM 0 URAM 0 STORAGESUBTYPE {} DISPNAME {bind_op xor} VISIBLE false} {BINDTYPE op ID {} IMPL auto LATENCY 0 OPTYPE and PRAGMA {} RTLNAME and_ln151_66_fu_10386_p2 SOURCE src/integrated-gcn/integrated_gcn.cpp:151 VARIABLE and_ln151_66 LOOP COMP_EMIT_VITIS_LOOP_146_4 BUNDLEDNAME {} DSP 0 BRAM 0 URAM 0 STORAGESUBTYPE {} DISPNAME {bind_op and} VISIBLE false} {BINDTYPE op ID {} IMPL auto LATENCY 0 OPTYPE seteq PRAGMA {} RTLNAME icmp_ln151_33_fu_10408_p2 SOURCE src/integrated-gcn/integrated_gcn.cpp:151 VARIABLE icmp_ln151_33 LOOP COMP_EMIT_VITIS_LOOP_146_4 BUNDLEDNAME {} DSP 0 BRAM 0 URAM 0 STORAGESUBTYPE {} DISPNAME {bind_op seteq} VISIBLE false} {BINDTYPE op ID {} IMPL auto LATENCY 0 OPTYPE seteq PRAGMA {} RTLNAME icmp_ln151_34_fu_10422_p2 SOURCE src/integrated-gcn/integrated_gcn.cpp:151 VARIABLE icmp_ln151_34 LOOP COMP_EMIT_VITIS_LOOP_146_4 BUNDLEDNAME {} DSP 0 BRAM 0 URAM 0 STORAGESUBTYPE {} DISPNAME {bind_op seteq} VISIBLE false} {BINDTYPE op ID {} IMPL auto LATENCY 0 OPTYPE seteq PRAGMA {} RTLNAME icmp_ln151_35_fu_10428_p2 SOURCE src/integrated-gcn/integrated_gcn.cpp:151 VARIABLE icmp_ln151_35 LOOP COMP_EMIT_VITIS_LOOP_146_4 BUNDLEDNAME {} DSP 0 BRAM 0 URAM 0 STORAGESUBTYPE {} DISPNAME {bind_op seteq} VISIBLE false} {BINDTYPE op ID {} IMPL auto_sel LATENCY 0 OPTYPE select PRAGMA {} RTLNAME select_ln151_55_fu_10434_p3 SOURCE src/integrated-gcn/integrated_gcn.cpp:151 VARIABLE select_ln151_55 LOOP COMP_EMIT_VITIS_LOOP_146_4 BUNDLEDNAME {} DSP 0 BRAM 0 URAM 0 STORAGESUBTYPE {} DISPNAME {bind_op select} VISIBLE false} {BINDTYPE op ID {} IMPL auto LATENCY 0 OPTYPE xor PRAGMA {} RTLNAME xor_ln151_56_fu_10442_p2 SOURCE src/integrated-gcn/integrated_gcn.cpp:151 VARIABLE xor_ln151_56 LOOP COMP_EMIT_VITIS_LOOP_146_4 BUNDLEDNAME {} DSP 0 BRAM 0 URAM 0 STORAGESUBTYPE {} DISPNAME {bind_op xor} VISIBLE false} {BINDTYPE op ID {} IMPL auto LATENCY 0 OPTYPE and PRAGMA {} RTLNAME and_ln151_67_fu_10448_p2 SOURCE src/integrated-gcn/integrated_gcn.cpp:151 VARIABLE and_ln151_67 LOOP COMP_EMIT_VITIS_LOOP_146_4 BUNDLEDNAME {} DSP 0 BRAM 0 URAM 0 STORAGESUBTYPE {} DISPNAME {bind_op and} VISIBLE false} {BINDTYPE op ID {} IMPL auto_sel LATENCY 0 OPTYPE select PRAGMA {} RTLNAME select_ln151_56_fu_10454_p3 SOURCE src/integrated-gcn/integrated_gcn.cpp:151 VARIABLE select_ln151_56 LOOP COMP_EMIT_VITIS_LOOP_146_4 BUNDLEDNAME {} DSP 0 BRAM 0 URAM 0 STORAGESUBTYPE {} DISPNAME {bind_op select} VISIBLE false} {BINDTYPE op ID {} IMPL auto LATENCY 0 OPTYPE and PRAGMA {} RTLNAME and_ln151_68_fu_10462_p2 SOURCE src/integrated-gcn/integrated_gcn.cpp:151 VARIABLE and_ln151_68 LOOP COMP_EMIT_VITIS_LOOP_146_4 BUNDLEDNAME {} DSP 0 BRAM 0 URAM 0 STORAGESUBTYPE {} DISPNAME {bind_op and} VISIBLE false} {BINDTYPE op ID {} IMPL auto LATENCY 0 OPTYPE xor PRAGMA {} RTLNAME xor_ln151_57_fu_10468_p2 SOURCE src/integrated-gcn/integrated_gcn.cpp:151 VARIABLE xor_ln151_57 LOOP COMP_EMIT_VITIS_LOOP_146_4 BUNDLEDNAME {} DSP 0 BRAM 0 URAM 0 STORAGESUBTYPE {} DISPNAME {bind_op xor} VISIBLE false} {BINDTYPE op ID {} IMPL auto LATENCY 0 OPTYPE or PRAGMA {} RTLNAME or_ln151_22_fu_10474_p2 SOURCE src/integrated-gcn/integrated_gcn.cpp:151 VARIABLE or_ln151_22 LOOP COMP_EMIT_VITIS_LOOP_146_4 BUNDLEDNAME {} DSP 0 BRAM 0 URAM 0 STORAGESUBTYPE {} DISPNAME {bind_op or} VISIBLE false} {BINDTYPE op ID {} IMPL auto LATENCY 0 OPTYPE xor PRAGMA {} RTLNAME xor_ln151_58_fu_10480_p2 SOURCE src/integrated-gcn/integrated_gcn.cpp:151 VARIABLE xor_ln151_58 LOOP COMP_EMIT_VITIS_LOOP_146_4 BUNDLEDNAME {} DSP 0 BRAM 0 URAM 0 STORAGESUBTYPE {} DISPNAME {bind_op xor} VISIBLE false} {BINDTYPE op ID {} IMPL auto LATENCY 0 OPTYPE and PRAGMA {} RTLNAME and_ln151_69_fu_10486_p2 SOURCE src/integrated-gcn/integrated_gcn.cpp:151 VARIABLE and_ln151_69 LOOP COMP_EMIT_VITIS_LOOP_146_4 BUNDLEDNAME {} DSP 0 BRAM 0 URAM 0 STORAGESUBTYPE {} DISPNAME {bind_op and} VISIBLE false} {BINDTYPE op ID {} IMPL auto LATENCY 0 OPTYPE and PRAGMA {} RTLNAME and_ln151_70_fu_10492_p2 SOURCE src/integrated-gcn/integrated_gcn.cpp:151 VARIABLE and_ln151_70 LOOP COMP_EMIT_VITIS_LOOP_146_4 BUNDLEDNAME {} DSP 0 BRAM 0 URAM 0 STORAGESUBTYPE {} DISPNAME {bind_op and} VISIBLE false} {BINDTYPE op ID {} IMPL auto LATENCY 0 OPTYPE or PRAGMA {} RTLNAME or_ln151_75_fu_10498_p2 SOURCE src/integrated-gcn/integrated_gcn.cpp:151 VARIABLE or_ln151_75 LOOP COMP_EMIT_VITIS_LOOP_146_4 BUNDLEDNAME {} DSP 0 BRAM 0 URAM 0 STORAGESUBTYPE {} DISPNAME {bind_op or} VISIBLE false} {BINDTYPE op ID {} IMPL auto LATENCY 0 OPTYPE xor PRAGMA {} RTLNAME xor_ln151_59_fu_10504_p2 SOURCE src/integrated-gcn/integrated_gcn.cpp:151 VARIABLE xor_ln151_59 LOOP COMP_EMIT_VITIS_LOOP_146_4 BUNDLEDNAME {} DSP 0 BRAM 0 URAM 0 STORAGESUBTYPE {} DISPNAME {bind_op xor} VISIBLE false} {BINDTYPE op ID {} IMPL auto LATENCY 0 OPTYPE and PRAGMA {} RTLNAME and_ln151_71_fu_10510_p2 SOURCE src/integrated-gcn/integrated_gcn.cpp:151 VARIABLE and_ln151_71 LOOP COMP_EMIT_VITIS_LOOP_146_4 BUNDLEDNAME {} DSP 0 BRAM 0 URAM 0 STORAGESUBTYPE {} DISPNAME {bind_op and} VISIBLE false} {BINDTYPE op ID {} IMPL auto_sel LATENCY 0 OPTYPE select PRAGMA {} RTLNAME select_ln151_57_fu_10516_p3 SOURCE src/integrated-gcn/integrated_gcn.cpp:151 VARIABLE select_ln151_57 LOOP COMP_EMIT_VITIS_LOOP_146_4 BUNDLEDNAME {} DSP 0 BRAM 0 URAM 0 STORAGESUBTYPE {} DISPNAME {bind_op select} VISIBLE false} {BINDTYPE op ID {} IMPL auto LATENCY 0 OPTYPE or PRAGMA {} RTLNAME or_ln151_23_fu_10524_p2 SOURCE src/integrated-gcn/integrated_gcn.cpp:151 VARIABLE or_ln151_23 LOOP COMP_EMIT_VITIS_LOOP_146_4 BUNDLEDNAME {} DSP 0 BRAM 0 URAM 0 STORAGESUBTYPE {} DISPNAME {bind_op or} VISIBLE false} {BINDTYPE op ID {} IMPL auto_sel LATENCY 0 OPTYPE select PRAGMA {} RTLNAME select_ln151_58_fu_10530_p3 SOURCE src/integrated-gcn/integrated_gcn.cpp:151 VARIABLE select_ln151_58 LOOP COMP_EMIT_VITIS_LOOP_146_4 BUNDLEDNAME {} DSP 0 BRAM 0 URAM 0 STORAGESUBTYPE {} DISPNAME {bind_op select} VISIBLE false} {BINDTYPE op ID {} IMPL auto_sel LATENCY 0 OPTYPE select PRAGMA {} RTLNAME tmp_87_fu_10566_p2 SOURCE src/integrated-gcn/integrated_gcn.cpp:151 VARIABLE select_ln151_176 LOOP COMP_EMIT_VITIS_LOOP_146_4 BUNDLEDNAME {} DSP 0 BRAM 0 URAM 0 STORAGESUBTYPE {} DISPNAME {bind_op select} VISIBLE false} {BINDTYPE op ID {} IMPL auto_sel LATENCY 0 OPTYPE select PRAGMA {} RTLNAME tmp_87_fu_10566_p4 SOURCE src/integrated-gcn/integrated_gcn.cpp:151 VARIABLE select_ln151_177 LOOP COMP_EMIT_VITIS_LOOP_146_4 BUNDLEDNAME {} DSP 0 BRAM 0 URAM 0 STORAGESUBTYPE {} DISPNAME {bind_op select} VISIBLE false} {BINDTYPE op ID {} IMPL auto_sel LATENCY 0 OPTYPE select PRAGMA {} RTLNAME tmp_87_fu_10566_p6 SOURCE src/integrated-gcn/integrated_gcn.cpp:151 VARIABLE select_ln151_178 LOOP COMP_EMIT_VITIS_LOOP_146_4 BUNDLEDNAME {} DSP 0 BRAM 0 URAM 0 STORAGESUBTYPE {} DISPNAME {bind_op select} VISIBLE false} {BINDTYPE op ID {} IMPL auto_sel LATENCY 0 OPTYPE select PRAGMA {} RTLNAME tmp_87_fu_10566_p8 SOURCE src/integrated-gcn/integrated_gcn.cpp:151 VARIABLE select_ln151_179 LOOP COMP_EMIT_VITIS_LOOP_146_4 BUNDLEDNAME {} DSP 0 BRAM 0 URAM 0 STORAGESUBTYPE {} DISPNAME {bind_op select} VISIBLE false} {BINDTYPE op ID {} IMPL compactencoding_dontcare LATENCY 0 OPTYPE sparsemux PRAGMA {} RTLNAME sparsemux_9_2_32_1_1_U1183 SOURCE src/integrated-gcn/integrated_gcn.cpp:151 VARIABLE tmp_87 LOOP COMP_EMIT_VITIS_LOOP_146_4 BUNDLEDNAME {} DSP 0 BRAM 0 URAM 0 STORAGESUBTYPE {} DISPNAME {bind_op sparsemux} VISIBLE false} {BINDTYPE op ID {} IMPL fabric LATENCY 0 OPTYPE add PRAGMA {} RTLNAME add_ln151_12_fu_10627_p2 SOURCE src/integrated-gcn/integrated_gcn.cpp:151 VARIABLE add_ln151_12 LOOP COMP_EMIT_VITIS_LOOP_146_4 BUNDLEDNAME {} DSP 0 BRAM 0 URAM 0 STORAGESUBTYPE {} DISPNAME {bind_op add} VISIBLE true} {BINDTYPE op ID {} IMPL auto LATENCY 0 OPTYPE xor PRAGMA {} RTLNAME xor_ln151_60_fu_10641_p2 SOURCE src/integrated-gcn/integrated_gcn.cpp:151 VARIABLE xor_ln151_60 LOOP COMP_EMIT_VITIS_LOOP_146_4 BUNDLEDNAME {} DSP 0 BRAM 0 URAM 0 STORAGESUBTYPE {} DISPNAME {bind_op xor} VISIBLE false} {BINDTYPE op ID {} IMPL auto LATENCY 0 OPTYPE and PRAGMA {} RTLNAME and_ln151_72_fu_10647_p2 SOURCE src/integrated-gcn/integrated_gcn.cpp:151 VARIABLE and_ln151_72 LOOP COMP_EMIT_VITIS_LOOP_146_4 BUNDLEDNAME {} DSP 0 BRAM 0 URAM 0 STORAGESUBTYPE {} DISPNAME {bind_op and} VISIBLE false} {BINDTYPE op ID {} IMPL auto LATENCY 0 OPTYPE seteq PRAGMA {} RTLNAME icmp_ln151_36_fu_10669_p2 SOURCE src/integrated-gcn/integrated_gcn.cpp:151 VARIABLE icmp_ln151_36 LOOP COMP_EMIT_VITIS_LOOP_146_4 BUNDLEDNAME {} DSP 0 BRAM 0 URAM 0 STORAGESUBTYPE {} DISPNAME {bind_op seteq} VISIBLE false} {BINDTYPE op ID {} IMPL auto LATENCY 0 OPTYPE seteq PRAGMA {} RTLNAME icmp_ln151_37_fu_10683_p2 SOURCE src/integrated-gcn/integrated_gcn.cpp:151 VARIABLE icmp_ln151_37 LOOP COMP_EMIT_VITIS_LOOP_146_4 BUNDLEDNAME {} DSP 0 BRAM 0 URAM 0 STORAGESUBTYPE {} DISPNAME {bind_op seteq} VISIBLE false} {BINDTYPE op ID {} IMPL auto LATENCY 0 OPTYPE seteq PRAGMA {} RTLNAME icmp_ln151_38_fu_10689_p2 SOURCE src/integrated-gcn/integrated_gcn.cpp:151 VARIABLE icmp_ln151_38 LOOP COMP_EMIT_VITIS_LOOP_146_4 BUNDLEDNAME {} DSP 0 BRAM 0 URAM 0 STORAGESUBTYPE {} DISPNAME {bind_op seteq} VISIBLE false} {BINDTYPE op ID {} IMPL auto_sel LATENCY 0 OPTYPE select PRAGMA {} RTLNAME select_ln151_60_fu_10695_p3 SOURCE src/integrated-gcn/integrated_gcn.cpp:151 VARIABLE select_ln151_60 LOOP COMP_EMIT_VITIS_LOOP_146_4 BUNDLEDNAME {} DSP 0 BRAM 0 URAM 0 STORAGESUBTYPE {} DISPNAME {bind_op select} VISIBLE false} {BINDTYPE op ID {} IMPL auto LATENCY 0 OPTYPE xor PRAGMA {} RTLNAME xor_ln151_61_fu_10703_p2 SOURCE src/integrated-gcn/integrated_gcn.cpp:151 VARIABLE xor_ln151_61 LOOP COMP_EMIT_VITIS_LOOP_146_4 BUNDLEDNAME {} DSP 0 BRAM 0 URAM 0 STORAGESUBTYPE {} DISPNAME {bind_op xor} VISIBLE false} {BINDTYPE op ID {} IMPL auto LATENCY 0 OPTYPE and PRAGMA {} RTLNAME and_ln151_73_fu_10709_p2 SOURCE src/integrated-gcn/integrated_gcn.cpp:151 VARIABLE and_ln151_73 LOOP COMP_EMIT_VITIS_LOOP_146_4 BUNDLEDNAME {} DSP 0 BRAM 0 URAM 0 STORAGESUBTYPE {} DISPNAME {bind_op and} VISIBLE false} {BINDTYPE op ID {} IMPL auto_sel LATENCY 0 OPTYPE select PRAGMA {} RTLNAME select_ln151_61_fu_10715_p3 SOURCE src/integrated-gcn/integrated_gcn.cpp:151 VARIABLE select_ln151_61 LOOP COMP_EMIT_VITIS_LOOP_146_4 BUNDLEDNAME {} DSP 0 BRAM 0 URAM 0 STORAGESUBTYPE {} DISPNAME {bind_op select} VISIBLE false} {BINDTYPE op ID {} IMPL auto LATENCY 0 OPTYPE and PRAGMA {} RTLNAME and_ln151_74_fu_10723_p2 SOURCE src/integrated-gcn/integrated_gcn.cpp:151 VARIABLE and_ln151_74 LOOP COMP_EMIT_VITIS_LOOP_146_4 BUNDLEDNAME {} DSP 0 BRAM 0 URAM 0 STORAGESUBTYPE {} DISPNAME {bind_op and} VISIBLE false} {BINDTYPE op ID {} IMPL auto LATENCY 0 OPTYPE xor PRAGMA {} RTLNAME xor_ln151_62_fu_10729_p2 SOURCE src/integrated-gcn/integrated_gcn.cpp:151 VARIABLE xor_ln151_62 LOOP COMP_EMIT_VITIS_LOOP_146_4 BUNDLEDNAME {} DSP 0 BRAM 0 URAM 0 STORAGESUBTYPE {} DISPNAME {bind_op xor} VISIBLE false} {BINDTYPE op ID {} IMPL auto LATENCY 0 OPTYPE or PRAGMA {} RTLNAME or_ln151_24_fu_10735_p2 SOURCE src/integrated-gcn/integrated_gcn.cpp:151 VARIABLE or_ln151_24 LOOP COMP_EMIT_VITIS_LOOP_146_4 BUNDLEDNAME {} DSP 0 BRAM 0 URAM 0 STORAGESUBTYPE {} DISPNAME {bind_op or} VISIBLE false} {BINDTYPE op ID {} IMPL auto LATENCY 0 OPTYPE xor PRAGMA {} RTLNAME xor_ln151_63_fu_10741_p2 SOURCE src/integrated-gcn/integrated_gcn.cpp:151 VARIABLE xor_ln151_63 LOOP COMP_EMIT_VITIS_LOOP_146_4 BUNDLEDNAME {} DSP 0 BRAM 0 URAM 0 STORAGESUBTYPE {} DISPNAME {bind_op xor} VISIBLE false} {BINDTYPE op ID {} IMPL auto LATENCY 0 OPTYPE and PRAGMA {} RTLNAME and_ln151_75_fu_10747_p2 SOURCE src/integrated-gcn/integrated_gcn.cpp:151 VARIABLE and_ln151_75 LOOP COMP_EMIT_VITIS_LOOP_146_4 BUNDLEDNAME {} DSP 0 BRAM 0 URAM 0 STORAGESUBTYPE {} DISPNAME {bind_op and} VISIBLE false} {BINDTYPE op ID {} IMPL auto LATENCY 0 OPTYPE and PRAGMA {} RTLNAME and_ln151_76_fu_10753_p2 SOURCE src/integrated-gcn/integrated_gcn.cpp:151 VARIABLE and_ln151_76 LOOP COMP_EMIT_VITIS_LOOP_146_4 BUNDLEDNAME {} DSP 0 BRAM 0 URAM 0 STORAGESUBTYPE {} DISPNAME {bind_op and} VISIBLE false} {BINDTYPE op ID {} IMPL auto LATENCY 0 OPTYPE or PRAGMA {} RTLNAME or_ln151_76_fu_10759_p2 SOURCE src/integrated-gcn/integrated_gcn.cpp:151 VARIABLE or_ln151_76 LOOP COMP_EMIT_VITIS_LOOP_146_4 BUNDLEDNAME {} DSP 0 BRAM 0 URAM 0 STORAGESUBTYPE {} DISPNAME {bind_op or} VISIBLE false} {BINDTYPE op ID {} IMPL auto LATENCY 0 OPTYPE xor PRAGMA {} RTLNAME xor_ln151_64_fu_10765_p2 SOURCE src/integrated-gcn/integrated_gcn.cpp:151 VARIABLE xor_ln151_64 LOOP COMP_EMIT_VITIS_LOOP_146_4 BUNDLEDNAME {} DSP 0 BRAM 0 URAM 0 STORAGESUBTYPE {} DISPNAME {bind_op xor} VISIBLE false} {BINDTYPE op ID {} IMPL auto LATENCY 0 OPTYPE and PRAGMA {} RTLNAME and_ln151_77_fu_10771_p2 SOURCE src/integrated-gcn/integrated_gcn.cpp:151 VARIABLE and_ln151_77 LOOP COMP_EMIT_VITIS_LOOP_146_4 BUNDLEDNAME {} DSP 0 BRAM 0 URAM 0 STORAGESUBTYPE {} DISPNAME {bind_op and} VISIBLE false} {BINDTYPE op ID {} IMPL auto_sel LATENCY 0 OPTYPE select PRAGMA {} RTLNAME select_ln151_62_fu_10777_p3 SOURCE src/integrated-gcn/integrated_gcn.cpp:151 VARIABLE select_ln151_62 LOOP COMP_EMIT_VITIS_LOOP_146_4 BUNDLEDNAME {} DSP 0 BRAM 0 URAM 0 STORAGESUBTYPE {} DISPNAME {bind_op select} VISIBLE false} {BINDTYPE op ID {} IMPL auto LATENCY 0 OPTYPE or PRAGMA {} RTLNAME or_ln151_25_fu_10785_p2 SOURCE src/integrated-gcn/integrated_gcn.cpp:151 VARIABLE or_ln151_25 LOOP COMP_EMIT_VITIS_LOOP_146_4 BUNDLEDNAME {} DSP 0 BRAM 0 URAM 0 STORAGESUBTYPE {} DISPNAME {bind_op or} VISIBLE false} {BINDTYPE op ID {} IMPL auto_sel LATENCY 0 OPTYPE select PRAGMA {} RTLNAME select_ln151_63_fu_10791_p3 SOURCE src/integrated-gcn/integrated_gcn.cpp:151 VARIABLE select_ln151_63 LOOP COMP_EMIT_VITIS_LOOP_146_4 BUNDLEDNAME {} DSP 0 BRAM 0 URAM 0 STORAGESUBTYPE {} DISPNAME {bind_op select} VISIBLE false} {BINDTYPE op ID {} IMPL auto_sel LATENCY 0 OPTYPE select PRAGMA {} RTLNAME tmp_95_fu_10827_p2 SOURCE src/integrated-gcn/integrated_gcn.cpp:151 VARIABLE select_ln151_180 LOOP COMP_EMIT_VITIS_LOOP_146_4 BUNDLEDNAME {} DSP 0 BRAM 0 URAM 0 STORAGESUBTYPE {} DISPNAME {bind_op select} VISIBLE false} {BINDTYPE op ID {} IMPL auto_sel LATENCY 0 OPTYPE select PRAGMA {} RTLNAME tmp_95_fu_10827_p4 SOURCE src/integrated-gcn/integrated_gcn.cpp:151 VARIABLE select_ln151_181 LOOP COMP_EMIT_VITIS_LOOP_146_4 BUNDLEDNAME {} DSP 0 BRAM 0 URAM 0 STORAGESUBTYPE {} DISPNAME {bind_op select} VISIBLE false} {BINDTYPE op ID {} IMPL auto_sel LATENCY 0 OPTYPE select PRAGMA {} RTLNAME tmp_95_fu_10827_p6 SOURCE src/integrated-gcn/integrated_gcn.cpp:151 VARIABLE select_ln151_182 LOOP COMP_EMIT_VITIS_LOOP_146_4 BUNDLEDNAME {} DSP 0 BRAM 0 URAM 0 STORAGESUBTYPE {} DISPNAME {bind_op select} VISIBLE false} {BINDTYPE op ID {} IMPL auto_sel LATENCY 0 OPTYPE select PRAGMA {} RTLNAME tmp_95_fu_10827_p8 SOURCE src/integrated-gcn/integrated_gcn.cpp:151 VARIABLE select_ln151_183 LOOP COMP_EMIT_VITIS_LOOP_146_4 BUNDLEDNAME {} DSP 0 BRAM 0 URAM 0 STORAGESUBTYPE {} DISPNAME {bind_op select} VISIBLE false} {BINDTYPE op ID {} IMPL compactencoding_dontcare LATENCY 0 OPTYPE sparsemux PRAGMA {} RTLNAME sparsemux_9_2_32_1_1_U1184 SOURCE src/integrated-gcn/integrated_gcn.cpp:151 VARIABLE tmp_95 LOOP COMP_EMIT_VITIS_LOOP_146_4 BUNDLEDNAME {} DSP 0 BRAM 0 URAM 0 STORAGESUBTYPE {} DISPNAME {bind_op sparsemux} VISIBLE false} {BINDTYPE op ID {} IMPL fabric LATENCY 0 OPTYPE add PRAGMA {} RTLNAME add_ln151_13_fu_10888_p2 SOURCE src/integrated-gcn/integrated_gcn.cpp:151 VARIABLE add_ln151_13 LOOP COMP_EMIT_VITIS_LOOP_146_4 BUNDLEDNAME {} DSP 0 BRAM 0 URAM 0 STORAGESUBTYPE {} DISPNAME {bind_op add} VISIBLE true} {BINDTYPE op ID {} IMPL auto LATENCY 0 OPTYPE xor PRAGMA {} RTLNAME xor_ln151_65_fu_10902_p2 SOURCE src/integrated-gcn/integrated_gcn.cpp:151 VARIABLE xor_ln151_65 LOOP COMP_EMIT_VITIS_LOOP_146_4 BUNDLEDNAME {} DSP 0 BRAM 0 URAM 0 STORAGESUBTYPE {} DISPNAME {bind_op xor} VISIBLE false} {BINDTYPE op ID {} IMPL auto LATENCY 0 OPTYPE and PRAGMA {} RTLNAME and_ln151_78_fu_10908_p2 SOURCE src/integrated-gcn/integrated_gcn.cpp:151 VARIABLE and_ln151_78 LOOP COMP_EMIT_VITIS_LOOP_146_4 BUNDLEDNAME {} DSP 0 BRAM 0 URAM 0 STORAGESUBTYPE {} DISPNAME {bind_op and} VISIBLE false} {BINDTYPE op ID {} IMPL auto LATENCY 0 OPTYPE seteq PRAGMA {} RTLNAME icmp_ln151_39_fu_10930_p2 SOURCE src/integrated-gcn/integrated_gcn.cpp:151 VARIABLE icmp_ln151_39 LOOP COMP_EMIT_VITIS_LOOP_146_4 BUNDLEDNAME {} DSP 0 BRAM 0 URAM 0 STORAGESUBTYPE {} DISPNAME {bind_op seteq} VISIBLE false} {BINDTYPE op ID {} IMPL auto LATENCY 0 OPTYPE seteq PRAGMA {} RTLNAME icmp_ln151_40_fu_10944_p2 SOURCE src/integrated-gcn/integrated_gcn.cpp:151 VARIABLE icmp_ln151_40 LOOP COMP_EMIT_VITIS_LOOP_146_4 BUNDLEDNAME {} DSP 0 BRAM 0 URAM 0 STORAGESUBTYPE {} DISPNAME {bind_op seteq} VISIBLE false} {BINDTYPE op ID {} IMPL auto LATENCY 0 OPTYPE seteq PRAGMA {} RTLNAME icmp_ln151_41_fu_10950_p2 SOURCE src/integrated-gcn/integrated_gcn.cpp:151 VARIABLE icmp_ln151_41 LOOP COMP_EMIT_VITIS_LOOP_146_4 BUNDLEDNAME {} DSP 0 BRAM 0 URAM 0 STORAGESUBTYPE {} DISPNAME {bind_op seteq} VISIBLE false} {BINDTYPE op ID {} IMPL auto_sel LATENCY 0 OPTYPE select PRAGMA {} RTLNAME select_ln151_65_fu_10956_p3 SOURCE src/integrated-gcn/integrated_gcn.cpp:151 VARIABLE select_ln151_65 LOOP COMP_EMIT_VITIS_LOOP_146_4 BUNDLEDNAME {} DSP 0 BRAM 0 URAM 0 STORAGESUBTYPE {} DISPNAME {bind_op select} VISIBLE false} {BINDTYPE op ID {} IMPL auto LATENCY 0 OPTYPE xor PRAGMA {} RTLNAME xor_ln151_66_fu_10964_p2 SOURCE src/integrated-gcn/integrated_gcn.cpp:151 VARIABLE xor_ln151_66 LOOP COMP_EMIT_VITIS_LOOP_146_4 BUNDLEDNAME {} DSP 0 BRAM 0 URAM 0 STORAGESUBTYPE {} DISPNAME {bind_op xor} VISIBLE false} {BINDTYPE op ID {} IMPL auto LATENCY 0 OPTYPE and PRAGMA {} RTLNAME and_ln151_79_fu_10970_p2 SOURCE src/integrated-gcn/integrated_gcn.cpp:151 VARIABLE and_ln151_79 LOOP COMP_EMIT_VITIS_LOOP_146_4 BUNDLEDNAME {} DSP 0 BRAM 0 URAM 0 STORAGESUBTYPE {} DISPNAME {bind_op and} VISIBLE false} {BINDTYPE op ID {} IMPL auto_sel LATENCY 0 OPTYPE select PRAGMA {} RTLNAME select_ln151_66_fu_10976_p3 SOURCE src/integrated-gcn/integrated_gcn.cpp:151 VARIABLE select_ln151_66 LOOP COMP_EMIT_VITIS_LOOP_146_4 BUNDLEDNAME {} DSP 0 BRAM 0 URAM 0 STORAGESUBTYPE {} DISPNAME {bind_op select} VISIBLE false} {BINDTYPE op ID {} IMPL auto LATENCY 0 OPTYPE and PRAGMA {} RTLNAME and_ln151_80_fu_10984_p2 SOURCE src/integrated-gcn/integrated_gcn.cpp:151 VARIABLE and_ln151_80 LOOP COMP_EMIT_VITIS_LOOP_146_4 BUNDLEDNAME {} DSP 0 BRAM 0 URAM 0 STORAGESUBTYPE {} DISPNAME {bind_op and} VISIBLE false} {BINDTYPE op ID {} IMPL auto LATENCY 0 OPTYPE xor PRAGMA {} RTLNAME xor_ln151_67_fu_10990_p2 SOURCE src/integrated-gcn/integrated_gcn.cpp:151 VARIABLE xor_ln151_67 LOOP COMP_EMIT_VITIS_LOOP_146_4 BUNDLEDNAME {} DSP 0 BRAM 0 URAM 0 STORAGESUBTYPE {} DISPNAME {bind_op xor} VISIBLE false} {BINDTYPE op ID {} IMPL auto LATENCY 0 OPTYPE or PRAGMA {} RTLNAME or_ln151_26_fu_10996_p2 SOURCE src/integrated-gcn/integrated_gcn.cpp:151 VARIABLE or_ln151_26 LOOP COMP_EMIT_VITIS_LOOP_146_4 BUNDLEDNAME {} DSP 0 BRAM 0 URAM 0 STORAGESUBTYPE {} DISPNAME {bind_op or} VISIBLE false} {BINDTYPE op ID {} IMPL auto LATENCY 0 OPTYPE xor PRAGMA {} RTLNAME xor_ln151_68_fu_11002_p2 SOURCE src/integrated-gcn/integrated_gcn.cpp:151 VARIABLE xor_ln151_68 LOOP COMP_EMIT_VITIS_LOOP_146_4 BUNDLEDNAME {} DSP 0 BRAM 0 URAM 0 STORAGESUBTYPE {} DISPNAME {bind_op xor} VISIBLE false} {BINDTYPE op ID {} IMPL auto LATENCY 0 OPTYPE and PRAGMA {} RTLNAME and_ln151_81_fu_11008_p2 SOURCE src/integrated-gcn/integrated_gcn.cpp:151 VARIABLE and_ln151_81 LOOP COMP_EMIT_VITIS_LOOP_146_4 BUNDLEDNAME {} DSP 0 BRAM 0 URAM 0 STORAGESUBTYPE {} DISPNAME {bind_op and} VISIBLE false} {BINDTYPE op ID {} IMPL auto LATENCY 0 OPTYPE and PRAGMA {} RTLNAME and_ln151_82_fu_11014_p2 SOURCE src/integrated-gcn/integrated_gcn.cpp:151 VARIABLE and_ln151_82 LOOP COMP_EMIT_VITIS_LOOP_146_4 BUNDLEDNAME {} DSP 0 BRAM 0 URAM 0 STORAGESUBTYPE {} DISPNAME {bind_op and} VISIBLE false} {BINDTYPE op ID {} IMPL auto LATENCY 0 OPTYPE or PRAGMA {} RTLNAME or_ln151_77_fu_11020_p2 SOURCE src/integrated-gcn/integrated_gcn.cpp:151 VARIABLE or_ln151_77 LOOP COMP_EMIT_VITIS_LOOP_146_4 BUNDLEDNAME {} DSP 0 BRAM 0 URAM 0 STORAGESUBTYPE {} DISPNAME {bind_op or} VISIBLE false} {BINDTYPE op ID {} IMPL auto LATENCY 0 OPTYPE xor PRAGMA {} RTLNAME xor_ln151_69_fu_11026_p2 SOURCE src/integrated-gcn/integrated_gcn.cpp:151 VARIABLE xor_ln151_69 LOOP COMP_EMIT_VITIS_LOOP_146_4 BUNDLEDNAME {} DSP 0 BRAM 0 URAM 0 STORAGESUBTYPE {} DISPNAME {bind_op xor} VISIBLE false} {BINDTYPE op ID {} IMPL auto LATENCY 0 OPTYPE and PRAGMA {} RTLNAME and_ln151_83_fu_11032_p2 SOURCE src/integrated-gcn/integrated_gcn.cpp:151 VARIABLE and_ln151_83 LOOP COMP_EMIT_VITIS_LOOP_146_4 BUNDLEDNAME {} DSP 0 BRAM 0 URAM 0 STORAGESUBTYPE {} DISPNAME {bind_op and} VISIBLE false} {BINDTYPE op ID {} IMPL auto_sel LATENCY 0 OPTYPE select PRAGMA {} RTLNAME select_ln151_67_fu_11038_p3 SOURCE src/integrated-gcn/integrated_gcn.cpp:151 VARIABLE select_ln151_67 LOOP COMP_EMIT_VITIS_LOOP_146_4 BUNDLEDNAME {} DSP 0 BRAM 0 URAM 0 STORAGESUBTYPE {} DISPNAME {bind_op select} VISIBLE false} {BINDTYPE op ID {} IMPL auto LATENCY 0 OPTYPE or PRAGMA {} RTLNAME or_ln151_27_fu_11046_p2 SOURCE src/integrated-gcn/integrated_gcn.cpp:151 VARIABLE or_ln151_27 LOOP COMP_EMIT_VITIS_LOOP_146_4 BUNDLEDNAME {} DSP 0 BRAM 0 URAM 0 STORAGESUBTYPE {} DISPNAME {bind_op or} VISIBLE false} {BINDTYPE op ID {} IMPL auto_sel LATENCY 0 OPTYPE select PRAGMA {} RTLNAME select_ln151_68_fu_11052_p3 SOURCE src/integrated-gcn/integrated_gcn.cpp:151 VARIABLE select_ln151_68 LOOP COMP_EMIT_VITIS_LOOP_146_4 BUNDLEDNAME {} DSP 0 BRAM 0 URAM 0 STORAGESUBTYPE {} DISPNAME {bind_op select} VISIBLE false} {BINDTYPE op ID {} IMPL auto_sel LATENCY 0 OPTYPE select PRAGMA {} RTLNAME tmp_103_fu_11088_p2 SOURCE src/integrated-gcn/integrated_gcn.cpp:151 VARIABLE select_ln151_184 LOOP COMP_EMIT_VITIS_LOOP_146_4 BUNDLEDNAME {} DSP 0 BRAM 0 URAM 0 STORAGESUBTYPE {} DISPNAME {bind_op select} VISIBLE false} {BINDTYPE op ID {} IMPL auto_sel LATENCY 0 OPTYPE select PRAGMA {} RTLNAME tmp_103_fu_11088_p4 SOURCE src/integrated-gcn/integrated_gcn.cpp:151 VARIABLE select_ln151_185 LOOP COMP_EMIT_VITIS_LOOP_146_4 BUNDLEDNAME {} DSP 0 BRAM 0 URAM 0 STORAGESUBTYPE {} DISPNAME {bind_op select} VISIBLE false} {BINDTYPE op ID {} IMPL auto_sel LATENCY 0 OPTYPE select PRAGMA {} RTLNAME tmp_103_fu_11088_p6 SOURCE src/integrated-gcn/integrated_gcn.cpp:151 VARIABLE select_ln151_186 LOOP COMP_EMIT_VITIS_LOOP_146_4 BUNDLEDNAME {} DSP 0 BRAM 0 URAM 0 STORAGESUBTYPE {} DISPNAME {bind_op select} VISIBLE false} {BINDTYPE op ID {} IMPL auto_sel LATENCY 0 OPTYPE select PRAGMA {} RTLNAME tmp_103_fu_11088_p8 SOURCE src/integrated-gcn/integrated_gcn.cpp:151 VARIABLE select_ln151_187 LOOP COMP_EMIT_VITIS_LOOP_146_4 BUNDLEDNAME {} DSP 0 BRAM 0 URAM 0 STORAGESUBTYPE {} DISPNAME {bind_op select} VISIBLE false} {BINDTYPE op ID {} IMPL compactencoding_dontcare LATENCY 0 OPTYPE sparsemux PRAGMA {} RTLNAME sparsemux_9_2_32_1_1_U1185 SOURCE src/integrated-gcn/integrated_gcn.cpp:151 VARIABLE tmp_103 LOOP COMP_EMIT_VITIS_LOOP_146_4 BUNDLEDNAME {} DSP 0 BRAM 0 URAM 0 STORAGESUBTYPE {} DISPNAME {bind_op sparsemux} VISIBLE false} {BINDTYPE op ID {} IMPL fabric LATENCY 0 OPTYPE add PRAGMA {} RTLNAME add_ln151_14_fu_11149_p2 SOURCE src/integrated-gcn/integrated_gcn.cpp:151 VARIABLE add_ln151_14 LOOP COMP_EMIT_VITIS_LOOP_146_4 BUNDLEDNAME {} DSP 0 BRAM 0 URAM 0 STORAGESUBTYPE {} DISPNAME {bind_op add} VISIBLE true} {BINDTYPE op ID {} IMPL auto LATENCY 0 OPTYPE xor PRAGMA {} RTLNAME xor_ln151_70_fu_11163_p2 SOURCE src/integrated-gcn/integrated_gcn.cpp:151 VARIABLE xor_ln151_70 LOOP COMP_EMIT_VITIS_LOOP_146_4 BUNDLEDNAME {} DSP 0 BRAM 0 URAM 0 STORAGESUBTYPE {} DISPNAME {bind_op xor} VISIBLE false} {BINDTYPE op ID {} IMPL auto LATENCY 0 OPTYPE and PRAGMA {} RTLNAME and_ln151_84_fu_11169_p2 SOURCE src/integrated-gcn/integrated_gcn.cpp:151 VARIABLE and_ln151_84 LOOP COMP_EMIT_VITIS_LOOP_146_4 BUNDLEDNAME {} DSP 0 BRAM 0 URAM 0 STORAGESUBTYPE {} DISPNAME {bind_op and} VISIBLE false} {BINDTYPE op ID {} IMPL auto LATENCY 0 OPTYPE seteq PRAGMA {} RTLNAME icmp_ln151_42_fu_11191_p2 SOURCE src/integrated-gcn/integrated_gcn.cpp:151 VARIABLE icmp_ln151_42 LOOP COMP_EMIT_VITIS_LOOP_146_4 BUNDLEDNAME {} DSP 0 BRAM 0 URAM 0 STORAGESUBTYPE {} DISPNAME {bind_op seteq} VISIBLE false} {BINDTYPE op ID {} IMPL auto LATENCY 0 OPTYPE seteq PRAGMA {} RTLNAME icmp_ln151_43_fu_11205_p2 SOURCE src/integrated-gcn/integrated_gcn.cpp:151 VARIABLE icmp_ln151_43 LOOP COMP_EMIT_VITIS_LOOP_146_4 BUNDLEDNAME {} DSP 0 BRAM 0 URAM 0 STORAGESUBTYPE {} DISPNAME {bind_op seteq} VISIBLE false} {BINDTYPE op ID {} IMPL auto LATENCY 0 OPTYPE seteq PRAGMA {} RTLNAME icmp_ln151_44_fu_11211_p2 SOURCE src/integrated-gcn/integrated_gcn.cpp:151 VARIABLE icmp_ln151_44 LOOP COMP_EMIT_VITIS_LOOP_146_4 BUNDLEDNAME {} DSP 0 BRAM 0 URAM 0 STORAGESUBTYPE {} DISPNAME {bind_op seteq} VISIBLE false} {BINDTYPE op ID {} IMPL auto_sel LATENCY 0 OPTYPE select PRAGMA {} RTLNAME select_ln151_70_fu_11217_p3 SOURCE src/integrated-gcn/integrated_gcn.cpp:151 VARIABLE select_ln151_70 LOOP COMP_EMIT_VITIS_LOOP_146_4 BUNDLEDNAME {} DSP 0 BRAM 0 URAM 0 STORAGESUBTYPE {} DISPNAME {bind_op select} VISIBLE false} {BINDTYPE op ID {} IMPL auto LATENCY 0 OPTYPE xor PRAGMA {} RTLNAME xor_ln151_71_fu_11225_p2 SOURCE src/integrated-gcn/integrated_gcn.cpp:151 VARIABLE xor_ln151_71 LOOP COMP_EMIT_VITIS_LOOP_146_4 BUNDLEDNAME {} DSP 0 BRAM 0 URAM 0 STORAGESUBTYPE {} DISPNAME {bind_op xor} VISIBLE false} {BINDTYPE op ID {} IMPL auto LATENCY 0 OPTYPE and PRAGMA {} RTLNAME and_ln151_85_fu_11231_p2 SOURCE src/integrated-gcn/integrated_gcn.cpp:151 VARIABLE and_ln151_85 LOOP COMP_EMIT_VITIS_LOOP_146_4 BUNDLEDNAME {} DSP 0 BRAM 0 URAM 0 STORAGESUBTYPE {} DISPNAME {bind_op and} VISIBLE false} {BINDTYPE op ID {} IMPL auto_sel LATENCY 0 OPTYPE select PRAGMA {} RTLNAME select_ln151_71_fu_11237_p3 SOURCE src/integrated-gcn/integrated_gcn.cpp:151 VARIABLE select_ln151_71 LOOP COMP_EMIT_VITIS_LOOP_146_4 BUNDLEDNAME {} DSP 0 BRAM 0 URAM 0 STORAGESUBTYPE {} DISPNAME {bind_op select} VISIBLE false} {BINDTYPE op ID {} IMPL auto LATENCY 0 OPTYPE and PRAGMA {} RTLNAME and_ln151_86_fu_11245_p2 SOURCE src/integrated-gcn/integrated_gcn.cpp:151 VARIABLE and_ln151_86 LOOP COMP_EMIT_VITIS_LOOP_146_4 BUNDLEDNAME {} DSP 0 BRAM 0 URAM 0 STORAGESUBTYPE {} DISPNAME {bind_op and} VISIBLE false} {BINDTYPE op ID {} IMPL auto LATENCY 0 OPTYPE xor PRAGMA {} RTLNAME xor_ln151_72_fu_11251_p2 SOURCE src/integrated-gcn/integrated_gcn.cpp:151 VARIABLE xor_ln151_72 LOOP COMP_EMIT_VITIS_LOOP_146_4 BUNDLEDNAME {} DSP 0 BRAM 0 URAM 0 STORAGESUBTYPE {} DISPNAME {bind_op xor} VISIBLE false} {BINDTYPE op ID {} IMPL auto LATENCY 0 OPTYPE or PRAGMA {} RTLNAME or_ln151_28_fu_11257_p2 SOURCE src/integrated-gcn/integrated_gcn.cpp:151 VARIABLE or_ln151_28 LOOP COMP_EMIT_VITIS_LOOP_146_4 BUNDLEDNAME {} DSP 0 BRAM 0 URAM 0 STORAGESUBTYPE {} DISPNAME {bind_op or} VISIBLE false} {BINDTYPE op ID {} IMPL auto LATENCY 0 OPTYPE xor PRAGMA {} RTLNAME xor_ln151_73_fu_11263_p2 SOURCE src/integrated-gcn/integrated_gcn.cpp:151 VARIABLE xor_ln151_73 LOOP COMP_EMIT_VITIS_LOOP_146_4 BUNDLEDNAME {} DSP 0 BRAM 0 URAM 0 STORAGESUBTYPE {} DISPNAME {bind_op xor} VISIBLE false} {BINDTYPE op ID {} IMPL auto LATENCY 0 OPTYPE and PRAGMA {} RTLNAME and_ln151_87_fu_11269_p2 SOURCE src/integrated-gcn/integrated_gcn.cpp:151 VARIABLE and_ln151_87 LOOP COMP_EMIT_VITIS_LOOP_146_4 BUNDLEDNAME {} DSP 0 BRAM 0 URAM 0 STORAGESUBTYPE {} DISPNAME {bind_op and} VISIBLE false} {BINDTYPE op ID {} IMPL auto LATENCY 0 OPTYPE and PRAGMA {} RTLNAME and_ln151_88_fu_11275_p2 SOURCE src/integrated-gcn/integrated_gcn.cpp:151 VARIABLE and_ln151_88 LOOP COMP_EMIT_VITIS_LOOP_146_4 BUNDLEDNAME {} DSP 0 BRAM 0 URAM 0 STORAGESUBTYPE {} DISPNAME {bind_op and} VISIBLE false} {BINDTYPE op ID {} IMPL auto LATENCY 0 OPTYPE or PRAGMA {} RTLNAME or_ln151_78_fu_11281_p2 SOURCE src/integrated-gcn/integrated_gcn.cpp:151 VARIABLE or_ln151_78 LOOP COMP_EMIT_VITIS_LOOP_146_4 BUNDLEDNAME {} DSP 0 BRAM 0 URAM 0 STORAGESUBTYPE {} DISPNAME {bind_op or} VISIBLE false} {BINDTYPE op ID {} IMPL auto LATENCY 0 OPTYPE xor PRAGMA {} RTLNAME xor_ln151_74_fu_11287_p2 SOURCE src/integrated-gcn/integrated_gcn.cpp:151 VARIABLE xor_ln151_74 LOOP COMP_EMIT_VITIS_LOOP_146_4 BUNDLEDNAME {} DSP 0 BRAM 0 URAM 0 STORAGESUBTYPE {} DISPNAME {bind_op xor} VISIBLE false} {BINDTYPE op ID {} IMPL auto LATENCY 0 OPTYPE and PRAGMA {} RTLNAME and_ln151_89_fu_11293_p2 SOURCE src/integrated-gcn/integrated_gcn.cpp:151 VARIABLE and_ln151_89 LOOP COMP_EMIT_VITIS_LOOP_146_4 BUNDLEDNAME {} DSP 0 BRAM 0 URAM 0 STORAGESUBTYPE {} DISPNAME {bind_op and} VISIBLE false} {BINDTYPE op ID {} IMPL auto_sel LATENCY 0 OPTYPE select PRAGMA {} RTLNAME select_ln151_72_fu_11299_p3 SOURCE src/integrated-gcn/integrated_gcn.cpp:151 VARIABLE select_ln151_72 LOOP COMP_EMIT_VITIS_LOOP_146_4 BUNDLEDNAME {} DSP 0 BRAM 0 URAM 0 STORAGESUBTYPE {} DISPNAME {bind_op select} VISIBLE false} {BINDTYPE op ID {} IMPL auto LATENCY 0 OPTYPE or PRAGMA {} RTLNAME or_ln151_29_fu_11307_p2 SOURCE src/integrated-gcn/integrated_gcn.cpp:151 VARIABLE or_ln151_29 LOOP COMP_EMIT_VITIS_LOOP_146_4 BUNDLEDNAME {} DSP 0 BRAM 0 URAM 0 STORAGESUBTYPE {} DISPNAME {bind_op or} VISIBLE false} {BINDTYPE op ID {} IMPL auto_sel LATENCY 0 OPTYPE select PRAGMA {} RTLNAME select_ln151_73_fu_11313_p3 SOURCE src/integrated-gcn/integrated_gcn.cpp:151 VARIABLE select_ln151_73 LOOP COMP_EMIT_VITIS_LOOP_146_4 BUNDLEDNAME {} DSP 0 BRAM 0 URAM 0 STORAGESUBTYPE {} DISPNAME {bind_op select} VISIBLE false} {BINDTYPE op ID {} IMPL auto_sel LATENCY 0 OPTYPE select PRAGMA {} RTLNAME tmp_111_fu_11349_p2 SOURCE src/integrated-gcn/integrated_gcn.cpp:151 VARIABLE select_ln151_188 LOOP COMP_EMIT_VITIS_LOOP_146_4 BUNDLEDNAME {} DSP 0 BRAM 0 URAM 0 STORAGESUBTYPE {} DISPNAME {bind_op select} VISIBLE false} {BINDTYPE op ID {} IMPL auto_sel LATENCY 0 OPTYPE select PRAGMA {} RTLNAME tmp_111_fu_11349_p4 SOURCE src/integrated-gcn/integrated_gcn.cpp:151 VARIABLE select_ln151_189 LOOP COMP_EMIT_VITIS_LOOP_146_4 BUNDLEDNAME {} DSP 0 BRAM 0 URAM 0 STORAGESUBTYPE {} DISPNAME {bind_op select} VISIBLE false} {BINDTYPE op ID {} IMPL auto_sel LATENCY 0 OPTYPE select PRAGMA {} RTLNAME tmp_111_fu_11349_p6 SOURCE src/integrated-gcn/integrated_gcn.cpp:151 VARIABLE select_ln151_190 LOOP COMP_EMIT_VITIS_LOOP_146_4 BUNDLEDNAME {} DSP 0 BRAM 0 URAM 0 STORAGESUBTYPE {} DISPNAME {bind_op select} VISIBLE false} {BINDTYPE op ID {} IMPL auto_sel LATENCY 0 OPTYPE select PRAGMA {} RTLNAME tmp_111_fu_11349_p8 SOURCE src/integrated-gcn/integrated_gcn.cpp:151 VARIABLE select_ln151_191 LOOP COMP_EMIT_VITIS_LOOP_146_4 BUNDLEDNAME {} DSP 0 BRAM 0 URAM 0 STORAGESUBTYPE {} DISPNAME {bind_op select} VISIBLE false} {BINDTYPE op ID {} IMPL compactencoding_dontcare LATENCY 0 OPTYPE sparsemux PRAGMA {} RTLNAME sparsemux_9_2_32_1_1_U1186 SOURCE src/integrated-gcn/integrated_gcn.cpp:151 VARIABLE tmp_111 LOOP COMP_EMIT_VITIS_LOOP_146_4 BUNDLEDNAME {} DSP 0 BRAM 0 URAM 0 STORAGESUBTYPE {} DISPNAME {bind_op sparsemux} VISIBLE false} {BINDTYPE op ID {} IMPL fabric LATENCY 0 OPTYPE add PRAGMA {} RTLNAME add_ln151_15_fu_11410_p2 SOURCE src/integrated-gcn/integrated_gcn.cpp:151 VARIABLE add_ln151_15 LOOP COMP_EMIT_VITIS_LOOP_146_4 BUNDLEDNAME {} DSP 0 BRAM 0 URAM 0 STORAGESUBTYPE {} DISPNAME {bind_op add} VISIBLE true} {BINDTYPE op ID {} IMPL auto LATENCY 0 OPTYPE xor PRAGMA {} RTLNAME xor_ln151_75_fu_11424_p2 SOURCE src/integrated-gcn/integrated_gcn.cpp:151 VARIABLE xor_ln151_75 LOOP COMP_EMIT_VITIS_LOOP_146_4 BUNDLEDNAME {} DSP 0 BRAM 0 URAM 0 STORAGESUBTYPE {} DISPNAME {bind_op xor} VISIBLE false} {BINDTYPE op ID {} IMPL auto LATENCY 0 OPTYPE and PRAGMA {} RTLNAME and_ln151_90_fu_11430_p2 SOURCE src/integrated-gcn/integrated_gcn.cpp:151 VARIABLE and_ln151_90 LOOP COMP_EMIT_VITIS_LOOP_146_4 BUNDLEDNAME {} DSP 0 BRAM 0 URAM 0 STORAGESUBTYPE {} DISPNAME {bind_op and} VISIBLE false} {BINDTYPE op ID {} IMPL auto LATENCY 0 OPTYPE seteq PRAGMA {} RTLNAME icmp_ln151_45_fu_11452_p2 SOURCE src/integrated-gcn/integrated_gcn.cpp:151 VARIABLE icmp_ln151_45 LOOP COMP_EMIT_VITIS_LOOP_146_4 BUNDLEDNAME {} DSP 0 BRAM 0 URAM 0 STORAGESUBTYPE {} DISPNAME {bind_op seteq} VISIBLE false} {BINDTYPE op ID {} IMPL auto LATENCY 0 OPTYPE seteq PRAGMA {} RTLNAME icmp_ln151_46_fu_11466_p2 SOURCE src/integrated-gcn/integrated_gcn.cpp:151 VARIABLE icmp_ln151_46 LOOP COMP_EMIT_VITIS_LOOP_146_4 BUNDLEDNAME {} DSP 0 BRAM 0 URAM 0 STORAGESUBTYPE {} DISPNAME {bind_op seteq} VISIBLE false} {BINDTYPE op ID {} IMPL auto LATENCY 0 OPTYPE seteq PRAGMA {} RTLNAME icmp_ln151_47_fu_11472_p2 SOURCE src/integrated-gcn/integrated_gcn.cpp:151 VARIABLE icmp_ln151_47 LOOP COMP_EMIT_VITIS_LOOP_146_4 BUNDLEDNAME {} DSP 0 BRAM 0 URAM 0 STORAGESUBTYPE {} DISPNAME {bind_op seteq} VISIBLE false} {BINDTYPE op ID {} IMPL auto_sel LATENCY 0 OPTYPE select PRAGMA {} RTLNAME select_ln151_75_fu_11478_p3 SOURCE src/integrated-gcn/integrated_gcn.cpp:151 VARIABLE select_ln151_75 LOOP COMP_EMIT_VITIS_LOOP_146_4 BUNDLEDNAME {} DSP 0 BRAM 0 URAM 0 STORAGESUBTYPE {} DISPNAME {bind_op select} VISIBLE false} {BINDTYPE op ID {} IMPL auto LATENCY 0 OPTYPE xor PRAGMA {} RTLNAME xor_ln151_76_fu_11486_p2 SOURCE src/integrated-gcn/integrated_gcn.cpp:151 VARIABLE xor_ln151_76 LOOP COMP_EMIT_VITIS_LOOP_146_4 BUNDLEDNAME {} DSP 0 BRAM 0 URAM 0 STORAGESUBTYPE {} DISPNAME {bind_op xor} VISIBLE false} {BINDTYPE op ID {} IMPL auto LATENCY 0 OPTYPE and PRAGMA {} RTLNAME and_ln151_91_fu_11492_p2 SOURCE src/integrated-gcn/integrated_gcn.cpp:151 VARIABLE and_ln151_91 LOOP COMP_EMIT_VITIS_LOOP_146_4 BUNDLEDNAME {} DSP 0 BRAM 0 URAM 0 STORAGESUBTYPE {} DISPNAME {bind_op and} VISIBLE false} {BINDTYPE op ID {} IMPL auto_sel LATENCY 0 OPTYPE select PRAGMA {} RTLNAME select_ln151_76_fu_11498_p3 SOURCE src/integrated-gcn/integrated_gcn.cpp:151 VARIABLE select_ln151_76 LOOP COMP_EMIT_VITIS_LOOP_146_4 BUNDLEDNAME {} DSP 0 BRAM 0 URAM 0 STORAGESUBTYPE {} DISPNAME {bind_op select} VISIBLE false} {BINDTYPE op ID {} IMPL auto LATENCY 0 OPTYPE and PRAGMA {} RTLNAME and_ln151_92_fu_11506_p2 SOURCE src/integrated-gcn/integrated_gcn.cpp:151 VARIABLE and_ln151_92 LOOP COMP_EMIT_VITIS_LOOP_146_4 BUNDLEDNAME {} DSP 0 BRAM 0 URAM 0 STORAGESUBTYPE {} DISPNAME {bind_op and} VISIBLE false} {BINDTYPE op ID {} IMPL auto LATENCY 0 OPTYPE xor PRAGMA {} RTLNAME xor_ln151_77_fu_11512_p2 SOURCE src/integrated-gcn/integrated_gcn.cpp:151 VARIABLE xor_ln151_77 LOOP COMP_EMIT_VITIS_LOOP_146_4 BUNDLEDNAME {} DSP 0 BRAM 0 URAM 0 STORAGESUBTYPE {} DISPNAME {bind_op xor} VISIBLE false} {BINDTYPE op ID {} IMPL auto LATENCY 0 OPTYPE or PRAGMA {} RTLNAME or_ln151_30_fu_11518_p2 SOURCE src/integrated-gcn/integrated_gcn.cpp:151 VARIABLE or_ln151_30 LOOP COMP_EMIT_VITIS_LOOP_146_4 BUNDLEDNAME {} DSP 0 BRAM 0 URAM 0 STORAGESUBTYPE {} DISPNAME {bind_op or} VISIBLE false} {BINDTYPE op ID {} IMPL auto LATENCY 0 OPTYPE xor PRAGMA {} RTLNAME xor_ln151_78_fu_11524_p2 SOURCE src/integrated-gcn/integrated_gcn.cpp:151 VARIABLE xor_ln151_78 LOOP COMP_EMIT_VITIS_LOOP_146_4 BUNDLEDNAME {} DSP 0 BRAM 0 URAM 0 STORAGESUBTYPE {} DISPNAME {bind_op xor} VISIBLE false} {BINDTYPE op ID {} IMPL auto LATENCY 0 OPTYPE and PRAGMA {} RTLNAME and_ln151_93_fu_11530_p2 SOURCE src/integrated-gcn/integrated_gcn.cpp:151 VARIABLE and_ln151_93 LOOP COMP_EMIT_VITIS_LOOP_146_4 BUNDLEDNAME {} DSP 0 BRAM 0 URAM 0 STORAGESUBTYPE {} DISPNAME {bind_op and} VISIBLE false} {BINDTYPE op ID {} IMPL auto LATENCY 0 OPTYPE and PRAGMA {} RTLNAME and_ln151_94_fu_11536_p2 SOURCE src/integrated-gcn/integrated_gcn.cpp:151 VARIABLE and_ln151_94 LOOP COMP_EMIT_VITIS_LOOP_146_4 BUNDLEDNAME {} DSP 0 BRAM 0 URAM 0 STORAGESUBTYPE {} DISPNAME {bind_op and} VISIBLE false} {BINDTYPE op ID {} IMPL auto LATENCY 0 OPTYPE or PRAGMA {} RTLNAME or_ln151_79_fu_11542_p2 SOURCE src/integrated-gcn/integrated_gcn.cpp:151 VARIABLE or_ln151_79 LOOP COMP_EMIT_VITIS_LOOP_146_4 BUNDLEDNAME {} DSP 0 BRAM 0 URAM 0 STORAGESUBTYPE {} DISPNAME {bind_op or} VISIBLE false} {BINDTYPE op ID {} IMPL auto LATENCY 0 OPTYPE xor PRAGMA {} RTLNAME xor_ln151_79_fu_11548_p2 SOURCE src/integrated-gcn/integrated_gcn.cpp:151 VARIABLE xor_ln151_79 LOOP COMP_EMIT_VITIS_LOOP_146_4 BUNDLEDNAME {} DSP 0 BRAM 0 URAM 0 STORAGESUBTYPE {} DISPNAME {bind_op xor} VISIBLE false} {BINDTYPE op ID {} IMPL auto LATENCY 0 OPTYPE and PRAGMA {} RTLNAME and_ln151_95_fu_11554_p2 SOURCE src/integrated-gcn/integrated_gcn.cpp:151 VARIABLE and_ln151_95 LOOP COMP_EMIT_VITIS_LOOP_146_4 BUNDLEDNAME {} DSP 0 BRAM 0 URAM 0 STORAGESUBTYPE {} DISPNAME {bind_op and} VISIBLE false} {BINDTYPE op ID {} IMPL auto_sel LATENCY 0 OPTYPE select PRAGMA {} RTLNAME select_ln151_77_fu_11560_p3 SOURCE src/integrated-gcn/integrated_gcn.cpp:151 VARIABLE select_ln151_77 LOOP COMP_EMIT_VITIS_LOOP_146_4 BUNDLEDNAME {} DSP 0 BRAM 0 URAM 0 STORAGESUBTYPE {} DISPNAME {bind_op select} VISIBLE false} {BINDTYPE op ID {} IMPL auto LATENCY 0 OPTYPE or PRAGMA {} RTLNAME or_ln151_31_fu_11568_p2 SOURCE src/integrated-gcn/integrated_gcn.cpp:151 VARIABLE or_ln151_31 LOOP COMP_EMIT_VITIS_LOOP_146_4 BUNDLEDNAME {} DSP 0 BRAM 0 URAM 0 STORAGESUBTYPE {} DISPNAME {bind_op or} VISIBLE false} {BINDTYPE op ID {} IMPL auto_sel LATENCY 0 OPTYPE select PRAGMA {} RTLNAME select_ln151_78_fu_11574_p3 SOURCE src/integrated-gcn/integrated_gcn.cpp:151 VARIABLE select_ln151_78 LOOP COMP_EMIT_VITIS_LOOP_146_4 BUNDLEDNAME {} DSP 0 BRAM 0 URAM 0 STORAGESUBTYPE {} DISPNAME {bind_op select} VISIBLE false} {BINDTYPE op ID {} IMPL auto_sel LATENCY 0 OPTYPE select PRAGMA {} RTLNAME tmp_119_fu_11610_p2 SOURCE src/integrated-gcn/integrated_gcn.cpp:151 VARIABLE select_ln151_192 LOOP COMP_EMIT_VITIS_LOOP_146_4 BUNDLEDNAME {} DSP 0 BRAM 0 URAM 0 STORAGESUBTYPE {} DISPNAME {bind_op select} VISIBLE false} {BINDTYPE op ID {} IMPL auto_sel LATENCY 0 OPTYPE select PRAGMA {} RTLNAME tmp_119_fu_11610_p4 SOURCE src/integrated-gcn/integrated_gcn.cpp:151 VARIABLE select_ln151_193 LOOP COMP_EMIT_VITIS_LOOP_146_4 BUNDLEDNAME {} DSP 0 BRAM 0 URAM 0 STORAGESUBTYPE {} DISPNAME {bind_op select} VISIBLE false} {BINDTYPE op ID {} IMPL auto_sel LATENCY 0 OPTYPE select PRAGMA {} RTLNAME tmp_119_fu_11610_p6 SOURCE src/integrated-gcn/integrated_gcn.cpp:151 VARIABLE select_ln151_194 LOOP COMP_EMIT_VITIS_LOOP_146_4 BUNDLEDNAME {} DSP 0 BRAM 0 URAM 0 STORAGESUBTYPE {} DISPNAME {bind_op select} VISIBLE false} {BINDTYPE op ID {} IMPL auto_sel LATENCY 0 OPTYPE select PRAGMA {} RTLNAME tmp_119_fu_11610_p8 SOURCE src/integrated-gcn/integrated_gcn.cpp:151 VARIABLE select_ln151_195 LOOP COMP_EMIT_VITIS_LOOP_146_4 BUNDLEDNAME {} DSP 0 BRAM 0 URAM 0 STORAGESUBTYPE {} DISPNAME {bind_op select} VISIBLE false} {BINDTYPE op ID {} IMPL compactencoding_dontcare LATENCY 0 OPTYPE sparsemux PRAGMA {} RTLNAME sparsemux_9_2_32_1_1_U1187 SOURCE src/integrated-gcn/integrated_gcn.cpp:151 VARIABLE tmp_119 LOOP COMP_EMIT_VITIS_LOOP_146_4 BUNDLEDNAME {} DSP 0 BRAM 0 URAM 0 STORAGESUBTYPE {} DISPNAME {bind_op sparsemux} VISIBLE false} {BINDTYPE op ID {} IMPL fabric LATENCY 0 OPTYPE add PRAGMA {} RTLNAME add_ln151_16_fu_11671_p2 SOURCE src/integrated-gcn/integrated_gcn.cpp:151 VARIABLE add_ln151_16 LOOP COMP_EMIT_VITIS_LOOP_146_4 BUNDLEDNAME {} DSP 0 BRAM 0 URAM 0 STORAGESUBTYPE {} DISPNAME {bind_op add} VISIBLE true} {BINDTYPE op ID {} IMPL auto LATENCY 0 OPTYPE xor PRAGMA {} RTLNAME xor_ln151_80_fu_11685_p2 SOURCE src/integrated-gcn/integrated_gcn.cpp:151 VARIABLE xor_ln151_80 LOOP COMP_EMIT_VITIS_LOOP_146_4 BUNDLEDNAME {} DSP 0 BRAM 0 URAM 0 STORAGESUBTYPE {} DISPNAME {bind_op xor} VISIBLE false} {BINDTYPE op ID {} IMPL auto LATENCY 0 OPTYPE and PRAGMA {} RTLNAME and_ln151_96_fu_11691_p2 SOURCE src/integrated-gcn/integrated_gcn.cpp:151 VARIABLE and_ln151_96 LOOP COMP_EMIT_VITIS_LOOP_146_4 BUNDLEDNAME {} DSP 0 BRAM 0 URAM 0 STORAGESUBTYPE {} DISPNAME {bind_op and} VISIBLE false} {BINDTYPE op ID {} IMPL auto LATENCY 0 OPTYPE seteq PRAGMA {} RTLNAME icmp_ln151_48_fu_11713_p2 SOURCE src/integrated-gcn/integrated_gcn.cpp:151 VARIABLE icmp_ln151_48 LOOP COMP_EMIT_VITIS_LOOP_146_4 BUNDLEDNAME {} DSP 0 BRAM 0 URAM 0 STORAGESUBTYPE {} DISPNAME {bind_op seteq} VISIBLE false} {BINDTYPE op ID {} IMPL auto LATENCY 0 OPTYPE seteq PRAGMA {} RTLNAME icmp_ln151_49_fu_11727_p2 SOURCE src/integrated-gcn/integrated_gcn.cpp:151 VARIABLE icmp_ln151_49 LOOP COMP_EMIT_VITIS_LOOP_146_4 BUNDLEDNAME {} DSP 0 BRAM 0 URAM 0 STORAGESUBTYPE {} DISPNAME {bind_op seteq} VISIBLE false} {BINDTYPE op ID {} IMPL auto LATENCY 0 OPTYPE seteq PRAGMA {} RTLNAME icmp_ln151_50_fu_11733_p2 SOURCE src/integrated-gcn/integrated_gcn.cpp:151 VARIABLE icmp_ln151_50 LOOP COMP_EMIT_VITIS_LOOP_146_4 BUNDLEDNAME {} DSP 0 BRAM 0 URAM 0 STORAGESUBTYPE {} DISPNAME {bind_op seteq} VISIBLE false} {BINDTYPE op ID {} IMPL auto_sel LATENCY 0 OPTYPE select PRAGMA {} RTLNAME select_ln151_80_fu_11739_p3 SOURCE src/integrated-gcn/integrated_gcn.cpp:151 VARIABLE select_ln151_80 LOOP COMP_EMIT_VITIS_LOOP_146_4 BUNDLEDNAME {} DSP 0 BRAM 0 URAM 0 STORAGESUBTYPE {} DISPNAME {bind_op select} VISIBLE false} {BINDTYPE op ID {} IMPL auto LATENCY 0 OPTYPE xor PRAGMA {} RTLNAME xor_ln151_81_fu_11747_p2 SOURCE src/integrated-gcn/integrated_gcn.cpp:151 VARIABLE xor_ln151_81 LOOP COMP_EMIT_VITIS_LOOP_146_4 BUNDLEDNAME {} DSP 0 BRAM 0 URAM 0 STORAGESUBTYPE {} DISPNAME {bind_op xor} VISIBLE false} {BINDTYPE op ID {} IMPL auto LATENCY 0 OPTYPE and PRAGMA {} RTLNAME and_ln151_97_fu_11753_p2 SOURCE src/integrated-gcn/integrated_gcn.cpp:151 VARIABLE and_ln151_97 LOOP COMP_EMIT_VITIS_LOOP_146_4 BUNDLEDNAME {} DSP 0 BRAM 0 URAM 0 STORAGESUBTYPE {} DISPNAME {bind_op and} VISIBLE false} {BINDTYPE op ID {} IMPL auto_sel LATENCY 0 OPTYPE select PRAGMA {} RTLNAME select_ln151_81_fu_11759_p3 SOURCE src/integrated-gcn/integrated_gcn.cpp:151 VARIABLE select_ln151_81 LOOP COMP_EMIT_VITIS_LOOP_146_4 BUNDLEDNAME {} DSP 0 BRAM 0 URAM 0 STORAGESUBTYPE {} DISPNAME {bind_op select} VISIBLE false} {BINDTYPE op ID {} IMPL auto LATENCY 0 OPTYPE and PRAGMA {} RTLNAME and_ln151_98_fu_11767_p2 SOURCE src/integrated-gcn/integrated_gcn.cpp:151 VARIABLE and_ln151_98 LOOP COMP_EMIT_VITIS_LOOP_146_4 BUNDLEDNAME {} DSP 0 BRAM 0 URAM 0 STORAGESUBTYPE {} DISPNAME {bind_op and} VISIBLE false} {BINDTYPE op ID {} IMPL auto LATENCY 0 OPTYPE xor PRAGMA {} RTLNAME xor_ln151_82_fu_11773_p2 SOURCE src/integrated-gcn/integrated_gcn.cpp:151 VARIABLE xor_ln151_82 LOOP COMP_EMIT_VITIS_LOOP_146_4 BUNDLEDNAME {} DSP 0 BRAM 0 URAM 0 STORAGESUBTYPE {} DISPNAME {bind_op xor} VISIBLE false} {BINDTYPE op ID {} IMPL auto LATENCY 0 OPTYPE or PRAGMA {} RTLNAME or_ln151_32_fu_11779_p2 SOURCE src/integrated-gcn/integrated_gcn.cpp:151 VARIABLE or_ln151_32 LOOP COMP_EMIT_VITIS_LOOP_146_4 BUNDLEDNAME {} DSP 0 BRAM 0 URAM 0 STORAGESUBTYPE {} DISPNAME {bind_op or} VISIBLE false} {BINDTYPE op ID {} IMPL auto LATENCY 0 OPTYPE xor PRAGMA {} RTLNAME xor_ln151_83_fu_11785_p2 SOURCE src/integrated-gcn/integrated_gcn.cpp:151 VARIABLE xor_ln151_83 LOOP COMP_EMIT_VITIS_LOOP_146_4 BUNDLEDNAME {} DSP 0 BRAM 0 URAM 0 STORAGESUBTYPE {} DISPNAME {bind_op xor} VISIBLE false} {BINDTYPE op ID {} IMPL auto LATENCY 0 OPTYPE and PRAGMA {} RTLNAME and_ln151_99_fu_11791_p2 SOURCE src/integrated-gcn/integrated_gcn.cpp:151 VARIABLE and_ln151_99 LOOP COMP_EMIT_VITIS_LOOP_146_4 BUNDLEDNAME {} DSP 0 BRAM 0 URAM 0 STORAGESUBTYPE {} DISPNAME {bind_op and} VISIBLE false} {BINDTYPE op ID {} IMPL auto LATENCY 0 OPTYPE and PRAGMA {} RTLNAME and_ln151_100_fu_11797_p2 SOURCE src/integrated-gcn/integrated_gcn.cpp:151 VARIABLE and_ln151_100 LOOP COMP_EMIT_VITIS_LOOP_146_4 BUNDLEDNAME {} DSP 0 BRAM 0 URAM 0 STORAGESUBTYPE {} DISPNAME {bind_op and} VISIBLE false} {BINDTYPE op ID {} IMPL auto LATENCY 0 OPTYPE or PRAGMA {} RTLNAME or_ln151_80_fu_11803_p2 SOURCE src/integrated-gcn/integrated_gcn.cpp:151 VARIABLE or_ln151_80 LOOP COMP_EMIT_VITIS_LOOP_146_4 BUNDLEDNAME {} DSP 0 BRAM 0 URAM 0 STORAGESUBTYPE {} DISPNAME {bind_op or} VISIBLE false} {BINDTYPE op ID {} IMPL auto LATENCY 0 OPTYPE xor PRAGMA {} RTLNAME xor_ln151_84_fu_11809_p2 SOURCE src/integrated-gcn/integrated_gcn.cpp:151 VARIABLE xor_ln151_84 LOOP COMP_EMIT_VITIS_LOOP_146_4 BUNDLEDNAME {} DSP 0 BRAM 0 URAM 0 STORAGESUBTYPE {} DISPNAME {bind_op xor} VISIBLE false} {BINDTYPE op ID {} IMPL auto LATENCY 0 OPTYPE and PRAGMA {} RTLNAME and_ln151_101_fu_11815_p2 SOURCE src/integrated-gcn/integrated_gcn.cpp:151 VARIABLE and_ln151_101 LOOP COMP_EMIT_VITIS_LOOP_146_4 BUNDLEDNAME {} DSP 0 BRAM 0 URAM 0 STORAGESUBTYPE {} DISPNAME {bind_op and} VISIBLE false} {BINDTYPE op ID {} IMPL auto_sel LATENCY 0 OPTYPE select PRAGMA {} RTLNAME select_ln151_82_fu_11821_p3 SOURCE src/integrated-gcn/integrated_gcn.cpp:151 VARIABLE select_ln151_82 LOOP COMP_EMIT_VITIS_LOOP_146_4 BUNDLEDNAME {} DSP 0 BRAM 0 URAM 0 STORAGESUBTYPE {} DISPNAME {bind_op select} VISIBLE false} {BINDTYPE op ID {} IMPL auto LATENCY 0 OPTYPE or PRAGMA {} RTLNAME or_ln151_33_fu_11829_p2 SOURCE src/integrated-gcn/integrated_gcn.cpp:151 VARIABLE or_ln151_33 LOOP COMP_EMIT_VITIS_LOOP_146_4 BUNDLEDNAME {} DSP 0 BRAM 0 URAM 0 STORAGESUBTYPE {} DISPNAME {bind_op or} VISIBLE false} {BINDTYPE op ID {} IMPL auto_sel LATENCY 0 OPTYPE select PRAGMA {} RTLNAME select_ln151_83_fu_11835_p3 SOURCE src/integrated-gcn/integrated_gcn.cpp:151 VARIABLE select_ln151_83 LOOP COMP_EMIT_VITIS_LOOP_146_4 BUNDLEDNAME {} DSP 0 BRAM 0 URAM 0 STORAGESUBTYPE {} DISPNAME {bind_op select} VISIBLE false} {BINDTYPE op ID {} IMPL auto_sel LATENCY 0 OPTYPE select PRAGMA {} RTLNAME tmp_127_fu_11871_p2 SOURCE src/integrated-gcn/integrated_gcn.cpp:151 VARIABLE select_ln151_196 LOOP COMP_EMIT_VITIS_LOOP_146_4 BUNDLEDNAME {} DSP 0 BRAM 0 URAM 0 STORAGESUBTYPE {} DISPNAME {bind_op select} VISIBLE false} {BINDTYPE op ID {} IMPL auto_sel LATENCY 0 OPTYPE select PRAGMA {} RTLNAME tmp_127_fu_11871_p4 SOURCE src/integrated-gcn/integrated_gcn.cpp:151 VARIABLE select_ln151_197 LOOP COMP_EMIT_VITIS_LOOP_146_4 BUNDLEDNAME {} DSP 0 BRAM 0 URAM 0 STORAGESUBTYPE {} DISPNAME {bind_op select} VISIBLE false} {BINDTYPE op ID {} IMPL auto_sel LATENCY 0 OPTYPE select PRAGMA {} RTLNAME tmp_127_fu_11871_p6 SOURCE src/integrated-gcn/integrated_gcn.cpp:151 VARIABLE select_ln151_198 LOOP COMP_EMIT_VITIS_LOOP_146_4 BUNDLEDNAME {} DSP 0 BRAM 0 URAM 0 STORAGESUBTYPE {} DISPNAME {bind_op select} VISIBLE false} {BINDTYPE op ID {} IMPL auto_sel LATENCY 0 OPTYPE select PRAGMA {} RTLNAME tmp_127_fu_11871_p8 SOURCE src/integrated-gcn/integrated_gcn.cpp:151 VARIABLE select_ln151_199 LOOP COMP_EMIT_VITIS_LOOP_146_4 BUNDLEDNAME {} DSP 0 BRAM 0 URAM 0 STORAGESUBTYPE {} DISPNAME {bind_op select} VISIBLE false} {BINDTYPE op ID {} IMPL compactencoding_dontcare LATENCY 0 OPTYPE sparsemux PRAGMA {} RTLNAME sparsemux_9_2_32_1_1_U1188 SOURCE src/integrated-gcn/integrated_gcn.cpp:151 VARIABLE tmp_127 LOOP COMP_EMIT_VITIS_LOOP_146_4 BUNDLEDNAME {} DSP 0 BRAM 0 URAM 0 STORAGESUBTYPE {} DISPNAME {bind_op sparsemux} VISIBLE false} {BINDTYPE op ID {} IMPL fabric LATENCY 0 OPTYPE add PRAGMA {} RTLNAME add_ln151_17_fu_11932_p2 SOURCE src/integrated-gcn/integrated_gcn.cpp:151 VARIABLE add_ln151_17 LOOP COMP_EMIT_VITIS_LOOP_146_4 BUNDLEDNAME {} DSP 0 BRAM 0 URAM 0 STORAGESUBTYPE {} DISPNAME {bind_op add} VISIBLE true} {BINDTYPE op ID {} IMPL auto LATENCY 0 OPTYPE xor PRAGMA {} RTLNAME xor_ln151_85_fu_11946_p2 SOURCE src/integrated-gcn/integrated_gcn.cpp:151 VARIABLE xor_ln151_85 LOOP COMP_EMIT_VITIS_LOOP_146_4 BUNDLEDNAME {} DSP 0 BRAM 0 URAM 0 STORAGESUBTYPE {} DISPNAME {bind_op xor} VISIBLE false} {BINDTYPE op ID {} IMPL auto LATENCY 0 OPTYPE and PRAGMA {} RTLNAME and_ln151_102_fu_11952_p2 SOURCE src/integrated-gcn/integrated_gcn.cpp:151 VARIABLE and_ln151_102 LOOP COMP_EMIT_VITIS_LOOP_146_4 BUNDLEDNAME {} DSP 0 BRAM 0 URAM 0 STORAGESUBTYPE {} DISPNAME {bind_op and} VISIBLE false} {BINDTYPE op ID {} IMPL auto LATENCY 0 OPTYPE seteq PRAGMA {} RTLNAME icmp_ln151_51_fu_11974_p2 SOURCE src/integrated-gcn/integrated_gcn.cpp:151 VARIABLE icmp_ln151_51 LOOP COMP_EMIT_VITIS_LOOP_146_4 BUNDLEDNAME {} DSP 0 BRAM 0 URAM 0 STORAGESUBTYPE {} DISPNAME {bind_op seteq} VISIBLE false} {BINDTYPE op ID {} IMPL auto LATENCY 0 OPTYPE seteq PRAGMA {} RTLNAME icmp_ln151_52_fu_11988_p2 SOURCE src/integrated-gcn/integrated_gcn.cpp:151 VARIABLE icmp_ln151_52 LOOP COMP_EMIT_VITIS_LOOP_146_4 BUNDLEDNAME {} DSP 0 BRAM 0 URAM 0 STORAGESUBTYPE {} DISPNAME {bind_op seteq} VISIBLE false} {BINDTYPE op ID {} IMPL auto LATENCY 0 OPTYPE seteq PRAGMA {} RTLNAME icmp_ln151_53_fu_11994_p2 SOURCE src/integrated-gcn/integrated_gcn.cpp:151 VARIABLE icmp_ln151_53 LOOP COMP_EMIT_VITIS_LOOP_146_4 BUNDLEDNAME {} DSP 0 BRAM 0 URAM 0 STORAGESUBTYPE {} DISPNAME {bind_op seteq} VISIBLE false} {BINDTYPE op ID {} IMPL auto_sel LATENCY 0 OPTYPE select PRAGMA {} RTLNAME select_ln151_85_fu_12000_p3 SOURCE src/integrated-gcn/integrated_gcn.cpp:151 VARIABLE select_ln151_85 LOOP COMP_EMIT_VITIS_LOOP_146_4 BUNDLEDNAME {} DSP 0 BRAM 0 URAM 0 STORAGESUBTYPE {} DISPNAME {bind_op select} VISIBLE false} {BINDTYPE op ID {} IMPL auto LATENCY 0 OPTYPE xor PRAGMA {} RTLNAME xor_ln151_86_fu_12008_p2 SOURCE src/integrated-gcn/integrated_gcn.cpp:151 VARIABLE xor_ln151_86 LOOP COMP_EMIT_VITIS_LOOP_146_4 BUNDLEDNAME {} DSP 0 BRAM 0 URAM 0 STORAGESUBTYPE {} DISPNAME {bind_op xor} VISIBLE false} {BINDTYPE op ID {} IMPL auto LATENCY 0 OPTYPE and PRAGMA {} RTLNAME and_ln151_103_fu_12014_p2 SOURCE src/integrated-gcn/integrated_gcn.cpp:151 VARIABLE and_ln151_103 LOOP COMP_EMIT_VITIS_LOOP_146_4 BUNDLEDNAME {} DSP 0 BRAM 0 URAM 0 STORAGESUBTYPE {} DISPNAME {bind_op and} VISIBLE false} {BINDTYPE op ID {} IMPL auto_sel LATENCY 0 OPTYPE select PRAGMA {} RTLNAME select_ln151_86_fu_12020_p3 SOURCE src/integrated-gcn/integrated_gcn.cpp:151 VARIABLE select_ln151_86 LOOP COMP_EMIT_VITIS_LOOP_146_4 BUNDLEDNAME {} DSP 0 BRAM 0 URAM 0 STORAGESUBTYPE {} DISPNAME {bind_op select} VISIBLE false} {BINDTYPE op ID {} IMPL auto LATENCY 0 OPTYPE and PRAGMA {} RTLNAME and_ln151_104_fu_12028_p2 SOURCE src/integrated-gcn/integrated_gcn.cpp:151 VARIABLE and_ln151_104 LOOP COMP_EMIT_VITIS_LOOP_146_4 BUNDLEDNAME {} DSP 0 BRAM 0 URAM 0 STORAGESUBTYPE {} DISPNAME {bind_op and} VISIBLE false} {BINDTYPE op ID {} IMPL auto LATENCY 0 OPTYPE xor PRAGMA {} RTLNAME xor_ln151_87_fu_12034_p2 SOURCE src/integrated-gcn/integrated_gcn.cpp:151 VARIABLE xor_ln151_87 LOOP COMP_EMIT_VITIS_LOOP_146_4 BUNDLEDNAME {} DSP 0 BRAM 0 URAM 0 STORAGESUBTYPE {} DISPNAME {bind_op xor} VISIBLE false} {BINDTYPE op ID {} IMPL auto LATENCY 0 OPTYPE or PRAGMA {} RTLNAME or_ln151_34_fu_12040_p2 SOURCE src/integrated-gcn/integrated_gcn.cpp:151 VARIABLE or_ln151_34 LOOP COMP_EMIT_VITIS_LOOP_146_4 BUNDLEDNAME {} DSP 0 BRAM 0 URAM 0 STORAGESUBTYPE {} DISPNAME {bind_op or} VISIBLE false} {BINDTYPE op ID {} IMPL auto LATENCY 0 OPTYPE xor PRAGMA {} RTLNAME xor_ln151_88_fu_12046_p2 SOURCE src/integrated-gcn/integrated_gcn.cpp:151 VARIABLE xor_ln151_88 LOOP COMP_EMIT_VITIS_LOOP_146_4 BUNDLEDNAME {} DSP 0 BRAM 0 URAM 0 STORAGESUBTYPE {} DISPNAME {bind_op xor} VISIBLE false} {BINDTYPE op ID {} IMPL auto LATENCY 0 OPTYPE and PRAGMA {} RTLNAME and_ln151_105_fu_12052_p2 SOURCE src/integrated-gcn/integrated_gcn.cpp:151 VARIABLE and_ln151_105 LOOP COMP_EMIT_VITIS_LOOP_146_4 BUNDLEDNAME {} DSP 0 BRAM 0 URAM 0 STORAGESUBTYPE {} DISPNAME {bind_op and} VISIBLE false} {BINDTYPE op ID {} IMPL auto LATENCY 0 OPTYPE and PRAGMA {} RTLNAME and_ln151_106_fu_12058_p2 SOURCE src/integrated-gcn/integrated_gcn.cpp:151 VARIABLE and_ln151_106 LOOP COMP_EMIT_VITIS_LOOP_146_4 BUNDLEDNAME {} DSP 0 BRAM 0 URAM 0 STORAGESUBTYPE {} DISPNAME {bind_op and} VISIBLE false} {BINDTYPE op ID {} IMPL auto LATENCY 0 OPTYPE or PRAGMA {} RTLNAME or_ln151_81_fu_12064_p2 SOURCE src/integrated-gcn/integrated_gcn.cpp:151 VARIABLE or_ln151_81 LOOP COMP_EMIT_VITIS_LOOP_146_4 BUNDLEDNAME {} DSP 0 BRAM 0 URAM 0 STORAGESUBTYPE {} DISPNAME {bind_op or} VISIBLE false} {BINDTYPE op ID {} IMPL auto LATENCY 0 OPTYPE xor PRAGMA {} RTLNAME xor_ln151_89_fu_12070_p2 SOURCE src/integrated-gcn/integrated_gcn.cpp:151 VARIABLE xor_ln151_89 LOOP COMP_EMIT_VITIS_LOOP_146_4 BUNDLEDNAME {} DSP 0 BRAM 0 URAM 0 STORAGESUBTYPE {} DISPNAME {bind_op xor} VISIBLE false} {BINDTYPE op ID {} IMPL auto LATENCY 0 OPTYPE and PRAGMA {} RTLNAME and_ln151_107_fu_12076_p2 SOURCE src/integrated-gcn/integrated_gcn.cpp:151 VARIABLE and_ln151_107 LOOP COMP_EMIT_VITIS_LOOP_146_4 BUNDLEDNAME {} DSP 0 BRAM 0 URAM 0 STORAGESUBTYPE {} DISPNAME {bind_op and} VISIBLE false} {BINDTYPE op ID {} IMPL auto_sel LATENCY 0 OPTYPE select PRAGMA {} RTLNAME select_ln151_87_fu_12082_p3 SOURCE src/integrated-gcn/integrated_gcn.cpp:151 VARIABLE select_ln151_87 LOOP COMP_EMIT_VITIS_LOOP_146_4 BUNDLEDNAME {} DSP 0 BRAM 0 URAM 0 STORAGESUBTYPE {} DISPNAME {bind_op select} VISIBLE false} {BINDTYPE op ID {} IMPL auto LATENCY 0 OPTYPE or PRAGMA {} RTLNAME or_ln151_35_fu_12090_p2 SOURCE src/integrated-gcn/integrated_gcn.cpp:151 VARIABLE or_ln151_35 LOOP COMP_EMIT_VITIS_LOOP_146_4 BUNDLEDNAME {} DSP 0 BRAM 0 URAM 0 STORAGESUBTYPE {} DISPNAME {bind_op or} VISIBLE false} {BINDTYPE op ID {} IMPL auto_sel LATENCY 0 OPTYPE select PRAGMA {} RTLNAME select_ln151_88_fu_12096_p3 SOURCE src/integrated-gcn/integrated_gcn.cpp:151 VARIABLE select_ln151_88 LOOP COMP_EMIT_VITIS_LOOP_146_4 BUNDLEDNAME {} DSP 0 BRAM 0 URAM 0 STORAGESUBTYPE {} DISPNAME {bind_op select} VISIBLE false} {BINDTYPE op ID {} IMPL auto_sel LATENCY 0 OPTYPE select PRAGMA {} RTLNAME tmp_135_fu_12132_p2 SOURCE src/integrated-gcn/integrated_gcn.cpp:151 VARIABLE select_ln151_200 LOOP COMP_EMIT_VITIS_LOOP_146_4 BUNDLEDNAME {} DSP 0 BRAM 0 URAM 0 STORAGESUBTYPE {} DISPNAME {bind_op select} VISIBLE false} {BINDTYPE op ID {} IMPL auto_sel LATENCY 0 OPTYPE select PRAGMA {} RTLNAME tmp_135_fu_12132_p4 SOURCE src/integrated-gcn/integrated_gcn.cpp:151 VARIABLE select_ln151_201 LOOP COMP_EMIT_VITIS_LOOP_146_4 BUNDLEDNAME {} DSP 0 BRAM 0 URAM 0 STORAGESUBTYPE {} DISPNAME {bind_op select} VISIBLE false} {BINDTYPE op ID {} IMPL auto_sel LATENCY 0 OPTYPE select PRAGMA {} RTLNAME tmp_135_fu_12132_p6 SOURCE src/integrated-gcn/integrated_gcn.cpp:151 VARIABLE select_ln151_202 LOOP COMP_EMIT_VITIS_LOOP_146_4 BUNDLEDNAME {} DSP 0 BRAM 0 URAM 0 STORAGESUBTYPE {} DISPNAME {bind_op select} VISIBLE false} {BINDTYPE op ID {} IMPL auto_sel LATENCY 0 OPTYPE select PRAGMA {} RTLNAME tmp_135_fu_12132_p8 SOURCE src/integrated-gcn/integrated_gcn.cpp:151 VARIABLE select_ln151_203 LOOP COMP_EMIT_VITIS_LOOP_146_4 BUNDLEDNAME {} DSP 0 BRAM 0 URAM 0 STORAGESUBTYPE {} DISPNAME {bind_op select} VISIBLE false} {BINDTYPE op ID {} IMPL compactencoding_dontcare LATENCY 0 OPTYPE sparsemux PRAGMA {} RTLNAME sparsemux_9_2_32_1_1_U1189 SOURCE src/integrated-gcn/integrated_gcn.cpp:151 VARIABLE tmp_135 LOOP COMP_EMIT_VITIS_LOOP_146_4 BUNDLEDNAME {} DSP 0 BRAM 0 URAM 0 STORAGESUBTYPE {} DISPNAME {bind_op sparsemux} VISIBLE false} {BINDTYPE op ID {} IMPL fabric LATENCY 0 OPTYPE add PRAGMA {} RTLNAME add_ln151_18_fu_12193_p2 SOURCE src/integrated-gcn/integrated_gcn.cpp:151 VARIABLE add_ln151_18 LOOP COMP_EMIT_VITIS_LOOP_146_4 BUNDLEDNAME {} DSP 0 BRAM 0 URAM 0 STORAGESUBTYPE {} DISPNAME {bind_op add} VISIBLE true} {BINDTYPE op ID {} IMPL auto LATENCY 0 OPTYPE xor PRAGMA {} RTLNAME xor_ln151_90_fu_12207_p2 SOURCE src/integrated-gcn/integrated_gcn.cpp:151 VARIABLE xor_ln151_90 LOOP COMP_EMIT_VITIS_LOOP_146_4 BUNDLEDNAME {} DSP 0 BRAM 0 URAM 0 STORAGESUBTYPE {} DISPNAME {bind_op xor} VISIBLE false} {BINDTYPE op ID {} IMPL auto LATENCY 0 OPTYPE and PRAGMA {} RTLNAME and_ln151_108_fu_12213_p2 SOURCE src/integrated-gcn/integrated_gcn.cpp:151 VARIABLE and_ln151_108 LOOP COMP_EMIT_VITIS_LOOP_146_4 BUNDLEDNAME {} DSP 0 BRAM 0 URAM 0 STORAGESUBTYPE {} DISPNAME {bind_op and} VISIBLE false} {BINDTYPE op ID {} IMPL auto LATENCY 0 OPTYPE seteq PRAGMA {} RTLNAME icmp_ln151_54_fu_12235_p2 SOURCE src/integrated-gcn/integrated_gcn.cpp:151 VARIABLE icmp_ln151_54 LOOP COMP_EMIT_VITIS_LOOP_146_4 BUNDLEDNAME {} DSP 0 BRAM 0 URAM 0 STORAGESUBTYPE {} DISPNAME {bind_op seteq} VISIBLE false} {BINDTYPE op ID {} IMPL auto LATENCY 0 OPTYPE seteq PRAGMA {} RTLNAME icmp_ln151_55_fu_12249_p2 SOURCE src/integrated-gcn/integrated_gcn.cpp:151 VARIABLE icmp_ln151_55 LOOP COMP_EMIT_VITIS_LOOP_146_4 BUNDLEDNAME {} DSP 0 BRAM 0 URAM 0 STORAGESUBTYPE {} DISPNAME {bind_op seteq} VISIBLE false} {BINDTYPE op ID {} IMPL auto LATENCY 0 OPTYPE seteq PRAGMA {} RTLNAME icmp_ln151_56_fu_12255_p2 SOURCE src/integrated-gcn/integrated_gcn.cpp:151 VARIABLE icmp_ln151_56 LOOP COMP_EMIT_VITIS_LOOP_146_4 BUNDLEDNAME {} DSP 0 BRAM 0 URAM 0 STORAGESUBTYPE {} DISPNAME {bind_op seteq} VISIBLE false} {BINDTYPE op ID {} IMPL auto_sel LATENCY 0 OPTYPE select PRAGMA {} RTLNAME select_ln151_90_fu_12261_p3 SOURCE src/integrated-gcn/integrated_gcn.cpp:151 VARIABLE select_ln151_90 LOOP COMP_EMIT_VITIS_LOOP_146_4 BUNDLEDNAME {} DSP 0 BRAM 0 URAM 0 STORAGESUBTYPE {} DISPNAME {bind_op select} VISIBLE false} {BINDTYPE op ID {} IMPL auto LATENCY 0 OPTYPE xor PRAGMA {} RTLNAME xor_ln151_91_fu_12269_p2 SOURCE src/integrated-gcn/integrated_gcn.cpp:151 VARIABLE xor_ln151_91 LOOP COMP_EMIT_VITIS_LOOP_146_4 BUNDLEDNAME {} DSP 0 BRAM 0 URAM 0 STORAGESUBTYPE {} DISPNAME {bind_op xor} VISIBLE false} {BINDTYPE op ID {} IMPL auto LATENCY 0 OPTYPE and PRAGMA {} RTLNAME and_ln151_109_fu_12275_p2 SOURCE src/integrated-gcn/integrated_gcn.cpp:151 VARIABLE and_ln151_109 LOOP COMP_EMIT_VITIS_LOOP_146_4 BUNDLEDNAME {} DSP 0 BRAM 0 URAM 0 STORAGESUBTYPE {} DISPNAME {bind_op and} VISIBLE false} {BINDTYPE op ID {} IMPL auto_sel LATENCY 0 OPTYPE select PRAGMA {} RTLNAME select_ln151_91_fu_12281_p3 SOURCE src/integrated-gcn/integrated_gcn.cpp:151 VARIABLE select_ln151_91 LOOP COMP_EMIT_VITIS_LOOP_146_4 BUNDLEDNAME {} DSP 0 BRAM 0 URAM 0 STORAGESUBTYPE {} DISPNAME {bind_op select} VISIBLE false} {BINDTYPE op ID {} IMPL auto LATENCY 0 OPTYPE and PRAGMA {} RTLNAME and_ln151_110_fu_12289_p2 SOURCE src/integrated-gcn/integrated_gcn.cpp:151 VARIABLE and_ln151_110 LOOP COMP_EMIT_VITIS_LOOP_146_4 BUNDLEDNAME {} DSP 0 BRAM 0 URAM 0 STORAGESUBTYPE {} DISPNAME {bind_op and} VISIBLE false} {BINDTYPE op ID {} IMPL auto LATENCY 0 OPTYPE xor PRAGMA {} RTLNAME xor_ln151_92_fu_12295_p2 SOURCE src/integrated-gcn/integrated_gcn.cpp:151 VARIABLE xor_ln151_92 LOOP COMP_EMIT_VITIS_LOOP_146_4 BUNDLEDNAME {} DSP 0 BRAM 0 URAM 0 STORAGESUBTYPE {} DISPNAME {bind_op xor} VISIBLE false} {BINDTYPE op ID {} IMPL auto LATENCY 0 OPTYPE or PRAGMA {} RTLNAME or_ln151_36_fu_12301_p2 SOURCE src/integrated-gcn/integrated_gcn.cpp:151 VARIABLE or_ln151_36 LOOP COMP_EMIT_VITIS_LOOP_146_4 BUNDLEDNAME {} DSP 0 BRAM 0 URAM 0 STORAGESUBTYPE {} DISPNAME {bind_op or} VISIBLE false} {BINDTYPE op ID {} IMPL auto LATENCY 0 OPTYPE xor PRAGMA {} RTLNAME xor_ln151_93_fu_12307_p2 SOURCE src/integrated-gcn/integrated_gcn.cpp:151 VARIABLE xor_ln151_93 LOOP COMP_EMIT_VITIS_LOOP_146_4 BUNDLEDNAME {} DSP 0 BRAM 0 URAM 0 STORAGESUBTYPE {} DISPNAME {bind_op xor} VISIBLE false} {BINDTYPE op ID {} IMPL auto LATENCY 0 OPTYPE and PRAGMA {} RTLNAME and_ln151_111_fu_12313_p2 SOURCE src/integrated-gcn/integrated_gcn.cpp:151 VARIABLE and_ln151_111 LOOP COMP_EMIT_VITIS_LOOP_146_4 BUNDLEDNAME {} DSP 0 BRAM 0 URAM 0 STORAGESUBTYPE {} DISPNAME {bind_op and} VISIBLE false} {BINDTYPE op ID {} IMPL auto LATENCY 0 OPTYPE and PRAGMA {} RTLNAME and_ln151_112_fu_12319_p2 SOURCE src/integrated-gcn/integrated_gcn.cpp:151 VARIABLE and_ln151_112 LOOP COMP_EMIT_VITIS_LOOP_146_4 BUNDLEDNAME {} DSP 0 BRAM 0 URAM 0 STORAGESUBTYPE {} DISPNAME {bind_op and} VISIBLE false} {BINDTYPE op ID {} IMPL auto LATENCY 0 OPTYPE or PRAGMA {} RTLNAME or_ln151_82_fu_12325_p2 SOURCE src/integrated-gcn/integrated_gcn.cpp:151 VARIABLE or_ln151_82 LOOP COMP_EMIT_VITIS_LOOP_146_4 BUNDLEDNAME {} DSP 0 BRAM 0 URAM 0 STORAGESUBTYPE {} DISPNAME {bind_op or} VISIBLE false} {BINDTYPE op ID {} IMPL auto LATENCY 0 OPTYPE xor PRAGMA {} RTLNAME xor_ln151_94_fu_12331_p2 SOURCE src/integrated-gcn/integrated_gcn.cpp:151 VARIABLE xor_ln151_94 LOOP COMP_EMIT_VITIS_LOOP_146_4 BUNDLEDNAME {} DSP 0 BRAM 0 URAM 0 STORAGESUBTYPE {} DISPNAME {bind_op xor} VISIBLE false} {BINDTYPE op ID {} IMPL auto LATENCY 0 OPTYPE and PRAGMA {} RTLNAME and_ln151_113_fu_12337_p2 SOURCE src/integrated-gcn/integrated_gcn.cpp:151 VARIABLE and_ln151_113 LOOP COMP_EMIT_VITIS_LOOP_146_4 BUNDLEDNAME {} DSP 0 BRAM 0 URAM 0 STORAGESUBTYPE {} DISPNAME {bind_op and} VISIBLE false} {BINDTYPE op ID {} IMPL auto_sel LATENCY 0 OPTYPE select PRAGMA {} RTLNAME select_ln151_92_fu_12343_p3 SOURCE src/integrated-gcn/integrated_gcn.cpp:151 VARIABLE select_ln151_92 LOOP COMP_EMIT_VITIS_LOOP_146_4 BUNDLEDNAME {} DSP 0 BRAM 0 URAM 0 STORAGESUBTYPE {} DISPNAME {bind_op select} VISIBLE false} {BINDTYPE op ID {} IMPL auto LATENCY 0 OPTYPE or PRAGMA {} RTLNAME or_ln151_37_fu_12351_p2 SOURCE src/integrated-gcn/integrated_gcn.cpp:151 VARIABLE or_ln151_37 LOOP COMP_EMIT_VITIS_LOOP_146_4 BUNDLEDNAME {} DSP 0 BRAM 0 URAM 0 STORAGESUBTYPE {} DISPNAME {bind_op or} VISIBLE false} {BINDTYPE op ID {} IMPL auto_sel LATENCY 0 OPTYPE select PRAGMA {} RTLNAME select_ln151_93_fu_12357_p3 SOURCE src/integrated-gcn/integrated_gcn.cpp:151 VARIABLE select_ln151_93 LOOP COMP_EMIT_VITIS_LOOP_146_4 BUNDLEDNAME {} DSP 0 BRAM 0 URAM 0 STORAGESUBTYPE {} DISPNAME {bind_op select} VISIBLE false} {BINDTYPE op ID {} IMPL auto_sel LATENCY 0 OPTYPE select PRAGMA {} RTLNAME tmp_143_fu_12393_p2 SOURCE src/integrated-gcn/integrated_gcn.cpp:151 VARIABLE select_ln151_204 LOOP COMP_EMIT_VITIS_LOOP_146_4 BUNDLEDNAME {} DSP 0 BRAM 0 URAM 0 STORAGESUBTYPE {} DISPNAME {bind_op select} VISIBLE false} {BINDTYPE op ID {} IMPL auto_sel LATENCY 0 OPTYPE select PRAGMA {} RTLNAME tmp_143_fu_12393_p4 SOURCE src/integrated-gcn/integrated_gcn.cpp:151 VARIABLE select_ln151_205 LOOP COMP_EMIT_VITIS_LOOP_146_4 BUNDLEDNAME {} DSP 0 BRAM 0 URAM 0 STORAGESUBTYPE {} DISPNAME {bind_op select} VISIBLE false} {BINDTYPE op ID {} IMPL auto_sel LATENCY 0 OPTYPE select PRAGMA {} RTLNAME tmp_143_fu_12393_p6 SOURCE src/integrated-gcn/integrated_gcn.cpp:151 VARIABLE select_ln151_206 LOOP COMP_EMIT_VITIS_LOOP_146_4 BUNDLEDNAME {} DSP 0 BRAM 0 URAM 0 STORAGESUBTYPE {} DISPNAME {bind_op select} VISIBLE false} {BINDTYPE op ID {} IMPL auto_sel LATENCY 0 OPTYPE select PRAGMA {} RTLNAME tmp_143_fu_12393_p8 SOURCE src/integrated-gcn/integrated_gcn.cpp:151 VARIABLE select_ln151_207 LOOP COMP_EMIT_VITIS_LOOP_146_4 BUNDLEDNAME {} DSP 0 BRAM 0 URAM 0 STORAGESUBTYPE {} DISPNAME {bind_op select} VISIBLE false} {BINDTYPE op ID {} IMPL compactencoding_dontcare LATENCY 0 OPTYPE sparsemux PRAGMA {} RTLNAME sparsemux_9_2_32_1_1_U1190 SOURCE src/integrated-gcn/integrated_gcn.cpp:151 VARIABLE tmp_143 LOOP COMP_EMIT_VITIS_LOOP_146_4 BUNDLEDNAME {} DSP 0 BRAM 0 URAM 0 STORAGESUBTYPE {} DISPNAME {bind_op sparsemux} VISIBLE false} {BINDTYPE op ID {} IMPL fabric LATENCY 0 OPTYPE add PRAGMA {} RTLNAME add_ln151_19_fu_12454_p2 SOURCE src/integrated-gcn/integrated_gcn.cpp:151 VARIABLE add_ln151_19 LOOP COMP_EMIT_VITIS_LOOP_146_4 BUNDLEDNAME {} DSP 0 BRAM 0 URAM 0 STORAGESUBTYPE {} DISPNAME {bind_op add} VISIBLE true} {BINDTYPE op ID {} IMPL auto LATENCY 0 OPTYPE xor PRAGMA {} RTLNAME xor_ln151_95_fu_12468_p2 SOURCE src/integrated-gcn/integrated_gcn.cpp:151 VARIABLE xor_ln151_95 LOOP COMP_EMIT_VITIS_LOOP_146_4 BUNDLEDNAME {} DSP 0 BRAM 0 URAM 0 STORAGESUBTYPE {} DISPNAME {bind_op xor} VISIBLE false} {BINDTYPE op ID {} IMPL auto LATENCY 0 OPTYPE and PRAGMA {} RTLNAME and_ln151_114_fu_12474_p2 SOURCE src/integrated-gcn/integrated_gcn.cpp:151 VARIABLE and_ln151_114 LOOP COMP_EMIT_VITIS_LOOP_146_4 BUNDLEDNAME {} DSP 0 BRAM 0 URAM 0 STORAGESUBTYPE {} DISPNAME {bind_op and} VISIBLE false} {BINDTYPE op ID {} IMPL auto LATENCY 0 OPTYPE seteq PRAGMA {} RTLNAME icmp_ln151_57_fu_12496_p2 SOURCE src/integrated-gcn/integrated_gcn.cpp:151 VARIABLE icmp_ln151_57 LOOP COMP_EMIT_VITIS_LOOP_146_4 BUNDLEDNAME {} DSP 0 BRAM 0 URAM 0 STORAGESUBTYPE {} DISPNAME {bind_op seteq} VISIBLE false} {BINDTYPE op ID {} IMPL auto LATENCY 0 OPTYPE seteq PRAGMA {} RTLNAME icmp_ln151_58_fu_12510_p2 SOURCE src/integrated-gcn/integrated_gcn.cpp:151 VARIABLE icmp_ln151_58 LOOP COMP_EMIT_VITIS_LOOP_146_4 BUNDLEDNAME {} DSP 0 BRAM 0 URAM 0 STORAGESUBTYPE {} DISPNAME {bind_op seteq} VISIBLE false} {BINDTYPE op ID {} IMPL auto LATENCY 0 OPTYPE seteq PRAGMA {} RTLNAME icmp_ln151_59_fu_12516_p2 SOURCE src/integrated-gcn/integrated_gcn.cpp:151 VARIABLE icmp_ln151_59 LOOP COMP_EMIT_VITIS_LOOP_146_4 BUNDLEDNAME {} DSP 0 BRAM 0 URAM 0 STORAGESUBTYPE {} DISPNAME {bind_op seteq} VISIBLE false} {BINDTYPE op ID {} IMPL auto_sel LATENCY 0 OPTYPE select PRAGMA {} RTLNAME select_ln151_95_fu_12522_p3 SOURCE src/integrated-gcn/integrated_gcn.cpp:151 VARIABLE select_ln151_95 LOOP COMP_EMIT_VITIS_LOOP_146_4 BUNDLEDNAME {} DSP 0 BRAM 0 URAM 0 STORAGESUBTYPE {} DISPNAME {bind_op select} VISIBLE false} {BINDTYPE op ID {} IMPL auto LATENCY 0 OPTYPE xor PRAGMA {} RTLNAME xor_ln151_96_fu_12530_p2 SOURCE src/integrated-gcn/integrated_gcn.cpp:151 VARIABLE xor_ln151_96 LOOP COMP_EMIT_VITIS_LOOP_146_4 BUNDLEDNAME {} DSP 0 BRAM 0 URAM 0 STORAGESUBTYPE {} DISPNAME {bind_op xor} VISIBLE false} {BINDTYPE op ID {} IMPL auto LATENCY 0 OPTYPE and PRAGMA {} RTLNAME and_ln151_115_fu_12536_p2 SOURCE src/integrated-gcn/integrated_gcn.cpp:151 VARIABLE and_ln151_115 LOOP COMP_EMIT_VITIS_LOOP_146_4 BUNDLEDNAME {} DSP 0 BRAM 0 URAM 0 STORAGESUBTYPE {} DISPNAME {bind_op and} VISIBLE false} {BINDTYPE op ID {} IMPL auto_sel LATENCY 0 OPTYPE select PRAGMA {} RTLNAME select_ln151_96_fu_12542_p3 SOURCE src/integrated-gcn/integrated_gcn.cpp:151 VARIABLE select_ln151_96 LOOP COMP_EMIT_VITIS_LOOP_146_4 BUNDLEDNAME {} DSP 0 BRAM 0 URAM 0 STORAGESUBTYPE {} DISPNAME {bind_op select} VISIBLE false} {BINDTYPE op ID {} IMPL auto LATENCY 0 OPTYPE and PRAGMA {} RTLNAME and_ln151_116_fu_12550_p2 SOURCE src/integrated-gcn/integrated_gcn.cpp:151 VARIABLE and_ln151_116 LOOP COMP_EMIT_VITIS_LOOP_146_4 BUNDLEDNAME {} DSP 0 BRAM 0 URAM 0 STORAGESUBTYPE {} DISPNAME {bind_op and} VISIBLE false} {BINDTYPE op ID {} IMPL auto LATENCY 0 OPTYPE xor PRAGMA {} RTLNAME xor_ln151_97_fu_12556_p2 SOURCE src/integrated-gcn/integrated_gcn.cpp:151 VARIABLE xor_ln151_97 LOOP COMP_EMIT_VITIS_LOOP_146_4 BUNDLEDNAME {} DSP 0 BRAM 0 URAM 0 STORAGESUBTYPE {} DISPNAME {bind_op xor} VISIBLE false} {BINDTYPE op ID {} IMPL auto LATENCY 0 OPTYPE or PRAGMA {} RTLNAME or_ln151_38_fu_12562_p2 SOURCE src/integrated-gcn/integrated_gcn.cpp:151 VARIABLE or_ln151_38 LOOP COMP_EMIT_VITIS_LOOP_146_4 BUNDLEDNAME {} DSP 0 BRAM 0 URAM 0 STORAGESUBTYPE {} DISPNAME {bind_op or} VISIBLE false} {BINDTYPE op ID {} IMPL auto LATENCY 0 OPTYPE xor PRAGMA {} RTLNAME xor_ln151_98_fu_12568_p2 SOURCE src/integrated-gcn/integrated_gcn.cpp:151 VARIABLE xor_ln151_98 LOOP COMP_EMIT_VITIS_LOOP_146_4 BUNDLEDNAME {} DSP 0 BRAM 0 URAM 0 STORAGESUBTYPE {} DISPNAME {bind_op xor} VISIBLE false} {BINDTYPE op ID {} IMPL auto LATENCY 0 OPTYPE and PRAGMA {} RTLNAME and_ln151_117_fu_12574_p2 SOURCE src/integrated-gcn/integrated_gcn.cpp:151 VARIABLE and_ln151_117 LOOP COMP_EMIT_VITIS_LOOP_146_4 BUNDLEDNAME {} DSP 0 BRAM 0 URAM 0 STORAGESUBTYPE {} DISPNAME {bind_op and} VISIBLE false} {BINDTYPE op ID {} IMPL auto LATENCY 0 OPTYPE and PRAGMA {} RTLNAME and_ln151_118_fu_12580_p2 SOURCE src/integrated-gcn/integrated_gcn.cpp:151 VARIABLE and_ln151_118 LOOP COMP_EMIT_VITIS_LOOP_146_4 BUNDLEDNAME {} DSP 0 BRAM 0 URAM 0 STORAGESUBTYPE {} DISPNAME {bind_op and} VISIBLE false} {BINDTYPE op ID {} IMPL auto LATENCY 0 OPTYPE or PRAGMA {} RTLNAME or_ln151_83_fu_12586_p2 SOURCE src/integrated-gcn/integrated_gcn.cpp:151 VARIABLE or_ln151_83 LOOP COMP_EMIT_VITIS_LOOP_146_4 BUNDLEDNAME {} DSP 0 BRAM 0 URAM 0 STORAGESUBTYPE {} DISPNAME {bind_op or} VISIBLE false} {BINDTYPE op ID {} IMPL auto LATENCY 0 OPTYPE xor PRAGMA {} RTLNAME xor_ln151_99_fu_12592_p2 SOURCE src/integrated-gcn/integrated_gcn.cpp:151 VARIABLE xor_ln151_99 LOOP COMP_EMIT_VITIS_LOOP_146_4 BUNDLEDNAME {} DSP 0 BRAM 0 URAM 0 STORAGESUBTYPE {} DISPNAME {bind_op xor} VISIBLE false} {BINDTYPE op ID {} IMPL auto LATENCY 0 OPTYPE and PRAGMA {} RTLNAME and_ln151_119_fu_12598_p2 SOURCE src/integrated-gcn/integrated_gcn.cpp:151 VARIABLE and_ln151_119 LOOP COMP_EMIT_VITIS_LOOP_146_4 BUNDLEDNAME {} DSP 0 BRAM 0 URAM 0 STORAGESUBTYPE {} DISPNAME {bind_op and} VISIBLE false} {BINDTYPE op ID {} IMPL auto_sel LATENCY 0 OPTYPE select PRAGMA {} RTLNAME select_ln151_97_fu_12604_p3 SOURCE src/integrated-gcn/integrated_gcn.cpp:151 VARIABLE select_ln151_97 LOOP COMP_EMIT_VITIS_LOOP_146_4 BUNDLEDNAME {} DSP 0 BRAM 0 URAM 0 STORAGESUBTYPE {} DISPNAME {bind_op select} VISIBLE false} {BINDTYPE op ID {} IMPL auto LATENCY 0 OPTYPE or PRAGMA {} RTLNAME or_ln151_39_fu_12612_p2 SOURCE src/integrated-gcn/integrated_gcn.cpp:151 VARIABLE or_ln151_39 LOOP COMP_EMIT_VITIS_LOOP_146_4 BUNDLEDNAME {} DSP 0 BRAM 0 URAM 0 STORAGESUBTYPE {} DISPNAME {bind_op or} VISIBLE false} {BINDTYPE op ID {} IMPL auto_sel LATENCY 0 OPTYPE select PRAGMA {} RTLNAME select_ln151_98_fu_12618_p3 SOURCE src/integrated-gcn/integrated_gcn.cpp:151 VARIABLE select_ln151_98 LOOP COMP_EMIT_VITIS_LOOP_146_4 BUNDLEDNAME {} DSP 0 BRAM 0 URAM 0 STORAGESUBTYPE {} DISPNAME {bind_op select} VISIBLE false} {BINDTYPE op ID {} IMPL auto_sel LATENCY 0 OPTYPE select PRAGMA {} RTLNAME tmp_151_fu_12654_p2 SOURCE src/integrated-gcn/integrated_gcn.cpp:151 VARIABLE select_ln151_208 LOOP COMP_EMIT_VITIS_LOOP_146_4 BUNDLEDNAME {} DSP 0 BRAM 0 URAM 0 STORAGESUBTYPE {} DISPNAME {bind_op select} VISIBLE false} {BINDTYPE op ID {} IMPL auto_sel LATENCY 0 OPTYPE select PRAGMA {} RTLNAME tmp_151_fu_12654_p4 SOURCE src/integrated-gcn/integrated_gcn.cpp:151 VARIABLE select_ln151_209 LOOP COMP_EMIT_VITIS_LOOP_146_4 BUNDLEDNAME {} DSP 0 BRAM 0 URAM 0 STORAGESUBTYPE {} DISPNAME {bind_op select} VISIBLE false} {BINDTYPE op ID {} IMPL auto_sel LATENCY 0 OPTYPE select PRAGMA {} RTLNAME tmp_151_fu_12654_p6 SOURCE src/integrated-gcn/integrated_gcn.cpp:151 VARIABLE select_ln151_210 LOOP COMP_EMIT_VITIS_LOOP_146_4 BUNDLEDNAME {} DSP 0 BRAM 0 URAM 0 STORAGESUBTYPE {} DISPNAME {bind_op select} VISIBLE false} {BINDTYPE op ID {} IMPL auto_sel LATENCY 0 OPTYPE select PRAGMA {} RTLNAME tmp_151_fu_12654_p8 SOURCE src/integrated-gcn/integrated_gcn.cpp:151 VARIABLE select_ln151_211 LOOP COMP_EMIT_VITIS_LOOP_146_4 BUNDLEDNAME {} DSP 0 BRAM 0 URAM 0 STORAGESUBTYPE {} DISPNAME {bind_op select} VISIBLE false} {BINDTYPE op ID {} IMPL compactencoding_dontcare LATENCY 0 OPTYPE sparsemux PRAGMA {} RTLNAME sparsemux_9_2_32_1_1_U1191 SOURCE src/integrated-gcn/integrated_gcn.cpp:151 VARIABLE tmp_151 LOOP COMP_EMIT_VITIS_LOOP_146_4 BUNDLEDNAME {} DSP 0 BRAM 0 URAM 0 STORAGESUBTYPE {} DISPNAME {bind_op sparsemux} VISIBLE false} {BINDTYPE op ID {} IMPL fabric LATENCY 0 OPTYPE add PRAGMA {} RTLNAME add_ln151_20_fu_12715_p2 SOURCE src/integrated-gcn/integrated_gcn.cpp:151 VARIABLE add_ln151_20 LOOP COMP_EMIT_VITIS_LOOP_146_4 BUNDLEDNAME {} DSP 0 BRAM 0 URAM 0 STORAGESUBTYPE {} DISPNAME {bind_op add} VISIBLE true} {BINDTYPE op ID {} IMPL auto LATENCY 0 OPTYPE xor PRAGMA {} RTLNAME xor_ln151_100_fu_12729_p2 SOURCE src/integrated-gcn/integrated_gcn.cpp:151 VARIABLE xor_ln151_100 LOOP COMP_EMIT_VITIS_LOOP_146_4 BUNDLEDNAME {} DSP 0 BRAM 0 URAM 0 STORAGESUBTYPE {} DISPNAME {bind_op xor} VISIBLE false} {BINDTYPE op ID {} IMPL auto LATENCY 0 OPTYPE and PRAGMA {} RTLNAME and_ln151_120_fu_12735_p2 SOURCE src/integrated-gcn/integrated_gcn.cpp:151 VARIABLE and_ln151_120 LOOP COMP_EMIT_VITIS_LOOP_146_4 BUNDLEDNAME {} DSP 0 BRAM 0 URAM 0 STORAGESUBTYPE {} DISPNAME {bind_op and} VISIBLE false} {BINDTYPE op ID {} IMPL auto LATENCY 0 OPTYPE seteq PRAGMA {} RTLNAME icmp_ln151_60_fu_12757_p2 SOURCE src/integrated-gcn/integrated_gcn.cpp:151 VARIABLE icmp_ln151_60 LOOP COMP_EMIT_VITIS_LOOP_146_4 BUNDLEDNAME {} DSP 0 BRAM 0 URAM 0 STORAGESUBTYPE {} DISPNAME {bind_op seteq} VISIBLE false} {BINDTYPE op ID {} IMPL auto LATENCY 0 OPTYPE seteq PRAGMA {} RTLNAME icmp_ln151_61_fu_12771_p2 SOURCE src/integrated-gcn/integrated_gcn.cpp:151 VARIABLE icmp_ln151_61 LOOP COMP_EMIT_VITIS_LOOP_146_4 BUNDLEDNAME {} DSP 0 BRAM 0 URAM 0 STORAGESUBTYPE {} DISPNAME {bind_op seteq} VISIBLE false} {BINDTYPE op ID {} IMPL auto LATENCY 0 OPTYPE seteq PRAGMA {} RTLNAME icmp_ln151_62_fu_12777_p2 SOURCE src/integrated-gcn/integrated_gcn.cpp:151 VARIABLE icmp_ln151_62 LOOP COMP_EMIT_VITIS_LOOP_146_4 BUNDLEDNAME {} DSP 0 BRAM 0 URAM 0 STORAGESUBTYPE {} DISPNAME {bind_op seteq} VISIBLE false} {BINDTYPE op ID {} IMPL auto_sel LATENCY 0 OPTYPE select PRAGMA {} RTLNAME select_ln151_100_fu_12783_p3 SOURCE src/integrated-gcn/integrated_gcn.cpp:151 VARIABLE select_ln151_100 LOOP COMP_EMIT_VITIS_LOOP_146_4 BUNDLEDNAME {} DSP 0 BRAM 0 URAM 0 STORAGESUBTYPE {} DISPNAME {bind_op select} VISIBLE false} {BINDTYPE op ID {} IMPL auto LATENCY 0 OPTYPE xor PRAGMA {} RTLNAME xor_ln151_101_fu_12791_p2 SOURCE src/integrated-gcn/integrated_gcn.cpp:151 VARIABLE xor_ln151_101 LOOP COMP_EMIT_VITIS_LOOP_146_4 BUNDLEDNAME {} DSP 0 BRAM 0 URAM 0 STORAGESUBTYPE {} DISPNAME {bind_op xor} VISIBLE false} {BINDTYPE op ID {} IMPL auto LATENCY 0 OPTYPE and PRAGMA {} RTLNAME and_ln151_121_fu_12797_p2 SOURCE src/integrated-gcn/integrated_gcn.cpp:151 VARIABLE and_ln151_121 LOOP COMP_EMIT_VITIS_LOOP_146_4 BUNDLEDNAME {} DSP 0 BRAM 0 URAM 0 STORAGESUBTYPE {} DISPNAME {bind_op and} VISIBLE false} {BINDTYPE op ID {} IMPL auto_sel LATENCY 0 OPTYPE select PRAGMA {} RTLNAME select_ln151_101_fu_12803_p3 SOURCE src/integrated-gcn/integrated_gcn.cpp:151 VARIABLE select_ln151_101 LOOP COMP_EMIT_VITIS_LOOP_146_4 BUNDLEDNAME {} DSP 0 BRAM 0 URAM 0 STORAGESUBTYPE {} DISPNAME {bind_op select} VISIBLE false} {BINDTYPE op ID {} IMPL auto LATENCY 0 OPTYPE and PRAGMA {} RTLNAME and_ln151_122_fu_12811_p2 SOURCE src/integrated-gcn/integrated_gcn.cpp:151 VARIABLE and_ln151_122 LOOP COMP_EMIT_VITIS_LOOP_146_4 BUNDLEDNAME {} DSP 0 BRAM 0 URAM 0 STORAGESUBTYPE {} DISPNAME {bind_op and} VISIBLE false} {BINDTYPE op ID {} IMPL auto LATENCY 0 OPTYPE xor PRAGMA {} RTLNAME xor_ln151_102_fu_12817_p2 SOURCE src/integrated-gcn/integrated_gcn.cpp:151 VARIABLE xor_ln151_102 LOOP COMP_EMIT_VITIS_LOOP_146_4 BUNDLEDNAME {} DSP 0 BRAM 0 URAM 0 STORAGESUBTYPE {} DISPNAME {bind_op xor} VISIBLE false} {BINDTYPE op ID {} IMPL auto LATENCY 0 OPTYPE or PRAGMA {} RTLNAME or_ln151_40_fu_12823_p2 SOURCE src/integrated-gcn/integrated_gcn.cpp:151 VARIABLE or_ln151_40 LOOP COMP_EMIT_VITIS_LOOP_146_4 BUNDLEDNAME {} DSP 0 BRAM 0 URAM 0 STORAGESUBTYPE {} DISPNAME {bind_op or} VISIBLE false} {BINDTYPE op ID {} IMPL auto LATENCY 0 OPTYPE xor PRAGMA {} RTLNAME xor_ln151_103_fu_12829_p2 SOURCE src/integrated-gcn/integrated_gcn.cpp:151 VARIABLE xor_ln151_103 LOOP COMP_EMIT_VITIS_LOOP_146_4 BUNDLEDNAME {} DSP 0 BRAM 0 URAM 0 STORAGESUBTYPE {} DISPNAME {bind_op xor} VISIBLE false} {BINDTYPE op ID {} IMPL auto LATENCY 0 OPTYPE and PRAGMA {} RTLNAME and_ln151_123_fu_12835_p2 SOURCE src/integrated-gcn/integrated_gcn.cpp:151 VARIABLE and_ln151_123 LOOP COMP_EMIT_VITIS_LOOP_146_4 BUNDLEDNAME {} DSP 0 BRAM 0 URAM 0 STORAGESUBTYPE {} DISPNAME {bind_op and} VISIBLE false} {BINDTYPE op ID {} IMPL auto LATENCY 0 OPTYPE and PRAGMA {} RTLNAME and_ln151_124_fu_12841_p2 SOURCE src/integrated-gcn/integrated_gcn.cpp:151 VARIABLE and_ln151_124 LOOP COMP_EMIT_VITIS_LOOP_146_4 BUNDLEDNAME {} DSP 0 BRAM 0 URAM 0 STORAGESUBTYPE {} DISPNAME {bind_op and} VISIBLE false} {BINDTYPE op ID {} IMPL auto LATENCY 0 OPTYPE or PRAGMA {} RTLNAME or_ln151_84_fu_12847_p2 SOURCE src/integrated-gcn/integrated_gcn.cpp:151 VARIABLE or_ln151_84 LOOP COMP_EMIT_VITIS_LOOP_146_4 BUNDLEDNAME {} DSP 0 BRAM 0 URAM 0 STORAGESUBTYPE {} DISPNAME {bind_op or} VISIBLE false} {BINDTYPE op ID {} IMPL auto LATENCY 0 OPTYPE xor PRAGMA {} RTLNAME xor_ln151_104_fu_12853_p2 SOURCE src/integrated-gcn/integrated_gcn.cpp:151 VARIABLE xor_ln151_104 LOOP COMP_EMIT_VITIS_LOOP_146_4 BUNDLEDNAME {} DSP 0 BRAM 0 URAM 0 STORAGESUBTYPE {} DISPNAME {bind_op xor} VISIBLE false} {BINDTYPE op ID {} IMPL auto LATENCY 0 OPTYPE and PRAGMA {} RTLNAME and_ln151_125_fu_12859_p2 SOURCE src/integrated-gcn/integrated_gcn.cpp:151 VARIABLE and_ln151_125 LOOP COMP_EMIT_VITIS_LOOP_146_4 BUNDLEDNAME {} DSP 0 BRAM 0 URAM 0 STORAGESUBTYPE {} DISPNAME {bind_op and} VISIBLE false} {BINDTYPE op ID {} IMPL auto_sel LATENCY 0 OPTYPE select PRAGMA {} RTLNAME select_ln151_102_fu_12865_p3 SOURCE src/integrated-gcn/integrated_gcn.cpp:151 VARIABLE select_ln151_102 LOOP COMP_EMIT_VITIS_LOOP_146_4 BUNDLEDNAME {} DSP 0 BRAM 0 URAM 0 STORAGESUBTYPE {} DISPNAME {bind_op select} VISIBLE false} {BINDTYPE op ID {} IMPL auto LATENCY 0 OPTYPE or PRAGMA {} RTLNAME or_ln151_41_fu_12873_p2 SOURCE src/integrated-gcn/integrated_gcn.cpp:151 VARIABLE or_ln151_41 LOOP COMP_EMIT_VITIS_LOOP_146_4 BUNDLEDNAME {} DSP 0 BRAM 0 URAM 0 STORAGESUBTYPE {} DISPNAME {bind_op or} VISIBLE false} {BINDTYPE op ID {} IMPL auto_sel LATENCY 0 OPTYPE select PRAGMA {} RTLNAME select_ln151_103_fu_12879_p3 SOURCE src/integrated-gcn/integrated_gcn.cpp:151 VARIABLE select_ln151_103 LOOP COMP_EMIT_VITIS_LOOP_146_4 BUNDLEDNAME {} DSP 0 BRAM 0 URAM 0 STORAGESUBTYPE {} DISPNAME {bind_op select} VISIBLE false} {BINDTYPE op ID {} IMPL auto_sel LATENCY 0 OPTYPE select PRAGMA {} RTLNAME tmp_159_fu_12915_p2 SOURCE src/integrated-gcn/integrated_gcn.cpp:151 VARIABLE select_ln151_212 LOOP COMP_EMIT_VITIS_LOOP_146_4 BUNDLEDNAME {} DSP 0 BRAM 0 URAM 0 STORAGESUBTYPE {} DISPNAME {bind_op select} VISIBLE false} {BINDTYPE op ID {} IMPL auto_sel LATENCY 0 OPTYPE select PRAGMA {} RTLNAME tmp_159_fu_12915_p4 SOURCE src/integrated-gcn/integrated_gcn.cpp:151 VARIABLE select_ln151_213 LOOP COMP_EMIT_VITIS_LOOP_146_4 BUNDLEDNAME {} DSP 0 BRAM 0 URAM 0 STORAGESUBTYPE {} DISPNAME {bind_op select} VISIBLE false} {BINDTYPE op ID {} IMPL auto_sel LATENCY 0 OPTYPE select PRAGMA {} RTLNAME tmp_159_fu_12915_p6 SOURCE src/integrated-gcn/integrated_gcn.cpp:151 VARIABLE select_ln151_214 LOOP COMP_EMIT_VITIS_LOOP_146_4 BUNDLEDNAME {} DSP 0 BRAM 0 URAM 0 STORAGESUBTYPE {} DISPNAME {bind_op select} VISIBLE false} {BINDTYPE op ID {} IMPL auto_sel LATENCY 0 OPTYPE select PRAGMA {} RTLNAME tmp_159_fu_12915_p8 SOURCE src/integrated-gcn/integrated_gcn.cpp:151 VARIABLE select_ln151_215 LOOP COMP_EMIT_VITIS_LOOP_146_4 BUNDLEDNAME {} DSP 0 BRAM 0 URAM 0 STORAGESUBTYPE {} DISPNAME {bind_op select} VISIBLE false} {BINDTYPE op ID {} IMPL compactencoding_dontcare LATENCY 0 OPTYPE sparsemux PRAGMA {} RTLNAME sparsemux_9_2_32_1_1_U1192 SOURCE src/integrated-gcn/integrated_gcn.cpp:151 VARIABLE tmp_159 LOOP COMP_EMIT_VITIS_LOOP_146_4 BUNDLEDNAME {} DSP 0 BRAM 0 URAM 0 STORAGESUBTYPE {} DISPNAME {bind_op sparsemux} VISIBLE false} {BINDTYPE op ID {} IMPL fabric LATENCY 0 OPTYPE add PRAGMA {} RTLNAME add_ln151_21_fu_12976_p2 SOURCE src/integrated-gcn/integrated_gcn.cpp:151 VARIABLE add_ln151_21 LOOP COMP_EMIT_VITIS_LOOP_146_4 BUNDLEDNAME {} DSP 0 BRAM 0 URAM 0 STORAGESUBTYPE {} DISPNAME {bind_op add} VISIBLE true} {BINDTYPE op ID {} IMPL auto LATENCY 0 OPTYPE xor PRAGMA {} RTLNAME xor_ln151_105_fu_12990_p2 SOURCE src/integrated-gcn/integrated_gcn.cpp:151 VARIABLE xor_ln151_105 LOOP COMP_EMIT_VITIS_LOOP_146_4 BUNDLEDNAME {} DSP 0 BRAM 0 URAM 0 STORAGESUBTYPE {} DISPNAME {bind_op xor} VISIBLE false} {BINDTYPE op ID {} IMPL auto LATENCY 0 OPTYPE and PRAGMA {} RTLNAME and_ln151_126_fu_12996_p2 SOURCE src/integrated-gcn/integrated_gcn.cpp:151 VARIABLE and_ln151_126 LOOP COMP_EMIT_VITIS_LOOP_146_4 BUNDLEDNAME {} DSP 0 BRAM 0 URAM 0 STORAGESUBTYPE {} DISPNAME {bind_op and} VISIBLE false} {BINDTYPE op ID {} IMPL auto LATENCY 0 OPTYPE seteq PRAGMA {} RTLNAME icmp_ln151_63_fu_13018_p2 SOURCE src/integrated-gcn/integrated_gcn.cpp:151 VARIABLE icmp_ln151_63 LOOP COMP_EMIT_VITIS_LOOP_146_4 BUNDLEDNAME {} DSP 0 BRAM 0 URAM 0 STORAGESUBTYPE {} DISPNAME {bind_op seteq} VISIBLE false} {BINDTYPE op ID {} IMPL auto LATENCY 0 OPTYPE seteq PRAGMA {} RTLNAME icmp_ln151_64_fu_13032_p2 SOURCE src/integrated-gcn/integrated_gcn.cpp:151 VARIABLE icmp_ln151_64 LOOP COMP_EMIT_VITIS_LOOP_146_4 BUNDLEDNAME {} DSP 0 BRAM 0 URAM 0 STORAGESUBTYPE {} DISPNAME {bind_op seteq} VISIBLE false} {BINDTYPE op ID {} IMPL auto LATENCY 0 OPTYPE seteq PRAGMA {} RTLNAME icmp_ln151_65_fu_13038_p2 SOURCE src/integrated-gcn/integrated_gcn.cpp:151 VARIABLE icmp_ln151_65 LOOP COMP_EMIT_VITIS_LOOP_146_4 BUNDLEDNAME {} DSP 0 BRAM 0 URAM 0 STORAGESUBTYPE {} DISPNAME {bind_op seteq} VISIBLE false} {BINDTYPE op ID {} IMPL auto_sel LATENCY 0 OPTYPE select PRAGMA {} RTLNAME select_ln151_105_fu_13044_p3 SOURCE src/integrated-gcn/integrated_gcn.cpp:151 VARIABLE select_ln151_105 LOOP COMP_EMIT_VITIS_LOOP_146_4 BUNDLEDNAME {} DSP 0 BRAM 0 URAM 0 STORAGESUBTYPE {} DISPNAME {bind_op select} VISIBLE false} {BINDTYPE op ID {} IMPL auto LATENCY 0 OPTYPE xor PRAGMA {} RTLNAME xor_ln151_106_fu_13052_p2 SOURCE src/integrated-gcn/integrated_gcn.cpp:151 VARIABLE xor_ln151_106 LOOP COMP_EMIT_VITIS_LOOP_146_4 BUNDLEDNAME {} DSP 0 BRAM 0 URAM 0 STORAGESUBTYPE {} DISPNAME {bind_op xor} VISIBLE false} {BINDTYPE op ID {} IMPL auto LATENCY 0 OPTYPE and PRAGMA {} RTLNAME and_ln151_127_fu_13058_p2 SOURCE src/integrated-gcn/integrated_gcn.cpp:151 VARIABLE and_ln151_127 LOOP COMP_EMIT_VITIS_LOOP_146_4 BUNDLEDNAME {} DSP 0 BRAM 0 URAM 0 STORAGESUBTYPE {} DISPNAME {bind_op and} VISIBLE false} {BINDTYPE op ID {} IMPL auto_sel LATENCY 0 OPTYPE select PRAGMA {} RTLNAME select_ln151_106_fu_13064_p3 SOURCE src/integrated-gcn/integrated_gcn.cpp:151 VARIABLE select_ln151_106 LOOP COMP_EMIT_VITIS_LOOP_146_4 BUNDLEDNAME {} DSP 0 BRAM 0 URAM 0 STORAGESUBTYPE {} DISPNAME {bind_op select} VISIBLE false} {BINDTYPE op ID {} IMPL auto LATENCY 0 OPTYPE and PRAGMA {} RTLNAME and_ln151_128_fu_13072_p2 SOURCE src/integrated-gcn/integrated_gcn.cpp:151 VARIABLE and_ln151_128 LOOP COMP_EMIT_VITIS_LOOP_146_4 BUNDLEDNAME {} DSP 0 BRAM 0 URAM 0 STORAGESUBTYPE {} DISPNAME {bind_op and} VISIBLE false} {BINDTYPE op ID {} IMPL auto LATENCY 0 OPTYPE xor PRAGMA {} RTLNAME xor_ln151_107_fu_13078_p2 SOURCE src/integrated-gcn/integrated_gcn.cpp:151 VARIABLE xor_ln151_107 LOOP COMP_EMIT_VITIS_LOOP_146_4 BUNDLEDNAME {} DSP 0 BRAM 0 URAM 0 STORAGESUBTYPE {} DISPNAME {bind_op xor} VISIBLE false} {BINDTYPE op ID {} IMPL auto LATENCY 0 OPTYPE or PRAGMA {} RTLNAME or_ln151_42_fu_13084_p2 SOURCE src/integrated-gcn/integrated_gcn.cpp:151 VARIABLE or_ln151_42 LOOP COMP_EMIT_VITIS_LOOP_146_4 BUNDLEDNAME {} DSP 0 BRAM 0 URAM 0 STORAGESUBTYPE {} DISPNAME {bind_op or} VISIBLE false} {BINDTYPE op ID {} IMPL auto LATENCY 0 OPTYPE xor PRAGMA {} RTLNAME xor_ln151_108_fu_13090_p2 SOURCE src/integrated-gcn/integrated_gcn.cpp:151 VARIABLE xor_ln151_108 LOOP COMP_EMIT_VITIS_LOOP_146_4 BUNDLEDNAME {} DSP 0 BRAM 0 URAM 0 STORAGESUBTYPE {} DISPNAME {bind_op xor} VISIBLE false} {BINDTYPE op ID {} IMPL auto LATENCY 0 OPTYPE and PRAGMA {} RTLNAME and_ln151_129_fu_13096_p2 SOURCE src/integrated-gcn/integrated_gcn.cpp:151 VARIABLE and_ln151_129 LOOP COMP_EMIT_VITIS_LOOP_146_4 BUNDLEDNAME {} DSP 0 BRAM 0 URAM 0 STORAGESUBTYPE {} DISPNAME {bind_op and} VISIBLE false} {BINDTYPE op ID {} IMPL auto LATENCY 0 OPTYPE and PRAGMA {} RTLNAME and_ln151_130_fu_13102_p2 SOURCE src/integrated-gcn/integrated_gcn.cpp:151 VARIABLE and_ln151_130 LOOP COMP_EMIT_VITIS_LOOP_146_4 BUNDLEDNAME {} DSP 0 BRAM 0 URAM 0 STORAGESUBTYPE {} DISPNAME {bind_op and} VISIBLE false} {BINDTYPE op ID {} IMPL auto LATENCY 0 OPTYPE or PRAGMA {} RTLNAME or_ln151_85_fu_13108_p2 SOURCE src/integrated-gcn/integrated_gcn.cpp:151 VARIABLE or_ln151_85 LOOP COMP_EMIT_VITIS_LOOP_146_4 BUNDLEDNAME {} DSP 0 BRAM 0 URAM 0 STORAGESUBTYPE {} DISPNAME {bind_op or} VISIBLE false} {BINDTYPE op ID {} IMPL auto LATENCY 0 OPTYPE xor PRAGMA {} RTLNAME xor_ln151_109_fu_13114_p2 SOURCE src/integrated-gcn/integrated_gcn.cpp:151 VARIABLE xor_ln151_109 LOOP COMP_EMIT_VITIS_LOOP_146_4 BUNDLEDNAME {} DSP 0 BRAM 0 URAM 0 STORAGESUBTYPE {} DISPNAME {bind_op xor} VISIBLE false} {BINDTYPE op ID {} IMPL auto LATENCY 0 OPTYPE and PRAGMA {} RTLNAME and_ln151_131_fu_13120_p2 SOURCE src/integrated-gcn/integrated_gcn.cpp:151 VARIABLE and_ln151_131 LOOP COMP_EMIT_VITIS_LOOP_146_4 BUNDLEDNAME {} DSP 0 BRAM 0 URAM 0 STORAGESUBTYPE {} DISPNAME {bind_op and} VISIBLE false} {BINDTYPE op ID {} IMPL auto_sel LATENCY 0 OPTYPE select PRAGMA {} RTLNAME select_ln151_107_fu_13126_p3 SOURCE src/integrated-gcn/integrated_gcn.cpp:151 VARIABLE select_ln151_107 LOOP COMP_EMIT_VITIS_LOOP_146_4 BUNDLEDNAME {} DSP 0 BRAM 0 URAM 0 STORAGESUBTYPE {} DISPNAME {bind_op select} VISIBLE false} {BINDTYPE op ID {} IMPL auto LATENCY 0 OPTYPE or PRAGMA {} RTLNAME or_ln151_43_fu_13134_p2 SOURCE src/integrated-gcn/integrated_gcn.cpp:151 VARIABLE or_ln151_43 LOOP COMP_EMIT_VITIS_LOOP_146_4 BUNDLEDNAME {} DSP 0 BRAM 0 URAM 0 STORAGESUBTYPE {} DISPNAME {bind_op or} VISIBLE false} {BINDTYPE op ID {} IMPL auto_sel LATENCY 0 OPTYPE select PRAGMA {} RTLNAME select_ln151_108_fu_13140_p3 SOURCE src/integrated-gcn/integrated_gcn.cpp:151 VARIABLE select_ln151_108 LOOP COMP_EMIT_VITIS_LOOP_146_4 BUNDLEDNAME {} DSP 0 BRAM 0 URAM 0 STORAGESUBTYPE {} DISPNAME {bind_op select} VISIBLE false} {BINDTYPE op ID {} IMPL auto_sel LATENCY 0 OPTYPE select PRAGMA {} RTLNAME tmp_167_fu_13176_p2 SOURCE src/integrated-gcn/integrated_gcn.cpp:151 VARIABLE select_ln151_216 LOOP COMP_EMIT_VITIS_LOOP_146_4 BUNDLEDNAME {} DSP 0 BRAM 0 URAM 0 STORAGESUBTYPE {} DISPNAME {bind_op select} VISIBLE false} {BINDTYPE op ID {} IMPL auto_sel LATENCY 0 OPTYPE select PRAGMA {} RTLNAME tmp_167_fu_13176_p4 SOURCE src/integrated-gcn/integrated_gcn.cpp:151 VARIABLE select_ln151_217 LOOP COMP_EMIT_VITIS_LOOP_146_4 BUNDLEDNAME {} DSP 0 BRAM 0 URAM 0 STORAGESUBTYPE {} DISPNAME {bind_op select} VISIBLE false} {BINDTYPE op ID {} IMPL auto_sel LATENCY 0 OPTYPE select PRAGMA {} RTLNAME tmp_167_fu_13176_p6 SOURCE src/integrated-gcn/integrated_gcn.cpp:151 VARIABLE select_ln151_218 LOOP COMP_EMIT_VITIS_LOOP_146_4 BUNDLEDNAME {} DSP 0 BRAM 0 URAM 0 STORAGESUBTYPE {} DISPNAME {bind_op select} VISIBLE false} {BINDTYPE op ID {} IMPL auto_sel LATENCY 0 OPTYPE select PRAGMA {} RTLNAME tmp_167_fu_13176_p8 SOURCE src/integrated-gcn/integrated_gcn.cpp:151 VARIABLE select_ln151_219 LOOP COMP_EMIT_VITIS_LOOP_146_4 BUNDLEDNAME {} DSP 0 BRAM 0 URAM 0 STORAGESUBTYPE {} DISPNAME {bind_op select} VISIBLE false} {BINDTYPE op ID {} IMPL compactencoding_dontcare LATENCY 0 OPTYPE sparsemux PRAGMA {} RTLNAME sparsemux_9_2_32_1_1_U1193 SOURCE src/integrated-gcn/integrated_gcn.cpp:151 VARIABLE tmp_167 LOOP COMP_EMIT_VITIS_LOOP_146_4 BUNDLEDNAME {} DSP 0 BRAM 0 URAM 0 STORAGESUBTYPE {} DISPNAME {bind_op sparsemux} VISIBLE false} {BINDTYPE op ID {} IMPL fabric LATENCY 0 OPTYPE add PRAGMA {} RTLNAME add_ln151_22_fu_13237_p2 SOURCE src/integrated-gcn/integrated_gcn.cpp:151 VARIABLE add_ln151_22 LOOP COMP_EMIT_VITIS_LOOP_146_4 BUNDLEDNAME {} DSP 0 BRAM 0 URAM 0 STORAGESUBTYPE {} DISPNAME {bind_op add} VISIBLE true} {BINDTYPE op ID {} IMPL auto LATENCY 0 OPTYPE xor PRAGMA {} RTLNAME xor_ln151_110_fu_13251_p2 SOURCE src/integrated-gcn/integrated_gcn.cpp:151 VARIABLE xor_ln151_110 LOOP COMP_EMIT_VITIS_LOOP_146_4 BUNDLEDNAME {} DSP 0 BRAM 0 URAM 0 STORAGESUBTYPE {} DISPNAME {bind_op xor} VISIBLE false} {BINDTYPE op ID {} IMPL auto LATENCY 0 OPTYPE and PRAGMA {} RTLNAME and_ln151_132_fu_13257_p2 SOURCE src/integrated-gcn/integrated_gcn.cpp:151 VARIABLE and_ln151_132 LOOP COMP_EMIT_VITIS_LOOP_146_4 BUNDLEDNAME {} DSP 0 BRAM 0 URAM 0 STORAGESUBTYPE {} DISPNAME {bind_op and} VISIBLE false} {BINDTYPE op ID {} IMPL auto LATENCY 0 OPTYPE seteq PRAGMA {} RTLNAME icmp_ln151_66_fu_13279_p2 SOURCE src/integrated-gcn/integrated_gcn.cpp:151 VARIABLE icmp_ln151_66 LOOP COMP_EMIT_VITIS_LOOP_146_4 BUNDLEDNAME {} DSP 0 BRAM 0 URAM 0 STORAGESUBTYPE {} DISPNAME {bind_op seteq} VISIBLE false} {BINDTYPE op ID {} IMPL auto LATENCY 0 OPTYPE seteq PRAGMA {} RTLNAME icmp_ln151_67_fu_13293_p2 SOURCE src/integrated-gcn/integrated_gcn.cpp:151 VARIABLE icmp_ln151_67 LOOP COMP_EMIT_VITIS_LOOP_146_4 BUNDLEDNAME {} DSP 0 BRAM 0 URAM 0 STORAGESUBTYPE {} DISPNAME {bind_op seteq} VISIBLE false} {BINDTYPE op ID {} IMPL auto LATENCY 0 OPTYPE seteq PRAGMA {} RTLNAME icmp_ln151_68_fu_13299_p2 SOURCE src/integrated-gcn/integrated_gcn.cpp:151 VARIABLE icmp_ln151_68 LOOP COMP_EMIT_VITIS_LOOP_146_4 BUNDLEDNAME {} DSP 0 BRAM 0 URAM 0 STORAGESUBTYPE {} DISPNAME {bind_op seteq} VISIBLE false} {BINDTYPE op ID {} IMPL auto_sel LATENCY 0 OPTYPE select PRAGMA {} RTLNAME select_ln151_110_fu_13305_p3 SOURCE src/integrated-gcn/integrated_gcn.cpp:151 VARIABLE select_ln151_110 LOOP COMP_EMIT_VITIS_LOOP_146_4 BUNDLEDNAME {} DSP 0 BRAM 0 URAM 0 STORAGESUBTYPE {} DISPNAME {bind_op select} VISIBLE false} {BINDTYPE op ID {} IMPL auto LATENCY 0 OPTYPE xor PRAGMA {} RTLNAME xor_ln151_111_fu_13313_p2 SOURCE src/integrated-gcn/integrated_gcn.cpp:151 VARIABLE xor_ln151_111 LOOP COMP_EMIT_VITIS_LOOP_146_4 BUNDLEDNAME {} DSP 0 BRAM 0 URAM 0 STORAGESUBTYPE {} DISPNAME {bind_op xor} VISIBLE false} {BINDTYPE op ID {} IMPL auto LATENCY 0 OPTYPE and PRAGMA {} RTLNAME and_ln151_133_fu_13319_p2 SOURCE src/integrated-gcn/integrated_gcn.cpp:151 VARIABLE and_ln151_133 LOOP COMP_EMIT_VITIS_LOOP_146_4 BUNDLEDNAME {} DSP 0 BRAM 0 URAM 0 STORAGESUBTYPE {} DISPNAME {bind_op and} VISIBLE false} {BINDTYPE op ID {} IMPL auto_sel LATENCY 0 OPTYPE select PRAGMA {} RTLNAME select_ln151_111_fu_13325_p3 SOURCE src/integrated-gcn/integrated_gcn.cpp:151 VARIABLE select_ln151_111 LOOP COMP_EMIT_VITIS_LOOP_146_4 BUNDLEDNAME {} DSP 0 BRAM 0 URAM 0 STORAGESUBTYPE {} DISPNAME {bind_op select} VISIBLE false} {BINDTYPE op ID {} IMPL auto LATENCY 0 OPTYPE and PRAGMA {} RTLNAME and_ln151_134_fu_13333_p2 SOURCE src/integrated-gcn/integrated_gcn.cpp:151 VARIABLE and_ln151_134 LOOP COMP_EMIT_VITIS_LOOP_146_4 BUNDLEDNAME {} DSP 0 BRAM 0 URAM 0 STORAGESUBTYPE {} DISPNAME {bind_op and} VISIBLE false} {BINDTYPE op ID {} IMPL auto LATENCY 0 OPTYPE xor PRAGMA {} RTLNAME xor_ln151_112_fu_13339_p2 SOURCE src/integrated-gcn/integrated_gcn.cpp:151 VARIABLE xor_ln151_112 LOOP COMP_EMIT_VITIS_LOOP_146_4 BUNDLEDNAME {} DSP 0 BRAM 0 URAM 0 STORAGESUBTYPE {} DISPNAME {bind_op xor} VISIBLE false} {BINDTYPE op ID {} IMPL auto LATENCY 0 OPTYPE or PRAGMA {} RTLNAME or_ln151_44_fu_13345_p2 SOURCE src/integrated-gcn/integrated_gcn.cpp:151 VARIABLE or_ln151_44 LOOP COMP_EMIT_VITIS_LOOP_146_4 BUNDLEDNAME {} DSP 0 BRAM 0 URAM 0 STORAGESUBTYPE {} DISPNAME {bind_op or} VISIBLE false} {BINDTYPE op ID {} IMPL auto LATENCY 0 OPTYPE xor PRAGMA {} RTLNAME xor_ln151_113_fu_13351_p2 SOURCE src/integrated-gcn/integrated_gcn.cpp:151 VARIABLE xor_ln151_113 LOOP COMP_EMIT_VITIS_LOOP_146_4 BUNDLEDNAME {} DSP 0 BRAM 0 URAM 0 STORAGESUBTYPE {} DISPNAME {bind_op xor} VISIBLE false} {BINDTYPE op ID {} IMPL auto LATENCY 0 OPTYPE and PRAGMA {} RTLNAME and_ln151_135_fu_13357_p2 SOURCE src/integrated-gcn/integrated_gcn.cpp:151 VARIABLE and_ln151_135 LOOP COMP_EMIT_VITIS_LOOP_146_4 BUNDLEDNAME {} DSP 0 BRAM 0 URAM 0 STORAGESUBTYPE {} DISPNAME {bind_op and} VISIBLE false} {BINDTYPE op ID {} IMPL auto LATENCY 0 OPTYPE and PRAGMA {} RTLNAME and_ln151_136_fu_13363_p2 SOURCE src/integrated-gcn/integrated_gcn.cpp:151 VARIABLE and_ln151_136 LOOP COMP_EMIT_VITIS_LOOP_146_4 BUNDLEDNAME {} DSP 0 BRAM 0 URAM 0 STORAGESUBTYPE {} DISPNAME {bind_op and} VISIBLE false} {BINDTYPE op ID {} IMPL auto LATENCY 0 OPTYPE or PRAGMA {} RTLNAME or_ln151_86_fu_13369_p2 SOURCE src/integrated-gcn/integrated_gcn.cpp:151 VARIABLE or_ln151_86 LOOP COMP_EMIT_VITIS_LOOP_146_4 BUNDLEDNAME {} DSP 0 BRAM 0 URAM 0 STORAGESUBTYPE {} DISPNAME {bind_op or} VISIBLE false} {BINDTYPE op ID {} IMPL auto LATENCY 0 OPTYPE xor PRAGMA {} RTLNAME xor_ln151_114_fu_13375_p2 SOURCE src/integrated-gcn/integrated_gcn.cpp:151 VARIABLE xor_ln151_114 LOOP COMP_EMIT_VITIS_LOOP_146_4 BUNDLEDNAME {} DSP 0 BRAM 0 URAM 0 STORAGESUBTYPE {} DISPNAME {bind_op xor} VISIBLE false} {BINDTYPE op ID {} IMPL auto LATENCY 0 OPTYPE and PRAGMA {} RTLNAME and_ln151_137_fu_13381_p2 SOURCE src/integrated-gcn/integrated_gcn.cpp:151 VARIABLE and_ln151_137 LOOP COMP_EMIT_VITIS_LOOP_146_4 BUNDLEDNAME {} DSP 0 BRAM 0 URAM 0 STORAGESUBTYPE {} DISPNAME {bind_op and} VISIBLE false} {BINDTYPE op ID {} IMPL auto_sel LATENCY 0 OPTYPE select PRAGMA {} RTLNAME select_ln151_112_fu_13387_p3 SOURCE src/integrated-gcn/integrated_gcn.cpp:151 VARIABLE select_ln151_112 LOOP COMP_EMIT_VITIS_LOOP_146_4 BUNDLEDNAME {} DSP 0 BRAM 0 URAM 0 STORAGESUBTYPE {} DISPNAME {bind_op select} VISIBLE false} {BINDTYPE op ID {} IMPL auto LATENCY 0 OPTYPE or PRAGMA {} RTLNAME or_ln151_45_fu_13395_p2 SOURCE src/integrated-gcn/integrated_gcn.cpp:151 VARIABLE or_ln151_45 LOOP COMP_EMIT_VITIS_LOOP_146_4 BUNDLEDNAME {} DSP 0 BRAM 0 URAM 0 STORAGESUBTYPE {} DISPNAME {bind_op or} VISIBLE false} {BINDTYPE op ID {} IMPL auto_sel LATENCY 0 OPTYPE select PRAGMA {} RTLNAME select_ln151_113_fu_13401_p3 SOURCE src/integrated-gcn/integrated_gcn.cpp:151 VARIABLE select_ln151_113 LOOP COMP_EMIT_VITIS_LOOP_146_4 BUNDLEDNAME {} DSP 0 BRAM 0 URAM 0 STORAGESUBTYPE {} DISPNAME {bind_op select} VISIBLE false} {BINDTYPE op ID {} IMPL auto_sel LATENCY 0 OPTYPE select PRAGMA {} RTLNAME tmp_175_fu_13437_p2 SOURCE src/integrated-gcn/integrated_gcn.cpp:151 VARIABLE select_ln151_220 LOOP COMP_EMIT_VITIS_LOOP_146_4 BUNDLEDNAME {} DSP 0 BRAM 0 URAM 0 STORAGESUBTYPE {} DISPNAME {bind_op select} VISIBLE false} {BINDTYPE op ID {} IMPL auto_sel LATENCY 0 OPTYPE select PRAGMA {} RTLNAME tmp_175_fu_13437_p4 SOURCE src/integrated-gcn/integrated_gcn.cpp:151 VARIABLE select_ln151_221 LOOP COMP_EMIT_VITIS_LOOP_146_4 BUNDLEDNAME {} DSP 0 BRAM 0 URAM 0 STORAGESUBTYPE {} DISPNAME {bind_op select} VISIBLE false} {BINDTYPE op ID {} IMPL auto_sel LATENCY 0 OPTYPE select PRAGMA {} RTLNAME tmp_175_fu_13437_p6 SOURCE src/integrated-gcn/integrated_gcn.cpp:151 VARIABLE select_ln151_222 LOOP COMP_EMIT_VITIS_LOOP_146_4 BUNDLEDNAME {} DSP 0 BRAM 0 URAM 0 STORAGESUBTYPE {} DISPNAME {bind_op select} VISIBLE false} {BINDTYPE op ID {} IMPL auto_sel LATENCY 0 OPTYPE select PRAGMA {} RTLNAME tmp_175_fu_13437_p8 SOURCE src/integrated-gcn/integrated_gcn.cpp:151 VARIABLE select_ln151_223 LOOP COMP_EMIT_VITIS_LOOP_146_4 BUNDLEDNAME {} DSP 0 BRAM 0 URAM 0 STORAGESUBTYPE {} DISPNAME {bind_op select} VISIBLE false} {BINDTYPE op ID {} IMPL compactencoding_dontcare LATENCY 0 OPTYPE sparsemux PRAGMA {} RTLNAME sparsemux_9_2_32_1_1_U1194 SOURCE src/integrated-gcn/integrated_gcn.cpp:151 VARIABLE tmp_175 LOOP COMP_EMIT_VITIS_LOOP_146_4 BUNDLEDNAME {} DSP 0 BRAM 0 URAM 0 STORAGESUBTYPE {} DISPNAME {bind_op sparsemux} VISIBLE false} {BINDTYPE op ID {} IMPL fabric LATENCY 0 OPTYPE add PRAGMA {} RTLNAME add_ln151_23_fu_13498_p2 SOURCE src/integrated-gcn/integrated_gcn.cpp:151 VARIABLE add_ln151_23 LOOP COMP_EMIT_VITIS_LOOP_146_4 BUNDLEDNAME {} DSP 0 BRAM 0 URAM 0 STORAGESUBTYPE {} DISPNAME {bind_op add} VISIBLE true} {BINDTYPE op ID {} IMPL auto LATENCY 0 OPTYPE xor PRAGMA {} RTLNAME xor_ln151_115_fu_13512_p2 SOURCE src/integrated-gcn/integrated_gcn.cpp:151 VARIABLE xor_ln151_115 LOOP COMP_EMIT_VITIS_LOOP_146_4 BUNDLEDNAME {} DSP 0 BRAM 0 URAM 0 STORAGESUBTYPE {} DISPNAME {bind_op xor} VISIBLE false} {BINDTYPE op ID {} IMPL auto LATENCY 0 OPTYPE and PRAGMA {} RTLNAME and_ln151_138_fu_13518_p2 SOURCE src/integrated-gcn/integrated_gcn.cpp:151 VARIABLE and_ln151_138 LOOP COMP_EMIT_VITIS_LOOP_146_4 BUNDLEDNAME {} DSP 0 BRAM 0 URAM 0 STORAGESUBTYPE {} DISPNAME {bind_op and} VISIBLE false} {BINDTYPE op ID {} IMPL auto LATENCY 0 OPTYPE seteq PRAGMA {} RTLNAME icmp_ln151_69_fu_13540_p2 SOURCE src/integrated-gcn/integrated_gcn.cpp:151 VARIABLE icmp_ln151_69 LOOP COMP_EMIT_VITIS_LOOP_146_4 BUNDLEDNAME {} DSP 0 BRAM 0 URAM 0 STORAGESUBTYPE {} DISPNAME {bind_op seteq} VISIBLE false} {BINDTYPE op ID {} IMPL auto LATENCY 0 OPTYPE seteq PRAGMA {} RTLNAME icmp_ln151_70_fu_13554_p2 SOURCE src/integrated-gcn/integrated_gcn.cpp:151 VARIABLE icmp_ln151_70 LOOP COMP_EMIT_VITIS_LOOP_146_4 BUNDLEDNAME {} DSP 0 BRAM 0 URAM 0 STORAGESUBTYPE {} DISPNAME {bind_op seteq} VISIBLE false} {BINDTYPE op ID {} IMPL auto LATENCY 0 OPTYPE seteq PRAGMA {} RTLNAME icmp_ln151_71_fu_13560_p2 SOURCE src/integrated-gcn/integrated_gcn.cpp:151 VARIABLE icmp_ln151_71 LOOP COMP_EMIT_VITIS_LOOP_146_4 BUNDLEDNAME {} DSP 0 BRAM 0 URAM 0 STORAGESUBTYPE {} DISPNAME {bind_op seteq} VISIBLE false} {BINDTYPE op ID {} IMPL auto_sel LATENCY 0 OPTYPE select PRAGMA {} RTLNAME select_ln151_115_fu_13566_p3 SOURCE src/integrated-gcn/integrated_gcn.cpp:151 VARIABLE select_ln151_115 LOOP COMP_EMIT_VITIS_LOOP_146_4 BUNDLEDNAME {} DSP 0 BRAM 0 URAM 0 STORAGESUBTYPE {} DISPNAME {bind_op select} VISIBLE false} {BINDTYPE op ID {} IMPL auto LATENCY 0 OPTYPE xor PRAGMA {} RTLNAME xor_ln151_116_fu_13574_p2 SOURCE src/integrated-gcn/integrated_gcn.cpp:151 VARIABLE xor_ln151_116 LOOP COMP_EMIT_VITIS_LOOP_146_4 BUNDLEDNAME {} DSP 0 BRAM 0 URAM 0 STORAGESUBTYPE {} DISPNAME {bind_op xor} VISIBLE false} {BINDTYPE op ID {} IMPL auto LATENCY 0 OPTYPE and PRAGMA {} RTLNAME and_ln151_139_fu_13580_p2 SOURCE src/integrated-gcn/integrated_gcn.cpp:151 VARIABLE and_ln151_139 LOOP COMP_EMIT_VITIS_LOOP_146_4 BUNDLEDNAME {} DSP 0 BRAM 0 URAM 0 STORAGESUBTYPE {} DISPNAME {bind_op and} VISIBLE false} {BINDTYPE op ID {} IMPL auto_sel LATENCY 0 OPTYPE select PRAGMA {} RTLNAME select_ln151_116_fu_13586_p3 SOURCE src/integrated-gcn/integrated_gcn.cpp:151 VARIABLE select_ln151_116 LOOP COMP_EMIT_VITIS_LOOP_146_4 BUNDLEDNAME {} DSP 0 BRAM 0 URAM 0 STORAGESUBTYPE {} DISPNAME {bind_op select} VISIBLE false} {BINDTYPE op ID {} IMPL auto LATENCY 0 OPTYPE and PRAGMA {} RTLNAME and_ln151_140_fu_13594_p2 SOURCE src/integrated-gcn/integrated_gcn.cpp:151 VARIABLE and_ln151_140 LOOP COMP_EMIT_VITIS_LOOP_146_4 BUNDLEDNAME {} DSP 0 BRAM 0 URAM 0 STORAGESUBTYPE {} DISPNAME {bind_op and} VISIBLE false} {BINDTYPE op ID {} IMPL auto LATENCY 0 OPTYPE xor PRAGMA {} RTLNAME xor_ln151_117_fu_13600_p2 SOURCE src/integrated-gcn/integrated_gcn.cpp:151 VARIABLE xor_ln151_117 LOOP COMP_EMIT_VITIS_LOOP_146_4 BUNDLEDNAME {} DSP 0 BRAM 0 URAM 0 STORAGESUBTYPE {} DISPNAME {bind_op xor} VISIBLE false} {BINDTYPE op ID {} IMPL auto LATENCY 0 OPTYPE or PRAGMA {} RTLNAME or_ln151_46_fu_13606_p2 SOURCE src/integrated-gcn/integrated_gcn.cpp:151 VARIABLE or_ln151_46 LOOP COMP_EMIT_VITIS_LOOP_146_4 BUNDLEDNAME {} DSP 0 BRAM 0 URAM 0 STORAGESUBTYPE {} DISPNAME {bind_op or} VISIBLE false} {BINDTYPE op ID {} IMPL auto LATENCY 0 OPTYPE xor PRAGMA {} RTLNAME xor_ln151_118_fu_13612_p2 SOURCE src/integrated-gcn/integrated_gcn.cpp:151 VARIABLE xor_ln151_118 LOOP COMP_EMIT_VITIS_LOOP_146_4 BUNDLEDNAME {} DSP 0 BRAM 0 URAM 0 STORAGESUBTYPE {} DISPNAME {bind_op xor} VISIBLE false} {BINDTYPE op ID {} IMPL auto LATENCY 0 OPTYPE and PRAGMA {} RTLNAME and_ln151_141_fu_13618_p2 SOURCE src/integrated-gcn/integrated_gcn.cpp:151 VARIABLE and_ln151_141 LOOP COMP_EMIT_VITIS_LOOP_146_4 BUNDLEDNAME {} DSP 0 BRAM 0 URAM 0 STORAGESUBTYPE {} DISPNAME {bind_op and} VISIBLE false} {BINDTYPE op ID {} IMPL auto LATENCY 0 OPTYPE and PRAGMA {} RTLNAME and_ln151_142_fu_13624_p2 SOURCE src/integrated-gcn/integrated_gcn.cpp:151 VARIABLE and_ln151_142 LOOP COMP_EMIT_VITIS_LOOP_146_4 BUNDLEDNAME {} DSP 0 BRAM 0 URAM 0 STORAGESUBTYPE {} DISPNAME {bind_op and} VISIBLE false} {BINDTYPE op ID {} IMPL auto LATENCY 0 OPTYPE or PRAGMA {} RTLNAME or_ln151_87_fu_13630_p2 SOURCE src/integrated-gcn/integrated_gcn.cpp:151 VARIABLE or_ln151_87 LOOP COMP_EMIT_VITIS_LOOP_146_4 BUNDLEDNAME {} DSP 0 BRAM 0 URAM 0 STORAGESUBTYPE {} DISPNAME {bind_op or} VISIBLE false} {BINDTYPE op ID {} IMPL auto LATENCY 0 OPTYPE xor PRAGMA {} RTLNAME xor_ln151_119_fu_13636_p2 SOURCE src/integrated-gcn/integrated_gcn.cpp:151 VARIABLE xor_ln151_119 LOOP COMP_EMIT_VITIS_LOOP_146_4 BUNDLEDNAME {} DSP 0 BRAM 0 URAM 0 STORAGESUBTYPE {} DISPNAME {bind_op xor} VISIBLE false} {BINDTYPE op ID {} IMPL auto LATENCY 0 OPTYPE and PRAGMA {} RTLNAME and_ln151_143_fu_13642_p2 SOURCE src/integrated-gcn/integrated_gcn.cpp:151 VARIABLE and_ln151_143 LOOP COMP_EMIT_VITIS_LOOP_146_4 BUNDLEDNAME {} DSP 0 BRAM 0 URAM 0 STORAGESUBTYPE {} DISPNAME {bind_op and} VISIBLE false} {BINDTYPE op ID {} IMPL auto_sel LATENCY 0 OPTYPE select PRAGMA {} RTLNAME select_ln151_117_fu_13648_p3 SOURCE src/integrated-gcn/integrated_gcn.cpp:151 VARIABLE select_ln151_117 LOOP COMP_EMIT_VITIS_LOOP_146_4 BUNDLEDNAME {} DSP 0 BRAM 0 URAM 0 STORAGESUBTYPE {} DISPNAME {bind_op select} VISIBLE false} {BINDTYPE op ID {} IMPL auto LATENCY 0 OPTYPE or PRAGMA {} RTLNAME or_ln151_47_fu_13656_p2 SOURCE src/integrated-gcn/integrated_gcn.cpp:151 VARIABLE or_ln151_47 LOOP COMP_EMIT_VITIS_LOOP_146_4 BUNDLEDNAME {} DSP 0 BRAM 0 URAM 0 STORAGESUBTYPE {} DISPNAME {bind_op or} VISIBLE false} {BINDTYPE op ID {} IMPL auto_sel LATENCY 0 OPTYPE select PRAGMA {} RTLNAME select_ln151_118_fu_13662_p3 SOURCE src/integrated-gcn/integrated_gcn.cpp:151 VARIABLE select_ln151_118 LOOP COMP_EMIT_VITIS_LOOP_146_4 BUNDLEDNAME {} DSP 0 BRAM 0 URAM 0 STORAGESUBTYPE {} DISPNAME {bind_op select} VISIBLE false} {BINDTYPE op ID {} IMPL auto_sel LATENCY 0 OPTYPE select PRAGMA {} RTLNAME tmp_183_fu_13698_p2 SOURCE src/integrated-gcn/integrated_gcn.cpp:151 VARIABLE select_ln151_224 LOOP COMP_EMIT_VITIS_LOOP_146_4 BUNDLEDNAME {} DSP 0 BRAM 0 URAM 0 STORAGESUBTYPE {} DISPNAME {bind_op select} VISIBLE false} {BINDTYPE op ID {} IMPL auto_sel LATENCY 0 OPTYPE select PRAGMA {} RTLNAME tmp_183_fu_13698_p4 SOURCE src/integrated-gcn/integrated_gcn.cpp:151 VARIABLE select_ln151_225 LOOP COMP_EMIT_VITIS_LOOP_146_4 BUNDLEDNAME {} DSP 0 BRAM 0 URAM 0 STORAGESUBTYPE {} DISPNAME {bind_op select} VISIBLE false} {BINDTYPE op ID {} IMPL auto_sel LATENCY 0 OPTYPE select PRAGMA {} RTLNAME tmp_183_fu_13698_p6 SOURCE src/integrated-gcn/integrated_gcn.cpp:151 VARIABLE select_ln151_226 LOOP COMP_EMIT_VITIS_LOOP_146_4 BUNDLEDNAME {} DSP 0 BRAM 0 URAM 0 STORAGESUBTYPE {} DISPNAME {bind_op select} VISIBLE false} {BINDTYPE op ID {} IMPL auto_sel LATENCY 0 OPTYPE select PRAGMA {} RTLNAME tmp_183_fu_13698_p8 SOURCE src/integrated-gcn/integrated_gcn.cpp:151 VARIABLE select_ln151_227 LOOP COMP_EMIT_VITIS_LOOP_146_4 BUNDLEDNAME {} DSP 0 BRAM 0 URAM 0 STORAGESUBTYPE {} DISPNAME {bind_op select} VISIBLE false} {BINDTYPE op ID {} IMPL compactencoding_dontcare LATENCY 0 OPTYPE sparsemux PRAGMA {} RTLNAME sparsemux_9_2_32_1_1_U1195 SOURCE src/integrated-gcn/integrated_gcn.cpp:151 VARIABLE tmp_183 LOOP COMP_EMIT_VITIS_LOOP_146_4 BUNDLEDNAME {} DSP 0 BRAM 0 URAM 0 STORAGESUBTYPE {} DISPNAME {bind_op sparsemux} VISIBLE false} {BINDTYPE op ID {} IMPL fabric LATENCY 0 OPTYPE add PRAGMA {} RTLNAME add_ln151_24_fu_13759_p2 SOURCE src/integrated-gcn/integrated_gcn.cpp:151 VARIABLE add_ln151_24 LOOP COMP_EMIT_VITIS_LOOP_146_4 BUNDLEDNAME {} DSP 0 BRAM 0 URAM 0 STORAGESUBTYPE {} DISPNAME {bind_op add} VISIBLE true} {BINDTYPE op ID {} IMPL auto LATENCY 0 OPTYPE xor PRAGMA {} RTLNAME xor_ln151_120_fu_13773_p2 SOURCE src/integrated-gcn/integrated_gcn.cpp:151 VARIABLE xor_ln151_120 LOOP COMP_EMIT_VITIS_LOOP_146_4 BUNDLEDNAME {} DSP 0 BRAM 0 URAM 0 STORAGESUBTYPE {} DISPNAME {bind_op xor} VISIBLE false} {BINDTYPE op ID {} IMPL auto LATENCY 0 OPTYPE and PRAGMA {} RTLNAME and_ln151_144_fu_13779_p2 SOURCE src/integrated-gcn/integrated_gcn.cpp:151 VARIABLE and_ln151_144 LOOP COMP_EMIT_VITIS_LOOP_146_4 BUNDLEDNAME {} DSP 0 BRAM 0 URAM 0 STORAGESUBTYPE {} DISPNAME {bind_op and} VISIBLE false} {BINDTYPE op ID {} IMPL auto LATENCY 0 OPTYPE seteq PRAGMA {} RTLNAME icmp_ln151_72_fu_13801_p2 SOURCE src/integrated-gcn/integrated_gcn.cpp:151 VARIABLE icmp_ln151_72 LOOP COMP_EMIT_VITIS_LOOP_146_4 BUNDLEDNAME {} DSP 0 BRAM 0 URAM 0 STORAGESUBTYPE {} DISPNAME {bind_op seteq} VISIBLE false} {BINDTYPE op ID {} IMPL auto LATENCY 0 OPTYPE seteq PRAGMA {} RTLNAME icmp_ln151_73_fu_13815_p2 SOURCE src/integrated-gcn/integrated_gcn.cpp:151 VARIABLE icmp_ln151_73 LOOP COMP_EMIT_VITIS_LOOP_146_4 BUNDLEDNAME {} DSP 0 BRAM 0 URAM 0 STORAGESUBTYPE {} DISPNAME {bind_op seteq} VISIBLE false} {BINDTYPE op ID {} IMPL auto LATENCY 0 OPTYPE seteq PRAGMA {} RTLNAME icmp_ln151_74_fu_13821_p2 SOURCE src/integrated-gcn/integrated_gcn.cpp:151 VARIABLE icmp_ln151_74 LOOP COMP_EMIT_VITIS_LOOP_146_4 BUNDLEDNAME {} DSP 0 BRAM 0 URAM 0 STORAGESUBTYPE {} DISPNAME {bind_op seteq} VISIBLE false} {BINDTYPE op ID {} IMPL auto_sel LATENCY 0 OPTYPE select PRAGMA {} RTLNAME select_ln151_120_fu_13827_p3 SOURCE src/integrated-gcn/integrated_gcn.cpp:151 VARIABLE select_ln151_120 LOOP COMP_EMIT_VITIS_LOOP_146_4 BUNDLEDNAME {} DSP 0 BRAM 0 URAM 0 STORAGESUBTYPE {} DISPNAME {bind_op select} VISIBLE false} {BINDTYPE op ID {} IMPL auto LATENCY 0 OPTYPE xor PRAGMA {} RTLNAME xor_ln151_121_fu_13835_p2 SOURCE src/integrated-gcn/integrated_gcn.cpp:151 VARIABLE xor_ln151_121 LOOP COMP_EMIT_VITIS_LOOP_146_4 BUNDLEDNAME {} DSP 0 BRAM 0 URAM 0 STORAGESUBTYPE {} DISPNAME {bind_op xor} VISIBLE false} {BINDTYPE op ID {} IMPL auto LATENCY 0 OPTYPE and PRAGMA {} RTLNAME and_ln151_145_fu_13841_p2 SOURCE src/integrated-gcn/integrated_gcn.cpp:151 VARIABLE and_ln151_145 LOOP COMP_EMIT_VITIS_LOOP_146_4 BUNDLEDNAME {} DSP 0 BRAM 0 URAM 0 STORAGESUBTYPE {} DISPNAME {bind_op and} VISIBLE false} {BINDTYPE op ID {} IMPL auto_sel LATENCY 0 OPTYPE select PRAGMA {} RTLNAME select_ln151_121_fu_13847_p3 SOURCE src/integrated-gcn/integrated_gcn.cpp:151 VARIABLE select_ln151_121 LOOP COMP_EMIT_VITIS_LOOP_146_4 BUNDLEDNAME {} DSP 0 BRAM 0 URAM 0 STORAGESUBTYPE {} DISPNAME {bind_op select} VISIBLE false} {BINDTYPE op ID {} IMPL auto LATENCY 0 OPTYPE and PRAGMA {} RTLNAME and_ln151_146_fu_13855_p2 SOURCE src/integrated-gcn/integrated_gcn.cpp:151 VARIABLE and_ln151_146 LOOP COMP_EMIT_VITIS_LOOP_146_4 BUNDLEDNAME {} DSP 0 BRAM 0 URAM 0 STORAGESUBTYPE {} DISPNAME {bind_op and} VISIBLE false} {BINDTYPE op ID {} IMPL auto LATENCY 0 OPTYPE xor PRAGMA {} RTLNAME xor_ln151_122_fu_13861_p2 SOURCE src/integrated-gcn/integrated_gcn.cpp:151 VARIABLE xor_ln151_122 LOOP COMP_EMIT_VITIS_LOOP_146_4 BUNDLEDNAME {} DSP 0 BRAM 0 URAM 0 STORAGESUBTYPE {} DISPNAME {bind_op xor} VISIBLE false} {BINDTYPE op ID {} IMPL auto LATENCY 0 OPTYPE or PRAGMA {} RTLNAME or_ln151_48_fu_13867_p2 SOURCE src/integrated-gcn/integrated_gcn.cpp:151 VARIABLE or_ln151_48 LOOP COMP_EMIT_VITIS_LOOP_146_4 BUNDLEDNAME {} DSP 0 BRAM 0 URAM 0 STORAGESUBTYPE {} DISPNAME {bind_op or} VISIBLE false} {BINDTYPE op ID {} IMPL auto LATENCY 0 OPTYPE xor PRAGMA {} RTLNAME xor_ln151_123_fu_13873_p2 SOURCE src/integrated-gcn/integrated_gcn.cpp:151 VARIABLE xor_ln151_123 LOOP COMP_EMIT_VITIS_LOOP_146_4 BUNDLEDNAME {} DSP 0 BRAM 0 URAM 0 STORAGESUBTYPE {} DISPNAME {bind_op xor} VISIBLE false} {BINDTYPE op ID {} IMPL auto LATENCY 0 OPTYPE and PRAGMA {} RTLNAME and_ln151_147_fu_13879_p2 SOURCE src/integrated-gcn/integrated_gcn.cpp:151 VARIABLE and_ln151_147 LOOP COMP_EMIT_VITIS_LOOP_146_4 BUNDLEDNAME {} DSP 0 BRAM 0 URAM 0 STORAGESUBTYPE {} DISPNAME {bind_op and} VISIBLE false} {BINDTYPE op ID {} IMPL auto LATENCY 0 OPTYPE and PRAGMA {} RTLNAME and_ln151_148_fu_13885_p2 SOURCE src/integrated-gcn/integrated_gcn.cpp:151 VARIABLE and_ln151_148 LOOP COMP_EMIT_VITIS_LOOP_146_4 BUNDLEDNAME {} DSP 0 BRAM 0 URAM 0 STORAGESUBTYPE {} DISPNAME {bind_op and} VISIBLE false} {BINDTYPE op ID {} IMPL auto LATENCY 0 OPTYPE or PRAGMA {} RTLNAME or_ln151_88_fu_13891_p2 SOURCE src/integrated-gcn/integrated_gcn.cpp:151 VARIABLE or_ln151_88 LOOP COMP_EMIT_VITIS_LOOP_146_4 BUNDLEDNAME {} DSP 0 BRAM 0 URAM 0 STORAGESUBTYPE {} DISPNAME {bind_op or} VISIBLE false} {BINDTYPE op ID {} IMPL auto LATENCY 0 OPTYPE xor PRAGMA {} RTLNAME xor_ln151_124_fu_13897_p2 SOURCE src/integrated-gcn/integrated_gcn.cpp:151 VARIABLE xor_ln151_124 LOOP COMP_EMIT_VITIS_LOOP_146_4 BUNDLEDNAME {} DSP 0 BRAM 0 URAM 0 STORAGESUBTYPE {} DISPNAME {bind_op xor} VISIBLE false} {BINDTYPE op ID {} IMPL auto LATENCY 0 OPTYPE and PRAGMA {} RTLNAME and_ln151_149_fu_13903_p2 SOURCE src/integrated-gcn/integrated_gcn.cpp:151 VARIABLE and_ln151_149 LOOP COMP_EMIT_VITIS_LOOP_146_4 BUNDLEDNAME {} DSP 0 BRAM 0 URAM 0 STORAGESUBTYPE {} DISPNAME {bind_op and} VISIBLE false} {BINDTYPE op ID {} IMPL auto_sel LATENCY 0 OPTYPE select PRAGMA {} RTLNAME select_ln151_122_fu_13909_p3 SOURCE src/integrated-gcn/integrated_gcn.cpp:151 VARIABLE select_ln151_122 LOOP COMP_EMIT_VITIS_LOOP_146_4 BUNDLEDNAME {} DSP 0 BRAM 0 URAM 0 STORAGESUBTYPE {} DISPNAME {bind_op select} VISIBLE false} {BINDTYPE op ID {} IMPL auto LATENCY 0 OPTYPE or PRAGMA {} RTLNAME or_ln151_49_fu_13917_p2 SOURCE src/integrated-gcn/integrated_gcn.cpp:151 VARIABLE or_ln151_49 LOOP COMP_EMIT_VITIS_LOOP_146_4 BUNDLEDNAME {} DSP 0 BRAM 0 URAM 0 STORAGESUBTYPE {} DISPNAME {bind_op or} VISIBLE false} {BINDTYPE op ID {} IMPL auto_sel LATENCY 0 OPTYPE select PRAGMA {} RTLNAME select_ln151_123_fu_13923_p3 SOURCE src/integrated-gcn/integrated_gcn.cpp:151 VARIABLE select_ln151_123 LOOP COMP_EMIT_VITIS_LOOP_146_4 BUNDLEDNAME {} DSP 0 BRAM 0 URAM 0 STORAGESUBTYPE {} DISPNAME {bind_op select} VISIBLE false} {BINDTYPE op ID {} IMPL auto_sel LATENCY 0 OPTYPE select PRAGMA {} RTLNAME tmp_191_fu_13959_p2 SOURCE src/integrated-gcn/integrated_gcn.cpp:151 VARIABLE select_ln151_228 LOOP COMP_EMIT_VITIS_LOOP_146_4 BUNDLEDNAME {} DSP 0 BRAM 0 URAM 0 STORAGESUBTYPE {} DISPNAME {bind_op select} VISIBLE false} {BINDTYPE op ID {} IMPL auto_sel LATENCY 0 OPTYPE select PRAGMA {} RTLNAME tmp_191_fu_13959_p4 SOURCE src/integrated-gcn/integrated_gcn.cpp:151 VARIABLE select_ln151_229 LOOP COMP_EMIT_VITIS_LOOP_146_4 BUNDLEDNAME {} DSP 0 BRAM 0 URAM 0 STORAGESUBTYPE {} DISPNAME {bind_op select} VISIBLE false} {BINDTYPE op ID {} IMPL auto_sel LATENCY 0 OPTYPE select PRAGMA {} RTLNAME tmp_191_fu_13959_p6 SOURCE src/integrated-gcn/integrated_gcn.cpp:151 VARIABLE select_ln151_230 LOOP COMP_EMIT_VITIS_LOOP_146_4 BUNDLEDNAME {} DSP 0 BRAM 0 URAM 0 STORAGESUBTYPE {} DISPNAME {bind_op select} VISIBLE false} {BINDTYPE op ID {} IMPL auto_sel LATENCY 0 OPTYPE select PRAGMA {} RTLNAME tmp_191_fu_13959_p8 SOURCE src/integrated-gcn/integrated_gcn.cpp:151 VARIABLE select_ln151_231 LOOP COMP_EMIT_VITIS_LOOP_146_4 BUNDLEDNAME {} DSP 0 BRAM 0 URAM 0 STORAGESUBTYPE {} DISPNAME {bind_op select} VISIBLE false} {BINDTYPE op ID {} IMPL compactencoding_dontcare LATENCY 0 OPTYPE sparsemux PRAGMA {} RTLNAME sparsemux_9_2_32_1_1_U1196 SOURCE src/integrated-gcn/integrated_gcn.cpp:151 VARIABLE tmp_191 LOOP COMP_EMIT_VITIS_LOOP_146_4 BUNDLEDNAME {} DSP 0 BRAM 0 URAM 0 STORAGESUBTYPE {} DISPNAME {bind_op sparsemux} VISIBLE false} {BINDTYPE op ID {} IMPL fabric LATENCY 0 OPTYPE add PRAGMA {} RTLNAME add_ln151_25_fu_14020_p2 SOURCE src/integrated-gcn/integrated_gcn.cpp:151 VARIABLE add_ln151_25 LOOP COMP_EMIT_VITIS_LOOP_146_4 BUNDLEDNAME {} DSP 0 BRAM 0 URAM 0 STORAGESUBTYPE {} DISPNAME {bind_op add} VISIBLE true} {BINDTYPE op ID {} IMPL auto LATENCY 0 OPTYPE xor PRAGMA {} RTLNAME xor_ln151_125_fu_14034_p2 SOURCE src/integrated-gcn/integrated_gcn.cpp:151 VARIABLE xor_ln151_125 LOOP COMP_EMIT_VITIS_LOOP_146_4 BUNDLEDNAME {} DSP 0 BRAM 0 URAM 0 STORAGESUBTYPE {} DISPNAME {bind_op xor} VISIBLE false} {BINDTYPE op ID {} IMPL auto LATENCY 0 OPTYPE and PRAGMA {} RTLNAME and_ln151_150_fu_14040_p2 SOURCE src/integrated-gcn/integrated_gcn.cpp:151 VARIABLE and_ln151_150 LOOP COMP_EMIT_VITIS_LOOP_146_4 BUNDLEDNAME {} DSP 0 BRAM 0 URAM 0 STORAGESUBTYPE {} DISPNAME {bind_op and} VISIBLE false} {BINDTYPE op ID {} IMPL auto LATENCY 0 OPTYPE seteq PRAGMA {} RTLNAME icmp_ln151_75_fu_14062_p2 SOURCE src/integrated-gcn/integrated_gcn.cpp:151 VARIABLE icmp_ln151_75 LOOP COMP_EMIT_VITIS_LOOP_146_4 BUNDLEDNAME {} DSP 0 BRAM 0 URAM 0 STORAGESUBTYPE {} DISPNAME {bind_op seteq} VISIBLE false} {BINDTYPE op ID {} IMPL auto LATENCY 0 OPTYPE seteq PRAGMA {} RTLNAME icmp_ln151_76_fu_14076_p2 SOURCE src/integrated-gcn/integrated_gcn.cpp:151 VARIABLE icmp_ln151_76 LOOP COMP_EMIT_VITIS_LOOP_146_4 BUNDLEDNAME {} DSP 0 BRAM 0 URAM 0 STORAGESUBTYPE {} DISPNAME {bind_op seteq} VISIBLE false} {BINDTYPE op ID {} IMPL auto LATENCY 0 OPTYPE seteq PRAGMA {} RTLNAME icmp_ln151_77_fu_14082_p2 SOURCE src/integrated-gcn/integrated_gcn.cpp:151 VARIABLE icmp_ln151_77 LOOP COMP_EMIT_VITIS_LOOP_146_4 BUNDLEDNAME {} DSP 0 BRAM 0 URAM 0 STORAGESUBTYPE {} DISPNAME {bind_op seteq} VISIBLE false} {BINDTYPE op ID {} IMPL auto_sel LATENCY 0 OPTYPE select PRAGMA {} RTLNAME select_ln151_125_fu_14088_p3 SOURCE src/integrated-gcn/integrated_gcn.cpp:151 VARIABLE select_ln151_125 LOOP COMP_EMIT_VITIS_LOOP_146_4 BUNDLEDNAME {} DSP 0 BRAM 0 URAM 0 STORAGESUBTYPE {} DISPNAME {bind_op select} VISIBLE false} {BINDTYPE op ID {} IMPL auto LATENCY 0 OPTYPE xor PRAGMA {} RTLNAME xor_ln151_126_fu_14096_p2 SOURCE src/integrated-gcn/integrated_gcn.cpp:151 VARIABLE xor_ln151_126 LOOP COMP_EMIT_VITIS_LOOP_146_4 BUNDLEDNAME {} DSP 0 BRAM 0 URAM 0 STORAGESUBTYPE {} DISPNAME {bind_op xor} VISIBLE false} {BINDTYPE op ID {} IMPL auto LATENCY 0 OPTYPE and PRAGMA {} RTLNAME and_ln151_151_fu_14102_p2 SOURCE src/integrated-gcn/integrated_gcn.cpp:151 VARIABLE and_ln151_151 LOOP COMP_EMIT_VITIS_LOOP_146_4 BUNDLEDNAME {} DSP 0 BRAM 0 URAM 0 STORAGESUBTYPE {} DISPNAME {bind_op and} VISIBLE false} {BINDTYPE op ID {} IMPL auto_sel LATENCY 0 OPTYPE select PRAGMA {} RTLNAME select_ln151_126_fu_14108_p3 SOURCE src/integrated-gcn/integrated_gcn.cpp:151 VARIABLE select_ln151_126 LOOP COMP_EMIT_VITIS_LOOP_146_4 BUNDLEDNAME {} DSP 0 BRAM 0 URAM 0 STORAGESUBTYPE {} DISPNAME {bind_op select} VISIBLE false} {BINDTYPE op ID {} IMPL auto LATENCY 0 OPTYPE and PRAGMA {} RTLNAME and_ln151_152_fu_14116_p2 SOURCE src/integrated-gcn/integrated_gcn.cpp:151 VARIABLE and_ln151_152 LOOP COMP_EMIT_VITIS_LOOP_146_4 BUNDLEDNAME {} DSP 0 BRAM 0 URAM 0 STORAGESUBTYPE {} DISPNAME {bind_op and} VISIBLE false} {BINDTYPE op ID {} IMPL auto LATENCY 0 OPTYPE xor PRAGMA {} RTLNAME xor_ln151_127_fu_14122_p2 SOURCE src/integrated-gcn/integrated_gcn.cpp:151 VARIABLE xor_ln151_127 LOOP COMP_EMIT_VITIS_LOOP_146_4 BUNDLEDNAME {} DSP 0 BRAM 0 URAM 0 STORAGESUBTYPE {} DISPNAME {bind_op xor} VISIBLE false} {BINDTYPE op ID {} IMPL auto LATENCY 0 OPTYPE or PRAGMA {} RTLNAME or_ln151_50_fu_14128_p2 SOURCE src/integrated-gcn/integrated_gcn.cpp:151 VARIABLE or_ln151_50 LOOP COMP_EMIT_VITIS_LOOP_146_4 BUNDLEDNAME {} DSP 0 BRAM 0 URAM 0 STORAGESUBTYPE {} DISPNAME {bind_op or} VISIBLE false} {BINDTYPE op ID {} IMPL auto LATENCY 0 OPTYPE xor PRAGMA {} RTLNAME xor_ln151_128_fu_14134_p2 SOURCE src/integrated-gcn/integrated_gcn.cpp:151 VARIABLE xor_ln151_128 LOOP COMP_EMIT_VITIS_LOOP_146_4 BUNDLEDNAME {} DSP 0 BRAM 0 URAM 0 STORAGESUBTYPE {} DISPNAME {bind_op xor} VISIBLE false} {BINDTYPE op ID {} IMPL auto LATENCY 0 OPTYPE and PRAGMA {} RTLNAME and_ln151_153_fu_14140_p2 SOURCE src/integrated-gcn/integrated_gcn.cpp:151 VARIABLE and_ln151_153 LOOP COMP_EMIT_VITIS_LOOP_146_4 BUNDLEDNAME {} DSP 0 BRAM 0 URAM 0 STORAGESUBTYPE {} DISPNAME {bind_op and} VISIBLE false} {BINDTYPE op ID {} IMPL auto LATENCY 0 OPTYPE and PRAGMA {} RTLNAME and_ln151_154_fu_14146_p2 SOURCE src/integrated-gcn/integrated_gcn.cpp:151 VARIABLE and_ln151_154 LOOP COMP_EMIT_VITIS_LOOP_146_4 BUNDLEDNAME {} DSP 0 BRAM 0 URAM 0 STORAGESUBTYPE {} DISPNAME {bind_op and} VISIBLE false} {BINDTYPE op ID {} IMPL auto LATENCY 0 OPTYPE or PRAGMA {} RTLNAME or_ln151_89_fu_14152_p2 SOURCE src/integrated-gcn/integrated_gcn.cpp:151 VARIABLE or_ln151_89 LOOP COMP_EMIT_VITIS_LOOP_146_4 BUNDLEDNAME {} DSP 0 BRAM 0 URAM 0 STORAGESUBTYPE {} DISPNAME {bind_op or} VISIBLE false} {BINDTYPE op ID {} IMPL auto LATENCY 0 OPTYPE xor PRAGMA {} RTLNAME xor_ln151_129_fu_14158_p2 SOURCE src/integrated-gcn/integrated_gcn.cpp:151 VARIABLE xor_ln151_129 LOOP COMP_EMIT_VITIS_LOOP_146_4 BUNDLEDNAME {} DSP 0 BRAM 0 URAM 0 STORAGESUBTYPE {} DISPNAME {bind_op xor} VISIBLE false} {BINDTYPE op ID {} IMPL auto LATENCY 0 OPTYPE and PRAGMA {} RTLNAME and_ln151_155_fu_14164_p2 SOURCE src/integrated-gcn/integrated_gcn.cpp:151 VARIABLE and_ln151_155 LOOP COMP_EMIT_VITIS_LOOP_146_4 BUNDLEDNAME {} DSP 0 BRAM 0 URAM 0 STORAGESUBTYPE {} DISPNAME {bind_op and} VISIBLE false} {BINDTYPE op ID {} IMPL auto_sel LATENCY 0 OPTYPE select PRAGMA {} RTLNAME select_ln151_127_fu_14170_p3 SOURCE src/integrated-gcn/integrated_gcn.cpp:151 VARIABLE select_ln151_127 LOOP COMP_EMIT_VITIS_LOOP_146_4 BUNDLEDNAME {} DSP 0 BRAM 0 URAM 0 STORAGESUBTYPE {} DISPNAME {bind_op select} VISIBLE false} {BINDTYPE op ID {} IMPL auto LATENCY 0 OPTYPE or PRAGMA {} RTLNAME or_ln151_51_fu_14178_p2 SOURCE src/integrated-gcn/integrated_gcn.cpp:151 VARIABLE or_ln151_51 LOOP COMP_EMIT_VITIS_LOOP_146_4 BUNDLEDNAME {} DSP 0 BRAM 0 URAM 0 STORAGESUBTYPE {} DISPNAME {bind_op or} VISIBLE false} {BINDTYPE op ID {} IMPL auto_sel LATENCY 0 OPTYPE select PRAGMA {} RTLNAME select_ln151_128_fu_14184_p3 SOURCE src/integrated-gcn/integrated_gcn.cpp:151 VARIABLE select_ln151_128 LOOP COMP_EMIT_VITIS_LOOP_146_4 BUNDLEDNAME {} DSP 0 BRAM 0 URAM 0 STORAGESUBTYPE {} DISPNAME {bind_op select} VISIBLE false} {BINDTYPE op ID {} IMPL auto_sel LATENCY 0 OPTYPE select PRAGMA {} RTLNAME tmp_199_fu_14220_p2 SOURCE src/integrated-gcn/integrated_gcn.cpp:151 VARIABLE select_ln151_232 LOOP COMP_EMIT_VITIS_LOOP_146_4 BUNDLEDNAME {} DSP 0 BRAM 0 URAM 0 STORAGESUBTYPE {} DISPNAME {bind_op select} VISIBLE false} {BINDTYPE op ID {} IMPL auto_sel LATENCY 0 OPTYPE select PRAGMA {} RTLNAME tmp_199_fu_14220_p4 SOURCE src/integrated-gcn/integrated_gcn.cpp:151 VARIABLE select_ln151_233 LOOP COMP_EMIT_VITIS_LOOP_146_4 BUNDLEDNAME {} DSP 0 BRAM 0 URAM 0 STORAGESUBTYPE {} DISPNAME {bind_op select} VISIBLE false} {BINDTYPE op ID {} IMPL auto_sel LATENCY 0 OPTYPE select PRAGMA {} RTLNAME tmp_199_fu_14220_p6 SOURCE src/integrated-gcn/integrated_gcn.cpp:151 VARIABLE select_ln151_234 LOOP COMP_EMIT_VITIS_LOOP_146_4 BUNDLEDNAME {} DSP 0 BRAM 0 URAM 0 STORAGESUBTYPE {} DISPNAME {bind_op select} VISIBLE false} {BINDTYPE op ID {} IMPL auto_sel LATENCY 0 OPTYPE select PRAGMA {} RTLNAME tmp_199_fu_14220_p8 SOURCE src/integrated-gcn/integrated_gcn.cpp:151 VARIABLE select_ln151_235 LOOP COMP_EMIT_VITIS_LOOP_146_4 BUNDLEDNAME {} DSP 0 BRAM 0 URAM 0 STORAGESUBTYPE {} DISPNAME {bind_op select} VISIBLE false} {BINDTYPE op ID {} IMPL compactencoding_dontcare LATENCY 0 OPTYPE sparsemux PRAGMA {} RTLNAME sparsemux_9_2_32_1_1_U1197 SOURCE src/integrated-gcn/integrated_gcn.cpp:151 VARIABLE tmp_199 LOOP COMP_EMIT_VITIS_LOOP_146_4 BUNDLEDNAME {} DSP 0 BRAM 0 URAM 0 STORAGESUBTYPE {} DISPNAME {bind_op sparsemux} VISIBLE false} {BINDTYPE op ID {} IMPL fabric LATENCY 0 OPTYPE add PRAGMA {} RTLNAME add_ln151_26_fu_14281_p2 SOURCE src/integrated-gcn/integrated_gcn.cpp:151 VARIABLE add_ln151_26 LOOP COMP_EMIT_VITIS_LOOP_146_4 BUNDLEDNAME {} DSP 0 BRAM 0 URAM 0 STORAGESUBTYPE {} DISPNAME {bind_op add} VISIBLE true} {BINDTYPE op ID {} IMPL auto LATENCY 0 OPTYPE xor PRAGMA {} RTLNAME xor_ln151_130_fu_14295_p2 SOURCE src/integrated-gcn/integrated_gcn.cpp:151 VARIABLE xor_ln151_130 LOOP COMP_EMIT_VITIS_LOOP_146_4 BUNDLEDNAME {} DSP 0 BRAM 0 URAM 0 STORAGESUBTYPE {} DISPNAME {bind_op xor} VISIBLE false} {BINDTYPE op ID {} IMPL auto LATENCY 0 OPTYPE and PRAGMA {} RTLNAME and_ln151_156_fu_14301_p2 SOURCE src/integrated-gcn/integrated_gcn.cpp:151 VARIABLE and_ln151_156 LOOP COMP_EMIT_VITIS_LOOP_146_4 BUNDLEDNAME {} DSP 0 BRAM 0 URAM 0 STORAGESUBTYPE {} DISPNAME {bind_op and} VISIBLE false} {BINDTYPE op ID {} IMPL auto LATENCY 0 OPTYPE seteq PRAGMA {} RTLNAME icmp_ln151_78_fu_14323_p2 SOURCE src/integrated-gcn/integrated_gcn.cpp:151 VARIABLE icmp_ln151_78 LOOP COMP_EMIT_VITIS_LOOP_146_4 BUNDLEDNAME {} DSP 0 BRAM 0 URAM 0 STORAGESUBTYPE {} DISPNAME {bind_op seteq} VISIBLE false} {BINDTYPE op ID {} IMPL auto LATENCY 0 OPTYPE seteq PRAGMA {} RTLNAME icmp_ln151_79_fu_14337_p2 SOURCE src/integrated-gcn/integrated_gcn.cpp:151 VARIABLE icmp_ln151_79 LOOP COMP_EMIT_VITIS_LOOP_146_4 BUNDLEDNAME {} DSP 0 BRAM 0 URAM 0 STORAGESUBTYPE {} DISPNAME {bind_op seteq} VISIBLE false} {BINDTYPE op ID {} IMPL auto LATENCY 0 OPTYPE seteq PRAGMA {} RTLNAME icmp_ln151_80_fu_14343_p2 SOURCE src/integrated-gcn/integrated_gcn.cpp:151 VARIABLE icmp_ln151_80 LOOP COMP_EMIT_VITIS_LOOP_146_4 BUNDLEDNAME {} DSP 0 BRAM 0 URAM 0 STORAGESUBTYPE {} DISPNAME {bind_op seteq} VISIBLE false} {BINDTYPE op ID {} IMPL auto_sel LATENCY 0 OPTYPE select PRAGMA {} RTLNAME select_ln151_130_fu_14349_p3 SOURCE src/integrated-gcn/integrated_gcn.cpp:151 VARIABLE select_ln151_130 LOOP COMP_EMIT_VITIS_LOOP_146_4 BUNDLEDNAME {} DSP 0 BRAM 0 URAM 0 STORAGESUBTYPE {} DISPNAME {bind_op select} VISIBLE false} {BINDTYPE op ID {} IMPL auto LATENCY 0 OPTYPE xor PRAGMA {} RTLNAME xor_ln151_131_fu_14357_p2 SOURCE src/integrated-gcn/integrated_gcn.cpp:151 VARIABLE xor_ln151_131 LOOP COMP_EMIT_VITIS_LOOP_146_4 BUNDLEDNAME {} DSP 0 BRAM 0 URAM 0 STORAGESUBTYPE {} DISPNAME {bind_op xor} VISIBLE false} {BINDTYPE op ID {} IMPL auto LATENCY 0 OPTYPE and PRAGMA {} RTLNAME and_ln151_157_fu_14363_p2 SOURCE src/integrated-gcn/integrated_gcn.cpp:151 VARIABLE and_ln151_157 LOOP COMP_EMIT_VITIS_LOOP_146_4 BUNDLEDNAME {} DSP 0 BRAM 0 URAM 0 STORAGESUBTYPE {} DISPNAME {bind_op and} VISIBLE false} {BINDTYPE op ID {} IMPL auto_sel LATENCY 0 OPTYPE select PRAGMA {} RTLNAME select_ln151_131_fu_14369_p3 SOURCE src/integrated-gcn/integrated_gcn.cpp:151 VARIABLE select_ln151_131 LOOP COMP_EMIT_VITIS_LOOP_146_4 BUNDLEDNAME {} DSP 0 BRAM 0 URAM 0 STORAGESUBTYPE {} DISPNAME {bind_op select} VISIBLE false} {BINDTYPE op ID {} IMPL auto LATENCY 0 OPTYPE and PRAGMA {} RTLNAME and_ln151_158_fu_14377_p2 SOURCE src/integrated-gcn/integrated_gcn.cpp:151 VARIABLE and_ln151_158 LOOP COMP_EMIT_VITIS_LOOP_146_4 BUNDLEDNAME {} DSP 0 BRAM 0 URAM 0 STORAGESUBTYPE {} DISPNAME {bind_op and} VISIBLE false} {BINDTYPE op ID {} IMPL auto LATENCY 0 OPTYPE xor PRAGMA {} RTLNAME xor_ln151_132_fu_14383_p2 SOURCE src/integrated-gcn/integrated_gcn.cpp:151 VARIABLE xor_ln151_132 LOOP COMP_EMIT_VITIS_LOOP_146_4 BUNDLEDNAME {} DSP 0 BRAM 0 URAM 0 STORAGESUBTYPE {} DISPNAME {bind_op xor} VISIBLE false} {BINDTYPE op ID {} IMPL auto LATENCY 0 OPTYPE or PRAGMA {} RTLNAME or_ln151_52_fu_14389_p2 SOURCE src/integrated-gcn/integrated_gcn.cpp:151 VARIABLE or_ln151_52 LOOP COMP_EMIT_VITIS_LOOP_146_4 BUNDLEDNAME {} DSP 0 BRAM 0 URAM 0 STORAGESUBTYPE {} DISPNAME {bind_op or} VISIBLE false} {BINDTYPE op ID {} IMPL auto LATENCY 0 OPTYPE xor PRAGMA {} RTLNAME xor_ln151_133_fu_14395_p2 SOURCE src/integrated-gcn/integrated_gcn.cpp:151 VARIABLE xor_ln151_133 LOOP COMP_EMIT_VITIS_LOOP_146_4 BUNDLEDNAME {} DSP 0 BRAM 0 URAM 0 STORAGESUBTYPE {} DISPNAME {bind_op xor} VISIBLE false} {BINDTYPE op ID {} IMPL auto LATENCY 0 OPTYPE and PRAGMA {} RTLNAME and_ln151_159_fu_14401_p2 SOURCE src/integrated-gcn/integrated_gcn.cpp:151 VARIABLE and_ln151_159 LOOP COMP_EMIT_VITIS_LOOP_146_4 BUNDLEDNAME {} DSP 0 BRAM 0 URAM 0 STORAGESUBTYPE {} DISPNAME {bind_op and} VISIBLE false} {BINDTYPE op ID {} IMPL auto LATENCY 0 OPTYPE and PRAGMA {} RTLNAME and_ln151_160_fu_14407_p2 SOURCE src/integrated-gcn/integrated_gcn.cpp:151 VARIABLE and_ln151_160 LOOP COMP_EMIT_VITIS_LOOP_146_4 BUNDLEDNAME {} DSP 0 BRAM 0 URAM 0 STORAGESUBTYPE {} DISPNAME {bind_op and} VISIBLE false} {BINDTYPE op ID {} IMPL auto LATENCY 0 OPTYPE or PRAGMA {} RTLNAME or_ln151_90_fu_14413_p2 SOURCE src/integrated-gcn/integrated_gcn.cpp:151 VARIABLE or_ln151_90 LOOP COMP_EMIT_VITIS_LOOP_146_4 BUNDLEDNAME {} DSP 0 BRAM 0 URAM 0 STORAGESUBTYPE {} DISPNAME {bind_op or} VISIBLE false} {BINDTYPE op ID {} IMPL auto LATENCY 0 OPTYPE xor PRAGMA {} RTLNAME xor_ln151_134_fu_14419_p2 SOURCE src/integrated-gcn/integrated_gcn.cpp:151 VARIABLE xor_ln151_134 LOOP COMP_EMIT_VITIS_LOOP_146_4 BUNDLEDNAME {} DSP 0 BRAM 0 URAM 0 STORAGESUBTYPE {} DISPNAME {bind_op xor} VISIBLE false} {BINDTYPE op ID {} IMPL auto LATENCY 0 OPTYPE and PRAGMA {} RTLNAME and_ln151_161_fu_14425_p2 SOURCE src/integrated-gcn/integrated_gcn.cpp:151 VARIABLE and_ln151_161 LOOP COMP_EMIT_VITIS_LOOP_146_4 BUNDLEDNAME {} DSP 0 BRAM 0 URAM 0 STORAGESUBTYPE {} DISPNAME {bind_op and} VISIBLE false} {BINDTYPE op ID {} IMPL auto_sel LATENCY 0 OPTYPE select PRAGMA {} RTLNAME select_ln151_132_fu_14431_p3 SOURCE src/integrated-gcn/integrated_gcn.cpp:151 VARIABLE select_ln151_132 LOOP COMP_EMIT_VITIS_LOOP_146_4 BUNDLEDNAME {} DSP 0 BRAM 0 URAM 0 STORAGESUBTYPE {} DISPNAME {bind_op select} VISIBLE false} {BINDTYPE op ID {} IMPL auto LATENCY 0 OPTYPE or PRAGMA {} RTLNAME or_ln151_53_fu_14439_p2 SOURCE src/integrated-gcn/integrated_gcn.cpp:151 VARIABLE or_ln151_53 LOOP COMP_EMIT_VITIS_LOOP_146_4 BUNDLEDNAME {} DSP 0 BRAM 0 URAM 0 STORAGESUBTYPE {} DISPNAME {bind_op or} VISIBLE false} {BINDTYPE op ID {} IMPL auto_sel LATENCY 0 OPTYPE select PRAGMA {} RTLNAME select_ln151_133_fu_14445_p3 SOURCE src/integrated-gcn/integrated_gcn.cpp:151 VARIABLE select_ln151_133 LOOP COMP_EMIT_VITIS_LOOP_146_4 BUNDLEDNAME {} DSP 0 BRAM 0 URAM 0 STORAGESUBTYPE {} DISPNAME {bind_op select} VISIBLE false} {BINDTYPE op ID {} IMPL auto_sel LATENCY 0 OPTYPE select PRAGMA {} RTLNAME tmp_207_fu_14481_p2 SOURCE src/integrated-gcn/integrated_gcn.cpp:151 VARIABLE select_ln151_236 LOOP COMP_EMIT_VITIS_LOOP_146_4 BUNDLEDNAME {} DSP 0 BRAM 0 URAM 0 STORAGESUBTYPE {} DISPNAME {bind_op select} VISIBLE false} {BINDTYPE op ID {} IMPL auto_sel LATENCY 0 OPTYPE select PRAGMA {} RTLNAME tmp_207_fu_14481_p4 SOURCE src/integrated-gcn/integrated_gcn.cpp:151 VARIABLE select_ln151_237 LOOP COMP_EMIT_VITIS_LOOP_146_4 BUNDLEDNAME {} DSP 0 BRAM 0 URAM 0 STORAGESUBTYPE {} DISPNAME {bind_op select} VISIBLE false} {BINDTYPE op ID {} IMPL auto_sel LATENCY 0 OPTYPE select PRAGMA {} RTLNAME tmp_207_fu_14481_p6 SOURCE src/integrated-gcn/integrated_gcn.cpp:151 VARIABLE select_ln151_238 LOOP COMP_EMIT_VITIS_LOOP_146_4 BUNDLEDNAME {} DSP 0 BRAM 0 URAM 0 STORAGESUBTYPE {} DISPNAME {bind_op select} VISIBLE false} {BINDTYPE op ID {} IMPL auto_sel LATENCY 0 OPTYPE select PRAGMA {} RTLNAME tmp_207_fu_14481_p8 SOURCE src/integrated-gcn/integrated_gcn.cpp:151 VARIABLE select_ln151_239 LOOP COMP_EMIT_VITIS_LOOP_146_4 BUNDLEDNAME {} DSP 0 BRAM 0 URAM 0 STORAGESUBTYPE {} DISPNAME {bind_op select} VISIBLE false} {BINDTYPE op ID {} IMPL compactencoding_dontcare LATENCY 0 OPTYPE sparsemux PRAGMA {} RTLNAME sparsemux_9_2_32_1_1_U1198 SOURCE src/integrated-gcn/integrated_gcn.cpp:151 VARIABLE tmp_207 LOOP COMP_EMIT_VITIS_LOOP_146_4 BUNDLEDNAME {} DSP 0 BRAM 0 URAM 0 STORAGESUBTYPE {} DISPNAME {bind_op sparsemux} VISIBLE false} {BINDTYPE op ID {} IMPL fabric LATENCY 0 OPTYPE add PRAGMA {} RTLNAME add_ln151_27_fu_14542_p2 SOURCE src/integrated-gcn/integrated_gcn.cpp:151 VARIABLE add_ln151_27 LOOP COMP_EMIT_VITIS_LOOP_146_4 BUNDLEDNAME {} DSP 0 BRAM 0 URAM 0 STORAGESUBTYPE {} DISPNAME {bind_op add} VISIBLE true} {BINDTYPE op ID {} IMPL auto LATENCY 0 OPTYPE xor PRAGMA {} RTLNAME xor_ln151_135_fu_14556_p2 SOURCE src/integrated-gcn/integrated_gcn.cpp:151 VARIABLE xor_ln151_135 LOOP COMP_EMIT_VITIS_LOOP_146_4 BUNDLEDNAME {} DSP 0 BRAM 0 URAM 0 STORAGESUBTYPE {} DISPNAME {bind_op xor} VISIBLE false} {BINDTYPE op ID {} IMPL auto LATENCY 0 OPTYPE and PRAGMA {} RTLNAME and_ln151_162_fu_14562_p2 SOURCE src/integrated-gcn/integrated_gcn.cpp:151 VARIABLE and_ln151_162 LOOP COMP_EMIT_VITIS_LOOP_146_4 BUNDLEDNAME {} DSP 0 BRAM 0 URAM 0 STORAGESUBTYPE {} DISPNAME {bind_op and} VISIBLE false} {BINDTYPE op ID {} IMPL auto LATENCY 0 OPTYPE seteq PRAGMA {} RTLNAME icmp_ln151_81_fu_14584_p2 SOURCE src/integrated-gcn/integrated_gcn.cpp:151 VARIABLE icmp_ln151_81 LOOP COMP_EMIT_VITIS_LOOP_146_4 BUNDLEDNAME {} DSP 0 BRAM 0 URAM 0 STORAGESUBTYPE {} DISPNAME {bind_op seteq} VISIBLE false} {BINDTYPE op ID {} IMPL auto LATENCY 0 OPTYPE seteq PRAGMA {} RTLNAME icmp_ln151_82_fu_14598_p2 SOURCE src/integrated-gcn/integrated_gcn.cpp:151 VARIABLE icmp_ln151_82 LOOP COMP_EMIT_VITIS_LOOP_146_4 BUNDLEDNAME {} DSP 0 BRAM 0 URAM 0 STORAGESUBTYPE {} DISPNAME {bind_op seteq} VISIBLE false} {BINDTYPE op ID {} IMPL auto LATENCY 0 OPTYPE seteq PRAGMA {} RTLNAME icmp_ln151_83_fu_14604_p2 SOURCE src/integrated-gcn/integrated_gcn.cpp:151 VARIABLE icmp_ln151_83 LOOP COMP_EMIT_VITIS_LOOP_146_4 BUNDLEDNAME {} DSP 0 BRAM 0 URAM 0 STORAGESUBTYPE {} DISPNAME {bind_op seteq} VISIBLE false} {BINDTYPE op ID {} IMPL auto_sel LATENCY 0 OPTYPE select PRAGMA {} RTLNAME select_ln151_135_fu_14610_p3 SOURCE src/integrated-gcn/integrated_gcn.cpp:151 VARIABLE select_ln151_135 LOOP COMP_EMIT_VITIS_LOOP_146_4 BUNDLEDNAME {} DSP 0 BRAM 0 URAM 0 STORAGESUBTYPE {} DISPNAME {bind_op select} VISIBLE false} {BINDTYPE op ID {} IMPL auto LATENCY 0 OPTYPE xor PRAGMA {} RTLNAME xor_ln151_136_fu_14618_p2 SOURCE src/integrated-gcn/integrated_gcn.cpp:151 VARIABLE xor_ln151_136 LOOP COMP_EMIT_VITIS_LOOP_146_4 BUNDLEDNAME {} DSP 0 BRAM 0 URAM 0 STORAGESUBTYPE {} DISPNAME {bind_op xor} VISIBLE false} {BINDTYPE op ID {} IMPL auto LATENCY 0 OPTYPE and PRAGMA {} RTLNAME and_ln151_163_fu_14624_p2 SOURCE src/integrated-gcn/integrated_gcn.cpp:151 VARIABLE and_ln151_163 LOOP COMP_EMIT_VITIS_LOOP_146_4 BUNDLEDNAME {} DSP 0 BRAM 0 URAM 0 STORAGESUBTYPE {} DISPNAME {bind_op and} VISIBLE false} {BINDTYPE op ID {} IMPL auto_sel LATENCY 0 OPTYPE select PRAGMA {} RTLNAME select_ln151_136_fu_14630_p3 SOURCE src/integrated-gcn/integrated_gcn.cpp:151 VARIABLE select_ln151_136 LOOP COMP_EMIT_VITIS_LOOP_146_4 BUNDLEDNAME {} DSP 0 BRAM 0 URAM 0 STORAGESUBTYPE {} DISPNAME {bind_op select} VISIBLE false} {BINDTYPE op ID {} IMPL auto LATENCY 0 OPTYPE and PRAGMA {} RTLNAME and_ln151_164_fu_14638_p2 SOURCE src/integrated-gcn/integrated_gcn.cpp:151 VARIABLE and_ln151_164 LOOP COMP_EMIT_VITIS_LOOP_146_4 BUNDLEDNAME {} DSP 0 BRAM 0 URAM 0 STORAGESUBTYPE {} DISPNAME {bind_op and} VISIBLE false} {BINDTYPE op ID {} IMPL auto LATENCY 0 OPTYPE xor PRAGMA {} RTLNAME xor_ln151_137_fu_14644_p2 SOURCE src/integrated-gcn/integrated_gcn.cpp:151 VARIABLE xor_ln151_137 LOOP COMP_EMIT_VITIS_LOOP_146_4 BUNDLEDNAME {} DSP 0 BRAM 0 URAM 0 STORAGESUBTYPE {} DISPNAME {bind_op xor} VISIBLE false} {BINDTYPE op ID {} IMPL auto LATENCY 0 OPTYPE or PRAGMA {} RTLNAME or_ln151_54_fu_14650_p2 SOURCE src/integrated-gcn/integrated_gcn.cpp:151 VARIABLE or_ln151_54 LOOP COMP_EMIT_VITIS_LOOP_146_4 BUNDLEDNAME {} DSP 0 BRAM 0 URAM 0 STORAGESUBTYPE {} DISPNAME {bind_op or} VISIBLE false} {BINDTYPE op ID {} IMPL auto LATENCY 0 OPTYPE xor PRAGMA {} RTLNAME xor_ln151_138_fu_14656_p2 SOURCE src/integrated-gcn/integrated_gcn.cpp:151 VARIABLE xor_ln151_138 LOOP COMP_EMIT_VITIS_LOOP_146_4 BUNDLEDNAME {} DSP 0 BRAM 0 URAM 0 STORAGESUBTYPE {} DISPNAME {bind_op xor} VISIBLE false} {BINDTYPE op ID {} IMPL auto LATENCY 0 OPTYPE and PRAGMA {} RTLNAME and_ln151_165_fu_14662_p2 SOURCE src/integrated-gcn/integrated_gcn.cpp:151 VARIABLE and_ln151_165 LOOP COMP_EMIT_VITIS_LOOP_146_4 BUNDLEDNAME {} DSP 0 BRAM 0 URAM 0 STORAGESUBTYPE {} DISPNAME {bind_op and} VISIBLE false} {BINDTYPE op ID {} IMPL auto LATENCY 0 OPTYPE and PRAGMA {} RTLNAME and_ln151_166_fu_14668_p2 SOURCE src/integrated-gcn/integrated_gcn.cpp:151 VARIABLE and_ln151_166 LOOP COMP_EMIT_VITIS_LOOP_146_4 BUNDLEDNAME {} DSP 0 BRAM 0 URAM 0 STORAGESUBTYPE {} DISPNAME {bind_op and} VISIBLE false} {BINDTYPE op ID {} IMPL auto LATENCY 0 OPTYPE or PRAGMA {} RTLNAME or_ln151_91_fu_14674_p2 SOURCE src/integrated-gcn/integrated_gcn.cpp:151 VARIABLE or_ln151_91 LOOP COMP_EMIT_VITIS_LOOP_146_4 BUNDLEDNAME {} DSP 0 BRAM 0 URAM 0 STORAGESUBTYPE {} DISPNAME {bind_op or} VISIBLE false} {BINDTYPE op ID {} IMPL auto LATENCY 0 OPTYPE xor PRAGMA {} RTLNAME xor_ln151_139_fu_14680_p2 SOURCE src/integrated-gcn/integrated_gcn.cpp:151 VARIABLE xor_ln151_139 LOOP COMP_EMIT_VITIS_LOOP_146_4 BUNDLEDNAME {} DSP 0 BRAM 0 URAM 0 STORAGESUBTYPE {} DISPNAME {bind_op xor} VISIBLE false} {BINDTYPE op ID {} IMPL auto LATENCY 0 OPTYPE and PRAGMA {} RTLNAME and_ln151_167_fu_14686_p2 SOURCE src/integrated-gcn/integrated_gcn.cpp:151 VARIABLE and_ln151_167 LOOP COMP_EMIT_VITIS_LOOP_146_4 BUNDLEDNAME {} DSP 0 BRAM 0 URAM 0 STORAGESUBTYPE {} DISPNAME {bind_op and} VISIBLE false} {BINDTYPE op ID {} IMPL auto_sel LATENCY 0 OPTYPE select PRAGMA {} RTLNAME select_ln151_137_fu_14692_p3 SOURCE src/integrated-gcn/integrated_gcn.cpp:151 VARIABLE select_ln151_137 LOOP COMP_EMIT_VITIS_LOOP_146_4 BUNDLEDNAME {} DSP 0 BRAM 0 URAM 0 STORAGESUBTYPE {} DISPNAME {bind_op select} VISIBLE false} {BINDTYPE op ID {} IMPL auto LATENCY 0 OPTYPE or PRAGMA {} RTLNAME or_ln151_55_fu_14700_p2 SOURCE src/integrated-gcn/integrated_gcn.cpp:151 VARIABLE or_ln151_55 LOOP COMP_EMIT_VITIS_LOOP_146_4 BUNDLEDNAME {} DSP 0 BRAM 0 URAM 0 STORAGESUBTYPE {} DISPNAME {bind_op or} VISIBLE false} {BINDTYPE op ID {} IMPL auto_sel LATENCY 0 OPTYPE select PRAGMA {} RTLNAME select_ln151_138_fu_14706_p3 SOURCE src/integrated-gcn/integrated_gcn.cpp:151 VARIABLE select_ln151_138 LOOP COMP_EMIT_VITIS_LOOP_146_4 BUNDLEDNAME {} DSP 0 BRAM 0 URAM 0 STORAGESUBTYPE {} DISPNAME {bind_op select} VISIBLE false} {BINDTYPE op ID {} IMPL auto_sel LATENCY 0 OPTYPE select PRAGMA {} RTLNAME tmp_215_fu_14742_p2 SOURCE src/integrated-gcn/integrated_gcn.cpp:151 VARIABLE select_ln151_240 LOOP COMP_EMIT_VITIS_LOOP_146_4 BUNDLEDNAME {} DSP 0 BRAM 0 URAM 0 STORAGESUBTYPE {} DISPNAME {bind_op select} VISIBLE false} {BINDTYPE op ID {} IMPL auto_sel LATENCY 0 OPTYPE select PRAGMA {} RTLNAME tmp_215_fu_14742_p4 SOURCE src/integrated-gcn/integrated_gcn.cpp:151 VARIABLE select_ln151_241 LOOP COMP_EMIT_VITIS_LOOP_146_4 BUNDLEDNAME {} DSP 0 BRAM 0 URAM 0 STORAGESUBTYPE {} DISPNAME {bind_op select} VISIBLE false} {BINDTYPE op ID {} IMPL auto_sel LATENCY 0 OPTYPE select PRAGMA {} RTLNAME tmp_215_fu_14742_p6 SOURCE src/integrated-gcn/integrated_gcn.cpp:151 VARIABLE select_ln151_242 LOOP COMP_EMIT_VITIS_LOOP_146_4 BUNDLEDNAME {} DSP 0 BRAM 0 URAM 0 STORAGESUBTYPE {} DISPNAME {bind_op select} VISIBLE false} {BINDTYPE op ID {} IMPL auto_sel LATENCY 0 OPTYPE select PRAGMA {} RTLNAME tmp_215_fu_14742_p8 SOURCE src/integrated-gcn/integrated_gcn.cpp:151 VARIABLE select_ln151_243 LOOP COMP_EMIT_VITIS_LOOP_146_4 BUNDLEDNAME {} DSP 0 BRAM 0 URAM 0 STORAGESUBTYPE {} DISPNAME {bind_op select} VISIBLE false} {BINDTYPE op ID {} IMPL compactencoding_dontcare LATENCY 0 OPTYPE sparsemux PRAGMA {} RTLNAME sparsemux_9_2_32_1_1_U1199 SOURCE src/integrated-gcn/integrated_gcn.cpp:151 VARIABLE tmp_215 LOOP COMP_EMIT_VITIS_LOOP_146_4 BUNDLEDNAME {} DSP 0 BRAM 0 URAM 0 STORAGESUBTYPE {} DISPNAME {bind_op sparsemux} VISIBLE false} {BINDTYPE op ID {} IMPL fabric LATENCY 0 OPTYPE add PRAGMA {} RTLNAME add_ln151_28_fu_14803_p2 SOURCE src/integrated-gcn/integrated_gcn.cpp:151 VARIABLE add_ln151_28 LOOP COMP_EMIT_VITIS_LOOP_146_4 BUNDLEDNAME {} DSP 0 BRAM 0 URAM 0 STORAGESUBTYPE {} DISPNAME {bind_op add} VISIBLE true} {BINDTYPE op ID {} IMPL auto LATENCY 0 OPTYPE xor PRAGMA {} RTLNAME xor_ln151_140_fu_14817_p2 SOURCE src/integrated-gcn/integrated_gcn.cpp:151 VARIABLE xor_ln151_140 LOOP COMP_EMIT_VITIS_LOOP_146_4 BUNDLEDNAME {} DSP 0 BRAM 0 URAM 0 STORAGESUBTYPE {} DISPNAME {bind_op xor} VISIBLE false} {BINDTYPE op ID {} IMPL auto LATENCY 0 OPTYPE and PRAGMA {} RTLNAME and_ln151_168_fu_14823_p2 SOURCE src/integrated-gcn/integrated_gcn.cpp:151 VARIABLE and_ln151_168 LOOP COMP_EMIT_VITIS_LOOP_146_4 BUNDLEDNAME {} DSP 0 BRAM 0 URAM 0 STORAGESUBTYPE {} DISPNAME {bind_op and} VISIBLE false} {BINDTYPE op ID {} IMPL auto LATENCY 0 OPTYPE seteq PRAGMA {} RTLNAME icmp_ln151_84_fu_14845_p2 SOURCE src/integrated-gcn/integrated_gcn.cpp:151 VARIABLE icmp_ln151_84 LOOP COMP_EMIT_VITIS_LOOP_146_4 BUNDLEDNAME {} DSP 0 BRAM 0 URAM 0 STORAGESUBTYPE {} DISPNAME {bind_op seteq} VISIBLE false} {BINDTYPE op ID {} IMPL auto LATENCY 0 OPTYPE seteq PRAGMA {} RTLNAME icmp_ln151_85_fu_14859_p2 SOURCE src/integrated-gcn/integrated_gcn.cpp:151 VARIABLE icmp_ln151_85 LOOP COMP_EMIT_VITIS_LOOP_146_4 BUNDLEDNAME {} DSP 0 BRAM 0 URAM 0 STORAGESUBTYPE {} DISPNAME {bind_op seteq} VISIBLE false} {BINDTYPE op ID {} IMPL auto LATENCY 0 OPTYPE seteq PRAGMA {} RTLNAME icmp_ln151_86_fu_14865_p2 SOURCE src/integrated-gcn/integrated_gcn.cpp:151 VARIABLE icmp_ln151_86 LOOP COMP_EMIT_VITIS_LOOP_146_4 BUNDLEDNAME {} DSP 0 BRAM 0 URAM 0 STORAGESUBTYPE {} DISPNAME {bind_op seteq} VISIBLE false} {BINDTYPE op ID {} IMPL auto_sel LATENCY 0 OPTYPE select PRAGMA {} RTLNAME select_ln151_140_fu_14871_p3 SOURCE src/integrated-gcn/integrated_gcn.cpp:151 VARIABLE select_ln151_140 LOOP COMP_EMIT_VITIS_LOOP_146_4 BUNDLEDNAME {} DSP 0 BRAM 0 URAM 0 STORAGESUBTYPE {} DISPNAME {bind_op select} VISIBLE false} {BINDTYPE op ID {} IMPL auto LATENCY 0 OPTYPE xor PRAGMA {} RTLNAME xor_ln151_141_fu_14879_p2 SOURCE src/integrated-gcn/integrated_gcn.cpp:151 VARIABLE xor_ln151_141 LOOP COMP_EMIT_VITIS_LOOP_146_4 BUNDLEDNAME {} DSP 0 BRAM 0 URAM 0 STORAGESUBTYPE {} DISPNAME {bind_op xor} VISIBLE false} {BINDTYPE op ID {} IMPL auto LATENCY 0 OPTYPE and PRAGMA {} RTLNAME and_ln151_169_fu_14885_p2 SOURCE src/integrated-gcn/integrated_gcn.cpp:151 VARIABLE and_ln151_169 LOOP COMP_EMIT_VITIS_LOOP_146_4 BUNDLEDNAME {} DSP 0 BRAM 0 URAM 0 STORAGESUBTYPE {} DISPNAME {bind_op and} VISIBLE false} {BINDTYPE op ID {} IMPL auto_sel LATENCY 0 OPTYPE select PRAGMA {} RTLNAME select_ln151_141_fu_14891_p3 SOURCE src/integrated-gcn/integrated_gcn.cpp:151 VARIABLE select_ln151_141 LOOP COMP_EMIT_VITIS_LOOP_146_4 BUNDLEDNAME {} DSP 0 BRAM 0 URAM 0 STORAGESUBTYPE {} DISPNAME {bind_op select} VISIBLE false} {BINDTYPE op ID {} IMPL auto LATENCY 0 OPTYPE and PRAGMA {} RTLNAME and_ln151_170_fu_14899_p2 SOURCE src/integrated-gcn/integrated_gcn.cpp:151 VARIABLE and_ln151_170 LOOP COMP_EMIT_VITIS_LOOP_146_4 BUNDLEDNAME {} DSP 0 BRAM 0 URAM 0 STORAGESUBTYPE {} DISPNAME {bind_op and} VISIBLE false} {BINDTYPE op ID {} IMPL auto LATENCY 0 OPTYPE xor PRAGMA {} RTLNAME xor_ln151_142_fu_14905_p2 SOURCE src/integrated-gcn/integrated_gcn.cpp:151 VARIABLE xor_ln151_142 LOOP COMP_EMIT_VITIS_LOOP_146_4 BUNDLEDNAME {} DSP 0 BRAM 0 URAM 0 STORAGESUBTYPE {} DISPNAME {bind_op xor} VISIBLE false} {BINDTYPE op ID {} IMPL auto LATENCY 0 OPTYPE or PRAGMA {} RTLNAME or_ln151_56_fu_14911_p2 SOURCE src/integrated-gcn/integrated_gcn.cpp:151 VARIABLE or_ln151_56 LOOP COMP_EMIT_VITIS_LOOP_146_4 BUNDLEDNAME {} DSP 0 BRAM 0 URAM 0 STORAGESUBTYPE {} DISPNAME {bind_op or} VISIBLE false} {BINDTYPE op ID {} IMPL auto LATENCY 0 OPTYPE xor PRAGMA {} RTLNAME xor_ln151_143_fu_14917_p2 SOURCE src/integrated-gcn/integrated_gcn.cpp:151 VARIABLE xor_ln151_143 LOOP COMP_EMIT_VITIS_LOOP_146_4 BUNDLEDNAME {} DSP 0 BRAM 0 URAM 0 STORAGESUBTYPE {} DISPNAME {bind_op xor} VISIBLE false} {BINDTYPE op ID {} IMPL auto LATENCY 0 OPTYPE and PRAGMA {} RTLNAME and_ln151_171_fu_14923_p2 SOURCE src/integrated-gcn/integrated_gcn.cpp:151 VARIABLE and_ln151_171 LOOP COMP_EMIT_VITIS_LOOP_146_4 BUNDLEDNAME {} DSP 0 BRAM 0 URAM 0 STORAGESUBTYPE {} DISPNAME {bind_op and} VISIBLE false} {BINDTYPE op ID {} IMPL auto LATENCY 0 OPTYPE and PRAGMA {} RTLNAME and_ln151_172_fu_14929_p2 SOURCE src/integrated-gcn/integrated_gcn.cpp:151 VARIABLE and_ln151_172 LOOP COMP_EMIT_VITIS_LOOP_146_4 BUNDLEDNAME {} DSP 0 BRAM 0 URAM 0 STORAGESUBTYPE {} DISPNAME {bind_op and} VISIBLE false} {BINDTYPE op ID {} IMPL auto LATENCY 0 OPTYPE or PRAGMA {} RTLNAME or_ln151_92_fu_14935_p2 SOURCE src/integrated-gcn/integrated_gcn.cpp:151 VARIABLE or_ln151_92 LOOP COMP_EMIT_VITIS_LOOP_146_4 BUNDLEDNAME {} DSP 0 BRAM 0 URAM 0 STORAGESUBTYPE {} DISPNAME {bind_op or} VISIBLE false} {BINDTYPE op ID {} IMPL auto LATENCY 0 OPTYPE xor PRAGMA {} RTLNAME xor_ln151_144_fu_14941_p2 SOURCE src/integrated-gcn/integrated_gcn.cpp:151 VARIABLE xor_ln151_144 LOOP COMP_EMIT_VITIS_LOOP_146_4 BUNDLEDNAME {} DSP 0 BRAM 0 URAM 0 STORAGESUBTYPE {} DISPNAME {bind_op xor} VISIBLE false} {BINDTYPE op ID {} IMPL auto LATENCY 0 OPTYPE and PRAGMA {} RTLNAME and_ln151_173_fu_14947_p2 SOURCE src/integrated-gcn/integrated_gcn.cpp:151 VARIABLE and_ln151_173 LOOP COMP_EMIT_VITIS_LOOP_146_4 BUNDLEDNAME {} DSP 0 BRAM 0 URAM 0 STORAGESUBTYPE {} DISPNAME {bind_op and} VISIBLE false} {BINDTYPE op ID {} IMPL auto_sel LATENCY 0 OPTYPE select PRAGMA {} RTLNAME select_ln151_142_fu_14953_p3 SOURCE src/integrated-gcn/integrated_gcn.cpp:151 VARIABLE select_ln151_142 LOOP COMP_EMIT_VITIS_LOOP_146_4 BUNDLEDNAME {} DSP 0 BRAM 0 URAM 0 STORAGESUBTYPE {} DISPNAME {bind_op select} VISIBLE false} {BINDTYPE op ID {} IMPL auto LATENCY 0 OPTYPE or PRAGMA {} RTLNAME or_ln151_57_fu_14961_p2 SOURCE src/integrated-gcn/integrated_gcn.cpp:151 VARIABLE or_ln151_57 LOOP COMP_EMIT_VITIS_LOOP_146_4 BUNDLEDNAME {} DSP 0 BRAM 0 URAM 0 STORAGESUBTYPE {} DISPNAME {bind_op or} VISIBLE false} {BINDTYPE op ID {} IMPL auto_sel LATENCY 0 OPTYPE select PRAGMA {} RTLNAME select_ln151_143_fu_14967_p3 SOURCE src/integrated-gcn/integrated_gcn.cpp:151 VARIABLE select_ln151_143 LOOP COMP_EMIT_VITIS_LOOP_146_4 BUNDLEDNAME {} DSP 0 BRAM 0 URAM 0 STORAGESUBTYPE {} DISPNAME {bind_op select} VISIBLE false} {BINDTYPE op ID {} IMPL auto_sel LATENCY 0 OPTYPE select PRAGMA {} RTLNAME tmp_223_fu_15003_p2 SOURCE src/integrated-gcn/integrated_gcn.cpp:151 VARIABLE select_ln151_244 LOOP COMP_EMIT_VITIS_LOOP_146_4 BUNDLEDNAME {} DSP 0 BRAM 0 URAM 0 STORAGESUBTYPE {} DISPNAME {bind_op select} VISIBLE false} {BINDTYPE op ID {} IMPL auto_sel LATENCY 0 OPTYPE select PRAGMA {} RTLNAME tmp_223_fu_15003_p4 SOURCE src/integrated-gcn/integrated_gcn.cpp:151 VARIABLE select_ln151_245 LOOP COMP_EMIT_VITIS_LOOP_146_4 BUNDLEDNAME {} DSP 0 BRAM 0 URAM 0 STORAGESUBTYPE {} DISPNAME {bind_op select} VISIBLE false} {BINDTYPE op ID {} IMPL auto_sel LATENCY 0 OPTYPE select PRAGMA {} RTLNAME tmp_223_fu_15003_p6 SOURCE src/integrated-gcn/integrated_gcn.cpp:151 VARIABLE select_ln151_246 LOOP COMP_EMIT_VITIS_LOOP_146_4 BUNDLEDNAME {} DSP 0 BRAM 0 URAM 0 STORAGESUBTYPE {} DISPNAME {bind_op select} VISIBLE false} {BINDTYPE op ID {} IMPL auto_sel LATENCY 0 OPTYPE select PRAGMA {} RTLNAME tmp_223_fu_15003_p8 SOURCE src/integrated-gcn/integrated_gcn.cpp:151 VARIABLE select_ln151_247 LOOP COMP_EMIT_VITIS_LOOP_146_4 BUNDLEDNAME {} DSP 0 BRAM 0 URAM 0 STORAGESUBTYPE {} DISPNAME {bind_op select} VISIBLE false} {BINDTYPE op ID {} IMPL compactencoding_dontcare LATENCY 0 OPTYPE sparsemux PRAGMA {} RTLNAME sparsemux_9_2_32_1_1_U1200 SOURCE src/integrated-gcn/integrated_gcn.cpp:151 VARIABLE tmp_223 LOOP COMP_EMIT_VITIS_LOOP_146_4 BUNDLEDNAME {} DSP 0 BRAM 0 URAM 0 STORAGESUBTYPE {} DISPNAME {bind_op sparsemux} VISIBLE false} {BINDTYPE op ID {} IMPL fabric LATENCY 0 OPTYPE add PRAGMA {} RTLNAME add_ln151_29_fu_15064_p2 SOURCE src/integrated-gcn/integrated_gcn.cpp:151 VARIABLE add_ln151_29 LOOP COMP_EMIT_VITIS_LOOP_146_4 BUNDLEDNAME {} DSP 0 BRAM 0 URAM 0 STORAGESUBTYPE {} DISPNAME {bind_op add} VISIBLE true} {BINDTYPE op ID {} IMPL auto LATENCY 0 OPTYPE xor PRAGMA {} RTLNAME xor_ln151_145_fu_15078_p2 SOURCE src/integrated-gcn/integrated_gcn.cpp:151 VARIABLE xor_ln151_145 LOOP COMP_EMIT_VITIS_LOOP_146_4 BUNDLEDNAME {} DSP 0 BRAM 0 URAM 0 STORAGESUBTYPE {} DISPNAME {bind_op xor} VISIBLE false} {BINDTYPE op ID {} IMPL auto LATENCY 0 OPTYPE and PRAGMA {} RTLNAME and_ln151_174_fu_15084_p2 SOURCE src/integrated-gcn/integrated_gcn.cpp:151 VARIABLE and_ln151_174 LOOP COMP_EMIT_VITIS_LOOP_146_4 BUNDLEDNAME {} DSP 0 BRAM 0 URAM 0 STORAGESUBTYPE {} DISPNAME {bind_op and} VISIBLE false} {BINDTYPE op ID {} IMPL auto LATENCY 0 OPTYPE seteq PRAGMA {} RTLNAME icmp_ln151_87_fu_15106_p2 SOURCE src/integrated-gcn/integrated_gcn.cpp:151 VARIABLE icmp_ln151_87 LOOP COMP_EMIT_VITIS_LOOP_146_4 BUNDLEDNAME {} DSP 0 BRAM 0 URAM 0 STORAGESUBTYPE {} DISPNAME {bind_op seteq} VISIBLE false} {BINDTYPE op ID {} IMPL auto LATENCY 0 OPTYPE seteq PRAGMA {} RTLNAME icmp_ln151_88_fu_15120_p2 SOURCE src/integrated-gcn/integrated_gcn.cpp:151 VARIABLE icmp_ln151_88 LOOP COMP_EMIT_VITIS_LOOP_146_4 BUNDLEDNAME {} DSP 0 BRAM 0 URAM 0 STORAGESUBTYPE {} DISPNAME {bind_op seteq} VISIBLE false} {BINDTYPE op ID {} IMPL auto LATENCY 0 OPTYPE seteq PRAGMA {} RTLNAME icmp_ln151_89_fu_15126_p2 SOURCE src/integrated-gcn/integrated_gcn.cpp:151 VARIABLE icmp_ln151_89 LOOP COMP_EMIT_VITIS_LOOP_146_4 BUNDLEDNAME {} DSP 0 BRAM 0 URAM 0 STORAGESUBTYPE {} DISPNAME {bind_op seteq} VISIBLE false} {BINDTYPE op ID {} IMPL auto_sel LATENCY 0 OPTYPE select PRAGMA {} RTLNAME select_ln151_145_fu_15132_p3 SOURCE src/integrated-gcn/integrated_gcn.cpp:151 VARIABLE select_ln151_145 LOOP COMP_EMIT_VITIS_LOOP_146_4 BUNDLEDNAME {} DSP 0 BRAM 0 URAM 0 STORAGESUBTYPE {} DISPNAME {bind_op select} VISIBLE false} {BINDTYPE op ID {} IMPL auto LATENCY 0 OPTYPE xor PRAGMA {} RTLNAME xor_ln151_146_fu_15140_p2 SOURCE src/integrated-gcn/integrated_gcn.cpp:151 VARIABLE xor_ln151_146 LOOP COMP_EMIT_VITIS_LOOP_146_4 BUNDLEDNAME {} DSP 0 BRAM 0 URAM 0 STORAGESUBTYPE {} DISPNAME {bind_op xor} VISIBLE false} {BINDTYPE op ID {} IMPL auto LATENCY 0 OPTYPE and PRAGMA {} RTLNAME and_ln151_175_fu_15146_p2 SOURCE src/integrated-gcn/integrated_gcn.cpp:151 VARIABLE and_ln151_175 LOOP COMP_EMIT_VITIS_LOOP_146_4 BUNDLEDNAME {} DSP 0 BRAM 0 URAM 0 STORAGESUBTYPE {} DISPNAME {bind_op and} VISIBLE false} {BINDTYPE op ID {} IMPL auto_sel LATENCY 0 OPTYPE select PRAGMA {} RTLNAME select_ln151_146_fu_15152_p3 SOURCE src/integrated-gcn/integrated_gcn.cpp:151 VARIABLE select_ln151_146 LOOP COMP_EMIT_VITIS_LOOP_146_4 BUNDLEDNAME {} DSP 0 BRAM 0 URAM 0 STORAGESUBTYPE {} DISPNAME {bind_op select} VISIBLE false} {BINDTYPE op ID {} IMPL auto LATENCY 0 OPTYPE and PRAGMA {} RTLNAME and_ln151_176_fu_15160_p2 SOURCE src/integrated-gcn/integrated_gcn.cpp:151 VARIABLE and_ln151_176 LOOP COMP_EMIT_VITIS_LOOP_146_4 BUNDLEDNAME {} DSP 0 BRAM 0 URAM 0 STORAGESUBTYPE {} DISPNAME {bind_op and} VISIBLE false} {BINDTYPE op ID {} IMPL auto LATENCY 0 OPTYPE xor PRAGMA {} RTLNAME xor_ln151_147_fu_15166_p2 SOURCE src/integrated-gcn/integrated_gcn.cpp:151 VARIABLE xor_ln151_147 LOOP COMP_EMIT_VITIS_LOOP_146_4 BUNDLEDNAME {} DSP 0 BRAM 0 URAM 0 STORAGESUBTYPE {} DISPNAME {bind_op xor} VISIBLE false} {BINDTYPE op ID {} IMPL auto LATENCY 0 OPTYPE or PRAGMA {} RTLNAME or_ln151_58_fu_15172_p2 SOURCE src/integrated-gcn/integrated_gcn.cpp:151 VARIABLE or_ln151_58 LOOP COMP_EMIT_VITIS_LOOP_146_4 BUNDLEDNAME {} DSP 0 BRAM 0 URAM 0 STORAGESUBTYPE {} DISPNAME {bind_op or} VISIBLE false} {BINDTYPE op ID {} IMPL auto LATENCY 0 OPTYPE xor PRAGMA {} RTLNAME xor_ln151_148_fu_15178_p2 SOURCE src/integrated-gcn/integrated_gcn.cpp:151 VARIABLE xor_ln151_148 LOOP COMP_EMIT_VITIS_LOOP_146_4 BUNDLEDNAME {} DSP 0 BRAM 0 URAM 0 STORAGESUBTYPE {} DISPNAME {bind_op xor} VISIBLE false} {BINDTYPE op ID {} IMPL auto LATENCY 0 OPTYPE and PRAGMA {} RTLNAME and_ln151_177_fu_15184_p2 SOURCE src/integrated-gcn/integrated_gcn.cpp:151 VARIABLE and_ln151_177 LOOP COMP_EMIT_VITIS_LOOP_146_4 BUNDLEDNAME {} DSP 0 BRAM 0 URAM 0 STORAGESUBTYPE {} DISPNAME {bind_op and} VISIBLE false} {BINDTYPE op ID {} IMPL auto LATENCY 0 OPTYPE and PRAGMA {} RTLNAME and_ln151_178_fu_15190_p2 SOURCE src/integrated-gcn/integrated_gcn.cpp:151 VARIABLE and_ln151_178 LOOP COMP_EMIT_VITIS_LOOP_146_4 BUNDLEDNAME {} DSP 0 BRAM 0 URAM 0 STORAGESUBTYPE {} DISPNAME {bind_op and} VISIBLE false} {BINDTYPE op ID {} IMPL auto LATENCY 0 OPTYPE or PRAGMA {} RTLNAME or_ln151_93_fu_15196_p2 SOURCE src/integrated-gcn/integrated_gcn.cpp:151 VARIABLE or_ln151_93 LOOP COMP_EMIT_VITIS_LOOP_146_4 BUNDLEDNAME {} DSP 0 BRAM 0 URAM 0 STORAGESUBTYPE {} DISPNAME {bind_op or} VISIBLE false} {BINDTYPE op ID {} IMPL auto LATENCY 0 OPTYPE xor PRAGMA {} RTLNAME xor_ln151_149_fu_15202_p2 SOURCE src/integrated-gcn/integrated_gcn.cpp:151 VARIABLE xor_ln151_149 LOOP COMP_EMIT_VITIS_LOOP_146_4 BUNDLEDNAME {} DSP 0 BRAM 0 URAM 0 STORAGESUBTYPE {} DISPNAME {bind_op xor} VISIBLE false} {BINDTYPE op ID {} IMPL auto LATENCY 0 OPTYPE and PRAGMA {} RTLNAME and_ln151_179_fu_15208_p2 SOURCE src/integrated-gcn/integrated_gcn.cpp:151 VARIABLE and_ln151_179 LOOP COMP_EMIT_VITIS_LOOP_146_4 BUNDLEDNAME {} DSP 0 BRAM 0 URAM 0 STORAGESUBTYPE {} DISPNAME {bind_op and} VISIBLE false} {BINDTYPE op ID {} IMPL auto_sel LATENCY 0 OPTYPE select PRAGMA {} RTLNAME select_ln151_147_fu_15214_p3 SOURCE src/integrated-gcn/integrated_gcn.cpp:151 VARIABLE select_ln151_147 LOOP COMP_EMIT_VITIS_LOOP_146_4 BUNDLEDNAME {} DSP 0 BRAM 0 URAM 0 STORAGESUBTYPE {} DISPNAME {bind_op select} VISIBLE false} {BINDTYPE op ID {} IMPL auto LATENCY 0 OPTYPE or PRAGMA {} RTLNAME or_ln151_59_fu_15222_p2 SOURCE src/integrated-gcn/integrated_gcn.cpp:151 VARIABLE or_ln151_59 LOOP COMP_EMIT_VITIS_LOOP_146_4 BUNDLEDNAME {} DSP 0 BRAM 0 URAM 0 STORAGESUBTYPE {} DISPNAME {bind_op or} VISIBLE false} {BINDTYPE op ID {} IMPL auto_sel LATENCY 0 OPTYPE select PRAGMA {} RTLNAME select_ln151_148_fu_15228_p3 SOURCE src/integrated-gcn/integrated_gcn.cpp:151 VARIABLE select_ln151_148 LOOP COMP_EMIT_VITIS_LOOP_146_4 BUNDLEDNAME {} DSP 0 BRAM 0 URAM 0 STORAGESUBTYPE {} DISPNAME {bind_op select} VISIBLE false} {BINDTYPE op ID {} IMPL auto_sel LATENCY 0 OPTYPE select PRAGMA {} RTLNAME tmp_231_fu_15264_p2 SOURCE src/integrated-gcn/integrated_gcn.cpp:151 VARIABLE select_ln151_248 LOOP COMP_EMIT_VITIS_LOOP_146_4 BUNDLEDNAME {} DSP 0 BRAM 0 URAM 0 STORAGESUBTYPE {} DISPNAME {bind_op select} VISIBLE false} {BINDTYPE op ID {} IMPL auto_sel LATENCY 0 OPTYPE select PRAGMA {} RTLNAME tmp_231_fu_15264_p4 SOURCE src/integrated-gcn/integrated_gcn.cpp:151 VARIABLE select_ln151_249 LOOP COMP_EMIT_VITIS_LOOP_146_4 BUNDLEDNAME {} DSP 0 BRAM 0 URAM 0 STORAGESUBTYPE {} DISPNAME {bind_op select} VISIBLE false} {BINDTYPE op ID {} IMPL auto_sel LATENCY 0 OPTYPE select PRAGMA {} RTLNAME tmp_231_fu_15264_p6 SOURCE src/integrated-gcn/integrated_gcn.cpp:151 VARIABLE select_ln151_250 LOOP COMP_EMIT_VITIS_LOOP_146_4 BUNDLEDNAME {} DSP 0 BRAM 0 URAM 0 STORAGESUBTYPE {} DISPNAME {bind_op select} VISIBLE false} {BINDTYPE op ID {} IMPL auto_sel LATENCY 0 OPTYPE select PRAGMA {} RTLNAME tmp_231_fu_15264_p8 SOURCE src/integrated-gcn/integrated_gcn.cpp:151 VARIABLE select_ln151_251 LOOP COMP_EMIT_VITIS_LOOP_146_4 BUNDLEDNAME {} DSP 0 BRAM 0 URAM 0 STORAGESUBTYPE {} DISPNAME {bind_op select} VISIBLE false} {BINDTYPE op ID {} IMPL compactencoding_dontcare LATENCY 0 OPTYPE sparsemux PRAGMA {} RTLNAME sparsemux_9_2_32_1_1_U1201 SOURCE src/integrated-gcn/integrated_gcn.cpp:151 VARIABLE tmp_231 LOOP COMP_EMIT_VITIS_LOOP_146_4 BUNDLEDNAME {} DSP 0 BRAM 0 URAM 0 STORAGESUBTYPE {} DISPNAME {bind_op sparsemux} VISIBLE false} {BINDTYPE op ID {} IMPL fabric LATENCY 0 OPTYPE add PRAGMA {} RTLNAME add_ln151_30_fu_15325_p2 SOURCE src/integrated-gcn/integrated_gcn.cpp:151 VARIABLE add_ln151_30 LOOP COMP_EMIT_VITIS_LOOP_146_4 BUNDLEDNAME {} DSP 0 BRAM 0 URAM 0 STORAGESUBTYPE {} DISPNAME {bind_op add} VISIBLE true} {BINDTYPE op ID {} IMPL auto LATENCY 0 OPTYPE xor PRAGMA {} RTLNAME xor_ln151_150_fu_15339_p2 SOURCE src/integrated-gcn/integrated_gcn.cpp:151 VARIABLE xor_ln151_150 LOOP COMP_EMIT_VITIS_LOOP_146_4 BUNDLEDNAME {} DSP 0 BRAM 0 URAM 0 STORAGESUBTYPE {} DISPNAME {bind_op xor} VISIBLE false} {BINDTYPE op ID {} IMPL auto LATENCY 0 OPTYPE and PRAGMA {} RTLNAME and_ln151_180_fu_15345_p2 SOURCE src/integrated-gcn/integrated_gcn.cpp:151 VARIABLE and_ln151_180 LOOP COMP_EMIT_VITIS_LOOP_146_4 BUNDLEDNAME {} DSP 0 BRAM 0 URAM 0 STORAGESUBTYPE {} DISPNAME {bind_op and} VISIBLE false} {BINDTYPE op ID {} IMPL auto LATENCY 0 OPTYPE seteq PRAGMA {} RTLNAME icmp_ln151_90_fu_15367_p2 SOURCE src/integrated-gcn/integrated_gcn.cpp:151 VARIABLE icmp_ln151_90 LOOP COMP_EMIT_VITIS_LOOP_146_4 BUNDLEDNAME {} DSP 0 BRAM 0 URAM 0 STORAGESUBTYPE {} DISPNAME {bind_op seteq} VISIBLE false} {BINDTYPE op ID {} IMPL auto LATENCY 0 OPTYPE seteq PRAGMA {} RTLNAME icmp_ln151_91_fu_15381_p2 SOURCE src/integrated-gcn/integrated_gcn.cpp:151 VARIABLE icmp_ln151_91 LOOP COMP_EMIT_VITIS_LOOP_146_4 BUNDLEDNAME {} DSP 0 BRAM 0 URAM 0 STORAGESUBTYPE {} DISPNAME {bind_op seteq} VISIBLE false} {BINDTYPE op ID {} IMPL auto LATENCY 0 OPTYPE seteq PRAGMA {} RTLNAME icmp_ln151_92_fu_15387_p2 SOURCE src/integrated-gcn/integrated_gcn.cpp:151 VARIABLE icmp_ln151_92 LOOP COMP_EMIT_VITIS_LOOP_146_4 BUNDLEDNAME {} DSP 0 BRAM 0 URAM 0 STORAGESUBTYPE {} DISPNAME {bind_op seteq} VISIBLE false} {BINDTYPE op ID {} IMPL auto_sel LATENCY 0 OPTYPE select PRAGMA {} RTLNAME select_ln151_150_fu_15393_p3 SOURCE src/integrated-gcn/integrated_gcn.cpp:151 VARIABLE select_ln151_150 LOOP COMP_EMIT_VITIS_LOOP_146_4 BUNDLEDNAME {} DSP 0 BRAM 0 URAM 0 STORAGESUBTYPE {} DISPNAME {bind_op select} VISIBLE false} {BINDTYPE op ID {} IMPL auto LATENCY 0 OPTYPE xor PRAGMA {} RTLNAME xor_ln151_151_fu_15401_p2 SOURCE src/integrated-gcn/integrated_gcn.cpp:151 VARIABLE xor_ln151_151 LOOP COMP_EMIT_VITIS_LOOP_146_4 BUNDLEDNAME {} DSP 0 BRAM 0 URAM 0 STORAGESUBTYPE {} DISPNAME {bind_op xor} VISIBLE false} {BINDTYPE op ID {} IMPL auto LATENCY 0 OPTYPE and PRAGMA {} RTLNAME and_ln151_181_fu_15407_p2 SOURCE src/integrated-gcn/integrated_gcn.cpp:151 VARIABLE and_ln151_181 LOOP COMP_EMIT_VITIS_LOOP_146_4 BUNDLEDNAME {} DSP 0 BRAM 0 URAM 0 STORAGESUBTYPE {} DISPNAME {bind_op and} VISIBLE false} {BINDTYPE op ID {} IMPL auto_sel LATENCY 0 OPTYPE select PRAGMA {} RTLNAME select_ln151_151_fu_15413_p3 SOURCE src/integrated-gcn/integrated_gcn.cpp:151 VARIABLE select_ln151_151 LOOP COMP_EMIT_VITIS_LOOP_146_4 BUNDLEDNAME {} DSP 0 BRAM 0 URAM 0 STORAGESUBTYPE {} DISPNAME {bind_op select} VISIBLE false} {BINDTYPE op ID {} IMPL auto LATENCY 0 OPTYPE and PRAGMA {} RTLNAME and_ln151_182_fu_15421_p2 SOURCE src/integrated-gcn/integrated_gcn.cpp:151 VARIABLE and_ln151_182 LOOP COMP_EMIT_VITIS_LOOP_146_4 BUNDLEDNAME {} DSP 0 BRAM 0 URAM 0 STORAGESUBTYPE {} DISPNAME {bind_op and} VISIBLE false} {BINDTYPE op ID {} IMPL auto LATENCY 0 OPTYPE xor PRAGMA {} RTLNAME xor_ln151_152_fu_15427_p2 SOURCE src/integrated-gcn/integrated_gcn.cpp:151 VARIABLE xor_ln151_152 LOOP COMP_EMIT_VITIS_LOOP_146_4 BUNDLEDNAME {} DSP 0 BRAM 0 URAM 0 STORAGESUBTYPE {} DISPNAME {bind_op xor} VISIBLE false} {BINDTYPE op ID {} IMPL auto LATENCY 0 OPTYPE or PRAGMA {} RTLNAME or_ln151_60_fu_15433_p2 SOURCE src/integrated-gcn/integrated_gcn.cpp:151 VARIABLE or_ln151_60 LOOP COMP_EMIT_VITIS_LOOP_146_4 BUNDLEDNAME {} DSP 0 BRAM 0 URAM 0 STORAGESUBTYPE {} DISPNAME {bind_op or} VISIBLE false} {BINDTYPE op ID {} IMPL auto LATENCY 0 OPTYPE xor PRAGMA {} RTLNAME xor_ln151_153_fu_15439_p2 SOURCE src/integrated-gcn/integrated_gcn.cpp:151 VARIABLE xor_ln151_153 LOOP COMP_EMIT_VITIS_LOOP_146_4 BUNDLEDNAME {} DSP 0 BRAM 0 URAM 0 STORAGESUBTYPE {} DISPNAME {bind_op xor} VISIBLE false} {BINDTYPE op ID {} IMPL auto LATENCY 0 OPTYPE and PRAGMA {} RTLNAME and_ln151_183_fu_15445_p2 SOURCE src/integrated-gcn/integrated_gcn.cpp:151 VARIABLE and_ln151_183 LOOP COMP_EMIT_VITIS_LOOP_146_4 BUNDLEDNAME {} DSP 0 BRAM 0 URAM 0 STORAGESUBTYPE {} DISPNAME {bind_op and} VISIBLE false} {BINDTYPE op ID {} IMPL auto LATENCY 0 OPTYPE and PRAGMA {} RTLNAME and_ln151_184_fu_15451_p2 SOURCE src/integrated-gcn/integrated_gcn.cpp:151 VARIABLE and_ln151_184 LOOP COMP_EMIT_VITIS_LOOP_146_4 BUNDLEDNAME {} DSP 0 BRAM 0 URAM 0 STORAGESUBTYPE {} DISPNAME {bind_op and} VISIBLE false} {BINDTYPE op ID {} IMPL auto LATENCY 0 OPTYPE or PRAGMA {} RTLNAME or_ln151_94_fu_15457_p2 SOURCE src/integrated-gcn/integrated_gcn.cpp:151 VARIABLE or_ln151_94 LOOP COMP_EMIT_VITIS_LOOP_146_4 BUNDLEDNAME {} DSP 0 BRAM 0 URAM 0 STORAGESUBTYPE {} DISPNAME {bind_op or} VISIBLE false} {BINDTYPE op ID {} IMPL auto LATENCY 0 OPTYPE xor PRAGMA {} RTLNAME xor_ln151_154_fu_15463_p2 SOURCE src/integrated-gcn/integrated_gcn.cpp:151 VARIABLE xor_ln151_154 LOOP COMP_EMIT_VITIS_LOOP_146_4 BUNDLEDNAME {} DSP 0 BRAM 0 URAM 0 STORAGESUBTYPE {} DISPNAME {bind_op xor} VISIBLE false} {BINDTYPE op ID {} IMPL auto LATENCY 0 OPTYPE and PRAGMA {} RTLNAME and_ln151_185_fu_15469_p2 SOURCE src/integrated-gcn/integrated_gcn.cpp:151 VARIABLE and_ln151_185 LOOP COMP_EMIT_VITIS_LOOP_146_4 BUNDLEDNAME {} DSP 0 BRAM 0 URAM 0 STORAGESUBTYPE {} DISPNAME {bind_op and} VISIBLE false} {BINDTYPE op ID {} IMPL auto_sel LATENCY 0 OPTYPE select PRAGMA {} RTLNAME select_ln151_152_fu_15475_p3 SOURCE src/integrated-gcn/integrated_gcn.cpp:151 VARIABLE select_ln151_152 LOOP COMP_EMIT_VITIS_LOOP_146_4 BUNDLEDNAME {} DSP 0 BRAM 0 URAM 0 STORAGESUBTYPE {} DISPNAME {bind_op select} VISIBLE false} {BINDTYPE op ID {} IMPL auto LATENCY 0 OPTYPE or PRAGMA {} RTLNAME or_ln151_61_fu_15483_p2 SOURCE src/integrated-gcn/integrated_gcn.cpp:151 VARIABLE or_ln151_61 LOOP COMP_EMIT_VITIS_LOOP_146_4 BUNDLEDNAME {} DSP 0 BRAM 0 URAM 0 STORAGESUBTYPE {} DISPNAME {bind_op or} VISIBLE false} {BINDTYPE op ID {} IMPL auto_sel LATENCY 0 OPTYPE select PRAGMA {} RTLNAME select_ln151_153_fu_15489_p3 SOURCE src/integrated-gcn/integrated_gcn.cpp:151 VARIABLE select_ln151_153 LOOP COMP_EMIT_VITIS_LOOP_146_4 BUNDLEDNAME {} DSP 0 BRAM 0 URAM 0 STORAGESUBTYPE {} DISPNAME {bind_op select} VISIBLE false} {BINDTYPE op ID {} IMPL auto_sel LATENCY 0 OPTYPE select PRAGMA {} RTLNAME tmp_239_fu_15525_p2 SOURCE src/integrated-gcn/integrated_gcn.cpp:151 VARIABLE select_ln151_252 LOOP COMP_EMIT_VITIS_LOOP_146_4 BUNDLEDNAME {} DSP 0 BRAM 0 URAM 0 STORAGESUBTYPE {} DISPNAME {bind_op select} VISIBLE false} {BINDTYPE op ID {} IMPL auto_sel LATENCY 0 OPTYPE select PRAGMA {} RTLNAME tmp_239_fu_15525_p4 SOURCE src/integrated-gcn/integrated_gcn.cpp:151 VARIABLE select_ln151_253 LOOP COMP_EMIT_VITIS_LOOP_146_4 BUNDLEDNAME {} DSP 0 BRAM 0 URAM 0 STORAGESUBTYPE {} DISPNAME {bind_op select} VISIBLE false} {BINDTYPE op ID {} IMPL auto_sel LATENCY 0 OPTYPE select PRAGMA {} RTLNAME tmp_239_fu_15525_p6 SOURCE src/integrated-gcn/integrated_gcn.cpp:151 VARIABLE select_ln151_254 LOOP COMP_EMIT_VITIS_LOOP_146_4 BUNDLEDNAME {} DSP 0 BRAM 0 URAM 0 STORAGESUBTYPE {} DISPNAME {bind_op select} VISIBLE false} {BINDTYPE op ID {} IMPL auto_sel LATENCY 0 OPTYPE select PRAGMA {} RTLNAME tmp_239_fu_15525_p8 SOURCE src/integrated-gcn/integrated_gcn.cpp:151 VARIABLE select_ln151_255 LOOP COMP_EMIT_VITIS_LOOP_146_4 BUNDLEDNAME {} DSP 0 BRAM 0 URAM 0 STORAGESUBTYPE {} DISPNAME {bind_op select} VISIBLE false} {BINDTYPE op ID {} IMPL compactencoding_dontcare LATENCY 0 OPTYPE sparsemux PRAGMA {} RTLNAME sparsemux_9_2_32_1_1_U1202 SOURCE src/integrated-gcn/integrated_gcn.cpp:151 VARIABLE tmp_239 LOOP COMP_EMIT_VITIS_LOOP_146_4 BUNDLEDNAME {} DSP 0 BRAM 0 URAM 0 STORAGESUBTYPE {} DISPNAME {bind_op sparsemux} VISIBLE false} {BINDTYPE op ID {} IMPL fabric LATENCY 0 OPTYPE add PRAGMA {} RTLNAME add_ln151_31_fu_15586_p2 SOURCE src/integrated-gcn/integrated_gcn.cpp:151 VARIABLE add_ln151_31 LOOP COMP_EMIT_VITIS_LOOP_146_4 BUNDLEDNAME {} DSP 0 BRAM 0 URAM 0 STORAGESUBTYPE {} DISPNAME {bind_op add} VISIBLE true} {BINDTYPE op ID {} IMPL auto LATENCY 0 OPTYPE xor PRAGMA {} RTLNAME xor_ln151_155_fu_15600_p2 SOURCE src/integrated-gcn/integrated_gcn.cpp:151 VARIABLE xor_ln151_155 LOOP COMP_EMIT_VITIS_LOOP_146_4 BUNDLEDNAME {} DSP 0 BRAM 0 URAM 0 STORAGESUBTYPE {} DISPNAME {bind_op xor} VISIBLE false} {BINDTYPE op ID {} IMPL auto LATENCY 0 OPTYPE and PRAGMA {} RTLNAME and_ln151_186_fu_15606_p2 SOURCE src/integrated-gcn/integrated_gcn.cpp:151 VARIABLE and_ln151_186 LOOP COMP_EMIT_VITIS_LOOP_146_4 BUNDLEDNAME {} DSP 0 BRAM 0 URAM 0 STORAGESUBTYPE {} DISPNAME {bind_op and} VISIBLE false} {BINDTYPE op ID {} IMPL auto LATENCY 0 OPTYPE seteq PRAGMA {} RTLNAME icmp_ln151_93_fu_15628_p2 SOURCE src/integrated-gcn/integrated_gcn.cpp:151 VARIABLE icmp_ln151_93 LOOP COMP_EMIT_VITIS_LOOP_146_4 BUNDLEDNAME {} DSP 0 BRAM 0 URAM 0 STORAGESUBTYPE {} DISPNAME {bind_op seteq} VISIBLE false} {BINDTYPE op ID {} IMPL auto LATENCY 0 OPTYPE seteq PRAGMA {} RTLNAME icmp_ln151_94_fu_15642_p2 SOURCE src/integrated-gcn/integrated_gcn.cpp:151 VARIABLE icmp_ln151_94 LOOP COMP_EMIT_VITIS_LOOP_146_4 BUNDLEDNAME {} DSP 0 BRAM 0 URAM 0 STORAGESUBTYPE {} DISPNAME {bind_op seteq} VISIBLE false} {BINDTYPE op ID {} IMPL auto LATENCY 0 OPTYPE seteq PRAGMA {} RTLNAME icmp_ln151_95_fu_15648_p2 SOURCE src/integrated-gcn/integrated_gcn.cpp:151 VARIABLE icmp_ln151_95 LOOP COMP_EMIT_VITIS_LOOP_146_4 BUNDLEDNAME {} DSP 0 BRAM 0 URAM 0 STORAGESUBTYPE {} DISPNAME {bind_op seteq} VISIBLE false} {BINDTYPE op ID {} IMPL auto_sel LATENCY 0 OPTYPE select PRAGMA {} RTLNAME select_ln151_155_fu_15654_p3 SOURCE src/integrated-gcn/integrated_gcn.cpp:151 VARIABLE select_ln151_155 LOOP COMP_EMIT_VITIS_LOOP_146_4 BUNDLEDNAME {} DSP 0 BRAM 0 URAM 0 STORAGESUBTYPE {} DISPNAME {bind_op select} VISIBLE false} {BINDTYPE op ID {} IMPL auto LATENCY 0 OPTYPE xor PRAGMA {} RTLNAME xor_ln151_156_fu_15662_p2 SOURCE src/integrated-gcn/integrated_gcn.cpp:151 VARIABLE xor_ln151_156 LOOP COMP_EMIT_VITIS_LOOP_146_4 BUNDLEDNAME {} DSP 0 BRAM 0 URAM 0 STORAGESUBTYPE {} DISPNAME {bind_op xor} VISIBLE false} {BINDTYPE op ID {} IMPL auto LATENCY 0 OPTYPE and PRAGMA {} RTLNAME and_ln151_187_fu_15668_p2 SOURCE src/integrated-gcn/integrated_gcn.cpp:151 VARIABLE and_ln151_187 LOOP COMP_EMIT_VITIS_LOOP_146_4 BUNDLEDNAME {} DSP 0 BRAM 0 URAM 0 STORAGESUBTYPE {} DISPNAME {bind_op and} VISIBLE false} {BINDTYPE op ID {} IMPL auto_sel LATENCY 0 OPTYPE select PRAGMA {} RTLNAME select_ln151_156_fu_15674_p3 SOURCE src/integrated-gcn/integrated_gcn.cpp:151 VARIABLE select_ln151_156 LOOP COMP_EMIT_VITIS_LOOP_146_4 BUNDLEDNAME {} DSP 0 BRAM 0 URAM 0 STORAGESUBTYPE {} DISPNAME {bind_op select} VISIBLE false} {BINDTYPE op ID {} IMPL auto LATENCY 0 OPTYPE and PRAGMA {} RTLNAME and_ln151_188_fu_15682_p2 SOURCE src/integrated-gcn/integrated_gcn.cpp:151 VARIABLE and_ln151_188 LOOP COMP_EMIT_VITIS_LOOP_146_4 BUNDLEDNAME {} DSP 0 BRAM 0 URAM 0 STORAGESUBTYPE {} DISPNAME {bind_op and} VISIBLE false} {BINDTYPE op ID {} IMPL auto LATENCY 0 OPTYPE xor PRAGMA {} RTLNAME xor_ln151_157_fu_15688_p2 SOURCE src/integrated-gcn/integrated_gcn.cpp:151 VARIABLE xor_ln151_157 LOOP COMP_EMIT_VITIS_LOOP_146_4 BUNDLEDNAME {} DSP 0 BRAM 0 URAM 0 STORAGESUBTYPE {} DISPNAME {bind_op xor} VISIBLE false} {BINDTYPE op ID {} IMPL auto LATENCY 0 OPTYPE or PRAGMA {} RTLNAME or_ln151_62_fu_15694_p2 SOURCE src/integrated-gcn/integrated_gcn.cpp:151 VARIABLE or_ln151_62 LOOP COMP_EMIT_VITIS_LOOP_146_4 BUNDLEDNAME {} DSP 0 BRAM 0 URAM 0 STORAGESUBTYPE {} DISPNAME {bind_op or} VISIBLE false} {BINDTYPE op ID {} IMPL auto LATENCY 0 OPTYPE xor PRAGMA {} RTLNAME xor_ln151_158_fu_15700_p2 SOURCE src/integrated-gcn/integrated_gcn.cpp:151 VARIABLE xor_ln151_158 LOOP COMP_EMIT_VITIS_LOOP_146_4 BUNDLEDNAME {} DSP 0 BRAM 0 URAM 0 STORAGESUBTYPE {} DISPNAME {bind_op xor} VISIBLE false} {BINDTYPE op ID {} IMPL auto LATENCY 0 OPTYPE and PRAGMA {} RTLNAME and_ln151_189_fu_15706_p2 SOURCE src/integrated-gcn/integrated_gcn.cpp:151 VARIABLE and_ln151_189 LOOP COMP_EMIT_VITIS_LOOP_146_4 BUNDLEDNAME {} DSP 0 BRAM 0 URAM 0 STORAGESUBTYPE {} DISPNAME {bind_op and} VISIBLE false} {BINDTYPE op ID {} IMPL auto LATENCY 0 OPTYPE and PRAGMA {} RTLNAME and_ln151_190_fu_15712_p2 SOURCE src/integrated-gcn/integrated_gcn.cpp:151 VARIABLE and_ln151_190 LOOP COMP_EMIT_VITIS_LOOP_146_4 BUNDLEDNAME {} DSP 0 BRAM 0 URAM 0 STORAGESUBTYPE {} DISPNAME {bind_op and} VISIBLE false} {BINDTYPE op ID {} IMPL auto LATENCY 0 OPTYPE or PRAGMA {} RTLNAME or_ln151_95_fu_15718_p2 SOURCE src/integrated-gcn/integrated_gcn.cpp:151 VARIABLE or_ln151_95 LOOP COMP_EMIT_VITIS_LOOP_146_4 BUNDLEDNAME {} DSP 0 BRAM 0 URAM 0 STORAGESUBTYPE {} DISPNAME {bind_op or} VISIBLE false} {BINDTYPE op ID {} IMPL auto LATENCY 0 OPTYPE xor PRAGMA {} RTLNAME xor_ln151_159_fu_15724_p2 SOURCE src/integrated-gcn/integrated_gcn.cpp:151 VARIABLE xor_ln151_159 LOOP COMP_EMIT_VITIS_LOOP_146_4 BUNDLEDNAME {} DSP 0 BRAM 0 URAM 0 STORAGESUBTYPE {} DISPNAME {bind_op xor} VISIBLE false} {BINDTYPE op ID {} IMPL auto LATENCY 0 OPTYPE and PRAGMA {} RTLNAME and_ln151_191_fu_15730_p2 SOURCE src/integrated-gcn/integrated_gcn.cpp:151 VARIABLE and_ln151_191 LOOP COMP_EMIT_VITIS_LOOP_146_4 BUNDLEDNAME {} DSP 0 BRAM 0 URAM 0 STORAGESUBTYPE {} DISPNAME {bind_op and} VISIBLE false} {BINDTYPE op ID {} IMPL auto_sel LATENCY 0 OPTYPE select PRAGMA {} RTLNAME select_ln151_157_fu_15736_p3 SOURCE src/integrated-gcn/integrated_gcn.cpp:151 VARIABLE select_ln151_157 LOOP COMP_EMIT_VITIS_LOOP_146_4 BUNDLEDNAME {} DSP 0 BRAM 0 URAM 0 STORAGESUBTYPE {} DISPNAME {bind_op select} VISIBLE false} {BINDTYPE op ID {} IMPL auto LATENCY 0 OPTYPE or PRAGMA {} RTLNAME or_ln151_63_fu_15744_p2 SOURCE src/integrated-gcn/integrated_gcn.cpp:151 VARIABLE or_ln151_63 LOOP COMP_EMIT_VITIS_LOOP_146_4 BUNDLEDNAME {} DSP 0 BRAM 0 URAM 0 STORAGESUBTYPE {} DISPNAME {bind_op or} VISIBLE false} {BINDTYPE op ID {} IMPL auto_sel LATENCY 0 OPTYPE select PRAGMA {} RTLNAME select_ln151_158_fu_15750_p3 SOURCE src/integrated-gcn/integrated_gcn.cpp:151 VARIABLE select_ln151_158 LOOP COMP_EMIT_VITIS_LOOP_146_4 BUNDLEDNAME {} DSP 0 BRAM 0 URAM 0 STORAGESUBTYPE {} DISPNAME {bind_op select} VISIBLE false} {BINDTYPE op ID {} IMPL auto_sel LATENCY 0 OPTYPE select PRAGMA {} RTLNAME select_ln146_fu_5335_p3 SOURCE src/integrated-gcn/integrated_gcn.cpp:146 VARIABLE select_ln146 LOOP COMP_EMIT_VITIS_LOOP_146_4 BUNDLEDNAME {} DSP 0 BRAM 0 URAM 0 STORAGESUBTYPE {} DISPNAME {bind_op select} VISIBLE false}} AREA {DSP 0 BRAM 0 URAM 0}} gemm_compute {BINDINFO {{BINDTYPE storage ID {} IMPL auto LATENCY 1 OPTYPE ram_2p PRAGMA {} RTLNAME XW_block_U SOURCE src/integrated-gcn/integrated_gcn.cpp:78 VARIABLE XW_block LOOP {} BUNDLEDNAME {} DSP 0 BRAM 0 URAM 0 STORAGESUBTYPE {} STORAGESIZE {32 16 1} STORAGEUSAGE {ram_2p array} DISPNAME {bind_storage ram_2p} VISIBLE true} {BINDTYPE storage ID {} IMPL auto LATENCY 1 OPTYPE ram_2p PRAGMA {} RTLNAME XW_block_1_U SOURCE src/integrated-gcn/integrated_gcn.cpp:78 VARIABLE XW_block_1 LOOP {} BUNDLEDNAME {} DSP 0 BRAM 0 URAM 0 STORAGESUBTYPE {} STORAGESIZE {32 16 1} STORAGEUSAGE {ram_2p array} DISPNAME {bind_storage ram_2p} VISIBLE true} {BINDTYPE storage ID {} IMPL auto LATENCY 1 OPTYPE ram_2p PRAGMA {} RTLNAME XW_block_2_U SOURCE src/integrated-gcn/integrated_gcn.cpp:78 VARIABLE XW_block_2 LOOP {} BUNDLEDNAME {} DSP 0 BRAM 0 URAM 0 STORAGESUBTYPE {} STORAGESIZE {32 16 1} STORAGEUSAGE {ram_2p array} DISPNAME {bind_storage ram_2p} VISIBLE true} {BINDTYPE storage ID {} IMPL auto LATENCY 1 OPTYPE ram_2p PRAGMA {} RTLNAME XW_block_3_U SOURCE src/integrated-gcn/integrated_gcn.cpp:78 VARIABLE XW_block_3 LOOP {} BUNDLEDNAME {} DSP 0 BRAM 0 URAM 0 STORAGESUBTYPE {} STORAGESIZE {32 16 1} STORAGEUSAGE {ram_2p array} DISPNAME {bind_storage ram_2p} VISIBLE true} {BINDTYPE storage ID {} IMPL auto LATENCY 1 OPTYPE ram_2p PRAGMA {} RTLNAME XW_block_4_U SOURCE src/integrated-gcn/integrated_gcn.cpp:78 VARIABLE XW_block_4 LOOP {} BUNDLEDNAME {} DSP 0 BRAM 0 URAM 0 STORAGESUBTYPE {} STORAGESIZE {32 16 1} STORAGEUSAGE {ram_2p array} DISPNAME {bind_storage ram_2p} VISIBLE true} {BINDTYPE storage ID {} IMPL auto LATENCY 1 OPTYPE ram_2p PRAGMA {} RTLNAME XW_block_5_U SOURCE src/integrated-gcn/integrated_gcn.cpp:78 VARIABLE XW_block_5 LOOP {} BUNDLEDNAME {} DSP 0 BRAM 0 URAM 0 STORAGESUBTYPE {} STORAGESIZE {32 16 1} STORAGEUSAGE {ram_2p array} DISPNAME {bind_storage ram_2p} VISIBLE true} {BINDTYPE storage ID {} IMPL auto LATENCY 1 OPTYPE ram_2p PRAGMA {} RTLNAME XW_block_6_U SOURCE src/integrated-gcn/integrated_gcn.cpp:78 VARIABLE XW_block_6 LOOP {} BUNDLEDNAME {} DSP 0 BRAM 0 URAM 0 STORAGESUBTYPE {} STORAGESIZE {32 16 1} STORAGEUSAGE {ram_2p array} DISPNAME {bind_storage ram_2p} VISIBLE true} {BINDTYPE storage ID {} IMPL auto LATENCY 1 OPTYPE ram_2p PRAGMA {} RTLNAME XW_block_7_U SOURCE src/integrated-gcn/integrated_gcn.cpp:78 VARIABLE XW_block_7 LOOP {} BUNDLEDNAME {} DSP 0 BRAM 0 URAM 0 STORAGESUBTYPE {} STORAGESIZE {32 16 1} STORAGEUSAGE {ram_2p array} DISPNAME {bind_storage ram_2p} VISIBLE true} {BINDTYPE storage ID {} IMPL auto LATENCY 1 OPTYPE ram_2p PRAGMA {} RTLNAME XW_block_8_U SOURCE src/integrated-gcn/integrated_gcn.cpp:78 VARIABLE XW_block_8 LOOP {} BUNDLEDNAME {} DSP 0 BRAM 0 URAM 0 STORAGESUBTYPE {} STORAGESIZE {32 16 1} STORAGEUSAGE {ram_2p array} DISPNAME {bind_storage ram_2p} VISIBLE true} {BINDTYPE storage ID {} IMPL auto LATENCY 1 OPTYPE ram_2p PRAGMA {} RTLNAME XW_block_9_U SOURCE src/integrated-gcn/integrated_gcn.cpp:78 VARIABLE XW_block_9 LOOP {} BUNDLEDNAME {} DSP 0 BRAM 0 URAM 0 STORAGESUBTYPE {} STORAGESIZE {32 16 1} STORAGEUSAGE {ram_2p array} DISPNAME {bind_storage ram_2p} VISIBLE true} {BINDTYPE storage ID {} IMPL auto LATENCY 1 OPTYPE ram_2p PRAGMA {} RTLNAME XW_block_10_U SOURCE src/integrated-gcn/integrated_gcn.cpp:78 VARIABLE XW_block_10 LOOP {} BUNDLEDNAME {} DSP 0 BRAM 0 URAM 0 STORAGESUBTYPE {} STORAGESIZE {32 16 1} STORAGEUSAGE {ram_2p array} DISPNAME {bind_storage ram_2p} VISIBLE true} {BINDTYPE storage ID {} IMPL auto LATENCY 1 OPTYPE ram_2p PRAGMA {} RTLNAME XW_block_11_U SOURCE src/integrated-gcn/integrated_gcn.cpp:78 VARIABLE XW_block_11 LOOP {} BUNDLEDNAME {} DSP 0 BRAM 0 URAM 0 STORAGESUBTYPE {} STORAGESIZE {32 16 1} STORAGEUSAGE {ram_2p array} DISPNAME {bind_storage ram_2p} VISIBLE true} {BINDTYPE storage ID {} IMPL auto LATENCY 1 OPTYPE ram_2p PRAGMA {} RTLNAME XW_block_12_U SOURCE src/integrated-gcn/integrated_gcn.cpp:78 VARIABLE XW_block_12 LOOP {} BUNDLEDNAME {} DSP 0 BRAM 0 URAM 0 STORAGESUBTYPE {} STORAGESIZE {32 16 1} STORAGEUSAGE {ram_2p array} DISPNAME {bind_storage ram_2p} VISIBLE true} {BINDTYPE storage ID {} IMPL auto LATENCY 1 OPTYPE ram_2p PRAGMA {} RTLNAME XW_block_13_U SOURCE src/integrated-gcn/integrated_gcn.cpp:78 VARIABLE XW_block_13 LOOP {} BUNDLEDNAME {} DSP 0 BRAM 0 URAM 0 STORAGESUBTYPE {} STORAGESIZE {32 16 1} STORAGEUSAGE {ram_2p array} DISPNAME {bind_storage ram_2p} VISIBLE true} {BINDTYPE storage ID {} IMPL auto LATENCY 1 OPTYPE ram_2p PRAGMA {} RTLNAME XW_block_14_U SOURCE src/integrated-gcn/integrated_gcn.cpp:78 VARIABLE XW_block_14 LOOP {} BUNDLEDNAME {} DSP 0 BRAM 0 URAM 0 STORAGESUBTYPE {} STORAGESIZE {32 16 1} STORAGEUSAGE {ram_2p array} DISPNAME {bind_storage ram_2p} VISIBLE true} {BINDTYPE storage ID {} IMPL auto LATENCY 1 OPTYPE ram_2p PRAGMA {} RTLNAME XW_block_15_U SOURCE src/integrated-gcn/integrated_gcn.cpp:78 VARIABLE XW_block_15 LOOP {} BUNDLEDNAME {} DSP 0 BRAM 0 URAM 0 STORAGESUBTYPE {} STORAGESIZE {32 16 1} STORAGEUSAGE {ram_2p array} DISPNAME {bind_storage ram_2p} VISIBLE true} {BINDTYPE storage ID {} IMPL auto LATENCY 1 OPTYPE ram_2p PRAGMA {} RTLNAME XW_block_16_U SOURCE src/integrated-gcn/integrated_gcn.cpp:78 VARIABLE XW_block_16 LOOP {} BUNDLEDNAME {} DSP 0 BRAM 0 URAM 0 STORAGESUBTYPE {} STORAGESIZE {32 16 1} STORAGEUSAGE {ram_2p array} DISPNAME {bind_storage ram_2p} VISIBLE true} {BINDTYPE storage ID {} IMPL auto LATENCY 1 OPTYPE ram_2p PRAGMA {} RTLNAME XW_block_17_U SOURCE src/integrated-gcn/integrated_gcn.cpp:78 VARIABLE XW_block_17 LOOP {} BUNDLEDNAME {} DSP 0 BRAM 0 URAM 0 STORAGESUBTYPE {} STORAGESIZE {32 16 1} STORAGEUSAGE {ram_2p array} DISPNAME {bind_storage ram_2p} VISIBLE true} {BINDTYPE storage ID {} IMPL auto LATENCY 1 OPTYPE ram_2p PRAGMA {} RTLNAME XW_block_18_U SOURCE src/integrated-gcn/integrated_gcn.cpp:78 VARIABLE XW_block_18 LOOP {} BUNDLEDNAME {} DSP 0 BRAM 0 URAM 0 STORAGESUBTYPE {} STORAGESIZE {32 16 1} STORAGEUSAGE {ram_2p array} DISPNAME {bind_storage ram_2p} VISIBLE true} {BINDTYPE storage ID {} IMPL auto LATENCY 1 OPTYPE ram_2p PRAGMA {} RTLNAME XW_block_19_U SOURCE src/integrated-gcn/integrated_gcn.cpp:78 VARIABLE XW_block_19 LOOP {} BUNDLEDNAME {} DSP 0 BRAM 0 URAM 0 STORAGESUBTYPE {} STORAGESIZE {32 16 1} STORAGEUSAGE {ram_2p array} DISPNAME {bind_storage ram_2p} VISIBLE true} {BINDTYPE storage ID {} IMPL auto LATENCY 1 OPTYPE ram_2p PRAGMA {} RTLNAME XW_block_20_U SOURCE src/integrated-gcn/integrated_gcn.cpp:78 VARIABLE XW_block_20 LOOP {} BUNDLEDNAME {} DSP 0 BRAM 0 URAM 0 STORAGESUBTYPE {} STORAGESIZE {32 16 1} STORAGEUSAGE {ram_2p array} DISPNAME {bind_storage ram_2p} VISIBLE true} {BINDTYPE storage ID {} IMPL auto LATENCY 1 OPTYPE ram_2p PRAGMA {} RTLNAME XW_block_21_U SOURCE src/integrated-gcn/integrated_gcn.cpp:78 VARIABLE XW_block_21 LOOP {} BUNDLEDNAME {} DSP 0 BRAM 0 URAM 0 STORAGESUBTYPE {} STORAGESIZE {32 16 1} STORAGEUSAGE {ram_2p array} DISPNAME {bind_storage ram_2p} VISIBLE true} {BINDTYPE storage ID {} IMPL auto LATENCY 1 OPTYPE ram_2p PRAGMA {} RTLNAME XW_block_22_U SOURCE src/integrated-gcn/integrated_gcn.cpp:78 VARIABLE XW_block_22 LOOP {} BUNDLEDNAME {} DSP 0 BRAM 0 URAM 0 STORAGESUBTYPE {} STORAGESIZE {32 16 1} STORAGEUSAGE {ram_2p array} DISPNAME {bind_storage ram_2p} VISIBLE true} {BINDTYPE storage ID {} IMPL auto LATENCY 1 OPTYPE ram_2p PRAGMA {} RTLNAME XW_block_23_U SOURCE src/integrated-gcn/integrated_gcn.cpp:78 VARIABLE XW_block_23 LOOP {} BUNDLEDNAME {} DSP 0 BRAM 0 URAM 0 STORAGESUBTYPE {} STORAGESIZE {32 16 1} STORAGEUSAGE {ram_2p array} DISPNAME {bind_storage ram_2p} VISIBLE true} {BINDTYPE storage ID {} IMPL auto LATENCY 1 OPTYPE ram_2p PRAGMA {} RTLNAME XW_block_24_U SOURCE src/integrated-gcn/integrated_gcn.cpp:78 VARIABLE XW_block_24 LOOP {} BUNDLEDNAME {} DSP 0 BRAM 0 URAM 0 STORAGESUBTYPE {} STORAGESIZE {32 16 1} STORAGEUSAGE {ram_2p array} DISPNAME {bind_storage ram_2p} VISIBLE true} {BINDTYPE storage ID {} IMPL auto LATENCY 1 OPTYPE ram_2p PRAGMA {} RTLNAME XW_block_25_U SOURCE src/integrated-gcn/integrated_gcn.cpp:78 VARIABLE XW_block_25 LOOP {} BUNDLEDNAME {} DSP 0 BRAM 0 URAM 0 STORAGESUBTYPE {} STORAGESIZE {32 16 1} STORAGEUSAGE {ram_2p array} DISPNAME {bind_storage ram_2p} VISIBLE true} {BINDTYPE storage ID {} IMPL auto LATENCY 1 OPTYPE ram_2p PRAGMA {} RTLNAME XW_block_26_U SOURCE src/integrated-gcn/integrated_gcn.cpp:78 VARIABLE XW_block_26 LOOP {} BUNDLEDNAME {} DSP 0 BRAM 0 URAM 0 STORAGESUBTYPE {} STORAGESIZE {32 16 1} STORAGEUSAGE {ram_2p array} DISPNAME {bind_storage ram_2p} VISIBLE true} {BINDTYPE storage ID {} IMPL auto LATENCY 1 OPTYPE ram_2p PRAGMA {} RTLNAME XW_block_27_U SOURCE src/integrated-gcn/integrated_gcn.cpp:78 VARIABLE XW_block_27 LOOP {} BUNDLEDNAME {} DSP 0 BRAM 0 URAM 0 STORAGESUBTYPE {} STORAGESIZE {32 16 1} STORAGEUSAGE {ram_2p array} DISPNAME {bind_storage ram_2p} VISIBLE true} {BINDTYPE storage ID {} IMPL auto LATENCY 1 OPTYPE ram_2p PRAGMA {} RTLNAME XW_block_28_U SOURCE src/integrated-gcn/integrated_gcn.cpp:78 VARIABLE XW_block_28 LOOP {} BUNDLEDNAME {} DSP 0 BRAM 0 URAM 0 STORAGESUBTYPE {} STORAGESIZE {32 16 1} STORAGEUSAGE {ram_2p array} DISPNAME {bind_storage ram_2p} VISIBLE true} {BINDTYPE storage ID {} IMPL auto LATENCY 1 OPTYPE ram_2p PRAGMA {} RTLNAME XW_block_29_U SOURCE src/integrated-gcn/integrated_gcn.cpp:78 VARIABLE XW_block_29 LOOP {} BUNDLEDNAME {} DSP 0 BRAM 0 URAM 0 STORAGESUBTYPE {} STORAGESIZE {32 16 1} STORAGEUSAGE {ram_2p array} DISPNAME {bind_storage ram_2p} VISIBLE true} {BINDTYPE storage ID {} IMPL auto LATENCY 1 OPTYPE ram_2p PRAGMA {} RTLNAME XW_block_30_U SOURCE src/integrated-gcn/integrated_gcn.cpp:78 VARIABLE XW_block_30 LOOP {} BUNDLEDNAME {} DSP 0 BRAM 0 URAM 0 STORAGESUBTYPE {} STORAGESIZE {32 16 1} STORAGEUSAGE {ram_2p array} DISPNAME {bind_storage ram_2p} VISIBLE true} {BINDTYPE storage ID {} IMPL auto LATENCY 1 OPTYPE ram_2p PRAGMA {} RTLNAME XW_block_31_U SOURCE src/integrated-gcn/integrated_gcn.cpp:78 VARIABLE XW_block_31 LOOP {} BUNDLEDNAME {} DSP 0 BRAM 0 URAM 0 STORAGESUBTYPE {} STORAGESIZE {32 16 1} STORAGEUSAGE {ram_2p array} DISPNAME {bind_storage ram_2p} VISIBLE true} {BINDTYPE storage ID {} IMPL auto LATENCY 1 OPTYPE ram_2p PRAGMA {} RTLNAME XW_block_32_U SOURCE src/integrated-gcn/integrated_gcn.cpp:78 VARIABLE XW_block_32 LOOP {} BUNDLEDNAME {} DSP 0 BRAM 0 URAM 0 STORAGESUBTYPE {} STORAGESIZE {32 16 1} STORAGEUSAGE {ram_2p array} DISPNAME {bind_storage ram_2p} VISIBLE true} {BINDTYPE storage ID {} IMPL auto LATENCY 1 OPTYPE ram_2p PRAGMA {} RTLNAME XW_block_33_U SOURCE src/integrated-gcn/integrated_gcn.cpp:78 VARIABLE XW_block_33 LOOP {} BUNDLEDNAME {} DSP 0 BRAM 0 URAM 0 STORAGESUBTYPE {} STORAGESIZE {32 16 1} STORAGEUSAGE {ram_2p array} DISPNAME {bind_storage ram_2p} VISIBLE true} {BINDTYPE storage ID {} IMPL auto LATENCY 1 OPTYPE ram_2p PRAGMA {} RTLNAME XW_block_34_U SOURCE src/integrated-gcn/integrated_gcn.cpp:78 VARIABLE XW_block_34 LOOP {} BUNDLEDNAME {} DSP 0 BRAM 0 URAM 0 STORAGESUBTYPE {} STORAGESIZE {32 16 1} STORAGEUSAGE {ram_2p array} DISPNAME {bind_storage ram_2p} VISIBLE true} {BINDTYPE storage ID {} IMPL auto LATENCY 1 OPTYPE ram_2p PRAGMA {} RTLNAME XW_block_35_U SOURCE src/integrated-gcn/integrated_gcn.cpp:78 VARIABLE XW_block_35 LOOP {} BUNDLEDNAME {} DSP 0 BRAM 0 URAM 0 STORAGESUBTYPE {} STORAGESIZE {32 16 1} STORAGEUSAGE {ram_2p array} DISPNAME {bind_storage ram_2p} VISIBLE true} {BINDTYPE storage ID {} IMPL auto LATENCY 1 OPTYPE ram_2p PRAGMA {} RTLNAME XW_block_36_U SOURCE src/integrated-gcn/integrated_gcn.cpp:78 VARIABLE XW_block_36 LOOP {} BUNDLEDNAME {} DSP 0 BRAM 0 URAM 0 STORAGESUBTYPE {} STORAGESIZE {32 16 1} STORAGEUSAGE {ram_2p array} DISPNAME {bind_storage ram_2p} VISIBLE true} {BINDTYPE storage ID {} IMPL auto LATENCY 1 OPTYPE ram_2p PRAGMA {} RTLNAME XW_block_37_U SOURCE src/integrated-gcn/integrated_gcn.cpp:78 VARIABLE XW_block_37 LOOP {} BUNDLEDNAME {} DSP 0 BRAM 0 URAM 0 STORAGESUBTYPE {} STORAGESIZE {32 16 1} STORAGEUSAGE {ram_2p array} DISPNAME {bind_storage ram_2p} VISIBLE true} {BINDTYPE storage ID {} IMPL auto LATENCY 1 OPTYPE ram_2p PRAGMA {} RTLNAME XW_block_38_U SOURCE src/integrated-gcn/integrated_gcn.cpp:78 VARIABLE XW_block_38 LOOP {} BUNDLEDNAME {} DSP 0 BRAM 0 URAM 0 STORAGESUBTYPE {} STORAGESIZE {32 16 1} STORAGEUSAGE {ram_2p array} DISPNAME {bind_storage ram_2p} VISIBLE true} {BINDTYPE storage ID {} IMPL auto LATENCY 1 OPTYPE ram_2p PRAGMA {} RTLNAME XW_block_39_U SOURCE src/integrated-gcn/integrated_gcn.cpp:78 VARIABLE XW_block_39 LOOP {} BUNDLEDNAME {} DSP 0 BRAM 0 URAM 0 STORAGESUBTYPE {} STORAGESIZE {32 16 1} STORAGEUSAGE {ram_2p array} DISPNAME {bind_storage ram_2p} VISIBLE true} {BINDTYPE storage ID {} IMPL auto LATENCY 1 OPTYPE ram_2p PRAGMA {} RTLNAME XW_block_40_U SOURCE src/integrated-gcn/integrated_gcn.cpp:78 VARIABLE XW_block_40 LOOP {} BUNDLEDNAME {} DSP 0 BRAM 0 URAM 0 STORAGESUBTYPE {} STORAGESIZE {32 16 1} STORAGEUSAGE {ram_2p array} DISPNAME {bind_storage ram_2p} VISIBLE true} {BINDTYPE storage ID {} IMPL auto LATENCY 1 OPTYPE ram_2p PRAGMA {} RTLNAME XW_block_41_U SOURCE src/integrated-gcn/integrated_gcn.cpp:78 VARIABLE XW_block_41 LOOP {} BUNDLEDNAME {} DSP 0 BRAM 0 URAM 0 STORAGESUBTYPE {} STORAGESIZE {32 16 1} STORAGEUSAGE {ram_2p array} DISPNAME {bind_storage ram_2p} VISIBLE true} {BINDTYPE storage ID {} IMPL auto LATENCY 1 OPTYPE ram_2p PRAGMA {} RTLNAME XW_block_42_U SOURCE src/integrated-gcn/integrated_gcn.cpp:78 VARIABLE XW_block_42 LOOP {} BUNDLEDNAME {} DSP 0 BRAM 0 URAM 0 STORAGESUBTYPE {} STORAGESIZE {32 16 1} STORAGEUSAGE {ram_2p array} DISPNAME {bind_storage ram_2p} VISIBLE true} {BINDTYPE storage ID {} IMPL auto LATENCY 1 OPTYPE ram_2p PRAGMA {} RTLNAME XW_block_43_U SOURCE src/integrated-gcn/integrated_gcn.cpp:78 VARIABLE XW_block_43 LOOP {} BUNDLEDNAME {} DSP 0 BRAM 0 URAM 0 STORAGESUBTYPE {} STORAGESIZE {32 16 1} STORAGEUSAGE {ram_2p array} DISPNAME {bind_storage ram_2p} VISIBLE true} {BINDTYPE storage ID {} IMPL auto LATENCY 1 OPTYPE ram_2p PRAGMA {} RTLNAME XW_block_44_U SOURCE src/integrated-gcn/integrated_gcn.cpp:78 VARIABLE XW_block_44 LOOP {} BUNDLEDNAME {} DSP 0 BRAM 0 URAM 0 STORAGESUBTYPE {} STORAGESIZE {32 16 1} STORAGEUSAGE {ram_2p array} DISPNAME {bind_storage ram_2p} VISIBLE true} {BINDTYPE storage ID {} IMPL auto LATENCY 1 OPTYPE ram_2p PRAGMA {} RTLNAME XW_block_45_U SOURCE src/integrated-gcn/integrated_gcn.cpp:78 VARIABLE XW_block_45 LOOP {} BUNDLEDNAME {} DSP 0 BRAM 0 URAM 0 STORAGESUBTYPE {} STORAGESIZE {32 16 1} STORAGEUSAGE {ram_2p array} DISPNAME {bind_storage ram_2p} VISIBLE true} {BINDTYPE storage ID {} IMPL auto LATENCY 1 OPTYPE ram_2p PRAGMA {} RTLNAME XW_block_46_U SOURCE src/integrated-gcn/integrated_gcn.cpp:78 VARIABLE XW_block_46 LOOP {} BUNDLEDNAME {} DSP 0 BRAM 0 URAM 0 STORAGESUBTYPE {} STORAGESIZE {32 16 1} STORAGEUSAGE {ram_2p array} DISPNAME {bind_storage ram_2p} VISIBLE true} {BINDTYPE storage ID {} IMPL auto LATENCY 1 OPTYPE ram_2p PRAGMA {} RTLNAME XW_block_47_U SOURCE src/integrated-gcn/integrated_gcn.cpp:78 VARIABLE XW_block_47 LOOP {} BUNDLEDNAME {} DSP 0 BRAM 0 URAM 0 STORAGESUBTYPE {} STORAGESIZE {32 16 1} STORAGEUSAGE {ram_2p array} DISPNAME {bind_storage ram_2p} VISIBLE true} {BINDTYPE storage ID {} IMPL auto LATENCY 1 OPTYPE ram_2p PRAGMA {} RTLNAME XW_block_48_U SOURCE src/integrated-gcn/integrated_gcn.cpp:78 VARIABLE XW_block_48 LOOP {} BUNDLEDNAME {} DSP 0 BRAM 0 URAM 0 STORAGESUBTYPE {} STORAGESIZE {32 16 1} STORAGEUSAGE {ram_2p array} DISPNAME {bind_storage ram_2p} VISIBLE true} {BINDTYPE storage ID {} IMPL auto LATENCY 1 OPTYPE ram_2p PRAGMA {} RTLNAME XW_block_49_U SOURCE src/integrated-gcn/integrated_gcn.cpp:78 VARIABLE XW_block_49 LOOP {} BUNDLEDNAME {} DSP 0 BRAM 0 URAM 0 STORAGESUBTYPE {} STORAGESIZE {32 16 1} STORAGEUSAGE {ram_2p array} DISPNAME {bind_storage ram_2p} VISIBLE true} {BINDTYPE storage ID {} IMPL auto LATENCY 1 OPTYPE ram_2p PRAGMA {} RTLNAME XW_block_50_U SOURCE src/integrated-gcn/integrated_gcn.cpp:78 VARIABLE XW_block_50 LOOP {} BUNDLEDNAME {} DSP 0 BRAM 0 URAM 0 STORAGESUBTYPE {} STORAGESIZE {32 16 1} STORAGEUSAGE {ram_2p array} DISPNAME {bind_storage ram_2p} VISIBLE true} {BINDTYPE storage ID {} IMPL auto LATENCY 1 OPTYPE ram_2p PRAGMA {} RTLNAME XW_block_51_U SOURCE src/integrated-gcn/integrated_gcn.cpp:78 VARIABLE XW_block_51 LOOP {} BUNDLEDNAME {} DSP 0 BRAM 0 URAM 0 STORAGESUBTYPE {} STORAGESIZE {32 16 1} STORAGEUSAGE {ram_2p array} DISPNAME {bind_storage ram_2p} VISIBLE true} {BINDTYPE storage ID {} IMPL auto LATENCY 1 OPTYPE ram_2p PRAGMA {} RTLNAME XW_block_52_U SOURCE src/integrated-gcn/integrated_gcn.cpp:78 VARIABLE XW_block_52 LOOP {} BUNDLEDNAME {} DSP 0 BRAM 0 URAM 0 STORAGESUBTYPE {} STORAGESIZE {32 16 1} STORAGEUSAGE {ram_2p array} DISPNAME {bind_storage ram_2p} VISIBLE true} {BINDTYPE storage ID {} IMPL auto LATENCY 1 OPTYPE ram_2p PRAGMA {} RTLNAME XW_block_53_U SOURCE src/integrated-gcn/integrated_gcn.cpp:78 VARIABLE XW_block_53 LOOP {} BUNDLEDNAME {} DSP 0 BRAM 0 URAM 0 STORAGESUBTYPE {} STORAGESIZE {32 16 1} STORAGEUSAGE {ram_2p array} DISPNAME {bind_storage ram_2p} VISIBLE true} {BINDTYPE storage ID {} IMPL auto LATENCY 1 OPTYPE ram_2p PRAGMA {} RTLNAME XW_block_54_U SOURCE src/integrated-gcn/integrated_gcn.cpp:78 VARIABLE XW_block_54 LOOP {} BUNDLEDNAME {} DSP 0 BRAM 0 URAM 0 STORAGESUBTYPE {} STORAGESIZE {32 16 1} STORAGEUSAGE {ram_2p array} DISPNAME {bind_storage ram_2p} VISIBLE true} {BINDTYPE storage ID {} IMPL auto LATENCY 1 OPTYPE ram_2p PRAGMA {} RTLNAME XW_block_55_U SOURCE src/integrated-gcn/integrated_gcn.cpp:78 VARIABLE XW_block_55 LOOP {} BUNDLEDNAME {} DSP 0 BRAM 0 URAM 0 STORAGESUBTYPE {} STORAGESIZE {32 16 1} STORAGEUSAGE {ram_2p array} DISPNAME {bind_storage ram_2p} VISIBLE true} {BINDTYPE storage ID {} IMPL auto LATENCY 1 OPTYPE ram_2p PRAGMA {} RTLNAME XW_block_56_U SOURCE src/integrated-gcn/integrated_gcn.cpp:78 VARIABLE XW_block_56 LOOP {} BUNDLEDNAME {} DSP 0 BRAM 0 URAM 0 STORAGESUBTYPE {} STORAGESIZE {32 16 1} STORAGEUSAGE {ram_2p array} DISPNAME {bind_storage ram_2p} VISIBLE true} {BINDTYPE storage ID {} IMPL auto LATENCY 1 OPTYPE ram_2p PRAGMA {} RTLNAME XW_block_57_U SOURCE src/integrated-gcn/integrated_gcn.cpp:78 VARIABLE XW_block_57 LOOP {} BUNDLEDNAME {} DSP 0 BRAM 0 URAM 0 STORAGESUBTYPE {} STORAGESIZE {32 16 1} STORAGEUSAGE {ram_2p array} DISPNAME {bind_storage ram_2p} VISIBLE true} {BINDTYPE storage ID {} IMPL auto LATENCY 1 OPTYPE ram_2p PRAGMA {} RTLNAME XW_block_58_U SOURCE src/integrated-gcn/integrated_gcn.cpp:78 VARIABLE XW_block_58 LOOP {} BUNDLEDNAME {} DSP 0 BRAM 0 URAM 0 STORAGESUBTYPE {} STORAGESIZE {32 16 1} STORAGEUSAGE {ram_2p array} DISPNAME {bind_storage ram_2p} VISIBLE true} {BINDTYPE storage ID {} IMPL auto LATENCY 1 OPTYPE ram_2p PRAGMA {} RTLNAME XW_block_59_U SOURCE src/integrated-gcn/integrated_gcn.cpp:78 VARIABLE XW_block_59 LOOP {} BUNDLEDNAME {} DSP 0 BRAM 0 URAM 0 STORAGESUBTYPE {} STORAGESIZE {32 16 1} STORAGEUSAGE {ram_2p array} DISPNAME {bind_storage ram_2p} VISIBLE true} {BINDTYPE storage ID {} IMPL auto LATENCY 1 OPTYPE ram_2p PRAGMA {} RTLNAME XW_block_60_U SOURCE src/integrated-gcn/integrated_gcn.cpp:78 VARIABLE XW_block_60 LOOP {} BUNDLEDNAME {} DSP 0 BRAM 0 URAM 0 STORAGESUBTYPE {} STORAGESIZE {32 16 1} STORAGEUSAGE {ram_2p array} DISPNAME {bind_storage ram_2p} VISIBLE true} {BINDTYPE storage ID {} IMPL auto LATENCY 1 OPTYPE ram_2p PRAGMA {} RTLNAME XW_block_61_U SOURCE src/integrated-gcn/integrated_gcn.cpp:78 VARIABLE XW_block_61 LOOP {} BUNDLEDNAME {} DSP 0 BRAM 0 URAM 0 STORAGESUBTYPE {} STORAGESIZE {32 16 1} STORAGEUSAGE {ram_2p array} DISPNAME {bind_storage ram_2p} VISIBLE true} {BINDTYPE storage ID {} IMPL auto LATENCY 1 OPTYPE ram_2p PRAGMA {} RTLNAME XW_block_62_U SOURCE src/integrated-gcn/integrated_gcn.cpp:78 VARIABLE XW_block_62 LOOP {} BUNDLEDNAME {} DSP 0 BRAM 0 URAM 0 STORAGESUBTYPE {} STORAGESIZE {32 16 1} STORAGEUSAGE {ram_2p array} DISPNAME {bind_storage ram_2p} VISIBLE true} {BINDTYPE storage ID {} IMPL auto LATENCY 1 OPTYPE ram_2p PRAGMA {} RTLNAME XW_block_63_U SOURCE src/integrated-gcn/integrated_gcn.cpp:78 VARIABLE XW_block_63 LOOP {} BUNDLEDNAME {} DSP 0 BRAM 0 URAM 0 STORAGESUBTYPE {} STORAGESIZE {32 16 1} STORAGEUSAGE {ram_2p array} DISPNAME {bind_storage ram_2p} VISIBLE true} {BINDTYPE storage ID {} IMPL auto LATENCY 1 OPTYPE ram_2p PRAGMA {} RTLNAME XW_block_64_U SOURCE src/integrated-gcn/integrated_gcn.cpp:78 VARIABLE XW_block_64 LOOP {} BUNDLEDNAME {} DSP 0 BRAM 0 URAM 0 STORAGESUBTYPE {} STORAGESIZE {32 16 1} STORAGEUSAGE {ram_2p array} DISPNAME {bind_storage ram_2p} VISIBLE true} {BINDTYPE storage ID {} IMPL auto LATENCY 1 OPTYPE ram_2p PRAGMA {} RTLNAME XW_block_65_U SOURCE src/integrated-gcn/integrated_gcn.cpp:78 VARIABLE XW_block_65 LOOP {} BUNDLEDNAME {} DSP 0 BRAM 0 URAM 0 STORAGESUBTYPE {} STORAGESIZE {32 16 1} STORAGEUSAGE {ram_2p array} DISPNAME {bind_storage ram_2p} VISIBLE true} {BINDTYPE storage ID {} IMPL auto LATENCY 1 OPTYPE ram_2p PRAGMA {} RTLNAME XW_block_66_U SOURCE src/integrated-gcn/integrated_gcn.cpp:78 VARIABLE XW_block_66 LOOP {} BUNDLEDNAME {} DSP 0 BRAM 0 URAM 0 STORAGESUBTYPE {} STORAGESIZE {32 16 1} STORAGEUSAGE {ram_2p array} DISPNAME {bind_storage ram_2p} VISIBLE true} {BINDTYPE storage ID {} IMPL auto LATENCY 1 OPTYPE ram_2p PRAGMA {} RTLNAME XW_block_67_U SOURCE src/integrated-gcn/integrated_gcn.cpp:78 VARIABLE XW_block_67 LOOP {} BUNDLEDNAME {} DSP 0 BRAM 0 URAM 0 STORAGESUBTYPE {} STORAGESIZE {32 16 1} STORAGEUSAGE {ram_2p array} DISPNAME {bind_storage ram_2p} VISIBLE true} {BINDTYPE storage ID {} IMPL auto LATENCY 1 OPTYPE ram_2p PRAGMA {} RTLNAME XW_block_68_U SOURCE src/integrated-gcn/integrated_gcn.cpp:78 VARIABLE XW_block_68 LOOP {} BUNDLEDNAME {} DSP 0 BRAM 0 URAM 0 STORAGESUBTYPE {} STORAGESIZE {32 16 1} STORAGEUSAGE {ram_2p array} DISPNAME {bind_storage ram_2p} VISIBLE true} {BINDTYPE storage ID {} IMPL auto LATENCY 1 OPTYPE ram_2p PRAGMA {} RTLNAME XW_block_69_U SOURCE src/integrated-gcn/integrated_gcn.cpp:78 VARIABLE XW_block_69 LOOP {} BUNDLEDNAME {} DSP 0 BRAM 0 URAM 0 STORAGESUBTYPE {} STORAGESIZE {32 16 1} STORAGEUSAGE {ram_2p array} DISPNAME {bind_storage ram_2p} VISIBLE true} {BINDTYPE storage ID {} IMPL auto LATENCY 1 OPTYPE ram_2p PRAGMA {} RTLNAME XW_block_70_U SOURCE src/integrated-gcn/integrated_gcn.cpp:78 VARIABLE XW_block_70 LOOP {} BUNDLEDNAME {} DSP 0 BRAM 0 URAM 0 STORAGESUBTYPE {} STORAGESIZE {32 16 1} STORAGEUSAGE {ram_2p array} DISPNAME {bind_storage ram_2p} VISIBLE true} {BINDTYPE storage ID {} IMPL auto LATENCY 1 OPTYPE ram_2p PRAGMA {} RTLNAME XW_block_71_U SOURCE src/integrated-gcn/integrated_gcn.cpp:78 VARIABLE XW_block_71 LOOP {} BUNDLEDNAME {} DSP 0 BRAM 0 URAM 0 STORAGESUBTYPE {} STORAGESIZE {32 16 1} STORAGEUSAGE {ram_2p array} DISPNAME {bind_storage ram_2p} VISIBLE true} {BINDTYPE storage ID {} IMPL auto LATENCY 1 OPTYPE ram_2p PRAGMA {} RTLNAME XW_block_72_U SOURCE src/integrated-gcn/integrated_gcn.cpp:78 VARIABLE XW_block_72 LOOP {} BUNDLEDNAME {} DSP 0 BRAM 0 URAM 0 STORAGESUBTYPE {} STORAGESIZE {32 16 1} STORAGEUSAGE {ram_2p array} DISPNAME {bind_storage ram_2p} VISIBLE true} {BINDTYPE storage ID {} IMPL auto LATENCY 1 OPTYPE ram_2p PRAGMA {} RTLNAME XW_block_73_U SOURCE src/integrated-gcn/integrated_gcn.cpp:78 VARIABLE XW_block_73 LOOP {} BUNDLEDNAME {} DSP 0 BRAM 0 URAM 0 STORAGESUBTYPE {} STORAGESIZE {32 16 1} STORAGEUSAGE {ram_2p array} DISPNAME {bind_storage ram_2p} VISIBLE true} {BINDTYPE storage ID {} IMPL auto LATENCY 1 OPTYPE ram_2p PRAGMA {} RTLNAME XW_block_74_U SOURCE src/integrated-gcn/integrated_gcn.cpp:78 VARIABLE XW_block_74 LOOP {} BUNDLEDNAME {} DSP 0 BRAM 0 URAM 0 STORAGESUBTYPE {} STORAGESIZE {32 16 1} STORAGEUSAGE {ram_2p array} DISPNAME {bind_storage ram_2p} VISIBLE true} {BINDTYPE storage ID {} IMPL auto LATENCY 1 OPTYPE ram_2p PRAGMA {} RTLNAME XW_block_75_U SOURCE src/integrated-gcn/integrated_gcn.cpp:78 VARIABLE XW_block_75 LOOP {} BUNDLEDNAME {} DSP 0 BRAM 0 URAM 0 STORAGESUBTYPE {} STORAGESIZE {32 16 1} STORAGEUSAGE {ram_2p array} DISPNAME {bind_storage ram_2p} VISIBLE true} {BINDTYPE storage ID {} IMPL auto LATENCY 1 OPTYPE ram_2p PRAGMA {} RTLNAME XW_block_76_U SOURCE src/integrated-gcn/integrated_gcn.cpp:78 VARIABLE XW_block_76 LOOP {} BUNDLEDNAME {} DSP 0 BRAM 0 URAM 0 STORAGESUBTYPE {} STORAGESIZE {32 16 1} STORAGEUSAGE {ram_2p array} DISPNAME {bind_storage ram_2p} VISIBLE true} {BINDTYPE storage ID {} IMPL auto LATENCY 1 OPTYPE ram_2p PRAGMA {} RTLNAME XW_block_77_U SOURCE src/integrated-gcn/integrated_gcn.cpp:78 VARIABLE XW_block_77 LOOP {} BUNDLEDNAME {} DSP 0 BRAM 0 URAM 0 STORAGESUBTYPE {} STORAGESIZE {32 16 1} STORAGEUSAGE {ram_2p array} DISPNAME {bind_storage ram_2p} VISIBLE true} {BINDTYPE storage ID {} IMPL auto LATENCY 1 OPTYPE ram_2p PRAGMA {} RTLNAME XW_block_78_U SOURCE src/integrated-gcn/integrated_gcn.cpp:78 VARIABLE XW_block_78 LOOP {} BUNDLEDNAME {} DSP 0 BRAM 0 URAM 0 STORAGESUBTYPE {} STORAGESIZE {32 16 1} STORAGEUSAGE {ram_2p array} DISPNAME {bind_storage ram_2p} VISIBLE true} {BINDTYPE storage ID {} IMPL auto LATENCY 1 OPTYPE ram_2p PRAGMA {} RTLNAME XW_block_79_U SOURCE src/integrated-gcn/integrated_gcn.cpp:78 VARIABLE XW_block_79 LOOP {} BUNDLEDNAME {} DSP 0 BRAM 0 URAM 0 STORAGESUBTYPE {} STORAGESIZE {32 16 1} STORAGEUSAGE {ram_2p array} DISPNAME {bind_storage ram_2p} VISIBLE true} {BINDTYPE storage ID {} IMPL auto LATENCY 1 OPTYPE ram_2p PRAGMA {} RTLNAME XW_block_80_U SOURCE src/integrated-gcn/integrated_gcn.cpp:78 VARIABLE XW_block_80 LOOP {} BUNDLEDNAME {} DSP 0 BRAM 0 URAM 0 STORAGESUBTYPE {} STORAGESIZE {32 16 1} STORAGEUSAGE {ram_2p array} DISPNAME {bind_storage ram_2p} VISIBLE true} {BINDTYPE storage ID {} IMPL auto LATENCY 1 OPTYPE ram_2p PRAGMA {} RTLNAME XW_block_81_U SOURCE src/integrated-gcn/integrated_gcn.cpp:78 VARIABLE XW_block_81 LOOP {} BUNDLEDNAME {} DSP 0 BRAM 0 URAM 0 STORAGESUBTYPE {} STORAGESIZE {32 16 1} STORAGEUSAGE {ram_2p array} DISPNAME {bind_storage ram_2p} VISIBLE true} {BINDTYPE storage ID {} IMPL auto LATENCY 1 OPTYPE ram_2p PRAGMA {} RTLNAME XW_block_82_U SOURCE src/integrated-gcn/integrated_gcn.cpp:78 VARIABLE XW_block_82 LOOP {} BUNDLEDNAME {} DSP 0 BRAM 0 URAM 0 STORAGESUBTYPE {} STORAGESIZE {32 16 1} STORAGEUSAGE {ram_2p array} DISPNAME {bind_storage ram_2p} VISIBLE true} {BINDTYPE storage ID {} IMPL auto LATENCY 1 OPTYPE ram_2p PRAGMA {} RTLNAME XW_block_83_U SOURCE src/integrated-gcn/integrated_gcn.cpp:78 VARIABLE XW_block_83 LOOP {} BUNDLEDNAME {} DSP 0 BRAM 0 URAM 0 STORAGESUBTYPE {} STORAGESIZE {32 16 1} STORAGEUSAGE {ram_2p array} DISPNAME {bind_storage ram_2p} VISIBLE true} {BINDTYPE storage ID {} IMPL auto LATENCY 1 OPTYPE ram_2p PRAGMA {} RTLNAME XW_block_84_U SOURCE src/integrated-gcn/integrated_gcn.cpp:78 VARIABLE XW_block_84 LOOP {} BUNDLEDNAME {} DSP 0 BRAM 0 URAM 0 STORAGESUBTYPE {} STORAGESIZE {32 16 1} STORAGEUSAGE {ram_2p array} DISPNAME {bind_storage ram_2p} VISIBLE true} {BINDTYPE storage ID {} IMPL auto LATENCY 1 OPTYPE ram_2p PRAGMA {} RTLNAME XW_block_85_U SOURCE src/integrated-gcn/integrated_gcn.cpp:78 VARIABLE XW_block_85 LOOP {} BUNDLEDNAME {} DSP 0 BRAM 0 URAM 0 STORAGESUBTYPE {} STORAGESIZE {32 16 1} STORAGEUSAGE {ram_2p array} DISPNAME {bind_storage ram_2p} VISIBLE true} {BINDTYPE storage ID {} IMPL auto LATENCY 1 OPTYPE ram_2p PRAGMA {} RTLNAME XW_block_86_U SOURCE src/integrated-gcn/integrated_gcn.cpp:78 VARIABLE XW_block_86 LOOP {} BUNDLEDNAME {} DSP 0 BRAM 0 URAM 0 STORAGESUBTYPE {} STORAGESIZE {32 16 1} STORAGEUSAGE {ram_2p array} DISPNAME {bind_storage ram_2p} VISIBLE true} {BINDTYPE storage ID {} IMPL auto LATENCY 1 OPTYPE ram_2p PRAGMA {} RTLNAME XW_block_87_U SOURCE src/integrated-gcn/integrated_gcn.cpp:78 VARIABLE XW_block_87 LOOP {} BUNDLEDNAME {} DSP 0 BRAM 0 URAM 0 STORAGESUBTYPE {} STORAGESIZE {32 16 1} STORAGEUSAGE {ram_2p array} DISPNAME {bind_storage ram_2p} VISIBLE true} {BINDTYPE storage ID {} IMPL auto LATENCY 1 OPTYPE ram_2p PRAGMA {} RTLNAME XW_block_88_U SOURCE src/integrated-gcn/integrated_gcn.cpp:78 VARIABLE XW_block_88 LOOP {} BUNDLEDNAME {} DSP 0 BRAM 0 URAM 0 STORAGESUBTYPE {} STORAGESIZE {32 16 1} STORAGEUSAGE {ram_2p array} DISPNAME {bind_storage ram_2p} VISIBLE true} {BINDTYPE storage ID {} IMPL auto LATENCY 1 OPTYPE ram_2p PRAGMA {} RTLNAME XW_block_89_U SOURCE src/integrated-gcn/integrated_gcn.cpp:78 VARIABLE XW_block_89 LOOP {} BUNDLEDNAME {} DSP 0 BRAM 0 URAM 0 STORAGESUBTYPE {} STORAGESIZE {32 16 1} STORAGEUSAGE {ram_2p array} DISPNAME {bind_storage ram_2p} VISIBLE true} {BINDTYPE storage ID {} IMPL auto LATENCY 1 OPTYPE ram_2p PRAGMA {} RTLNAME XW_block_90_U SOURCE src/integrated-gcn/integrated_gcn.cpp:78 VARIABLE XW_block_90 LOOP {} BUNDLEDNAME {} DSP 0 BRAM 0 URAM 0 STORAGESUBTYPE {} STORAGESIZE {32 16 1} STORAGEUSAGE {ram_2p array} DISPNAME {bind_storage ram_2p} VISIBLE true} {BINDTYPE storage ID {} IMPL auto LATENCY 1 OPTYPE ram_2p PRAGMA {} RTLNAME XW_block_91_U SOURCE src/integrated-gcn/integrated_gcn.cpp:78 VARIABLE XW_block_91 LOOP {} BUNDLEDNAME {} DSP 0 BRAM 0 URAM 0 STORAGESUBTYPE {} STORAGESIZE {32 16 1} STORAGEUSAGE {ram_2p array} DISPNAME {bind_storage ram_2p} VISIBLE true} {BINDTYPE storage ID {} IMPL auto LATENCY 1 OPTYPE ram_2p PRAGMA {} RTLNAME XW_block_92_U SOURCE src/integrated-gcn/integrated_gcn.cpp:78 VARIABLE XW_block_92 LOOP {} BUNDLEDNAME {} DSP 0 BRAM 0 URAM 0 STORAGESUBTYPE {} STORAGESIZE {32 16 1} STORAGEUSAGE {ram_2p array} DISPNAME {bind_storage ram_2p} VISIBLE true} {BINDTYPE storage ID {} IMPL auto LATENCY 1 OPTYPE ram_2p PRAGMA {} RTLNAME XW_block_93_U SOURCE src/integrated-gcn/integrated_gcn.cpp:78 VARIABLE XW_block_93 LOOP {} BUNDLEDNAME {} DSP 0 BRAM 0 URAM 0 STORAGESUBTYPE {} STORAGESIZE {32 16 1} STORAGEUSAGE {ram_2p array} DISPNAME {bind_storage ram_2p} VISIBLE true} {BINDTYPE storage ID {} IMPL auto LATENCY 1 OPTYPE ram_2p PRAGMA {} RTLNAME XW_block_94_U SOURCE src/integrated-gcn/integrated_gcn.cpp:78 VARIABLE XW_block_94 LOOP {} BUNDLEDNAME {} DSP 0 BRAM 0 URAM 0 STORAGESUBTYPE {} STORAGESIZE {32 16 1} STORAGEUSAGE {ram_2p array} DISPNAME {bind_storage ram_2p} VISIBLE true} {BINDTYPE storage ID {} IMPL auto LATENCY 1 OPTYPE ram_2p PRAGMA {} RTLNAME XW_block_95_U SOURCE src/integrated-gcn/integrated_gcn.cpp:78 VARIABLE XW_block_95 LOOP {} BUNDLEDNAME {} DSP 0 BRAM 0 URAM 0 STORAGESUBTYPE {} STORAGESIZE {32 16 1} STORAGEUSAGE {ram_2p array} DISPNAME {bind_storage ram_2p} VISIBLE true} {BINDTYPE storage ID {} IMPL auto LATENCY 1 OPTYPE ram_2p PRAGMA {} RTLNAME XW_block_96_U SOURCE src/integrated-gcn/integrated_gcn.cpp:78 VARIABLE XW_block_96 LOOP {} BUNDLEDNAME {} DSP 0 BRAM 0 URAM 0 STORAGESUBTYPE {} STORAGESIZE {32 16 1} STORAGEUSAGE {ram_2p array} DISPNAME {bind_storage ram_2p} VISIBLE true} {BINDTYPE storage ID {} IMPL auto LATENCY 1 OPTYPE ram_2p PRAGMA {} RTLNAME XW_block_97_U SOURCE src/integrated-gcn/integrated_gcn.cpp:78 VARIABLE XW_block_97 LOOP {} BUNDLEDNAME {} DSP 0 BRAM 0 URAM 0 STORAGESUBTYPE {} STORAGESIZE {32 16 1} STORAGEUSAGE {ram_2p array} DISPNAME {bind_storage ram_2p} VISIBLE true} {BINDTYPE storage ID {} IMPL auto LATENCY 1 OPTYPE ram_2p PRAGMA {} RTLNAME XW_block_98_U SOURCE src/integrated-gcn/integrated_gcn.cpp:78 VARIABLE XW_block_98 LOOP {} BUNDLEDNAME {} DSP 0 BRAM 0 URAM 0 STORAGESUBTYPE {} STORAGESIZE {32 16 1} STORAGEUSAGE {ram_2p array} DISPNAME {bind_storage ram_2p} VISIBLE true} {BINDTYPE storage ID {} IMPL auto LATENCY 1 OPTYPE ram_2p PRAGMA {} RTLNAME XW_block_99_U SOURCE src/integrated-gcn/integrated_gcn.cpp:78 VARIABLE XW_block_99 LOOP {} BUNDLEDNAME {} DSP 0 BRAM 0 URAM 0 STORAGESUBTYPE {} STORAGESIZE {32 16 1} STORAGEUSAGE {ram_2p array} DISPNAME {bind_storage ram_2p} VISIBLE true} {BINDTYPE storage ID {} IMPL auto LATENCY 1 OPTYPE ram_2p PRAGMA {} RTLNAME XW_block_100_U SOURCE src/integrated-gcn/integrated_gcn.cpp:78 VARIABLE XW_block_100 LOOP {} BUNDLEDNAME {} DSP 0 BRAM 0 URAM 0 STORAGESUBTYPE {} STORAGESIZE {32 16 1} STORAGEUSAGE {ram_2p array} DISPNAME {bind_storage ram_2p} VISIBLE true} {BINDTYPE storage ID {} IMPL auto LATENCY 1 OPTYPE ram_2p PRAGMA {} RTLNAME XW_block_101_U SOURCE src/integrated-gcn/integrated_gcn.cpp:78 VARIABLE XW_block_101 LOOP {} BUNDLEDNAME {} DSP 0 BRAM 0 URAM 0 STORAGESUBTYPE {} STORAGESIZE {32 16 1} STORAGEUSAGE {ram_2p array} DISPNAME {bind_storage ram_2p} VISIBLE true} {BINDTYPE storage ID {} IMPL auto LATENCY 1 OPTYPE ram_2p PRAGMA {} RTLNAME XW_block_102_U SOURCE src/integrated-gcn/integrated_gcn.cpp:78 VARIABLE XW_block_102 LOOP {} BUNDLEDNAME {} DSP 0 BRAM 0 URAM 0 STORAGESUBTYPE {} STORAGESIZE {32 16 1} STORAGEUSAGE {ram_2p array} DISPNAME {bind_storage ram_2p} VISIBLE true} {BINDTYPE storage ID {} IMPL auto LATENCY 1 OPTYPE ram_2p PRAGMA {} RTLNAME XW_block_103_U SOURCE src/integrated-gcn/integrated_gcn.cpp:78 VARIABLE XW_block_103 LOOP {} BUNDLEDNAME {} DSP 0 BRAM 0 URAM 0 STORAGESUBTYPE {} STORAGESIZE {32 16 1} STORAGEUSAGE {ram_2p array} DISPNAME {bind_storage ram_2p} VISIBLE true} {BINDTYPE storage ID {} IMPL auto LATENCY 1 OPTYPE ram_2p PRAGMA {} RTLNAME XW_block_104_U SOURCE src/integrated-gcn/integrated_gcn.cpp:78 VARIABLE XW_block_104 LOOP {} BUNDLEDNAME {} DSP 0 BRAM 0 URAM 0 STORAGESUBTYPE {} STORAGESIZE {32 16 1} STORAGEUSAGE {ram_2p array} DISPNAME {bind_storage ram_2p} VISIBLE true} {BINDTYPE storage ID {} IMPL auto LATENCY 1 OPTYPE ram_2p PRAGMA {} RTLNAME XW_block_105_U SOURCE src/integrated-gcn/integrated_gcn.cpp:78 VARIABLE XW_block_105 LOOP {} BUNDLEDNAME {} DSP 0 BRAM 0 URAM 0 STORAGESUBTYPE {} STORAGESIZE {32 16 1} STORAGEUSAGE {ram_2p array} DISPNAME {bind_storage ram_2p} VISIBLE true} {BINDTYPE storage ID {} IMPL auto LATENCY 1 OPTYPE ram_2p PRAGMA {} RTLNAME XW_block_106_U SOURCE src/integrated-gcn/integrated_gcn.cpp:78 VARIABLE XW_block_106 LOOP {} BUNDLEDNAME {} DSP 0 BRAM 0 URAM 0 STORAGESUBTYPE {} STORAGESIZE {32 16 1} STORAGEUSAGE {ram_2p array} DISPNAME {bind_storage ram_2p} VISIBLE true} {BINDTYPE storage ID {} IMPL auto LATENCY 1 OPTYPE ram_2p PRAGMA {} RTLNAME XW_block_107_U SOURCE src/integrated-gcn/integrated_gcn.cpp:78 VARIABLE XW_block_107 LOOP {} BUNDLEDNAME {} DSP 0 BRAM 0 URAM 0 STORAGESUBTYPE {} STORAGESIZE {32 16 1} STORAGEUSAGE {ram_2p array} DISPNAME {bind_storage ram_2p} VISIBLE true} {BINDTYPE storage ID {} IMPL auto LATENCY 1 OPTYPE ram_2p PRAGMA {} RTLNAME XW_block_108_U SOURCE src/integrated-gcn/integrated_gcn.cpp:78 VARIABLE XW_block_108 LOOP {} BUNDLEDNAME {} DSP 0 BRAM 0 URAM 0 STORAGESUBTYPE {} STORAGESIZE {32 16 1} STORAGEUSAGE {ram_2p array} DISPNAME {bind_storage ram_2p} VISIBLE true} {BINDTYPE storage ID {} IMPL auto LATENCY 1 OPTYPE ram_2p PRAGMA {} RTLNAME XW_block_109_U SOURCE src/integrated-gcn/integrated_gcn.cpp:78 VARIABLE XW_block_109 LOOP {} BUNDLEDNAME {} DSP 0 BRAM 0 URAM 0 STORAGESUBTYPE {} STORAGESIZE {32 16 1} STORAGEUSAGE {ram_2p array} DISPNAME {bind_storage ram_2p} VISIBLE true} {BINDTYPE storage ID {} IMPL auto LATENCY 1 OPTYPE ram_2p PRAGMA {} RTLNAME XW_block_110_U SOURCE src/integrated-gcn/integrated_gcn.cpp:78 VARIABLE XW_block_110 LOOP {} BUNDLEDNAME {} DSP 0 BRAM 0 URAM 0 STORAGESUBTYPE {} STORAGESIZE {32 16 1} STORAGEUSAGE {ram_2p array} DISPNAME {bind_storage ram_2p} VISIBLE true} {BINDTYPE storage ID {} IMPL auto LATENCY 1 OPTYPE ram_2p PRAGMA {} RTLNAME XW_block_111_U SOURCE src/integrated-gcn/integrated_gcn.cpp:78 VARIABLE XW_block_111 LOOP {} BUNDLEDNAME {} DSP 0 BRAM 0 URAM 0 STORAGESUBTYPE {} STORAGESIZE {32 16 1} STORAGEUSAGE {ram_2p array} DISPNAME {bind_storage ram_2p} VISIBLE true} {BINDTYPE storage ID {} IMPL auto LATENCY 1 OPTYPE ram_2p PRAGMA {} RTLNAME XW_block_112_U SOURCE src/integrated-gcn/integrated_gcn.cpp:78 VARIABLE XW_block_112 LOOP {} BUNDLEDNAME {} DSP 0 BRAM 0 URAM 0 STORAGESUBTYPE {} STORAGESIZE {32 16 1} STORAGEUSAGE {ram_2p array} DISPNAME {bind_storage ram_2p} VISIBLE true} {BINDTYPE storage ID {} IMPL auto LATENCY 1 OPTYPE ram_2p PRAGMA {} RTLNAME XW_block_113_U SOURCE src/integrated-gcn/integrated_gcn.cpp:78 VARIABLE XW_block_113 LOOP {} BUNDLEDNAME {} DSP 0 BRAM 0 URAM 0 STORAGESUBTYPE {} STORAGESIZE {32 16 1} STORAGEUSAGE {ram_2p array} DISPNAME {bind_storage ram_2p} VISIBLE true} {BINDTYPE storage ID {} IMPL auto LATENCY 1 OPTYPE ram_2p PRAGMA {} RTLNAME XW_block_114_U SOURCE src/integrated-gcn/integrated_gcn.cpp:78 VARIABLE XW_block_114 LOOP {} BUNDLEDNAME {} DSP 0 BRAM 0 URAM 0 STORAGESUBTYPE {} STORAGESIZE {32 16 1} STORAGEUSAGE {ram_2p array} DISPNAME {bind_storage ram_2p} VISIBLE true} {BINDTYPE storage ID {} IMPL auto LATENCY 1 OPTYPE ram_2p PRAGMA {} RTLNAME XW_block_115_U SOURCE src/integrated-gcn/integrated_gcn.cpp:78 VARIABLE XW_block_115 LOOP {} BUNDLEDNAME {} DSP 0 BRAM 0 URAM 0 STORAGESUBTYPE {} STORAGESIZE {32 16 1} STORAGEUSAGE {ram_2p array} DISPNAME {bind_storage ram_2p} VISIBLE true} {BINDTYPE storage ID {} IMPL auto LATENCY 1 OPTYPE ram_2p PRAGMA {} RTLNAME XW_block_116_U SOURCE src/integrated-gcn/integrated_gcn.cpp:78 VARIABLE XW_block_116 LOOP {} BUNDLEDNAME {} DSP 0 BRAM 0 URAM 0 STORAGESUBTYPE {} STORAGESIZE {32 16 1} STORAGEUSAGE {ram_2p array} DISPNAME {bind_storage ram_2p} VISIBLE true} {BINDTYPE storage ID {} IMPL auto LATENCY 1 OPTYPE ram_2p PRAGMA {} RTLNAME XW_block_117_U SOURCE src/integrated-gcn/integrated_gcn.cpp:78 VARIABLE XW_block_117 LOOP {} BUNDLEDNAME {} DSP 0 BRAM 0 URAM 0 STORAGESUBTYPE {} STORAGESIZE {32 16 1} STORAGEUSAGE {ram_2p array} DISPNAME {bind_storage ram_2p} VISIBLE true} {BINDTYPE storage ID {} IMPL auto LATENCY 1 OPTYPE ram_2p PRAGMA {} RTLNAME XW_block_118_U SOURCE src/integrated-gcn/integrated_gcn.cpp:78 VARIABLE XW_block_118 LOOP {} BUNDLEDNAME {} DSP 0 BRAM 0 URAM 0 STORAGESUBTYPE {} STORAGESIZE {32 16 1} STORAGEUSAGE {ram_2p array} DISPNAME {bind_storage ram_2p} VISIBLE true} {BINDTYPE storage ID {} IMPL auto LATENCY 1 OPTYPE ram_2p PRAGMA {} RTLNAME XW_block_119_U SOURCE src/integrated-gcn/integrated_gcn.cpp:78 VARIABLE XW_block_119 LOOP {} BUNDLEDNAME {} DSP 0 BRAM 0 URAM 0 STORAGESUBTYPE {} STORAGESIZE {32 16 1} STORAGEUSAGE {ram_2p array} DISPNAME {bind_storage ram_2p} VISIBLE true} {BINDTYPE storage ID {} IMPL auto LATENCY 1 OPTYPE ram_2p PRAGMA {} RTLNAME XW_block_120_U SOURCE src/integrated-gcn/integrated_gcn.cpp:78 VARIABLE XW_block_120 LOOP {} BUNDLEDNAME {} DSP 0 BRAM 0 URAM 0 STORAGESUBTYPE {} STORAGESIZE {32 16 1} STORAGEUSAGE {ram_2p array} DISPNAME {bind_storage ram_2p} VISIBLE true} {BINDTYPE storage ID {} IMPL auto LATENCY 1 OPTYPE ram_2p PRAGMA {} RTLNAME XW_block_121_U SOURCE src/integrated-gcn/integrated_gcn.cpp:78 VARIABLE XW_block_121 LOOP {} BUNDLEDNAME {} DSP 0 BRAM 0 URAM 0 STORAGESUBTYPE {} STORAGESIZE {32 16 1} STORAGEUSAGE {ram_2p array} DISPNAME {bind_storage ram_2p} VISIBLE true} {BINDTYPE storage ID {} IMPL auto LATENCY 1 OPTYPE ram_2p PRAGMA {} RTLNAME XW_block_122_U SOURCE src/integrated-gcn/integrated_gcn.cpp:78 VARIABLE XW_block_122 LOOP {} BUNDLEDNAME {} DSP 0 BRAM 0 URAM 0 STORAGESUBTYPE {} STORAGESIZE {32 16 1} STORAGEUSAGE {ram_2p array} DISPNAME {bind_storage ram_2p} VISIBLE true} {BINDTYPE storage ID {} IMPL auto LATENCY 1 OPTYPE ram_2p PRAGMA {} RTLNAME XW_block_123_U SOURCE src/integrated-gcn/integrated_gcn.cpp:78 VARIABLE XW_block_123 LOOP {} BUNDLEDNAME {} DSP 0 BRAM 0 URAM 0 STORAGESUBTYPE {} STORAGESIZE {32 16 1} STORAGEUSAGE {ram_2p array} DISPNAME {bind_storage ram_2p} VISIBLE true} {BINDTYPE storage ID {} IMPL auto LATENCY 1 OPTYPE ram_2p PRAGMA {} RTLNAME XW_block_124_U SOURCE src/integrated-gcn/integrated_gcn.cpp:78 VARIABLE XW_block_124 LOOP {} BUNDLEDNAME {} DSP 0 BRAM 0 URAM 0 STORAGESUBTYPE {} STORAGESIZE {32 16 1} STORAGEUSAGE {ram_2p array} DISPNAME {bind_storage ram_2p} VISIBLE true} {BINDTYPE storage ID {} IMPL auto LATENCY 1 OPTYPE ram_2p PRAGMA {} RTLNAME XW_block_125_U SOURCE src/integrated-gcn/integrated_gcn.cpp:78 VARIABLE XW_block_125 LOOP {} BUNDLEDNAME {} DSP 0 BRAM 0 URAM 0 STORAGESUBTYPE {} STORAGESIZE {32 16 1} STORAGEUSAGE {ram_2p array} DISPNAME {bind_storage ram_2p} VISIBLE true} {BINDTYPE storage ID {} IMPL auto LATENCY 1 OPTYPE ram_2p PRAGMA {} RTLNAME XW_block_126_U SOURCE src/integrated-gcn/integrated_gcn.cpp:78 VARIABLE XW_block_126 LOOP {} BUNDLEDNAME {} DSP 0 BRAM 0 URAM 0 STORAGESUBTYPE {} STORAGESIZE {32 16 1} STORAGEUSAGE {ram_2p array} DISPNAME {bind_storage ram_2p} VISIBLE true} {BINDTYPE storage ID {} IMPL auto LATENCY 1 OPTYPE ram_2p PRAGMA {} RTLNAME XW_block_127_U SOURCE src/integrated-gcn/integrated_gcn.cpp:78 VARIABLE XW_block_127 LOOP {} BUNDLEDNAME {} DSP 0 BRAM 0 URAM 0 STORAGESUBTYPE {} STORAGESIZE {32 16 1} STORAGEUSAGE {ram_2p array} DISPNAME {bind_storage ram_2p} VISIBLE true} {BINDTYPE storage ID {} IMPL auto LATENCY 1 OPTYPE ram_2p PRAGMA {} RTLNAME XW_block_128_U SOURCE src/integrated-gcn/integrated_gcn.cpp:78 VARIABLE XW_block_128 LOOP {} BUNDLEDNAME {} DSP 0 BRAM 0 URAM 0 STORAGESUBTYPE {} STORAGESIZE {32 16 1} STORAGEUSAGE {ram_2p array} DISPNAME {bind_storage ram_2p} VISIBLE true} {BINDTYPE storage ID {} IMPL auto LATENCY 1 OPTYPE ram_2p PRAGMA {} RTLNAME XW_block_129_U SOURCE src/integrated-gcn/integrated_gcn.cpp:78 VARIABLE XW_block_129 LOOP {} BUNDLEDNAME {} DSP 0 BRAM 0 URAM 0 STORAGESUBTYPE {} STORAGESIZE {32 16 1} STORAGEUSAGE {ram_2p array} DISPNAME {bind_storage ram_2p} VISIBLE true} {BINDTYPE storage ID {} IMPL auto LATENCY 1 OPTYPE ram_2p PRAGMA {} RTLNAME XW_block_130_U SOURCE src/integrated-gcn/integrated_gcn.cpp:78 VARIABLE XW_block_130 LOOP {} BUNDLEDNAME {} DSP 0 BRAM 0 URAM 0 STORAGESUBTYPE {} STORAGESIZE {32 16 1} STORAGEUSAGE {ram_2p array} DISPNAME {bind_storage ram_2p} VISIBLE true} {BINDTYPE storage ID {} IMPL auto LATENCY 1 OPTYPE ram_2p PRAGMA {} RTLNAME XW_block_131_U SOURCE src/integrated-gcn/integrated_gcn.cpp:78 VARIABLE XW_block_131 LOOP {} BUNDLEDNAME {} DSP 0 BRAM 0 URAM 0 STORAGESUBTYPE {} STORAGESIZE {32 16 1} STORAGEUSAGE {ram_2p array} DISPNAME {bind_storage ram_2p} VISIBLE true} {BINDTYPE storage ID {} IMPL auto LATENCY 1 OPTYPE ram_2p PRAGMA {} RTLNAME XW_block_132_U SOURCE src/integrated-gcn/integrated_gcn.cpp:78 VARIABLE XW_block_132 LOOP {} BUNDLEDNAME {} DSP 0 BRAM 0 URAM 0 STORAGESUBTYPE {} STORAGESIZE {32 16 1} STORAGEUSAGE {ram_2p array} DISPNAME {bind_storage ram_2p} VISIBLE true} {BINDTYPE storage ID {} IMPL auto LATENCY 1 OPTYPE ram_2p PRAGMA {} RTLNAME XW_block_133_U SOURCE src/integrated-gcn/integrated_gcn.cpp:78 VARIABLE XW_block_133 LOOP {} BUNDLEDNAME {} DSP 0 BRAM 0 URAM 0 STORAGESUBTYPE {} STORAGESIZE {32 16 1} STORAGEUSAGE {ram_2p array} DISPNAME {bind_storage ram_2p} VISIBLE true} {BINDTYPE storage ID {} IMPL auto LATENCY 1 OPTYPE ram_2p PRAGMA {} RTLNAME XW_block_134_U SOURCE src/integrated-gcn/integrated_gcn.cpp:78 VARIABLE XW_block_134 LOOP {} BUNDLEDNAME {} DSP 0 BRAM 0 URAM 0 STORAGESUBTYPE {} STORAGESIZE {32 16 1} STORAGEUSAGE {ram_2p array} DISPNAME {bind_storage ram_2p} VISIBLE true} {BINDTYPE storage ID {} IMPL auto LATENCY 1 OPTYPE ram_2p PRAGMA {} RTLNAME XW_block_135_U SOURCE src/integrated-gcn/integrated_gcn.cpp:78 VARIABLE XW_block_135 LOOP {} BUNDLEDNAME {} DSP 0 BRAM 0 URAM 0 STORAGESUBTYPE {} STORAGESIZE {32 16 1} STORAGEUSAGE {ram_2p array} DISPNAME {bind_storage ram_2p} VISIBLE true} {BINDTYPE storage ID {} IMPL auto LATENCY 1 OPTYPE ram_2p PRAGMA {} RTLNAME XW_block_136_U SOURCE src/integrated-gcn/integrated_gcn.cpp:78 VARIABLE XW_block_136 LOOP {} BUNDLEDNAME {} DSP 0 BRAM 0 URAM 0 STORAGESUBTYPE {} STORAGESIZE {32 16 1} STORAGEUSAGE {ram_2p array} DISPNAME {bind_storage ram_2p} VISIBLE true} {BINDTYPE storage ID {} IMPL auto LATENCY 1 OPTYPE ram_2p PRAGMA {} RTLNAME XW_block_137_U SOURCE src/integrated-gcn/integrated_gcn.cpp:78 VARIABLE XW_block_137 LOOP {} BUNDLEDNAME {} DSP 0 BRAM 0 URAM 0 STORAGESUBTYPE {} STORAGESIZE {32 16 1} STORAGEUSAGE {ram_2p array} DISPNAME {bind_storage ram_2p} VISIBLE true} {BINDTYPE storage ID {} IMPL auto LATENCY 1 OPTYPE ram_2p PRAGMA {} RTLNAME XW_block_138_U SOURCE src/integrated-gcn/integrated_gcn.cpp:78 VARIABLE XW_block_138 LOOP {} BUNDLEDNAME {} DSP 0 BRAM 0 URAM 0 STORAGESUBTYPE {} STORAGESIZE {32 16 1} STORAGEUSAGE {ram_2p array} DISPNAME {bind_storage ram_2p} VISIBLE true} {BINDTYPE storage ID {} IMPL auto LATENCY 1 OPTYPE ram_2p PRAGMA {} RTLNAME XW_block_139_U SOURCE src/integrated-gcn/integrated_gcn.cpp:78 VARIABLE XW_block_139 LOOP {} BUNDLEDNAME {} DSP 0 BRAM 0 URAM 0 STORAGESUBTYPE {} STORAGESIZE {32 16 1} STORAGEUSAGE {ram_2p array} DISPNAME {bind_storage ram_2p} VISIBLE true} {BINDTYPE storage ID {} IMPL auto LATENCY 1 OPTYPE ram_2p PRAGMA {} RTLNAME XW_block_140_U SOURCE src/integrated-gcn/integrated_gcn.cpp:78 VARIABLE XW_block_140 LOOP {} BUNDLEDNAME {} DSP 0 BRAM 0 URAM 0 STORAGESUBTYPE {} STORAGESIZE {32 16 1} STORAGEUSAGE {ram_2p array} DISPNAME {bind_storage ram_2p} VISIBLE true} {BINDTYPE storage ID {} IMPL auto LATENCY 1 OPTYPE ram_2p PRAGMA {} RTLNAME XW_block_141_U SOURCE src/integrated-gcn/integrated_gcn.cpp:78 VARIABLE XW_block_141 LOOP {} BUNDLEDNAME {} DSP 0 BRAM 0 URAM 0 STORAGESUBTYPE {} STORAGESIZE {32 16 1} STORAGEUSAGE {ram_2p array} DISPNAME {bind_storage ram_2p} VISIBLE true} {BINDTYPE storage ID {} IMPL auto LATENCY 1 OPTYPE ram_2p PRAGMA {} RTLNAME XW_block_142_U SOURCE src/integrated-gcn/integrated_gcn.cpp:78 VARIABLE XW_block_142 LOOP {} BUNDLEDNAME {} DSP 0 BRAM 0 URAM 0 STORAGESUBTYPE {} STORAGESIZE {32 16 1} STORAGEUSAGE {ram_2p array} DISPNAME {bind_storage ram_2p} VISIBLE true} {BINDTYPE storage ID {} IMPL auto LATENCY 1 OPTYPE ram_2p PRAGMA {} RTLNAME XW_block_143_U SOURCE src/integrated-gcn/integrated_gcn.cpp:78 VARIABLE XW_block_143 LOOP {} BUNDLEDNAME {} DSP 0 BRAM 0 URAM 0 STORAGESUBTYPE {} STORAGESIZE {32 16 1} STORAGEUSAGE {ram_2p array} DISPNAME {bind_storage ram_2p} VISIBLE true} {BINDTYPE storage ID {} IMPL auto LATENCY 1 OPTYPE ram_2p PRAGMA {} RTLNAME XW_block_144_U SOURCE src/integrated-gcn/integrated_gcn.cpp:78 VARIABLE XW_block_144 LOOP {} BUNDLEDNAME {} DSP 0 BRAM 0 URAM 0 STORAGESUBTYPE {} STORAGESIZE {32 16 1} STORAGEUSAGE {ram_2p array} DISPNAME {bind_storage ram_2p} VISIBLE true} {BINDTYPE storage ID {} IMPL auto LATENCY 1 OPTYPE ram_2p PRAGMA {} RTLNAME XW_block_145_U SOURCE src/integrated-gcn/integrated_gcn.cpp:78 VARIABLE XW_block_145 LOOP {} BUNDLEDNAME {} DSP 0 BRAM 0 URAM 0 STORAGESUBTYPE {} STORAGESIZE {32 16 1} STORAGEUSAGE {ram_2p array} DISPNAME {bind_storage ram_2p} VISIBLE true} {BINDTYPE storage ID {} IMPL auto LATENCY 1 OPTYPE ram_2p PRAGMA {} RTLNAME XW_block_146_U SOURCE src/integrated-gcn/integrated_gcn.cpp:78 VARIABLE XW_block_146 LOOP {} BUNDLEDNAME {} DSP 0 BRAM 0 URAM 0 STORAGESUBTYPE {} STORAGESIZE {32 16 1} STORAGEUSAGE {ram_2p array} DISPNAME {bind_storage ram_2p} VISIBLE true} {BINDTYPE storage ID {} IMPL auto LATENCY 1 OPTYPE ram_2p PRAGMA {} RTLNAME XW_block_147_U SOURCE src/integrated-gcn/integrated_gcn.cpp:78 VARIABLE XW_block_147 LOOP {} BUNDLEDNAME {} DSP 0 BRAM 0 URAM 0 STORAGESUBTYPE {} STORAGESIZE {32 16 1} STORAGEUSAGE {ram_2p array} DISPNAME {bind_storage ram_2p} VISIBLE true} {BINDTYPE storage ID {} IMPL auto LATENCY 1 OPTYPE ram_2p PRAGMA {} RTLNAME XW_block_148_U SOURCE src/integrated-gcn/integrated_gcn.cpp:78 VARIABLE XW_block_148 LOOP {} BUNDLEDNAME {} DSP 0 BRAM 0 URAM 0 STORAGESUBTYPE {} STORAGESIZE {32 16 1} STORAGEUSAGE {ram_2p array} DISPNAME {bind_storage ram_2p} VISIBLE true} {BINDTYPE storage ID {} IMPL auto LATENCY 1 OPTYPE ram_2p PRAGMA {} RTLNAME XW_block_149_U SOURCE src/integrated-gcn/integrated_gcn.cpp:78 VARIABLE XW_block_149 LOOP {} BUNDLEDNAME {} DSP 0 BRAM 0 URAM 0 STORAGESUBTYPE {} STORAGESIZE {32 16 1} STORAGEUSAGE {ram_2p array} DISPNAME {bind_storage ram_2p} VISIBLE true} {BINDTYPE storage ID {} IMPL auto LATENCY 1 OPTYPE ram_2p PRAGMA {} RTLNAME XW_block_150_U SOURCE src/integrated-gcn/integrated_gcn.cpp:78 VARIABLE XW_block_150 LOOP {} BUNDLEDNAME {} DSP 0 BRAM 0 URAM 0 STORAGESUBTYPE {} STORAGESIZE {32 16 1} STORAGEUSAGE {ram_2p array} DISPNAME {bind_storage ram_2p} VISIBLE true} {BINDTYPE storage ID {} IMPL auto LATENCY 1 OPTYPE ram_2p PRAGMA {} RTLNAME XW_block_151_U SOURCE src/integrated-gcn/integrated_gcn.cpp:78 VARIABLE XW_block_151 LOOP {} BUNDLEDNAME {} DSP 0 BRAM 0 URAM 0 STORAGESUBTYPE {} STORAGESIZE {32 16 1} STORAGEUSAGE {ram_2p array} DISPNAME {bind_storage ram_2p} VISIBLE true} {BINDTYPE storage ID {} IMPL auto LATENCY 1 OPTYPE ram_2p PRAGMA {} RTLNAME XW_block_152_U SOURCE src/integrated-gcn/integrated_gcn.cpp:78 VARIABLE XW_block_152 LOOP {} BUNDLEDNAME {} DSP 0 BRAM 0 URAM 0 STORAGESUBTYPE {} STORAGESIZE {32 16 1} STORAGEUSAGE {ram_2p array} DISPNAME {bind_storage ram_2p} VISIBLE true} {BINDTYPE storage ID {} IMPL auto LATENCY 1 OPTYPE ram_2p PRAGMA {} RTLNAME XW_block_153_U SOURCE src/integrated-gcn/integrated_gcn.cpp:78 VARIABLE XW_block_153 LOOP {} BUNDLEDNAME {} DSP 0 BRAM 0 URAM 0 STORAGESUBTYPE {} STORAGESIZE {32 16 1} STORAGEUSAGE {ram_2p array} DISPNAME {bind_storage ram_2p} VISIBLE true} {BINDTYPE storage ID {} IMPL auto LATENCY 1 OPTYPE ram_2p PRAGMA {} RTLNAME XW_block_154_U SOURCE src/integrated-gcn/integrated_gcn.cpp:78 VARIABLE XW_block_154 LOOP {} BUNDLEDNAME {} DSP 0 BRAM 0 URAM 0 STORAGESUBTYPE {} STORAGESIZE {32 16 1} STORAGEUSAGE {ram_2p array} DISPNAME {bind_storage ram_2p} VISIBLE true} {BINDTYPE storage ID {} IMPL auto LATENCY 1 OPTYPE ram_2p PRAGMA {} RTLNAME XW_block_155_U SOURCE src/integrated-gcn/integrated_gcn.cpp:78 VARIABLE XW_block_155 LOOP {} BUNDLEDNAME {} DSP 0 BRAM 0 URAM 0 STORAGESUBTYPE {} STORAGESIZE {32 16 1} STORAGEUSAGE {ram_2p array} DISPNAME {bind_storage ram_2p} VISIBLE true} {BINDTYPE storage ID {} IMPL auto LATENCY 1 OPTYPE ram_2p PRAGMA {} RTLNAME XW_block_156_U SOURCE src/integrated-gcn/integrated_gcn.cpp:78 VARIABLE XW_block_156 LOOP {} BUNDLEDNAME {} DSP 0 BRAM 0 URAM 0 STORAGESUBTYPE {} STORAGESIZE {32 16 1} STORAGEUSAGE {ram_2p array} DISPNAME {bind_storage ram_2p} VISIBLE true} {BINDTYPE storage ID {} IMPL auto LATENCY 1 OPTYPE ram_2p PRAGMA {} RTLNAME XW_block_157_U SOURCE src/integrated-gcn/integrated_gcn.cpp:78 VARIABLE XW_block_157 LOOP {} BUNDLEDNAME {} DSP 0 BRAM 0 URAM 0 STORAGESUBTYPE {} STORAGESIZE {32 16 1} STORAGEUSAGE {ram_2p array} DISPNAME {bind_storage ram_2p} VISIBLE true} {BINDTYPE storage ID {} IMPL auto LATENCY 1 OPTYPE ram_2p PRAGMA {} RTLNAME XW_block_158_U SOURCE src/integrated-gcn/integrated_gcn.cpp:78 VARIABLE XW_block_158 LOOP {} BUNDLEDNAME {} DSP 0 BRAM 0 URAM 0 STORAGESUBTYPE {} STORAGESIZE {32 16 1} STORAGEUSAGE {ram_2p array} DISPNAME {bind_storage ram_2p} VISIBLE true} {BINDTYPE storage ID {} IMPL auto LATENCY 1 OPTYPE ram_2p PRAGMA {} RTLNAME XW_block_159_U SOURCE src/integrated-gcn/integrated_gcn.cpp:78 VARIABLE XW_block_159 LOOP {} BUNDLEDNAME {} DSP 0 BRAM 0 URAM 0 STORAGESUBTYPE {} STORAGESIZE {32 16 1} STORAGEUSAGE {ram_2p array} DISPNAME {bind_storage ram_2p} VISIBLE true} {BINDTYPE storage ID {} IMPL auto LATENCY 1 OPTYPE ram_2p PRAGMA {} RTLNAME XW_block_160_U SOURCE src/integrated-gcn/integrated_gcn.cpp:78 VARIABLE XW_block_160 LOOP {} BUNDLEDNAME {} DSP 0 BRAM 0 URAM 0 STORAGESUBTYPE {} STORAGESIZE {32 16 1} STORAGEUSAGE {ram_2p array} DISPNAME {bind_storage ram_2p} VISIBLE true} {BINDTYPE storage ID {} IMPL auto LATENCY 1 OPTYPE ram_2p PRAGMA {} RTLNAME XW_block_161_U SOURCE src/integrated-gcn/integrated_gcn.cpp:78 VARIABLE XW_block_161 LOOP {} BUNDLEDNAME {} DSP 0 BRAM 0 URAM 0 STORAGESUBTYPE {} STORAGESIZE {32 16 1} STORAGEUSAGE {ram_2p array} DISPNAME {bind_storage ram_2p} VISIBLE true} {BINDTYPE storage ID {} IMPL auto LATENCY 1 OPTYPE ram_2p PRAGMA {} RTLNAME XW_block_162_U SOURCE src/integrated-gcn/integrated_gcn.cpp:78 VARIABLE XW_block_162 LOOP {} BUNDLEDNAME {} DSP 0 BRAM 0 URAM 0 STORAGESUBTYPE {} STORAGESIZE {32 16 1} STORAGEUSAGE {ram_2p array} DISPNAME {bind_storage ram_2p} VISIBLE true} {BINDTYPE storage ID {} IMPL auto LATENCY 1 OPTYPE ram_2p PRAGMA {} RTLNAME XW_block_163_U SOURCE src/integrated-gcn/integrated_gcn.cpp:78 VARIABLE XW_block_163 LOOP {} BUNDLEDNAME {} DSP 0 BRAM 0 URAM 0 STORAGESUBTYPE {} STORAGESIZE {32 16 1} STORAGEUSAGE {ram_2p array} DISPNAME {bind_storage ram_2p} VISIBLE true} {BINDTYPE storage ID {} IMPL auto LATENCY 1 OPTYPE ram_2p PRAGMA {} RTLNAME XW_block_164_U SOURCE src/integrated-gcn/integrated_gcn.cpp:78 VARIABLE XW_block_164 LOOP {} BUNDLEDNAME {} DSP 0 BRAM 0 URAM 0 STORAGESUBTYPE {} STORAGESIZE {32 16 1} STORAGEUSAGE {ram_2p array} DISPNAME {bind_storage ram_2p} VISIBLE true} {BINDTYPE storage ID {} IMPL auto LATENCY 1 OPTYPE ram_2p PRAGMA {} RTLNAME XW_block_165_U SOURCE src/integrated-gcn/integrated_gcn.cpp:78 VARIABLE XW_block_165 LOOP {} BUNDLEDNAME {} DSP 0 BRAM 0 URAM 0 STORAGESUBTYPE {} STORAGESIZE {32 16 1} STORAGEUSAGE {ram_2p array} DISPNAME {bind_storage ram_2p} VISIBLE true} {BINDTYPE storage ID {} IMPL auto LATENCY 1 OPTYPE ram_2p PRAGMA {} RTLNAME XW_block_166_U SOURCE src/integrated-gcn/integrated_gcn.cpp:78 VARIABLE XW_block_166 LOOP {} BUNDLEDNAME {} DSP 0 BRAM 0 URAM 0 STORAGESUBTYPE {} STORAGESIZE {32 16 1} STORAGEUSAGE {ram_2p array} DISPNAME {bind_storage ram_2p} VISIBLE true} {BINDTYPE storage ID {} IMPL auto LATENCY 1 OPTYPE ram_2p PRAGMA {} RTLNAME XW_block_167_U SOURCE src/integrated-gcn/integrated_gcn.cpp:78 VARIABLE XW_block_167 LOOP {} BUNDLEDNAME {} DSP 0 BRAM 0 URAM 0 STORAGESUBTYPE {} STORAGESIZE {32 16 1} STORAGEUSAGE {ram_2p array} DISPNAME {bind_storage ram_2p} VISIBLE true} {BINDTYPE storage ID {} IMPL auto LATENCY 1 OPTYPE ram_2p PRAGMA {} RTLNAME XW_block_168_U SOURCE src/integrated-gcn/integrated_gcn.cpp:78 VARIABLE XW_block_168 LOOP {} BUNDLEDNAME {} DSP 0 BRAM 0 URAM 0 STORAGESUBTYPE {} STORAGESIZE {32 16 1} STORAGEUSAGE {ram_2p array} DISPNAME {bind_storage ram_2p} VISIBLE true} {BINDTYPE storage ID {} IMPL auto LATENCY 1 OPTYPE ram_2p PRAGMA {} RTLNAME XW_block_169_U SOURCE src/integrated-gcn/integrated_gcn.cpp:78 VARIABLE XW_block_169 LOOP {} BUNDLEDNAME {} DSP 0 BRAM 0 URAM 0 STORAGESUBTYPE {} STORAGESIZE {32 16 1} STORAGEUSAGE {ram_2p array} DISPNAME {bind_storage ram_2p} VISIBLE true} {BINDTYPE storage ID {} IMPL auto LATENCY 1 OPTYPE ram_2p PRAGMA {} RTLNAME XW_block_170_U SOURCE src/integrated-gcn/integrated_gcn.cpp:78 VARIABLE XW_block_170 LOOP {} BUNDLEDNAME {} DSP 0 BRAM 0 URAM 0 STORAGESUBTYPE {} STORAGESIZE {32 16 1} STORAGEUSAGE {ram_2p array} DISPNAME {bind_storage ram_2p} VISIBLE true} {BINDTYPE storage ID {} IMPL auto LATENCY 1 OPTYPE ram_2p PRAGMA {} RTLNAME XW_block_171_U SOURCE src/integrated-gcn/integrated_gcn.cpp:78 VARIABLE XW_block_171 LOOP {} BUNDLEDNAME {} DSP 0 BRAM 0 URAM 0 STORAGESUBTYPE {} STORAGESIZE {32 16 1} STORAGEUSAGE {ram_2p array} DISPNAME {bind_storage ram_2p} VISIBLE true} {BINDTYPE storage ID {} IMPL auto LATENCY 1 OPTYPE ram_2p PRAGMA {} RTLNAME XW_block_172_U SOURCE src/integrated-gcn/integrated_gcn.cpp:78 VARIABLE XW_block_172 LOOP {} BUNDLEDNAME {} DSP 0 BRAM 0 URAM 0 STORAGESUBTYPE {} STORAGESIZE {32 16 1} STORAGEUSAGE {ram_2p array} DISPNAME {bind_storage ram_2p} VISIBLE true} {BINDTYPE storage ID {} IMPL auto LATENCY 1 OPTYPE ram_2p PRAGMA {} RTLNAME XW_block_173_U SOURCE src/integrated-gcn/integrated_gcn.cpp:78 VARIABLE XW_block_173 LOOP {} BUNDLEDNAME {} DSP 0 BRAM 0 URAM 0 STORAGESUBTYPE {} STORAGESIZE {32 16 1} STORAGEUSAGE {ram_2p array} DISPNAME {bind_storage ram_2p} VISIBLE true} {BINDTYPE storage ID {} IMPL auto LATENCY 1 OPTYPE ram_2p PRAGMA {} RTLNAME XW_block_174_U SOURCE src/integrated-gcn/integrated_gcn.cpp:78 VARIABLE XW_block_174 LOOP {} BUNDLEDNAME {} DSP 0 BRAM 0 URAM 0 STORAGESUBTYPE {} STORAGESIZE {32 16 1} STORAGEUSAGE {ram_2p array} DISPNAME {bind_storage ram_2p} VISIBLE true} {BINDTYPE storage ID {} IMPL auto LATENCY 1 OPTYPE ram_2p PRAGMA {} RTLNAME XW_block_175_U SOURCE src/integrated-gcn/integrated_gcn.cpp:78 VARIABLE XW_block_175 LOOP {} BUNDLEDNAME {} DSP 0 BRAM 0 URAM 0 STORAGESUBTYPE {} STORAGESIZE {32 16 1} STORAGEUSAGE {ram_2p array} DISPNAME {bind_storage ram_2p} VISIBLE true} {BINDTYPE storage ID {} IMPL auto LATENCY 1 OPTYPE ram_2p PRAGMA {} RTLNAME XW_block_176_U SOURCE src/integrated-gcn/integrated_gcn.cpp:78 VARIABLE XW_block_176 LOOP {} BUNDLEDNAME {} DSP 0 BRAM 0 URAM 0 STORAGESUBTYPE {} STORAGESIZE {32 16 1} STORAGEUSAGE {ram_2p array} DISPNAME {bind_storage ram_2p} VISIBLE true} {BINDTYPE storage ID {} IMPL auto LATENCY 1 OPTYPE ram_2p PRAGMA {} RTLNAME XW_block_177_U SOURCE src/integrated-gcn/integrated_gcn.cpp:78 VARIABLE XW_block_177 LOOP {} BUNDLEDNAME {} DSP 0 BRAM 0 URAM 0 STORAGESUBTYPE {} STORAGESIZE {32 16 1} STORAGEUSAGE {ram_2p array} DISPNAME {bind_storage ram_2p} VISIBLE true} {BINDTYPE storage ID {} IMPL auto LATENCY 1 OPTYPE ram_2p PRAGMA {} RTLNAME XW_block_178_U SOURCE src/integrated-gcn/integrated_gcn.cpp:78 VARIABLE XW_block_178 LOOP {} BUNDLEDNAME {} DSP 0 BRAM 0 URAM 0 STORAGESUBTYPE {} STORAGESIZE {32 16 1} STORAGEUSAGE {ram_2p array} DISPNAME {bind_storage ram_2p} VISIBLE true} {BINDTYPE storage ID {} IMPL auto LATENCY 1 OPTYPE ram_2p PRAGMA {} RTLNAME XW_block_179_U SOURCE src/integrated-gcn/integrated_gcn.cpp:78 VARIABLE XW_block_179 LOOP {} BUNDLEDNAME {} DSP 0 BRAM 0 URAM 0 STORAGESUBTYPE {} STORAGESIZE {32 16 1} STORAGEUSAGE {ram_2p array} DISPNAME {bind_storage ram_2p} VISIBLE true} {BINDTYPE storage ID {} IMPL auto LATENCY 1 OPTYPE ram_2p PRAGMA {} RTLNAME XW_block_180_U SOURCE src/integrated-gcn/integrated_gcn.cpp:78 VARIABLE XW_block_180 LOOP {} BUNDLEDNAME {} DSP 0 BRAM 0 URAM 0 STORAGESUBTYPE {} STORAGESIZE {32 16 1} STORAGEUSAGE {ram_2p array} DISPNAME {bind_storage ram_2p} VISIBLE true} {BINDTYPE storage ID {} IMPL auto LATENCY 1 OPTYPE ram_2p PRAGMA {} RTLNAME XW_block_181_U SOURCE src/integrated-gcn/integrated_gcn.cpp:78 VARIABLE XW_block_181 LOOP {} BUNDLEDNAME {} DSP 0 BRAM 0 URAM 0 STORAGESUBTYPE {} STORAGESIZE {32 16 1} STORAGEUSAGE {ram_2p array} DISPNAME {bind_storage ram_2p} VISIBLE true} {BINDTYPE storage ID {} IMPL auto LATENCY 1 OPTYPE ram_2p PRAGMA {} RTLNAME XW_block_182_U SOURCE src/integrated-gcn/integrated_gcn.cpp:78 VARIABLE XW_block_182 LOOP {} BUNDLEDNAME {} DSP 0 BRAM 0 URAM 0 STORAGESUBTYPE {} STORAGESIZE {32 16 1} STORAGEUSAGE {ram_2p array} DISPNAME {bind_storage ram_2p} VISIBLE true} {BINDTYPE storage ID {} IMPL auto LATENCY 1 OPTYPE ram_2p PRAGMA {} RTLNAME XW_block_183_U SOURCE src/integrated-gcn/integrated_gcn.cpp:78 VARIABLE XW_block_183 LOOP {} BUNDLEDNAME {} DSP 0 BRAM 0 URAM 0 STORAGESUBTYPE {} STORAGESIZE {32 16 1} STORAGEUSAGE {ram_2p array} DISPNAME {bind_storage ram_2p} VISIBLE true} {BINDTYPE storage ID {} IMPL auto LATENCY 1 OPTYPE ram_2p PRAGMA {} RTLNAME XW_block_184_U SOURCE src/integrated-gcn/integrated_gcn.cpp:78 VARIABLE XW_block_184 LOOP {} BUNDLEDNAME {} DSP 0 BRAM 0 URAM 0 STORAGESUBTYPE {} STORAGESIZE {32 16 1} STORAGEUSAGE {ram_2p array} DISPNAME {bind_storage ram_2p} VISIBLE true} {BINDTYPE storage ID {} IMPL auto LATENCY 1 OPTYPE ram_2p PRAGMA {} RTLNAME XW_block_185_U SOURCE src/integrated-gcn/integrated_gcn.cpp:78 VARIABLE XW_block_185 LOOP {} BUNDLEDNAME {} DSP 0 BRAM 0 URAM 0 STORAGESUBTYPE {} STORAGESIZE {32 16 1} STORAGEUSAGE {ram_2p array} DISPNAME {bind_storage ram_2p} VISIBLE true} {BINDTYPE storage ID {} IMPL auto LATENCY 1 OPTYPE ram_2p PRAGMA {} RTLNAME XW_block_186_U SOURCE src/integrated-gcn/integrated_gcn.cpp:78 VARIABLE XW_block_186 LOOP {} BUNDLEDNAME {} DSP 0 BRAM 0 URAM 0 STORAGESUBTYPE {} STORAGESIZE {32 16 1} STORAGEUSAGE {ram_2p array} DISPNAME {bind_storage ram_2p} VISIBLE true} {BINDTYPE storage ID {} IMPL auto LATENCY 1 OPTYPE ram_2p PRAGMA {} RTLNAME XW_block_187_U SOURCE src/integrated-gcn/integrated_gcn.cpp:78 VARIABLE XW_block_187 LOOP {} BUNDLEDNAME {} DSP 0 BRAM 0 URAM 0 STORAGESUBTYPE {} STORAGESIZE {32 16 1} STORAGEUSAGE {ram_2p array} DISPNAME {bind_storage ram_2p} VISIBLE true} {BINDTYPE storage ID {} IMPL auto LATENCY 1 OPTYPE ram_2p PRAGMA {} RTLNAME XW_block_188_U SOURCE src/integrated-gcn/integrated_gcn.cpp:78 VARIABLE XW_block_188 LOOP {} BUNDLEDNAME {} DSP 0 BRAM 0 URAM 0 STORAGESUBTYPE {} STORAGESIZE {32 16 1} STORAGEUSAGE {ram_2p array} DISPNAME {bind_storage ram_2p} VISIBLE true} {BINDTYPE storage ID {} IMPL auto LATENCY 1 OPTYPE ram_2p PRAGMA {} RTLNAME XW_block_189_U SOURCE src/integrated-gcn/integrated_gcn.cpp:78 VARIABLE XW_block_189 LOOP {} BUNDLEDNAME {} DSP 0 BRAM 0 URAM 0 STORAGESUBTYPE {} STORAGESIZE {32 16 1} STORAGEUSAGE {ram_2p array} DISPNAME {bind_storage ram_2p} VISIBLE true} {BINDTYPE storage ID {} IMPL auto LATENCY 1 OPTYPE ram_2p PRAGMA {} RTLNAME XW_block_190_U SOURCE src/integrated-gcn/integrated_gcn.cpp:78 VARIABLE XW_block_190 LOOP {} BUNDLEDNAME {} DSP 0 BRAM 0 URAM 0 STORAGESUBTYPE {} STORAGESIZE {32 16 1} STORAGEUSAGE {ram_2p array} DISPNAME {bind_storage ram_2p} VISIBLE true} {BINDTYPE storage ID {} IMPL auto LATENCY 1 OPTYPE ram_2p PRAGMA {} RTLNAME XW_block_191_U SOURCE src/integrated-gcn/integrated_gcn.cpp:78 VARIABLE XW_block_191 LOOP {} BUNDLEDNAME {} DSP 0 BRAM 0 URAM 0 STORAGESUBTYPE {} STORAGESIZE {32 16 1} STORAGEUSAGE {ram_2p array} DISPNAME {bind_storage ram_2p} VISIBLE true} {BINDTYPE storage ID {} IMPL auto LATENCY 1 OPTYPE ram_2p PRAGMA {} RTLNAME XW_block_192_U SOURCE src/integrated-gcn/integrated_gcn.cpp:78 VARIABLE XW_block_192 LOOP {} BUNDLEDNAME {} DSP 0 BRAM 0 URAM 0 STORAGESUBTYPE {} STORAGESIZE {32 16 1} STORAGEUSAGE {ram_2p array} DISPNAME {bind_storage ram_2p} VISIBLE true} {BINDTYPE storage ID {} IMPL auto LATENCY 1 OPTYPE ram_2p PRAGMA {} RTLNAME XW_block_193_U SOURCE src/integrated-gcn/integrated_gcn.cpp:78 VARIABLE XW_block_193 LOOP {} BUNDLEDNAME {} DSP 0 BRAM 0 URAM 0 STORAGESUBTYPE {} STORAGESIZE {32 16 1} STORAGEUSAGE {ram_2p array} DISPNAME {bind_storage ram_2p} VISIBLE true} {BINDTYPE storage ID {} IMPL auto LATENCY 1 OPTYPE ram_2p PRAGMA {} RTLNAME XW_block_194_U SOURCE src/integrated-gcn/integrated_gcn.cpp:78 VARIABLE XW_block_194 LOOP {} BUNDLEDNAME {} DSP 0 BRAM 0 URAM 0 STORAGESUBTYPE {} STORAGESIZE {32 16 1} STORAGEUSAGE {ram_2p array} DISPNAME {bind_storage ram_2p} VISIBLE true} {BINDTYPE storage ID {} IMPL auto LATENCY 1 OPTYPE ram_2p PRAGMA {} RTLNAME XW_block_195_U SOURCE src/integrated-gcn/integrated_gcn.cpp:78 VARIABLE XW_block_195 LOOP {} BUNDLEDNAME {} DSP 0 BRAM 0 URAM 0 STORAGESUBTYPE {} STORAGESIZE {32 16 1} STORAGEUSAGE {ram_2p array} DISPNAME {bind_storage ram_2p} VISIBLE true} {BINDTYPE storage ID {} IMPL auto LATENCY 1 OPTYPE ram_2p PRAGMA {} RTLNAME XW_block_196_U SOURCE src/integrated-gcn/integrated_gcn.cpp:78 VARIABLE XW_block_196 LOOP {} BUNDLEDNAME {} DSP 0 BRAM 0 URAM 0 STORAGESUBTYPE {} STORAGESIZE {32 16 1} STORAGEUSAGE {ram_2p array} DISPNAME {bind_storage ram_2p} VISIBLE true} {BINDTYPE storage ID {} IMPL auto LATENCY 1 OPTYPE ram_2p PRAGMA {} RTLNAME XW_block_197_U SOURCE src/integrated-gcn/integrated_gcn.cpp:78 VARIABLE XW_block_197 LOOP {} BUNDLEDNAME {} DSP 0 BRAM 0 URAM 0 STORAGESUBTYPE {} STORAGESIZE {32 16 1} STORAGEUSAGE {ram_2p array} DISPNAME {bind_storage ram_2p} VISIBLE true} {BINDTYPE storage ID {} IMPL auto LATENCY 1 OPTYPE ram_2p PRAGMA {} RTLNAME XW_block_198_U SOURCE src/integrated-gcn/integrated_gcn.cpp:78 VARIABLE XW_block_198 LOOP {} BUNDLEDNAME {} DSP 0 BRAM 0 URAM 0 STORAGESUBTYPE {} STORAGESIZE {32 16 1} STORAGEUSAGE {ram_2p array} DISPNAME {bind_storage ram_2p} VISIBLE true} {BINDTYPE storage ID {} IMPL auto LATENCY 1 OPTYPE ram_2p PRAGMA {} RTLNAME XW_block_199_U SOURCE src/integrated-gcn/integrated_gcn.cpp:78 VARIABLE XW_block_199 LOOP {} BUNDLEDNAME {} DSP 0 BRAM 0 URAM 0 STORAGESUBTYPE {} STORAGESIZE {32 16 1} STORAGEUSAGE {ram_2p array} DISPNAME {bind_storage ram_2p} VISIBLE true} {BINDTYPE storage ID {} IMPL auto LATENCY 1 OPTYPE ram_2p PRAGMA {} RTLNAME XW_block_200_U SOURCE src/integrated-gcn/integrated_gcn.cpp:78 VARIABLE XW_block_200 LOOP {} BUNDLEDNAME {} DSP 0 BRAM 0 URAM 0 STORAGESUBTYPE {} STORAGESIZE {32 16 1} STORAGEUSAGE {ram_2p array} DISPNAME {bind_storage ram_2p} VISIBLE true} {BINDTYPE storage ID {} IMPL auto LATENCY 1 OPTYPE ram_2p PRAGMA {} RTLNAME XW_block_201_U SOURCE src/integrated-gcn/integrated_gcn.cpp:78 VARIABLE XW_block_201 LOOP {} BUNDLEDNAME {} DSP 0 BRAM 0 URAM 0 STORAGESUBTYPE {} STORAGESIZE {32 16 1} STORAGEUSAGE {ram_2p array} DISPNAME {bind_storage ram_2p} VISIBLE true} {BINDTYPE storage ID {} IMPL auto LATENCY 1 OPTYPE ram_2p PRAGMA {} RTLNAME XW_block_202_U SOURCE src/integrated-gcn/integrated_gcn.cpp:78 VARIABLE XW_block_202 LOOP {} BUNDLEDNAME {} DSP 0 BRAM 0 URAM 0 STORAGESUBTYPE {} STORAGESIZE {32 16 1} STORAGEUSAGE {ram_2p array} DISPNAME {bind_storage ram_2p} VISIBLE true} {BINDTYPE storage ID {} IMPL auto LATENCY 1 OPTYPE ram_2p PRAGMA {} RTLNAME XW_block_203_U SOURCE src/integrated-gcn/integrated_gcn.cpp:78 VARIABLE XW_block_203 LOOP {} BUNDLEDNAME {} DSP 0 BRAM 0 URAM 0 STORAGESUBTYPE {} STORAGESIZE {32 16 1} STORAGEUSAGE {ram_2p array} DISPNAME {bind_storage ram_2p} VISIBLE true} {BINDTYPE storage ID {} IMPL auto LATENCY 1 OPTYPE ram_2p PRAGMA {} RTLNAME XW_block_204_U SOURCE src/integrated-gcn/integrated_gcn.cpp:78 VARIABLE XW_block_204 LOOP {} BUNDLEDNAME {} DSP 0 BRAM 0 URAM 0 STORAGESUBTYPE {} STORAGESIZE {32 16 1} STORAGEUSAGE {ram_2p array} DISPNAME {bind_storage ram_2p} VISIBLE true} {BINDTYPE storage ID {} IMPL auto LATENCY 1 OPTYPE ram_2p PRAGMA {} RTLNAME XW_block_205_U SOURCE src/integrated-gcn/integrated_gcn.cpp:78 VARIABLE XW_block_205 LOOP {} BUNDLEDNAME {} DSP 0 BRAM 0 URAM 0 STORAGESUBTYPE {} STORAGESIZE {32 16 1} STORAGEUSAGE {ram_2p array} DISPNAME {bind_storage ram_2p} VISIBLE true} {BINDTYPE storage ID {} IMPL auto LATENCY 1 OPTYPE ram_2p PRAGMA {} RTLNAME XW_block_206_U SOURCE src/integrated-gcn/integrated_gcn.cpp:78 VARIABLE XW_block_206 LOOP {} BUNDLEDNAME {} DSP 0 BRAM 0 URAM 0 STORAGESUBTYPE {} STORAGESIZE {32 16 1} STORAGEUSAGE {ram_2p array} DISPNAME {bind_storage ram_2p} VISIBLE true} {BINDTYPE storage ID {} IMPL auto LATENCY 1 OPTYPE ram_2p PRAGMA {} RTLNAME XW_block_207_U SOURCE src/integrated-gcn/integrated_gcn.cpp:78 VARIABLE XW_block_207 LOOP {} BUNDLEDNAME {} DSP 0 BRAM 0 URAM 0 STORAGESUBTYPE {} STORAGESIZE {32 16 1} STORAGEUSAGE {ram_2p array} DISPNAME {bind_storage ram_2p} VISIBLE true} {BINDTYPE storage ID {} IMPL auto LATENCY 1 OPTYPE ram_2p PRAGMA {} RTLNAME XW_block_208_U SOURCE src/integrated-gcn/integrated_gcn.cpp:78 VARIABLE XW_block_208 LOOP {} BUNDLEDNAME {} DSP 0 BRAM 0 URAM 0 STORAGESUBTYPE {} STORAGESIZE {32 16 1} STORAGEUSAGE {ram_2p array} DISPNAME {bind_storage ram_2p} VISIBLE true} {BINDTYPE storage ID {} IMPL auto LATENCY 1 OPTYPE ram_2p PRAGMA {} RTLNAME XW_block_209_U SOURCE src/integrated-gcn/integrated_gcn.cpp:78 VARIABLE XW_block_209 LOOP {} BUNDLEDNAME {} DSP 0 BRAM 0 URAM 0 STORAGESUBTYPE {} STORAGESIZE {32 16 1} STORAGEUSAGE {ram_2p array} DISPNAME {bind_storage ram_2p} VISIBLE true} {BINDTYPE storage ID {} IMPL auto LATENCY 1 OPTYPE ram_2p PRAGMA {} RTLNAME XW_block_210_U SOURCE src/integrated-gcn/integrated_gcn.cpp:78 VARIABLE XW_block_210 LOOP {} BUNDLEDNAME {} DSP 0 BRAM 0 URAM 0 STORAGESUBTYPE {} STORAGESIZE {32 16 1} STORAGEUSAGE {ram_2p array} DISPNAME {bind_storage ram_2p} VISIBLE true} {BINDTYPE storage ID {} IMPL auto LATENCY 1 OPTYPE ram_2p PRAGMA {} RTLNAME XW_block_211_U SOURCE src/integrated-gcn/integrated_gcn.cpp:78 VARIABLE XW_block_211 LOOP {} BUNDLEDNAME {} DSP 0 BRAM 0 URAM 0 STORAGESUBTYPE {} STORAGESIZE {32 16 1} STORAGEUSAGE {ram_2p array} DISPNAME {bind_storage ram_2p} VISIBLE true} {BINDTYPE storage ID {} IMPL auto LATENCY 1 OPTYPE ram_2p PRAGMA {} RTLNAME XW_block_212_U SOURCE src/integrated-gcn/integrated_gcn.cpp:78 VARIABLE XW_block_212 LOOP {} BUNDLEDNAME {} DSP 0 BRAM 0 URAM 0 STORAGESUBTYPE {} STORAGESIZE {32 16 1} STORAGEUSAGE {ram_2p array} DISPNAME {bind_storage ram_2p} VISIBLE true} {BINDTYPE storage ID {} IMPL auto LATENCY 1 OPTYPE ram_2p PRAGMA {} RTLNAME XW_block_213_U SOURCE src/integrated-gcn/integrated_gcn.cpp:78 VARIABLE XW_block_213 LOOP {} BUNDLEDNAME {} DSP 0 BRAM 0 URAM 0 STORAGESUBTYPE {} STORAGESIZE {32 16 1} STORAGEUSAGE {ram_2p array} DISPNAME {bind_storage ram_2p} VISIBLE true} {BINDTYPE storage ID {} IMPL auto LATENCY 1 OPTYPE ram_2p PRAGMA {} RTLNAME XW_block_214_U SOURCE src/integrated-gcn/integrated_gcn.cpp:78 VARIABLE XW_block_214 LOOP {} BUNDLEDNAME {} DSP 0 BRAM 0 URAM 0 STORAGESUBTYPE {} STORAGESIZE {32 16 1} STORAGEUSAGE {ram_2p array} DISPNAME {bind_storage ram_2p} VISIBLE true} {BINDTYPE storage ID {} IMPL auto LATENCY 1 OPTYPE ram_2p PRAGMA {} RTLNAME XW_block_215_U SOURCE src/integrated-gcn/integrated_gcn.cpp:78 VARIABLE XW_block_215 LOOP {} BUNDLEDNAME {} DSP 0 BRAM 0 URAM 0 STORAGESUBTYPE {} STORAGESIZE {32 16 1} STORAGEUSAGE {ram_2p array} DISPNAME {bind_storage ram_2p} VISIBLE true} {BINDTYPE storage ID {} IMPL auto LATENCY 1 OPTYPE ram_2p PRAGMA {} RTLNAME XW_block_216_U SOURCE src/integrated-gcn/integrated_gcn.cpp:78 VARIABLE XW_block_216 LOOP {} BUNDLEDNAME {} DSP 0 BRAM 0 URAM 0 STORAGESUBTYPE {} STORAGESIZE {32 16 1} STORAGEUSAGE {ram_2p array} DISPNAME {bind_storage ram_2p} VISIBLE true} {BINDTYPE storage ID {} IMPL auto LATENCY 1 OPTYPE ram_2p PRAGMA {} RTLNAME XW_block_217_U SOURCE src/integrated-gcn/integrated_gcn.cpp:78 VARIABLE XW_block_217 LOOP {} BUNDLEDNAME {} DSP 0 BRAM 0 URAM 0 STORAGESUBTYPE {} STORAGESIZE {32 16 1} STORAGEUSAGE {ram_2p array} DISPNAME {bind_storage ram_2p} VISIBLE true} {BINDTYPE storage ID {} IMPL auto LATENCY 1 OPTYPE ram_2p PRAGMA {} RTLNAME XW_block_218_U SOURCE src/integrated-gcn/integrated_gcn.cpp:78 VARIABLE XW_block_218 LOOP {} BUNDLEDNAME {} DSP 0 BRAM 0 URAM 0 STORAGESUBTYPE {} STORAGESIZE {32 16 1} STORAGEUSAGE {ram_2p array} DISPNAME {bind_storage ram_2p} VISIBLE true} {BINDTYPE storage ID {} IMPL auto LATENCY 1 OPTYPE ram_2p PRAGMA {} RTLNAME XW_block_219_U SOURCE src/integrated-gcn/integrated_gcn.cpp:78 VARIABLE XW_block_219 LOOP {} BUNDLEDNAME {} DSP 0 BRAM 0 URAM 0 STORAGESUBTYPE {} STORAGESIZE {32 16 1} STORAGEUSAGE {ram_2p array} DISPNAME {bind_storage ram_2p} VISIBLE true} {BINDTYPE storage ID {} IMPL auto LATENCY 1 OPTYPE ram_2p PRAGMA {} RTLNAME XW_block_220_U SOURCE src/integrated-gcn/integrated_gcn.cpp:78 VARIABLE XW_block_220 LOOP {} BUNDLEDNAME {} DSP 0 BRAM 0 URAM 0 STORAGESUBTYPE {} STORAGESIZE {32 16 1} STORAGEUSAGE {ram_2p array} DISPNAME {bind_storage ram_2p} VISIBLE true} {BINDTYPE storage ID {} IMPL auto LATENCY 1 OPTYPE ram_2p PRAGMA {} RTLNAME XW_block_221_U SOURCE src/integrated-gcn/integrated_gcn.cpp:78 VARIABLE XW_block_221 LOOP {} BUNDLEDNAME {} DSP 0 BRAM 0 URAM 0 STORAGESUBTYPE {} STORAGESIZE {32 16 1} STORAGEUSAGE {ram_2p array} DISPNAME {bind_storage ram_2p} VISIBLE true} {BINDTYPE storage ID {} IMPL auto LATENCY 1 OPTYPE ram_2p PRAGMA {} RTLNAME XW_block_222_U SOURCE src/integrated-gcn/integrated_gcn.cpp:78 VARIABLE XW_block_222 LOOP {} BUNDLEDNAME {} DSP 0 BRAM 0 URAM 0 STORAGESUBTYPE {} STORAGESIZE {32 16 1} STORAGEUSAGE {ram_2p array} DISPNAME {bind_storage ram_2p} VISIBLE true} {BINDTYPE storage ID {} IMPL auto LATENCY 1 OPTYPE ram_2p PRAGMA {} RTLNAME XW_block_223_U SOURCE src/integrated-gcn/integrated_gcn.cpp:78 VARIABLE XW_block_223 LOOP {} BUNDLEDNAME {} DSP 0 BRAM 0 URAM 0 STORAGESUBTYPE {} STORAGESIZE {32 16 1} STORAGEUSAGE {ram_2p array} DISPNAME {bind_storage ram_2p} VISIBLE true} {BINDTYPE storage ID {} IMPL auto LATENCY 1 OPTYPE ram_2p PRAGMA {} RTLNAME XW_block_224_U SOURCE src/integrated-gcn/integrated_gcn.cpp:78 VARIABLE XW_block_224 LOOP {} BUNDLEDNAME {} DSP 0 BRAM 0 URAM 0 STORAGESUBTYPE {} STORAGESIZE {32 16 1} STORAGEUSAGE {ram_2p array} DISPNAME {bind_storage ram_2p} VISIBLE true} {BINDTYPE storage ID {} IMPL auto LATENCY 1 OPTYPE ram_2p PRAGMA {} RTLNAME XW_block_225_U SOURCE src/integrated-gcn/integrated_gcn.cpp:78 VARIABLE XW_block_225 LOOP {} BUNDLEDNAME {} DSP 0 BRAM 0 URAM 0 STORAGESUBTYPE {} STORAGESIZE {32 16 1} STORAGEUSAGE {ram_2p array} DISPNAME {bind_storage ram_2p} VISIBLE true} {BINDTYPE storage ID {} IMPL auto LATENCY 1 OPTYPE ram_2p PRAGMA {} RTLNAME XW_block_226_U SOURCE src/integrated-gcn/integrated_gcn.cpp:78 VARIABLE XW_block_226 LOOP {} BUNDLEDNAME {} DSP 0 BRAM 0 URAM 0 STORAGESUBTYPE {} STORAGESIZE {32 16 1} STORAGEUSAGE {ram_2p array} DISPNAME {bind_storage ram_2p} VISIBLE true} {BINDTYPE storage ID {} IMPL auto LATENCY 1 OPTYPE ram_2p PRAGMA {} RTLNAME XW_block_227_U SOURCE src/integrated-gcn/integrated_gcn.cpp:78 VARIABLE XW_block_227 LOOP {} BUNDLEDNAME {} DSP 0 BRAM 0 URAM 0 STORAGESUBTYPE {} STORAGESIZE {32 16 1} STORAGEUSAGE {ram_2p array} DISPNAME {bind_storage ram_2p} VISIBLE true} {BINDTYPE storage ID {} IMPL auto LATENCY 1 OPTYPE ram_2p PRAGMA {} RTLNAME XW_block_228_U SOURCE src/integrated-gcn/integrated_gcn.cpp:78 VARIABLE XW_block_228 LOOP {} BUNDLEDNAME {} DSP 0 BRAM 0 URAM 0 STORAGESUBTYPE {} STORAGESIZE {32 16 1} STORAGEUSAGE {ram_2p array} DISPNAME {bind_storage ram_2p} VISIBLE true} {BINDTYPE storage ID {} IMPL auto LATENCY 1 OPTYPE ram_2p PRAGMA {} RTLNAME XW_block_229_U SOURCE src/integrated-gcn/integrated_gcn.cpp:78 VARIABLE XW_block_229 LOOP {} BUNDLEDNAME {} DSP 0 BRAM 0 URAM 0 STORAGESUBTYPE {} STORAGESIZE {32 16 1} STORAGEUSAGE {ram_2p array} DISPNAME {bind_storage ram_2p} VISIBLE true} {BINDTYPE storage ID {} IMPL auto LATENCY 1 OPTYPE ram_2p PRAGMA {} RTLNAME XW_block_230_U SOURCE src/integrated-gcn/integrated_gcn.cpp:78 VARIABLE XW_block_230 LOOP {} BUNDLEDNAME {} DSP 0 BRAM 0 URAM 0 STORAGESUBTYPE {} STORAGESIZE {32 16 1} STORAGEUSAGE {ram_2p array} DISPNAME {bind_storage ram_2p} VISIBLE true} {BINDTYPE storage ID {} IMPL auto LATENCY 1 OPTYPE ram_2p PRAGMA {} RTLNAME XW_block_231_U SOURCE src/integrated-gcn/integrated_gcn.cpp:78 VARIABLE XW_block_231 LOOP {} BUNDLEDNAME {} DSP 0 BRAM 0 URAM 0 STORAGESUBTYPE {} STORAGESIZE {32 16 1} STORAGEUSAGE {ram_2p array} DISPNAME {bind_storage ram_2p} VISIBLE true} {BINDTYPE storage ID {} IMPL auto LATENCY 1 OPTYPE ram_2p PRAGMA {} RTLNAME XW_block_232_U SOURCE src/integrated-gcn/integrated_gcn.cpp:78 VARIABLE XW_block_232 LOOP {} BUNDLEDNAME {} DSP 0 BRAM 0 URAM 0 STORAGESUBTYPE {} STORAGESIZE {32 16 1} STORAGEUSAGE {ram_2p array} DISPNAME {bind_storage ram_2p} VISIBLE true} {BINDTYPE storage ID {} IMPL auto LATENCY 1 OPTYPE ram_2p PRAGMA {} RTLNAME XW_block_233_U SOURCE src/integrated-gcn/integrated_gcn.cpp:78 VARIABLE XW_block_233 LOOP {} BUNDLEDNAME {} DSP 0 BRAM 0 URAM 0 STORAGESUBTYPE {} STORAGESIZE {32 16 1} STORAGEUSAGE {ram_2p array} DISPNAME {bind_storage ram_2p} VISIBLE true} {BINDTYPE storage ID {} IMPL auto LATENCY 1 OPTYPE ram_2p PRAGMA {} RTLNAME XW_block_234_U SOURCE src/integrated-gcn/integrated_gcn.cpp:78 VARIABLE XW_block_234 LOOP {} BUNDLEDNAME {} DSP 0 BRAM 0 URAM 0 STORAGESUBTYPE {} STORAGESIZE {32 16 1} STORAGEUSAGE {ram_2p array} DISPNAME {bind_storage ram_2p} VISIBLE true} {BINDTYPE storage ID {} IMPL auto LATENCY 1 OPTYPE ram_2p PRAGMA {} RTLNAME XW_block_235_U SOURCE src/integrated-gcn/integrated_gcn.cpp:78 VARIABLE XW_block_235 LOOP {} BUNDLEDNAME {} DSP 0 BRAM 0 URAM 0 STORAGESUBTYPE {} STORAGESIZE {32 16 1} STORAGEUSAGE {ram_2p array} DISPNAME {bind_storage ram_2p} VISIBLE true} {BINDTYPE storage ID {} IMPL auto LATENCY 1 OPTYPE ram_2p PRAGMA {} RTLNAME XW_block_236_U SOURCE src/integrated-gcn/integrated_gcn.cpp:78 VARIABLE XW_block_236 LOOP {} BUNDLEDNAME {} DSP 0 BRAM 0 URAM 0 STORAGESUBTYPE {} STORAGESIZE {32 16 1} STORAGEUSAGE {ram_2p array} DISPNAME {bind_storage ram_2p} VISIBLE true} {BINDTYPE storage ID {} IMPL auto LATENCY 1 OPTYPE ram_2p PRAGMA {} RTLNAME XW_block_237_U SOURCE src/integrated-gcn/integrated_gcn.cpp:78 VARIABLE XW_block_237 LOOP {} BUNDLEDNAME {} DSP 0 BRAM 0 URAM 0 STORAGESUBTYPE {} STORAGESIZE {32 16 1} STORAGEUSAGE {ram_2p array} DISPNAME {bind_storage ram_2p} VISIBLE true} {BINDTYPE storage ID {} IMPL auto LATENCY 1 OPTYPE ram_2p PRAGMA {} RTLNAME XW_block_238_U SOURCE src/integrated-gcn/integrated_gcn.cpp:78 VARIABLE XW_block_238 LOOP {} BUNDLEDNAME {} DSP 0 BRAM 0 URAM 0 STORAGESUBTYPE {} STORAGESIZE {32 16 1} STORAGEUSAGE {ram_2p array} DISPNAME {bind_storage ram_2p} VISIBLE true} {BINDTYPE storage ID {} IMPL auto LATENCY 1 OPTYPE ram_2p PRAGMA {} RTLNAME XW_block_239_U SOURCE src/integrated-gcn/integrated_gcn.cpp:78 VARIABLE XW_block_239 LOOP {} BUNDLEDNAME {} DSP 0 BRAM 0 URAM 0 STORAGESUBTYPE {} STORAGESIZE {32 16 1} STORAGEUSAGE {ram_2p array} DISPNAME {bind_storage ram_2p} VISIBLE true} {BINDTYPE storage ID {} IMPL auto LATENCY 1 OPTYPE ram_2p PRAGMA {} RTLNAME XW_block_240_U SOURCE src/integrated-gcn/integrated_gcn.cpp:78 VARIABLE XW_block_240 LOOP {} BUNDLEDNAME {} DSP 0 BRAM 0 URAM 0 STORAGESUBTYPE {} STORAGESIZE {32 16 1} STORAGEUSAGE {ram_2p array} DISPNAME {bind_storage ram_2p} VISIBLE true} {BINDTYPE storage ID {} IMPL auto LATENCY 1 OPTYPE ram_2p PRAGMA {} RTLNAME XW_block_241_U SOURCE src/integrated-gcn/integrated_gcn.cpp:78 VARIABLE XW_block_241 LOOP {} BUNDLEDNAME {} DSP 0 BRAM 0 URAM 0 STORAGESUBTYPE {} STORAGESIZE {32 16 1} STORAGEUSAGE {ram_2p array} DISPNAME {bind_storage ram_2p} VISIBLE true} {BINDTYPE storage ID {} IMPL auto LATENCY 1 OPTYPE ram_2p PRAGMA {} RTLNAME XW_block_242_U SOURCE src/integrated-gcn/integrated_gcn.cpp:78 VARIABLE XW_block_242 LOOP {} BUNDLEDNAME {} DSP 0 BRAM 0 URAM 0 STORAGESUBTYPE {} STORAGESIZE {32 16 1} STORAGEUSAGE {ram_2p array} DISPNAME {bind_storage ram_2p} VISIBLE true} {BINDTYPE storage ID {} IMPL auto LATENCY 1 OPTYPE ram_2p PRAGMA {} RTLNAME XW_block_243_U SOURCE src/integrated-gcn/integrated_gcn.cpp:78 VARIABLE XW_block_243 LOOP {} BUNDLEDNAME {} DSP 0 BRAM 0 URAM 0 STORAGESUBTYPE {} STORAGESIZE {32 16 1} STORAGEUSAGE {ram_2p array} DISPNAME {bind_storage ram_2p} VISIBLE true} {BINDTYPE storage ID {} IMPL auto LATENCY 1 OPTYPE ram_2p PRAGMA {} RTLNAME XW_block_244_U SOURCE src/integrated-gcn/integrated_gcn.cpp:78 VARIABLE XW_block_244 LOOP {} BUNDLEDNAME {} DSP 0 BRAM 0 URAM 0 STORAGESUBTYPE {} STORAGESIZE {32 16 1} STORAGEUSAGE {ram_2p array} DISPNAME {bind_storage ram_2p} VISIBLE true} {BINDTYPE storage ID {} IMPL auto LATENCY 1 OPTYPE ram_2p PRAGMA {} RTLNAME XW_block_245_U SOURCE src/integrated-gcn/integrated_gcn.cpp:78 VARIABLE XW_block_245 LOOP {} BUNDLEDNAME {} DSP 0 BRAM 0 URAM 0 STORAGESUBTYPE {} STORAGESIZE {32 16 1} STORAGEUSAGE {ram_2p array} DISPNAME {bind_storage ram_2p} VISIBLE true} {BINDTYPE storage ID {} IMPL auto LATENCY 1 OPTYPE ram_2p PRAGMA {} RTLNAME XW_block_246_U SOURCE src/integrated-gcn/integrated_gcn.cpp:78 VARIABLE XW_block_246 LOOP {} BUNDLEDNAME {} DSP 0 BRAM 0 URAM 0 STORAGESUBTYPE {} STORAGESIZE {32 16 1} STORAGEUSAGE {ram_2p array} DISPNAME {bind_storage ram_2p} VISIBLE true} {BINDTYPE storage ID {} IMPL auto LATENCY 1 OPTYPE ram_2p PRAGMA {} RTLNAME XW_block_247_U SOURCE src/integrated-gcn/integrated_gcn.cpp:78 VARIABLE XW_block_247 LOOP {} BUNDLEDNAME {} DSP 0 BRAM 0 URAM 0 STORAGESUBTYPE {} STORAGESIZE {32 16 1} STORAGEUSAGE {ram_2p array} DISPNAME {bind_storage ram_2p} VISIBLE true} {BINDTYPE storage ID {} IMPL auto LATENCY 1 OPTYPE ram_2p PRAGMA {} RTLNAME XW_block_248_U SOURCE src/integrated-gcn/integrated_gcn.cpp:78 VARIABLE XW_block_248 LOOP {} BUNDLEDNAME {} DSP 0 BRAM 0 URAM 0 STORAGESUBTYPE {} STORAGESIZE {32 16 1} STORAGEUSAGE {ram_2p array} DISPNAME {bind_storage ram_2p} VISIBLE true} {BINDTYPE storage ID {} IMPL auto LATENCY 1 OPTYPE ram_2p PRAGMA {} RTLNAME XW_block_249_U SOURCE src/integrated-gcn/integrated_gcn.cpp:78 VARIABLE XW_block_249 LOOP {} BUNDLEDNAME {} DSP 0 BRAM 0 URAM 0 STORAGESUBTYPE {} STORAGESIZE {32 16 1} STORAGEUSAGE {ram_2p array} DISPNAME {bind_storage ram_2p} VISIBLE true} {BINDTYPE storage ID {} IMPL auto LATENCY 1 OPTYPE ram_2p PRAGMA {} RTLNAME XW_block_250_U SOURCE src/integrated-gcn/integrated_gcn.cpp:78 VARIABLE XW_block_250 LOOP {} BUNDLEDNAME {} DSP 0 BRAM 0 URAM 0 STORAGESUBTYPE {} STORAGESIZE {32 16 1} STORAGEUSAGE {ram_2p array} DISPNAME {bind_storage ram_2p} VISIBLE true} {BINDTYPE storage ID {} IMPL auto LATENCY 1 OPTYPE ram_2p PRAGMA {} RTLNAME XW_block_251_U SOURCE src/integrated-gcn/integrated_gcn.cpp:78 VARIABLE XW_block_251 LOOP {} BUNDLEDNAME {} DSP 0 BRAM 0 URAM 0 STORAGESUBTYPE {} STORAGESIZE {32 16 1} STORAGEUSAGE {ram_2p array} DISPNAME {bind_storage ram_2p} VISIBLE true} {BINDTYPE storage ID {} IMPL auto LATENCY 1 OPTYPE ram_2p PRAGMA {} RTLNAME XW_block_252_U SOURCE src/integrated-gcn/integrated_gcn.cpp:78 VARIABLE XW_block_252 LOOP {} BUNDLEDNAME {} DSP 0 BRAM 0 URAM 0 STORAGESUBTYPE {} STORAGESIZE {32 16 1} STORAGEUSAGE {ram_2p array} DISPNAME {bind_storage ram_2p} VISIBLE true} {BINDTYPE storage ID {} IMPL auto LATENCY 1 OPTYPE ram_2p PRAGMA {} RTLNAME XW_block_253_U SOURCE src/integrated-gcn/integrated_gcn.cpp:78 VARIABLE XW_block_253 LOOP {} BUNDLEDNAME {} DSP 0 BRAM 0 URAM 0 STORAGESUBTYPE {} STORAGESIZE {32 16 1} STORAGEUSAGE {ram_2p array} DISPNAME {bind_storage ram_2p} VISIBLE true} {BINDTYPE storage ID {} IMPL auto LATENCY 1 OPTYPE ram_2p PRAGMA {} RTLNAME XW_block_254_U SOURCE src/integrated-gcn/integrated_gcn.cpp:78 VARIABLE XW_block_254 LOOP {} BUNDLEDNAME {} DSP 0 BRAM 0 URAM 0 STORAGESUBTYPE {} STORAGESIZE {32 16 1} STORAGEUSAGE {ram_2p array} DISPNAME {bind_storage ram_2p} VISIBLE true} {BINDTYPE storage ID {} IMPL auto LATENCY 1 OPTYPE ram_2p PRAGMA {} RTLNAME XW_block_255_U SOURCE src/integrated-gcn/integrated_gcn.cpp:78 VARIABLE XW_block_255 LOOP {} BUNDLEDNAME {} DSP 0 BRAM 0 URAM 0 STORAGESUBTYPE {} STORAGESIZE {32 16 1} STORAGEUSAGE {ram_2p array} DISPNAME {bind_storage ram_2p} VISIBLE true} {BINDTYPE op ID {} IMPL auto LATENCY 0 OPTYPE seteq PRAGMA {} RTLNAME icmp_ln91_fu_3320_p2 SOURCE src/integrated-gcn/integrated_gcn.cpp:91 VARIABLE icmp_ln91 LOOP COMP_IB BUNDLEDNAME {} DSP 0 BRAM 0 URAM 0 STORAGESUBTYPE {} DISPNAME {bind_op seteq} VISIBLE false} {BINDTYPE op ID {} IMPL fabric LATENCY 0 OPTYPE add PRAGMA {} RTLNAME ib_2_fu_3326_p2 SOURCE src/integrated-gcn/integrated_gcn.cpp:91 VARIABLE ib_2 LOOP COMP_IB BUNDLEDNAME {} DSP 0 BRAM 0 URAM 0 STORAGESUBTYPE {} DISPNAME {bind_op add} VISIBLE true} {BINDTYPE op ID {} IMPL auto LATENCY 0 OPTYPE seteq PRAGMA {} RTLNAME icmp_ln105_fu_3332_p2 SOURCE src/integrated-gcn/integrated_gcn.cpp:105 VARIABLE icmp_ln105 LOOP COMP_KB BUNDLEDNAME {} DSP 0 BRAM 0 URAM 0 STORAGESUBTYPE {} DISPNAME {bind_op seteq} VISIBLE false} {BINDTYPE op ID {} IMPL fabric LATENCY 0 OPTYPE add PRAGMA {} RTLNAME kb_1_fu_3338_p2 SOURCE src/integrated-gcn/integrated_gcn.cpp:105 VARIABLE kb_1 LOOP COMP_KB BUNDLEDNAME {} DSP 0 BRAM 0 URAM 0 STORAGESUBTYPE {} DISPNAME {bind_op add} VISIBLE true} {BINDTYPE op ID {} IMPL auto LATENCY 0 OPTYPE seteq PRAGMA {} RTLNAME icmp_ln107_fu_3362_p2 SOURCE src/integrated-gcn/integrated_gcn.cpp:107 VARIABLE icmp_ln107 LOOP COMP_K BUNDLEDNAME {} DSP 0 BRAM 0 URAM 0 STORAGESUBTYPE {} DISPNAME {bind_op seteq} VISIBLE false} {BINDTYPE op ID {} IMPL fabric LATENCY 0 OPTYPE add PRAGMA {} RTLNAME k_1_fu_3368_p2 SOURCE src/integrated-gcn/integrated_gcn.cpp:107 VARIABLE k_1 LOOP COMP_K BUNDLEDNAME {} DSP 0 BRAM 0 URAM 0 STORAGESUBTYPE {} DISPNAME {bind_op add} VISIBLE true}} AREA {DSP 256 BRAM 0 URAM 0}} gemm_write {BINDINFO {{BINDTYPE op ID {} IMPL auto LATENCY 0 OPTYPE seteq PRAGMA {} RTLNAME icmp_ln165_fu_196_p2 SOURCE src/integrated-gcn/integrated_gcn.cpp:165 VARIABLE icmp_ln165 LOOP VITIS_LOOP_165_1_VITIS_LOOP_167_3_VITIS_LOOP_168_4 BUNDLEDNAME {} DSP 0 BRAM 0 URAM 0 STORAGESUBTYPE {} DISPNAME {bind_op seteq} VISIBLE false} {BINDTYPE op ID {} IMPL fabric LATENCY 0 OPTYPE add PRAGMA {} RTLNAME add_ln165_fu_202_p2 SOURCE src/integrated-gcn/integrated_gcn.cpp:165 VARIABLE add_ln165 LOOP VITIS_LOOP_165_1_VITIS_LOOP_167_3_VITIS_LOOP_168_4 BUNDLEDNAME {} DSP 0 BRAM 0 URAM 0 STORAGESUBTYPE {} DISPNAME {bind_op add} VISIBLE true} {BINDTYPE op ID {} IMPL auto LATENCY 0 OPTYPE seteq PRAGMA {} RTLNAME icmp_ln167_fu_214_p2 SOURCE src/integrated-gcn/integrated_gcn.cpp:167 VARIABLE icmp_ln167 LOOP VITIS_LOOP_165_1_VITIS_LOOP_167_3_VITIS_LOOP_168_4 BUNDLEDNAME {} DSP 0 BRAM 0 URAM 0 STORAGESUBTYPE {} DISPNAME {bind_op seteq} VISIBLE false} {BINDTYPE op ID {} IMPL auto_sel LATENCY 0 OPTYPE select PRAGMA {} RTLNAME select_ln165_fu_220_p3 SOURCE src/integrated-gcn/integrated_gcn.cpp:165 VARIABLE select_ln165 LOOP VITIS_LOOP_165_1_VITIS_LOOP_167_3_VITIS_LOOP_168_4 BUNDLEDNAME {} DSP 0 BRAM 0 URAM 0 STORAGESUBTYPE {} DISPNAME {bind_op select} VISIBLE false} {BINDTYPE op ID {} IMPL auto LATENCY 0 OPTYPE or PRAGMA {} RTLNAME or_ln165_fu_228_p2 SOURCE src/integrated-gcn/integrated_gcn.cpp:165 VARIABLE or_ln165 LOOP VITIS_LOOP_165_1_VITIS_LOOP_167_3_VITIS_LOOP_168_4 BUNDLEDNAME {} DSP 0 BRAM 0 URAM 0 STORAGESUBTYPE {} DISPNAME {bind_op or} VISIBLE false} {BINDTYPE op ID {} IMPL auto LATENCY 0 OPTYPE xor PRAGMA {} RTLNAME xor_ln165_fu_234_p2 SOURCE src/integrated-gcn/integrated_gcn.cpp:165 VARIABLE xor_ln165 LOOP VITIS_LOOP_165_1_VITIS_LOOP_167_3_VITIS_LOOP_168_4 BUNDLEDNAME {} DSP 0 BRAM 0 URAM 0 STORAGESUBTYPE {} DISPNAME {bind_op xor} VISIBLE false} {BINDTYPE op ID {} IMPL auto LATENCY 0 OPTYPE seteq PRAGMA {} RTLNAME icmp_ln168_fu_240_p2 SOURCE src/integrated-gcn/integrated_gcn.cpp:168 VARIABLE icmp_ln168 LOOP VITIS_LOOP_165_1_VITIS_LOOP_167_3_VITIS_LOOP_168_4 BUNDLEDNAME {} DSP 0 BRAM 0 URAM 0 STORAGESUBTYPE {} DISPNAME {bind_op seteq} VISIBLE false} {BINDTYPE op ID {} IMPL auto LATENCY 0 OPTYPE and PRAGMA {} RTLNAME and_ln165_fu_246_p2 SOURCE src/integrated-gcn/integrated_gcn.cpp:165 VARIABLE and_ln165 LOOP VITIS_LOOP_165_1_VITIS_LOOP_167_3_VITIS_LOOP_168_4 BUNDLEDNAME {} DSP 0 BRAM 0 URAM 0 STORAGESUBTYPE {} DISPNAME {bind_op and} VISIBLE false} {BINDTYPE op ID {} IMPL fabric LATENCY 0 OPTYPE add PRAGMA {} RTLNAME add_ln165_1_fu_252_p2 SOURCE src/integrated-gcn/integrated_gcn.cpp:165 VARIABLE add_ln165_1 LOOP VITIS_LOOP_165_1_VITIS_LOOP_167_3_VITIS_LOOP_168_4 BUNDLEDNAME {} DSP 0 BRAM 0 URAM 0 STORAGESUBTYPE {} DISPNAME {bind_op add} VISIBLE true} {BINDTYPE op ID {} IMPL auto_sel LATENCY 0 OPTYPE select PRAGMA {} RTLNAME select_ln165_1_fu_258_p3 SOURCE src/integrated-gcn/integrated_gcn.cpp:165 VARIABLE select_ln165_1 LOOP VITIS_LOOP_165_1_VITIS_LOOP_167_3_VITIS_LOOP_168_4 BUNDLEDNAME {} DSP 0 BRAM 0 URAM 0 STORAGESUBTYPE {} DISPNAME {bind_op select} VISIBLE false} {BINDTYPE op ID {} IMPL fabric LATENCY 0 OPTYPE add PRAGMA {} RTLNAME add_ln167_fu_266_p2 SOURCE src/integrated-gcn/integrated_gcn.cpp:167 VARIABLE add_ln167 LOOP VITIS_LOOP_165_1_VITIS_LOOP_167_3_VITIS_LOOP_168_4 BUNDLEDNAME {} DSP 0 BRAM 0 URAM 0 STORAGESUBTYPE {} DISPNAME {bind_op add} VISIBLE true} {BINDTYPE op ID {} IMPL auto LATENCY 0 OPTYPE or PRAGMA {} RTLNAME first_iter_0_mid2_fu_272_p2 SOURCE src/integrated-gcn/integrated_gcn.cpp:165 VARIABLE first_iter_0_mid2 LOOP VITIS_LOOP_165_1_VITIS_LOOP_167_3_VITIS_LOOP_168_4 BUNDLEDNAME {} DSP 0 BRAM 0 URAM 0 STORAGESUBTYPE {} DISPNAME {bind_op or} VISIBLE false} {BINDTYPE op ID {} IMPL auto_sel LATENCY 0 OPTYPE select PRAGMA {} RTLNAME select_ln167_fu_278_p3 SOURCE src/integrated-gcn/integrated_gcn.cpp:167 VARIABLE select_ln167 LOOP VITIS_LOOP_165_1_VITIS_LOOP_167_3_VITIS_LOOP_168_4 BUNDLEDNAME {} DSP 0 BRAM 0 URAM 0 STORAGESUBTYPE {} DISPNAME {bind_op select} VISIBLE false} {BINDTYPE op ID {} IMPL fabric LATENCY 0 OPTYPE add PRAGMA {} RTLNAME add_ln171_fu_316_p2 SOURCE src/integrated-gcn/integrated_gcn.cpp:171 VARIABLE add_ln171 LOOP VITIS_LOOP_165_1_VITIS_LOOP_167_3_VITIS_LOOP_168_4 BUNDLEDNAME {} DSP 0 BRAM 0 URAM 0 STORAGESUBTYPE {} DISPNAME {bind_op add} VISIBLE true} {BINDTYPE op ID {} IMPL fabric LATENCY 0 OPTYPE add PRAGMA {} RTLNAME add_ln171_1_fu_322_p2 SOURCE src/integrated-gcn/integrated_gcn.cpp:171 VARIABLE add_ln171_1 LOOP VITIS_LOOP_165_1_VITIS_LOOP_167_3_VITIS_LOOP_168_4 BUNDLEDNAME {} DSP 0 BRAM 0 URAM 0 STORAGESUBTYPE {} DISPNAME {bind_op add} VISIBLE true} {BINDTYPE op ID {} IMPL auto LATENCY 0 OPTYPE setlt PRAGMA {} RTLNAME icmp_ln171_fu_328_p2 SOURCE src/integrated-gcn/integrated_gcn.cpp:171 VARIABLE icmp_ln171 LOOP VITIS_LOOP_165_1_VITIS_LOOP_167_3_VITIS_LOOP_168_4 BUNDLEDNAME {} DSP 0 BRAM 0 URAM 0 STORAGESUBTYPE {} DISPNAME {bind_op setlt} VISIBLE false} {BINDTYPE op ID {} IMPL auto_sel LATENCY 0 OPTYPE select PRAGMA {} RTLNAME select_ln168_fu_334_p3 SOURCE src/integrated-gcn/integrated_gcn.cpp:168 VARIABLE select_ln168 LOOP VITIS_LOOP_165_1_VITIS_LOOP_167_3_VITIS_LOOP_168_4 BUNDLEDNAME {} DSP 0 BRAM 0 URAM 0 STORAGESUBTYPE {} DISPNAME {bind_op select} VISIBLE false} {BINDTYPE op ID {} IMPL fabric LATENCY 0 OPTYPE add PRAGMA {} RTLNAME add_ln168_fu_352_p2 SOURCE src/integrated-gcn/integrated_gcn.cpp:168 VARIABLE add_ln168 LOOP VITIS_LOOP_165_1_VITIS_LOOP_167_3_VITIS_LOOP_168_4 BUNDLEDNAME {} DSP 0 BRAM 0 URAM 0 STORAGESUBTYPE {} DISPNAME {bind_op add} VISIBLE true} {BINDTYPE op ID {} IMPL auto LATENCY 0 OPTYPE or PRAGMA {} RTLNAME or_ln168_fu_358_p2 SOURCE src/integrated-gcn/integrated_gcn.cpp:168 VARIABLE or_ln168 LOOP VITIS_LOOP_165_1_VITIS_LOOP_167_3_VITIS_LOOP_168_4 BUNDLEDNAME {} DSP 0 BRAM 0 URAM 0 STORAGESUBTYPE {} DISPNAME {bind_op or} VISIBLE false} {BINDTYPE op ID {} IMPL auto_sel LATENCY 0 OPTYPE select PRAGMA {} RTLNAME select_ln168_1_fu_364_p3 SOURCE src/integrated-gcn/integrated_gcn.cpp:168 VARIABLE select_ln168_1 LOOP VITIS_LOOP_165_1_VITIS_LOOP_167_3_VITIS_LOOP_168_4 BUNDLEDNAME {} DSP 0 BRAM 0 URAM 0 STORAGESUBTYPE {} DISPNAME {bind_op select} VISIBLE false} {BINDTYPE op ID {} IMPL auto LATENCY 0 OPTYPE seteq PRAGMA {} RTLNAME icmp_ln168_1_fu_372_p2 SOURCE src/integrated-gcn/integrated_gcn.cpp:168 VARIABLE icmp_ln168_1 LOOP VITIS_LOOP_165_1_VITIS_LOOP_167_3_VITIS_LOOP_168_4 BUNDLEDNAME {} DSP 0 BRAM 0 URAM 0 STORAGESUBTYPE {} DISPNAME {bind_op seteq} VISIBLE false} {BINDTYPE op ID {} IMPL fabric LATENCY 0 OPTYPE add PRAGMA {} RTLNAME add_ln167_1_fu_378_p2 SOURCE src/integrated-gcn/integrated_gcn.cpp:167 VARIABLE add_ln167_1 LOOP VITIS_LOOP_165_1_VITIS_LOOP_167_3_VITIS_LOOP_168_4 BUNDLEDNAME {} DSP 0 BRAM 0 URAM 0 STORAGESUBTYPE {} DISPNAME {bind_op add} VISIBLE true} {BINDTYPE op ID {} IMPL auto_sel LATENCY 0 OPTYPE select PRAGMA {} RTLNAME select_ln167_1_fu_384_p3 SOURCE src/integrated-gcn/integrated_gcn.cpp:167 VARIABLE select_ln167_1 LOOP VITIS_LOOP_165_1_VITIS_LOOP_167_3_VITIS_LOOP_168_4 BUNDLEDNAME {} DSP 0 BRAM 0 URAM 0 STORAGESUBTYPE {} DISPNAME {bind_op select} VISIBLE false}} AREA {DSP 0 BRAM 0 URAM 0}} gemm_stage {BINDINFO {{BINDTYPE storage ID {} IMPL memory LATENCY 0 OPTYPE fifo PRAGMA {} RTLNAME X_stream_U SOURCE src/integrated-gcn/integrated_gcn.cpp:187 VARIABLE X_stream LOOP {} BUNDLEDNAME {} DSP 0 BRAM 29 URAM 0 STORAGESUBTYPE stream STORAGESIZE {512 16 1} STORAGEUSAGE {fifo channel} DISPNAME {bind_storage fifo} VISIBLE true} {BINDTYPE storage ID {} IMPL memory LATENCY 0 OPTYPE fifo PRAGMA {} RTLNAME W_stream_U SOURCE src/integrated-gcn/integrated_gcn.cpp:188 VARIABLE W_stream LOOP {} BUNDLEDNAME {} DSP 0 BRAM 29 URAM 0 STORAGESUBTYPE stream STORAGESIZE {512 16 1} STORAGEUSAGE {fifo channel} DISPNAME {bind_storage fifo} VISIBLE true} {BINDTYPE storage ID {} IMPL memory LATENCY 0 OPTYPE fifo PRAGMA {} RTLNAME XW_stream_U SOURCE src/integrated-gcn/integrated_gcn.cpp:189 VARIABLE XW_stream LOOP {} BUNDLEDNAME {} DSP 0 BRAM 29 URAM 0 STORAGESUBTYPE stream STORAGESIZE {512 16 1} STORAGEUSAGE {fifo channel} DISPNAME {bind_storage fifo} VISIBLE true}} AREA {DSP 258 BRAM 87 URAM 0}} spmm_load_csr_Pipeline_LOAD_ROWS {BINDINFO {{BINDTYPE op ID {} IMPL auto LATENCY 0 OPTYPE seteq PRAGMA {} RTLNAME icmp_ln210_fu_90_p2 SOURCE src/integrated-gcn/integrated_gcn.cpp:210 VARIABLE icmp_ln210 LOOP LOAD_ROWS BUNDLEDNAME {} DSP 0 BRAM 0 URAM 0 STORAGESUBTYPE {} DISPNAME {bind_op seteq} VISIBLE false} {BINDTYPE op ID {} IMPL fabric LATENCY 0 OPTYPE add PRAGMA {} RTLNAME add_ln210_fu_96_p2 SOURCE src/integrated-gcn/integrated_gcn.cpp:210 VARIABLE add_ln210 LOOP LOAD_ROWS BUNDLEDNAME {} DSP 0 BRAM 0 URAM 0 STORAGESUBTYPE {} DISPNAME {bind_op add} VISIBLE true}} AREA {DSP 0 BRAM 0 URAM 0}} spmm_load_csr_Pipeline_LOAD_NNZ {BINDINFO {{BINDTYPE op ID {} IMPL auto LATENCY 0 OPTYPE setlt PRAGMA {} RTLNAME icmp_ln216_fu_136_p2 SOURCE src/integrated-gcn/integrated_gcn.cpp:216 VARIABLE icmp_ln216 LOOP LOAD_NNZ BUNDLEDNAME {} DSP 0 BRAM 0 URAM 0 STORAGESUBTYPE {} DISPNAME {bind_op setlt} VISIBLE false} {BINDTYPE op ID {} IMPL fabric LATENCY 0 OPTYPE add PRAGMA {} RTLNAME add_ln216_fu_142_p2 SOURCE src/integrated-gcn/integrated_gcn.cpp:216 VARIABLE add_ln216 LOOP LOAD_NNZ BUNDLEDNAME {} DSP 0 BRAM 0 URAM 0 STORAGESUBTYPE {} DISPNAME {bind_op add} VISIBLE true}} AREA {DSP 0 BRAM 0 URAM 0}} spmm_load_csr {BINDINFO {{BINDTYPE op ID {} IMPL auto LATENCY 0 OPTYPE setgt PRAGMA {} RTLNAME icmp_ln216_fu_145_p2 SOURCE src/integrated-gcn/integrated_gcn.cpp:216 VARIABLE icmp_ln216 LOOP {} BUNDLEDNAME {} DSP 0 BRAM 0 URAM 0 STORAGESUBTYPE {} DISPNAME {bind_op setgt} VISIBLE false} {BINDTYPE op ID {} IMPL auto_sel LATENCY 0 OPTYPE select PRAGMA {} RTLNAME empty_113_fu_155_p3 SOURCE src/integrated-gcn/integrated_gcn.cpp:216 VARIABLE empty_113 LOOP {} BUNDLEDNAME {} DSP 0 BRAM 0 URAM 0 STORAGESUBTYPE {} DISPNAME {bind_op select} VISIBLE false}} AREA {DSP 0 BRAM 0 URAM 0}} spmm_compute_Pipeline_SPMM_INIT {BINDINFO {{BINDTYPE op ID {} IMPL fabric LATENCY 0 OPTYPE add PRAGMA {} RTLNAME add_ln241_fu_606_p2 SOURCE src/integrated-gcn/integrated_gcn.cpp:241 VARIABLE add_ln241 LOOP SPMM_INIT BUNDLEDNAME {} DSP 0 BRAM 0 URAM 0 STORAGESUBTYPE {} DISPNAME {bind_op add} VISIBLE true}} AREA {DSP 0 BRAM 0 URAM 0}} spmm_compute_Pipeline_SPMM_LOAD_H {BINDINFO {{BINDTYPE op ID {} IMPL auto LATENCY 0 OPTYPE seteq PRAGMA {} RTLNAME icmp_ln255_fu_681_p2 SOURCE src/integrated-gcn/integrated_gcn.cpp:255 VARIABLE icmp_ln255 LOOP SPMM_LOAD_H BUNDLEDNAME {} DSP 0 BRAM 0 URAM 0 STORAGESUBTYPE {} DISPNAME {bind_op seteq} VISIBLE false} {BINDTYPE op ID {} IMPL fabric LATENCY 0 OPTYPE add PRAGMA {} RTLNAME add_ln255_fu_687_p2 SOURCE src/integrated-gcn/integrated_gcn.cpp:255 VARIABLE add_ln255 LOOP SPMM_LOAD_H BUNDLEDNAME {} DSP 0 BRAM 0 URAM 0 STORAGESUBTYPE {} DISPNAME {bind_op add} VISIBLE true}} AREA {DSP 0 BRAM 0 URAM 0}} spmm_compute_Pipeline_SPMM_MAC {BINDINFO {{BINDTYPE op ID {} IMPL auto LATENCY 0 OPTYPE mul PRAGMA {} RTLNAME mul_26s_26s_52_1_1_U1565 SOURCE src/integrated-gcn/integrated_gcn.cpp:268 VARIABLE mul_ln268 LOOP SPMM_MAC BUNDLEDNAME {} DSP 2 BRAM 0 URAM 0 STORAGESUBTYPE {} DISPNAME {bind_op mul} VISIBLE true} {BINDTYPE op ID {} IMPL fabric LATENCY 0 OPTYPE add PRAGMA {} RTLNAME add_ln268_fu_1402_p2 SOURCE src/integrated-gcn/integrated_gcn.cpp:268 VARIABLE add_ln268 LOOP SPMM_MAC BUNDLEDNAME {} DSP 0 BRAM 0 URAM 0 STORAGESUBTYPE {} DISPNAME {bind_op add} VISIBLE true} {BINDTYPE op ID {} IMPL auto LATENCY 0 OPTYPE mul PRAGMA {} RTLNAME mul_26s_26s_52_1_1_U1566 SOURCE src/integrated-gcn/integrated_gcn.cpp:268 VARIABLE mul_ln268_1 LOOP SPMM_MAC BUNDLEDNAME {} DSP 2 BRAM 0 URAM 0 STORAGESUBTYPE {} DISPNAME {bind_op mul} VISIBLE true} {BINDTYPE op ID {} IMPL fabric LATENCY 0 OPTYPE add PRAGMA {} RTLNAME add_ln268_1_fu_1440_p2 SOURCE src/integrated-gcn/integrated_gcn.cpp:268 VARIABLE add_ln268_1 LOOP SPMM_MAC BUNDLEDNAME {} DSP 0 BRAM 0 URAM 0 STORAGESUBTYPE {} DISPNAME {bind_op add} VISIBLE true} {BINDTYPE op ID {} IMPL auto LATENCY 0 OPTYPE mul PRAGMA {} RTLNAME mul_26s_26s_52_1_1_U1567 SOURCE src/integrated-gcn/integrated_gcn.cpp:268 VARIABLE mul_ln268_2 LOOP SPMM_MAC BUNDLEDNAME {} DSP 2 BRAM 0 URAM 0 STORAGESUBTYPE {} DISPNAME {bind_op mul} VISIBLE true} {BINDTYPE op ID {} IMPL fabric LATENCY 0 OPTYPE add PRAGMA {} RTLNAME add_ln268_2_fu_1478_p2 SOURCE src/integrated-gcn/integrated_gcn.cpp:268 VARIABLE add_ln268_2 LOOP SPMM_MAC BUNDLEDNAME {} DSP 0 BRAM 0 URAM 0 STORAGESUBTYPE {} DISPNAME {bind_op add} VISIBLE true} {BINDTYPE op ID {} IMPL auto LATENCY 0 OPTYPE mul PRAGMA {} RTLNAME mul_26s_26s_52_1_1_U1568 SOURCE src/integrated-gcn/integrated_gcn.cpp:268 VARIABLE mul_ln268_3 LOOP SPMM_MAC BUNDLEDNAME {} DSP 2 BRAM 0 URAM 0 STORAGESUBTYPE {} DISPNAME {bind_op mul} VISIBLE true} {BINDTYPE op ID {} IMPL fabric LATENCY 0 OPTYPE add PRAGMA {} RTLNAME add_ln268_3_fu_1516_p2 SOURCE src/integrated-gcn/integrated_gcn.cpp:268 VARIABLE add_ln268_3 LOOP SPMM_MAC BUNDLEDNAME {} DSP 0 BRAM 0 URAM 0 STORAGESUBTYPE {} DISPNAME {bind_op add} VISIBLE true} {BINDTYPE op ID {} IMPL auto LATENCY 0 OPTYPE mul PRAGMA {} RTLNAME mul_26s_26s_52_1_1_U1569 SOURCE src/integrated-gcn/integrated_gcn.cpp:268 VARIABLE mul_ln268_4 LOOP SPMM_MAC BUNDLEDNAME {} DSP 2 BRAM 0 URAM 0 STORAGESUBTYPE {} DISPNAME {bind_op mul} VISIBLE true} {BINDTYPE op ID {} IMPL fabric LATENCY 0 OPTYPE add PRAGMA {} RTLNAME add_ln268_4_fu_1554_p2 SOURCE src/integrated-gcn/integrated_gcn.cpp:268 VARIABLE add_ln268_4 LOOP SPMM_MAC BUNDLEDNAME {} DSP 0 BRAM 0 URAM 0 STORAGESUBTYPE {} DISPNAME {bind_op add} VISIBLE true} {BINDTYPE op ID {} IMPL auto LATENCY 0 OPTYPE mul PRAGMA {} RTLNAME mul_26s_26s_52_1_1_U1570 SOURCE src/integrated-gcn/integrated_gcn.cpp:268 VARIABLE mul_ln268_5 LOOP SPMM_MAC BUNDLEDNAME {} DSP 2 BRAM 0 URAM 0 STORAGESUBTYPE {} DISPNAME {bind_op mul} VISIBLE true} {BINDTYPE op ID {} IMPL fabric LATENCY 0 OPTYPE add PRAGMA {} RTLNAME add_ln268_5_fu_1592_p2 SOURCE src/integrated-gcn/integrated_gcn.cpp:268 VARIABLE add_ln268_5 LOOP SPMM_MAC BUNDLEDNAME {} DSP 0 BRAM 0 URAM 0 STORAGESUBTYPE {} DISPNAME {bind_op add} VISIBLE true} {BINDTYPE op ID {} IMPL auto LATENCY 0 OPTYPE mul PRAGMA {} RTLNAME mul_26s_26s_52_1_1_U1571 SOURCE src/integrated-gcn/integrated_gcn.cpp:268 VARIABLE mul_ln268_6 LOOP SPMM_MAC BUNDLEDNAME {} DSP 2 BRAM 0 URAM 0 STORAGESUBTYPE {} DISPNAME {bind_op mul} VISIBLE true} {BINDTYPE op ID {} IMPL fabric LATENCY 0 OPTYPE add PRAGMA {} RTLNAME add_ln268_6_fu_1630_p2 SOURCE src/integrated-gcn/integrated_gcn.cpp:268 VARIABLE add_ln268_6 LOOP SPMM_MAC BUNDLEDNAME {} DSP 0 BRAM 0 URAM 0 STORAGESUBTYPE {} DISPNAME {bind_op add} VISIBLE true} {BINDTYPE op ID {} IMPL auto LATENCY 0 OPTYPE mul PRAGMA {} RTLNAME mul_26s_26s_52_1_1_U1572 SOURCE src/integrated-gcn/integrated_gcn.cpp:268 VARIABLE mul_ln268_7 LOOP SPMM_MAC BUNDLEDNAME {} DSP 2 BRAM 0 URAM 0 STORAGESUBTYPE {} DISPNAME {bind_op mul} VISIBLE true} {BINDTYPE op ID {} IMPL fabric LATENCY 0 OPTYPE add PRAGMA {} RTLNAME add_ln268_7_fu_1668_p2 SOURCE src/integrated-gcn/integrated_gcn.cpp:268 VARIABLE add_ln268_7 LOOP SPMM_MAC BUNDLEDNAME {} DSP 0 BRAM 0 URAM 0 STORAGESUBTYPE {} DISPNAME {bind_op add} VISIBLE true} {BINDTYPE op ID {} IMPL auto LATENCY 0 OPTYPE mul PRAGMA {} RTLNAME mul_26s_26s_52_1_1_U1573 SOURCE src/integrated-gcn/integrated_gcn.cpp:268 VARIABLE mul_ln268_8 LOOP SPMM_MAC BUNDLEDNAME {} DSP 2 BRAM 0 URAM 0 STORAGESUBTYPE {} DISPNAME {bind_op mul} VISIBLE true} {BINDTYPE op ID {} IMPL fabric LATENCY 0 OPTYPE add PRAGMA {} RTLNAME add_ln268_8_fu_1706_p2 SOURCE src/integrated-gcn/integrated_gcn.cpp:268 VARIABLE add_ln268_8 LOOP SPMM_MAC BUNDLEDNAME {} DSP 0 BRAM 0 URAM 0 STORAGESUBTYPE {} DISPNAME {bind_op add} VISIBLE true} {BINDTYPE op ID {} IMPL auto LATENCY 0 OPTYPE mul PRAGMA {} RTLNAME mul_26s_26s_52_1_1_U1574 SOURCE src/integrated-gcn/integrated_gcn.cpp:268 VARIABLE mul_ln268_9 LOOP SPMM_MAC BUNDLEDNAME {} DSP 2 BRAM 0 URAM 0 STORAGESUBTYPE {} DISPNAME {bind_op mul} VISIBLE true} {BINDTYPE op ID {} IMPL fabric LATENCY 0 OPTYPE add PRAGMA {} RTLNAME add_ln268_9_fu_1744_p2 SOURCE src/integrated-gcn/integrated_gcn.cpp:268 VARIABLE add_ln268_9 LOOP SPMM_MAC BUNDLEDNAME {} DSP 0 BRAM 0 URAM 0 STORAGESUBTYPE {} DISPNAME {bind_op add} VISIBLE true} {BINDTYPE op ID {} IMPL auto LATENCY 0 OPTYPE mul PRAGMA {} RTLNAME mul_26s_26s_52_1_1_U1575 SOURCE src/integrated-gcn/integrated_gcn.cpp:268 VARIABLE mul_ln268_10 LOOP SPMM_MAC BUNDLEDNAME {} DSP 2 BRAM 0 URAM 0 STORAGESUBTYPE {} DISPNAME {bind_op mul} VISIBLE true} {BINDTYPE op ID {} IMPL fabric LATENCY 0 OPTYPE add PRAGMA {} RTLNAME add_ln268_10_fu_1782_p2 SOURCE src/integrated-gcn/integrated_gcn.cpp:268 VARIABLE add_ln268_10 LOOP SPMM_MAC BUNDLEDNAME {} DSP 0 BRAM 0 URAM 0 STORAGESUBTYPE {} DISPNAME {bind_op add} VISIBLE true} {BINDTYPE op ID {} IMPL auto LATENCY 0 OPTYPE mul PRAGMA {} RTLNAME mul_26s_26s_52_1_1_U1576 SOURCE src/integrated-gcn/integrated_gcn.cpp:268 VARIABLE mul_ln268_11 LOOP SPMM_MAC BUNDLEDNAME {} DSP 2 BRAM 0 URAM 0 STORAGESUBTYPE {} DISPNAME {bind_op mul} VISIBLE true} {BINDTYPE op ID {} IMPL fabric LATENCY 0 OPTYPE add PRAGMA {} RTLNAME add_ln268_11_fu_1820_p2 SOURCE src/integrated-gcn/integrated_gcn.cpp:268 VARIABLE add_ln268_11 LOOP SPMM_MAC BUNDLEDNAME {} DSP 0 BRAM 0 URAM 0 STORAGESUBTYPE {} DISPNAME {bind_op add} VISIBLE true} {BINDTYPE op ID {} IMPL auto LATENCY 0 OPTYPE mul PRAGMA {} RTLNAME mul_26s_26s_52_1_1_U1577 SOURCE src/integrated-gcn/integrated_gcn.cpp:268 VARIABLE mul_ln268_12 LOOP SPMM_MAC BUNDLEDNAME {} DSP 2 BRAM 0 URAM 0 STORAGESUBTYPE {} DISPNAME {bind_op mul} VISIBLE true} {BINDTYPE op ID {} IMPL fabric LATENCY 0 OPTYPE add PRAGMA {} RTLNAME add_ln268_12_fu_1858_p2 SOURCE src/integrated-gcn/integrated_gcn.cpp:268 VARIABLE add_ln268_12 LOOP SPMM_MAC BUNDLEDNAME {} DSP 0 BRAM 0 URAM 0 STORAGESUBTYPE {} DISPNAME {bind_op add} VISIBLE true} {BINDTYPE op ID {} IMPL auto LATENCY 0 OPTYPE mul PRAGMA {} RTLNAME mul_26s_26s_52_1_1_U1578 SOURCE src/integrated-gcn/integrated_gcn.cpp:268 VARIABLE mul_ln268_13 LOOP SPMM_MAC BUNDLEDNAME {} DSP 2 BRAM 0 URAM 0 STORAGESUBTYPE {} DISPNAME {bind_op mul} VISIBLE true} {BINDTYPE op ID {} IMPL fabric LATENCY 0 OPTYPE add PRAGMA {} RTLNAME add_ln268_13_fu_1896_p2 SOURCE src/integrated-gcn/integrated_gcn.cpp:268 VARIABLE add_ln268_13 LOOP SPMM_MAC BUNDLEDNAME {} DSP 0 BRAM 0 URAM 0 STORAGESUBTYPE {} DISPNAME {bind_op add} VISIBLE true} {BINDTYPE op ID {} IMPL auto LATENCY 0 OPTYPE mul PRAGMA {} RTLNAME mul_26s_26s_52_1_1_U1579 SOURCE src/integrated-gcn/integrated_gcn.cpp:268 VARIABLE mul_ln268_14 LOOP SPMM_MAC BUNDLEDNAME {} DSP 2 BRAM 0 URAM 0 STORAGESUBTYPE {} DISPNAME {bind_op mul} VISIBLE true} {BINDTYPE op ID {} IMPL fabric LATENCY 0 OPTYPE add PRAGMA {} RTLNAME add_ln268_14_fu_1934_p2 SOURCE src/integrated-gcn/integrated_gcn.cpp:268 VARIABLE add_ln268_14 LOOP SPMM_MAC BUNDLEDNAME {} DSP 0 BRAM 0 URAM 0 STORAGESUBTYPE {} DISPNAME {bind_op add} VISIBLE true} {BINDTYPE op ID {} IMPL auto LATENCY 0 OPTYPE mul PRAGMA {} RTLNAME mul_26s_26s_52_1_1_U1580 SOURCE src/integrated-gcn/integrated_gcn.cpp:268 VARIABLE mul_ln268_15 LOOP SPMM_MAC BUNDLEDNAME {} DSP 2 BRAM 0 URAM 0 STORAGESUBTYPE {} DISPNAME {bind_op mul} VISIBLE true} {BINDTYPE op ID {} IMPL fabric LATENCY 0 OPTYPE add PRAGMA {} RTLNAME add_ln268_15_fu_1972_p2 SOURCE src/integrated-gcn/integrated_gcn.cpp:268 VARIABLE add_ln268_15 LOOP SPMM_MAC BUNDLEDNAME {} DSP 0 BRAM 0 URAM 0 STORAGESUBTYPE {} DISPNAME {bind_op add} VISIBLE true} {BINDTYPE op ID {} IMPL auto LATENCY 0 OPTYPE mul PRAGMA {} RTLNAME mul_26s_26s_52_1_1_U1581 SOURCE src/integrated-gcn/integrated_gcn.cpp:268 VARIABLE mul_ln268_16 LOOP SPMM_MAC BUNDLEDNAME {} DSP 2 BRAM 0 URAM 0 STORAGESUBTYPE {} DISPNAME {bind_op mul} VISIBLE true} {BINDTYPE op ID {} IMPL fabric LATENCY 0 OPTYPE add PRAGMA {} RTLNAME add_ln268_16_fu_2010_p2 SOURCE src/integrated-gcn/integrated_gcn.cpp:268 VARIABLE add_ln268_16 LOOP SPMM_MAC BUNDLEDNAME {} DSP 0 BRAM 0 URAM 0 STORAGESUBTYPE {} DISPNAME {bind_op add} VISIBLE true} {BINDTYPE op ID {} IMPL auto LATENCY 0 OPTYPE mul PRAGMA {} RTLNAME mul_26s_26s_52_1_1_U1582 SOURCE src/integrated-gcn/integrated_gcn.cpp:268 VARIABLE mul_ln268_17 LOOP SPMM_MAC BUNDLEDNAME {} DSP 2 BRAM 0 URAM 0 STORAGESUBTYPE {} DISPNAME {bind_op mul} VISIBLE true} {BINDTYPE op ID {} IMPL fabric LATENCY 0 OPTYPE add PRAGMA {} RTLNAME add_ln268_17_fu_2048_p2 SOURCE src/integrated-gcn/integrated_gcn.cpp:268 VARIABLE add_ln268_17 LOOP SPMM_MAC BUNDLEDNAME {} DSP 0 BRAM 0 URAM 0 STORAGESUBTYPE {} DISPNAME {bind_op add} VISIBLE true} {BINDTYPE op ID {} IMPL auto LATENCY 0 OPTYPE mul PRAGMA {} RTLNAME mul_26s_26s_52_1_1_U1583 SOURCE src/integrated-gcn/integrated_gcn.cpp:268 VARIABLE mul_ln268_18 LOOP SPMM_MAC BUNDLEDNAME {} DSP 2 BRAM 0 URAM 0 STORAGESUBTYPE {} DISPNAME {bind_op mul} VISIBLE true} {BINDTYPE op ID {} IMPL fabric LATENCY 0 OPTYPE add PRAGMA {} RTLNAME add_ln268_18_fu_2086_p2 SOURCE src/integrated-gcn/integrated_gcn.cpp:268 VARIABLE add_ln268_18 LOOP SPMM_MAC BUNDLEDNAME {} DSP 0 BRAM 0 URAM 0 STORAGESUBTYPE {} DISPNAME {bind_op add} VISIBLE true} {BINDTYPE op ID {} IMPL auto LATENCY 0 OPTYPE mul PRAGMA {} RTLNAME mul_26s_26s_52_1_1_U1584 SOURCE src/integrated-gcn/integrated_gcn.cpp:268 VARIABLE mul_ln268_19 LOOP SPMM_MAC BUNDLEDNAME {} DSP 2 BRAM 0 URAM 0 STORAGESUBTYPE {} DISPNAME {bind_op mul} VISIBLE true} {BINDTYPE op ID {} IMPL fabric LATENCY 0 OPTYPE add PRAGMA {} RTLNAME add_ln268_19_fu_2124_p2 SOURCE src/integrated-gcn/integrated_gcn.cpp:268 VARIABLE add_ln268_19 LOOP SPMM_MAC BUNDLEDNAME {} DSP 0 BRAM 0 URAM 0 STORAGESUBTYPE {} DISPNAME {bind_op add} VISIBLE true} {BINDTYPE op ID {} IMPL auto LATENCY 0 OPTYPE mul PRAGMA {} RTLNAME mul_26s_26s_52_1_1_U1585 SOURCE src/integrated-gcn/integrated_gcn.cpp:268 VARIABLE mul_ln268_20 LOOP SPMM_MAC BUNDLEDNAME {} DSP 2 BRAM 0 URAM 0 STORAGESUBTYPE {} DISPNAME {bind_op mul} VISIBLE true} {BINDTYPE op ID {} IMPL fabric LATENCY 0 OPTYPE add PRAGMA {} RTLNAME add_ln268_20_fu_2162_p2 SOURCE src/integrated-gcn/integrated_gcn.cpp:268 VARIABLE add_ln268_20 LOOP SPMM_MAC BUNDLEDNAME {} DSP 0 BRAM 0 URAM 0 STORAGESUBTYPE {} DISPNAME {bind_op add} VISIBLE true} {BINDTYPE op ID {} IMPL auto LATENCY 0 OPTYPE mul PRAGMA {} RTLNAME mul_26s_26s_52_1_1_U1586 SOURCE src/integrated-gcn/integrated_gcn.cpp:268 VARIABLE mul_ln268_21 LOOP SPMM_MAC BUNDLEDNAME {} DSP 2 BRAM 0 URAM 0 STORAGESUBTYPE {} DISPNAME {bind_op mul} VISIBLE true} {BINDTYPE op ID {} IMPL fabric LATENCY 0 OPTYPE add PRAGMA {} RTLNAME add_ln268_21_fu_2200_p2 SOURCE src/integrated-gcn/integrated_gcn.cpp:268 VARIABLE add_ln268_21 LOOP SPMM_MAC BUNDLEDNAME {} DSP 0 BRAM 0 URAM 0 STORAGESUBTYPE {} DISPNAME {bind_op add} VISIBLE true} {BINDTYPE op ID {} IMPL auto LATENCY 0 OPTYPE mul PRAGMA {} RTLNAME mul_26s_26s_52_1_1_U1587 SOURCE src/integrated-gcn/integrated_gcn.cpp:268 VARIABLE mul_ln268_22 LOOP SPMM_MAC BUNDLEDNAME {} DSP 2 BRAM 0 URAM 0 STORAGESUBTYPE {} DISPNAME {bind_op mul} VISIBLE true} {BINDTYPE op ID {} IMPL fabric LATENCY 0 OPTYPE add PRAGMA {} RTLNAME add_ln268_22_fu_2238_p2 SOURCE src/integrated-gcn/integrated_gcn.cpp:268 VARIABLE add_ln268_22 LOOP SPMM_MAC BUNDLEDNAME {} DSP 0 BRAM 0 URAM 0 STORAGESUBTYPE {} DISPNAME {bind_op add} VISIBLE true} {BINDTYPE op ID {} IMPL auto LATENCY 0 OPTYPE mul PRAGMA {} RTLNAME mul_26s_26s_52_1_1_U1588 SOURCE src/integrated-gcn/integrated_gcn.cpp:268 VARIABLE mul_ln268_23 LOOP SPMM_MAC BUNDLEDNAME {} DSP 2 BRAM 0 URAM 0 STORAGESUBTYPE {} DISPNAME {bind_op mul} VISIBLE true} {BINDTYPE op ID {} IMPL fabric LATENCY 0 OPTYPE add PRAGMA {} RTLNAME add_ln268_23_fu_2276_p2 SOURCE src/integrated-gcn/integrated_gcn.cpp:268 VARIABLE add_ln268_23 LOOP SPMM_MAC BUNDLEDNAME {} DSP 0 BRAM 0 URAM 0 STORAGESUBTYPE {} DISPNAME {bind_op add} VISIBLE true} {BINDTYPE op ID {} IMPL auto LATENCY 0 OPTYPE mul PRAGMA {} RTLNAME mul_26s_26s_52_1_1_U1589 SOURCE src/integrated-gcn/integrated_gcn.cpp:268 VARIABLE mul_ln268_24 LOOP SPMM_MAC BUNDLEDNAME {} DSP 2 BRAM 0 URAM 0 STORAGESUBTYPE {} DISPNAME {bind_op mul} VISIBLE true} {BINDTYPE op ID {} IMPL fabric LATENCY 0 OPTYPE add PRAGMA {} RTLNAME add_ln268_24_fu_2314_p2 SOURCE src/integrated-gcn/integrated_gcn.cpp:268 VARIABLE add_ln268_24 LOOP SPMM_MAC BUNDLEDNAME {} DSP 0 BRAM 0 URAM 0 STORAGESUBTYPE {} DISPNAME {bind_op add} VISIBLE true} {BINDTYPE op ID {} IMPL auto LATENCY 0 OPTYPE mul PRAGMA {} RTLNAME mul_26s_26s_52_1_1_U1590 SOURCE src/integrated-gcn/integrated_gcn.cpp:268 VARIABLE mul_ln268_25 LOOP SPMM_MAC BUNDLEDNAME {} DSP 2 BRAM 0 URAM 0 STORAGESUBTYPE {} DISPNAME {bind_op mul} VISIBLE true} {BINDTYPE op ID {} IMPL fabric LATENCY 0 OPTYPE add PRAGMA {} RTLNAME add_ln268_25_fu_2352_p2 SOURCE src/integrated-gcn/integrated_gcn.cpp:268 VARIABLE add_ln268_25 LOOP SPMM_MAC BUNDLEDNAME {} DSP 0 BRAM 0 URAM 0 STORAGESUBTYPE {} DISPNAME {bind_op add} VISIBLE true} {BINDTYPE op ID {} IMPL auto LATENCY 0 OPTYPE mul PRAGMA {} RTLNAME mul_26s_26s_52_1_1_U1591 SOURCE src/integrated-gcn/integrated_gcn.cpp:268 VARIABLE mul_ln268_26 LOOP SPMM_MAC BUNDLEDNAME {} DSP 2 BRAM 0 URAM 0 STORAGESUBTYPE {} DISPNAME {bind_op mul} VISIBLE true} {BINDTYPE op ID {} IMPL fabric LATENCY 0 OPTYPE add PRAGMA {} RTLNAME add_ln268_26_fu_2390_p2 SOURCE src/integrated-gcn/integrated_gcn.cpp:268 VARIABLE add_ln268_26 LOOP SPMM_MAC BUNDLEDNAME {} DSP 0 BRAM 0 URAM 0 STORAGESUBTYPE {} DISPNAME {bind_op add} VISIBLE true} {BINDTYPE op ID {} IMPL auto LATENCY 0 OPTYPE mul PRAGMA {} RTLNAME mul_26s_26s_52_1_1_U1592 SOURCE src/integrated-gcn/integrated_gcn.cpp:268 VARIABLE mul_ln268_27 LOOP SPMM_MAC BUNDLEDNAME {} DSP 2 BRAM 0 URAM 0 STORAGESUBTYPE {} DISPNAME {bind_op mul} VISIBLE true} {BINDTYPE op ID {} IMPL fabric LATENCY 0 OPTYPE add PRAGMA {} RTLNAME add_ln268_27_fu_2428_p2 SOURCE src/integrated-gcn/integrated_gcn.cpp:268 VARIABLE add_ln268_27 LOOP SPMM_MAC BUNDLEDNAME {} DSP 0 BRAM 0 URAM 0 STORAGESUBTYPE {} DISPNAME {bind_op add} VISIBLE true} {BINDTYPE op ID {} IMPL auto LATENCY 0 OPTYPE mul PRAGMA {} RTLNAME mul_26s_26s_52_1_1_U1593 SOURCE src/integrated-gcn/integrated_gcn.cpp:268 VARIABLE mul_ln268_28 LOOP SPMM_MAC BUNDLEDNAME {} DSP 2 BRAM 0 URAM 0 STORAGESUBTYPE {} DISPNAME {bind_op mul} VISIBLE true} {BINDTYPE op ID {} IMPL fabric LATENCY 0 OPTYPE add PRAGMA {} RTLNAME add_ln268_28_fu_2466_p2 SOURCE src/integrated-gcn/integrated_gcn.cpp:268 VARIABLE add_ln268_28 LOOP SPMM_MAC BUNDLEDNAME {} DSP 0 BRAM 0 URAM 0 STORAGESUBTYPE {} DISPNAME {bind_op add} VISIBLE true} {BINDTYPE op ID {} IMPL auto LATENCY 0 OPTYPE mul PRAGMA {} RTLNAME mul_26s_26s_52_1_1_U1594 SOURCE src/integrated-gcn/integrated_gcn.cpp:268 VARIABLE mul_ln268_29 LOOP SPMM_MAC BUNDLEDNAME {} DSP 2 BRAM 0 URAM 0 STORAGESUBTYPE {} DISPNAME {bind_op mul} VISIBLE true} {BINDTYPE op ID {} IMPL fabric LATENCY 0 OPTYPE add PRAGMA {} RTLNAME add_ln268_29_fu_2504_p2 SOURCE src/integrated-gcn/integrated_gcn.cpp:268 VARIABLE add_ln268_29 LOOP SPMM_MAC BUNDLEDNAME {} DSP 0 BRAM 0 URAM 0 STORAGESUBTYPE {} DISPNAME {bind_op add} VISIBLE true} {BINDTYPE op ID {} IMPL auto LATENCY 0 OPTYPE mul PRAGMA {} RTLNAME mul_26s_26s_52_1_1_U1595 SOURCE src/integrated-gcn/integrated_gcn.cpp:268 VARIABLE mul_ln268_30 LOOP SPMM_MAC BUNDLEDNAME {} DSP 2 BRAM 0 URAM 0 STORAGESUBTYPE {} DISPNAME {bind_op mul} VISIBLE true} {BINDTYPE op ID {} IMPL fabric LATENCY 0 OPTYPE add PRAGMA {} RTLNAME add_ln268_30_fu_2542_p2 SOURCE src/integrated-gcn/integrated_gcn.cpp:268 VARIABLE add_ln268_30 LOOP SPMM_MAC BUNDLEDNAME {} DSP 0 BRAM 0 URAM 0 STORAGESUBTYPE {} DISPNAME {bind_op add} VISIBLE true} {BINDTYPE op ID {} IMPL auto LATENCY 0 OPTYPE mul PRAGMA {} RTLNAME mul_26s_26s_52_1_1_U1596 SOURCE src/integrated-gcn/integrated_gcn.cpp:268 VARIABLE mul_ln268_31 LOOP SPMM_MAC BUNDLEDNAME {} DSP 2 BRAM 0 URAM 0 STORAGESUBTYPE {} DISPNAME {bind_op mul} VISIBLE true} {BINDTYPE op ID {} IMPL fabric LATENCY 0 OPTYPE add PRAGMA {} RTLNAME add_ln268_31_fu_2580_p2 SOURCE src/integrated-gcn/integrated_gcn.cpp:268 VARIABLE add_ln268_31 LOOP SPMM_MAC BUNDLEDNAME {} DSP 0 BRAM 0 URAM 0 STORAGESUBTYPE {} DISPNAME {bind_op add} VISIBLE true} {BINDTYPE op ID {} IMPL fabric LATENCY 0 OPTYPE add PRAGMA {} RTLNAME add_ln265_fu_1370_p2 SOURCE src/integrated-gcn/integrated_gcn.cpp:265 VARIABLE add_ln265 LOOP SPMM_MAC BUNDLEDNAME {} DSP 0 BRAM 0 URAM 0 STORAGESUBTYPE {} DISPNAME {bind_op add} VISIBLE true}} AREA {DSP 64 BRAM 0 URAM 0}} spmm_compute_Pipeline_SPMM_WRITE {BINDINFO {{BINDTYPE op ID {} IMPL auto LATENCY 0 OPTYPE seteq PRAGMA {} RTLNAME icmp_ln274_fu_639_p2 SOURCE src/integrated-gcn/integrated_gcn.cpp:274 VARIABLE icmp_ln274 LOOP SPMM_WRITE BUNDLEDNAME {} DSP 0 BRAM 0 URAM 0 STORAGESUBTYPE {} DISPNAME {bind_op seteq} VISIBLE false} {BINDTYPE op ID {} IMPL fabric LATENCY 0 OPTYPE add PRAGMA {} RTLNAME add_ln274_fu_645_p2 SOURCE src/integrated-gcn/integrated_gcn.cpp:274 VARIABLE add_ln274 LOOP SPMM_WRITE BUNDLEDNAME {} DSP 0 BRAM 0 URAM 0 STORAGESUBTYPE {} DISPNAME {bind_op add} VISIBLE true} {BINDTYPE op ID {} IMPL compactencoding_dontcare LATENCY 0 OPTYPE sparsemux PRAGMA {} RTLNAME sparsemux_65_5_32_1_1_U1663 SOURCE src/integrated-gcn/integrated_gcn.cpp:276 VARIABLE tmp_s LOOP SPMM_WRITE BUNDLEDNAME {} DSP 0 BRAM 0 URAM 0 STORAGESUBTYPE {} DISPNAME {bind_op sparsemux} VISIBLE false} {BINDTYPE op ID {} IMPL fabric LATENCY 0 OPTYPE add PRAGMA {} RTLNAME add_ln276_fu_877_p2 SOURCE src/integrated-gcn/integrated_gcn.cpp:276 VARIABLE add_ln276 LOOP SPMM_WRITE BUNDLEDNAME {} DSP 0 BRAM 0 URAM 0 STORAGESUBTYPE {} DISPNAME {bind_op add} VISIBLE true} {BINDTYPE op ID {} IMPL auto LATENCY 0 OPTYPE xor PRAGMA {} RTLNAME xor_ln276_fu_891_p2 SOURCE src/integrated-gcn/integrated_gcn.cpp:276 VARIABLE xor_ln276 LOOP SPMM_WRITE BUNDLEDNAME {} DSP 0 BRAM 0 URAM 0 STORAGESUBTYPE {} DISPNAME {bind_op xor} VISIBLE false} {BINDTYPE op ID {} IMPL auto LATENCY 0 OPTYPE and PRAGMA {} RTLNAME and_ln276_fu_897_p2 SOURCE src/integrated-gcn/integrated_gcn.cpp:276 VARIABLE and_ln276 LOOP SPMM_WRITE BUNDLEDNAME {} DSP 0 BRAM 0 URAM 0 STORAGESUBTYPE {} DISPNAME {bind_op and} VISIBLE false} {BINDTYPE op ID {} IMPL auto LATENCY 0 OPTYPE seteq PRAGMA {} RTLNAME icmp_ln276_fu_919_p2 SOURCE src/integrated-gcn/integrated_gcn.cpp:276 VARIABLE icmp_ln276 LOOP SPMM_WRITE BUNDLEDNAME {} DSP 0 BRAM 0 URAM 0 STORAGESUBTYPE {} DISPNAME {bind_op seteq} VISIBLE false} {BINDTYPE op ID {} IMPL auto LATENCY 0 OPTYPE seteq PRAGMA {} RTLNAME icmp_ln276_1_fu_933_p2 SOURCE src/integrated-gcn/integrated_gcn.cpp:276 VARIABLE icmp_ln276_1 LOOP SPMM_WRITE BUNDLEDNAME {} DSP 0 BRAM 0 URAM 0 STORAGESUBTYPE {} DISPNAME {bind_op seteq} VISIBLE false} {BINDTYPE op ID {} IMPL auto LATENCY 0 OPTYPE seteq PRAGMA {} RTLNAME icmp_ln276_2_fu_939_p2 SOURCE src/integrated-gcn/integrated_gcn.cpp:276 VARIABLE icmp_ln276_2 LOOP SPMM_WRITE BUNDLEDNAME {} DSP 0 BRAM 0 URAM 0 STORAGESUBTYPE {} DISPNAME {bind_op seteq} VISIBLE false} {BINDTYPE op ID {} IMPL auto_sel LATENCY 0 OPTYPE select PRAGMA {} RTLNAME select_ln276_fu_945_p3 SOURCE src/integrated-gcn/integrated_gcn.cpp:276 VARIABLE select_ln276 LOOP SPMM_WRITE BUNDLEDNAME {} DSP 0 BRAM 0 URAM 0 STORAGESUBTYPE {} DISPNAME {bind_op select} VISIBLE false} {BINDTYPE op ID {} IMPL auto LATENCY 0 OPTYPE xor PRAGMA {} RTLNAME xor_ln276_1_fu_953_p2 SOURCE src/integrated-gcn/integrated_gcn.cpp:276 VARIABLE xor_ln276_1 LOOP SPMM_WRITE BUNDLEDNAME {} DSP 0 BRAM 0 URAM 0 STORAGESUBTYPE {} DISPNAME {bind_op xor} VISIBLE false} {BINDTYPE op ID {} IMPL auto LATENCY 0 OPTYPE and PRAGMA {} RTLNAME and_ln276_1_fu_959_p2 SOURCE src/integrated-gcn/integrated_gcn.cpp:276 VARIABLE and_ln276_1 LOOP SPMM_WRITE BUNDLEDNAME {} DSP 0 BRAM 0 URAM 0 STORAGESUBTYPE {} DISPNAME {bind_op and} VISIBLE false} {BINDTYPE op ID {} IMPL auto_sel LATENCY 0 OPTYPE select PRAGMA {} RTLNAME select_ln276_1_fu_965_p3 SOURCE src/integrated-gcn/integrated_gcn.cpp:276 VARIABLE select_ln276_1 LOOP SPMM_WRITE BUNDLEDNAME {} DSP 0 BRAM 0 URAM 0 STORAGESUBTYPE {} DISPNAME {bind_op select} VISIBLE false} {BINDTYPE op ID {} IMPL auto LATENCY 0 OPTYPE and PRAGMA {} RTLNAME and_ln276_2_fu_973_p2 SOURCE src/integrated-gcn/integrated_gcn.cpp:276 VARIABLE and_ln276_2 LOOP SPMM_WRITE BUNDLEDNAME {} DSP 0 BRAM 0 URAM 0 STORAGESUBTYPE {} DISPNAME {bind_op and} VISIBLE false} {BINDTYPE op ID {} IMPL auto LATENCY 0 OPTYPE xor PRAGMA {} RTLNAME xor_ln276_2_fu_979_p2 SOURCE src/integrated-gcn/integrated_gcn.cpp:276 VARIABLE xor_ln276_2 LOOP SPMM_WRITE BUNDLEDNAME {} DSP 0 BRAM 0 URAM 0 STORAGESUBTYPE {} DISPNAME {bind_op xor} VISIBLE false} {BINDTYPE op ID {} IMPL auto LATENCY 0 OPTYPE or PRAGMA {} RTLNAME or_ln276_fu_985_p2 SOURCE src/integrated-gcn/integrated_gcn.cpp:276 VARIABLE or_ln276 LOOP SPMM_WRITE BUNDLEDNAME {} DSP 0 BRAM 0 URAM 0 STORAGESUBTYPE {} DISPNAME {bind_op or} VISIBLE false} {BINDTYPE op ID {} IMPL auto LATENCY 0 OPTYPE xor PRAGMA {} RTLNAME xor_ln276_3_fu_991_p2 SOURCE src/integrated-gcn/integrated_gcn.cpp:276 VARIABLE xor_ln276_3 LOOP SPMM_WRITE BUNDLEDNAME {} DSP 0 BRAM 0 URAM 0 STORAGESUBTYPE {} DISPNAME {bind_op xor} VISIBLE false} {BINDTYPE op ID {} IMPL auto LATENCY 0 OPTYPE and PRAGMA {} RTLNAME and_ln276_3_fu_997_p2 SOURCE src/integrated-gcn/integrated_gcn.cpp:276 VARIABLE and_ln276_3 LOOP SPMM_WRITE BUNDLEDNAME {} DSP 0 BRAM 0 URAM 0 STORAGESUBTYPE {} DISPNAME {bind_op and} VISIBLE false} {BINDTYPE op ID {} IMPL auto LATENCY 0 OPTYPE and PRAGMA {} RTLNAME and_ln276_4_fu_1003_p2 SOURCE src/integrated-gcn/integrated_gcn.cpp:276 VARIABLE and_ln276_4 LOOP SPMM_WRITE BUNDLEDNAME {} DSP 0 BRAM 0 URAM 0 STORAGESUBTYPE {} DISPNAME {bind_op and} VISIBLE false} {BINDTYPE op ID {} IMPL auto LATENCY 0 OPTYPE or PRAGMA {} RTLNAME or_ln276_2_fu_1009_p2 SOURCE src/integrated-gcn/integrated_gcn.cpp:276 VARIABLE or_ln276_2 LOOP SPMM_WRITE BUNDLEDNAME {} DSP 0 BRAM 0 URAM 0 STORAGESUBTYPE {} DISPNAME {bind_op or} VISIBLE false} {BINDTYPE op ID {} IMPL auto LATENCY 0 OPTYPE xor PRAGMA {} RTLNAME xor_ln276_4_fu_1015_p2 SOURCE src/integrated-gcn/integrated_gcn.cpp:276 VARIABLE xor_ln276_4 LOOP SPMM_WRITE BUNDLEDNAME {} DSP 0 BRAM 0 URAM 0 STORAGESUBTYPE {} DISPNAME {bind_op xor} VISIBLE false} {BINDTYPE op ID {} IMPL auto LATENCY 0 OPTYPE and PRAGMA {} RTLNAME and_ln276_5_fu_1021_p2 SOURCE src/integrated-gcn/integrated_gcn.cpp:276 VARIABLE and_ln276_5 LOOP SPMM_WRITE BUNDLEDNAME {} DSP 0 BRAM 0 URAM 0 STORAGESUBTYPE {} DISPNAME {bind_op and} VISIBLE false} {BINDTYPE op ID {} IMPL auto_sel LATENCY 0 OPTYPE select PRAGMA {} RTLNAME select_ln276_2_fu_1027_p3 SOURCE src/integrated-gcn/integrated_gcn.cpp:276 VARIABLE select_ln276_2 LOOP SPMM_WRITE BUNDLEDNAME {} DSP 0 BRAM 0 URAM 0 STORAGESUBTYPE {} DISPNAME {bind_op select} VISIBLE false} {BINDTYPE op ID {} IMPL auto LATENCY 0 OPTYPE or PRAGMA {} RTLNAME or_ln276_1_fu_1035_p2 SOURCE src/integrated-gcn/integrated_gcn.cpp:276 VARIABLE or_ln276_1 LOOP SPMM_WRITE BUNDLEDNAME {} DSP 0 BRAM 0 URAM 0 STORAGESUBTYPE {} DISPNAME {bind_op or} VISIBLE false} {BINDTYPE op ID {} IMPL auto_sel LATENCY 0 OPTYPE select PRAGMA {} RTLNAME result_fifo_din SOURCE src/integrated-gcn/integrated_gcn.cpp:276 VARIABLE select_ln276_3 LOOP SPMM_WRITE BUNDLEDNAME {} DSP 0 BRAM 0 URAM 0 STORAGESUBTYPE {} DISPNAME {bind_op select} VISIBLE false}} AREA {DSP 0 BRAM 0 URAM 0}} spmm_compute {BINDINFO {{BINDTYPE storage ID {} IMPL auto LATENCY 1 OPTYPE ram_2p PRAGMA {} RTLNAME acc_U SOURCE src/integrated-gcn/integrated_gcn.cpp:230 VARIABLE acc LOOP {} BUNDLEDNAME {} DSP 0 BRAM 0 URAM 0 STORAGESUBTYPE {} STORAGESIZE {32 2 1} STORAGEUSAGE {ram_2p array} DISPNAME {bind_storage ram_2p} VISIBLE true} {BINDTYPE storage ID {} IMPL auto LATENCY 1 OPTYPE ram_2p PRAGMA {} RTLNAME acc_1_U SOURCE src/integrated-gcn/integrated_gcn.cpp:230 VARIABLE acc_1 LOOP {} BUNDLEDNAME {} DSP 0 BRAM 0 URAM 0 STORAGESUBTYPE {} STORAGESIZE {32 2 1} STORAGEUSAGE {ram_2p array} DISPNAME {bind_storage ram_2p} VISIBLE true} {BINDTYPE storage ID {} IMPL auto LATENCY 1 OPTYPE ram_2p PRAGMA {} RTLNAME acc_2_U SOURCE src/integrated-gcn/integrated_gcn.cpp:230 VARIABLE acc_2 LOOP {} BUNDLEDNAME {} DSP 0 BRAM 0 URAM 0 STORAGESUBTYPE {} STORAGESIZE {32 2 1} STORAGEUSAGE {ram_2p array} DISPNAME {bind_storage ram_2p} VISIBLE true} {BINDTYPE storage ID {} IMPL auto LATENCY 1 OPTYPE ram_2p PRAGMA {} RTLNAME acc_3_U SOURCE src/integrated-gcn/integrated_gcn.cpp:230 VARIABLE acc_3 LOOP {} BUNDLEDNAME {} DSP 0 BRAM 0 URAM 0 STORAGESUBTYPE {} STORAGESIZE {32 2 1} STORAGEUSAGE {ram_2p array} DISPNAME {bind_storage ram_2p} VISIBLE true} {BINDTYPE storage ID {} IMPL auto LATENCY 1 OPTYPE ram_2p PRAGMA {} RTLNAME acc_4_U SOURCE src/integrated-gcn/integrated_gcn.cpp:230 VARIABLE acc_4 LOOP {} BUNDLEDNAME {} DSP 0 BRAM 0 URAM 0 STORAGESUBTYPE {} STORAGESIZE {32 2 1} STORAGEUSAGE {ram_2p array} DISPNAME {bind_storage ram_2p} VISIBLE true} {BINDTYPE storage ID {} IMPL auto LATENCY 1 OPTYPE ram_2p PRAGMA {} RTLNAME acc_5_U SOURCE src/integrated-gcn/integrated_gcn.cpp:230 VARIABLE acc_5 LOOP {} BUNDLEDNAME {} DSP 0 BRAM 0 URAM 0 STORAGESUBTYPE {} STORAGESIZE {32 2 1} STORAGEUSAGE {ram_2p array} DISPNAME {bind_storage ram_2p} VISIBLE true} {BINDTYPE storage ID {} IMPL auto LATENCY 1 OPTYPE ram_2p PRAGMA {} RTLNAME acc_6_U SOURCE src/integrated-gcn/integrated_gcn.cpp:230 VARIABLE acc_6 LOOP {} BUNDLEDNAME {} DSP 0 BRAM 0 URAM 0 STORAGESUBTYPE {} STORAGESIZE {32 2 1} STORAGEUSAGE {ram_2p array} DISPNAME {bind_storage ram_2p} VISIBLE true} {BINDTYPE storage ID {} IMPL auto LATENCY 1 OPTYPE ram_2p PRAGMA {} RTLNAME acc_7_U SOURCE src/integrated-gcn/integrated_gcn.cpp:230 VARIABLE acc_7 LOOP {} BUNDLEDNAME {} DSP 0 BRAM 0 URAM 0 STORAGESUBTYPE {} STORAGESIZE {32 2 1} STORAGEUSAGE {ram_2p array} DISPNAME {bind_storage ram_2p} VISIBLE true} {BINDTYPE storage ID {} IMPL auto LATENCY 1 OPTYPE ram_2p PRAGMA {} RTLNAME acc_8_U SOURCE src/integrated-gcn/integrated_gcn.cpp:230 VARIABLE acc_8 LOOP {} BUNDLEDNAME {} DSP 0 BRAM 0 URAM 0 STORAGESUBTYPE {} STORAGESIZE {32 2 1} STORAGEUSAGE {ram_2p array} DISPNAME {bind_storage ram_2p} VISIBLE true} {BINDTYPE storage ID {} IMPL auto LATENCY 1 OPTYPE ram_2p PRAGMA {} RTLNAME acc_9_U SOURCE src/integrated-gcn/integrated_gcn.cpp:230 VARIABLE acc_9 LOOP {} BUNDLEDNAME {} DSP 0 BRAM 0 URAM 0 STORAGESUBTYPE {} STORAGESIZE {32 2 1} STORAGEUSAGE {ram_2p array} DISPNAME {bind_storage ram_2p} VISIBLE true} {BINDTYPE storage ID {} IMPL auto LATENCY 1 OPTYPE ram_2p PRAGMA {} RTLNAME acc_10_U SOURCE src/integrated-gcn/integrated_gcn.cpp:230 VARIABLE acc_10 LOOP {} BUNDLEDNAME {} DSP 0 BRAM 0 URAM 0 STORAGESUBTYPE {} STORAGESIZE {32 2 1} STORAGEUSAGE {ram_2p array} DISPNAME {bind_storage ram_2p} VISIBLE true} {BINDTYPE storage ID {} IMPL auto LATENCY 1 OPTYPE ram_2p PRAGMA {} RTLNAME acc_11_U SOURCE src/integrated-gcn/integrated_gcn.cpp:230 VARIABLE acc_11 LOOP {} BUNDLEDNAME {} DSP 0 BRAM 0 URAM 0 STORAGESUBTYPE {} STORAGESIZE {32 2 1} STORAGEUSAGE {ram_2p array} DISPNAME {bind_storage ram_2p} VISIBLE true} {BINDTYPE storage ID {} IMPL auto LATENCY 1 OPTYPE ram_2p PRAGMA {} RTLNAME acc_12_U SOURCE src/integrated-gcn/integrated_gcn.cpp:230 VARIABLE acc_12 LOOP {} BUNDLEDNAME {} DSP 0 BRAM 0 URAM 0 STORAGESUBTYPE {} STORAGESIZE {32 2 1} STORAGEUSAGE {ram_2p array} DISPNAME {bind_storage ram_2p} VISIBLE true} {BINDTYPE storage ID {} IMPL auto LATENCY 1 OPTYPE ram_2p PRAGMA {} RTLNAME acc_13_U SOURCE src/integrated-gcn/integrated_gcn.cpp:230 VARIABLE acc_13 LOOP {} BUNDLEDNAME {} DSP 0 BRAM 0 URAM 0 STORAGESUBTYPE {} STORAGESIZE {32 2 1} STORAGEUSAGE {ram_2p array} DISPNAME {bind_storage ram_2p} VISIBLE true} {BINDTYPE storage ID {} IMPL auto LATENCY 1 OPTYPE ram_2p PRAGMA {} RTLNAME acc_14_U SOURCE src/integrated-gcn/integrated_gcn.cpp:230 VARIABLE acc_14 LOOP {} BUNDLEDNAME {} DSP 0 BRAM 0 URAM 0 STORAGESUBTYPE {} STORAGESIZE {32 2 1} STORAGEUSAGE {ram_2p array} DISPNAME {bind_storage ram_2p} VISIBLE true} {BINDTYPE storage ID {} IMPL auto LATENCY 1 OPTYPE ram_2p PRAGMA {} RTLNAME acc_15_U SOURCE src/integrated-gcn/integrated_gcn.cpp:230 VARIABLE acc_15 LOOP {} BUNDLEDNAME {} DSP 0 BRAM 0 URAM 0 STORAGESUBTYPE {} STORAGESIZE {32 2 1} STORAGEUSAGE {ram_2p array} DISPNAME {bind_storage ram_2p} VISIBLE true} {BINDTYPE storage ID {} IMPL auto LATENCY 1 OPTYPE ram_2p PRAGMA {} RTLNAME acc_16_U SOURCE src/integrated-gcn/integrated_gcn.cpp:230 VARIABLE acc_16 LOOP {} BUNDLEDNAME {} DSP 0 BRAM 0 URAM 0 STORAGESUBTYPE {} STORAGESIZE {32 2 1} STORAGEUSAGE {ram_2p array} DISPNAME {bind_storage ram_2p} VISIBLE true} {BINDTYPE storage ID {} IMPL auto LATENCY 1 OPTYPE ram_2p PRAGMA {} RTLNAME acc_17_U SOURCE src/integrated-gcn/integrated_gcn.cpp:230 VARIABLE acc_17 LOOP {} BUNDLEDNAME {} DSP 0 BRAM 0 URAM 0 STORAGESUBTYPE {} STORAGESIZE {32 2 1} STORAGEUSAGE {ram_2p array} DISPNAME {bind_storage ram_2p} VISIBLE true} {BINDTYPE storage ID {} IMPL auto LATENCY 1 OPTYPE ram_2p PRAGMA {} RTLNAME acc_18_U SOURCE src/integrated-gcn/integrated_gcn.cpp:230 VARIABLE acc_18 LOOP {} BUNDLEDNAME {} DSP 0 BRAM 0 URAM 0 STORAGESUBTYPE {} STORAGESIZE {32 2 1} STORAGEUSAGE {ram_2p array} DISPNAME {bind_storage ram_2p} VISIBLE true} {BINDTYPE storage ID {} IMPL auto LATENCY 1 OPTYPE ram_2p PRAGMA {} RTLNAME acc_19_U SOURCE src/integrated-gcn/integrated_gcn.cpp:230 VARIABLE acc_19 LOOP {} BUNDLEDNAME {} DSP 0 BRAM 0 URAM 0 STORAGESUBTYPE {} STORAGESIZE {32 2 1} STORAGEUSAGE {ram_2p array} DISPNAME {bind_storage ram_2p} VISIBLE true} {BINDTYPE storage ID {} IMPL auto LATENCY 1 OPTYPE ram_2p PRAGMA {} RTLNAME acc_20_U SOURCE src/integrated-gcn/integrated_gcn.cpp:230 VARIABLE acc_20 LOOP {} BUNDLEDNAME {} DSP 0 BRAM 0 URAM 0 STORAGESUBTYPE {} STORAGESIZE {32 2 1} STORAGEUSAGE {ram_2p array} DISPNAME {bind_storage ram_2p} VISIBLE true} {BINDTYPE storage ID {} IMPL auto LATENCY 1 OPTYPE ram_2p PRAGMA {} RTLNAME acc_21_U SOURCE src/integrated-gcn/integrated_gcn.cpp:230 VARIABLE acc_21 LOOP {} BUNDLEDNAME {} DSP 0 BRAM 0 URAM 0 STORAGESUBTYPE {} STORAGESIZE {32 2 1} STORAGEUSAGE {ram_2p array} DISPNAME {bind_storage ram_2p} VISIBLE true} {BINDTYPE storage ID {} IMPL auto LATENCY 1 OPTYPE ram_2p PRAGMA {} RTLNAME acc_22_U SOURCE src/integrated-gcn/integrated_gcn.cpp:230 VARIABLE acc_22 LOOP {} BUNDLEDNAME {} DSP 0 BRAM 0 URAM 0 STORAGESUBTYPE {} STORAGESIZE {32 2 1} STORAGEUSAGE {ram_2p array} DISPNAME {bind_storage ram_2p} VISIBLE true} {BINDTYPE storage ID {} IMPL auto LATENCY 1 OPTYPE ram_2p PRAGMA {} RTLNAME acc_23_U SOURCE src/integrated-gcn/integrated_gcn.cpp:230 VARIABLE acc_23 LOOP {} BUNDLEDNAME {} DSP 0 BRAM 0 URAM 0 STORAGESUBTYPE {} STORAGESIZE {32 2 1} STORAGEUSAGE {ram_2p array} DISPNAME {bind_storage ram_2p} VISIBLE true} {BINDTYPE storage ID {} IMPL auto LATENCY 1 OPTYPE ram_2p PRAGMA {} RTLNAME acc_24_U SOURCE src/integrated-gcn/integrated_gcn.cpp:230 VARIABLE acc_24 LOOP {} BUNDLEDNAME {} DSP 0 BRAM 0 URAM 0 STORAGESUBTYPE {} STORAGESIZE {32 2 1} STORAGEUSAGE {ram_2p array} DISPNAME {bind_storage ram_2p} VISIBLE true} {BINDTYPE storage ID {} IMPL auto LATENCY 1 OPTYPE ram_2p PRAGMA {} RTLNAME acc_25_U SOURCE src/integrated-gcn/integrated_gcn.cpp:230 VARIABLE acc_25 LOOP {} BUNDLEDNAME {} DSP 0 BRAM 0 URAM 0 STORAGESUBTYPE {} STORAGESIZE {32 2 1} STORAGEUSAGE {ram_2p array} DISPNAME {bind_storage ram_2p} VISIBLE true} {BINDTYPE storage ID {} IMPL auto LATENCY 1 OPTYPE ram_2p PRAGMA {} RTLNAME acc_26_U SOURCE src/integrated-gcn/integrated_gcn.cpp:230 VARIABLE acc_26 LOOP {} BUNDLEDNAME {} DSP 0 BRAM 0 URAM 0 STORAGESUBTYPE {} STORAGESIZE {32 2 1} STORAGEUSAGE {ram_2p array} DISPNAME {bind_storage ram_2p} VISIBLE true} {BINDTYPE storage ID {} IMPL auto LATENCY 1 OPTYPE ram_2p PRAGMA {} RTLNAME acc_27_U SOURCE src/integrated-gcn/integrated_gcn.cpp:230 VARIABLE acc_27 LOOP {} BUNDLEDNAME {} DSP 0 BRAM 0 URAM 0 STORAGESUBTYPE {} STORAGESIZE {32 2 1} STORAGEUSAGE {ram_2p array} DISPNAME {bind_storage ram_2p} VISIBLE true} {BINDTYPE storage ID {} IMPL auto LATENCY 1 OPTYPE ram_2p PRAGMA {} RTLNAME acc_28_U SOURCE src/integrated-gcn/integrated_gcn.cpp:230 VARIABLE acc_28 LOOP {} BUNDLEDNAME {} DSP 0 BRAM 0 URAM 0 STORAGESUBTYPE {} STORAGESIZE {32 2 1} STORAGEUSAGE {ram_2p array} DISPNAME {bind_storage ram_2p} VISIBLE true} {BINDTYPE storage ID {} IMPL auto LATENCY 1 OPTYPE ram_2p PRAGMA {} RTLNAME acc_29_U SOURCE src/integrated-gcn/integrated_gcn.cpp:230 VARIABLE acc_29 LOOP {} BUNDLEDNAME {} DSP 0 BRAM 0 URAM 0 STORAGESUBTYPE {} STORAGESIZE {32 2 1} STORAGEUSAGE {ram_2p array} DISPNAME {bind_storage ram_2p} VISIBLE true} {BINDTYPE storage ID {} IMPL auto LATENCY 1 OPTYPE ram_2p PRAGMA {} RTLNAME acc_30_U SOURCE src/integrated-gcn/integrated_gcn.cpp:230 VARIABLE acc_30 LOOP {} BUNDLEDNAME {} DSP 0 BRAM 0 URAM 0 STORAGESUBTYPE {} STORAGESIZE {32 2 1} STORAGEUSAGE {ram_2p array} DISPNAME {bind_storage ram_2p} VISIBLE true} {BINDTYPE storage ID {} IMPL auto LATENCY 1 OPTYPE ram_2p PRAGMA {} RTLNAME acc_31_U SOURCE src/integrated-gcn/integrated_gcn.cpp:230 VARIABLE acc_31 LOOP {} BUNDLEDNAME {} DSP 0 BRAM 0 URAM 0 STORAGESUBTYPE {} STORAGESIZE {32 2 1} STORAGEUSAGE {ram_2p array} DISPNAME {bind_storage ram_2p} VISIBLE true} {BINDTYPE storage ID {} IMPL auto LATENCY 1 OPTYPE ram_1p PRAGMA {} RTLNAME h_buf_U SOURCE src/integrated-gcn/integrated_gcn.cpp:231 VARIABLE h_buf LOOP {} BUNDLEDNAME {} DSP 0 BRAM 0 URAM 0 STORAGESUBTYPE {} STORAGESIZE {16 2 1} STORAGEUSAGE {ram_1p array} DISPNAME {bind_storage ram_1p} VISIBLE true} {BINDTYPE storage ID {} IMPL auto LATENCY 1 OPTYPE ram_1p PRAGMA {} RTLNAME h_buf_1_U SOURCE src/integrated-gcn/integrated_gcn.cpp:231 VARIABLE h_buf_1 LOOP {} BUNDLEDNAME {} DSP 0 BRAM 0 URAM 0 STORAGESUBTYPE {} STORAGESIZE {16 2 1} STORAGEUSAGE {ram_1p array} DISPNAME {bind_storage ram_1p} VISIBLE true} {BINDTYPE storage ID {} IMPL auto LATENCY 1 OPTYPE ram_1p PRAGMA {} RTLNAME h_buf_2_U SOURCE src/integrated-gcn/integrated_gcn.cpp:231 VARIABLE h_buf_2 LOOP {} BUNDLEDNAME {} DSP 0 BRAM 0 URAM 0 STORAGESUBTYPE {} STORAGESIZE {16 2 1} STORAGEUSAGE {ram_1p array} DISPNAME {bind_storage ram_1p} VISIBLE true} {BINDTYPE storage ID {} IMPL auto LATENCY 1 OPTYPE ram_1p PRAGMA {} RTLNAME h_buf_3_U SOURCE src/integrated-gcn/integrated_gcn.cpp:231 VARIABLE h_buf_3 LOOP {} BUNDLEDNAME {} DSP 0 BRAM 0 URAM 0 STORAGESUBTYPE {} STORAGESIZE {16 2 1} STORAGEUSAGE {ram_1p array} DISPNAME {bind_storage ram_1p} VISIBLE true} {BINDTYPE storage ID {} IMPL auto LATENCY 1 OPTYPE ram_1p PRAGMA {} RTLNAME h_buf_4_U SOURCE src/integrated-gcn/integrated_gcn.cpp:231 VARIABLE h_buf_4 LOOP {} BUNDLEDNAME {} DSP 0 BRAM 0 URAM 0 STORAGESUBTYPE {} STORAGESIZE {16 2 1} STORAGEUSAGE {ram_1p array} DISPNAME {bind_storage ram_1p} VISIBLE true} {BINDTYPE storage ID {} IMPL auto LATENCY 1 OPTYPE ram_1p PRAGMA {} RTLNAME h_buf_5_U SOURCE src/integrated-gcn/integrated_gcn.cpp:231 VARIABLE h_buf_5 LOOP {} BUNDLEDNAME {} DSP 0 BRAM 0 URAM 0 STORAGESUBTYPE {} STORAGESIZE {16 2 1} STORAGEUSAGE {ram_1p array} DISPNAME {bind_storage ram_1p} VISIBLE true} {BINDTYPE storage ID {} IMPL auto LATENCY 1 OPTYPE ram_1p PRAGMA {} RTLNAME h_buf_6_U SOURCE src/integrated-gcn/integrated_gcn.cpp:231 VARIABLE h_buf_6 LOOP {} BUNDLEDNAME {} DSP 0 BRAM 0 URAM 0 STORAGESUBTYPE {} STORAGESIZE {16 2 1} STORAGEUSAGE {ram_1p array} DISPNAME {bind_storage ram_1p} VISIBLE true} {BINDTYPE storage ID {} IMPL auto LATENCY 1 OPTYPE ram_1p PRAGMA {} RTLNAME h_buf_7_U SOURCE src/integrated-gcn/integrated_gcn.cpp:231 VARIABLE h_buf_7 LOOP {} BUNDLEDNAME {} DSP 0 BRAM 0 URAM 0 STORAGESUBTYPE {} STORAGESIZE {16 2 1} STORAGEUSAGE {ram_1p array} DISPNAME {bind_storage ram_1p} VISIBLE true} {BINDTYPE storage ID {} IMPL auto LATENCY 1 OPTYPE ram_1p PRAGMA {} RTLNAME h_buf_8_U SOURCE src/integrated-gcn/integrated_gcn.cpp:231 VARIABLE h_buf_8 LOOP {} BUNDLEDNAME {} DSP 0 BRAM 0 URAM 0 STORAGESUBTYPE {} STORAGESIZE {16 2 1} STORAGEUSAGE {ram_1p array} DISPNAME {bind_storage ram_1p} VISIBLE true} {BINDTYPE storage ID {} IMPL auto LATENCY 1 OPTYPE ram_1p PRAGMA {} RTLNAME h_buf_9_U SOURCE src/integrated-gcn/integrated_gcn.cpp:231 VARIABLE h_buf_9 LOOP {} BUNDLEDNAME {} DSP 0 BRAM 0 URAM 0 STORAGESUBTYPE {} STORAGESIZE {16 2 1} STORAGEUSAGE {ram_1p array} DISPNAME {bind_storage ram_1p} VISIBLE true} {BINDTYPE storage ID {} IMPL auto LATENCY 1 OPTYPE ram_1p PRAGMA {} RTLNAME h_buf_10_U SOURCE src/integrated-gcn/integrated_gcn.cpp:231 VARIABLE h_buf_10 LOOP {} BUNDLEDNAME {} DSP 0 BRAM 0 URAM 0 STORAGESUBTYPE {} STORAGESIZE {16 2 1} STORAGEUSAGE {ram_1p array} DISPNAME {bind_storage ram_1p} VISIBLE true} {BINDTYPE storage ID {} IMPL auto LATENCY 1 OPTYPE ram_1p PRAGMA {} RTLNAME h_buf_11_U SOURCE src/integrated-gcn/integrated_gcn.cpp:231 VARIABLE h_buf_11 LOOP {} BUNDLEDNAME {} DSP 0 BRAM 0 URAM 0 STORAGESUBTYPE {} STORAGESIZE {16 2 1} STORAGEUSAGE {ram_1p array} DISPNAME {bind_storage ram_1p} VISIBLE true} {BINDTYPE storage ID {} IMPL auto LATENCY 1 OPTYPE ram_1p PRAGMA {} RTLNAME h_buf_12_U SOURCE src/integrated-gcn/integrated_gcn.cpp:231 VARIABLE h_buf_12 LOOP {} BUNDLEDNAME {} DSP 0 BRAM 0 URAM 0 STORAGESUBTYPE {} STORAGESIZE {16 2 1} STORAGEUSAGE {ram_1p array} DISPNAME {bind_storage ram_1p} VISIBLE true} {BINDTYPE storage ID {} IMPL auto LATENCY 1 OPTYPE ram_1p PRAGMA {} RTLNAME h_buf_13_U SOURCE src/integrated-gcn/integrated_gcn.cpp:231 VARIABLE h_buf_13 LOOP {} BUNDLEDNAME {} DSP 0 BRAM 0 URAM 0 STORAGESUBTYPE {} STORAGESIZE {16 2 1} STORAGEUSAGE {ram_1p array} DISPNAME {bind_storage ram_1p} VISIBLE true} {BINDTYPE storage ID {} IMPL auto LATENCY 1 OPTYPE ram_1p PRAGMA {} RTLNAME h_buf_14_U SOURCE src/integrated-gcn/integrated_gcn.cpp:231 VARIABLE h_buf_14 LOOP {} BUNDLEDNAME {} DSP 0 BRAM 0 URAM 0 STORAGESUBTYPE {} STORAGESIZE {16 2 1} STORAGEUSAGE {ram_1p array} DISPNAME {bind_storage ram_1p} VISIBLE true} {BINDTYPE storage ID {} IMPL auto LATENCY 1 OPTYPE ram_1p PRAGMA {} RTLNAME h_buf_15_U SOURCE src/integrated-gcn/integrated_gcn.cpp:231 VARIABLE h_buf_15 LOOP {} BUNDLEDNAME {} DSP 0 BRAM 0 URAM 0 STORAGESUBTYPE {} STORAGESIZE {16 2 1} STORAGEUSAGE {ram_1p array} DISPNAME {bind_storage ram_1p} VISIBLE true} {BINDTYPE storage ID {} IMPL auto LATENCY 1 OPTYPE ram_1p PRAGMA {} RTLNAME h_buf_16_U SOURCE src/integrated-gcn/integrated_gcn.cpp:231 VARIABLE h_buf_16 LOOP {} BUNDLEDNAME {} DSP 0 BRAM 0 URAM 0 STORAGESUBTYPE {} STORAGESIZE {16 2 1} STORAGEUSAGE {ram_1p array} DISPNAME {bind_storage ram_1p} VISIBLE true} {BINDTYPE storage ID {} IMPL auto LATENCY 1 OPTYPE ram_1p PRAGMA {} RTLNAME h_buf_17_U SOURCE src/integrated-gcn/integrated_gcn.cpp:231 VARIABLE h_buf_17 LOOP {} BUNDLEDNAME {} DSP 0 BRAM 0 URAM 0 STORAGESUBTYPE {} STORAGESIZE {16 2 1} STORAGEUSAGE {ram_1p array} DISPNAME {bind_storage ram_1p} VISIBLE true} {BINDTYPE storage ID {} IMPL auto LATENCY 1 OPTYPE ram_1p PRAGMA {} RTLNAME h_buf_18_U SOURCE src/integrated-gcn/integrated_gcn.cpp:231 VARIABLE h_buf_18 LOOP {} BUNDLEDNAME {} DSP 0 BRAM 0 URAM 0 STORAGESUBTYPE {} STORAGESIZE {16 2 1} STORAGEUSAGE {ram_1p array} DISPNAME {bind_storage ram_1p} VISIBLE true} {BINDTYPE storage ID {} IMPL auto LATENCY 1 OPTYPE ram_1p PRAGMA {} RTLNAME h_buf_19_U SOURCE src/integrated-gcn/integrated_gcn.cpp:231 VARIABLE h_buf_19 LOOP {} BUNDLEDNAME {} DSP 0 BRAM 0 URAM 0 STORAGESUBTYPE {} STORAGESIZE {16 2 1} STORAGEUSAGE {ram_1p array} DISPNAME {bind_storage ram_1p} VISIBLE true} {BINDTYPE storage ID {} IMPL auto LATENCY 1 OPTYPE ram_1p PRAGMA {} RTLNAME h_buf_20_U SOURCE src/integrated-gcn/integrated_gcn.cpp:231 VARIABLE h_buf_20 LOOP {} BUNDLEDNAME {} DSP 0 BRAM 0 URAM 0 STORAGESUBTYPE {} STORAGESIZE {16 2 1} STORAGEUSAGE {ram_1p array} DISPNAME {bind_storage ram_1p} VISIBLE true} {BINDTYPE storage ID {} IMPL auto LATENCY 1 OPTYPE ram_1p PRAGMA {} RTLNAME h_buf_21_U SOURCE src/integrated-gcn/integrated_gcn.cpp:231 VARIABLE h_buf_21 LOOP {} BUNDLEDNAME {} DSP 0 BRAM 0 URAM 0 STORAGESUBTYPE {} STORAGESIZE {16 2 1} STORAGEUSAGE {ram_1p array} DISPNAME {bind_storage ram_1p} VISIBLE true} {BINDTYPE storage ID {} IMPL auto LATENCY 1 OPTYPE ram_1p PRAGMA {} RTLNAME h_buf_22_U SOURCE src/integrated-gcn/integrated_gcn.cpp:231 VARIABLE h_buf_22 LOOP {} BUNDLEDNAME {} DSP 0 BRAM 0 URAM 0 STORAGESUBTYPE {} STORAGESIZE {16 2 1} STORAGEUSAGE {ram_1p array} DISPNAME {bind_storage ram_1p} VISIBLE true} {BINDTYPE storage ID {} IMPL auto LATENCY 1 OPTYPE ram_1p PRAGMA {} RTLNAME h_buf_23_U SOURCE src/integrated-gcn/integrated_gcn.cpp:231 VARIABLE h_buf_23 LOOP {} BUNDLEDNAME {} DSP 0 BRAM 0 URAM 0 STORAGESUBTYPE {} STORAGESIZE {16 2 1} STORAGEUSAGE {ram_1p array} DISPNAME {bind_storage ram_1p} VISIBLE true} {BINDTYPE storage ID {} IMPL auto LATENCY 1 OPTYPE ram_1p PRAGMA {} RTLNAME h_buf_24_U SOURCE src/integrated-gcn/integrated_gcn.cpp:231 VARIABLE h_buf_24 LOOP {} BUNDLEDNAME {} DSP 0 BRAM 0 URAM 0 STORAGESUBTYPE {} STORAGESIZE {16 2 1} STORAGEUSAGE {ram_1p array} DISPNAME {bind_storage ram_1p} VISIBLE true} {BINDTYPE storage ID {} IMPL auto LATENCY 1 OPTYPE ram_1p PRAGMA {} RTLNAME h_buf_25_U SOURCE src/integrated-gcn/integrated_gcn.cpp:231 VARIABLE h_buf_25 LOOP {} BUNDLEDNAME {} DSP 0 BRAM 0 URAM 0 STORAGESUBTYPE {} STORAGESIZE {16 2 1} STORAGEUSAGE {ram_1p array} DISPNAME {bind_storage ram_1p} VISIBLE true} {BINDTYPE storage ID {} IMPL auto LATENCY 1 OPTYPE ram_1p PRAGMA {} RTLNAME h_buf_26_U SOURCE src/integrated-gcn/integrated_gcn.cpp:231 VARIABLE h_buf_26 LOOP {} BUNDLEDNAME {} DSP 0 BRAM 0 URAM 0 STORAGESUBTYPE {} STORAGESIZE {16 2 1} STORAGEUSAGE {ram_1p array} DISPNAME {bind_storage ram_1p} VISIBLE true} {BINDTYPE storage ID {} IMPL auto LATENCY 1 OPTYPE ram_1p PRAGMA {} RTLNAME h_buf_27_U SOURCE src/integrated-gcn/integrated_gcn.cpp:231 VARIABLE h_buf_27 LOOP {} BUNDLEDNAME {} DSP 0 BRAM 0 URAM 0 STORAGESUBTYPE {} STORAGESIZE {16 2 1} STORAGEUSAGE {ram_1p array} DISPNAME {bind_storage ram_1p} VISIBLE true} {BINDTYPE storage ID {} IMPL auto LATENCY 1 OPTYPE ram_1p PRAGMA {} RTLNAME h_buf_28_U SOURCE src/integrated-gcn/integrated_gcn.cpp:231 VARIABLE h_buf_28 LOOP {} BUNDLEDNAME {} DSP 0 BRAM 0 URAM 0 STORAGESUBTYPE {} STORAGESIZE {16 2 1} STORAGEUSAGE {ram_1p array} DISPNAME {bind_storage ram_1p} VISIBLE true} {BINDTYPE storage ID {} IMPL auto LATENCY 1 OPTYPE ram_1p PRAGMA {} RTLNAME h_buf_29_U SOURCE src/integrated-gcn/integrated_gcn.cpp:231 VARIABLE h_buf_29 LOOP {} BUNDLEDNAME {} DSP 0 BRAM 0 URAM 0 STORAGESUBTYPE {} STORAGESIZE {16 2 1} STORAGEUSAGE {ram_1p array} DISPNAME {bind_storage ram_1p} VISIBLE true} {BINDTYPE storage ID {} IMPL auto LATENCY 1 OPTYPE ram_1p PRAGMA {} RTLNAME h_buf_30_U SOURCE src/integrated-gcn/integrated_gcn.cpp:231 VARIABLE h_buf_30 LOOP {} BUNDLEDNAME {} DSP 0 BRAM 0 URAM 0 STORAGESUBTYPE {} STORAGESIZE {16 2 1} STORAGEUSAGE {ram_1p array} DISPNAME {bind_storage ram_1p} VISIBLE true} {BINDTYPE storage ID {} IMPL auto LATENCY 1 OPTYPE ram_1p PRAGMA {} RTLNAME h_buf_31_U SOURCE src/integrated-gcn/integrated_gcn.cpp:231 VARIABLE h_buf_31 LOOP {} BUNDLEDNAME {} DSP 0 BRAM 0 URAM 0 STORAGESUBTYPE {} STORAGESIZE {16 2 1} STORAGEUSAGE {ram_1p array} DISPNAME {bind_storage ram_1p} VISIBLE true} {BINDTYPE op ID {} IMPL auto LATENCY 0 OPTYPE seteq PRAGMA {} RTLNAME icmp_ln236_fu_592_p2 SOURCE src/integrated-gcn/integrated_gcn.cpp:236 VARIABLE icmp_ln236 LOOP SPMM_ROW BUNDLEDNAME {} DSP 0 BRAM 0 URAM 0 STORAGESUBTYPE {} DISPNAME {bind_op seteq} VISIBLE false} {BINDTYPE op ID {} IMPL fabric LATENCY 0 OPTYPE add PRAGMA {} RTLNAME i_3_fu_598_p2 SOURCE src/integrated-gcn/integrated_gcn.cpp:236 VARIABLE i_3 LOOP SPMM_ROW BUNDLEDNAME {} DSP 0 BRAM 0 URAM 0 STORAGESUBTYPE {} DISPNAME {bind_op add} VISIBLE true} {BINDTYPE op ID {} IMPL auto LATENCY 0 OPTYPE setlt PRAGMA {} RTLNAME icmp_ln248_fu_624_p2 SOURCE src/integrated-gcn/integrated_gcn.cpp:248 VARIABLE icmp_ln248 LOOP SPMM_NNZ BUNDLEDNAME {} DSP 0 BRAM 0 URAM 0 STORAGESUBTYPE {} DISPNAME {bind_op setlt} VISIBLE false} {BINDTYPE op ID {} IMPL fabric LATENCY 0 OPTYPE add PRAGMA {} RTLNAME add_ln248_fu_629_p2 SOURCE src/integrated-gcn/integrated_gcn.cpp:248 VARIABLE add_ln248 LOOP SPMM_NNZ BUNDLEDNAME {} DSP 0 BRAM 0 URAM 0 STORAGESUBTYPE {} DISPNAME {bind_op add} VISIBLE true} {BINDTYPE op ID {} IMPL fabric LATENCY 0 OPTYPE add PRAGMA {} RTLNAME add_ln255_fu_651_p2 SOURCE src/integrated-gcn/integrated_gcn.cpp:255 VARIABLE add_ln255 LOOP SPMM_NNZ BUNDLEDNAME {} DSP 0 BRAM 0 URAM 0 STORAGESUBTYPE {} DISPNAME {bind_op add} VISIBLE true}} AREA {DSP 64 BRAM 0 URAM 0}} spmm_store {BINDINFO {{BINDTYPE op ID {} IMPL auto LATENCY 0 OPTYPE seteq PRAGMA {} RTLNAME icmp_ln289_fu_410_p2 SOURCE src/integrated-gcn/integrated_gcn.cpp:289 VARIABLE icmp_ln289 LOOP SPMM_STORE_ROW_SPMM_STORE_FEAT BUNDLEDNAME {} DSP 0 BRAM 0 URAM 0 STORAGESUBTYPE {} DISPNAME {bind_op seteq} VISIBLE false} {BINDTYPE op ID {} IMPL fabric LATENCY 0 OPTYPE add PRAGMA {} RTLNAME add_ln289_fu_416_p2 SOURCE src/integrated-gcn/integrated_gcn.cpp:289 VARIABLE add_ln289 LOOP SPMM_STORE_ROW_SPMM_STORE_FEAT BUNDLEDNAME {} DSP 0 BRAM 0 URAM 0 STORAGESUBTYPE {} DISPNAME {bind_op add} VISIBLE true} {BINDTYPE op ID {} IMPL auto LATENCY 0 OPTYPE seteq PRAGMA {} RTLNAME icmp_ln291_fu_428_p2 SOURCE src/integrated-gcn/integrated_gcn.cpp:291 VARIABLE icmp_ln291 LOOP SPMM_STORE_ROW_SPMM_STORE_FEAT BUNDLEDNAME {} DSP 0 BRAM 0 URAM 0 STORAGESUBTYPE {} DISPNAME {bind_op seteq} VISIBLE false} {BINDTYPE op ID {} IMPL auto_sel LATENCY 0 OPTYPE select PRAGMA {} RTLNAME select_ln286_fu_434_p3 SOURCE src/integrated-gcn/integrated_gcn.cpp:286 VARIABLE select_ln286 LOOP SPMM_STORE_ROW_SPMM_STORE_FEAT BUNDLEDNAME {} DSP 0 BRAM 0 URAM 0 STORAGESUBTYPE {} DISPNAME {bind_op select} VISIBLE false} {BINDTYPE op ID {} IMPL fabric LATENCY 0 OPTYPE add PRAGMA {} RTLNAME add_ln289_1_fu_442_p2 SOURCE src/integrated-gcn/integrated_gcn.cpp:289 VARIABLE add_ln289_1 LOOP SPMM_STORE_ROW_SPMM_STORE_FEAT BUNDLEDNAME {} DSP 0 BRAM 0 URAM 0 STORAGESUBTYPE {} DISPNAME {bind_op add} VISIBLE true} {BINDTYPE op ID {} IMPL auto_sel LATENCY 0 OPTYPE select PRAGMA {} RTLNAME select_ln289_fu_448_p3 SOURCE src/integrated-gcn/integrated_gcn.cpp:289 VARIABLE select_ln289 LOOP SPMM_STORE_ROW_SPMM_STORE_FEAT BUNDLEDNAME {} DSP 0 BRAM 0 URAM 0 STORAGESUBTYPE {} DISPNAME {bind_op select} VISIBLE false} {BINDTYPE op ID {} IMPL auto_pipe LATENCY 0 OPTYPE shl PRAGMA {} RTLNAME shl_ln295_fu_551_p2 SOURCE src/integrated-gcn/integrated_gcn.cpp:295 VARIABLE shl_ln295 LOOP SPMM_STORE_ROW_SPMM_STORE_FEAT BUNDLEDNAME {} DSP 0 BRAM 0 URAM 0 STORAGESUBTYPE {} DISPNAME {bind_op shl} VISIBLE false} {BINDTYPE op ID {} IMPL auto_pipe LATENCY 0 OPTYPE shl PRAGMA {} RTLNAME shl_ln295_1_fu_561_p2 SOURCE src/integrated-gcn/integrated_gcn.cpp:295 VARIABLE shl_ln295_1 LOOP SPMM_STORE_ROW_SPMM_STORE_FEAT BUNDLEDNAME {} DSP 0 BRAM 0 URAM 0 STORAGESUBTYPE {} DISPNAME {bind_op shl} VISIBLE false} {BINDTYPE op ID {} IMPL auto LATENCY 0 OPTYPE xor PRAGMA {} RTLNAME xor_ln295_fu_691_p2 SOURCE src/integrated-gcn/integrated_gcn.cpp:295 VARIABLE xor_ln295 LOOP SPMM_STORE_ROW_SPMM_STORE_FEAT BUNDLEDNAME {} DSP 0 BRAM 0 URAM 0 STORAGESUBTYPE {} DISPNAME {bind_op xor} VISIBLE false} {BINDTYPE op ID {} IMPL auto LATENCY 0 OPTYPE xor PRAGMA {} RTLNAME xor_ln295_1_fu_697_p2 SOURCE src/integrated-gcn/integrated_gcn.cpp:295 VARIABLE xor_ln295_1 LOOP SPMM_STORE_ROW_SPMM_STORE_FEAT BUNDLEDNAME {} DSP 0 BRAM 0 URAM 0 STORAGESUBTYPE {} DISPNAME {bind_op xor} VISIBLE false} {BINDTYPE op ID {} IMPL auto LATENCY 0 OPTYPE xor PRAGMA {} RTLNAME xor_ln295_2_fu_707_p2 SOURCE src/integrated-gcn/integrated_gcn.cpp:295 VARIABLE xor_ln295_2 LOOP SPMM_STORE_ROW_SPMM_STORE_FEAT BUNDLEDNAME {} DSP 0 BRAM 0 URAM 0 STORAGESUBTYPE {} DISPNAME {bind_op xor} VISIBLE false} {BINDTYPE op ID {} IMPL auto LATENCY 0 OPTYPE xor PRAGMA {} RTLNAME xor_ln295_3_fu_717_p2 SOURCE src/integrated-gcn/integrated_gcn.cpp:295 VARIABLE xor_ln295_3 LOOP SPMM_STORE_ROW_SPMM_STORE_FEAT BUNDLEDNAME {} DSP 0 BRAM 0 URAM 0 STORAGESUBTYPE {} DISPNAME {bind_op xor} VISIBLE false} {BINDTYPE op ID {} IMPL auto LATENCY 0 OPTYPE xor PRAGMA {} RTLNAME xor_ln295_4_fu_727_p2 SOURCE src/integrated-gcn/integrated_gcn.cpp:295 VARIABLE xor_ln295_4 LOOP SPMM_STORE_ROW_SPMM_STORE_FEAT BUNDLEDNAME {} DSP 0 BRAM 0 URAM 0 STORAGESUBTYPE {} DISPNAME {bind_op xor} VISIBLE false} {BINDTYPE op ID {} IMPL auto LATENCY 0 OPTYPE xor PRAGMA {} RTLNAME xor_ln295_5_fu_737_p2 SOURCE src/integrated-gcn/integrated_gcn.cpp:295 VARIABLE xor_ln295_5 LOOP SPMM_STORE_ROW_SPMM_STORE_FEAT BUNDLEDNAME {} DSP 0 BRAM 0 URAM 0 STORAGESUBTYPE {} DISPNAME {bind_op xor} VISIBLE false} {BINDTYPE op ID {} IMPL auto LATENCY 0 OPTYPE xor PRAGMA {} RTLNAME xor_ln295_6_fu_747_p2 SOURCE src/integrated-gcn/integrated_gcn.cpp:295 VARIABLE xor_ln295_6 LOOP SPMM_STORE_ROW_SPMM_STORE_FEAT BUNDLEDNAME {} DSP 0 BRAM 0 URAM 0 STORAGESUBTYPE {} DISPNAME {bind_op xor} VISIBLE false} {BINDTYPE op ID {} IMPL auto LATENCY 0 OPTYPE xor PRAGMA {} RTLNAME xor_ln295_7_fu_757_p2 SOURCE src/integrated-gcn/integrated_gcn.cpp:295 VARIABLE xor_ln295_7 LOOP SPMM_STORE_ROW_SPMM_STORE_FEAT BUNDLEDNAME {} DSP 0 BRAM 0 URAM 0 STORAGESUBTYPE {} DISPNAME {bind_op xor} VISIBLE false} {BINDTYPE op ID {} IMPL auto LATENCY 0 OPTYPE xor PRAGMA {} RTLNAME xor_ln295_8_fu_767_p2 SOURCE src/integrated-gcn/integrated_gcn.cpp:295 VARIABLE xor_ln295_8 LOOP SPMM_STORE_ROW_SPMM_STORE_FEAT BUNDLEDNAME {} DSP 0 BRAM 0 URAM 0 STORAGESUBTYPE {} DISPNAME {bind_op xor} VISIBLE false} {BINDTYPE op ID {} IMPL auto LATENCY 0 OPTYPE xor PRAGMA {} RTLNAME xor_ln295_9_fu_777_p2 SOURCE src/integrated-gcn/integrated_gcn.cpp:295 VARIABLE xor_ln295_9 LOOP SPMM_STORE_ROW_SPMM_STORE_FEAT BUNDLEDNAME {} DSP 0 BRAM 0 URAM 0 STORAGESUBTYPE {} DISPNAME {bind_op xor} VISIBLE false} {BINDTYPE op ID {} IMPL auto LATENCY 0 OPTYPE xor PRAGMA {} RTLNAME xor_ln295_10_fu_787_p2 SOURCE src/integrated-gcn/integrated_gcn.cpp:295 VARIABLE xor_ln295_10 LOOP SPMM_STORE_ROW_SPMM_STORE_FEAT BUNDLEDNAME {} DSP 0 BRAM 0 URAM 0 STORAGESUBTYPE {} DISPNAME {bind_op xor} VISIBLE false} {BINDTYPE op ID {} IMPL auto LATENCY 0 OPTYPE xor PRAGMA {} RTLNAME xor_ln295_11_fu_797_p2 SOURCE src/integrated-gcn/integrated_gcn.cpp:295 VARIABLE xor_ln295_11 LOOP SPMM_STORE_ROW_SPMM_STORE_FEAT BUNDLEDNAME {} DSP 0 BRAM 0 URAM 0 STORAGESUBTYPE {} DISPNAME {bind_op xor} VISIBLE false} {BINDTYPE op ID {} IMPL auto LATENCY 0 OPTYPE xor PRAGMA {} RTLNAME xor_ln295_12_fu_807_p2 SOURCE src/integrated-gcn/integrated_gcn.cpp:295 VARIABLE xor_ln295_12 LOOP SPMM_STORE_ROW_SPMM_STORE_FEAT BUNDLEDNAME {} DSP 0 BRAM 0 URAM 0 STORAGESUBTYPE {} DISPNAME {bind_op xor} VISIBLE false} {BINDTYPE op ID {} IMPL auto LATENCY 0 OPTYPE xor PRAGMA {} RTLNAME xor_ln295_13_fu_817_p2 SOURCE src/integrated-gcn/integrated_gcn.cpp:295 VARIABLE xor_ln295_13 LOOP SPMM_STORE_ROW_SPMM_STORE_FEAT BUNDLEDNAME {} DSP 0 BRAM 0 URAM 0 STORAGESUBTYPE {} DISPNAME {bind_op xor} VISIBLE false} {BINDTYPE op ID {} IMPL auto LATENCY 0 OPTYPE xor PRAGMA {} RTLNAME xor_ln295_14_fu_827_p2 SOURCE src/integrated-gcn/integrated_gcn.cpp:295 VARIABLE xor_ln295_14 LOOP SPMM_STORE_ROW_SPMM_STORE_FEAT BUNDLEDNAME {} DSP 0 BRAM 0 URAM 0 STORAGESUBTYPE {} DISPNAME {bind_op xor} VISIBLE false} {BINDTYPE op ID {} IMPL auto LATENCY 0 OPTYPE xor PRAGMA {} RTLNAME xor_ln295_15_fu_837_p2 SOURCE src/integrated-gcn/integrated_gcn.cpp:295 VARIABLE xor_ln295_15 LOOP SPMM_STORE_ROW_SPMM_STORE_FEAT BUNDLEDNAME {} DSP 0 BRAM 0 URAM 0 STORAGESUBTYPE {} DISPNAME {bind_op xor} VISIBLE false} {BINDTYPE op ID {} IMPL auto LATENCY 0 OPTYPE xor PRAGMA {} RTLNAME xor_ln295_16_fu_847_p2 SOURCE src/integrated-gcn/integrated_gcn.cpp:295 VARIABLE xor_ln295_16 LOOP SPMM_STORE_ROW_SPMM_STORE_FEAT BUNDLEDNAME {} DSP 0 BRAM 0 URAM 0 STORAGESUBTYPE {} DISPNAME {bind_op xor} VISIBLE false} {BINDTYPE op ID {} IMPL auto LATENCY 0 OPTYPE xor PRAGMA {} RTLNAME xor_ln295_17_fu_857_p2 SOURCE src/integrated-gcn/integrated_gcn.cpp:295 VARIABLE xor_ln295_17 LOOP SPMM_STORE_ROW_SPMM_STORE_FEAT BUNDLEDNAME {} DSP 0 BRAM 0 URAM 0 STORAGESUBTYPE {} DISPNAME {bind_op xor} VISIBLE false} {BINDTYPE op ID {} IMPL auto LATENCY 0 OPTYPE xor PRAGMA {} RTLNAME xor_ln295_18_fu_867_p2 SOURCE src/integrated-gcn/integrated_gcn.cpp:295 VARIABLE xor_ln295_18 LOOP SPMM_STORE_ROW_SPMM_STORE_FEAT BUNDLEDNAME {} DSP 0 BRAM 0 URAM 0 STORAGESUBTYPE {} DISPNAME {bind_op xor} VISIBLE false} {BINDTYPE op ID {} IMPL auto LATENCY 0 OPTYPE xor PRAGMA {} RTLNAME xor_ln295_19_fu_877_p2 SOURCE src/integrated-gcn/integrated_gcn.cpp:295 VARIABLE xor_ln295_19 LOOP SPMM_STORE_ROW_SPMM_STORE_FEAT BUNDLEDNAME {} DSP 0 BRAM 0 URAM 0 STORAGESUBTYPE {} DISPNAME {bind_op xor} VISIBLE false} {BINDTYPE op ID {} IMPL auto LATENCY 0 OPTYPE xor PRAGMA {} RTLNAME xor_ln295_20_fu_887_p2 SOURCE src/integrated-gcn/integrated_gcn.cpp:295 VARIABLE xor_ln295_20 LOOP SPMM_STORE_ROW_SPMM_STORE_FEAT BUNDLEDNAME {} DSP 0 BRAM 0 URAM 0 STORAGESUBTYPE {} DISPNAME {bind_op xor} VISIBLE false} {BINDTYPE op ID {} IMPL auto LATENCY 0 OPTYPE xor PRAGMA {} RTLNAME xor_ln295_21_fu_897_p2 SOURCE src/integrated-gcn/integrated_gcn.cpp:295 VARIABLE xor_ln295_21 LOOP SPMM_STORE_ROW_SPMM_STORE_FEAT BUNDLEDNAME {} DSP 0 BRAM 0 URAM 0 STORAGESUBTYPE {} DISPNAME {bind_op xor} VISIBLE false} {BINDTYPE op ID {} IMPL auto LATENCY 0 OPTYPE xor PRAGMA {} RTLNAME xor_ln295_22_fu_907_p2 SOURCE src/integrated-gcn/integrated_gcn.cpp:295 VARIABLE xor_ln295_22 LOOP SPMM_STORE_ROW_SPMM_STORE_FEAT BUNDLEDNAME {} DSP 0 BRAM 0 URAM 0 STORAGESUBTYPE {} DISPNAME {bind_op xor} VISIBLE false} {BINDTYPE op ID {} IMPL auto LATENCY 0 OPTYPE xor PRAGMA {} RTLNAME xor_ln295_23_fu_917_p2 SOURCE src/integrated-gcn/integrated_gcn.cpp:295 VARIABLE xor_ln295_23 LOOP SPMM_STORE_ROW_SPMM_STORE_FEAT BUNDLEDNAME {} DSP 0 BRAM 0 URAM 0 STORAGESUBTYPE {} DISPNAME {bind_op xor} VISIBLE false} {BINDTYPE op ID {} IMPL auto LATENCY 0 OPTYPE xor PRAGMA {} RTLNAME xor_ln295_24_fu_927_p2 SOURCE src/integrated-gcn/integrated_gcn.cpp:295 VARIABLE xor_ln295_24 LOOP SPMM_STORE_ROW_SPMM_STORE_FEAT BUNDLEDNAME {} DSP 0 BRAM 0 URAM 0 STORAGESUBTYPE {} DISPNAME {bind_op xor} VISIBLE false} {BINDTYPE op ID {} IMPL auto LATENCY 0 OPTYPE xor PRAGMA {} RTLNAME xor_ln295_25_fu_937_p2 SOURCE src/integrated-gcn/integrated_gcn.cpp:295 VARIABLE xor_ln295_25 LOOP SPMM_STORE_ROW_SPMM_STORE_FEAT BUNDLEDNAME {} DSP 0 BRAM 0 URAM 0 STORAGESUBTYPE {} DISPNAME {bind_op xor} VISIBLE false} {BINDTYPE op ID {} IMPL auto LATENCY 0 OPTYPE xor PRAGMA {} RTLNAME xor_ln295_26_fu_947_p2 SOURCE src/integrated-gcn/integrated_gcn.cpp:295 VARIABLE xor_ln295_26 LOOP SPMM_STORE_ROW_SPMM_STORE_FEAT BUNDLEDNAME {} DSP 0 BRAM 0 URAM 0 STORAGESUBTYPE {} DISPNAME {bind_op xor} VISIBLE false} {BINDTYPE op ID {} IMPL auto LATENCY 0 OPTYPE xor PRAGMA {} RTLNAME xor_ln295_27_fu_957_p2 SOURCE src/integrated-gcn/integrated_gcn.cpp:295 VARIABLE xor_ln295_27 LOOP SPMM_STORE_ROW_SPMM_STORE_FEAT BUNDLEDNAME {} DSP 0 BRAM 0 URAM 0 STORAGESUBTYPE {} DISPNAME {bind_op xor} VISIBLE false} {BINDTYPE op ID {} IMPL auto LATENCY 0 OPTYPE xor PRAGMA {} RTLNAME xor_ln295_28_fu_967_p2 SOURCE src/integrated-gcn/integrated_gcn.cpp:295 VARIABLE xor_ln295_28 LOOP SPMM_STORE_ROW_SPMM_STORE_FEAT BUNDLEDNAME {} DSP 0 BRAM 0 URAM 0 STORAGESUBTYPE {} DISPNAME {bind_op xor} VISIBLE false} {BINDTYPE op ID {} IMPL auto LATENCY 0 OPTYPE xor PRAGMA {} RTLNAME xor_ln295_29_fu_977_p2 SOURCE src/integrated-gcn/integrated_gcn.cpp:295 VARIABLE xor_ln295_29 LOOP SPMM_STORE_ROW_SPMM_STORE_FEAT BUNDLEDNAME {} DSP 0 BRAM 0 URAM 0 STORAGESUBTYPE {} DISPNAME {bind_op xor} VISIBLE false} {BINDTYPE op ID {} IMPL auto LATENCY 0 OPTYPE xor PRAGMA {} RTLNAME xor_ln295_30_fu_987_p2 SOURCE src/integrated-gcn/integrated_gcn.cpp:295 VARIABLE xor_ln295_30 LOOP SPMM_STORE_ROW_SPMM_STORE_FEAT BUNDLEDNAME {} DSP 0 BRAM 0 URAM 0 STORAGESUBTYPE {} DISPNAME {bind_op xor} VISIBLE false} {BINDTYPE op ID {} IMPL auto LATENCY 0 OPTYPE xor PRAGMA {} RTLNAME xor_ln295_31_fu_997_p2 SOURCE src/integrated-gcn/integrated_gcn.cpp:295 VARIABLE xor_ln295_31 LOOP SPMM_STORE_ROW_SPMM_STORE_FEAT BUNDLEDNAME {} DSP 0 BRAM 0 URAM 0 STORAGESUBTYPE {} DISPNAME {bind_op xor} VISIBLE false} {BINDTYPE op ID {} IMPL auto LATENCY 0 OPTYPE and PRAGMA {} RTLNAME and_ln295_fu_1007_p2 SOURCE src/integrated-gcn/integrated_gcn.cpp:295 VARIABLE and_ln295 LOOP SPMM_STORE_ROW_SPMM_STORE_FEAT BUNDLEDNAME {} DSP 0 BRAM 0 URAM 0 STORAGESUBTYPE {} DISPNAME {bind_op and} VISIBLE false} {BINDTYPE op ID {} IMPL auto LATENCY 0 OPTYPE and PRAGMA {} RTLNAME and_ln295_1_fu_1013_p2 SOURCE src/integrated-gcn/integrated_gcn.cpp:295 VARIABLE and_ln295_1 LOOP SPMM_STORE_ROW_SPMM_STORE_FEAT BUNDLEDNAME {} DSP 0 BRAM 0 URAM 0 STORAGESUBTYPE {} DISPNAME {bind_op and} VISIBLE false} {BINDTYPE op ID {} IMPL auto LATENCY 0 OPTYPE and PRAGMA {} RTLNAME and_ln295_2_fu_1023_p2 SOURCE src/integrated-gcn/integrated_gcn.cpp:295 VARIABLE and_ln295_2 LOOP SPMM_STORE_ROW_SPMM_STORE_FEAT BUNDLEDNAME {} DSP 0 BRAM 0 URAM 0 STORAGESUBTYPE {} DISPNAME {bind_op and} VISIBLE false} {BINDTYPE op ID {} IMPL auto LATENCY 0 OPTYPE and PRAGMA {} RTLNAME and_ln295_3_fu_1033_p2 SOURCE src/integrated-gcn/integrated_gcn.cpp:295 VARIABLE and_ln295_3 LOOP SPMM_STORE_ROW_SPMM_STORE_FEAT BUNDLEDNAME {} DSP 0 BRAM 0 URAM 0 STORAGESUBTYPE {} DISPNAME {bind_op and} VISIBLE false} {BINDTYPE op ID {} IMPL auto LATENCY 0 OPTYPE and PRAGMA {} RTLNAME and_ln295_4_fu_1043_p2 SOURCE src/integrated-gcn/integrated_gcn.cpp:295 VARIABLE and_ln295_4 LOOP SPMM_STORE_ROW_SPMM_STORE_FEAT BUNDLEDNAME {} DSP 0 BRAM 0 URAM 0 STORAGESUBTYPE {} DISPNAME {bind_op and} VISIBLE false} {BINDTYPE op ID {} IMPL auto LATENCY 0 OPTYPE and PRAGMA {} RTLNAME and_ln295_5_fu_1053_p2 SOURCE src/integrated-gcn/integrated_gcn.cpp:295 VARIABLE and_ln295_5 LOOP SPMM_STORE_ROW_SPMM_STORE_FEAT BUNDLEDNAME {} DSP 0 BRAM 0 URAM 0 STORAGESUBTYPE {} DISPNAME {bind_op and} VISIBLE false} {BINDTYPE op ID {} IMPL auto LATENCY 0 OPTYPE and PRAGMA {} RTLNAME and_ln295_6_fu_1063_p2 SOURCE src/integrated-gcn/integrated_gcn.cpp:295 VARIABLE and_ln295_6 LOOP SPMM_STORE_ROW_SPMM_STORE_FEAT BUNDLEDNAME {} DSP 0 BRAM 0 URAM 0 STORAGESUBTYPE {} DISPNAME {bind_op and} VISIBLE false} {BINDTYPE op ID {} IMPL auto LATENCY 0 OPTYPE and PRAGMA {} RTLNAME and_ln295_7_fu_1073_p2 SOURCE src/integrated-gcn/integrated_gcn.cpp:295 VARIABLE and_ln295_7 LOOP SPMM_STORE_ROW_SPMM_STORE_FEAT BUNDLEDNAME {} DSP 0 BRAM 0 URAM 0 STORAGESUBTYPE {} DISPNAME {bind_op and} VISIBLE false} {BINDTYPE op ID {} IMPL auto LATENCY 0 OPTYPE and PRAGMA {} RTLNAME and_ln295_8_fu_1083_p2 SOURCE src/integrated-gcn/integrated_gcn.cpp:295 VARIABLE and_ln295_8 LOOP SPMM_STORE_ROW_SPMM_STORE_FEAT BUNDLEDNAME {} DSP 0 BRAM 0 URAM 0 STORAGESUBTYPE {} DISPNAME {bind_op and} VISIBLE false} {BINDTYPE op ID {} IMPL auto LATENCY 0 OPTYPE and PRAGMA {} RTLNAME and_ln295_9_fu_1093_p2 SOURCE src/integrated-gcn/integrated_gcn.cpp:295 VARIABLE and_ln295_9 LOOP SPMM_STORE_ROW_SPMM_STORE_FEAT BUNDLEDNAME {} DSP 0 BRAM 0 URAM 0 STORAGESUBTYPE {} DISPNAME {bind_op and} VISIBLE false} {BINDTYPE op ID {} IMPL auto LATENCY 0 OPTYPE and PRAGMA {} RTLNAME and_ln295_10_fu_1103_p2 SOURCE src/integrated-gcn/integrated_gcn.cpp:295 VARIABLE and_ln295_10 LOOP SPMM_STORE_ROW_SPMM_STORE_FEAT BUNDLEDNAME {} DSP 0 BRAM 0 URAM 0 STORAGESUBTYPE {} DISPNAME {bind_op and} VISIBLE false} {BINDTYPE op ID {} IMPL auto LATENCY 0 OPTYPE and PRAGMA {} RTLNAME and_ln295_11_fu_1113_p2 SOURCE src/integrated-gcn/integrated_gcn.cpp:295 VARIABLE and_ln295_11 LOOP SPMM_STORE_ROW_SPMM_STORE_FEAT BUNDLEDNAME {} DSP 0 BRAM 0 URAM 0 STORAGESUBTYPE {} DISPNAME {bind_op and} VISIBLE false} {BINDTYPE op ID {} IMPL auto LATENCY 0 OPTYPE and PRAGMA {} RTLNAME and_ln295_12_fu_1123_p2 SOURCE src/integrated-gcn/integrated_gcn.cpp:295 VARIABLE and_ln295_12 LOOP SPMM_STORE_ROW_SPMM_STORE_FEAT BUNDLEDNAME {} DSP 0 BRAM 0 URAM 0 STORAGESUBTYPE {} DISPNAME {bind_op and} VISIBLE false} {BINDTYPE op ID {} IMPL auto LATENCY 0 OPTYPE and PRAGMA {} RTLNAME and_ln295_13_fu_1133_p2 SOURCE src/integrated-gcn/integrated_gcn.cpp:295 VARIABLE and_ln295_13 LOOP SPMM_STORE_ROW_SPMM_STORE_FEAT BUNDLEDNAME {} DSP 0 BRAM 0 URAM 0 STORAGESUBTYPE {} DISPNAME {bind_op and} VISIBLE false} {BINDTYPE op ID {} IMPL auto LATENCY 0 OPTYPE and PRAGMA {} RTLNAME and_ln295_14_fu_1143_p2 SOURCE src/integrated-gcn/integrated_gcn.cpp:295 VARIABLE and_ln295_14 LOOP SPMM_STORE_ROW_SPMM_STORE_FEAT BUNDLEDNAME {} DSP 0 BRAM 0 URAM 0 STORAGESUBTYPE {} DISPNAME {bind_op and} VISIBLE false} {BINDTYPE op ID {} IMPL auto LATENCY 0 OPTYPE and PRAGMA {} RTLNAME and_ln295_15_fu_1153_p2 SOURCE src/integrated-gcn/integrated_gcn.cpp:295 VARIABLE and_ln295_15 LOOP SPMM_STORE_ROW_SPMM_STORE_FEAT BUNDLEDNAME {} DSP 0 BRAM 0 URAM 0 STORAGESUBTYPE {} DISPNAME {bind_op and} VISIBLE false} {BINDTYPE op ID {} IMPL auto LATENCY 0 OPTYPE and PRAGMA {} RTLNAME and_ln295_16_fu_1163_p2 SOURCE src/integrated-gcn/integrated_gcn.cpp:295 VARIABLE and_ln295_16 LOOP SPMM_STORE_ROW_SPMM_STORE_FEAT BUNDLEDNAME {} DSP 0 BRAM 0 URAM 0 STORAGESUBTYPE {} DISPNAME {bind_op and} VISIBLE false} {BINDTYPE op ID {} IMPL auto LATENCY 0 OPTYPE and PRAGMA {} RTLNAME and_ln295_17_fu_1173_p2 SOURCE src/integrated-gcn/integrated_gcn.cpp:295 VARIABLE and_ln295_17 LOOP SPMM_STORE_ROW_SPMM_STORE_FEAT BUNDLEDNAME {} DSP 0 BRAM 0 URAM 0 STORAGESUBTYPE {} DISPNAME {bind_op and} VISIBLE false} {BINDTYPE op ID {} IMPL auto LATENCY 0 OPTYPE and PRAGMA {} RTLNAME and_ln295_18_fu_1183_p2 SOURCE src/integrated-gcn/integrated_gcn.cpp:295 VARIABLE and_ln295_18 LOOP SPMM_STORE_ROW_SPMM_STORE_FEAT BUNDLEDNAME {} DSP 0 BRAM 0 URAM 0 STORAGESUBTYPE {} DISPNAME {bind_op and} VISIBLE false} {BINDTYPE op ID {} IMPL auto LATENCY 0 OPTYPE and PRAGMA {} RTLNAME and_ln295_19_fu_1193_p2 SOURCE src/integrated-gcn/integrated_gcn.cpp:295 VARIABLE and_ln295_19 LOOP SPMM_STORE_ROW_SPMM_STORE_FEAT BUNDLEDNAME {} DSP 0 BRAM 0 URAM 0 STORAGESUBTYPE {} DISPNAME {bind_op and} VISIBLE false} {BINDTYPE op ID {} IMPL auto LATENCY 0 OPTYPE and PRAGMA {} RTLNAME and_ln295_20_fu_1203_p2 SOURCE src/integrated-gcn/integrated_gcn.cpp:295 VARIABLE and_ln295_20 LOOP SPMM_STORE_ROW_SPMM_STORE_FEAT BUNDLEDNAME {} DSP 0 BRAM 0 URAM 0 STORAGESUBTYPE {} DISPNAME {bind_op and} VISIBLE false} {BINDTYPE op ID {} IMPL auto LATENCY 0 OPTYPE and PRAGMA {} RTLNAME and_ln295_21_fu_1213_p2 SOURCE src/integrated-gcn/integrated_gcn.cpp:295 VARIABLE and_ln295_21 LOOP SPMM_STORE_ROW_SPMM_STORE_FEAT BUNDLEDNAME {} DSP 0 BRAM 0 URAM 0 STORAGESUBTYPE {} DISPNAME {bind_op and} VISIBLE false} {BINDTYPE op ID {} IMPL auto LATENCY 0 OPTYPE and PRAGMA {} RTLNAME and_ln295_22_fu_1223_p2 SOURCE src/integrated-gcn/integrated_gcn.cpp:295 VARIABLE and_ln295_22 LOOP SPMM_STORE_ROW_SPMM_STORE_FEAT BUNDLEDNAME {} DSP 0 BRAM 0 URAM 0 STORAGESUBTYPE {} DISPNAME {bind_op and} VISIBLE false} {BINDTYPE op ID {} IMPL auto LATENCY 0 OPTYPE and PRAGMA {} RTLNAME and_ln295_23_fu_1233_p2 SOURCE src/integrated-gcn/integrated_gcn.cpp:295 VARIABLE and_ln295_23 LOOP SPMM_STORE_ROW_SPMM_STORE_FEAT BUNDLEDNAME {} DSP 0 BRAM 0 URAM 0 STORAGESUBTYPE {} DISPNAME {bind_op and} VISIBLE false} {BINDTYPE op ID {} IMPL auto LATENCY 0 OPTYPE and PRAGMA {} RTLNAME and_ln295_24_fu_1243_p2 SOURCE src/integrated-gcn/integrated_gcn.cpp:295 VARIABLE and_ln295_24 LOOP SPMM_STORE_ROW_SPMM_STORE_FEAT BUNDLEDNAME {} DSP 0 BRAM 0 URAM 0 STORAGESUBTYPE {} DISPNAME {bind_op and} VISIBLE false} {BINDTYPE op ID {} IMPL auto LATENCY 0 OPTYPE and PRAGMA {} RTLNAME and_ln295_25_fu_1253_p2 SOURCE src/integrated-gcn/integrated_gcn.cpp:295 VARIABLE and_ln295_25 LOOP SPMM_STORE_ROW_SPMM_STORE_FEAT BUNDLEDNAME {} DSP 0 BRAM 0 URAM 0 STORAGESUBTYPE {} DISPNAME {bind_op and} VISIBLE false} {BINDTYPE op ID {} IMPL auto LATENCY 0 OPTYPE and PRAGMA {} RTLNAME and_ln295_26_fu_1263_p2 SOURCE src/integrated-gcn/integrated_gcn.cpp:295 VARIABLE and_ln295_26 LOOP SPMM_STORE_ROW_SPMM_STORE_FEAT BUNDLEDNAME {} DSP 0 BRAM 0 URAM 0 STORAGESUBTYPE {} DISPNAME {bind_op and} VISIBLE false} {BINDTYPE op ID {} IMPL auto LATENCY 0 OPTYPE and PRAGMA {} RTLNAME and_ln295_27_fu_1273_p2 SOURCE src/integrated-gcn/integrated_gcn.cpp:295 VARIABLE and_ln295_27 LOOP SPMM_STORE_ROW_SPMM_STORE_FEAT BUNDLEDNAME {} DSP 0 BRAM 0 URAM 0 STORAGESUBTYPE {} DISPNAME {bind_op and} VISIBLE false} {BINDTYPE op ID {} IMPL auto LATENCY 0 OPTYPE and PRAGMA {} RTLNAME and_ln295_28_fu_1283_p2 SOURCE src/integrated-gcn/integrated_gcn.cpp:295 VARIABLE and_ln295_28 LOOP SPMM_STORE_ROW_SPMM_STORE_FEAT BUNDLEDNAME {} DSP 0 BRAM 0 URAM 0 STORAGESUBTYPE {} DISPNAME {bind_op and} VISIBLE false} {BINDTYPE op ID {} IMPL auto LATENCY 0 OPTYPE and PRAGMA {} RTLNAME and_ln295_29_fu_1293_p2 SOURCE src/integrated-gcn/integrated_gcn.cpp:295 VARIABLE and_ln295_29 LOOP SPMM_STORE_ROW_SPMM_STORE_FEAT BUNDLEDNAME {} DSP 0 BRAM 0 URAM 0 STORAGESUBTYPE {} DISPNAME {bind_op and} VISIBLE false} {BINDTYPE op ID {} IMPL auto LATENCY 0 OPTYPE and PRAGMA {} RTLNAME and_ln295_30_fu_1303_p2 SOURCE src/integrated-gcn/integrated_gcn.cpp:295 VARIABLE and_ln295_30 LOOP SPMM_STORE_ROW_SPMM_STORE_FEAT BUNDLEDNAME {} DSP 0 BRAM 0 URAM 0 STORAGESUBTYPE {} DISPNAME {bind_op and} VISIBLE false} {BINDTYPE op ID {} IMPL auto LATENCY 0 OPTYPE and PRAGMA {} RTLNAME and_ln295_31_fu_1313_p2 SOURCE src/integrated-gcn/integrated_gcn.cpp:295 VARIABLE and_ln295_31 LOOP SPMM_STORE_ROW_SPMM_STORE_FEAT BUNDLEDNAME {} DSP 0 BRAM 0 URAM 0 STORAGESUBTYPE {} DISPNAME {bind_op and} VISIBLE false} {BINDTYPE op ID {} IMPL auto LATENCY 0 OPTYPE or PRAGMA {} RTLNAME out_vec_1_fu_1323_p2 SOURCE src/integrated-gcn/integrated_gcn.cpp:295 VARIABLE out_vec_1 LOOP SPMM_STORE_ROW_SPMM_STORE_FEAT BUNDLEDNAME {} DSP 0 BRAM 0 URAM 0 STORAGESUBTYPE {} DISPNAME {bind_op or} VISIBLE false} {BINDTYPE op ID {} IMPL auto LATENCY 0 OPTYPE or PRAGMA {} RTLNAME or_ln286_fu_1329_p2 SOURCE src/integrated-gcn/integrated_gcn.cpp:286 VARIABLE or_ln286 LOOP SPMM_STORE_ROW_SPMM_STORE_FEAT BUNDLEDNAME {} DSP 0 BRAM 0 URAM 0 STORAGESUBTYPE {} DISPNAME {bind_op or} VISIBLE false} {BINDTYPE op ID {} IMPL auto LATENCY 0 OPTYPE or PRAGMA {} RTLNAME or_ln286_1_fu_1335_p2 SOURCE src/integrated-gcn/integrated_gcn.cpp:286 VARIABLE or_ln286_1 LOOP SPMM_STORE_ROW_SPMM_STORE_FEAT BUNDLEDNAME {} DSP 0 BRAM 0 URAM 0 STORAGESUBTYPE {} DISPNAME {bind_op or} VISIBLE false} {BINDTYPE op ID {} IMPL auto LATENCY 0 OPTYPE or PRAGMA {} RTLNAME or_ln286_2_fu_1341_p2 SOURCE src/integrated-gcn/integrated_gcn.cpp:286 VARIABLE or_ln286_2 LOOP SPMM_STORE_ROW_SPMM_STORE_FEAT BUNDLEDNAME {} DSP 0 BRAM 0 URAM 0 STORAGESUBTYPE {} DISPNAME {bind_op or} VISIBLE false} {BINDTYPE op ID {} IMPL auto LATENCY 0 OPTYPE or PRAGMA {} RTLNAME or_ln286_3_fu_1347_p2 SOURCE src/integrated-gcn/integrated_gcn.cpp:286 VARIABLE or_ln286_3 LOOP SPMM_STORE_ROW_SPMM_STORE_FEAT BUNDLEDNAME {} DSP 0 BRAM 0 URAM 0 STORAGESUBTYPE {} DISPNAME {bind_op or} VISIBLE false} {BINDTYPE op ID {} IMPL auto LATENCY 0 OPTYPE or PRAGMA {} RTLNAME or_ln286_4_fu_1353_p2 SOURCE src/integrated-gcn/integrated_gcn.cpp:286 VARIABLE or_ln286_4 LOOP SPMM_STORE_ROW_SPMM_STORE_FEAT BUNDLEDNAME {} DSP 0 BRAM 0 URAM 0 STORAGESUBTYPE {} DISPNAME {bind_op or} VISIBLE false} {BINDTYPE op ID {} IMPL auto LATENCY 0 OPTYPE or PRAGMA {} RTLNAME or_ln286_5_fu_1359_p2 SOURCE src/integrated-gcn/integrated_gcn.cpp:286 VARIABLE or_ln286_5 LOOP SPMM_STORE_ROW_SPMM_STORE_FEAT BUNDLEDNAME {} DSP 0 BRAM 0 URAM 0 STORAGESUBTYPE {} DISPNAME {bind_op or} VISIBLE false} {BINDTYPE op ID {} IMPL auto LATENCY 0 OPTYPE or PRAGMA {} RTLNAME or_ln286_6_fu_1365_p2 SOURCE src/integrated-gcn/integrated_gcn.cpp:286 VARIABLE or_ln286_6 LOOP SPMM_STORE_ROW_SPMM_STORE_FEAT BUNDLEDNAME {} DSP 0 BRAM 0 URAM 0 STORAGESUBTYPE {} DISPNAME {bind_op or} VISIBLE false} {BINDTYPE op ID {} IMPL auto LATENCY 0 OPTYPE or PRAGMA {} RTLNAME or_ln286_7_fu_1371_p2 SOURCE src/integrated-gcn/integrated_gcn.cpp:286 VARIABLE or_ln286_7 LOOP SPMM_STORE_ROW_SPMM_STORE_FEAT BUNDLEDNAME {} DSP 0 BRAM 0 URAM 0 STORAGESUBTYPE {} DISPNAME {bind_op or} VISIBLE false} {BINDTYPE op ID {} IMPL auto LATENCY 0 OPTYPE or PRAGMA {} RTLNAME or_ln286_8_fu_1377_p2 SOURCE src/integrated-gcn/integrated_gcn.cpp:286 VARIABLE or_ln286_8 LOOP SPMM_STORE_ROW_SPMM_STORE_FEAT BUNDLEDNAME {} DSP 0 BRAM 0 URAM 0 STORAGESUBTYPE {} DISPNAME {bind_op or} VISIBLE false} {BINDTYPE op ID {} IMPL auto LATENCY 0 OPTYPE or PRAGMA {} RTLNAME or_ln286_9_fu_1383_p2 SOURCE src/integrated-gcn/integrated_gcn.cpp:286 VARIABLE or_ln286_9 LOOP SPMM_STORE_ROW_SPMM_STORE_FEAT BUNDLEDNAME {} DSP 0 BRAM 0 URAM 0 STORAGESUBTYPE {} DISPNAME {bind_op or} VISIBLE false} {BINDTYPE op ID {} IMPL auto LATENCY 0 OPTYPE or PRAGMA {} RTLNAME or_ln286_10_fu_1389_p2 SOURCE src/integrated-gcn/integrated_gcn.cpp:286 VARIABLE or_ln286_10 LOOP SPMM_STORE_ROW_SPMM_STORE_FEAT BUNDLEDNAME {} DSP 0 BRAM 0 URAM 0 STORAGESUBTYPE {} DISPNAME {bind_op or} VISIBLE false} {BINDTYPE op ID {} IMPL auto LATENCY 0 OPTYPE or PRAGMA {} RTLNAME or_ln286_11_fu_1395_p2 SOURCE src/integrated-gcn/integrated_gcn.cpp:286 VARIABLE or_ln286_11 LOOP SPMM_STORE_ROW_SPMM_STORE_FEAT BUNDLEDNAME {} DSP 0 BRAM 0 URAM 0 STORAGESUBTYPE {} DISPNAME {bind_op or} VISIBLE false} {BINDTYPE op ID {} IMPL auto LATENCY 0 OPTYPE or PRAGMA {} RTLNAME or_ln286_12_fu_1401_p2 SOURCE src/integrated-gcn/integrated_gcn.cpp:286 VARIABLE or_ln286_12 LOOP SPMM_STORE_ROW_SPMM_STORE_FEAT BUNDLEDNAME {} DSP 0 BRAM 0 URAM 0 STORAGESUBTYPE {} DISPNAME {bind_op or} VISIBLE false} {BINDTYPE op ID {} IMPL auto LATENCY 0 OPTYPE or PRAGMA {} RTLNAME or_ln286_13_fu_1407_p2 SOURCE src/integrated-gcn/integrated_gcn.cpp:286 VARIABLE or_ln286_13 LOOP SPMM_STORE_ROW_SPMM_STORE_FEAT BUNDLEDNAME {} DSP 0 BRAM 0 URAM 0 STORAGESUBTYPE {} DISPNAME {bind_op or} VISIBLE false} {BINDTYPE op ID {} IMPL auto LATENCY 0 OPTYPE or PRAGMA {} RTLNAME or_ln286_14_fu_1413_p2 SOURCE src/integrated-gcn/integrated_gcn.cpp:286 VARIABLE or_ln286_14 LOOP SPMM_STORE_ROW_SPMM_STORE_FEAT BUNDLEDNAME {} DSP 0 BRAM 0 URAM 0 STORAGESUBTYPE {} DISPNAME {bind_op or} VISIBLE false} {BINDTYPE op ID {} IMPL auto LATENCY 0 OPTYPE or PRAGMA {} RTLNAME or_ln286_15_fu_1419_p2 SOURCE src/integrated-gcn/integrated_gcn.cpp:286 VARIABLE or_ln286_15 LOOP SPMM_STORE_ROW_SPMM_STORE_FEAT BUNDLEDNAME {} DSP 0 BRAM 0 URAM 0 STORAGESUBTYPE {} DISPNAME {bind_op or} VISIBLE false} {BINDTYPE op ID {} IMPL auto LATENCY 0 OPTYPE or PRAGMA {} RTLNAME or_ln286_16_fu_1425_p2 SOURCE src/integrated-gcn/integrated_gcn.cpp:286 VARIABLE or_ln286_16 LOOP SPMM_STORE_ROW_SPMM_STORE_FEAT BUNDLEDNAME {} DSP 0 BRAM 0 URAM 0 STORAGESUBTYPE {} DISPNAME {bind_op or} VISIBLE false} {BINDTYPE op ID {} IMPL auto LATENCY 0 OPTYPE or PRAGMA {} RTLNAME or_ln286_17_fu_1431_p2 SOURCE src/integrated-gcn/integrated_gcn.cpp:286 VARIABLE or_ln286_17 LOOP SPMM_STORE_ROW_SPMM_STORE_FEAT BUNDLEDNAME {} DSP 0 BRAM 0 URAM 0 STORAGESUBTYPE {} DISPNAME {bind_op or} VISIBLE false} {BINDTYPE op ID {} IMPL auto LATENCY 0 OPTYPE or PRAGMA {} RTLNAME or_ln286_18_fu_1437_p2 SOURCE src/integrated-gcn/integrated_gcn.cpp:286 VARIABLE or_ln286_18 LOOP SPMM_STORE_ROW_SPMM_STORE_FEAT BUNDLEDNAME {} DSP 0 BRAM 0 URAM 0 STORAGESUBTYPE {} DISPNAME {bind_op or} VISIBLE false} {BINDTYPE op ID {} IMPL auto LATENCY 0 OPTYPE or PRAGMA {} RTLNAME or_ln286_19_fu_1443_p2 SOURCE src/integrated-gcn/integrated_gcn.cpp:286 VARIABLE or_ln286_19 LOOP SPMM_STORE_ROW_SPMM_STORE_FEAT BUNDLEDNAME {} DSP 0 BRAM 0 URAM 0 STORAGESUBTYPE {} DISPNAME {bind_op or} VISIBLE false} {BINDTYPE op ID {} IMPL auto LATENCY 0 OPTYPE or PRAGMA {} RTLNAME or_ln286_20_fu_1449_p2 SOURCE src/integrated-gcn/integrated_gcn.cpp:286 VARIABLE or_ln286_20 LOOP SPMM_STORE_ROW_SPMM_STORE_FEAT BUNDLEDNAME {} DSP 0 BRAM 0 URAM 0 STORAGESUBTYPE {} DISPNAME {bind_op or} VISIBLE false} {BINDTYPE op ID {} IMPL auto LATENCY 0 OPTYPE or PRAGMA {} RTLNAME or_ln286_21_fu_1455_p2 SOURCE src/integrated-gcn/integrated_gcn.cpp:286 VARIABLE or_ln286_21 LOOP SPMM_STORE_ROW_SPMM_STORE_FEAT BUNDLEDNAME {} DSP 0 BRAM 0 URAM 0 STORAGESUBTYPE {} DISPNAME {bind_op or} VISIBLE false} {BINDTYPE op ID {} IMPL auto LATENCY 0 OPTYPE or PRAGMA {} RTLNAME or_ln286_22_fu_1461_p2 SOURCE src/integrated-gcn/integrated_gcn.cpp:286 VARIABLE or_ln286_22 LOOP SPMM_STORE_ROW_SPMM_STORE_FEAT BUNDLEDNAME {} DSP 0 BRAM 0 URAM 0 STORAGESUBTYPE {} DISPNAME {bind_op or} VISIBLE false} {BINDTYPE op ID {} IMPL auto LATENCY 0 OPTYPE or PRAGMA {} RTLNAME or_ln286_23_fu_1467_p2 SOURCE src/integrated-gcn/integrated_gcn.cpp:286 VARIABLE or_ln286_23 LOOP SPMM_STORE_ROW_SPMM_STORE_FEAT BUNDLEDNAME {} DSP 0 BRAM 0 URAM 0 STORAGESUBTYPE {} DISPNAME {bind_op or} VISIBLE false} {BINDTYPE op ID {} IMPL auto LATENCY 0 OPTYPE or PRAGMA {} RTLNAME or_ln286_24_fu_1473_p2 SOURCE src/integrated-gcn/integrated_gcn.cpp:286 VARIABLE or_ln286_24 LOOP SPMM_STORE_ROW_SPMM_STORE_FEAT BUNDLEDNAME {} DSP 0 BRAM 0 URAM 0 STORAGESUBTYPE {} DISPNAME {bind_op or} VISIBLE false} {BINDTYPE op ID {} IMPL auto LATENCY 0 OPTYPE or PRAGMA {} RTLNAME or_ln286_25_fu_1479_p2 SOURCE src/integrated-gcn/integrated_gcn.cpp:286 VARIABLE or_ln286_25 LOOP SPMM_STORE_ROW_SPMM_STORE_FEAT BUNDLEDNAME {} DSP 0 BRAM 0 URAM 0 STORAGESUBTYPE {} DISPNAME {bind_op or} VISIBLE false} {BINDTYPE op ID {} IMPL auto LATENCY 0 OPTYPE or PRAGMA {} RTLNAME or_ln286_26_fu_1485_p2 SOURCE src/integrated-gcn/integrated_gcn.cpp:286 VARIABLE or_ln286_26 LOOP SPMM_STORE_ROW_SPMM_STORE_FEAT BUNDLEDNAME {} DSP 0 BRAM 0 URAM 0 STORAGESUBTYPE {} DISPNAME {bind_op or} VISIBLE false} {BINDTYPE op ID {} IMPL auto LATENCY 0 OPTYPE or PRAGMA {} RTLNAME or_ln286_27_fu_1491_p2 SOURCE src/integrated-gcn/integrated_gcn.cpp:286 VARIABLE or_ln286_27 LOOP SPMM_STORE_ROW_SPMM_STORE_FEAT BUNDLEDNAME {} DSP 0 BRAM 0 URAM 0 STORAGESUBTYPE {} DISPNAME {bind_op or} VISIBLE false} {BINDTYPE op ID {} IMPL auto LATENCY 0 OPTYPE or PRAGMA {} RTLNAME or_ln286_28_fu_1497_p2 SOURCE src/integrated-gcn/integrated_gcn.cpp:286 VARIABLE or_ln286_28 LOOP SPMM_STORE_ROW_SPMM_STORE_FEAT BUNDLEDNAME {} DSP 0 BRAM 0 URAM 0 STORAGESUBTYPE {} DISPNAME {bind_op or} VISIBLE false} {BINDTYPE op ID {} IMPL auto LATENCY 0 OPTYPE or PRAGMA {} RTLNAME or_ln286_29_fu_1503_p2 SOURCE src/integrated-gcn/integrated_gcn.cpp:286 VARIABLE or_ln286_29 LOOP SPMM_STORE_ROW_SPMM_STORE_FEAT BUNDLEDNAME {} DSP 0 BRAM 0 URAM 0 STORAGESUBTYPE {} DISPNAME {bind_op or} VISIBLE false} {BINDTYPE op ID {} IMPL auto LATENCY 0 OPTYPE seteq PRAGMA {} RTLNAME icmp_ln296_fu_468_p2 SOURCE src/integrated-gcn/integrated_gcn.cpp:296 VARIABLE icmp_ln296 LOOP SPMM_STORE_ROW_SPMM_STORE_FEAT BUNDLEDNAME {} DSP 0 BRAM 0 URAM 0 STORAGESUBTYPE {} DISPNAME {bind_op seteq} VISIBLE false} {BINDTYPE op ID {} IMPL auto LATENCY 0 OPTYPE seteq PRAGMA {} RTLNAME icmp_ln296_1_fu_474_p2 SOURCE src/integrated-gcn/integrated_gcn.cpp:296 VARIABLE icmp_ln296_1 LOOP SPMM_STORE_ROW_SPMM_STORE_FEAT BUNDLEDNAME {} DSP 0 BRAM 0 URAM 0 STORAGESUBTYPE {} DISPNAME {bind_op seteq} VISIBLE false} {BINDTYPE op ID {} IMPL auto LATENCY 0 OPTYPE or PRAGMA {} RTLNAME or_ln296_fu_480_p2 SOURCE src/integrated-gcn/integrated_gcn.cpp:296 VARIABLE or_ln296 LOOP SPMM_STORE_ROW_SPMM_STORE_FEAT BUNDLEDNAME {} DSP 0 BRAM 0 URAM 0 STORAGESUBTYPE {} DISPNAME {bind_op or} VISIBLE false} {BINDTYPE op ID {} IMPL fabric LATENCY 0 OPTYPE add PRAGMA {} RTLNAME add_ln297_fu_500_p2 SOURCE src/integrated-gcn/integrated_gcn.cpp:297 VARIABLE add_ln297 LOOP SPMM_STORE_ROW_SPMM_STORE_FEAT BUNDLEDNAME {} DSP 0 BRAM 0 URAM 0 STORAGESUBTYPE {} DISPNAME {bind_op add} VISIBLE true} {BINDTYPE op ID {} IMPL auto LATENCY 0 OPTYPE or PRAGMA {} RTLNAME or_ln297_fu_1819_p2 SOURCE src/integrated-gcn/integrated_gcn.cpp:297 VARIABLE or_ln297 LOOP SPMM_STORE_ROW_SPMM_STORE_FEAT BUNDLEDNAME {} DSP 0 BRAM 0 URAM 0 STORAGESUBTYPE {} DISPNAME {bind_op or} VISIBLE false} {BINDTYPE op ID {} IMPL fabric LATENCY 0 OPTYPE add PRAGMA {} RTLNAME f_1_fu_516_p2 SOURCE src/integrated-gcn/integrated_gcn.cpp:291 VARIABLE f_1 LOOP SPMM_STORE_ROW_SPMM_STORE_FEAT BUNDLEDNAME {} DSP 0 BRAM 0 URAM 0 STORAGESUBTYPE {} DISPNAME {bind_op add} VISIBLE true}} AREA {DSP 0 BRAM 0 URAM 0}} spmm_stage {BINDINFO {{BINDTYPE storage ID {} IMPL srl LATENCY 0 OPTYPE fifo PRAGMA {} RTLNAME row_fifo_U SOURCE src/integrated-gcn/integrated_gcn.cpp:313 VARIABLE row_fifo LOOP {} BUNDLEDNAME {} DSP 0 BRAM 0 URAM 0 STORAGESUBTYPE stream STORAGESIZE {32 16 1} STORAGEUSAGE {fifo channel} DISPNAME {bind_storage fifo} VISIBLE true} {BINDTYPE storage ID {} IMPL memory LATENCY 0 OPTYPE fifo PRAGMA {} RTLNAME col_fifo_U SOURCE src/integrated-gcn/integrated_gcn.cpp:314 VARIABLE col_fifo LOOP {} BUNDLEDNAME {} DSP 0 BRAM 2 URAM 0 STORAGESUBTYPE stream STORAGESIZE {32 256 1} STORAGEUSAGE {fifo channel} DISPNAME {bind_storage fifo} VISIBLE true} {BINDTYPE storage ID {} IMPL memory LATENCY 0 OPTYPE fifo PRAGMA {} RTLNAME val_fifo_U SOURCE src/integrated-gcn/integrated_gcn.cpp:315 VARIABLE val_fifo LOOP {} BUNDLEDNAME {} DSP 0 BRAM 1 URAM 0 STORAGESUBTYPE stream STORAGESIZE {16 256 1} STORAGEUSAGE {fifo channel} DISPNAME {bind_storage fifo} VISIBLE true} {BINDTYPE storage ID {} IMPL srl LATENCY 0 OPTYPE fifo PRAGMA {} RTLNAME result_fifo_U SOURCE src/integrated-gcn/integrated_gcn.cpp:316 VARIABLE result_fifo LOOP {} BUNDLEDNAME {} DSP 0 BRAM 0 URAM 0 STORAGESUBTYPE stream STORAGESIZE {16 32 1} STORAGEUSAGE {fifo channel} DISPNAME {bind_storage fifo} VISIBLE true}} AREA {DSP 64 BRAM 3 URAM 0}} integrated_gcn {AREA {DSP 322 BRAM 183 URAM 0}}}}'
INFO-FLOW: DBG:PUTS:      update_csynth_reports json2rpt_hw_sw_interfaces
Execute     send_msg_by_id INFO @200-1603@%s  and missed bursts 
INFO: [HLS 200-1603] Design has inferred MAXI bursts and missed bursts, see Vitis HLS GUI synthesis summary report for detailed information.
INFO-FLOW: Running: gen_csynth_sec_pragma
INFO-FLOW: DBG:PRAGMA: all_user_pragmas_dict locs:
INFO-FLOW:   ../../../src/integrated-gcn/integrated_gcn.cpp:40:0: pragmaType pipeline pragmaStatus {} isDirective 0 isSlxDirective 0 isCsimDirective 0 msgs {} parentFunction gemm_read_x pragmaVar {} options ii=1 loc ../../../src/integrated-gcn/integrated_gcn.cpp:40:0
INFO-FLOW:   ../../../src/integrated-gcn/integrated_gcn.cpp:60:0: pragmaType pipeline pragmaStatus {} isDirective 0 isSlxDirective 0 isCsimDirective 0 msgs {} parentFunction gemm_read_w pragmaVar {} options ii=1 loc ../../../src/integrated-gcn/integrated_gcn.cpp:60:0
INFO-FLOW:   ../../../src/integrated-gcn/integrated_gcn.cpp:85:0: pragmaType array_partition pragmaStatus {} isDirective 0 isSlxDirective 0 isCsimDirective 0 msgs {} parentFunction gemm_compute pragmaVar XW_block options {dim=2 type=complete variable=XW_block} loc ../../../src/integrated-gcn/integrated_gcn.cpp:85:0
INFO-FLOW:   ../../../src/integrated-gcn/integrated_gcn.cpp:86:0: pragmaType array_partition pragmaStatus {} isDirective 0 isSlxDirective 0 isCsimDirective 0 msgs {} parentFunction gemm_compute pragmaVar XW_block options {dim=1 type=cyclic factor=4 variable=XW_block} loc ../../../src/integrated-gcn/integrated_gcn.cpp:86:0
INFO-FLOW:   ../../../src/integrated-gcn/integrated_gcn.cpp:87:0: pragmaType array_partition pragmaStatus {} isDirective 0 isSlxDirective 0 isCsimDirective 0 msgs {} parentFunction gemm_compute pragmaVar W_line options {dim=1 type=complete variable=W_line} loc ../../../src/integrated-gcn/integrated_gcn.cpp:87:0
INFO-FLOW:   ../../../src/integrated-gcn/integrated_gcn.cpp:88:0: pragmaType array_partition pragmaStatus {} isDirective 0 isSlxDirective 0 isCsimDirective 0 msgs {} parentFunction gemm_compute pragmaVar X_line options {dim=1 type=complete variable=X_line} loc ../../../src/integrated-gcn/integrated_gcn.cpp:88:0
INFO-FLOW:   ../../../src/integrated-gcn/integrated_gcn.cpp:97:0: pragmaType pipeline pragmaStatus {} isDirective 0 isSlxDirective 0 isCsimDirective 0 msgs {} parentFunction gemm_compute pragmaVar {} options ii=1 loc ../../../src/integrated-gcn/integrated_gcn.cpp:97:0
INFO-FLOW:   ../../../src/integrated-gcn/integrated_gcn.cpp:99:0: pragmaType unroll pragmaStatus {} isDirective 0 isSlxDirective 0 isCsimDirective 0 msgs {} parentFunction gemm_compute pragmaVar {} options {} loc ../../../src/integrated-gcn/integrated_gcn.cpp:99:0
INFO-FLOW:   ../../../src/integrated-gcn/integrated_gcn.cpp:116:0: pragmaType pipeline pragmaStatus {} isDirective 0 isSlxDirective 0 isCsimDirective 0 msgs {} parentFunction gemm_compute pragmaVar {} options ii=1 loc ../../../src/integrated-gcn/integrated_gcn.cpp:116:0
INFO-FLOW:   ../../../src/integrated-gcn/integrated_gcn.cpp:120:0: pragmaType unroll pragmaStatus {} isDirective 0 isSlxDirective 0 isCsimDirective 0 msgs {} parentFunction gemm_compute pragmaVar {} options {} loc ../../../src/integrated-gcn/integrated_gcn.cpp:120:0
INFO-FLOW:   ../../../src/integrated-gcn/integrated_gcn.cpp:129:0: pragmaType pipeline pragmaStatus {} isDirective 0 isSlxDirective 0 isCsimDirective 0 msgs {} parentFunction gemm_compute pragmaVar {} options ii=1 loc ../../../src/integrated-gcn/integrated_gcn.cpp:129:0
INFO-FLOW:   ../../../src/integrated-gcn/integrated_gcn.cpp:131:0: pragmaType unroll pragmaStatus {} isDirective 0 isSlxDirective 0 isCsimDirective 0 msgs {} parentFunction gemm_compute pragmaVar {} options {} loc ../../../src/integrated-gcn/integrated_gcn.cpp:131:0
INFO-FLOW:   ../../../src/integrated-gcn/integrated_gcn.cpp:135:0: pragmaType unroll pragmaStatus {} isDirective 0 isSlxDirective 0 isCsimDirective 0 msgs {} parentFunction gemm_compute pragmaVar {} options {} loc ../../../src/integrated-gcn/integrated_gcn.cpp:135:0
INFO-FLOW:   ../../../src/integrated-gcn/integrated_gcn.cpp:147:0: pragmaType pipeline pragmaStatus {} isDirective 0 isSlxDirective 0 isCsimDirective 0 msgs {} parentFunction gemm_compute pragmaVar {} options ii=1 loc ../../../src/integrated-gcn/integrated_gcn.cpp:147:0
INFO-FLOW:   ../../../src/integrated-gcn/integrated_gcn.cpp:150:0: pragmaType unroll pragmaStatus {} isDirective 0 isSlxDirective 0 isCsimDirective 0 msgs {} parentFunction gemm_compute pragmaVar {} options {} loc ../../../src/integrated-gcn/integrated_gcn.cpp:150:0
INFO-FLOW:   ../../../src/integrated-gcn/integrated_gcn.cpp:169:0: pragmaType pipeline pragmaStatus {} isDirective 0 isSlxDirective 0 isCsimDirective 0 msgs {} parentFunction gemm_write pragmaVar {} options ii=1 loc ../../../src/integrated-gcn/integrated_gcn.cpp:169:0
INFO-FLOW:   ../../../src/integrated-gcn/integrated_gcn.cpp:186:0: pragmaType dataflow pragmaStatus {} isDirective 0 isSlxDirective 0 isCsimDirective 0 msgs {} parentFunction gemm_stage pragmaVar {} options {} loc ../../../src/integrated-gcn/integrated_gcn.cpp:186:0
INFO-FLOW:   ../../../src/integrated-gcn/integrated_gcn.cpp:190:0: pragmaType stream pragmaStatus {} isDirective 0 isSlxDirective 0 isCsimDirective 0 msgs {} parentFunction gemm_stage pragmaVar X_stream options {variable=X_stream depth=16} loc ../../../src/integrated-gcn/integrated_gcn.cpp:190:0
INFO-FLOW:   ../../../src/integrated-gcn/integrated_gcn.cpp:191:0: pragmaType stream pragmaStatus {} isDirective 0 isSlxDirective 0 isCsimDirective 0 msgs {} parentFunction gemm_stage pragmaVar W_stream options {variable=W_stream depth=16} loc ../../../src/integrated-gcn/integrated_gcn.cpp:191:0
INFO-FLOW:   ../../../src/integrated-gcn/integrated_gcn.cpp:192:0: pragmaType stream pragmaStatus {} isDirective 0 isSlxDirective 0 isCsimDirective 0 msgs {} parentFunction gemm_stage pragmaVar XW_stream options {variable=XW_stream depth=16} loc ../../../src/integrated-gcn/integrated_gcn.cpp:192:0
INFO-FLOW:   ../../../src/integrated-gcn/integrated_gcn.cpp:211:0: pragmaType pipeline pragmaStatus {} isDirective 0 isSlxDirective 0 isCsimDirective 0 msgs {} parentFunction spmm_load_csr pragmaVar {} options ii=1 loc ../../../src/integrated-gcn/integrated_gcn.cpp:211:0
INFO-FLOW:   ../../../src/integrated-gcn/integrated_gcn.cpp:217:0: pragmaType pipeline pragmaStatus {} isDirective 0 isSlxDirective 0 isCsimDirective 0 msgs {} parentFunction spmm_load_csr pragmaVar {} options ii=1 loc ../../../src/integrated-gcn/integrated_gcn.cpp:217:0
INFO-FLOW:   ../../../src/integrated-gcn/integrated_gcn.cpp:232:0: pragmaType array_partition pragmaStatus {} isDirective 0 isSlxDirective 0 isCsimDirective 0 msgs {} parentFunction spmm_compute pragmaVar acc options {variable=acc cyclic factor=32} loc ../../../src/integrated-gcn/integrated_gcn.cpp:232:0
INFO-FLOW:   ../../../src/integrated-gcn/integrated_gcn.cpp:233:0: pragmaType array_partition pragmaStatus {} isDirective 0 isSlxDirective 0 isCsimDirective 0 msgs {} parentFunction spmm_compute pragmaVar h_buf options {variable=h_buf cyclic factor=32} loc ../../../src/integrated-gcn/integrated_gcn.cpp:233:0
INFO-FLOW:   ../../../src/integrated-gcn/integrated_gcn.cpp:242:0: pragmaType pipeline pragmaStatus {} isDirective 0 isSlxDirective 0 isCsimDirective 0 msgs {} parentFunction spmm_compute pragmaVar {} options ii=1 loc ../../../src/integrated-gcn/integrated_gcn.cpp:242:0
INFO-FLOW:   ../../../src/integrated-gcn/integrated_gcn.cpp:243:0: pragmaType unroll pragmaStatus {} isDirective 0 isSlxDirective 0 isCsimDirective 0 msgs {} parentFunction spmm_compute pragmaVar {} options factor=32 loc ../../../src/integrated-gcn/integrated_gcn.cpp:243:0
INFO-FLOW:   ../../../src/integrated-gcn/integrated_gcn.cpp:249:0: pragmaType loop_tripcount pragmaStatus {} isDirective 0 isSlxDirective 0 isCsimDirective 0 msgs {} parentFunction spmm_compute pragmaVar {} options {min=1 max=168 avg=4} loc ../../../src/integrated-gcn/integrated_gcn.cpp:249:0
INFO-FLOW:   ../../../src/integrated-gcn/integrated_gcn.cpp:256:0: pragmaType pipeline pragmaStatus {} isDirective 0 isSlxDirective 0 isCsimDirective 0 msgs {} parentFunction spmm_compute pragmaVar {} options ii=1 loc ../../../src/integrated-gcn/integrated_gcn.cpp:256:0
INFO-FLOW:   ../../../src/integrated-gcn/integrated_gcn.cpp:259:0: pragmaType unroll pragmaStatus {} isDirective 0 isSlxDirective 0 isCsimDirective 0 msgs {} parentFunction spmm_compute pragmaVar {} options {} loc ../../../src/integrated-gcn/integrated_gcn.cpp:259:0
INFO-FLOW:   ../../../src/integrated-gcn/integrated_gcn.cpp:266:0: pragmaType pipeline pragmaStatus {} isDirective 0 isSlxDirective 0 isCsimDirective 0 msgs {} parentFunction spmm_compute pragmaVar {} options ii=1 loc ../../../src/integrated-gcn/integrated_gcn.cpp:266:0
INFO-FLOW:   ../../../src/integrated-gcn/integrated_gcn.cpp:267:0: pragmaType unroll pragmaStatus {} isDirective 0 isSlxDirective 0 isCsimDirective 0 msgs {} parentFunction spmm_compute pragmaVar {} options factor=32 loc ../../../src/integrated-gcn/integrated_gcn.cpp:267:0
INFO-FLOW:   ../../../src/integrated-gcn/integrated_gcn.cpp:275:0: pragmaType pipeline pragmaStatus {} isDirective 0 isSlxDirective 0 isCsimDirective 0 msgs {} parentFunction spmm_compute pragmaVar {} options ii=1 loc ../../../src/integrated-gcn/integrated_gcn.cpp:275:0
INFO-FLOW:   ../../../src/integrated-gcn/integrated_gcn.cpp:292:0: pragmaType pipeline pragmaStatus {} isDirective 0 isSlxDirective 0 isCsimDirective 0 msgs {} parentFunction spmm_store pragmaVar {} options ii=1 loc ../../../src/integrated-gcn/integrated_gcn.cpp:292:0
INFO-FLOW:   ../../../src/integrated-gcn/integrated_gcn.cpp:311:0: pragmaType dataflow pragmaStatus {} isDirective 0 isSlxDirective 0 isCsimDirective 0 msgs {} parentFunction spmm_stage pragmaVar {} options {} loc ../../../src/integrated-gcn/integrated_gcn.cpp:311:0
INFO-FLOW:   ../../../src/integrated-gcn/integrated_gcn.cpp:318:0: pragmaType stream pragmaStatus {} isDirective 0 isSlxDirective 0 isCsimDirective 0 msgs {} parentFunction spmm_stage pragmaVar row_fifo options {variable=row_fifo depth=16} loc ../../../src/integrated-gcn/integrated_gcn.cpp:318:0
INFO-FLOW:   ../../../src/integrated-gcn/integrated_gcn.cpp:319:0: pragmaType stream pragmaStatus {} isDirective 0 isSlxDirective 0 isCsimDirective 0 msgs {} parentFunction spmm_stage pragmaVar col_fifo options {variable=col_fifo depth=256} loc ../../../src/integrated-gcn/integrated_gcn.cpp:319:0
INFO-FLOW:   ../../../src/integrated-gcn/integrated_gcn.cpp:320:0: pragmaType stream pragmaStatus {} isDirective 0 isSlxDirective 0 isCsimDirective 0 msgs {} parentFunction spmm_stage pragmaVar val_fifo options {variable=val_fifo depth=256} loc ../../../src/integrated-gcn/integrated_gcn.cpp:320:0
INFO-FLOW:   ../../../src/integrated-gcn/integrated_gcn.cpp:321:0: pragmaType stream pragmaStatus {} isDirective 0 isSlxDirective 0 isCsimDirective 0 msgs {} parentFunction spmm_stage pragmaVar result_fifo options {variable=result_fifo depth=32} loc ../../../src/integrated-gcn/integrated_gcn.cpp:321:0
INFO-FLOW:   ../../../src/integrated-gcn/integrated_gcn.cpp:345:0: pragmaType interface pragmaStatus {} isDirective 0 isSlxDirective 0 isCsimDirective 0 msgs {} parentFunction integrated_gcn pragmaVar X options {mode=m_axi bundle=gmem0 port=X} loc ../../../src/integrated-gcn/integrated_gcn.cpp:345:0
INFO-FLOW:   ../../../src/integrated-gcn/integrated_gcn.cpp:347:0: pragmaType interface pragmaStatus {} isDirective 0 isSlxDirective 0 isCsimDirective 0 msgs {} parentFunction integrated_gcn pragmaVar H_temp options {mode=m_axi bundle=gmem2 port=H_temp} loc ../../../src/integrated-gcn/integrated_gcn.cpp:347:0
INFO-FLOW:   ../../../src/integrated-gcn/integrated_gcn.cpp:349:0: pragmaType interface pragmaStatus {} isDirective 0 isSlxDirective 0 isCsimDirective 0 msgs {} parentFunction integrated_gcn pragmaVar colind options {mode=m_axi bundle=gmem4 port=colind} loc ../../../src/integrated-gcn/integrated_gcn.cpp:349:0
INFO-FLOW:   ../../../src/integrated-gcn/integrated_gcn.cpp:351:0: pragmaType interface pragmaStatus {} isDirective 0 isSlxDirective 0 isCsimDirective 0 msgs {} parentFunction integrated_gcn pragmaVar H_out options {mode=m_axi bundle=gmem6 port=H_out} loc ../../../src/integrated-gcn/integrated_gcn.cpp:351:0
INFO-FLOW:   ../../../src/integrated-gcn/integrated_gcn.cpp:346:0: pragmaType interface pragmaStatus {} isDirective 0 isSlxDirective 0 isCsimDirective 0 msgs {} parentFunction integrated_gcn pragmaVar W options {mode=m_axi bundle=gmem1 port=W} loc ../../../src/integrated-gcn/integrated_gcn.cpp:346:0
INFO-FLOW:   ../../../src/integrated-gcn/integrated_gcn.cpp:348:0: pragmaType interface pragmaStatus {} isDirective 0 isSlxDirective 0 isCsimDirective 0 msgs {} parentFunction integrated_gcn pragmaVar row_length options {mode=m_axi bundle=gmem3 port=row_length} loc ../../../src/integrated-gcn/integrated_gcn.cpp:348:0
INFO-FLOW:   ../../../src/integrated-gcn/integrated_gcn.cpp:350:0: pragmaType interface pragmaStatus {} isDirective 0 isSlxDirective 0 isCsimDirective 0 msgs {} parentFunction integrated_gcn pragmaVar values options {mode=m_axi bundle=gmem5 port=values} loc ../../../src/integrated-gcn/integrated_gcn.cpp:350:0
INFO-FLOW: end all_user_pragmas_dict

INFO-FLOW: DBG:PRAGMA: all_user_directives_dict locs:
INFO-FLOW: end all_user_directives_dict

INFO-FLOW: DBG:PRAGMA: all_auto_pragmas_dict locs:
INFO-FLOW:   src/integrated-gcn/integrated_gcn.cpp:289:0 : loop_flatten
INFO-FLOW:   src/integrated-gcn/integrated_gcn.cpp:167:0 : loop_flatten
INFO-FLOW:   src/integrated-gcn/integrated_gcn.cpp:165:0 : loop_flatten
INFO-FLOW:   src/integrated-gcn/integrated_gcn.cpp:38:0 : loop_flatten
INFO-FLOW:   src/integrated-gcn/integrated_gcn.cpp:37:0 : loop_flatten
INFO-FLOW:   src/integrated-gcn/integrated_gcn.cpp:35:0 : loop_flatten
INFO-FLOW:   src/integrated-gcn/integrated_gcn.cpp:58:0 : loop_flatten
INFO-FLOW:   src/integrated-gcn/integrated_gcn.cpp:57:0 : loop_flatten
INFO-FLOW:   src/integrated-gcn/integrated_gcn.cpp:55:0 : loop_flatten
INFO-FLOW:   src/integrated-gcn/integrated_gcn.cpp:145:0 : loop_flatten
INFO-FLOW: end all_auto_pragmas_dict

INFO-FLOW: DBG:PRAGMA: Found pragma report data problems (10):
INFO-FLOW: DBG:PRAGMA: (1)   Cannot find inferred-pragma source location at 'src/integrated-gcn/integrated_gcn.cpp:292:0': pragmaType loop_flatten pragmaStatus {} isDirective 0 isSlxDirective 0 isCsimDirective 0 msgs {} parentFunction spmm_store pragmaVar {} options { } loc src/integrated-gcn/integrated_gcn.cpp:289:0 pragmaLocId src/integrated-gcn/integrated_gcn.cpp:289:0 pragmaLocOpt spmm_store/SPMM_STORE_ROW objDict {loopName SPMM_STORE_ROW loopLoc src/integrated-gcn/integrated_gcn.cpp:289:5} objInfo {loop SPMM_STORE_ROW (src/integrated-gcn/integrated_gcn.cpp:289:5)} reason {} metrics {} srcPragmaLoc src/integrated-gcn/integrated_gcn.cpp:292:0 srcInferReason {}
INFO-FLOW: DBG:PRAGMA: (2)   Cannot find inferred-pragma source location at 'src/integrated-gcn/integrated_gcn.cpp:169:0': pragmaType loop_flatten pragmaStatus {} isDirective 0 isSlxDirective 0 isCsimDirective 0 msgs {} parentFunction gemm_write pragmaVar {} options { } loc src/integrated-gcn/integrated_gcn.cpp:167:0 pragmaLocId src/integrated-gcn/integrated_gcn.cpp:167:0 pragmaLocOpt gemm_write/VITIS_LOOP_167_3 objDict {loopName VITIS_LOOP_167_3 loopLoc src/integrated-gcn/integrated_gcn.cpp:167:31} objInfo {loop VITIS_LOOP_167_3 (src/integrated-gcn/integrated_gcn.cpp:167:31)} reason {} metrics {} srcPragmaLoc src/integrated-gcn/integrated_gcn.cpp:169:0 srcInferReason {}
INFO-FLOW: DBG:PRAGMA: (3)   Cannot find inferred-pragma source location at 'src/integrated-gcn/integrated_gcn.cpp:169:0': pragmaType loop_flatten pragmaStatus {} isDirective 0 isSlxDirective 0 isCsimDirective 0 msgs {} parentFunction gemm_write pragmaVar {} options { } loc src/integrated-gcn/integrated_gcn.cpp:165:0 pragmaLocId src/integrated-gcn/integrated_gcn.cpp:165:0 pragmaLocOpt gemm_write/VITIS_LOOP_165_1 objDict {loopName VITIS_LOOP_165_1 loopLoc src/integrated-gcn/integrated_gcn.cpp:165:23} objInfo {loop VITIS_LOOP_165_1 (src/integrated-gcn/integrated_gcn.cpp:165:23)} reason {} metrics {} srcPragmaLoc src/integrated-gcn/integrated_gcn.cpp:169:0 srcInferReason {}
INFO-FLOW: DBG:PRAGMA: (4)   Cannot find inferred-pragma source location at 'src/integrated-gcn/integrated_gcn.cpp:40:0': pragmaType loop_flatten pragmaStatus {} isDirective 0 isSlxDirective 0 isCsimDirective 0 msgs {} parentFunction gemm_read_x pragmaVar {} options { } loc src/integrated-gcn/integrated_gcn.cpp:38:0 pragmaLocId src/integrated-gcn/integrated_gcn.cpp:38:0 pragmaLocOpt gemm_read_x/VITIS_LOOP_38_4 objDict {loopName VITIS_LOOP_38_4 loopLoc src/integrated-gcn/integrated_gcn.cpp:38:34} objInfo {loop VITIS_LOOP_38_4 (src/integrated-gcn/integrated_gcn.cpp:38:34)} reason {} metrics {} srcPragmaLoc src/integrated-gcn/integrated_gcn.cpp:40:0 srcInferReason {}
INFO-FLOW: DBG:PRAGMA: (5)   Cannot find inferred-pragma source location at 'src/integrated-gcn/integrated_gcn.cpp:40:0': pragmaType loop_flatten pragmaStatus {} isDirective 0 isSlxDirective 0 isCsimDirective 0 msgs {} parentFunction gemm_read_x pragmaVar {} options { } loc src/integrated-gcn/integrated_gcn.cpp:37:0 pragmaLocId src/integrated-gcn/integrated_gcn.cpp:37:0 pragmaLocOpt gemm_read_x/VITIS_LOOP_37_3 objDict {loopName VITIS_LOOP_37_3 loopLoc src/integrated-gcn/integrated_gcn.cpp:37:30} objInfo {loop VITIS_LOOP_37_3 (src/integrated-gcn/integrated_gcn.cpp:37:30)} reason {} metrics {} srcPragmaLoc src/integrated-gcn/integrated_gcn.cpp:40:0 srcInferReason {}
INFO-FLOW: DBG:PRAGMA: (6)   Cannot find inferred-pragma source location at 'src/integrated-gcn/integrated_gcn.cpp:40:0': pragmaType loop_flatten pragmaStatus {} isDirective 0 isSlxDirective 0 isCsimDirective 0 msgs {} parentFunction gemm_read_x pragmaVar {} options { } loc src/integrated-gcn/integrated_gcn.cpp:35:0 pragmaLocId src/integrated-gcn/integrated_gcn.cpp:35:0 pragmaLocOpt gemm_read_x/VITIS_LOOP_35_1 objDict {loopName VITIS_LOOP_35_1 loopLoc src/integrated-gcn/integrated_gcn.cpp:35:22} objInfo {loop VITIS_LOOP_35_1 (src/integrated-gcn/integrated_gcn.cpp:35:22)} reason {} metrics {} srcPragmaLoc src/integrated-gcn/integrated_gcn.cpp:40:0 srcInferReason {}
INFO-FLOW: DBG:PRAGMA: (7)   Cannot find inferred-pragma source location at 'src/integrated-gcn/integrated_gcn.cpp:60:0': pragmaType loop_flatten pragmaStatus {} isDirective 0 isSlxDirective 0 isCsimDirective 0 msgs {} parentFunction gemm_read_w pragmaVar {} options { } loc src/integrated-gcn/integrated_gcn.cpp:58:0 pragmaLocId src/integrated-gcn/integrated_gcn.cpp:58:0 pragmaLocOpt gemm_read_w/VITIS_LOOP_58_4 objDict {loopName VITIS_LOOP_58_4 loopLoc src/integrated-gcn/integrated_gcn.cpp:58:34} objInfo {loop VITIS_LOOP_58_4 (src/integrated-gcn/integrated_gcn.cpp:58:34)} reason {} metrics {} srcPragmaLoc src/integrated-gcn/integrated_gcn.cpp:60:0 srcInferReason {}
INFO-FLOW: DBG:PRAGMA: (8)   Cannot find inferred-pragma source location at 'src/integrated-gcn/integrated_gcn.cpp:60:0': pragmaType loop_flatten pragmaStatus {} isDirective 0 isSlxDirective 0 isCsimDirective 0 msgs {} parentFunction gemm_read_w pragmaVar {} options { } loc src/integrated-gcn/integrated_gcn.cpp:57:0 pragmaLocId src/integrated-gcn/integrated_gcn.cpp:57:0 pragmaLocOpt gemm_read_w/VITIS_LOOP_57_3 objDict {loopName VITIS_LOOP_57_3 loopLoc src/integrated-gcn/integrated_gcn.cpp:57:30} objInfo {loop VITIS_LOOP_57_3 (src/integrated-gcn/integrated_gcn.cpp:57:30)} reason {} metrics {} srcPragmaLoc src/integrated-gcn/integrated_gcn.cpp:60:0 srcInferReason {}
INFO-FLOW: DBG:PRAGMA: (9)   Cannot find inferred-pragma source location at 'src/integrated-gcn/integrated_gcn.cpp:60:0': pragmaType loop_flatten pragmaStatus {} isDirective 0 isSlxDirective 0 isCsimDirective 0 msgs {} parentFunction gemm_read_w pragmaVar {} options { } loc src/integrated-gcn/integrated_gcn.cpp:55:0 pragmaLocId src/integrated-gcn/integrated_gcn.cpp:55:0 pragmaLocOpt gemm_read_w/VITIS_LOOP_55_1 objDict {loopName VITIS_LOOP_55_1 loopLoc src/integrated-gcn/integrated_gcn.cpp:55:22} objInfo {loop VITIS_LOOP_55_1 (src/integrated-gcn/integrated_gcn.cpp:55:22)} reason {} metrics {} srcPragmaLoc src/integrated-gcn/integrated_gcn.cpp:60:0 srcInferReason {}
INFO-FLOW: DBG:PRAGMA: (10)   Cannot find inferred-pragma source location at 'src/integrated-gcn/integrated_gcn.cpp:147:0': pragmaType loop_flatten pragmaStatus {} isDirective 0 isSlxDirective 0 isCsimDirective 0 msgs {} parentFunction gemm_compute pragmaVar {} options { } loc src/integrated-gcn/integrated_gcn.cpp:145:0 pragmaLocId src/integrated-gcn/integrated_gcn.cpp:145:0 pragmaLocOpt gemm_compute/COMP_EMIT objDict {loopName COMP_EMIT loopLoc src/integrated-gcn/integrated_gcn.cpp:145:13} objInfo {loop COMP_EMIT (src/integrated-gcn/integrated_gcn.cpp:145:13)} reason {} metrics {} srcPragmaLoc src/integrated-gcn/integrated_gcn.cpp:147:0 srcInferReason {}
INFO-FLOW: Done: gen_csynth_sec_pragma time: 0 seconds 
Execute     send_msg_by_id INFO @200-2225@%s /home/nat/dev/trinners/mai_proj/hls/thesis-gcn-accelerator/vitis/integrated_gcn/integrated_gcn/integrated_gcn/hls/syn/inferred_directives.ini 
INFO: [HLS 200-2225] Wrote inferred directives to file /home/nat/dev/trinners/mai_proj/hls/thesis-gcn-accelerator/vitis/integrated_gcn/integrated_gcn/integrated_gcn/hls/syn/inferred_directives.ini
INFO-FLOW: DBG:PUTS:      update_csynth_reports wrote xml
INFO-FLOW: DBG:PUTS:      update_csynth_reports appended to csynth rpt file
INFO-FLOW: Done: add_csynth_report_sections time: 0.6 seconds 
INFO: [HLS 200-111] Finished Updating report files: CPU user time: 0.97 seconds. CPU system time: 0.04 seconds. Elapsed time: 1.01 seconds; current allocated memory: 910.164 MB.
INFO: [VHDL 208-304] Generating VHDL RTL for integrated_gcn.
INFO: [VLOG 209-307] Generating Verilog RTL for integrated_gcn.
Execute     syn_report -model integrated_gcn -printsummary 
INFO: [HLS 200-789] **** Estimated Fmax: 136.99 MHz
Execute     AP::msg_collection_file -close 
Command   csynth_design done; 35.48 sec.
Execute   close_project 
Execute     close_solution 
Execute       cleanup_all 
Command       cleanup_all done; 0.26 sec.
Execute       cleanup_all 
Execute       source -notrace -encoding utf-8 /opt/Xilinx/2025.2/Vitis/tps/tcl/tcl8.6/clock.tcl 
Execute         source -encoding utf-8 /opt/Xilinx/2025.2/tps/tcl/tcl8/8.5/msgcat-1.6.1.tm 
INFO-FLOW: Workspace /home/nat/dev/trinners/mai_proj/hls/thesis-gcn-accelerator/vitis/integrated_gcn/integrated_gcn/integrated_gcn/hls opened at Thu Apr 16 11:33:42 IST 2026
Execute       source /home/nat/dev/trinners/mai_proj/hls/thesis-gcn-accelerator/vitis/integrated_gcn/integrated_gcn/integrated_gcn/hls/.autopilot/db/global.setting.tcl 
Execute       set_part xck26-sfvc784-2LV-c 
Execute         create_platform xck26-sfvc784-2LV-c -board  
DBG:HLSDevice: Trying to load device library: /opt/Xilinx/2025.2/Vitis/lib/lnx64.o/libxv_hlsvwrap.so
DBG:HLSDevice: first parts/arch.xml in RDI_DATADIR: /opt/Xilinx/2025.2/Vivado/data/parts/arch.xml
DBG:HLSDevice: init success
INFO: [HLS 200-1611] Setting target device to 'xck26-sfvc784-2LV-c'
Command         create_platform done; 0.17 sec.
Execute         source /opt/Xilinx/2025.2/Vitis/common/technology/xilinx/common/xilinx.gen 
Execute           source /opt/Xilinx/2025.2/Vitis/common/technology/xilinx/interface/plb46.gen 
Execute           source /opt/Xilinx/2025.2/Vitis/common/technology/xilinx/interface/axi4.gen 
Execute           source /opt/Xilinx/2025.2/Vitis/common/technology/xilinx/interface/nativeAXI4.gen 
Execute             source /opt/Xilinx/2025.2/Vitis/common/technology/xilinx/interface/saxilite.gen 
Execute           source /opt/Xilinx/2025.2/Vitis/common/technology/xilinx/scripts/xilinxcoregen.gen 
Execute           source /opt/Xilinx/2025.2/Vitis/common/technology/xilinx/interface/XilEDKCoreGen.gen 
Execute           source /opt/Xilinx/2025.2/Vitis/common/technology/xilinx/ip/xfir.gen 
Execute           source /opt/Xilinx/2025.2/Vitis/common/technology/xilinx/ip/util.gen 
Execute           source /opt/Xilinx/2025.2/Vitis/common/technology/xilinx/ip/xfft.gen 
Execute           source /opt/Xilinx/2025.2/Vitis/common/technology/xilinx/ip/dds_compiler.gen 
Execute           source /opt/Xilinx/2025.2/Vitis/common/technology/xilinx/DSP48/dsp48.gen 
Execute         ap_part_info -name xck26-sfvc784-2LV-c -data info 
Execute         config_compile -quiet -complex-mul-dsp=0 
Command       set_part done; 0.22 sec.
Execute       send_msg_by_id INFO @200-1505@%s%s default  vivado 
INFO: [HLS 200-1505] Using default flow_target 'vivado'
Execute       send_msg_by_id INFO @200-2174@%s%s component hls_config.cfg 
INFO: [HLS 200-2174] Applying component config ini file hls_config.cfg
Execute       apply_ini hls_config.cfg 
Execute         send_msg_by_id INFO @200-1465@%s 'syn.file=/home/nat/dev/trinners/mai_proj/hls/thesis-gcn-accelerator/src/integrated-gcn/integrated_gcn.cpp' from hls_config.cfg(8) 
INFO: [HLS 200-1465] Applying config ini 'syn.file=/home/nat/dev/trinners/mai_proj/hls/thesis-gcn-accelerator/src/integrated-gcn/integrated_gcn.cpp' from hls_config.cfg(8)
Execute         add_files /home/nat/dev/trinners/mai_proj/hls/thesis-gcn-accelerator/src/integrated-gcn/integrated_gcn.cpp 
INFO: [HLS 200-10] Adding design file '/home/nat/dev/trinners/mai_proj/hls/thesis-gcn-accelerator/src/integrated-gcn/integrated_gcn.cpp' to the project
Execute         send_msg_by_id INFO @200-1465@%s 'tb.file=/home/nat/dev/trinners/mai_proj/hls/thesis-gcn-accelerator/src/integrated-gcn/integrated_gcn_tb.cpp' from hls_config.cfg(9) 
INFO: [HLS 200-1465] Applying config ini 'tb.file=/home/nat/dev/trinners/mai_proj/hls/thesis-gcn-accelerator/src/integrated-gcn/integrated_gcn_tb.cpp' from hls_config.cfg(9)
Execute         add_files -tb /home/nat/dev/trinners/mai_proj/hls/thesis-gcn-accelerator/src/integrated-gcn/integrated_gcn_tb.cpp 
INFO: [HLS 200-10] Adding test bench file '/home/nat/dev/trinners/mai_proj/hls/thesis-gcn-accelerator/src/integrated-gcn/integrated_gcn_tb.cpp' to the project
Execute         send_msg_by_id INFO @200-1465@%s 'syn.top=integrated_gcn' from hls_config.cfg(10) 
INFO: [HLS 200-1465] Applying config ini 'syn.top=integrated_gcn' from hls_config.cfg(10)
Execute         set_top integrated_gcn 
Execute         send_msg_by_id INFO @200-1465@%s 'flow_target=vivado' from hls_config.cfg(4) 
INFO: [HLS 200-1465] Applying config ini 'flow_target=vivado' from hls_config.cfg(4)
Execute         send_msg_by_id INFO @200-1505@%s%s  vivado 
INFO: [HLS 200-1505] Using flow_target 'vivado'
Execute         send_msg_by_id INFO @200-1465@%s 'part=xck26-sfvc784-2LV-c' from hls_config.cfg(1) 
INFO: [HLS 200-1465] Applying config ini 'part=xck26-sfvc784-2LV-c' from hls_config.cfg(1)
Execute         set_part xck26-sfvc784-2LV-c 
Execute           create_platform xck26-sfvc784-2LV-c -board  
Execute           source /opt/Xilinx/2025.2/Vitis/common/technology/xilinx/common/xilinx.gen 
Execute             source /opt/Xilinx/2025.2/Vitis/common/technology/xilinx/interface/plb46.gen 
Execute             source /opt/Xilinx/2025.2/Vitis/common/technology/xilinx/interface/axi4.gen 
Execute             source /opt/Xilinx/2025.2/Vitis/common/technology/xilinx/interface/nativeAXI4.gen 
Execute               source /opt/Xilinx/2025.2/Vitis/common/technology/xilinx/interface/saxilite.gen 
Execute             source /opt/Xilinx/2025.2/Vitis/common/technology/xilinx/scripts/xilinxcoregen.gen 
Execute             source /opt/Xilinx/2025.2/Vitis/common/technology/xilinx/interface/XilEDKCoreGen.gen 
Execute             source /opt/Xilinx/2025.2/Vitis/common/technology/xilinx/ip/xfir.gen 
Execute             source /opt/Xilinx/2025.2/Vitis/common/technology/xilinx/ip/util.gen 
Execute             source /opt/Xilinx/2025.2/Vitis/common/technology/xilinx/ip/xfft.gen 
Execute             source /opt/Xilinx/2025.2/Vitis/common/technology/xilinx/ip/dds_compiler.gen 
Execute             source /opt/Xilinx/2025.2/Vitis/common/technology/xilinx/DSP48/dsp48.gen 
Execute           ap_part_info -name xck26-sfvc784-2LV-c -data info 
Execute           config_compile -quiet -complex-mul-dsp=0 
Execute         send_msg_by_id INFO @200-1465@%s 'clock=10' from hls_config.cfg(7) 
INFO: [HLS 200-1465] Applying config ini 'clock=10' from hls_config.cfg(7)
Execute         create_clock -period 10ns 
Execute           ap_set_clock -name default -period 10 -unit ns -default=false 
INFO: [SYN 201-201] Setting up clock 'default' with a period of 10ns.
Execute         send_msg_by_id INFO @200-1465@%s 'package.output.format=ip_catalog' from hls_config.cfg(5) 
INFO: [HLS 200-1465] Applying config ini 'package.output.format=ip_catalog' from hls_config.cfg(5)
Execute         config_export -format=ip_catalog 
Execute       write_component -config /home/nat/dev/trinners/mai_proj/hls/thesis-gcn-accelerator/vitis/integrated_gcn/integrated_gcn/hls_config.cfg 
Execute         send_msg_by_id INFO @200-2176@%s /home/nat/dev/trinners/mai_proj/hls/thesis-gcn-accelerator/vitis/integrated_gcn/integrated_gcn/integrated_gcn/vitis-comp.json 
INFO: [HLS 200-2176] Writing Vitis IDE component file /home/nat/dev/trinners/mai_proj/hls/thesis-gcn-accelerator/vitis/integrated_gcn/integrated_gcn/integrated_gcn/vitis-comp.json
Command     open_solution done; 0.33 sec.
Command   open_component done; 0.33 sec.
Execute   apply_ini /home/nat/dev/trinners/mai_proj/hls/thesis-gcn-accelerator/vitis/integrated_gcn/integrated_gcn/integrated_gcn/hls/config.cmdline -iscmdline 
Execute   ::AP::init_summary_file vivado-impl 
Execute     AP::app_get_file_relativeroot [AP::app_get_root] {}
Execute   export_design -flow impl 
Execute     config_export -flow=impl 
INFO-FLOW: DBG:PUTS: export_design_wrap: -flow impl -format ip_catalog -rtl verilog
Execute     source /home/nat/dev/trinners/mai_proj/hls/thesis-gcn-accelerator/vitis/integrated_gcn/integrated_gcn/integrated_gcn/hls/.autopilot/db/global.setting.tcl 
INFO-FLOW: DBG:PUTS:   auto_impl: pack: -export -rtl verilog
INFO-FLOW: DBG:PROC: ::AESL_AUTOIMPL::auto_impl args='-export -rtl verilog'
Execute     source /home/nat/dev/trinners/mai_proj/hls/thesis-gcn-accelerator/vitis/integrated_gcn/integrated_gcn/integrated_gcn/hls/.autopilot/db/global.setting.tcl 
INFO: [IMPL 213-8] Exporting RTL as a Vivado IP.
INFO-FLOW: DBG:PUTS: automg_wrap -export -pcore_version 1.00.a -rtl vlog -tool Vivado -impltomg_flag
INFO-FLOW: DBG:PROC: ::AESL_AUTOMG::auto_generate args='-export -pcore_version 1.00.a -rtl vlog -tool Vivado -impltomg_flag'
INFO-FLOW: DBG:PUTS:     auto_generate -export -pcore_version 1.00.a -rtl vlog -tool Vivado -impltomg_flag
Execute     source /home/nat/dev/trinners/mai_proj/hls/thesis-gcn-accelerator/vitis/integrated_gcn/integrated_gcn/integrated_gcn/hls/.autopilot/db/global.setting.tcl 
INFO-FLOW: DBG:PUTS: read_platform_lib /home/nat/dev/trinners/mai_proj/hls/thesis-gcn-accelerator/vitis/integrated_gcn/integrated_gcn/integrated_gcn/hls/.autopilot/db/global.setting.tcl
Execute     source /opt/Xilinx/2025.2/Vitis/common/technology/generic/autopilot/common.gen 
Execute       source /opt/Xilinx/2025.2/Vitis/common/technology/generic/autopilot/APCoreGen.gen 
Execute     source /opt/Xilinx/2025.2/Vitis/common/technology/generic/autopilot/op.gen 
Execute     source /opt/Xilinx/2025.2/Vitis/common/technology/generic/autopilot/op_simcore.gen 
Execute     source /opt/Xilinx/2025.2/Vitis/common/technology/generic/autopilot/interface.gen 
Execute     source /home/nat/dev/trinners/mai_proj/hls/thesis-gcn-accelerator/vitis/integrated_gcn/integrated_gcn/integrated_gcn/hls/.autopilot/db/global.setting.tcl 
Execute     source /opt/Xilinx/2025.2/Vitis/common/technology/xilinx/common/xilinx.gen 
Execute       source /opt/Xilinx/2025.2/Vitis/common/technology/xilinx/interface/plb46.gen 
Execute       source /opt/Xilinx/2025.2/Vitis/common/technology/xilinx/interface/axi4.gen 
Execute       source /opt/Xilinx/2025.2/Vitis/common/technology/xilinx/interface/nativeAXI4.gen 
Execute         source /opt/Xilinx/2025.2/Vitis/common/technology/xilinx/interface/saxilite.gen 
Execute       source /opt/Xilinx/2025.2/Vitis/common/technology/xilinx/scripts/xilinxcoregen.gen 
Execute       source /opt/Xilinx/2025.2/Vitis/common/technology/xilinx/interface/XilEDKCoreGen.gen 
Execute       source /opt/Xilinx/2025.2/Vitis/common/technology/xilinx/ip/xfir.gen 
Execute       source /opt/Xilinx/2025.2/Vitis/common/technology/xilinx/ip/util.gen 
Execute       source /opt/Xilinx/2025.2/Vitis/common/technology/xilinx/ip/xfft.gen 
Execute       source /opt/Xilinx/2025.2/Vitis/common/technology/xilinx/ip/dds_compiler.gen 
Execute       source /opt/Xilinx/2025.2/Vitis/common/technology/xilinx/DSP48/dsp48.gen 
INFO-FLOW: DBG:PUTS:   using AESL_AUTOCG::g_clock_period=10.000 (was NA)
INFO-FLOW: DBG:PUTS:       initCTypeInfo top_module=integrated_gcn xml_exists=0
Execute     source /home/nat/dev/trinners/mai_proj/hls/thesis-gcn-accelerator/vitis/integrated_gcn/integrated_gcn/integrated_gcn/hls/.autopilot/db/integrated_gcn.rtl_wrap.cfg.tcl 
Execute     source /home/nat/dev/trinners/mai_proj/hls/thesis-gcn-accelerator/vitis/integrated_gcn/integrated_gcn/integrated_gcn/hls/.autopilot/db/integrated_gcn.rtl_wrap.cfg.tcl 
Execute     source /home/nat/dev/trinners/mai_proj/hls/thesis-gcn-accelerator/vitis/integrated_gcn/integrated_gcn/integrated_gcn/hls/.autopilot/db/integrated_gcn.rtl_wrap.cfg.tcl 
Execute     source /home/nat/dev/trinners/mai_proj/hls/thesis-gcn-accelerator/vitis/integrated_gcn/integrated_gcn/integrated_gcn/hls/.autopilot/db/integrated_gcn.tbgen.tcl 
Execute     source /home/nat/dev/trinners/mai_proj/hls/thesis-gcn-accelerator/vitis/integrated_gcn/integrated_gcn/integrated_gcn/hls/.autopilot/db/integrated_gcn.tbgen.tcl 
Execute     source /home/nat/dev/trinners/mai_proj/hls/thesis-gcn-accelerator/vitis/integrated_gcn/integrated_gcn/integrated_gcn/hls/.autopilot/db/integrated_gcn.tbgen.tcl 
Execute     source /home/nat/dev/trinners/mai_proj/hls/thesis-gcn-accelerator/vitis/integrated_gcn/integrated_gcn/integrated_gcn/hls/.autopilot/db/global.setting.tcl 
Execute     source /home/nat/dev/trinners/mai_proj/hls/thesis-gcn-accelerator/vitis/integrated_gcn/integrated_gcn/integrated_gcn/hls/.autopilot/db/integrated_gcn.tbgen.tcl 
Execute     source /home/nat/dev/trinners/mai_proj/hls/thesis-gcn-accelerator/vitis/integrated_gcn/integrated_gcn/integrated_gcn/hls/.autopilot/db/cosimDB.tcl 
INFO-FLOW: DBG:PUTS:       cosim_export_main adding deadlock detection to integrated_gcn
INFO-FLOW: DBG:PUTS:       generate_datafile_ip_script ip_types={vitis sysgen} #gSsdmPorts=0
INFO-FLOW: DBG:PUTS: Skipping loadAnalyze_DB, #g_database=15
INFO-FLOW: DBG:PUTS:       generate_json generate_bd_files=0 generate_xo_files=false #modelList=63 #gSsdmPorts=0
INFO-FLOW: DBG:PROC: ::AP::DESIGN_DATA::generate_json generate_bd_files='0' generate_xo_files='false' modelList='integrated_gcn_mul_5ns_14ns_17_1_1
integrated_gcn_mac_muladd_7ns_7ns_17s_17_4_1
integrated_gcn_flow_control_loop_pipe
integrated_gcn_flow_control_loop_pipe
integrated_gcn_flow_control_loop_pipe_sequential_init
integrated_gcn_flow_control_loop_pipe_sequential_init
integrated_gcn_sparsemux_33_6_16_1_1
integrated_gcn_mac_muladd_16s_16s_32s_32_4_1
integrated_gcn_flow_control_loop_pipe_sequential_init
integrated_gcn_sparsemux_9_2_32_1_1
integrated_gcn_flow_control_loop_pipe_sequential_init
integrated_gcn_gemm_compute_XW_block_RAM_AUTO_1R1W
integrated_gcn_flow_control_loop_pipe
integrated_gcn_fifo_w512_d16_A
integrated_gcn_fifo_w512_d16_A
integrated_gcn_fifo_w512_d16_A
integrated_gcn_start_for_gemm_compute_U0
integrated_gcn_start_for_gemm_write_U0
integrated_gcn_flow_control_loop_pipe_sequential_init
integrated_gcn_flow_control_loop_pipe_sequential_init
integrated_gcn_flow_control_loop_pipe_sequential_init
integrated_gcn_flow_control_loop_pipe_sequential_init
integrated_gcn_mul_26s_26s_52_1_1
integrated_gcn_flow_control_loop_pipe_sequential_init
integrated_gcn_sparsemux_65_5_32_1_1
integrated_gcn_flow_control_loop_pipe_sequential_init
integrated_gcn_spmm_compute_acc_RAM_AUTO_1R1W
integrated_gcn_spmm_compute_h_buf_RAM_AUTO_1R1W
integrated_gcn_flow_control_loop_pipe
integrated_gcn_fifo_w32_d16_S
integrated_gcn_fifo_w32_d256_A
integrated_gcn_fifo_w16_d256_A
integrated_gcn_fifo_w16_d32_S
integrated_gcn_start_for_spmm_compute_U0
integrated_gcn_start_for_spmm_store_U0
integrated_gcn_gmem0_m_axi
integrated_gcn_gmem1_m_axi
integrated_gcn_gmem2_m_axi
integrated_gcn_gmem3_m_axi
integrated_gcn_gmem4_m_axi
integrated_gcn_gmem5_m_axi
integrated_gcn_gmem6_m_axi
integrated_gcn_control_s_axi
gemm_read_X
gemm_read_W
gemm_compute_Pipeline_COMP_INIT
gemm_compute_Pipeline_COMP_LOAD_XW
gemm_compute_Pipeline_COMP_I
gemm_compute_Pipeline_COMP_EMIT_VITIS_LOOP_146_4
gemm_compute
gemm_write
gemm_stage
spmm_load_csr_Pipeline_LOAD_ROWS
spmm_load_csr_Pipeline_LOAD_NNZ
spmm_load_csr
spmm_compute_Pipeline_SPMM_INIT
spmm_compute_Pipeline_SPMM_LOAD_H
spmm_compute_Pipeline_SPMM_MAC
spmm_compute_Pipeline_SPMM_WRITE
spmm_compute
spmm_store
spmm_stage
integrated_gcn
' rtl_lang='vlog' bootstrap_tcl='false' outdir='' outfilename=''
Execute     source /home/nat/dev/trinners/mai_proj/hls/thesis-gcn-accelerator/vitis/integrated_gcn/integrated_gcn/integrated_gcn/hls/.autopilot/db/global.setting.tcl 
Execute     source /home/nat/dev/trinners/mai_proj/hls/thesis-gcn-accelerator/vitis/integrated_gcn/integrated_gcn/integrated_gcn/hls/.autopilot/db/global.setting.tcl 
Execute     source /home/nat/dev/trinners/mai_proj/hls/thesis-gcn-accelerator/vitis/integrated_gcn/integrated_gcn/integrated_gcn/hls/.autopilot/db/top-io-be.tcl 
Execute     source /home/nat/dev/trinners/mai_proj/hls/thesis-gcn-accelerator/vitis/integrated_gcn/integrated_gcn/integrated_gcn/hls/.autopilot/db/integrated_gcn.tbgen.tcl 
Execute     source /home/nat/dev/trinners/mai_proj/hls/thesis-gcn-accelerator/vitis/integrated_gcn/integrated_gcn/integrated_gcn/hls/.autopilot/db/integrated_gcn.compgen.dataonly.tcl 
Execute     source /home/nat/dev/trinners/mai_proj/hls/thesis-gcn-accelerator/vitis/integrated_gcn/integrated_gcn/integrated_gcn/hls/.autopilot/db/integrated_gcn.compgen.dataonly.tcl 
Execute     source /home/nat/dev/trinners/mai_proj/hls/thesis-gcn-accelerator/vitis/integrated_gcn/integrated_gcn/integrated_gcn/hls/.autopilot/db/integrated_gcn.rtl_wrap.cfg.tcl 
Execute     source /home/nat/dev/trinners/mai_proj/hls/thesis-gcn-accelerator/vitis/integrated_gcn/integrated_gcn/integrated_gcn/hls/.autopilot/db/integrated_gcn.compgen.dataonly.tcl 
Execute     source /home/nat/dev/trinners/mai_proj/hls/thesis-gcn-accelerator/vitis/integrated_gcn/integrated_gcn/integrated_gcn/hls/.autopilot/db/gemm_read_X.tbgen.tcl 
Execute     source /home/nat/dev/trinners/mai_proj/hls/thesis-gcn-accelerator/vitis/integrated_gcn/integrated_gcn/integrated_gcn/hls/.autopilot/db/gemm_read_W.tbgen.tcl 
Execute     source /home/nat/dev/trinners/mai_proj/hls/thesis-gcn-accelerator/vitis/integrated_gcn/integrated_gcn/integrated_gcn/hls/.autopilot/db/gemm_compute_Pipeline_COMP_INIT.tbgen.tcl 
Execute     source /home/nat/dev/trinners/mai_proj/hls/thesis-gcn-accelerator/vitis/integrated_gcn/integrated_gcn/integrated_gcn/hls/.autopilot/db/gemm_compute_Pipeline_COMP_LOAD_XW.tbgen.tcl 
Execute     source /home/nat/dev/trinners/mai_proj/hls/thesis-gcn-accelerator/vitis/integrated_gcn/integrated_gcn/integrated_gcn/hls/.autopilot/db/gemm_compute_Pipeline_COMP_I.tbgen.tcl 
Execute     source /home/nat/dev/trinners/mai_proj/hls/thesis-gcn-accelerator/vitis/integrated_gcn/integrated_gcn/integrated_gcn/hls/.autopilot/db/gemm_compute_Pipeline_COMP_EMIT_VITIS_LOOP_146_4.tbgen.tcl 
Execute     source /home/nat/dev/trinners/mai_proj/hls/thesis-gcn-accelerator/vitis/integrated_gcn/integrated_gcn/integrated_gcn/hls/.autopilot/db/gemm_compute.tbgen.tcl 
Execute     source /home/nat/dev/trinners/mai_proj/hls/thesis-gcn-accelerator/vitis/integrated_gcn/integrated_gcn/integrated_gcn/hls/.autopilot/db/gemm_write.tbgen.tcl 
Execute     source /home/nat/dev/trinners/mai_proj/hls/thesis-gcn-accelerator/vitis/integrated_gcn/integrated_gcn/integrated_gcn/hls/.autopilot/db/gemm_stage.tbgen.tcl 
Execute     source /home/nat/dev/trinners/mai_proj/hls/thesis-gcn-accelerator/vitis/integrated_gcn/integrated_gcn/integrated_gcn/hls/.autopilot/db/spmm_load_csr_Pipeline_LOAD_ROWS.tbgen.tcl 
Execute     source /home/nat/dev/trinners/mai_proj/hls/thesis-gcn-accelerator/vitis/integrated_gcn/integrated_gcn/integrated_gcn/hls/.autopilot/db/spmm_load_csr_Pipeline_LOAD_NNZ.tbgen.tcl 
Execute     source /home/nat/dev/trinners/mai_proj/hls/thesis-gcn-accelerator/vitis/integrated_gcn/integrated_gcn/integrated_gcn/hls/.autopilot/db/spmm_load_csr.tbgen.tcl 
Execute     source /home/nat/dev/trinners/mai_proj/hls/thesis-gcn-accelerator/vitis/integrated_gcn/integrated_gcn/integrated_gcn/hls/.autopilot/db/spmm_compute_Pipeline_SPMM_INIT.tbgen.tcl 
Execute     source /home/nat/dev/trinners/mai_proj/hls/thesis-gcn-accelerator/vitis/integrated_gcn/integrated_gcn/integrated_gcn/hls/.autopilot/db/spmm_compute_Pipeline_SPMM_LOAD_H.tbgen.tcl 
Execute     source /home/nat/dev/trinners/mai_proj/hls/thesis-gcn-accelerator/vitis/integrated_gcn/integrated_gcn/integrated_gcn/hls/.autopilot/db/spmm_compute_Pipeline_SPMM_MAC.tbgen.tcl 
Execute     source /home/nat/dev/trinners/mai_proj/hls/thesis-gcn-accelerator/vitis/integrated_gcn/integrated_gcn/integrated_gcn/hls/.autopilot/db/spmm_compute_Pipeline_SPMM_WRITE.tbgen.tcl 
Execute     source /home/nat/dev/trinners/mai_proj/hls/thesis-gcn-accelerator/vitis/integrated_gcn/integrated_gcn/integrated_gcn/hls/.autopilot/db/spmm_compute.tbgen.tcl 
Execute     source /home/nat/dev/trinners/mai_proj/hls/thesis-gcn-accelerator/vitis/integrated_gcn/integrated_gcn/integrated_gcn/hls/.autopilot/db/spmm_store.tbgen.tcl 
Execute     source /home/nat/dev/trinners/mai_proj/hls/thesis-gcn-accelerator/vitis/integrated_gcn/integrated_gcn/integrated_gcn/hls/.autopilot/db/spmm_stage.tbgen.tcl 
Execute     source /home/nat/dev/trinners/mai_proj/hls/thesis-gcn-accelerator/vitis/integrated_gcn/integrated_gcn/integrated_gcn/hls/.autopilot/db/integrated_gcn.tbgen.tcl 
Execute     source /home/nat/dev/trinners/mai_proj/hls/thesis-gcn-accelerator/vitis/integrated_gcn/integrated_gcn/integrated_gcn/hls/.autopilot/db/global.setting.tcl 
Execute     ap_part_info -name xck26-sfvc784-2LV-c -data names -quiet 
Execute     ap_part_info -name xck26-sfvc784-2LV-c -data info -quiet 
Execute     source /home/nat/dev/trinners/mai_proj/hls/thesis-gcn-accelerator/vitis/integrated_gcn/integrated_gcn/integrated_gcn/hls/.autopilot/db/integrated_gcn.constraint.tcl 
Execute     sc_get_clocks integrated_gcn 
Execute     source /home/nat/dev/trinners/mai_proj/hls/thesis-gcn-accelerator/vitis/integrated_gcn/integrated_gcn/integrated_gcn/hls/.autopilot/db/global.setting.tcl 
Execute     source /opt/Xilinx/2025.2/Vitis/tps/tcl/tcllib2.0/fileutil/fileutil.tcl 
Execute       source /opt/Xilinx/2025.2/Vitis/tps/tcl/tcllib2.0/cmdline/cmdline.tcl 
INFO-FLOW: DBG:PUTS:       generate_syn_sh
Execute     ap_part_info -name xck26-sfvc784-2LV-c -data names -quiet 
Execute     ap_part_info -name xck26-sfvc784-2LV-c -data info -quiet 
Execute     source /home/nat/dev/trinners/mai_proj/hls/thesis-gcn-accelerator/vitis/integrated_gcn/integrated_gcn/integrated_gcn/hls/.autopilot/db/global.setting.tcl 
INFO-FLOW: DBG:PUTS:       generate_imp_constraints
Execute     ap_part_info -name xck26-sfvc784-2LV-c -data names -quiet 
Execute     ap_part_info -name xck26-sfvc784-2LV-c -data info -quiet 
Execute     source /home/nat/dev/trinners/mai_proj/hls/thesis-gcn-accelerator/vitis/integrated_gcn/integrated_gcn/integrated_gcn/hls/.autopilot/db/integrated_gcn.constraint.tcl 
Execute     source /home/nat/dev/trinners/mai_proj/hls/thesis-gcn-accelerator/vitis/integrated_gcn/integrated_gcn/integrated_gcn/hls/.autopilot/db/integrated_gcn.tbgen.tcl 
INFO-FLOW: DBG:PUTS:       delete-temp-dirs pwd=/home/nat/dev/trinners/mai_proj/hls/thesis-gcn-accelerator/vitis/integrated_gcn/integrated_gcn/integrated_gcn/hls
Execute     ap_part_info -name xck26-sfvc784-2LV-c -data names -quiet 
Execute     ap_part_info -name xck26-sfvc784-2LV-c -data info -quiet 
INFO-FLOW: DBG:PUTS: read_platform_lib /home/nat/dev/trinners/mai_proj/hls/thesis-gcn-accelerator/vitis/integrated_gcn/integrated_gcn/integrated_gcn/hls/.autopilot/db/global.setting.tcl
Execute     source /opt/Xilinx/2025.2/Vitis/common/technology/generic/autopilot/common.gen 
Execute       source /opt/Xilinx/2025.2/Vitis/common/technology/generic/autopilot/APCoreGen.gen 
Execute     source /opt/Xilinx/2025.2/Vitis/common/technology/generic/autopilot/op.gen 
Execute     source /opt/Xilinx/2025.2/Vitis/common/technology/generic/autopilot/op_simcore.gen 
Execute     source /opt/Xilinx/2025.2/Vitis/common/technology/generic/autopilot/interface.gen 
Execute     source /home/nat/dev/trinners/mai_proj/hls/thesis-gcn-accelerator/vitis/integrated_gcn/integrated_gcn/integrated_gcn/hls/.autopilot/db/global.setting.tcl 
Execute     source /opt/Xilinx/2025.2/Vitis/common/technology/xilinx/common/xilinx.gen 
Execute       source /opt/Xilinx/2025.2/Vitis/common/technology/xilinx/interface/plb46.gen 
Execute       source /opt/Xilinx/2025.2/Vitis/common/technology/xilinx/interface/axi4.gen 
Execute       source /opt/Xilinx/2025.2/Vitis/common/technology/xilinx/interface/nativeAXI4.gen 
Execute         source /opt/Xilinx/2025.2/Vitis/common/technology/xilinx/interface/saxilite.gen 
Execute       source /opt/Xilinx/2025.2/Vitis/common/technology/xilinx/scripts/xilinxcoregen.gen 
Execute       source /opt/Xilinx/2025.2/Vitis/common/technology/xilinx/interface/XilEDKCoreGen.gen 
Execute       source /opt/Xilinx/2025.2/Vitis/common/technology/xilinx/ip/xfir.gen 
Execute       source /opt/Xilinx/2025.2/Vitis/common/technology/xilinx/ip/util.gen 
Execute       source /opt/Xilinx/2025.2/Vitis/common/technology/xilinx/ip/xfft.gen 
Execute       source /opt/Xilinx/2025.2/Vitis/common/technology/xilinx/ip/dds_compiler.gen 
Execute       source /opt/Xilinx/2025.2/Vitis/common/technology/xilinx/DSP48/dsp48.gen 
INFO-FLOW: DBG:PUTS:     IP package: exec /home/nat/dev/trinners/mai_proj/hls/thesis-gcn-accelerator/vitis/integrated_gcn/integrated_gcn/integrated_gcn/hls/impl/ip/pack.sh
INFO-FLOW: DBG:PUTS:     IP package: success /home/nat/dev/trinners/mai_proj/hls/thesis-gcn-accelerator/vitis/integrated_gcn/integrated_gcn/integrated_gcn/hls/impl/ip/pack.sh
INFO-FLOW: DBG:PUTS:   auto_impl: eval: -flow impl -rtl verilog
INFO-FLOW: DBG:PROC: ::AESL_AUTOIMPL::auto_impl args='-flow impl -rtl verilog'
Execute     source /home/nat/dev/trinners/mai_proj/hls/thesis-gcn-accelerator/vitis/integrated_gcn/integrated_gcn/integrated_gcn/hls/.autopilot/db/global.setting.tcl 
INFO: [IMPL 213-8] Starting RTL evaluation using Vivado ...
INFO-FLOW: DBG:PUTS: automg_wrap -rtl vlog -tool Vivado -impltomg_flag
INFO-FLOW: DBG:PROC: ::AESL_AUTOMG::auto_generate args='-rtl vlog -tool Vivado -impltomg_flag'
INFO-FLOW: DBG:PUTS:     auto_generate -rtl vlog -tool Vivado -impltomg_flag
Execute     source /home/nat/dev/trinners/mai_proj/hls/thesis-gcn-accelerator/vitis/integrated_gcn/integrated_gcn/integrated_gcn/hls/.autopilot/db/global.setting.tcl 
INFO-FLOW: DBG:PUTS: read_platform_lib /home/nat/dev/trinners/mai_proj/hls/thesis-gcn-accelerator/vitis/integrated_gcn/integrated_gcn/integrated_gcn/hls/.autopilot/db/global.setting.tcl
Execute     source /opt/Xilinx/2025.2/Vitis/common/technology/generic/autopilot/common.gen 
Execute       source /opt/Xilinx/2025.2/Vitis/common/technology/generic/autopilot/APCoreGen.gen 
Execute     source /opt/Xilinx/2025.2/Vitis/common/technology/generic/autopilot/op.gen 
Execute     source /opt/Xilinx/2025.2/Vitis/common/technology/generic/autopilot/op_simcore.gen 
Execute     source /opt/Xilinx/2025.2/Vitis/common/technology/generic/autopilot/interface.gen 
Execute     source /home/nat/dev/trinners/mai_proj/hls/thesis-gcn-accelerator/vitis/integrated_gcn/integrated_gcn/integrated_gcn/hls/.autopilot/db/global.setting.tcl 
Execute     source /opt/Xilinx/2025.2/Vitis/common/technology/xilinx/common/xilinx.gen 
Execute       source /opt/Xilinx/2025.2/Vitis/common/technology/xilinx/interface/plb46.gen 
Execute       source /opt/Xilinx/2025.2/Vitis/common/technology/xilinx/interface/axi4.gen 
Execute       source /opt/Xilinx/2025.2/Vitis/common/technology/xilinx/interface/nativeAXI4.gen 
Execute         source /opt/Xilinx/2025.2/Vitis/common/technology/xilinx/interface/saxilite.gen 
Execute       source /opt/Xilinx/2025.2/Vitis/common/technology/xilinx/scripts/xilinxcoregen.gen 
Execute       source /opt/Xilinx/2025.2/Vitis/common/technology/xilinx/interface/XilEDKCoreGen.gen 
Execute       source /opt/Xilinx/2025.2/Vitis/common/technology/xilinx/ip/xfir.gen 
Execute       source /opt/Xilinx/2025.2/Vitis/common/technology/xilinx/ip/util.gen 
Execute       source /opt/Xilinx/2025.2/Vitis/common/technology/xilinx/ip/xfft.gen 
Execute       source /opt/Xilinx/2025.2/Vitis/common/technology/xilinx/ip/dds_compiler.gen 
Execute       source /opt/Xilinx/2025.2/Vitis/common/technology/xilinx/DSP48/dsp48.gen 
INFO-FLOW: DBG:PUTS:       generate_syn_sh
Execute     ap_part_info -name xck26-sfvc784-2LV-c -data names -quiet 
Execute     ap_part_info -name xck26-sfvc784-2LV-c -data info -quiet 
Execute     source /home/nat/dev/trinners/mai_proj/hls/thesis-gcn-accelerator/vitis/integrated_gcn/integrated_gcn/integrated_gcn/hls/.autopilot/db/global.setting.tcl 
INFO-FLOW: DBG:PUTS:       generate_imp_constraints
Execute     ap_part_info -name xck26-sfvc784-2LV-c -data names -quiet 
Execute     ap_part_info -name xck26-sfvc784-2LV-c -data info -quiet 
Execute     source /home/nat/dev/trinners/mai_proj/hls/thesis-gcn-accelerator/vitis/integrated_gcn/integrated_gcn/integrated_gcn/hls/.autopilot/db/integrated_gcn.constraint.tcl 
Execute     source /home/nat/dev/trinners/mai_proj/hls/thesis-gcn-accelerator/vitis/integrated_gcn/integrated_gcn/integrated_gcn/hls/.autopilot/db/integrated_gcn.tbgen.tcl 
INFO-FLOW: DBG:PUTS:       delete-temp-dirs pwd=/home/nat/dev/trinners/mai_proj/hls/thesis-gcn-accelerator/vitis/integrated_gcn/integrated_gcn/integrated_gcn/hls
Execute     ap_part_info -name xck26-sfvc784-2LV-c -data names -quiet 
Execute     ap_part_info -name xck26-sfvc784-2LV-c -data info -quiet 
INFO-FLOW: DBG:PUTS: read_platform_lib /home/nat/dev/trinners/mai_proj/hls/thesis-gcn-accelerator/vitis/integrated_gcn/integrated_gcn/integrated_gcn/hls/.autopilot/db/global.setting.tcl
Execute     source /opt/Xilinx/2025.2/Vitis/common/technology/generic/autopilot/common.gen 
Execute       source /opt/Xilinx/2025.2/Vitis/common/technology/generic/autopilot/APCoreGen.gen 
Execute     source /opt/Xilinx/2025.2/Vitis/common/technology/generic/autopilot/op.gen 
Execute     source /opt/Xilinx/2025.2/Vitis/common/technology/generic/autopilot/op_simcore.gen 
Execute     source /opt/Xilinx/2025.2/Vitis/common/technology/generic/autopilot/interface.gen 
Execute     source /home/nat/dev/trinners/mai_proj/hls/thesis-gcn-accelerator/vitis/integrated_gcn/integrated_gcn/integrated_gcn/hls/.autopilot/db/global.setting.tcl 
Execute     source /opt/Xilinx/2025.2/Vitis/common/technology/xilinx/common/xilinx.gen 
Execute       source /opt/Xilinx/2025.2/Vitis/common/technology/xilinx/interface/plb46.gen 
Execute       source /opt/Xilinx/2025.2/Vitis/common/technology/xilinx/interface/axi4.gen 
Execute       source /opt/Xilinx/2025.2/Vitis/common/technology/xilinx/interface/nativeAXI4.gen 
Execute         source /opt/Xilinx/2025.2/Vitis/common/technology/xilinx/interface/saxilite.gen 
Execute       source /opt/Xilinx/2025.2/Vitis/common/technology/xilinx/scripts/xilinxcoregen.gen 
Execute       source /opt/Xilinx/2025.2/Vitis/common/technology/xilinx/interface/XilEDKCoreGen.gen 
Execute       source /opt/Xilinx/2025.2/Vitis/common/technology/xilinx/ip/xfir.gen 
Execute       source /opt/Xilinx/2025.2/Vitis/common/technology/xilinx/ip/util.gen 
Execute       source /opt/Xilinx/2025.2/Vitis/common/technology/xilinx/ip/xfft.gen 
Execute       source /opt/Xilinx/2025.2/Vitis/common/technology/xilinx/ip/dds_compiler.gen 
Execute       source /opt/Xilinx/2025.2/Vitis/common/technology/xilinx/DSP48/dsp48.gen 
Execute     source /home/nat/dev/trinners/mai_proj/hls/thesis-gcn-accelerator/vitis/integrated_gcn/integrated_gcn/integrated_gcn/hls/.autopilot/db/autopilot.rtl.models.tcl 
Execute     source /home/nat/dev/trinners/mai_proj/hls/thesis-gcn-accelerator/vitis/integrated_gcn/integrated_gcn/integrated_gcn/hls/.autopilot/db/global.setting.tcl 
Execute     ap_part_info -name xck26-sfvc784-2LV-c -data names -quiet 
Execute     ap_part_info -name xck26-sfvc784-2LV-c -data info -quiet 
INFO-FLOW: DBG:PUTS: debug_in_auto_impl: vlog exec /home/nat/dev/trinners/mai_proj/hls/thesis-gcn-accelerator/vitis/integrated_gcn/integrated_gcn/integrated_gcn/hls/impl/verilog/impl.sh
INFO-FLOW: DBG:PROC: ::HLSREPORTS::auto_impl_report topinfo_dict='RtlTopPrefix {} RtlSubPrefix integrated_gcn_ TopModuleNoPrefix integrated_gcn TopModuleWithPrefix integrated_gcn' export_design_flow='impl' impl_dir='/home/nat/dev/trinners/mai_proj/hls/thesis-gcn-accelerator/vitis/integrated_gcn/integrated_gcn/integrated_gcn/hls/impl' lang='verilog' out_dir='' flow_names=''
INFO-FLOW: Running: auto_impl_report read csynth_xml
INFO-FLOW: Done: auto_impl_report read csynth_xml time: 0 seconds 
INFO-FLOW: Running: auto_impl_report gen module_node_dict
INFO-FLOW: Done: auto_impl_report gen module_node_dict time: 0 seconds 
INFO-FLOW: Running: auto_impl_report get_csynth_rtlinst_dict
INFO-FLOW: Done: auto_impl_report get_csynth_rtlinst_dict time: 0 seconds 
INFO-FLOW: DBG:PUTS:     auto_impl_report: impl processing xml
INFO-FLOW: Running: auto_impl_report flow=impl process xml nodes: RtlModule (663)
INFO-FLOW: Done: auto_impl_report flow=impl process xml nodes: RtlModule (663) time: 0 seconds 
INFO-FLOW: Running: auto_impl_report flow=impl process xml nodes: TimingPaths (5)
INFO-FLOW: Done: auto_impl_report flow=impl process xml nodes: TimingPaths (5) time: 0 seconds 
Execute     ap_part_info -quiet -data family -name xck26-sfvc784-2LV-c 
INFO-FLOW: Running: auto_impl_report flow=impl write xml /home/nat/dev/trinners/mai_proj/hls/thesis-gcn-accelerator/vitis/integrated_gcn/integrated_gcn/integrated_gcn/hls/impl/report/verilog/export_impl.xml
INFO-FLOW: Done: auto_impl_report flow=impl write xml /home/nat/dev/trinners/mai_proj/hls/thesis-gcn-accelerator/vitis/integrated_gcn/integrated_gcn/integrated_gcn/hls/impl/report/verilog/export_impl.xml time: 0 seconds 
INFO-FLOW: Running: auto_impl_report flow=impl auto_impl_report_txt /home/nat/dev/trinners/mai_proj/hls/thesis-gcn-accelerator/vitis/integrated_gcn/integrated_gcn/integrated_gcn/hls/impl/report/verilog/export_impl.rpt
INFO-FLOW: DBG:PROC: ::HLSREPORTS::auto_impl_report_txt xml_root='domNode0x7bb1d34d96b8' export_design_flow='impl' export_rpt='/home/nat/dev/trinners/mai_proj/hls/thesis-gcn-accelerator/vitis/integrated_gcn/integrated_gcn/integrated_gcn/hls/impl/report/verilog/export_impl.rpt' rpt_txt_var=''
INFO-FLOW: DBG:PUTS:     wrote export rpt file: export_impl.rpt
INFO-FLOW: Done: auto_impl_report flow=impl auto_impl_report_txt /home/nat/dev/trinners/mai_proj/hls/thesis-gcn-accelerator/vitis/integrated_gcn/integrated_gcn/integrated_gcn/hls/impl/report/verilog/export_impl.rpt time: 0 seconds 
INFO-FLOW: DBG:PUTS:     auto_impl_report: syn processing xml
INFO-FLOW: Running: auto_impl_report flow=syn process xml nodes: RtlModule (663)
INFO-FLOW: Done: auto_impl_report flow=syn process xml nodes: RtlModule (663) time: 0 seconds 
INFO-FLOW: Running: auto_impl_report flow=syn process xml nodes: TimingPaths (5)
INFO-FLOW: Done: auto_impl_report flow=syn process xml nodes: TimingPaths (5) time: 0 seconds 
Execute     ap_part_info -quiet -data family -name xck26-sfvc784-2LV-c 
INFO-FLOW: Running: auto_impl_report flow=syn write xml /home/nat/dev/trinners/mai_proj/hls/thesis-gcn-accelerator/vitis/integrated_gcn/integrated_gcn/integrated_gcn/hls/impl/report/verilog/export_syn.xml
INFO-FLOW: Done: auto_impl_report flow=syn write xml /home/nat/dev/trinners/mai_proj/hls/thesis-gcn-accelerator/vitis/integrated_gcn/integrated_gcn/integrated_gcn/hls/impl/report/verilog/export_syn.xml time: 0 seconds 
INFO-FLOW: Running: auto_impl_report flow=syn auto_impl_report_txt /home/nat/dev/trinners/mai_proj/hls/thesis-gcn-accelerator/vitis/integrated_gcn/integrated_gcn/integrated_gcn/hls/impl/report/verilog/export_syn.rpt
INFO-FLOW: DBG:PROC: ::HLSREPORTS::auto_impl_report_txt xml_root='domNode0x7bb1d39b47c8' export_design_flow='syn' export_rpt='/home/nat/dev/trinners/mai_proj/hls/thesis-gcn-accelerator/vitis/integrated_gcn/integrated_gcn/integrated_gcn/hls/impl/report/verilog/export_syn.rpt' rpt_txt_var=''
INFO-FLOW: DBG:PUTS:     wrote export rpt file: export_syn.rpt
INFO-FLOW: Done: auto_impl_report flow=syn auto_impl_report_txt /home/nat/dev/trinners/mai_proj/hls/thesis-gcn-accelerator/vitis/integrated_gcn/integrated_gcn/integrated_gcn/hls/impl/report/verilog/export_syn.rpt time: 0 seconds 
Execute     send_msg_by_id INFO @200-802@%s integrated_gcn/integrated_gcn.zip 
INFO: [HLS 200-802] Generated output file integrated_gcn/integrated_gcn.zip
Command   export_design done; 1422.77 sec.
Execute   close_project 
Execute     close_solution 
Execute       cleanup_all 
Execute       cleanup_all 
