

================================================================
== Vitis HLS Report for 'spmm_compute_Pipeline_SPMM_WRITE'
================================================================
* Date:           Thu Apr 16 11:31:56 2026

* Version:        2025.2 (Build 6295257 on Nov 14 2025)
* Project:        integrated_gcn
* Solution:       hls (Vivado IP Flow Target)
* Product family: zynquplus
* Target device:  xck26-sfvc784-2LV-c


================================================================
== Performance Estimates
================================================================
+ Timing: 
    * Summary: 
    +--------+----------+----------+------------+
    |  Clock |  Target  | Estimated| Uncertainty|
    +--------+----------+----------+------------+
    |ap_clk  |  10.00 ns|  5.173 ns|     2.70 ns|
    +--------+----------+----------+------------+

+ Latency: 
    * Summary: 
    +---------+---------+----------+----------+-----+-----+-------------------+
    |  Latency (cycles) |  Latency (absolute) |  Interval |      Pipeline     |
    |   min   |   max   |    min   |    max   | min | max |        Type       |
    +---------+---------+----------+----------+-----+-----+-------------------+
    |       66|       66|  0.660 us|  0.660 us|    0|    0|  loop pipeline stp|
    +---------+---------+----------+----------+-----+-----+-------------------+

    + Detail: 
        * Instance: 
        N/A

        * Loop: 
        +--------------+---------+---------+----------+-----------+-----------+------+----------+
        |              |  Latency (cycles) | Iteration|  Initiation Interval  | Trip |          |
        |   Loop Name  |   min   |   max   |  Latency |  achieved |   target  | Count| Pipelined|
        +--------------+---------+---------+----------+-----------+-----------+------+----------+
        |- SPMM_WRITE  |       64|       64|         2|          1|          1|    64|       yes|
        +--------------+---------+---------+----------+-----------+-----------+------+----------+



================================================================
== Utilization Estimates
================================================================
* Summary: 
+-----------------+---------+------+--------+--------+-----+
|       Name      | BRAM_18K|  DSP |   FF   |   LUT  | URAM|
+-----------------+---------+------+--------+--------+-----+
|DSP              |        -|     -|       -|       -|    -|
|Expression       |        -|     -|       0|     158|    -|
|FIFO             |        -|     -|       -|       -|    -|
|Instance         |        -|     -|       0|     148|    -|
|Memory           |        -|     -|       -|       -|    -|
|Multiplexer      |        -|     -|       0|      45|    -|
|Register         |        -|     -|      15|       -|    -|
+-----------------+---------+------+--------+--------+-----+
|Total            |        0|     0|      15|     351|    0|
+-----------------+---------+------+--------+--------+-----+
|Available        |      288|  1248|  234240|  117120|   64|
+-----------------+---------+------+--------+--------+-----+
|Utilization (%)  |        0|     0|      ~0|      ~0|    0|
+-----------------+---------+------+--------+--------+-----+

+ Detail: 
    * Instance: 
    +-----------------------------+-----------------------+---------+----+---+-----+-----+
    |           Instance          |         Module        | BRAM_18K| DSP| FF| LUT | URAM|
    +-----------------------------+-----------------------+---------+----+---+-----+-----+
    |sparsemux_65_5_32_1_1_U1663  |sparsemux_65_5_32_1_1  |        0|   0|  0|  148|    0|
    +-----------------------------+-----------------------+---------+----+---+-----+-----+
    |Total                        |                       |        0|   0|  0|  148|    0|
    +-----------------------------+-----------------------+---------+----+---+-----+-----+

    * DSP: 
    N/A

    * Memory: 
    N/A

    * FIFO: 
    N/A

    * Expression: 
    +---------------------------+----------+----+---+----+------------+------------+
    |       Variable Name       | Operation| DSP| FF| LUT| Bitwidth P0| Bitwidth P1|
    +---------------------------+----------+----+---+----+------------+------------+
    |add_ln274_fu_645_p2        |         +|   0|  0|  14|           7|           1|
    |add_ln276_fu_877_p2        |         +|   0|  0|  23|          16|          16|
    |and_ln276_1_fu_959_p2      |       and|   0|  0|   2|           1|           1|
    |and_ln276_2_fu_973_p2      |       and|   0|  0|   2|           1|           1|
    |and_ln276_3_fu_997_p2      |       and|   0|  0|   2|           1|           1|
    |and_ln276_4_fu_1003_p2     |       and|   0|  0|   2|           1|           1|
    |and_ln276_5_fu_1021_p2     |       and|   0|  0|   2|           1|           1|
    |and_ln276_fu_897_p2        |       and|   0|  0|   2|           1|           1|
    |ap_block_pp0_stage0_01001  |       and|   0|  0|   2|           1|           1|
    |icmp_ln274_fu_639_p2       |      icmp|   0|  0|  15|           7|           8|
    |icmp_ln276_1_fu_933_p2     |      icmp|   0|  0|  13|           6|           2|
    |icmp_ln276_2_fu_939_p2     |      icmp|   0|  0|  13|           6|           1|
    |icmp_ln276_fu_919_p2       |      icmp|   0|  0|  12|           5|           2|
    |or_ln276_1_fu_1035_p2      |        or|   0|  0|   2|           1|           1|
    |or_ln276_2_fu_1009_p2      |        or|   0|  0|   2|           1|           1|
    |or_ln276_fu_985_p2         |        or|   0|  0|   2|           1|           1|
    |result_fifo_din            |    select|   0|  0|  16|           1|          16|
    |select_ln276_1_fu_965_p3   |    select|   0|  0|   2|           1|           1|
    |select_ln276_2_fu_1027_p3  |    select|   0|  0|  16|           1|          15|
    |select_ln276_fu_945_p3     |    select|   0|  0|   2|           1|           1|
    |ap_enable_pp0              |       xor|   0|  0|   2|           1|           2|
    |xor_ln276_1_fu_953_p2      |       xor|   0|  0|   2|           1|           2|
    |xor_ln276_2_fu_979_p2      |       xor|   0|  0|   2|           1|           2|
    |xor_ln276_3_fu_991_p2      |       xor|   0|  0|   2|           1|           2|
    |xor_ln276_4_fu_1015_p2     |       xor|   0|  0|   2|           1|           2|
    |xor_ln276_fu_891_p2        |       xor|   0|  0|   2|           1|           2|
    +---------------------------+----------+----+---+----+------------+------------+
    |Total                      |          |   0|  0| 158|          67|          85|
    +---------------------------+----------+----+---+----+------------+------------+

    * Multiplexer: 
    +-------------------------+----+-----------+-----+-----------+
    |           Name          | LUT| Input Size| Bits| Total Bits|
    +-------------------------+----+-----------+-----+-----------+
    |ap_done_int              |   9|          2|    1|          2|
    |ap_enable_reg_pp0_iter1  |   9|          2|    1|          2|
    |ap_sig_allocacmp_f_2     |   9|          2|    7|         14|
    |f_fu_204                 |   9|          2|    7|         14|
    |result_fifo_blk_n        |   9|          2|    1|          2|
    +-------------------------+----+-----------+-----+-----------+
    |Total                    |  45|         10|   17|         34|
    +-------------------------+----+-----------+-----+-----------+

    * Register: 
    +-------------------------+---+----+-----+-----------+
    |           Name          | FF| LUT| Bits| Const Bits|
    +-------------------------+---+----+-----+-----------+
    |ap_CS_fsm                |  1|   0|    1|          0|
    |ap_done_reg              |  1|   0|    1|          0|
    |ap_enable_reg_pp0_iter1  |  1|   0|    1|          0|
    |f_fu_204                 |  7|   0|    7|          0|
    |trunc_ln274_reg_1060     |  5|   0|    5|          0|
    +-------------------------+---+----+-----+-----------+
    |Total                    | 15|   0|   15|          0|
    +-------------------------+---+----+-----+-----------+



================================================================
== Interface
================================================================
* Summary: 
+----------------------------+-----+-----+------------+----------------------------------+--------------+
|          RTL Ports         | Dir | Bits|  Protocol  |           Source Object          |    C Type    |
+----------------------------+-----+-----+------------+----------------------------------+--------------+
|ap_clk                      |   in|    1|  ap_ctrl_hs|  spmm_compute_Pipeline_SPMM_WRITE|  return value|
|ap_rst                      |   in|    1|  ap_ctrl_hs|  spmm_compute_Pipeline_SPMM_WRITE|  return value|
|ap_start                    |   in|    1|  ap_ctrl_hs|  spmm_compute_Pipeline_SPMM_WRITE|  return value|
|ap_done                     |  out|    1|  ap_ctrl_hs|  spmm_compute_Pipeline_SPMM_WRITE|  return value|
|ap_idle                     |  out|    1|  ap_ctrl_hs|  spmm_compute_Pipeline_SPMM_WRITE|  return value|
|ap_ready                    |  out|    1|  ap_ctrl_hs|  spmm_compute_Pipeline_SPMM_WRITE|  return value|
|result_fifo_din             |  out|   16|     ap_fifo|                       result_fifo|       pointer|
|result_fifo_full_n          |   in|    1|     ap_fifo|                       result_fifo|       pointer|
|result_fifo_write           |  out|    1|     ap_fifo|                       result_fifo|       pointer|
|result_fifo_num_data_valid  |   in|   32|     ap_fifo|                       result_fifo|       pointer|
|result_fifo_fifo_cap        |   in|   32|     ap_fifo|                       result_fifo|       pointer|
|acc_address0                |  out|    1|   ap_memory|                               acc|         array|
|acc_ce0                     |  out|    1|   ap_memory|                               acc|         array|
|acc_q0                      |   in|   32|   ap_memory|                               acc|         array|
|acc_1_address0              |  out|    1|   ap_memory|                             acc_1|         array|
|acc_1_ce0                   |  out|    1|   ap_memory|                             acc_1|         array|
|acc_1_q0                    |   in|   32|   ap_memory|                             acc_1|         array|
|acc_2_address0              |  out|    1|   ap_memory|                             acc_2|         array|
|acc_2_ce0                   |  out|    1|   ap_memory|                             acc_2|         array|
|acc_2_q0                    |   in|   32|   ap_memory|                             acc_2|         array|
|acc_3_address0              |  out|    1|   ap_memory|                             acc_3|         array|
|acc_3_ce0                   |  out|    1|   ap_memory|                             acc_3|         array|
|acc_3_q0                    |   in|   32|   ap_memory|                             acc_3|         array|
|acc_4_address0              |  out|    1|   ap_memory|                             acc_4|         array|
|acc_4_ce0                   |  out|    1|   ap_memory|                             acc_4|         array|
|acc_4_q0                    |   in|   32|   ap_memory|                             acc_4|         array|
|acc_5_address0              |  out|    1|   ap_memory|                             acc_5|         array|
|acc_5_ce0                   |  out|    1|   ap_memory|                             acc_5|         array|
|acc_5_q0                    |   in|   32|   ap_memory|                             acc_5|         array|
|acc_6_address0              |  out|    1|   ap_memory|                             acc_6|         array|
|acc_6_ce0                   |  out|    1|   ap_memory|                             acc_6|         array|
|acc_6_q0                    |   in|   32|   ap_memory|                             acc_6|         array|
|acc_7_address0              |  out|    1|   ap_memory|                             acc_7|         array|
|acc_7_ce0                   |  out|    1|   ap_memory|                             acc_7|         array|
|acc_7_q0                    |   in|   32|   ap_memory|                             acc_7|         array|
|acc_8_address0              |  out|    1|   ap_memory|                             acc_8|         array|
|acc_8_ce0                   |  out|    1|   ap_memory|                             acc_8|         array|
|acc_8_q0                    |   in|   32|   ap_memory|                             acc_8|         array|
|acc_9_address0              |  out|    1|   ap_memory|                             acc_9|         array|
|acc_9_ce0                   |  out|    1|   ap_memory|                             acc_9|         array|
|acc_9_q0                    |   in|   32|   ap_memory|                             acc_9|         array|
|acc_10_address0             |  out|    1|   ap_memory|                            acc_10|         array|
|acc_10_ce0                  |  out|    1|   ap_memory|                            acc_10|         array|
|acc_10_q0                   |   in|   32|   ap_memory|                            acc_10|         array|
|acc_11_address0             |  out|    1|   ap_memory|                            acc_11|         array|
|acc_11_ce0                  |  out|    1|   ap_memory|                            acc_11|         array|
|acc_11_q0                   |   in|   32|   ap_memory|                            acc_11|         array|
|acc_12_address0             |  out|    1|   ap_memory|                            acc_12|         array|
|acc_12_ce0                  |  out|    1|   ap_memory|                            acc_12|         array|
|acc_12_q0                   |   in|   32|   ap_memory|                            acc_12|         array|
|acc_13_address0             |  out|    1|   ap_memory|                            acc_13|         array|
|acc_13_ce0                  |  out|    1|   ap_memory|                            acc_13|         array|
|acc_13_q0                   |   in|   32|   ap_memory|                            acc_13|         array|
|acc_14_address0             |  out|    1|   ap_memory|                            acc_14|         array|
|acc_14_ce0                  |  out|    1|   ap_memory|                            acc_14|         array|
|acc_14_q0                   |   in|   32|   ap_memory|                            acc_14|         array|
|acc_15_address0             |  out|    1|   ap_memory|                            acc_15|         array|
|acc_15_ce0                  |  out|    1|   ap_memory|                            acc_15|         array|
|acc_15_q0                   |   in|   32|   ap_memory|                            acc_15|         array|
|acc_16_address0             |  out|    1|   ap_memory|                            acc_16|         array|
|acc_16_ce0                  |  out|    1|   ap_memory|                            acc_16|         array|
|acc_16_q0                   |   in|   32|   ap_memory|                            acc_16|         array|
|acc_17_address0             |  out|    1|   ap_memory|                            acc_17|         array|
|acc_17_ce0                  |  out|    1|   ap_memory|                            acc_17|         array|
|acc_17_q0                   |   in|   32|   ap_memory|                            acc_17|         array|
|acc_18_address0             |  out|    1|   ap_memory|                            acc_18|         array|
|acc_18_ce0                  |  out|    1|   ap_memory|                            acc_18|         array|
|acc_18_q0                   |   in|   32|   ap_memory|                            acc_18|         array|
|acc_19_address0             |  out|    1|   ap_memory|                            acc_19|         array|
|acc_19_ce0                  |  out|    1|   ap_memory|                            acc_19|         array|
|acc_19_q0                   |   in|   32|   ap_memory|                            acc_19|         array|
|acc_20_address0             |  out|    1|   ap_memory|                            acc_20|         array|
|acc_20_ce0                  |  out|    1|   ap_memory|                            acc_20|         array|
|acc_20_q0                   |   in|   32|   ap_memory|                            acc_20|         array|
|acc_21_address0             |  out|    1|   ap_memory|                            acc_21|         array|
|acc_21_ce0                  |  out|    1|   ap_memory|                            acc_21|         array|
|acc_21_q0                   |   in|   32|   ap_memory|                            acc_21|         array|
|acc_22_address0             |  out|    1|   ap_memory|                            acc_22|         array|
|acc_22_ce0                  |  out|    1|   ap_memory|                            acc_22|         array|
|acc_22_q0                   |   in|   32|   ap_memory|                            acc_22|         array|
|acc_23_address0             |  out|    1|   ap_memory|                            acc_23|         array|
|acc_23_ce0                  |  out|    1|   ap_memory|                            acc_23|         array|
|acc_23_q0                   |   in|   32|   ap_memory|                            acc_23|         array|
|acc_24_address0             |  out|    1|   ap_memory|                            acc_24|         array|
|acc_24_ce0                  |  out|    1|   ap_memory|                            acc_24|         array|
|acc_24_q0                   |   in|   32|   ap_memory|                            acc_24|         array|
|acc_25_address0             |  out|    1|   ap_memory|                            acc_25|         array|
|acc_25_ce0                  |  out|    1|   ap_memory|                            acc_25|         array|
|acc_25_q0                   |   in|   32|   ap_memory|                            acc_25|         array|
|acc_26_address0             |  out|    1|   ap_memory|                            acc_26|         array|
|acc_26_ce0                  |  out|    1|   ap_memory|                            acc_26|         array|
|acc_26_q0                   |   in|   32|   ap_memory|                            acc_26|         array|
|acc_27_address0             |  out|    1|   ap_memory|                            acc_27|         array|
|acc_27_ce0                  |  out|    1|   ap_memory|                            acc_27|         array|
|acc_27_q0                   |   in|   32|   ap_memory|                            acc_27|         array|
|acc_28_address0             |  out|    1|   ap_memory|                            acc_28|         array|
|acc_28_ce0                  |  out|    1|   ap_memory|                            acc_28|         array|
|acc_28_q0                   |   in|   32|   ap_memory|                            acc_28|         array|
|acc_29_address0             |  out|    1|   ap_memory|                            acc_29|         array|
|acc_29_ce0                  |  out|    1|   ap_memory|                            acc_29|         array|
|acc_29_q0                   |   in|   32|   ap_memory|                            acc_29|         array|
|acc_30_address0             |  out|    1|   ap_memory|                            acc_30|         array|
|acc_30_ce0                  |  out|    1|   ap_memory|                            acc_30|         array|
|acc_30_q0                   |   in|   32|   ap_memory|                            acc_30|         array|
|acc_31_address0             |  out|    1|   ap_memory|                            acc_31|         array|
|acc_31_ce0                  |  out|    1|   ap_memory|                            acc_31|         array|
|acc_31_q0                   |   in|   32|   ap_memory|                            acc_31|         array|
+----------------------------+-----+-----+------------+----------------------------------+--------------+

============================================================
+ Verbose Summary: Synthesis Manager
============================================================
InlineROM: 1
ExposeGlobal: 0
============================================================
+ Verbose Summary: CDFG Model
============================================================
IsTopModel: 0
ResetActiveHigh: 1
IsCombinational: 2
IsDatapathOnly: 2
HasWiredReturn: 1
HasMFsm: 2
HasVarLatency: 1
IsPipeline: 0
IsRtlPipelined: 0
IsInstanceOverlapped: 0
IsDontTouch: 0
HasImplIP: 0
IsGatedGlobalClock: 0

+ Individual pipeline summary: 
  * Pipeline-0: initiation interval (II) = 1, depth = 2


============================================================
+ Verbose Summary: Schedule
============================================================
* Number of FSM states : 2
* Pipeline : 1
  Pipeline-0 : II = 1, D = 2, States = { 1 2 }
* Dataflow Pipeline: 0

* FSM state transitions: 
1 --> 2 
2 --> 

* FSM state operations: 

State 1 <SV = 0> <Delay = 1.62>
ST_1 : Operation 5 [1/1] (0.00ns)   --->   "%f = alloca i32 1" [src/integrated-gcn/integrated_gcn.cpp:274]   --->   Operation 5 'alloca' 'f' <Predicate = true> <Delay = 0.00>
ST_1 : Operation 6 [1/1] (0.00ns)   --->   "%specinterface_ln0 = specinterface void @_ssdm_op_SpecInterface, i16 %result_fifo, void @empty_8, i32 0, i32 0, void @empty_23, i32 0, i32 0, void @empty_23, void @empty_23, void @empty_23, i32 0, i32 0, i32 0, i32 0, void @empty_23, void @empty_23, i32 4294967295, i32 0, i32 0, i32 0"   --->   Operation 6 'specinterface' 'specinterface_ln0' <Predicate = true> <Delay = 0.00>
ST_1 : Operation 7 [1/1] (0.42ns)   --->   "%store_ln274 = store i7 0, i7 %f" [src/integrated-gcn/integrated_gcn.cpp:274]   --->   Operation 7 'store' 'store_ln274' <Predicate = true> <Delay = 0.42>
ST_1 : Operation 8 [1/1] (0.00ns)   --->   "%br_ln0 = br void %for.body54"   --->   Operation 8 'br' 'br_ln0' <Predicate = true> <Delay = 0.00>
ST_1 : Operation 9 [1/1] (0.00ns)   --->   "%f_2 = load i7 %f" [src/integrated-gcn/integrated_gcn.cpp:274]   --->   Operation 9 'load' 'f_2' <Predicate = true> <Delay = 0.00>
ST_1 : Operation 10 [1/1] (0.77ns)   --->   "%icmp_ln274 = icmp_eq  i7 %f_2, i7 64" [src/integrated-gcn/integrated_gcn.cpp:274]   --->   Operation 10 'icmp' 'icmp_ln274' <Predicate = true> <Delay = 0.77> <CoreInst = "Cmp">   --->   Core 9 'Cmp' <Latency = 0> <II = 1> <Delay = 0.76> <FuncUnit> <Opcode : 'seteq' 'setne' 'setle' 'setge' 'setlt' 'setgt'> <InPorts = 2> <OutPorts = 1>
ST_1 : Operation 11 [1/1] (0.77ns)   --->   "%add_ln274 = add i7 %f_2, i7 1" [src/integrated-gcn/integrated_gcn.cpp:274]   --->   Operation 11 'add' 'add_ln274' <Predicate = true> <Delay = 0.77> <CoreInst = "Adder">   --->   Core 1 'Adder' <Latency = 0> <II = 1> <Delay = 0.77> <FuncUnit> <Opcode : 'add' 'sub'> <InPorts = 2> <OutPorts = 1>
ST_1 : Operation 12 [1/1] (0.00ns)   --->   "%br_ln274 = br i1 %icmp_ln274, void %for.body54.split, void %for.inc61.exitStub" [src/integrated-gcn/integrated_gcn.cpp:274]   --->   Operation 12 'br' 'br_ln274' <Predicate = true> <Delay = 0.00>
ST_1 : Operation 13 [1/1] (0.00ns)   --->   "%trunc_ln274 = trunc i7 %f_2" [src/integrated-gcn/integrated_gcn.cpp:274]   --->   Operation 13 'trunc' 'trunc_ln274' <Predicate = (!icmp_ln274)> <Delay = 0.00>
ST_1 : Operation 14 [1/1] (0.00ns)   --->   "%tmp = bitselect i1 @_ssdm_op_BitSelect.i1.i7.i32, i7 %f_2, i32 5" [src/integrated-gcn/integrated_gcn.cpp:274]   --->   Operation 14 'bitselect' 'tmp' <Predicate = (!icmp_ln274)> <Delay = 0.00>
ST_1 : Operation 15 [1/1] (0.00ns)   --->   "%zext_ln274 = zext i1 %tmp" [src/integrated-gcn/integrated_gcn.cpp:274]   --->   Operation 15 'zext' 'zext_ln274' <Predicate = (!icmp_ln274)> <Delay = 0.00>
ST_1 : Operation 16 [1/1] (0.00ns)   --->   "%acc_addr = getelementptr i32 %acc, i64 0, i64 %zext_ln274" [src/integrated-gcn/integrated_gcn.cpp:276]   --->   Operation 16 'getelementptr' 'acc_addr' <Predicate = (!icmp_ln274)> <Delay = 0.00>
ST_1 : Operation 17 [1/1] (0.00ns)   --->   "%acc_1_addr = getelementptr i32 %acc_1, i64 0, i64 %zext_ln274" [src/integrated-gcn/integrated_gcn.cpp:276]   --->   Operation 17 'getelementptr' 'acc_1_addr' <Predicate = (!icmp_ln274)> <Delay = 0.00>
ST_1 : Operation 18 [1/1] (0.00ns)   --->   "%acc_2_addr = getelementptr i32 %acc_2, i64 0, i64 %zext_ln274" [src/integrated-gcn/integrated_gcn.cpp:276]   --->   Operation 18 'getelementptr' 'acc_2_addr' <Predicate = (!icmp_ln274)> <Delay = 0.00>
ST_1 : Operation 19 [1/1] (0.00ns)   --->   "%acc_3_addr = getelementptr i32 %acc_3, i64 0, i64 %zext_ln274" [src/integrated-gcn/integrated_gcn.cpp:276]   --->   Operation 19 'getelementptr' 'acc_3_addr' <Predicate = (!icmp_ln274)> <Delay = 0.00>
ST_1 : Operation 20 [1/1] (0.00ns)   --->   "%acc_4_addr = getelementptr i32 %acc_4, i64 0, i64 %zext_ln274" [src/integrated-gcn/integrated_gcn.cpp:276]   --->   Operation 20 'getelementptr' 'acc_4_addr' <Predicate = (!icmp_ln274)> <Delay = 0.00>
ST_1 : Operation 21 [1/1] (0.00ns)   --->   "%acc_5_addr = getelementptr i32 %acc_5, i64 0, i64 %zext_ln274" [src/integrated-gcn/integrated_gcn.cpp:276]   --->   Operation 21 'getelementptr' 'acc_5_addr' <Predicate = (!icmp_ln274)> <Delay = 0.00>
ST_1 : Operation 22 [1/1] (0.00ns)   --->   "%acc_6_addr = getelementptr i32 %acc_6, i64 0, i64 %zext_ln274" [src/integrated-gcn/integrated_gcn.cpp:276]   --->   Operation 22 'getelementptr' 'acc_6_addr' <Predicate = (!icmp_ln274)> <Delay = 0.00>
ST_1 : Operation 23 [1/1] (0.00ns)   --->   "%acc_7_addr = getelementptr i32 %acc_7, i64 0, i64 %zext_ln274" [src/integrated-gcn/integrated_gcn.cpp:276]   --->   Operation 23 'getelementptr' 'acc_7_addr' <Predicate = (!icmp_ln274)> <Delay = 0.00>
ST_1 : Operation 24 [1/1] (0.00ns)   --->   "%acc_8_addr = getelementptr i32 %acc_8, i64 0, i64 %zext_ln274" [src/integrated-gcn/integrated_gcn.cpp:276]   --->   Operation 24 'getelementptr' 'acc_8_addr' <Predicate = (!icmp_ln274)> <Delay = 0.00>
ST_1 : Operation 25 [1/1] (0.00ns)   --->   "%acc_9_addr = getelementptr i32 %acc_9, i64 0, i64 %zext_ln274" [src/integrated-gcn/integrated_gcn.cpp:276]   --->   Operation 25 'getelementptr' 'acc_9_addr' <Predicate = (!icmp_ln274)> <Delay = 0.00>
ST_1 : Operation 26 [1/1] (0.00ns)   --->   "%acc_10_addr = getelementptr i32 %acc_10, i64 0, i64 %zext_ln274" [src/integrated-gcn/integrated_gcn.cpp:276]   --->   Operation 26 'getelementptr' 'acc_10_addr' <Predicate = (!icmp_ln274)> <Delay = 0.00>
ST_1 : Operation 27 [1/1] (0.00ns)   --->   "%acc_11_addr = getelementptr i32 %acc_11, i64 0, i64 %zext_ln274" [src/integrated-gcn/integrated_gcn.cpp:276]   --->   Operation 27 'getelementptr' 'acc_11_addr' <Predicate = (!icmp_ln274)> <Delay = 0.00>
ST_1 : Operation 28 [1/1] (0.00ns)   --->   "%acc_12_addr = getelementptr i32 %acc_12, i64 0, i64 %zext_ln274" [src/integrated-gcn/integrated_gcn.cpp:276]   --->   Operation 28 'getelementptr' 'acc_12_addr' <Predicate = (!icmp_ln274)> <Delay = 0.00>
ST_1 : Operation 29 [1/1] (0.00ns)   --->   "%acc_13_addr = getelementptr i32 %acc_13, i64 0, i64 %zext_ln274" [src/integrated-gcn/integrated_gcn.cpp:276]   --->   Operation 29 'getelementptr' 'acc_13_addr' <Predicate = (!icmp_ln274)> <Delay = 0.00>
ST_1 : Operation 30 [1/1] (0.00ns)   --->   "%acc_14_addr = getelementptr i32 %acc_14, i64 0, i64 %zext_ln274" [src/integrated-gcn/integrated_gcn.cpp:276]   --->   Operation 30 'getelementptr' 'acc_14_addr' <Predicate = (!icmp_ln274)> <Delay = 0.00>
ST_1 : Operation 31 [1/1] (0.00ns)   --->   "%acc_15_addr = getelementptr i32 %acc_15, i64 0, i64 %zext_ln274" [src/integrated-gcn/integrated_gcn.cpp:276]   --->   Operation 31 'getelementptr' 'acc_15_addr' <Predicate = (!icmp_ln274)> <Delay = 0.00>
ST_1 : Operation 32 [1/1] (0.00ns)   --->   "%acc_16_addr = getelementptr i32 %acc_16, i64 0, i64 %zext_ln274" [src/integrated-gcn/integrated_gcn.cpp:276]   --->   Operation 32 'getelementptr' 'acc_16_addr' <Predicate = (!icmp_ln274)> <Delay = 0.00>
ST_1 : Operation 33 [1/1] (0.00ns)   --->   "%acc_17_addr = getelementptr i32 %acc_17, i64 0, i64 %zext_ln274" [src/integrated-gcn/integrated_gcn.cpp:276]   --->   Operation 33 'getelementptr' 'acc_17_addr' <Predicate = (!icmp_ln274)> <Delay = 0.00>
ST_1 : Operation 34 [1/1] (0.00ns)   --->   "%acc_18_addr = getelementptr i32 %acc_18, i64 0, i64 %zext_ln274" [src/integrated-gcn/integrated_gcn.cpp:276]   --->   Operation 34 'getelementptr' 'acc_18_addr' <Predicate = (!icmp_ln274)> <Delay = 0.00>
ST_1 : Operation 35 [1/1] (0.00ns)   --->   "%acc_19_addr = getelementptr i32 %acc_19, i64 0, i64 %zext_ln274" [src/integrated-gcn/integrated_gcn.cpp:276]   --->   Operation 35 'getelementptr' 'acc_19_addr' <Predicate = (!icmp_ln274)> <Delay = 0.00>
ST_1 : Operation 36 [1/1] (0.00ns)   --->   "%acc_20_addr = getelementptr i32 %acc_20, i64 0, i64 %zext_ln274" [src/integrated-gcn/integrated_gcn.cpp:276]   --->   Operation 36 'getelementptr' 'acc_20_addr' <Predicate = (!icmp_ln274)> <Delay = 0.00>
ST_1 : Operation 37 [1/1] (0.00ns)   --->   "%acc_21_addr = getelementptr i32 %acc_21, i64 0, i64 %zext_ln274" [src/integrated-gcn/integrated_gcn.cpp:276]   --->   Operation 37 'getelementptr' 'acc_21_addr' <Predicate = (!icmp_ln274)> <Delay = 0.00>
ST_1 : Operation 38 [1/1] (0.00ns)   --->   "%acc_22_addr = getelementptr i32 %acc_22, i64 0, i64 %zext_ln274" [src/integrated-gcn/integrated_gcn.cpp:276]   --->   Operation 38 'getelementptr' 'acc_22_addr' <Predicate = (!icmp_ln274)> <Delay = 0.00>
ST_1 : Operation 39 [1/1] (0.00ns)   --->   "%acc_23_addr = getelementptr i32 %acc_23, i64 0, i64 %zext_ln274" [src/integrated-gcn/integrated_gcn.cpp:276]   --->   Operation 39 'getelementptr' 'acc_23_addr' <Predicate = (!icmp_ln274)> <Delay = 0.00>
ST_1 : Operation 40 [1/1] (0.00ns)   --->   "%acc_24_addr = getelementptr i32 %acc_24, i64 0, i64 %zext_ln274" [src/integrated-gcn/integrated_gcn.cpp:276]   --->   Operation 40 'getelementptr' 'acc_24_addr' <Predicate = (!icmp_ln274)> <Delay = 0.00>
ST_1 : Operation 41 [1/1] (0.00ns)   --->   "%acc_25_addr = getelementptr i32 %acc_25, i64 0, i64 %zext_ln274" [src/integrated-gcn/integrated_gcn.cpp:276]   --->   Operation 41 'getelementptr' 'acc_25_addr' <Predicate = (!icmp_ln274)> <Delay = 0.00>
ST_1 : Operation 42 [1/1] (0.00ns)   --->   "%acc_26_addr = getelementptr i32 %acc_26, i64 0, i64 %zext_ln274" [src/integrated-gcn/integrated_gcn.cpp:276]   --->   Operation 42 'getelementptr' 'acc_26_addr' <Predicate = (!icmp_ln274)> <Delay = 0.00>
ST_1 : Operation 43 [1/1] (0.00ns)   --->   "%acc_27_addr = getelementptr i32 %acc_27, i64 0, i64 %zext_ln274" [src/integrated-gcn/integrated_gcn.cpp:276]   --->   Operation 43 'getelementptr' 'acc_27_addr' <Predicate = (!icmp_ln274)> <Delay = 0.00>
ST_1 : Operation 44 [1/1] (0.00ns)   --->   "%acc_28_addr = getelementptr i32 %acc_28, i64 0, i64 %zext_ln274" [src/integrated-gcn/integrated_gcn.cpp:276]   --->   Operation 44 'getelementptr' 'acc_28_addr' <Predicate = (!icmp_ln274)> <Delay = 0.00>
ST_1 : Operation 45 [1/1] (0.00ns)   --->   "%acc_29_addr = getelementptr i32 %acc_29, i64 0, i64 %zext_ln274" [src/integrated-gcn/integrated_gcn.cpp:276]   --->   Operation 45 'getelementptr' 'acc_29_addr' <Predicate = (!icmp_ln274)> <Delay = 0.00>
ST_1 : Operation 46 [1/1] (0.00ns)   --->   "%acc_30_addr = getelementptr i32 %acc_30, i64 0, i64 %zext_ln274" [src/integrated-gcn/integrated_gcn.cpp:276]   --->   Operation 46 'getelementptr' 'acc_30_addr' <Predicate = (!icmp_ln274)> <Delay = 0.00>
ST_1 : Operation 47 [1/1] (0.00ns)   --->   "%acc_31_addr = getelementptr i32 %acc_31, i64 0, i64 %zext_ln274" [src/integrated-gcn/integrated_gcn.cpp:276]   --->   Operation 47 'getelementptr' 'acc_31_addr' <Predicate = (!icmp_ln274)> <Delay = 0.00>
ST_1 : Operation 48 [2/2] (0.67ns)   --->   "%acc_load = load i1 %acc_addr" [src/integrated-gcn/integrated_gcn.cpp:276]   --->   Operation 48 'load' 'acc_load' <Predicate = (!icmp_ln274)> <Delay = 0.67> <CoreInst = "RAM">   --->   Core 82 'RAM' <Latency = 1> <II = 1> <Delay = 0.67> <Storage> <Opcode : 'load' 'store'> <Ports = 2> <Width = 32> <Depth = 2> <RAM>
ST_1 : Operation 49 [2/2] (0.67ns)   --->   "%acc_1_load = load i1 %acc_1_addr" [src/integrated-gcn/integrated_gcn.cpp:276]   --->   Operation 49 'load' 'acc_1_load' <Predicate = (!icmp_ln274)> <Delay = 0.67> <CoreInst = "RAM">   --->   Core 82 'RAM' <Latency = 1> <II = 1> <Delay = 0.67> <Storage> <Opcode : 'load' 'store'> <Ports = 2> <Width = 32> <Depth = 2> <RAM>
ST_1 : Operation 50 [2/2] (0.67ns)   --->   "%acc_2_load = load i1 %acc_2_addr" [src/integrated-gcn/integrated_gcn.cpp:276]   --->   Operation 50 'load' 'acc_2_load' <Predicate = (!icmp_ln274)> <Delay = 0.67> <CoreInst = "RAM">   --->   Core 82 'RAM' <Latency = 1> <II = 1> <Delay = 0.67> <Storage> <Opcode : 'load' 'store'> <Ports = 2> <Width = 32> <Depth = 2> <RAM>
ST_1 : Operation 51 [2/2] (0.67ns)   --->   "%acc_3_load = load i1 %acc_3_addr" [src/integrated-gcn/integrated_gcn.cpp:276]   --->   Operation 51 'load' 'acc_3_load' <Predicate = (!icmp_ln274)> <Delay = 0.67> <CoreInst = "RAM">   --->   Core 82 'RAM' <Latency = 1> <II = 1> <Delay = 0.67> <Storage> <Opcode : 'load' 'store'> <Ports = 2> <Width = 32> <Depth = 2> <RAM>
ST_1 : Operation 52 [2/2] (0.67ns)   --->   "%acc_4_load = load i1 %acc_4_addr" [src/integrated-gcn/integrated_gcn.cpp:276]   --->   Operation 52 'load' 'acc_4_load' <Predicate = (!icmp_ln274)> <Delay = 0.67> <CoreInst = "RAM">   --->   Core 82 'RAM' <Latency = 1> <II = 1> <Delay = 0.67> <Storage> <Opcode : 'load' 'store'> <Ports = 2> <Width = 32> <Depth = 2> <RAM>
ST_1 : Operation 53 [2/2] (0.67ns)   --->   "%acc_5_load = load i1 %acc_5_addr" [src/integrated-gcn/integrated_gcn.cpp:276]   --->   Operation 53 'load' 'acc_5_load' <Predicate = (!icmp_ln274)> <Delay = 0.67> <CoreInst = "RAM">   --->   Core 82 'RAM' <Latency = 1> <II = 1> <Delay = 0.67> <Storage> <Opcode : 'load' 'store'> <Ports = 2> <Width = 32> <Depth = 2> <RAM>
ST_1 : Operation 54 [2/2] (0.67ns)   --->   "%acc_6_load = load i1 %acc_6_addr" [src/integrated-gcn/integrated_gcn.cpp:276]   --->   Operation 54 'load' 'acc_6_load' <Predicate = (!icmp_ln274)> <Delay = 0.67> <CoreInst = "RAM">   --->   Core 82 'RAM' <Latency = 1> <II = 1> <Delay = 0.67> <Storage> <Opcode : 'load' 'store'> <Ports = 2> <Width = 32> <Depth = 2> <RAM>
ST_1 : Operation 55 [2/2] (0.67ns)   --->   "%acc_7_load = load i1 %acc_7_addr" [src/integrated-gcn/integrated_gcn.cpp:276]   --->   Operation 55 'load' 'acc_7_load' <Predicate = (!icmp_ln274)> <Delay = 0.67> <CoreInst = "RAM">   --->   Core 82 'RAM' <Latency = 1> <II = 1> <Delay = 0.67> <Storage> <Opcode : 'load' 'store'> <Ports = 2> <Width = 32> <Depth = 2> <RAM>
ST_1 : Operation 56 [2/2] (0.67ns)   --->   "%acc_8_load = load i1 %acc_8_addr" [src/integrated-gcn/integrated_gcn.cpp:276]   --->   Operation 56 'load' 'acc_8_load' <Predicate = (!icmp_ln274)> <Delay = 0.67> <CoreInst = "RAM">   --->   Core 82 'RAM' <Latency = 1> <II = 1> <Delay = 0.67> <Storage> <Opcode : 'load' 'store'> <Ports = 2> <Width = 32> <Depth = 2> <RAM>
ST_1 : Operation 57 [2/2] (0.67ns)   --->   "%acc_9_load = load i1 %acc_9_addr" [src/integrated-gcn/integrated_gcn.cpp:276]   --->   Operation 57 'load' 'acc_9_load' <Predicate = (!icmp_ln274)> <Delay = 0.67> <CoreInst = "RAM">   --->   Core 82 'RAM' <Latency = 1> <II = 1> <Delay = 0.67> <Storage> <Opcode : 'load' 'store'> <Ports = 2> <Width = 32> <Depth = 2> <RAM>
ST_1 : Operation 58 [2/2] (0.67ns)   --->   "%acc_10_load = load i1 %acc_10_addr" [src/integrated-gcn/integrated_gcn.cpp:276]   --->   Operation 58 'load' 'acc_10_load' <Predicate = (!icmp_ln274)> <Delay = 0.67> <CoreInst = "RAM">   --->   Core 82 'RAM' <Latency = 1> <II = 1> <Delay = 0.67> <Storage> <Opcode : 'load' 'store'> <Ports = 2> <Width = 32> <Depth = 2> <RAM>
ST_1 : Operation 59 [2/2] (0.67ns)   --->   "%acc_11_load = load i1 %acc_11_addr" [src/integrated-gcn/integrated_gcn.cpp:276]   --->   Operation 59 'load' 'acc_11_load' <Predicate = (!icmp_ln274)> <Delay = 0.67> <CoreInst = "RAM">   --->   Core 82 'RAM' <Latency = 1> <II = 1> <Delay = 0.67> <Storage> <Opcode : 'load' 'store'> <Ports = 2> <Width = 32> <Depth = 2> <RAM>
ST_1 : Operation 60 [2/2] (0.67ns)   --->   "%acc_12_load = load i1 %acc_12_addr" [src/integrated-gcn/integrated_gcn.cpp:276]   --->   Operation 60 'load' 'acc_12_load' <Predicate = (!icmp_ln274)> <Delay = 0.67> <CoreInst = "RAM">   --->   Core 82 'RAM' <Latency = 1> <II = 1> <Delay = 0.67> <Storage> <Opcode : 'load' 'store'> <Ports = 2> <Width = 32> <Depth = 2> <RAM>
ST_1 : Operation 61 [2/2] (0.67ns)   --->   "%acc_13_load = load i1 %acc_13_addr" [src/integrated-gcn/integrated_gcn.cpp:276]   --->   Operation 61 'load' 'acc_13_load' <Predicate = (!icmp_ln274)> <Delay = 0.67> <CoreInst = "RAM">   --->   Core 82 'RAM' <Latency = 1> <II = 1> <Delay = 0.67> <Storage> <Opcode : 'load' 'store'> <Ports = 2> <Width = 32> <Depth = 2> <RAM>
ST_1 : Operation 62 [2/2] (0.67ns)   --->   "%acc_14_load = load i1 %acc_14_addr" [src/integrated-gcn/integrated_gcn.cpp:276]   --->   Operation 62 'load' 'acc_14_load' <Predicate = (!icmp_ln274)> <Delay = 0.67> <CoreInst = "RAM">   --->   Core 82 'RAM' <Latency = 1> <II = 1> <Delay = 0.67> <Storage> <Opcode : 'load' 'store'> <Ports = 2> <Width = 32> <Depth = 2> <RAM>
ST_1 : Operation 63 [2/2] (0.67ns)   --->   "%acc_15_load = load i1 %acc_15_addr" [src/integrated-gcn/integrated_gcn.cpp:276]   --->   Operation 63 'load' 'acc_15_load' <Predicate = (!icmp_ln274)> <Delay = 0.67> <CoreInst = "RAM">   --->   Core 82 'RAM' <Latency = 1> <II = 1> <Delay = 0.67> <Storage> <Opcode : 'load' 'store'> <Ports = 2> <Width = 32> <Depth = 2> <RAM>
ST_1 : Operation 64 [2/2] (0.67ns)   --->   "%acc_16_load = load i1 %acc_16_addr" [src/integrated-gcn/integrated_gcn.cpp:276]   --->   Operation 64 'load' 'acc_16_load' <Predicate = (!icmp_ln274)> <Delay = 0.67> <CoreInst = "RAM">   --->   Core 82 'RAM' <Latency = 1> <II = 1> <Delay = 0.67> <Storage> <Opcode : 'load' 'store'> <Ports = 2> <Width = 32> <Depth = 2> <RAM>
ST_1 : Operation 65 [2/2] (0.67ns)   --->   "%acc_17_load = load i1 %acc_17_addr" [src/integrated-gcn/integrated_gcn.cpp:276]   --->   Operation 65 'load' 'acc_17_load' <Predicate = (!icmp_ln274)> <Delay = 0.67> <CoreInst = "RAM">   --->   Core 82 'RAM' <Latency = 1> <II = 1> <Delay = 0.67> <Storage> <Opcode : 'load' 'store'> <Ports = 2> <Width = 32> <Depth = 2> <RAM>
ST_1 : Operation 66 [2/2] (0.67ns)   --->   "%acc_18_load = load i1 %acc_18_addr" [src/integrated-gcn/integrated_gcn.cpp:276]   --->   Operation 66 'load' 'acc_18_load' <Predicate = (!icmp_ln274)> <Delay = 0.67> <CoreInst = "RAM">   --->   Core 82 'RAM' <Latency = 1> <II = 1> <Delay = 0.67> <Storage> <Opcode : 'load' 'store'> <Ports = 2> <Width = 32> <Depth = 2> <RAM>
ST_1 : Operation 67 [2/2] (0.67ns)   --->   "%acc_19_load = load i1 %acc_19_addr" [src/integrated-gcn/integrated_gcn.cpp:276]   --->   Operation 67 'load' 'acc_19_load' <Predicate = (!icmp_ln274)> <Delay = 0.67> <CoreInst = "RAM">   --->   Core 82 'RAM' <Latency = 1> <II = 1> <Delay = 0.67> <Storage> <Opcode : 'load' 'store'> <Ports = 2> <Width = 32> <Depth = 2> <RAM>
ST_1 : Operation 68 [2/2] (0.67ns)   --->   "%acc_20_load = load i1 %acc_20_addr" [src/integrated-gcn/integrated_gcn.cpp:276]   --->   Operation 68 'load' 'acc_20_load' <Predicate = (!icmp_ln274)> <Delay = 0.67> <CoreInst = "RAM">   --->   Core 82 'RAM' <Latency = 1> <II = 1> <Delay = 0.67> <Storage> <Opcode : 'load' 'store'> <Ports = 2> <Width = 32> <Depth = 2> <RAM>
ST_1 : Operation 69 [2/2] (0.67ns)   --->   "%acc_21_load = load i1 %acc_21_addr" [src/integrated-gcn/integrated_gcn.cpp:276]   --->   Operation 69 'load' 'acc_21_load' <Predicate = (!icmp_ln274)> <Delay = 0.67> <CoreInst = "RAM">   --->   Core 82 'RAM' <Latency = 1> <II = 1> <Delay = 0.67> <Storage> <Opcode : 'load' 'store'> <Ports = 2> <Width = 32> <Depth = 2> <RAM>
ST_1 : Operation 70 [2/2] (0.67ns)   --->   "%acc_22_load = load i1 %acc_22_addr" [src/integrated-gcn/integrated_gcn.cpp:276]   --->   Operation 70 'load' 'acc_22_load' <Predicate = (!icmp_ln274)> <Delay = 0.67> <CoreInst = "RAM">   --->   Core 82 'RAM' <Latency = 1> <II = 1> <Delay = 0.67> <Storage> <Opcode : 'load' 'store'> <Ports = 2> <Width = 32> <Depth = 2> <RAM>
ST_1 : Operation 71 [2/2] (0.67ns)   --->   "%acc_23_load = load i1 %acc_23_addr" [src/integrated-gcn/integrated_gcn.cpp:276]   --->   Operation 71 'load' 'acc_23_load' <Predicate = (!icmp_ln274)> <Delay = 0.67> <CoreInst = "RAM">   --->   Core 82 'RAM' <Latency = 1> <II = 1> <Delay = 0.67> <Storage> <Opcode : 'load' 'store'> <Ports = 2> <Width = 32> <Depth = 2> <RAM>
ST_1 : Operation 72 [2/2] (0.67ns)   --->   "%acc_24_load = load i1 %acc_24_addr" [src/integrated-gcn/integrated_gcn.cpp:276]   --->   Operation 72 'load' 'acc_24_load' <Predicate = (!icmp_ln274)> <Delay = 0.67> <CoreInst = "RAM">   --->   Core 82 'RAM' <Latency = 1> <II = 1> <Delay = 0.67> <Storage> <Opcode : 'load' 'store'> <Ports = 2> <Width = 32> <Depth = 2> <RAM>
ST_1 : Operation 73 [2/2] (0.67ns)   --->   "%acc_25_load = load i1 %acc_25_addr" [src/integrated-gcn/integrated_gcn.cpp:276]   --->   Operation 73 'load' 'acc_25_load' <Predicate = (!icmp_ln274)> <Delay = 0.67> <CoreInst = "RAM">   --->   Core 82 'RAM' <Latency = 1> <II = 1> <Delay = 0.67> <Storage> <Opcode : 'load' 'store'> <Ports = 2> <Width = 32> <Depth = 2> <RAM>
ST_1 : Operation 74 [2/2] (0.67ns)   --->   "%acc_26_load = load i1 %acc_26_addr" [src/integrated-gcn/integrated_gcn.cpp:276]   --->   Operation 74 'load' 'acc_26_load' <Predicate = (!icmp_ln274)> <Delay = 0.67> <CoreInst = "RAM">   --->   Core 82 'RAM' <Latency = 1> <II = 1> <Delay = 0.67> <Storage> <Opcode : 'load' 'store'> <Ports = 2> <Width = 32> <Depth = 2> <RAM>
ST_1 : Operation 75 [2/2] (0.67ns)   --->   "%acc_27_load = load i1 %acc_27_addr" [src/integrated-gcn/integrated_gcn.cpp:276]   --->   Operation 75 'load' 'acc_27_load' <Predicate = (!icmp_ln274)> <Delay = 0.67> <CoreInst = "RAM">   --->   Core 82 'RAM' <Latency = 1> <II = 1> <Delay = 0.67> <Storage> <Opcode : 'load' 'store'> <Ports = 2> <Width = 32> <Depth = 2> <RAM>
ST_1 : Operation 76 [2/2] (0.67ns)   --->   "%acc_28_load = load i1 %acc_28_addr" [src/integrated-gcn/integrated_gcn.cpp:276]   --->   Operation 76 'load' 'acc_28_load' <Predicate = (!icmp_ln274)> <Delay = 0.67> <CoreInst = "RAM">   --->   Core 82 'RAM' <Latency = 1> <II = 1> <Delay = 0.67> <Storage> <Opcode : 'load' 'store'> <Ports = 2> <Width = 32> <Depth = 2> <RAM>
ST_1 : Operation 77 [2/2] (0.67ns)   --->   "%acc_29_load = load i1 %acc_29_addr" [src/integrated-gcn/integrated_gcn.cpp:276]   --->   Operation 77 'load' 'acc_29_load' <Predicate = (!icmp_ln274)> <Delay = 0.67> <CoreInst = "RAM">   --->   Core 82 'RAM' <Latency = 1> <II = 1> <Delay = 0.67> <Storage> <Opcode : 'load' 'store'> <Ports = 2> <Width = 32> <Depth = 2> <RAM>
ST_1 : Operation 78 [2/2] (0.67ns)   --->   "%acc_30_load = load i1 %acc_30_addr" [src/integrated-gcn/integrated_gcn.cpp:276]   --->   Operation 78 'load' 'acc_30_load' <Predicate = (!icmp_ln274)> <Delay = 0.67> <CoreInst = "RAM">   --->   Core 82 'RAM' <Latency = 1> <II = 1> <Delay = 0.67> <Storage> <Opcode : 'load' 'store'> <Ports = 2> <Width = 32> <Depth = 2> <RAM>
ST_1 : Operation 79 [2/2] (0.67ns)   --->   "%acc_31_load = load i1 %acc_31_addr" [src/integrated-gcn/integrated_gcn.cpp:276]   --->   Operation 79 'load' 'acc_31_load' <Predicate = (!icmp_ln274)> <Delay = 0.67> <CoreInst = "RAM">   --->   Core 82 'RAM' <Latency = 1> <II = 1> <Delay = 0.67> <Storage> <Opcode : 'load' 'store'> <Ports = 2> <Width = 32> <Depth = 2> <RAM>
ST_1 : Operation 80 [1/1] (0.42ns)   --->   "%store_ln274 = store i7 %add_ln274, i7 %f" [src/integrated-gcn/integrated_gcn.cpp:274]   --->   Operation 80 'store' 'store_ln274' <Predicate = (!icmp_ln274)> <Delay = 0.42>
ST_1 : Operation 150 [1/1] (0.42ns)   --->   "%ret_ln0 = ret"   --->   Operation 150 'ret' 'ret_ln0' <Predicate = (icmp_ln274)> <Delay = 0.42>

State 2 <SV = 1> <Delay = 5.17>
ST_2 : Operation 81 [1/1] (0.00ns)   --->   "%specpipeline_ln275 = specpipeline void @_ssdm_op_SpecPipeline, i32 1, i32 0, i32 0, i32 0, i32 4294967295, void @empty_23" [src/integrated-gcn/integrated_gcn.cpp:275]   --->   Operation 81 'specpipeline' 'specpipeline_ln275' <Predicate = true> <Delay = 0.00>
ST_2 : Operation 82 [1/1] (0.00ns)   --->   "%speclooptripcount_ln274 = speclooptripcount void @_ssdm_op_SpecLoopTripCount, i64 64, i64 64, i64 64" [src/integrated-gcn/integrated_gcn.cpp:274]   --->   Operation 82 'speclooptripcount' 'speclooptripcount_ln274' <Predicate = true> <Delay = 0.00>
ST_2 : Operation 83 [1/1] (0.00ns)   --->   "%specloopname_ln274 = specloopname void @_ssdm_op_SpecLoopName, void @empty_1" [src/integrated-gcn/integrated_gcn.cpp:274]   --->   Operation 83 'specloopname' 'specloopname_ln274' <Predicate = true> <Delay = 0.00>
ST_2 : Operation 84 [1/2] ( I:0.67ns O:0.67ns )   --->   "%acc_load = load i1 %acc_addr" [src/integrated-gcn/integrated_gcn.cpp:276]   --->   Operation 84 'load' 'acc_load' <Predicate = true> <Delay = 0.67> <CoreInst = "RAM">   --->   Core 82 'RAM' <Latency = 1> <II = 1> <Delay = 0.67> <Storage> <Opcode : 'load' 'store'> <Ports = 2> <Width = 32> <Depth = 2> <RAM>
ST_2 : Operation 85 [1/2] ( I:0.67ns O:0.67ns )   --->   "%acc_1_load = load i1 %acc_1_addr" [src/integrated-gcn/integrated_gcn.cpp:276]   --->   Operation 85 'load' 'acc_1_load' <Predicate = true> <Delay = 0.67> <CoreInst = "RAM">   --->   Core 82 'RAM' <Latency = 1> <II = 1> <Delay = 0.67> <Storage> <Opcode : 'load' 'store'> <Ports = 2> <Width = 32> <Depth = 2> <RAM>
ST_2 : Operation 86 [1/2] ( I:0.67ns O:0.67ns )   --->   "%acc_2_load = load i1 %acc_2_addr" [src/integrated-gcn/integrated_gcn.cpp:276]   --->   Operation 86 'load' 'acc_2_load' <Predicate = true> <Delay = 0.67> <CoreInst = "RAM">   --->   Core 82 'RAM' <Latency = 1> <II = 1> <Delay = 0.67> <Storage> <Opcode : 'load' 'store'> <Ports = 2> <Width = 32> <Depth = 2> <RAM>
ST_2 : Operation 87 [1/2] ( I:0.67ns O:0.67ns )   --->   "%acc_3_load = load i1 %acc_3_addr" [src/integrated-gcn/integrated_gcn.cpp:276]   --->   Operation 87 'load' 'acc_3_load' <Predicate = true> <Delay = 0.67> <CoreInst = "RAM">   --->   Core 82 'RAM' <Latency = 1> <II = 1> <Delay = 0.67> <Storage> <Opcode : 'load' 'store'> <Ports = 2> <Width = 32> <Depth = 2> <RAM>
ST_2 : Operation 88 [1/2] ( I:0.67ns O:0.67ns )   --->   "%acc_4_load = load i1 %acc_4_addr" [src/integrated-gcn/integrated_gcn.cpp:276]   --->   Operation 88 'load' 'acc_4_load' <Predicate = true> <Delay = 0.67> <CoreInst = "RAM">   --->   Core 82 'RAM' <Latency = 1> <II = 1> <Delay = 0.67> <Storage> <Opcode : 'load' 'store'> <Ports = 2> <Width = 32> <Depth = 2> <RAM>
ST_2 : Operation 89 [1/2] ( I:0.67ns O:0.67ns )   --->   "%acc_5_load = load i1 %acc_5_addr" [src/integrated-gcn/integrated_gcn.cpp:276]   --->   Operation 89 'load' 'acc_5_load' <Predicate = true> <Delay = 0.67> <CoreInst = "RAM">   --->   Core 82 'RAM' <Latency = 1> <II = 1> <Delay = 0.67> <Storage> <Opcode : 'load' 'store'> <Ports = 2> <Width = 32> <Depth = 2> <RAM>
ST_2 : Operation 90 [1/2] ( I:0.67ns O:0.67ns )   --->   "%acc_6_load = load i1 %acc_6_addr" [src/integrated-gcn/integrated_gcn.cpp:276]   --->   Operation 90 'load' 'acc_6_load' <Predicate = true> <Delay = 0.67> <CoreInst = "RAM">   --->   Core 82 'RAM' <Latency = 1> <II = 1> <Delay = 0.67> <Storage> <Opcode : 'load' 'store'> <Ports = 2> <Width = 32> <Depth = 2> <RAM>
ST_2 : Operation 91 [1/2] ( I:0.67ns O:0.67ns )   --->   "%acc_7_load = load i1 %acc_7_addr" [src/integrated-gcn/integrated_gcn.cpp:276]   --->   Operation 91 'load' 'acc_7_load' <Predicate = true> <Delay = 0.67> <CoreInst = "RAM">   --->   Core 82 'RAM' <Latency = 1> <II = 1> <Delay = 0.67> <Storage> <Opcode : 'load' 'store'> <Ports = 2> <Width = 32> <Depth = 2> <RAM>
ST_2 : Operation 92 [1/2] ( I:0.67ns O:0.67ns )   --->   "%acc_8_load = load i1 %acc_8_addr" [src/integrated-gcn/integrated_gcn.cpp:276]   --->   Operation 92 'load' 'acc_8_load' <Predicate = true> <Delay = 0.67> <CoreInst = "RAM">   --->   Core 82 'RAM' <Latency = 1> <II = 1> <Delay = 0.67> <Storage> <Opcode : 'load' 'store'> <Ports = 2> <Width = 32> <Depth = 2> <RAM>
ST_2 : Operation 93 [1/2] ( I:0.67ns O:0.67ns )   --->   "%acc_9_load = load i1 %acc_9_addr" [src/integrated-gcn/integrated_gcn.cpp:276]   --->   Operation 93 'load' 'acc_9_load' <Predicate = true> <Delay = 0.67> <CoreInst = "RAM">   --->   Core 82 'RAM' <Latency = 1> <II = 1> <Delay = 0.67> <Storage> <Opcode : 'load' 'store'> <Ports = 2> <Width = 32> <Depth = 2> <RAM>
ST_2 : Operation 94 [1/2] ( I:0.67ns O:0.67ns )   --->   "%acc_10_load = load i1 %acc_10_addr" [src/integrated-gcn/integrated_gcn.cpp:276]   --->   Operation 94 'load' 'acc_10_load' <Predicate = true> <Delay = 0.67> <CoreInst = "RAM">   --->   Core 82 'RAM' <Latency = 1> <II = 1> <Delay = 0.67> <Storage> <Opcode : 'load' 'store'> <Ports = 2> <Width = 32> <Depth = 2> <RAM>
ST_2 : Operation 95 [1/2] ( I:0.67ns O:0.67ns )   --->   "%acc_11_load = load i1 %acc_11_addr" [src/integrated-gcn/integrated_gcn.cpp:276]   --->   Operation 95 'load' 'acc_11_load' <Predicate = true> <Delay = 0.67> <CoreInst = "RAM">   --->   Core 82 'RAM' <Latency = 1> <II = 1> <Delay = 0.67> <Storage> <Opcode : 'load' 'store'> <Ports = 2> <Width = 32> <Depth = 2> <RAM>
ST_2 : Operation 96 [1/2] ( I:0.67ns O:0.67ns )   --->   "%acc_12_load = load i1 %acc_12_addr" [src/integrated-gcn/integrated_gcn.cpp:276]   --->   Operation 96 'load' 'acc_12_load' <Predicate = true> <Delay = 0.67> <CoreInst = "RAM">   --->   Core 82 'RAM' <Latency = 1> <II = 1> <Delay = 0.67> <Storage> <Opcode : 'load' 'store'> <Ports = 2> <Width = 32> <Depth = 2> <RAM>
ST_2 : Operation 97 [1/2] ( I:0.67ns O:0.67ns )   --->   "%acc_13_load = load i1 %acc_13_addr" [src/integrated-gcn/integrated_gcn.cpp:276]   --->   Operation 97 'load' 'acc_13_load' <Predicate = true> <Delay = 0.67> <CoreInst = "RAM">   --->   Core 82 'RAM' <Latency = 1> <II = 1> <Delay = 0.67> <Storage> <Opcode : 'load' 'store'> <Ports = 2> <Width = 32> <Depth = 2> <RAM>
ST_2 : Operation 98 [1/2] ( I:0.67ns O:0.67ns )   --->   "%acc_14_load = load i1 %acc_14_addr" [src/integrated-gcn/integrated_gcn.cpp:276]   --->   Operation 98 'load' 'acc_14_load' <Predicate = true> <Delay = 0.67> <CoreInst = "RAM">   --->   Core 82 'RAM' <Latency = 1> <II = 1> <Delay = 0.67> <Storage> <Opcode : 'load' 'store'> <Ports = 2> <Width = 32> <Depth = 2> <RAM>
ST_2 : Operation 99 [1/2] ( I:0.67ns O:0.67ns )   --->   "%acc_15_load = load i1 %acc_15_addr" [src/integrated-gcn/integrated_gcn.cpp:276]   --->   Operation 99 'load' 'acc_15_load' <Predicate = true> <Delay = 0.67> <CoreInst = "RAM">   --->   Core 82 'RAM' <Latency = 1> <II = 1> <Delay = 0.67> <Storage> <Opcode : 'load' 'store'> <Ports = 2> <Width = 32> <Depth = 2> <RAM>
ST_2 : Operation 100 [1/2] ( I:0.67ns O:0.67ns )   --->   "%acc_16_load = load i1 %acc_16_addr" [src/integrated-gcn/integrated_gcn.cpp:276]   --->   Operation 100 'load' 'acc_16_load' <Predicate = true> <Delay = 0.67> <CoreInst = "RAM">   --->   Core 82 'RAM' <Latency = 1> <II = 1> <Delay = 0.67> <Storage> <Opcode : 'load' 'store'> <Ports = 2> <Width = 32> <Depth = 2> <RAM>
ST_2 : Operation 101 [1/2] ( I:0.67ns O:0.67ns )   --->   "%acc_17_load = load i1 %acc_17_addr" [src/integrated-gcn/integrated_gcn.cpp:276]   --->   Operation 101 'load' 'acc_17_load' <Predicate = true> <Delay = 0.67> <CoreInst = "RAM">   --->   Core 82 'RAM' <Latency = 1> <II = 1> <Delay = 0.67> <Storage> <Opcode : 'load' 'store'> <Ports = 2> <Width = 32> <Depth = 2> <RAM>
ST_2 : Operation 102 [1/2] ( I:0.67ns O:0.67ns )   --->   "%acc_18_load = load i1 %acc_18_addr" [src/integrated-gcn/integrated_gcn.cpp:276]   --->   Operation 102 'load' 'acc_18_load' <Predicate = true> <Delay = 0.67> <CoreInst = "RAM">   --->   Core 82 'RAM' <Latency = 1> <II = 1> <Delay = 0.67> <Storage> <Opcode : 'load' 'store'> <Ports = 2> <Width = 32> <Depth = 2> <RAM>
ST_2 : Operation 103 [1/2] ( I:0.67ns O:0.67ns )   --->   "%acc_19_load = load i1 %acc_19_addr" [src/integrated-gcn/integrated_gcn.cpp:276]   --->   Operation 103 'load' 'acc_19_load' <Predicate = true> <Delay = 0.67> <CoreInst = "RAM">   --->   Core 82 'RAM' <Latency = 1> <II = 1> <Delay = 0.67> <Storage> <Opcode : 'load' 'store'> <Ports = 2> <Width = 32> <Depth = 2> <RAM>
ST_2 : Operation 104 [1/2] ( I:0.67ns O:0.67ns )   --->   "%acc_20_load = load i1 %acc_20_addr" [src/integrated-gcn/integrated_gcn.cpp:276]   --->   Operation 104 'load' 'acc_20_load' <Predicate = true> <Delay = 0.67> <CoreInst = "RAM">   --->   Core 82 'RAM' <Latency = 1> <II = 1> <Delay = 0.67> <Storage> <Opcode : 'load' 'store'> <Ports = 2> <Width = 32> <Depth = 2> <RAM>
ST_2 : Operation 105 [1/2] ( I:0.67ns O:0.67ns )   --->   "%acc_21_load = load i1 %acc_21_addr" [src/integrated-gcn/integrated_gcn.cpp:276]   --->   Operation 105 'load' 'acc_21_load' <Predicate = true> <Delay = 0.67> <CoreInst = "RAM">   --->   Core 82 'RAM' <Latency = 1> <II = 1> <Delay = 0.67> <Storage> <Opcode : 'load' 'store'> <Ports = 2> <Width = 32> <Depth = 2> <RAM>
ST_2 : Operation 106 [1/2] ( I:0.67ns O:0.67ns )   --->   "%acc_22_load = load i1 %acc_22_addr" [src/integrated-gcn/integrated_gcn.cpp:276]   --->   Operation 106 'load' 'acc_22_load' <Predicate = true> <Delay = 0.67> <CoreInst = "RAM">   --->   Core 82 'RAM' <Latency = 1> <II = 1> <Delay = 0.67> <Storage> <Opcode : 'load' 'store'> <Ports = 2> <Width = 32> <Depth = 2> <RAM>
ST_2 : Operation 107 [1/2] ( I:0.67ns O:0.67ns )   --->   "%acc_23_load = load i1 %acc_23_addr" [src/integrated-gcn/integrated_gcn.cpp:276]   --->   Operation 107 'load' 'acc_23_load' <Predicate = true> <Delay = 0.67> <CoreInst = "RAM">   --->   Core 82 'RAM' <Latency = 1> <II = 1> <Delay = 0.67> <Storage> <Opcode : 'load' 'store'> <Ports = 2> <Width = 32> <Depth = 2> <RAM>
ST_2 : Operation 108 [1/2] ( I:0.67ns O:0.67ns )   --->   "%acc_24_load = load i1 %acc_24_addr" [src/integrated-gcn/integrated_gcn.cpp:276]   --->   Operation 108 'load' 'acc_24_load' <Predicate = true> <Delay = 0.67> <CoreInst = "RAM">   --->   Core 82 'RAM' <Latency = 1> <II = 1> <Delay = 0.67> <Storage> <Opcode : 'load' 'store'> <Ports = 2> <Width = 32> <Depth = 2> <RAM>
ST_2 : Operation 109 [1/2] ( I:0.67ns O:0.67ns )   --->   "%acc_25_load = load i1 %acc_25_addr" [src/integrated-gcn/integrated_gcn.cpp:276]   --->   Operation 109 'load' 'acc_25_load' <Predicate = true> <Delay = 0.67> <CoreInst = "RAM">   --->   Core 82 'RAM' <Latency = 1> <II = 1> <Delay = 0.67> <Storage> <Opcode : 'load' 'store'> <Ports = 2> <Width = 32> <Depth = 2> <RAM>
ST_2 : Operation 110 [1/2] ( I:0.67ns O:0.67ns )   --->   "%acc_26_load = load i1 %acc_26_addr" [src/integrated-gcn/integrated_gcn.cpp:276]   --->   Operation 110 'load' 'acc_26_load' <Predicate = true> <Delay = 0.67> <CoreInst = "RAM">   --->   Core 82 'RAM' <Latency = 1> <II = 1> <Delay = 0.67> <Storage> <Opcode : 'load' 'store'> <Ports = 2> <Width = 32> <Depth = 2> <RAM>
ST_2 : Operation 111 [1/2] ( I:0.67ns O:0.67ns )   --->   "%acc_27_load = load i1 %acc_27_addr" [src/integrated-gcn/integrated_gcn.cpp:276]   --->   Operation 111 'load' 'acc_27_load' <Predicate = true> <Delay = 0.67> <CoreInst = "RAM">   --->   Core 82 'RAM' <Latency = 1> <II = 1> <Delay = 0.67> <Storage> <Opcode : 'load' 'store'> <Ports = 2> <Width = 32> <Depth = 2> <RAM>
ST_2 : Operation 112 [1/2] ( I:0.67ns O:0.67ns )   --->   "%acc_28_load = load i1 %acc_28_addr" [src/integrated-gcn/integrated_gcn.cpp:276]   --->   Operation 112 'load' 'acc_28_load' <Predicate = true> <Delay = 0.67> <CoreInst = "RAM">   --->   Core 82 'RAM' <Latency = 1> <II = 1> <Delay = 0.67> <Storage> <Opcode : 'load' 'store'> <Ports = 2> <Width = 32> <Depth = 2> <RAM>
ST_2 : Operation 113 [1/2] ( I:0.67ns O:0.67ns )   --->   "%acc_29_load = load i1 %acc_29_addr" [src/integrated-gcn/integrated_gcn.cpp:276]   --->   Operation 113 'load' 'acc_29_load' <Predicate = true> <Delay = 0.67> <CoreInst = "RAM">   --->   Core 82 'RAM' <Latency = 1> <II = 1> <Delay = 0.67> <Storage> <Opcode : 'load' 'store'> <Ports = 2> <Width = 32> <Depth = 2> <RAM>
ST_2 : Operation 114 [1/2] ( I:0.67ns O:0.67ns )   --->   "%acc_30_load = load i1 %acc_30_addr" [src/integrated-gcn/integrated_gcn.cpp:276]   --->   Operation 114 'load' 'acc_30_load' <Predicate = true> <Delay = 0.67> <CoreInst = "RAM">   --->   Core 82 'RAM' <Latency = 1> <II = 1> <Delay = 0.67> <Storage> <Opcode : 'load' 'store'> <Ports = 2> <Width = 32> <Depth = 2> <RAM>
ST_2 : Operation 115 [1/2] ( I:0.67ns O:0.67ns )   --->   "%acc_31_load = load i1 %acc_31_addr" [src/integrated-gcn/integrated_gcn.cpp:276]   --->   Operation 115 'load' 'acc_31_load' <Predicate = true> <Delay = 0.67> <CoreInst = "RAM">   --->   Core 82 'RAM' <Latency = 1> <II = 1> <Delay = 0.67> <Storage> <Opcode : 'load' 'store'> <Ports = 2> <Width = 32> <Depth = 2> <RAM>
ST_2 : Operation 116 [1/1] (0.78ns)   --->   "%tmp_s = sparsemux i32 @_ssdm_op_SparseMux.ap_auto.32i32.i32.i5, i5 0, i32 %acc_load, i5 1, i32 %acc_1_load, i5 2, i32 %acc_2_load, i5 3, i32 %acc_3_load, i5 4, i32 %acc_4_load, i5 5, i32 %acc_5_load, i5 6, i32 %acc_6_load, i5 7, i32 %acc_7_load, i5 8, i32 %acc_8_load, i5 9, i32 %acc_9_load, i5 10, i32 %acc_10_load, i5 11, i32 %acc_11_load, i5 12, i32 %acc_12_load, i5 13, i32 %acc_13_load, i5 14, i32 %acc_14_load, i5 15, i32 %acc_15_load, i5 16, i32 %acc_16_load, i5 17, i32 %acc_17_load, i5 18, i32 %acc_18_load, i5 19, i32 %acc_19_load, i5 20, i32 %acc_20_load, i5 21, i32 %acc_21_load, i5 22, i32 %acc_22_load, i5 23, i32 %acc_23_load, i5 24, i32 %acc_24_load, i5 25, i32 %acc_25_load, i5 26, i32 %acc_26_load, i5 27, i32 %acc_27_load, i5 28, i32 %acc_28_load, i5 29, i32 %acc_29_load, i5 30, i32 %acc_30_load, i5 31, i32 %acc_31_load, i32 0, i5 %trunc_ln274" [src/integrated-gcn/integrated_gcn.cpp:276]   --->   Operation 116 'sparsemux' 'tmp_s' <Predicate = true> <Delay = 0.78> <CoreInst = "BinarySparseMux_DontCare">   --->   Core 149 'BinarySparseMux_DontCare' <Latency = 0> <II = 1> <Delay = 0.78> <FuncUnit> <Opcode : 'sparsemux'> <InPorts = 2> <OutPorts = 1>
ST_2 : Operation 117 [1/1] (0.00ns)   --->   "%tmp_1 = bitselect i1 @_ssdm_op_BitSelect.i1.i32.i32, i32 %tmp_s, i32 31" [src/integrated-gcn/integrated_gcn.cpp:276]   --->   Operation 117 'bitselect' 'tmp_1' <Predicate = true> <Delay = 0.00>
ST_2 : Operation 118 [1/1] (0.00ns)   --->   "%trunc_ln5 = partselect i16 @_ssdm_op_PartSelect.i16.i32.i32.i32, i32 %tmp_s, i32 10, i32 25" [src/integrated-gcn/integrated_gcn.cpp:276]   --->   Operation 118 'partselect' 'trunc_ln5' <Predicate = true> <Delay = 0.00>
ST_2 : Operation 119 [1/1] (0.00ns)   --->   "%tmp_2 = bitselect i1 @_ssdm_op_BitSelect.i1.i32.i32, i32 %tmp_s, i32 9" [src/integrated-gcn/integrated_gcn.cpp:276]   --->   Operation 119 'bitselect' 'tmp_2' <Predicate = true> <Delay = 0.00>
ST_2 : Operation 120 [1/1] (0.00ns) (grouped into LUT with out node and_ln276)   --->   "%tmp_3 = bitselect i1 @_ssdm_op_BitSelect.i1.i32.i32, i32 %tmp_s, i32 25" [src/integrated-gcn/integrated_gcn.cpp:276]   --->   Operation 120 'bitselect' 'tmp_3' <Predicate = true> <Delay = 0.00>
ST_2 : Operation 121 [1/1] (0.00ns)   --->   "%zext_ln276 = zext i1 %tmp_2" [src/integrated-gcn/integrated_gcn.cpp:276]   --->   Operation 121 'zext' 'zext_ln276' <Predicate = true> <Delay = 0.00>
ST_2 : Operation 122 [1/1] (0.85ns)   --->   "%add_ln276 = add i16 %trunc_ln5, i16 %zext_ln276" [src/integrated-gcn/integrated_gcn.cpp:276]   --->   Operation 122 'add' 'add_ln276' <Predicate = true> <Delay = 0.85> <CoreInst = "Adder">   --->   Core 1 'Adder' <Latency = 0> <II = 1> <Delay = 0.85> <FuncUnit> <Opcode : 'add' 'sub'> <InPorts = 2> <OutPorts = 1>
ST_2 : Operation 123 [1/1] (0.00ns)   --->   "%tmp_4 = bitselect i1 @_ssdm_op_BitSelect.i1.i16.i32, i16 %add_ln276, i32 15" [src/integrated-gcn/integrated_gcn.cpp:276]   --->   Operation 123 'bitselect' 'tmp_4' <Predicate = true> <Delay = 0.00>
ST_2 : Operation 124 [1/1] (0.00ns) (grouped into LUT with out node and_ln276)   --->   "%xor_ln276 = xor i1 %tmp_4, i1 1" [src/integrated-gcn/integrated_gcn.cpp:276]   --->   Operation 124 'xor' 'xor_ln276' <Predicate = true> <Delay = 0.00> <CoreInst = "LogicGate">   --->   Core 74 'LogicGate' <Latency = 0> <II = 1> <Delay = 0.28> <FuncUnit> <Opcode : 'and' 'or' 'xor'> <InPorts = 2> <OutPorts = 1>
ST_2 : Operation 125 [1/1] (0.28ns) (out node of the LUT)   --->   "%and_ln276 = and i1 %tmp_3, i1 %xor_ln276" [src/integrated-gcn/integrated_gcn.cpp:276]   --->   Operation 125 'and' 'and_ln276' <Predicate = true> <Delay = 0.28> <CoreInst = "LogicGate">   --->   Core 74 'LogicGate' <Latency = 0> <II = 1> <Delay = 0.28> <FuncUnit> <Opcode : 'and' 'or' 'xor'> <InPorts = 2> <OutPorts = 1>
ST_2 : Operation 126 [1/1] (0.00ns) (grouped into LUT with out node and_ln276_4)   --->   "%tmp_5 = bitselect i1 @_ssdm_op_BitSelect.i1.i32.i32, i32 %tmp_s, i32 26" [src/integrated-gcn/integrated_gcn.cpp:276]   --->   Operation 126 'bitselect' 'tmp_5' <Predicate = true> <Delay = 0.00>
ST_2 : Operation 127 [1/1] (0.00ns)   --->   "%tmp_6 = partselect i5 @_ssdm_op_PartSelect.i5.i32.i32, i32 %tmp_s, i32 27" [src/integrated-gcn/integrated_gcn.cpp:276]   --->   Operation 127 'partselect' 'tmp_6' <Predicate = true> <Delay = 0.00>
ST_2 : Operation 128 [1/1] (0.78ns)   --->   "%icmp_ln276 = icmp_eq  i5 %tmp_6, i5 31" [src/integrated-gcn/integrated_gcn.cpp:276]   --->   Operation 128 'icmp' 'icmp_ln276' <Predicate = true> <Delay = 0.78> <CoreInst = "Cmp">   --->   Core 9 'Cmp' <Latency = 0> <II = 1> <Delay = 0.78> <FuncUnit> <Opcode : 'seteq' 'setne' 'setle' 'setge' 'setlt' 'setgt'> <InPorts = 2> <OutPorts = 1>
ST_2 : Operation 129 [1/1] (0.00ns)   --->   "%tmp_7 = partselect i6 @_ssdm_op_PartSelect.i6.i32.i32, i32 %tmp_s, i32 26" [src/integrated-gcn/integrated_gcn.cpp:276]   --->   Operation 129 'partselect' 'tmp_7' <Predicate = true> <Delay = 0.00>
ST_2 : Operation 130 [1/1] (0.78ns)   --->   "%icmp_ln276_1 = icmp_eq  i6 %tmp_7, i6 63" [src/integrated-gcn/integrated_gcn.cpp:276]   --->   Operation 130 'icmp' 'icmp_ln276_1' <Predicate = true> <Delay = 0.78> <CoreInst = "Cmp">   --->   Core 9 'Cmp' <Latency = 0> <II = 1> <Delay = 0.78> <FuncUnit> <Opcode : 'seteq' 'setne' 'setle' 'setge' 'setlt' 'setgt'> <InPorts = 2> <OutPorts = 1>
ST_2 : Operation 131 [1/1] (0.78ns)   --->   "%icmp_ln276_2 = icmp_eq  i6 %tmp_7, i6 0" [src/integrated-gcn/integrated_gcn.cpp:276]   --->   Operation 131 'icmp' 'icmp_ln276_2' <Predicate = true> <Delay = 0.78> <CoreInst = "Cmp">   --->   Core 9 'Cmp' <Latency = 0> <II = 1> <Delay = 0.78> <FuncUnit> <Opcode : 'seteq' 'setne' 'setle' 'setge' 'setlt' 'setgt'> <InPorts = 2> <OutPorts = 1>
ST_2 : Operation 132 [1/1] (0.00ns) (grouped into LUT with out node and_ln276_3)   --->   "%select_ln276 = select i1 %and_ln276, i1 %icmp_ln276_1, i1 %icmp_ln276_2" [src/integrated-gcn/integrated_gcn.cpp:276]   --->   Operation 132 'select' 'select_ln276' <Predicate = true> <Delay = 0.00> <CoreInst = "Sel">   --->   Core 73 'Sel' <Latency = 0> <II = 1> <Delay = 0.17> <FuncUnit> <Opcode : 'select'> <InPorts = 3> <OutPorts = 1>
ST_2 : Operation 133 [1/1] (0.00ns) (grouped into LUT with out node and_ln276_4)   --->   "%xor_ln276_1 = xor i1 %tmp_5, i1 1" [src/integrated-gcn/integrated_gcn.cpp:276]   --->   Operation 133 'xor' 'xor_ln276_1' <Predicate = true> <Delay = 0.00> <CoreInst = "LogicGate">   --->   Core 74 'LogicGate' <Latency = 0> <II = 1> <Delay = 0.28> <FuncUnit> <Opcode : 'and' 'or' 'xor'> <InPorts = 2> <OutPorts = 1>
ST_2 : Operation 134 [1/1] (0.00ns) (grouped into LUT with out node and_ln276_4)   --->   "%and_ln276_1 = and i1 %icmp_ln276, i1 %xor_ln276_1" [src/integrated-gcn/integrated_gcn.cpp:276]   --->   Operation 134 'and' 'and_ln276_1' <Predicate = true> <Delay = 0.00> <CoreInst = "LogicGate">   --->   Core 74 'LogicGate' <Latency = 0> <II = 1> <Delay = 0.28> <FuncUnit> <Opcode : 'and' 'or' 'xor'> <InPorts = 2> <OutPorts = 1>
ST_2 : Operation 135 [1/1] (0.00ns) (grouped into LUT with out node and_ln276_4)   --->   "%select_ln276_1 = select i1 %and_ln276, i1 %and_ln276_1, i1 %icmp_ln276_1" [src/integrated-gcn/integrated_gcn.cpp:276]   --->   Operation 135 'select' 'select_ln276_1' <Predicate = true> <Delay = 0.00> <CoreInst = "Sel">   --->   Core 73 'Sel' <Latency = 0> <II = 1> <Delay = 0.17> <FuncUnit> <Opcode : 'select'> <InPorts = 3> <OutPorts = 1>
ST_2 : Operation 136 [1/1] (0.00ns) (grouped into LUT with out node or_ln276_1)   --->   "%and_ln276_2 = and i1 %and_ln276, i1 %icmp_ln276_1" [src/integrated-gcn/integrated_gcn.cpp:276]   --->   Operation 136 'and' 'and_ln276_2' <Predicate = true> <Delay = 0.00> <CoreInst = "LogicGate">   --->   Core 74 'LogicGate' <Latency = 0> <II = 1> <Delay = 0.28> <FuncUnit> <Opcode : 'and' 'or' 'xor'> <InPorts = 2> <OutPorts = 1>
ST_2 : Operation 137 [1/1] (0.00ns) (grouped into LUT with out node and_ln276_3)   --->   "%xor_ln276_2 = xor i1 %select_ln276, i1 1" [src/integrated-gcn/integrated_gcn.cpp:276]   --->   Operation 137 'xor' 'xor_ln276_2' <Predicate = true> <Delay = 0.00> <CoreInst = "LogicGate">   --->   Core 74 'LogicGate' <Latency = 0> <II = 1> <Delay = 0.28> <FuncUnit> <Opcode : 'and' 'or' 'xor'> <InPorts = 2> <OutPorts = 1>
ST_2 : Operation 138 [1/1] (0.00ns) (grouped into LUT with out node and_ln276_3)   --->   "%or_ln276 = or i1 %tmp_4, i1 %xor_ln276_2" [src/integrated-gcn/integrated_gcn.cpp:276]   --->   Operation 138 'or' 'or_ln276' <Predicate = true> <Delay = 0.00> <CoreInst = "LogicGate">   --->   Core 74 'LogicGate' <Latency = 0> <II = 1> <Delay = 0.28> <FuncUnit> <Opcode : 'and' 'or' 'xor'> <InPorts = 2> <OutPorts = 1>
ST_2 : Operation 139 [1/1] (0.00ns) (grouped into LUT with out node and_ln276_3)   --->   "%xor_ln276_3 = xor i1 %tmp_1, i1 1" [src/integrated-gcn/integrated_gcn.cpp:276]   --->   Operation 139 'xor' 'xor_ln276_3' <Predicate = true> <Delay = 0.00> <CoreInst = "LogicGate">   --->   Core 74 'LogicGate' <Latency = 0> <II = 1> <Delay = 0.28> <FuncUnit> <Opcode : 'and' 'or' 'xor'> <InPorts = 2> <OutPorts = 1>
ST_2 : Operation 140 [1/1] (0.28ns) (out node of the LUT)   --->   "%and_ln276_3 = and i1 %or_ln276, i1 %xor_ln276_3" [src/integrated-gcn/integrated_gcn.cpp:276]   --->   Operation 140 'and' 'and_ln276_3' <Predicate = true> <Delay = 0.28> <CoreInst = "LogicGate">   --->   Core 74 'LogicGate' <Latency = 0> <II = 1> <Delay = 0.28> <FuncUnit> <Opcode : 'and' 'or' 'xor'> <InPorts = 2> <OutPorts = 1>
ST_2 : Operation 141 [1/1] (0.28ns) (out node of the LUT)   --->   "%and_ln276_4 = and i1 %tmp_4, i1 %select_ln276_1" [src/integrated-gcn/integrated_gcn.cpp:276]   --->   Operation 141 'and' 'and_ln276_4' <Predicate = true> <Delay = 0.28> <CoreInst = "LogicGate">   --->   Core 74 'LogicGate' <Latency = 0> <II = 1> <Delay = 0.28> <FuncUnit> <Opcode : 'and' 'or' 'xor'> <InPorts = 2> <OutPorts = 1>
ST_2 : Operation 142 [1/1] (0.00ns) (grouped into LUT with out node or_ln276_1)   --->   "%or_ln276_2 = or i1 %and_ln276_2, i1 %and_ln276_4" [src/integrated-gcn/integrated_gcn.cpp:276]   --->   Operation 142 'or' 'or_ln276_2' <Predicate = true> <Delay = 0.00> <CoreInst = "LogicGate">   --->   Core 74 'LogicGate' <Latency = 0> <II = 1> <Delay = 0.28> <FuncUnit> <Opcode : 'and' 'or' 'xor'> <InPorts = 2> <OutPorts = 1>
ST_2 : Operation 143 [1/1] (0.00ns) (grouped into LUT with out node or_ln276_1)   --->   "%xor_ln276_4 = xor i1 %or_ln276_2, i1 1" [src/integrated-gcn/integrated_gcn.cpp:276]   --->   Operation 143 'xor' 'xor_ln276_4' <Predicate = true> <Delay = 0.00> <CoreInst = "LogicGate">   --->   Core 74 'LogicGate' <Latency = 0> <II = 1> <Delay = 0.28> <FuncUnit> <Opcode : 'and' 'or' 'xor'> <InPorts = 2> <OutPorts = 1>
ST_2 : Operation 144 [1/1] (0.00ns) (grouped into LUT with out node or_ln276_1)   --->   "%and_ln276_5 = and i1 %tmp_1, i1 %xor_ln276_4" [src/integrated-gcn/integrated_gcn.cpp:276]   --->   Operation 144 'and' 'and_ln276_5' <Predicate = true> <Delay = 0.00> <CoreInst = "LogicGate">   --->   Core 74 'LogicGate' <Latency = 0> <II = 1> <Delay = 0.28> <FuncUnit> <Opcode : 'and' 'or' 'xor'> <InPorts = 2> <OutPorts = 1>
ST_2 : Operation 145 [1/1] (0.00ns) (grouped into LUT with out node select_ln276_3)   --->   "%select_ln276_2 = select i1 %and_ln276_3, i16 32767, i16 32768" [src/integrated-gcn/integrated_gcn.cpp:276]   --->   Operation 145 'select' 'select_ln276_2' <Predicate = true> <Delay = 0.00> <CoreInst = "Sel">   --->   Core 73 'Sel' <Latency = 0> <II = 1> <Delay = 0.35> <FuncUnit> <Opcode : 'select'> <InPorts = 3> <OutPorts = 1>
ST_2 : Operation 146 [1/1] (0.28ns) (out node of the LUT)   --->   "%or_ln276_1 = or i1 %and_ln276_3, i1 %and_ln276_5" [src/integrated-gcn/integrated_gcn.cpp:276]   --->   Operation 146 'or' 'or_ln276_1' <Predicate = true> <Delay = 0.28> <CoreInst = "LogicGate">   --->   Core 74 'LogicGate' <Latency = 0> <II = 1> <Delay = 0.28> <FuncUnit> <Opcode : 'and' 'or' 'xor'> <InPorts = 2> <OutPorts = 1>
ST_2 : Operation 147 [1/1] (0.35ns) (out node of the LUT)   --->   "%select_ln276_3 = select i1 %or_ln276_1, i16 %select_ln276_2, i16 %add_ln276" [src/integrated-gcn/integrated_gcn.cpp:276]   --->   Operation 147 'select' 'select_ln276_3' <Predicate = true> <Delay = 0.35> <CoreInst = "Sel">   --->   Core 73 'Sel' <Latency = 0> <II = 1> <Delay = 0.35> <FuncUnit> <Opcode : 'select'> <InPorts = 3> <OutPorts = 1>
ST_2 : Operation 148 [1/1] ( I:1.63ns O:1.63ns )   --->   "%write_ln276 = write void @_ssdm_op_Write.ap_fifo.volatile.i16P0A, i16 %result_fifo, i16 %select_ln276_3" [src/integrated-gcn/integrated_gcn.cpp:276]   --->   Operation 148 'write' 'write_ln276' <Predicate = true> <Delay = 1.63> <CoreInst = "FIFO_SRL">   --->   Core 80 'FIFO_SRL' <Latency = 0> <II = 1> <Delay = 1.63> <Storage> <Opcode : 'read' 'write' 'nbread' 'nbwrite'> <Ports = 0> <Width = 16> <Depth = 32> <FIFO>
ST_2 : Operation 149 [1/1] (0.00ns)   --->   "%br_ln274 = br void %for.body54" [src/integrated-gcn/integrated_gcn.cpp:274]   --->   Operation 149 'br' 'br_ln274' <Predicate = true> <Delay = 0.00>


============================================================
+ Verbose Summary: Binding
============================================================
STG Binding: 
---------------- STG Properties BEGIN ----------------
- Is combinational: 0
- Is one-state seq: 0
- Is datapath-only: 0
- Is pipelined: 0
- Is top level: 0
Port [ Return ] is wired: 1; IO mode=ap_ctrl_hs:ce=0
Port [ acc]:  wired=1; compound=1; hidden=0; nouse=0; global=0; static=0; extern=0; dir=0; type=1; pingpong=0; private_global=0; MemPort=[13]; IO mode=ap_memory:ce=0
Port [ acc_1]:  wired=1; compound=1; hidden=0; nouse=0; global=0; static=0; extern=0; dir=0; type=1; pingpong=0; private_global=0; MemPort=[13]; IO mode=ap_memory:ce=0
Port [ acc_2]:  wired=1; compound=1; hidden=0; nouse=0; global=0; static=0; extern=0; dir=0; type=1; pingpong=0; private_global=0; MemPort=[13]; IO mode=ap_memory:ce=0
Port [ acc_3]:  wired=1; compound=1; hidden=0; nouse=0; global=0; static=0; extern=0; dir=0; type=1; pingpong=0; private_global=0; MemPort=[13]; IO mode=ap_memory:ce=0
Port [ acc_4]:  wired=1; compound=1; hidden=0; nouse=0; global=0; static=0; extern=0; dir=0; type=1; pingpong=0; private_global=0; MemPort=[13]; IO mode=ap_memory:ce=0
Port [ acc_5]:  wired=1; compound=1; hidden=0; nouse=0; global=0; static=0; extern=0; dir=0; type=1; pingpong=0; private_global=0; MemPort=[13]; IO mode=ap_memory:ce=0
Port [ acc_6]:  wired=1; compound=1; hidden=0; nouse=0; global=0; static=0; extern=0; dir=0; type=1; pingpong=0; private_global=0; MemPort=[13]; IO mode=ap_memory:ce=0
Port [ acc_7]:  wired=1; compound=1; hidden=0; nouse=0; global=0; static=0; extern=0; dir=0; type=1; pingpong=0; private_global=0; MemPort=[13]; IO mode=ap_memory:ce=0
Port [ acc_8]:  wired=1; compound=1; hidden=0; nouse=0; global=0; static=0; extern=0; dir=0; type=1; pingpong=0; private_global=0; MemPort=[13]; IO mode=ap_memory:ce=0
Port [ acc_9]:  wired=1; compound=1; hidden=0; nouse=0; global=0; static=0; extern=0; dir=0; type=1; pingpong=0; private_global=0; MemPort=[13]; IO mode=ap_memory:ce=0
Port [ acc_10]:  wired=1; compound=1; hidden=0; nouse=0; global=0; static=0; extern=0; dir=0; type=1; pingpong=0; private_global=0; MemPort=[13]; IO mode=ap_memory:ce=0
Port [ acc_11]:  wired=1; compound=1; hidden=0; nouse=0; global=0; static=0; extern=0; dir=0; type=1; pingpong=0; private_global=0; MemPort=[13]; IO mode=ap_memory:ce=0
Port [ acc_12]:  wired=1; compound=1; hidden=0; nouse=0; global=0; static=0; extern=0; dir=0; type=1; pingpong=0; private_global=0; MemPort=[13]; IO mode=ap_memory:ce=0
Port [ acc_13]:  wired=1; compound=1; hidden=0; nouse=0; global=0; static=0; extern=0; dir=0; type=1; pingpong=0; private_global=0; MemPort=[13]; IO mode=ap_memory:ce=0
Port [ acc_14]:  wired=1; compound=1; hidden=0; nouse=0; global=0; static=0; extern=0; dir=0; type=1; pingpong=0; private_global=0; MemPort=[13]; IO mode=ap_memory:ce=0
Port [ acc_15]:  wired=1; compound=1; hidden=0; nouse=0; global=0; static=0; extern=0; dir=0; type=1; pingpong=0; private_global=0; MemPort=[13]; IO mode=ap_memory:ce=0
Port [ acc_16]:  wired=1; compound=1; hidden=0; nouse=0; global=0; static=0; extern=0; dir=0; type=1; pingpong=0; private_global=0; MemPort=[13]; IO mode=ap_memory:ce=0
Port [ acc_17]:  wired=1; compound=1; hidden=0; nouse=0; global=0; static=0; extern=0; dir=0; type=1; pingpong=0; private_global=0; MemPort=[13]; IO mode=ap_memory:ce=0
Port [ acc_18]:  wired=1; compound=1; hidden=0; nouse=0; global=0; static=0; extern=0; dir=0; type=1; pingpong=0; private_global=0; MemPort=[13]; IO mode=ap_memory:ce=0
Port [ acc_19]:  wired=1; compound=1; hidden=0; nouse=0; global=0; static=0; extern=0; dir=0; type=1; pingpong=0; private_global=0; MemPort=[13]; IO mode=ap_memory:ce=0
Port [ acc_20]:  wired=1; compound=1; hidden=0; nouse=0; global=0; static=0; extern=0; dir=0; type=1; pingpong=0; private_global=0; MemPort=[13]; IO mode=ap_memory:ce=0
Port [ acc_21]:  wired=1; compound=1; hidden=0; nouse=0; global=0; static=0; extern=0; dir=0; type=1; pingpong=0; private_global=0; MemPort=[13]; IO mode=ap_memory:ce=0
Port [ acc_22]:  wired=1; compound=1; hidden=0; nouse=0; global=0; static=0; extern=0; dir=0; type=1; pingpong=0; private_global=0; MemPort=[13]; IO mode=ap_memory:ce=0
Port [ acc_23]:  wired=1; compound=1; hidden=0; nouse=0; global=0; static=0; extern=0; dir=0; type=1; pingpong=0; private_global=0; MemPort=[13]; IO mode=ap_memory:ce=0
Port [ acc_24]:  wired=1; compound=1; hidden=0; nouse=0; global=0; static=0; extern=0; dir=0; type=1; pingpong=0; private_global=0; MemPort=[13]; IO mode=ap_memory:ce=0
Port [ acc_25]:  wired=1; compound=1; hidden=0; nouse=0; global=0; static=0; extern=0; dir=0; type=1; pingpong=0; private_global=0; MemPort=[13]; IO mode=ap_memory:ce=0
Port [ acc_26]:  wired=1; compound=1; hidden=0; nouse=0; global=0; static=0; extern=0; dir=0; type=1; pingpong=0; private_global=0; MemPort=[13]; IO mode=ap_memory:ce=0
Port [ acc_27]:  wired=1; compound=1; hidden=0; nouse=0; global=0; static=0; extern=0; dir=0; type=1; pingpong=0; private_global=0; MemPort=[13]; IO mode=ap_memory:ce=0
Port [ acc_28]:  wired=1; compound=1; hidden=0; nouse=0; global=0; static=0; extern=0; dir=0; type=1; pingpong=0; private_global=0; MemPort=[13]; IO mode=ap_memory:ce=0
Port [ acc_29]:  wired=1; compound=1; hidden=0; nouse=0; global=0; static=0; extern=0; dir=0; type=1; pingpong=0; private_global=0; MemPort=[13]; IO mode=ap_memory:ce=0
Port [ acc_30]:  wired=1; compound=1; hidden=0; nouse=0; global=0; static=0; extern=0; dir=0; type=1; pingpong=0; private_global=0; MemPort=[13]; IO mode=ap_memory:ce=0
Port [ acc_31]:  wired=1; compound=1; hidden=0; nouse=0; global=0; static=0; extern=0; dir=0; type=1; pingpong=0; private_global=0; MemPort=[13]; IO mode=ap_memory:ce=0
Port [ result_fifo]:  wired=1; compound=1; hidden=0; nouse=0; global=0; static=0; extern=0; dir=1; type=3; pingpong=0; private_global=0; IO mode=ap_fifo:ce=0
---------------- STG Properties END ------------------

---------------- Datapath Model BEGIN ----------------

<LifeTime>
<method=bitvector/>
f                       (alloca           ) [ 010]
specinterface_ln0       (specinterface    ) [ 000]
store_ln274             (store            ) [ 000]
br_ln0                  (br               ) [ 000]
f_2                     (load             ) [ 000]
icmp_ln274              (icmp             ) [ 010]
add_ln274               (add              ) [ 000]
br_ln274                (br               ) [ 000]
trunc_ln274             (trunc            ) [ 011]
tmp                     (bitselect        ) [ 000]
zext_ln274              (zext             ) [ 000]
acc_addr                (getelementptr    ) [ 011]
acc_1_addr              (getelementptr    ) [ 011]
acc_2_addr              (getelementptr    ) [ 011]
acc_3_addr              (getelementptr    ) [ 011]
acc_4_addr              (getelementptr    ) [ 011]
acc_5_addr              (getelementptr    ) [ 011]
acc_6_addr              (getelementptr    ) [ 011]
acc_7_addr              (getelementptr    ) [ 011]
acc_8_addr              (getelementptr    ) [ 011]
acc_9_addr              (getelementptr    ) [ 011]
acc_10_addr             (getelementptr    ) [ 011]
acc_11_addr             (getelementptr    ) [ 011]
acc_12_addr             (getelementptr    ) [ 011]
acc_13_addr             (getelementptr    ) [ 011]
acc_14_addr             (getelementptr    ) [ 011]
acc_15_addr             (getelementptr    ) [ 011]
acc_16_addr             (getelementptr    ) [ 011]
acc_17_addr             (getelementptr    ) [ 011]
acc_18_addr             (getelementptr    ) [ 011]
acc_19_addr             (getelementptr    ) [ 011]
acc_20_addr             (getelementptr    ) [ 011]
acc_21_addr             (getelementptr    ) [ 011]
acc_22_addr             (getelementptr    ) [ 011]
acc_23_addr             (getelementptr    ) [ 011]
acc_24_addr             (getelementptr    ) [ 011]
acc_25_addr             (getelementptr    ) [ 011]
acc_26_addr             (getelementptr    ) [ 011]
acc_27_addr             (getelementptr    ) [ 011]
acc_28_addr             (getelementptr    ) [ 011]
acc_29_addr             (getelementptr    ) [ 011]
acc_30_addr             (getelementptr    ) [ 011]
acc_31_addr             (getelementptr    ) [ 011]
store_ln274             (store            ) [ 000]
specpipeline_ln275      (specpipeline     ) [ 000]
speclooptripcount_ln274 (speclooptripcount) [ 000]
specloopname_ln274      (specloopname     ) [ 000]
acc_load                (load             ) [ 000]
acc_1_load              (load             ) [ 000]
acc_2_load              (load             ) [ 000]
acc_3_load              (load             ) [ 000]
acc_4_load              (load             ) [ 000]
acc_5_load              (load             ) [ 000]
acc_6_load              (load             ) [ 000]
acc_7_load              (load             ) [ 000]
acc_8_load              (load             ) [ 000]
acc_9_load              (load             ) [ 000]
acc_10_load             (load             ) [ 000]
acc_11_load             (load             ) [ 000]
acc_12_load             (load             ) [ 000]
acc_13_load             (load             ) [ 000]
acc_14_load             (load             ) [ 000]
acc_15_load             (load             ) [ 000]
acc_16_load             (load             ) [ 000]
acc_17_load             (load             ) [ 000]
acc_18_load             (load             ) [ 000]
acc_19_load             (load             ) [ 000]
acc_20_load             (load             ) [ 000]
acc_21_load             (load             ) [ 000]
acc_22_load             (load             ) [ 000]
acc_23_load             (load             ) [ 000]
acc_24_load             (load             ) [ 000]
acc_25_load             (load             ) [ 000]
acc_26_load             (load             ) [ 000]
acc_27_load             (load             ) [ 000]
acc_28_load             (load             ) [ 000]
acc_29_load             (load             ) [ 000]
acc_30_load             (load             ) [ 000]
acc_31_load             (load             ) [ 000]
tmp_s                   (sparsemux        ) [ 000]
tmp_1                   (bitselect        ) [ 000]
trunc_ln5               (partselect       ) [ 000]
tmp_2                   (bitselect        ) [ 000]
tmp_3                   (bitselect        ) [ 000]
zext_ln276              (zext             ) [ 000]
add_ln276               (add              ) [ 000]
tmp_4                   (bitselect        ) [ 000]
xor_ln276               (xor              ) [ 000]
and_ln276               (and              ) [ 000]
tmp_5                   (bitselect        ) [ 000]
tmp_6                   (partselect       ) [ 000]
icmp_ln276              (icmp             ) [ 000]
tmp_7                   (partselect       ) [ 000]
icmp_ln276_1            (icmp             ) [ 000]
icmp_ln276_2            (icmp             ) [ 000]
select_ln276            (select           ) [ 000]
xor_ln276_1             (xor              ) [ 000]
and_ln276_1             (and              ) [ 000]
select_ln276_1          (select           ) [ 000]
and_ln276_2             (and              ) [ 000]
xor_ln276_2             (xor              ) [ 000]
or_ln276                (or               ) [ 000]
xor_ln276_3             (xor              ) [ 000]
and_ln276_3             (and              ) [ 000]
and_ln276_4             (and              ) [ 000]
or_ln276_2              (or               ) [ 000]
xor_ln276_4             (xor              ) [ 000]
and_ln276_5             (and              ) [ 000]
select_ln276_2          (select           ) [ 000]
or_ln276_1              (or               ) [ 000]
select_ln276_3          (select           ) [ 000]
write_ln276             (write            ) [ 000]
br_ln274                (br               ) [ 000]
ret_ln0                 (ret              ) [ 000]
</LifeTime>

<model>

<comp_list>
<comp id="0" class="1000" name="acc">
<pin_list>
<pin id="1" dir="1" index="0" bw="1" slack="0"/>
</pin_list>
<bind>
<StgValue><ssdm name="acc"/><MemPortTyVec>1 3 </MemPortTyVec>
</StgValue>
</bind>
</comp>

<comp id="2" class="1000" name="acc_1">
<pin_list>
<pin id="3" dir="1" index="0" bw="1" slack="0"/>
</pin_list>
<bind>
<StgValue><ssdm name="acc_1"/><MemPortTyVec>1 3 </MemPortTyVec>
</StgValue>
</bind>
</comp>

<comp id="4" class="1000" name="acc_2">
<pin_list>
<pin id="5" dir="1" index="0" bw="1" slack="0"/>
</pin_list>
<bind>
<StgValue><ssdm name="acc_2"/><MemPortTyVec>1 3 </MemPortTyVec>
</StgValue>
</bind>
</comp>

<comp id="6" class="1000" name="acc_3">
<pin_list>
<pin id="7" dir="1" index="0" bw="1" slack="0"/>
</pin_list>
<bind>
<StgValue><ssdm name="acc_3"/><MemPortTyVec>1 3 </MemPortTyVec>
</StgValue>
</bind>
</comp>

<comp id="8" class="1000" name="acc_4">
<pin_list>
<pin id="9" dir="1" index="0" bw="1" slack="0"/>
</pin_list>
<bind>
<StgValue><ssdm name="acc_4"/><MemPortTyVec>1 3 </MemPortTyVec>
</StgValue>
</bind>
</comp>

<comp id="10" class="1000" name="acc_5">
<pin_list>
<pin id="11" dir="1" index="0" bw="1" slack="0"/>
</pin_list>
<bind>
<StgValue><ssdm name="acc_5"/><MemPortTyVec>1 3 </MemPortTyVec>
</StgValue>
</bind>
</comp>

<comp id="12" class="1000" name="acc_6">
<pin_list>
<pin id="13" dir="1" index="0" bw="1" slack="0"/>
</pin_list>
<bind>
<StgValue><ssdm name="acc_6"/><MemPortTyVec>1 3 </MemPortTyVec>
</StgValue>
</bind>
</comp>

<comp id="14" class="1000" name="acc_7">
<pin_list>
<pin id="15" dir="1" index="0" bw="1" slack="0"/>
</pin_list>
<bind>
<StgValue><ssdm name="acc_7"/><MemPortTyVec>1 3 </MemPortTyVec>
</StgValue>
</bind>
</comp>

<comp id="16" class="1000" name="acc_8">
<pin_list>
<pin id="17" dir="1" index="0" bw="1" slack="0"/>
</pin_list>
<bind>
<StgValue><ssdm name="acc_8"/><MemPortTyVec>1 3 </MemPortTyVec>
</StgValue>
</bind>
</comp>

<comp id="18" class="1000" name="acc_9">
<pin_list>
<pin id="19" dir="1" index="0" bw="1" slack="0"/>
</pin_list>
<bind>
<StgValue><ssdm name="acc_9"/><MemPortTyVec>1 3 </MemPortTyVec>
</StgValue>
</bind>
</comp>

<comp id="20" class="1000" name="acc_10">
<pin_list>
<pin id="21" dir="1" index="0" bw="1" slack="0"/>
</pin_list>
<bind>
<StgValue><ssdm name="acc_10"/><MemPortTyVec>1 3 </MemPortTyVec>
</StgValue>
</bind>
</comp>

<comp id="22" class="1000" name="acc_11">
<pin_list>
<pin id="23" dir="1" index="0" bw="1" slack="0"/>
</pin_list>
<bind>
<StgValue><ssdm name="acc_11"/><MemPortTyVec>1 3 </MemPortTyVec>
</StgValue>
</bind>
</comp>

<comp id="24" class="1000" name="acc_12">
<pin_list>
<pin id="25" dir="1" index="0" bw="1" slack="0"/>
</pin_list>
<bind>
<StgValue><ssdm name="acc_12"/><MemPortTyVec>1 3 </MemPortTyVec>
</StgValue>
</bind>
</comp>

<comp id="26" class="1000" name="acc_13">
<pin_list>
<pin id="27" dir="1" index="0" bw="1" slack="0"/>
</pin_list>
<bind>
<StgValue><ssdm name="acc_13"/><MemPortTyVec>1 3 </MemPortTyVec>
</StgValue>
</bind>
</comp>

<comp id="28" class="1000" name="acc_14">
<pin_list>
<pin id="29" dir="1" index="0" bw="1" slack="0"/>
</pin_list>
<bind>
<StgValue><ssdm name="acc_14"/><MemPortTyVec>1 3 </MemPortTyVec>
</StgValue>
</bind>
</comp>

<comp id="30" class="1000" name="acc_15">
<pin_list>
<pin id="31" dir="1" index="0" bw="1" slack="0"/>
</pin_list>
<bind>
<StgValue><ssdm name="acc_15"/><MemPortTyVec>1 3 </MemPortTyVec>
</StgValue>
</bind>
</comp>

<comp id="32" class="1000" name="acc_16">
<pin_list>
<pin id="33" dir="1" index="0" bw="1" slack="0"/>
</pin_list>
<bind>
<StgValue><ssdm name="acc_16"/><MemPortTyVec>1 3 </MemPortTyVec>
</StgValue>
</bind>
</comp>

<comp id="34" class="1000" name="acc_17">
<pin_list>
<pin id="35" dir="1" index="0" bw="1" slack="0"/>
</pin_list>
<bind>
<StgValue><ssdm name="acc_17"/><MemPortTyVec>1 3 </MemPortTyVec>
</StgValue>
</bind>
</comp>

<comp id="36" class="1000" name="acc_18">
<pin_list>
<pin id="37" dir="1" index="0" bw="1" slack="0"/>
</pin_list>
<bind>
<StgValue><ssdm name="acc_18"/><MemPortTyVec>1 3 </MemPortTyVec>
</StgValue>
</bind>
</comp>

<comp id="38" class="1000" name="acc_19">
<pin_list>
<pin id="39" dir="1" index="0" bw="1" slack="0"/>
</pin_list>
<bind>
<StgValue><ssdm name="acc_19"/><MemPortTyVec>1 3 </MemPortTyVec>
</StgValue>
</bind>
</comp>

<comp id="40" class="1000" name="acc_20">
<pin_list>
<pin id="41" dir="1" index="0" bw="1" slack="0"/>
</pin_list>
<bind>
<StgValue><ssdm name="acc_20"/><MemPortTyVec>1 3 </MemPortTyVec>
</StgValue>
</bind>
</comp>

<comp id="42" class="1000" name="acc_21">
<pin_list>
<pin id="43" dir="1" index="0" bw="1" slack="0"/>
</pin_list>
<bind>
<StgValue><ssdm name="acc_21"/><MemPortTyVec>1 3 </MemPortTyVec>
</StgValue>
</bind>
</comp>

<comp id="44" class="1000" name="acc_22">
<pin_list>
<pin id="45" dir="1" index="0" bw="1" slack="0"/>
</pin_list>
<bind>
<StgValue><ssdm name="acc_22"/><MemPortTyVec>1 3 </MemPortTyVec>
</StgValue>
</bind>
</comp>

<comp id="46" class="1000" name="acc_23">
<pin_list>
<pin id="47" dir="1" index="0" bw="1" slack="0"/>
</pin_list>
<bind>
<StgValue><ssdm name="acc_23"/><MemPortTyVec>1 3 </MemPortTyVec>
</StgValue>
</bind>
</comp>

<comp id="48" class="1000" name="acc_24">
<pin_list>
<pin id="49" dir="1" index="0" bw="1" slack="0"/>
</pin_list>
<bind>
<StgValue><ssdm name="acc_24"/><MemPortTyVec>1 3 </MemPortTyVec>
</StgValue>
</bind>
</comp>

<comp id="50" class="1000" name="acc_25">
<pin_list>
<pin id="51" dir="1" index="0" bw="1" slack="0"/>
</pin_list>
<bind>
<StgValue><ssdm name="acc_25"/><MemPortTyVec>1 3 </MemPortTyVec>
</StgValue>
</bind>
</comp>

<comp id="52" class="1000" name="acc_26">
<pin_list>
<pin id="53" dir="1" index="0" bw="1" slack="0"/>
</pin_list>
<bind>
<StgValue><ssdm name="acc_26"/><MemPortTyVec>1 3 </MemPortTyVec>
</StgValue>
</bind>
</comp>

<comp id="54" class="1000" name="acc_27">
<pin_list>
<pin id="55" dir="1" index="0" bw="1" slack="0"/>
</pin_list>
<bind>
<StgValue><ssdm name="acc_27"/><MemPortTyVec>1 3 </MemPortTyVec>
</StgValue>
</bind>
</comp>

<comp id="56" class="1000" name="acc_28">
<pin_list>
<pin id="57" dir="1" index="0" bw="1" slack="0"/>
</pin_list>
<bind>
<StgValue><ssdm name="acc_28"/><MemPortTyVec>1 3 </MemPortTyVec>
</StgValue>
</bind>
</comp>

<comp id="58" class="1000" name="acc_29">
<pin_list>
<pin id="59" dir="1" index="0" bw="1" slack="0"/>
</pin_list>
<bind>
<StgValue><ssdm name="acc_29"/><MemPortTyVec>1 3 </MemPortTyVec>
</StgValue>
</bind>
</comp>

<comp id="60" class="1000" name="acc_30">
<pin_list>
<pin id="61" dir="1" index="0" bw="1" slack="0"/>
</pin_list>
<bind>
<StgValue><ssdm name="acc_30"/><MemPortTyVec>1 3 </MemPortTyVec>
</StgValue>
</bind>
</comp>

<comp id="62" class="1000" name="acc_31">
<pin_list>
<pin id="63" dir="1" index="0" bw="1" slack="0"/>
</pin_list>
<bind>
<StgValue><ssdm name="acc_31"/><MemPortTyVec>1 3 </MemPortTyVec>
</StgValue>
</bind>
</comp>

<comp id="64" class="1000" name="result_fifo">
<pin_list>
<pin id="65" dir="1" index="0" bw="1" slack="0"/>
</pin_list>
<bind>
<StgValue><ssdm name="result_fifo"/></StgValue>
</bind>
</comp>

<comp id="66" class="1001" name="const_66">
<pin_list>
<pin id="67" dir="1" index="0" bw="1" slack="0"/>
</pin_list>
<bind>
<StgValue><ssdm name=""/></StgValue>
</bind>
</comp>

<comp id="68" class="1001" name="const_68">
<pin_list>
<pin id="69" dir="1" index="0" bw="1" slack="2147483647"/>
</pin_list>
<bind>
<StgValue><ssdm name="_ssdm_op_SpecInterface"/></StgValue>
</bind>
</comp>

<comp id="70" class="1001" name="const_70">
<pin_list>
<pin id="71" dir="1" index="0" bw="1" slack="2147483647"/>
</pin_list>
<bind>
<StgValue><ssdm name="empty_8"/></StgValue>
</bind>
</comp>

<comp id="72" class="1001" name="const_72">
<pin_list>
<pin id="73" dir="1" index="0" bw="1" slack="2147483647"/>
</pin_list>
<bind>
<StgValue><ssdm name=""/></StgValue>
</bind>
</comp>

<comp id="74" class="1001" name="const_74">
<pin_list>
<pin id="75" dir="1" index="0" bw="1" slack="2147483647"/>
</pin_list>
<bind>
<StgValue><ssdm name="empty_23"/></StgValue>
</bind>
</comp>

<comp id="76" class="1001" name="const_76">
<pin_list>
<pin id="77" dir="1" index="0" bw="1" slack="2147483647"/>
</pin_list>
<bind>
<StgValue><ssdm name=""/></StgValue>
</bind>
</comp>

<comp id="78" class="1001" name="const_78">
<pin_list>
<pin id="79" dir="1" index="0" bw="1" slack="0"/>
</pin_list>
<bind>
<StgValue><ssdm name=""/></StgValue>
</bind>
</comp>

<comp id="80" class="1001" name="const_80">
<pin_list>
<pin id="81" dir="1" index="0" bw="1" slack="0"/>
</pin_list>
<bind>
<StgValue><ssdm name=""/></StgValue>
</bind>
</comp>

<comp id="82" class="1001" name="const_82">
<pin_list>
<pin id="83" dir="1" index="0" bw="1" slack="0"/>
</pin_list>
<bind>
<StgValue><ssdm name=""/></StgValue>
</bind>
</comp>

<comp id="84" class="1001" name="const_84">
<pin_list>
<pin id="85" dir="1" index="0" bw="1" slack="0"/>
</pin_list>
<bind>
<StgValue><ssdm name="_ssdm_op_BitSelect.i1.i7.i32"/></StgValue>
</bind>
</comp>

<comp id="86" class="1001" name="const_86">
<pin_list>
<pin id="87" dir="1" index="0" bw="1" slack="0"/>
</pin_list>
<bind>
<StgValue><ssdm name=""/></StgValue>
</bind>
</comp>

<comp id="88" class="1001" name="const_88">
<pin_list>
<pin id="89" dir="1" index="0" bw="1" slack="0"/>
</pin_list>
<bind>
<StgValue><ssdm name=""/></StgValue>
</bind>
</comp>

<comp id="90" class="1001" name="const_90">
<pin_list>
<pin id="91" dir="1" index="0" bw="1" slack="2147483647"/>
</pin_list>
<bind>
<StgValue><ssdm name="_ssdm_op_SpecPipeline"/></StgValue>
</bind>
</comp>

<comp id="92" class="1001" name="const_92">
<pin_list>
<pin id="93" dir="1" index="0" bw="1" slack="2147483647"/>
</pin_list>
<bind>
<StgValue><ssdm name="_ssdm_op_SpecLoopTripCount"/></StgValue>
</bind>
</comp>

<comp id="94" class="1001" name="const_94">
<pin_list>
<pin id="95" dir="1" index="0" bw="1" slack="2147483647"/>
</pin_list>
<bind>
<StgValue><ssdm name=""/></StgValue>
</bind>
</comp>

<comp id="96" class="1001" name="const_96">
<pin_list>
<pin id="97" dir="1" index="0" bw="1" slack="2147483647"/>
</pin_list>
<bind>
<StgValue><ssdm name="_ssdm_op_SpecLoopName"/></StgValue>
</bind>
</comp>

<comp id="98" class="1001" name="const_98">
<pin_list>
<pin id="99" dir="1" index="0" bw="1" slack="2147483647"/>
</pin_list>
<bind>
<StgValue><ssdm name="empty_1"/></StgValue>
</bind>
</comp>

<comp id="100" class="1001" name="const_100">
<pin_list>
<pin id="101" dir="1" index="0" bw="1" slack="0"/>
</pin_list>
<bind>
<StgValue><ssdm name="_ssdm_op_SparseMux.ap_auto.32i32.i32.i5"/></StgValue>
</bind>
</comp>

<comp id="102" class="1001" name="const_102">
<pin_list>
<pin id="103" dir="1" index="0" bw="1" slack="0"/>
</pin_list>
<bind>
<StgValue><ssdm name=""/></StgValue>
</bind>
</comp>

<comp id="104" class="1001" name="const_104">
<pin_list>
<pin id="105" dir="1" index="0" bw="1" slack="0"/>
</pin_list>
<bind>
<StgValue><ssdm name=""/></StgValue>
</bind>
</comp>

<comp id="106" class="1001" name="const_106">
<pin_list>
<pin id="107" dir="1" index="0" bw="1" slack="0"/>
</pin_list>
<bind>
<StgValue><ssdm name=""/></StgValue>
</bind>
</comp>

<comp id="108" class="1001" name="const_108">
<pin_list>
<pin id="109" dir="1" index="0" bw="1" slack="0"/>
</pin_list>
<bind>
<StgValue><ssdm name=""/></StgValue>
</bind>
</comp>

<comp id="110" class="1001" name="const_110">
<pin_list>
<pin id="111" dir="1" index="0" bw="1" slack="0"/>
</pin_list>
<bind>
<StgValue><ssdm name=""/></StgValue>
</bind>
</comp>

<comp id="112" class="1001" name="const_112">
<pin_list>
<pin id="113" dir="1" index="0" bw="1" slack="0"/>
</pin_list>
<bind>
<StgValue><ssdm name=""/></StgValue>
</bind>
</comp>

<comp id="114" class="1001" name="const_114">
<pin_list>
<pin id="115" dir="1" index="0" bw="1" slack="0"/>
</pin_list>
<bind>
<StgValue><ssdm name=""/></StgValue>
</bind>
</comp>

<comp id="116" class="1001" name="const_116">
<pin_list>
<pin id="117" dir="1" index="0" bw="1" slack="0"/>
</pin_list>
<bind>
<StgValue><ssdm name=""/></StgValue>
</bind>
</comp>

<comp id="118" class="1001" name="const_118">
<pin_list>
<pin id="119" dir="1" index="0" bw="1" slack="0"/>
</pin_list>
<bind>
<StgValue><ssdm name=""/></StgValue>
</bind>
</comp>

<comp id="120" class="1001" name="const_120">
<pin_list>
<pin id="121" dir="1" index="0" bw="1" slack="0"/>
</pin_list>
<bind>
<StgValue><ssdm name=""/></StgValue>
</bind>
</comp>

<comp id="122" class="1001" name="const_122">
<pin_list>
<pin id="123" dir="1" index="0" bw="1" slack="0"/>
</pin_list>
<bind>
<StgValue><ssdm name=""/></StgValue>
</bind>
</comp>

<comp id="124" class="1001" name="const_124">
<pin_list>
<pin id="125" dir="1" index="0" bw="1" slack="0"/>
</pin_list>
<bind>
<StgValue><ssdm name=""/></StgValue>
</bind>
</comp>

<comp id="126" class="1001" name="const_126">
<pin_list>
<pin id="127" dir="1" index="0" bw="1" slack="0"/>
</pin_list>
<bind>
<StgValue><ssdm name=""/></StgValue>
</bind>
</comp>

<comp id="128" class="1001" name="const_128">
<pin_list>
<pin id="129" dir="1" index="0" bw="1" slack="0"/>
</pin_list>
<bind>
<StgValue><ssdm name=""/></StgValue>
</bind>
</comp>

<comp id="130" class="1001" name="const_130">
<pin_list>
<pin id="131" dir="1" index="0" bw="1" slack="0"/>
</pin_list>
<bind>
<StgValue><ssdm name=""/></StgValue>
</bind>
</comp>

<comp id="132" class="1001" name="const_132">
<pin_list>
<pin id="133" dir="1" index="0" bw="1" slack="0"/>
</pin_list>
<bind>
<StgValue><ssdm name=""/></StgValue>
</bind>
</comp>

<comp id="134" class="1001" name="const_134">
<pin_list>
<pin id="135" dir="1" index="0" bw="1" slack="0"/>
</pin_list>
<bind>
<StgValue><ssdm name=""/></StgValue>
</bind>
</comp>

<comp id="136" class="1001" name="const_136">
<pin_list>
<pin id="137" dir="1" index="0" bw="1" slack="0"/>
</pin_list>
<bind>
<StgValue><ssdm name=""/></StgValue>
</bind>
</comp>

<comp id="138" class="1001" name="const_138">
<pin_list>
<pin id="139" dir="1" index="0" bw="1" slack="0"/>
</pin_list>
<bind>
<StgValue><ssdm name=""/></StgValue>
</bind>
</comp>

<comp id="140" class="1001" name="const_140">
<pin_list>
<pin id="141" dir="1" index="0" bw="1" slack="0"/>
</pin_list>
<bind>
<StgValue><ssdm name=""/></StgValue>
</bind>
</comp>

<comp id="142" class="1001" name="const_142">
<pin_list>
<pin id="143" dir="1" index="0" bw="1" slack="0"/>
</pin_list>
<bind>
<StgValue><ssdm name=""/></StgValue>
</bind>
</comp>

<comp id="144" class="1001" name="const_144">
<pin_list>
<pin id="145" dir="1" index="0" bw="1" slack="0"/>
</pin_list>
<bind>
<StgValue><ssdm name=""/></StgValue>
</bind>
</comp>

<comp id="146" class="1001" name="const_146">
<pin_list>
<pin id="147" dir="1" index="0" bw="1" slack="0"/>
</pin_list>
<bind>
<StgValue><ssdm name=""/></StgValue>
</bind>
</comp>

<comp id="148" class="1001" name="const_148">
<pin_list>
<pin id="149" dir="1" index="0" bw="1" slack="0"/>
</pin_list>
<bind>
<StgValue><ssdm name=""/></StgValue>
</bind>
</comp>

<comp id="150" class="1001" name="const_150">
<pin_list>
<pin id="151" dir="1" index="0" bw="1" slack="0"/>
</pin_list>
<bind>
<StgValue><ssdm name=""/></StgValue>
</bind>
</comp>

<comp id="152" class="1001" name="const_152">
<pin_list>
<pin id="153" dir="1" index="0" bw="1" slack="0"/>
</pin_list>
<bind>
<StgValue><ssdm name=""/></StgValue>
</bind>
</comp>

<comp id="154" class="1001" name="const_154">
<pin_list>
<pin id="155" dir="1" index="0" bw="1" slack="0"/>
</pin_list>
<bind>
<StgValue><ssdm name=""/></StgValue>
</bind>
</comp>

<comp id="156" class="1001" name="const_156">
<pin_list>
<pin id="157" dir="1" index="0" bw="1" slack="0"/>
</pin_list>
<bind>
<StgValue><ssdm name=""/></StgValue>
</bind>
</comp>

<comp id="158" class="1001" name="const_158">
<pin_list>
<pin id="159" dir="1" index="0" bw="1" slack="0"/>
</pin_list>
<bind>
<StgValue><ssdm name=""/></StgValue>
</bind>
</comp>

<comp id="160" class="1001" name="const_160">
<pin_list>
<pin id="161" dir="1" index="0" bw="1" slack="0"/>
</pin_list>
<bind>
<StgValue><ssdm name=""/></StgValue>
</bind>
</comp>

<comp id="162" class="1001" name="const_162">
<pin_list>
<pin id="163" dir="1" index="0" bw="1" slack="0"/>
</pin_list>
<bind>
<StgValue><ssdm name=""/></StgValue>
</bind>
</comp>

<comp id="164" class="1001" name="const_164">
<pin_list>
<pin id="165" dir="1" index="0" bw="1" slack="0"/>
</pin_list>
<bind>
<StgValue><ssdm name=""/></StgValue>
</bind>
</comp>

<comp id="166" class="1001" name="const_166">
<pin_list>
<pin id="167" dir="1" index="0" bw="1" slack="0"/>
</pin_list>
<bind>
<StgValue><ssdm name=""/></StgValue>
</bind>
</comp>

<comp id="168" class="1001" name="const_168">
<pin_list>
<pin id="169" dir="1" index="0" bw="1" slack="0"/>
</pin_list>
<bind>
<StgValue><ssdm name="_ssdm_op_BitSelect.i1.i32.i32"/></StgValue>
</bind>
</comp>

<comp id="170" class="1001" name="const_170">
<pin_list>
<pin id="171" dir="1" index="0" bw="1" slack="0"/>
</pin_list>
<bind>
<StgValue><ssdm name=""/></StgValue>
</bind>
</comp>

<comp id="172" class="1001" name="const_172">
<pin_list>
<pin id="173" dir="1" index="0" bw="1" slack="0"/>
</pin_list>
<bind>
<StgValue><ssdm name="_ssdm_op_PartSelect.i16.i32.i32.i32"/></StgValue>
</bind>
</comp>

<comp id="174" class="1001" name="const_174">
<pin_list>
<pin id="175" dir="1" index="0" bw="1" slack="0"/>
</pin_list>
<bind>
<StgValue><ssdm name=""/></StgValue>
</bind>
</comp>

<comp id="176" class="1001" name="const_176">
<pin_list>
<pin id="177" dir="1" index="0" bw="1" slack="0"/>
</pin_list>
<bind>
<StgValue><ssdm name=""/></StgValue>
</bind>
</comp>

<comp id="178" class="1001" name="const_178">
<pin_list>
<pin id="179" dir="1" index="0" bw="1" slack="0"/>
</pin_list>
<bind>
<StgValue><ssdm name=""/></StgValue>
</bind>
</comp>

<comp id="180" class="1001" name="const_180">
<pin_list>
<pin id="181" dir="1" index="0" bw="1" slack="0"/>
</pin_list>
<bind>
<StgValue><ssdm name="_ssdm_op_BitSelect.i1.i16.i32"/></StgValue>
</bind>
</comp>

<comp id="182" class="1001" name="const_182">
<pin_list>
<pin id="183" dir="1" index="0" bw="1" slack="0"/>
</pin_list>
<bind>
<StgValue><ssdm name=""/></StgValue>
</bind>
</comp>

<comp id="184" class="1001" name="const_184">
<pin_list>
<pin id="185" dir="1" index="0" bw="1" slack="0"/>
</pin_list>
<bind>
<StgValue><ssdm name=""/></StgValue>
</bind>
</comp>

<comp id="186" class="1001" name="const_186">
<pin_list>
<pin id="187" dir="1" index="0" bw="1" slack="0"/>
</pin_list>
<bind>
<StgValue><ssdm name=""/></StgValue>
</bind>
</comp>

<comp id="188" class="1001" name="const_188">
<pin_list>
<pin id="189" dir="1" index="0" bw="1" slack="0"/>
</pin_list>
<bind>
<StgValue><ssdm name="_ssdm_op_PartSelect.i5.i32.i32"/></StgValue>
</bind>
</comp>

<comp id="190" class="1001" name="const_190">
<pin_list>
<pin id="191" dir="1" index="0" bw="1" slack="0"/>
</pin_list>
<bind>
<StgValue><ssdm name=""/></StgValue>
</bind>
</comp>

<comp id="192" class="1001" name="const_192">
<pin_list>
<pin id="193" dir="1" index="0" bw="1" slack="0"/>
</pin_list>
<bind>
<StgValue><ssdm name="_ssdm_op_PartSelect.i6.i32.i32"/></StgValue>
</bind>
</comp>

<comp id="194" class="1001" name="const_194">
<pin_list>
<pin id="195" dir="1" index="0" bw="1" slack="0"/>
</pin_list>
<bind>
<StgValue><ssdm name=""/></StgValue>
</bind>
</comp>

<comp id="196" class="1001" name="const_196">
<pin_list>
<pin id="197" dir="1" index="0" bw="1" slack="0"/>
</pin_list>
<bind>
<StgValue><ssdm name=""/></StgValue>
</bind>
</comp>

<comp id="198" class="1001" name="const_198">
<pin_list>
<pin id="199" dir="1" index="0" bw="1" slack="0"/>
</pin_list>
<bind>
<StgValue><ssdm name=""/></StgValue>
</bind>
</comp>

<comp id="200" class="1001" name="const_200">
<pin_list>
<pin id="201" dir="1" index="0" bw="1" slack="0"/>
</pin_list>
<bind>
<StgValue><ssdm name=""/></StgValue>
</bind>
</comp>

<comp id="202" class="1001" name="const_202">
<pin_list>
<pin id="203" dir="1" index="0" bw="1" slack="0"/>
</pin_list>
<bind>
<StgValue><ssdm name="_ssdm_op_Write.ap_fifo.volatile.i16P0A"/></StgValue>
</bind>
</comp>

<comp id="204" class="1004" name="f_fu_204">
<pin_list>
<pin id="205" dir="0" index="0" bw="1" slack="0"/>
<pin id="206" dir="1" index="1" bw="7" slack="0"/>
</pin_list>
<bind>
<opcode="alloca(26) " fcode="alloca"/>
<opset="f/1 "/>
</bind>
</comp>

<comp id="208" class="1004" name="write_ln276_write_fu_208">
<pin_list>
<pin id="209" dir="0" index="0" bw="0" slack="0"/>
<pin id="210" dir="0" index="1" bw="16" slack="0"/>
<pin id="211" dir="0" index="2" bw="16" slack="0"/>
<pin id="212" dir="1" index="3" bw="0" slack="2147483647"/>
</pin_list>
<bind>
<opcode="write(1151) " fcode="write"/>
<opset="write_ln276/2 "/>
</bind>
</comp>

<comp id="215" class="1004" name="acc_addr_gep_fu_215">
<pin_list>
<pin id="216" dir="0" index="0" bw="32" slack="0"/>
<pin id="217" dir="0" index="1" bw="1" slack="0"/>
<pin id="218" dir="0" index="2" bw="1" slack="0"/>
<pin id="219" dir="1" index="3" bw="1" slack="0"/>
</pin_list>
<bind>
<opcode="getelementptr(29) " fcode="getelementptr"/>
<opset="acc_addr/1 "/>
</bind>
</comp>

<comp id="222" class="1004" name="acc_1_addr_gep_fu_222">
<pin_list>
<pin id="223" dir="0" index="0" bw="32" slack="0"/>
<pin id="224" dir="0" index="1" bw="1" slack="0"/>
<pin id="225" dir="0" index="2" bw="1" slack="0"/>
<pin id="226" dir="1" index="3" bw="1" slack="0"/>
</pin_list>
<bind>
<opcode="getelementptr(29) " fcode="getelementptr"/>
<opset="acc_1_addr/1 "/>
</bind>
</comp>

<comp id="229" class="1004" name="acc_2_addr_gep_fu_229">
<pin_list>
<pin id="230" dir="0" index="0" bw="32" slack="0"/>
<pin id="231" dir="0" index="1" bw="1" slack="0"/>
<pin id="232" dir="0" index="2" bw="1" slack="0"/>
<pin id="233" dir="1" index="3" bw="1" slack="0"/>
</pin_list>
<bind>
<opcode="getelementptr(29) " fcode="getelementptr"/>
<opset="acc_2_addr/1 "/>
</bind>
</comp>

<comp id="236" class="1004" name="acc_3_addr_gep_fu_236">
<pin_list>
<pin id="237" dir="0" index="0" bw="32" slack="0"/>
<pin id="238" dir="0" index="1" bw="1" slack="0"/>
<pin id="239" dir="0" index="2" bw="1" slack="0"/>
<pin id="240" dir="1" index="3" bw="1" slack="0"/>
</pin_list>
<bind>
<opcode="getelementptr(29) " fcode="getelementptr"/>
<opset="acc_3_addr/1 "/>
</bind>
</comp>

<comp id="243" class="1004" name="acc_4_addr_gep_fu_243">
<pin_list>
<pin id="244" dir="0" index="0" bw="32" slack="0"/>
<pin id="245" dir="0" index="1" bw="1" slack="0"/>
<pin id="246" dir="0" index="2" bw="1" slack="0"/>
<pin id="247" dir="1" index="3" bw="1" slack="0"/>
</pin_list>
<bind>
<opcode="getelementptr(29) " fcode="getelementptr"/>
<opset="acc_4_addr/1 "/>
</bind>
</comp>

<comp id="250" class="1004" name="acc_5_addr_gep_fu_250">
<pin_list>
<pin id="251" dir="0" index="0" bw="32" slack="0"/>
<pin id="252" dir="0" index="1" bw="1" slack="0"/>
<pin id="253" dir="0" index="2" bw="1" slack="0"/>
<pin id="254" dir="1" index="3" bw="1" slack="0"/>
</pin_list>
<bind>
<opcode="getelementptr(29) " fcode="getelementptr"/>
<opset="acc_5_addr/1 "/>
</bind>
</comp>

<comp id="257" class="1004" name="acc_6_addr_gep_fu_257">
<pin_list>
<pin id="258" dir="0" index="0" bw="32" slack="0"/>
<pin id="259" dir="0" index="1" bw="1" slack="0"/>
<pin id="260" dir="0" index="2" bw="1" slack="0"/>
<pin id="261" dir="1" index="3" bw="1" slack="0"/>
</pin_list>
<bind>
<opcode="getelementptr(29) " fcode="getelementptr"/>
<opset="acc_6_addr/1 "/>
</bind>
</comp>

<comp id="264" class="1004" name="acc_7_addr_gep_fu_264">
<pin_list>
<pin id="265" dir="0" index="0" bw="32" slack="0"/>
<pin id="266" dir="0" index="1" bw="1" slack="0"/>
<pin id="267" dir="0" index="2" bw="1" slack="0"/>
<pin id="268" dir="1" index="3" bw="1" slack="0"/>
</pin_list>
<bind>
<opcode="getelementptr(29) " fcode="getelementptr"/>
<opset="acc_7_addr/1 "/>
</bind>
</comp>

<comp id="271" class="1004" name="acc_8_addr_gep_fu_271">
<pin_list>
<pin id="272" dir="0" index="0" bw="32" slack="0"/>
<pin id="273" dir="0" index="1" bw="1" slack="0"/>
<pin id="274" dir="0" index="2" bw="1" slack="0"/>
<pin id="275" dir="1" index="3" bw="1" slack="0"/>
</pin_list>
<bind>
<opcode="getelementptr(29) " fcode="getelementptr"/>
<opset="acc_8_addr/1 "/>
</bind>
</comp>

<comp id="278" class="1004" name="acc_9_addr_gep_fu_278">
<pin_list>
<pin id="279" dir="0" index="0" bw="32" slack="0"/>
<pin id="280" dir="0" index="1" bw="1" slack="0"/>
<pin id="281" dir="0" index="2" bw="1" slack="0"/>
<pin id="282" dir="1" index="3" bw="1" slack="0"/>
</pin_list>
<bind>
<opcode="getelementptr(29) " fcode="getelementptr"/>
<opset="acc_9_addr/1 "/>
</bind>
</comp>

<comp id="285" class="1004" name="acc_10_addr_gep_fu_285">
<pin_list>
<pin id="286" dir="0" index="0" bw="32" slack="0"/>
<pin id="287" dir="0" index="1" bw="1" slack="0"/>
<pin id="288" dir="0" index="2" bw="1" slack="0"/>
<pin id="289" dir="1" index="3" bw="1" slack="0"/>
</pin_list>
<bind>
<opcode="getelementptr(29) " fcode="getelementptr"/>
<opset="acc_10_addr/1 "/>
</bind>
</comp>

<comp id="292" class="1004" name="acc_11_addr_gep_fu_292">
<pin_list>
<pin id="293" dir="0" index="0" bw="32" slack="0"/>
<pin id="294" dir="0" index="1" bw="1" slack="0"/>
<pin id="295" dir="0" index="2" bw="1" slack="0"/>
<pin id="296" dir="1" index="3" bw="1" slack="0"/>
</pin_list>
<bind>
<opcode="getelementptr(29) " fcode="getelementptr"/>
<opset="acc_11_addr/1 "/>
</bind>
</comp>

<comp id="299" class="1004" name="acc_12_addr_gep_fu_299">
<pin_list>
<pin id="300" dir="0" index="0" bw="32" slack="0"/>
<pin id="301" dir="0" index="1" bw="1" slack="0"/>
<pin id="302" dir="0" index="2" bw="1" slack="0"/>
<pin id="303" dir="1" index="3" bw="1" slack="0"/>
</pin_list>
<bind>
<opcode="getelementptr(29) " fcode="getelementptr"/>
<opset="acc_12_addr/1 "/>
</bind>
</comp>

<comp id="306" class="1004" name="acc_13_addr_gep_fu_306">
<pin_list>
<pin id="307" dir="0" index="0" bw="32" slack="0"/>
<pin id="308" dir="0" index="1" bw="1" slack="0"/>
<pin id="309" dir="0" index="2" bw="1" slack="0"/>
<pin id="310" dir="1" index="3" bw="1" slack="0"/>
</pin_list>
<bind>
<opcode="getelementptr(29) " fcode="getelementptr"/>
<opset="acc_13_addr/1 "/>
</bind>
</comp>

<comp id="313" class="1004" name="acc_14_addr_gep_fu_313">
<pin_list>
<pin id="314" dir="0" index="0" bw="32" slack="0"/>
<pin id="315" dir="0" index="1" bw="1" slack="0"/>
<pin id="316" dir="0" index="2" bw="1" slack="0"/>
<pin id="317" dir="1" index="3" bw="1" slack="0"/>
</pin_list>
<bind>
<opcode="getelementptr(29) " fcode="getelementptr"/>
<opset="acc_14_addr/1 "/>
</bind>
</comp>

<comp id="320" class="1004" name="acc_15_addr_gep_fu_320">
<pin_list>
<pin id="321" dir="0" index="0" bw="32" slack="0"/>
<pin id="322" dir="0" index="1" bw="1" slack="0"/>
<pin id="323" dir="0" index="2" bw="1" slack="0"/>
<pin id="324" dir="1" index="3" bw="1" slack="0"/>
</pin_list>
<bind>
<opcode="getelementptr(29) " fcode="getelementptr"/>
<opset="acc_15_addr/1 "/>
</bind>
</comp>

<comp id="327" class="1004" name="acc_16_addr_gep_fu_327">
<pin_list>
<pin id="328" dir="0" index="0" bw="32" slack="0"/>
<pin id="329" dir="0" index="1" bw="1" slack="0"/>
<pin id="330" dir="0" index="2" bw="1" slack="0"/>
<pin id="331" dir="1" index="3" bw="1" slack="0"/>
</pin_list>
<bind>
<opcode="getelementptr(29) " fcode="getelementptr"/>
<opset="acc_16_addr/1 "/>
</bind>
</comp>

<comp id="334" class="1004" name="acc_17_addr_gep_fu_334">
<pin_list>
<pin id="335" dir="0" index="0" bw="32" slack="0"/>
<pin id="336" dir="0" index="1" bw="1" slack="0"/>
<pin id="337" dir="0" index="2" bw="1" slack="0"/>
<pin id="338" dir="1" index="3" bw="1" slack="0"/>
</pin_list>
<bind>
<opcode="getelementptr(29) " fcode="getelementptr"/>
<opset="acc_17_addr/1 "/>
</bind>
</comp>

<comp id="341" class="1004" name="acc_18_addr_gep_fu_341">
<pin_list>
<pin id="342" dir="0" index="0" bw="32" slack="0"/>
<pin id="343" dir="0" index="1" bw="1" slack="0"/>
<pin id="344" dir="0" index="2" bw="1" slack="0"/>
<pin id="345" dir="1" index="3" bw="1" slack="0"/>
</pin_list>
<bind>
<opcode="getelementptr(29) " fcode="getelementptr"/>
<opset="acc_18_addr/1 "/>
</bind>
</comp>

<comp id="348" class="1004" name="acc_19_addr_gep_fu_348">
<pin_list>
<pin id="349" dir="0" index="0" bw="32" slack="0"/>
<pin id="350" dir="0" index="1" bw="1" slack="0"/>
<pin id="351" dir="0" index="2" bw="1" slack="0"/>
<pin id="352" dir="1" index="3" bw="1" slack="0"/>
</pin_list>
<bind>
<opcode="getelementptr(29) " fcode="getelementptr"/>
<opset="acc_19_addr/1 "/>
</bind>
</comp>

<comp id="355" class="1004" name="acc_20_addr_gep_fu_355">
<pin_list>
<pin id="356" dir="0" index="0" bw="32" slack="0"/>
<pin id="357" dir="0" index="1" bw="1" slack="0"/>
<pin id="358" dir="0" index="2" bw="1" slack="0"/>
<pin id="359" dir="1" index="3" bw="1" slack="0"/>
</pin_list>
<bind>
<opcode="getelementptr(29) " fcode="getelementptr"/>
<opset="acc_20_addr/1 "/>
</bind>
</comp>

<comp id="362" class="1004" name="acc_21_addr_gep_fu_362">
<pin_list>
<pin id="363" dir="0" index="0" bw="32" slack="0"/>
<pin id="364" dir="0" index="1" bw="1" slack="0"/>
<pin id="365" dir="0" index="2" bw="1" slack="0"/>
<pin id="366" dir="1" index="3" bw="1" slack="0"/>
</pin_list>
<bind>
<opcode="getelementptr(29) " fcode="getelementptr"/>
<opset="acc_21_addr/1 "/>
</bind>
</comp>

<comp id="369" class="1004" name="acc_22_addr_gep_fu_369">
<pin_list>
<pin id="370" dir="0" index="0" bw="32" slack="0"/>
<pin id="371" dir="0" index="1" bw="1" slack="0"/>
<pin id="372" dir="0" index="2" bw="1" slack="0"/>
<pin id="373" dir="1" index="3" bw="1" slack="0"/>
</pin_list>
<bind>
<opcode="getelementptr(29) " fcode="getelementptr"/>
<opset="acc_22_addr/1 "/>
</bind>
</comp>

<comp id="376" class="1004" name="acc_23_addr_gep_fu_376">
<pin_list>
<pin id="377" dir="0" index="0" bw="32" slack="0"/>
<pin id="378" dir="0" index="1" bw="1" slack="0"/>
<pin id="379" dir="0" index="2" bw="1" slack="0"/>
<pin id="380" dir="1" index="3" bw="1" slack="0"/>
</pin_list>
<bind>
<opcode="getelementptr(29) " fcode="getelementptr"/>
<opset="acc_23_addr/1 "/>
</bind>
</comp>

<comp id="383" class="1004" name="acc_24_addr_gep_fu_383">
<pin_list>
<pin id="384" dir="0" index="0" bw="32" slack="0"/>
<pin id="385" dir="0" index="1" bw="1" slack="0"/>
<pin id="386" dir="0" index="2" bw="1" slack="0"/>
<pin id="387" dir="1" index="3" bw="1" slack="0"/>
</pin_list>
<bind>
<opcode="getelementptr(29) " fcode="getelementptr"/>
<opset="acc_24_addr/1 "/>
</bind>
</comp>

<comp id="390" class="1004" name="acc_25_addr_gep_fu_390">
<pin_list>
<pin id="391" dir="0" index="0" bw="32" slack="0"/>
<pin id="392" dir="0" index="1" bw="1" slack="0"/>
<pin id="393" dir="0" index="2" bw="1" slack="0"/>
<pin id="394" dir="1" index="3" bw="1" slack="0"/>
</pin_list>
<bind>
<opcode="getelementptr(29) " fcode="getelementptr"/>
<opset="acc_25_addr/1 "/>
</bind>
</comp>

<comp id="397" class="1004" name="acc_26_addr_gep_fu_397">
<pin_list>
<pin id="398" dir="0" index="0" bw="32" slack="0"/>
<pin id="399" dir="0" index="1" bw="1" slack="0"/>
<pin id="400" dir="0" index="2" bw="1" slack="0"/>
<pin id="401" dir="1" index="3" bw="1" slack="0"/>
</pin_list>
<bind>
<opcode="getelementptr(29) " fcode="getelementptr"/>
<opset="acc_26_addr/1 "/>
</bind>
</comp>

<comp id="404" class="1004" name="acc_27_addr_gep_fu_404">
<pin_list>
<pin id="405" dir="0" index="0" bw="32" slack="0"/>
<pin id="406" dir="0" index="1" bw="1" slack="0"/>
<pin id="407" dir="0" index="2" bw="1" slack="0"/>
<pin id="408" dir="1" index="3" bw="1" slack="0"/>
</pin_list>
<bind>
<opcode="getelementptr(29) " fcode="getelementptr"/>
<opset="acc_27_addr/1 "/>
</bind>
</comp>

<comp id="411" class="1004" name="acc_28_addr_gep_fu_411">
<pin_list>
<pin id="412" dir="0" index="0" bw="32" slack="0"/>
<pin id="413" dir="0" index="1" bw="1" slack="0"/>
<pin id="414" dir="0" index="2" bw="1" slack="0"/>
<pin id="415" dir="1" index="3" bw="1" slack="0"/>
</pin_list>
<bind>
<opcode="getelementptr(29) " fcode="getelementptr"/>
<opset="acc_28_addr/1 "/>
</bind>
</comp>

<comp id="418" class="1004" name="acc_29_addr_gep_fu_418">
<pin_list>
<pin id="419" dir="0" index="0" bw="32" slack="0"/>
<pin id="420" dir="0" index="1" bw="1" slack="0"/>
<pin id="421" dir="0" index="2" bw="1" slack="0"/>
<pin id="422" dir="1" index="3" bw="1" slack="0"/>
</pin_list>
<bind>
<opcode="getelementptr(29) " fcode="getelementptr"/>
<opset="acc_29_addr/1 "/>
</bind>
</comp>

<comp id="425" class="1004" name="acc_30_addr_gep_fu_425">
<pin_list>
<pin id="426" dir="0" index="0" bw="32" slack="0"/>
<pin id="427" dir="0" index="1" bw="1" slack="0"/>
<pin id="428" dir="0" index="2" bw="1" slack="0"/>
<pin id="429" dir="1" index="3" bw="1" slack="0"/>
</pin_list>
<bind>
<opcode="getelementptr(29) " fcode="getelementptr"/>
<opset="acc_30_addr/1 "/>
</bind>
</comp>

<comp id="432" class="1004" name="acc_31_addr_gep_fu_432">
<pin_list>
<pin id="433" dir="0" index="0" bw="32" slack="0"/>
<pin id="434" dir="0" index="1" bw="1" slack="0"/>
<pin id="435" dir="0" index="2" bw="1" slack="0"/>
<pin id="436" dir="1" index="3" bw="1" slack="0"/>
</pin_list>
<bind>
<opcode="getelementptr(29) " fcode="getelementptr"/>
<opset="acc_31_addr/1 "/>
</bind>
</comp>

<comp id="439" class="1004" name="grp_access_fu_439">
<pin_list>
<pin id="440" dir="0" index="0" bw="1" slack="0"/>
<pin id="441" dir="0" index="1" bw="32" slack="2147483647"/>
<pin id="442" dir="0" index="2" bw="0" slack="2147483647"/>
<pin id="443" dir="1" index="3" bw="32" slack="0"/>
</pin_list>
<bind>
<opcode="load(27) " fcode="load"/>
<opset="acc_load/1 "/>
</bind>
</comp>

<comp id="445" class="1004" name="grp_access_fu_445">
<pin_list>
<pin id="446" dir="0" index="0" bw="1" slack="0"/>
<pin id="447" dir="0" index="1" bw="32" slack="2147483647"/>
<pin id="448" dir="0" index="2" bw="0" slack="2147483647"/>
<pin id="449" dir="1" index="3" bw="32" slack="0"/>
</pin_list>
<bind>
<opcode="load(27) " fcode="load"/>
<opset="acc_1_load/1 "/>
</bind>
</comp>

<comp id="451" class="1004" name="grp_access_fu_451">
<pin_list>
<pin id="452" dir="0" index="0" bw="1" slack="0"/>
<pin id="453" dir="0" index="1" bw="32" slack="2147483647"/>
<pin id="454" dir="0" index="2" bw="0" slack="2147483647"/>
<pin id="455" dir="1" index="3" bw="32" slack="0"/>
</pin_list>
<bind>
<opcode="load(27) " fcode="load"/>
<opset="acc_2_load/1 "/>
</bind>
</comp>

<comp id="457" class="1004" name="grp_access_fu_457">
<pin_list>
<pin id="458" dir="0" index="0" bw="1" slack="0"/>
<pin id="459" dir="0" index="1" bw="32" slack="2147483647"/>
<pin id="460" dir="0" index="2" bw="0" slack="2147483647"/>
<pin id="461" dir="1" index="3" bw="32" slack="0"/>
</pin_list>
<bind>
<opcode="load(27) " fcode="load"/>
<opset="acc_3_load/1 "/>
</bind>
</comp>

<comp id="463" class="1004" name="grp_access_fu_463">
<pin_list>
<pin id="464" dir="0" index="0" bw="1" slack="0"/>
<pin id="465" dir="0" index="1" bw="32" slack="2147483647"/>
<pin id="466" dir="0" index="2" bw="0" slack="2147483647"/>
<pin id="467" dir="1" index="3" bw="32" slack="0"/>
</pin_list>
<bind>
<opcode="load(27) " fcode="load"/>
<opset="acc_4_load/1 "/>
</bind>
</comp>

<comp id="469" class="1004" name="grp_access_fu_469">
<pin_list>
<pin id="470" dir="0" index="0" bw="1" slack="0"/>
<pin id="471" dir="0" index="1" bw="32" slack="2147483647"/>
<pin id="472" dir="0" index="2" bw="0" slack="2147483647"/>
<pin id="473" dir="1" index="3" bw="32" slack="0"/>
</pin_list>
<bind>
<opcode="load(27) " fcode="load"/>
<opset="acc_5_load/1 "/>
</bind>
</comp>

<comp id="475" class="1004" name="grp_access_fu_475">
<pin_list>
<pin id="476" dir="0" index="0" bw="1" slack="0"/>
<pin id="477" dir="0" index="1" bw="32" slack="2147483647"/>
<pin id="478" dir="0" index="2" bw="0" slack="2147483647"/>
<pin id="479" dir="1" index="3" bw="32" slack="0"/>
</pin_list>
<bind>
<opcode="load(27) " fcode="load"/>
<opset="acc_6_load/1 "/>
</bind>
</comp>

<comp id="481" class="1004" name="grp_access_fu_481">
<pin_list>
<pin id="482" dir="0" index="0" bw="1" slack="0"/>
<pin id="483" dir="0" index="1" bw="32" slack="2147483647"/>
<pin id="484" dir="0" index="2" bw="0" slack="2147483647"/>
<pin id="485" dir="1" index="3" bw="32" slack="0"/>
</pin_list>
<bind>
<opcode="load(27) " fcode="load"/>
<opset="acc_7_load/1 "/>
</bind>
</comp>

<comp id="487" class="1004" name="grp_access_fu_487">
<pin_list>
<pin id="488" dir="0" index="0" bw="1" slack="0"/>
<pin id="489" dir="0" index="1" bw="32" slack="2147483647"/>
<pin id="490" dir="0" index="2" bw="0" slack="2147483647"/>
<pin id="491" dir="1" index="3" bw="32" slack="0"/>
</pin_list>
<bind>
<opcode="load(27) " fcode="load"/>
<opset="acc_8_load/1 "/>
</bind>
</comp>

<comp id="493" class="1004" name="grp_access_fu_493">
<pin_list>
<pin id="494" dir="0" index="0" bw="1" slack="0"/>
<pin id="495" dir="0" index="1" bw="32" slack="2147483647"/>
<pin id="496" dir="0" index="2" bw="0" slack="2147483647"/>
<pin id="497" dir="1" index="3" bw="32" slack="0"/>
</pin_list>
<bind>
<opcode="load(27) " fcode="load"/>
<opset="acc_9_load/1 "/>
</bind>
</comp>

<comp id="499" class="1004" name="grp_access_fu_499">
<pin_list>
<pin id="500" dir="0" index="0" bw="1" slack="0"/>
<pin id="501" dir="0" index="1" bw="32" slack="2147483647"/>
<pin id="502" dir="0" index="2" bw="0" slack="2147483647"/>
<pin id="503" dir="1" index="3" bw="32" slack="0"/>
</pin_list>
<bind>
<opcode="load(27) " fcode="load"/>
<opset="acc_10_load/1 "/>
</bind>
</comp>

<comp id="505" class="1004" name="grp_access_fu_505">
<pin_list>
<pin id="506" dir="0" index="0" bw="1" slack="0"/>
<pin id="507" dir="0" index="1" bw="32" slack="2147483647"/>
<pin id="508" dir="0" index="2" bw="0" slack="2147483647"/>
<pin id="509" dir="1" index="3" bw="32" slack="0"/>
</pin_list>
<bind>
<opcode="load(27) " fcode="load"/>
<opset="acc_11_load/1 "/>
</bind>
</comp>

<comp id="511" class="1004" name="grp_access_fu_511">
<pin_list>
<pin id="512" dir="0" index="0" bw="1" slack="0"/>
<pin id="513" dir="0" index="1" bw="32" slack="2147483647"/>
<pin id="514" dir="0" index="2" bw="0" slack="2147483647"/>
<pin id="515" dir="1" index="3" bw="32" slack="0"/>
</pin_list>
<bind>
<opcode="load(27) " fcode="load"/>
<opset="acc_12_load/1 "/>
</bind>
</comp>

<comp id="517" class="1004" name="grp_access_fu_517">
<pin_list>
<pin id="518" dir="0" index="0" bw="1" slack="0"/>
<pin id="519" dir="0" index="1" bw="32" slack="2147483647"/>
<pin id="520" dir="0" index="2" bw="0" slack="2147483647"/>
<pin id="521" dir="1" index="3" bw="32" slack="0"/>
</pin_list>
<bind>
<opcode="load(27) " fcode="load"/>
<opset="acc_13_load/1 "/>
</bind>
</comp>

<comp id="523" class="1004" name="grp_access_fu_523">
<pin_list>
<pin id="524" dir="0" index="0" bw="1" slack="0"/>
<pin id="525" dir="0" index="1" bw="32" slack="2147483647"/>
<pin id="526" dir="0" index="2" bw="0" slack="2147483647"/>
<pin id="527" dir="1" index="3" bw="32" slack="0"/>
</pin_list>
<bind>
<opcode="load(27) " fcode="load"/>
<opset="acc_14_load/1 "/>
</bind>
</comp>

<comp id="529" class="1004" name="grp_access_fu_529">
<pin_list>
<pin id="530" dir="0" index="0" bw="1" slack="0"/>
<pin id="531" dir="0" index="1" bw="32" slack="2147483647"/>
<pin id="532" dir="0" index="2" bw="0" slack="2147483647"/>
<pin id="533" dir="1" index="3" bw="32" slack="0"/>
</pin_list>
<bind>
<opcode="load(27) " fcode="load"/>
<opset="acc_15_load/1 "/>
</bind>
</comp>

<comp id="535" class="1004" name="grp_access_fu_535">
<pin_list>
<pin id="536" dir="0" index="0" bw="1" slack="0"/>
<pin id="537" dir="0" index="1" bw="32" slack="2147483647"/>
<pin id="538" dir="0" index="2" bw="0" slack="2147483647"/>
<pin id="539" dir="1" index="3" bw="32" slack="0"/>
</pin_list>
<bind>
<opcode="load(27) " fcode="load"/>
<opset="acc_16_load/1 "/>
</bind>
</comp>

<comp id="541" class="1004" name="grp_access_fu_541">
<pin_list>
<pin id="542" dir="0" index="0" bw="1" slack="0"/>
<pin id="543" dir="0" index="1" bw="32" slack="2147483647"/>
<pin id="544" dir="0" index="2" bw="0" slack="2147483647"/>
<pin id="545" dir="1" index="3" bw="32" slack="0"/>
</pin_list>
<bind>
<opcode="load(27) " fcode="load"/>
<opset="acc_17_load/1 "/>
</bind>
</comp>

<comp id="547" class="1004" name="grp_access_fu_547">
<pin_list>
<pin id="548" dir="0" index="0" bw="1" slack="0"/>
<pin id="549" dir="0" index="1" bw="32" slack="2147483647"/>
<pin id="550" dir="0" index="2" bw="0" slack="2147483647"/>
<pin id="551" dir="1" index="3" bw="32" slack="0"/>
</pin_list>
<bind>
<opcode="load(27) " fcode="load"/>
<opset="acc_18_load/1 "/>
</bind>
</comp>

<comp id="553" class="1004" name="grp_access_fu_553">
<pin_list>
<pin id="554" dir="0" index="0" bw="1" slack="0"/>
<pin id="555" dir="0" index="1" bw="32" slack="2147483647"/>
<pin id="556" dir="0" index="2" bw="0" slack="2147483647"/>
<pin id="557" dir="1" index="3" bw="32" slack="0"/>
</pin_list>
<bind>
<opcode="load(27) " fcode="load"/>
<opset="acc_19_load/1 "/>
</bind>
</comp>

<comp id="559" class="1004" name="grp_access_fu_559">
<pin_list>
<pin id="560" dir="0" index="0" bw="1" slack="0"/>
<pin id="561" dir="0" index="1" bw="32" slack="2147483647"/>
<pin id="562" dir="0" index="2" bw="0" slack="2147483647"/>
<pin id="563" dir="1" index="3" bw="32" slack="0"/>
</pin_list>
<bind>
<opcode="load(27) " fcode="load"/>
<opset="acc_20_load/1 "/>
</bind>
</comp>

<comp id="565" class="1004" name="grp_access_fu_565">
<pin_list>
<pin id="566" dir="0" index="0" bw="1" slack="0"/>
<pin id="567" dir="0" index="1" bw="32" slack="2147483647"/>
<pin id="568" dir="0" index="2" bw="0" slack="2147483647"/>
<pin id="569" dir="1" index="3" bw="32" slack="0"/>
</pin_list>
<bind>
<opcode="load(27) " fcode="load"/>
<opset="acc_21_load/1 "/>
</bind>
</comp>

<comp id="571" class="1004" name="grp_access_fu_571">
<pin_list>
<pin id="572" dir="0" index="0" bw="1" slack="0"/>
<pin id="573" dir="0" index="1" bw="32" slack="2147483647"/>
<pin id="574" dir="0" index="2" bw="0" slack="2147483647"/>
<pin id="575" dir="1" index="3" bw="32" slack="0"/>
</pin_list>
<bind>
<opcode="load(27) " fcode="load"/>
<opset="acc_22_load/1 "/>
</bind>
</comp>

<comp id="577" class="1004" name="grp_access_fu_577">
<pin_list>
<pin id="578" dir="0" index="0" bw="1" slack="0"/>
<pin id="579" dir="0" index="1" bw="32" slack="2147483647"/>
<pin id="580" dir="0" index="2" bw="0" slack="2147483647"/>
<pin id="581" dir="1" index="3" bw="32" slack="0"/>
</pin_list>
<bind>
<opcode="load(27) " fcode="load"/>
<opset="acc_23_load/1 "/>
</bind>
</comp>

<comp id="583" class="1004" name="grp_access_fu_583">
<pin_list>
<pin id="584" dir="0" index="0" bw="1" slack="0"/>
<pin id="585" dir="0" index="1" bw="32" slack="2147483647"/>
<pin id="586" dir="0" index="2" bw="0" slack="2147483647"/>
<pin id="587" dir="1" index="3" bw="32" slack="0"/>
</pin_list>
<bind>
<opcode="load(27) " fcode="load"/>
<opset="acc_24_load/1 "/>
</bind>
</comp>

<comp id="589" class="1004" name="grp_access_fu_589">
<pin_list>
<pin id="590" dir="0" index="0" bw="1" slack="0"/>
<pin id="591" dir="0" index="1" bw="32" slack="2147483647"/>
<pin id="592" dir="0" index="2" bw="0" slack="2147483647"/>
<pin id="593" dir="1" index="3" bw="32" slack="0"/>
</pin_list>
<bind>
<opcode="load(27) " fcode="load"/>
<opset="acc_25_load/1 "/>
</bind>
</comp>

<comp id="595" class="1004" name="grp_access_fu_595">
<pin_list>
<pin id="596" dir="0" index="0" bw="1" slack="0"/>
<pin id="597" dir="0" index="1" bw="32" slack="2147483647"/>
<pin id="598" dir="0" index="2" bw="0" slack="2147483647"/>
<pin id="599" dir="1" index="3" bw="32" slack="0"/>
</pin_list>
<bind>
<opcode="load(27) " fcode="load"/>
<opset="acc_26_load/1 "/>
</bind>
</comp>

<comp id="601" class="1004" name="grp_access_fu_601">
<pin_list>
<pin id="602" dir="0" index="0" bw="1" slack="0"/>
<pin id="603" dir="0" index="1" bw="32" slack="2147483647"/>
<pin id="604" dir="0" index="2" bw="0" slack="2147483647"/>
<pin id="605" dir="1" index="3" bw="32" slack="0"/>
</pin_list>
<bind>
<opcode="load(27) " fcode="load"/>
<opset="acc_27_load/1 "/>
</bind>
</comp>

<comp id="607" class="1004" name="grp_access_fu_607">
<pin_list>
<pin id="608" dir="0" index="0" bw="1" slack="0"/>
<pin id="609" dir="0" index="1" bw="32" slack="2147483647"/>
<pin id="610" dir="0" index="2" bw="0" slack="2147483647"/>
<pin id="611" dir="1" index="3" bw="32" slack="0"/>
</pin_list>
<bind>
<opcode="load(27) " fcode="load"/>
<opset="acc_28_load/1 "/>
</bind>
</comp>

<comp id="613" class="1004" name="grp_access_fu_613">
<pin_list>
<pin id="614" dir="0" index="0" bw="1" slack="0"/>
<pin id="615" dir="0" index="1" bw="32" slack="2147483647"/>
<pin id="616" dir="0" index="2" bw="0" slack="2147483647"/>
<pin id="617" dir="1" index="3" bw="32" slack="0"/>
</pin_list>
<bind>
<opcode="load(27) " fcode="load"/>
<opset="acc_29_load/1 "/>
</bind>
</comp>

<comp id="619" class="1004" name="grp_access_fu_619">
<pin_list>
<pin id="620" dir="0" index="0" bw="1" slack="0"/>
<pin id="621" dir="0" index="1" bw="32" slack="2147483647"/>
<pin id="622" dir="0" index="2" bw="0" slack="2147483647"/>
<pin id="623" dir="1" index="3" bw="32" slack="0"/>
</pin_list>
<bind>
<opcode="load(27) " fcode="load"/>
<opset="acc_30_load/1 "/>
</bind>
</comp>

<comp id="625" class="1004" name="grp_access_fu_625">
<pin_list>
<pin id="626" dir="0" index="0" bw="1" slack="0"/>
<pin id="627" dir="0" index="1" bw="32" slack="2147483647"/>
<pin id="628" dir="0" index="2" bw="0" slack="2147483647"/>
<pin id="629" dir="1" index="3" bw="32" slack="0"/>
</pin_list>
<bind>
<opcode="load(27) " fcode="load"/>
<opset="acc_31_load/1 "/>
</bind>
</comp>

<comp id="631" class="1004" name="store_ln274_store_fu_631">
<pin_list>
<pin id="632" dir="0" index="0" bw="1" slack="0"/>
<pin id="633" dir="0" index="1" bw="7" slack="0"/>
<pin id="634" dir="1" index="2" bw="0" slack="2147483647"/>
</pin_list>
<bind>
<opcode="store(28) " fcode="store"/>
<opset="store_ln274/1 "/>
</bind>
</comp>

<comp id="636" class="1004" name="f_2_load_fu_636">
<pin_list>
<pin id="637" dir="0" index="0" bw="7" slack="0"/>
<pin id="638" dir="1" index="1" bw="7" slack="0"/>
</pin_list>
<bind>
<opcode="load(27) " fcode="load"/>
<opset="f_2/1 "/>
</bind>
</comp>

<comp id="639" class="1004" name="icmp_ln274_fu_639">
<pin_list>
<pin id="640" dir="0" index="0" bw="7" slack="0"/>
<pin id="641" dir="0" index="1" bw="7" slack="0"/>
<pin id="642" dir="1" index="2" bw="1" slack="2147483647"/>
</pin_list>
<bind>
<opcode="icmp(45) " fcode="icmp"/>
<opset="icmp_ln274/1 "/>
</bind>
</comp>

<comp id="645" class="1004" name="add_ln274_fu_645">
<pin_list>
<pin id="646" dir="0" index="0" bw="7" slack="0"/>
<pin id="647" dir="0" index="1" bw="1" slack="0"/>
<pin id="648" dir="1" index="2" bw="7" slack="0"/>
</pin_list>
<bind>
<opcode="add(8) " fcode="add"/>
<opset="add_ln274/1 "/>
</bind>
</comp>

<comp id="651" class="1004" name="trunc_ln274_fu_651">
<pin_list>
<pin id="652" dir="0" index="0" bw="7" slack="0"/>
<pin id="653" dir="1" index="1" bw="5" slack="1"/>
</pin_list>
<bind>
<opcode="trunc(33) " fcode="trunc"/>
<opset="trunc_ln274/1 "/>
</bind>
</comp>

<comp id="655" class="1004" name="tmp_fu_655">
<pin_list>
<pin id="656" dir="0" index="0" bw="1" slack="0"/>
<pin id="657" dir="0" index="1" bw="7" slack="0"/>
<pin id="658" dir="0" index="2" bw="4" slack="0"/>
<pin id="659" dir="1" index="3" bw="1" slack="0"/>
</pin_list>
<bind>
<opcode="bitselect(1000) " fcode="bitselect"/>
<opset="tmp/1 "/>
</bind>
</comp>

<comp id="663" class="1004" name="zext_ln274_fu_663">
<pin_list>
<pin id="664" dir="0" index="0" bw="1" slack="0"/>
<pin id="665" dir="1" index="1" bw="64" slack="0"/>
</pin_list>
<bind>
<opcode="zext(34) " fcode="zext"/>
<opset="zext_ln274/1 "/>
</bind>
</comp>

<comp id="699" class="1004" name="store_ln274_store_fu_699">
<pin_list>
<pin id="700" dir="0" index="0" bw="7" slack="0"/>
<pin id="701" dir="0" index="1" bw="7" slack="0"/>
<pin id="702" dir="1" index="2" bw="0" slack="2147483647"/>
</pin_list>
<bind>
<opcode="store(28) " fcode="store"/>
<opset="store_ln274/1 "/>
</bind>
</comp>

<comp id="704" class="1004" name="tmp_s_fu_704">
<pin_list>
<pin id="705" dir="0" index="0" bw="32" slack="0"/>
<pin id="706" dir="0" index="1" bw="5" slack="0"/>
<pin id="707" dir="0" index="2" bw="32" slack="0"/>
<pin id="708" dir="0" index="3" bw="5" slack="0"/>
<pin id="709" dir="0" index="4" bw="32" slack="0"/>
<pin id="710" dir="0" index="5" bw="5" slack="0"/>
<pin id="711" dir="0" index="6" bw="32" slack="0"/>
<pin id="712" dir="0" index="7" bw="5" slack="0"/>
<pin id="713" dir="0" index="8" bw="32" slack="0"/>
<pin id="714" dir="0" index="9" bw="5" slack="0"/>
<pin id="715" dir="0" index="10" bw="32" slack="0"/>
<pin id="716" dir="0" index="11" bw="5" slack="0"/>
<pin id="717" dir="0" index="12" bw="32" slack="0"/>
<pin id="718" dir="0" index="13" bw="5" slack="0"/>
<pin id="719" dir="0" index="14" bw="32" slack="0"/>
<pin id="720" dir="0" index="15" bw="5" slack="0"/>
<pin id="721" dir="0" index="16" bw="32" slack="0"/>
<pin id="722" dir="0" index="17" bw="5" slack="0"/>
<pin id="723" dir="0" index="18" bw="32" slack="0"/>
<pin id="724" dir="0" index="19" bw="5" slack="0"/>
<pin id="725" dir="0" index="20" bw="32" slack="0"/>
<pin id="726" dir="0" index="21" bw="5" slack="0"/>
<pin id="727" dir="0" index="22" bw="32" slack="0"/>
<pin id="728" dir="0" index="23" bw="5" slack="0"/>
<pin id="729" dir="0" index="24" bw="32" slack="0"/>
<pin id="730" dir="0" index="25" bw="5" slack="0"/>
<pin id="731" dir="0" index="26" bw="32" slack="0"/>
<pin id="732" dir="0" index="27" bw="5" slack="0"/>
<pin id="733" dir="0" index="28" bw="32" slack="0"/>
<pin id="734" dir="0" index="29" bw="5" slack="0"/>
<pin id="735" dir="0" index="30" bw="32" slack="0"/>
<pin id="736" dir="0" index="31" bw="5" slack="0"/>
<pin id="737" dir="0" index="32" bw="32" slack="0"/>
<pin id="738" dir="0" index="33" bw="5" slack="0"/>
<pin id="739" dir="0" index="34" bw="32" slack="0"/>
<pin id="740" dir="0" index="35" bw="5" slack="0"/>
<pin id="741" dir="0" index="36" bw="32" slack="0"/>
<pin id="742" dir="0" index="37" bw="5" slack="0"/>
<pin id="743" dir="0" index="38" bw="32" slack="0"/>
<pin id="744" dir="0" index="39" bw="5" slack="0"/>
<pin id="745" dir="0" index="40" bw="32" slack="0"/>
<pin id="746" dir="0" index="41" bw="5" slack="0"/>
<pin id="747" dir="0" index="42" bw="32" slack="0"/>
<pin id="748" dir="0" index="43" bw="5" slack="0"/>
<pin id="749" dir="0" index="44" bw="32" slack="0"/>
<pin id="750" dir="0" index="45" bw="5" slack="0"/>
<pin id="751" dir="0" index="46" bw="32" slack="0"/>
<pin id="752" dir="0" index="47" bw="5" slack="0"/>
<pin id="753" dir="0" index="48" bw="32" slack="0"/>
<pin id="754" dir="0" index="49" bw="5" slack="0"/>
<pin id="755" dir="0" index="50" bw="32" slack="0"/>
<pin id="756" dir="0" index="51" bw="5" slack="0"/>
<pin id="757" dir="0" index="52" bw="32" slack="0"/>
<pin id="758" dir="0" index="53" bw="5" slack="0"/>
<pin id="759" dir="0" index="54" bw="32" slack="0"/>
<pin id="760" dir="0" index="55" bw="5" slack="0"/>
<pin id="761" dir="0" index="56" bw="32" slack="0"/>
<pin id="762" dir="0" index="57" bw="5" slack="0"/>
<pin id="763" dir="0" index="58" bw="32" slack="0"/>
<pin id="764" dir="0" index="59" bw="5" slack="0"/>
<pin id="765" dir="0" index="60" bw="32" slack="0"/>
<pin id="766" dir="0" index="61" bw="5" slack="0"/>
<pin id="767" dir="0" index="62" bw="32" slack="0"/>
<pin id="768" dir="0" index="63" bw="5" slack="0"/>
<pin id="769" dir="0" index="64" bw="32" slack="0"/>
<pin id="770" dir="0" index="65" bw="32" slack="0"/>
<pin id="771" dir="0" index="66" bw="5" slack="1"/>
<pin id="772" dir="1" index="67" bw="32" slack="0"/>
</pin_list>
<bind>
<opcode="sparsemux(1197) " fcode="sparsemux"/>
<opset="tmp_s/2 "/>
</bind>
</comp>

<comp id="839" class="1004" name="tmp_1_fu_839">
<pin_list>
<pin id="840" dir="0" index="0" bw="1" slack="0"/>
<pin id="841" dir="0" index="1" bw="32" slack="0"/>
<pin id="842" dir="0" index="2" bw="6" slack="0"/>
<pin id="843" dir="1" index="3" bw="1" slack="0"/>
</pin_list>
<bind>
<opcode="bitselect(1000) " fcode="bitselect"/>
<opset="tmp_1/2 "/>
</bind>
</comp>

<comp id="847" class="1004" name="trunc_ln5_fu_847">
<pin_list>
<pin id="848" dir="0" index="0" bw="16" slack="0"/>
<pin id="849" dir="0" index="1" bw="32" slack="0"/>
<pin id="850" dir="0" index="2" bw="5" slack="0"/>
<pin id="851" dir="0" index="3" bw="6" slack="0"/>
<pin id="852" dir="1" index="4" bw="16" slack="0"/>
</pin_list>
<bind>
<opcode="partselect(1002) " fcode="partselect"/>
<opset="trunc_ln5/2 "/>
</bind>
</comp>

<comp id="857" class="1004" name="tmp_2_fu_857">
<pin_list>
<pin id="858" dir="0" index="0" bw="1" slack="0"/>
<pin id="859" dir="0" index="1" bw="32" slack="0"/>
<pin id="860" dir="0" index="2" bw="5" slack="0"/>
<pin id="861" dir="1" index="3" bw="1" slack="0"/>
</pin_list>
<bind>
<opcode="bitselect(1000) " fcode="bitselect"/>
<opset="tmp_2/2 "/>
</bind>
</comp>

<comp id="865" class="1004" name="tmp_3_fu_865">
<pin_list>
<pin id="866" dir="0" index="0" bw="1" slack="0"/>
<pin id="867" dir="0" index="1" bw="32" slack="0"/>
<pin id="868" dir="0" index="2" bw="6" slack="0"/>
<pin id="869" dir="1" index="3" bw="1" slack="0"/>
</pin_list>
<bind>
<opcode="bitselect(1000) " fcode="bitselect"/>
<opset="tmp_3/2 "/>
</bind>
</comp>

<comp id="873" class="1004" name="zext_ln276_fu_873">
<pin_list>
<pin id="874" dir="0" index="0" bw="1" slack="0"/>
<pin id="875" dir="1" index="1" bw="16" slack="0"/>
</pin_list>
<bind>
<opcode="zext(34) " fcode="zext"/>
<opset="zext_ln276/2 "/>
</bind>
</comp>

<comp id="877" class="1004" name="add_ln276_fu_877">
<pin_list>
<pin id="878" dir="0" index="0" bw="16" slack="0"/>
<pin id="879" dir="0" index="1" bw="1" slack="0"/>
<pin id="880" dir="1" index="2" bw="16" slack="0"/>
</pin_list>
<bind>
<opcode="add(8) " fcode="add"/>
<opset="add_ln276/2 "/>
</bind>
</comp>

<comp id="883" class="1004" name="tmp_4_fu_883">
<pin_list>
<pin id="884" dir="0" index="0" bw="1" slack="0"/>
<pin id="885" dir="0" index="1" bw="16" slack="0"/>
<pin id="886" dir="0" index="2" bw="5" slack="0"/>
<pin id="887" dir="1" index="3" bw="1" slack="0"/>
</pin_list>
<bind>
<opcode="bitselect(1000) " fcode="bitselect"/>
<opset="tmp_4/2 "/>
</bind>
</comp>

<comp id="891" class="1004" name="xor_ln276_fu_891">
<pin_list>
<pin id="892" dir="0" index="0" bw="1" slack="0"/>
<pin id="893" dir="0" index="1" bw="1" slack="0"/>
<pin id="894" dir="1" index="2" bw="1" slack="0"/>
</pin_list>
<bind>
<opcode="xor(25) " fcode="xor"/>
<opset="xor_ln276/2 "/>
</bind>
</comp>

<comp id="897" class="1004" name="and_ln276_fu_897">
<pin_list>
<pin id="898" dir="0" index="0" bw="1" slack="0"/>
<pin id="899" dir="0" index="1" bw="1" slack="0"/>
<pin id="900" dir="1" index="2" bw="1" slack="0"/>
</pin_list>
<bind>
<opcode="and(23) " fcode="and"/>
<opset="and_ln276/2 "/>
</bind>
</comp>

<comp id="903" class="1004" name="tmp_5_fu_903">
<pin_list>
<pin id="904" dir="0" index="0" bw="1" slack="0"/>
<pin id="905" dir="0" index="1" bw="32" slack="0"/>
<pin id="906" dir="0" index="2" bw="6" slack="0"/>
<pin id="907" dir="1" index="3" bw="1" slack="0"/>
</pin_list>
<bind>
<opcode="bitselect(1000) " fcode="bitselect"/>
<opset="tmp_5/2 "/>
</bind>
</comp>

<comp id="911" class="1004" name="tmp_6_fu_911">
<pin_list>
<pin id="912" dir="0" index="0" bw="5" slack="0"/>
<pin id="913" dir="0" index="1" bw="32" slack="0"/>
<pin id="914" dir="0" index="2" bw="6" slack="0"/>
<pin id="915" dir="1" index="3" bw="5" slack="0"/>
</pin_list>
<bind>
<opcode="partselect(1002) " fcode="partselect"/>
<opset="tmp_6/2 "/>
</bind>
</comp>

<comp id="919" class="1004" name="icmp_ln276_fu_919">
<pin_list>
<pin id="920" dir="0" index="0" bw="5" slack="0"/>
<pin id="921" dir="0" index="1" bw="5" slack="0"/>
<pin id="922" dir="1" index="2" bw="1" slack="0"/>
</pin_list>
<bind>
<opcode="icmp(45) " fcode="icmp"/>
<opset="icmp_ln276/2 "/>
</bind>
</comp>

<comp id="925" class="1004" name="tmp_7_fu_925">
<pin_list>
<pin id="926" dir="0" index="0" bw="6" slack="0"/>
<pin id="927" dir="0" index="1" bw="32" slack="0"/>
<pin id="928" dir="0" index="2" bw="6" slack="0"/>
<pin id="929" dir="1" index="3" bw="6" slack="0"/>
</pin_list>
<bind>
<opcode="partselect(1002) " fcode="partselect"/>
<opset="tmp_7/2 "/>
</bind>
</comp>

<comp id="933" class="1004" name="icmp_ln276_1_fu_933">
<pin_list>
<pin id="934" dir="0" index="0" bw="6" slack="0"/>
<pin id="935" dir="0" index="1" bw="6" slack="0"/>
<pin id="936" dir="1" index="2" bw="1" slack="0"/>
</pin_list>
<bind>
<opcode="icmp(45) " fcode="icmp"/>
<opset="icmp_ln276_1/2 "/>
</bind>
</comp>

<comp id="939" class="1004" name="icmp_ln276_2_fu_939">
<pin_list>
<pin id="940" dir="0" index="0" bw="6" slack="0"/>
<pin id="941" dir="0" index="1" bw="6" slack="0"/>
<pin id="942" dir="1" index="2" bw="1" slack="0"/>
</pin_list>
<bind>
<opcode="icmp(45) " fcode="icmp"/>
<opset="icmp_ln276_2/2 "/>
</bind>
</comp>

<comp id="945" class="1004" name="select_ln276_fu_945">
<pin_list>
<pin id="946" dir="0" index="0" bw="1" slack="0"/>
<pin id="947" dir="0" index="1" bw="1" slack="0"/>
<pin id="948" dir="0" index="2" bw="1" slack="0"/>
<pin id="949" dir="1" index="3" bw="1" slack="0"/>
</pin_list>
<bind>
<opcode="select(49) " fcode="select"/>
<opset="select_ln276/2 "/>
</bind>
</comp>

<comp id="953" class="1004" name="xor_ln276_1_fu_953">
<pin_list>
<pin id="954" dir="0" index="0" bw="1" slack="0"/>
<pin id="955" dir="0" index="1" bw="1" slack="0"/>
<pin id="956" dir="1" index="2" bw="1" slack="0"/>
</pin_list>
<bind>
<opcode="xor(25) " fcode="xor"/>
<opset="xor_ln276_1/2 "/>
</bind>
</comp>

<comp id="959" class="1004" name="and_ln276_1_fu_959">
<pin_list>
<pin id="960" dir="0" index="0" bw="1" slack="0"/>
<pin id="961" dir="0" index="1" bw="1" slack="0"/>
<pin id="962" dir="1" index="2" bw="1" slack="0"/>
</pin_list>
<bind>
<opcode="and(23) " fcode="and"/>
<opset="and_ln276_1/2 "/>
</bind>
</comp>

<comp id="965" class="1004" name="select_ln276_1_fu_965">
<pin_list>
<pin id="966" dir="0" index="0" bw="1" slack="0"/>
<pin id="967" dir="0" index="1" bw="1" slack="0"/>
<pin id="968" dir="0" index="2" bw="1" slack="0"/>
<pin id="969" dir="1" index="3" bw="1" slack="0"/>
</pin_list>
<bind>
<opcode="select(49) " fcode="select"/>
<opset="select_ln276_1/2 "/>
</bind>
</comp>

<comp id="973" class="1004" name="and_ln276_2_fu_973">
<pin_list>
<pin id="974" dir="0" index="0" bw="1" slack="0"/>
<pin id="975" dir="0" index="1" bw="1" slack="0"/>
<pin id="976" dir="1" index="2" bw="1" slack="0"/>
</pin_list>
<bind>
<opcode="and(23) " fcode="and"/>
<opset="and_ln276_2/2 "/>
</bind>
</comp>

<comp id="979" class="1004" name="xor_ln276_2_fu_979">
<pin_list>
<pin id="980" dir="0" index="0" bw="1" slack="0"/>
<pin id="981" dir="0" index="1" bw="1" slack="0"/>
<pin id="982" dir="1" index="2" bw="1" slack="0"/>
</pin_list>
<bind>
<opcode="xor(25) " fcode="xor"/>
<opset="xor_ln276_2/2 "/>
</bind>
</comp>

<comp id="985" class="1004" name="or_ln276_fu_985">
<pin_list>
<pin id="986" dir="0" index="0" bw="1" slack="0"/>
<pin id="987" dir="0" index="1" bw="1" slack="0"/>
<pin id="988" dir="1" index="2" bw="1" slack="0"/>
</pin_list>
<bind>
<opcode="or(24) " fcode="or"/>
<opset="or_ln276/2 "/>
</bind>
</comp>

<comp id="991" class="1004" name="xor_ln276_3_fu_991">
<pin_list>
<pin id="992" dir="0" index="0" bw="1" slack="0"/>
<pin id="993" dir="0" index="1" bw="1" slack="0"/>
<pin id="994" dir="1" index="2" bw="1" slack="0"/>
</pin_list>
<bind>
<opcode="xor(25) " fcode="xor"/>
<opset="xor_ln276_3/2 "/>
</bind>
</comp>

<comp id="997" class="1004" name="and_ln276_3_fu_997">
<pin_list>
<pin id="998" dir="0" index="0" bw="1" slack="0"/>
<pin id="999" dir="0" index="1" bw="1" slack="0"/>
<pin id="1000" dir="1" index="2" bw="1" slack="0"/>
</pin_list>
<bind>
<opcode="and(23) " fcode="and"/>
<opset="and_ln276_3/2 "/>
</bind>
</comp>

<comp id="1003" class="1004" name="and_ln276_4_fu_1003">
<pin_list>
<pin id="1004" dir="0" index="0" bw="1" slack="0"/>
<pin id="1005" dir="0" index="1" bw="1" slack="0"/>
<pin id="1006" dir="1" index="2" bw="1" slack="0"/>
</pin_list>
<bind>
<opcode="and(23) " fcode="and"/>
<opset="and_ln276_4/2 "/>
</bind>
</comp>

<comp id="1009" class="1004" name="or_ln276_2_fu_1009">
<pin_list>
<pin id="1010" dir="0" index="0" bw="1" slack="0"/>
<pin id="1011" dir="0" index="1" bw="1" slack="0"/>
<pin id="1012" dir="1" index="2" bw="1" slack="0"/>
</pin_list>
<bind>
<opcode="or(24) " fcode="or"/>
<opset="or_ln276_2/2 "/>
</bind>
</comp>

<comp id="1015" class="1004" name="xor_ln276_4_fu_1015">
<pin_list>
<pin id="1016" dir="0" index="0" bw="1" slack="0"/>
<pin id="1017" dir="0" index="1" bw="1" slack="0"/>
<pin id="1018" dir="1" index="2" bw="1" slack="0"/>
</pin_list>
<bind>
<opcode="xor(25) " fcode="xor"/>
<opset="xor_ln276_4/2 "/>
</bind>
</comp>

<comp id="1021" class="1004" name="and_ln276_5_fu_1021">
<pin_list>
<pin id="1022" dir="0" index="0" bw="1" slack="0"/>
<pin id="1023" dir="0" index="1" bw="1" slack="0"/>
<pin id="1024" dir="1" index="2" bw="1" slack="0"/>
</pin_list>
<bind>
<opcode="and(23) " fcode="and"/>
<opset="and_ln276_5/2 "/>
</bind>
</comp>

<comp id="1027" class="1004" name="select_ln276_2_fu_1027">
<pin_list>
<pin id="1028" dir="0" index="0" bw="1" slack="0"/>
<pin id="1029" dir="0" index="1" bw="16" slack="0"/>
<pin id="1030" dir="0" index="2" bw="16" slack="0"/>
<pin id="1031" dir="1" index="3" bw="16" slack="0"/>
</pin_list>
<bind>
<opcode="select(49) " fcode="select"/>
<opset="select_ln276_2/2 "/>
</bind>
</comp>

<comp id="1035" class="1004" name="or_ln276_1_fu_1035">
<pin_list>
<pin id="1036" dir="0" index="0" bw="1" slack="0"/>
<pin id="1037" dir="0" index="1" bw="1" slack="0"/>
<pin id="1038" dir="1" index="2" bw="1" slack="0"/>
</pin_list>
<bind>
<opcode="or(24) " fcode="or"/>
<opset="or_ln276_1/2 "/>
</bind>
</comp>

<comp id="1041" class="1004" name="select_ln276_3_fu_1041">
<pin_list>
<pin id="1042" dir="0" index="0" bw="1" slack="0"/>
<pin id="1043" dir="0" index="1" bw="16" slack="0"/>
<pin id="1044" dir="0" index="2" bw="16" slack="0"/>
<pin id="1045" dir="1" index="3" bw="16" slack="0"/>
</pin_list>
<bind>
<opcode="select(49) " fcode="select"/>
<opset="select_ln276_3/2 "/>
</bind>
</comp>

<comp id="1050" class="1005" name="f_reg_1050">
<pin_list>
<pin id="1051" dir="0" index="0" bw="7" slack="0"/>
<pin id="1052" dir="1" index="1" bw="7" slack="0"/>
</pin_list>
<bind>
<opset="f "/>
</bind>
</comp>

<comp id="1060" class="1005" name="trunc_ln274_reg_1060">
<pin_list>
<pin id="1061" dir="0" index="0" bw="5" slack="1"/>
<pin id="1062" dir="1" index="1" bw="5" slack="1"/>
</pin_list>
<bind>
<opset="trunc_ln274 "/>
</bind>
</comp>

<comp id="1065" class="1005" name="acc_addr_reg_1065">
<pin_list>
<pin id="1066" dir="0" index="0" bw="1" slack="1"/>
<pin id="1067" dir="1" index="1" bw="1" slack="1"/>
</pin_list>
<bind>
<opset="acc_addr "/>
</bind>
</comp>

<comp id="1070" class="1005" name="acc_1_addr_reg_1070">
<pin_list>
<pin id="1071" dir="0" index="0" bw="1" slack="1"/>
<pin id="1072" dir="1" index="1" bw="1" slack="1"/>
</pin_list>
<bind>
<opset="acc_1_addr "/>
</bind>
</comp>

<comp id="1075" class="1005" name="acc_2_addr_reg_1075">
<pin_list>
<pin id="1076" dir="0" index="0" bw="1" slack="1"/>
<pin id="1077" dir="1" index="1" bw="1" slack="1"/>
</pin_list>
<bind>
<opset="acc_2_addr "/>
</bind>
</comp>

<comp id="1080" class="1005" name="acc_3_addr_reg_1080">
<pin_list>
<pin id="1081" dir="0" index="0" bw="1" slack="1"/>
<pin id="1082" dir="1" index="1" bw="1" slack="1"/>
</pin_list>
<bind>
<opset="acc_3_addr "/>
</bind>
</comp>

<comp id="1085" class="1005" name="acc_4_addr_reg_1085">
<pin_list>
<pin id="1086" dir="0" index="0" bw="1" slack="1"/>
<pin id="1087" dir="1" index="1" bw="1" slack="1"/>
</pin_list>
<bind>
<opset="acc_4_addr "/>
</bind>
</comp>

<comp id="1090" class="1005" name="acc_5_addr_reg_1090">
<pin_list>
<pin id="1091" dir="0" index="0" bw="1" slack="1"/>
<pin id="1092" dir="1" index="1" bw="1" slack="1"/>
</pin_list>
<bind>
<opset="acc_5_addr "/>
</bind>
</comp>

<comp id="1095" class="1005" name="acc_6_addr_reg_1095">
<pin_list>
<pin id="1096" dir="0" index="0" bw="1" slack="1"/>
<pin id="1097" dir="1" index="1" bw="1" slack="1"/>
</pin_list>
<bind>
<opset="acc_6_addr "/>
</bind>
</comp>

<comp id="1100" class="1005" name="acc_7_addr_reg_1100">
<pin_list>
<pin id="1101" dir="0" index="0" bw="1" slack="1"/>
<pin id="1102" dir="1" index="1" bw="1" slack="1"/>
</pin_list>
<bind>
<opset="acc_7_addr "/>
</bind>
</comp>

<comp id="1105" class="1005" name="acc_8_addr_reg_1105">
<pin_list>
<pin id="1106" dir="0" index="0" bw="1" slack="1"/>
<pin id="1107" dir="1" index="1" bw="1" slack="1"/>
</pin_list>
<bind>
<opset="acc_8_addr "/>
</bind>
</comp>

<comp id="1110" class="1005" name="acc_9_addr_reg_1110">
<pin_list>
<pin id="1111" dir="0" index="0" bw="1" slack="1"/>
<pin id="1112" dir="1" index="1" bw="1" slack="1"/>
</pin_list>
<bind>
<opset="acc_9_addr "/>
</bind>
</comp>

<comp id="1115" class="1005" name="acc_10_addr_reg_1115">
<pin_list>
<pin id="1116" dir="0" index="0" bw="1" slack="1"/>
<pin id="1117" dir="1" index="1" bw="1" slack="1"/>
</pin_list>
<bind>
<opset="acc_10_addr "/>
</bind>
</comp>

<comp id="1120" class="1005" name="acc_11_addr_reg_1120">
<pin_list>
<pin id="1121" dir="0" index="0" bw="1" slack="1"/>
<pin id="1122" dir="1" index="1" bw="1" slack="1"/>
</pin_list>
<bind>
<opset="acc_11_addr "/>
</bind>
</comp>

<comp id="1125" class="1005" name="acc_12_addr_reg_1125">
<pin_list>
<pin id="1126" dir="0" index="0" bw="1" slack="1"/>
<pin id="1127" dir="1" index="1" bw="1" slack="1"/>
</pin_list>
<bind>
<opset="acc_12_addr "/>
</bind>
</comp>

<comp id="1130" class="1005" name="acc_13_addr_reg_1130">
<pin_list>
<pin id="1131" dir="0" index="0" bw="1" slack="1"/>
<pin id="1132" dir="1" index="1" bw="1" slack="1"/>
</pin_list>
<bind>
<opset="acc_13_addr "/>
</bind>
</comp>

<comp id="1135" class="1005" name="acc_14_addr_reg_1135">
<pin_list>
<pin id="1136" dir="0" index="0" bw="1" slack="1"/>
<pin id="1137" dir="1" index="1" bw="1" slack="1"/>
</pin_list>
<bind>
<opset="acc_14_addr "/>
</bind>
</comp>

<comp id="1140" class="1005" name="acc_15_addr_reg_1140">
<pin_list>
<pin id="1141" dir="0" index="0" bw="1" slack="1"/>
<pin id="1142" dir="1" index="1" bw="1" slack="1"/>
</pin_list>
<bind>
<opset="acc_15_addr "/>
</bind>
</comp>

<comp id="1145" class="1005" name="acc_16_addr_reg_1145">
<pin_list>
<pin id="1146" dir="0" index="0" bw="1" slack="1"/>
<pin id="1147" dir="1" index="1" bw="1" slack="1"/>
</pin_list>
<bind>
<opset="acc_16_addr "/>
</bind>
</comp>

<comp id="1150" class="1005" name="acc_17_addr_reg_1150">
<pin_list>
<pin id="1151" dir="0" index="0" bw="1" slack="1"/>
<pin id="1152" dir="1" index="1" bw="1" slack="1"/>
</pin_list>
<bind>
<opset="acc_17_addr "/>
</bind>
</comp>

<comp id="1155" class="1005" name="acc_18_addr_reg_1155">
<pin_list>
<pin id="1156" dir="0" index="0" bw="1" slack="1"/>
<pin id="1157" dir="1" index="1" bw="1" slack="1"/>
</pin_list>
<bind>
<opset="acc_18_addr "/>
</bind>
</comp>

<comp id="1160" class="1005" name="acc_19_addr_reg_1160">
<pin_list>
<pin id="1161" dir="0" index="0" bw="1" slack="1"/>
<pin id="1162" dir="1" index="1" bw="1" slack="1"/>
</pin_list>
<bind>
<opset="acc_19_addr "/>
</bind>
</comp>

<comp id="1165" class="1005" name="acc_20_addr_reg_1165">
<pin_list>
<pin id="1166" dir="0" index="0" bw="1" slack="1"/>
<pin id="1167" dir="1" index="1" bw="1" slack="1"/>
</pin_list>
<bind>
<opset="acc_20_addr "/>
</bind>
</comp>

<comp id="1170" class="1005" name="acc_21_addr_reg_1170">
<pin_list>
<pin id="1171" dir="0" index="0" bw="1" slack="1"/>
<pin id="1172" dir="1" index="1" bw="1" slack="1"/>
</pin_list>
<bind>
<opset="acc_21_addr "/>
</bind>
</comp>

<comp id="1175" class="1005" name="acc_22_addr_reg_1175">
<pin_list>
<pin id="1176" dir="0" index="0" bw="1" slack="1"/>
<pin id="1177" dir="1" index="1" bw="1" slack="1"/>
</pin_list>
<bind>
<opset="acc_22_addr "/>
</bind>
</comp>

<comp id="1180" class="1005" name="acc_23_addr_reg_1180">
<pin_list>
<pin id="1181" dir="0" index="0" bw="1" slack="1"/>
<pin id="1182" dir="1" index="1" bw="1" slack="1"/>
</pin_list>
<bind>
<opset="acc_23_addr "/>
</bind>
</comp>

<comp id="1185" class="1005" name="acc_24_addr_reg_1185">
<pin_list>
<pin id="1186" dir="0" index="0" bw="1" slack="1"/>
<pin id="1187" dir="1" index="1" bw="1" slack="1"/>
</pin_list>
<bind>
<opset="acc_24_addr "/>
</bind>
</comp>

<comp id="1190" class="1005" name="acc_25_addr_reg_1190">
<pin_list>
<pin id="1191" dir="0" index="0" bw="1" slack="1"/>
<pin id="1192" dir="1" index="1" bw="1" slack="1"/>
</pin_list>
<bind>
<opset="acc_25_addr "/>
</bind>
</comp>

<comp id="1195" class="1005" name="acc_26_addr_reg_1195">
<pin_list>
<pin id="1196" dir="0" index="0" bw="1" slack="1"/>
<pin id="1197" dir="1" index="1" bw="1" slack="1"/>
</pin_list>
<bind>
<opset="acc_26_addr "/>
</bind>
</comp>

<comp id="1200" class="1005" name="acc_27_addr_reg_1200">
<pin_list>
<pin id="1201" dir="0" index="0" bw="1" slack="1"/>
<pin id="1202" dir="1" index="1" bw="1" slack="1"/>
</pin_list>
<bind>
<opset="acc_27_addr "/>
</bind>
</comp>

<comp id="1205" class="1005" name="acc_28_addr_reg_1205">
<pin_list>
<pin id="1206" dir="0" index="0" bw="1" slack="1"/>
<pin id="1207" dir="1" index="1" bw="1" slack="1"/>
</pin_list>
<bind>
<opset="acc_28_addr "/>
</bind>
</comp>

<comp id="1210" class="1005" name="acc_29_addr_reg_1210">
<pin_list>
<pin id="1211" dir="0" index="0" bw="1" slack="1"/>
<pin id="1212" dir="1" index="1" bw="1" slack="1"/>
</pin_list>
<bind>
<opset="acc_29_addr "/>
</bind>
</comp>

<comp id="1215" class="1005" name="acc_30_addr_reg_1215">
<pin_list>
<pin id="1216" dir="0" index="0" bw="1" slack="1"/>
<pin id="1217" dir="1" index="1" bw="1" slack="1"/>
</pin_list>
<bind>
<opset="acc_30_addr "/>
</bind>
</comp>

<comp id="1220" class="1005" name="acc_31_addr_reg_1220">
<pin_list>
<pin id="1221" dir="0" index="0" bw="1" slack="1"/>
<pin id="1222" dir="1" index="1" bw="1" slack="1"/>
</pin_list>
<bind>
<opset="acc_31_addr "/>
</bind>
</comp>

</comp_list>

<net_list>
<net id="207"><net_src comp="66" pin="0"/><net_sink comp="204" pin=0"/></net>

<net id="213"><net_src comp="202" pin="0"/><net_sink comp="208" pin=0"/></net>

<net id="214"><net_src comp="64" pin="0"/><net_sink comp="208" pin=1"/></net>

<net id="220"><net_src comp="0" pin="0"/><net_sink comp="215" pin=0"/></net>

<net id="221"><net_src comp="88" pin="0"/><net_sink comp="215" pin=1"/></net>

<net id="227"><net_src comp="2" pin="0"/><net_sink comp="222" pin=0"/></net>

<net id="228"><net_src comp="88" pin="0"/><net_sink comp="222" pin=1"/></net>

<net id="234"><net_src comp="4" pin="0"/><net_sink comp="229" pin=0"/></net>

<net id="235"><net_src comp="88" pin="0"/><net_sink comp="229" pin=1"/></net>

<net id="241"><net_src comp="6" pin="0"/><net_sink comp="236" pin=0"/></net>

<net id="242"><net_src comp="88" pin="0"/><net_sink comp="236" pin=1"/></net>

<net id="248"><net_src comp="8" pin="0"/><net_sink comp="243" pin=0"/></net>

<net id="249"><net_src comp="88" pin="0"/><net_sink comp="243" pin=1"/></net>

<net id="255"><net_src comp="10" pin="0"/><net_sink comp="250" pin=0"/></net>

<net id="256"><net_src comp="88" pin="0"/><net_sink comp="250" pin=1"/></net>

<net id="262"><net_src comp="12" pin="0"/><net_sink comp="257" pin=0"/></net>

<net id="263"><net_src comp="88" pin="0"/><net_sink comp="257" pin=1"/></net>

<net id="269"><net_src comp="14" pin="0"/><net_sink comp="264" pin=0"/></net>

<net id="270"><net_src comp="88" pin="0"/><net_sink comp="264" pin=1"/></net>

<net id="276"><net_src comp="16" pin="0"/><net_sink comp="271" pin=0"/></net>

<net id="277"><net_src comp="88" pin="0"/><net_sink comp="271" pin=1"/></net>

<net id="283"><net_src comp="18" pin="0"/><net_sink comp="278" pin=0"/></net>

<net id="284"><net_src comp="88" pin="0"/><net_sink comp="278" pin=1"/></net>

<net id="290"><net_src comp="20" pin="0"/><net_sink comp="285" pin=0"/></net>

<net id="291"><net_src comp="88" pin="0"/><net_sink comp="285" pin=1"/></net>

<net id="297"><net_src comp="22" pin="0"/><net_sink comp="292" pin=0"/></net>

<net id="298"><net_src comp="88" pin="0"/><net_sink comp="292" pin=1"/></net>

<net id="304"><net_src comp="24" pin="0"/><net_sink comp="299" pin=0"/></net>

<net id="305"><net_src comp="88" pin="0"/><net_sink comp="299" pin=1"/></net>

<net id="311"><net_src comp="26" pin="0"/><net_sink comp="306" pin=0"/></net>

<net id="312"><net_src comp="88" pin="0"/><net_sink comp="306" pin=1"/></net>

<net id="318"><net_src comp="28" pin="0"/><net_sink comp="313" pin=0"/></net>

<net id="319"><net_src comp="88" pin="0"/><net_sink comp="313" pin=1"/></net>

<net id="325"><net_src comp="30" pin="0"/><net_sink comp="320" pin=0"/></net>

<net id="326"><net_src comp="88" pin="0"/><net_sink comp="320" pin=1"/></net>

<net id="332"><net_src comp="32" pin="0"/><net_sink comp="327" pin=0"/></net>

<net id="333"><net_src comp="88" pin="0"/><net_sink comp="327" pin=1"/></net>

<net id="339"><net_src comp="34" pin="0"/><net_sink comp="334" pin=0"/></net>

<net id="340"><net_src comp="88" pin="0"/><net_sink comp="334" pin=1"/></net>

<net id="346"><net_src comp="36" pin="0"/><net_sink comp="341" pin=0"/></net>

<net id="347"><net_src comp="88" pin="0"/><net_sink comp="341" pin=1"/></net>

<net id="353"><net_src comp="38" pin="0"/><net_sink comp="348" pin=0"/></net>

<net id="354"><net_src comp="88" pin="0"/><net_sink comp="348" pin=1"/></net>

<net id="360"><net_src comp="40" pin="0"/><net_sink comp="355" pin=0"/></net>

<net id="361"><net_src comp="88" pin="0"/><net_sink comp="355" pin=1"/></net>

<net id="367"><net_src comp="42" pin="0"/><net_sink comp="362" pin=0"/></net>

<net id="368"><net_src comp="88" pin="0"/><net_sink comp="362" pin=1"/></net>

<net id="374"><net_src comp="44" pin="0"/><net_sink comp="369" pin=0"/></net>

<net id="375"><net_src comp="88" pin="0"/><net_sink comp="369" pin=1"/></net>

<net id="381"><net_src comp="46" pin="0"/><net_sink comp="376" pin=0"/></net>

<net id="382"><net_src comp="88" pin="0"/><net_sink comp="376" pin=1"/></net>

<net id="388"><net_src comp="48" pin="0"/><net_sink comp="383" pin=0"/></net>

<net id="389"><net_src comp="88" pin="0"/><net_sink comp="383" pin=1"/></net>

<net id="395"><net_src comp="50" pin="0"/><net_sink comp="390" pin=0"/></net>

<net id="396"><net_src comp="88" pin="0"/><net_sink comp="390" pin=1"/></net>

<net id="402"><net_src comp="52" pin="0"/><net_sink comp="397" pin=0"/></net>

<net id="403"><net_src comp="88" pin="0"/><net_sink comp="397" pin=1"/></net>

<net id="409"><net_src comp="54" pin="0"/><net_sink comp="404" pin=0"/></net>

<net id="410"><net_src comp="88" pin="0"/><net_sink comp="404" pin=1"/></net>

<net id="416"><net_src comp="56" pin="0"/><net_sink comp="411" pin=0"/></net>

<net id="417"><net_src comp="88" pin="0"/><net_sink comp="411" pin=1"/></net>

<net id="423"><net_src comp="58" pin="0"/><net_sink comp="418" pin=0"/></net>

<net id="424"><net_src comp="88" pin="0"/><net_sink comp="418" pin=1"/></net>

<net id="430"><net_src comp="60" pin="0"/><net_sink comp="425" pin=0"/></net>

<net id="431"><net_src comp="88" pin="0"/><net_sink comp="425" pin=1"/></net>

<net id="437"><net_src comp="62" pin="0"/><net_sink comp="432" pin=0"/></net>

<net id="438"><net_src comp="88" pin="0"/><net_sink comp="432" pin=1"/></net>

<net id="444"><net_src comp="215" pin="3"/><net_sink comp="439" pin=0"/></net>

<net id="450"><net_src comp="222" pin="3"/><net_sink comp="445" pin=0"/></net>

<net id="456"><net_src comp="229" pin="3"/><net_sink comp="451" pin=0"/></net>

<net id="462"><net_src comp="236" pin="3"/><net_sink comp="457" pin=0"/></net>

<net id="468"><net_src comp="243" pin="3"/><net_sink comp="463" pin=0"/></net>

<net id="474"><net_src comp="250" pin="3"/><net_sink comp="469" pin=0"/></net>

<net id="480"><net_src comp="257" pin="3"/><net_sink comp="475" pin=0"/></net>

<net id="486"><net_src comp="264" pin="3"/><net_sink comp="481" pin=0"/></net>

<net id="492"><net_src comp="271" pin="3"/><net_sink comp="487" pin=0"/></net>

<net id="498"><net_src comp="278" pin="3"/><net_sink comp="493" pin=0"/></net>

<net id="504"><net_src comp="285" pin="3"/><net_sink comp="499" pin=0"/></net>

<net id="510"><net_src comp="292" pin="3"/><net_sink comp="505" pin=0"/></net>

<net id="516"><net_src comp="299" pin="3"/><net_sink comp="511" pin=0"/></net>

<net id="522"><net_src comp="306" pin="3"/><net_sink comp="517" pin=0"/></net>

<net id="528"><net_src comp="313" pin="3"/><net_sink comp="523" pin=0"/></net>

<net id="534"><net_src comp="320" pin="3"/><net_sink comp="529" pin=0"/></net>

<net id="540"><net_src comp="327" pin="3"/><net_sink comp="535" pin=0"/></net>

<net id="546"><net_src comp="334" pin="3"/><net_sink comp="541" pin=0"/></net>

<net id="552"><net_src comp="341" pin="3"/><net_sink comp="547" pin=0"/></net>

<net id="558"><net_src comp="348" pin="3"/><net_sink comp="553" pin=0"/></net>

<net id="564"><net_src comp="355" pin="3"/><net_sink comp="559" pin=0"/></net>

<net id="570"><net_src comp="362" pin="3"/><net_sink comp="565" pin=0"/></net>

<net id="576"><net_src comp="369" pin="3"/><net_sink comp="571" pin=0"/></net>

<net id="582"><net_src comp="376" pin="3"/><net_sink comp="577" pin=0"/></net>

<net id="588"><net_src comp="383" pin="3"/><net_sink comp="583" pin=0"/></net>

<net id="594"><net_src comp="390" pin="3"/><net_sink comp="589" pin=0"/></net>

<net id="600"><net_src comp="397" pin="3"/><net_sink comp="595" pin=0"/></net>

<net id="606"><net_src comp="404" pin="3"/><net_sink comp="601" pin=0"/></net>

<net id="612"><net_src comp="411" pin="3"/><net_sink comp="607" pin=0"/></net>

<net id="618"><net_src comp="418" pin="3"/><net_sink comp="613" pin=0"/></net>

<net id="624"><net_src comp="425" pin="3"/><net_sink comp="619" pin=0"/></net>

<net id="630"><net_src comp="432" pin="3"/><net_sink comp="625" pin=0"/></net>

<net id="635"><net_src comp="78" pin="0"/><net_sink comp="631" pin=0"/></net>

<net id="643"><net_src comp="636" pin="1"/><net_sink comp="639" pin=0"/></net>

<net id="644"><net_src comp="80" pin="0"/><net_sink comp="639" pin=1"/></net>

<net id="649"><net_src comp="636" pin="1"/><net_sink comp="645" pin=0"/></net>

<net id="650"><net_src comp="82" pin="0"/><net_sink comp="645" pin=1"/></net>

<net id="654"><net_src comp="636" pin="1"/><net_sink comp="651" pin=0"/></net>

<net id="660"><net_src comp="84" pin="0"/><net_sink comp="655" pin=0"/></net>

<net id="661"><net_src comp="636" pin="1"/><net_sink comp="655" pin=1"/></net>

<net id="662"><net_src comp="86" pin="0"/><net_sink comp="655" pin=2"/></net>

<net id="666"><net_src comp="655" pin="3"/><net_sink comp="663" pin=0"/></net>

<net id="667"><net_src comp="663" pin="1"/><net_sink comp="215" pin=2"/></net>

<net id="668"><net_src comp="663" pin="1"/><net_sink comp="222" pin=2"/></net>

<net id="669"><net_src comp="663" pin="1"/><net_sink comp="229" pin=2"/></net>

<net id="670"><net_src comp="663" pin="1"/><net_sink comp="236" pin=2"/></net>

<net id="671"><net_src comp="663" pin="1"/><net_sink comp="243" pin=2"/></net>

<net id="672"><net_src comp="663" pin="1"/><net_sink comp="250" pin=2"/></net>

<net id="673"><net_src comp="663" pin="1"/><net_sink comp="257" pin=2"/></net>

<net id="674"><net_src comp="663" pin="1"/><net_sink comp="264" pin=2"/></net>

<net id="675"><net_src comp="663" pin="1"/><net_sink comp="271" pin=2"/></net>

<net id="676"><net_src comp="663" pin="1"/><net_sink comp="278" pin=2"/></net>

<net id="677"><net_src comp="663" pin="1"/><net_sink comp="285" pin=2"/></net>

<net id="678"><net_src comp="663" pin="1"/><net_sink comp="292" pin=2"/></net>

<net id="679"><net_src comp="663" pin="1"/><net_sink comp="299" pin=2"/></net>

<net id="680"><net_src comp="663" pin="1"/><net_sink comp="306" pin=2"/></net>

<net id="681"><net_src comp="663" pin="1"/><net_sink comp="313" pin=2"/></net>

<net id="682"><net_src comp="663" pin="1"/><net_sink comp="320" pin=2"/></net>

<net id="683"><net_src comp="663" pin="1"/><net_sink comp="327" pin=2"/></net>

<net id="684"><net_src comp="663" pin="1"/><net_sink comp="334" pin=2"/></net>

<net id="685"><net_src comp="663" pin="1"/><net_sink comp="341" pin=2"/></net>

<net id="686"><net_src comp="663" pin="1"/><net_sink comp="348" pin=2"/></net>

<net id="687"><net_src comp="663" pin="1"/><net_sink comp="355" pin=2"/></net>

<net id="688"><net_src comp="663" pin="1"/><net_sink comp="362" pin=2"/></net>

<net id="689"><net_src comp="663" pin="1"/><net_sink comp="369" pin=2"/></net>

<net id="690"><net_src comp="663" pin="1"/><net_sink comp="376" pin=2"/></net>

<net id="691"><net_src comp="663" pin="1"/><net_sink comp="383" pin=2"/></net>

<net id="692"><net_src comp="663" pin="1"/><net_sink comp="390" pin=2"/></net>

<net id="693"><net_src comp="663" pin="1"/><net_sink comp="397" pin=2"/></net>

<net id="694"><net_src comp="663" pin="1"/><net_sink comp="404" pin=2"/></net>

<net id="695"><net_src comp="663" pin="1"/><net_sink comp="411" pin=2"/></net>

<net id="696"><net_src comp="663" pin="1"/><net_sink comp="418" pin=2"/></net>

<net id="697"><net_src comp="663" pin="1"/><net_sink comp="425" pin=2"/></net>

<net id="698"><net_src comp="663" pin="1"/><net_sink comp="432" pin=2"/></net>

<net id="703"><net_src comp="645" pin="2"/><net_sink comp="699" pin=0"/></net>

<net id="773"><net_src comp="100" pin="0"/><net_sink comp="704" pin=0"/></net>

<net id="774"><net_src comp="102" pin="0"/><net_sink comp="704" pin=1"/></net>

<net id="775"><net_src comp="439" pin="3"/><net_sink comp="704" pin=2"/></net>

<net id="776"><net_src comp="104" pin="0"/><net_sink comp="704" pin=3"/></net>

<net id="777"><net_src comp="445" pin="3"/><net_sink comp="704" pin=4"/></net>

<net id="778"><net_src comp="106" pin="0"/><net_sink comp="704" pin=5"/></net>

<net id="779"><net_src comp="451" pin="3"/><net_sink comp="704" pin=6"/></net>

<net id="780"><net_src comp="108" pin="0"/><net_sink comp="704" pin=7"/></net>

<net id="781"><net_src comp="457" pin="3"/><net_sink comp="704" pin=8"/></net>

<net id="782"><net_src comp="110" pin="0"/><net_sink comp="704" pin=9"/></net>

<net id="783"><net_src comp="463" pin="3"/><net_sink comp="704" pin=10"/></net>

<net id="784"><net_src comp="112" pin="0"/><net_sink comp="704" pin=11"/></net>

<net id="785"><net_src comp="469" pin="3"/><net_sink comp="704" pin=12"/></net>

<net id="786"><net_src comp="114" pin="0"/><net_sink comp="704" pin=13"/></net>

<net id="787"><net_src comp="475" pin="3"/><net_sink comp="704" pin=14"/></net>

<net id="788"><net_src comp="116" pin="0"/><net_sink comp="704" pin=15"/></net>

<net id="789"><net_src comp="481" pin="3"/><net_sink comp="704" pin=16"/></net>

<net id="790"><net_src comp="118" pin="0"/><net_sink comp="704" pin=17"/></net>

<net id="791"><net_src comp="487" pin="3"/><net_sink comp="704" pin=18"/></net>

<net id="792"><net_src comp="120" pin="0"/><net_sink comp="704" pin=19"/></net>

<net id="793"><net_src comp="493" pin="3"/><net_sink comp="704" pin=20"/></net>

<net id="794"><net_src comp="122" pin="0"/><net_sink comp="704" pin=21"/></net>

<net id="795"><net_src comp="499" pin="3"/><net_sink comp="704" pin=22"/></net>

<net id="796"><net_src comp="124" pin="0"/><net_sink comp="704" pin=23"/></net>

<net id="797"><net_src comp="505" pin="3"/><net_sink comp="704" pin=24"/></net>

<net id="798"><net_src comp="126" pin="0"/><net_sink comp="704" pin=25"/></net>

<net id="799"><net_src comp="511" pin="3"/><net_sink comp="704" pin=26"/></net>

<net id="800"><net_src comp="128" pin="0"/><net_sink comp="704" pin=27"/></net>

<net id="801"><net_src comp="517" pin="3"/><net_sink comp="704" pin=28"/></net>

<net id="802"><net_src comp="130" pin="0"/><net_sink comp="704" pin=29"/></net>

<net id="803"><net_src comp="523" pin="3"/><net_sink comp="704" pin=30"/></net>

<net id="804"><net_src comp="132" pin="0"/><net_sink comp="704" pin=31"/></net>

<net id="805"><net_src comp="529" pin="3"/><net_sink comp="704" pin=32"/></net>

<net id="806"><net_src comp="134" pin="0"/><net_sink comp="704" pin=33"/></net>

<net id="807"><net_src comp="535" pin="3"/><net_sink comp="704" pin=34"/></net>

<net id="808"><net_src comp="136" pin="0"/><net_sink comp="704" pin=35"/></net>

<net id="809"><net_src comp="541" pin="3"/><net_sink comp="704" pin=36"/></net>

<net id="810"><net_src comp="138" pin="0"/><net_sink comp="704" pin=37"/></net>

<net id="811"><net_src comp="547" pin="3"/><net_sink comp="704" pin=38"/></net>

<net id="812"><net_src comp="140" pin="0"/><net_sink comp="704" pin=39"/></net>

<net id="813"><net_src comp="553" pin="3"/><net_sink comp="704" pin=40"/></net>

<net id="814"><net_src comp="142" pin="0"/><net_sink comp="704" pin=41"/></net>

<net id="815"><net_src comp="559" pin="3"/><net_sink comp="704" pin=42"/></net>

<net id="816"><net_src comp="144" pin="0"/><net_sink comp="704" pin=43"/></net>

<net id="817"><net_src comp="565" pin="3"/><net_sink comp="704" pin=44"/></net>

<net id="818"><net_src comp="146" pin="0"/><net_sink comp="704" pin=45"/></net>

<net id="819"><net_src comp="571" pin="3"/><net_sink comp="704" pin=46"/></net>

<net id="820"><net_src comp="148" pin="0"/><net_sink comp="704" pin=47"/></net>

<net id="821"><net_src comp="577" pin="3"/><net_sink comp="704" pin=48"/></net>

<net id="822"><net_src comp="150" pin="0"/><net_sink comp="704" pin=49"/></net>

<net id="823"><net_src comp="583" pin="3"/><net_sink comp="704" pin=50"/></net>

<net id="824"><net_src comp="152" pin="0"/><net_sink comp="704" pin=51"/></net>

<net id="825"><net_src comp="589" pin="3"/><net_sink comp="704" pin=52"/></net>

<net id="826"><net_src comp="154" pin="0"/><net_sink comp="704" pin=53"/></net>

<net id="827"><net_src comp="595" pin="3"/><net_sink comp="704" pin=54"/></net>

<net id="828"><net_src comp="156" pin="0"/><net_sink comp="704" pin=55"/></net>

<net id="829"><net_src comp="601" pin="3"/><net_sink comp="704" pin=56"/></net>

<net id="830"><net_src comp="158" pin="0"/><net_sink comp="704" pin=57"/></net>

<net id="831"><net_src comp="607" pin="3"/><net_sink comp="704" pin=58"/></net>

<net id="832"><net_src comp="160" pin="0"/><net_sink comp="704" pin=59"/></net>

<net id="833"><net_src comp="613" pin="3"/><net_sink comp="704" pin=60"/></net>

<net id="834"><net_src comp="162" pin="0"/><net_sink comp="704" pin=61"/></net>

<net id="835"><net_src comp="619" pin="3"/><net_sink comp="704" pin=62"/></net>

<net id="836"><net_src comp="164" pin="0"/><net_sink comp="704" pin=63"/></net>

<net id="837"><net_src comp="625" pin="3"/><net_sink comp="704" pin=64"/></net>

<net id="838"><net_src comp="166" pin="0"/><net_sink comp="704" pin=65"/></net>

<net id="844"><net_src comp="168" pin="0"/><net_sink comp="839" pin=0"/></net>

<net id="845"><net_src comp="704" pin="67"/><net_sink comp="839" pin=1"/></net>

<net id="846"><net_src comp="170" pin="0"/><net_sink comp="839" pin=2"/></net>

<net id="853"><net_src comp="172" pin="0"/><net_sink comp="847" pin=0"/></net>

<net id="854"><net_src comp="704" pin="67"/><net_sink comp="847" pin=1"/></net>

<net id="855"><net_src comp="174" pin="0"/><net_sink comp="847" pin=2"/></net>

<net id="856"><net_src comp="176" pin="0"/><net_sink comp="847" pin=3"/></net>

<net id="862"><net_src comp="168" pin="0"/><net_sink comp="857" pin=0"/></net>

<net id="863"><net_src comp="704" pin="67"/><net_sink comp="857" pin=1"/></net>

<net id="864"><net_src comp="178" pin="0"/><net_sink comp="857" pin=2"/></net>

<net id="870"><net_src comp="168" pin="0"/><net_sink comp="865" pin=0"/></net>

<net id="871"><net_src comp="704" pin="67"/><net_sink comp="865" pin=1"/></net>

<net id="872"><net_src comp="176" pin="0"/><net_sink comp="865" pin=2"/></net>

<net id="876"><net_src comp="857" pin="3"/><net_sink comp="873" pin=0"/></net>

<net id="881"><net_src comp="847" pin="4"/><net_sink comp="877" pin=0"/></net>

<net id="882"><net_src comp="873" pin="1"/><net_sink comp="877" pin=1"/></net>

<net id="888"><net_src comp="180" pin="0"/><net_sink comp="883" pin=0"/></net>

<net id="889"><net_src comp="877" pin="2"/><net_sink comp="883" pin=1"/></net>

<net id="890"><net_src comp="182" pin="0"/><net_sink comp="883" pin=2"/></net>

<net id="895"><net_src comp="883" pin="3"/><net_sink comp="891" pin=0"/></net>

<net id="896"><net_src comp="184" pin="0"/><net_sink comp="891" pin=1"/></net>

<net id="901"><net_src comp="865" pin="3"/><net_sink comp="897" pin=0"/></net>

<net id="902"><net_src comp="891" pin="2"/><net_sink comp="897" pin=1"/></net>

<net id="908"><net_src comp="168" pin="0"/><net_sink comp="903" pin=0"/></net>

<net id="909"><net_src comp="704" pin="67"/><net_sink comp="903" pin=1"/></net>

<net id="910"><net_src comp="186" pin="0"/><net_sink comp="903" pin=2"/></net>

<net id="916"><net_src comp="188" pin="0"/><net_sink comp="911" pin=0"/></net>

<net id="917"><net_src comp="704" pin="67"/><net_sink comp="911" pin=1"/></net>

<net id="918"><net_src comp="190" pin="0"/><net_sink comp="911" pin=2"/></net>

<net id="923"><net_src comp="911" pin="3"/><net_sink comp="919" pin=0"/></net>

<net id="924"><net_src comp="164" pin="0"/><net_sink comp="919" pin=1"/></net>

<net id="930"><net_src comp="192" pin="0"/><net_sink comp="925" pin=0"/></net>

<net id="931"><net_src comp="704" pin="67"/><net_sink comp="925" pin=1"/></net>

<net id="932"><net_src comp="186" pin="0"/><net_sink comp="925" pin=2"/></net>

<net id="937"><net_src comp="925" pin="3"/><net_sink comp="933" pin=0"/></net>

<net id="938"><net_src comp="194" pin="0"/><net_sink comp="933" pin=1"/></net>

<net id="943"><net_src comp="925" pin="3"/><net_sink comp="939" pin=0"/></net>

<net id="944"><net_src comp="196" pin="0"/><net_sink comp="939" pin=1"/></net>

<net id="950"><net_src comp="897" pin="2"/><net_sink comp="945" pin=0"/></net>

<net id="951"><net_src comp="933" pin="2"/><net_sink comp="945" pin=1"/></net>

<net id="952"><net_src comp="939" pin="2"/><net_sink comp="945" pin=2"/></net>

<net id="957"><net_src comp="903" pin="3"/><net_sink comp="953" pin=0"/></net>

<net id="958"><net_src comp="184" pin="0"/><net_sink comp="953" pin=1"/></net>

<net id="963"><net_src comp="919" pin="2"/><net_sink comp="959" pin=0"/></net>

<net id="964"><net_src comp="953" pin="2"/><net_sink comp="959" pin=1"/></net>

<net id="970"><net_src comp="897" pin="2"/><net_sink comp="965" pin=0"/></net>

<net id="971"><net_src comp="959" pin="2"/><net_sink comp="965" pin=1"/></net>

<net id="972"><net_src comp="933" pin="2"/><net_sink comp="965" pin=2"/></net>

<net id="977"><net_src comp="897" pin="2"/><net_sink comp="973" pin=0"/></net>

<net id="978"><net_src comp="933" pin="2"/><net_sink comp="973" pin=1"/></net>

<net id="983"><net_src comp="945" pin="3"/><net_sink comp="979" pin=0"/></net>

<net id="984"><net_src comp="184" pin="0"/><net_sink comp="979" pin=1"/></net>

<net id="989"><net_src comp="883" pin="3"/><net_sink comp="985" pin=0"/></net>

<net id="990"><net_src comp="979" pin="2"/><net_sink comp="985" pin=1"/></net>

<net id="995"><net_src comp="839" pin="3"/><net_sink comp="991" pin=0"/></net>

<net id="996"><net_src comp="184" pin="0"/><net_sink comp="991" pin=1"/></net>

<net id="1001"><net_src comp="985" pin="2"/><net_sink comp="997" pin=0"/></net>

<net id="1002"><net_src comp="991" pin="2"/><net_sink comp="997" pin=1"/></net>

<net id="1007"><net_src comp="883" pin="3"/><net_sink comp="1003" pin=0"/></net>

<net id="1008"><net_src comp="965" pin="3"/><net_sink comp="1003" pin=1"/></net>

<net id="1013"><net_src comp="973" pin="2"/><net_sink comp="1009" pin=0"/></net>

<net id="1014"><net_src comp="1003" pin="2"/><net_sink comp="1009" pin=1"/></net>

<net id="1019"><net_src comp="1009" pin="2"/><net_sink comp="1015" pin=0"/></net>

<net id="1020"><net_src comp="184" pin="0"/><net_sink comp="1015" pin=1"/></net>

<net id="1025"><net_src comp="839" pin="3"/><net_sink comp="1021" pin=0"/></net>

<net id="1026"><net_src comp="1015" pin="2"/><net_sink comp="1021" pin=1"/></net>

<net id="1032"><net_src comp="997" pin="2"/><net_sink comp="1027" pin=0"/></net>

<net id="1033"><net_src comp="198" pin="0"/><net_sink comp="1027" pin=1"/></net>

<net id="1034"><net_src comp="200" pin="0"/><net_sink comp="1027" pin=2"/></net>

<net id="1039"><net_src comp="997" pin="2"/><net_sink comp="1035" pin=0"/></net>

<net id="1040"><net_src comp="1021" pin="2"/><net_sink comp="1035" pin=1"/></net>

<net id="1046"><net_src comp="1035" pin="2"/><net_sink comp="1041" pin=0"/></net>

<net id="1047"><net_src comp="1027" pin="3"/><net_sink comp="1041" pin=1"/></net>

<net id="1048"><net_src comp="877" pin="2"/><net_sink comp="1041" pin=2"/></net>

<net id="1049"><net_src comp="1041" pin="3"/><net_sink comp="208" pin=2"/></net>

<net id="1053"><net_src comp="204" pin="1"/><net_sink comp="1050" pin=0"/></net>

<net id="1054"><net_src comp="1050" pin="1"/><net_sink comp="631" pin=1"/></net>

<net id="1055"><net_src comp="1050" pin="1"/><net_sink comp="636" pin=0"/></net>

<net id="1056"><net_src comp="1050" pin="1"/><net_sink comp="699" pin=1"/></net>

<net id="1063"><net_src comp="651" pin="1"/><net_sink comp="1060" pin=0"/></net>

<net id="1064"><net_src comp="1060" pin="1"/><net_sink comp="704" pin=66"/></net>

<net id="1068"><net_src comp="215" pin="3"/><net_sink comp="1065" pin=0"/></net>

<net id="1069"><net_src comp="1065" pin="1"/><net_sink comp="439" pin=0"/></net>

<net id="1073"><net_src comp="222" pin="3"/><net_sink comp="1070" pin=0"/></net>

<net id="1074"><net_src comp="1070" pin="1"/><net_sink comp="445" pin=0"/></net>

<net id="1078"><net_src comp="229" pin="3"/><net_sink comp="1075" pin=0"/></net>

<net id="1079"><net_src comp="1075" pin="1"/><net_sink comp="451" pin=0"/></net>

<net id="1083"><net_src comp="236" pin="3"/><net_sink comp="1080" pin=0"/></net>

<net id="1084"><net_src comp="1080" pin="1"/><net_sink comp="457" pin=0"/></net>

<net id="1088"><net_src comp="243" pin="3"/><net_sink comp="1085" pin=0"/></net>

<net id="1089"><net_src comp="1085" pin="1"/><net_sink comp="463" pin=0"/></net>

<net id="1093"><net_src comp="250" pin="3"/><net_sink comp="1090" pin=0"/></net>

<net id="1094"><net_src comp="1090" pin="1"/><net_sink comp="469" pin=0"/></net>

<net id="1098"><net_src comp="257" pin="3"/><net_sink comp="1095" pin=0"/></net>

<net id="1099"><net_src comp="1095" pin="1"/><net_sink comp="475" pin=0"/></net>

<net id="1103"><net_src comp="264" pin="3"/><net_sink comp="1100" pin=0"/></net>

<net id="1104"><net_src comp="1100" pin="1"/><net_sink comp="481" pin=0"/></net>

<net id="1108"><net_src comp="271" pin="3"/><net_sink comp="1105" pin=0"/></net>

<net id="1109"><net_src comp="1105" pin="1"/><net_sink comp="487" pin=0"/></net>

<net id="1113"><net_src comp="278" pin="3"/><net_sink comp="1110" pin=0"/></net>

<net id="1114"><net_src comp="1110" pin="1"/><net_sink comp="493" pin=0"/></net>

<net id="1118"><net_src comp="285" pin="3"/><net_sink comp="1115" pin=0"/></net>

<net id="1119"><net_src comp="1115" pin="1"/><net_sink comp="499" pin=0"/></net>

<net id="1123"><net_src comp="292" pin="3"/><net_sink comp="1120" pin=0"/></net>

<net id="1124"><net_src comp="1120" pin="1"/><net_sink comp="505" pin=0"/></net>

<net id="1128"><net_src comp="299" pin="3"/><net_sink comp="1125" pin=0"/></net>

<net id="1129"><net_src comp="1125" pin="1"/><net_sink comp="511" pin=0"/></net>

<net id="1133"><net_src comp="306" pin="3"/><net_sink comp="1130" pin=0"/></net>

<net id="1134"><net_src comp="1130" pin="1"/><net_sink comp="517" pin=0"/></net>

<net id="1138"><net_src comp="313" pin="3"/><net_sink comp="1135" pin=0"/></net>

<net id="1139"><net_src comp="1135" pin="1"/><net_sink comp="523" pin=0"/></net>

<net id="1143"><net_src comp="320" pin="3"/><net_sink comp="1140" pin=0"/></net>

<net id="1144"><net_src comp="1140" pin="1"/><net_sink comp="529" pin=0"/></net>

<net id="1148"><net_src comp="327" pin="3"/><net_sink comp="1145" pin=0"/></net>

<net id="1149"><net_src comp="1145" pin="1"/><net_sink comp="535" pin=0"/></net>

<net id="1153"><net_src comp="334" pin="3"/><net_sink comp="1150" pin=0"/></net>

<net id="1154"><net_src comp="1150" pin="1"/><net_sink comp="541" pin=0"/></net>

<net id="1158"><net_src comp="341" pin="3"/><net_sink comp="1155" pin=0"/></net>

<net id="1159"><net_src comp="1155" pin="1"/><net_sink comp="547" pin=0"/></net>

<net id="1163"><net_src comp="348" pin="3"/><net_sink comp="1160" pin=0"/></net>

<net id="1164"><net_src comp="1160" pin="1"/><net_sink comp="553" pin=0"/></net>

<net id="1168"><net_src comp="355" pin="3"/><net_sink comp="1165" pin=0"/></net>

<net id="1169"><net_src comp="1165" pin="1"/><net_sink comp="559" pin=0"/></net>

<net id="1173"><net_src comp="362" pin="3"/><net_sink comp="1170" pin=0"/></net>

<net id="1174"><net_src comp="1170" pin="1"/><net_sink comp="565" pin=0"/></net>

<net id="1178"><net_src comp="369" pin="3"/><net_sink comp="1175" pin=0"/></net>

<net id="1179"><net_src comp="1175" pin="1"/><net_sink comp="571" pin=0"/></net>

<net id="1183"><net_src comp="376" pin="3"/><net_sink comp="1180" pin=0"/></net>

<net id="1184"><net_src comp="1180" pin="1"/><net_sink comp="577" pin=0"/></net>

<net id="1188"><net_src comp="383" pin="3"/><net_sink comp="1185" pin=0"/></net>

<net id="1189"><net_src comp="1185" pin="1"/><net_sink comp="583" pin=0"/></net>

<net id="1193"><net_src comp="390" pin="3"/><net_sink comp="1190" pin=0"/></net>

<net id="1194"><net_src comp="1190" pin="1"/><net_sink comp="589" pin=0"/></net>

<net id="1198"><net_src comp="397" pin="3"/><net_sink comp="1195" pin=0"/></net>

<net id="1199"><net_src comp="1195" pin="1"/><net_sink comp="595" pin=0"/></net>

<net id="1203"><net_src comp="404" pin="3"/><net_sink comp="1200" pin=0"/></net>

<net id="1204"><net_src comp="1200" pin="1"/><net_sink comp="601" pin=0"/></net>

<net id="1208"><net_src comp="411" pin="3"/><net_sink comp="1205" pin=0"/></net>

<net id="1209"><net_src comp="1205" pin="1"/><net_sink comp="607" pin=0"/></net>

<net id="1213"><net_src comp="418" pin="3"/><net_sink comp="1210" pin=0"/></net>

<net id="1214"><net_src comp="1210" pin="1"/><net_sink comp="613" pin=0"/></net>

<net id="1218"><net_src comp="425" pin="3"/><net_sink comp="1215" pin=0"/></net>

<net id="1219"><net_src comp="1215" pin="1"/><net_sink comp="619" pin=0"/></net>

<net id="1223"><net_src comp="432" pin="3"/><net_sink comp="1220" pin=0"/></net>

<net id="1224"><net_src comp="1220" pin="1"/><net_sink comp="625" pin=0"/></net>

</net_list>

</model> 
---------------- Datapath Model END ------------------

* FSMD analyzer results:
  - Output states:
	Port: result_fifo | {2 }
 - Input state : 
	Port: spmm_compute_Pipeline_SPMM_WRITE : acc | {1 2 }
	Port: spmm_compute_Pipeline_SPMM_WRITE : acc_1 | {1 2 }
	Port: spmm_compute_Pipeline_SPMM_WRITE : acc_2 | {1 2 }
	Port: spmm_compute_Pipeline_SPMM_WRITE : acc_3 | {1 2 }
	Port: spmm_compute_Pipeline_SPMM_WRITE : acc_4 | {1 2 }
	Port: spmm_compute_Pipeline_SPMM_WRITE : acc_5 | {1 2 }
	Port: spmm_compute_Pipeline_SPMM_WRITE : acc_6 | {1 2 }
	Port: spmm_compute_Pipeline_SPMM_WRITE : acc_7 | {1 2 }
	Port: spmm_compute_Pipeline_SPMM_WRITE : acc_8 | {1 2 }
	Port: spmm_compute_Pipeline_SPMM_WRITE : acc_9 | {1 2 }
	Port: spmm_compute_Pipeline_SPMM_WRITE : acc_10 | {1 2 }
	Port: spmm_compute_Pipeline_SPMM_WRITE : acc_11 | {1 2 }
	Port: spmm_compute_Pipeline_SPMM_WRITE : acc_12 | {1 2 }
	Port: spmm_compute_Pipeline_SPMM_WRITE : acc_13 | {1 2 }
	Port: spmm_compute_Pipeline_SPMM_WRITE : acc_14 | {1 2 }
	Port: spmm_compute_Pipeline_SPMM_WRITE : acc_15 | {1 2 }
	Port: spmm_compute_Pipeline_SPMM_WRITE : acc_16 | {1 2 }
	Port: spmm_compute_Pipeline_SPMM_WRITE : acc_17 | {1 2 }
	Port: spmm_compute_Pipeline_SPMM_WRITE : acc_18 | {1 2 }
	Port: spmm_compute_Pipeline_SPMM_WRITE : acc_19 | {1 2 }
	Port: spmm_compute_Pipeline_SPMM_WRITE : acc_20 | {1 2 }
	Port: spmm_compute_Pipeline_SPMM_WRITE : acc_21 | {1 2 }
	Port: spmm_compute_Pipeline_SPMM_WRITE : acc_22 | {1 2 }
	Port: spmm_compute_Pipeline_SPMM_WRITE : acc_23 | {1 2 }
	Port: spmm_compute_Pipeline_SPMM_WRITE : acc_24 | {1 2 }
	Port: spmm_compute_Pipeline_SPMM_WRITE : acc_25 | {1 2 }
	Port: spmm_compute_Pipeline_SPMM_WRITE : acc_26 | {1 2 }
	Port: spmm_compute_Pipeline_SPMM_WRITE : acc_27 | {1 2 }
	Port: spmm_compute_Pipeline_SPMM_WRITE : acc_28 | {1 2 }
	Port: spmm_compute_Pipeline_SPMM_WRITE : acc_29 | {1 2 }
	Port: spmm_compute_Pipeline_SPMM_WRITE : acc_30 | {1 2 }
	Port: spmm_compute_Pipeline_SPMM_WRITE : acc_31 | {1 2 }
	Port: spmm_compute_Pipeline_SPMM_WRITE : result_fifo | {}
  - Chain level:
	State 1
		store_ln274 : 1
		f_2 : 1
		icmp_ln274 : 2
		add_ln274 : 2
		br_ln274 : 3
		trunc_ln274 : 2
		tmp : 2
		zext_ln274 : 3
		acc_addr : 4
		acc_1_addr : 4
		acc_2_addr : 4
		acc_3_addr : 4
		acc_4_addr : 4
		acc_5_addr : 4
		acc_6_addr : 4
		acc_7_addr : 4
		acc_8_addr : 4
		acc_9_addr : 4
		acc_10_addr : 4
		acc_11_addr : 4
		acc_12_addr : 4
		acc_13_addr : 4
		acc_14_addr : 4
		acc_15_addr : 4
		acc_16_addr : 4
		acc_17_addr : 4
		acc_18_addr : 4
		acc_19_addr : 4
		acc_20_addr : 4
		acc_21_addr : 4
		acc_22_addr : 4
		acc_23_addr : 4
		acc_24_addr : 4
		acc_25_addr : 4
		acc_26_addr : 4
		acc_27_addr : 4
		acc_28_addr : 4
		acc_29_addr : 4
		acc_30_addr : 4
		acc_31_addr : 4
		acc_load : 5
		acc_1_load : 5
		acc_2_load : 5
		acc_3_load : 5
		acc_4_load : 5
		acc_5_load : 5
		acc_6_load : 5
		acc_7_load : 5
		acc_8_load : 5
		acc_9_load : 5
		acc_10_load : 5
		acc_11_load : 5
		acc_12_load : 5
		acc_13_load : 5
		acc_14_load : 5
		acc_15_load : 5
		acc_16_load : 5
		acc_17_load : 5
		acc_18_load : 5
		acc_19_load : 5
		acc_20_load : 5
		acc_21_load : 5
		acc_22_load : 5
		acc_23_load : 5
		acc_24_load : 5
		acc_25_load : 5
		acc_26_load : 5
		acc_27_load : 5
		acc_28_load : 5
		acc_29_load : 5
		acc_30_load : 5
		acc_31_load : 5
		store_ln274 : 3
	State 2
		tmp_s : 1
		tmp_1 : 2
		trunc_ln5 : 2
		tmp_2 : 2
		tmp_3 : 2
		zext_ln276 : 3
		add_ln276 : 4
		tmp_4 : 5
		xor_ln276 : 6
		and_ln276 : 6
		tmp_5 : 2
		tmp_6 : 2
		icmp_ln276 : 3
		tmp_7 : 2
		icmp_ln276_1 : 3
		icmp_ln276_2 : 3
		select_ln276 : 6
		xor_ln276_1 : 3
		and_ln276_1 : 4
		select_ln276_1 : 6
		and_ln276_2 : 6
		xor_ln276_2 : 7
		or_ln276 : 7
		xor_ln276_3 : 3
		and_ln276_3 : 7
		and_ln276_4 : 7
		or_ln276_2 : 7
		xor_ln276_4 : 7
		and_ln276_5 : 7
		select_ln276_2 : 7
		or_ln276_1 : 7
		select_ln276_3 : 7
		write_ln276 : 8


============================================================
+ Verbose Summary: Datapath Resource usage 
============================================================

* Functional unit list:
|----------|--------------------------|---------|---------|
| Operation|      Functional Unit     |    FF   |   LUT   |
|----------|--------------------------|---------|---------|
| sparsemux|       tmp_s_fu_704       |    0    |   148   |
|----------|--------------------------|---------|---------|
|          |     icmp_ln274_fu_639    |    0    |    14   |
|   icmp   |     icmp_ln276_fu_919    |    0    |    12   |
|          |    icmp_ln276_1_fu_933   |    0    |    13   |
|          |    icmp_ln276_2_fu_939   |    0    |    13   |
|----------|--------------------------|---------|---------|
|    add   |     add_ln274_fu_645     |    0    |    14   |
|          |     add_ln276_fu_877     |    0    |    23   |
|----------|--------------------------|---------|---------|
|          |    select_ln276_fu_945   |    0    |    2    |
|  select  |   select_ln276_1_fu_965  |    0    |    2    |
|          |  select_ln276_2_fu_1027  |    0    |    16   |
|          |  select_ln276_3_fu_1041  |    0    |    16   |
|----------|--------------------------|---------|---------|
|          |     and_ln276_fu_897     |    0    |    2    |
|          |    and_ln276_1_fu_959    |    0    |    2    |
|    and   |    and_ln276_2_fu_973    |    0    |    2    |
|          |    and_ln276_3_fu_997    |    0    |    2    |
|          |    and_ln276_4_fu_1003   |    0    |    2    |
|          |    and_ln276_5_fu_1021   |    0    |    2    |
|----------|--------------------------|---------|---------|
|          |     xor_ln276_fu_891     |    0    |    2    |
|          |    xor_ln276_1_fu_953    |    0    |    2    |
|    xor   |    xor_ln276_2_fu_979    |    0    |    2    |
|          |    xor_ln276_3_fu_991    |    0    |    2    |
|          |    xor_ln276_4_fu_1015   |    0    |    2    |
|----------|--------------------------|---------|---------|
|          |      or_ln276_fu_985     |    0    |    2    |
|    or    |    or_ln276_2_fu_1009    |    0    |    2    |
|          |    or_ln276_1_fu_1035    |    0    |    2    |
|----------|--------------------------|---------|---------|
|   write  | write_ln276_write_fu_208 |    0    |    0    |
|----------|--------------------------|---------|---------|
|   trunc  |    trunc_ln274_fu_651    |    0    |    0    |
|----------|--------------------------|---------|---------|
|          |        tmp_fu_655        |    0    |    0    |
|          |       tmp_1_fu_839       |    0    |    0    |
| bitselect|       tmp_2_fu_857       |    0    |    0    |
|          |       tmp_3_fu_865       |    0    |    0    |
|          |       tmp_4_fu_883       |    0    |    0    |
|          |       tmp_5_fu_903       |    0    |    0    |
|----------|--------------------------|---------|---------|
|   zext   |     zext_ln274_fu_663    |    0    |    0    |
|          |     zext_ln276_fu_873    |    0    |    0    |
|----------|--------------------------|---------|---------|
|          |     trunc_ln5_fu_847     |    0    |    0    |
|partselect|       tmp_6_fu_911       |    0    |    0    |
|          |       tmp_7_fu_925       |    0    |    0    |
|----------|--------------------------|---------|---------|
|   Total  |                          |    0    |   301   |
|----------|--------------------------|---------|---------|

Memories:
N/A

* Register list:
+--------------------+--------+
|                    |   FF   |
+--------------------+--------+
|acc_10_addr_reg_1115|    1   |
|acc_11_addr_reg_1120|    1   |
|acc_12_addr_reg_1125|    1   |
|acc_13_addr_reg_1130|    1   |
|acc_14_addr_reg_1135|    1   |
|acc_15_addr_reg_1140|    1   |
|acc_16_addr_reg_1145|    1   |
|acc_17_addr_reg_1150|    1   |
|acc_18_addr_reg_1155|    1   |
|acc_19_addr_reg_1160|    1   |
| acc_1_addr_reg_1070|    1   |
|acc_20_addr_reg_1165|    1   |
|acc_21_addr_reg_1170|    1   |
|acc_22_addr_reg_1175|    1   |
|acc_23_addr_reg_1180|    1   |
|acc_24_addr_reg_1185|    1   |
|acc_25_addr_reg_1190|    1   |
|acc_26_addr_reg_1195|    1   |
|acc_27_addr_reg_1200|    1   |
|acc_28_addr_reg_1205|    1   |
|acc_29_addr_reg_1210|    1   |
| acc_2_addr_reg_1075|    1   |
|acc_30_addr_reg_1215|    1   |
|acc_31_addr_reg_1220|    1   |
| acc_3_addr_reg_1080|    1   |
| acc_4_addr_reg_1085|    1   |
| acc_5_addr_reg_1090|    1   |
| acc_6_addr_reg_1095|    1   |
| acc_7_addr_reg_1100|    1   |
| acc_8_addr_reg_1105|    1   |
| acc_9_addr_reg_1110|    1   |
|  acc_addr_reg_1065 |    1   |
|     f_reg_1050     |    7   |
|trunc_ln274_reg_1060|    5   |
+--------------------+--------+
|        Total       |   44   |
+--------------------+--------+

* Multiplexer (MUX) list: 
|-------------------|------|------|------|--------||---------||---------||---------|
|        Comp       |  Pin | Size |  BW  | S x BW ||  Delay  ||    FF   ||   LUT   |
|-------------------|------|------|------|--------||---------||---------||---------|
| grp_access_fu_439 |  p0  |   2  |   1  |    2   ||    0    ||    9    |
| grp_access_fu_445 |  p0  |   2  |   1  |    2   ||    0    ||    9    |
| grp_access_fu_451 |  p0  |   2  |   1  |    2   ||    0    ||    9    |
| grp_access_fu_457 |  p0  |   2  |   1  |    2   ||    0    ||    9    |
| grp_access_fu_463 |  p0  |   2  |   1  |    2   ||    0    ||    9    |
| grp_access_fu_469 |  p0  |   2  |   1  |    2   ||    0    ||    9    |
| grp_access_fu_475 |  p0  |   2  |   1  |    2   ||    0    ||    9    |
| grp_access_fu_481 |  p0  |   2  |   1  |    2   ||    0    ||    9    |
| grp_access_fu_487 |  p0  |   2  |   1  |    2   ||    0    ||    9    |
| grp_access_fu_493 |  p0  |   2  |   1  |    2   ||    0    ||    9    |
| grp_access_fu_499 |  p0  |   2  |   1  |    2   ||    0    ||    9    |
| grp_access_fu_505 |  p0  |   2  |   1  |    2   ||    0    ||    9    |
| grp_access_fu_511 |  p0  |   2  |   1  |    2   ||    0    ||    9    |
| grp_access_fu_517 |  p0  |   2  |   1  |    2   ||    0    ||    9    |
| grp_access_fu_523 |  p0  |   2  |   1  |    2   ||    0    ||    9    |
| grp_access_fu_529 |  p0  |   2  |   1  |    2   ||    0    ||    9    |
| grp_access_fu_535 |  p0  |   2  |   1  |    2   ||    0    ||    9    |
| grp_access_fu_541 |  p0  |   2  |   1  |    2   ||    0    ||    9    |
| grp_access_fu_547 |  p0  |   2  |   1  |    2   ||    0    ||    9    |
| grp_access_fu_553 |  p0  |   2  |   1  |    2   ||    0    ||    9    |
| grp_access_fu_559 |  p0  |   2  |   1  |    2   ||    0    ||    9    |
| grp_access_fu_565 |  p0  |   2  |   1  |    2   ||    0    ||    9    |
| grp_access_fu_571 |  p0  |   2  |   1  |    2   ||    0    ||    9    |
| grp_access_fu_577 |  p0  |   2  |   1  |    2   ||    0    ||    9    |
| grp_access_fu_583 |  p0  |   2  |   1  |    2   ||    0    ||    9    |
| grp_access_fu_589 |  p0  |   2  |   1  |    2   ||    0    ||    9    |
| grp_access_fu_595 |  p0  |   2  |   1  |    2   ||    0    ||    9    |
| grp_access_fu_601 |  p0  |   2  |   1  |    2   ||    0    ||    9    |
| grp_access_fu_607 |  p0  |   2  |   1  |    2   ||    0    ||    9    |
| grp_access_fu_613 |  p0  |   2  |   1  |    2   ||    0    ||    9    |
| grp_access_fu_619 |  p0  |   2  |   1  |    2   ||    0    ||    9    |
| grp_access_fu_625 |  p0  |   2  |   1  |    2   ||    0    ||    9    |
|-------------------|------|------|------|--------||---------||---------||---------|
|       Total       |      |      |      |   64   ||  13.664 ||    0    ||   288   |
|-------------------|------|------|------|--------||---------||---------||---------|



* Summary:
+-----------+--------+--------+--------+
|           |  Delay |   FF   |   LUT  |
+-----------+--------+--------+--------+
|  Function |    -   |    0   |   301  |
|   Memory  |    -   |    -   |    -   |
|Multiplexer|   13   |    0   |   288  |
|  Register |    -   |   44   |    -   |
+-----------+--------+--------+--------+
|   Total   |   13   |   44   |   589  |
+-----------+--------+--------+--------+
