0,1210
0,2198
0,2239
0,3152
0,5167
0,5372
0,7395
1,856
1,1066
1,2648
1,3013
1,5321
1,6563
1,7128
1,7359
2,1036
2,3592
2,3818
2,4183
2,6684
2,7558
3,260
3,448
3,3748
3,4086
3,4376
3,4670
3,5070
3,5258
3,5641
3,6424
3,6952
3,7467
3,7481
3,7582
4,3474
4,3741
4,3915
4,4143
4,4208
4,4351
4,4673
4,6623
5,526
5,584
5,1448
5,1521
5,1978
5,2402
5,3520
5,3821
5,6952
5,7077
5,7149
6,2519
6,2700
6,3716
6,4311
6,5154
7,401
7,491
7,1053
7,2180
7,2591
7,3843
7,4639
7,5413
7,5427
7,5599
7,5977
7,6081
7,6650
7,6687
7,6871
8,3404
8,3821
8,6243
8,7149
9,252
9,1435
9,2094
10,641
10,981
10,1334
10,1696
10,1736
10,1881
10,2337
10,2364
10,3583
10,3678
10,3749
10,4509
10,4740
10,4829
10,5828
10,6665
10,6876
10,7308
11,2168
11,2874
11,7449
12,880
12,2282
12,2297
12,2824
13,3197
14,260
14,1880
15,1153
15,2239
15,3510
15,3559
15,6702
15,7130
16,7505
17,6423
17,6681
17,7404
18,3311
18,3895
18,5404
18,5816
19,279
19,342
19,581
19,620
19,686
19,1824
19,1982
19,4143
19,4208
19,5094
19,5361
19,6006
19,6587
20,162
20,629
20,839
20,919
20,1121
20,1453
20,2179
20,2751
20,3698
20,4015
20,4986
20,5146
20,5420
20,5614
20,5923
21,117
21,1010
21,2034
21,4587
21,5583
21,6926
21,7224
22,273
22,557
22,1656
22,1845
22,2443
22,3924
22,4143
22,6874
23,693
23,1540
23,1545
23,2013
23,2290
23,3758
23,4157
23,4871
23,5095
23,5518
23,5955
23,6673
23,6678
23,6706
23,6760
23,7568
23,7580
23,7607
24,369
24,400
24,2408
24,2689
24,3445
24,3623
24,4415
24,5469
24,5734
24,5897
25,702
25,925
25,949
25,3325
25,3699
25,3899
25,4686
25,5964
25,6902
25,6940
26,383
26,658
26,1004
26,1347
26,2117
26,2871
26,3053
26,3608
26,4147
26,4650
26,4848
26,5378
26,5442
26,6371
27,213
27,258
27,1782
27,2198
27,2614
27,3359
27,4154
27,7510
28,109
28,924
28,966
28,1034
28,1627
28,1661
28,1777
28,1797
28,1834
28,2262
28,2400
28,2761
28,2804
28,3512
28,3683
28,3720
28,3849
28,4033
28,4194
28,4196
28,4415
28,4479
28,4731
28,5332
28,5615
28,5880
28,6079
28,6345
28,6384
28,6433
28,6834
28,6844
28,7132
28,7297
28,7503
29,2647
29,3041
29,3375
29,3988
29,6290
29,6860
29,7355
30,655
30,669
30,2111
30,2585
30,2732
30,4665
30,5501
30,6512
31,1123
31,2496
31,3227
31,3967
31,4341
31,7095
31,7611
32,558
32,764
32,5158
33,2013
33,4333
33,4680
33,7464
34,2704
34,2935
34,3545
34,4160
34,4670
34,5559
34,7116
35,929
35,3541
35,6415
36,72
36,403
36,412
36,644
36,756
36,966
36,970
36,1182
36,1827
36,2250
36,2447
36,5963
37,1419
37,1773
37,3175
37,4000
37,4760
37,4920
37,5548
38,779
38,1459
38,1558
38,1743
38,2552
38,3023
38,3032
38,3598
38,4342
38,5662
38,6602
38,6965
38,7368
39,601
39,629
39,2626
39,2738
39,2795
39,3990
39,6717
39,6901
39,7323
40,248
40,483
40,490
40,606
40,1184
40,1379
40,1627
40,2145
40,2306
40,2959
40,3013
40,3351
40,4031
40,4173
40,4259
40,4302
40,4569
40,4674
40,4991
40,5321
40,5433
40,5530
40,6096
40,6119
40,6563
40,6683
40,7293
41,552
41,3114
41,4304
41,5531
41,6945
42,312
42,774
42,1690
42,1744
42,2981
42,3074
42,3242
42,5651
42,5703
42,6342
42,6500
42,6692
43,2077
43,2319
43,4628
43,4906
43,7507
44,1576
44,4119
44,4222
44,4389
44,5149
44,5794
44,6697
44,6926
44,7004
44,7120
44,7571
45,53
45,202
45,2436
45,2453
45,2840
45,3662
45,3669
45,4106
45,4527
45,5093
45,5663
45,6970
46,1035
46,3953
46,4019
46,7041
46,7205
47,334
47,3195
47,6546
47,7456
48,114
48,920
48,1280
48,2239
48,3277
48,3856
48,6604
48,7020
48,7510
49,584
49,3513
49,3751
49,3978
49,4584
50,4668
50,6015
50,7373
50,7395
51,161
51,1076
51,3503
51,4294
51,4735
51,7032
52,157
52,385
52,2051
52,3661
52,6072
52,6432
52,7095
53,2594
53,2669
53,2924
53,3642
53,4646
53,4656
53,4705
53,4926
53,5239
53,5605
53,5894
53,5970
53,6509
53,7031
53,7063
53,7064
53,7606
54,1237
54,2439
54,2528
54,2605
54,2939
54,3201
54,3412
54,4399
54,4618
55,1606
55,2990
56,1035
56,3219
56,3352
56,3735
56,5024
56,6768
57,882
57,2090
57,2134
57,3543
57,4467
57,5448
57,6046
59,2204
59,2528
59,3879
59,6138
59,7460
60,494
60,689
60,1349
60,1590
60,2659
60,2716
60,2967
60,3658
60,4210
60,4872
60,5886
60,6034
60,6537
61,290
61,800
61,2614
61,3079
61,3502
61,3683
61,4680
61,4983
61,6414
61,6692
61,7097
61,7209
62,432
62,766
62,1094
62,1472
62,2143
62,3959
62,4054
62,4223
62,4384
62,5998
64,145
64,355
64,2874
64,3122
64,3511
64,6144
64,7449
65,2111
65,4456
65,6916
66,193
66,530
66,1219
66,2078
66,2412
66,2748
66,3159
66,3168
66,3303
66,3942
66,4068
66,4209
66,5260
66,5680
66,5817
66,6120
66,6223
66,6523
66,7260
67,150
67,3208
67,3746
67,3993
67,5466
67,5583
67,6991
68,354
68,792
68,1208
68,3286
68,4547
68,5021
68,6697
69,813
69,1211
69,3693
69,3748
69,4257
69,4556
69,5132
69,5278
69,5881
69,6892
69,6971
70,223
70,428
70,1270
70,2036
70,4170
70,5506
70,5566
71,5
71,4153
71,4584
71,6348
71,6427
71,7147
72,471
72,1111
72,3157
72,3271
72,3916
72,6015
73,198
73,555
73,715
73,1296
73,1511
73,1910
73,2071
73,2248
73,2821
73,2839
73,2993
73,3199
73,3298
73,4168
73,4228
73,4270
73,4571
73,4692
73,4724
73,4876
73,5346
73,5807
73,5842
73,6157
73,6252
73,6513
73,6624
73,6733
73,6828
73,6951
73,7134
74,746
74,3452
74,4191
74,4411
74,6222
74,6924
75,339
75,601
75,1185
75,2626
75,3190
75,3613
75,3870
75,5022
75,5111
76,2198
76,3748
76,4805
76,6414
77,1997
77,2571
77,3469
77,4023
77,4805
77,5707
77,7395
77,7597
77,7607
78,427
78,5252
78,5319
78,5607
78,5871
78,7484
78,7642
78,7645
79,593
79,5881
81,5276
82,840
82,2424
82,2467
82,2582
82,3071
82,3308
82,3644
82,4860
82,5687
82,6013
82,6056
82,6478
82,6695
82,6708
83,1055
83,1410
83,1823
83,4613
83,5759
83,6410
83,6428
84,1123
84,2496
84,3175
84,4646
84,4875
84,5326
84,5684
84,7575
85,321
85,903
85,986
85,1102
85,1210
85,1249
85,1421
85,1430
85,1826
85,1854
85,2129
85,2320
85,2370
85,2763
85,2808
85,2852
85,3069
85,3279
85,3334
85,3408
85,3493
85,3958
85,4190
85,4233
85,4303
85,4355
85,4773
85,4871
85,5464
85,5507
85,5689
85,5704
85,5714
85,6030
85,6553
85,6705
85,6736
85,7385
85,7410
85,7612
86,2239
86,3557
86,5422
86,6328
87,548
87,3709
87,5499
88,100
88,395
88,3635
88,3778
88,3793
88,3907
88,4400
88,4577
88,4817
88,6748
88,6914
89,392
89,1028
89,1050
89,1105
89,1866
89,2166
89,3377
89,3379
89,3897
89,4307
89,4355
89,4421
89,4734
89,4737
89,4782
89,4870
89,5797
89,6039
89,6407
89,6468
89,6510
89,6634
89,6804
89,7104
89,7105
89,7181
89,7247
89,7617
90,2709
90,3647
90,4838
90,5802
90,7417
90,7442
91,432
91,904
91,1013
91,1418
91,2372
91,2418
91,3223
91,3518
91,4358
91,6536
91,7067
92,881
92,1938
92,2146
92,2198
92,2738
92,3277
92,3501
92,3593
92,3832
92,4952
92,5404
92,5685
92,6161
92,7007
93,1009
93,1500
93,2034
93,3186
93,3534
93,3993
93,4061
93,5723
93,5985
93,6299
94,28
94,1152
94,1417
94,2198
94,2339
94,3585
94,4297
94,4376
94,4854
95,532
95,1390
95,1726
95,2565
95,3040
95,3864
95,5869
95,6822
95,7067
96,1140
96,1220
96,1311
96,1920
96,2109
96,3747
96,4923
96,4980
96,6111
97,589
97,3792
98,260
98,1862
98,3748
98,5612
98,5707
98,6492
98,6968
98,7044
99,1357
99,2198
99,4376
99,5251
99,6990
100,395
100,1519
100,1987
100,2261
100,2910
100,3005
100,3625
100,4084
100,4378
100,4817
100,5862
100,6048
100,6126
100,6165
100,6378
100,6766
101,1985
101,2608
101,3281
101,3942
101,4521
101,5812
101,5826
101,6300
101,7049
102,2506
102,3660
102,3986
102,6826
102,6950
103,85
103,460
103,509
103,916
103,1510
103,2331
103,2520
103,2620
103,3508
103,3602
103,3708
103,3712
103,4049
103,4420
103,5681
103,6487
103,6489
103,6588
103,6713
104,1025
104,1147
104,1542
104,1971
104,5021
104,5149
104,5196
105,5496
105,6211
105,6382
105,7042
106,299
106,2415
106,2438
106,3990
106,4626
106,4987
106,7020
106,7032
106,7330
107,143
107,456
107,4301
107,4490
107,6176
107,6588
107,7602
108,242
108,1443
108,1556
108,4238
108,5093
108,5310
108,6970
108,7427
109,1790
109,1854
109,1979
109,2066
109,2198
109,3331
109,4693
109,5108
109,5881
110,2519
110,2996
110,3716
111,532
111,1241
111,1343
111,2706
111,3336
111,3405
111,3466
111,3578
111,3654
111,3739
111,4562
111,5179
111,5781
111,6422
112,1523
112,2328
112,5860
112,6130
113,1284
113,2198
113,2576
113,2816
113,3578
113,7151
114,48
114,5404
115,3384
115,3459
115,4080
115,4376
115,4805
116,1875
116,2816
116,3049
116,4371
116,4562
116,4670
116,7216
117,21
117,1989
117,5238
117,5723
117,6674
118,137
118,703
118,2547
118,3698
118,3789
118,4464
118,5056
119,839
120,656
120,817
120,982
120,1065
120,1806
120,1909
120,2362
120,3850
120,4214
120,4382
120,4993
120,5673
120,6396
120,6681
121,917
121,2168
121,6138
121,6396
121,7460
122,3601
122,4208
122,6401
122,7230
123,584
123,1058
123,1575
123,4376
123,5446
123,6811
123,7612
124,23
124,240
124,2013
124,2106
124,2571
124,3748
124,3954
124,4578
124,4680
124,4768
124,7003
124,7085
124,7104
125,1912
125,4473
126,1841
126,2366
126,2710
126,4673
126,5131
126,6138
126,6199
126,6480
127,3330
127,3359
127,3578
127,6572
127,7349
127,7599
128,252
128,796
128,822
128,2027
128,2094
128,2707
128,4277
128,4430
128,5192
128,5625
128,6162
128,7223
129,260
129,1898
129,3748
129,3756
129,4164
129,5132
129,5816
130,815
130,2181
130,2726
130,2779
130,6286
131,1593
131,2101
131,4149
131,4613
131,5277
131,5336
131,6148
131,6366
131,7631
132,1113
132,2039
132,2198
133,671
133,703
133,1693
133,3914
133,6472
134,383
134,1092
134,2556
134,3242
134,4217
134,4650
134,4805
134,5568
134,6039
134,6702
134,7534
134,7601
135,3175
135,4258
135,4275
135,6324
135,6819
136,517
136,749
136,972
136,2037
136,2098
136,4539
136,4666
136,7566
137,118
137,305
137,391
137,919
137,1563
137,1610
137,1831
137,2164
137,2460
137,4015
137,4163
137,4433
137,4700
137,4952
137,5146
137,5420
137,5614
137,6828
137,7196
138,659
138,706
138,717
138,1210
138,4484
138,4806
138,6906
139,525
139,2153
139,2335
139,2416
139,3007
139,3405
139,4051
139,6277
139,6908
140,1606
140,3192
140,4134
140,4815
140,5579
140,6326
140,6820
140,7439
141,5411
141,7620
142,620
142,999
142,3845
142,5107
142,5361
142,7080
143,39
143,73
143,211
143,262
143,1409
143,1725
143,2211
143,2239
143,3320
143,3501
143,4168
143,4745
143,4991
143,5188
143,5289
143,5433
143,5556
143,5864
143,6338
144,96
144,730
144,997
144,1124
144,2951
144,7011
144,7356
145,64
145,2168
145,2413
146,1052
146,1143
146,1181
146,2897
146,4451
146,4687
146,5226
146,6114
146,6627
146,6748
146,6766
146,7304
147,221
147,2395
147,2444
147,2896
147,4252
147,4494
147,4761
147,4968
147,5016
147,5138
147,5609
147,5751
147,5784
147,6103
147,6168
147,6311
147,7263
147,7324
147,7490
147,7502
148,630
148,2236
148,2436
148,3495
148,3777
148,3995
148,4108
148,4495
148,5137
148,5172
148,5690
148,5885
148,6433
149,606
149,3140
149,3298
149,3501
149,4039
149,4080
149,5296
149,5562
149,6014
149,6737
149,7295
149,7365
149,7474
150,93
150,1463
150,2316
150,3993
150,5026
150,5918
150,6337
150,6599
150,6689
150,6821
150,6910
151,1710
151,1773
151,2914
151,3095
151,5185
151,5671
151,6270
151,7281
152,304
152,2198
152,2406
152,5132
152,6409
152,7572
154,1280
154,2293
155,1322
155,3549
155,4084
155,5234
155,6126
156,2169
156,2570
156,3031
156,3097
156,3397
156,4094
156,6914
157,385
157,1123
157,1395
157,2876
157,3175
157,4646
157,5020
157,7575
158,1670
158,1895
158,3187
158,3204
158,4265
158,4334
158,5147
158,6390
158,6786
158,6891
158,6974
158,7248
159,525
159,548
159,3709
159,5379
159,6142
159,7087
159,7498
159,7583
160,993
160,1166
160,1340
160,1452
160,2524
160,2695
160,2764
160,5014
160,5137
160,5456
160,6245
160,6418
160,6886
160,7417
161,490
161,1725
161,2070
161,2298
161,4186
161,4745
161,5321
162,1205
162,1679
162,1877
162,2201
162,3139
162,3723
162,3802
162,4055
162,5031
162,5146
162,5268
162,6093
162,6341
162,6545
162,6572
162,6737
162,6783
162,7305
162,7374
163,2397
164,4875
164,6539
165,1252
165,4994
165,5506
166,439
166,709
166,733
166,884
166,1446
166,1903
166,2292
166,3104
166,4925
166,4978
166,5092
166,5523
166,6094
166,6671
167,456
167,1827
167,3164
167,4033
167,5993
167,6807
167,6852
167,7032
168,3437
168,3735
168,3872
168,7620
169,1513
169,2396
169,3363
169,5048
169,5105
169,5833
169,6135
169,6361
169,6702
169,6847
169,7021
170,260
170,1798
170,3049
170,3183
170,4067
170,4805
170,5623
170,6758
171,1869
171,2608
171,2872
171,4452
171,4963
171,6642
171,7049
172,1656
172,2757
172,4673
173,4384
174,1709
174,1827
174,3558
174,4728
174,6091
174,6465
174,6603
174,6679
174,7118
175,139
175,1280
175,2335
177,1021
177,1675
177,3361
177,3939
177,4197
177,4237
177,4861
177,5279
177,6138
177,7544
178,3866
179,3795
179,6102
179,6488
179,7383
180,4736
180,4837
180,5822
180,7068
181,4922
181,5506
182,112
182,1065
182,1446
182,1909
182,2148
182,2196
182,4146
182,4849
182,4943
182,5169
182,6090
183,599
183,1513
183,3623
183,3720
183,4333
183,5543
183,6754
183,7215
184,1293
184,2060
184,2215
184,5132
185,625
185,766
185,1046
185,3895
185,4343
185,7067
185,7269
185,7464
186,767
186,1785
186,2892
186,2899
186,3283
186,3961
186,4666
186,4905
186,5117
186,5668
186,5711
186,5879
186,7411
187,409
187,1065
187,1247
187,2328
187,4937
187,4984
187,5697
187,6401
188,1108
188,1561
188,3152
188,6778
189,316
189,328
189,1391
189,1972
189,3272
189,3565
189,4614
189,6391
189,6534
189,7366
190,1230
190,2515
190,3740
190,5076
190,6356
191,4961
191,7292
192,220
192,947
192,1169
192,1469
192,1862
192,3070
192,4154
192,4422
192,5139
192,6400
192,6551
192,6646
193,66
193,1049
193,1117
193,3735
193,6169
193,6201
193,6814
193,6817
193,7620
194,116
194,3203
194,4743
195,108
195,851
195,1556
195,1629
195,2052
195,2344
195,2585
195,2644
195,2702
195,3168
195,3622
195,3869
195,4051
195,4560
195,5638
195,5746
195,6107
195,6845
195,7129
195,7145
195,7224
195,7482
195,7622
196,2653
196,2817
196,3510
196,3962
197,384
197,1270
197,1515
197,4656
197,5232
197,5239
197,5423
197,5894
197,5910
197,6509
197,6757
198,73
198,3330
198,3503
198,3895
198,4097
198,6395
199,791
199,2373
199,4260
199,4449
199,5725
199,6147
199,6523
199,7367
200,878
200,1338
200,2422
200,3233
200,3622
200,3647
200,4239
200,4533
200,5539
200,5913
201,789
201,1368
201,1798
201,3311
201,4393
201,5344
201,6208
202,139
202,704
202,1386
202,2872
202,3524
202,3763
202,5074
202,5423
202,5872
202,6415
202,6493
202,6994
203,3779
203,4747
203,7000
203,7113
203,7250
204,19
204,1021
204,1131
204,1392
204,3231
204,3569
204,4008
204,4143
204,4237
204,4391
204,5762
205,1035
205,1536
205,3244
205,4209
205,7620
206,459
206,1937
206,2139
206,3416
206,4175
206,4721
206,4911
206,5319
206,5416
206,5681
206,6559
206,7431
208,3885
208,4208
208,6133
208,6138
208,6347
208,6561
208,6635
208,7460
209,193
209,524
209,880
209,894
209,4916
209,6169
210,6393
211,456
211,2415
211,3277
211,4173
211,4294
211,4301
211,4735
211,6210
211,7020
211,7298
211,7420
212,2402
212,3506
212,3559
212,3574
212,6001
212,6243
212,6348
212,6427
212,6699
212,7131
212,7569
213,27
213,2198
213,2663
213,2743
213,5412
213,6775
213,7510
214,6441
214,6549
214,6994
214,7334
215,2624
215,4009
215,4653
215,4747
215,5435
216,529
216,1743
216,2508
216,3021
216,3220
216,4883
216,5272
216,7073
217,40
217,1185
217,2084
217,2586
217,2678
217,3888
217,4373
217,4940
217,6369
217,6403
218,606
218,1938
218,3501
218,3698
218,3712
218,4302
219,1400
219,2079
219,3494
219,4599
219,4647
219,6199
219,6975
220,85
220,3861
220,5404
220,7464
220,7572
221,398
221,481
221,746
221,1223
221,2073
221,3449
221,4663
221,6609
221,7598
222,1533
222,3231
222,3431
223,1275
223,1984
223,2149
223,2213
223,2416
223,2524
223,2527
223,3327
223,6590
224,4268
225,2002
225,2402
225,4115
225,6296
225,6715
225,7130
225,7486
225,7512
226,875
226,1472
226,1866
226,3602
226,5292
227,6433
229,137
229,3042
229,3072
229,3212
229,4055
229,5376
229,5397
229,5772
229,6815
229,7344
230,1375
230,1857
230,2366
230,2528
230,5027
231,1055
231,1354
231,1410
231,6410
231,6816
232,1508
233,1513
233,2239
233,4164
233,6414
233,7010
234,1201
234,2688
234,6535
234,6782
234,7156
235,776
235,1058
235,1357
235,2239
235,3718
235,4479
235,6098
235,7067
236,1282
236,1396
236,2728
236,6010
236,6363
237,615
237,1923
237,3494
237,4993
237,5553
237,6355
237,6796
238,2442
238,3517
238,4119
238,5149
238,6932
238,7466
239,1072
239,3872
239,3972
239,6109
239,6768
239,7081
239,7586
240,192
240,1712
240,3311
240,3428
240,6228
240,6462
240,6889
240,7369
241,195
241,472
241,827
241,1381
241,1989
241,2052
241,3145
241,3354
241,3396
241,3995
241,4587
241,4875
241,5337
241,5644
242,108
242,1035
242,1578
242,2748
242,2870
242,3814
242,5298
242,5861
242,6031
242,6316
242,7292
242,7316
243,4578
243,7428
244,66
244,209
244,1035
244,1788
244,3227
244,3352
244,3953
244,4646
244,5684
244,7049
244,7532
244,7620
245,696
245,1291
245,5234
245,6811
246,331
246,552
246,4320
246,4362
246,4549
246,5604
246,5743
246,6867
247,890
247,2054
247,2180
247,3048
247,5599
247,6127
247,6380
247,7092
248,1185
248,2415
248,2438
248,3207
248,3888
248,3889
248,4031
248,4173
248,5181
248,5474
248,5997
248,6594
249,376
249,1445
249,1692
249,1740
249,2217
249,3135
249,6402
249,6524
249,6988
249,7408
249,7449
249,7509
250,747
250,2150
250,2274
250,2910
250,3240
250,5078
250,6729
251,331
251,3521
251,5301
252,9
252,796
252,1435
252,2044
252,2096
252,2263
252,2378
252,3365
252,3478
252,4430
252,5625
252,6162
252,7235
253,2629
253,3405
253,5863
254,1712
254,1798
254,2406
254,3322
254,4384
254,6702
254,6774
255,3087
255,3412
255,3939
255,6113
255,7500
256,615
256,695
256,1446
256,1502
256,1617
256,1909
256,2534
256,2790
256,3530
256,4146
256,4443
256,5153
256,5419
256,5523
256,5675
256,6376
257,1728
257,3041
257,4748
257,6366
257,7609
258,77
258,377
258,393
258,720
258,780
258,868
258,1214
258,1431
258,1763
258,1883
258,1993
258,2017
258,2342
258,2407
258,2614
258,2916
258,3380
258,3947
258,4074
258,4114
258,4203
258,4347
258,4393
258,4578
258,4586
258,4682
258,4941
258,5039
258,5205
258,5324
258,5381
258,6335
258,6434
258,6497
258,6692
258,7059
259,450
259,1444
259,2198
259,7330
259,7395
260,14
260,114
260,152
260,243
260,345
260,369
260,421
260,542
260,800
260,869
260,1214
260,1431
260,1526
260,1663
260,1862
260,1935
260,1991
260,2048
260,2537
260,2587
260,2766
260,2812
260,3178
260,3196
260,3245
260,3297
260,3456
260,3646
260,3758
260,3782
260,3926
260,3954
260,4095
260,4642
260,4801
260,5049
260,5316
260,5710
260,5840
260,5949
260,6184
260,6952
260,6971
260,7174
260,7410
260,7424
261,1194
261,3287
261,4211
261,4630
261,5216
261,5734
261,6066
261,6528
261,6907
261,6930
261,6968
261,7346
262,2062
262,3328
262,3888
262,3931
262,3966
262,5504
262,6852
262,7032
263,1555
263,4244
263,6488
263,6969
264,835
264,1514
264,1645
264,2559
264,3103
264,3249
264,3331
264,3433
264,5889
264,7076
264,7523
265,4024
265,4781
266,2198
266,2780
266,3895
266,3948
266,4301
266,5010
266,5132
266,5222
266,5709
266,6022
266,6966
266,7616
267,260
267,1798
267,3051
267,3188
267,4590
268,2252
268,3813
268,4360
268,4520
268,5134
268,5322
268,7034
268,7488
268,7647
269,319
269,639
269,714
269,759
269,1782
269,3670
269,3859
269,4154
269,4373
269,5376
269,5873
269,6579
269,7295
270,1936
270,1939
270,1951
270,3244
270,4906
270,7081
271,286
271,300
271,623
271,1008
271,2141
271,2464
271,3314
271,5244
271,6364
272,1268
272,4384
272,4805
272,5194
272,5258
272,5816
272,7568
273,554
273,737
273,965
273,995
273,1073
273,2240
273,3376
273,3881
273,5914
273,6125
274,4344
274,5484
274,5634
274,5664
274,7467
275,570
275,749
275,1037
275,2103
275,3346
275,3678
275,4881
275,4938
275,5069
275,5662
275,6771
276,269
276,486
276,2823
276,4016
276,4194
276,4573
276,4835
276,5056
276,5155
276,5234
276,5404
276,6664
277,1704
277,3629
277,5672
277,7140
278,169
278,1798
278,4024
278,4594
279,19
279,3741
280,268
280,805
280,1598
280,3360
280,4520
280,5394
280,7034
281,1147
281,1300
281,1557
281,2278
281,2936
281,3110
281,3314
281,6710
281,6782
281,7083
282,873
282,1998
282,2252
282,3200
282,3208
282,5988
282,7199
282,7329
283,85
283,196
283,911
283,1284
283,1810
283,2402
283,2903
283,3559
283,4067
283,5231
283,6078
283,6427
283,7003
283,7077
283,7512
284,572
284,797
284,983
284,1233
284,1656
284,2240
284,2654
284,3941
284,4143
284,4208
284,4280
284,5291
284,5627
284,6385
284,6657
285,1467
285,2198
285,3946
285,5881
286,300
286,623
286,2141
286,2721
286,3945
286,4377
287,490
287,3320
287,4719
287,5022
287,5216
288,2986
288,4273
289,2323
289,2727
289,3676
289,4646
289,4906
289,4994
290,687
290,1210
290,1249
290,3782
290,4376
290,4590
290,5381
290,7209
290,7597
291,2719
291,3762
291,6537
292,1117
292,3894
293,2668
293,2890
293,4768
293,6551
294,267
294,593
294,1350
294,3897
294,5399
294,7280
295,1212
295,2118
295,4876
295,5396
295,6301
295,7409
296,1741
296,3724
296,3744
296,4295
296,7453
297,64
297,307
297,996
297,3477
297,4202
297,5104
297,6144
297,7108
298,425
298,481
298,1622
298,2548
298,3795
298,4663
298,6488
298,7383
298,7489
299,1379
299,2290
299,4098
299,5263
299,7298
300,286
300,623
300,2082
300,2141
300,3945
300,4377
300,6364
301,1080
301,1156
301,3358
301,3793
301,5226
301,5664
301,5899
301,6744
302,1035
302,2379
302,4810
302,4906
302,5563
302,7117
303,2038
303,4293
303,4748
303,6062
304,317
304,380
304,1102
304,1249
304,1965
304,2531
304,2617
304,2696
304,2755
304,3370
304,3756
304,4097
304,4223
304,4253
304,4290
304,4500
304,4737
304,4864
304,5120
304,5246
304,5976
304,6303
304,6449
304,6551
304,6615
304,6731
304,6833
304,6892
304,7174
304,7338
304,7385
304,7410
304,7582
305,1689
305,1767
305,2621
305,3109
305,3716
305,4021
305,4168
305,5156
305,5305
305,5397
305,5608
305,6157
305,6282
305,6411
305,6737
305,6779
305,6783
305,6815
305,6904
305,7090
305,7137
305,7309
305,7478
306,1961
306,2795
306,4021
306,4956
306,5610
306,6338
306,6756
306,6807
306,6904
307,996
307,2168
307,2413
307,3147
307,3214
307,3486
307,4005
307,5046
307,7509
308,1321
308,1520
308,1546
308,1608
308,2356
308,3052
308,3203
308,3404
308,3578
308,3871
308,4863
308,5589
308,6864
308,7022
308,7226
308,7584
309,258
309,1476
309,1517
309,3683
309,3859
309,5518
309,6596
309,7215
310,223
310,370
310,1159
310,1452
310,1701
310,2221
310,2709
310,2712
310,3085
310,3490
310,3690
310,3770
310,4200
310,4783
310,5200
310,5994
310,7639
311,443
311,2519
311,3716
312,269
312,593
312,2239
312,3856
312,4870
312,4952
312,5042
313,723
313,2233
313,2239
313,2295
313,4073
313,4273
314,187
314,256
314,708
314,933
314,1502
314,2148
314,3258
314,3530
314,3656
314,4937
314,6130
314,6200
314,6806
315,342
315,758
315,1131
315,1762
315,2654
315,2756
315,3366
315,3997
315,4351
315,4426
315,5019
315,5587
315,6550
315,6623
315,7157
315,7451
316,846
316,1016
316,1803
316,3558
316,4142
316,4739
316,5828
316,6212
316,6519
316,6534
316,7118
317,60
317,593
317,1058
317,2659
317,2967
318,2198
318,6702
318,6707
319,1186
319,1206
319,1429
319,2197
319,2598
319,4522
319,4946
319,5469
319,5543
319,5797
319,6183
319,6330
319,6953
319,7302
320,2377
320,3050
320,3183
320,4384
320,5415
320,5707
321,85
321,304
321,593
321,1050
321,3748
321,4384
321,7572
322,1018
322,1796
322,2553
322,4024
322,4641
322,4805
322,5799
322,6504
322,6887
323,1865
323,4175
323,4675
323,5565
323,7515
324,1157
324,1743
324,1811
324,3021
324,3316
324,3649
324,3722
324,4938
324,5602
324,5753
325,2121
325,4646
325,6821
325,7367
325,7507
326,559
326,2231
326,2392
326,2488
326,3083
326,5062
326,7454
326,7637
327,452
327,1201
327,1602
327,2464
327,2693
327,3144
327,3728
327,4550
327,5353
327,6267
327,6782
327,7161
328,570
328,698
328,801
328,928
328,1016
328,1803
328,1849
328,1969
328,2090
328,2622
328,3291
328,3565
328,4504
328,4759
328,5828
328,6772
328,6842
328,7144
329,2414
329,2527
329,2574
329,2767
329,4255
329,4462
329,6548
329,6558
329,7414
330,636
330,1116
330,1216
330,1235
330,2301
330,3129
330,3977
330,5770
330,7192
331,246
331,251
331,1297
331,1596
331,1904
331,3259
331,3521
331,3631
331,3913
331,3952
331,4178
331,5301
331,5907
331,6619
331,7191
332,871
332,999
332,2813
332,3064
332,6623
333,1230
333,4121
333,4750
333,5763
333,7529
334,47
334,495
334,2714
334,7456
335,10
335,1900
335,2667
335,2892
335,2899
335,2953
335,5117
335,6357
335,7411
335,7506
336,1069
336,1339
336,1496
336,2143
336,3739
336,3922
336,4480
336,6048
336,7486
337,890
337,1852
337,3315
337,5915
337,6081
337,6127
337,6525
338,401
338,5102
338,5569
338,7027
339,75
339,881
339,7330
340,2250
340,3024
340,5066
340,6099
340,7014
341,2215
341,3559
341,5132
341,5641
341,7582
342,3997
342,4125
342,4208
342,4319
342,6194
343,1915
343,5700
344,593
344,3185
344,3277
345,869
345,1067
345,3235
345,4578
345,4816
345,7023
345,7210
345,7280
345,7464
345,7578
346,23
346,2848
346,7280
347,21
347,588
347,827
347,1049
347,1419
347,2272
347,5473
347,6768
347,7532
348,799
348,1201
348,1971
348,3522
348,4166
348,4977
348,7028
348,7148
349,981
349,1980
349,4723
349,6250
349,6557
350,367
350,932
350,1124
350,2710
350,3231
351,1350
351,1663
351,3704
351,5734
352,215
352,808
352,1518
352,1581
352,1780
352,2059
352,2111
352,3510
352,5170
352,5204
352,6029
352,6036
352,6038
352,6547
352,6909
352,6917
352,7634
353,3698
353,4384
353,7280
354,68
354,594
354,799
354,823
354,1318
354,2578
354,2692
354,4119
354,4359
354,4389
354,4627
354,4825
354,5112
354,5353
354,5590
354,6710
354,6963
354,7152
354,7168
355,145
355,307
355,543
355,884
355,1151
355,1740
355,1808
355,2947
355,3135
355,3214
355,3486
355,3614
355,4005
355,4093
355,4279
355,4322
355,4796
355,5128
355,6130
355,6524
355,6806
355,7220
355,7509
356,2867
356,4410
356,5994
356,6070
356,6367
357,1575
357,2595
357,3796
357,4622
358,494
358,593
358,599
358,1152
358,2913
358,4576
358,4805
358,5340
358,6424
358,6702
358,7096
358,7288
359,593
359,3380
359,4895
359,4954
359,6551
359,7280
359,7464
360,526
360,3510
360,4116
360,4754
361,577
361,826
361,1998
361,5322
361,5988
361,6469
361,7034
361,7132
362,665
362,7031
363,1961
363,3369
363,3507
363,3600
363,3802
363,4440
363,5483
363,6105
364,1255
364,1385
364,5517
364,5910
364,7112
365,791
365,1939
365,4108
365,5043
365,5337
365,6523
365,7237
365,7618
366,233
366,622
366,1744
366,1746
366,3377
366,5214
366,6921
366,7170
366,7395
367,350
367,6268
367,7460
368,451
368,1387
368,1986
368,3694
368,3921
368,4955
368,5900
368,6150
368,6529
368,7358
369,243
369,711
369,1415
369,1476
369,1479
369,1485
369,1684
369,1874
369,1899
369,1907
369,2193
369,2744
369,2755
369,3196
369,3269
369,3627
369,3947
369,3970
369,4188
369,4241
369,4350
369,4453
369,4465
369,4616
369,4638
369,4734
369,4946
369,5103
369,5372
369,5976
369,6076
369,6208
369,6319
369,6640
369,6978
369,7101
369,7278
369,7428
370,310
370,1425
370,2546
370,4054
370,5994
371,3200
371,4134
371,6150
371,6456
371,7429
372,551
372,1069
372,4952
372,6001
372,7067
372,7330
373,67
373,1026
373,1924
373,1946
373,2315
373,3746
373,5338
373,6187
373,6431
373,6606
373,6821
373,6991
373,7286
374,1763
374,4928
374,6850
374,7607
375,2239
375,4688
375,7607
376,2168
376,3135
376,6144
376,6988
376,7108
377,659
377,720
377,2995
377,3532
377,3859
377,3910
377,4805
377,5199
377,6887
377,7097
378,1332
378,3119
378,3940
378,4298
378,4425
378,5426
378,5431
379,1323
379,4544
380,304
380,1058
380,2198
380,4680
380,5455
381,462
381,1132
381,1290
381,2416
381,4136
381,4172
381,7200
382,2673
382,2703
382,3404
382,3821
382,4917
382,4986
382,5926
382,6920
382,7322
383,26
383,1591
383,2117
383,3257
383,4013
383,4243
383,6759
383,7398
384,1385
384,1386
384,1515
384,2373
384,3979
384,4628
384,5210
384,5475
385,84
385,157
385,2876
385,3429
385,3860
385,6432
386,4718
386,5063
386,6897
387,1565
387,3244
388,2290
388,3370
388,6740
389,1098
389,2239
389,2572
389,3216
389,3912
389,4154
389,5289
389,7298
390,1584
390,4213
391,137
391,567
391,2145
391,3128
391,4535
391,7356
392,2198
392,4023
392,4578
392,6414
392,6449
392,6702
392,7477
393,1239
393,1872
393,2198
393,2239
393,3013
393,4230
393,6878
394,1416
394,1443
394,2056
394,2136
394,2428
394,2907
394,3425
394,3798
394,5454
394,5872
395,1181
395,2570
395,3635
395,3783
395,3793
395,5009
395,6048
395,6729
395,6896
395,6914
396,547
396,565
396,1542
396,2020
396,2442
396,2846
396,5695
396,6943
397,2703
397,3539
397,3665
398,221
398,901
398,2012
398,2786
398,3211
398,3733
398,4117
398,5072
398,5974
398,6103
398,7263
398,7489
399,7
399,1460
399,1852
399,2050
399,2180
399,3048
399,3130
399,3730
399,5161
399,6213
399,6894
399,7027
400,593
400,1152
400,1744
400,3049
400,4347
400,4954
400,5399
401,338
401,2472
401,3843
401,4224
401,4298
401,4425
401,5569
401,6687
401,6853
402,2390
402,4449
402,4730
402,4994
403,480
403,1280
403,2244
403,2581
403,5437
403,5504
403,5708
403,6187
403,6696
403,7190
404,3191
405,1243
405,1648
405,2250
405,2849
405,3825
406,1208
406,1693
406,3914
406,4444
406,5149
406,6932
407,636
407,1180
407,1314
407,1506
407,1530
407,1755
407,1921
407,2301
407,3668
407,4432
407,5159
407,5207
407,7123
408,1621
408,3060
408,5576
408,5996
408,7401
409,122
409,1055
409,1920
409,2109
409,4379
409,6791
409,7243
410,2215
410,2856
410,4376
410,4805
410,5641
411,114
411,2198
411,3561
411,3983
411,4289
411,4373
411,4822
411,6069
411,7395
411,7524
412,1531
412,1827
412,2134
412,2822
412,3326
412,3346
412,4256
412,4274
412,7241
413,947
413,1302
413,2927
413,3578
413,5354
413,6897
414,1559
414,1632
414,1713
414,2616
414,3764
414,4818
414,6056
414,6238
414,6616
414,7189
414,7595
415,1621
415,3748
415,4080
416,1837
416,2278
416,2580
416,4481
416,6158
416,6883
416,6943
416,7301
417,1729
417,2218
417,2277
417,2392
417,5947
417,6266
417,7498
419,2685
419,3657
419,3720
419,3923
419,4828
419,6343
419,6371
419,7283
420,237
420,256
420,709
420,778
420,5793
420,6090
420,6806
420,7343
421,1058
421,1284
421,1575
421,2198
421,2586
421,5223
421,5707
421,6551
422,2874
422,3147
422,5104
422,6144
423,1806
423,1855
423,2130
424,4537
425,619
425,746
425,1646
425,4191
425,4564
425,6609
427,78
427,1332
427,2022
427,2139
427,4965
427,5113
427,6018
427,6239
428,70
428,1270
428,5506
428,5566
429,87
429,2481
429,2527
429,2902
429,2997
429,3176
429,3485
429,4172
429,4804
429,4922
429,5379
429,6142
429,6481
429,6861
429,7087
429,7251
430,2570
430,2898
430,4040
430,4094
430,5574
430,5771
430,5796
430,6058
431,1254
431,1268
431,1684
431,2106
431,2129
431,2812
431,3105
431,3459
431,3593
431,4157
431,4712
431,5710
431,5740
431,6188
431,6398
431,6921
431,7021
431,7085
431,7353
431,7511
432,583
432,1094
432,4230
432,5125
432,6309
432,7486
433,441
433,1460
433,2256
433,3420
433,4938
433,5600
433,5848
434,1027
434,1343
434,1560
434,2089
434,4222
434,4805
435,593
435,3132
435,3951
435,5552
435,6075
435,6613
436,4027
436,4482
436,4555
436,4725
437,608
437,1257
437,1848
437,2289
437,4339
437,4401
437,4794
437,5683
437,7199
437,7439
438,526
438,2111
438,5428
438,6481
439,1537
439,3084
439,3143
439,3375
439,7404
440,361
440,4520
440,5988
440,7132
441,1852
441,2046
441,3420
441,3730
441,3843
441,5569
441,6213
441,6380
441,6687
442,828
442,1504
442,1983
442,3099
442,3291
442,4300
442,4619
442,4704
442,6465
442,6502
442,7566
443,311
443,1877
443,2519
443,2700
443,4295
443,5181
443,6751
444,3452
444,4353
445,1453
445,2198
445,2913
445,3692
445,5132
445,6702
446,696
446,836
446,1333
446,1634
446,2171
446,2645
446,2730
446,5108
446,5155
446,5412
446,5470
446,5808
446,5975
446,6140
446,6353
446,6787
446,7628
447,1326
447,4647
447,5480
447,7388
448,1453
448,2198
448,4067
448,5446
449,377
449,2510
449,3912
449,4267
449,5412
449,5816
449,6551
449,7395
450,92
450,259
450,1377
450,2143
450,2198
450,7067
451,452
451,1837
451,2351
451,2580
451,3535
451,5096
451,6883
451,7358
451,7567
452,407
452,547
452,792
452,799
452,823
452,1366
452,1557
452,2747
452,3254
452,3314
452,3556
452,4389
452,4396
452,4825
452,4841
452,4844
452,4927
452,6204
452,6638
452,6659
452,6782
452,6938
452,7083
452,7152
452,7156
453,38
453,569
453,779
453,1706
453,1743
453,2189
453,2552
453,3570
453,3598
453,4666
453,5250
453,6275
453,6602
453,7646
454,912
454,2373
454,3729
454,4994
454,5506
454,5596
454,5910
455,183
455,260
455,1415
455,1513
455,1723
455,1796
455,2039
455,3720
455,5234
455,5241
455,5979
456,474
456,483
456,680
456,802
456,1098
456,1245
456,1722
456,1894
456,1896
456,1962
456,1975
456,1981
456,2306
456,2703
456,2917
456,3157
456,3160
456,3278
456,3334
456,3382
456,3775
456,3966
456,4120
456,4182
456,4685
456,4900
456,5304
456,5433
456,5500
456,5598
456,5772
456,6079
456,6131
456,6134
456,6269
456,6282
456,6301
456,6451
456,6563
456,6683
456,6761
456,6911
456,7020
456,7048
456,7224
457,1208
457,1837
457,2278
457,4481
457,6292
458,284
458,519
458,1073
458,1233
458,4101
459,647
459,1313
459,1332
459,1937
459,3350
459,4721
459,4981
459,5416
459,5607
459,5954
459,6220
459,6239
460,766
460,2239
460,3341
461,2559
461,3187
461,3578
461,3739
461,3743
461,3922
461,5524
461,6308
461,7305
462,381
462,585
462,1032
462,1297
462,1669
462,3141
462,3650
462,4362
462,5907
463,189
463,1696
463,1759
463,1983
463,3528
463,4583
463,4739
463,5825
463,7061
464,491
464,1213
464,1564
464,1613
464,2054
464,4035
464,5427
464,5846
464,7306
465,1035
465,2379
465,4501
465,4810
465,7292
466,137
466,551
466,1958
466,2332
466,3689
466,5650
467,2091
467,6154
467,6476
468,470
468,1041
468,2723
469,258
469,1492
469,1993
469,2913
469,5324
469,6077
469,6890
469,7204
470,468
470,1025
470,1425
470,2135
470,7372
471,2871
471,3157
471,3966
471,4294
471,5181
471,7550
472,241
472,1075
472,2385
472,2535
472,3387
472,3651
472,4906
472,6084
472,7176
472,7190
473,1453
473,2586
473,3177
473,5296
473,5707
473,5881
473,7046
474,287
474,1184
474,2164
474,2831
474,3073
474,4626
474,4892
474,4918
474,4987
474,5504
474,6660
474,7121
474,7465
475,904
475,2120
475,2198
475,2370
475,2671
475,3357
475,3606
475,4376
475,4847
475,5243
475,6265
475,6673
475,6801
475,6825
475,6906
476,2241
476,4174
476,5799
476,6228
477,1464
478,1709
478,3371
478,5066
478,6479
479,23
479,2010
479,2013
479,2313
479,2370
479,2725
479,3235
479,3867
479,4086
479,4167
479,5258
479,5640
479,5859
479,6413
479,6537
479,6701
479,6933
479,7104
480,403
480,1107
480,2830
480,3534
481,74
481,221
481,298
481,398
481,618
481,619
481,969
481,1637
481,2489
481,2491
481,2658
481,2805
481,2843
481,2896
481,3255
481,3479
481,3487
481,3584
481,3737
481,3984
481,4117
481,4151
481,4310
481,4397
481,4494
481,4604
481,4884
481,4921
481,5038
481,5573
481,5751
481,6092
481,6227
481,6496
481,6567
481,7012
481,7033
481,7444
481,7490
481,7502
482,562
482,1899
482,1959
482,2812
482,2832
482,3897
482,4538
482,5756
482,6135
482,6398
482,6449
482,6921
483,40
483,161
483,4735
483,4987
483,6417
483,7359
484,2198
484,3547
484,4243
484,5518
484,6024
484,6526
484,7215
484,7346
485,197
485,644
485,1458
485,1654
485,3035
485,3278
485,3787
485,4152
485,5249
485,5437
485,5696
485,5963
485,6323
485,6827
485,6996
486,276
486,2239
486,4691
487,573
487,1961
487,2998
487,3139
487,3499
487,5156
487,5191
488,4199
489,756
489,1429
489,3545
489,3578
490,287
490,393
490,881
490,2586
490,2626
490,3013
490,3990
490,6588
491,464
491,2475
491,2504
491,3263
491,4035
491,4334
491,4598
491,4600
491,4648
491,5236
491,5275
491,6390
491,6641
491,6680
492,3044
492,4574
493,1000
493,1678
493,2451
493,2469
493,3337
494,60
494,358
494,1524
494,6034
494,6749
495,95
495,336
495,974
495,985
495,1091
495,1130
495,1183
495,1608
495,1958
495,1962
495,1990
495,2258
495,2509
495,2697
495,3203
495,3407
495,3492
495,3578
495,3654
495,3785
495,3866
495,3886
495,4109
495,4185
495,4519
495,4790
495,5052
495,5524
495,5873
495,6128
495,6309
495,6437
495,7005
495,7018
495,7466
495,7467
496,1340
496,1681
496,1750
496,2512
496,3205
496,3823
496,7442
496,7621
497,757
497,764
497,2686
497,3433
497,3817
497,4777
498,984
498,4254
498,6637
499,898
499,1539
499,1810
499,1966
499,2111
499,2279
499,7608
500,3693
500,4164
500,5296
500,7638
501,2239
501,2356
501,3773
501,4073
502,506
502,1361
502,1453
502,1572
502,1843
502,2028
502,2143
502,3959
502,4427
502,4466
502,4890
502,6086
502,7234
502,7239
502,7612
503,2492
503,7606
504,2292
504,5877
505,593
505,814
505,3034
505,3093
505,4384
505,5979
506,502
506,2007
506,3751
506,4046
507,2976
507,4906
507,7575
508,3292
508,6776
508,6979
508,7575
509,762
509,3359
509,3408
509,3748
509,4384
510,444
510,3180
510,4411
510,4711
510,5972
510,6609
510,6924
510,7489
510,7598
511,1043
511,2282
511,2824
511,4850
511,6025
512,1767
512,1827
512,6124
512,7248
512,7258
513,2746
513,3035
513,5209
513,6730
513,6807
513,7137
514,829
514,1653
514,2288
514,2465
514,3145
514,3793
514,4451
514,4486
514,4762
514,6351
514,6744
515,2198
515,2199
515,3004
515,3998
515,7492
516,1505
516,1630
516,1717
516,3090
516,4281
516,4300
516,4583
516,5448
516,6842
517,801
517,1717
517,1972
517,2132
517,2260
517,2327
517,2925
517,4300
517,6502
517,7124
517,7366
517,7630
518,2239
518,2342
518,4159
518,4746
518,5056
518,5909
518,6406
519,458
519,983
519,2757
519,6657
519,6874
520,778
520,1061
520,1909
520,1923
520,3104
520,4382
520,4925
520,4978
520,6094
520,6362
520,6598
521,584
521,2525
521,5120
521,5170
521,5719
521,6565
522,1082
522,1305
522,1347
522,2239
522,3133
522,3243
522,3247
522,3294
522,3947
522,6371
522,7464
522,7568
523,548
523,634
523,1394
523,1512
523,2481
523,2542
523,2997
523,4687
523,4823
523,5183
523,6721
523,7414
524,209
524,3121
524,3829
524,5656
524,5690
525,87
525,159
525,381
525,548
525,1181
525,1611
525,2527
525,2593
525,2978
525,3176
525,3485
525,6283
525,6861
525,7583
526,775
526,898
526,920
526,921
526,967
526,994
526,1780
526,1859
526,1873
526,1919
526,2093
526,2415
526,2682
526,2801
526,2904
526,2959
526,2967
526,3209
526,3385
526,3962
526,3985
526,3991
526,4206
526,4301
526,4503
526,4609
526,4811
526,4857
526,4990
526,5120
526,5728
526,6029
526,6348
526,6464
526,6538
526,6547
526,6668
526,6794
526,6834
526,6835
526,6872
526,7077
526,7096
526,7135
526,7270
526,7420
526,7517
527,320
527,1293
527,2215
527,4164
527,4376
527,7572
528,835
528,1429
528,3203
528,3509
528,4670
528,5123
529,453
529,1743
529,2189
529,2552
529,3032
529,3220
529,4938
529,5662
529,6275
529,7368
530,66
530,1190
530,3168
530,4742
530,5093
530,6352
530,7025
531,3352
531,3735
531,3968
531,4736
531,5822
531,6169
531,6674
531,6768
531,7316
532,95
532,990
532,1915
532,2794
532,3578
532,3757
532,4343
532,6503
533,2047
533,4174
533,4217
533,5063
533,6506
533,6917
534,2553
534,3051
534,4934
534,5359
534,5744
534,6414
534,6849
534,7464
535,2009
535,2697
535,4349
535,4404
535,4908
535,4932
535,5262
535,7054
536,456
536,644
536,1714
536,2163
536,2220
536,3054
536,3856
536,4033
536,5437
536,5496
536,5963
536,6852
537,1827
537,1969
537,2250
537,2609
537,2622
537,2849
537,3346
537,3558
537,4566
537,4949
537,7118
538,1284
538,2198
538,2765
538,3538
538,3895
538,4384
538,6707
538,6810
538,7197
538,7464
539,766
539,975
539,1339
539,3098
539,3578
539,5179
539,6118
540,1210
540,2972
540,3623
540,4408
540,4919
540,5415
540,5816
540,6140
541,661
541,1505
541,1717
541,4300
541,4819
541,5588
541,6465
541,6997
541,7124
542,138
542,2671
542,2888
542,4806
542,5404
543,932
543,1149
543,1740
543,5104
543,6286
543,7472
544,86
544,2303
544,3368
544,6179
544,6328
544,7039
544,7153
544,7193
545,1381
545,2539
545,2764
545,2875
545,4025
545,4328
545,4875
545,5185
545,5238
545,5454
545,6051
545,6431
545,7386
546,799
546,1208
546,4119
546,6498
546,7004
546,7199
547,396
547,1154
547,1384
547,1837
547,2578
547,3522
547,3769
547,3943
547,4481
547,4547
547,4977
547,4998
547,5695
547,7301
548,429
548,1159
548,2481
548,3176
548,6861
549,195
549,434
549,2016
549,2052
549,3086
549,3674
549,3729
549,3869
549,3902
549,3949
549,4232
549,4424
549,4633
549,5440
549,5454
549,5821
549,6621
549,6838
550,959
550,1055
550,1920
550,2837
550,3788
550,4896
550,5829
550,6231
550,6290
550,6550
550,7268
550,7355
551,606
551,715
551,1910
551,1913
551,1958
551,2223
551,2371
551,2839
551,3124
551,3199
551,3270
551,3372
551,3891
551,3944
551,4046
551,4270
551,4309
551,4317
551,4427
551,4692
551,4733
551,4865
551,5000
551,5665
551,5685
551,6411
551,7072
551,7196
551,7623
552,41
552,76
552,115
552,358
552,593
552,776
552,1357
552,1697
552,2117
552,2334
552,2441
552,2470
552,2627
552,2637
552,2991
552,3234
552,3692
552,3867
552,3996
552,4376
552,5091
552,5141
552,5888
552,6100
552,6430
552,6537
552,6688
552,6811
552,6930
552,7090
552,7127
552,7143
552,7147
553,3502
553,3808
553,4164
553,4806
553,4983
553,5132
553,5707
553,7597
554,682
554,763
554,995
554,2757
554,4008
554,4077
554,4143
554,5627
554,5757
554,5774
554,7504
555,73
555,1511
555,1521
555,2198
555,6252
555,6624
555,6740
555,7330
556,627
556,972
556,1221
556,1696
556,2090
556,3528
556,3840
556,5529
556,6164
556,6679
556,7073
557,273
557,458
557,1488
557,2756
557,3391
557,3881
557,4077
557,5686
557,5968
557,6111
557,6125
557,6874
557,7541
558,764
558,2385
558,3817
558,4344
558,4842
558,5123
558,6438
559,326
559,1465
559,2231
559,2488
559,6922
559,7454
560,384
560,987
560,1386
560,2373
560,5035
560,7068
560,7435
561,425
561,510
561,619
561,782
561,812
561,992
561,1529
561,1882
561,2176
561,2398
561,2786
561,2805
561,2926
561,2983
561,3211
561,3399
561,3411
561,3479
561,3504
561,4921
561,4968
561,5345
561,5357
561,5405
561,5609
561,6092
561,6103
561,6311
561,7324
561,7426
561,7469
562,1513
562,2239
562,2661
562,3277
562,4352
562,5103
562,7215
562,7280
563,581
563,1587
563,4357
563,4726
563,5444
563,6587
563,6623
564,128
564,796
564,822
564,1490
564,2665
564,2944
564,3161
564,3314
564,3478
564,3484
564,3555
564,3706
564,3838
564,4327
564,4430
564,4769
564,6955
564,7094
565,546
565,1342
565,2105
565,2687
565,4059
565,4765
565,6498
566,260
566,593
566,731
566,3459
566,4210
566,4376
566,4384
566,5222
567,391
567,2788
567,2951
567,5815
568,1327
568,2239
568,2510
568,3698
568,3912
569,453
569,779
569,1309
569,3023
569,3032
569,4342
569,5662
569,6275
569,6602
570,412
570,882
570,4938
570,4960
570,5257
570,5602
570,5753
570,5856
570,7555
571,212
571,1225
571,1291
571,3821
571,7047
572,284
572,4673
573,197
573,487
573,1353
573,1741
573,2218
573,3744
573,6297
574,1369
574,1971
574,2858
574,4132
574,5149
574,6943
574,7040
574,7301
575,2565
575,3473
575,4295
576,776
576,1862
576,2461
576,3115
576,3672
576,5132
576,5251
576,6486
577,268
577,805
577,1035
577,1598
577,2619
577,2724
577,2769
577,3813
577,3872
577,4793
577,5394
577,6304
577,7132
577,7488
577,7647
578,147
578,1292
578,1466
578,2012
578,2843
578,4564
578,5016
579,684
579,2451
579,3331
579,3433
579,4559
579,5083
579,5198
579,5213
580,1914
580,2654
580,4280
580,7541
581,19
581,968
581,1021
581,1131
581,1256
581,1324
581,1392
581,3389
581,3736
581,4181
581,4208
581,4351
581,4357
581,4534
581,5439
581,5480
581,5587
581,5762
581,6088
581,6347
581,7271
582,1561
582,4771
582,7395
583,771
583,1263
583,2058
583,3162
583,3607
583,4054
583,4153
583,5126
583,6026
583,7269
584,225
584,283
584,382
584,785
584,956
584,1066
584,1196
584,1287
584,1521
584,2363
584,2441
584,2486
584,3758
584,4220
584,5010
584,5218
584,5722
584,6660
584,7187
584,7331
584,7345
585,769
585,1297
585,1934
585,3573
585,3631
585,4549
585,5907
585,6358
585,6544
585,7579
586,160
586,1425
586,3400
586,3865
586,4200
586,4752
586,5367
586,5422
586,6367
586,7004
587,91
587,2112
587,2404
587,2427
587,5373
587,7512
588,3735
588,3968
588,4587
588,6515
588,7261
588,7379
589,97
589,2641
589,3735
589,4209
589,6249
590,875
590,1058
590,2239
590,2820
590,4285
590,4522
590,6775
590,7072
590,7357
590,7395
591,361
591,1347
591,2419
592,659
592,1197
592,1236
592,1591
592,2294
592,2309
592,2685
592,3053
592,3063
592,3123
592,3221
592,5595
592,5597
592,6983
592,7534
593,33
593,124
593,276
593,294
593,312
593,317
593,320
593,321
593,344
593,346
593,353
593,374
593,400
593,421
593,522
593,598
593,599
593,622
593,687
593,722
593,814
593,816
593,900
593,951
593,1017
593,1050
593,1101
593,1127
593,1165
593,1169
593,1222
593,1224
593,1281
593,1294
593,1333
593,1467
593,1469
593,1723
593,1747
593,1752
593,1784
593,1838
593,1840
593,1850
593,1866
593,1875
593,1898
593,1970
593,1996
593,2017
593,2030
593,2048
593,2087
593,2123
593,2302
593,2393
593,2414
593,2549
593,2569
593,2592
593,2645
593,2736
593,2744
593,2859
593,2995
593,3001
593,3008
593,3034
593,3061
593,3092
593,3105
593,3245
593,3274
593,3284
593,3419
593,3440
593,3547
593,3620
593,3627
593,3692
593,3693
593,3703
593,3910
593,3951
593,3954
593,3974
593,4012
593,4044
593,4071
593,4102
593,4188
593,4278
593,4355
593,4408
593,4463
593,4474
593,4528
593,4531
593,4588
593,4594
593,4616
593,4782
593,4848
593,4971
593,4979
593,5006
593,5013
593,5015
593,5048
593,5105
593,5241
593,5313
593,5330
593,5359
593,5365
593,5442
593,5463
593,5510
593,5532
593,5542
593,5552
593,5572
593,5606
593,5629
593,5637
593,5679
593,5709
593,5756
593,5888
593,5961
593,5966
593,6020
593,6100
593,6121
593,6322
593,6361
593,6373
593,6484
593,6528
593,6560
593,6596
593,6631
593,6830
593,6889
593,6892
593,6989
593,7008
593,7017
593,7023
593,7032
593,7139
593,7209
593,7319
593,7346
593,7364
593,7413
593,7511
593,7536
593,7540
593,7561
593,7568
593,7628
594,348
594,635
594,799
594,1201
594,1231
594,1265
594,1462
594,2858
594,4119
594,5055
594,6883
595,884
595,1256
595,1791
595,2064
595,4763
595,5429
595,6667
595,6806
595,6884
595,7264
595,7404
595,7491
596,2198
596,3799
596,4805
596,5982
597,1956
597,6211
597,7005
598,593
598,3314
599,593
599,1871
599,2198
599,5629
599,6284
599,6736
599,7085
599,7477
599,7603
600,526
600,809
600,1196
600,2945
600,3510
600,3559
600,3964
600,4115
600,5115
600,5539
600,6909
600,6916
601,75
601,1379
601,1409
601,1612
601,3190
601,3585
601,4097
601,4302
601,5263
602,709
602,1061
602,5444
602,5877
602,5884
602,7530
603,959
603,1640
603,2413
603,3885
603,6231
604,2179
604,2239
604,4806
604,5372
604,7464
604,7510
605,2623
605,3583
605,5509
605,6876
605,7348
605,7437
606,73
606,881
606,1064
606,3501
606,4302
606,4422
606,4952
606,5661
606,6779
606,7445
607,616
607,2106
607,2183
607,4384
607,4952
607,6297
608,798
608,3200
608,3414
608,5683
608,6529
608,6727
608,6862
608,6903
608,7082
608,7327
609,746
609,4663
609,4884
609,5072
609,5230
609,6488
609,7259
609,7383
609,7598
610,2270
610,2704
611,73
611,137
611,551
611,1239
611,1377
611,4381
611,4952
611,7468
612,1966
612,3295
613,434
613,514
613,1132
613,1560
613,2162
613,2465
613,2732
613,2880
613,4115
613,4451
613,4621
613,6041
613,6378
614,867
614,1013
614,3183
614,3492
614,5174
614,7623
615,237
615,2101
615,4087
615,4925
615,5256
615,5523
615,6226
615,6796
615,7342
616,20
616,606
616,762
616,1689
616,2621
616,2650
616,2771
616,2991
616,3359
616,3591
616,3789
616,4479
616,5039
616,5471
616,5844
616,6078
616,7196
617,166
617,1162
617,1438
617,2333
617,3030
617,3759
617,3905
617,3915
617,5011
617,6130
617,6173
617,6194
617,7291
618,688
618,2444
618,2786
618,3984
618,4117
618,4353
618,4485
618,4884
618,6924
618,7263
619,147
619,481
619,746
619,943
619,4711
619,6609
619,6625
619,7598
620,142
620,420
620,2602
620,3845
620,5107
620,5361
620,5884
620,6623
621,1217
621,1924
621,2303
621,2583
621,2613
621,3327
621,3495
621,3842
621,4507
621,5604
621,7591
622,593
622,1186
622,1467
622,1797
622,3445
622,4023
622,4755
622,5148
622,5328
622,5441
622,6923
622,6930
622,7247
623,286
623,2141
623,3945
623,5244
623,6364
624,457
624,547
624,1201
624,1971
624,2185
624,2937
624,4132
624,5590
624,5766
624,6659
624,6697
624,6883
624,7148
624,7301
624,7533
625,185
625,3671
625,3672
625,4343
625,6581
625,7603
626,25
626,813
626,1113
626,2198
626,3079
626,5799
626,6098
627,893
627,1175
627,1710
627,1924
627,4891
627,6241
627,7190
628,683
628,2279
628,3083
628,3510
628,4596
628,5798
628,6699
629,69
629,2211
629,2586
629,5001
629,5032
629,5368
629,6301
629,6417
629,6901
629,7121
629,7269
630,43
630,148
630,676
630,887
630,2477
630,2749
630,2963
630,2966
630,3205
630,4272
630,4507
630,5616
630,6433
630,7030
631,1560
631,2041
631,3781
631,4066
631,4451
631,4621
631,5170
631,6041
631,6458
631,6834
632,710
632,906
632,1796
632,2198
632,2239
632,2271
632,5853
632,6551
632,6678
632,6692
632,6866
632,7003
632,7477
633,319
633,484
633,1467
633,2336
633,2380
633,3373
633,4380
633,4662
633,5199
633,6077
633,6397
633,6930
634,523
634,525
634,548
634,2081
634,2997
634,3709
634,5499
634,6493
634,6721
635,1203
635,2278
635,3943
635,4927
635,5590
635,5712
635,6011
635,6375
636,2119
636,2301
636,3129
636,5770
636,7192
637,1020
637,4699
637,5822
637,6514
638,224
638,2198
638,2897
638,5778
638,6592
638,6729
639,1424
639,1439
639,3171
639,3698
639,5003
639,7395
640,1534
640,1924
640,6241
641,10
641,937
641,1630
641,1709
641,2268
641,3583
641,5110
641,5588
642,2035
642,2230
642,5601
643,326
643,807
643,1950
643,2488
643,3865
643,5062
643,5763
643,6572
643,6922
643,7332
643,7354
643,7454
644,36
644,536
644,1060
644,1457
644,1981
644,3035
644,3310
644,5953
644,5963
645,2475
645,3204
645,3489
645,3806
645,4640
645,4795
645,5274
645,6641
646,2188
646,6762
647,459
647,4052
647,5319
647,7431
647,7484
647,7554
648,752
648,761
648,1394
648,2431
648,2897
648,2997
648,3005
648,4255
648,4687
648,5571
648,6548
648,6721
648,7267
649,1272
649,2006
649,2098
649,2312
649,2925
649,3065
649,3356
649,4758
649,5329
649,6956
649,7075
650,2524
650,2830
650,4283
650,4328
650,5454
650,5918
650,6114
650,6340
650,6633
650,7286
651,4646
651,5684
651,7620
652,311
652,1689
652,2519
652,2604
652,2996
652,3101
652,3507
652,3698
652,3716
652,4201
652,4311
652,5154
652,5229
652,5654
653,481
653,4411
653,5750
653,6106
653,6288
653,6924
654,2049
654,2431
654,4378
655,867
655,1448
655,1716
655,2170
655,3510
655,3559
655,4502
655,4805
655,4952
655,7240
656,1065
656,2196
656,2333
656,3988
656,4925
656,6130
656,6144
656,6247
656,6396
656,6423
656,7009
657,85
657,1453
657,3895
657,4680
657,4864
657,7464
658,1004
658,1591
658,2778
658,4791
658,5568
658,6759
658,7601
659,261
659,309
659,377
659,1305
659,1429
659,1899
659,2510
659,2615
659,5404
659,5734
659,5937
659,7204
659,7568
660,1497
660,1534
660,2529
660,6513
660,7088
661,463
661,786
661,928
661,1630
661,1803
661,3553
661,4772
661,6519
661,6679
661,7630
662,530
662,887
662,1219
662,3586
662,5603
662,7260
662,7618
663,837
663,855
664,2433
664,6205
664,6979
664,7475
665,362
665,2347
665,5812
665,6316
667,5515
667,5697
667,6806
668,1340
668,2077
668,2497
668,4305
668,5457
668,5633
668,6686
668,6886
668,7051
668,7155
669,628
669,896
669,994
669,1084
669,1645
669,2092
669,2111
669,3839
669,3962
669,4066
669,5063
669,5064
669,5295
669,6916
669,7313
670,2791
670,3677
670,5504
671,1693
671,4122
671,4387
671,4411
671,4485
671,5928
671,6222
672,2175
672,2581
672,3962
672,5264
672,6038
672,6365
672,7312
673,2295
673,3578
673,3817
673,4805
673,5664
674,382
674,1189
674,1289
674,1296
674,1453
675,2065
675,2295
675,4685
675,4805
675,5123
675,5354
675,5484
675,5895
675,7397
676,90
676,859
676,1534
676,2338
676,2477
676,3495
676,3777
676,4495
676,6201
676,6792
676,7641
677,1521
677,5412
677,7067
677,7401
678,2253
678,4573
679,1889
679,3180
679,3733
679,4123
679,4475
679,6488
679,6972
680,211
680,2113
680,2299
680,2586
680,3207
680,3834
680,3870
680,4173
680,5474
680,6379
680,6594
681,2245
681,2282
681,3735
681,3852
681,4104
681,4275
681,5434
681,5946
681,7051
682,554
682,758
682,2757
682,3516
682,3563
682,4280
682,4673
682,6653
683,2172
683,4153
683,4584
683,5120
683,5174
683,5851
683,6059
683,6412
683,6466
683,6699
684,579
684,669
684,2385
684,3095
684,3344
684,3387
684,3443
684,3956
684,5142
684,7130
684,7169
685,147
685,1509
685,3452
685,4423
685,6311
685,7383
686,3030
686,3375
686,3759
686,5100
686,5419
687,290
687,1102
687,2198
687,3782
687,5782
688,2395
688,3180
688,3504
688,3733
688,4353
688,4485
688,4491
688,4663
688,5072
688,5357
688,5737
688,5974
688,6229
688,6311
688,7263
688,7383
689,60
689,2198
689,4872
689,7003
690,147
690,1223
690,1292
690,3399
690,3479
690,4252
690,5016
690,6106
690,7531
691,53
691,2492
691,2560
691,2594
691,2680
691,2840
691,3972
691,4646
691,5603
691,7063
691,7145
693,1284
693,3183
693,4578
693,5251
693,7464
694,577
694,2769
694,7488
695,1065
695,1446
695,1617
695,2148
695,4146
695,5867
695,6226
695,6376
695,6482
695,7133
696,245
696,446
696,760
696,2205
696,2239
696,2487
696,3469
696,3559
696,3758
696,4198
696,5404
697,5783
697,6871
697,7306
698,275
698,1648
698,1969
698,3640
698,4883
698,5045
698,5540
698,6250
698,6793
699,884
699,2064
699,2292
699,5793
699,5877
699,6130
700,2008
701,1043
701,2083
701,3590
701,4920
701,6739
702,25
702,925
702,949
702,3325
702,3699
702,3899
702,5964
702,6902
702,6940
703,133
703,406
703,883
703,1693
703,2303
703,2495
703,2811
703,4122
703,4387
703,5246
703,7564
704,2636
704,3227
704,3307
704,3669
704,4527
704,4628
704,5185
704,5633
704,6277
704,6307
705,1064
705,1310
705,3613
705,4904
705,5012
705,5218
705,6281
705,6426
705,6588
705,7330
705,7445
706,138
706,526
706,2198
706,4376
706,5679
707,2068
707,2314
707,2505
707,3650
707,3911
707,4362
707,4555
708,745
708,1177
708,1537
708,1617
708,4287
708,5256
708,6090
708,6376
709,420
709,615
709,745
709,1824
709,3759
709,4610
709,4925
709,7009
709,7461
710,632
710,1294
710,1899
710,2432
710,2689
710,3008
710,3439
710,4531
710,4688
710,5543
710,6759
711,258
711,304
711,1453
711,2239
711,3185
711,3895
712,2800
712,4805
712,6672
712,6909
713,1749
713,2216
713,3078
713,3896
713,4442
713,5779
713,6009
713,6824
713,7517
714,1098
714,1429
714,2239
714,4522
714,4731
714,5364
715,1958
715,2577
715,3330
715,6001
716,1319
716,1710
716,3244
716,4656
716,6084
717,138
717,593
717,1058
717,2618
717,6702
717,7071
718,1094
718,2009
718,4054
718,7443
719,957
719,4969
720,377
720,1206
720,1744
720,1798
720,2198
720,4161
721,1296
721,1940
721,7128
721,7556
722,593
722,3092
722,7103
722,7395
723,313
723,2233
723,2247
723,2295
723,2502
723,2532
723,2985
723,3578
723,4073
723,4805
723,6012
723,7456
724,526
724,587
724,628
724,655
724,683
724,921
724,2525
724,2945
724,2987
724,3351
724,3702
724,6408
724,6412
724,6565
724,6699
725,1961
725,3698
726,1254
726,1798
726,3252
726,3311
726,4086
726,4155
726,4608
726,5937
726,6551
726,6562
726,7340
727,304
727,951
727,1898
727,2198
727,3357
727,3693
727,4091
727,4376
727,4465
727,5612
727,6892
728,724
728,956
728,1069
728,1493
728,3907
728,6036
728,6067
728,6128
728,6547
728,6920
728,7422
729,144
729,1375
729,2720
729,3231
729,3879
729,4221
729,5027
729,7285
730,144
730,932
730,1124
730,1676
730,2318
730,3028
730,3412
730,4237
730,4849
730,5611
730,6791
730,7317
730,7460
731,836
731,1472
731,1513
731,1993
731,3671
731,3710
731,4422
731,4608
731,5415
731,6551
732,322
732,1081
732,1294
732,1744
732,3987
732,4531
732,4688
732,5769
732,6188
732,6669
732,6702
732,6923
733,977
733,5092
733,5618
733,5793
733,6671
734,1043
734,4000
734,4582
734,5434
734,6025
734,6169
734,7064
735,5243
735,6265
735,6971
735,7280
736,1280
736,1513
736,1796
736,5050
736,5542
736,6183
736,6702
737,915
737,2133
737,4171
737,4399
737,4673
737,5131
737,5300
737,6278
738,941
738,1565
738,3244
738,4231
738,7194
739,1002
739,1092
739,1236
739,2294
739,3123
739,3657
739,3807
739,4650
739,4812
739,4848
739,5568
739,6289
739,6759
740,708
740,1328
740,1502
740,1567
740,3127
740,3293
740,3424
740,4088
740,4943
740,5034
740,5169
740,5860
740,6376
741,884
741,3494
741,4143
741,4925
741,5283
741,5877
741,6130
741,7065
741,7271
741,7565
743,4627
744,1096
744,1477
744,2067
744,2827
744,3449
744,4475
744,4487
744,4604
744,4968
744,6488
744,7361
745,256
745,595
745,948
745,1400
745,1791
745,2329
745,5432
745,6221
745,7275
745,7343
746,74
746,688
746,782
746,1858
746,2843
746,3255
746,3504
746,4703
746,4708
746,5476
746,7110
747,638
747,2150
747,2430
747,2897
747,3351
747,3635
747,4454
747,4605
747,5078
747,5175
747,5778
747,7479
748,8
748,771
748,2028
748,3421
748,3513
748,3691
748,3702
748,4493
748,5280
748,5749
748,7624
749,136
749,698
749,1648
749,1969
749,2090
749,2250
749,2446
749,2596
749,2849
749,3356
749,3640
749,3805
749,4038
749,4342
749,4375
749,4972
749,5069
749,5250
749,5653
749,6143
749,6881
750,931
750,1045
750,1525
750,4295
750,5360
750,5980
750,6730
751,485
751,851
751,1253
751,3310
751,3802
751,4106
751,4959
751,5109
751,5191
751,6593
751,6722
752,761
752,2049
752,2431
752,2574
752,2997
752,3120
752,6258
753,2293
753,4810
753,4906
754,934
754,3506
754,4384
754,4543
754,6193
754,6547
755,2780
755,3116
755,3346
755,3588
755,5848
755,7118
756,28
756,36
756,2415
756,4522
756,4601
756,5504
756,5788
756,7364
757,497
757,4777
758,2311
758,2443
758,3460
758,3880
758,4077
758,6052
758,6125
758,6163
758,6601
758,7236
759,269
760,1518
760,2198
760,2243
760,3469
760,3581
760,5155
760,5804
760,6464
761,395
761,1519
761,2131
761,2430
761,4817
761,6114
761,6258
762,240
762,1178
762,1778
762,2331
762,4083
762,4803
762,5740
762,6631
763,554
763,1845
763,2382
763,4673
763,4802
764,32
764,301
764,558
764,1407
764,1496
764,2400
764,3249
764,3928
764,3942
764,4777
764,4842
764,5307
764,5400
764,5723
764,5788
764,5899
764,7304
765,496
765,1507
765,2293
765,3197
765,3437
765,4051
765,7155
766,213
766,460
766,469
766,501
766,539
766,905
766,1069
766,1333
766,1572
766,1753
766,1802
766,1854
766,1962
766,2048
766,2368
766,2425
766,2427
766,2913
766,3072
766,3079
766,3113
766,3190
766,3462
766,3695
766,3927
766,3994
766,4289
766,4324
766,4874
766,4985
766,4987
766,5022
766,5080
766,5097
766,5125
766,5166
766,5273
766,5287
766,5363
766,5455
766,5795
766,6027
766,6070
766,6308
766,6484
766,6531
766,6638
766,7330
766,7443
767,275
767,926
767,1867
767,2147
767,2822
767,5028
767,5465
767,5497
767,5529
767,6383
767,6502
767,6772
768,4913
768,5796
768,5912
769,621
769,1359
769,2210
769,2583
769,2613
769,4314
769,4555
769,5971
769,6328
769,6946
769,7039
769,7376
770,3748
770,4253
770,4680
770,6449
770,6847
770,7266
770,7573
771,308
771,748
771,1572
771,1794
771,2028
771,3223
771,3691
771,3871
771,3887
771,5280
771,6677
771,7269
772,903
772,3734
772,4952
772,6802
773,4925
773,5184
773,5877
773,6130
773,6635
773,6860
773,7460
774,1447
774,2336
774,3380
774,4071
774,4156
774,5903
774,6400
774,6990
774,7170
775,526
775,6569
776,2461
776,2738
776,3578
776,5194
776,6047
777,4889
778,420
778,520
778,1537
778,2454
778,3084
778,5581
778,5824
778,5927
778,6130
778,6598
778,7055
779,1309
779,1459
779,1706
779,3023
779,5491
779,6602
779,7368
780,304
780,593
780,659
780,905
780,1399
780,1524
780,3912
780,4616
780,5201
780,6409
780,6468
780,7280
781,158
781,1411
781,2321
781,3057
781,3315
781,5599
781,7378
782,1646
782,3211
782,3255
782,4151
782,4191
782,4244
782,5072
782,5489
782,6222
782,6229
782,6488
782,7015
783,1162
783,1824
783,3494
783,4088
783,5127
783,5283
783,5973
783,6206
783,6855
783,7282
784,523
784,1176
784,2253
784,3019
784,3982
784,5301
784,7448
785,499
785,956
785,1493
785,1739
785,1810
785,2525
785,2567
785,2626
785,3270
785,3469
785,3559
785,5174
785,6630
786,661
786,1016
786,1696
786,1759
786,3167
786,4751
787,328
787,882
787,2260
787,3543
787,4548
787,4960
787,5602
787,6046
787,6164
787,6793
788,2292
788,5586
789,527
789,904
789,1268
789,1414
789,1621
789,2120
789,2207
789,2657
789,3264
789,3297
789,3659
789,4067
789,5258
789,6242
789,6303
789,6510
789,6760
789,7212
789,7331
790,7049
791,199
791,365
791,1681
791,1936
791,3227
791,3872
791,4646
791,5337
791,6523
791,7155
791,7641
792,594
792,1231
792,1307
792,5233
792,5246
792,6158
792,6863
792,6883
792,6943
792,7148
793,3190
793,3515
793,4067
793,7330
794,273
794,995
794,1656
794,2654
794,3376
794,5754
794,6653
794,6874
795,2370
795,2571
795,3954
795,4233
795,4303
795,5975
795,6760
795,7071
795,7464
795,7487
795,7568
796,908
796,1358
796,2378
796,4327
796,5636
797,284
797,2420
797,3238
797,3526
797,3596
798,1135
798,1405
798,2297
798,2466
798,3537
798,5683
798,6080
798,6727
798,6875
798,6903
798,7199
799,238
799,348
799,1342
799,1754
799,2020
799,2029
799,2802
799,2934
799,3505
799,3790
799,4396
799,5023
799,5590
799,5891
799,6158
799,6883
799,6938
799,7301
800,732
800,3987
800,4591
800,5797
800,7071
801,189
801,316
801,328
801,1391
801,1969
801,2622
801,3272
801,4142
801,5828
801,6164
801,6534
801,6772
802,456
803,3670
803,4805
803,5305
803,5531
803,5608
803,6069
803,6157
803,6282
803,7127
804,835
804,3839
804,4376
804,4503
804,4805
804,7307
804,7587
805,577
805,2769
805,3813
805,3852
805,4520
805,4969
805,5134
805,5394
805,6925
805,7034
806,882
806,1531
806,1696
806,1849
806,2324
806,4881
806,5706
806,7555
807,1029
807,1932
807,1950
807,2629
807,4518
807,5014
807,5422
807,5506
807,5630
807,5680
807,6460
807,6836
807,7360
808,352
808,777
808,2059
808,2205
808,2376
808,3296
808,3559
808,4067
808,4069
808,5174
808,5739
809,2175
809,2376
809,2798
809,4263
809,4376
810,1268
810,2194
810,3882
810,4570
810,5404
810,7582
811,319
811,2832
811,3799
811,4217
811,5013
811,5330
811,5797
811,6284
811,6921
811,7067
811,7607
812,1086
812,2658
812,3733
812,3904
812,4397
812,4663
812,6106
813,626
813,1414
813,1634
813,1847
813,2981
813,6140
813,7280
814,505
814,593
814,6461
814,6702
814,7535
815,130
815,2394
815,2726
815,3879
815,6199
815,6286
815,6550
816,383
816,2106
816,3123
816,5442
817,120
817,884
817,3258
817,3684
817,3988
817,6173
817,6396
817,6993
818,633
818,4156
818,4243
818,4380
818,5797
819,1326
819,1400
819,1841
819,4647
819,7388
820,1454
820,2379
820,2870
820,4089
820,4906
821,3203
821,3295
821,4376
821,7467
822,128
822,564
822,2027
822,2094
822,3418
822,7393
823,1168
823,1366
823,2580
823,4132
823,5055
823,5087
823,5193
823,6375
823,6710
823,6943
823,6949
824,1021
824,1724
824,2318
824,3231
824,3879
824,5410
824,5439
824,6622
825,842
825,3652
825,3940
825,5431
825,6218
826,440
826,3208
826,6304
826,7329
827,241
827,347
827,545
827,1051
827,2051
827,2539
827,5238
827,5746
827,5838
827,6072
827,7026
827,7386
828,516
828,556
828,787
828,1037
828,1391
828,1428
828,3099
828,3649
828,3714
828,4236
828,4504
828,4614
828,4704
828,4881
828,4960
828,5529
828,5540
828,5602
828,6007
828,6772
828,6842
829,2127
829,2223
829,2288
829,2918
829,4532
829,4799
829,5635
829,5771
829,6724
829,6914
830,2840
830,7508
831,1058
831,1210
831,2198
831,4376
831,5037
831,5132
831,7280
831,7330
832,1176
832,2558
832,2798
832,3115
832,5063
832,5312
833,2653
833,2817
833,3812
833,3896
833,4067
834,881
834,2795
834,3339
834,4301
834,4940
834,4991
834,5022
834,5317
834,5376
834,6683
834,7032
835,579
835,723
835,954
835,1007
835,1153
835,1321
835,1413
835,1813
835,1887
835,2005
835,2247
835,2317
835,2372
835,3103
835,3381
835,3817
835,3886
835,4218
835,4601
835,4693
835,4832
835,5215
835,5307
835,5447
835,5635
835,5880
835,6101
835,6166
835,6189
835,6382
835,6720
835,6929
835,6945
835,6960
835,7106
835,7164
836,1268
836,2801
836,4091
836,4805
836,5707
836,5937
836,6464
836,6707
836,7166
836,7280
837,1223
837,1466
837,1889
837,1944
837,4081
837,4524
837,4604
837,4607
837,4681
837,4873
837,6829
837,7012
837,7024
837,7361
837,7490
838,702
838,925
838,949
838,2787
838,3325
838,6902
839,20
839,119
839,985
839,2600
839,3341
839,3359
839,4076
839,4080
839,4356
839,4724
839,5650
840,2424
840,2582
840,3308
840,3432
840,6013
840,6238
840,6708
841,305
841,904
841,1415
841,1575
841,1908
841,3403
841,4376
841,5296
841,5707
841,6848
842,825
842,1694
842,2050
842,2737
842,4052
842,7642
843,2959
843,3171
843,3359
843,3591
844,1593
844,4457
844,4931
845,3094
845,6573
846,246
846,980
846,1893
846,2462
846,3313
846,3531
846,4320
846,4407
846,5535
846,6263
846,6328
846,6619
846,7558
846,7576
846,7590
847,1343
847,2287
847,2372
847,3381
847,4438
848,1280
848,2250
848,2609
849,1744
849,1999
849,4347
849,4954
849,5881
850,236
850,749
850,879
850,1412
850,2187
850,2508
850,6363
850,6931
850,7073
850,7122
850,7238
851,195
851,751
851,4959
851,5843
851,6572
852,246
852,1246
852,3026
852,3650
852,4376
852,6851
853,399
853,3420
853,3536
853,3811
853,5161
853,5600
853,6380
853,6894
854,1621
854,1959
855,812
855,2238
855,2352
855,2926
855,3487
855,3584
855,3904
855,3938
855,4411
855,4459
855,5383
855,7462
856,1
856,1066
856,1904
856,2809
856,7359
857,1249
857,1798
857,3311
857,5132
857,7036
858,1007
858,2125
858,5180
858,6246
858,7467
859,676
859,1109
859,2477
859,2749
860,705
860,1938
860,4302
860,4904
860,6828
861,1189
861,2625
861,6675
862,1961
862,2998
862,3386
862,4187
862,6783
863,293
863,304
863,1524
863,2239
863,2586
863,2668
863,3428
863,4682
863,4806
863,5952
863,5955
864,2155
864,2834
864,3595
864,4040
864,4094
864,4913
864,6386
864,6856
865,593
865,2198
865,4680
865,6731
866,1238
866,7281
867,614
867,953
867,3010
867,3098
867,3296
867,3492
867,3520
867,3784
867,3855
867,3927
867,5378
867,5795
868,374
868,562
868,2123
868,2916
868,3623
868,5584
869,1592
869,2115
869,3693
869,4158
869,4385
869,5740
869,5816
869,5955
869,6492
869,7166
870,2601
871,332
871,557
871,1804
871,2443
871,2813
871,3424
871,3560
871,5094
871,5266
871,5959
871,6712
872,1075
872,3186
872,3354
872,3638
872,4533
872,7482
873,101
873,200
873,268
873,282
873,440
873,826
873,1441
873,2367
873,2619
873,2662
873,4135
873,4793
873,4939
873,6065
873,6694
873,7329
873,7427
874,1876
874,2587
875,590
875,1377
875,1776
875,2171
875,2743
875,3532
875,4406
875,6447
875,6578
875,6803
875,7330
876,1637
877,972
877,1221
877,1504
877,1867
877,2037
877,2250
877,2260
877,2622
877,6679
878,151
878,1160
878,1331
878,1625
878,1989
878,2662
878,3633
878,4810
878,5440
878,5913
878,7281
879,850
879,1282
879,1709
879,1900
879,2250
879,4264
879,6010
879,7188
880,12
880,1440
880,3156
880,3766
880,4104
880,5086
881,259
881,339
881,490
881,1094
881,1215
881,1722
881,1725
881,2043
881,2113
881,2358
881,2734
881,2901
881,3190
881,3870
881,4076
881,4186
881,4376
881,4710
881,5218
881,5368
881,5661
881,6027
881,6063
881,6617
881,6660
881,6717
881,6951
881,7128
881,7239
881,7323
881,7589
882,57
882,787
882,1732
882,2260
882,3529
882,6046
882,7255
883,703
883,2239
884,595
884,741
884,773
884,1762
884,2076
884,2790
884,2915
884,3041
884,3084
884,3905
884,3915
884,4849
884,5011
884,5107
884,5283
884,5429
884,5515
884,5697
884,5867
884,6247
884,6855
884,6993
884,7461
884,7530
884,7565
885,4677
885,6711
886,83
886,1363
886,4197
886,4613
886,5277
886,6425
887,1503
887,2319
887,2607
887,3229
887,3495
887,4108
887,5382
887,5916
888,2419
888,4265
888,5236
888,6764
889,941
889,2669
889,3630
889,3675
890,337
890,1204
890,1460
890,2321
890,2957
890,3048
890,3164
890,3204
890,3420
890,3481
890,3730
890,3843
890,4639
890,4897
890,5600
890,6525
890,6891
891,560
891,912
891,987
891,1992
891,2373
891,3979
891,5210
891,5475
891,7120
891,7435
892,898
892,1084
892,1196
892,1810
892,1967
892,2258
892,3701
892,4990
892,7130
892,7250
892,7307
893,627
893,1650
893,2052
893,3300
894,209
894,3586
894,3872
894,4646
894,5093
894,5970
894,6768
895,3429
895,3735
895,4209
895,4646
895,7620
896,2111
896,4456
896,6481
896,6844
896,6916
897,929
897,3283
897,3541
897,3694
898,499
898,628
898,892
898,4503
898,4805
898,6909
898,6952
899,1194
899,2556
899,3243
899,3657
899,4217
899,5958
899,6759
899,7119
900,593
900,924
900,1899
900,2198
900,2485
900,3138
900,5734
900,6414
901,1509
901,2873
901,4244
901,5345
901,5609
901,6083
901,6168
901,6625
902,932
902,1375
902,1857
902,2318
902,4399
902,4516
902,5027
903,1011
903,2013
903,2106
903,2883
903,3559
903,3958
903,6487
903,6802
903,7085
904,91
904,2657
904,2886
904,2977
904,3069
904,3312
904,3672
904,3948
904,4269
904,4384
904,4398
904,5111
904,5350
904,6335
904,6981
904,7446
905,358
905,456
905,1185
905,1999
905,3578
905,5455
905,6098
905,6673
906,593
906,1011
906,1744
906,1885
906,2271
906,2950
906,4538
906,5077
906,5365
906,5982
907,1760
907,2110
907,2880
907,7418
908,2094
908,2096
908,2263
908,2378
908,2506
908,2944
908,3067
908,3365
908,3418
908,3478
908,3706
908,4327
908,4769
908,5192
908,6555
908,6955
908,7393
909,275
909,828
909,1583
909,1969
909,4960
909,5602
909,6765
909,6793
910,6368
911,936
911,5813
911,6029
911,6408
911,6452
911,6569
911,7077
911,7512
911,7608
912,384
912,987
912,1629
912,2126
912,3046
912,3219
912,3467
912,3675
912,3957
912,3979
912,4994
912,5475
913,6944
914,850
914,2975
914,4667
914,5849
914,6250
914,6442
914,7238
915,238
915,342
915,1033
915,1208
915,1384
915,2133
915,4204
915,5149
915,7565
916,103
916,3311
916,3708
916,4184
916,5278
916,5296
917,121
917,1328
917,2554
918,454
918,1107
918,1687
918,1748
918,1906
918,2077
918,4014
918,5713
918,6097
918,6232
918,6433
919,137
919,551
919,3199
919,3427
919,7445
920,72
920,756
920,1034
920,1045
920,1060
920,1111
920,2286
920,2761
920,3035
920,4390
920,4854
920,5136
920,5500
920,5843
920,7293
920,7351
920,7503
921,583
921,724
921,1549
921,1716
921,1733
921,1854
921,2198
921,4376
921,5126
921,5645
921,6412
921,6909
922,4479
922,4747
922,6110
922,6569
922,7113
922,7325
923,526
923,3812
923,5819
923,6038
923,7250
924,900
924,1100
924,2541
924,2586
924,2782
924,3027
924,4023
924,4347
924,5006
924,5042
924,5241
924,5293
924,5878
924,6183
924,6692
924,6989
924,7203
925,702
925,949
925,3325
925,3699
925,3899
925,4686
925,5964
925,6940
926,749
926,2250
926,3116
926,3523
926,4666
927,1385
927,1816
927,2749
927,3267
927,5802
927,7442
928,3272
928,4614
928,6046
928,6465
928,7566
929,35
929,68
929,897
929,915
929,1025
929,1283
929,1837
929,2185
929,2188
929,2696
929,3055
929,3089
929,3556
929,4124
929,4319
929,4643
929,5712
929,5892
929,6710
929,6963
930,1297
930,1394
930,2055
930,2565
930,3109
930,3501
930,3591
930,3744
930,3796
930,3891
930,4295
930,5843
930,7296
931,1633
931,1905
931,3605
931,4959
931,5496
932,54
932,122
932,219
932,350
932,1021
932,1256
932,1375
932,1468
932,1724
932,2204
932,2249
932,2343
932,2391
932,2399
932,2439
932,2943
932,2949
932,3087
932,3231
932,3258
932,3361
932,3366
932,3389
932,3412
932,3564
932,3719
932,3736
932,3850
932,3963
932,4237
932,4557
932,4561
932,4923
932,5429
932,6095
932,6133
932,6217
932,6286
932,6374
932,6622
932,6899
932,7009
932,7108
932,7530
933,1523
933,1804
933,1909
933,3656
933,4937
933,5169
933,6130
933,6344
934,754
934,3131
934,3260
934,3540
934,4543
934,4670
934,6193
934,7084
934,7600
935,7
935,1306
935,2321
935,3057
935,3315
935,4126
935,4623
935,5427
935,5977
935,6081
935,6151
935,6871
936,1287
936,1521
936,1967
936,2404
936,3083
936,3125
936,4596
937,174
937,641
937,1709
937,1803
937,2281
937,3528
937,4441
937,5588
937,5668
938,2168
939,2106
939,3185
940,1046
940,2907
941,108
941,394
941,738
941,988
941,1175
941,1556
941,2078
941,2416
941,2428
941,2512
941,2749
941,3624
941,4002
941,4521
941,4867
941,4906
941,4907
941,5349
941,5358
941,5624
941,6429
941,6495
941,6642
941,7030
942,1862
942,2632
942,2703
942,3177
942,4096
942,4177
942,5490
942,5507
942,6618
942,6699
943,221
943,425
943,619
943,2395
943,2499
943,3255
943,3399
943,3479
943,5489
943,6168
943,6725
943,7531
944,6130
944,6173
945,1744
945,4188
946,2960
946,6568
946,6807
947,1561
947,1586
947,1661
947,2484
947,4307
947,4771
947,5398
947,5545
947,7524
947,7573
948,745
948,2484
948,6130
948,6231
948,6635
948,7162
949,25
949,702
949,838
949,925
949,3325
949,3699
949,3899
949,4686
949,6902
949,6940
950,3534
951,593
951,1453
951,2115
951,2882
951,4158
951,4164
951,5976
951,6313
951,6804
951,7070
952,960
952,2714
952,3203
952,3654
952,5378
952,7456
953,867
953,1013
953,3098
953,3404
953,3821
953,5179
953,5234
953,5676
953,6522
953,7370
954,558
954,3387
954,3578
954,4222
954,5142
954,6305
954,6420
955,789
955,1293
955,1453
955,4680
956,587
956,1967
956,2112
956,2279
956,3250
956,3270
956,3539
956,3907
956,4042
956,5115
956,6059
956,6715
956,6879
956,7512
957,719
957,1773
957,2149
957,3267
957,3642
957,6329
957,7281
958,1840
958,2913
958,4080
958,5095
958,6551
958,6702
959,550
959,603
959,948
959,2109
959,2181
959,3601
959,3788
959,4144
959,4950
959,5759
959,6635
959,6718
959,7165
959,7268
960,952
960,3554
960,4338
960,5758
960,7456
961,6655
961,6661
961,6897
962,6433
962,6656
963,3051
963,4074
963,4590
963,6702
963,7413
964,1212
964,2118
964,2678
964,2701
964,4294
964,4940
964,6588
965,557
965,1131
965,1488
965,3064
965,3150
965,4125
965,4143
965,4492
965,4802
965,4899
965,5300
965,6753
966,36
966,1280
966,1579
966,2015
966,3856
966,5190
966,5437
966,6237
966,6572
966,7430
967,1317
967,2198
967,2461
967,4206
967,4541
967,5108
967,6474
967,6769
967,7638
968,315
968,932
968,1737
968,6113
968,6138
968,6347
968,6480
968,7460
969,481
969,4244
969,4663
969,6106
969,6488
970,644
970,1353
970,1610
970,3765
970,4152
970,4173
970,4295
970,4386
970,6572
970,7365
971,28
971,403
971,669
971,3510
971,4116
971,4805
971,5114
971,6038
971,6388
971,6909
972,786
972,1221
972,1751
972,2037
972,2098
972,2643
972,3575
972,5329
972,5825
972,6433
972,6913
973,85
973,2377
973,4806
973,5259
973,5404
974,495
975,91
975,539
975,2898
975,4042
975,4707
975,5813
975,5943
977,733
977,1438
977,4087
977,4899
977,5523
977,5867
977,5884
978,4068
978,7613
979,1547
979,4597
979,6862
979,7089
979,7199
980,462
980,846
980,1297
980,1764
980,2739
980,3014
980,3026
980,3329
980,4178
980,4320
980,5417
980,5630
980,6195
980,7191
980,7558
981,349
981,1881
981,1980
981,2777
981,3102
981,3678
981,3749
981,5110
981,6240
981,6250
982,120
982,1303
982,2362
982,4800
982,5867
982,6767
982,7009
983,284
983,458
983,1073
983,1233
983,4101
983,5291
983,6385
984,498
984,4254
984,6637
985,495
985,839
985,1990
985,3405
985,3739
985,5863
985,6422
986,260
986,283
986,1284
986,1695
986,2021
986,2111
986,2279
986,3457
986,3985
986,5170
986,5832
986,6769
986,7077
987,560
987,891
987,912
988,394
988,549
988,851
988,897
988,1248
988,2608
988,3038
988,3168
988,3633
988,6117
988,6223
988,6473
988,6845
988,7334
989,4376
989,4384
989,4806
989,5132
989,5816
990,1371
990,1660
990,2031
990,2624
990,3866
990,4009
990,4227
990,4602
990,5435
990,5957
990,7546
991,3730
991,4224
991,5161
991,5915
991,6213
992,746
992,837
992,2444
992,2468
992,4564
992,4663
992,5737
992,5974
992,6488
992,6625
992,7383
992,7463
993,160
993,214
993,1048
993,1248
993,1955
993,2157
993,2422
993,2512
993,3524
993,3662
993,4284
993,6441
993,6549
993,6994
993,7621
994,352
994,631
994,1196
994,2462
994,3443
994,3989
994,4361
994,5063
994,6896
994,6897
994,6909
995,554
995,794
995,1914
995,1920
995,2443
995,3150
995,3376
995,3892
995,4171
995,4802
995,4899
995,5754
995,6163
995,7565
996,307
996,1149
996,1445
996,3477
996,6144
996,7408
996,7509
997,1124
997,1311
997,3747
997,4512
997,5421
997,6550
998,100
998,1853
998,2116
998,2430
998,2897
998,3005
998,4378
998,6258
998,6651
999,332
999,2341
999,3236
999,3741
999,3924
999,4008
999,4726
999,6006
999,6623
1000,493
1000,2239
1000,2451
1000,3687
1000,5206
1000,5545
1000,6325
1000,6942
1001,1188
1001,5771
1001,5787
1002,739
1002,1082
1002,1194
1002,3243
1002,3294
1002,4848
1002,6175
1002,6371
1002,6790
1003,1237
1003,1737
1003,2528
1003,3087
1003,3201
1003,3361
1003,3412
1003,3939
1003,4399
1003,4924
1003,5163
1003,5279
1003,6113
1003,6935
1004,3923
1004,4217
1004,4791
1004,7119
1004,7276
1004,7283
1005,1689
1005,1905
1005,2996
1005,3101
1005,6078
1006,173
1006,1301
1006,2421
1006,3171
1006,6646
1007,766
1007,1414
1007,1576
1007,6309
1007,6926
1008,271
1008,1235
1008,1530
1008,2082
1008,3129
1008,3728
1008,4841
1008,5770
1008,6471
1008,6885
1009,67
1009,1443
1009,2293
1009,2353
1009,3534
1009,3622
1009,4336
1009,4501
1009,4698
1009,4804
1009,5026
1009,6817
1010,117
1010,195
1010,1443
1010,3586
1010,4051
1010,4809
1010,4920
1010,5337
1010,6169
1010,6773
1011,103
1011,904
1011,1453
1011,1840
1011,2106
1011,2719
1011,3060
1011,3069
1011,3593
1011,6551
1011,6933
1012,3437
1012,4305
1012,4628
1012,4906
1013,62
1013,91
1013,953
1013,1094
1013,1267
1013,1418
1013,2143
1013,2186
1013,2202
1013,2664
1013,3010
1013,3671
1013,3691
1013,3784
1013,3920
1013,4692
1013,5378
1013,5785
1013,5941
1013,5987
1013,6770
1013,7623
1014,2198
1014,3098
1014,3330
1014,3607
1014,3866
1014,3895
1014,4054
1014,4890
1014,6211
1014,7029
1014,7269
1015,1594
1015,2100
1015,3175
1015,4242
1015,4720
1015,4997
1015,5020
1015,5276
1015,6205
1015,6324
1015,6472
1015,7497
1016,661
1016,2090
1016,2327
1016,5529
1016,6465
1016,7255
1017,593
1017,1744
1017,1797
1017,6673
1018,322
1018,369
1018,811
1018,1993
1018,2262
1018,4023
1018,4641
1018,5203
1018,5404
1018,7577
1019,4805
1019,5240
1019,6388
1020,637
1020,1704
1020,6795
1021,204
1021,824
1021,1256
1021,1806
1021,2204
1021,2318
1021,2878
1021,2949
1021,3412
1021,3431
1021,4237
1021,4618
1021,5124
1021,7491
1022,2198
1022,2913
1022,4198
1022,5234
1022,6064
1023,89
1023,593
1023,6702
1024,592
1024,739
1024,899
1024,1082
1024,1415
1024,1899
1024,2095
1024,3923
1024,4082
1024,4345
1024,4912
1024,5234
1024,5568
1024,5799
1024,6175
1024,7119
1024,7283
1024,7534
1025,68
1025,348
1025,470
1025,547
1025,1208
1025,1462
1025,2334
1025,2578
1025,2597
1025,2642
1025,3029
1025,3055
1025,4036
1025,4119
1025,5023
1025,6498
1025,6943
1025,7466
1025,7625
1026,417
1026,872
1026,1729
1026,1984
1026,2277
1026,2392
1026,5312
1026,5947
1026,6266
1026,6647
1026,7109
1026,7360
1026,7371
1027,434
1027,1426
1027,1802
1027,6481
1027,7067
1028,593
1028,3439
1028,3946
1028,4641
1029,807
1029,4518
1029,5680
1029,6536
1030,1014
1030,1091
1030,1794
1030,2392
1030,2450
1030,4674
1030,5351
1030,5652
1030,6118
1030,7171
1030,7401
1031,1295
1031,4738
1032,994
1032,3329
1032,6263
1032,6719
1032,6868
1032,6986
1032,7576
1033,44
1033,238
1033,799
1033,1208
1033,1366
1033,1553
1033,5021
1033,5196
1033,6498
1034,2776
1034,2804
1034,4522
1034,5209
1035,46
1035,205
1035,302
1035,465
1035,531
1035,577
1035,1535
1035,2083
1035,3100
1035,3425
1035,3792
1035,3852
1035,4065
1035,4325
1035,4449
1035,4582
1035,4660
1035,4961
1035,5861
1035,6316
1035,6517
1035,6691
1035,7026
1035,7041
1035,7051
1035,7622
1036,2
1036,1372
1036,2000
1036,2222
1036,2612
1036,3911
1036,6198
1036,6851
1036,6868
1036,7643
1037,749
1037,1648
1037,1696
1037,1864
1037,2090
1037,2250
1037,2260
1037,3714
1037,5028
1037,6416
1038,328
1038,3553
1038,4614
1038,4666
1038,4772
1038,5828
1038,6104
1038,6956
1038,7144
1039,2496
1039,3175
1039,3227
1039,4843
1039,5548
1040,201
1040,1368
1040,4474
1040,5095
1040,5404
1040,5740
1040,5816
1040,6640
1041,10
1041,328
1041,1264
1041,1334
1041,1736
1041,1881
1041,1980
1041,3583
1041,6557
1041,7308
1041,7437
1041,7458
1041,7513
1042,2170
1042,2175
1042,4116
1042,4304
1042,5312
1042,7213
1043,511
1043,4000
1043,4209
1043,4920
1043,5288
1043,6514
1043,7532
1043,7586
1044,5520
1045,751
1045,1905
1045,3600
1045,3605
1045,3744
1045,4103
1045,4295
1045,5498
1045,6730
1046,835
1046,940
1046,2239
1046,3056
1046,3887
1046,4376
1046,4805
1046,4863
1046,4868
1046,6280
1046,7467
1047,4376
1047,5641
1047,6430
1047,6952
1048,993
1048,2718
1048,4628
1048,4671
1048,5185
1048,7176
1049,193
1049,347
1049,1051
1049,1440
1049,2245
1049,2723
1049,4000
1049,4677
1049,4907
1049,4997
1049,5326
1049,5983
1049,7026
1050,89
1050,321
1050,593
1050,3593
1051,827
1051,1049
1051,1123
1051,3248
1051,4341
1051,4875
1051,5746
1051,6429
1051,6504
1051,6837
1052,88
1052,146
1052,1362
1052,2288
1052,4189
1052,4762
1052,4859
1052,6048
1052,6592
1052,6896
1053,781
1053,1204
1053,1460
1053,1471
1053,2046
1053,3048
1053,3420
1053,3481
1053,3730
1053,4265
1053,4623
1053,5147
1053,5274
1053,6650
1053,6891
1054,275
1054,1531
1054,2192
1054,2609
1054,3825
1055,409
1055,1533
1055,1920
1055,2140
1055,2720
1055,3231
1055,4896
1055,4980
1055,6401
1055,6718
1055,7011
1055,7243
1056,2577
1056,2872
1056,5633
1057,93
1057,195
1057,1068
1057,1107
1057,3145
1057,4051
1057,4336
1057,6051
1057,6504
1058,3
1058,76
1058,109
1058,127
1058,380
1058,473
1058,784
1058,967
1058,973
1058,1017
1058,1101
1058,1316
1058,1344
1058,1447
1058,1472
1058,1491
1058,1631
1058,1645
1058,1650
1058,1671
1058,1695
1058,1697
1058,1898
1058,1908
1058,2060
1058,2115
1058,2120
1058,2267
1058,2310
1058,2410
1058,2471
1058,2513
1058,2564
1058,2744
1058,2745
1058,2808
1058,2905
1058,2958
1058,2974
1058,2981
1058,3018
1058,3070
1058,3079
1058,3149
1058,3170
1058,3178
1058,3193
1058,3245
1058,3252
1058,3261
1058,3264
1058,3540
1058,3542
1058,3606
1058,3710
1058,3793
1058,3867
1058,3999
1058,4017
1058,4091
1058,4128
1058,4147
1058,4182
1058,4212
1058,4213
1058,4270
1058,4304
1058,4448
1058,4502
1058,4513
1058,4592
1058,4616
1058,4691
1058,4694
1058,4715
1058,4771
1058,4846
1058,5058
1058,5203
1058,5208
1058,5286
1058,5304
1058,5312
1058,5313
1058,5352
1058,5375
1058,5577
1058,5649
1058,5716
1058,5888
1058,6027
1058,6040
1058,6315
1058,6705
1058,6714
1058,6805
1058,6831
1058,6989
1058,6992
1058,6994
1058,7017
1058,7159
1058,7163
1058,7216
1058,7266
1058,7278
1058,7382
1058,7446
1058,7471
1059,452
1059,1307
1059,1341
1059,1405
1059,1606
1059,2278
1059,3126
1059,3390
1059,4299
1059,5021
1059,5096
1060,28
1060,36
1060,970
1060,1076
1060,2565
1060,4103
1060,5209
1060,5343
1060,7550
1061,520
1061,602
1061,709
1061,3084
1061,3494
1061,4530
1061,4647
1061,4978
1061,5523
1061,6355
1061,7388
1062,784
1062,2175
1062,3019
1062,3739
1062,4805
1062,5212
1062,5301
1063,994
1063,1291
1063,1954
1063,2170
1063,2431
1063,3202
1063,4670
1063,5313
1064,295
1064,705
1064,2145
1064,3501
1064,3643
1064,4006
1064,4067
1064,4186
1064,4302
1064,4330
1064,4422
1064,5396
1064,5936
1064,5993
1064,6276
1064,6901
1064,7599
1065,112
1065,166
1065,817
1065,884
1065,1247
1065,1502
1065,1702
1065,1923
1065,2196
1065,2328
1065,3530
1065,4800
1065,4951
1065,5934
1065,6130
1065,6344
1065,7133
1065,7136
1065,7530
1066,483
1066,856
1066,1287
1066,2648
1066,3013
1066,4186
1066,4259
1066,4735
1066,6417
1066,7128
1066,7359
1067,369
1067,1570
1067,1663
1067,2571
1067,3756
1067,3958
1067,4385
1067,4768
1067,4847
1067,4952
1067,5740
1067,5976
1067,7071
1068,1010
1068,1057
1068,1680
1068,2496
1068,2585
1068,2702
1068,2742
1068,3792
1068,3824
1068,3829
1068,4000
1068,4025
1068,4878
1068,5337
1068,5624
1068,6845
1068,7613
1069,372
1069,728
1069,1133
1069,1486
1069,1682
1069,1794
1069,1817
1069,2021
1069,2450
1069,2522
1069,2908
1069,3015
1069,3269
1069,4343
1069,5749
1069,5785
1069,5962
1069,6098
1069,7171
1069,7222
1070,2371
1070,2611
1070,3183
1070,3410
1070,4046
1070,4228
1071,1201
1071,1971
1071,4036
1071,6883
1071,7567
1072,988
1072,1251
1072,3872
1072,5057
1072,5119
1072,6768
1072,7081
1072,7178
1072,7586
1072,7620
1073,797
1073,983
1073,2757
1073,3150
1073,4101
1073,6052
1073,6657
1074,2285
1075,1381
1075,3673
1075,4118
1075,5338
1075,5918
1076,930
1076,1596
1076,2239
1076,3744
1076,3895
1076,6713
1076,6726
1076,7596
1076,7599
1077,2815
1077,5086
1078,1270
1078,2629
1078,2997
1078,3724
1078,3744
1078,5506
1078,6119
1078,7596
1079,284
1079,1587
1079,1656
1079,1982
1079,2382
1079,3391
1079,3892
1079,4426
1079,5587
1080,301
1080,829
1080,5912
1081,369
1081,593
1081,1663
1081,1738
1081,2832
1081,3359
1081,5881
1081,6468
1081,6678
1082,522
1082,4650
1082,6054
1082,6343
1082,6983
1083,2877
1083,5297
1083,6816
1084,1979
1084,3457
1084,5189
1084,6512
1084,6879
1084,7130
1085,371
1085,2085
1085,7185
1085,7199
1086,2873
1086,3452
1086,4117
1086,4524
1086,4873
1086,5270
1086,7024
1087,1010
1087,1924
1087,2077
1087,4656
1087,4705
1087,5583
1087,6241
1087,6433
1088,3678
1088,3749
1088,4723
1088,6357
1088,7348
1089,1575
1089,2198
1089,3359
1089,5404
1089,5455
1090,4067
1090,4153
1090,5709
1090,5798
1091,287
1091,535
1091,1030
1091,1862
1091,2676
1091,3421
1091,3866
1091,4343
1091,5171
1091,5366
1091,7102
1092,134
1093,593
1093,1330
1093,3804
1093,3895
1093,4952
1093,6971
1093,7003
1093,7071
1094,62
1094,718
1094,1377
1094,2580
1094,3223
1094,4343
1094,5676
1094,6437
1094,7067
1094,7269
1095,4452
1095,5521
1096,679
1096,1477
1096,1622
1096,2926
1096,3904
1096,4047
1096,4123
1096,6311
1097,1357
1097,1415
1097,1899
1097,2106
1097,3074
1097,5372
1097,5404
1097,6702
1098,393
1098,1872
1098,3216
1098,3277
1098,4154
1098,4987
1098,5289
1098,6069
1098,6604
1098,7298
1098,7510
1098,7524
1099,2366
1099,2538
1099,3361
1099,5163
1100,659
1100,1467
1100,2408
1100,2689
1100,3373
1100,3683
1100,5077
1100,6526
1101,1058
1101,6702
1101,7103
1102,40
1102,258
1102,687
1102,2911
1102,3079
1102,4184
1102,5689
1102,5782
1102,6658
1102,7036
1102,7209
1102,7572
1103,858
1103,1007
1103,1966
1103,2125
1103,2138
1103,2195
1103,2518
1103,2781
1103,4831
1103,5180
1103,6012
1103,6246
1103,7335
1104,2042
1104,3183
1104,4083
1104,4366
1104,4768
1104,6707
1105,89
1105,2510
1105,3912
1105,4267
1105,4511
1105,5909
1105,6039
1106,446
1106,593
1106,780
1106,1472
1106,2967
1106,3428
1106,5132
1106,5881
1106,6646
1106,7395
1107,480
1107,545
1107,950
1107,2315
1107,3534
1107,3633
1107,3746
1107,3993
1107,4698
1107,5024
1107,6187
1108,1414
1108,1700
1108,3080
1108,3331
1108,4458
1108,5056
1108,5167
1108,5412
1108,6406
1108,6527
1108,7305
1109,101
1109,630
1109,859
1109,2338
1109,2436
1109,2477
1109,4283
1109,4495
1109,5885
1109,6191
1109,6203
1109,6735
1110,1534
1111,72
1111,920
1111,1429
1111,3577
1111,5114
1111,5364
1111,5843
1111,6600
1112,1427
1112,1563
1112,2750
1112,3532
1112,4406
1112,5839
1112,6437
1113,132
1113,475
1113,693
1113,841
1113,1058
1113,1218
1113,1232
1113,1402
1113,2194
1113,2302
1113,2745
1113,2881
1113,2888
1113,3132
1113,3225
1113,3664
1113,3926
1113,4233
1113,4262
1113,5259
1113,5281
1113,5351
1113,5732
1113,5858
1113,5941
1113,5955
1113,6024
1113,6468
1113,6640
1113,7044
1113,7174
1113,7520
1114,1201
1114,1754
1114,1837
1114,2203
1114,2858
1114,3943
1114,4119
1114,4998
1114,5196
1114,5233
1114,6158
1114,6204
1114,6292
1115,126
1115,144
1115,932
1115,1128
1115,1262
1115,2366
1115,2949
1115,3135
1115,3361
1115,3803
1115,4226
1115,4861
1115,5439
1115,6138
1115,6347
1115,6622
1115,7317
1115,7347
1115,7460
1116,407
1116,1274
1116,2246
1116,3668
1116,4841
1116,5159
1116,5622
1116,5770
1116,7192
1117,193
1117,292
1117,6116
1118,2612
1118,4725
1118,4757
1118,6719
1118,6851
1118,6868
1119,4516
1119,5027
1120,499
1120,3757
1120,4990
1121,606
1121,5321
1121,6119
1121,6563
1121,6777
1122,801
1122,1696
1122,2643
1122,2925
1122,3305
1122,3840
1122,4467
1122,5448
1122,6416
1123,31
1123,84
1123,157
1123,1051
1123,1395
1123,2876
1123,3860
1123,6515
1123,7026
1124,550
1124,1326
1124,1533
1124,1676
1124,1823
1124,2951
1124,3128
1124,3266
1124,3919
1124,4144
1124,4237
1124,5410
1124,5537
1124,6816
1124,7011
1124,7264
1124,7268
1124,7356
1125,2565
1125,6852
1126,1830
1126,3668
1126,3977
1126,4244
1126,4968
1126,5038
1127,1684
1127,6414
1127,6702
1128,982
1128,1909
1128,3198
1128,4240
1128,6396
1128,7208
1129,85
1129,2198
1129,3049
1129,3574
1129,4805
1129,6624
1129,7032
1129,7116
1129,7201
1130,2372
1130,2445
1130,3578
1131,3903
1131,5019
1131,6653
1131,7314
1131,7565
1132,2162
1132,4121
1132,4621
1132,5422
1132,7200
1133,49
1133,382
1133,502
1133,551
1133,1069
1133,1189
1133,5845
1133,6211
1133,6440
1133,6743
1134,3866
1134,4324
1134,6245
1134,6314
1134,6549
1134,6994
1134,7442
1134,7621
1135,798
1135,2851
1135,3200
1135,3414
1135,5683
1135,6862
1135,6903
1135,7082
1135,7327
1136,5526
1137,2320
1137,3895
1137,4384
1137,5296
1137,5816
1138,5684
1138,7620
1139,143
1139,1185
1139,1820
1139,2225
1139,4173
1139,4879
1139,6452
1140,96
1141,2862
1141,3075
1141,4643
1141,6394
1141,7115
1142,2862
1142,6433
1142,7120
1143,395
1143,1618
1143,1987
1143,2265
1143,2910
1143,4378
1143,5175
1143,5379
1143,6592
1144,1201
1144,7083
1145,4194
1145,4371
1145,6945
1145,7467
1146,968
1146,3201
1146,4399
1146,4418
1146,4557
1146,4861
1146,7631
1147,451
1147,799
1147,1203
1147,1231
1147,1387
1147,1754
1147,2276
1147,2578
1147,2692
1147,2841
1147,2846
1147,3769
1147,4444
1147,4825
1147,5712
1147,6011
1147,6455
1147,7028
1147,7533
1148,4305
1148,5521
1149,64
1149,249
1149,307
1149,1692
1149,1807
1149,2413
1149,3135
1149,3511
1149,4202
1149,4322
1149,5046
1150,4907
1150,5746
1150,7620
1151,355
1151,1149
1151,1740
1151,1807
1151,2874
1151,5046
1151,5128
1151,5803
1151,7220
1151,7408
1152,94
1152,811
1152,1097
1152,1796
1152,1797
1152,1993
1152,2370
1152,2393
1152,2573
1152,2736
1152,4384
1152,5577
1152,5734
1152,6149
1152,7520
1153,835
1153,2239
1153,3578
1153,4194
1153,4344
1154,451
1154,452
1154,1147
1154,1393
1154,1542
1154,1837
1154,2403
1154,2937
1154,5246
1154,6158
1155,6359
1156,301
1156,3397
1157,1743
1157,3220
1157,5272
1158,3600
1158,3716
1158,3802
1158,5483
1159,310
1159,1290
1159,3405
1159,6908
1159,7078
1160,13
1160,878
1160,3095
1160,3197
1160,3387
1160,4646
1160,5121
1161,1107
1161,3746
1161,3993
1161,5358
1161,6656
1161,6674
1161,6991
1162,708
1162,740
1162,783
1162,1367
1162,2517
1162,2554
1162,2666
1162,3494
1162,5127
1162,5581
1162,5973
1162,6130
1162,6206
1162,6681
1162,7198
1163,456
1163,756
1163,3612
1163,6246
1164,1536
1164,1554
1164,3248
1164,3396
1164,4341
1164,4875
1164,4907
1164,5326
1164,6515
1164,6817
1165,633
1165,4816
1165,6707
1165,7150
1165,7247
1166,676
1166,1386
1166,1596
1166,3865
1166,4521
1166,5172
1166,6314
1166,6741
1166,7030
1167,304
1167,1280
1167,1744
1167,1798
1167,4114
1168,1025
1168,1300
1168,3943
1168,4132
1168,4389
1168,4977
1168,6158
1168,6638
1168,6883
1168,7625
1169,1232
1169,2571
1169,3748
1169,5330
1169,6449
1170,1798
1170,3034
1170,4578
1170,4952
1170,5296
1170,6551
1170,6673
1170,6825
1170,6892
1170,7487
1170,7535
1170,7607
1171,1065
1171,1446
1171,1523
1171,1537
1171,3656
1171,3915
1171,6130
1171,6247
1172,2239
1174,573
1174,1510
1174,1961
1174,3512
1174,3698
1174,6590
1174,7374
1175,627
1175,3219
1175,4628
1175,4633
1175,4738
1175,4906
1175,5172
1175,6813
1176,352
1176,832
1176,1062
1176,1730
1176,2111
1176,2798
1176,3902
1176,7627
1177,3988
1177,4340
1177,5092
1177,5419
1177,6145
1177,6261
1177,6915
1177,7343
1178,762
1178,1022
1178,1152
1178,1975
1178,2183
1178,2198
1178,2206
1178,2736
1178,3074
1178,3189
1178,3234
1178,3237
1178,3882
1178,4806
1178,5772
1178,6500
1178,6847
1178,7572
1179,523
1179,548
1179,2992
1179,2997
1179,7414
1180,1699
1180,2301
1180,4690
1180,4841
1180,4898
1180,5159
1180,6995
1181,395
1181,525
1181,1987
1181,2397
1181,3344
1181,4551
1181,4621
1181,4926
1181,5519
1181,5899
1181,6084
1181,6129
1181,6274
1181,6896
1181,7169
1181,7246
1182,36
1182,2804
1182,3054
1182,3271
1182,3630
1182,4100
1182,5343
1182,6572
1182,6696
1182,6807
1183,1650
1183,3331
1183,4116
1183,4482
1183,5598
1183,6263
1183,6454
1183,6911
1184,137
1184,474
1184,1757
1184,2198
1184,2586
1184,5772
1184,7003
1185,39
1185,51
1185,262
1185,596
1185,670
1185,1280
1185,1776
1185,2145
1185,2470
1185,2611
1185,3157
1185,3585
1185,4031
1185,4278
1185,4301
1185,5289
1185,5317
1185,5321
1185,5433
1185,6105
1185,6176
1185,6511
1185,7298
1185,7409
1186,319
1186,2102
1186,4127
1186,4376
1186,5584
1186,5734
1186,6702
1187,1280
1188,829
1188,2223
1188,2355
1188,3855
1188,5787
1189,382
1189,861
1189,1129
1189,1361
1189,3052
1189,3515
1189,3574
1189,3635
1189,3702
1189,4356
1189,4493
1189,4716
1189,4724
1189,5098
1189,5111
1189,5280
1189,5503
1189,5511
1189,6001
1189,6096
1189,6189
1189,6960
1189,7134
1189,7330
1189,7452
1190,66
1190,242
1190,1035
1190,2379
1190,5310
1190,5402
1190,6792
1191,2239
1191,2287
1191,4026
1191,5545
1192,3260
1192,5912
1192,7076
1193,1772
1193,4208
1194,658
1194,899
1194,2173
1194,2408
1194,2819
1194,2871
1194,3063
1194,3123
1194,3807
1194,4812
1194,4828
1194,5568
1194,5595
1194,6289
1195,558
1195,2239
1195,4670
1195,5213
1196,287
1196,600
1196,724
1196,2325
1196,2655
1196,2764
1196,2783
1196,3062
1196,3270
1196,3455
1196,3702
1196,4069
1196,5115
1196,5739
1196,5798
1197,592
1197,1591
1197,3247
1197,4217
1197,5133
1197,6759
1198,1036
1198,2205
1198,2612
1198,4320
1198,5743
1198,6328
1199,354
1199,1837
1199,5645
1199,6136
1199,7004
1199,7028
1200,2429
1200,5516
1200,6809
1200,6820
1201,68
1201,281
1201,451
1201,799
1201,1071
1201,1114
1201,1168
1201,1229
1201,1318
1201,1387
1201,1557
1201,1635
1201,1754
1201,2688
1201,2693
1201,2934
1201,3182
1201,3301
1201,4547
1201,4825
1201,5233
1201,5353
1201,5443
1201,5590
1201,6292
1201,6375
1201,6782
1201,6833
1201,7156
1202,4690
1202,5767
1202,7495
1203,348
1203,1542
1203,2841
1203,3338
1203,5021
1203,5246
1203,5712
1203,6011
1203,6498
1203,6697
1203,6938
1203,7028
1203,7066
1204,491
1204,890
1204,1306
1204,1411
1204,2054
1204,2321
1204,3536
1204,3811
1204,4126
1204,4133
1204,5915
1204,6213
1204,6380
1204,6525
1205,162
1205,1961
1205,3802
1205,5657
1206,1210
1206,1899
1206,2381
1206,4510
1206,4928
1207,1405
1207,1890
1207,2069
1207,2085
1207,2289
1207,3126
1207,3200
1207,4079
1207,4229
1207,4339
1207,5342
1207,5477
1207,5481
1207,6023
1207,7138
1208,238
1208,457
1208,546
1208,1231
1208,1265
1208,2105
1208,2466
1208,2692
1208,2696
1208,3029
1208,3611
1208,4139
1208,4319
1208,4364
1208,4444
1208,5023
1208,5112
1208,5621
1208,5809
1208,6011
1208,6938
1208,6943
1208,6963
1208,7040
1209,766
1209,2198
1209,4805
1209,4863
1210,260
1210,290
1210,1447
1210,1453
1210,1665
1210,2039
1210,2060
1210,2334
1210,2587
1210,2645
1210,2730
1210,2882
1210,2908
1210,2958
1210,3456
1210,3708
1210,4248
1210,4384
1210,5194
1210,5251
1210,5937
1210,6047
1210,6183
1210,6215
1210,6562
1210,6693
1210,6701
1210,6880
1210,7090
1210,7209
1210,7448
1210,7471
1211,85
1211,1210
1211,2938
1211,3370
1211,3693
1211,4806
1211,5816
1211,6492
1211,7071
1211,7277
1212,964
1212,1064
1212,2678
1212,4876
1212,4940
1212,5211
1213,337
1213,935
1213,1471
1213,1636
1213,2180
1213,2475
1213,3048
1213,3057
1213,3263
1213,4363
1213,5147
1213,5274
1213,6752
1213,6891
1214,260
1214,2313
1214,4074
1214,4465
1214,6098
1214,6414
1215,1479
1215,2043
1215,3503
1215,3532
1215,3888
1215,5022
1215,5263
1215,5452
1215,7225
1216,330
1216,636
1216,1235
1216,1530
1216,1755
1216,3129
1216,4898
1216,5159
1216,5622
1216,6643
1216,7192
1217,2390
1217,3329
1217,6433
1218,103
1218,1210
1218,1456
1218,2290
1218,4083
1218,5095
1218,5261
1218,6297
1218,6487
1218,6640
1219,66
1219,1242
1219,2752
1219,2840
1219,4961
1219,5684
1219,6307
1219,7063
1219,7261
1220,96
1220,1930
1220,6138
1221,136
1221,661
1221,1864
1221,2019
1221,2357
1221,2557
1221,3528
1221,3553
1221,4819
1222,2198
1222,5139
1222,5679
1222,6702
1223,221
1223,398
1223,663
1223,671
1223,685
1223,1086
1223,1555
1223,1622
1223,1683
1223,1944
1223,2012
1223,2361
1223,2395
1223,2805
1223,2843
1223,2873
1223,3584
1223,3984
1223,4004
1223,4191
1223,4353
1223,4585
1223,4607
1223,4708
1223,4873
1223,5138
1223,5345
1223,5405
1223,5928
1223,6168
1223,6288
1223,6496
1223,7110
1223,7218
1223,7263
1223,7444
1224,593
1224,4384
1225,8
1225,571
1225,2031
1225,2055
1225,2993
1225,3702
1225,3978
1225,4692
1225,6470
1225,6864
1225,7309
1225,7452
1225,7624
1226,593
1226,1993
1226,2198
1226,2406
1226,2575
1226,3895
1226,5201
1226,5756
1226,6414
1226,6673
1226,7085
1227,4685
1227,5354
1227,5634
1227,7467
1228,1929
1228,2626
1228,2804
1228,3339
1228,3889
1228,3931
1228,3990
1228,4098
1228,5708
1228,6403
1228,7020
1229,354
1229,1201
1229,2278
1229,2580
1229,2858
1229,7175
1230,190
1230,333
1230,2515
1230,2545
1230,3740
1230,4172
1230,5564
1230,5763
1230,5890
1230,6214
1230,6277
1230,6283
1230,6908
1230,7057
1230,7529
1231,1147
1231,1201
1231,1208
1231,1265
1231,1462
1231,5055
1231,5196
1231,5233
1231,6375
1231,6697
1231,6710
1231,6863
1231,7028
1231,7533
1232,1169
1232,2039
1232,3226
1232,3713
1232,4535
1233,284
1233,983
1233,1073
1233,4101
1233,5291
1233,5627
1234,656
1234,817
1234,1367
1234,1487
1234,1806
1234,2554
1234,2869
1234,3636
1234,3850
1234,4214
1234,5591
1234,5673
1234,5883
1234,6090
1234,6094
1234,7491
1235,330
1235,1216
1235,1530
1235,1755
1235,2082
1235,2119
1235,3285
1235,5770
1235,6857
1235,6885
1235,7192
1235,7242
1236,592
1236,1194
1236,3020
1236,3438
1236,5293
1236,6371
1237,1003
1237,1256
1237,1326
1237,2388
1237,2538
1237,2605
1237,2638
1237,2885
1237,3087
1237,3412
1237,3736
1237,3850
1237,3939
1237,5439
1237,5480
1237,6425
1237,6993
1237,7544
1238,866
1238,1625
1238,6513
1238,7281
1239,393
1239,1258
1239,1285
1239,2171
1239,2228
1239,3844
1239,3913
1239,4315
1239,4555
1239,5534
1239,6179
1239,6544
1239,6589
1239,7290
1240,2746
1241,495
1241,1120
1241,1817
1241,2092
1241,2917
1241,3492
1241,3743
1241,5880
1241,7250
1242,1219
1242,1565
1242,2492
1242,3107
1242,3735
1242,5020
1242,5310
1242,6324
1242,7063
1243,412
1243,1389
1243,2192
1243,2250
1243,2861
1243,3024
1243,3091
1243,3326
1243,4265
1243,5164
1243,5658
1244,315
1244,1392
1244,1772
1244,3997
1244,4125
1244,4181
1244,5300
1244,5968
1244,6347
1244,6653
1244,7271
1245,28
1245,2438
1245,2626
1245,3990
1245,4098
1246,1669
1246,5417
1246,6195
1246,6298
1246,6851
1246,6868
1246,7153
1246,7191
1247,187
1247,1649
1247,2148
1247,4923
1247,6993
1248,242
1248,988
1248,1035
1248,1340
1248,1454
1248,2014
1248,2338
1248,3086
1248,3869
1248,4209
1248,4906
1248,5060
1248,6813
1249,1847
1249,3093
1249,3632
1249,4407
1249,6253
1249,6985
1250,3295
1250,3578
1250,5251
1250,7467
1251,791
1251,1072
1251,1951
1251,2876
1251,3303
1251,4738
1251,5057
1251,5970
1251,6523
1251,7237
1251,7618
1252,165
1252,197
1252,223
1252,1270
1252,2741
1252,2990
1252,3083
1252,3816
1252,5456
1252,5971
1252,6155
1252,7006
1252,7195
1253,751
1253,920
1253,1347
1253,1353
1253,1429
1253,1457
1253,1610
1253,2941
1253,4033
1253,4295
1253,5209
1253,6085
1253,6807
1254,260
1254,1210
1254,2410
1254,3456
1254,3659
1254,3804
1254,3898
1254,4017
1254,4608
1254,5404
1254,5412
1254,5490
1254,5855
1254,7296
1255,1541
1255,2360
1255,3525
1255,4495
1255,4885
1255,5748
1255,6418
1255,6433
1255,7543
1256,1392
1256,1455
1256,1737
1256,3361
1256,4237
1256,4993
1256,5131
1256,5480
1256,6194
1256,6935
1256,7565
1257,1405
1257,2085
1257,3200
1257,6150
1257,6862
1258,73
1258,1561
1258,1610
1258,1961
1258,5401
1258,5839
1258,7395
1259,1786
1259,2237
1260,5546
1260,6365
1260,6897
1261,1078
1261,1464
1261,2149
1261,2414
1261,2574
1261,3664
1261,3822
1261,3878
1261,4823
1261,5315
1261,5499
1261,6142
1261,6318
1261,6513
1261,6558
1261,6619
1262,423
1262,824
1262,1855
1262,3879
1262,4861
1262,5011
1262,5410
1262,5673
1262,6095
1262,6550
1262,7317
1262,7347
1263,583
1263,584
1263,2002
1263,3506
1263,6070
1263,6909
1264,349
1264,641
1264,1041
1264,1616
1264,1803
1264,2435
1264,2777
1264,3415
1264,4509
1264,5509
1264,5868
1264,5929
1264,6557
1265,348
1265,406
1265,823
1265,929
1265,1407
1265,1779
1265,3517
1265,3943
1265,3982
1265,4132
1265,4319
1265,5073
1265,5246
1265,5590
1265,6781
1266,1058
1266,1908
1266,2370
1266,2848
1266,3234
1266,4376
1266,5404
1267,1094
1267,3098
1267,7443
1268,527
1268,1775
1268,1880
1268,2129
1268,3704
1268,4290
1268,4392
1268,4680
1268,4787
1268,5316
1268,6100
1268,6284
1269,4116
1270,70
1270,165
1270,197
1270,223
1270,428
1270,573
1270,1078
1270,1527
1270,2156
1270,2519
1270,3374
1270,3765
1270,4885
1270,5566
1270,6155
1270,6521
1270,7550
1271,593
1271,1744
1271,4388
1271,5584
1271,6702
1272,1630
1272,2281
1272,5668
1272,7566
1272,7648
1273,3426
1274,1530
1274,1755
1274,4898
1275,223
1275,1252
1275,1335
1275,1394
1275,2867
1275,3351
1275,3518
1275,3557
1275,4922
1275,5422
1275,5506
1276,3168
1276,3227
1276,4471
1276,4527
1276,6970
1277,2709
1277,5902
1277,6900
1278,1377
1278,3501
1278,3532
1278,4406
1278,5534
1278,6297
1279,3121
1279,7112
1280,105
1280,154
1280,175
1280,296
1280,306
1280,714
1280,802
1280,848
1280,1182
1280,1187
1280,1228
1280,1253
1280,1457
1280,1738
1280,1777
1280,2244
1280,2485
1280,2581
1280,2706
1280,2740
1280,2776
1280,2849
1280,3138
1280,3155
1280,3157
1280,3278
1280,3326
1280,3328
1280,3371
1280,3433
1280,3577
1280,3744
1280,4294
1280,4348
1280,5001
1280,5114
1280,5148
1280,5154
1280,5299
1280,5328
1280,5332
1280,5659
1280,5788
1280,5953
1280,6176
1280,6187
1280,6246
1280,6568
1280,6730
1280,6746
1280,7035
1280,7137
1280,7258
1280,7276
1280,7380
1280,7430
1281,593
1281,2198
1281,2868
1281,5006
1281,6887
1282,2728
1282,2975
1282,4666
1282,5848
1282,5849
1282,6007
1283,929
1283,1141
1283,2478
1283,2862
1283,3075
1283,4431
1283,4439
1283,4643
1283,6008
1284,113
1284,357
1284,766
1284,1102
1284,1113
1284,1299
1284,1430
1284,1826
1284,1853
1284,1965
1284,2393
1284,2659
1284,3347
1284,3593
1284,3672
1284,4408
1284,4658
1284,5125
1284,5143
1284,5145
1284,5485
1284,5508
1284,5732
1284,5924
1284,6424
1284,6579
1284,6907
1284,7079
1284,7580
1285,1999
1285,2000
1285,2198
1285,4725
1285,5630
1285,6551
1285,6572
1285,7579
1286,258
1286,1744
1287,382
1287,808
1287,936
1287,2198
1287,2371
1287,4050
1287,4811
1287,4893
1287,4917
1287,5917
1287,6059
1287,6452
1288,242
1288,2976
1288,3156
1288,4471
1288,5720
1288,7450
1288,7571
1289,73
1289,674
1289,1133
1289,1189
1289,1361
1289,1820
1289,1904
1289,1910
1289,3760
1289,3878
1289,4716
1289,4987
1289,5845
1289,5957
1289,6030
1289,6252
1289,6440
1289,6777
1289,7234
1290,1159
1290,1760
1290,2110
1290,2135
1290,5456
1290,6459
1290,6663
1290,7418
1291,212
1291,245
1291,352
1291,460
1291,521
1291,526
1291,571
1291,785
1291,1063
1291,1780
1291,1873
1291,2186
1291,2273
1291,2404
1291,2423
1291,2462
1291,2729
1291,3246
1291,3520
1291,4069
1291,4115
1291,4500
1291,5917
1291,5992
1291,6536
1291,6538
1291,6715
1291,6872
1291,7336
1291,7338
1291,7590
1291,7608
1292,147
1292,561
1292,578
1292,2843
1292,4244
1292,4663
1292,4711
1292,5573
1292,5737
1292,5974
1293,479
1293,986
1293,1067
1293,1249
1293,1431
1293,1540
1293,1778
1293,1860
1293,2040
1293,2215
1293,2229
1293,2921
1293,2967
1293,3069
1293,3225
1293,3762
1293,3804
1293,3898
1293,3958
1293,4233
1293,4290
1293,4384
1293,4658
1293,5095
1293,5111
1293,5859
1293,6022
1293,6202
1293,6303
1293,6574
1293,7182
1293,7219
1293,7311
1293,7321
1294,593
1294,4669
1294,4688
1294,6414
1294,6702
1295,1031
1295,1454
1295,1560
1295,3239
1295,3437
1295,4232
1295,4305
1295,4405
1295,5185
1295,5664
1295,6245
1295,6571
1295,6813
1295,7538
1295,7641
1296,388
1296,674
1296,721
1296,1572
1296,2205
1296,2676
1296,3688
1296,4724
1296,6030
1296,6518
1296,6966
1297,462
1297,585
1297,846
1297,1522
1297,1669
1297,3631
1297,4178
1297,7576
1298,9
1298,2209
1298,5933
1298,7514
1299,4356
1299,5143
1300,281
1300,452
1300,2027
1300,4119
1300,4166
1300,4277
1300,4327
1300,4389
1300,5192
1300,6292
1301,1006
1301,5525
1301,6646
1302,413
1302,2295
1302,2927
1302,3817
1302,5123
1302,5354
1303,932
1303,1903
1303,2318
1303,2388
1303,2399
1303,2878
1303,3412
1303,4497
1303,5140
1303,5163
1303,5421
1303,5827
1303,6133
1303,6561
1304,2168
1304,2874
1304,3135
1304,3214
1304,5104
1304,7220
1305,659
1305,1899
1305,1999
1305,4669
1305,6759
1306,247
1306,337
1306,1460
1306,1852
1306,2504
1306,2591
1306,3263
1306,3489
1306,4035
1306,4265
1306,4795
1306,4855
1306,4897
1306,6151
1307,1793
1307,2580
1307,3126
1307,3390
1307,3505
1307,4481
1307,5021
1307,5850
1308,1772
1308,4143
1308,4673
1309,38
1309,324
1309,529
1309,569
1309,2189
1309,3023
1309,6275
1309,6357
1310,39
1310,584
1310,881
1310,930
1310,4302
1310,4904
1310,5938
1310,6281
1310,7330
1311,730
1311,997
1311,1638
1311,4145
1311,4399
1311,5537
1311,5815
1311,7356
1311,7460
1312,6292
1312,6375
1313,3350
1313,4175
1313,5416
1313,5871
1313,6239
1313,7484
1314,1393
1314,4432
1314,4690
1314,5207
1314,6826
1314,6869
1315,1
1315,629
1315,1212
1315,1347
1315,2257
1315,2678
1315,3503
1315,7032
1316,1744
1316,1899
1316,2198
1316,3348
1316,5833
1316,6354
1316,6702
1317,967
1317,1280
1317,2170
1317,2198
1317,2513
1317,3078
1317,4805
1317,6408
1317,6636
1317,7179
1318,354
1318,1201
1318,2858
1318,4119
1318,4389
1319,716
1319,2347
1319,4970
1319,6808
1319,7217
1319,7245
1320,1535
1320,6223
1320,7423
1321,1225
1321,1442
1321,1566
1321,1660
1321,2625
1321,3052
1321,3433
1321,3567
1321,3732
1321,5781
1321,6703
1321,7325
1322,155
1322,2374
1322,3549
1322,4378
1322,4454
1322,4687
1323,379
1323,4544
1323,6635
1323,7483
1324,581
1324,4181
1324,4208
1324,4351
1324,4726
1324,6623
1324,7565
1325,1572
1325,2490
1325,2625
1326,120
1326,745
1326,2130
1326,3084
1326,3143
1326,3850
1326,4647
1326,4974
1326,5675
1326,5883
1326,7388
1327,568
1327,2239
1327,2510
1327,5707
1328,917
1328,2517
1329,593
1329,5881
1329,6098
1329,6702
1329,7352
1329,7577
1330,240
1330,813
1330,865
1330,1093
1330,3225
1330,3226
1330,4303
1330,4806
1330,6723
1330,7197
1331,1556
1331,1674
1331,1964
1331,3086
1331,4325
1331,4587
1332,378
1332,1781
1332,2022
1332,2139
1332,2842
1332,3288
1332,4298
1332,4515
1332,4981
1332,5005
1332,5319
1332,6132
1332,6220
1332,6239
1332,7249
1332,7484
1333,766
1333,1453
1333,2310
1333,5132
1333,7269
1334,10
1334,605
1334,1881
1334,1980
1334,3102
1334,3717
1334,3749
1334,4829
1334,5929
1334,5939
1334,6665
1334,7513
1335,223
1335,2081
1335,2392
1335,4767
1335,4987
1335,7267
1336,3791
1336,4657
1336,4732
1336,4843
1336,5592
1337,766
1337,858
1337,1695
1337,1739
1337,2427
1337,3578
1337,4902
1337,5287
1337,5664
1337,6118
1337,6272
1337,6522
1337,7029
1337,7240
1337,7467
1338,200
1338,2646
1338,3086
1338,3205
1338,3467
1338,3630
1338,3647
1338,4025
1338,4239
1338,4410
1338,4779
1338,5644
1338,6337
1338,6493
1338,6633
1338,6817
1338,7427
1339,62
1339,535
1339,1343
1339,1619
1339,2198
1339,3887
1339,4672
1339,5505
1339,6235
1339,6770
1339,7478
1340,496
1340,668
1340,1403
1340,1816
1340,2078
1340,2608
1340,2799
1340,2924
1340,3227
1340,3281
1340,3823
1340,3902
1340,7442
1341,1307
1341,2242
1341,2942
1341,3390
1342,799
1342,1025
1342,1886
1342,2858
1342,4396
1342,5023
1342,6498
1342,6846
1343,308
1343,495
1343,847
1343,1795
1343,1817
1343,1979
1343,3922
1343,4851
1343,4863
1343,6211
1343,6976
1343,7142
1344,1058
1344,1738
1344,1782
1344,4161
1344,4771
1344,5007
1344,5056
1344,6345
1344,6406
1344,6807
1345,1961
1345,2304
1345,3369
1345,3802
1345,4395
1346,174
1346,340
1346,879
1346,1389
1346,1709
1346,2953
1346,3009
1346,4264
1346,4274
1346,5668
1347,211
1347,591
1347,970
1347,1253
1347,1457
1347,1666
1347,1767
1347,2941
1347,5442
1347,5661
1347,5953
1347,6593
1347,6726
1347,7503
1348,1063
1348,1932
1348,2218
1348,3982
1348,5901
1348,7045
1349,1453
1349,1729
1349,1837
1349,2580
1349,2967
1349,3171
1349,3522
1349,4384
1349,5629
1350,351
1350,431
1350,1628
1350,1663
1350,2432
1350,4253
1350,5105
1350,5979
1350,6335
1350,6706
1350,7170
1350,7597
1351,593
1351,4127
1351,5881
1352,1968
1352,4079
1352,4299
1352,4339
1352,4370
1352,4794
1352,5096
1352,5477
1352,5956
1352,6080
1352,6543
1353,149
1353,485
1353,573
1353,751
1353,1714
1353,2179
1353,3054
1353,4959
1353,5018
1353,5461
1353,5661
1353,6331
1353,6450
1353,6572
1353,6807
1353,7503
1353,7550
1353,7596
1354,144
1354,1083
1354,2877
1354,3231
1354,3747
1354,5297
1354,6148
1354,7243
1354,7356
1355,1686
1356,5767
1356,6869
1357,99
1357,811
1357,1152
1357,1414
1357,1908
1357,2170
1357,2848
1357,3160
1357,3720
1357,5273
1357,5399
1357,5749
1357,5961
1357,7017
1358,908
1358,1168
1358,1300
1358,1550
1358,2027
1358,2044
1358,3706
1358,4327
1358,4437
1358,4635
1358,4882
1358,5118
1358,5192
1358,5636
1358,5933
1358,6555
1358,7094
1359,807
1359,1522
1359,2210
1359,3557
1359,4314
1359,4555
1359,4725
1359,5907
1359,7153
1359,7191
1360,275
1360,328
1360,1037
1360,1696
1360,2134
1360,2474
1360,2822
1360,4342
1360,4960
1360,5848
1360,6143
1360,6164
1361,1189
1361,3430
1361,4294
1361,6430
1361,6440
1362,613
1362,1653
1362,3767
1362,4378
1362,5226
1362,6627
1363,886
1363,1410
1363,3569
1363,4581
1363,6377
1364,1054
1364,2250
1364,2260
1364,4412
1364,5602
1364,5848
1364,6772
1364,7118
1365,147
1365,837
1365,1223
1365,2805
1365,4914
1365,5270
1365,6609
1365,7110
1365,7383
1365,7489
1365,7598
1366,594
1366,1837
1366,2937
1366,4011
1366,4036
1366,4481
1366,5590
1366,6938
1366,7567
1367,120
1367,581
1367,1162
1367,2130
1367,3850
1367,5927
1367,6681
1367,7460
1368,85
1368,789
1368,841
1368,1040
1368,3093
1368,3311
1368,4190
1368,4233
1368,4393
1368,4578
1368,5278
1368,6004
1368,6284
1368,6961
1368,6990
1369,799
1369,929
1369,1208
1369,1384
1369,4059
1369,4119
1369,4929
1369,6498
1370,1862
1370,2339
1370,2573
1370,4071
1370,5296
1370,5881
1370,6354
1370,6492
1370,7044
1370,7046
1370,7147
1371,990
1371,1520
1371,2529
1371,3612
1371,4218
1371,4863
1371,4989
1371,6189
1371,6280
1372,1036
1372,1198
1372,3573
1372,3631
1372,3767
1372,4136
1372,4944
1372,6209
1372,6868
1372,7579
1373,3290
1375,230
1375,729
1375,902
1375,1119
1376,2239
1376,2502
1376,4685
1377,875
1377,1094
1377,1700
1377,2198
1377,3912
1377,4196
1377,4315
1377,4469
1377,5510
1377,5585
1377,6331
1377,6434
1377,6737
1377,6778
1377,7269
1377,7290
1378,5316
1378,7296
1379,161
1379,299
1379,1215
1379,1725
1379,2738
1379,3870
1379,3966
1379,4029
1379,4294
1379,4735
1379,5263
1379,7330
1380,1815
1380,3771
1381,1009
1381,1075
1381,3095
1381,3981
1381,5238
1381,5725
1381,6084
1381,6606
1381,6674
1381,6807
1382,526
1382,1999
1382,2198
1382,2856
1382,3510
1382,6408
1382,7090
1382,7250
1383,2239
1383,3548
1383,4198
1383,5155
1383,5234
1383,6064
1384,547
1384,574
1384,799
1384,1208
1384,1369
1384,1968
1384,2278
1384,4597
1384,4929
1384,5695
1384,5891
1384,7199
1385,364
1385,384
1385,927
1385,1441
1385,2121
1385,6418
1385,6957
1386,197
1386,891
1386,912
1386,1166
1386,2126
1386,2453
1386,4852
1386,5172
1386,5210
1386,5475
1386,7435
1387,1071
1387,2004
1387,2351
1387,3228
1387,6455
1387,6863
1388,1891
1388,2570
1388,4973
1388,5771
1388,5796
1388,6386
1388,6565
1388,6724
1389,1827
1389,2861
1389,3024
1389,5066
1389,6099
1389,6479
1390,95
1390,1726
1390,1901
1390,3040
1390,4672
1391,189
1391,537
1391,806
1391,928
1391,1947
1391,1972
1391,2114
1391,2260
1391,3528
1391,6164
1391,6212
1391,6519
1391,6534
1391,6771
1391,7118
1392,581
1392,1146
1392,4251
1392,6480
1393,1699
1393,4437
1393,4690
1393,4841
1393,5207
1393,5407
1393,5767
1393,6053
1393,6826
1393,6869
1393,6995
1394,329
1394,648
1394,752
1394,930
1394,1275
1394,2274
1394,3351
1394,4462
1394,5101
1394,5550
1395,157
1395,2930
1395,2968
1395,3860
1395,5326
1396,38
1396,850
1396,879
1396,2552
1396,2728
1396,2975
1396,6046
1396,6357
1397,3437
1397,4689
1397,5119
1398,368
1398,1059
1398,1384
1398,1522
1398,1968
1398,3200
1398,3390
1398,3402
1398,3609
1398,3639
1398,4374
1398,4597
1398,5477
1398,5670
1398,7466
1399,446
1399,552
1399,1058
1399,2106
1399,2406
1399,3049
1399,4071
1399,4805
1399,4806
1399,5316
1399,5344
1399,5649
1399,6847
1399,7582
1400,3569
1400,4399
1400,5128
1400,7388
1401,3969
1401,6350
1402,3538
1402,3895
1402,3951
1402,4768
1402,4806
1402,4952
1402,7535
1403,993
1403,1750
1403,1879
1403,2254
1403,3823
1403,3902
1403,4232
1403,4810
1403,5817
1403,6418
1403,6433
1403,7417
1403,7427
1403,7594
1404,4856
1405,1059
1405,1207
1405,1257
1405,4079
1405,6285
1405,7185
1405,7315
1405,7605
1406,2905
1406,3532
1406,3593
1406,3895
1406,3950
1406,4097
1406,5707
1406,6617
1406,6803
1407,336
1407,1265
1407,1715
1407,2372
1407,2400
1407,3158
1407,3556
1407,4389
1408,485
1408,1633
1408,1689
1408,2973
1408,3605
1408,6807
1409,40
1409,299
1409,601
1409,1725
1409,3157
1409,4529
1409,4735
1409,4940
1409,6379
1410,1363
1410,2181
1410,3231
1410,3747
1410,3801
1410,4581
1410,4613
1410,6425
1411,464
1411,1204
1411,1213
1411,1636
1411,2475
1411,3263
1411,3610
1411,3806
1411,4648
1411,4897
1411,5236
1411,5755
1411,6127
1411,6871
1412,1743
1412,2516
1412,4883
1412,4949
1412,5272
1412,5848
1412,6363
1412,6372
1412,6532
1412,7122
1413,2198
1413,3433
1413,4273
1413,4685
1413,5123
1413,5354
1413,7456
1414,192
1414,934
1414,1007
1414,1268
1414,1651
1414,2258
1414,3538
1414,3951
1414,3985
1414,4216
1414,4304
1414,5037
1414,5068
1414,5312
1414,5351
1414,6193
1414,6811
1414,6952
1414,6954
1414,7018
1415,170
1415,260
1415,346
1415,473
1415,731
1415,841
1415,1513
1415,1775
1415,2229
1415,2393
1415,2434
1415,2471
1415,2573
1415,2657
1415,2921
1415,3348
1415,3476
1415,4466
1415,4536
1415,4553
1415,4806
1415,5518
1415,6381
1415,6705
1415,7046
1416,2014
1416,2608
1416,2636
1416,2646
1416,3159
1416,3674
1416,3869
1416,5633
1416,5872
1416,6245
1416,6549
1416,6838
1417,94
1417,305
1417,461
1417,1228
1417,1585
1417,1627
1417,2084
1417,2198
1417,2740
1417,4297
1417,5530
1417,6702
1418,867
1418,1494
1418,1532
1418,1875
1418,2202
1418,2375
1418,3098
1418,3223
1418,3480
1418,3542
1418,3887
1418,3925
1418,4006
1418,4358
1418,4851
1418,4894
1418,5378
1418,5667
1418,5993
1418,6171
1418,6917
1418,7125
1418,7222
1419,347
1419,1039
1419,2482
1419,3303
1419,4907
1419,5847
1419,6875
1420,2238
1420,4244
1420,6106
1421,735
1421,1167
1421,1899
1421,2106
1421,2476
1421,3947
1421,5139
1421,5966
1421,7023
1421,7568
1422,932
1422,2399
1422,2885
1422,3939
1422,4980
1423,2484
1423,3070
1423,5033
1423,7524
1424,639
1424,2795
1424,3019
1424,7295
1424,7551
1425,370
1425,470
1425,586
1425,3009
1425,3770
1425,3826
1425,4200
1425,4383
1425,5253
1425,5387
1425,7360
1426,308
1426,1027
1426,1667
1426,1673
1426,1962
1426,2425
1426,3098
1426,4438
1426,5589
1426,5943
1426,6098
1426,6522
1426,7005
1426,7029
1426,7481
1427,226
1427,762
1427,1112
1427,1778
1427,1961
1427,2086
1427,3025
1427,3171
1427,3602
1427,4080
1427,4083
1427,6738
1427,7599
1428,324
1428,749
1428,2090
1428,3840
1428,4070
1428,4960
1428,5045
1428,5848
1428,6250
1429,105
1429,714
1429,920
1429,971
1429,1111
1429,1627
1429,2776
1429,2804
1429,2835
1429,3197
1429,3257
1429,3335
1429,3371
1429,3385
1429,3489
1429,3686
1429,3918
1429,4044
1429,4174
1429,4348
1429,4835
1429,4854
1429,4863
1429,5114
1429,5824
1429,5903
1429,5963
1429,6079
1429,6403
1429,6450
1429,6722
1429,6834
1429,6887
1429,7206
1429,7402
1429,7523
1430,2571
1430,3311
1430,3330
1430,4384
1430,5816
1431,1293
1431,2128
1431,3954
1431,7464
1432,73
1432,1129
1432,3330
1432,7222
1433,1638
1433,2951
1433,3231
1433,6428
1434,57
1434,189
1434,1969
1434,2114
1434,4236
1434,5245
1434,6502
1435,128
1435,2094
1435,2665
1435,2707
1435,3478
1435,5118
1435,5486
1435,5625
1435,7235
1435,7393
1436,329
1436,2631
1436,2864
1436,4255
1436,4462
1436,5379
1436,6142
1436,6548
1436,6721
1436,7087
1436,7267
1437,1731
1437,1987
1437,2265
1437,6258
1438,602
1438,977
1438,2251
1438,4978
1438,6002
1438,6377
1438,6425
1438,6873
1439,3152
1439,5412
1439,7295
1439,7551
1440,511
1440,2100
1440,2458
1440,3429
1440,4104
1440,4429
1440,4850
1440,5684
1440,6797
1441,873
1441,912
1441,1338
1441,2390
1441,2669
1441,6436
1441,7507
1442,305
1442,1130
1442,1189
1442,2586
1442,3567
1442,3612
1442,3918
1442,5620
1442,5781
1442,6172
1442,6747
1443,394
1443,1009
1443,1010
1443,1248
1443,1681
1443,2512
1443,2585
1443,3354
1443,4000
1443,4291
1443,6674
1444,226
1444,259
1444,1975
1444,2108
1444,2348
1444,2520
1444,2750
1444,2961
1444,3488
1444,3831
1444,3844
1444,4381
1444,4476
1444,4697
1444,5007
1444,5091
1444,5292
1444,6297
1444,6518
1444,7134
1444,7592
1445,2874
1445,5104
1445,5803
1446,166
1446,708
1446,1171
1446,1523
1446,1617
1446,1649
1446,1909
1446,4146
1446,4149
1446,6376
1446,6482
1446,6915
1447,1792
1447,2541
1447,3648
1447,4384
1447,5567
1447,6551
1447,6673
1447,6702
1447,7103
1447,7352
1447,7577
1448,5
1448,804
1448,898
1448,1287
1448,2265
1448,3062
1448,4990
1448,6879
1448,7250
1449,177
1449,932
1449,1392
1449,2151
1449,2204
1449,2538
1449,7208
1449,7544
1450,2742
1450,3571
1450,3975
1450,4020
1450,4325
1450,4471
1450,5047
1450,5106
1450,5563
1450,5821
1450,7064
1450,7618
1451,1200
1451,1547
1451,3639
1451,3971
1451,4652
1451,4996
1451,5516
1451,6167
1451,6326
1451,7439
1452,160
1452,1534
1452,1674
1452,2236
1452,3038
1452,3233
1453,20
1453,124
1453,201
1453,346
1453,408
1453,445
1453,448
1453,674
1453,776
1453,951
1453,955
1453,1333
1453,1478
1453,1540
1453,1570
1453,1621
1453,2207
1453,2294
1453,2571
1453,2595
1453,2617
1453,2620
1453,2639
1453,2725
1453,2765
1453,2772
1453,2991
1453,3068
1453,3225
1453,3226
1453,3502
1453,3616
1453,3672
1453,3731
1453,4017
1453,4023
1453,4090
1453,4549
1453,5058
1453,5091
1453,5143
1453,5350
1453,5351
1453,5732
1453,5840
1453,5858
1453,6001
1453,6021
1453,6140
1453,6236
1453,6284
1453,6303
1453,6507
1453,6510
1453,6553
1453,6618
1453,6640
1453,6714
1453,6981
1453,7239
1453,7331
1453,7385
1453,7511
1454,160
1454,384
1454,820
1454,1516
1454,5638
1454,5748
1454,6501
1454,6554
1454,6735
1454,6994
1455,709
1455,1702
1455,2064
1455,4237
1455,5439
1455,6993
1455,7291
1455,7404
1456,23
1456,593
1456,4184
1456,4952
1456,5222
1456,5799
1456,7296
1456,7330
1457,72
1457,1174
1457,1353
1457,1930
1457,3310
1457,3577
1457,5364
1457,5461
1457,5696
1457,5953
1457,6323
1457,6600
1457,7351
1458,1981
1458,2561
1458,2746
1458,6323
1459,779
1459,2189
1459,2552
1459,3023
1459,3570
1459,5491
1460,2046
1460,2321
1460,3481
1460,3536
1460,5161
1460,5600
1460,6127
1460,6380
1460,6650
1462,1265
1462,2846
1462,3943
1462,5712
1462,5766
1462,6011
1462,6158
1462,6697
1463,150
1463,1534
1463,2236
1463,3038
1463,3233
1463,3705
1463,7019
1464,477
1464,1261
1464,6513
1465,326
1465,382
1465,559
1465,1750
1465,2231
1465,2579
1465,2632
1465,4255
1465,4361
1465,5062
1465,7454
1466,481
1466,618
1466,1096
1466,1622
1466,1683
1466,2491
1466,2786
1466,4244
1466,4411
1466,4498
1466,4585
1466,6103
1466,6106
1466,7024
1467,24
1467,484
1467,723
1467,2198
1467,3946
1467,4591
1467,4805
1467,5584
1467,6707
1467,6953
1467,7302
1467,7477
1468,932
1468,1728
1468,2038
1468,2249
1468,4237
1468,5025
1468,6062
1469,192
1469,593
1469,1232
1469,1744
1469,2198
1469,6702
1470,1280
1470,1429
1470,2015
1470,2244
1470,2581
1470,4044
1470,5708
1470,7042
1471,1411
1471,2504
1471,3057
1471,3843
1471,5161
1471,6213
1472,71
1472,304
1472,604
1472,1378
1472,1697
1472,1831
1472,2198
1472,2207
1472,2470
1472,2531
1472,2683
1472,2856
1472,2961
1472,3072
1472,3160
1472,3206
1472,3804
1472,4359
1472,4402
1472,4579
1472,4864
1472,5415
1472,5564
1472,6626
1472,6638
1472,6958
1472,7173
1472,7321
1472,7328
1472,7616
1473,2002
1473,3402
1473,3510
1473,3943
1473,7152
1474,3578
1474,6246
1475,1830
1475,2652
1475,7214
1476,369
1476,593
1476,2198
1476,3105
1476,4388
1477,1086
1477,1096
1477,1889
1477,3449
1477,3733
1477,4487
1477,4498
1477,4607
1477,7361
1478,904
1478,1456
1478,1545
1478,2033
1478,2106
1478,2320
1478,2377
1478,3898
1478,3958
1478,4350
1478,5261
1478,6558
1478,6640
1479,39
1479,75
1479,452
1479,584
1479,1418
1479,1801
1479,2993
1479,5263
1479,7067
1480,1541
1480,1936
1480,2293
1480,2347
1480,3244
1480,4628
1480,4810
1480,5506
1480,5517
1480,5806
1481,34
1481,1730
1481,1790
1481,2440
1481,2798
1481,3049
1481,3115
1481,3578
1481,3704
1481,4376
1481,7116
1482,2982
1482,4766
1482,7172
1482,7476
1482,7636
1483,85
1483,2007
1483,2455
1483,4384
1483,5801
1483,6003
1483,7269
1484,3295
1484,3331
1484,3578
1484,4116
1485,869
1485,2198
1485,2571
1485,3152
1485,6183
1485,7369
1486,1189
1486,1644
1486,2198
1486,2626
1486,3045
1486,4637
1486,4879
1486,5396
1486,6676
1486,6878
1487,695
1487,1903
1487,3908
1487,4472
1487,4813
1487,5591
1487,6094
1487,6207
1487,6453
1487,7343
1488,554
1488,557
1488,965
1488,2757
1488,3376
1488,3460
1488,3563
1488,4143
1488,4492
1488,4612
1488,6052
1489,1916
1489,5702
1490,564
1490,908
1490,2061
1490,2506
1490,2747
1490,3067
1490,3660
1490,3666
1490,3986
1490,5192
1490,5570
1490,6267
1490,6927
1491,4164
1491,5404
1491,6702
1491,7003
1492,731
1492,5707
1492,6646
1492,6658
1492,6707
1492,6890
1492,7114
1493,724
1493,1337
1493,2112
1493,2122
1493,2536
1493,3062
1493,6872
1493,7240
1493,7422
1493,7512
1494,432
1494,532
1494,535
1494,2143
1494,3672
1494,4376
1494,4863
1494,6098
1494,6309
1494,6437
1494,7478
1495,4356
1495,4384
1495,5091
1495,5772
1495,7134
1496,1407
1496,1832
1496,2106
1496,3155
1496,4222
1496,4693
1496,5388
1496,5549
1496,6041
1496,6136
1497,660
1497,1534
1497,2505
1497,3395
1497,6433
1497,7088
1498,1805
1498,3721
1498,4941
1498,5538
1498,6673
1498,7577
1499,62
1499,495
1499,771
1499,2894
1499,3691
1499,3871
1499,3959
1499,4037
1499,4427
1499,5098
1499,5539
1499,5676
1499,7067
1499,7480
1500,1595
1500,2218
1500,2524
1500,2709
1500,3145
1500,4906
1501,3844
1501,5404
1501,5903
1502,187
1502,314
1502,1065
1502,1247
1502,1446
1502,1909
1502,2148
1502,2328
1502,3424
1502,4943
1502,5697
1502,5698
1502,5860
1502,6130
1502,7136
1503,1072
1503,1626
1503,2607
1503,2966
1503,2984
1503,3154
1503,3934
1503,5227
1503,5482
1503,5514
1503,5950
1503,6656
1503,7030
1503,7129
1503,7367
1504,877
1504,1685
1504,2327
1504,2387
1504,2768
1504,3575
1504,4142
1504,4300
1504,6104
1504,6679
1504,6772
1504,6956
1504,7255
1505,516
1505,541
1505,556
1505,1717
1505,2281
1505,4758
1505,6666
1505,6997
1506,1314
1506,2721
1506,2865
1506,4841
1506,4898
1506,5159
1506,5207
1506,6826
1507,765
1507,4906
1508,232
1509,74
1509,147
1509,685
1509,837
1509,3411
1509,3449
1509,4423
1509,4921
1509,5405
1509,5609
1510,1174
1510,1757
1510,3171
1510,3394
1510,4295
1510,7374
1511,555
1511,1472
1511,1820
1511,2205
1511,2620
1511,4062
1511,5296
1511,5801
1511,6252
1511,7131
1512,523
1512,4462
1512,7087
1513,170
1513,183
1513,233
1513,243
1513,319
1513,732
1513,736
1513,2030
1513,2183
1513,2540
1513,2689
1513,3221
1513,3620
1513,3659
1513,4768
1513,5022
1513,5148
1513,5214
1513,5471
1513,5542
1513,5567
1513,5797
1513,6422
1513,6804
1513,7023
1513,7231
1513,7428
1513,7511
1514,835
1514,2198
1514,3273
1514,3578
1514,7300
1515,676
1515,912
1515,1109
1515,1255
1515,3642
1515,4852
1515,5232
1515,6757
1516,1454
1516,1704
1516,4906
1516,7120
1517,309
1517,1797
1517,1908
1517,2406
1517,3051
1517,3235
1517,5903
1517,6414
1517,7204
1518,696
1518,760
1518,1581
1518,2375
1518,3049
1518,3559
1518,3581
1518,5234
1518,5804
1518,6171
1518,6880
1519,892
1519,898
1519,1597
1519,2893
1519,3223
1519,4687
1519,4906
1519,5944
1519,6258
1520,1225
1520,1442
1520,1660
1520,2884
1520,3295
1520,5781
1520,5940
1520,6864
1521,5
1521,341
1521,677
1521,836
1521,936
1521,1448
1521,1612
1521,1642
1521,1733
1521,1978
1521,2441
1521,2525
1521,2564
1521,2568
1521,3455
1521,3715
1521,4596
1521,6059
1521,6412
1521,6547
1521,6705
1521,6841
1521,7006
1521,7077
1522,1359
1522,4320
1522,5907
1522,6491
1522,7153
1523,1171
1523,1804
1523,2148
1523,5169
1524,780
1524,803
1524,2521
1524,2881
1524,4086
1524,4746
1524,4864
1524,5404
1524,6034
1524,6313
1524,6506
1524,6638
1524,6831
1524,7321
1524,7593
1525,296
1525,750
1525,862
1525,1961
1525,2565
1525,3698
1525,4959
1525,5156
1526,260
1526,5707
1527,1270
1527,2156
1527,4885
1528,4663
1529,147
1529,837
1529,2491
1529,4485
1529,4494
1529,4564
1529,5972
1529,6103
1529,6496
1529,6924
1529,7016
1529,7383
1530,1274
1530,1755
1530,1921
1530,3285
1530,4717
1530,5770
1531,698
1531,1709
1531,2090
1531,2260
1531,2822
1531,3326
1531,3714
1531,3805
1531,4496
1531,5409
1531,5512
1531,5540
1531,5882
1531,6250
1531,6552
1531,7086
1531,7144
1531,7241
1532,1013
1532,3296
1532,3895
1532,4054
1532,4790
1533,222
1533,932
1533,1676
1533,2710
1533,3801
1533,4379
1533,4980
1533,5421
1533,6425
1533,6791
1533,7037
1533,7243
1534,640
1534,676
1534,872
1534,1110
1534,1280
1534,1452
1534,1463
1534,1497
1534,1541
1534,2162
1534,2452
1534,3154
1534,4505
1534,5314
1534,6084
1534,6633
1534,6689
1535,1320
1535,4106
1535,4305
1535,6813
1536,84
1536,205
1536,241
1536,347
1536,1051
1536,2606
1536,3647
1536,4587
1536,4665
1536,5059
1536,5326
1536,5578
1536,5838
1536,7026
1536,7386
1537,187
1537,439
1537,884
1537,2154
1537,2292
1537,4814
1537,5432
1537,5738
1537,5793
1537,6598
1537,6873
1538,534
1538,593
1538,1942
1538,5734
1538,6702
1538,6849
1539,526
1539,3506
1539,3510
1539,6909
1540,780
1540,1453
1540,2198
1540,5261
1541,545
1541,1255
1541,1270
1541,1674
1541,1924
1541,2986
1541,3267
1541,3358
1541,3525
1541,4551
1541,4651
1541,4656
1541,5566
1541,5910
1541,5989
1541,6005
1541,6392
1541,7169
1542,635
1542,929
1542,1208
1542,1366
1542,1971
1542,3286
1542,3301
1542,5712
1543,3002
1543,3156
1543,3409
1543,5720
1543,6050
1543,6324
1543,7620
1544,149
1544,1373
1544,1905
1544,2239
1544,3140
1544,4746
1544,5471
1544,6572
1544,7474
1545,267
1545,4080
1545,4376
1545,4608
1545,5404
1545,6183
1545,6462
1545,6510
1545,6882
1545,6887
1546,1753
1546,3223
1546,4216
1546,5287
1546,6211
1547,1200
1547,1451
1547,2178
1547,3679
1547,3764
1547,4134
1547,4815
1547,4996
1547,5579
1547,6167
1547,6326
1547,6781
1547,7089
1547,7199
1548,258
1548,304
1548,6024
1549,584
1549,930
1549,2703
1549,3559
1549,4067
1549,5120
1549,5722
1549,7175
1549,7401
1550,128
1550,908
1550,1358
1550,2027
1550,2378
1550,3555
1550,3706
1550,4327
1550,4430
1550,4769
1550,7094
1551,92
1551,305
1551,551
1551,1058
1551,1831
1551,2571
1551,2663
1551,4768
1551,5375
1551,7330
1552,1981
1553,44
1553,2020
1553,3321
1553,3541
1553,3568
1553,3857
1553,4396
1553,6762
1553,6809
1553,7004
1553,7499
1553,7571
1554,1164
1554,7620
1555,561
1555,1622
1555,4411
1555,4663
1555,4711
1556,988
1556,1331
1556,1338
1556,1403
1556,1952
1556,2833
1556,3425
1556,3461
1556,3647
1556,4239
1556,5074
1556,5221
1556,5922
1556,6117
1557,281
1557,452
1557,1605
1557,3301
1557,3522
1557,4550
1557,5353
1557,6455
1557,6782
1557,6833
1558,38
1558,2552
1558,3570
1558,6275
1559,4837
1559,4856
1559,5822
1560,434
1560,613
1560,631
1560,1027
1560,3344
1560,3956
1560,4222
1560,4533
1560,6493
1560,6556
1560,6896
1561,1211
1561,1686
1561,2484
1561,2857
1561,3576
1561,4307
1561,4522
1561,4701
1561,4706
1561,5007
1561,5376
1561,5545
1561,5554
1561,6467
1561,6526
1562,444
1562,943
1562,1223
1562,3180
1562,3452
1562,3733
1562,4423
1563,1112
1563,2663
1563,3171
1563,3394
1563,3501
1563,4163
1563,5461
1563,5772
1563,6618
1563,7374
1564,464
1564,1471
1564,1895
1564,2475
1564,4648
1564,5275
1564,5393
1564,5413
1565,387
1565,1242
1565,1276
1565,2035
1565,3002
1565,3156
1565,4104
1565,4242
1565,4275
1565,4657
1565,5558
1565,5642
1565,5854
1565,5960
1565,6150
1565,6573
1565,7261
1565,7450
1566,861
1566,1572
1566,2529
1566,2993
1566,3887
1566,5386
1566,7452
1567,695
1567,3684
1567,4110
1567,5140
1567,5827
1567,7133
1568,4479
1568,4653
1568,4747
1568,4967
1568,6388
1569,1746
1569,4805
1569,5518
1569,7003
1570,1067
1570,1833
1570,2239
1570,5372
1570,5955
1570,7166
1571,823
1571,1208
1571,3318
1571,5388
1571,6863
1572,308
1572,2205
1572,2425
1572,2993
1572,3866
1572,5132
1572,5386
1572,6243
1572,6553
1573,3295
1573,4542
1574,6053
1574,6869
1575,841
1575,1063
1575,1337
1575,1854
1575,1884
1575,2659
1575,2816
1575,3061
1575,3114
1575,3527
1575,5125
1575,5212
1575,5286
1575,5304
1575,5459
1575,6140
1575,6769
1575,7018
1575,7277
1575,7446
1575,7452
1575,7471
1576,1231
1576,1318
1576,3110
1576,3402
1576,4501
1576,4906
1576,5479
1576,5583
1576,6136
1577,1844
1577,3853
1577,3857
1578,242
1578,2815
1578,6656
1579,920
1579,966
1579,1182
1579,1961
1579,3438
1579,3916
1579,5364
1579,6694
1579,6807
1579,7351
1580,3067
1580,6624
1581,352
1581,1210
1581,2558
1581,3469
1581,4080
1581,4198
1581,6064
1581,6219
1581,6464
1581,6466
1582,2198
1582,2406
1582,4184
1582,4384
1582,4806
1582,6774
1583,806
1583,1969
1583,2103
1583,2326
1583,3543
1583,3565
1583,5848
1583,6765
1583,6793
1584,390
1584,814
1584,1513
1584,1836
1584,2198
1584,7464
1584,7477
1585,28
1585,714
1585,1228
1585,1714
1585,1929
1585,1962
1585,2220
1585,2738
1585,2835
1585,3157
1585,3419
1585,4033
1585,4297
1585,5708
1585,7020
1586,118
1586,1757
1586,2164
1586,2198
1586,3359
1586,3723
1586,3947
1586,4317
1586,5685
1586,6489
1586,7395
1587,563
1587,1772
1587,2264
1587,2382
1587,3924
1587,4357
1587,4673
1587,5094
1587,5587
1587,6874
1587,7504
1588,1015
1588,2100
1588,3175
1588,4258
1588,5434
1588,7620
1589,1915
1589,3331
1589,3866
1589,4116
1589,6481
1590,1147
1590,2198
1590,2846
1590,2967
1590,4210
1590,6697
1590,6883
1590,7296
1590,7330
1591,522
1591,1082
1591,1197
1591,2309
1591,3657
1591,5568
1591,6054
1591,6175
1592,869
1592,2521
1592,3235
1592,4787
1592,5976
1592,6801
1592,6804
1593,844
1593,1162
1593,1903
1593,2101
1593,2674
1593,3041
1593,3084
1593,3908
1593,4287
1593,4472
1593,4813
1593,6094
1593,7631
1594,1015
1594,1822
1595,764
1595,2385
1595,3295
1595,3381
1595,5664
1596,329
1596,1078
1596,1166
1596,1905
1596,2392
1596,3724
1596,3744
1596,3816
1596,4103
1596,4295
1596,4320
1596,5661
1596,6269
1596,6726
1596,7087
1596,7406
1596,7596
1597,1519
1597,1853
1597,2131
1597,3005
1597,3554
1597,4084
1597,4378
1598,280
1598,577
1598,4906
1598,5394
1601,2026
1601,4066
1601,5739
1601,6512
1601,6909
1601,7077
1601,7250
1602,327
1602,354
1602,1490
1602,1635
1602,1837
1602,2936
1602,4119
1602,4998
1602,5233
1602,6267
1602,6782
1602,7301
1603,40
1603,92
1603,930
1603,2239
1603,2663
1603,3194
1603,3302
1603,3889
1603,3983
1603,4033
1603,5452
1603,5997
1603,6594
1603,6775
1604,557
1604,1244
1604,3064
1604,6601
1605,1387
1605,2578
1605,2580
1605,3286
1605,3519
1605,3639
1605,6781
1605,7199
1605,7301
1606,55
1606,1059
1606,1135
1606,1765
1606,2297
1606,2942
1606,3414
1606,4339
1606,4401
1606,5621
1606,5683
1606,5956
1606,6080
1606,6781
1606,7327
1607,748
1607,1189
1607,1296
1607,1566
1607,1572
1607,3359
1607,3469
1607,5722
1607,6243
1607,7077
1607,7149
1608,308
1608,766
1608,2202
1608,2993
1608,5144
1608,6565
1609,216
1609,749
1609,828
1609,1037
1609,1583
1609,1648
1609,1743
1609,2508
1609,2946
1609,3316
1609,3830
1609,4883
1609,4960
1609,5465
1609,5848
1609,6250
1609,6372
1609,6670
1610,970
1610,1134
1610,1831
1610,1981
1610,2290
1610,2750
1610,3232
1610,4880
1610,5843
1610,7107
1610,7633
1611,523
1611,525
1611,2997
1611,7267
1612,1999
1612,2734
1612,3073
1612,4228
1612,5816
1612,6588
1613,5755
1613,7378
1614,3184
1614,3377
1614,4806
1614,6702
1614,7568
1615,2349
1615,2525
1615,2703
1615,2847
1615,2903
1615,4584
1615,4893
1616,1041
1616,2435
1616,3583
1616,5110
1616,6357
1616,7308
1617,256
1617,695
1617,708
1617,1804
1617,2534
1617,2792
1617,4943
1617,5034
1617,6090
1617,6376
1617,7631
1618,1143
1618,1979
1618,4577
1618,4767
1618,6548
1618,7142
1619,432
1619,766
1619,2258
1619,2425
1619,5948
1619,7153
1620,540
1620,1368
1620,2123
1620,2972
1620,3160
1620,4241
1620,4376
1621,85
1621,408
1621,789
1621,854
1621,1368
1621,2549
1621,2657
1621,2911
1621,3264
1621,3408
1621,6760
1621,6933
1621,7385
1622,663
1622,1637
1622,1830
1622,2137
1622,2489
1622,2658
1622,2873
1622,4047
1622,4475
1622,4524
1622,5038
1622,5573
1622,6083
1622,6092
1622,6788
1622,7012
1622,7361
1623,308
1623,597
1623,2576
1623,3866
1623,5589
1623,7005
1623,7226
1624,341
1624,655
1624,1453
1624,1978
1624,2186
1624,2339
1624,3083
1624,3311
1624,4398
1624,4584
1624,5222
1624,6026
1624,7101
1624,7296
1625,878
1625,1238
1625,2422
1625,3267
1625,3655
1625,5440
1625,6845
1626,630
1626,2436
1626,3244
1626,4906
1627,28
1627,94
1627,1457
1627,2113
1627,2835
1627,4100
1627,5181
1627,6852
1628,1350
1628,2198
1628,5255
1628,5493
1628,7280
1629,662
1629,691
1629,2052
1629,2379
1629,3046
1629,3267
1629,3303
1629,5457
1629,5596
1629,6089
1629,6299
1629,6509
1629,7260
1630,541
1630,641
1630,937
1630,1016
1630,1983
1630,2019
1630,2281
1630,2387
1630,2389
1630,3167
1630,3392
1630,3553
1630,3558
1630,3820
1630,4441
1630,5555
1630,6519
1630,6648
1631,1575
1631,1753
1631,1862
1631,3895
1631,4216
1631,5231
1631,5962
1631,6193
1631,7147
1631,7585
1632,414
1632,1839
1632,3752
1632,6616
1632,7189
1633,751
1633,1666
1633,2561
1633,2871
1633,3835
1633,3969
1633,4103
1633,5343
1633,5360
1633,5496
1634,1842
1634,2645
1634,2657
1634,2755
1634,3444
1634,4827
1634,5258
1634,7535
1634,7539
1635,1201
1635,1602
1635,2693
1635,4749
1635,5443
1636,491
1636,1411
1636,3345
1636,4126
1636,5395
1636,5846
1636,6891
1636,7207
1636,7378
1637,837
1637,876
1637,1622
1637,3180
1637,4485
1637,4498
1637,4873
1638,144
1638,222
1638,231
1638,1433
1638,1676
1638,1823
1638,2720
1638,2837
1638,3231
1638,3755
1638,4221
1638,6366
1639,2198
1639,4453
1639,4578
1639,5567
1639,6414
1640,603
1640,2109
1640,3788
1640,3885
1640,6561
1641,1957
1642,776
1642,1058
1642,1414
1642,2170
1642,2660
1642,3078
1643,28
1643,1579
1643,5437
1644,1486
1644,2434
1644,4904
1645,552
1645,669
1645,2345
1645,3725
1645,4967
1645,5202
1645,5453
1645,5544
1645,5836
1645,6464
1645,6570
1645,6909
1645,7135
1646,561
1646,578
1646,782
1646,992
1646,1562
1646,3449
1646,4397
1646,4475
1646,5228
1646,6829
1646,7444
1646,7502
1647,601
1647,1414
1647,2445
1647,4904
1647,6027
1647,6256
1647,6624
1648,405
1648,698
1648,1243
1648,1734
1648,1977
1648,2090
1648,2475
1648,3326
1648,4048
1648,4603
1648,4938
1648,5465
1648,5856
1648,7086
1649,256
1649,1247
1649,1446
1649,3905
1649,5153
1649,6806
1650,627
1650,762
1650,893
1650,1393
1650,2143
1650,2375
1650,2414
1650,2650
1650,4170
1650,4416
1650,5598
1650,6911
1651,1575
1651,1884
1651,4376
1651,5664
1651,7448
1651,7481
1651,7585
1652,2198
1652,2913
1652,3322
1652,4253
1652,4680
1652,6409
1653,3344
1653,3358
1653,4486
1653,4762
1653,6420
1654,485
1654,4103
1654,5360
1655,1058
1655,1359
1655,1854
1655,2314
1655,3131
1655,3635
1655,4670
1655,6193
1655,6954
1656,22
1656,273
1656,758
1656,3198
1656,3516
1656,4077
1656,4112
1656,4280
1656,4426
1656,4975
1656,7504
1657,4314
1657,4725
1657,6454
1657,7039
1658,1935
1658,2198
1658,5629
1659,5077
1659,5881
1659,6702
1660,990
1660,1120
1660,1321
1660,1821
1660,2624
1660,3433
1660,4227
1660,5435
1660,5781
1660,5893
1660,5924
1660,5957
1660,6280
1660,6470
1661,3216
1661,3277
1661,4768
1661,5278
1661,6664
1662,5418
1663,469
1663,727
1663,939
1663,1018
1663,1476
1663,1747
1663,1874
1663,1899
1663,1942
1663,1945
1663,2010
1663,2087
1663,2307
1663,2381
1663,4638
1663,4782
1663,5037
1663,5744
1663,5955
1663,6135
1663,6156
1663,6315
1663,6706
1663,6707
1663,6801
1663,6830
1663,6849
1663,7319
1663,7424
1663,7536
1663,7537
1664,126
1664,315
1664,342
1664,1244
1664,1721
1664,3741
1664,3903
1664,6199
1665,5412
1665,5816
1665,6208
1665,6551
1665,7147
1665,7448
1666,2871
1666,3310
1666,6269
1666,6600
1667,821
1667,1414
1667,1426
1667,1862
1667,2513
1667,3295
1667,5832
1667,6197
1667,6952
1667,7448
1667,7519
1668,98
1668,304
1668,1210
1668,1842
1668,2128
1668,2571
1668,2981
1668,3476
1668,4303
1668,4787
1668,5348
1668,5371
1668,5816
1668,5976
1668,6877
1668,7166
1669,331
1669,585
1669,980
1669,1036
1669,1522
1669,2392
1669,3531
1669,3573
1669,6198
1669,6293
1669,6298
1669,6868
1669,6967
1669,7153
1669,7579
1670,158
1670,6764
1670,7626
1671,593
1671,1513
1671,1997
1671,3380
1671,3578
1671,4805
1671,4870
1671,5006
1671,5148
1671,5881
1671,7353
1672,186
1672,1785
1672,1969
1672,3116
1672,4619
1673,2239
1673,3203
1673,3469
1673,3480
1673,4790
1673,5052
1673,6166
1673,6235
1674,1087
1674,1331
1674,1338
1674,1452
1674,2121
1674,2646
1674,3038
1674,3995
1674,4118
1674,4232
1674,5200
1674,5705
1674,6191
1674,6821
1674,6941
1674,7019
1674,7583
1674,7639
1675,3431
1675,5163
1675,6268
1676,1262
1676,1410
1676,1533
1676,1638
1676,3028
1676,3231
1676,3879
1676,4237
1676,4399
1676,5271
1676,7460
1677,3668
1677,3977
1677,6032
1677,7242
1677,7303
1678,493
1678,2063
1678,2239
1678,2469
1678,3337
1678,3434
1678,3862
1678,4116
1678,5303
1678,6325
1678,6457
1678,6750
1679,20
1679,1896
1679,2071
1679,2751
1679,4112
1679,4163
1679,4433
1679,5146
1679,6078
1680,1068
1680,4699
1680,4837
1680,5822
1680,7068
1681,496
1681,1251
1681,1443
1681,1939
1681,2075
1681,3872
1681,3884
1681,4689
1681,5666
1681,6169
1681,6523
1681,6773
1682,185
1682,1133
1682,1572
1682,1573
1682,1673
1682,2375
1682,3421
1682,3542
1682,3895
1682,4223
1682,4722
1682,5091
1682,5455
1682,6172
1682,6832
1683,147
1683,444
1683,1223
1683,2361
1683,2805
1683,3733
1683,5573
1683,6508
1684,23
1684,183
1684,243
1684,659
1684,1113
1684,1582
1684,1639
1684,1993
1684,4350
1684,5518
1684,6414
1684,6692
1684,6706
1684,6830
1684,7103
1685,2090
1685,2260
1685,2281
1685,2768
1685,3324
1685,3597
1685,6046
1685,6465
1686,2108
1686,2166
1686,2239
1686,3070
1686,3152
1686,3544
1686,3710
1686,5199
1686,5412
1686,5632
1686,6138
1686,6228
1687,918
1687,1998
1687,4283
1687,4878
1688,462
1688,585
1688,3521
1688,4362
1688,4824
1688,6491
1689,573
1689,1961
1689,2183
1689,2304
1689,2519
1689,3101
1689,3716
1689,3802
1689,4015
1689,4407
1689,6751
1689,6807
1689,7305
1690,42
1690,1663
1690,1796
1690,2198
1690,2571
1690,5404
1690,5415
1690,5707
1690,6551
1690,6702
1691,545
1691,2077
1691,2876
1691,3227
1691,4906
1691,6169
1691,6504
1692,376
1692,2064
1692,2874
1692,3147
1692,5104
1692,5762
1692,7472
1693,133
1693,406
1693,671
1693,703
1693,2811
1693,3914
1693,4122
1693,4387
1693,6472
1694,441
1694,459
1694,2180
1694,3130
1694,4224
1694,4856
1694,5565
1694,5600
1694,6239
1694,6853
1695,2431
1695,5251
1695,5455
1695,6339
1695,7018
1695,7585
1696,463
1696,570
1696,801
1696,1391
1696,1428
1696,2134
1696,2635
1696,3102
1696,3272
1696,3543
1696,4070
1696,4881
1696,4972
1696,5409
1696,5753
1696,5848
1696,6143
1696,6391
1696,6534
1696,6771
1696,7073
1696,7241
1696,7555
1697,1472
1697,2198
1697,2370
1698,3380
1698,4164
1698,5048
1698,5404
1698,6215
1698,7150
1699,4432
1699,4690
1699,5323
1699,7123
1699,7168
1700,91
1700,393
1700,1239
1700,2142
1700,2239
1700,3022
1700,3710
1700,5839
1700,7344
1701,2867
1701,3400
1701,4410
1701,4518
1701,6367
1701,7004
1701,7175
1702,595
1702,667
1702,1455
1702,1762
1702,2333
1702,6138
1702,6993
1702,7291
1702,7461
1702,7530
1704,277
1704,1020
1704,1516
1704,5672
1704,6043
1704,7140
1705,3183
1705,6315
1705,7572
1705,7582
1706,38
1706,1309
1706,1459
1706,1558
1706,2189
1706,2552
1706,3598
1706,4342
1706,6275
1706,7646
1707,2332
1707,3723
1707,4141
1707,4168
1707,4309
1707,4733
1707,5229
1707,5513
1707,5614
1707,5665
1707,6078
1707,6382
1707,6494
1708,593
1708,3748
1708,3782
1708,4952
1708,5160
1708,6887
1708,6985
1709,641
1709,1272
1709,1346
1709,1803
1709,1969
1709,2099
1709,5588
1709,5668
1709,6465
1709,6519
1709,6648
1709,7014
1709,7188
1710,195
1710,472
1710,716
1710,3244
1710,3680
1710,5454
1710,6270
1710,6735
1710,7176
1710,7641
1711,1178
1711,1249
1711,1746
1711,2198
1711,2484
1711,2689
1711,3183
1711,3987
1711,5214
1712,254
1712,260
1712,1169
1712,1582
1712,1634
1712,2730
1712,4680
1712,6889
1713,354
1713,452
1713,1571
1713,1971
1713,2185
1713,2580
1713,2858
1713,3110
1713,4139
1713,4481
1713,5073
1713,5766
1713,6158
1714,536
1714,1125
1714,1253
1714,1457
1714,1777
1714,1981
1714,3035
1714,3310
1714,3577
1714,6282
1714,6450
1714,7409
1714,7503
1715,44
1715,1576
1715,2002
1715,2580
1715,2846
1715,4222
1715,5712
1716,921
1716,1287
1716,2325
1716,2945
1716,4050
1716,4502
1716,4908
1716,6412
1716,6610
1716,6713
1716,7006
1717,516
1717,801
1717,3840
1717,4758
1717,6465
1717,6648
1717,6997
1717,7366
1717,7630
1718,331
1718,1058
1718,4027
1718,5014
1718,6741
1718,7579
1718,7600
1719,2167
1719,3971
1719,6529
1719,7199
1720,3615
1720,5337
1720,6147
1721,1772
1721,5025
1721,5030
1721,7009
1722,295
1722,629
1722,1064
1722,1185
1722,1486
1722,2586
1722,2626
1722,3990
1722,4892
1722,5216
1722,7330
1723,169
1723,924
1723,1165
1723,1453
1723,1993
1723,2030
1723,3279
1723,4188
1723,4384
1723,4934
1723,5070
1723,5404
1723,6634
1723,7339
1724,932
1724,2391
1724,3879
1725,161
1725,601
1725,1379
1725,2113
1725,2569
1725,3775
1725,4294
1725,4565
1725,4940
1725,5188
1725,5864
1725,6369
1726,1390
1726,1901
1726,2794
1726,3040
1726,3864
1726,4672
1726,4683
1726,6503
1726,6747
1726,6822
1727,455
1727,1513
1727,1796
1727,5241
1727,5637
1727,6551
1727,6702
1727,7337
1727,7352
1727,7477
1727,7607
1728,54
1728,1021
1728,1468
1728,1593
1728,2249
1728,3082
1728,3201
1728,3412
1728,4197
1728,4748
1728,5163
1728,5736
1728,6148
1728,6160
1728,6217
1728,6635
1728,7229
1728,7609
1729,2277
1729,2392
1729,6061
1729,6178
1729,6266
1730,1062
1730,2287
1730,2935
1730,4160
1730,4331
1730,5112
1730,5559
1731,1987
1731,2542
1731,2574
1731,4904
1731,5183
1731,5550
1731,5571
1731,6861
1731,7267
1732,1364
1732,1734
1732,2250
1732,2387
1732,2861
1732,3024
1732,4281
1732,4412
1732,4548
1732,4758
1732,6552
1732,6666
1733,584
1733,655
1733,728
1733,1493
1733,2402
1733,2954
1733,3539
1733,4502
1733,5719
1733,6029
1733,6348
1733,6412
1733,6699
1733,7006
1733,7147
1734,1732
1734,2090
1734,2192
1734,2324
1734,2622
1734,2775
1734,2861
1734,3116
1734,5658
1734,6552
1734,7614
1735,1453
1735,1778
1735,3408
1735,3428
1735,3698
1735,4806
1735,4952
1735,5525
1735,6121
1735,6618
1735,6738
1736,1616
1736,2250
1736,3415
1736,3992
1736,4905
1736,5509
1736,5540
1736,5868
1736,5929
1736,7348
1736,7458
1737,737
1737,968
1737,1003
1737,2399
1737,3939
1737,5030
1737,5131
1737,6113
1737,6480
1737,7291
1737,7500
1738,89
1738,322
1738,732
1738,774
1738,906
1738,1165
1738,1344
1738,1639
1738,2661
1738,3620
1738,3859
1738,4157
1738,4161
1738,4421
1738,4781
1738,5111
1738,5139
1738,7406
1738,7540
1738,7610
1738,7617
1739,785
1739,911
1739,1337
1739,1919
1739,1967
1739,2525
1739,4358
1739,6036
1739,6547
1739,6872
1740,64
1740,249
1740,543
1740,1151
1740,1807
1740,2217
1740,2874
1740,4093
1740,4611
1740,6144
1740,7472
1741,296
1741,573
1741,3744
1741,4295
1742,2503
1742,3797
1742,4052
1742,6218
1742,6858
1742,6865
1742,6919
1742,7515
1742,7645
1743,453
1743,1412
1743,1811
1743,2860
1743,3021
1743,3023
1743,3220
1743,4342
1743,5045
1743,5250
1743,6765
1743,7646
1744,79
1744,400
1744,438
1744,558
1744,632
1744,720
1744,722
1744,849
1744,924
1744,1002
1744,1022
1744,1167
1744,1286
1744,1316
1744,1344
1744,1351
1744,1469
1744,1548
1744,1661
1744,1698
1744,1711
1744,1782
1744,1993
1744,2173
1744,2229
1744,2307
1744,2432
1744,2598
1744,2634
1744,2704
1744,2782
1744,2826
1744,2929
1744,2970
1744,3020
1744,3063
1744,3074
1744,3237
1744,3551
1744,3617
1744,3692
1744,3858
1744,4306
1744,4337
1744,4344
1744,4393
1744,4586
1744,4816
1744,4979
1744,5006
1744,5013
1744,5105
1744,5201
1744,5348
1744,5359
1744,5551
1744,5703
1744,5932
1744,5966
1744,6152
1744,6180
1744,6188
1744,6335
1744,6398
1744,6464
1744,6505
1744,6634
1744,6790
1744,6880
1744,6990
1744,7204
1744,7289
1744,7311
1744,7339
1744,7364
1744,7527
1744,7540
1744,7577
1745,707
1745,3170
1745,3259
1745,3650
1745,3952
1745,5301
1745,5417
1745,6358
1746,366
1746,2406
1746,3008
1746,3185
1746,4415
1746,4778
1746,6468
1746,6526
1746,7619
1747,1575
1747,1798
1747,2313
1747,3758
1747,4578
1747,5099
1747,5220
1747,5649
1747,7582
1748,918
1748,6201
1748,6501
1749,713
1749,2581
1749,3896
1749,3976
1750,496
1750,807
1750,1340
1750,1403
1750,1596
1750,6314
1750,6630
1751,972
1751,2019
1751,2389
1751,2557
1751,4666
1751,4819
1751,6679
1751,6956
1752,593
1752,2198
1752,3946
1752,5050
1753,501
1753,1494
1753,1794
1753,1884
1753,2406
1753,2816
1753,3223
1753,3578
1753,5455
1754,1114
1754,1147
1754,1208
1754,2278
1754,3110
1754,4119
1754,4166
1754,4998
1754,6011
1754,6292
1754,6375
1755,1008
1755,1235
1755,2464
1755,2865
1755,3285
1755,4717
1755,5792
1755,6032
1755,6857
1755,7242
1756,1015
1756,1953
1756,2319
1756,2976
1756,3175
1756,5276
1756,5548
1756,5642
1756,6819
1756,7063
1757,218
1757,1184
1757,1510
1757,1586
1757,3124
1757,3394
1757,3591
1757,4270
1757,5562
1757,5807
1757,5984
1757,6014
1757,6737
1758,2990
1758,4215
1758,5922
1759,174
1759,328
1759,556
1759,828
1759,1364
1759,2134
1759,2189
1759,2357
1759,2387
1759,2728
1759,3553
1759,4056
1759,4312
1759,4375
1759,4412
1759,4614
1759,4741
1759,4972
1759,5306
1759,5691
1759,5692
1759,5753
1759,5848
1759,6099
1759,6391
1759,6502
1759,6520
1759,7013
1759,7122
1759,7255
1759,7366
1760,2110
1760,6459
1761,628
1761,1979
1761,2917
1761,3120
1761,3457
1761,3742
1761,3837
1761,4503
1761,6879
1762,656
1762,709
1762,884
1762,1702
1762,1791
1762,4849
1762,6042
1762,6221
1762,6247
1762,7065
1762,7460
1763,258
1763,374
1763,659
1763,1899
1763,2087
1763,4510
1763,5199
1763,6566
1763,7003
1763,7319
1764,462
1764,585
1764,3336
1764,3531
1764,3650
1764,3952
1764,4301
1764,6328
1764,6619
1764,6868
1764,7590
1765,1632
1765,1839
1765,4678
1765,4818
1765,4962
1765,6056
1765,6812
1766,442
1766,1016
1766,1054
1766,1360
1766,1983
1766,2260
1766,2357
1766,2754
1766,4236
1766,4548
1766,4619
1766,5409
1766,6502
1766,7470
1766,7555
1767,512
1767,1347
1767,3359
1767,4729
1767,5503
1767,6632
1767,7020
1768,2793
1768,2997
1768,4084
1768,4462
1768,7087
1769,495
1769,1645
1769,1901
1769,2317
1769,3273
1769,4116
1769,4693
1769,5083
1769,5213
1771,554
1771,4208
1771,4426
1771,4673
1771,5587
1772,915
1772,968
1772,995
1772,1193
1772,1587
1772,1656
1772,1721
1772,1818
1772,2388
1772,2654
1772,2949
1772,3389
1772,4251
1772,4673
1772,5757
1772,6111
1772,6194
1772,6199
1772,6550
1772,7157
1773,37
1773,195
1773,1756
1773,1989
1773,3819
1773,4804
1773,5466
1773,6329
1773,7221
1774,1961
1774,2304
1774,2998
1774,3101
1774,3802
1774,5156
1775,789
1775,1415
1775,1453
1775,3066
1775,4257
1775,6760
1776,5936
1776,7072
1776,7357
1776,7510
1777,28
1777,36
1777,1347
1777,1627
1777,1714
1777,4294
1777,6237
1777,6807
1778,42
1778,762
1778,1610
1778,3698
1778,4803
1778,6121
1778,6259
1779,452
1779,6883
1780,1291
1780,3510
1780,4067
1780,4477
1780,6909
1781,78
1781,206
1781,427
1781,459
1781,1313
1781,1332
1781,1694
1781,3416
1781,4901
1781,4911
1781,5017
1781,5416
1781,5655
1781,5681
1781,5954
1781,6559
1781,6918
1781,7484
1781,7642
1782,1344
1782,1561
1782,2743
1782,4049
1782,4415
1782,5412
1782,6121
1782,6403
1782,6664
1782,6702
1782,7395
1782,7592
1783,3976
1783,6824
1784,593
1784,1472
1784,2013
1784,2521
1784,3456
1784,3958
1784,4806
1784,5641
1784,5859
1784,7085
1784,7180
1784,7464
1785,1672
1785,1900
1785,2364
1785,2892
1785,3116
1785,3961
1785,4072
1785,4105
1785,4403
1785,4905
1785,7411
1785,7506
1786,1259
1786,2237
1787,6050
1787,6205
1788,244
1788,3953
1788,4250
1788,7620
1789,1008
1789,2721
1789,3728
1789,5443
1789,5792
1790,821
1790,1058
1790,1062
1790,1414
1790,2267
1790,3115
1790,3753
1790,3817
1790,4371
1790,6486
1791,595
1791,745
1791,2788
1791,3258
1791,4088
1791,4610
1791,4615
1791,4925
1791,5675
1791,6173
1791,6247
1791,7291
1791,7404
1792,183
1792,593
1792,1447
1792,1796
1792,3092
1792,3648
1792,3703
1792,5241
1792,5979
1792,6673
1792,6702
1793,1059
1793,1307
1793,1352
1793,1405
1793,1606
1793,1890
1793,1968
1793,3033
1793,3505
1793,4079
1793,7002
1794,748
1794,1014
1794,1566
1794,1802
1794,3871
1794,6211
1794,6448
1794,6581
1794,7022
1794,7067
1795,501
1795,847
1795,2317
1795,3739
1795,3922
1795,4109
1795,4185
1795,4508
1795,5150
1795,5880
1796,77
1796,351
1796,596
1796,632
1796,836
1796,906
1796,1612
1796,1663
1796,2381
1796,2645
1796,2906
1796,3251
1796,3353
1796,3782
1796,4024
1796,4157
1796,4546
1796,4588
1796,4768
1796,4979
1796,5070
1796,5791
1796,6077
1796,6188
1796,6313
1796,6597
1796,6673
1796,6849
1796,6882
1796,6978
1796,7021
1796,7428
1796,7577
1797,319
1797,632
1797,1017
1797,2581
1797,3704
1797,3720
1797,4573
1797,5415
1797,5441
1797,5496
1797,5584
1798,33
1798,243
1798,258
1798,294
1798,346
1798,772
1798,813
1798,857
1798,869
1798,1093
1798,1167
1798,1170
1798,1226
1798,1349
1798,1540
1798,1668
1798,1965
1798,2115
1798,2193
1798,2307
1798,2396
1798,2812
1798,2852
1798,2882
1798,2991
1798,3196
1798,3237
1798,3357
1798,3459
1798,3476
1798,3762
1798,3930
1798,4086
1798,4091
1798,4162
1798,4210
1798,4262
1798,4510
1798,4734
1798,4839
1798,4870
1798,4971
1798,5103
1798,5195
1798,5205
1798,5302
1798,5371
1798,5525
1798,5557
1798,5744
1798,5945
1798,5976
1798,6075
1798,6291
1798,6397
1798,6461
1798,6560
1798,6731
1798,6754
1798,6802
1798,6848
1798,7059
1798,7180
1798,7294
1798,7537
1799,3088
1799,4901
1799,6919
1800,3735
1800,4906
1801,1479
1801,2299
1801,3532
1801,7330
1801,7384
1801,7510
1802,1499
1802,1962
1802,2664
1802,3223
1802,3959
1802,4722
1802,4890
1802,5455
1802,5676
1802,5749
1802,6211
1802,7054
1802,7307
1802,7330
1803,1709
1803,5387
1803,5588
1803,7188
1803,7630
1804,112
1804,182
1804,933
1804,1128
1804,2101
1804,2328
1804,3127
1804,3293
1804,3530
1804,3754
1804,5169
1804,5237
1804,5698
1804,5731
1804,5860
1804,6200
1804,6482
1804,6681
1804,6806
1804,7136
1805,1498
1805,1513
1805,1744
1805,3974
1805,4578
1805,4669
1805,4774
1805,5359
1805,6673
1805,6702
1806,120
1806,423
1806,1021
1806,1234
1806,2362
1806,5673
1807,355
1807,1151
1807,2168
1807,2413
1807,2874
1807,3231
1807,4544
1807,5803
1807,5834
1807,5870
1807,5951
1807,6402
1807,7472
1808,256
1808,355
1808,2534
1808,3511
1808,6144
1808,6396
1809,967
1809,5132
1809,5312
1810,1919
1810,2579
1810,4940
1810,5170
1810,5648
1810,6785
1810,7240
1810,7512
1811,216
1811,324
1811,1412
1811,1743
1811,2508
1811,2516
1811,5272
1811,6532
1812,2347
1812,2752
1812,3894
1812,3979
1812,5210
1812,7063
1813,835
1813,2907
1813,7518
1814,4424
1814,4521
1814,6117
1814,6223
1814,6307
1814,7287
1815,1373
1815,1380
1815,3494
1815,3526
1815,3771
1816,927
1816,1340
1816,1450
1816,1750
1816,2492
1816,2764
1816,3197
1816,4633
1816,5402
1816,6647
1816,6838
1817,434
1817,597
1817,1091
1817,1426
1817,1619
1817,2198
1817,2372
1817,3480
1817,3994
1817,4438
1817,4672
1817,4790
1817,6128
1817,6531
1817,7029
1817,7467
1817,7584
1818,1772
1818,3903
1818,4008
1818,4280
1818,4673
1818,5914
1818,6623
1818,6653
1818,7504
1819,2666
1819,5927
1820,606
1820,1121
1820,1212
1820,1315
1820,1511
1820,4062
1821,1442
1821,1520
1821,1660
1821,3612
1821,5213
1821,5781
1821,5889
1821,6470
1821,7000
1822,1565
1822,1594
1822,2230
1822,3191
1822,4258
1822,4843
1822,5020
1822,5086
1822,6050
1822,6324
1823,231
1823,1124
1823,1638
1823,2837
1823,3801
1823,6428
1824,783
1824,884
1824,3143
1824,3845
1824,4075
1824,5444
1824,5877
1824,6226
1824,7001
1824,7065
1825,7271
1826,85
1826,1284
1826,1453
1826,2198
1826,4384
1826,5556
1826,7079
1827,174
1827,512
1827,537
1827,787
1827,1243
1827,1280
1827,1346
1827,1389
1827,1709
1827,2854
1827,3091
1827,3164
1827,5628
1827,5755
1827,6099
1828,2507
1828,2720
1828,4544
1828,5762
1828,7243
1829,835
1829,4551
1829,5158
1829,5682
1829,6839
1830,663
1830,1889
1830,2652
1830,2656
1830,3441
1830,4475
1830,5383
1830,6106
1830,6185
1830,7214
1830,7629
1831,551
1831,2198
1831,2522
1831,2795
1831,3895
1831,5305
1831,5614
1831,6733
1831,7196
1832,434
1832,1362
1832,4121
1832,4501
1832,4621
1832,6378
1833,260
1833,1842
1833,3646
1833,4847
1833,6801
1833,6804
1833,7280
1833,7535
1834,28
1834,1280
1834,6887
1835,2528
1835,3879
1835,5271
1835,6133
1836,814
1836,1584
1836,3093
1837,574
1837,823
1837,1199
1837,1542
1837,1605
1837,2276
1837,2403
1837,3055
1837,3418
1837,3535
1837,3943
1837,4011
1837,4059
1837,4132
1837,4166
1837,4481
1837,4825
1837,4844
1837,4927
1837,5193
1837,5712
1837,6204
1837,6498
1838,1351
1838,2553
1838,2598
1838,3051
1838,3185
1838,3373
1838,3422
1838,3704
1838,5328
1838,5493
1838,5518
1838,6688
1839,414
1839,1632
1839,2467
1839,2616
1839,3764
1839,4192
1839,6056
1839,6616
1839,7082
1840,1747
1840,1784
1840,2866
1840,3756
1840,4355
1840,4420
1840,5955
1840,6906
1840,7319
1841,656
1841,1791
1841,2318
1841,5140
1841,5827
1841,6221
1841,6286
1841,7141
1841,7347
1841,7565
1842,951
1842,1833
1842,4384
1842,5371
1842,5976
1842,6801
1843,3330
1843,3421
1843,3691
1843,3871
1843,3959
1843,5957
1844,799
1844,1971
1844,3321
1844,3541
1844,4468
1844,6415
1845,22
1845,554
1845,557
1845,4143
1845,4426
1845,6653
1845,6874
1846,3754
1846,4937
1846,5153
1846,6130
1846,6806
1846,7291
1847,626
1847,813
1847,1330
1847,1415
1847,2239
1847,3226
1847,3748
1847,5799
1847,6702
1847,7568
1848,3200
1848,3863
1848,3971
1848,4597
1848,4652
1848,4929
1848,5900
1848,7199
1849,463
1849,1122
1849,1583
1849,1685
1849,2387
1849,3392
1849,3820
1849,4142
1849,4264
1849,4614
1849,5602
1850,593
1850,1280
1850,2198
1850,2239
1850,2541
1850,2689
1850,6702
1850,7395
1851,2037
1851,3663
1851,6046
1851,6679
1851,7566
1852,247
1852,491
1852,3057
1852,3315
1852,4035
1852,4265
1852,4623
1852,4855
1852,5161
1852,5274
1852,5977
1852,6151
1852,6255
1852,6607
1852,7092
1853,747
1853,1284
1853,2274
1853,3005
1853,3566
1853,5145
1853,6165
1853,6954
1854,109
1854,1058
1854,1415
1854,1671
1854,3068
1854,3895
1854,4384
1854,4805
1854,5212
1854,5455
1854,6825
1855,1262
1855,1857
1855,2638
1855,6138
1856,2505
1856,3154
1856,5705
1856,6241
1856,6433
1856,6941
1856,7377
1857,230
1857,902
1857,932
1857,1375
1857,1855
1857,2720
1857,4237
1857,6130
1858,147
1858,510
1858,4564
1858,5928
1858,6609
1859,1873
1859,4067
1859,4273
1860,85
1860,260
1860,2040
1860,2106
1860,2377
1860,3538
1860,4803
1860,6618
1860,6738
1860,6920
1860,7252
1861,2180
1861,3562
1861,5236
1861,6764
1862,415
1862,1210
1862,1667
1862,1904
1862,3177
1862,3710
1862,4376
1862,4670
1862,4803
1862,4845
1862,5068
1862,5459
1862,5531
1862,5623
1862,5740
1862,6787
1862,7582
1863,972
1863,1767
1863,2250
1863,2281
1863,3575
1863,3698
1863,4956
1863,5588
1863,7284
1863,7380
1864,1037
1864,1630
1864,2474
1864,4554
1864,4666
1864,4739
1864,5529
1864,6534
1864,6956
1865,323
1865,842
1865,1799
1865,3652
1865,3940
1865,4298
1865,4901
1865,5431
1865,5565
1865,5831
1865,6919
1865,7249
1866,226
1866,258
1866,2198
1866,6678
1867,517
1867,4758
1867,7014
1867,7060
1867,7124
1868,2318
1868,3231
1868,5429
1869,171
1869,589
1869,1068
1869,3219
1869,3586
1869,3735
1869,4193
1870,2162
1870,4482
1870,4621
1870,5422
1870,5907
1870,7591
1871,593
1871,2124
1871,6678
1871,6702
1871,6736
1871,7572
1872,3277
1872,3849
1872,3888
1872,3889
1872,4522
1872,4731
1872,5317
1872,5376
1872,5474
1872,6604
1873,526
1873,1291
1873,1859
1873,6909
1874,593
1874,1663
1874,2215
1874,2620
1874,3185
1874,4578
1874,6702
1874,7280
1874,7607
1875,835
1875,2816
1875,3796
1875,4164
1875,4216
1875,5556
1875,6424
1875,7151
1875,7553
1876,4376
1876,4805
1876,5967
1876,7219
1877,443
1877,2201
1877,2751
1877,3359
1877,4422
1877,4433
1877,5467
1877,7196
1877,7395
1878,2464
1878,3728
1878,5792
1878,6857
1879,1403
1879,2539
1879,3197
1879,3483
1879,4582
1880,2198
1880,2239
1880,2370
1880,4164
1880,4384
1880,6551
1881,1334
1881,2250
1881,2337
1881,3583
1881,3678
1881,3992
1881,4245
1881,4509
1881,4772
1881,4992
1881,5929
1881,6628
1881,7458
1882,561
1882,4663
1883,258
1883,4578
1883,6702
1883,7280
1884,986
1884,1862
1884,2170
1884,3672
1884,4067
1884,4670
1884,4874
1884,5231
1884,5251
1884,5304
1884,6193
1884,6553
1884,6769
1884,6954
1885,3353
1885,6702
1886,2105
1886,4396
1886,5023
1886,5389
1887,835
1887,5144
1887,6747
1888,564
1888,1358
1888,2096
1888,2263
1888,3478
1888,3484
1888,3555
1888,5625
1888,7235
1889,679
1889,1477
1889,1622
1889,2827
1889,3733
1889,3904
1889,4123
1889,4475
1889,4607
1889,4933
1890,1793
1890,5956
1890,7002
1890,7138
1890,7199
1891,1388
1891,2570
1891,4532
1891,5168
1891,5787
1892,855
1892,3904
1892,7033
1892,7383
1892,7620
1893,846
1893,5417
1893,5535
1893,5986
1893,6358
1894,1429
1894,2586
1894,3503
1894,4376
1894,5993
1894,6588
1894,6807
1894,7032
1894,7384
1895,890
1895,1213
1895,1411
1895,1564
1895,2250
1895,5393
1895,6127
1895,6607
1896,73
1896,456
1896,2941
1896,3765
1896,6395
1897,3848
1897,5130
1897,7228
1898,727
1898,3958
1898,4164
1899,79
1899,89
1899,287
1899,322
1899,400
1899,659
1899,800
1899,1090
1899,1100
1899,1152
1899,1305
1899,1476
1899,1582
1899,1639
1899,1705
1899,1708
1899,1711
1899,1744
1899,1962
1899,2123
1899,2170
1899,2575
1899,2645
1899,2826
1899,2866
1899,2938
1899,3027
1899,3105
1899,3278
1899,3512
1899,3799
1899,3858
1899,3876
1899,4012
1899,4212
1899,4337
1899,4453
1899,4526
1899,4590
1899,5311
1899,5543
1899,5744
1899,6180
1899,6183
1899,6688
1899,6706
1899,6807
1899,6945
1899,7170
1899,7181
1899,7203
1899,7311
1899,7319
1899,7440
1899,7477
1899,7527
1900,879
1900,1785
1900,2235
1900,2364
1900,2899
1900,2953
1900,3961
1900,4105
1900,4403
1900,5117
1900,5619
1900,5711
1900,5849
1900,6010
1900,7411
1901,95
1901,495
1901,1726
1901,1769
1901,3209
1901,3864
1901,4683
1901,5719
1901,5865
1901,6503
1901,6822
1902,593
1902,1798
1902,3804
1902,4641
1902,6702
1902,7477
1903,886
1903,1487
1903,2333
1903,2362
1903,2774
1903,2943
1903,3905
1903,3908
1903,4149
1903,4615
1903,4655
1903,5591
1903,6855
1903,7198
1903,7342
1904,331
1904,856
1904,1315
1904,1820
1904,2277
1904,2821
1904,2959
1904,3013
1904,5101
1904,5433
1904,5461
1904,6119
1904,6563
1904,7128
1904,7556
1905,575
1905,750
1905,751
1905,1005
1905,1961
1905,2804
1905,3109
1905,3271
1905,4473
1905,4810
1905,4959
1905,5191
1905,6085
1905,6134
1905,6572
1905,7392
1906,1950
1906,2315
1906,3142
1906,4518
1906,4521
1906,7112
1906,7498
1907,593
1907,1293
1907,1513
1907,2106
1907,2396
1907,2586
1907,3897
1907,3970
1907,6208
1907,6449
1907,6551
1908,1266
1908,1959
1908,2808
1908,3185
1908,3538
1908,4113
1908,5048
1908,5518
1908,6024
1908,6887
1909,17
1909,520
1909,982
1909,1128
1909,1446
1909,1567
1909,1791
1909,2554
1909,2943
1909,3636
1909,3754
1909,4382
1909,5034
1909,5053
1909,5697
1909,6090
1909,6404
1909,6423
1909,6855
1909,7133
1909,7291
1910,382
1910,2450
1910,2763
1910,4153
1910,4270
1910,7599
1911,262
1911,920
1911,1929
1911,2145
1911,2678
1911,3966
1911,5001
1911,6015
1912,125
1912,2239
1912,4473
1912,5155
1912,5234
1912,6064
1913,551
1913,7067
1913,7284
1914,580
1914,995
1914,3924
1914,3997
1914,5030
1914,5300
1914,6623
1914,6653
1915,264
1915,343
1915,532
1915,1589
1915,1645
1915,1956
1915,2066
1915,2345
1915,2356
1915,2514
1915,2884
1915,3273
1915,3578
1915,4376
1915,5079
1915,5447
1915,6570
1916,1489
1916,2762
1916,6147
1917,481
1917,1562
1917,4564
1917,5489
1917,6488
1917,6609
1918,1997
1918,2618
1918,3357
1918,4806
1918,4845
1918,5730
1918,7085
1919,892
1919,994
1919,1739
1919,2092
1919,6408
1919,7131
1920,96
1920,550
1920,1055
1920,1422
1920,2182
1920,2285
1920,2439
1920,2757
1920,3366
1920,4923
1920,5410
1920,5429
1920,6401
1920,6480
1920,6718
1921,330
1921,407
1921,1216
1921,1530
1921,1755
1921,2082
1921,2119
1921,2301
1921,5770
1921,7192
1922,212
1922,352
1922,551
1922,748
1922,936
1922,2536
1922,4917
1922,5739
1922,5798
1923,884
1923,4925
1923,4978
1923,6002
1923,6130
1923,7404
1923,7451
1924,373
1924,640
1924,1160
1924,1452
1924,1879
1924,2505
1924,2986
1924,5200
1924,5705
1925,593
1925,3756
1925,5042
1925,6291
1925,7008
1926,785
1926,2368
1926,3232
1926,4358
1926,4902
1926,5120
1926,6036
1927,2339
1927,3784
1927,4376
1927,5010
1927,5171
1927,5865
1927,6251
1927,7239
1928,2215
1928,2339
1928,4384
1928,5132
1929,456
1929,1034
1929,1442
1929,1777
1929,2447
1929,3623
1929,3704
1929,3849
1929,4160
1930,485
1930,644
1930,1457
1930,1633
1930,1981
1930,2746
1930,4100
1930,5461
1930,5696
1930,5843
1930,5953
1930,5963
1930,6450
1930,6572
1930,6730
1930,6827
1931,250
1931,2150
1931,2897
1931,4378
1931,4687
1931,5175
1931,5550
1932,1029
1932,1950
1932,3982
1932,7045
1933,1936
1933,1939
1933,2492
1933,3244
1933,3960
1933,4906
1934,1032
1934,1688
1934,2000
1934,2254
1934,3329
1934,3336
1934,4621
1934,7158
1934,7579
1935,1444
1935,1658
1935,2239
1935,3070
1935,3532
1935,4384
1935,7551
1936,270
1936,1480
1936,1681
1936,2742
1936,2762
1936,3824
1936,3828
1936,5617
1936,5624
1936,5725
1936,7030
1936,7201
1936,7438
1936,7613
1937,206
1937,1332
1937,2050
1937,4515
1937,6132
1937,6865
1937,7249
1937,7645
1938,92
1938,218
1938,456
1938,860
1938,4302
1938,4422
1938,6451
1938,6951
1939,365
1939,1951
1939,5057
1939,7260
1939,7367
1940,721
1940,1483
1940,2007
1940,5000
1940,5665
1940,7128
1941,766
1941,1956
1941,3070
1941,3277
1941,4376
1941,5007
1941,5144
1941,6551
1942,369
1942,1538
1942,4590
1942,5637
1942,5744
1942,5979
1942,6414
1942,6673
1942,7103
1943,764
1943,3676
1943,5440
1943,6513
1944,837
1944,1622
1945,903
1945,1113
1945,2159
1945,2313
1945,4420
1945,4871
1945,6707
1946,373
1946,3495
1946,4272
1946,5065
1946,6433
1947,806
1947,3090
1947,4548
1947,5448
1947,6534
1947,7272
1948,1417
1948,2084
1948,3224
1948,3510
1948,5132
1948,6761
1949,1968
1949,3535
1949,5096
1950,621
1950,2524
1950,2880
1950,3097
1950,3599
1950,4460
1950,4518
1950,5422
1950,5458
1950,6460
1950,6536
1950,6647
1950,6663
1950,6845
1950,7200
1950,7498
1951,1251
1951,1534
1951,1936
1951,2347
1951,3437
1951,4689
1951,5043
1951,5119
1951,6523
1952,195
1952,496
1952,1403
1952,1556
1952,2412
1952,3467
1952,3662
1952,4106
1952,4232
1952,7594
1953,2100
1953,2756
1953,3175
1953,3292
1953,4673
1953,5276
1953,5383
1953,7475
1954,85
1954,1063
1954,2431
1954,3370
1954,5145
1954,6193
1955,993
1955,3437
1955,3461
1955,3662
1955,3669
1955,4106
1955,4232
1955,4628
1955,5633
1955,5663
1955,6307
1955,7160
1956,597
1956,835
1956,1608
1956,1769
1956,2202
1956,2317
1956,2368
1956,2563
1956,3103
1956,3331
1956,4185
1956,4693
1956,5264
1956,5307
1956,5761
1956,5924
1956,6960
1956,7142
1957,1641
1958,229
1958,466
1958,715
1958,1707
1958,2839
1958,3372
1958,4490
1958,4523
1958,4733
1958,4864
1958,6411
1958,6660
1958,7269
1959,260
1959,345
1959,1067
1959,1178
1959,1368
1959,1997
1959,2471
1959,2564
1959,2571
1959,2766
1959,2772
1959,3970
1959,4090
1959,4155
1959,4241
1959,4303
1959,4570
1959,6066
1959,6354
1959,7520
1959,7572
1960,5062
1961,306
1961,363
1961,485
1961,725
1961,751
1961,1005
1961,1205
1961,1510
1961,1905
1961,1930
1961,2304
1961,2604
1961,2979
1961,2998
1961,3297
1961,3386
1961,3499
1961,4318
1961,4395
1961,4436
1961,4440
1961,4464
1961,5031
1961,5056
1961,5173
1961,5206
1961,5483
1961,5502
1961,5610
1961,5760
1961,5818
1961,5844
1961,5866
1961,6093
1961,6341
1961,6586
1961,6615
1961,6620
1961,6730
1961,6751
1961,7038
1961,7184
1961,7380
1961,7474
1962,756
1962,766
1962,1426
1962,1802
1962,1899
1962,1990
1962,2447
1962,3381
1962,3585
1962,3849
1962,4731
1962,5287
1962,5963
1962,6246
1962,7269
1963,3586
1963,4361
1963,6433
1964,195
1964,1010
1964,1331
1964,2034
1964,3622
1964,4533
1965,2215
1965,3895
1965,4174
1965,4384
1965,4864
1965,5404
1965,5808
1965,7395
1966,612
1966,1103
1966,2368
1966,2649
1966,3480
1966,3578
1966,3773
1966,4985
1966,7142
1966,7584
1967,936
1967,1291
1967,1448
1967,3134
1967,3404
1968,416
1968,451
1968,823
1968,1462
1968,1793
1968,2029
1968,2276
1968,2501
1968,2696
1968,2716
1968,2919
1968,3033
1968,3110
1968,3679
1968,3694
1968,4011
1968,4825
1968,4844
1968,5149
1968,5900
1968,6932
1968,7466
1969,698
1969,787
1969,877
1969,909
1969,928
1969,1272
1969,1391
1969,1434
1969,1672
1969,1734
1969,1947
1969,1972
1969,1977
1969,2103
1969,2387
1969,2474
1969,2596
1969,2622
1969,2635
1969,4264
1969,4566
1969,5540
1969,5691
1969,6442
1969,6534
1969,6765
1970,369
1970,2239
1970,2365
1970,3627
1970,4376
1970,4952
1970,5979
1970,7607
1971,354
1971,451
1971,1168
1971,1224
1971,1229
1971,1779
1971,2858
1971,3110
1971,3228
1971,3254
1971,4204
1971,4844
1971,5353
1971,5766
1971,6292
1971,6798
1971,6938
1971,7567
1972,517
1972,801
1972,1391
1972,1969
1972,2147
1972,4548
1972,6997
1972,7272
1973,2529
1973,4957
1973,6243
1973,6569
1973,7325
1974,5202
1974,7106
1975,2239
1975,5474
1975,6594
1975,7072
1975,7357
1975,7468
1975,7592
1976,2158
1976,3760
1976,6027
1976,7322
1976,7330
1977,412
1977,850
1977,1648
1977,2250
1977,2975
1977,5045
1977,5465
1977,5879
1977,6010
1977,6363
1977,7411
1978,71
1978,956
1978,1624
1978,2349
1978,4080
1978,5641
1978,5722
1978,5775
1978,6118
1978,7147
1978,7320
1979,109
1979,804
1979,1618
1979,1660
1979,2425
1979,2533
1979,3052
1979,3249
1979,3480
1979,3612
1979,4344
1979,4617
1979,5052
1979,5189
1979,5664
1979,5781
1979,5944
1979,6166
1979,7481
1980,349
1980,981
1980,2435
1980,2623
1980,2777
1980,3415
1980,3583
1980,5110
1980,5929
1980,6628
1981,931
1981,1552
1981,4152
1981,6450
1981,7365
1982,1079
1982,3741
1982,4143
1982,4280
1982,6653
1983,442
1983,556
1983,1630
1983,1849
1983,2260
1983,2622
1983,2635
1983,3272
1983,4619
1983,5529
1983,6842
1983,7255
1984,1026
1984,1134
1984,1275
1984,1729
1984,2214
1984,3083
1984,3832
1984,4234
1984,4922
1984,5917
1984,6061
1984,6647
1985,101
1985,4909
1985,6807
1985,7190
1985,7641
1986,368
1986,7199
1987,1181
1987,1261
1987,1731
1987,1768
1987,4368
1987,4767
1987,4817
1987,4823
1987,6165
1987,6627
1987,6766
1987,7087
1988,4843
1988,4866
1988,4903
1988,5592
1988,7620
1989,1010
1989,1773
1989,2051
1989,3396
1989,4560
1989,5358
1989,5533
1989,5671
1989,5838
1989,6674
1989,7281
1990,253
1990,985
1990,1667
1990,2625
1990,3405
1990,4562
1990,4592
1990,4775
1990,4805
1990,5559
1990,6994
1990,7332
1990,7553
1991,3408
1991,4952
1991,6437
1991,6487
1991,6646
1992,891
1992,912
1992,1386
1992,3894
1993,134
1993,183
1993,258
1993,945
1993,1545
1993,2380
1993,2736
1993,3274
1993,3542
1993,4594
1993,5348
1993,5881
1993,6850
1993,6882
1993,6923
1993,7352
1994,4878
1995,2064
1995,3915
1996,2370
1996,2377
1996,2564
1996,3708
1996,3996
1996,5258
1996,5296
1996,5816
1997,1899
1997,1918
1997,4164
1997,5070
1997,6024
1997,7572
1998,268
1998,440
1998,1687
1998,1932
1998,2025
1998,2619
1998,4878
1998,4939
1998,5200
1998,5322
1998,5805
1998,6065
1998,6694
1999,201
1999,266
1999,1472
1999,1945
1999,2406
1999,2573
1999,2716
1999,2770
1999,2970
1999,3081
1999,3212
1999,3225
1999,3926
1999,4041
1999,4210
1999,4241
1999,4253
1999,4359
1999,4857
1999,5201
1999,5576
1999,5639
1999,6067
1999,6313
1999,6731
1999,6831
1999,6992
1999,7096
1999,7277
1999,7296
1999,7616
2000,331
2000,1239
2000,1285
2000,1657
2000,2847
2000,3313
2000,3368
2000,3847
2000,3913
2000,4085
2000,4118
2000,4757
2000,6298
2000,6596
2000,6911
2000,7376
2000,7579
2001,2198
2001,2954
2001,4745
2001,6452
2002,1199
2002,1473
2002,1576
2002,1715
2002,2403
2002,5645
2002,7006
2002,7571
2003,5043
2003,5382
2003,7438
2004,1387
2004,3200
2005,835
2005,2559
2005,3273
2005,3433
2005,3578
2005,4218
2005,4573
2006,3628
2006,4676
2006,4960
2006,5531
2006,6997
2007,506
2007,1483
2007,1940
2007,3559
2007,6003
2008,700
2009,535
2009,718
2009,1094
2009,7067
2010,1058
2011,1551
2011,2298
2011,3891
2011,4422
2011,5455
2011,6676
2012,398
2012,2873
2012,3211
2012,3255
2012,4353
2012,4711
2012,5072
2012,5230
2013,3184
2013,4114
2013,5008
2013,5756
2013,5976
2013,6284
2013,6658
2013,6754
2013,6810
2013,6887
2013,7103
2013,7385
2013,7568
2014,988
2014,1175
2014,1248
2014,2422
2014,2662
2014,3396
2014,3729
2014,4405
2014,5035
2014,6838
2014,7641
2015,1470
2015,2286
2015,3856
2016,301
2016,2127
2016,2898
2016,4486
2016,4551
2016,4762
2016,4913
2016,5425
2016,5527
2016,6136
2016,6420
2017,552
2017,593
2017,770
2017,3051
2017,4296
2017,4384
2017,6098
2018,3309
2018,4964
2019,1016
2019,1221
2019,1751
2019,2327
2019,4300
2019,4619
2019,5588
2019,6502
2019,6666
2019,7241
2020,2442
2020,2597
2020,2692
2020,2858
2020,3568
2020,3694
2020,4396
2020,4444
2020,6158
2020,7004
2020,7199
2020,7350
2021,1069
2021,2299
2021,3503
2021,3868
2021,3948
2021,3950
2021,4710
2021,5650
2021,5936
2021,6086
2021,6588
2021,6743
2021,6933
2021,7288
2021,7330
2022,842
2022,1313
2022,1742
2022,1781
2022,4224
2022,4425
2022,4740
2022,5005
2022,5102
2022,5252
2022,5426
2022,5431
2022,5655
2022,6220
2022,6273
2022,6559
2022,6734
2022,7249
2022,7515
2022,7642
2024,1185
2024,3277
2024,3339
2024,3990
2024,4522
2024,4805
2024,4987
2024,5022
2025,873
2025,1998
2025,6304
2025,7132
2025,7329
2026,30
2026,499
2026,809
2026,2402
2026,4502
2026,4609
2026,4858
2026,4990
2026,5070
2026,6038
2026,6715
2026,6909
2026,7077
2026,7318
2026,7325
2027,128
2027,822
2027,1300
2027,1358
2027,2094
2027,2707
2027,3418
2027,4327
2027,5486
2027,5625
2027,6555
2027,7094
2028,771
2028,1030
2028,1091
2028,1432
2028,1660
2028,4890
2028,5082
2028,5366
2028,5652
2028,5957
2028,7171
2028,7478
2029,281
2029,2185
2029,3769
2029,3943
2030,28
2030,89
2030,593
2030,2868
2030,4983
2030,5255
2030,6551
2030,7280
2031,308
2031,1225
2031,3223
2031,3978
2031,4692
2032,764
2032,1418
2032,2198
2032,3612
2032,4198
2032,4371
2032,5091
2033,1665
2033,2370
2033,2657
2033,6208
2033,6562
2034,373
2034,1009
2034,1381
2034,1534
2034,2662
2034,2875
2034,4346
2034,4533
2034,4698
2034,5723
2034,6773
2035,642
2035,1822
2035,3175
2035,3603
2035,4732
2035,4843
2035,4866
2035,6044
2035,6050
2035,6819
2036,70
2036,1270
2037,136
2037,877
2037,1851
2037,1863
2037,2281
2037,4300
2037,4758
2038,303
2038,1468
2038,5135
2038,6062
2038,7460
2039,27
2039,132
2039,813
2039,1211
2039,1226
2039,1634
2039,1712
2039,2106
2039,2661
2039,3459
2039,3867
2039,3910
2039,4184
2039,5626
2039,5816
2039,6287
2039,6507
2039,6895
2040,762
2040,1427
2040,3698
2040,4952
2040,6297
2040,7464
2041,3443
2041,3725
2041,3956
2041,4805
2041,5142
2041,6569
2041,7077
2042,260
2042,4952
2042,5816
2043,137
2043,2086
2043,2201
2043,5674
2043,7330
2044,252
2044,2378
2044,3365
2044,3484
2044,4430
2044,5192
2044,6555
2044,7094
2045,456
2045,1280
2045,1429
2045,2826
2045,5496
2046,464
2046,853
2046,1053
2046,1460
2046,2180
2046,2255
2046,3481
2046,3730
2046,4265
2046,5161
2046,5600
2046,6357
2046,6380
2047,533
2047,3559
2047,4153
2047,4174
2047,6506
2047,6917
2048,593
2048,951
2048,1058
2048,1668
2048,2618
2048,6492
2049,654
2049,1058
2049,2431
2049,3005
2049,3202
2049,3240
2049,3566
2049,4148
2049,4268
2049,5313
2049,5550
2049,6272
2049,7416
2050,338
2050,399
2050,401
2050,842
2050,1865
2050,1937
2050,3940
2050,4675
2050,5102
2050,5426
2050,5431
2050,5565
2050,5600
2050,6218
2050,6853
2051,52
2051,241
2051,588
2051,827
2051,1107
2051,1989
2051,3248
2051,3661
2051,4341
2051,5238
2051,5838
2051,6072
2051,6443
2052,241
2052,893
2052,1629
2052,2644
2052,4633
2052,5185
2052,7334
2053,1588
2053,4657
2053,4720
2053,4866
2053,5276
2053,5558
2053,5960
2053,6044
2053,6573
2053,6819
2053,7563
2053,7575
2054,247
2054,781
2054,1204
2054,1471
2054,1895
2054,2180
2054,2475
2054,3204
2054,3263
2054,4265
2054,4334
2054,4600
2054,4795
2054,5393
2054,6641
2055,495
2055,771
2055,930
2055,1225
2055,1339
2055,2372
2055,5455
2055,5957
2055,7102
2055,7584
2056,1535
2056,2608
2056,3159
2056,3227
2056,3949
2056,4738
2056,5221
2056,5638
2057,2665
2058,583
2058,3162
2058,3895
2058,7067
2059,956
2059,2376
2059,2402
2059,2536
2059,4067
2059,5174
2059,7102
2060,184
2060,258
2060,1744
2060,2380
2060,2410
2060,4870
2060,7212
2061,1490
2061,3067
2061,3660
2061,3933
2061,3986
2061,5282
2061,5570
2061,6927
2061,6950
2062,3157
2062,3179
2062,3339
2062,4154
2062,7032
2063,1678
2063,6942
2064,166
2064,617
2064,1702
2064,1903
2064,1923
2064,1995
2064,3104
2064,3759
2064,3915
2064,4443
2064,4567
2064,5100
2064,5153
2064,5515
2064,5675
2064,5793
2064,6234
2064,6652
2064,6975
2064,7282
2064,7291
2065,675
2065,2295
2065,5123
2065,5354
2065,5895
2066,109
2066,1589
2066,1956
2066,2345
2066,2356
2066,2706
2066,3317
2066,4831
2066,4967
2066,5307
2066,5447
2066,5889
2066,6570
2067,3487
2067,3904
2067,5038
2067,5383
2067,6185
2067,6924
2067,7214
2068,707
2068,1700
2068,2303
2068,3557
2068,4118
2068,4908
2068,6868
2068,6967
2068,7039
2068,7191
2069,2085
2069,3033
2069,4079
2069,5905
2069,6903
2069,7138
2070,456
2070,2438
2070,2795
2070,3179
2070,3328
2070,3931
2070,4373
2070,5500
2070,5708
2070,6379
2070,7020
2071,1707
2071,5305
2071,5420
2071,6733
2071,6828
2071,7196
2072,5067
2073,561
2073,1509
2073,3211
2073,4478
2073,4585
2073,5609
2073,6709
2074,93
2074,872
2074,1057
2074,1107
2074,3396
2074,4025
2074,4336
2074,5026
2074,5644
2074,5713
2074,6674
2075,5043
2076,884
2077,43
2077,402
2077,668
2077,676
2077,887
2077,1691
2077,2300
2077,2963
2077,3108
2077,3934
2077,4108
2077,4272
2077,4779
2077,5370
2077,5423
2077,5514
2077,5617
2077,5708
2077,7030
2078,2412
2078,2646
2078,3086
2078,3239
2078,4232
2078,5035
2078,5817
2078,5872
2078,6838
2078,7433
2079,2318
2079,2439
2079,3569
2079,3879
2079,6347
2079,7500
2080,2269
2080,4266
2080,5874
2081,2213
2081,2897
2081,5571
2082,300
2082,407
2082,1008
2082,1216
2082,1274
2082,1530
2082,1789
2082,1921
2082,2119
2082,2865
2082,3668
2082,3728
2082,3977
2082,4030
2082,6032
2082,6364
2082,7161
2082,7242
2083,701
2083,2293
2083,3153
2083,3590
2083,5563
2083,5821
2083,5913
2083,6283
2084,48
2084,217
2084,456
2084,1184
2084,2415
2084,2586
2084,2795
2084,3339
2084,4735
2084,5504
2085,1085
2085,1341
2085,2069
2085,2167
2085,3126
2085,4079
2085,4339
2085,4370
2085,4794
2085,5905
2085,6285
2085,7082
2085,7605
2086,1287
2086,1427
2086,1782
2086,2106
2086,4384
2086,5222
2086,6618
2086,7330
2086,7535
2086,7603
2087,1663
2087,3277
2087,4243
2087,6551
2088,3541
2088,5809
2088,6415
2088,7499
2088,7571
2089,336
2089,495
2089,1817
2089,1979
2089,3158
2089,4042
2089,4851
2089,6048
2089,6409
2089,7486
2090,556
2090,806
2090,1016
2090,1428
2090,1685
2090,2250
2090,2474
2090,2635
2090,2946
2090,3099
2090,3291
2090,3324
2090,3597
2090,3722
2090,3805
2090,4034
2090,4038
2090,4342
2090,4667
2090,4704
2090,4759
2090,5540
2090,5848
2090,6771
2090,6772
2090,6881
2090,7086
2090,7272
2091,467
2091,6154
2091,6476
2092,892
2092,898
2092,1733
2092,3295
2092,3510
2092,3742
2092,3964
2092,5786
2092,6569
2092,7250
2092,7313
2093,28
2093,360
2093,2581
2093,3273
2093,3779
2093,3964
2093,4009
2093,6388
2093,6464
2093,6909
2093,7130
2094,1435
2094,2044
2094,3365
2094,4277
2094,5486
2094,5636
2094,5933
2094,6955
2094,7393
2095,659
2095,1002
2095,1092
2095,3063
2095,3243
2095,3294
2095,4013
2095,4161
2095,4812
2095,4912
2095,5293
2095,5597
2095,6343
2095,6381
2095,6902
2096,252
2096,1888
2096,3478
2096,4882
2096,5625
2096,5636
2096,7235
2098,136
2098,517
2098,972
2098,2019
2098,2312
2098,2324
2098,2557
2098,2925
2098,3356
2098,3588
2098,3628
2098,4704
2098,6997
2099,517
2099,879
2099,1272
2099,1867
2099,2324
2099,4539
2099,4566
2099,6679
2099,7188
2099,7566
2100,56
2100,135
2100,157
2100,1588
2100,1756
2100,1822
2100,4275
2100,4291
2100,4866
2100,5548
2100,5861
2100,6120
2100,6573
2100,7450
2100,7516
2101,131
2101,1487
2101,1593
2101,3905
2101,5256
2101,5591
2101,7208
2102,811
2102,1186
2102,1628
2102,1752
2102,1797
2102,3683
2102,6414
2102,6688
2102,7247
2103,828
2103,2134
2103,2622
2103,3346
2103,3543
2103,3565
2104,526
2104,2239
2104,2253
2104,3049
2104,4090
2104,4329
2104,5112
2104,6354
2104,7233
2105,565
2105,799
2105,1208
2105,1886
2105,2466
2105,4396
2105,6498
2105,7499
2106,23
2106,346
2106,538
2106,811
2106,816
2106,916
2106,945
2106,973
2106,1668
2106,1860
2106,2365
2106,2888
2106,3073
2106,3234
2106,3459
2106,4578
2106,4616
2106,4682
2106,4839
2106,5740
2106,5855
2106,6082
2106,6315
2106,6397
2106,6461
2106,6553
2106,6714
2106,6801
2106,6810
2106,6811
2106,7182
2106,7252
2106,7487
2106,7520
2106,7597
2106,7599
2106,7628
2107,951
2107,2981
2107,3748
2107,5612
2107,6024
2108,1444
2108,3152
2108,3607
2108,4164
2109,409
2109,550
2109,1640
2109,1920
2109,3601
2109,3801
2109,4144
2109,4950
2109,6718
2109,7165
2110,907
2110,2465
2110,7418
2111,15
2111,30
2111,65
2111,600
2111,896
2111,971
2111,1196
2111,1601
2111,1645
2111,2732
2111,3962
2111,3991
2111,4066
2111,4456
2111,4754
2111,4858
2111,4990
2111,5295
2111,5384
2111,5635
2111,6408
2111,6481
2111,7077
2111,7130
2111,7312
2111,7313
2111,7493
2111,7608
2112,593
2112,1448
2112,2655
2112,5775
2112,5943
2112,6909
2113,51
2113,106
2113,211
2113,856
2113,1098
2113,1486
2113,1610
2113,1722
2113,1894
2113,2024
2113,3278
2113,3351
2113,3591
2113,3643
2113,3775
2113,3870
2113,4674
2113,4745
2113,4890
2113,5022
2113,5321
2113,5433
2113,5864
2113,6683
2113,7007
2113,7102
2113,7589
2114,442
2114,541
2114,649
2114,882
2114,1272
2114,1434
2114,2099
2114,2132
2114,2281
2114,3305
2114,3523
2114,3663
2114,4554
2114,4666
2114,5978
2114,7014
2114,7470
2114,7648
2115,906
2115,1214
2115,1959
2115,2406
2115,2881
2115,2916
2115,3074
2115,3237
2115,4688
2115,5468
2115,5740
2115,6706
2115,6930
2115,7091
2115,7369
2116,998
2116,2150
2116,2430
2116,2897
2116,6142
2117,26
2117,383
2117,1194
2117,1591
2117,2294
2117,2556
2117,2819
2117,2887
2117,3247
2117,3257
2117,3657
2117,4848
2117,6343
2117,6790
2117,7398
2118,3607
2118,5396
2118,6898
2118,6901
2119,636
2119,1235
2119,1921
2119,2082
2119,3129
2119,7192
2120,1058
2120,2339
2120,2370
2120,3606
2120,4376
2120,6618
2120,6707
2120,7582
2121,160
2121,1338
2121,1385
2121,3524
2121,3705
2121,4410
2121,4518
2121,4752
2121,6433
2122,1739
2122,1926
2122,2856
2122,4707
2122,5170
2122,6118
2122,6408
2122,6872
2123,593
2123,2198
2123,6800
2124,183
2124,593
2124,1871
2124,1942
2124,2198
2124,3895
2124,5707
2124,6736
2125,858
2125,1103
2125,2138
2125,2781
2125,3578
2125,4831
2125,5180
2125,5378
2125,6012
2125,7335
2126,53
2126,197
2126,1812
2126,3108
2126,3219
2126,3894
2126,5085
2126,5605
2126,6813
2126,7063
2127,829
2127,2016
2127,2511
2127,6724
2127,6987
2128,795
2128,869
2128,1067
2128,1431
2128,1668
2128,3235
2128,4303
2128,6801
2128,7395
2129,14
2129,677
2129,726
2129,776
2129,2410
2129,2600
2129,2730
2129,3748
2129,3958
2129,4355
2129,4535
2129,4946
2129,5194
2129,5593
2129,6701
2129,6877
2130,423
2130,1326
2130,1367
2130,2343
2130,2638
2131,1143
2131,1597
2131,2274
2131,2374
2131,5862
2131,6258
2132,1759
2132,2114
2132,2260
2132,2643
2132,3006
2132,4819
2132,6666
2132,7255
2133,19
2133,204
2133,219
2133,315
2133,581
2133,2443
2133,3997
2133,4181
2133,4226
2133,4984
2133,5762
2133,7460
2134,412
2134,806
2134,828
2134,3543
2134,5448
2134,5602
2134,6143
2135,1571
2135,2218
2135,2497
2135,2524
2135,2880
2135,4058
2135,6459
2136,150
2136,373
2136,1674
2136,2539
2136,2662
2136,2830
2136,3154
2136,4533
2136,4698
2136,6504
2136,6991
2137,481
2137,2499
2137,5974
2137,6106
2137,6508
2137,7383
2138,1103
2138,2125
2138,6246
2139,206
2139,427
2139,2050
2139,2369
2139,2472
2139,2670
2139,2842
2139,3165
2139,4675
2139,4965
2139,5017
2139,5252
2139,5294
2139,5319
2139,5655
2139,5939
2139,6220
2139,7027
2139,7249
2139,7484
2140,932
2140,1124
2140,6347
2140,6550
2140,7011
2140,7230
2140,7403
2141,271
2141,286
2141,300
2141,623
2141,3945
2141,4377
2141,5244
2141,6364
2142,1106
2142,1423
2142,2239
2142,2348
2142,5033
2142,5629
2142,7395
2143,95
2143,372
2143,658
2143,958
2143,1069
2143,1070
2143,1076
2143,1339
2143,1377
2143,1418
2143,1432
2143,2032
2143,2243
2143,2299
2143,2356
2143,2719
2143,2763
2143,2794
2143,2908
2143,3098
2143,3190
2143,3223
2143,3887
2143,4185
2143,4764
2143,4871
2143,4879
2143,5171
2143,5464
2143,5998
2143,6063
2143,6280
2143,6434
2143,6961
2143,7239
2143,7365
2143,7468
2143,7603
2145,40
2145,2024
2145,2626
2145,3990
2145,4098
2145,4535
2145,4735
2145,4940
2145,5993
2145,6901
2145,7007
2146,92
2146,6594
2147,767
2147,1360
2147,1583
2147,2134
2147,3722
2147,3805
2147,4070
2147,5602
2147,6670
2147,7555
2148,187
2148,695
2148,933
2148,1065
2148,1446
2148,1523
2148,1909
2148,2774
2148,5860
2148,6200
2148,6344
2149,957
2149,1261
2149,2213
2149,3103
2149,3331
2149,4462
2149,4804
2149,5460
2149,6329
2149,6513
2149,7244
2150,250
2150,1931
2150,2274
2150,2910
2150,3005
2150,3120
2150,6258
2150,6729
2151,255
2151,1449
2151,2528
2151,7460
2152,3592
2152,4183
2152,7558
2153,139
2153,3265
2153,4325
2154,1804
2154,3030
2154,5731
2154,6130
2155,864
2155,2879
2155,6954
2156,1527
2156,4651
2156,4885
2156,5566
2156,7169
2157,993
2157,4284
2158,1976
2158,6518
2159,1798
2159,1945
2159,2302
2159,3408
2159,4384
2159,6551
2160,2799
2160,3227
2160,3437
2160,6307
2160,6549
2161,2295
2161,2927
2161,5354
2161,5484
2162,613
2162,2505
2162,4118
2162,4308
2162,4621
2162,5014
2162,5501
2163,72
2163,403
2163,5001
2163,5209
2163,5437
2163,7206
2163,7351
2164,137
2164,2170
2164,2239
2164,3339
2164,4055
2164,4422
2164,6157
2164,6511
2164,7305
2165,2160
2165,3442
2165,3461
2165,4628
2165,4935
2165,5185
2165,5454
2165,5633
2165,6549
2165,6554
2165,7620
2166,947
2166,2042
2166,2563
2166,4522
2166,5199
2166,6551
2166,7289
2167,437
2167,1200
2167,1547
2167,3192
2167,3200
2167,3679
2167,3696
2167,3790
2167,4370
2167,4929
2167,7089
2168,11
2168,145
2168,249
2168,307
2168,422
2168,938
2168,996
2168,1151
2168,1737
2168,1808
2168,2602
2168,2947
2168,3122
2168,3293
2168,3477
2168,3601
2168,3614
2168,4288
2168,4744
2168,4796
2168,4800
2168,5046
2168,5104
2168,5128
2168,5162
2168,5803
2168,6524
2168,6671
2168,6975
2168,7220
2168,7355
2168,7472
2168,7494
2169,156
2169,2863
2169,4869
2169,6536
2170,1063
2170,1357
2170,1631
2170,1651
2170,1733
2170,1809
2170,2175
2170,2657
2170,3193
2170,3206
2170,4055
2170,4679
2170,5037
2170,5231
2170,5259
2170,5403
2170,5651
2170,6636
2170,6732
2170,6787
2170,6909
2170,6945
2170,7627
2171,446
2171,875
2171,3277
2171,3532
2171,4822
2171,7067
2172,593
2172,1716
2172,2354
2172,2703
2172,2903
2172,2945
2172,3296
2172,3748
2172,4376
2172,5174
2172,6610
2172,6699
2173,659
2173,739
2173,2859
2173,4912
2173,5372
2173,6678
2173,7464
2173,7534
2173,7601
2174,3248
2174,4032
2175,41
2175,672
2175,809
2175,832
2175,1026
2175,1176
2175,1481
2175,1790
2175,2170
2175,2798
2175,3078
2175,3268
2175,4263
2175,4365
2175,5716
2175,6408
2175,6922
2175,7216
2175,7446
2175,7627
2176,561
2176,1622
2176,6488
2177,2295
2177,3387
2177,4685
2177,5354
2177,5484
2177,6271
2178,140
2178,3192
2178,3609
2178,3971
2178,4374
2178,6820
2179,604
2179,761
2179,1444
2179,2621
2179,3763
2179,6251
2179,7550
2180,399
2180,491
2180,1213
2180,1280
2180,1694
2180,2321
2180,2591
2180,3610
2180,5783
2180,7092
2180,7306
2181,130
2181,1410
2181,2456
2181,2720
2181,3747
2181,3801
2181,5537
2182,2064
2182,2350
2182,3366
2182,4896
2182,6153
2182,6231
2182,6948
2183,4376
2183,4729
2183,5222
2183,5471
2183,6039
2184,3244
2184,4646
2184,5238
2184,6463
2184,6514
2184,7620
2185,929
2185,1713
2185,2029
2185,2858
2185,2862
2185,6697
2186,584
2186,1013
2186,1296
2186,2703
2186,3506
2186,3920
2186,5798
2186,5851
2186,6677
2187,850
2187,4960
2187,5069
2188,44
2188,646
2188,3857
2188,4389
2188,6697
2188,6762
2188,7571
2189,779
2189,1759
2189,1969
2189,2446
2189,3032
2189,3598
2189,5491
2189,5602
2189,6046
2189,6357
2189,6842
2189,7073
2190,3735
2190,4646
2190,5684
2190,6768
2190,7620
2191,2494
2191,3331
2191,4906
2192,1734
2192,2250
2192,4412
2192,4496
2192,5164
2192,6479
2192,7013
2192,7014
2193,369
2193,593
2193,1798
2193,6702
2194,538
2194,789
2194,2033
2194,2620
2194,2911
2194,4228
2194,4313
2194,4952
2194,5881
2194,6297
2194,6618
2194,6738
2194,6811
2195,1103
2195,2198
2195,6012
2195,6246
2195,7467
2196,120
2196,709
2196,932
2196,1065
2196,2869
2196,3431
2196,3684
2196,4110
2196,4943
2196,6671
2196,7275
2196,7491
2197,3946
2197,4522
2197,4578
2198,0
2198,5
2198,27
2198,41
2198,94
2198,99
2198,113
2198,123
2198,132
2198,137
2198,152
2198,213
2198,233
2198,245
2198,259
2198,269
2198,272
2198,276
2198,285
2198,287
2198,317
2198,353
2198,360
2198,380
2198,393
2198,407
2198,435
2198,438
2198,445
2198,448
2198,450
2198,494
2198,500
2198,515
2198,527
2198,553
2198,582
2198,590
2198,596
2198,604
2198,717
2198,776
2198,811
2198,816
2198,831
2198,857
2198,858
2198,900
2198,953
2198,1024
2198,1064
2198,1067
2198,1102
2198,1125
2198,1169
2198,1170
2198,1186
2198,1197
2198,1209
2198,1316
2198,1370
2198,1402
2198,1413
2198,1469
2198,1476
2198,1481
2198,1561
2198,1563
2198,1582
2198,1620
2198,1639
2198,1659
2198,1665
2198,1690
2198,1697
2198,1727
2198,1776
2198,1826
2198,1862
2198,1866
2198,1871
2198,1875
2198,1883
2198,1905
2198,1927
2198,1975
2198,2017
2198,2042
2198,2142
2198,2197
2198,2201
2198,2267
2198,2310
2198,2346
2198,2407
2198,2408
2198,2430
2198,2479
2198,2487
2198,2522
2198,2627
2198,2640
2198,2663
2198,2677
2198,2736
2198,2745
2198,2755
2198,2819
2198,2847
2198,2882
2198,2908
2198,2929
2198,2950
2198,2961
2198,3015
2198,3039
2198,3061
2198,3066
2198,3105
2198,3118
2198,3149
2198,3152
2198,3184
2198,3196
2198,3213
2198,3237
2198,3252
2198,3253
2198,3257
2198,3279
2198,3282
2198,3304
2198,3348
2198,3362
2198,3403
2198,3422
2198,3436
2198,3444
2198,3445
2198,3462
2198,3476
2198,3510
2198,3551
2198,3646
2198,3761
2198,3804
2198,3831
2198,3844
2198,3882
2198,3887
2198,3893
2198,3909
2198,3913
2198,3927
2198,3929
2198,3962
2198,3970
2198,3999
2198,4028
2198,4050
2198,4111
2198,4113
2198,4128
2198,4155
2198,4162
2198,4212
2198,4261
2198,4296
2198,4306
2198,4344
2198,4381
2198,4385
2198,4388
2198,4465
2198,4500
2198,4514
2198,4528
2198,4545
2198,4553
2198,4556
2198,4570
2198,4580
2198,4691
2198,4696
2198,4700
2198,4706
2198,4712
2198,4743
2198,4755
2198,4831
2198,4835
2198,4841
2198,4846
2198,4864
2198,4982
2198,5013
2198,5039
2198,5048
2198,5049
2198,5082
2198,5097
2198,5111
2198,5125
2198,5205
2198,5220
2198,5223
2198,5231
2198,5281
2198,5328
2198,5340
2198,5348
2198,5359
2198,5362
2198,5369
2198,5371
2198,5384
2198,5397
2198,5452
2198,5468
2198,5532
2198,5538
2198,5542
2198,5549
2198,5551
2198,5552
2198,5577
2198,5593
2198,5606
2198,5620
2198,5640
2198,5679
2198,5735
2198,5740
2198,5769
2198,5772
2198,5804
2198,5807
2198,5844
2198,5873
2198,5961
2198,5962
2198,5982
2198,5987
2198,6028
2198,6038
2198,6047
2198,6067
2198,6131
2198,6137
2198,6149
2198,6188
2198,6236
2198,6287
2198,6291
2198,6315
2198,6322
2198,6327
2198,6335
2198,6389
2198,6452
2198,6489
2198,6497
2198,6503
2198,6527
2198,6545
2198,6566
2198,6596
2198,6597
2198,6613
2198,6614
2198,6620
2198,6631
2198,6640
2198,6658
2198,6664
2198,6706
2198,6731
2198,6759
2198,6825
2198,6831
2198,6832
2198,6880
2198,6889
2198,6958
2198,7017
2198,7042
2198,7046
2198,7059
2198,7147
2198,7159
2198,7168
2198,7173
2198,7209
2198,7210
2198,7231
2198,7262
2198,7276
2198,7294
2198,7310
2198,7321
2198,7344
2198,7382
2198,7413
2198,7440
2198,7464
2198,7468
2198,7527
2198,7540
2198,7552
2198,7572
2198,7577
2198,7593
2199,515
2199,2884
2199,4084
2199,4378
2199,6126
2199,6470
2201,2239
2201,5685
2201,6014
2201,6338
2201,6545
2201,7395
2202,305
2202,1094
2202,1337
2202,1608
2202,3578
2202,3665
2202,3887
2202,4223
2202,5144
2202,6211
2202,7054
2203,3110
2203,3314
2203,3522
2203,5207
2203,6375
2203,6782
2203,7301
2203,7571
2204,54
2204,932
2204,1237
2204,1675
2204,2528
2204,3431
2204,5279
2205,762
2205,1198
2205,2772
2205,3213
2205,3990
2205,4696
2205,4715
2205,5171
2205,5651
2205,5932
2205,6310
2205,6506
2205,7406
2205,7560
2206,446
2206,1100
2206,1744
2206,2198
2206,2904
2206,3226
2206,5833
2206,5903
2206,7471
2207,789
2207,1453
2207,3183
2207,4080
2207,4384
2207,5782
2207,6303
2208,1063
2208,1414
2208,4862
2208,4913
2208,5219
2208,6071
2208,6339
2208,7084
2209,1298
2209,6192
2210,544
2210,769
2210,1239
2210,2583
2210,3329
2210,5014
2210,5604
2210,7376
2210,7579
2211,964
2211,1185
2211,2678
2211,3011
2211,3382
2211,4373
2211,5216
2212,1278
2212,2106
2212,2239
2212,3532
2212,4230
2212,4373
2212,6437
2212,7395
2213,329
2213,1335
2213,1436
2213,2149
2213,2179
2213,2488
2213,5571
2213,6770
2213,7087
2213,7267
2214,417
2214,807
2214,1348
2214,1998
2214,4518
2214,6328
2214,7045
2214,7498
2215,184
2215,410
2215,683
2215,721
2215,955
2215,1102
2215,1859
2215,2194
2215,2198
2215,2404
2215,2486
2215,2544
2215,2703
2215,2729
2215,2938
2215,2945
2215,3093
2215,3114
2215,3209
2215,3312
2215,3496
2215,3751
2215,4249
2215,4317
2215,5513
2215,5832
2215,5967
2215,6001
2215,6030
2215,6047
2215,6507
2215,6660
2215,6677
2215,6699
2215,6984
2215,7090
2215,7296
2215,7410
2215,7468
2215,7512
2215,7569
2216,713
2216,3896
2216,5428
2216,5556
2216,6009
2217,249
2217,1445
2217,4322
2217,5104
2217,6524
2218,1348
2218,1950
2218,1984
2218,2277
2218,3327
2218,4282
2218,4460
2218,5422
2218,5571
2218,6123
2218,7004
2218,7358
2218,7371
2218,7455
2218,7498
2219,3426
2219,6768
2220,526
2220,1930
2220,2070
2220,2198
2220,2286
2220,5791
2220,5963
2220,7561
2221,1662
2221,5418
2221,5571
2221,5901
2221,6367
2222,1036
2222,2612
2222,6358
2222,6851
2222,7153
2223,2355
2223,2834
2223,5912
2223,6058
2223,6386
2224,5596
2224,6433
2224,6509
2225,51
2225,4879
2225,4986
2225,5321
2225,6119
2225,6777
2226,273
2226,1079
2226,4208
2226,4673
2226,6645
2226,6653
2228,1178
2228,1239
2228,2068
2228,2239
2228,3532
2228,5404
2228,5839
2228,7395
2229,5649
2229,5937
2229,7046
2229,7572
2230,642
2230,1015
2230,1822
2230,2035
2230,2759
2230,4720
2230,4732
2230,5548
2230,5789
2230,6819
2230,7562
2231,326
2231,526
2231,559
2231,643
2231,2525
2231,2579
2231,5062
2231,5719
2231,7354
2231,7637
2232,4893
2232,6412
2232,6909
2232,7422
2233,313
2233,1875
2233,2532
2233,2933
2233,2985
2233,3545
2233,4551
2234,3978
2234,4653
2234,4747
2234,4805
2234,6512
2234,7130
2235,186
2235,1785
2235,1900
2235,2250
2235,2609
2235,2861
2235,2895
2235,2899
2235,2953
2235,3326
2235,4905
2235,5028
2235,5619
2235,5879
2236,148
2236,630
2236,1109
2236,1452
2236,1463
2236,1503
2236,2077
2236,2436
2236,2477
2236,2695
2236,2749
2236,3705
2236,4108
2236,4495
2236,5137
2237,1259
2237,1786
2238,1223
2238,1420
2238,6103
2238,6106
2238,6488
2239,0
2239,48
2239,86
2239,143
2239,188
2239,201
2239,276
2239,366
2239,372
2239,393
2239,449
2239,450
2239,460
2239,475
2239,486
2239,566
2239,582
2239,632
2239,711
2239,714
2239,818
2239,858
2239,883
2239,951
2239,1000
2239,1076
2239,1106
2239,1108
2239,1170
2239,1172
2239,1191
2239,1195
2239,1211
2239,1224
2239,1327
2239,1344
2239,1413
2239,1423
2239,1494
2239,1501
2239,1514
2239,1570
2239,1581
2239,1661
2239,1776
2239,1798
2239,1862
2239,1880
2239,1912
2239,1935
2239,2123
2239,2152
2239,2166
2239,2173
2239,2197
2239,2202
2239,2244
2239,2279
2239,2322
2239,2330
2239,2479
2239,2484
2239,2487
2239,2509
2239,2541
2239,2563
2239,2569
2239,2572
2239,2595
2239,2614
2239,2640
2239,2684
2239,2761
2239,2829
2239,2831
2239,3008
2239,3019
2239,3049
2239,3242
2239,3264
2239,3274
2239,3319
2239,3323
2239,3332
2239,3359
2239,3380
2239,3427
2239,3436
2239,3550
2239,3576
2239,3617
2239,3627
2239,3667
2239,3687
2239,3756
2239,3760
2239,3831
2239,3889
2239,3910
2239,3969
2239,4016
2239,4039
2239,4042
2239,4091
2239,4109
2239,4111
2239,4128
2239,4159
2239,4162
2239,4164
2239,4174
2239,4219
2239,4253
2239,4267
2239,4289
2239,4295
2239,4306
2239,4315
2239,4366
2239,4386
2239,4408
2239,4417
2239,4450
2239,4469
2239,4473
2239,4476
2239,4483
2239,4535
2239,4559
2239,4579
2239,4589
2239,4594
2239,4595
2239,4662
2239,4668
2239,4679
2239,4685
2239,4697
2239,4735
2239,4737
2239,4743
2239,4792
2239,4946
2239,5029
2239,5033
2239,5039
2239,5040
2239,5058
2239,5136
2239,5166
2239,5186
2239,5197
2239,5198
2239,5206
2239,5247
2239,5273
2239,5309
2239,5313
2239,5315
2239,5401
2239,5406
2239,5495
2239,5531
2239,5545
2239,5572
2239,5606
2239,5632
2239,5649
2239,5651
2239,5689
2239,5732
2239,5772
2239,5820
2239,5840
2239,5941
2239,5945
2239,5987
2239,6020
2239,6047
2239,6063
2239,6064
2239,6073
2239,6075
2239,6082
2239,6152
2239,6188
2239,6208
2239,6251
2239,6264
2239,6382
2239,6422
2239,6434
2239,6446
2239,6449
2239,6457
2239,6500
2239,6560
2239,6597
2239,6614
2239,6615
2239,6631
2239,6664
2239,6704
2239,6839
2239,6942
2239,6951
2239,7127
2239,7266
2239,7299
2239,7311
2239,7363
2239,7382
2239,7410
2239,7520
2239,7540
2239,7560
2239,7592
2239,7649
2240,557
2240,965
2240,1656
2240,1845
2240,3391
2240,3903
2240,4975
2240,5754
2240,6645
2240,6653
2240,7565
2241,1935
2241,2198
2241,3319
2241,7395
2242,1207
2242,1387
2242,1793
2242,3126
2242,3505
2242,4036
2242,6080
2242,7199
2242,7425
2243,1518
2243,6219
2244,536
2244,1470
2244,1796
2244,4805
2244,5500
2244,6629
2244,6673
2244,6807
2245,681
2245,4235
2245,4903
2245,4997
2245,5020
2245,6577
2245,6768
2245,7575
2246,1116
2246,4898
2246,5660
2247,835
2247,4273
2247,4805
2248,73
2248,4302
2248,5467
2248,6828
2249,1468
2249,1728
2249,2838
2249,3082
2249,5025
2249,5135
2249,5333
2250,167
2250,236
2250,405
2250,512
2250,848
2250,879
2250,888
2250,926
2250,1243
2250,1282
2250,1346
2250,1734
2250,1863
2250,1895
2250,2019
2250,2090
2250,2419
2250,2854
2250,3099
2250,3283
2250,3401
2250,3529
2250,3805
2250,3820
2250,4236
2250,4245
2250,4274
2250,4348
2250,4598
2250,4648
2250,4881
2250,4949
2250,4958
2250,5045
2250,5066
2250,5497
2250,5628
2250,5882
2250,5978
2250,6091
2250,6099
2250,6127
2250,6255
2250,6607
2250,6881
2250,7014
2250,7258
2250,7380
2250,7400
2250,7457
2251,773
2251,2850
2251,3030
2251,3041
2251,3143
2251,3375
2251,3873
2251,5884
2251,6194
2251,6870
2252,268
2252,282
2252,440
2252,826
2252,2367
2252,2971
2252,4520
2252,4664
2252,4939
2252,6608
2252,6694
2253,34
2253,678
2253,2270
2253,2738
2253,4160
2253,5881
2253,6994
2254,1338
2254,1934
2254,2162
2254,2390
2254,3329
2254,3336
2254,3349
2254,3824
2254,4507
2254,4621
2254,7112
2254,7158
2254,7579
2255,399
2255,2321
2255,3843
2255,4126
2255,4224
2255,5915
2255,6380
2255,6525
2255,6687
2256,433
2256,1609
2256,3021
2256,4938
2256,5250
2256,5436
2257,295
2257,1064
2257,1212
2257,2454
2257,5132
2257,5993
2257,6301
2257,6898
2257,6901
2258,771
2258,2354
2258,2372
2258,3098
2258,5511
2258,5981
2258,5987
2258,7022
2258,7125
2259,837
2259,5974
2259,7016
2259,7024
2260,57
2260,556
2260,1428
2260,1504
2260,1531
2260,1977
2260,2019
2260,2387
2260,2635
2260,2754
2260,3090
2260,3116
2260,3291
2260,3324
2260,3392
2260,3543
2260,3714
2260,3820
2260,4245
2260,4264
2260,4504
2260,4548
2260,4554
2260,4583
2260,4667
2260,5182
2260,5692
2260,5825
2260,5856
2260,6257
2260,6502
2260,6771
2260,6793
2260,7402
2261,100
2261,4378
2261,5175
2261,5778
2261,6766
2262,1798
2262,2198
2262,3020
2262,3713
2262,3799
2262,5241
2262,6678
2262,6847
2263,9
2263,1888
2263,2378
2263,2707
2263,2944
2263,4430
2263,4882
2263,5636
2263,6162
2264,5094
2264,5747
2265,100
2265,761
2265,2274
2265,2574
2265,2893
2265,4255
2265,4454
2265,4577
2265,4687
2265,4817
2265,5944
2265,6123
2265,6766
2267,1058
2267,1790
2267,2660
2267,2772
2267,3049
2267,3578
2267,4164
2267,5881
2267,6140
2268,641
2269,2080
2269,4266
2269,5874
2270,610
2270,2104
2270,2253
2270,2440
2270,4805
2271,632
2271,906
2271,3353
2271,4641
2271,6702
2272,347
2272,1051
2272,3661
2272,7026
2273,2111
2273,2536
2273,5132
2274,1394
2274,1853
2274,2131
2274,2150
2274,2430
2274,4454
2274,5778
2274,7267
2274,7479
2275,317
2275,689
2275,1106
2275,1349
2275,1590
2275,2659
2275,3658
2275,3762
2275,4753
2275,4872
2275,6034
2275,6537
2276,354
2276,1168
2276,3390
2276,4036
2276,5021
2276,7567
2277,417
2277,2213
2277,2218
2277,2392
2277,4234
2277,5177
2277,5571
2277,6266
2277,6821
2277,7109
2277,7455
2278,348
2278,624
2278,1059
2278,1114
2278,1144
2278,1199
2278,1201
2278,1283
2278,2185
2278,2403
2278,2578
2278,2580
2278,2735
2278,3301
2278,3522
2278,4011
2278,4139
2278,4389
2278,4547
2278,4568
2278,4825
2278,5087
2278,6136
2278,6781
2278,6938
2278,7028
2278,7152
2278,7189
2278,7466
2279,1058
2279,3748
2279,4067
2279,4069
2279,5115
2279,6909
2279,7000
2279,7325
2280,3828
2280,4518
2280,5269
2280,5337
2280,5666
2280,5725
2281,236
2281,928
2281,1391
2281,1504
2281,1630
2281,1717
2281,1947
2281,2327
2281,2474
2281,2643
2281,2925
2281,3006
2281,3099
2281,3392
2281,3820
2281,3840
2281,4441
2281,4548
2281,6519
2281,7366
2281,7470
2282,12
2282,681
2282,1049
2282,3094
2282,3156
2282,3175
2282,3191
2282,4242
2282,4275
2282,4997
2282,5434
2282,5533
2282,5720
2282,6205
2282,6324
2282,7532
2282,7620
2283,53
2283,5605
2283,6571
2284,2341
2284,3741
2284,4612
2284,4726
2284,7504
2285,1074
2285,1920
2285,2168
2285,6975
2286,1470
2286,1834
2286,2015
2286,2220
2286,2804
2286,4044
2286,4835
2286,5343
2286,5437
2286,6382
2286,6900
2286,7364
2287,610
2287,847
2287,1191
2287,2239
2287,2342
2287,2743
2287,2798
2287,3080
2287,4026
2287,4159
2287,4160
2287,4371
2287,4805
2287,5167
2287,5667
2287,5764
2287,5844
2287,6994
2287,7262
2287,7560
2288,301
2288,3097
2288,3145
2288,4762
2288,4913
2288,6744
2288,6914
2288,7587
2289,1405
2289,2942
2289,3200
2289,7138
2290,299
2290,772
2290,1218
2290,2040
2290,2106
2290,3025
2290,4091
2290,4157
2290,6297
2290,6462
2290,6618
2290,7295
2290,7599
2291,3293
2291,7291
2292,504
2292,615
2292,699
2292,788
2292,1438
2292,3494
2292,3774
2292,3885
2292,4145
2292,4615
2292,5738
2292,5884
2293,154
2293,302
2293,791
2293,2344
2293,3186
2293,3454
2293,3814
2293,4435
2293,4449
2293,4574
2293,4988
2293,5239
2293,5347
2293,5539
2293,5617
2293,5723
2293,6294
2293,6493
2293,6577
2293,6900
2293,7482
2294,134
2294,592
2294,1798
2294,2859
2294,3247
2294,4376
2294,4791
2294,4895
2294,6175
2294,6343
2295,313
2295,413
2295,673
2295,675
2295,2065
2295,2161
2295,2177
2295,2760
2295,4685
2295,5634
2295,5664
2295,5729
2295,5895
2295,6305
2295,6929
2295,7397
2297,531
2297,1606
2297,2289
2297,3292
2297,3694
2297,4235
2297,4794
2297,7315
2297,7620
2298,834
2298,2011
2298,3013
2298,4259
2298,4637
2298,4735
2299,1335
2299,1801
2299,2486
2299,3532
2299,3772
2299,3868
2299,4097
2299,4490
2299,5650
2299,5661
2299,6412
2299,7067
2299,7128
2299,7556
2299,7603
2300,2077
2300,2436
2301,330
2301,636
2301,1180
2301,1216
2301,1530
2301,1755
2301,1921
2301,3129
2301,4749
2301,4841
2301,6643
2302,593
2302,1798
2302,2159
2302,3502
2302,4384
2302,4952
2302,5756
2302,6551
2302,7535
2303,621
2303,703
2303,3914
2303,4122
2303,4387
2303,4555
2303,5604
2303,6868
2304,725
2304,1158
2304,1205
2304,1345
2304,1774
2304,2758
2304,3139
2304,3369
2304,5173
2304,5268
2304,5483
2304,5866
2304,6093
2304,6586
2305,4277
2305,4882
2305,5933
2306,456
2306,2346
2306,2586
2306,2738
2306,3022
2307,3051
2307,3185
2307,3277
2307,3946
2307,4352
2307,4578
2307,4641
2307,5042
2307,5316
2307,6692
2307,7464
2308,242
2308,3872
2308,4646
2308,4906
2308,4994
2308,7586
2309,592
2309,1194
2309,1591
2309,2095
2309,3247
2309,3294
2309,5958
2309,7398
2310,116
2310,304
2310,1210
2310,1333
2310,4680
2310,5203
2311,965
2311,1488
2311,3150
2311,3880
2311,4673
2311,5686
2312,649
2312,2006
2312,2098
2312,2681
2312,2925
2312,3065
2312,3356
2312,4676
2312,5090
2312,6502
2312,6679
2312,6997
2313,260
2313,593
2313,1684
2313,2013
2313,2340
2313,2812
2313,3363
2313,4658
2313,5756
2313,5966
2313,7071
2313,7104
2314,1655
2314,1745
2314,3952
2314,4320
2314,4376
2314,4549
2314,6954
2314,7084
2314,7376
2314,7600
2315,150
2315,373
2315,1107
2315,1534
2315,2136
2315,2422
2315,3995
2315,4698
2315,5918
2315,6599
2315,6689
2315,7286
2316,200
2316,753
2316,1009
2316,3993
2316,4051
2316,4810
2316,6556
2316,6916
2317,28
2317,1769
2317,2239
2317,2345
2317,2356
2317,3103
2317,3578
2317,3886
2317,4670
2317,6325
2318,122
2318,249
2318,824
2318,1664
2318,1835
2318,1841
2318,2391
2318,3803
2318,5163
2318,5410
2318,5429
2318,5815
2318,6268
2318,7141
2319,1756
2319,2963
2319,2966
2319,2984
2319,3121
2319,3792
2319,5065
2319,5624
2319,6656
2319,7030
2320,1058
2320,1137
2320,3311
2320,3370
2320,4080
2320,5975
2320,6001
2320,6811
2320,6933
2320,7331
2321,991
2321,1053
2321,1204
2321,1306
2321,2957
2321,3420
2321,3481
2321,3730
2321,4224
2321,4623
2321,4644
2321,5161
2321,5600
2321,5915
2321,6213
2321,6687
2322,579
2322,2239
2322,5545
2323,289
2323,7575
2324,412
2324,442
2324,537
2324,698
2324,806
2324,2854
2324,3840
2324,5164
2324,5691
2324,6479
2324,6997
2324,7407
2325,2172
2325,2392
2325,2632
2325,3506
2325,5722
2325,5917
2325,6427
2325,7107
2326,324
2326,453
2326,2090
2326,2698
2326,3649
2326,3714
2326,3722
2326,4245
2326,4342
2326,4972
2326,5662
2326,6250
2326,6357
2327,1016
2327,1751
2327,2643
2327,3090
2327,3291
2327,3392
2327,4741
2327,5529
2327,5706
2327,6383
2327,6666
2327,7566
2328,314
2328,2148
2328,5867
2328,6090
2328,6130
2328,6806
2329,219
2329,745
2329,1061
2329,4647
2330,2239
2330,2952
2330,3475
2330,4462
2330,5254
2330,7395
2331,103
2331,2995
2331,3698
2331,4952
2331,5707
2332,466
2332,881
2332,1064
2332,1896
2332,2375
2332,2839
2332,4422
2332,4733
2332,4952
2332,6733
2332,6737
2332,6828
2333,256
2333,667
2333,1791
2333,4237
2333,4800
2333,4861
2333,5053
2333,6042
2333,6404
2333,6598
2333,6884
2333,7404
2334,2553
2334,4481
2334,5251
2334,6424
2334,6618
2334,7077
2334,7296
2335,139
2335,175
2335,1280
2335,6807
2336,1476
2336,1517
2336,1797
2336,1899
2336,3081
2336,3623
2336,4156
2336,4241
2336,5853
2336,6066
2336,6968
2337,10
2337,605
2337,1038
2337,1616
2337,3678
2337,3717
2337,3749
2337,4829
2337,5341
2337,6357
2337,6665
2337,7308
2338,148
2338,676
2338,1109
2338,1248
2338,2236
2338,2477
2338,2749
2338,2966
2338,3865
2338,6433
2339,869
2339,1453
2339,1927
2339,2434
2339,2958
2339,5350
2339,5858
2339,5975
2339,6740
2339,7519
2340,1993
2340,2370
2340,4870
2340,5132
2340,5756
2341,965
2341,999
2341,2284
2341,3924
2341,5380
2341,5876
2342,1561
2342,2287
2342,5199
2342,5309
2343,581
2343,1326
2343,1367
2343,2130
2343,2528
2343,3850
2343,4237
2343,6138
2343,7388
2344,716
2344,1710
2344,2293
2344,2535
2344,3651
2344,7176
2345,1514
2345,1645
2345,2066
2345,2239
2345,2317
2345,3103
2345,4805
2345,5544
2346,305
2346,2306
2346,5032
2346,6282
2346,7196
2347,362
2347,384
2347,665
2347,1319
2347,1480
2347,1629
2347,2473
2347,2762
2347,2840
2347,4656
2347,4926
2347,5617
2347,5624
2347,5894
2347,6084
2347,7031
2347,7606
2348,2142
2348,2239
2349,1615
2349,1978
2349,2368
2349,2847
2349,3822
2349,5813
2349,6131
2349,7054
2350,2182
2350,4896
2350,4950
2350,6423
2351,451
2351,1986
2351,2501
2351,2580
2351,2699
2351,4929
2351,5956
2351,6529
2351,6781
2351,6862
2351,7199
2352,481
2352,855
2352,1622
2352,3904
2352,4244
2352,4663
2352,6924
2353,716
2353,2165
2353,2344
2353,3244
2353,4906
2353,5331
2353,6316
2353,6926
2353,7482
2354,990
2354,3695
2354,4109
2354,4450
2354,4863
2354,4902
2354,5761
2354,6280
2355,1001
2355,1188
2355,2223
2355,2570
2355,3595
2355,3855
2355,5771
2355,6058
2355,7084
2355,7624
2356,835
2356,1514
2356,1915
2356,2143
2356,2317
2356,3249
2356,7518
2357,516
2357,556
2357,1221
2357,1504
2357,2557
2357,3528
2357,4619
2357,4819
2357,5306
2357,5451
2357,5692
2358,308
2358,1418
2358,2505
2358,5378
2358,6211
2359,4116
2359,6703
2360,1270
2360,2068
2360,4922
2360,6477
2361,1292
2361,2489
2361,6625
2362,17
2362,982
2362,1234
2362,1909
2362,2638
2362,2869
2362,3636
2362,4214
2362,4655
2362,4974
2362,5673
2362,5927
2362,7570
2363,3779
2363,3978
2363,4479
2363,5544
2363,7047
2363,7590
2364,2667
2364,2953
2364,4905
2364,5117
2364,5619
2364,7411
2364,7458
2364,7506
2365,1798
2365,3627
2365,5799
2365,6319
2366,126
2366,144
2366,230
2366,932
2366,1021
2366,3163
2366,3423
2366,3431
2366,4399
2366,4861
2366,5271
2366,6095
2366,6286
2366,7460
2367,873
2367,2252
2367,3208
2367,5322
2367,6694
2367,7329
2368,766
2368,1046
2368,3273
2368,3612
2368,3866
2368,5664
2368,6098
2368,6309
2368,6470
2368,6841
2368,7467
2369,1332
2369,1781
2369,2139
2369,3288
2369,3416
2369,4911
2369,4965
2369,5319
2369,5681
2369,6239
2369,6273
2369,6734
2369,7249
2369,7484
2369,7554
2370,3
2370,85
2370,304
2370,455
2370,813
2370,841
2370,1210
2370,1333
2370,1860
2370,1996
2370,2129
2370,2471
2370,2479
2370,2573
2370,3311
2370,3362
2370,4177
2370,4233
2370,4303
2370,4768
2370,4830
2370,5070
2370,5258
2370,5612
2370,5704
2370,5714
2370,5865
2370,5888
2370,5975
2370,6284
2370,6707
2370,7340
2370,7468
2370,7520
2371,3506
2371,3959
2371,5000
2371,5842
2371,6624
2371,7175
2371,7345
2372,304
2372,461
2372,1130
2372,1407
2372,1418
2372,1494
2372,1673
2372,1966
2372,2427
2372,3295
2372,3381
2372,3890
2372,4692
2372,4722
2372,4863
2372,5388
2372,5949
2372,6098
2372,7226
2373,199
2373,384
2373,891
2373,3219
2373,3979
2373,5605
2373,5677
2373,5894
2373,7435
2374,100
2374,752
2374,1987
2374,2430
2374,2897
2374,4551
2374,4687
2374,6045
2374,6114
2374,6592
2374,6651
2374,6748
2375,502
2375,1431
2375,1650
2375,2664
2375,3548
2375,5091
2375,5132
2375,5171
2375,5993
2375,6171
2376,352
2376,2198
2376,2558
2376,5037
2376,5132
2376,5264
2376,5384
2377,69
2377,201
2377,527
2377,538
2377,795
2377,1368
2377,1478
2377,2600
2377,2657
2377,2911
2377,2921
2377,3025
2377,3225
2377,3493
2377,3895
2377,3996
2377,4286
2377,4952
2377,5404
2377,5513
2377,5593
2377,5730
2377,5952
2377,5975
2377,6021
2377,6284
2377,6618
2377,7535
2378,9
2378,128
2378,564
2378,2263
2378,2944
2378,3365
2378,3478
2378,3706
2378,4882
2378,5192
2378,6555
2379,242
2379,302
2379,668
2379,820
2379,1248
2379,2702
2379,2749
2379,3586
2379,5377
2379,5400
2379,5414
2379,5560
2379,5617
2379,5812
2379,6089
2379,6316
2380,1165
2380,1206
2380,2432
2380,2868
2380,2906
2380,3105
2380,3152
2380,3364
2380,4102
2380,4230
2380,4352
2380,4380
2380,5042
2380,5273
2380,5756
2380,6100
2380,6669
2380,7619
2381,1663
2381,1671
2381,1796
2381,4156
2381,5562
2381,6077
2381,6702
2382,273
2382,763
2382,995
2382,3741
2382,3924
2382,4143
2382,4567
2382,5686
2382,6657
2382,6874
2382,7236
2382,7565
2383,561
2383,4252
2383,5230
2383,6222
2383,6924
2383,7383
2384,269
2384,1782
2384,3664
2384,4433
2384,5561
2384,5707
2384,6105
2384,6828
2384,7441
2385,684
2385,764
2385,954
2385,1595
2385,1829
2385,2928
2385,3342
2385,4685
2385,4842
2385,5265
2386,2978
2386,3141
2386,5680
2386,6516
2387,316
2387,463
2387,1504
2387,1766
2387,2327
2387,2768
2387,3553
2387,4281
2387,4566
2387,4583
2387,4739
2387,6519
2388,824
2388,932
2388,1262
2388,1841
2388,1868
2388,2318
2388,3361
2388,5611
2388,6530
2388,7264
2389,2327
2389,2806
2389,3392
2389,3815
2389,5588
2389,6465
2389,6603
2389,6648
2389,7630
2390,402
2390,1217
2390,1441
2390,2254
2390,3842
2390,4136
2390,4507
2390,4555
2390,5374
2390,6274
2390,6836
2390,6946
2391,144
2391,3879
2391,5163
2391,5439
2391,6138
2392,417
2392,1729
2392,1906
2392,2214
2392,2277
2392,2450
2392,2546
2392,2579
2392,2763
2392,3286
2392,3351
2392,4096
2392,4233
2392,5177
2392,5576
2392,5947
2392,6266
2392,6848
2392,6966
2392,7066
2392,7109
2392,7175
2392,7371
2392,7401
2393,1284
2393,5415
2393,7572
2394,2399
2394,4237
2394,6286
2395,425
2395,688
2395,2843
2395,5230
2395,5718
2395,5896
2395,6222
2395,6311
2395,7015
2396,267
2396,431
2396,593
2396,1545
2396,1628
2396,2540
2396,2812
2396,3185
2396,3188
2396,3897
2396,4782
2396,5103
2396,6135
2396,7170
2397,163
2397,289
2397,1181
2397,1541
2397,2990
2397,4215
2397,5548
2397,5922
2398,147
2398,943
2398,4252
2398,4711
2398,6625
2399,1303
2399,2394
2399,2538
2399,2943
2399,3201
2399,3736
2399,4399
2399,4647
2399,5163
2399,5480
2399,6935
2399,7405
2400,456
2400,1407
2400,1966
2400,2857
2400,3295
2400,3578
2400,4693
2400,7467
2401,2239
2401,3152
2402,212
2402,986
2402,3250
2402,3748
2402,4115
2402,5115
2402,6512
2402,7322
2402,7608
2403,348
2403,354
2403,792
2403,1462
2403,1571
2403,1576
2403,2580
2403,2696
2403,4036
2403,4119
2403,4481
2403,4844
2403,5055
2403,5149
2403,6011
2403,7152
2404,728
2404,936
2404,3296
2404,4990
2404,5778
2404,6029
2404,6569
2405,3607
2405,4674
2405,5000
2405,7067
2406,23
2406,152
2406,192
2406,254
2406,958
2406,1469
2406,2313
2406,3363
2406,3538
2406,3692
2406,3713
2406,3721
2406,4164
2406,4337
2406,4483
2406,4934
2406,5037
2406,5531
2406,5640
2406,6414
2406,6578
2406,7539
2407,593
2407,1899
2407,2239
2407,3185
2407,4216
2407,6702
2408,1100
2408,1194
2408,2198
2408,3684
2408,6702
2409,1354
2409,1537
2409,2109
2409,2788
2409,3231
2409,4950
2409,6428
2409,7011
2409,7230
2410,69
2410,3538
2410,4071
2410,4162
2410,4392
2410,7481
2411,2872
2411,3524
2411,3705
2411,5057
2411,7078
2412,108
2412,394
2412,1248
2412,3729
2412,3819
2412,6813
2412,7621
2413,145
2413,297
2413,603
2413,1151
2413,1445
2413,1808
2413,2217
2413,3214
2413,3266
2413,3614
2413,4093
2413,4796
2413,4925
2413,5104
2413,5128
2413,6524
2413,7220
2413,7273
2413,7408
2414,1261
2414,2574
2414,2631
2414,3351
2414,4384
2414,4462
2414,5571
2414,7087
2414,7134
2415,40
2415,483
2415,1603
2415,1627
2415,1725
2415,2062
2415,2070
2415,2438
2415,4991
2415,5364
2415,5433
2415,6338
2415,6417
2415,6761
2416,223
2416,1625
2416,2077
2416,2316
2416,2986
2416,3239
2416,5440
2416,7281
2417,6433
2417,6656
2418,1058
2418,1739
2418,2543
2418,2743
2418,3246
2418,3277
2418,3625
2418,3866
2418,5144
2418,5505
2418,5749
2418,6029
2418,6118
2419,888
2419,1648
2419,4723
2419,6010
2419,7284
2419,7566
2420,797
2420,3238
2420,3526
2420,3771
2421,1006
2422,200
2422,1338
2422,1416
2422,1625
2422,2014
2422,2052
2422,2315
2422,3145
2422,4665
2422,4906
2422,5338
2422,5440
2422,6473
2422,6501
2422,6504
2422,6606
2422,6621
2423,2529
2423,2965
2423,3506
2423,3786
2423,5132
2423,6408
2423,6702
2423,6909
2423,7336
2424,82
2424,840
2424,2582
2424,3308
2424,3752
2424,4860
2424,6238
2424,6254
2424,6541
2425,495
2425,1418
2425,1572
2425,1817
2425,3739
2425,3925
2425,4185
2425,4851
2425,5949
2425,6536
2425,7022
2425,7226
2425,7480
2426,3997
2426,4181
2426,4280
2426,5380
2426,6653
2426,7271
2427,587
2427,1058
2427,2112
2427,3466
2427,3480
2427,4503
2427,4672
2427,4707
2427,6522
2427,7142
2427,7307
2428,394
2428,1175
2428,1416
2428,2014
2428,2608
2428,3533
2428,5119
2429,140
2429,1135
2429,1398
2429,1547
2429,1606
2429,3200
2429,4929
2429,7439
2430,88
2430,100
2430,638
2430,747
2430,752
2430,2116
2430,2543
2430,3004
2430,4378
2430,4454
2430,4605
2430,5078
2430,5175
2430,5571
2430,5778
2430,6129
2430,6165
2430,6258
2430,7588
2431,654
2431,1063
2431,1414
2431,1862
2431,3240
2431,3566
2431,4148
2431,4268
2431,4376
2431,4805
2431,5036
2431,5313
2431,7416
2432,89
2432,322
2432,732
2432,1421
2432,1513
2432,1798
2432,3008
2432,3184
2432,5160
2432,5404
2432,5415
2432,6024
2432,6156
2432,6787
2433,664
2433,1219
2433,1773
2433,2924
2433,3425
2433,3642
2434,1064
2434,1066
2434,1296
2434,1644
2434,3959
2434,6624
2435,2623
2435,3415
2435,4509
2435,4723
2435,5509
2435,6557
2435,7348
2435,7437
2435,7458
2435,7513
2436,887
2436,1626
2436,2236
2436,2300
2436,2607
2436,2749
2436,3121
2436,3229
2436,3705
2436,4239
2436,5065
2436,5482
2436,6656
2437,4000
2438,106
2438,217
2438,248
2438,680
2438,1034
2438,4918
2438,4991
2438,5474
2438,6947
2438,7032
2438,7420
2439,54
2439,2528
2439,3231
2439,3431
2439,4237
2439,4861
2439,4925
2439,7544
2440,1481
2440,2270
2440,2704
2440,4329
2440,5556
2440,7213
2440,7233
2440,7448
2441,942
2441,1224
2441,1521
2441,2239
2441,2377
2441,2903
2441,3177
2441,4376
2441,4805
2442,1033
2442,3503
2442,3517
2442,6498
2443,22
2443,519
2443,871
2443,965
2443,1604
2443,2813
2443,3619
2443,3880
2443,3941
2443,4280
2443,4802
2443,5266
2443,5876
2443,7432
2444,2499
2444,3180
2444,4564
2444,6924
2444,7016
2444,7490
2444,7598
2445,1130
2445,1647
2445,6256
2446,1969
2446,2090
2446,2260
2446,2622
2446,4972
2446,6357
2446,7014
2446,7348
2447,1962
2447,2015
2447,2740
2447,2801
2447,3419
2447,4297
2447,4522
2447,5504
2447,5549
2447,5708
2447,6852
2447,6900
2447,7364
2449,147
2449,2073
2449,2843
2449,3211
2449,3733
2449,4353
2449,4663
2449,4711
2449,5072
2449,6488
2450,1511
2450,2901
2450,3330
2450,3503
2450,4606
2450,4879
2450,5801
2450,6252
2450,7134
2451,493
2451,579
2451,1000
2451,6605
2452,1534
2452,5702
2453,1386
2453,1416
2453,2477
2453,2512
2453,3281
2453,3662
2453,4452
2453,4587
2453,5221
2453,5872
2453,7160
2454,295
2454,2257
2454,2610
2454,3990
2454,4876
2454,5032
2454,5253
2454,5824
2454,6898
2455,1483
2455,1894
2455,2544
2455,2948
2455,6276
2455,7384
2455,7556
2456,447
2456,581
2456,819
2456,1326
2456,2877
2456,3087
2456,3569
2456,3873
2456,4647
2456,5480
2456,5537
2456,6550
2456,7162
2458,1440
2458,3429
2458,4625
2459,2501
2459,3609
2459,3790
2459,4955
2459,6781
2459,6934
2459,6977
2460,137
2460,551
2460,3410
2460,3681
2460,4469
2460,5575
2461,576
2461,776
2461,1809
2461,2198
2461,2772
2461,3384
2461,3587
2461,4067
2461,5251
2461,6272
2461,6408
2461,6430
2461,6732
2461,7481
2462,2978
2462,5535
2462,6293
2463,2863
2463,3097
2463,4654
2464,327
2464,1235
2464,1274
2464,1878
2464,2301
2464,3977
2464,4030
2464,4377
2464,5792
2464,6267
2464,6471
2464,6885
2464,7161
2464,7242
2465,613
2465,1290
2465,2110
2465,2880
2465,3265
2465,3327
2465,3344
2465,5527
2465,7418
2466,1208
2466,1341
2466,1342
2466,1405
2466,2020
2466,4339
2466,4396
2466,4765
2466,6846
2466,6932
2466,7605
2467,414
2467,1632
2467,1765
2467,1839
2467,3644
2467,3752
2467,5642
2467,6056
2467,6057
2467,6254
2467,6478
2467,6708
2467,6812
2467,7189
2468,2499
2468,3393
2468,3449
2468,4244
2468,4411
2468,4487
2468,5357
2468,6508
2468,6788
2468,7598
2469,493
2469,3434
2469,3862
2470,1185
2470,1472
2470,5091
2470,5234
2470,6464
2471,69
2471,2370
2471,3074
2471,3348
2471,3359
2471,3748
2471,4376
2471,4805
2471,5070
2471,6073
2471,7467
2472,401
2472,3119
2472,4224
2472,5102
2472,7645
2473,454
2473,1515
2473,2347
2473,2680
2473,3957
2473,4137
2473,4646
2473,7063
2474,1037
2474,2189
2474,2622
2474,2754
2474,4739
2474,4949
2474,5028
2474,5653
2474,6465
2474,6520
2474,6842
2475,491
2475,1411
2475,1613
2475,1648
2475,2054
2475,2504
2475,4363
2475,5236
2475,5599
2475,6764
2475,7457
2476,369
2476,1621
2476,5881
2476,5937
2476,6551
2476,7071
2477,676
2477,859
2477,1386
2477,1463
2477,2338
2477,2695
2477,2966
2477,4239
2477,5137
2477,6957
2477,7507
2478,1283
2479,320
2479,1293
2479,2377
2479,4096
2479,4864
2479,4952
2479,5351
2479,5404
2480,5444
2481,523
2481,525
2481,2416
2481,2997
2481,3709
2481,4823
2481,5183
2481,5763
2482,1419
2482,5699
2482,5983
2482,7620
2483,5852
2484,312
2484,1423
2484,1782
2484,2502
2484,3277
2484,4111
2484,4307
2484,4337
2484,5398
2484,6064
2485,183
2485,446
2485,1798
2485,3692
2485,4463
2485,6807
2485,7021
2486,2215
2486,2993
2486,3330
2486,3895
2486,6086
2486,7330
2487,696
2487,2198
2487,2683
2487,4805
2487,6466
2488,526
2488,559
2488,643
2488,1465
2488,3246
2488,4255
2488,5062
2488,6572
2488,6713
2488,6922
2488,7107
2488,7637
2489,147
2489,690
2489,1622
2489,1683
2489,4498
2489,4663
2489,5573
2489,5737
2489,6311
2490,766
2490,1566
2490,2028
2490,2205
2490,3052
2490,3723
2490,6166
2490,6243
2491,561
2491,901
2491,1529
2491,2449
2491,2873
2491,3180
2491,3211
2491,3411
2491,4494
2491,4873
2491,4884
2491,5972
2491,7598
2492,503
2492,691
2492,1933
2492,2994
2492,3046
2492,3586
2492,4969
2492,5119
2492,5656
2492,7034
2492,7145
2492,7367
2492,7508
2492,7606
2493,4116
2493,6668
2493,7175
2493,7325
2494,495
2494,1979
2494,2005
2494,2191
2494,3331
2494,3817
2494,4218
2494,5664
2495,7066
2496,31
2496,2968
2496,3107
2496,3248
2496,4875
2496,7316
2497,668
2497,2135
2497,3409
2497,4058
2497,5457
2497,6436
2497,6686
2497,6711
2497,6795
2497,6888
2498,3495
2498,6433
2499,653
2499,1529
2499,2067
2499,2926
2499,3399
2499,3441
2499,4117
2499,4494
2499,4708
2499,4761
2499,4873
2499,5038
2499,5357
2499,5405
2499,6103
2499,6508
2500,4305
2500,4325
2500,4449
2501,3679
2501,3863
2501,4955
2501,6781
2501,7199
2501,7358
2501,7567
2502,593
2502,1376
2502,1744
2502,1962
2502,2032
2502,2287
2502,4805
2503,1865
2503,2842
2503,3416
2503,3940
2503,4721
2503,4911
2503,5242
2503,5319
2503,5416
2503,5426
2503,6220
2503,6858
2504,491
2504,781
2504,1306
2504,1636
2504,3263
2504,3315
2504,4334
2504,4600
2504,4648
2504,4795
2504,4897
2504,5147
2504,5977
2504,6255
2504,6607
2504,6891
2504,7306
2505,150
2505,160
2505,402
2505,486
2505,1718
2505,1856
2505,2422
2505,2585
2505,2867
2505,3009
2505,3131
2505,3395
2505,5705
2505,5988
2505,6314
2505,6867
2505,6998
2505,7329
2505,7377
2505,7412
2506,102
2506,908
2506,1490
2506,3660
2507,1828
2507,3564
2507,4544
2508,275
2508,324
2508,1157
2508,1811
2508,2090
2508,4883
2508,5272
2508,6372
2509,3433
2509,3552
2509,6700
2509,7154
2510,568
2510,3710
2510,4706
2510,5199
2510,5406
2511,2127
2511,2834
2511,3855
2512,195
2512,1443
2512,2412
2512,2695
2512,3086
2512,5074
2512,6245
2512,6813
2512,6970
2512,7427
2512,7433
2513,2104
2513,2208
2513,3331
2513,4573
2513,5213
2513,7213
2513,7467
2514,2682
2514,2771
2514,4805
2514,7467
2515,190
2515,2545
2515,4121
2515,4488
2515,5564
2515,5763
2515,5890
2515,6905
2515,7419
2516,216
2516,3021
2516,3220
2516,5045
2516,6363
2516,6532
2517,695
2517,1162
2517,1328
2517,2554
2517,2590
2517,5581
2518,1546
2518,2198
2518,4545
2518,5455
2518,7632
2519,6
2519,110
2519,311
2519,443
2519,1689
2519,2996
2519,4311
2519,5154
2519,5229
2519,6751
2520,762
2520,1961
2520,3698
2520,6489
2520,6618
2521,479
2521,4422
2521,4787
2521,5707
2521,6098
2521,6409
2521,6981
2521,7067
2522,748
2522,1058
2522,2954
2522,3671
2522,3920
2522,4185
2522,4605
2522,5248
2522,6536
2522,7054
2522,7067
2523,5596
2523,6433
2523,6509
2524,223
2524,310
2524,650
2524,1950
2524,2135
2524,2872
2524,4234
2524,6114
2525,911
2525,1615
2525,1716
2525,1733
2525,1739
2525,2231
2525,2325
2525,2536
2525,2632
2525,3062
2525,3506
2525,5719
2525,6036
2525,6059
2525,6131
2525,6920
2525,7322
2525,7569
2526,5537
2526,5759
2527,329
2527,1436
2527,2081
2527,3351
2527,3709
2527,4282
2527,4823
2527,5571
2527,5992
2527,6005
2527,6123
2527,6142
2527,6548
2527,7267
2528,59
2528,902
2528,1021
2528,1449
2528,1724
2528,1835
2528,1841
2528,2151
2528,2343
2528,2885
2528,3163
2528,3280
2528,3361
2528,4197
2528,4237
2528,4924
2528,5124
2528,5163
2528,6138
2528,6268
2528,6480
2528,6550
2529,212
2529,571
2529,748
2529,936
2529,1607
2529,1973
2529,2031
2529,3518
2529,3821
2529,3978
2529,4584
2529,4989
2529,5445
2529,6110
2529,6243
2529,6547
2529,7102
2529,7149
2529,7325
2530,3231
2531,304
2531,1999
2531,2198
2531,6638
2532,723
2532,2233
2532,2247
2532,4073
2533,1979
2533,4376
2533,5189
2533,7467
2534,297
2534,695
2534,1149
2534,1151
2534,1808
2534,2874
2534,3486
2534,3511
2534,4925
2534,5921
2534,6090
2534,6524
2534,6635
2534,6988
2535,472
2535,1710
2535,2344
2535,4906
2536,1465
2536,2402
2536,4057
2536,4541
2536,5120
2536,5544
2536,6841
2536,6909
2536,7240
2536,7338
2537,85
2537,4384
2537,5286
2538,1099
2538,1422
2538,3572
2538,4418
2538,5124
2538,5279
2538,7275
2538,7405
2539,827
2539,1879
2539,1989
2539,4587
2539,4875
2539,5990
2540,593
2540,1899
2540,2396
2540,6673
2541,732
2541,800
2541,1023
2541,1746
2541,2826
2541,3353
2541,3359
2541,4415
2541,5050
2541,5797
2541,7003
2542,523
2542,1731
2542,7087
2543,747
2543,2430
2543,3625
2543,4577
2543,6651
2544,2215
2544,2455
2544,2948
2544,4228
2544,5000
2544,7384
2545,2515
2545,4172
2545,4750
2545,5564
2545,5890
2545,7057
2546,370
2546,1026
2546,1984
2546,2392
2546,3705
2546,4234
2546,4282
2546,4404
2546,6061
2546,6266
2546,7107
2547,118
2547,2179
2547,3744
2547,6572
2548,1223
2548,1509
2548,3255
2548,4252
2548,5928
2548,6222
2548,6625
2548,7598
2549,369
2549,677
2549,1621
2549,2106
2549,4384
2549,4952
2549,6208
2549,6551
2549,6810
2549,7464
2550,3872
2550,4646
2550,5382
2550,5430
2551,6146
2552,569
2552,1309
2552,1396
2552,3032
2552,3598
2552,4342
2552,4938
2552,5491
2552,5540
2552,6275
2552,6602
2552,7368
2553,183
2553,243
2553,322
2553,596
2553,1017
2553,1097
2553,1226
2553,1271
2553,1399
2553,1727
2553,1744
2553,1899
2553,1942
2553,2193
2553,2541
2553,2804
2553,2906
2553,3020
2553,3092
2553,3446
2553,3648
2553,3683
2553,3720
2553,4024
2553,4115
2553,4483
2553,4546
2553,4590
2553,4979
2553,5290
2553,5348
2553,5637
2553,6475
2553,6484
2553,7181
2553,7607
2554,1162
2554,1909
2554,2590
2554,4993
2554,5581
2554,6094
2554,6262
2554,7055
2555,4376
2555,4466
2556,419
2556,1092
2556,4013
2556,4345
2556,5327
2557,1751
2557,2037
2557,3575
2557,4583
2557,4741
2557,5451
2557,5825
2557,7566
2558,41
2558,672
2558,809
2558,832
2558,1129
2558,1481
2558,2287
2558,2376
2558,2440
2558,2513
2558,2798
2558,2935
2558,4263
2558,4376
2558,4805
2558,5716
2558,6170
2558,6408
2558,6474
2558,7216
2558,7481
2559,264
2559,461
2559,835
2559,2345
2559,2706
2559,3295
2559,3331
2559,4573
2559,4805
2559,6703
2559,6960
2559,7467
2560,691
2560,3972
2560,6698
2561,1458
2561,1714
2561,3605
2561,4152
2561,5343
2561,5437
2563,532
2563,1241
2563,1575
2563,1956
2563,2354
2563,3049
2563,3466
2563,4120
2563,6161
2564,1521
2564,1959
2564,5816
2564,5881
2565,95
2565,575
2565,1045
2565,1596
2565,3969
2565,4295
2565,4407
2565,5299
2565,6105
2565,6593
2565,7173
2566,2759
2566,4856
2567,1337
2567,2026
2567,3510
2567,5851
2567,6036
2567,6067
2567,6131
2567,6296
2567,6699
2567,7250
2568,2625
2568,4653
2568,6243
2568,7250
2569,75
2569,593
2569,3359
2569,3532
2569,3866
2569,7589
2570,301
2570,1001
2570,1388
2570,2834
2570,2863
2570,3260
2570,4799
2570,5425
2570,5796
2570,5899
2570,6724
2571,61
2571,455
2571,727
2571,1067
2571,1210
2571,1249
2571,1293
2571,1485
2571,1735
2571,1746
2571,1833
2571,3264
2571,4086
2571,4376
2571,4483
2571,4578
2571,5099
2571,5468
2571,6468
2571,7174
2571,7628
2572,92
2572,114
2572,389
2572,3216
2572,3983
2572,4289
2572,4565
2572,4822
2572,6403
2572,7524
2573,69
2573,473
2573,951
2573,1152
2573,1268
2573,1370
2573,4805
2573,7572
2574,1252
2574,2997
2574,5315
2574,6123
2574,7267
2575,33
2575,431
2575,593
2575,4538
2575,4669
2575,6484
2575,7103
2575,7464
2575,7568
2576,113
2576,1623
2576,4376
2576,7005
2576,7226
2576,7632
2577,1056
2577,2977
2577,2993
2577,7486
2577,7603
2578,1154
2578,1208
2578,1571
2578,1715
2578,1968
2578,2716
2578,2858
2578,3110
2578,5055
2578,5246
2579,1465
2579,3506
2579,3539
2579,3559
2579,5917
2579,6070
2579,6412
2579,6677
2579,7006
2579,7401
2579,7569
2580,68
2580,281
2580,416
2580,624
2580,823
2580,1114
2580,1349
2580,1366
2580,1462
2580,1542
2580,1715
2580,1844
2580,2002
2580,2276
2580,2459
2580,2858
2580,3318
2580,3522
2580,3556
2580,4036
2580,4547
2580,5087
2580,5233
2580,5246
2580,5645
2580,5712
2580,5766
2580,6781
2580,6863
2580,7004
2580,7189
2580,7358
2581,403
2581,922
2581,1744
2581,1749
2581,2216
2581,2988
2581,3585
2581,4754
2581,5064
2581,5295
2581,6038
2581,7328
2582,82
2582,2424
2582,3308
2582,4678
2582,5687
2582,5800
2583,769
2583,1359
2583,3942
2583,4725
2583,5680
2583,6516
2583,7376
2585,30
2585,150
2585,1068
2585,1338
2585,1534
2585,2505
2585,3233
2585,3676
2585,3956
2585,6225
2585,6606
2585,6633
2585,6886
2586,75
2586,105
2586,143
2586,152
2586,211
2586,582
2586,597
2586,843
2586,1182
2586,1389
2586,1409
2586,1442
2586,1875
2586,1913
2586,2306
2586,2415
2586,2820
2586,3015
2586,3224
2586,3585
2586,3646
2586,3854
2586,3856
2586,4141
2586,4373
2586,4570
2586,5195
2586,5362
2586,5530
2586,5646
2586,5768
2586,6079
2586,6082
2586,6562
2586,6594
2586,6620
2586,6815
2586,6960
2586,7365
2586,7430
2586,7503
2586,7589
2587,789
2587,1971
2587,2198
2587,2461
2587,3304
2587,3982
2587,4448
2587,4570
2587,5037
2587,5832
2587,5967
2587,6193
2587,6354
2587,6883
2587,6954
2588,161
2588,881
2588,2400
2588,3275
2588,3726
2588,4735
2588,6369
2588,6452
2588,6777
2589,3779
2589,6110
2589,7000
2589,7113
2590,2517
2590,2554
2590,5927
2590,6598
2591,7
2591,2180
2591,2849
2591,3057
2591,4133
2592,593
2592,2981
2592,3049
2592,5404
2592,5612
2593,548
2593,5499
2593,7169
2594,691
2594,1756
2594,3219
2594,3894
2594,4646
2594,5603
2594,7031
2595,357
2595,1058
2595,1293
2595,2770
2595,4164
2595,4622
2595,7269
2596,828
2596,1122
2596,1609
2596,2090
2596,2187
2596,2975
2596,4960
2596,5045
2596,6250
2597,456
2597,3735
2597,5075
2597,6768
2597,6814
2597,7175
2598,319
2598,622
2598,4641
2600,69
2600,789
2600,1268
2600,2239
2600,3070
2600,3502
2600,3748
2600,3895
2600,4184
2600,5415
2600,5881
2600,7582
2601,870
2602,620
2602,2168
2602,3845
2602,4379
2602,4950
2602,5934
2602,7080
2603,1759
2603,4614
2603,5512
2604,652
2604,2996
2604,5156
2604,5969
2605,581
2605,2528
2605,3361
2605,3423
2605,4237
2605,6138
2605,6550
2605,7405
2605,7460
2606,941
2606,1443
2606,2034
2606,2316
2606,4025
2606,4346
2606,5918
2606,6051
2606,6504
2606,7427
2607,1166
2607,2236
2607,2319
2607,2436
2607,2833
2607,3461
2607,4272
2607,4779
2607,5065
2607,5093
2607,5616
2607,7019
2608,108
2608,171
2608,941
2608,1800
2608,2014
2608,2056
2608,2799
2608,2833
2608,3159
2608,3429
2608,3442
2608,3729
2608,3823
2608,3869
2608,4935
2608,5560
2608,5638
2608,7447
2609,537
2609,1648
2609,2192
2609,2324
2609,5512
2610,1185
2610,1483
2610,2454
2610,5396
2610,5993
2610,6898
2611,856
2611,1070
2611,1185
2611,2701
2611,7128
2612,980
2612,1118
2612,2739
2612,3026
2612,3557
2612,5535
2612,5986
2612,6868
2612,7153
2613,769
2613,2068
2613,2162
2613,2390
2613,3709
2613,4172
2613,4482
2613,4507
2613,4520
2613,5014
2613,5763
2613,6908
2613,7191
2613,7332
2613,7441
2614,27
2614,2239
2614,3152
2614,3364
2614,3594
2614,4230
2614,4352
2614,4669
2614,5214
2614,7247
2615,42
2615,400
2615,774
2615,924
2615,1671
2615,2206
2615,3105
2615,3623
2615,4243
2615,4347
2615,6414
2615,7527
2616,414
2616,4818
2616,4837
2616,5822
2616,6405
2616,7256
2617,789
2617,904
2617,955
2617,1478
2617,2215
2617,2744
2617,2765
2617,5099
2618,717
2618,1965
2618,2030
2618,4616
2618,5224
2618,7320
2618,7582
2619,361
2619,440
2619,577
2619,2367
2619,3208
2619,4793
2619,4878
2619,4939
2619,5322
2619,5991
2619,6304
2619,7034
2619,7132
2619,7329
2620,124
2620,240
2620,593
2620,2239
2620,2744
2620,2852
2620,3559
2620,4037
2620,4177
2620,4407
2620,4737
2620,4785
2620,6016
2620,6961
2621,1961
2621,3171
2621,3710
2622,316
2622,537
2622,787
2622,806
2622,909
2622,1038
2622,1983
2622,2387
2622,2861
2622,3291
2622,3529
2622,4038
2622,4264
2622,4467
2622,6212
2622,6534
2622,7061
2622,7555
2623,349
2623,2337
2623,2435
2623,3583
2623,3678
2623,4723
2623,7308
2623,7348
2623,7437
2624,3567
2624,5593
2624,7000
2624,7325
2625,1325
2625,1566
2625,1572
2625,1682
2625,1990
2625,2258
2625,2568
2625,2993
2625,3052
2625,3492
2625,4957
2625,7125
2625,7466
2626,655
2626,680
2626,1776
2626,1894
2626,2143
2626,3320
2626,4569
2626,6276
2626,6379
2626,6901
2626,7007
2627,593
2627,780
2627,1546
2627,1929
2627,4670
2627,5213
2628,1838
2628,2198
2628,3720
2629,253
2629,985
2629,1078
2629,3120
2629,3336
2629,4185
2629,4562
2629,5758
2629,5863
2629,6422
2629,7195
2629,7332
2630,2883
2631,1436
2631,2414
2631,3344
2631,3510
2631,5044
2631,6548
2631,7088
2632,4153
2632,4376
2632,5917
2633,3331
2633,4196
2634,4116
2635,806
2635,1391
2635,2114
2635,2622
2635,3528
2635,3597
2635,4312
2635,6046
2636,704
2636,1416
2636,2872
2637,710
2637,1152
2637,1744
2637,2380
2637,3623
2637,3721
2637,5070
2637,5290
2637,7003
2637,7203
2637,7337
2638,932
2638,1237
2638,1855
2638,2130
2638,2343
2638,2362
2638,4237
2639,616
2639,1453
2639,1575
2639,3718
2639,7265
2640,258
2640,593
2640,2198
2640,2239
2640,5008
2640,6702
2641,589
2642,348
2642,1147
2642,1201
2642,2029
2642,2403
2642,5766
2642,6659
2642,7148
2642,7625
2643,1122
2643,1864
2643,2132
2643,4666
2643,5451
2643,6465
2643,7118
2644,195
2644,993
2644,4573
2644,4775
2644,7190
2645,446
2645,3715
2645,4384
2645,4573
2645,5070
2645,5881
2645,6354
2645,6669
2645,7003
2646,650
2646,2078
2646,4452
2646,5723
2646,6606
2646,6991
2646,7160
2646,7281
2647,29
2647,773
2647,6290
2648,1
2648,73
2648,1429
2648,4735
2649,261
2649,1100
2649,1966
2649,4641
2649,5493
2649,5518
2649,6345
2649,6673
2649,6759
2649,7477
2650,269
2650,352
2650,552
2650,2198
2650,3581
2650,3704
2650,4376
2650,4670
2650,4715
2650,5234
2650,6219
2651,2709
2652,1475
2652,1830
2652,5383
2652,6185
2653,196
2653,833
2653,2817
2653,3812
2653,4273
2653,7047
2654,284
2654,315
2654,580
2654,1079
2654,3880
2654,4008
2654,4077
2654,4143
2654,4426
2654,4673
2654,6111
2654,6712
2655,91
2655,352
2655,655
2655,808
2655,975
2655,2112
2655,2917
2655,6067
2655,6296
2656,1830
2656,3500
2657,527
2657,1210
2657,1268
2657,1959
2657,3659
2657,4384
2657,5351
2658,4244
2658,4485
2658,4498
2658,6106
2659,60
2659,291
2659,317
2659,1011
2659,1106
2659,2716
2659,2956
2659,4210
2659,6492
2660,1642
2660,4714
2660,6952
2660,7250
2660,7448
2661,1377
2661,1614
2661,3185
2661,3251
2661,3277
2661,5148
2661,5799
2661,6646
2661,7280
2661,7330
2662,873
2662,1175
2662,2014
2662,2034
2662,2136
2662,2876
2662,3038
2662,3159
2662,4665
2662,6352
2663,213
2663,606
2663,1108
2663,3891
2663,4479
2663,5398
2663,6078
2663,6511
2663,7072
2663,7374
2663,7596
2664,867
2664,1418
2664,2258
2664,3296
2664,3895
2664,4054
2664,7370
2665,1435
2665,2057
2665,3478
2665,4277
2665,4327
2665,7223
2666,1162
2666,1819
2666,3143
2666,5927
2666,6130
2666,6855
2666,7198
2667,186
2667,335
2667,2899
2667,4105
2667,5619
2667,5711
2667,7411
2667,7506
2668,293
2668,863
2669,1441
2669,3525
2669,5085
2669,5605
2670,2139
2670,4753
2670,7436
2671,260
2671,542
2671,1210
2671,1293
2671,1453
2671,1634
2671,1784
2671,2106
2671,2725
2671,4326
2671,4847
2671,5084
2671,5859
2671,5945
2671,5955
2671,7537
2672,2831
2672,6379
2672,7420
2673,1189
2673,1624
2673,2999
2673,3574
2673,3702
2673,3751
2673,6063
2673,6427
2674,1593
2674,2792
2674,6094
2674,7198
2675,1899
2675,4816
2676,532
2676,1091
2676,3871
2676,3959
2676,4384
2676,6118
2677,2375
2677,4376
2678,1315
2678,2084
2678,2626
2679,3895
2679,4261
2679,6439
2679,7101
2680,195
2680,691
2680,1385
2680,1629
2680,1756
2680,1773
2680,3525
2680,3972
2680,5085
2680,5605
2680,5894
2680,7031
2680,7145
2681,649
2681,1759
2681,3065
2682,526
2682,2514
2682,4805
2682,5620
2683,1418
2683,1575
2683,2487
2683,3049
2683,3469
2683,5234
2683,5404
2684,2239
2684,6325
2685,658
2685,2117
2685,2173
2685,2887
2685,3247
2685,4082
2685,4217
2686,954
2686,1829
2686,2927
2686,3387
2686,4489
2686,4551
2686,4842
2686,5123
2686,5158
2686,5354
2686,6438
2686,6839
2686,6960
2687,396
2687,565
2687,799
2687,1208
2687,4119
2687,4396
2687,6498
2687,6697
2688,234
2688,1201
2688,4568
2688,6535
2688,6782
2689,42
2689,319
2689,622
2689,1100
2689,1429
2689,1663
2689,1746
2689,4700
2689,5013
2689,5441
2689,5469
2689,5903
2689,6807
2689,7247
2691,7488
2692,68
2692,547
2692,1968
2692,2858
2692,3228
2692,4036
2693,327
2693,1201
2693,1635
2693,3917
2693,4749
2693,4898
2693,5443
2693,6857
2693,7192
2695,1626
2695,1674
2695,2505
2695,3524
2695,3645
2695,3823
2695,3869
2695,4361
2695,6005
2695,6982
2695,7030
2696,451
2696,929
2696,2846
2696,3254
2696,4119
2696,6011
2696,6697
2696,6932
2696,7567
2696,7625
2697,495
2697,3510
2697,5262
2698,2326
2699,368
2699,2351
2699,3694
2699,3790
2700,6
2700,443
2700,652
2700,3507
2700,5229
2701,295
2701,1212
2701,2113
2701,2611
2701,2678
2701,2738
2701,2955
2701,3275
2701,3503
2701,4987
2701,6276
2702,195
2702,454
2702,2379
2702,4051
2702,4089
2702,4698
2702,5656
2702,5713
2702,6089
2703,1922
2703,3758
2703,4584
2703,4674
2703,5218
2703,5798
2703,6059
2703,7131
2704,34
2704,610
2704,2253
2704,2440
2704,3697
2704,4691
2704,4805
2704,6994
2705,2515
2705,3485
2705,3960
2705,4172
2705,5430
2705,5970
2705,7253
2706,2066
2706,2559
2706,2973
2706,4116
2706,4693
2706,4832
2706,5185
2707,9
2707,252
2707,1435
2707,2094
2707,2378
2707,3365
2707,3418
2707,3478
2707,4277
2707,4882
2707,5625
2707,6162
2708,4440
2708,7146
2708,7528
2708,7581
2709,765
2709,1075
2709,1277
2709,1295
2709,1500
2709,1879
2709,2651
2709,3095
2709,3525
2709,6900
2709,7286
2709,7442
2710,350
2710,581
2710,729
2710,730
2710,1533
2710,1823
2710,2951
2710,3919
2710,5163
2710,5410
2711,85
2711,1833
2711,1840
2711,1842
2711,4326
2711,7044
2711,7071
2712,2867
2712,3400
2712,3865
2712,4200
2712,4410
2712,4752
2712,5994
2713,3838
2713,7099
2714,334
2714,952
2714,3745
2714,4419
2714,5758
2714,6546
2716,1968
2716,2275
2716,2578
2716,3286
2716,3402
2716,3943
2716,6883
2717,328
2717,1766
2717,2019
2717,2090
2717,2260
2717,3840
2717,4504
2717,4751
2717,4960
2717,5529
2717,6502
2718,3525
2718,7641
2719,291
2719,4384
2719,7269
2720,1055
2720,1823
2720,1828
2720,1857
2720,2181
2720,3361
2720,6816
2720,7356
2721,1506
2721,1677
2721,2865
2721,3668
2721,5159
2721,6826
2721,7303
2722,3660
2722,3666
2722,4470
2722,7161
2723,468
2723,1049
2723,7620
2724,577
2724,5394
2724,6304
2725,138
2725,2198
2725,3958
2725,6265
2725,6906
2725,7464
2726,130
2726,4684
2726,4925
2726,4943
2726,6002
2727,289
2727,4906
2727,5454
2728,1396
2728,1759
2728,1969
2728,2946
2728,3371
2728,5849
2728,5906
2729,677
2729,1189
2729,1291
2729,2215
2729,3330
2729,3895
2729,3959
2729,3965
2729,5709
2729,6966
2729,7401
2730,446
2730,1712
2730,3804
2730,5234
2730,5404
2730,5707
2730,6409
2732,631
2732,2111
2732,3510
2732,5527
2732,6512
2734,726
2734,881
2734,1612
2734,6660
2734,7330
2735,1147
2735,5994
2735,7066
2736,2229
2736,3051
2736,3384
2736,5296
2736,5412
2736,6658
2736,7582
2737,1332
2737,4175
2737,5426
2737,6218
2737,7642
2738,39
2738,756
2738,776
2738,1585
2738,2024
2738,2306
2738,2650
2738,2820
2738,3585
2738,3849
2738,4203
2738,4390
2738,5530
2738,5963
2738,5997
2738,6282
2738,6702
2738,7035
2738,7293
2738,7536
2739,980
2739,2612
2739,3026
2739,5630
2739,5743
2739,6293
2739,6868
2739,7375
2740,36
2740,1417
2740,1643
2740,1929
2740,2220
2740,4100
2740,5209
2740,6696
2740,7364
2741,1252
2741,2390
2741,6575
2741,6967
2741,7039
2741,7153
2741,7591
2742,93
2742,199
2742,1068
2742,1450
2742,1936
2742,2891
2742,4689
2742,4786
2742,5119
2742,5122
2742,5666
2742,5684
2742,6169
2742,7081
2743,213
2743,1098
2743,2198
2743,2239
2743,2418
2743,2820
2743,3070
2743,4422
2743,5404
2743,6210
2744,85
2744,1368
2744,2194
2744,3311
2744,4952
2744,5296
2744,5952
2744,7331
2745,3493
2745,4376
2745,4806
2745,6936
2745,7071
2746,513
2746,644
2746,1240
2746,1280
2746,1714
2746,1905
2746,4033
2746,6730
2746,6807
2746,6827
2747,327
2747,354
2747,452
2747,1201
2747,1490
2747,1635
2747,2203
2747,2936
2747,3917
2747,6053
2748,66
2748,3437
2748,3814
2748,4372
2748,4661
2748,4906
2748,7620
2749,202
2749,630
2749,927
2749,1936
2749,2077
2749,2338
2749,2379
2749,3777
2749,4108
2749,4810
2749,5563
2749,5885
2750,1112
2750,3532
2750,4285
2750,6437
2750,6646
2750,6707
2750,6743
2750,6803
2750,7395
2751,305
2751,1689
2751,1831
2751,1896
2751,5031
2751,6078
2751,6105
2751,6815
2752,691
2752,1219
2752,1812
2754,174
2754,1434
2754,2099
2754,2324
2754,2474
2754,2717
2754,3529
2754,4412
2754,4741
2754,6383
2754,7013
2754,7014
2754,7086
2755,369
2755,3060
2755,3279
2755,3492
2755,4680
2755,6831
2755,7321
2756,871
2756,1604
2756,3417
2756,3880
2756,4008
2756,4112
2756,4125
2756,4802
2756,5876
2756,6623
2757,682
2757,794
2757,1073
2757,1587
2757,1604
2757,1676
2757,2311
2757,3563
2757,3892
2757,4171
2757,4414
2757,4984
2757,5627
2757,5914
2757,6163
2757,7236
2757,7541
2758,162
2758,1961
2758,2304
2758,3802
2758,5969
2759,2230
2759,2566
2759,7620
2760,2295
2760,2927
2760,4273
2760,4338
2760,5484
2760,5664
2761,1429
2761,2239
2761,2738
2761,3244
2761,3359
2761,5504
2761,5664
2761,7032
2762,1916
2762,1936
2762,4689
2762,5715
2762,5725
2762,6147
2762,7201
2762,7211
2763,91
2763,5098
2763,5947
2763,7067
2764,1075
2764,1196
2764,1750
2764,1816
2764,1924
2764,4019
2764,5152
2764,6241
2765,789
2765,1330
2765,1621
2765,3040
2765,3406
2765,3538
2765,3748
2765,4113
2765,4303
2765,4469
2765,5222
2765,5623
2765,6618
2765,6760
2765,7385
2766,260
2766,3049
2766,3459
2766,4376
2766,5132
2767,329
2767,2997
2767,4462
2768,463
2768,801
2768,1016
2768,1685
2768,1696
2768,3324
2768,3558
2768,3597
2768,4142
2768,4281
2768,4666
2768,6519
2768,6534
2769,577
2769,694
2769,3360
2769,3813
2769,5322
2769,6469
2769,6595
2769,6925
2770,201
2770,260
2770,446
2770,1854
2770,2339
2770,4384
2770,5082
2770,7252
2770,7572
2770,7580
2771,3698
2771,4103
2771,6807
2771,7374
2772,934
2772,1642
2772,3540
2772,3713
2772,5403
2772,5404
2772,7252
2772,7553
2773,3578
2773,7467
2774,1487
2774,2148
2774,5053
2774,5169
2775,755
2775,2609
2775,3346
2775,3523
2775,3805
2775,4949
2775,7241
2776,28
2776,920
2776,1034
2776,1280
2777,349
2777,1980
2777,2337
2777,2435
2777,3102
2777,3678
2777,3717
2777,4992
2777,5110
2777,6665
2777,7458
2777,7513
2778,26
2778,522
2778,1092
2778,1591
2778,2095
2778,2173
2778,2819
2778,2871
2778,2887
2778,3053
2778,3807
2778,5595
2778,5932
2778,6289
2778,6983
2778,7276
2779,130
2779,4684
2779,5883
2779,6550
2780,266
2780,755
2780,3588
2780,5021
2781,2125
2781,4805
2781,6246
2782,42
2782,258
2782,659
2782,2198
2782,2206
2782,2410
2782,4402
2782,4608
2782,4870
2782,5372
2782,6077
2782,6787
2783,212
2783,4067
2783,7130
2785,2053
2785,2608
2785,3227
2785,3661
2785,4837
2785,6998
2785,7575
2786,398
2786,481
2786,901
2786,3452
2786,3733
2786,4151
2786,4244
2786,4353
2786,4494
2786,5974
2786,6311
2786,6609
2787,838
2787,3699
2787,3899
2787,5404
2788,391
2788,567
2788,2409
2788,3231
2788,4237
2788,4613
2788,5092
2788,6366
2788,6791
2788,7037
2788,7243
2788,7356
2789,4305
2789,7507
2790,256
2790,932
2790,1702
2790,1791
2790,1846
2790,1920
2790,2064
2790,2792
2790,3754
2790,4937
2790,5432
2791,670
2791,3677
2792,844
2792,1446
2792,1909
2792,2790
2792,4937
2792,5034
2792,5153
2792,6207
2792,6376
2792,6404
2793,1768
2793,4462
2793,4805
2793,5155
2793,5550
2793,5678
2793,5735
2793,6123
2793,7560
2794,532
2794,3040
2794,5719
2794,5865
2794,5869
2794,6747
2795,39
2795,536
2795,562
2795,1034
2795,1215
2795,1379
2795,1409
2795,1725
2795,2084
2795,3011
2795,3775
2795,3888
2795,3966
2795,4098
2795,4390
2795,4569
2795,5321
2795,5433
2795,5500
2795,5963
2795,6096
2795,6575
2795,6683
2795,6722
2796,1429
2796,3512
2796,3856
2796,5629
2796,5654
2796,7137
2797,7372
2798,776
2798,809
2798,1058
2798,1453
2798,2170
2798,3078
2798,5716
2798,6922
2798,7448
2799,993
2799,1031
2799,1295
2799,1339
2799,1340
2799,2160
2799,2608
2799,2695
2799,2833
2799,2872
2799,3227
2799,4305
2799,4628
2799,4752
2799,4935
2799,6245
2799,6549
2799,7621
2800,712
2800,4116
2800,6458
2800,7250
2801,248
2801,512
2801,597
2801,670
2801,1245
2801,1585
2801,1911
2801,2070
2801,2239
2801,2250
2801,4373
2801,5001
2801,5772
2801,5963
2801,6210
2801,6761
2801,7035
2801,7293
2802,703
2802,799
2802,2846
2802,4036
2802,6697
2803,878
2803,2014
2803,2315
2803,2422
2803,3647
2803,4222
2803,4239
2803,4665
2803,5454
2803,6048
2803,6584
2803,6606
2804,1899
2804,3891
2804,4854
2804,5136
2804,5364
2805,481
2805,561
2805,1365
2805,1683
2805,4914
2805,6311
2805,7110
2805,7383
2806,442
2806,1038
2806,1751
2806,2389
2806,3217
2806,3392
2806,3840
2806,6104
2806,6648
2806,7075
2807,4805
2807,5123
2807,5634
2807,5664
2808,138
2808,1293
2808,1453
2808,1908
2808,2048
2808,4164
2808,4806
2808,4845
2809,856
2809,1069
2809,3077
2809,3607
2809,4745
2809,6417
2809,6624
2809,7556
2810,190
2810,3740
2810,4121
2810,4488
2810,5564
2810,5814
2810,6905
2811,133
2811,703
2811,1693
2812,593
2812,1663
2812,4012
2812,5799
2812,6156
2812,6398
2812,6414
2812,6669
2812,6887
2812,6921
2812,7170
2813,871
2813,4125
2813,4181
2813,4280
2813,4726
2813,5876
2813,6623
2813,7271
2814,958
2814,2106
2814,3152
2814,5404
2814,5463
2815,1077
2815,1578
2815,3112
2815,7475
2815,7620
2816,835
2816,3049
2816,3304
2816,4743
2816,5203
2816,7349
2817,196
2817,2653
2817,3896
2817,4273
2819,134
2819,593
2819,1082
2819,2095
2819,2117
2819,2685
2819,3063
2819,3247
2819,4345
2819,5958
2819,6175
2820,114
2820,590
2820,2572
2820,2586
2820,3277
2820,3983
2820,7510
2821,73
2821,2450
2821,5801
2821,6252
2822,412
2822,1054
2822,1243
2822,2090
2822,2260
2822,2754
2822,3371
2822,4412
2822,4960
2822,5409
2822,5706
2822,6143
2822,6164
2822,7014
2823,276
2823,1108
2823,1561
2823,2239
2823,2484
2823,3070
2823,3282
2823,3710
2823,4771
2823,5167
2823,5309
2824,12
2824,511
2824,7620
2825,2976
2825,3094
2825,3175
2825,3191
2825,3292
2825,3735
2825,7421
2825,7450
2826,1899
2826,2541
2826,5114
2826,6614
2826,6807
2826,7274
2827,837
2827,1622
2827,1889
2827,4498
2827,4604
2827,4933
2827,6106
2828,6365
2829,2143
2829,5412
2829,5585
2830,1026
2830,2074
2830,2136
2830,2315
2830,3354
2830,4656
2830,5314
2830,6187
2830,6429
2830,6991
2830,7286
2831,211
2831,2672
2831,3171
2831,4386
2831,6210
2831,7072
2832,366
2832,2689
2832,5734
2832,7280
2833,394
2833,549
2833,1295
2833,3729
2833,4424
2833,4833
2833,5647
2833,5922
2834,73
2834,864
2834,1188
2834,2223
2834,2355
2834,2511
2834,2565
2834,2570
2834,3883
2834,4532
2834,4973
2835,2239
2835,3224
2835,3585
2835,6282
2835,6411
2835,6852
2836,1543
2836,4429
2836,4837
2836,5086
2836,6324
2836,7421
2836,7475
2836,7620
2837,409
2837,550
2837,1055
2837,1638
2837,4950
2837,6333
2837,6718
2838,2249
2838,5333
2838,5522
2839,551
2839,2332
2839,4523
2840,830
2840,1219
2840,1242
2840,1629
2840,3244
2840,3675
2840,3676
2840,4025
2840,5057
2840,5239
2840,5310
2840,5331
2840,5894
2840,7025
2840,7063
2840,7260
2840,7508
2841,281
2841,2029
2841,2578
2841,2846
2841,2858
2841,3338
2841,4166
2841,4550
2841,6375
2841,6883
2841,7028
2842,206
2842,1781
2842,2050
2842,2503
2842,4099
2842,5416
2842,5655
2842,6018
2842,6559
2842,6918
2843,147
2843,425
2843,782
2843,1917
2843,3399
2843,4191
2843,4708
2843,5230
2843,5935
2843,5974
2843,6924
2843,7383
2843,7598
2844,1961
2844,3600
2844,3802
2844,6586
2845,3904
2846,574
2846,1265
2846,1590
2846,1779
2846,2696
2846,3029
2846,3228
2846,3254
2846,4059
2846,4765
2846,4844
2846,5087
2846,5389
2846,5766
2846,5956
2846,6710
2846,6932
2847,1521
2847,2198
2847,3277
2847,7000
2848,129
2848,346
2848,1254
2848,3061
2848,3160
2848,5730
2848,6576
2849,405
2849,1364
2849,4048
2849,4960
2849,5164
2849,5465
2849,6532
2849,7122
2850,256
2850,709
2850,1438
2850,2154
2850,2292
2850,3801
2850,4087
2850,4776
2850,5011
2850,5092
2850,5793
2850,6130
2850,6286
2850,6550
2850,6873
2851,1606
2851,3200
2851,3414
2851,3537
2851,3639
2851,4401
2851,5683
2851,6727
2852,4080
2852,4303
2852,4384
2852,4680
2852,6966
2853,2012
2853,3449
2853,4123
2853,4310
2853,4423
2853,4491
2853,4681
2853,5405
2853,5721
2853,7110
2854,36
2854,412
2854,478
2854,2192
2854,2861
2854,3024
2854,3164
2854,4256
2854,5658
2854,6479
2855,593
2855,3607
2855,4376
2855,6701
2856,15
2856,1382
2856,1472
2856,1810
2856,2273
2856,2536
2856,3078
2856,3902
2856,6067
2856,6699
2856,6909
2856,7077
2856,7143
2856,7512
2857,1561
2857,2239
2857,2400
2857,3152
2857,3402
2857,4670
2857,5206
2857,5545
2857,5664
2857,7467
2858,457
2858,799
2858,1025
2858,1201
2858,1208
2858,1462
2858,1576
2858,1605
2858,1713
2858,1754
2858,1968
2858,2696
2858,4011
2858,4132
2858,4139
2858,4481
2858,5021
2858,5087
2858,6158
2858,6949
2858,7625
2859,2173
2859,3221
2859,3657
2859,4217
2860,216
2860,324
2860,1609
2860,2256
2860,5250
2860,5436
2860,5465
2860,6965
2861,36
2861,1389
2861,1531
2861,1709
2861,2192
2861,2235
2861,3116
2861,4038
2862,1142
2862,1283
2862,4431
2862,4439
2862,4643
2862,4888
2862,7115
2863,301
2863,829
2863,1080
2863,1156
2863,1188
2863,2169
2863,2463
2863,2879
2863,3358
2863,3397
2863,4486
2863,4532
2863,4799
2863,4915
2863,5168
2863,5219
2863,5777
2863,6071
2863,6339
2863,6542
2863,6724
2863,6856
2863,6914
2863,6987
2864,1436
2864,2997
2864,5499
2864,6142
2865,1506
2865,1755
2865,3728
2865,3977
2865,4030
2865,6471
2865,7242
2866,5404
2866,6702
2866,7071
2867,356
2867,370
2867,1701
2867,3136
2867,3690
2867,3826
2867,4383
2867,5367
2867,6312
2867,6367
2867,7360
2868,593
2868,1281
2868,1744
2868,2380
2868,3049
2868,6321
2868,6887
2869,120
2869,1909
2869,2362
2869,6681
2870,242
2870,820
2871,1060
2871,1253
2871,1280
2871,1305
2871,1627
2871,1981
2871,2561
2871,3035
2871,3221
2871,3241
2871,3270
2871,3807
2871,3856
2871,4013
2871,4345
2871,4386
2871,6054
2871,6726
2871,7503
2871,7526
2872,90
2872,171
2872,1056
2872,2411
2872,2636
2872,3461
2872,4880
2872,4922
2872,6473
2872,6642
2872,6728
2872,6735
2872,6886
2872,7433
2872,7620
2873,147
2873,618
2873,1223
2873,1646
2873,2012
2873,2491
2873,4494
2873,4663
2873,5974
2873,6488
2873,6625
2874,11
2874,64
2874,422
2874,1151
2874,1807
2874,2217
2874,2534
2874,3122
2874,3147
2874,3477
2874,4093
2874,4279
2874,4611
2874,5738
2874,5921
2874,6221
2874,6402
2874,6988
2874,7273
2874,7460
2874,7472
2875,650
2875,1009
2875,1075
2875,2288
2875,3901
2875,3993
2875,5314
2875,5466
2876,66
2876,385
2876,1251
2876,1691
2876,2662
2876,3137
2876,3175
2876,5238
2876,5684
2876,7117
2877,83
2877,1083
2877,1400
2877,2720
2877,3801
2877,4221
2877,5480
2877,5911
2877,7098
2878,1021
2878,1303
2879,430
2879,2223
2879,2355
2879,2570
2879,2898
2879,2918
2879,3265
2879,3665
2879,4532
2879,5168
2879,7084
2880,156
2880,907
2880,1290
2880,1760
2880,2110
2880,2135
2880,2465
2880,3097
2880,3387
2880,3405
2880,5388
2880,5763
2880,6459
2880,7418
2880,7498
2881,1113
2881,1254
2881,1621
2881,2377
2881,3160
2881,3178
2881,4384
2881,4806
2881,7582
2882,593
2882,626
2882,1621
2882,3359
2882,5797
2882,5881
2882,7071
2882,7105
2883,2630
2883,2639
2883,3895
2883,3965
2883,4046
2883,4801
2883,5010
2883,5945
2883,7401
2884,1520
2884,2199
2884,3625
2884,5940
2884,6592
2885,1237
2885,1422
2885,3412
2885,4237
2885,4399
2886,904
2886,3748
2886,4376
2886,5404
2886,6848
2887,1024
2887,1236
2887,3053
2887,3123
2887,4912
2887,5061
2887,5327
2887,5703
2887,6289
2887,6983
2887,7398
2888,85
2888,129
2888,1113
2888,3357
2888,4355
2888,4369
2888,4680
2888,5641
2888,5740
2889,495
2889,3578
2890,293
2890,6704
2891,2742
2891,3046
2891,4061
2891,4689
2891,6523
2892,335
2892,1785
2892,2667
2892,2953
2892,3283
2892,4072
2892,5117
2892,7411
2893,1448
2893,2529
2893,3480
2893,3920
2893,5722
2894,1225
2894,3421
2894,5435
2894,6864
2895,1785
2895,1827
2895,2192
2895,2754
2895,4960
2895,5879
2895,6250
2896,147
2896,481
2896,3180
2896,5737
2896,6106
2896,6488
2896,6508
2897,88
2897,146
2897,648
2897,998
2897,1931
2897,2116
2897,2274
2897,3731
2897,3937
2897,4378
2897,4605
2897,5078
2897,5765
2897,6048
2897,6165
2898,2016
2898,2863
2898,2879
2898,3378
2898,3595
2898,4799
2898,4862
2898,6386
2898,6542
2899,335
2899,2235
2899,2364
2899,2667
2899,2953
2899,4105
2899,5117
2899,5619
2899,5711
2899,7506
2900,3143
2901,92
2901,606
2901,1064
2901,1310
2901,1938
2901,2248
2901,2450
2901,3394
2901,4039
2901,4062
2901,4735
2901,4904
2901,4987
2901,6281
2901,6426
2901,7330
2902,429
2902,2997
2902,4462
2902,7087
2903,283
2903,942
2903,1291
2903,1615
2903,1978
2903,2987
2903,3125
2903,4502
2903,6538
2903,7422
2904,1899
2904,3049
2904,5428
2904,5445
2904,6038
2904,7250
2905,106
2905,1058
2905,2795
2905,3277
2905,4097
2905,4376
2905,4522
2905,6803
2905,7032
2906,593
2906,1899
2906,2380
2906,5404
2906,7337
2906,7352
2907,835
2907,940
2907,1813
2907,1915
2907,3086
2907,3451
2907,3612
2907,4218
2907,4709
2907,5089
2907,5880
2907,6716
2907,6960
2908,1069
2908,2143
2908,2198
2908,3607
2909,6169
2910,998
2910,1143
2910,1436
2910,2150
2910,2430
2910,2543
2910,3635
2910,4378
2911,415
2911,810
2911,904
2911,1102
2911,1284
2911,2744
2911,2852
2911,3692
2911,4096
2911,4177
2911,4184
2911,4248
2911,4871
2911,5730
2911,6208
2911,6810
2911,6981
2911,6984
2911,7525
2912,4025
2912,4563
2912,6814
2913,446
2913,770
2913,958
2913,2645
2913,3118
2913,3403
2913,3546
2913,3620
2913,4384
2913,5097
2913,5455
2913,5459
2913,6649
2913,6895
2913,7097
2914,151
2914,5185
2914,6270
2915,884
2915,1923
2915,2064
2915,4443
2915,4925
2916,89
2916,258
2916,593
2916,2198
2917,456
2917,1761
2917,3839
2917,4653
2918,2570
2918,2863
2918,2879
2918,3855
2918,4913
2918,4973
2918,6058
2919,792
2919,1154
2919,1968
2919,2278
2919,2586
2919,3943
2920,2111
2920,6569
2920,7250
2921,369
2921,1368
2921,1796
2921,2377
2921,3196
2921,4791
2921,5070
2921,6933
2922,6897
2923,7574
2924,2433
2924,4646
2924,4926
2924,7031
2925,1122
2925,2006
2925,2098
2925,2281
2925,2312
2925,3356
2925,3628
2925,6679
2926,561
2926,1477
2926,1683
2926,3180
2926,3733
2926,3904
2926,4487
2926,6106
2927,413
2927,528
2927,675
2927,1227
2927,2161
2927,2760
2927,4685
2927,5634
2927,6929
2928,4685
2928,5484
2928,7587
2929,593
2929,4522
2929,5584
2929,5903
2930,1123
2930,1395
2930,3860
2931,26
2931,446
2931,1999
2931,3469
2931,4806
2931,5070
2931,5881
2931,6024
2931,6551
2931,6790
2931,7097
2932,3894
2932,4994
2933,2233
2933,4194
2933,4863
2934,281
2934,624
2934,2580
2934,3402
2934,4977
2934,5196
2935,610
2935,2440
2935,2558
2935,4592
2935,6388
2935,6994
2935,7116
2936,281
2936,452
2936,1490
2936,3144
2936,4568
2936,4749
2936,6782
2936,7381
2937,1154
2937,1366
2937,1971
2937,2696
2937,2919
2937,3301
2937,6833
2937,6883
2937,6938
2937,7533
2938,260
2938,1634
2938,2129
2938,2198
2938,2393
2938,3183
2938,3693
2938,4164
2938,5641
2938,5740
2938,6702
2938,7003
2939,54
2939,932
2940,3608
2941,1253
2941,5461
2941,6572
2942,1793
2942,3033
2942,4079
2942,5481
2942,5683
2942,5905
2942,6285
2942,6903
2942,7425
2943,656
2943,977
2943,1903
2943,2399
2943,2554
2943,3210
2943,3366
2943,3736
2943,4060
2943,4237
2943,5140
2943,5591
2943,6002
2943,6042
2943,6130
2943,6145
2943,7275
2944,9
2944,564
2944,1435
2944,2378
2944,3365
2944,3478
2944,4769
2944,4882
2944,5486
2944,5625
2944,7094
2944,7393
2945,587
2945,921
2945,986
2945,1733
2945,1922
2945,2273
2945,2903
2945,4584
2945,5097
2945,6196
2945,6412
2945,6699
2945,6715
2945,7130
2945,7322
2946,909
2946,1037
2946,1734
2946,1759
2946,2090
2946,3714
2946,4504
2946,4759
2947,355
2947,1149
2947,1151
2947,3147
2947,7449
2948,721
2948,2143
2948,2455
2948,2544
2948,2959
2948,7131
2948,7384
2949,932
2949,2318
2949,2528
2949,3389
2949,3569
2949,4497
2950,269
2950,835
2950,947
2950,2287
2950,3433
2950,4458
2950,4641
2950,5213
2950,6702
2950,7467
2951,231
2951,567
2951,1055
2951,1124
2951,1433
2951,2710
2951,2720
2951,3231
2951,3801
2951,5297
2951,7098
2951,7243
2951,7317
2951,7356
2952,1252
2952,2342
2952,3491
2952,5186
2952,5550
2952,7644
2953,2667
2953,3961
2953,4038
2953,4264
2953,4905
2953,5117
2953,6250
2954,1733
2954,2001
2954,2522
2954,4356
2954,4422
2954,4890
2954,5296
2954,6178
2954,6452
2954,6624
2955,490
2955,1984
2955,2701
2955,5676
2955,7067
2955,7455
2956,85
2956,1293
2956,1682
2956,2106
2956,2659
2956,3347
2956,4865
2957,433
2957,1053
2957,1852
2957,3057
2958,874
2958,973
2958,1210
2958,1796
2958,2339
2958,2921
2958,3311
2958,3616
2958,4376
2958,5404
2958,5881
2959,551
2959,1904
2959,2113
2959,2948
2959,4427
2959,5541
2959,7445
2959,7556
2960,946
2960,2244
2960,3271
2960,5496
2960,6807
2961,304
2961,2981
2961,4864
2961,5132
2961,7572
2962,2997
2962,4910
2962,5499
2962,5550
2963,887
2963,1946
2963,2319
2963,2379
2963,2607
2963,2749
2963,3229
2963,5288
2963,5885
2963,5916
2963,6656
2964,3726
2965,4067
2965,4206
2965,6569
2965,7336
2966,1340
2966,2963
2966,3156
2966,3229
2966,4108
2966,5122
2967,317
2967,1011
2967,1106
2967,1590
2967,2198
2967,2716
2967,4037
2967,6034
2968,1395
2968,4907
2968,5580
2968,6463
2968,7545
2968,7620
2969,1429
2969,3579
2969,4033
2970,1802
2970,2198
2970,4805
2970,5881
2971,4793
2971,5805
2971,7199
2971,7329
2972,1058
2972,1575
2972,2145
2972,4700
2972,5132
2972,6990
2972,7147
2973,1408
2973,3335
2973,4016
2973,4100
2973,4152
2973,4832
2974,85
2974,2639
2974,3408
2974,4286
2974,5222
2975,236
2975,412
2975,879
2975,914
2975,1364
2975,1412
2975,1977
2975,2596
2975,2728
2975,3091
2975,4960
2975,6532
2975,6931
2975,7238
2976,507
2976,1500
2976,1822
2976,2035
2976,2053
2976,2825
2976,3292
2976,3603
2976,3852
2976,3972
2976,4104
2976,4471
2976,4657
2976,4720
2976,4843
2976,5548
2976,5592
2976,5861
2976,6044
2976,6120
2976,6591
2976,6682
2976,7575
2976,7622
2977,904
2977,3162
2977,3223
2977,4343
2977,6581
2977,6588
2978,2162
2978,2386
2978,5318
2978,5763
2979,258
2979,3063
2979,3364
2979,3844
2979,5412
2979,5909
2979,6631
2981,69
2981,951
2981,1178
2981,1370
2981,1415
2981,1545
2981,1684
2981,1862
2981,2107
2981,2115
2981,2502
2981,2782
2981,3001
2981,3178
2981,3456
2981,4630
2981,4816
2981,5344
2981,5679
2981,6597
2981,7166
2982,1482
2982,4690
2982,7172
2982,7476
2982,7636
2983,561
2983,2395
2983,3211
2983,4004
2983,4485
2983,4585
2983,5737
2983,7324
2983,7598
2984,199
2984,1503
2984,2319
2984,2436
2984,3137
2984,3229
2984,4742
2984,6433
2984,6656
2984,7194
2984,7367
2985,723
2985,4073
2986,288
2986,1270
2986,1541
2986,1924
2986,5254
2986,5400
2986,5910
2986,5989
2987,526
2987,724
2987,2783
2987,2903
2987,3455
2987,3510
2987,5115
2987,6909
2988,526
2988,2581
2988,3443
2988,3936
2988,4506
2988,4624
2988,5063
2988,6336
2988,6834
2988,6897
2990,55
2990,1252
2990,1758
2990,2397
2990,4215
2990,4798
2990,5922
2991,552
2991,616
2991,2239
2991,4376
2991,5740
2991,7582
2992,1179
2992,5499
2993,62
2993,771
2993,1371
2993,1499
2993,1623
2993,1660
2993,1682
2993,2202
2993,3821
2993,3887
2993,4692
2993,5280
2993,5375
2993,5665
2993,5676
2993,6675
2993,6960
2993,7067
2993,7149
2993,7370
2994,2492
2994,3046
2994,3107
2994,5119
2994,5260
2994,7063
2995,377
2995,1899
2995,2331
2996,6
2996,110
2996,1005
2996,1689
2996,1877
2996,2519
2996,3139
2996,3802
2996,5229
2996,5483
2996,6078
2996,6341
2996,6751
2996,6783
2996,7305
2997,159
2997,525
2997,634
2997,1078
2997,1179
2997,1394
2997,1512
2997,1731
2997,2481
2997,2527
2997,2574
2997,2767
2997,2902
2997,4033
2997,4461
2997,4910
2997,5315
2997,5379
2997,5598
2997,6548
2998,862
2998,1961
2998,3802
2998,4440
2998,6341
2999,1070
2999,2215
2999,3607
2999,3895
2999,5665
2999,7131
2999,7556
3001,1727
3001,1744
3001,2198
3001,3049
3001,4941
3001,5037
3001,5241
3001,6414
3001,7337
3002,1543
3002,1565
3002,2836
3002,6050
3003,593
3003,4384
3003,5296
3003,5438
3003,6825
3004,515
3004,2897
3004,3998
3004,4368
3004,4571
3004,5078
3004,5460
3005,1143
3005,1597
3005,2149
3005,2150
3005,3625
3005,3778
3005,3800
3005,4148
3005,5004
3005,5009
3005,5248
3005,5765
3005,6048
3005,6108
3005,6258
3006,1648
3006,3874
3006,4949
3006,5512
3006,7400
3006,7470
3007,139
3007,2252
3007,7251
3008,89
3008,732
3008,1684
3008,3051
3008,3713
3008,7395
3008,7540
3009,310
3009,1346
3009,1425
3009,2867
3009,3400
3009,3472
3009,3690
3009,3865
3009,4752
3009,5994
3009,6367
3010,867
3010,2143
3010,3098
3010,3296
3010,5174
3011,2211
3011,2795
3011,3468
3011,4569
3012,5145
3013,393
3013,490
3013,1904
3013,2113
3013,2298
3013,2438
3013,3503
3013,4259
3013,4735
3013,4940
3013,6777
3013,7550
3013,7602
3014,980
3014,2152
3014,6209
3014,6358
3014,6868
3014,6986
3014,7590
3015,1357
3015,2028
3015,5508
3015,5676
3015,7269
3015,7603
3016,6623
3017,5288
3018,1058
3018,3183
3018,4249
3018,5404
3018,5707
3018,6961
3019,784
3019,1424
3019,2958
3019,4329
3019,4805
3020,1236
3020,2095
3020,2689
3020,3081
3020,5853
3020,5897
3021,1609
3021,3830
3021,5250
3021,5848
3021,5879
3021,6372
3021,7073
3022,305
3022,1700
3022,1877
3022,2306
3022,3664
3022,3698
3022,4055
3022,4479
3022,5146
3022,7305
3023,569
3023,2189
3023,3032
3024,36
3024,340
3024,478
3024,1243
3024,1732
3024,2754
3024,2822
3024,3164
3024,3326
3024,4274
3024,5245
3024,5658
3024,7014
3025,2194
3025,2320
3025,2544
3025,2617
3025,3183
3025,4080
3025,5309
3025,6738
3025,7385
3026,980
3026,2612
3026,4757
3026,5743
3026,6851
3026,7558
3027,593
3027,1796
3027,1899
3027,2198
3027,7464
3028,730
3028,1262
3028,1676
3029,238
3029,406
3029,799
3029,4431
3029,4481
3029,6498
3030,617
3030,686
3030,1791
3030,2064
3030,2154
3030,2251
3030,3494
3030,4181
3030,4615
3030,6221
3030,6712
3031,156
3031,2169
3031,2570
3031,2863
3031,3260
3031,4094
3031,4532
3031,4913
3032,453
3032,569
3032,1558
3032,1706
3032,2189
3032,3023
3032,5662
3032,6602
3032,6965
3033,798
3033,1207
3033,1352
3033,1606
3033,3694
3033,3790
3033,4339
3033,5342
3033,5683
3033,6023
3033,6543
3033,6862
3033,6903
3034,1170
3034,5979
3034,6361
3035,1610
3035,2561
3035,2871
3035,4152
3035,4464
3035,5209
3035,6572
3035,7526
3036,1863
3036,4956
3036,7402
3037,3515
3037,3895
3037,4186
3037,4469
3037,4991
3037,6588
3038,1331
3038,1964
3038,2136
3038,2524
3038,3267
3038,3495
3038,3995
3038,5885
3038,5913
3038,6689
3038,7427
3039,304
3039,593
3039,1472
3039,2198
3039,2215
3039,3132
3039,4376
3039,6843
3039,7607
3040,95
3040,1390
3040,1726
3040,1901
3040,2794
3040,4683
3040,6328
3040,6503
3041,257
3041,439
3041,2133
3041,2251
3041,3988
3041,4814
3041,5184
3041,5421
3041,6226
3041,6355
3042,305
3042,1058
3042,3698
3042,4055
3042,4433
3042,5146
3042,5305
3042,6078
3042,6593
3043,4271
3043,5870
3043,6421
3044,492
3044,3387
3044,3483
3044,6241
3045,1486
3046,2473
3046,2492
3046,2840
3046,3425
3046,4051
3046,5596
3046,7025
3046,7031
3046,7063
3046,7606
3047,4123
3047,6488
3048,1306
3048,1852
3048,2849
3048,3057
3048,3806
3048,3811
3048,5161
3048,5395
3048,5565
3049,41
3049,115
3049,170
3049,410
3049,495
3049,638
3049,832
3049,847
3049,945
3049,1518
3049,1730
3049,1796
3049,1797
3049,1809
3049,1853
3049,2243
3049,2334
3049,2563
3049,2592
3049,2766
3049,2816
3049,2856
3049,2868
3049,2908
3049,3317
3049,3403
3049,3581
3049,3748
3049,3996
3049,4164
3049,4248
3049,4273
3049,4365
3049,4525
3049,4679
3049,5132
3049,5203
3049,5290
3049,5307
3049,5359
3049,5412
3049,5544
3049,5612
3049,5844
3049,6758
3049,7079
3049,7139
3049,7335
3049,7349
3049,7560
3050,540
3050,1058
3050,1210
3050,1415
3050,1620
3050,2370
3050,3384
3050,5286
3050,6848
3050,7010
3050,7280
3050,7448
3051,722
3051,963
3051,1226
3051,1447
3051,1663
3051,2229
3051,2393
3051,2637
3051,3008
3051,3020
3051,3184
3051,3274
3051,3623
3051,3782
3051,3951
3051,4350
3051,4594
3051,5359
3051,5567
3051,6156
3051,7010
3051,7097
3051,7203
3051,7440
3051,7464
3051,7572
3052,308
3052,1321
3052,1325
3052,1566
3052,1979
3052,3578
3052,5386
3052,5781
3052,6172
3052,6675
3053,592
3053,4082
3053,4217
3053,4345
3053,6175
3053,7276
3053,7526
3054,536
3054,1633
3054,2070
3054,5843
3054,6807
3054,7392
3055,238
3055,406
3055,565
3055,792
3055,1025
3055,1033
3055,1968
3055,2278
3055,3402
3055,3522
3055,4119
3055,4547
3055,5891
3055,6883
3055,6932
3055,7040
3056,1046
3056,3273
3056,4116
3056,5598
3056,6703
3056,7250
3057,464
3057,935
3057,2180
3057,2255
3057,2591
3057,2957
3057,3489
3057,4363
3057,5147
3057,5600
3057,5977
3057,6607
3060,2729
3060,3965
3060,4864
3060,5082
3060,5576
3060,5931
3060,6115
3060,6992
3061,1908
3061,4570
3062,499
3062,587
3062,1539
3062,2536
3062,2655
3062,3506
3062,4917
3062,5556
3063,1744
3063,2819
3063,2823
3063,2979
3063,4182
3063,7003
3063,7276
3064,273
3064,332
3064,758
3064,871
3064,1604
3064,3460
3064,3563
3064,3619
3064,3880
3064,3924
3064,3941
3064,4802
3064,5968
3064,6006
3064,7541
3065,517
3065,2006
3065,2260
3065,2312
3065,2681
3065,3588
3065,3628
3065,4758
3065,6997
3066,6669
3067,822
3067,1580
3067,2061
3067,3314
3067,3660
3067,4327
3067,5570
3067,6869
3067,6927
3067,6950
3067,7393
3068,123
3068,2198
3068,5082
3068,5816
3068,6811
3069,1011
3069,1293
3069,4384
3069,4801
3070,1782
3070,1935
3070,1959
3070,4421
3070,4458
3070,6024
3070,6082
3070,6406
3071,82
3071,3308
3071,3752
3071,4678
3071,5800
3071,6695
3072,229
3072,766
3072,1700
3072,2198
3072,3070
3072,3171
3072,3277
3072,4422
3072,5412
3072,5772
3072,6105
3072,6733
3072,6828
3073,881
3073,1612
3073,4522
3073,5404
3073,6451
3073,6660
3074,1513
3074,2573
3074,4608
3074,4805
3074,5251
3074,7003
3075,1141
3075,2862
3075,4124
3075,4643
3075,7115
3077,51
3077,107
3077,2143
3077,2198
3077,2809
3077,4259
3077,6096
3077,6733
3078,713
3078,1655
3078,2175
3078,2461
3078,3457
3078,3781
3078,5332
3078,6922
3078,7608
3079,593
3079,626
3079,1058
3079,1102
3079,1796
3079,2198
3079,3051
3079,3713
3079,5732
3079,6075
3079,7003
3080,1344
3080,2239
3080,2287
3080,4182
3080,4381
3080,5412
3081,28
3081,1999
3081,3648
3081,4578
3081,5493
3081,6702
3082,2249
3082,4655
3082,4748
3082,5025
3083,1275
3083,1521
3083,1733
3083,2215
3083,2579
3083,3784
3083,4069
3083,4584
3083,6427
3083,6713
3083,7149
3084,120
3084,439
3084,745
3084,1061
3084,1400
3084,1702
3084,2456
3084,3127
3084,3447
3084,4814
3084,4974
3084,5793
3084,6206
3085,586
3085,3009
3085,3865
3085,4383
3085,4410
3085,4783
3085,5367
3085,6312
3086,1331
3086,2014
3086,2136
3086,3949
3086,4361
3086,4424
3086,4906
3086,5074
3086,5638
3086,6436
3086,7287
3087,255
3087,932
3087,1003
3087,2399
3087,3879
3087,3939
3087,4237
3087,4399
3087,6113
3087,6138
3088,1799
3088,6858
3089,929
3089,3541
3090,516
3090,1732
3090,2389
3090,3528
3090,3874
3090,4566
3090,4666
3090,4741
3090,4759
3090,6534
3090,7014
3090,7407
3091,570
3091,749
3091,1759
3091,2090
3091,2324
3091,2754
3091,3326
3091,3371
3091,4256
3091,4603
3091,5691
3091,5848
3091,5882
3091,6250
3091,7086
3092,1792
3092,3001
3092,3703
3092,5241
3092,6702
3093,814
3093,1836
3093,3502
3093,4213
3093,6461
3093,7085
3093,7464
3094,2976
3094,3292
3094,4997
3094,5020
3094,5086
3094,5582
3094,5946
3094,6324
3094,7178
3094,7450
3094,7497
3095,151
3095,472
3095,492
3095,684
3095,1381
3095,1534
3095,2156
3095,2353
3095,2709
3095,2875
3095,3044
3095,6294
3095,6340
3096,3428
3096,4952
3096,6551
3097,1290
3097,2288
3097,2463
3097,2880
3097,3327
3097,6663
3097,7304
3097,7418
3098,539
3098,766
3098,953
3098,1014
3098,1267
3098,1426
3098,1673
3098,3270
3098,3671
3098,4863
3099,828
3099,1282
3099,1759
3099,1969
3099,4667
3099,6010
3100,3735
3100,4809
3100,5310
3100,7026
3101,305
3101,1689
3101,1877
3101,3716
3101,3802
3101,5760
3102,605
3102,981
3102,1696
3102,3717
3102,6665
3102,7437
3103,264
3103,2345
3103,3578
3103,5052
3103,5664
3103,6325
3104,520
3104,1061
3104,1455
3104,1537
3104,1824
3104,2064
3104,6130
3104,6598
3105,774
3105,849
3105,1476
3105,2380
3105,2615
3105,3221
3105,3876
3105,4241
3105,4946
3105,5048
3105,5734
3105,6152
3106,1576
3106,3578
3106,7269
3107,394
3107,465
3107,2078
3107,2316
3107,2585
3107,2748
3107,3425
3107,4020
3107,4323
3107,4582
3107,4677
3107,4961
3107,5119
3107,5656
3107,5802
3107,6109
3107,6599
3107,6642
3107,7292
3107,7316
3108,2077
3108,2126
3109,40
3109,1185
3109,1353
3109,4033
3109,5191
3109,6722
3110,1576
3110,1713
3110,2278
3110,5073
3111,4440
3111,7581
3112,2815
3112,4275
3112,4646
3112,4720
3112,6205
3112,7575
3112,7620
3113,4376
3113,5484
3114,2170
3114,2772
3114,3268
3114,4466
3114,5251
3114,5832
3114,6732
3114,6769
3114,6952
3114,7018
3115,821
3115,832
3115,1481
3115,2440
3115,3304
3115,3545
3115,3817
3115,4365
3115,4371
3115,4573
3115,6486
3115,6636
3116,412
3116,1531
3116,1969
3116,2114
3116,2147
3116,2260
3116,2596
3116,4236
3116,4619
3116,6091
3116,6416
3116,6465
3117,6139
3117,6334
3118,3698
3118,4805
3118,5455
3118,5881
3119,378
3119,401
3119,2472
3119,2503
3119,7645
3120,752
3120,1761
3120,2131
3120,2150
3120,3005
3120,3907
3120,6114
3121,1279
3121,2319
3121,3450
3121,3953
3121,4051
3121,4089
3121,4235
3121,5337
3121,5402
3121,6612
3122,2168
3122,2874
3122,4744
3123,739
3123,816
3123,1347
3123,2887
3123,3247
3123,4912
3123,5293
3123,5302
3123,6175
3123,6790
3123,6887
3123,7601
3124,1495
3124,3501
3124,4270
3124,5375
3124,7195
3125,593
3125,921
3125,936
3125,1293
3125,1521
3125,2198
3125,2903
3125,3978
3125,4584
3125,5132
3125,5722
3125,6296
3125,6909
3125,7093
3125,7512
3126,1059
3126,1307
3126,7199
3127,773
3127,871
3127,5697
3128,391
3128,567
3128,1311
3128,2720
3128,3231
3128,7243
3128,7317
3129,330
3129,636
3129,1008
3129,1216
3129,5770
3129,6643
3129,7192
3130,338
3130,1694
3131,1655
3131,3329
3131,5301
3131,7600
3132,260
3132,435
3132,1113
3132,2128
3132,3039
3132,3951
3132,5612
3132,6016
3132,6024
3132,6492
3132,6613
3132,7044
3133,522
3133,3182
3133,5442
3133,7083
3134,71
3134,1532
3134,2172
3134,2664
3134,3062
3134,3296
3134,3520
3134,5174
3134,5378
3134,6879
3135,376
3135,1115
3135,1149
3135,1151
3135,1304
3135,2217
3135,4005
3135,4322
3135,5046
3135,7220
3136,310
3136,2867
3136,3085
3136,3400
3136,3490
3136,3865
3136,4383
3136,4752
3136,5387
3136,5994
3136,6367
3137,2984
3137,4032
3137,6122
3137,6463
3137,7379
3137,7545
3138,319
3138,1796
3138,2239
3138,2553
3138,3799
3138,3946
3138,4350
3138,4388
3138,5493
3138,5833
3138,6409
3138,7337
3139,487
3139,2304
3139,4033
3139,4318
3139,4440
3139,6341
3140,1961
3140,4064
3140,4091
3141,2386
3141,4136
3141,5318
3141,5501
3141,7200
3142,1906
3142,6307
3142,7064
3143,1162
3143,1326
3143,2900
3143,3127
3143,3375
3143,3494
3143,4075
3143,4925
3143,5127
3143,5283
3143,5581
3143,5973
3143,6130
3143,6855
3143,7001
3144,327
3144,452
3144,1602
3144,3917
3144,6267
3145,241
3145,545
3145,1075
3145,1653
3145,1952
3145,2135
3145,2288
3145,2422
3145,3344
3145,3524
3145,3823
3145,4486
3145,6606
3145,6888
3146,6799
3147,249
3147,307
3147,422
3147,730
3147,1149
3147,2217
3147,3214
3147,4202
3147,4744
3147,4796
3147,5803
3147,6130
3147,7449
3147,7509
3148,1393
3148,3841
3148,4437
3148,4690
3148,6995
3149,479
3149,3616
3149,4376
3149,4768
3149,5404
3149,6702
3149,6892
3150,965
3150,1073
3150,2311
3150,3376
3150,4492
3150,5774
3150,6163
3151,19
3151,3924
3151,4351
3151,5094
3151,5300
3151,6623
3152,0
3152,389
3152,518
3152,582
3152,947
3152,1344
3152,1423
3152,1439
3152,2342
3152,2401
3152,2736
3152,2743
3152,2823
3152,2829
3152,3670
3152,3744
3152,3931
3152,3973
3152,4111
3152,4159
3152,4290
3152,4508
3152,4514
3152,4580
3152,4682
3152,4948
3152,5398
3152,5531
3152,5545
3152,5554
3152,6069
3152,6468
3152,6582
3152,6664
3152,6704
3152,7105
3152,7289
3152,7344
3152,7363
3152,7510
3152,7592
3153,2083
3153,5232
3153,6757
3154,150
3154,1087
3154,1463
3154,2121
3154,2477
3154,2505
3154,2662
3154,2833
3154,3038
3154,3630
3154,3995
3154,4108
3155,2740
3155,3433
3155,6807
3155,7467
3156,1015
3156,1288
3156,1543
3156,1756
3156,3094
3156,3409
3156,3571
3156,4332
3156,4471
3156,4843
3156,5558
3156,5960
3156,6573
3156,7497
3157,262
3157,2070
3157,5289
3157,7298
3158,1817
3158,2058
3158,3578
3158,7486
3159,394
3159,2056
3159,3086
3159,3425
3159,3442
3159,3869
3159,4665
3159,5035
3159,5794
3159,6050
3159,6735
3160,770
3160,1357
3160,1399
3160,1620
3160,1705
3160,1744
3160,2553
3160,2615
3160,3051
3160,3514
3160,3750
3160,4570
3160,4857
3160,5155
3160,5348
3160,5649
3160,6414
3160,7471
3160,7582
3161,3478
3161,5486
3161,5636
3162,583
3162,1346
3162,1817
3162,2977
3162,3887
3162,4376
3162,7486
3163,7483
3164,167
3164,890
3164,1411
3164,2854
3164,4265
3164,4956
3164,5393
3164,5783
3164,6099
3164,6784
3164,7035
3164,7457
3165,2139
3165,5810
3166,577
3166,7613
3167,937
3167,1221
3167,1864
3167,2281
3167,3392
3167,3575
3167,3815
3167,4583
3167,5588
3167,6997
3167,7630
3168,1276
3168,1556
3168,2428
3168,2453
3168,3437
3168,3682
3168,6418
3168,6813
3168,7433
3169,4470
3169,7161
3170,305
3170,1745
3170,5301
3170,6272
3170,6741
3170,7376
3171,103
3171,450
3171,639
3171,1184
3171,1735
3171,2194
3171,2205
3171,2290
3171,2294
3171,2663
3171,3602
3171,3698
3171,3712
3171,4406
3171,5351
3171,5661
3171,6487
3171,6518
3171,6638
3171,7182
3172,1210
3172,1357
3172,1592
3172,2370
3172,2406
3172,3683
3172,5404
3172,5612
3172,5881
3172,6066
3172,7070
3172,7578
3173,3085
3173,3400
3173,3472
3173,3705
3173,4200
3173,5994
3173,6367
3173,7004
3174,4033
3175,84
3175,135
3175,157
3175,664
3175,738
3175,1039
3175,1543
3175,1588
3175,3094
3175,3409
3175,3417
3175,3975
3175,4104
3175,4471
3175,4657
3175,5326
3175,5462
3175,5520
3175,5789
3175,6044
3175,6049
3175,6443
3175,7051
3175,7421
3175,7497
3175,7622
3176,429
3176,548
3176,2462
3176,3709
3176,5499
3177,201
3177,1058
3177,1453
3177,1862
3177,2106
3177,2377
3177,2639
3177,3183
3177,3351
3177,4608
3177,4694
3177,5455
3177,5961
3177,6040
3177,7044
3177,7369
3178,2239
3178,3334
3178,5412
3178,5641
3178,6098
3179,471
3179,1139
3179,1245
3179,1757
3179,2070
3179,5843
3179,7409
3179,7596
3180,510
3180,855
3180,992
3180,1466
3180,1477
3180,1622
3180,2896
3180,3211
3180,3393
3180,3399
3180,4475
3180,4487
3180,4681
3180,4873
3180,5573
3180,5784
3180,6288
3180,7024
3182,281
3182,1201
3182,3522
3182,6917
3183,353
3183,473
3183,500
3183,527
3183,593
3183,614
3183,776
3183,1218
3183,1563
3183,1854
3183,1965
3183,2021
3183,2040
3183,2745
3183,2956
3183,3003
3183,3018
3183,3079
3183,3312
3183,3347
3183,3406
3183,3502
3183,3950
3183,3996
3183,4062
3183,4067
3183,4091
3183,4157
3183,4233
3183,4465
3183,4801
3183,5194
3183,5223
3183,5259
3183,5551
3183,6054
3183,6086
3183,6303
3183,6933
3183,7401
3183,7452
3183,7525
3183,7599
3183,7633
3184,593
3184,942
3184,1421
3184,1663
3184,2039
3184,3895
3184,4157
3184,4333
3184,5048
3184,5160
3184,5612
3184,5881
3184,6849
3185,77
3185,344
3185,711
3185,774
3185,1281
3185,1838
3185,1908
3185,2832
3185,3251
3185,3620
3185,4380
3185,4453
3185,4590
3185,4870
3185,5006
3185,5362
3185,5399
3185,5626
3185,5707
3185,6208
3185,6497
3185,6566
3186,21
3186,200
3186,2315
3186,2316
3186,3354
3186,4051
3186,5466
3186,5583
3186,6674
3186,6991
3187,158
3187,3851
3187,4702
3187,5755
3187,6764
3187,7457
3188,1798
3188,2396
3188,4971
3188,7537
3189,593
3189,4071
3189,4536
3189,5415
3189,6702
3190,601
3190,1406
3190,2021
3190,3607
3190,3895
3191,404
3191,664
3191,1588
3191,2282
3191,4275
3191,7620
3192,140
3192,1200
3192,1398
3192,1451
3192,1547
3192,3679
3192,3696
3192,4018
3192,4815
3192,4996
3192,5805
3192,6862
3192,7089
3192,7199
3193,526
3193,2170
3193,4376
3193,4805
3194,1603
3194,2831
3194,3207
3194,4031
3194,4294
3194,4735
3194,6159
3194,6594
3195,47
3195,2714
3195,4338
3195,6546
3195,7456
3196,593
3196,1798
3196,2198
3196,2377
3196,4080
3197,13
3197,650
3197,765
3197,878
3197,1160
3197,1541
3197,1816
3197,1879
3197,2709
3197,2764
3197,3483
3197,5121
3197,5400
3197,6900
3197,7386
3198,1128
3198,1656
3198,4240
3199,73
3199,1070
3199,1707
3199,3762
3199,5000
3199,5650
3200,371
3200,608
3200,798
3200,799
3200,1257
3200,1547
3200,1605
3200,1719
3200,1848
3200,2004
3200,2242
3200,2501
3200,3192
3200,3228
3200,3414
3200,3609
3200,3679
3200,3935
3200,4339
3200,4793
3200,5096
3200,5450
3200,5570
3200,5621
3200,5776
3200,6080
3200,6167
3200,6317
3200,6456
3200,6727
3200,6875
3200,6932
3200,7089
3200,7185
3200,7315
3201,968
3201,1115
3201,2538
3201,2605
3201,3719
3201,4497
3201,4861
3201,5124
3201,5762
3201,7405
3202,1063
3202,1181
3202,2374
3202,2431
3202,3005
3202,4148
3202,5550
3202,6592
3202,7087
3202,7414
3203,113
3203,821
3203,1651
3203,1884
3203,2372
3203,2763
3203,3115
3203,3578
3203,3753
3203,3817
3203,3866
3203,5068
3203,6197
3203,7005
3203,7349
3203,7446
3204,1411
3204,1613
3204,3843
3204,4648
3204,5275
3204,5395
3204,5915
3204,6380
3205,1964
3205,2236
3205,4106
3205,4232
3205,4906
3205,5699
3205,5885
3205,6433
3205,6689
3205,7019
3206,526
3206,2170
3206,2198
3206,4067
3206,5132
3207,3194
3207,3866
3207,4991
3207,5474
3207,5997
3207,6159
3207,7420
3208,150
3208,282
3208,4939
3208,5805
3208,5988
3208,5991
3208,6694
3208,7132
3208,7329
3209,2632
3209,3040
3209,4153
3209,4683
3209,5652
3209,5851
3209,5869
3209,6196
3209,6747
3210,1903
3210,2943
3210,4149
3210,4813
3210,5256
3210,6453
3211,1223
3211,1292
3211,1466
3211,2449
3211,2499
3211,4423
3211,4491
3211,4494
3211,5345
3211,5573
3211,5751
3211,5974
3211,6488
3211,7383
3211,7426
3212,3944
3212,4141
3212,5614
3212,6411
3213,2205
3213,2793
3213,5234
3213,5678
3213,5735
3213,6592
3213,6729
3214,249
3214,355
3214,1304
3214,3511
3214,5046
3214,7449
3216,389
3216,411
3216,1098
3216,2572
3216,4154
3216,4670
3216,4822
3216,6210
3216,7054
3216,7290
3216,7395
3217,174
3217,649
3217,2389
3217,2806
3217,3575
3217,4300
3217,5668
3217,6091
3217,7075
3217,7630
3218,308
3218,4670
3219,691
3219,1385
3219,1869
3219,2373
3219,2594
3219,4852
3219,5617
3219,5725
3220,216
3220,1157
3220,1309
3220,2516
3220,4999
3220,6275
3220,6670
3221,522
3221,633
3221,2173
3221,2586
3221,4805
3221,5372
3221,6077
3221,6702
3221,6800
3222,2412
3222,2608
3222,3175
3222,3227
3222,3425
3222,3442
3222,3823
3222,4235
3222,4850
3222,5020
3222,6514
3222,6970
3222,7063
3222,7594
3223,336
3223,583
3223,771
3223,1418
3223,1519
3223,1546
3223,1608
3223,2028
3223,2031
3223,2993
3223,3871
3223,3895
3223,4223
3223,4519
3223,4722
3223,4985
3223,5143
3223,5505
3223,5676
3223,6012
3223,6211
3223,6815
3223,7018
3223,7486
3224,305
3224,456
3224,1185
3224,1280
3224,1948
3224,3339
3224,4294
3224,4297
3224,6494
3224,6852
3224,6947
3224,7032
3225,789
3225,1524
3225,2198
3225,3311
3225,4864
3225,7395
3226,726
3226,813
3226,1058
3226,4164
3226,5281
3226,6848
3227,43
3227,1039
3227,1276
3227,1681
3227,2308
3227,2608
3227,3086
3227,3159
3227,3244
3227,3409
3227,3645
3227,3852
3227,3869
3227,4272
3227,4445
3227,4961
3227,5349
3227,5411
3227,5533
3227,5638
3227,6888
3227,6998
3228,547
3228,1071
3228,4444
3228,5112
3228,5196
3229,2436
3229,2963
3229,3934
3229,5065
3229,5624
3229,6433
3231,122
3231,144
3231,350
3231,729
3231,773
3231,824
3231,1354
3231,1433
3231,1638
3231,1868
3231,2318
3231,2530
3231,2788
3231,2951
3231,3028
3231,3464
3231,3482
3231,3801
3231,3873
3231,3875
3231,3919
3231,4144
3231,4599
3231,5297
3231,5410
3231,5537
3231,5815
3231,6095
3231,6153
3231,6899
3231,7011
3231,7230
3231,7268
3231,7317
3232,2068
3232,3329
3232,5014
3232,5992
3232,7375
3232,7579
3233,373
3233,621
3233,1087
3233,1463
3233,2121
3233,3145
3233,5137
3233,6473
3233,6817
3234,260
3234,1959
3234,3748
3234,4376
3234,5740
3234,7085
3235,2128
3235,2981
3235,3049
3235,5251
3235,6492
3235,7044
3235,7210
3236,204
3236,332
3236,1587
3236,2341
3236,2426
3236,2813
3236,3845
3236,3903
3236,3924
3236,4357
3236,4557
3236,5757
3236,6006
3236,6712
3236,6753
3237,23
3237,260
3237,2115
3237,4376
3237,4384
3237,5966
3237,6211
3237,7464
3238,797
3238,2420
3238,3465
3238,3596
3238,4856
3238,5686
3239,2078
3239,2165
3239,2416
3239,2872
3239,3824
3239,5074
3239,5521
3239,5616
3239,6352
3239,6501
3240,223
3240,224
3240,747
3240,2430
3240,2897
3240,3731
3240,4767
3240,5078
3241,26
3241,383
3241,1418
3241,2871
3241,5293
3241,7119
3241,7464
3242,26
3242,134
3242,2239
3242,3241
3243,26
3243,899
3243,1002
3243,1194
3243,2173
3243,2309
3243,2819
3243,3247
3243,3257
3243,4650
3243,4828
3243,4848
3243,5061
3243,5327
3244,84
3244,205
3244,241
3244,387
3244,738
3244,1933
3244,2074
3244,2078
3244,2160
3244,2188
3244,2344
3244,2748
3244,3205
3244,3792
3244,4053
3244,4150
3244,4424
3244,4521
3244,4756
3244,4804
3244,4867
3244,4926
3244,5059
3244,5298
3244,5331
3244,6084
3244,6420
3244,6493
3244,6795
3244,7482
3244,7622
3245,260
3245,304
3245,593
3245,1210
3245,1665
3245,3758
3245,4164
3245,5194
3246,911
3246,2122
3246,2231
3246,2536
3246,3250
3246,4519
3246,5373
3246,6067
3246,6872
3246,7054
3246,7240
3246,7322
3247,419
3247,2309
3247,4650
3247,5061
3247,5568
3247,6175
3247,7398
3248,738
3248,1051
3248,1164
3248,2174
3248,2184
3248,2876
3248,4032
3248,5580
3248,6463
3248,7379
3249,2198
3249,2345
3249,3817
3249,3886
3249,4820
3250,956
3250,1739
3250,2111
3250,5775
3250,6522
3250,6547
3250,6872
3252,726
3252,1058
3252,2107
3252,2198
3252,4787
3252,7582
3253,2198
3254,1542
3254,2841
3254,4011
3254,4132
3254,4547
3254,4977
3254,5021
3254,5590
3254,5998
3254,6011
3255,147
3255,746
3255,782
3255,1086
3255,2499
3255,6625
3255,7598
3256,616
3256,1355
3256,1610
3256,3501
3256,3698
3256,5154
3256,5222
3256,5654
3256,6572
3257,383
3257,3294
3257,4013
3257,4082
3257,4345
3257,5042
3258,932
3258,1502
3258,1804
3258,2292
3258,3530
3258,4143
3258,4146
3258,4237
3258,5153
3258,5793
3258,6042
3258,6200
3258,6598
3258,6806
3258,7052
3259,331
3259,1745
3259,4376
3259,5556
3260,829
3260,1188
3260,1192
3260,2208
3260,3265
3260,3358
3260,3407
3260,3665
3260,5425
3260,5527
3260,5771
3260,6058
3260,6339
3260,6386
3261,727
3261,1058
3261,3359
3261,5404
3261,5612
3261,5707
3261,7150
3262,258
3262,593
3262,1997
3262,2618
3262,5797
3262,6077
3263,158
3263,1213
3264,184
3264,1862
3264,2042
3264,4164
3264,4210
3264,4384
3264,5296
3264,6702
3264,7462
3265,1052
3265,1181
3265,2041
3265,2153
3265,2254
3265,2879
3265,2880
3265,4913
3265,4939
3265,5284
3266,355
3266,1124
3266,5046
3266,6130
3266,6653
3266,7220
3267,1536
3267,1964
3267,3307
3267,3396
3267,4361
3267,5349
3267,5440
3267,5466
3267,6329
3267,7244
3268,2170
3268,2175
3268,3114
3268,4304
3268,4541
3268,5132
3268,5332
3268,6732
3268,6769
3269,552
3269,1927
3269,2198
3269,2239
3269,4080
3269,7107
3269,7288
3270,942
3270,956
3270,1521
3270,2059
3270,2198
3270,2376
3270,2529
3270,2655
3270,4376
3270,6909
3271,28
3271,526
3271,1182
3271,2239
3271,2960
3271,3585
3271,5500
3271,5543
3271,6338
3271,7351
3271,7430
3272,661
3272,928
3272,1803
3272,2327
3272,5555
3273,923
3273,1608
3273,1645
3273,2005
3273,3056
3273,3103
3273,3317
3273,3433
3273,7312
3274,534
3274,593
3274,963
3274,1744
3274,2553
3274,4538
3274,5359
3274,5488
3274,5744
3274,6414
3274,6673
3275,495
3275,856
3275,919
3275,1361
3275,3643
3275,4186
3275,4784
3275,5012
3275,7556
3276,4471
3276,5225
3277,344
3277,476
3277,2024
3277,2166
3277,2197
3277,2247
3277,2330
3277,2427
3277,2447
3277,2614
3277,2761
3277,2882
3277,2950
3277,3251
3277,3488
3277,3550
3277,3667
3277,3670
3277,3686
3277,3844
3277,4196
3277,4289
3277,4453
3277,4476
3277,5247
3277,5289
3277,6176
3277,6345
3277,6397
3277,6578
3277,6620
3277,6803
3277,6854
3277,7247
3277,7290
3277,7524
3277,7548
3278,28
3278,485
3278,536
3278,1280
3278,2738
3278,5963
3278,6852
3279,42
3279,552
3279,836
3279,2755
3279,3070
3279,5070
3279,5649
3279,5937
3279,6183
3280,1676
3280,3569
3280,6199
3280,7230
3280,7403
3281,1454
3281,1952
3281,2453
3281,4449
3281,4452
3281,5074
3281,5663
3281,7160
3281,7641
3282,2239
3282,2823
3282,5132
3282,5909
3283,897
3283,1785
3283,2667
3283,2892
3283,2953
3283,3961
3283,4105
3284,173
3284,304
3284,3725
3284,4384
3284,5955
3284,6551
3285,1235
3285,1530
3285,1755
3285,2082
3285,2464
3285,4470
3285,6471
3285,7161
3286,68
3286,1154
3286,1203
3286,1779
3286,1968
3286,2392
3286,2578
3286,2696
3286,2716
3286,2919
3286,3301
3286,4119
3286,5712
3286,6938
3286,7455
3286,7567
3287,261
3287,593
3287,2198
3287,5054
3287,5679
3287,5979
3288,206
3288,427
3288,1332
3288,2022
3288,4515
3288,4965
3288,4981
3288,5113
3288,5607
3288,6559
3288,6865
3288,7554
3289,3693
3290,1373
3290,3771
3291,786
3291,1766
3291,1849
3291,1969
3291,2114
3291,2260
3291,2327
3291,5602
3291,6164
3291,6465
3292,135
3292,1822
3292,2297
3292,2825
3292,2836
3292,3094
3292,3222
3292,3360
3292,3955
3292,4000
3292,4291
3292,5548
3292,7562
3293,740
3293,1446
3293,1804
3293,2291
3293,4146
3293,5169
3294,522
3294,2117
3294,2294
3294,2778
3294,5133
3294,6790
3295,109
3295,612
3295,764
3295,1209
3295,1426
3295,1484
3295,1520
3295,1573
3295,1966
3295,2092
3295,2509
3295,2640
3295,3249
3295,3743
3295,3942
3295,4207
3295,4508
3295,4601
3295,5213
3295,5524
3295,5880
3295,6980
3295,7042
3295,7106
3295,7649
3296,683
3296,867
3296,2186
3296,2404
3296,2664
3296,3270
3296,4596
3296,4990
3296,5174
3296,6565
3297,85
3297,1011
3297,4384
3297,5707
3297,6184
3297,6551
3297,6702
3297,7535
3298,3359
3298,5562
3298,7599
3299,4201
3299,4295
3300,893
3300,2052
3300,3331
3300,5454
3300,7190
3301,68
3301,354
3301,1557
3301,2276
3301,2936
3301,2937
3301,5196
3301,6455
3301,6782
3302,305
3302,2239
3302,3194
3302,5217
3302,7032
3303,66
3303,454
3303,2680
3303,3205
3303,3972
3303,4961
3303,5656
3303,5985
3303,7041
3304,2198
3304,2587
3305,275
3305,787
3305,1122
3305,1696
3305,2474
3305,2622
3305,2768
3305,4739
3305,5245
3305,6212
3305,6391
3305,6842
3306,258
3306,1472
3306,2198
3306,4352
3306,6887
3307,704
3307,3267
3308,82
3308,840
3308,1765
3308,2424
3308,2582
3308,3071
3308,4678
3308,5687
3308,5800
3308,6013
3308,6254
3308,6478
3308,6541
3308,6695
3308,6708
3309,2018
3309,3843
3309,4964
3310,970
3310,1060
3310,1347
3310,2565
3310,2871
3310,4152
3310,4173
3310,4386
3310,5694
3310,6726
3310,7596
3311,18
3311,538
3311,1113
3311,1266
3311,1330
3311,2010
3311,2021
3311,2339
3311,2617
3311,3068
3311,3406
3311,4303
3311,4384
3311,4595
3311,4737
3311,5058
3311,5091
3311,5132
3311,5350
3311,5446
3311,5593
3311,6576
3311,6794
3311,6811
3311,7159
3312,2377
3312,3311
3312,3895
3312,4249
3313,462
3313,846
3313,1984
3313,3573
3313,4362
3313,5535
3313,6293
3313,6358
3314,271
3314,286
3314,354
3314,452
3314,564
3314,598
3314,3067
3314,3945
3314,5244
3314,5767
3315,1411
3315,2180
3315,2504
3315,3843
3315,4133
3315,4644
3315,5147
3315,5427
3315,6151
3315,6380
3315,6871
3316,1648
3316,1827
3316,4666
3316,4960
3316,6372
3316,6465
3316,6670
3316,7614
3317,2066
3317,3049
3317,3273
3317,6224
3317,7300
3318,1571
3318,2580
3318,3541
3319,2239
3319,2241
3320,1310
3320,2738
3320,2809
3320,3382
3320,3532
3320,5936
3320,6112
3320,6281
3320,6588
3320,7032
3321,1577
3321,1844
3321,2188
3321,3541
3321,3694
3321,3853
3321,7499
3322,254
3322,446
3322,1652
3322,2198
3322,3692
3322,6409
3322,6774
3323,2239
3324,275
3324,661
3324,2768
3324,4300
3324,4666
3324,5448
3324,5512
3324,5662
3324,5828
3324,6164
3324,6519
3325,838
3325,949
3325,3699
3325,3899
3325,5964
3325,6902
3325,6940
3326,412
3326,1531
3326,2609
3326,3371
3326,3529
3326,3825
3326,4143
3326,6099
3326,7014
3326,7457
3327,1087
3327,1463
3327,1856
3327,2254
3327,2422
3327,2465
3327,3097
3327,3525
3327,4118
3327,5172
3327,6504
3327,6549
3327,6556
3327,6836
3327,6838
3328,352
3328,1280
3328,1744
3328,2904
3329,769
3329,1217
3329,1934
3329,2210
3329,2303
3329,2741
3329,2978
3329,4482
3329,4757
3329,5284
3329,5971
3329,5986
3329,6186
3329,6263
3329,6293
3329,6575
3329,6741
3329,7377
3330,127
3330,254
3330,715
3330,1014
3330,1377
3330,2434
3330,2486
3330,2676
3330,3037
3330,3223
3330,3970
3330,4006
3330,4349
3330,4398
3330,4490
3330,4523
3330,4764
3330,5171
3330,5292
3330,5366
3330,5508
3330,5676
3330,6308
3330,7222
3330,7370
3330,7480
3330,7632
3331,109
3331,264
3331,1108
3331,1183
3331,1589
3331,1915
3331,2191
3331,2345
3331,2644
3331,2907
3331,3155
3331,3295
3331,3300
3331,3545
3331,3578
3331,4194
3331,4573
3331,4709
3331,4805
3331,5079
3331,5141
3331,5598
3331,7299
3332,2239
3332,3475
3332,5186
3332,7644
3333,6590
3334,2239
3334,2772
3334,3311
3334,4806
3334,6284
3334,6553
3334,7572
3335,1458
3335,4152
3335,4832
3335,6600
3335,6746
3336,111
3336,1130
3336,1934
3336,2629
3336,4136
3336,7200
3336,7576
3337,493
3337,1678
3337,2239
3338,354
3338,457
3338,594
3338,1203
3338,2846
3338,3943
3338,4119
3338,4139
3338,5073
3338,5233
3338,5590
3338,6292
3338,7148
3339,474
3339,1212
3339,1722
3339,1725
3339,1794
3339,2211
3339,3591
3339,3643
3339,4067
3339,4173
3339,4569
3339,4991
3339,5216
3339,5321
3339,5984
3339,6079
3339,6119
3339,6301
3339,6379
3339,6909
3339,7359
3340,5742
3341,73
3341,839
3341,881
3341,2198
3341,7330
3342,2385
3342,5682
3342,6012
3342,7456
3343,878
3343,6556
3343,6845
3343,6998
3343,7621
3344,1181
3344,1560
3344,2465
3344,4336
3344,4451
3344,4859
3344,5044
3344,6504
3345,1636
3345,4780
3345,6891
3345,7207
3346,412
3346,537
3346,1054
3346,1531
3346,2147
3346,2775
3346,3091
3346,3523
3346,4070
3346,4236
3346,4960
3346,5753
3346,5848
3346,7073
3347,304
3347,1592
3347,1663
3347,2370
3347,4158
3347,4669
3347,4768
3347,4787
3347,5740
3347,7353
3348,1058
3348,5881
3349,2254
3349,6263
3349,6491
3350,206
3350,401
3350,2139
3350,4911
3350,4981
3350,5416
3350,6018
3351,724
3351,747
3351,1078
3351,1596
3351,1669
3351,2081
3351,2113
3351,2213
3351,2218
3351,2221
3351,2414
3351,3731
3351,3937
3351,4282
3351,4823
3351,5315
3351,5550
3351,5571
3351,7267
3351,7406
3352,56
3352,108
3352,894
3352,5861
3352,6300
3352,6739
3352,7041
3352,7438
3353,89
3353,593
3353,632
3353,1885
3353,3152
3353,4067
3353,4588
3353,5799
3353,6551
3353,6702
3353,6866
3354,67
3354,241
3354,1009
3354,1057
3354,3186
3354,3534
3354,3746
3354,4025
3354,4051
3354,4698
3354,6689
3354,6773
3354,6817
3354,6821
3355,6606
3356,649
3356,2006
3356,2260
3356,2312
3356,2681
3356,3065
3356,4666
3356,4676
3356,5329
3356,6997
3357,727
3357,1798
3357,2730
3357,4167
3357,4369
3358,1181
3358,1653
3358,2016
3358,2465
3358,2863
3358,3260
3358,3793
3358,5664
3358,5787
3358,6914
3358,7187
3359,127
3359,306
3359,509
3359,604
3359,639
3359,803
3359,860
3359,1081
3359,1105
3359,1544
3359,1757
3359,1782
3359,2166
3359,2183
3359,2201
3359,2831
3359,3072
3359,3196
3359,3216
3359,3261
3359,3473
3359,3689
3359,3723
3359,4039
3359,4041
3359,4049
3359,4055
3359,4523
3359,4682
3359,5031
3359,5510
3359,5561
3359,5562
3359,5608
3359,5764
3359,6309
3359,6490
3359,6545
3359,6560
3359,6775
3359,6854
3359,7290
3359,7344
3359,7551
3360,280
3360,577
3360,805
3360,2769
3360,3292
3361,54
3361,737
3361,1003
3361,1099
3361,1115
3361,1237
3361,2528
3361,3163
3361,3280
3361,3736
3361,3803
3361,3850
3361,5135
3361,5163
3361,5271
3361,5870
3361,6268
3361,7317
3361,7405
3361,7483
3361,7500
3361,7544
3362,479
3362,1210
3362,1415
3362,1575
3362,2033
3362,4376
3362,5194
3362,5286
3362,7277
3362,7572
3362,7582
3363,23
3363,169
3363,260
3363,1214
3363,1614
3363,2115
3363,4157
3363,4384
3363,5015
3363,5945
3363,5966
3363,6702
3364,1105
3364,2166
3364,2380
3364,3594
3364,4267
3364,4306
3364,5199
3364,5309
3364,6077
3364,6582
3364,6887
3365,128
3365,908
3365,1358
3365,2044
3365,2707
3365,2944
3365,4277
3365,5118
3365,5192
3365,5486
3365,5625
3366,1303
3366,2064
3366,3030
3366,3900
3366,5011
3366,5877
3366,6173
3367,4384
3368,1239
3368,3131
3368,3521
3368,4362
3368,4482
3368,6719
3368,7153
3368,7441
3369,363
3369,751
3369,1345
3369,1905
3369,1961
3369,2758
3369,3386
3369,3600
3369,3716
3369,4318
3369,4395
3369,5173
3369,6586
3369,7038
3370,388
3370,527
3370,693
3370,1370
3370,1414
3370,1427
3370,1619
3370,1954
3370,2320
3370,2479
3370,2765
3370,2888
3370,3178
3370,4773
3370,4919
3370,5259
3370,5286
3370,5858
3370,6618
3370,6760
3370,7101
3370,7376
3371,412
3371,890
3371,1429
3371,1531
3371,2508
3371,2822
3371,2861
3371,3024
3371,3164
3371,3489
3371,4496
3371,4603
3371,4960
3371,5753
3371,6520
3371,6648
3371,7086
3372,551
3372,1958
3373,1100
3373,1429
3373,1467
3373,1586
3373,1738
3373,1838
3373,2913
3373,4156
3373,4380
3373,6131
3373,7395
3374,1255
3374,1270
3374,2156
3374,4656
3374,4994
3374,5910
3374,6745
3374,7543
3375,686
3375,1593
3375,2647
3375,3494
3375,3900
3375,3988
3375,4060
3375,4925
3375,5184
3375,6355
3375,6860
3375,7559
3376,284
3376,965
3376,995
3376,1488
3376,1656
3376,1818
3376,3150
3376,3391
3376,3741
3376,3880
3376,4143
3376,6601
3377,369
3377,1350
3377,2239
3377,2339
3377,2575
3377,2661
3377,4023
3377,4164
3377,4712
3377,4791
3377,7085
3377,7337
3377,7582
3378,1188
3378,2863
3378,3260
3378,4913
3378,5771
3378,6058
3378,6856
3379,710
3379,2832
3379,5050
3379,7440
3380,359
3380,1698
3380,1744
3380,1899
3380,4161
3380,4946
3380,5404
3380,6215
3380,7097
3381,305
3381,847
3381,1250
3381,1595
3381,3203
3381,3466
3381,3578
3381,4207
3381,4805
3381,5664
3382,3320
3382,3515
3382,5433
3382,6079
3382,6119
3384,2370
3384,2649
3384,3748
3384,4216
3384,4714
3384,5403
3384,5961
3384,6409
3384,6760
3384,7116
3384,7553
3385,994
3385,2904
3385,6481
3385,6834
3386,862
3386,1961
3386,2758
3386,2998
3386,3369
3386,5156
3386,5969
3387,472
3387,558
3387,684
3387,954
3387,1160
3387,1829
3387,2156
3387,3044
3387,4501
3387,5494
3387,6270
3387,6294
3387,6821
3388,1561
3388,2198
3388,2239
3388,3698
3388,5404
3388,7330
3389,581
3389,2528
3389,2949
3389,4237
3389,5131
3389,5163
3390,1147
3390,1207
3390,1307
3390,1341
3390,1398
3390,1968
3390,2069
3390,3200
3390,3519
3390,3535
3390,3694
3390,3921
3390,4794
3390,5096
3390,5477
3390,5621
3390,5956
3390,6949
3390,7567
3390,7625
3391,557
3391,1656
3391,1772
3391,2654
3391,3376
3391,3924
3391,5686
3391,6347
3391,6645
3391,7541
3392,328
3392,1759
3392,2260
3392,3167
3392,7075
3393,147
3393,837
3393,2012
3393,3180
3393,3504
3393,6488
3393,6625
3393,7383
3394,137
3394,218
3394,1757
3394,1938
3394,2194
3394,3264
3394,3948
3394,4091
3394,4228
3394,4952
3394,5923
3394,6297
3394,7582
3394,7599
3395,1497
3395,1534
3395,2505
3396,117
3396,241
3396,878
3396,1010
3396,1057
3396,1164
3396,1443
3396,1576
3396,2184
3396,2606
3396,3186
3396,3746
3396,4000
3396,4346
3396,5466
3396,5533
3396,5922
3396,6674
3396,7224
3397,301
3397,1156
3397,2288
3397,2863
3397,3809
3397,4486
3397,4762
3397,5899
3397,5912
3397,6536
3397,6914
3398,3895
3398,4376
3398,4384
3399,481
3399,2843
3399,4423
3399,4659
3399,7598
3400,310
3400,586
3400,1425
3400,2505
3400,2695
3400,2712
3400,3009
3400,3085
3400,3136
3400,3690
3400,5172
3400,6647
3400,6912
3400,7639
3401,2327
3401,2557
3401,4666
3401,4819
3401,5814
3401,5825
3401,6552
3401,7118
3402,451
3402,1199
3402,1300
3402,1602
3402,1713
3402,2029
3402,2185
3402,2802
3402,2934
3402,3314
3402,3943
3402,4139
3402,4444
3402,4643
3402,5073
3402,5149
3402,5353
3402,6292
3402,6375
3402,6638
3402,6863
3402,6883
3402,6938
3402,7350
3402,7571
3403,304
3403,841
3403,1492
3403,2215
3403,2427
3403,4805
3403,5615
3403,6354
3403,7289
3404,308
3404,953
3404,2529
3404,2893
3404,3083
3404,3827
3404,3887
3404,5280
3404,5775
3405,87
3405,139
3405,253
3405,985
3405,1159
3405,2593
3405,3654
3405,4172
3405,6283
3406,85
3406,3948
3406,4384
3406,5952
3406,6412
3406,6551
3406,6811
3406,6984
3406,7067
3406,7331
3406,7535
3407,495
3407,864
3407,1499
3407,2863
3407,3260
3407,4532
3407,6070
3407,6845
3407,7066
3408,240
3408,369
3408,509
3408,904
3408,1167
3408,1880
3408,2106
3408,2159
3408,3406
3408,4091
3408,4096
3408,4262
3408,4384
3408,5931
3408,6646
3408,6906
3408,6984
3408,7537
3409,1543
3409,2465
3409,2497
3409,3175
3409,3571
3409,4058
3409,6433
3410,1070
3410,2460
3410,4469
3411,147
3411,481
3411,561
3411,744
3411,837
3411,901
3411,2499
3411,3180
3411,3211
3411,4494
3411,4711
3411,4873
3411,6092
3411,7489
3411,7598
3412,1237
3412,1675
3412,1728
3412,2151
3412,2204
3412,2399
3412,2538
3412,2605
3412,2885
3412,3719
3412,4335
3412,4418
3412,7544
3413,82
3413,2424
3413,6056
3413,6238
3413,6254
3414,1135
3414,2851
3414,3537
3414,4401
3414,6080
3414,6727
3415,1264
3415,1736
3415,1980
3415,3992
3415,4038
3415,4723
3415,5939
3415,7437
3415,7513
3416,459
3416,2842
3416,3797
3416,5242
3416,5655
3416,6918
3416,7645
3417,2035
3417,2100
3417,2756
3417,3892
3417,5642
3417,5686
3418,281
3418,564
3418,822
3418,1300
3418,2203
3418,2263
3418,3660
3418,4327
3418,5353
3418,5486
3418,5636
3418,6955
3418,7094
3418,7393
3419,28
3419,89
3419,305
3419,1034
3419,2286
3419,2447
3419,4805
3419,5364
3419,5437
3419,6568
3419,6746
3420,399
3420,853
3420,890
3420,991
3420,3730
3420,4224
3420,5915
3420,6687
3420,6894
3421,49
3421,308
3421,766
3421,1091
3421,2894
3421,2993
3421,3691
3421,7171
3421,7478
3421,7480
3422,593
3422,900
3422,1838
3422,1899
3422,2102
3422,2198
3422,3799
3422,5255
3422,5734
3423,932
3423,2366
3423,4647
3423,5124
3423,5163
3423,5279
3423,7460
3423,7544
3424,740
3424,2291
3424,3143
3424,4146
3424,5153
3424,5419
3424,6090
3424,6130
3424,6376
3425,3967
3425,5578
3425,5733
3425,5872
3425,5913
3425,7205
3425,7260
3426,1273
3426,2219
3427,919
3427,1296
3427,2239
3427,3469
3427,4422
3427,5685
3428,1492
3428,2086
3428,3096
3428,3408
3428,4384
3428,4737
3428,4871
3428,5534
3428,5707
3428,7592
3429,895
3429,2458
3429,3175
3429,3227
3429,3626
3429,4625
3429,4646
3429,4810
3430,1289
3430,3760
3430,3878
3430,5845
3430,6027
3431,447
3431,819
3431,1061
3431,1146
3431,1303
3431,1354
3431,2366
3431,2439
3431,3939
3431,4530
3431,4974
3431,6423
3431,7388
3431,7500
3432,840
3432,1765
3432,2424
3432,4860
3432,6013
3432,6238
3432,6254
3432,6541
3432,6695
3433,109
3433,489
3433,579
3433,1442
3433,1496
3433,2032
3433,2317
3433,2494
3433,2509
3433,2563
3433,2950
3433,3542
3433,3578
3433,3612
3433,4160
3433,4371
3433,4508
3433,4693
3433,4743
3433,5052
3433,5079
3433,5141
3433,5307
3433,5788
3433,5804
3433,6570
3433,6720
3433,7164
3433,7466
3434,1678
3434,2469
3434,2997
3435,4244
3435,5270
3436,2198
3436,6702
3437,168
3437,171
3437,704
3437,1012
3437,1048
3437,1248
3437,1319
3437,1397
3437,1626
3437,1951
3437,2160
3437,2165
3437,2184
3437,2749
3437,2785
3437,2799
3437,3533
3437,3819
3437,4002
3437,4582
3437,4625
3437,4661
3437,4969
3437,4970
3437,5221
3437,5298
3437,5331
3437,5394
3437,5580
3437,5647
3437,5887
3437,6107
3437,6117
3437,6223
3437,6300
3437,6352
3437,6515
3437,6768
3437,6795
3437,7129
3437,7237
3437,7435
3437,7485
3438,1004
3438,1127
3438,1178
3438,1744
3438,1899
3438,2294
3438,2553
3438,2859
3438,3063
3438,4870
3438,5327
3438,5703
3438,5734
3438,5878
3438,5881
3438,6175
3438,6678
3439,4588
3439,5006
3439,7395
3440,593
3440,1805
3440,1942
3440,3974
3440,6754
3441,1622
3441,1830
3441,2499
3441,3904
3441,4244
3441,4498
3441,4663
3441,6488
3441,7383
3442,394
3442,1031
3442,2608
3442,2876
3442,3222
3442,3461
3442,3661
3442,3729
3442,5794
3442,5872
3442,7594
3443,600
3443,631
3443,669
3443,684
3443,994
3443,1291
3443,1601
3443,2988
3443,4066
3443,6458
3443,6481
3443,6909
3443,6916
3444,593
3444,1634
3444,2198
3444,4158
3444,6702
3445,1744
3445,1782
3445,2239
3445,4376
3445,5415
3445,6702
3445,7607
3446,593
3446,5132
3446,5251
3446,5979
3446,7010
3446,7215
3447,3905
3447,5618
3447,6362
3449,221
3449,679
3449,1509
3449,1622
3449,2073
3449,4244
3449,4498
3449,5357
3449,5405
3449,5974
3449,6609
3449,7015
3449,7324
3449,7598
3450,3121
3450,7613
3451,2907
3451,6446
3451,7518
3452,74
3452,618
3452,746
3452,1562
3452,1683
3452,2491
3452,2853
3452,4564
3452,4884
3452,5016
3452,6227
3452,7444
3453,3145
3453,3227
3453,3244
3453,4104
3453,4235
3453,6169
3454,2293
3454,4574
3454,6294
3455,1521
3455,1739
3455,3246
3455,4707
3455,6522
3455,7240
3456,2981
3456,3659
3457,600
3457,628
3457,896
3457,2093
3457,2279
3457,2567
3457,3510
3457,3725
3457,3742
3457,4456
3457,4609
3457,6715
3457,7250
3458,3560
3458,5773
3458,6623
3459,192
3459,1485
3459,2766
3459,3093
3459,4162
3459,4803
3459,4952
3459,5316
3459,5344
3459,5404
3459,5859
3459,5955
3459,6462
3459,6540
3460,1488
3460,1604
3460,3064
3460,3563
3460,3880
3460,4125
3460,4673
3460,4802
3460,5300
3460,6653
3461,45
3461,1556
3461,1814
3461,1952
3461,2165
3461,3442
3461,3869
3461,5074
3461,5872
3461,6307
3461,6352
3461,6554
3461,7287
3462,1634
3462,2198
3462,6702
3462,6990
3463,3972
3463,4646
3463,7063
3464,3231
3464,4923
3465,797
3465,3238
3465,3526
3465,4856
3465,5830
3466,1120
3466,1817
3466,3295
3466,3578
3466,3925
3466,5589
3466,5943
3466,7022
3466,7142
3467,912
3467,993
3467,3159
3467,3524
3467,4867
3467,6838
3468,2795
3468,3011
3468,5455
3469,760
3469,1103
3469,1357
3469,1607
3469,2032
3469,2205
3469,2490
3469,2931
3469,3548
3469,3581
3469,3713
3469,4715
3469,4722
3469,4805
3469,4894
3469,5171
3469,5891
3469,6171
3469,6328
3471,2054
3471,3562
3471,4363
3471,5393
3471,7378
3471,7457
3472,310
3472,3009
3472,4200
3473,575
3473,750
3473,1862
3473,5664
3473,6629
3473,6722
3474,4
3474,1624
3474,5421
3474,6635
3475,2330
3475,3332
3475,3491
3475,7644
3476,2370
3476,4384
3476,4806
3476,7535
3476,7572
3477,355
3477,996
3477,2413
3477,2874
3478,1435
3478,2094
3478,3365
3478,3484
3478,3555
3478,3706
3478,5192
3478,6162
3478,7094
3478,7235
3479,147
3479,425
3479,2012
3479,2499
3479,4004
3479,4244
3479,6609
3480,804
3480,953
3480,1597
3480,1673
3480,2258
3480,2893
3480,3295
3480,3925
3480,5944
3480,7307
3481,1053
3481,2046
3481,2321
3481,3843
3481,4133
3481,5915
3481,6213
3482,4237
3482,7230
3483,492
3483,1879
3483,3044
3483,3095
3483,3197
3483,4810
3484,128
3484,252
3484,2044
3484,2263
3484,3365
3484,5118
3484,5486
3484,5625
3484,5636
3484,6162
3484,7235
3485,2705
3485,4121
3485,4172
3485,6005
3485,6905
3485,7057
3485,7253
3485,7332
3486,249
3486,2168
3486,2534
3487,179
3487,4244
3487,4459
3487,5038
3488,269
3488,2198
3488,3277
3489,935
3489,1306
3489,1429
3489,1564
3489,3371
3489,3536
3489,3843
3490,356
3490,370
3490,1425
3490,1701
3490,2712
3490,3009
3490,3400
3490,3690
3490,3770
3490,4783
3490,5387
3490,5994
3490,6312
3491,2952
3491,3475
3491,6387
3491,7644
3492,2354
3492,2356
3492,2633
3492,2898
3492,3359
3492,3480
3492,3920
3492,4409
3492,4438
3492,4670
3492,4790
3492,5664
3492,5981
3492,6098
3492,6980
3492,7054
3492,7250
3492,7486
3493,85
3493,2745
3493,4326
3493,4376
3493,4864
3493,5404
3494,439
3494,667
3494,686
3494,741
3494,773
3494,1061
3494,2168
3494,2251
3494,2292
3494,2850
3494,3030
3494,3375
3494,4201
3494,4276
3494,4292
3494,4610
3494,4976
3494,5361
3494,6002
3494,6855
3494,6860
3494,6937
3495,887
3495,1946
3495,2498
3495,2748
3495,2966
3495,3824
3495,3934
3495,4239
3495,4272
3495,5057
3495,5482
3495,5916
3495,5950
3495,6656
3495,7367
3495,7507
3496,1403
3496,2218
3496,3662
3496,5506
3496,6367
3496,6554
3497,531
3497,1936
3497,2297
3497,4258
3497,5822
3498,3277
3498,4417
3498,4826
3499,487
3499,1961
3499,4318
3499,4406
3500,1830
3500,2656
3500,3904
3500,6185
3501,218
3501,930
3501,1278
3501,1310
3501,1563
3501,1586
3501,2011
3501,2663
3501,3124
3501,3359
3501,4039
3501,5222
3501,6779
3501,7374
3501,7633
3502,857
3502,1011
3502,1254
3502,1415
3502,1647
3502,1711
3502,2302
3502,2571
3502,4384
3502,4791
3502,5286
3502,5689
3502,6887
3502,6985
3502,7003
3502,7209
3502,7597
3503,551
3503,856
3503,1215
3503,1379
3503,1572
3503,1627
3503,2588
3503,3320
3503,3515
3503,3607
3503,3772
3503,4228
3503,4892
3503,4904
3503,5211
3503,5396
3503,5575
3503,6426
3503,6563
3503,7556
3504,425
3504,561
3504,943
3504,1223
3504,4703
3504,5737
3504,5928
3504,6725
3505,1059
3505,1147
3505,1154
3505,1949
3505,2242
3505,2278
3505,3200
3505,3943
3505,5096
3505,5621
3505,6498
3505,6863
3505,6883
3505,6949
3505,7002
3506,538
3506,1011
3506,1090
3506,1196
3506,1263
3506,1287
3506,1310
3506,2059
3506,2186
3506,2299
3506,2703
3506,2794
3506,3062
3506,3125
3506,3134
3506,3455
3506,4525
3506,4584
3506,4904
3506,5126
3506,5722
3506,6296
3506,7077
3506,7174
3506,7328
3507,311
3507,652
3507,862
3507,2519
3507,2604
3507,2700
3507,5483
3507,5657
3507,6341
3508,103
3508,7581
3509,2295
3509,2927
3509,3554
3509,3578
3509,4073
3509,4685
3509,5123
3509,5354
3510,196
3510,584
3510,809
3510,971
3510,1211
3510,1382
3510,1473
3510,1780
3510,1978
3510,2172
3510,2598
3510,2697
3510,2783
3510,2847
3510,3455
3510,3742
3510,3837
3510,3839
3510,4057
3510,4442
3510,4477
3510,4528
3510,4580
3510,4609
3510,4844
3510,5063
3510,5262
3510,5295
3510,5388
3510,5556
3510,5635
3510,6547
3510,6992
3510,7152
3510,7312
3510,7336
3510,7341
3510,7422
3510,7634
3511,64
3511,355
3511,1808
3511,2168
3511,2413
3511,2874
3511,4202
3512,920
3512,1899
3512,4100
3512,5209
3512,6807
3512,7453
3513,748
3513,1607
3513,1922
3513,2529
3513,3691
3513,4220
3513,4493
3513,4500
3513,4596
3513,4634
3513,6610
3513,7222
3513,7345
3514,2215
3514,3160
3515,601
3515,1189
3515,2113
3515,2415
3515,3503
3515,4301
3515,4490
3515,5211
3515,5218
3515,6210
3516,965
3516,1914
3516,3460
3516,3563
3516,5754
3516,6601
3517,3943
3517,6498
3517,7199
3518,2404
3518,2522
3518,2897
3518,3635
3518,4893
3518,5505
3518,5571
3518,5949
3518,6244
3518,7635
3519,368
3519,451
3519,1207
3519,1890
3519,2069
3519,2289
3519,2942
3519,3126
3519,5073
3519,5477
3519,5481
3519,5621
3519,5956
3519,6285
3520,212
3520,1493
3520,3098
3520,3134
3520,5234
3520,5772
3520,7370
3521,251
3521,1058
3521,1688
3521,1745
3521,3131
3521,3259
3521,3384
3521,4376
3521,6741
3522,327
3522,594
3522,1229
3522,1349
3522,2203
3522,2403
3522,2642
3522,2735
3522,2846
3522,2919
3522,3182
3522,3338
3522,3402
3522,4825
3522,5111
3522,5590
3522,6011
3522,6375
3522,6697
3522,6782
3522,6932
3523,442
3523,537
3523,755
3523,926
3523,1672
3523,2114
3523,4566
3523,4619
3523,4666
3523,5028
3523,6091
3523,6840
3523,7255
3524,90
3524,364
3524,381
3524,1166
3524,2411
3524,2505
3524,2695
3524,3145
3524,3467
3524,3674
3524,3902
3524,4232
3524,4633
3524,4838
3524,5458
3524,6283
3524,6886
3525,650
3525,2669
3525,2718
3525,2924
3525,4656
3525,5026
3525,5232
3525,5517
3525,5922
3525,5989
3525,6084
3525,6392
3526,797
3526,1815
3526,2420
3526,3198
3526,3465
3526,3771
3526,4101
3526,5830
3527,2253
3527,3578
3527,3817
3527,3866
3527,4067
3527,4376
3527,4573
3528,316
3528,786
3528,1685
3528,1851
3528,3553
3528,4441
3528,4583
3528,4758
3528,5588
3528,5825
3528,6679
3528,7255
3528,7407
3529,570
3529,882
3529,1827
3529,2114
3529,2250
3529,2260
3529,2324
3529,2754
3529,2861
3529,4256
3529,4274
3529,4467
3529,5257
3529,6143
3529,6552
3530,256
3530,695
3530,1065
3530,1804
3530,3258
3530,6482
3531,3631
3531,6572
3532,213
3532,1112
3532,1215
3532,1406
3532,1801
3532,2484
3532,2569
3532,4041
3532,4286
3532,4517
3532,5022
3532,5218
3532,5292
3532,5315
3532,5474
3532,5511
3532,5745
3532,6028
3532,6086
3532,6434
3532,6803
3532,6854
3532,7072
3532,7380
3533,2428
3533,3682
3533,4007
3533,4209
3533,4906
3533,5260
3533,6307
3534,67
3534,480
3534,872
3534,950
3534,1075
3534,2074
3534,2875
3534,4501
3534,5026
3534,5918
3534,6225
3535,1307
3535,1949
3535,2278
3535,4481
3535,5096
3536,853
3536,991
3536,1053
3536,2255
3536,2957
3536,3204
3536,3481
3536,3843
3536,4265
3536,5600
3536,6380
3536,6650
3536,7027
3537,798
3537,1135
3537,2851
3537,3414
3537,4401
3537,6080
3537,6862
3538,1402
3538,1614
3538,3616
3538,3926
3538,4213
3538,4535
3538,4556
3538,5623
3538,5840
3538,5941
3538,6208
3538,6313
3538,6794
3538,6877
3538,6981
3539,1196
3539,1493
3539,2059
3539,3083
3539,3506
3539,3559
3539,4067
3539,5917
3539,6026
3539,6408
3539,6920
3540,934
3540,2587
3540,2772
3540,6339
3540,7084
3541,35
3541,897
3541,1265
3541,1553
3541,1844
3541,3089
3541,3318
3541,5809
3541,5892
3542,2059
3542,3761
3542,7330
3543,57
3543,806
3543,1743
3543,2090
3543,2103
3543,3649
3543,5448
3543,5848
3543,6357
3543,6965
3544,1686
3544,6387
3545,196
3545,552
3545,1796
3545,4216
3545,4409
3545,5158
3545,5304
3545,6098
3545,7116
3545,7553
3546,2033
3546,2913
3546,4164
3547,484
3547,633
3547,2239
3547,3185
3547,4630
3548,1129
3548,1383
3548,2032
3548,3947
3548,5667
3548,6064
3548,6492
3549,155
3549,1322
3549,4084
3549,6126
3549,6592
3550,2239
3550,3277
3550,5273
3550,5734
3551,2198
3551,5234
3552,1929
3552,2509
3552,4194
3553,1630
3553,1751
3553,1864
3553,2114
3553,2281
3553,2387
3553,4819
3554,960
3554,1597
3554,3509
3554,3676
3554,3783
3554,4577
3554,4685
3554,5484
3555,1550
3555,2044
3555,3365
3555,3478
3555,4024
3555,4769
3555,5118
3555,5486
3555,7094
3555,7235
3556,354
3556,495
3556,1407
3556,2278
3556,4119
3556,6697
3557,1285
3557,1359
3557,1700
3557,2000
3557,2068
3557,2210
3557,2228
3557,2612
3557,3368
3557,3650
3557,3831
3557,4027
3557,4314
3557,4381
3557,4549
3557,5014
3557,6179
3557,6198
3557,6575
3557,6719
3557,6867
3557,7548
3558,174
3558,1685
3558,1867
3558,2281
3558,2768
3558,4539
3558,4728
3558,4758
3558,7043
3559,15
3559,71
3559,352
3559,600
3559,785
3559,867
3559,1070
3559,1196
3559,1922
3559,1978
3559,2007
3559,2047
3559,2215
3559,2529
3559,3270
3559,3641
3559,3781
3559,3920
3559,4177
3559,5218
3559,5334
3559,5513
3559,5704
3559,5739
3559,5798
3559,6026
3559,6029
3559,7006
3559,7093
3559,7512
3560,871
3560,3458
3561,2743
3561,3532
3561,4373
3561,6069
3561,7290
3561,7592
3562,888
3562,1861
3562,2475
3562,3471
3562,4131
3562,4702
3562,4795
3562,5727
3562,6081
3562,6390
3562,7626
3563,284
3563,682
3563,1914
3563,3064
3563,3460
3563,3924
3563,5774
3563,6385
3563,7504
3564,379
3564,2507
3564,3879
3564,4399
3564,4544
3564,5235
3565,749
3565,3663
3565,4666
3565,5409
3565,5602
3565,5848
3565,6793
3566,638
3566,1252
3566,1954
3566,2793
3566,2897
3566,3240
3566,5175
3566,6165
3566,6590
3567,1325
3567,1660
3567,1821
3567,2624
3567,3052
3567,3732
3567,4227
3567,6110
3567,6172
3567,6280
3567,7262
3568,44
3568,929
3568,1033
3568,2020
3568,2188
3568,3321
3568,3541
3568,4468
3568,5809
3568,7499
3569,1363
3569,1400
3569,1422
3569,1737
3569,2456
3569,4530
3569,4647
3569,6347
3569,7285
3569,7388
3570,38
3570,453
3570,779
3570,1309
3570,1558
3570,1706
3570,3598
3570,5491
3570,6602
3570,7368
3570,7646
3571,46
3571,3156
3571,3975
3571,4235
3571,5548
3571,5684
3571,6109
3571,6583
3571,6768
3571,7041
3572,932
3572,1237
3572,5124
3572,6374
3572,6899
3573,2068
3573,3631
3573,4555
3573,4725
3573,6179
3573,6589
3573,6946
3573,6967
3573,7548
3574,283
3574,1129
3574,3559
3574,3702
3574,4952
3574,6618
3575,2389
3575,3167
3575,4758
3575,5451
3575,5692
3575,6913
3576,1561
3576,2239
3577,456
3577,1111
3577,1714
3577,1930
3577,3179
3577,4294
3577,5343
3577,5364
3578,62
3578,113
3578,299
3578,434
3578,495
3578,532
3578,675
3578,858
3578,952
3578,1184
3578,1337
3578,1343
3578,1418
3578,1474
3578,1514
3578,1802
3578,1948
3578,1966
3578,2010
3578,2198
3578,2202
3578,2244
3578,2345
3578,2400
3578,2418
3578,2425
3578,2576
3578,2706
3578,2773
3578,2781
3578,2857
3578,2889
3578,2985
3578,3106
3578,3223
3578,3278
3578,3715
3578,3723
3578,3743
3578,3890
3578,3925
3578,4194
3578,4207
3578,4218
3578,4324
3578,4349
3578,4373
3578,4438
3578,4508
3578,4569
3578,4579
3578,4586
3578,4693
3578,4820
3578,4835
3578,4985
3578,5041
3578,5097
3578,5487
3578,5589
3578,5620
3578,5729
3578,5788
3578,5795
3578,5880
3578,5898
3578,5941
3578,6382
3578,6604
3578,6929
3578,6976
3578,7018
3578,7042
3578,7106
3578,7125
3578,7154
3578,7335
3578,7466
3579,2969
3579,3856
3579,4033
3579,5500
3580,5967
3580,7219
3581,495
3581,3469
3581,4198
3581,4715
3581,4805
3581,5234
3581,7560
3582,2396
3582,2553
3582,3152
3582,4350
3582,5799
3582,6678
3582,7464
3583,641
3583,1881
3583,1980
3583,2337
3583,3678
3583,3717
3583,5341
3583,6357
3583,7437
3583,7513
3584,481
3584,561
3584,4663
3584,5038
3584,5928
3584,6609
3584,7033
3584,7383
3584,7489
3585,1948
3585,4297
3585,4940
3585,6015
3585,6389
3585,7032
3586,589
3586,662
3586,894
3586,1869
3586,1963
3586,2492
3586,2539
3586,2702
3586,4193
3586,4323
3586,5563
3586,6225
3587,2198
3587,4067
3587,4116
3587,4304
3587,7250
3588,755
3588,2780
3588,3065
3588,6997
3589,1239
3589,1359
3589,3329
3589,5839
3589,7441
3590,701
3590,2083
3590,6739
3591,1603
3591,1757
3591,2831
3591,6490
3591,6511
3591,7374
3592,2
3592,2152
3593,92
3593,321
3593,431
3593,766
3593,1050
3593,1406
3593,2013
3593,2239
3593,4376
3593,5015
3593,6760
3593,7296
3594,568
3594,1467
3594,2239
3594,2614
3594,3710
3594,3768
3594,3912
3594,4267
3594,4706
3594,6787
3595,829
3595,2355
3595,3855
3595,6856
3596,797
3596,3238
3596,3465
3596,4856
3597,1038
3597,1583
3597,2635
3597,4548
3597,4554
3597,5448
3597,5602
3597,5978
3597,6212
3597,6666
3597,6842
3597,7043
3598,38
3598,779
3598,1706
3598,2189
3598,2552
3598,3570
3598,5662
3598,7368
3599,190
3599,3740
3599,4121
3599,5763
3599,6283
3599,6905
3600,363
3600,750
3600,862
3600,1158
3600,1345
3600,1961
3600,3369
3600,3386
3600,3928
3600,4187
3600,6586
3601,1823
3601,2350
3601,4379
3601,6948
3601,7126
3602,1278
3602,3488
3602,4017
3602,4083
3602,4697
3602,4952
3602,5931
3602,6660
3603,681
3603,3094
3603,3156
3603,3292
3603,3955
3603,4104
3603,4258
3603,4429
3603,5582
3603,6049
3603,6050
3603,6768
3603,7575
3603,7620
3604,4180
3605,750
3605,751
3605,1045
3605,1353
3605,1408
3605,1633
3605,1905
3605,2746
3605,3928
3605,5360
3605,5696
3605,6450
3606,475
3606,2120
3606,3929
3606,3999
3606,5132
3606,5404
3606,6618
3606,6693
3607,127
3607,226
3607,721
3607,1070
3607,1486
3607,1794
3607,2108
3607,2450
3607,2522
3607,2577
3607,2908
3607,2955
3607,2993
3607,3895
3607,3990
3607,4046
3607,4285
3607,5010
3607,5080
3607,5098
3607,5842
3607,5987
3607,6308
3608,538
3608,593
3608,1575
3608,2940
3608,3877
3608,4713
3608,5931
3608,6487
3608,7114
3608,7628
3609,2429
3609,2501
3609,3200
3609,4652
3609,6862
3610,1411
3610,2054
3610,2180
3610,5599
3611,565
3611,799
3611,1208
3611,3765
3611,4481
3612,835
3612,1163
3612,3049
3612,3578
3612,4693
3612,4967
3612,5213
3612,5435
3612,6280
3612,6403
3612,6675
3612,7113
3612,7467
3612,7518
3613,75
3613,705
3613,2299
3613,3895
3613,4054
3613,4490
3613,5218
3613,6063
3613,7330
3613,7521
3614,355
3614,2413
3614,4005
3615,1720
3615,5047
3615,5337
3615,6599
3615,7427
3616,4806
3616,5881
3616,6551
3616,7210
3616,7401
3617,2239
3617,6118
3617,6211
3617,7054
3617,7481
3618,3469
3618,3784
3618,4198
3618,4715
3618,5234
3618,6328
3618,7087
3619,1656
3619,2443
3619,3924
3619,4280
3619,4673
3620,593
3620,1738
3620,2198
3620,2913
3620,3185
3620,7280
3621,383
3621,1194
3621,1280
3621,2778
3621,3657
3621,4082
3621,5932
3621,6790
3621,7283
3622,93
3622,200
3622,2803
3622,3354
3622,4051
3622,4346
3622,6504
3622,6817
3622,6821
3623,183
3623,320
3623,469
3623,906
3623,1100
3623,1167
3623,1569
3623,1659
3623,1705
3623,1838
3623,2541
3623,3105
3623,3380
3623,3876
3623,4074
3623,4352
3623,4679
3623,4754
3623,4954
3623,5209
3623,5348
3623,5441
3623,5584
3623,6342
3623,6398
3623,6692
3623,6800
3623,7181
3623,7266
3623,7573
3624,941
3624,3227
3624,3735
3624,3953
3625,1611
3625,2368
3625,2543
3625,4687
3625,5144
3625,6108
3625,7414
3626,3429
3626,6973
3627,593
3627,2365
3627,6702
3628,649
3628,2098
3628,2780
3628,2925
3628,3065
3628,6679
3629,277
3629,4646
3629,4810
3630,873
3630,1338
3630,2315
3630,2416
3630,3267
3630,5922
3630,6329
3630,6436
3630,6845
3631,331
3631,585
3631,1522
3631,3573
3631,3847
3631,4362
3631,5541
3631,6198
3631,6684
3631,6719
3631,6967
3631,7153
3631,7191
3631,7375
3632,1102
3632,1249
3632,3502
3632,4376
3632,5037
3632,7209
3633,878
3633,1443
3633,2293
3633,2732
3633,4115
3633,4456
3633,6813
3633,7427
3633,7442
3634,4459
3635,88
3635,747
3635,2274
3635,2910
3635,4577
3635,5175
3635,6896
3636,1234
3636,2362
3636,6681
3636,7133
3637,5280
3637,5893
3637,5957
3638,872
3638,5026
3639,368
3639,979
3639,2167
3639,2459
3639,2501
3639,3192
3639,3696
3639,3986
3639,4652
3639,4815
3639,5900
3639,7002
3640,328
3640,828
3640,2256
3640,3543
3640,4412
3640,4938
3640,5662
3640,6250
3640,6670
3640,6765
3641,1357
3641,1518
3641,3469
3641,4067
3641,6171
3641,6466
3642,2433
3642,3823
3642,5872
3642,7586
3642,7606
3643,143
3643,2569
3643,3339
3643,3503
3643,3726
3643,4330
3643,4373
3643,4529
3643,7445
3644,3308
3644,3432
3644,4678
3644,4860
3644,6056
3644,6238
3644,6478
3644,6708
3645,1166
3645,2077
3645,3495
3645,4922
3645,4994
3645,6433
3645,6647
3645,7639
3645,7641
3646,260
3646,869
3646,2586
3646,4303
3646,5881
3646,5976
3646,6551
3646,7044
3647,1556
3647,3107
3647,4239
3647,5913
3647,6472
3647,6768
3647,7178
3647,7442
3648,1447
3648,1727
3648,1744
3648,2262
3648,2906
3648,3081
3648,3683
3648,4071
3648,5488
3648,5853
3648,6361
3648,6381
3648,7010
3648,7511
3649,324
3649,1696
3649,2256
3649,2860
3649,3543
3649,3663
3649,6212
3649,6965
3649,7073
3650,707
3650,852
3650,1655
3650,4362
3650,4376
3650,4482
3650,5301
3650,5839
3650,6179
3650,7376
3651,472
3651,1710
3651,2344
3651,4906
3651,7176
3652,825
3652,1865
3652,3940
3652,4298
3652,4425
3652,4575
3652,4901
3652,5431
3653,3824
3653,4936
3654,461
3654,985
3654,1990
3654,4185
3654,5758
3654,6422
3655,1625
3655,7442
3656,182
3656,708
3656,1065
3656,1171
3656,1446
3656,1502
3656,1523
3656,3754
3656,5860
3656,6138
3656,6200
3657,419
3657,739
3657,899
3657,2294
3657,3257
3657,3621
3657,3923
3657,4650
3657,4848
3657,4895
3657,4912
3657,5327
3657,6289
3657,6353
3658,60
3658,2275
3658,5886
3658,6034
3659,789
3659,1268
3659,1284
3659,1634
3659,2657
3659,3183
3659,6098
3659,6551
3660,102
3660,1490
3660,2506
3660,2722
3660,3917
3660,5282
3660,5570
3660,6927
3660,6950
3661,84
3661,588
3661,1395
3661,1419
3661,2272
3661,2785
3661,5473
3661,5631
3661,5684
3661,5733
3661,6577
3661,7026
3662,45
3662,1340
3662,3496
3662,4452
3662,5521
3662,5748
3662,5794
3662,5872
3662,6473
3662,6970
3663,828
3663,2090
3663,2189
3663,3649
3663,4281
3663,4739
3663,6212
3664,229
3664,611
3664,1239
3664,1261
3664,2239
3664,4433
3665,397
3665,2404
3665,2879
3665,3907
3665,4454
3665,4500
3665,4913
3665,5175
3665,5813
3665,6244
3665,6296
3666,1490
3666,2722
3666,3285
3666,4470
3667,2239
3667,3277
3667,4026
3667,7395
3668,1116
3668,1126
3668,1677
3668,2721
3668,3977
3668,4841
3668,4898
3668,5622
3668,6826
3668,7303
3669,45
3669,3949
3669,4452
3669,6223
3669,6501
3669,7160
3670,269
3670,360
3670,1034
3670,5234
3670,6345
3671,91
3671,625
3671,731
3671,1013
3671,1453
3671,2258
3671,2620
3671,3079
3671,3183
3671,3518
3671,5987
3671,5998
3671,6098
3671,6522
3672,625
3672,904
3672,1069
3672,1695
3672,5998
3673,1075
3673,6084
3673,7221
3674,807
3674,3524
3674,3705
3674,5422
3674,6501
3674,6549
3674,7334
3675,197
3675,889
3675,912
3675,1515
3675,3894
3675,4646
3675,5085
3675,5605
3676,289
3676,384
3676,545
3676,1773
3676,1943
3676,3267
3676,3354
3676,3554
3676,3729
3676,5671
3676,7169
3677,670
3677,2791
3677,5504
3678,981
3678,1041
3678,1088
3678,1264
3678,1980
3678,3583
3678,3711
3678,3992
3678,4829
3678,5110
3678,6357
3678,6557
3678,7348
3679,2167
3679,2178
3679,2501
3679,3694
3679,3696
3679,4096
3679,4370
3679,4929
3679,6809
3680,472
3680,4906
3681,1070
3681,2460
3681,4865
3681,5937
3681,7290
3682,3168
3682,3533
3683,61
3683,780
3683,1206
3683,1429
3683,1997
3683,3897
3683,3913
3683,4805
3683,5006
3683,7464
3684,656
3684,817
3684,1567
3684,2408
3684,4800
3684,4925
3684,4943
3684,4993
3684,5011
3684,6550
3684,6635
3684,7343
3685,4033
3685,4295
3685,6572
3686,5029
3686,5254
3686,7373
3687,5545
3687,6942
3688,73
3688,1296
3688,4724
3688,4864
3688,5685
3688,6624
3688,7134
3689,28
3689,2586
3689,2795
3689,5452
3689,5772
3689,6451
3690,310
3690,2867
3690,3009
3690,3085
3690,4752
3690,6367
3691,748
3691,1843
3691,2143
3691,2676
3691,2894
3691,3330
3691,3607
3691,7269
3692,445
3692,1113
3692,1652
3692,4253
3692,4805
3692,6004
3692,6505
3692,6933
3692,7320
3692,7464
3693,500
3693,1067
3693,2564
3693,3362
3693,3659
3693,3861
3693,4257
3693,4787
3693,7023
3694,368
3694,897
3694,1384
3694,1553
3694,2020
3694,2351
3694,2699
3694,3033
3694,3200
3694,3519
3694,3790
3694,4370
3694,4794
3694,5342
3694,5900
3694,5956
3694,6934
3694,7089
3694,7185
3694,7358
3695,495
3695,1120
3695,1575
3695,2354
3695,3607
3695,4902
3695,5179
3695,7054
3696,979
3696,1398
3696,1451
3696,2178
3696,3679
3696,4996
3696,6862
3696,7089
3697,2704
3697,4942
3697,5251
3697,6219
3697,6464
3697,7467
3698,118
3698,123
3698,162
3698,312
3698,353
3698,611
3698,639
3698,725
3698,1076
3698,1353
3698,1423
3698,1510
3698,1525
3698,1757
3698,2166
3698,2183
3698,2771
3698,3225
3698,3388
3698,3602
3698,3712
3698,3744
3698,3789
3698,4091
3698,4249
3698,4285
3698,4317
3698,4407
3698,4464
3698,4473
3698,4549
3698,4877
3698,5002
3698,5003
3698,5056
3698,5467
3698,5507
3698,5561
3698,5923
3698,5984
3698,6028
3698,6297
3698,6340
3698,6490
3698,6511
3698,6733
3698,6737
3698,6779
3698,6828
3698,6959
3698,7134
3698,7167
3698,7173
3698,7226
3698,7254
3698,7331
3698,7523
3698,7633
3699,25
3699,2787
3699,3899
3699,4686
3699,5964
3699,6902
3699,6940
3701,892
3701,1418
3701,2265
3701,2372
3701,3404
3701,3866
3701,7149
3702,748
3702,1225
3702,2703
3702,4153
3702,6569
3703,4023
3703,5404
3703,5707
3703,5903
3703,6702
3704,446
3704,534
3704,632
3704,1517
3704,2244
3704,2634
3704,2650
3704,3081
3704,3445
3704,3817
3704,4176
3704,4347
3704,4573
3704,4641
3704,4895
3704,4941
3704,5050
3704,5241
3704,5399
3704,5441
3704,5769
3704,6847
3704,7573
3705,202
3705,621
3705,1629
3705,2411
3705,2436
3705,2524
3705,2749
3705,3038
3705,3173
3705,3674
3705,4752
3705,5284
3705,5458
3705,5885
3705,6838
3706,908
3706,1358
3706,1550
3706,2378
3706,3478
3706,6162
3707,5043
3707,6585
3708,916
3708,1293
3708,3408
3708,4080
3708,4376
3708,4420
3708,6738
3708,7464
3709,87
3709,139
3709,525
3709,548
3709,1261
3709,2254
3709,2481
3709,4078
3709,4172
3709,5379
3709,5499
3709,6861
3710,213
3710,573
3710,947
3710,1686
3710,1700
3710,2198
3710,2228
3710,2510
3710,3226
3710,3594
3710,4267
3710,4406
3710,4746
3710,5251
3710,5398
3710,5650
3710,6527
3710,6723
3710,6738
3710,7524
3711,605
3711,981
3711,1088
3711,1736
3711,2337
3711,2777
3711,3678
3711,3749
3711,4829
3711,5848
3712,103
3712,218
3712,3171
3712,3394
3712,7633
3713,552
3713,1399
3713,1582
3713,1712
3713,2410
3713,2772
3713,3160
3713,5756
3713,6414
3713,6649
3713,7289
3714,1037
3714,1696
3714,2260
3714,2326
3714,3346
3714,6046
3714,6212
3714,6765
3715,1167
3715,1521
3715,1744
3715,2406
3715,4114
3715,4792
3715,4806
3715,7464
3716,110
3716,311
3716,652
3716,1005
3716,1689
3716,2751
3716,3101
3716,3369
3716,4479
3716,5229
3716,5760
3716,5866
3716,6341
3716,6545
3716,6751
3717,10
3717,605
3717,1334
3717,1736
3717,2623
3717,2777
3717,3678
3717,4509
3717,4829
3717,6876
3717,7458
3718,235
3718,1575
3718,4028
3718,6354
3718,7003
3718,7481
3719,2528
3719,3201
3719,4399
3719,4861
3719,7544
3720,1018
3720,1727
3720,2628
3720,2819
3720,3353
3720,3648
3720,4176
3720,4463
3720,4594
3720,5904
3721,593
3721,622
3721,1498
3721,1796
3721,1798
3721,1929
3721,2541
3721,4388
3721,5255
3721,5415
3721,7464
3722,275
3722,328
3722,2090
3722,2596
3722,3830
3722,4245
3722,4881
3723,616
3723,1472
3723,1586
3723,3152
3723,4479
3723,5758
3723,6828
3723,7305
3724,296
3724,1596
3724,1961
3724,2997
3724,4407
3724,4959
3724,5109
3724,5191
3724,6629
3725,631
3725,669
3725,808
3725,1601
3725,2111
3725,2288
3725,3443
3725,3457
3725,3778
3725,3989
3725,4189
3725,4486
3725,5428
3725,6909
3725,7608
3726,456
3726,2964
3726,3643
3726,4186
3728,1878
3728,2082
3728,2464
3728,2865
3728,4030
3728,4377
3728,5770
3728,5837
3728,6141
3728,6857
3729,454
3729,1046
3729,1175
3729,2662
3729,2705
3729,3086
3729,3461
3729,3819
3729,3960
3729,4232
3729,4906
3729,5074
3729,6838
3729,7621
3730,441
3730,3130
3730,3811
3730,3843
3730,4224
3730,5161
3730,5600
3730,6650
3730,6763
3731,752
3731,2150
3731,2430
3731,3240
3731,3351
3731,5078
3731,5550
3731,5765
3732,2625
3732,3052
3732,3433
3732,6470
3733,444
3733,653
3733,679
3733,812
3733,1096
3733,1917
3733,1944
3733,2067
3733,2073
3733,2137
3733,2238
3733,2786
3733,3047
3733,3393
3733,3435
3733,4123
3733,4151
3733,4681
3733,5609
3733,5751
3733,5908
3733,6508
3733,7024
3733,7214
3733,7263
3733,7361
3733,7444
3734,772
3734,1268
3734,2013
3734,4384
3734,6618
3735,135
3735,168
3735,588
3735,880
3735,894
3735,895
3735,1535
3735,1869
3735,2165
3735,2190
3735,2282
3735,2597
3735,2912
3735,3624
3735,3647
3735,4193
3735,4235
3735,4646
3735,4742
3735,4852
3735,5020
3735,5298
3735,5520
3735,5582
3735,5946
3735,5960
3735,6300
3735,6469
3735,6514
3735,6573
3735,6577
3735,6698
3735,6768
3735,7178
3735,7224
3735,7450
3735,7613
3736,204
3736,932
3736,3201
3736,4237
3736,6622
3736,7264
3737,481
3737,1622
3737,4244
3737,6488
3738,645
3738,1564
3738,4126
3738,4363
3738,6871
3738,6891
3738,7378
3739,111
3739,461
3739,1062
3739,1990
3739,3405
3739,3654
3739,4562
3739,5758
3740,190
3740,2515
3740,4488
3740,4750
3740,5814
3740,6905
3740,7419
3741,19
3741,22
3741,279
3741,284
3741,315
3741,682
3741,1656
3741,1818
3741,1982
3741,4171
3741,4414
3741,4612
3741,5380
3741,6125
3741,6645
3741,6874
3741,7314
3741,7504
3742,2586
3742,4805
3742,6481
3742,7233
3743,461
3743,3295
3743,3466
3743,3578
3744,750
3744,1045
3744,2547
3744,2738
3744,3109
3744,4407
3744,5191
3744,5412
3744,5654
3744,6350
3744,6590
3744,6629
3744,6722
3744,6751
3744,7523
3745,2714
3745,4338
3745,6546
3746,67
3746,93
3746,872
3746,1161
3746,2833
3746,2875
3746,3145
3746,3767
3746,5358
3746,6821
3747,1410
3747,1823
3747,2109
3747,3601
3747,4776
3747,4896
3747,5537
3747,5759
3747,5934
3747,6718
3747,7011
3748,14
3748,98
3748,129
3748,143
3748,220
3748,283
3748,509
3748,607
3748,731
3748,1211
3748,1224
3748,1357
3748,1526
3748,1582
3748,1697
3748,1705
3748,1747
3748,2030
3748,2410
3748,2471
3748,2886
3748,3235
3748,3261
3748,3334
3748,3363
3748,3756
3748,3804
3748,3861
3748,3999
3748,4091
3748,4113
3748,4128
3748,4156
3748,4167
3748,4248
3748,4402
3748,4570
3748,4595
3748,4806
3748,4816
3748,5203
3748,5764
3748,5937
3748,6354
3748,6413
3748,6638
3748,6693
3748,6723
3748,6804
3748,6805
3748,6843
3748,7147
3748,7180
3748,7212
3748,7331
3749,10
3749,641
3749,1088
3749,1334
3749,1672
3749,3711
3749,3717
3749,4829
3749,5409
3749,5852
3749,6557
3749,6628
3749,7308
3750,2198
3750,4376
3750,6354
3751,49
3751,382
3751,506
3751,2673
3751,3559
3751,3978
3751,4153
3751,4653
3751,4917
3751,5280
3751,5926
3751,6677
3751,6909
3751,7345
3752,82
3752,1839
3752,2467
3752,3071
3752,6057
3752,6238
3753,954
3753,2798
3753,3203
3753,5068
3753,5881
3754,1247
3754,1846
3754,2148
3754,2328
3754,2790
3754,4146
3754,5153
3754,6806
3754,7404
3755,409
3755,5027
3755,5235
3755,5829
3755,6333
3755,6791
3755,7460
3756,129
3756,1663
3756,1999
3756,2553
3756,3225
3756,3226
3756,4877
3756,5084
3756,5404
3756,5808
3756,6492
3757,1120
3757,3866
3757,5175
3757,7307
3758,584
3758,1357
3758,1549
3758,3234
3758,3370
3758,6047
3758,6952
3758,7296
3759,686
3759,709
3759,1061
3759,4849
3759,4925
3759,5523
3759,6873
3760,1976
3760,2239
3760,3878
3760,5845
3760,6210
3760,6624
3760,7322
3761,2198
3761,4198
3761,5234
3761,6064
3761,6464
3762,1011
3762,1456
3762,1478
3762,2659
3762,2719
3762,2883
3762,3039
3762,5418
3762,5709
3762,6537
3763,930
3763,1252
3763,1270
3763,1353
3763,1930
3763,2565
3763,3256
3763,3310
3763,4407
3763,5633
3763,5953
3764,414
3764,1632
3764,2467
3764,3308
3764,3752
3764,4119
3764,6057
3764,6478
3764,6812
3764,7189
3764,7199
3765,970
3765,1961
3765,6251
3765,6282
3765,7468
3765,7564
3766,3792
3766,3824
3766,4582
3766,5826
3766,7064
3766,7224
3766,7423
3766,7613
3767,613
3767,1362
3767,1372
3767,3993
3767,4121
3767,4621
3767,4944
3767,5501
3767,5527
3767,6378
3768,258
3768,3063
3768,3364
3768,6692
3768,7607
3769,354
3769,452
3769,1147
3769,2846
3769,3943
3769,4139
3770,310
3770,1252
3770,1425
3770,1701
3770,2867
3770,3085
3770,3400
3770,3865
3770,4752
3770,6367
3770,7153
3771,1073
3771,1373
3771,1380
3771,1815
3771,2420
3771,3290
3771,4276
3771,7451
3772,3613
3772,4490
3772,5098
3772,7330
3772,7521
3773,501
3773,1966
3773,2239
3773,2773
3773,3856
3773,4102
3773,4670
3773,6211
3773,7467
3774,237
3774,709
3774,1909
3774,3231
3774,4237
3774,4379
3774,4925
3774,5877
3775,881
3775,1215
3775,1725
3775,2113
3775,2795
3776,5237
3776,6130
3776,7136
3777,148
3777,2477
3777,6433
3778,88
3778,1181
3778,2374
3778,3005
3778,3265
3778,4451
3778,4817
3778,5009
3778,5226
3778,6114
3778,6627
3778,6748
3778,7304
3779,203
3779,2093
3779,2589
3779,4009
3779,4634
3779,4747
3779,4989
3779,7130
3779,7250
3781,341
3781,584
3781,1069
3781,2215
3781,7171
3781,7455
3782,290
3782,1102
3782,1711
3782,1796
3782,2198
3782,5381
3782,6492
3782,7036
3783,146
3783,1541
3783,4577
3783,6048
3783,6896
3784,526
3784,867
3784,2655
3784,3510
3784,3618
3784,5813
3784,6466
3784,6872
3784,6920
3784,7147
3784,7240
3784,7370
3784,7387
3785,495
3785,4054
3786,2198
3786,5132
3786,5816
3786,6569
3787,1353
3787,3605
3787,6450
3787,6572
3788,550
3788,603
3788,1640
3788,2409
3788,3231
3788,3885
3788,4727
3788,5162
3788,5829
3788,6791
3788,7126
3789,616
3789,2179
3789,3698
3790,799
3790,1968
3790,2459
3790,2501
3790,2699
3790,2942
3790,3200
3790,3519
3790,3863
3790,6697
3791,1336
3791,4107
3792,97
3792,589
3792,2319
3792,5063
3792,7641
3793,430
3793,1188
3793,3260
3793,3358
3793,3595
3793,3809
3793,4654
3793,4762
3793,4799
3793,4913
3793,5425
3793,6071
3793,6386
3793,6542
3794,7451
3795,179
3795,298
3795,7426
3795,7462
3796,85
3796,552
3796,693
3796,1862
3796,5132
3797,1742
3797,3119
3797,3416
3797,4175
3797,5431
3797,5565
3797,6853
3797,7645
3798,394
3798,2907
3798,5089
3798,6716
3799,351
3799,593
3799,1329
3799,2689
3799,4755
3799,5037
3799,5669
3799,5780
3799,5904
3799,7170
3799,7215
3800,3005
3800,4084
3800,4378
3800,6592
3801,1533
3801,2181
3801,2788
3801,2850
3801,2951
3801,4144
3801,5759
3801,6428
3801,7165
3801,7268
3802,363
3802,1005
3802,1158
3802,1205
3802,1689
3802,2700
3802,2996
3802,3600
3802,3928
3802,4318
3802,5173
3802,5268
3802,5760
3802,6545
3802,6783
3802,7038
3802,7184
3802,7305
3803,1115
3803,1772
3803,2318
3803,4237
3803,5027
3803,6199
3803,7460
3804,1254
3804,1798
3804,2730
3804,4303
3804,5132
3804,5756
3804,6774
3805,412
3805,570
3805,749
3805,882
3805,2090
3805,2324
3805,4603
3805,5691
3805,6465
3806,7
3806,1213
3806,1306
3806,3048
3806,5599
3806,6151
3807,26
3807,3247
3807,4217
3807,6371
3808,85
3808,260
3808,553
3808,1249
3808,1796
3808,3502
3808,4210
3808,6985
3809,829
3809,3397
3809,3793
3809,4654
3809,4913
3809,5796
3809,5912
3809,6724
3811,7
3811,991
3811,1460
3811,2046
3811,3730
3811,6650
3811,6687
3812,833
3812,923
3812,2653
3812,4629
3812,5064
3812,6009
3813,268
3813,805
3813,2769
3813,3437
3813,4793
3813,5093
3813,6304
3813,7488
3813,7586
3814,2293
3814,2748
3814,4628
3815,2389
3815,4728
3815,4758
3815,6679
3815,6997
3815,7043
3815,7124
3815,7566
3816,1252
3816,5947
3816,6269
3816,6572
3817,497
3817,673
3817,2005
3817,2494
3817,3203
3817,3527
3817,4592
3817,4670
3817,5158
3817,5487
3817,6438
3817,6720
3817,7116
3817,7262
3817,7573
3818,2
3819,1556
3819,1773
3819,2056
3819,2078
3819,2453
3819,2608
3819,3159
3819,3869
3819,5454
3819,5817
3819,6031
3819,6621
3819,7217
3819,7224
3820,463
3820,828
3820,2037
3820,2281
3820,4539
3820,5110
3820,6502
3821,8
3821,397
3821,748
3821,953
3821,1225
3821,2028
3821,2529
3821,2893
3821,3404
3821,3702
3821,3784
3821,4692
3821,6547
3821,6610
3822,2349
3822,6142
3823,53
3823,108
3823,1381
3823,1403
3823,1443
3823,1952
3823,1964
3823,2594
3823,3046
3824,242
3824,1068
3824,1936
3824,3239
3824,3437
3824,3653
3824,4078
3824,5035
3824,5337
3824,5382
3824,5458
3824,6249
3824,6516
3824,6768
3824,6886
3825,405
3825,848
3825,1054
3825,2192
3825,3006
3825,3326
3825,4375
3825,5257
3825,5497
3825,6840
3825,7086
3826,2221
3826,2867
3826,3490
3826,3865
3826,5994
3826,7004
3826,7603
3827,1566
3827,3404
3827,3506
3827,3978
3827,4009
3827,4653
3827,4967
3827,7093
3828,1936
3828,4019
3828,4786
3828,5666
3828,5725
3828,7641
3829,209
3829,3586
3829,3735
3829,4689
3829,4961
3829,6169
3829,7050
3829,7217
3830,3722
3830,4883
3830,4960
3830,5069
3830,5465
3830,6532
3831,3532
3831,3557
3832,495
3832,1984
3832,4302
3832,6624
3832,6740
3832,7134
3833,1450
3833,4961
3833,5093
3833,5310
3833,6109
3833,6814
3833,7117
3833,7205
3834,259
3834,680
3834,1782
3834,1872
3834,2198
3834,2572
3834,3983
3834,5500
3834,6702
3834,7510
3835,751
3835,1633
3835,3928
3836,7399
3837,1084
3837,1761
3837,3510
3837,3839
3837,4503
3837,4990
3838,564
3838,2713
3838,4882
3838,7099
3839,669
3839,1922
3839,2111
3839,2945
3839,3062
3839,3510
3839,3837
3839,5786
3839,6879
3840,556
3840,1054
3840,1428
3840,1434
3840,2260
3840,2609
3840,3006
3840,3065
3840,4554
3840,4614
3840,5978
3840,7366
3841,1574
3841,4437
3841,4690
3841,5323
3841,5919
3841,6869
3841,7074
3842,621
3842,2390
3842,4507
3842,4621
3842,4705
3842,5318
3842,7591
3843,935
3843,3057
3843,3309
3843,3315
3843,3481
3843,3730
3843,3811
3843,4598
3843,4644
3843,5147
3843,5274
3843,5915
3843,5995
3843,6151
3843,6650
3843,7092
3843,7306
3844,568
3844,1327
3844,1501
3844,2198
3844,2510
3844,3171
3844,3364
3844,3594
3844,5510
3845,19
3845,142
3845,554
3845,1824
3845,2602
3845,3236
3845,3873
3845,4008
3845,4357
3845,4726
3845,5107
3845,7080
3846,4843
3847,1718
3847,2000
3847,3705
3847,4507
3847,4725
3847,7579
3848,1897
3848,5130
3849,143
3849,299
3849,1185
3849,1872
3849,3271
3849,4021
3849,4033
3849,4373
3849,4522
3849,6015
3849,6594
3849,6807
3850,1234
3850,1237
3850,2343
3850,2362
3850,2528
3850,4237
3850,5480
3850,7460
3851,3187
3851,4631
3851,4702
3852,3156
3852,4209
3852,4258
3852,4429
3852,6205
3852,6324
3852,6472
3852,6768
3852,7586
3852,7620
3853,929
3853,1577
3853,3321
3853,4922
3853,7499
3854,2586
3854,4952
3854,7395
3855,829
3855,864
3855,1188
3855,2355
3855,2511
3855,2834
3855,2879
3855,3595
3855,4376
3855,5787
3855,5912
3856,105
3856,269
3856,276
3856,403
3856,536
3856,966
3856,1517
3856,2015
3856,2229
3856,2447
3856,2871
3856,3278
3856,3585
3856,5343
3856,5412
3856,6020
3856,6177
3856,6187
3856,6382
3856,6627
3856,6746
3856,7042
3856,7179
3856,7221
3856,7293
3856,7297
3856,7328
3856,7364
3856,7430
3857,44
3857,1553
3857,1577
3857,3568
3857,7499
3858,1744
3858,1899
3858,2198
3858,6702
3858,7280
3859,319
3859,369
3859,633
3859,4184
3859,4522
3859,4578
3859,5799
3859,5979
3859,7464
3859,7551
3859,7607
3860,385
3860,1123
3860,1395
3860,2930
3860,3967
3861,220
3861,527
3861,1058
3861,2198
3861,3693
3862,1678
3862,2469
3862,5303
3863,2501
3863,2699
3863,3921
3863,4955
3863,5570
3863,6781
3863,6977
3864,1726
3864,3040
3864,4683
3864,6503
3864,6747
3865,586
3865,643
3865,1166
3865,2338
3865,2524
3865,2712
3865,3009
3865,3490
3865,3690
3865,3770
3865,3826
3865,4200
3865,4783
3865,5387
3866,178
3866,495
3866,583
3866,760
3866,1134
3866,1481
3866,1546
3866,1589
3866,1875
3866,1958
3866,1979
3866,2055
3866,2087
3866,2368
3866,2375
3866,2889
3866,3527
3866,3695
3866,3757
3866,3773
3866,3890
3866,3895
3866,3922
3866,3994
3866,4141
3866,4480
3866,5189
3866,5208
3866,5508
3866,6246
3866,6536
3866,6770
3866,7226
3866,7310
3866,7344
3867,1959
3867,3748
3867,4680
3867,4805
3867,4846
3867,5816
3867,5855
3867,6354
3867,7175
3868,2299
3868,4376
3868,4384
3868,4490
3868,6588
3868,7330
3869,2014
3869,2052
3869,6352
3869,6813
3869,7621
3870,881
3870,1725
3870,2113
3871,62
3871,1572
3871,1794
3871,1802
3871,1843
3871,2577
3871,2993
3871,3330
3871,3421
3871,3887
3871,5280
3871,5589
3871,5893
3871,5948
3871,6677
3871,6960
3871,7478
3871,7623
3872,168
3872,239
3872,791
3872,1072
3872,1869
3872,1951
3872,2308
3872,2550
3872,4193
3872,5134
3872,5826
3872,5946
3872,5970
3872,6072
3872,7237
3873,2109
3873,2456
3873,3845
3873,4647
3873,4980
3873,7126
3873,7460
3874,1054
3874,1504
3874,1751
3874,2098
3874,2419
3874,3006
3874,3324
3874,4666
3874,4704
3874,5448
3874,6046
3874,7124
3874,7241
3874,7470
3875,3231
3876,2198
3876,2913
3876,3105
3876,4388
3876,5903
3877,2094
3877,3608
3877,4690
3877,6346
3878,1133
3878,1261
3878,1289
3878,1361
3878,3430
3878,4716
3878,4805
3878,5845
3878,6369
3878,6740
3878,7234
3879,208
3879,219
3879,420
3879,595
3879,729
3879,1115
3879,1367
3879,1392
3879,1676
3879,1724
3879,1835
3879,1920
3879,3028
3879,3569
3879,4322
3879,4335
3879,4544
3879,4647
3879,4861
3879,4945
3879,5027
3879,5611
3879,6113
3879,6133
3879,6233
3879,6268
3879,7285
3880,2654
3880,2756
3880,3460
3880,3924
3880,4492
3880,6601
3880,6653
3880,7236
3881,557
3881,763
3881,965
3881,6645
3881,6653
3882,810
3882,1453
3882,2239
3882,3698
3882,4091
3882,5316
3882,5415
3883,1388
3883,1891
3883,4094
3883,5771
3883,5912
3883,6058
3884,1681
3884,4969
3884,5043
3884,5656
3884,7237
3885,1640
3885,2837
3885,3788
3885,3801
3885,4379
3885,4896
3885,5135
3885,6948
3885,7126
3886,835
3887,1013
3887,1225
3887,1339
3887,1426
3887,1566
3887,2857
3887,2993
3887,3162
3887,4194
3887,5404
3887,5781
3887,6581
3887,7467
3888,106
3888,834
3888,964
3888,1215
3888,1379
3888,1725
3888,3080
3888,5997
3888,7298
3889,305
3889,1872
3889,5296
3889,5474
3889,6384
3889,7020
3889,7293
3889,7298
3889,7467
3890,597
3890,1453
3890,1546
3890,2993
3890,3578
3890,4037
3890,6211
3890,7067
3890,7310
3891,143
3891,305
3891,456
3891,930
3891,2011
3891,2586
3891,2663
3891,2738
3891,3698
3891,4039
3891,4904
3891,4940
3891,5562
3891,5984
3891,6588
3891,6620
3891,7032
3892,557
3892,580
3892,995
3892,1664
3892,2382
3892,2757
3892,3924
3892,5686
3892,6278
3892,6623
3892,7565
3893,3946
3893,4522
3893,5050
3893,5324
3893,5469
3894,384
3894,560
3894,889
3894,891
3894,912
3894,1386
3894,1812
3894,1992
3894,2126
3894,2283
3894,2932
3894,5210
3894,5605
3895,18
3895,123
3895,185
3895,321
3895,542
3895,657
3895,715
3895,718
3895,831
3895,989
3895,1070
3895,1076
3895,1094
3895,1137
3895,1268
3895,1368
3895,1406
3895,1621
3895,1871
3895,2017
3895,2058
3895,2113
3895,2479
3895,2531
3895,2595
3895,2676
3895,2679
3895,2719
3895,2808
3895,3077
3895,3312
3895,3382
3895,3398
3895,3406
3895,3502
3895,3757
3895,3796
3895,3861
3895,3866
3895,3882
3895,3950
3895,4003
3895,4006
3895,4168
3895,4216
3895,4233
3895,4369
3895,4408
3895,4493
3895,4672
3895,4801
3895,4851
3895,4865
3895,4879
3895,4890
3895,4904
3895,5010
3895,5012
3895,5080
3895,5098
3895,5212
3895,5323
3895,5541
3895,5575
3895,5639
3895,5714
3895,5941
3895,6030
3895,6086
3895,6184
3895,6202
3895,6272
3895,6276
3895,6507
3895,6540
3895,6706
3895,6803
3895,6848
3895,6954
3895,6961
3895,7018
3895,7079
3895,7171
3895,7239
3895,7487
3895,7521
3895,7553
3896,713
3896,1749
3896,2216
3896,2653
3896,2817
3896,3976
3896,4609
3896,6009
3896,6630
3896,6824
3896,7270
3896,7517
3897,294
3897,369
3897,4074
3897,4782
3897,6077
3897,6414
3897,6492
3898,1293
3898,2194
3898,2377
3898,3408
3898,3748
3899,25
3899,702
3899,925
3899,2787
3899,3325
3899,6940
3900,7037
3901,373
3901,1984
3901,2875
3901,7455
3902,360
3902,1176
3902,2856
3902,3524
3902,4878
3902,5400
3902,6418
3902,6957
3902,7442
3903,581
3903,1131
3903,1587
3903,1772
3903,3391
3903,3892
3903,3997
3903,4008
3903,4351
3903,4567
3903,6712
3903,6874
3903,7504
3904,398
3904,653
3904,1637
3904,1892
3904,1944
3904,2067
3904,2352
3904,2845
3904,3441
3904,3500
3904,3584
3904,4487
3904,4498
3904,4968
3904,5383
3904,6103
3904,6288
3904,7033
3904,7214
3904,7462
3905,256
3905,439
3905,656
3905,1649
3905,1903
3905,3127
3905,3447
3905,5927
3905,7631
3906,5088
3906,5337
3906,6147
3907,728
3907,2910
3907,3665
3907,5175
3908,1487
3908,1903
3908,3361
3908,4645
3908,6138
3909,2198
3909,5404
3909,5881
3909,6702
3909,7346
3910,593
3910,2239
3910,3359
3910,5412
3910,6551
3910,7290
3910,7551
3911,707
3911,4691
3911,6198
3911,7441
3912,449
3912,568
3912,2198
3912,2239
3912,3070
3912,3594
3912,4706
3912,5039
3912,6890
3913,1934
3913,2198
3913,3313
3913,3368
3913,4308
3913,7579
3914,133
3914,406
3914,1252
3914,1693
3914,2495
3914,4122
3914,4387
3914,5839
3914,6472
3915,237
3915,520
3915,656
3915,1995
3915,5361
3915,6355
3916,72
3916,1962
3916,2220
3916,2795
3916,2804
3916,4033
3916,5343
3916,5496
3916,6015
3916,6696
3917,1201
3917,1635
3917,2203
3917,2747
3917,2936
3917,3522
3917,3660
3917,4550
3917,4749
3917,5353
3917,5443
3917,7148
3917,7381
3918,1429
3918,1442
3919,1124
3919,2710
3919,3231
3920,614
3920,1810
3920,2529
3920,2893
3920,4596
3920,5917
3920,6036
3920,7370
3921,3200
3921,3863
3921,4364
3921,4597
3921,5900
3921,6529
3921,7089
3922,336
3922,461
3922,501
3922,1795
3922,3480
3922,3773
3922,4073
3923,419
3923,2117
3923,2819
3923,3657
3923,4217
3923,5061
3923,6983
3924,563
3924,794
3924,999
3924,1308
3924,1818
3924,2341
3924,2382
3924,3151
3924,3619
3924,4077
3924,4171
3924,4280
3924,4599
3924,4612
3924,5094
3924,5266
3924,5757
3924,6125
3924,6587
3924,6653
3924,6753
3924,7504
3925,1377
3925,1494
3925,1802
3925,2198
3925,3098
3925,3203
3925,3578
3925,5378
3925,6098
3925,6522
3925,6565
3925,7067
3925,7222
3926,795
3926,1427
3926,2377
3926,3066
3926,4083
3926,7525
3926,7535
3926,7607
3927,2198
3927,2239
3927,3359
3927,3895
3927,4707
3927,5943
3928,485
3928,1714
3928,1930
3928,3600
3928,3802
3928,3835
3928,4103
3928,5360
3928,5498
3928,6730
3929,3606
3929,4248
3929,5048
3929,5070
3930,4049
3930,4376
3930,6551
3931,167
3931,1280
3931,2198
3931,2286
3931,2363
3931,3152
3931,3856
3931,4479
3933,2061
3934,1503
3934,2121
3934,2436
3934,3229
3934,3495
3934,4108
3934,5137
3934,7433
3935,3200
3935,4929
3935,7199
3936,2988
3937,250
3937,3240
3937,5078
3937,5765
3937,7588
3938,855
3939,255
3939,968
3939,1003
3939,1021
3939,1237
3939,2528
3939,4497
3939,5163
3939,5279
3939,7544
3940,378
3940,1313
3940,1332
3940,1613
3940,1694
3940,3652
3940,6919
3940,7515
3940,7642
3941,2757
3941,4143
3941,4280
3941,4673
3941,5968
3941,6125
3941,6874
3941,7432
3942,66
3942,101
3942,2583
3942,3295
3942,5458
3942,5680
3942,6223
3943,406
3943,594
3943,929
3943,1473
3943,1571
3943,1576
3943,1779
3943,2278
3943,2841
3943,4011
3943,4119
3943,4132
3943,5055
3943,6011
3943,7533
3943,7625
3944,73
3944,551
3944,1563
3944,1831
3944,2450
3944,4141
3944,4427
3945,271
3945,286
3945,623
3945,2141
3945,4377
3945,5244
3946,285
3946,736
3946,1752
3946,3138
3946,3683
3946,3893
3946,5214
3946,5495
3946,5518
3946,6381
3946,7247
3947,369
3947,522
3947,1899
3947,4352
3947,4792
3947,6291
3947,6381
3947,7164
3947,7464
3948,1293
3948,2339
3948,4096
3948,4384
3948,5350
3948,5714
3948,7101
3948,7252
3949,101
3949,1556
3949,3442
3949,3669
3949,4305
3949,4935
3949,4994
3949,5172
3949,5817
3949,5872
3949,6181
3949,6554
3949,6583
3949,6621
3949,6957
3949,7287
3949,7538
3950,1406
3950,4054
3950,4384
3950,5881
3950,6017
3951,1402
3951,2598
3951,3132
3951,5797
3951,6016
3951,6024
3951,6702
3951,6930
3951,6968
3952,251
3952,1032
3952,1745
3952,1764
3952,3521
3952,4178
3952,4320
3952,4757
3952,7576
3953,46
3953,193
3953,894
3953,1010
3953,1788
3953,2496
3953,2702
3953,3303
3953,3624
3953,3647
3953,3833
3953,3975
3953,4260
3953,4646
3953,6109
3953,6120
3953,6583
3953,7260
3953,7316
3954,795
3954,903
3954,4184
3954,4286
3954,4384
3954,6702
3954,7330
3955,3292
3955,3603
3955,5913
3955,7205
3956,395
3956,764
3956,1560
3956,2585
3956,3778
3956,3783
3956,4451
3956,4501
3956,6048
3956,6748
3956,6896
3956,6916
3957,2473
3957,3046
3957,3222
3957,5894
3957,7025
3958,85
3958,475
3958,735
3958,1663
3958,1798
3958,1898
3958,2711
3958,2725
3958,5799
3958,7599
3959,551
3959,1843
3959,2007
3959,2729
3959,2894
3959,2993
3959,3421
3959,3970
3959,4394
3959,5080
3959,5098
3959,6560
3959,6951
3959,7269
3959,7480
3960,791
3960,1681
3960,1933
3960,2550
3960,2705
3960,3729
3960,5057
3960,5337
3960,5519
3960,5617
3960,6147
3961,1900
3961,2953
3961,3283
3961,4105
3961,5619
3962,1317
3962,2198
3962,3725
3962,6474
3962,6512
3963,932
3963,4237
3963,5439
3964,971
3964,1084
3964,1568
3964,2581
3964,4116
3964,4593
3964,4653
3964,4747
3964,4989
3964,5063
3964,6243
3964,6481
3964,6569
3964,7130
3964,7135
3964,7312
3965,5996
3965,6115
3965,7067
3965,7401
3966,471
3966,5864
3966,6079
3966,6683
3966,7589
3967,31
3967,3860
3967,7095
3967,7575
3967,7611
3967,7620
3968,588
3968,5631
3969,296
3969,1078
3969,1174
3969,1401
3969,1454
3969,1981
3969,3763
3969,4407
3969,4959
3969,5654
3969,7550
3969,7596
3970,85
3970,810
3970,1293
3970,2106
3970,2198
3970,3183
3970,6760
3971,1200
3971,2178
3971,2429
3971,4299
3971,4374
3971,4652
3971,5579
3971,5900
3971,6248
3971,6809
3971,6862
3971,7185
3971,7199
3972,239
3972,2560
3972,2680
3972,2840
3972,3463
3972,3642
3972,7063
3972,7475
3973,2239
3973,3152
3973,4952
3973,5707
3973,7395
3974,593
3974,1805
3974,3440
3974,6673
3975,2379
3975,3352
3975,3676
3975,3833
3975,4209
3975,4961
3975,6169
3975,7041
3975,7205
3976,1749
3976,1783
3976,3896
3976,7517
3977,330
3977,1116
3977,1126
3977,1677
3977,2082
3977,2865
3977,3668
3977,5792
3977,7303
3978,49
3978,212
3978,571
3978,1919
3978,1922
3978,1967
3978,2234
3978,2363
3978,3827
3979,384
3979,560
3979,1386
3979,1812
3979,2126
3979,2373
3979,4926
3979,5605
3980,4325
3980,6300
3981,545
3981,5725
3981,6005
3981,6241
3982,784
3982,1932
3982,7045
3982,7446
3983,48
3983,411
3983,593
3983,875
3983,1603
3983,2239
3983,2820
3983,3194
3983,3578
3983,5474
3983,6078
3983,6176
3983,7357
3984,2449
3984,4244
3984,5072
3984,5230
3985,2198
3985,2239
3985,2423
3985,2945
3985,2965
3985,3786
3985,4067
3985,4164
3985,5176
3985,6408
3985,6922
3986,102
3986,1490
3986,2061
3986,3639
3986,5570
3986,6471
3986,7199
3987,732
3987,1711
3987,1746
3987,1899
3987,2239
3987,3623
3987,5372
3987,6921
3987,7395
3987,7607
3988,17
3988,29
3988,740
3988,1177
3988,2837
3988,4088
3988,4146
3988,5184
3988,5421
3988,5827
3988,6453
3988,6635
3988,6860
3989,151
3989,1773
3989,2041
3989,2316
3989,2686
3989,3725
3989,4456
3989,5063
3989,5338
3989,5857
3989,6336
3989,7221
3990,1245
3990,1794
3990,2024
3990,2062
3990,2145
3990,2454
3990,3194
3990,4054
3990,5216
3990,5368
3990,6547
3991,526
3991,2111
3991,4805
3992,10
3992,1264
3992,1881
3992,3678
3992,3820
3992,4723
3992,7348
3992,7458
3993,1500
3993,2074
3993,2316
3993,2539
3993,3186
3993,3343
3993,4698
3993,5913
3993,6337
3994,766
3994,1337
3994,3578
3994,3866
3995,241
3995,650
3995,1534
3995,1924
3995,4239
3995,4621
3995,4691
3995,6241
3996,5351
3996,7369
3997,342
3997,1845
3997,2382
3997,2426
3997,6653
3997,6712
3997,6753
3997,7157
3997,7565
3998,515
3998,3004
3998,4687
3998,7492
3999,85
3999,3606
3999,4164
3999,5404
3999,6693
4000,37
4000,209
4000,734
4000,1043
4000,1068
4000,1989
4000,2437
4000,2976
4000,3094
4000,3396
4000,4104
4000,4130
4000,4920
4000,5656
4000,5861
4000,6768
4000,6814
4000,7178
4001,1280
4001,2447
4001,3856
4001,4854
4001,5114
4001,5708
4002,941
4002,3244
4002,3437
4002,6808
4002,7217
4002,7641
4003,1058
4003,1453
4003,2198
4003,3895
4003,4376
4003,5404
4003,6936
4004,561
4004,1223
4004,2983
4004,3399
4004,4663
4004,5751
4005,64
4005,2168
4005,2318
4005,2534
4005,3135
4005,3214
4005,3511
4005,6221
4005,6524
4005,6988
4005,7449
4005,7472
4006,593
4006,629
4006,1064
4006,1418
4006,1722
4006,2145
4006,2626
4006,4569
4006,4719
4006,6301
4006,6898
4007,3533
4007,4209
4007,6360
4008,737
4008,794
4008,1587
4008,1818
4008,2240
4008,2382
4008,2756
4008,3391
4008,4280
4008,4351
4008,4357
4008,4426
4008,4612
4008,5094
4008,5757
4008,6088
4008,6199
4009,990
4009,2093
4009,2589
4009,2624
4009,3827
4009,4602
4009,6110
4009,7000
4011,354
4011,799
4011,1968
4011,2185
4011,2580
4011,3338
4011,3402
4011,5073
4011,6863
4012,593
4012,1899
4012,7353
4012,7607
4013,1899
4013,2556
4013,2778
4013,4345
4013,6343
4013,7283
4014,6201
4014,7064
4015,20
4015,3042
4015,4479
4015,4701
4015,5445
4015,6545
4015,7190
4016,276
4016,2239
4016,2973
4016,5056
4016,6746
4017,1254
4017,1453
4017,3459
4017,4071
4017,4384
4017,4952
4017,5404
4018,140
4018,1398
4018,1451
4018,2178
4018,2429
4018,4597
4018,4815
4018,4929
4018,6326
4018,6809
4018,6862
4018,7439
4019,46
4019,918
4019,1109
4019,1454
4019,2293
4019,2764
4019,3828
4019,4103
4019,4428
4019,5910
4019,7068
4020,66
4020,1035
4020,3953
4020,4235
4020,4961
4020,5047
4020,5093
4020,5260
4020,5821
4020,7081
4020,7117
4021,305
4021,306
4021,3578
4021,6756
4021,7072
4022,5085
4023,243
4023,366
4023,392
4023,1018
4023,1447
4023,1513
4023,1805
4023,2279
4023,3782
4023,4350
4023,5404
4023,6707
4023,6787
4023,6978
4023,7339
4023,7477
4023,7577
4024,265
4024,2263
4024,3478
4024,4781
4024,5042
4024,5660
4024,6669
4025,1010
4025,2585
4025,2840
4025,2912
4025,3327
4025,3354
4025,3622
4025,4346
4025,5671
4025,6299
4025,6674
4025,6845
4026,1191
4026,2239
4026,2287
4026,3152
4026,3667
4026,4417
4027,436
4027,1239
4027,3557
4027,4314
4027,4482
4027,5907
4027,6328
4028,593
4028,3578
4028,3718
4028,5404
4028,6098
4028,6354
4029,40
4029,1379
4029,1409
4029,1725
4029,4259
4029,4569
4029,5132
4029,5396
4029,5474
4029,7298
4029,7589
4030,1755
4030,2865
4030,3728
4031,262
4031,490
4031,1185
4031,1245
4031,2438
4031,3339
4031,4373
4031,4735
4031,5181
4031,6210
4031,6379
4031,7020
4031,7602
4032,2174
4032,3137
4033,72
4033,105
4033,262
4033,1139
4033,1280
4033,1353
4033,1627
4033,1666
4033,1777
4033,2952
4033,2960
4033,2969
4033,2997
4033,3035
4033,3054
4033,3139
4033,3174
4033,3224
4033,3579
4033,3685
4033,4959
4033,5254
4033,5321
4033,5461
4033,5930
4033,6338
4033,7377
4033,7391
4034,661
4034,1766
4034,3528
4034,4666
4034,5726
4034,5828
4035,491
4035,1411
4035,1564
4035,2046
4035,2250
4035,3536
4035,4363
4035,5161
4036,416
4036,594
4036,624
4036,1071
4036,1387
4036,2029
4036,2276
4036,3228
4036,5096
4036,5149
4036,6375
4036,6863
4036,7466
4036,7533
4037,939
4037,2028
4037,2676
4037,2967
4037,4764
4037,5201
4037,5309
4037,5464
4037,5507
4037,5749
4037,6235
4037,7171
4037,7222
4037,7370
4037,7478
4037,7623
4038,787
4038,1732
4038,1969
4038,2861
4038,4264
4038,4666
4038,5849
4038,5906
4038,6552
4039,92
4039,149
4039,456
4039,4302
4039,4422
4039,4522
4039,4578
4039,5415
4040,430
4040,2524
4040,2863
4040,4043
4040,5912
4040,6386
4040,6724
4040,6914
4041,911
4041,1239
4041,1521
4041,1999
4041,3277
4041,5534
4041,6538
4041,7395
4042,495
4042,587
4042,956
4042,2258
4042,2418
4042,4040
4042,5455
4042,6098
4042,6856
4043,4040
4043,4503
4043,7142
4044,456
4044,1470
4044,6702
4046,506
4046,1296
4046,2299
4046,6003
4046,6740
4046,7067
4047,3399
4047,6106
4047,6788
4047,7598
4048,324
4048,828
4048,1648
4048,2260
4048,3714
4048,4496
4048,4960
4048,5164
4048,5978
4048,6842
4048,7086
4048,7255
4049,762
4049,1782
4049,1961
4049,2086
4049,3171
4049,3930
4049,4174
4049,5993
4050,2325
4050,3506
4050,3821
4050,6920
4051,765
4051,1010
4051,2316
4051,2606
4051,2702
4051,2709
4051,2748
4051,4239
4051,4323
4051,5310
4051,5337
4051,6674
4051,6910
4051,6957
4052,825
4052,1694
4052,1742
4052,1799
4052,2737
4052,4515
4052,4575
4052,4901
4052,5242
4053,3244
4053,6201
4054,152
4054,583
4054,625
4054,718
4054,1030
4054,1069
4054,1094
4054,1258
4054,1990
4054,2664
4054,3785
4054,4109
4054,4764
4054,4902
4054,5665
4054,6027
4054,6309
4054,6420
4054,6892
4054,7007
4054,7486
4055,305
4055,3042
4055,5397
4056,1583
4056,2446
4056,3565
4056,3825
4056,4375
4056,4758
4056,6164
4056,6520
4057,593
4057,1291
4057,2536
4057,3510
4057,4376
4057,4680
4058,668
4058,2497
4058,3409
4058,7051
4059,396
4059,1369
4059,1837
4059,2278
4059,2466
4059,7199
4059,7466
4060,2943
4060,3366
4060,3375
4060,7037
4061,93
4061,2473
4061,2891
4061,5985
4061,7031
4061,7482
4062,1058
4062,1289
4062,1511
4062,1999
4062,2198
4062,2225
4062,2450
4062,4879
4062,5801
4062,5948
4062,7280
4063,1574
4063,3841
4063,4437
4063,4690
4063,4841
4063,5676
4063,5767
4063,5919
4063,6869
4063,7123
4063,7168
4063,7495
4064,3140
4065,2748
4065,6109
4065,7041
4065,7485
4066,631
4066,1601
4066,2111
4066,2288
4066,3989
4066,4189
4066,4762
4067,448
4067,460
4067,655
4067,713
4067,793
4067,1063
4067,1185
4067,1196
4067,1284
4067,1582
4067,1624
4067,1642
4067,2172
4067,2186
4067,2273
4067,2279
4067,2402
4067,2423
4067,2703
4067,2783
4067,2855
4067,3062
4067,3183
4067,3209
4067,3455
4067,3520
4067,3527
4067,3539
4067,3641
4067,3827
4067,3898
4067,4069
4067,4153
4067,4408
4067,4502
4067,4525
4067,4543
4067,4622
4067,5375
4067,5798
4067,6430
4067,6538
4067,6699
4067,6705
4067,7163
4067,7459
4068,66
4068,978
4068,1251
4068,5047
4068,5414
4068,7145
4069,225
4069,352
4069,1196
4069,1922
4069,2092
4069,2279
4069,3083
4069,5170
4069,5918
4070,189
4070,1531
4070,2147
4070,5045
4070,5602
4070,6670
4070,6765
4071,2129
4071,2772
4071,3854
4071,5258
4071,5881
4071,6021
4071,6039
4071,6183
4071,6968
4071,7577
4071,7619
4072,1785
4072,2892
4072,2953
4072,4105
4072,5117
4073,723
4073,2372
4073,2532
4073,2985
4073,3509
4073,3922
4073,5150
4073,5729
4074,534
4074,963
4074,2340
4074,2432
4074,3897
4074,4164
4074,4350
4074,4774
4074,5160
4074,5961
4074,5966
4074,6669
4074,7464
4074,7568
4075,3143
4075,4088
4075,5973
4075,6206
4075,7198
4076,551
4076,839
4076,881
4076,5404
4076,5464
4076,7330
4077,554
4077,557
4077,1656
4077,2756
4077,3997
4078,462
4078,548
4078,3336
4078,3824
4078,4118
4078,4136
4078,4507
4078,5422
4078,7579
4079,1307
4079,1890
4079,1968
4079,2069
4079,3200
4079,4229
4079,5096
4079,5477
4079,5956
4079,6903
4079,7138
4080,260
4080,553
4080,607
4080,1133
4080,1278
4080,1544
4080,1610
4080,1690
4080,1778
4080,1991
4080,2207
4080,2520
4080,3196
4080,3734
4080,3948
4080,4469
4080,4697
4080,5048
4080,6075
4080,6236
4080,6574
4080,6738
4080,7008
4080,7254
4080,7448
4081,1683
4081,4411
4081,4663
4082,419
4082,1024
4082,1197
4082,1236
4082,2117
4082,2685
4082,4345
4082,4650
4082,5133
4082,5932
4082,6289
4082,6759
4082,6983
4083,2290
4083,3602
4083,4049
4083,6618
4084,100
4084,155
4084,1442
4084,2199
4084,3004
4084,3800
4084,4368
4084,4378
4084,4454
4084,4577
4084,6766
4085,2000
4085,4118
4085,4725
4086,2198
4086,2770
4086,4864
4086,4983
4086,5048
4086,5538
4086,5865
4086,6484
4086,7537
4087,615
4087,3759
4087,5419
4087,5523
4087,5793
4087,5884
4087,6652
4088,29
4088,709
4088,884
4088,4149
4088,4214
4088,4379
4088,4925
4088,5973
4088,6290
4088,6561
4088,6671
4088,7037
4088,7257
4089,2702
4089,3497
4089,3833
4089,4020
4089,4449
4089,4963
4089,6109
4089,6300
4089,6583
4090,1268
4090,1959
4090,4827
4090,4952
4090,5352
4090,5612
4090,6933
4090,7320
4091,762
4091,2239
4091,3394
4091,3882
4091,4803
4091,4806
4091,5452
4091,5629
4091,6236
4092,305
4092,4015
4092,5445
4092,6078
4093,932
4093,2168
4093,2413
4093,4208
4093,7220
4094,156
4094,829
4094,1001
4094,1650
4094,1832
4094,3031
4094,3407
4094,3793
4094,3855
4094,4617
4094,4654
4094,4973
4094,5456
4094,5771
4094,5787
4094,5796
4094,6071
4094,6339
4094,6542
4094,6724
4094,6744
4094,7084
4095,14
4095,69
4095,766
4095,2553
4095,3748
4095,4128
4095,6409
4095,6678
4095,6877
4096,1453
4096,2911
4096,3408
4096,3948
4096,3996
4096,4384
4096,5816
4096,5961
4096,7582
4097,198
4097,304
4097,551
4097,793
4097,1245
4097,2332
4097,2701
4097,3037
4097,3503
4097,4523
4097,5464
4097,7330
4098,40
4098,2438
4098,3339
4098,5368
4098,6389
4098,7032
4099,206
4099,2022
4099,2139
4099,2503
4099,4911
4099,5681
4099,6559
4099,7645
4100,2286
4100,2973
4100,3512
4100,3916
4100,5018
4100,5437
4100,5843
4100,5963
4100,6414
4100,7392
4101,458
4101,797
4101,983
4101,1073
4101,1233
4101,3526
4101,4254
4101,6712
4102,2380
4102,4670
4102,5197
4103,1045
4103,1253
4103,1633
4103,2561
4103,2771
4103,3928
4103,4019
4103,4390
4103,4436
4103,5191
4103,6572
4103,6593
4103,6629
4103,6722
4103,6807
4104,12
4104,681
4104,1440
4104,2976
4104,3175
4104,3603
4104,4000
4104,4235
4104,4471
4104,4850
4104,4997
4104,5533
4104,5582
4104,5684
4104,5720
4104,6025
4104,6324
4104,7178
4105,335
4105,1785
4105,1900
4105,3961
4105,4072
4105,5117
4105,5711
4106,1952
4106,2078
4106,3205
4106,3437
4106,3949
4106,5331
4106,6117
4106,6349
4106,7245
4106,7485
4107,3791
4108,148
4108,3934
4108,5624
4108,6517
4108,6656
4109,1069
4109,1453
4109,4037
4109,4086
4110,1567
4110,2196
4110,4896
4110,6130
4110,6423
4111,2198
4111,2239
4111,2484
4111,2614
4111,3152
4111,4768
4111,5372
4112,557
4112,1679
4112,2604
4112,2757
4112,4143
4112,4354
4112,7565
4113,552
4113,2198
4113,4570
4113,5048
4113,5649
4113,6576
4113,6805
4113,7369
4114,369
4114,1167
4114,1296
4114,1798
4114,5816
4114,7003
4115,225
4115,283
4115,600
4115,1472
4115,2026
4115,2111
4115,3457
4115,3633
4115,4805
4115,5115
4115,5170
4116,203
4116,360
4116,438
4116,526
4116,684
4116,971
4116,1019
4116,1183
4116,1269
4116,1382
4116,1484
4116,1769
4116,2356
4116,2359
4116,2363
4116,2493
4116,2589
4116,2633
4116,2706
4116,2800
4116,2904
4116,2917
4116,3962
4116,4679
4116,4989
4116,5002
4116,5064
4116,5240
4116,5335
4116,5445
4116,5453
4116,5460
4116,5819
4116,5836
4116,6009
4116,6446
4116,7000
4116,7048
4116,7300
4116,7312
4116,7493
4116,7560
4117,444
4117,2491
4117,3180
4117,4411
4117,4494
4117,4711
4117,4873
4117,6488
4118,86
4118,429
4118,769
4118,2162
4118,2583
4118,3233
4118,3368
4118,3913
4118,4078
4118,4085
4118,4507
4118,4555
4118,5400
4118,6516
4118,6544
4119,44
4119,68
4119,348
4119,546
4119,574
4119,929
4119,1154
4119,1369
4119,1387
4119,1462
4119,1571
4119,1602
4119,2403
4119,3029
4119,3286
4119,3517
4119,4011
4119,4331
4119,4359
4119,4389
4119,4627
4119,4841
4119,5055
4119,5193
4119,6375
4119,6949
4119,7152
4119,7350
4120,1790
4120,2425
4120,4160
4120,4805
4121,333
4121,1132
4121,1181
4121,1362
4121,1653
4121,2162
4121,3485
4121,3599
4121,3793
4121,3981
4121,4172
4121,4621
4121,5814
4121,6283
4121,6481
4121,6744
4122,671
4122,703
4122,2303
4122,3914
4123,1223
4123,3211
4123,4487
4123,6106
4124,1141
4124,3075
4124,4222
4124,4439
4124,4643
4124,4888
4124,6008
4124,7115
4125,342
4125,1079
4125,1772
4125,2443
4125,2756
4125,3391
4125,4567
4125,4899
4125,5019
4125,7314
4126,247
4126,337
4126,935
4126,2255
4126,3263
4126,3315
4126,3843
4126,5147
4126,5600
4126,6525
4126,6891
4126,7306
4127,258
4127,366
4127,1028
4127,1569
4127,1752
4127,2649
4127,3720
4128,1058
4128,2239
4128,3748
4128,4095
4128,7582
4130,117
4130,3396
4130,4291
4131,3562
4132,304
4132,624
4132,799
4132,1201
4132,1366
4132,1968
4132,4139
4132,6498
4132,6863
4132,6938
4133,935
4133,1460
4133,1471
4133,1636
4133,2591
4133,3315
4133,3806
4133,4265
4133,5995
4133,6213
4133,6255
4133,6687
4133,7092
4134,437
4134,979
4134,2167
4134,2942
4134,3639
4134,3696
4134,3790
4134,4374
4134,5516
4134,6150
4134,6167
4134,6248
4134,6326
4134,6820
4134,7199
4134,7439
4135,361
4135,873
4135,1998
4135,4520
4136,621
4136,1372
4136,3336
4136,3847
4136,4824
4136,5253
4136,6836
4136,7576
4136,7583
4137,2083
4137,2473
4137,4068
4137,5122
4137,5337
4137,5414
4137,5802
4137,7622
4138,5367
4139,348
4139,1201
4139,1203
4139,2858
4139,3338
4139,4132
4139,5055
4139,5073
4139,6375
4139,6883
4140,7269
4140,7608
4141,2586
4141,4952
4141,5305
4141,5375
4141,5561
4141,6828
4141,7196
4142,316
4142,328
4142,801
4142,1391
4142,1685
4142,1849
4142,5448
4143,4
4143,580
4143,741
4143,995
4143,1308
4143,1488
4143,1664
4143,1920
4143,1982
4143,2443
4143,2654
4143,3619
4143,3892
4143,3903
4143,4112
4143,4599
4143,4612
4143,5030
4143,5587
4143,5627
4143,6111
4143,7236
4143,7314
4144,409
4144,1124
4144,1920
4144,2181
4144,2720
4144,4896
4144,4950
4144,6231
4144,6550
4144,7098
4144,7126
4145,187
4145,314
4145,1247
4145,1311
4145,4925
4145,5793
4145,6290
4145,6806
4146,1791
4146,5053
4146,5237
4146,6094
4147,266
4147,3428
4147,4376
4147,5070
4147,5931
4148,2049
4148,3005
4149,131
4149,708
4149,1446
4149,1487
4149,2674
4149,2792
4149,3210
4149,4287
4149,4620
4149,4993
4149,5256
4149,5267
4149,5591
4149,6094
4149,6207
4149,7208
4149,7257
4149,7342
4150,941
4150,2293
4150,4689
4150,4961
4151,943
4151,3393
4151,4353
4151,5896
4151,6609
4151,7383
4151,7463
4152,644
4152,851
4152,931
4152,1930
4152,1981
4152,2973
4152,3310
4152,3335
4152,3928
4152,5360
4152,6450
4153,8
4153,521
4153,583
4153,1263
4153,1287
4153,1716
4153,1910
4153,1922
4153,2047
4153,2809
4153,2893
4153,2999
4153,3062
4153,3209
4153,3650
4153,4177
4153,5120
4153,5373
4153,5851
4153,5917
4153,6036
4153,6070
4153,6677
4153,6713
4153,7569
4154,389
4154,411
4154,766
4154,875
4154,1098
4154,1105
4154,2062
4154,2820
4154,5289
4154,5474
4154,6210
4154,7290
4154,7298
4155,726
4155,2239
4155,3861
4155,4608
4155,5404
4155,7046
4156,469
4156,2060
4156,2381
4156,3373
4156,4243
4156,4946
4156,6077
4156,6887
4157,839
4157,942
4157,2013
4157,2106
4157,2553
4157,3734
4157,4350
4157,5881
4157,6882
4157,7105
4157,7231
4158,869
4158,951
4158,3347
4158,3444
4159,582
4159,3152
4160,1730
4160,1790
4160,2287
4160,2704
4160,3331
4160,3578
4160,4573
4160,5559
4161,258
4161,633
4161,1993
4161,2336
4161,2618
4161,3623
4161,4156
4161,6669
4161,6707
4161,7085
4162,1798
4162,2239
4162,5641
4162,6551
4163,137
4163,305
4163,5305
4163,5614
4163,6078
4163,6411
4164,33
4164,98
4164,109
4164,170
4164,233
4164,553
4164,711
4164,717
4164,780
4164,810
4164,854
4164,869
4164,951
4164,1081
4164,1105
4164,1167
4164,1254
4164,1266
4164,1491
4164,1698
4164,1898
4164,2048
4164,2108
4164,2657
4164,2772
4164,2848
4164,3245
4164,3289
4164,3462
4164,3546
4164,3616
4164,4028
4164,4128
4164,4253
4164,4483
4164,4510
4164,5049
4164,5365
4164,5463
4164,5507
4164,5577
4164,5612
4164,5945
4164,5952
4164,6073
4164,6327
4164,6413
4164,6492
4164,6576
4164,6758
4164,7277
4164,7471
4164,7481
4166,594
4166,635
4166,929
4166,1971
4166,2580
4166,3254
4166,3390
4166,4132
4166,4998
4166,5073
4166,7148
4167,542
4167,1784
4167,1968
4167,3357
4167,4369
4167,6802
4167,7487
4168,73
4168,305
4168,551
4168,3895
4168,5772
4168,6411
4169,7620
4170,70
4170,1650
4170,5506
4170,5550
4171,737
4171,995
4171,2757
4171,3924
4171,4008
4171,4143
4171,4280
4171,5686
4171,6088
4171,6653
4171,7504
4172,525
4172,1230
4172,2545
4172,2613
4172,2705
4172,3599
4172,3645
4172,3740
4172,4488
4172,4750
4172,5076
4172,5814
4172,5890
4172,6356
4172,6905
4172,6908
4172,6999
4172,7332
4173,834
4173,970
4173,1347
4173,2831
4173,3013
4173,4991
4173,6563
4173,6630
4173,6947
4173,7374
4173,7409
4173,7503
4174,509
4174,1218
4174,1961
4174,3744
4174,3854
4174,5654
4174,5999
4174,6259
4174,6301
4174,7395
4174,7474
4174,7599
4175,323
4175,842
4175,1694
4175,2050
4175,2503
4175,3797
4175,4052
4175,4515
4175,5005
4175,6018
4175,7642
4176,593
4176,1744
4176,3353
4176,4578
4176,4588
4176,5903
4176,6414
4176,6692
4176,6702
4177,85
4177,3559
4177,3718
4177,4398
4177,5704
4177,6412
4177,6794
4177,7369
4178,331
4178,585
4178,1669
4178,1764
4178,3141
4178,3631
4178,3952
4178,6967
4178,7576
4179,4411
4180,3604
4181,420
4181,871
4181,1324
4181,3997
4181,4351
4181,4789
4181,5361
4181,5380
4181,6006
4181,7451
4182,456
4182,1058
4182,3063
4182,3080
4182,4184
4182,4768
4182,6406
4183,2
4183,544
4183,980
4183,5986
4183,7590
4184,152
4184,1456
4184,1582
4184,1711
4184,1840
4184,1945
4184,2661
4184,3251
4184,3859
4184,3954
4184,4023
4184,4376
4184,4453
4184,4595
4184,4782
4184,4803
4184,4871
4184,5278
4184,5463
4184,6537
4184,6906
4184,7320
4184,7369
4185,336
4185,461
4185,495
4185,1030
4185,1062
4185,1682
4185,1958
4185,2358
4185,2425
4185,3701
4185,3887
4185,5652
4185,6098
4185,6211
4185,7597
4186,161
4186,1066
4186,1486
4186,1707
4186,2113
4186,2626
4186,2964
4186,3339
4186,3643
4186,3726
4186,4797
4186,4940
4186,4987
4186,5022
4186,6588
4186,6878
4186,7445
4187,3802
4188,1796
4188,1899
4188,2553
4188,4164
4188,5042
4188,5139
4188,5404
4188,7097
4188,7535
4189,88
4189,336
4189,1052
4189,1181
4189,2570
4189,2897
4189,3005
4189,4400
4189,4451
4189,4577
4189,6748
4189,6896
4190,3284
4190,4384
4190,5816
4190,6551
4191,1223
4191,1292
4191,2073
4191,2444
4191,3479
4191,4252
4191,4411
4191,4524
4191,5228
4191,5896
4191,5908
4191,7531
4192,414
4192,1632
4192,1839
4192,2467
4192,2616
4192,3071
4192,3752
4192,5800
4193,941
4193,3586
4193,3735
4193,3872
4193,7062
4194,105
4194,1145
4194,1153
4194,2933
4194,3552
4194,3887
4194,4863
4194,5485
4194,7154
4195,7019
4196,28
4196,1377
4196,2633
4196,3277
4196,4522
4196,6224
4197,177
4197,257
4197,886
4197,2343
4197,4497
4198,760
4198,1383
4198,2376
4198,3542
4198,3581
4198,3618
4198,4696
4198,5080
4198,5155
4198,5226
4198,6219
4199,488
4199,5654
4200,160
4200,586
4200,1425
4200,2712
4200,3472
4200,3490
4200,3770
4200,4752
4200,5367
4200,5387
4200,5994
4200,6070
4200,6312
4201,652
4201,3299
4201,3744
4201,3763
4201,4367
4201,4407
4201,4930
4201,5154
4202,297
4202,1740
4202,2168
4202,2947
4202,5803
4202,6144
4203,269
4203,2198
4203,4164
4203,4578
4203,4589
4203,4806
4203,7395
4204,1971
4204,5021
4204,6747
4204,6963
4204,7040
4204,7466
4205,4699
4205,5822
4205,6405
4205,6776
4206,456
4206,1291
4206,2253
4206,3078
4206,3193
4206,3587
4206,3786
4206,4304
4206,5251
4206,5556
4206,6569
4206,7147
4206,7608
4206,7627
4207,3295
4207,3381
4208,4
4208,342
4208,737
4208,1193
4208,1308
4208,1324
4208,1392
4208,2226
4208,2350
4208,2757
4208,3845
4208,4143
4208,4251
4208,4599
4208,4849
4208,4984
4208,5019
4208,5025
4208,5587
4208,5611
4208,5686
4208,6042
4208,6278
4208,6347
4208,6653
4208,6928
4208,7347
4208,7460
4208,7541
4209,205
4209,589
4209,895
4209,1175
4209,1248
4209,1288
4209,1691
4209,2323
4209,3227
4209,3533
4209,3819
4209,3852
4209,4007
4209,4193
4209,4909
4209,4970
4209,5239
4209,5684
4209,6116
4209,6360
4209,6436
4210,260
4210,1106
4210,1254
4210,3039
4210,3060
4210,3808
4210,4642
4210,6034
4210,6731
4210,6992
4210,7166
4210,7464
4211,5132
4211,5679
4211,5734
4211,7003
4212,1058
4212,1899
4212,5468
4213,390
4213,814
4213,1058
4213,1584
4213,1744
4213,1836
4213,1902
4213,3093
4213,4376
4214,1162
4214,4088
4214,5675
4214,6681
4214,6855
4215,1758
4215,2990
4215,5922
4215,7260
4216,1058
4216,1862
4216,2407
4216,3131
4216,3384
4216,4365
4216,6954
4216,7416
4217,533
4217,811
4217,1197
4217,1305
4217,1472
4217,2173
4217,2205
4217,3241
4217,3621
4217,3807
4217,4164
4217,4386
4217,5133
4217,5290
4217,5311
4217,5327
4217,5597
4217,6335
4217,6506
4217,6790
4217,6917
4217,7071
4217,7119
4218,1371
4218,2005
4218,3331
4218,3433
4218,4805
4219,2239
4219,4482
4219,6274
4219,6946
4220,3513
4220,4376
4220,4917
4220,6412
4221,729
4221,1638
4221,2877
4221,3280
4221,4613
4221,5271
4222,954
4222,1560
4222,1571
4222,1715
4222,4124
4222,4389
4222,6008
4222,6926
4223,372
4223,432
4223,1069
4223,1794
4223,3330
4223,4764
4223,5513
4223,5749
4223,6560
4223,7443
4223,7632
4224,399
4224,441
4224,991
4224,1204
4224,2321
4224,3130
4224,5161
4224,5569
4224,6525
4224,7027
4225,6436
4226,126
4226,1392
4226,5131
4226,7460
4227,544
4227,1660
4227,2624
4227,3567
4227,4009
4227,5435
4227,5781
4227,6110
4227,7000
4228,1610
4228,1862
4228,2460
4228,2544
4228,3311
4228,3681
4228,4386
4228,4952
4228,6063
4228,6086
4228,7330
4229,1207
4229,1793
4229,3519
4229,4079
4229,5956
4229,7002
4230,766
4230,1941
4230,2009
4230,2212
4230,2418
4230,3532
4230,3831
4230,4682
4230,5931
4231,738
4231,3248
4232,160
4232,791
4232,1952
4232,1955
4232,2799
4232,3205
4232,3281
4232,3524
4232,3705
4232,3729
4232,4239
4232,5894
4232,6436
4232,7160
4233,85
4233,795
4233,1058
4233,1453
4233,1624
4233,1775
4233,2392
4233,3183
4233,6760
4233,7535
4234,2524
4234,6178
4234,7107
4234,7109
4234,7389
4234,7455
4234,7591
4235,734
4235,1043
4235,1440
4235,2245
4235,3121
4235,3168
4235,3222
4235,3571
4235,3975
4235,4260
4235,4332
4235,5057
4235,5701
4235,5946
4235,6107
4235,6120
4235,6792
4235,7447
4236,517
4236,882
4236,1054
4236,1531
4236,1732
4236,1759
4236,2147
4236,2192
4236,4603
4236,4704
4236,5497
4236,5706
4236,6520
4237,699
4237,1021
4237,1124
4237,1262
4237,1455
4237,1664
4237,1676
4237,1737
4237,1855
4237,1920
4237,2140
4237,2343
4237,2366
4237,2391
4237,2394
4237,2507
4237,2638
4237,2885
4237,2949
4237,3361
4237,3389
4237,3412
4237,3482
4237,3963
4237,4382
4237,4418
4237,4534
4237,4924
4237,5053
4237,5135
4237,5279
4237,5333
4237,6173
4237,6428
4237,6530
4237,6622
4237,6899
4237,6993
4237,7268
4237,7285
4237,7317
4237,7404
4237,7405
4237,7544
4238,108
4238,1816
4238,5232
4238,5563
4238,5724
4238,5725
4238,6109
4238,6316
4238,6715
4238,7613
4239,2121
4239,2436
4239,2477
4239,2695
4239,3495
4239,4410
4239,4810
4239,4970
4239,6473
4240,1128
4240,3198
4240,4632
4240,5686
4241,369
4241,593
4241,2615
4241,4376
4241,4402
4241,5365
4241,6990
4241,7170
4242,1015
4242,1988
4242,2035
4242,3603
4242,4321
4242,5187
4242,5548
4242,5558
4242,5592
4242,6755
4243,484
4243,633
4243,868
4243,1744
4243,3184
4243,3983
4243,4161
4243,6100
4243,6397
4243,7294
4244,578
4244,618
4244,653
4244,1126
4244,1420
4244,1509
4244,1555
4244,1917
4244,2067
4244,2137
4244,2238
4244,2489
4244,2873
4244,2926
4244,3047
4244,3441
4244,3487
4244,3984
4244,4117
4244,4310
4244,4478
4244,4491
4244,4524
4244,4585
4244,4761
4244,4886
4244,4968
4244,6288
4244,6567
4244,6709
4244,6972
4244,7214
4244,7218
4244,7361
4244,7426
4245,275
4245,909
4245,1881
4245,2250
4245,2516
4245,3830
4245,4412
4245,4883
4245,5602
4245,6670
4245,6765
4247,5119
4248,123
4248,659
4248,1210
4248,2617
4248,2765
4248,3061
4248,3929
4248,4806
4248,5048
4248,5108
4248,5286
4248,5649
4248,5888
4249,3018
4249,3312
4249,3748
4249,4398
4249,7572
4250,1788
4251,1772
4251,6199
4251,6347
4252,147
4252,619
4252,690
4252,2398
4252,4423
4252,5357
4253,593
4253,657
4253,770
4253,868
4253,1232
4253,1430
4253,2106
4253,2194
4253,2320
4253,4062
4253,4164
4253,4313
4253,4806
4253,4865
4253,5261
4253,5463
4253,6208
4253,6649
4253,7101
4254,498
4254,984
4254,4101
4254,6637
4255,329
4255,1465
4255,2213
4255,2997
4255,3566
4255,4282
4255,4462
4255,5506
4255,6721
4255,7153
4255,7414
4256,1734
4256,2324
4256,2854
4256,4038
4256,4312
4256,6465
4256,7014
4257,260
4257,1268
4257,1775
4257,3183
4257,3756
4257,3867
4257,5734
4257,5740
4257,6492
4257,7289
4257,7369
4258,1015
4258,1822
4258,3852
4258,4275
4258,5276
4258,5548
4258,5558
4258,5960
4258,6044
4258,6823
4259,161
4259,1066
4259,2298
4259,2964
4259,3077
4259,3382
4259,3990
4259,7128
4260,3953
4260,4235
4260,4786
4260,5043
4260,5821
4260,6418
4260,6691
4260,7081
4260,7160
4261,2198
4261,2679
4261,4384
4261,7553
4262,1113
4262,2013
4262,2620
4262,3406
4262,3408
4262,3559
4262,6016
4262,6551
4262,6933
4263,809
4263,2175
4263,2198
4263,2558
4263,2798
4263,4805
4263,5312
4264,1346
4264,2099
4264,2324
4264,2622
4264,2975
4264,4960
4264,7188
4265,158
4265,399
4265,433
4265,888
4265,890
4265,1053
4265,1648
4265,2050
4265,2054
4265,2180
4265,2255
4265,3048
4265,3811
4265,5915
4265,6525
4265,6650
4265,6871
4265,6894
4265,7248
4266,2080
4266,2269
4266,5874
4267,568
4267,2979
4267,3063
4267,3070
4267,3844
4267,4706
4267,5372
4267,5510
4267,6228
4267,6582
4268,224
4268,1655
4268,2049
4268,3566
4269,904
4269,1884
4269,4384
4269,4830
4269,5194
4269,5816
4269,6954
4269,6961
4270,551
4270,1757
4270,1910
4270,3124
4270,4309
4271,3043
4271,6550
4272,630
4272,1503
4272,1946
4272,2077
4272,2319
4272,2607
4272,3154
4272,3229
4272,3495
4272,3934
4272,4689
4272,5690
4273,196
4273,288
4273,672
4273,833
4273,1413
4273,1859
4273,2247
4273,2653
4273,2807
4273,2817
4273,3962
4273,4573
4273,6074
4273,7270
4273,7634
4274,1243
4274,2250
4274,2854
4274,3371
4274,4038
4274,6099
4274,6479
4274,7035
4275,135
4275,681
4275,845
4275,1565
4275,3112
4275,3191
4275,3960
4275,4429
4275,5789
4275,6573
4275,7575
4275,7620
4276,3494
4276,4976
4277,9
4277,252
4277,796
4277,1300
4277,1435
4277,2044
4277,2305
4277,2378
4277,3365
4277,3555
4277,5625
4277,5636
4277,7094
4277,7514
4278,2198
4278,2782
4278,4156
4278,6409
4278,6702
4279,355
4279,2168
4279,7449
4279,7509
4280,22
4280,682
4280,1131
4280,1488
4280,1818
4280,1982
4280,2240
4280,2311
4280,2426
4280,3391
4280,3880
4280,4125
4280,4426
4280,5266
4280,5291
4280,5754
4280,5774
4280,6601
4280,6653
4280,6657
4280,7236
4280,7504
4281,463
4281,1505
4281,2114
4281,2260
4281,2324
4281,2622
4281,3840
4281,5164
4282,223
4282,329
4282,747
4282,1252
4282,1335
4282,2221
4282,2430
4282,2527
4282,2579
4282,3407
4282,3566
4282,4362
4282,4404
4282,5839
4282,6123
4282,6713
4282,7006
4282,7267
4283,918
4283,1338
4283,1687
4283,2872
4283,3645
4283,6501
4283,7112
4284,993
4284,2157
4285,226
4285,1444
4285,3607
4285,6578
4286,260
4286,904
4286,2377
4286,7269
4286,7330
4287,1903
4287,3210
4287,4149
4287,5256
4288,2168
4288,2413
4288,6144
4288,7449
4289,411
4289,766
4289,2572
4289,3277
4289,4154
4290,304
4290,3861
4290,4376
4290,7607
4291,4130
4291,4275
4291,4736
4291,6979
4292,617
4292,3030
4292,3366
4292,3759
4292,4181
4292,4208
4292,5618
4292,5793
4292,5877
4292,5884
4292,6671
4293,303
4294,51
4294,262
4294,803
4294,834
4294,1725
4294,1896
4294,2070
4294,3013
4294,3194
4294,4390
4294,4569
4294,5001
4294,5433
4294,5461
4294,6119
4294,6211
4294,6761
4294,6909
4294,7298
4294,7503
4295,296
4295,443
4295,575
4295,750
4295,1045
4295,1355
4295,1510
4295,1596
4295,3109
4295,3299
4295,3512
4295,3685
4295,3763
4295,4201
4295,4311
4295,4407
4295,4473
4295,5136
4295,6134
4295,6137
4295,7453
4295,7503
4296,446
4296,865
4296,2017
4296,2198
4296,4253
4296,4680
4296,6409
4296,7266
4297,920
4297,1417
4297,1585
4297,6282
4298,401
4298,647
4298,842
4298,1781
4298,2022
4298,2369
4298,3652
4298,4052
4298,5102
4298,5426
4298,5681
4298,5871
4298,6132
4298,6218
4298,6865
4299,368
4299,608
4299,1059
4299,1207
4299,1352
4299,2069
4299,3971
4299,4339
4299,4794
4299,5683
4299,6285
4300,1221
4300,1685
4300,2357
4300,2806
4300,3217
4300,3392
4300,4554
4300,4666
4300,5306
4300,5555
4300,5653
4300,5825
4300,6519
4300,6603
4300,6666
4300,7124
4300,7630
4300,7648
4301,107
4301,211
4301,266
4301,834
4301,1315
4301,2084
4301,3224
4301,3515
4301,4569
4301,4940
4301,5368
4301,6079
4301,6096
4301,7298
4302,40
4302,92
4302,218
4302,601
4302,606
4302,4062
4302,4330
4302,4637
4302,5346
4302,6281
4302,6951
4303,85
4303,369
4303,2852
4303,3538
4303,4787
4303,6242
4303,6551
4303,6802
4303,7487
4304,41
4304,1042
4304,1809
4304,4900
4304,6952
4305,1012
4305,1148
4305,1952
4305,2165
4305,2500
4305,2789
4305,2799
4305,3669
4305,4452
4305,4527
4305,5134
4305,5391
4305,5887
4305,5894
4305,6008
4305,6181
4305,6223
4305,6349
4305,6757
4305,7237
4306,2239
4306,3364
4306,5372
4306,6887
4307,89
4307,276
4307,1561
4307,2239
4307,2484
4307,4479
4307,5234
4307,7395
4308,4118
4308,4482
4308,4555
4308,4621
4308,4725
4308,6274
4308,6946
4308,7591
4309,73
4309,551
4309,919
4309,1707
4309,3643
4309,5467
4309,5650
4310,1646
4310,2853
4310,5345
4310,5357
4310,5974
4311,2519
4311,2700
4311,3802
4311,4295
4312,2474
4312,2622
4312,2822
4312,2861
4312,4256
4312,4467
4312,6143
4312,6391
4312,6520
4313,789
4313,942
4313,1521
4313,2370
4313,3559
4313,4376
4313,5222
4313,5704
4314,769
4314,1359
4314,1657
4314,3329
4314,4027
4314,4555
4314,6454
4315,92
4315,259
4315,1239
4315,2239
4315,7067
4315,7330
4317,551
4317,611
4317,3698
4317,4384
4317,4406
4317,4952
4318,3139
4318,5173
4318,5483
4318,5866
4319,104
4319,342
4319,1265
4319,1971
4319,2278
4319,5149
4319,5196
4319,6697
4319,6932
4319,6963
4319,7466
4320,246
4320,331
4320,462
4320,1655
4320,1745
4320,1764
4320,1934
4320,2314
4320,3313
4320,3521
4320,3557
4320,3650
4320,3952
4320,5961
4320,6370
4320,7153
4320,7412
4321,798
4321,4242
4321,4866
4321,4903
4321,6205
4322,422
4322,1151
4322,2217
4322,2874
4322,3486
4322,4005
4322,6524
4322,7108
4322,7273
4322,7408
4322,7449
4323,1068
4323,3586
4323,4051
4323,4068
4323,5671
4324,461
4324,766
4324,3922
4324,4743
4324,5455
4325,1035
4325,2153
4325,3980
4325,4051
4325,4926
4325,4961
4325,5047
4325,5057
4325,5106
4325,5310
4325,5563
4325,5677
4325,6109
4325,6120
4325,6300
4325,6780
4325,7117
4326,916
4326,1067
4326,1833
4326,2106
4326,2571
4326,2725
4326,3958
4326,4847
4326,7465
4326,7537
4327,564
4327,822
4327,1147
4327,1300
4327,1550
4327,2027
4327,3067
4327,5486
4327,6555
4328,150
4328,545
4328,1500
4328,2606
4328,3186
4328,3746
4328,4533
4328,5723
4328,6606
4329,2104
4329,2253
4329,3019
4329,5112
4330,1938
4330,2901
4330,3643
4330,4309
4330,5467
4330,5993
4330,6779
4331,1730
4331,5388
4331,5479
4331,6926
4332,3175
4332,3437
4332,6514
4332,6814
4333,23
4333,183
4333,1226
4333,2013
4333,3184
4333,7464
4334,158
4334,491
4334,2054
4334,4133
4334,6479
4334,7378
4335,54
4335,2528
4335,3412
4335,3879
4336,545
4336,1057
4336,1381
4336,1933
4336,2034
4336,2051
4336,2074
4336,2762
4336,3524
4336,3622
4336,4346
4336,5725
4336,6147
4337,0
4337,1561
4337,5007
4337,5406
4338,47
4338,334
4338,952
4338,960
4338,1413
4338,2653
4338,3195
4338,3342
4338,4419
4338,6546
4338,6839
4339,1606
4339,5477
4339,6875
4339,7185
4339,7199
4339,7425
4340,1177
4340,1567
4340,4620
4340,5827
4340,6094
4340,6207
4340,7343
4341,31
4341,1051
4341,1164
4341,2876
4341,3248
4341,6072
4341,7026
4342,569
4342,1309
4342,1743
4342,1759
4342,2250
4342,5272
4342,5662
4343,185
4343,532
4343,1802
4343,3330
4343,5893
4343,5998
4343,7171
4343,7478
4343,7480
4343,7623
4344,495
4344,1153
4344,2239
4344,2686
4344,3578
4344,4102
4344,4489
4344,5080
4344,5123
4344,5354
4344,6101
4344,7247
4345,522
4345,1002
4345,1004
4345,1024
4345,2309
4345,2819
4345,3053
4345,3257
4345,4791
4345,5061
4345,5327
4346,480
4346,1107
4346,1161
4346,1964
4346,2316
4346,3354
4346,3396
4346,3534
4346,4698
4346,5644
4346,5913
4346,6201
4346,6817
4346,6998
4347,258
4347,400
4347,2381
4347,4241
4347,4408
4347,5048
4347,5415
4347,7021
4348,1280
4348,1429
4348,2250
4349,535
4349,771
4349,1013
4349,3421
4349,3871
4349,3895
4350,482
4350,1545
4350,1907
4350,3138
4350,3188
4350,3377
4350,4157
4350,4578
4350,6414
4350,7280
4351,4
4351,581
4351,1324
4351,3151
4351,3845
4351,3903
4351,4008
4351,4357
4351,4557
4351,4673
4351,6006
4351,6587
4351,6623
4351,7504
4352,258
4352,774
4352,3306
4352,6397
4353,481
4353,578
4353,746
4353,2395
4353,3984
4353,4494
4353,4564
4353,5974
4353,6311
4353,6625
4353,7110
4353,7218
4354,4112
4354,4673
4354,6653
4355,23
4355,260
4355,1513
4355,1782
4355,1798
4355,4384
4355,4578
4355,5372
4356,1299
4356,1432
4356,1495
4356,3351
4356,3427
4356,3688
4356,4282
4356,4724
4356,6759
4356,7134
4357,1587
4357,2264
4357,3236
4357,3845
4357,3924
4357,4726
4357,6587
4358,91
4358,1337
4358,1339
4358,2427
4358,3492
4358,3578
4358,4986
4358,6565
4359,354
4359,452
4359,1472
4359,6638
4360,268
4360,7227
4360,7488
4361,139
4361,764
4361,994
4361,1419
4361,1465
4361,2709
4361,3735
4361,4172
4361,4235
4361,4646
4362,994
4362,1118
4362,1285
4362,1297
4362,1359
4362,1688
4362,2000
4362,2221
4362,2612
4362,2954
4362,2959
4362,3770
4362,4178
4362,4282
4362,5630
4362,5743
4362,5992
4362,6005
4362,6328
4362,6358
4362,6460
4362,6544
4363,2475
4363,3057
4363,3738
4363,3806
4363,4631
4363,4795
4363,5236
4363,5599
4363,5783
4363,6763
4363,6891
4363,7056
4364,1986
4364,2699
4364,3971
4364,5900
4364,6934
4364,7199
4364,7358
4364,7439
4365,1631
4365,3115
4365,4216
4365,4376
4365,5132
4365,5312
4365,6732
4365,7446
4366,260
4366,2239
4366,4080
4366,4083
4366,4384
4366,6707
4367,4201
4367,4295
4367,7453
4368,250
4368,1853
4368,3004
4368,3821
4368,4571
4368,6651
4368,7624
4369,475
4369,2888
4369,3357
4369,5955
4369,6702
4370,368
4370,2069
4370,2167
4370,3694
4370,5450
4370,6167
4370,6285
4370,6809
4370,7315
4370,7429
4371,1145
4371,1667
4371,1854
4371,2066
4371,3115
4371,3295
4371,4216
4371,4376
4371,5068
4371,5304
4371,5415
4371,6197
4371,6702
4371,6945
4371,7164
4371,7467
4372,2748
4373,211
4373,1228
4373,2211
4373,2212
4373,2820
4373,3049
4373,4031
4373,5188
4373,5368
4373,6210
4373,6403
4373,7293
4374,140
4374,1451
4374,1547
4374,2178
4374,3609
4374,3639
4374,3971
4374,4815
4374,6248
4375,1531
4375,1648
4375,1977
4375,2090
4375,5164
4375,6164
4375,7014
4375,7086
4375,7348
4375,7614
4376,18
4376,34
4376,71
4376,98
4376,129
4376,185
4376,196
4376,201
4376,213
4376,272
4376,495
4376,555
4376,566
4376,599
4376,626
4376,707
4376,711
4376,717
4376,804
4376,810
4376,821
4376,831
4376,852
4376,854
4376,934
4376,973
4376,1047
4376,1089
4376,1186
4376,1211
4376,1266
4376,1317
4376,1423
4376,1491
4376,1642
4376,1697
4376,1718
4376,1826
4376,1847
4376,1875
4376,1876
4376,1877
4376,1908
4376,1918
4376,1941
4376,1993
4376,2049
4376,2058
4376,2120
4376,2183
4376,2267
4376,2314
4376,2377
4376,2479
4376,2533
4376,2555
4376,2565
4376,2571
4376,2595
4376,2618
4376,2639
4376,2675
4376,2677
4376,2755
4376,2766
4376,2808
4376,2816
4376,2956
4376,3113
4376,3179
4376,3193
4376,3196
4376,3259
4376,3284
4376,3398
4376,3514
4376,3542
4376,3545
4376,3650
4376,3710
4376,3758
4376,3855
4376,3890
4376,3948
4376,3982
4376,4001
4376,4003
4376,4028
4376,4057
4376,4086
4376,4102
4376,4109
4376,4147
4376,4206
4376,4216
4376,4220
4376,4269
4376,4303
4376,4355
4376,4392
4376,4402
4376,4434
4376,4513
4376,4528
4376,4529
4376,4541
4376,4579
4376,4595
4376,4602
4376,4691
4376,4847
4376,4857
4376,4874
4376,4948
4376,4982
4376,5068
4376,5082
4376,5141
4376,5176
4376,5197
4376,5219
4376,5220
4376,5223
4376,5259
4376,5273
4376,5301
4376,5371
4376,5425
4376,5492
4376,5552
4376,5709
4376,5710
4376,5873
4376,5948
4376,5949
4376,5979
4376,6021
4376,6040
4376,6108
4376,6170
4376,6171
4376,6216
4376,6230
4376,6430
4376,6474
4376,6507
4376,6562
4376,6584
4376,6684
4376,6760
4376,6805
4376,6825
4376,6843
4376,6906
4376,6989
4376,7008
4376,7017
4376,7096
4376,7216
4376,7340
4376,7448
4376,7607
4376,7632
4376,7638
4377,271
4377,286
4377,300
4377,1755
4377,2464
4377,3728
4377,3945
4377,5244
4378,638
4378,654
4378,998
4378,1322
4378,1436
4378,1597
4378,2199
4378,2884
4378,2910
4378,3005
4378,3120
4378,3554
4378,3800
4378,3907
4378,4084
4378,4148
4378,4189
4378,5004
4378,5248
4378,6114
4378,6378
4378,6627
4378,6651
4378,6729
4378,7266
4378,7391
4379,409
4379,1162
4379,1638
4379,2602
4379,3474
4379,3494
4379,3774
4379,4984
4379,4993
4379,5107
4379,6870
4379,7080
4379,7165
4380,319
4380,375
4380,1186
4380,1517
4380,2102
4380,2307
4380,2598
4380,2916
4380,3373
4380,3623
4380,4870
4380,5543
4380,6614
4380,6887
4381,611
4381,1444
4381,2198
4381,2228
4381,2911
4381,3080
4381,3532
4381,3844
4381,4384
4381,4697
4381,5309
4381,6664
4382,120
4382,420
4382,1923
4382,3258
4382,4237
4382,5515
4382,7404
4383,310
4383,1425
4383,3136
4383,3490
4383,5994
4383,7004
4384,23
4384,173
4384,357
4384,372
4384,408
4384,415
4384,500
4384,566
4384,677
4384,693
4384,796
4384,810
4384,813
4384,1090
4384,1097
4384,1137
4384,1169
4384,1211
4384,1218
4384,1310
4384,1378
4384,1431
4384,1526
4384,1549
4384,1775
4384,1826
4384,1928
4384,1935
4384,1991
4384,2010
4384,2060
4384,2207
4384,2313
4384,2348
4384,2645
4384,2659
4384,2679
4384,2729
4384,2745
4384,2852
4384,2941
4384,3069
4384,3171
4384,3190
4384,3245
4384,3297
4384,3312
4384,3341
4384,3367
4384,3398
4384,3501
4384,3659
4384,3671
4384,3708
4384,3868
4384,3950
4384,3958
4384,4017
4384,4023
4384,4096
4384,4157
4384,4261
4384,4269
4384,4303
4384,4307
4384,4434
4384,4549
4384,4637
4384,4642
4384,4680
4384,4737
4384,4801
4384,4811
4384,4871
4384,4879
4384,5012
4384,5058
4384,5120
4384,5145
4384,5218
4384,5224
4384,5292
4384,5365
4384,5369
4384,5438
4384,5446
4384,5471
4384,5532
4384,5551
4384,5557
4384,5626
4384,5710
4384,5714
4384,5976
4384,5998
4384,6003
4384,6004
4384,6016
4384,6236
4384,6287
4384,6303
4384,6313
4384,6335
4384,6348
4384,6487
4384,6560
4384,6562
4384,6574
4384,6611
4384,6640
4384,6713
4384,6714
4384,6738
4384,7143
4384,7212
4384,7219
4384,7254
4384,7265
4384,7269
4384,7331
4384,7448
4384,7521
4384,7612
4384,7628
4385,1067
4385,2115
4385,2198
4385,5955
4385,7166
4386,1767
4386,2205
4386,2239
4386,2450
4386,2871
4386,3310
4386,3566
4386,5503
4386,5984
4386,6297
4386,6726
4386,7596
4387,1693
4387,2303
4387,3914
4387,4122
4388,400
4388,818
4388,924
4388,1271
4388,1357
4388,1476
4388,2206
4388,2432
4388,4241
4388,5372
4388,6414
4389,44
4389,1300
4389,1407
4389,2188
4389,3402
4389,6136
4389,6415
4389,7571
4390,36
4390,920
4390,1111
4390,1185
4390,1579
4390,4033
4390,5209
4390,6696
4390,6807
4390,7526
4391,204
4391,581
4391,932
4391,5131
4392,260
4392,1268
4392,3867
4392,5612
4392,5707
4392,5816
4392,6562
4392,7008
4392,7071
4392,7289
4392,7424
4393,1368
4393,2614
4394,3959
4395,1961
4395,3369
4396,406
4396,799
4396,1342
4396,2466
4396,2687
4396,2846
4396,6158
4396,7199
4397,481
4397,812
4397,1646
4397,4663
4397,6106
4397,7383
4398,904
4398,1624
4398,3330
4398,3895
4398,4249
4398,4376
4398,5556
4398,6216
4398,7269
4399,177
4399,902
4399,1146
4399,1303
4399,1400
4399,1449
4399,1728
4399,2329
4399,2388
4399,2885
4399,3087
4399,3423
4399,3736
4399,4414
4399,5271
4399,5333
4399,5870
4399,6113
4399,6530
4399,6937
4400,146
4400,395
4400,4378
4400,4577
4400,6048
4401,6903
4401,7082
4402,1763
4402,1883
4402,2661
4402,4241
4402,6673
4403,1969
4403,2364
4403,2667
4403,2899
4403,3961
4403,4905
4403,7506
4404,2546
4404,3351
4404,5262
4404,7107
4405,549
4405,1556
4405,6621
4406,259
4406,1278
4406,1896
4406,2239
4406,3499
4406,3664
4406,3710
4406,5839
4407,930
4407,1174
4407,1249
4407,1596
4407,3744
4407,3969
4407,4201
4407,4295
4407,6629
4408,369
4408,1620
4408,2615
4408,3178
4408,4347
4408,5551
4408,6990
4408,7280
4409,3295
4409,3492
4409,3545
4410,2221
4410,2712
4410,2867
4410,3085
4410,3173
4410,3826
4410,4383
4410,4783
4410,5367
4410,5387
4410,6312
4410,6367
4411,671
4411,679
4411,688
4411,812
4411,1365
4411,2067
4411,3411
4411,3584
4411,4081
4411,4117
4411,4123
4411,4151
4411,4179
4411,4478
4411,4681
4411,5573
4411,6033
4411,6508
4411,6709
4411,6972
4411,7324
4412,275
4412,698
4412,828
4412,1360
4412,1609
4412,3091
4412,3346
4412,3565
4412,3825
4412,4048
4412,4236
4412,4245
4412,4603
4412,4938
4412,6164
4412,6532
4413,3168
4413,6223
4413,6299
4414,1146
4414,4208
4414,4673
4414,5131
4415,593
4415,1738
4415,1782
4415,2239
4415,2541
4415,4127
4416,1650
4416,7312
4417,2239
4417,3498
4417,4026
4418,932
4418,1237
4418,1449
4418,5124
4418,7275
4419,495
4419,2714
4419,4338
4419,7456
4420,1840
4420,1945
4420,2040
4420,3708
4420,3926
4420,4384
4420,5095
4420,6121
4420,6462
4421,1738
4421,1744
4421,2832
4421,3070
4421,4641
4421,4768
4421,5050
4421,5381
4422,20
4422,305
4422,604
4422,1030
4422,1064
4422,1296
4422,1551
4422,1563
4422,1938
4422,1948
4422,2011
4422,2418
4422,2743
4422,2831
4422,3072
4422,3216
4422,3298
4422,3427
4422,3890
4422,4046
4422,4767
4422,5000
4422,5145
4422,5511
4422,5562
4422,5626
4422,6027
4422,6161
4422,6451
4422,6527
4422,6775
4422,7007
4423,1223
4423,2548
4423,3211
4423,3255
4423,4191
4423,4244
4423,4353
4423,5228
4423,5751
4423,5972
4423,6725
4423,7426
4423,7598
4424,988
4424,2412
4424,2833
4424,4209
4424,5638
4424,5817
4424,6307
4424,6735
4424,7217
4425,401
4425,1865
4425,2737
4425,4515
4425,5431
4425,6218
4425,6858
4426,284
4426,794
4426,1079
4426,1771
4426,2654
4426,4208
4426,4280
4426,7541
4427,1287
4427,1499
4427,1910
4427,2371
4427,4153
4427,4220
4427,5000
4427,5842
4427,7196
4427,7345
4428,4019
4428,4671
4428,4906
4428,4994
4428,5185
4428,5748
4428,6735
4429,2282
4429,2836
4429,4291
4429,4997
4429,6776
4430,908
4430,1888
4430,2044
4430,2263
4430,2944
4430,3555
4430,4769
4430,6555
4430,7094
4430,7235
4431,1283
4431,2862
4431,3029
4431,4124
4431,4439
4431,4888
4431,7620
4432,4690
4432,5207
4432,6826
4432,7123
4433,20
4433,73
4433,803
4433,2071
4433,3042
4433,3664
4433,4015
4433,4055
4433,4701
4433,5031
4433,5445
4433,7305
4434,1280
4434,2163
4434,5114
4434,5296
4435,2293
4435,4959
4435,5191
4435,6807
4435,6900
4436,1961
4436,4103
4436,6572
4437,3148
4437,4063
4437,4432
4437,4690
4437,4841
4437,5159
4437,5207
4437,5407
4437,7172
4437,7183
4438,1407
4438,1426
4438,1673
4438,3295
4438,3578
4439,1283
4439,2862
4439,4124
4440,862
4440,2708
4440,2998
4440,3111
4440,3139
4440,3507
4440,4701
4440,5268
4440,6783
4440,7146
4440,7305
4441,937
4441,1272
4441,1630
4441,1709
4441,2312
4441,7648
4442,5734
4442,6909
4443,256
4443,745
4443,1061
4443,1920
4443,2915
4443,4237
4443,5480
4443,5793
4443,5934
4443,6681
4443,6806
4444,104
4444,574
4444,799
4444,1542
4444,2578
4444,2580
4444,2692
4444,3228
4444,3402
4444,3522
4444,3943
4444,4481
4444,5193
4444,5389
4444,6498
4444,7466
4445,3429
4445,3437
4445,4625
4445,7586
4446,7620
4447,6974
4448,1058
4448,2587
4449,1750
4449,2293
4449,2500
4449,2924
4449,3281
4449,3437
4449,4325
4449,4646
4449,5563
4450,2198
4450,2239
4450,2354
4451,146
4451,514
4451,1362
4451,1832
4451,3778
4451,3956
4451,4189
4451,4687
4451,4859
4451,6048
4451,6556
4451,6592
4452,171
4452,1095
4452,3281
4452,3669
4452,4106
4452,4424
4452,5521
4452,6307
4452,7433
4453,260
4453,4157
4453,4594
4453,5372
4453,5799
4453,6183
4453,6692
4453,7010
4453,7477
4454,100
4454,638
4454,1853
4454,3665
4454,4577
4454,5765
4454,5778
4454,6048
4454,6551
4455,4628
4456,65
4456,896
4456,3457
4456,3633
4456,6916
4457,844
4457,4931
4458,276
4458,947
4458,3070
4458,4746
4458,5398
4458,7127
4459,481
4459,855
4459,2067
4459,3487
4459,3634
4459,4663
4459,4886
4459,6102
4459,7033
4459,7462
4460,1950
4460,2218
4460,7498
4461,2997
4461,4462
4461,6302
4461,7087
4461,7414
4462,634
4462,1611
4462,1768
4462,2081
4462,2149
4462,2574
4462,2767
4462,2793
4462,2795
4462,2864
4462,2902
4462,3273
4462,4461
4462,4887
4462,4910
4462,5183
4462,5550
4462,6142
4462,6513
4462,7267
4463,169
4463,1513
4463,4023
4463,5241
4463,6414
4463,6702
4463,7352
4464,118
4464,1981
4465,260
4465,1214
4465,1330
4465,1421
4465,3363
4465,3502
4465,4091
4465,4658
4465,5756
4465,5816
4466,260
4466,272
4466,789
4466,1284
4466,1631
4466,2129
4466,2410
4466,2555
4466,2772
4466,3114
4466,3362
4466,3538
4466,4874
4466,5231
4466,5296
4466,6098
4466,6705
4466,7046
4466,7612
4467,57
4467,570
4467,806
4467,882
4467,1583
4467,2134
4467,2324
4467,2861
4467,3529
4467,3543
4467,4038
4467,4312
4467,4603
4467,5706
4467,6143
4467,6357
4468,2188
4468,3541
4468,3568
4468,3857
4468,6415
4469,789
4469,881
4469,2460
4469,3037
4469,3410
4469,3681
4469,5575
4469,6588
4469,7032
4469,7420
4469,7599
4470,2693
4470,2722
4470,3169
4470,3666
4471,1049
4471,2976
4471,3156
4471,3227
4471,3276
4471,5548
4471,5684
4471,5854
4471,6169
4471,6205
4472,1487
4472,1593
4472,2101
4472,4993
4472,5256
4472,7631
4473,125
4473,1905
4473,1912
4473,2239
4473,3152
4473,3698
4473,4295
4474,1040
4474,1293
4474,2198
4474,3734
4474,4384
4474,4952
4474,7535
4475,3180
4475,3904
4475,4179
4475,4607
4475,5357
4475,5750
4475,6106
4475,7489
4476,1444
4476,2239
4476,7395
4477,1780
4477,3510
4478,147
4478,481
4478,685
4478,837
4478,3180
4478,3452
4478,5718
4478,5974
4478,6103
4478,6168
4478,6227
4478,6609
4478,7598
4479,456
4479,593
4479,922
4479,1744
4479,3723
4479,4015
4479,4092
4479,4307
4479,4805
4479,4957
4479,5420
4479,5608
4479,5772
4479,6490
4479,6620
4479,6733
4479,7127
4479,7289
4479,7560
4480,1802
4480,3895
4480,4054
4480,4919
4480,5948
4480,6246
4480,7067
4480,7603
4481,68
4481,104
4481,457
4481,1071
4481,1307
4481,1384
4481,1387
4481,1462
4481,1571
4481,1713
4481,1837
4481,2002
4481,2020
4481,2203
4481,2334
4481,2403
4481,2442
4481,2495
4481,2937
4481,3338
4481,3535
4481,3611
4481,4011
4481,4568
4481,4765
4481,4825
4481,5073
4481,6455
4481,6617
4481,6659
4481,6710
4481,7301
4481,7533
4482,331
4482,436
4482,769
4482,1217
4482,1657
4482,1764
4482,1870
4482,1934
4482,2179
4482,2978
4482,3336
4482,4136
4482,4219
4482,4824
4482,5374
4482,6298
4482,6358
4483,1796
4483,2106
4483,3185
4483,5132
4483,5734
4483,6381
4483,6774
4483,7003
4484,138
4484,1513
4484,4510
4484,4578
4484,6100
4484,6361
4484,7280
4484,7330
4485,618
4485,653
4485,663
4485,837
4485,1683
4485,1889
4485,2499
4485,2658
4485,2983
4485,3227
4485,4123
4485,4151
4485,4423
4485,4708
4485,4921
4485,5405
4485,5737
4485,6508
4485,7012
4485,7263
4486,301
4486,3145
4486,3397
4486,3725
4486,4094
4486,5899
4486,5912
4486,6392
4487,147
4487,679
4487,1477
4487,2238
4487,2658
4488,2810
4488,3740
4488,4172
4488,5076
4488,6277
4488,6905
4488,6908
4488,7057
4489,558
4489,954
4489,1413
4489,2385
4489,4842
4489,5142
4489,5158
4489,5484
4489,5682
4489,6305
4489,6839
4490,1958
4490,2486
4490,2959
4490,3702
4490,3772
4490,3868
4490,3895
4490,4864
4490,5211
4490,5455
4490,5464
4490,6452
4490,7556
4491,2853
4491,4151
4491,5928
4491,5974
4491,6311
4491,6488
4491,7324
4492,554
4492,1488
4492,4280
4492,6623
4493,748
4493,771
4493,1225
4493,3513
4493,3871
4493,3978
4493,7452
4494,147
4494,837
4494,1466
4494,2449
4494,2873
4494,4191
4494,4711
4495,676
4495,2135
4495,2236
4495,2477
4495,4239
4496,1648
4496,3346
4496,3714
4496,4056
4496,4236
4496,4412
4496,4666
4496,5512
4496,7073
4496,7086
4497,1303
4497,3201
4497,4197
4497,5124
4497,5279
4498,679
4498,855
4498,1683
4498,1944
4498,3441
4498,4487
4498,4524
4498,4607
4498,4681
4498,5784
4498,6083
4498,7214
4499,4806
4499,5404
4499,7104
4500,748
4500,936
4500,3404
4500,3665
4500,3978
4500,5775
4500,6630
4500,7077
4501,549
4501,613
4501,1009
4501,1576
4501,2385
4501,2539
4501,3534
4501,4533
4501,4665
4501,6136
4501,6556
4502,655
4502,1493
4502,1733
4502,4952
4502,5174
4502,5917
4503,526
4503,669
4503,785
4503,804
4503,898
4503,956
4503,1084
4503,1761
4503,2427
4503,3837
4503,4043
4503,6131
4504,749
4504,1759
4504,1766
4504,2754
4504,2946
4504,4739
4504,6772
4505,1534
4505,5713
4505,6097
4506,2988
4506,6897
4507,621
4507,1359
4507,1870
4507,2254
4507,2390
4507,2613
4507,4078
4507,4621
4507,5374
4507,5454
4508,1343
4508,1429
4508,1795
4508,3295
4508,3433
4508,3578
4508,4863
4509,1696
4509,2337
4509,2435
4509,3415
4509,3583
4509,4992
4509,5509
4509,7308
4509,7348
4509,7437
4509,7458
4510,5404
4510,5881
4510,6566
4510,6701
4510,6702
4510,7003
4510,7280
4511,593
4511,1105
4511,3277
4511,4376
4511,4522
4511,4578
4511,5415
4511,5707
4511,5816
4511,5979
4511,6702
4511,7247
4512,96
4512,2366
4512,2710
4512,2949
4512,3569
4512,4208
4512,4923
4512,6138
4512,6401
4513,1058
4513,4376
4513,5251
4513,5559
4514,593
4514,1561
4514,2198
4514,2239
4515,78
4515,1694
4515,2842
4515,4911
4515,4965
4515,4981
4515,6734
4515,7484
4516,230
4516,932
4516,1119
4516,2720
4516,5027
4516,6480
4517,3532
4518,1029
4518,1275
4518,1701
4518,1906
4518,1932
4518,1950
4518,2280
4518,2411
4518,2695
4518,4922
4518,5458
4518,5680
4518,6244
4518,6558
4519,3246
4519,5179
4519,7054
4519,7240
4520,268
4520,280
4520,361
4520,2619
4520,4135
4520,4664
4520,4810
4521,530
4521,988
4521,1166
4521,1814
4521,3244
4521,4238
4521,4628
4521,4867
4521,5320
4521,6473
4521,6621
4522,27
4522,114
4522,258
4522,639
4522,680
4522,1098
4522,1585
4522,1725
4522,2166
4522,2447
4522,3359
4522,4039
4522,4098
4522,4243
4522,4731
4522,4778
4522,5008
4522,5029
4522,5247
4522,5376
4522,5608
4522,6345
4522,6854
4522,7059
4522,7097
4522,7339
4523,551
4523,1958
4523,2839
4523,3330
4523,6001
4523,7269
4524,901
4524,2137
4524,2499
4524,2853
4524,3411
4524,4179
4524,4411
4524,4423
4524,4485
4524,7024
4524,7383
4525,260
4525,1058
4525,1453
4525,3538
4525,5722
4525,5976
4525,6047
4526,593
4526,1899
4526,6597
4526,6702
4527,45
4527,3281
4527,4305
4527,6223
4528,593
4528,2198
4528,3510
4528,4376
4529,3643
4529,4062
4529,4186
4529,4384
4529,5801
4529,6096
4530,1061
4530,3431
4530,3569
4530,4599
4530,4647
4530,5911
4531,774
4531,4641
4531,4688
4531,6678
4531,6702
4532,1188
4532,1891
4532,2863
4532,2879
4532,3031
4533,1560
4533,2136
4533,4665
4533,7224
4534,177
4534,1675
4534,2151
4534,2528
4534,3201
4534,3412
4534,3423
4534,4237
4534,5131
4534,5279
4534,6138
4534,7500
4534,7544
4535,132
4535,1723
4535,2145
4535,2571
4535,3226
4535,4164
4535,4806
4535,4952
4535,5756
4535,6847
4535,6933
4535,7280
4535,7568
4536,1415
4536,5404
4536,6702
4536,7003
4537,424
4538,534
4538,1538
4538,1792
4538,2262
4538,2575
4538,3092
4538,3274
4538,5241
4538,5359
4538,5637
4538,6849
4538,7003
4539,541
4539,937
4539,1504
4539,1630
4539,2389
4539,2603
4539,3090
4539,3217
4539,3558
4539,3815
4539,6997
4540,5051
4540,5980
4540,6730
4540,6807
4541,809
4541,1809
4541,1862
4541,2170
4541,2536
4541,3078
4541,6408
4541,6699
4541,6769
4542,1046
4542,1573
4542,5447
4543,754
4543,4216
4543,6769
4543,6952
4543,7147
4544,379
4544,932
4544,1323
4544,1807
4544,1828
4544,2507
4544,3564
4545,2198
4545,2518
4546,1899
4546,1993
4546,5903
4546,6702
4547,1208
4547,4119
4547,4481
4547,5712
4547,6833
4547,6943
4548,828
4548,1864
4548,1947
4548,1972
4548,2090
4548,2281
4548,3324
4548,5906
4549,246
4549,1453
4549,2314
4549,3521
4549,3698
4549,4320
4549,4725
4550,327
4550,452
4550,1602
4550,2846
4550,3301
4550,3917
4551,2686
4551,4577
4551,5226
4551,6114
4551,7246
4553,1999
4553,4895
4553,5881
4554,1630
4554,1983
4554,3597
4554,4819
4554,4883
4554,5848
4554,6212
4554,6257
4554,6842
4555,707
4555,1359
4555,4049
4555,4118
4555,4308
4555,4314
4555,4482
4555,6575
4555,6868
4555,7039
4556,1113
4556,1370
4556,2571
4556,2703
4556,4190
4556,4384
4556,4806
4556,6098
4556,7071
4557,19
4557,932
4557,1146
4557,3236
4557,4414
4557,6199
4557,6623
4557,7530
4559,579
4559,2239
4559,5083
4560,195
4560,941
4560,1068
4560,3145
4560,3244
4560,4019
4560,4051
4560,5185
4561,932
4561,6410
4562,116
4562,766
4562,1667
4562,1790
4562,3203
4562,3739
4562,5068
4562,6584
4562,6945
4563,2912
4564,425
4564,510
4564,618
4564,782
4564,1529
4564,2012
4564,2073
4564,2449
4564,2468
4564,2548
4564,3393
4564,3399
4564,3411
4564,4151
4564,4252
4564,4423
4564,4494
4564,4681
4564,4703
4564,4708
4564,5405
4564,5972
4564,5974
4565,48
4565,1586
4565,1782
4565,3194
4565,6210
4565,6403
4566,516
4566,926
4566,2250
4566,2775
4566,4949
4566,5465
4566,7014
4567,4280
4567,4726
4567,5587
4568,354
4568,1147
4568,1557
4568,2203
4568,3402
4568,4749
4568,4788
4568,6710
4568,6782
4568,6863
4568,7571
4569,143
4569,1245
4569,3011
4569,4006
4569,7032
4570,2239
4570,4164
4570,5404
4570,6701
4570,6848
4570,7573
4570,7582
4571,3004
4571,3240
4571,4084
4571,4368
4573,109
4573,552
4573,678
4573,1357
4573,1571
4573,1790
4573,2645
4573,4120
4573,4691
4573,5037
4573,5108
4573,5593
4573,6945
4573,7003
4573,7105
4573,7312
4574,492
4574,3454
4574,4988
4574,6294
4575,842
4575,3652
4575,4052
4575,6218
4575,6858
4576,1518
4576,3618
4576,3697
4576,5234
4577,1362
4577,1987
4577,2543
4577,3783
4577,4400
4577,4617
4577,5199
4577,5248
4577,7304
4577,7391
4578,201
4578,233
4578,243
4578,260
4578,294
4578,369
4578,392
4578,841
4578,1018
4578,1456
4578,1883
4578,1907
4578,2541
4578,2657
4578,2661
4578,2888
4578,2931
4578,3235
4578,3683
4578,3859
4578,4355
4578,4511
4578,4579
4578,4638
4578,4782
4578,4928
4578,5495
4578,6407
4578,6505
4578,6507
4578,6849
4578,6907
4578,6968
4578,6978
4578,7036
4578,7105
4578,7166
4578,7511
4578,7577
4578,7610
4579,1357
4579,2198
4579,2239
4579,3277
4579,3578
4579,4376
4579,5404
4579,6327
4580,2239
4580,5881
4580,6702
4580,7277
4580,7481
4581,1363
4581,1410
4581,6377
4581,6425
4582,193
4582,1068
4582,2379
4582,3766
4582,4000
4582,4906
4582,4961
4582,5260
4582,5563
4583,937
4583,1630
4583,1851
4583,2281
4583,2557
4583,3090
4583,3167
4583,4614
4583,5448
4583,5668
4583,6124
4583,7075
4584,49
4584,212
4584,584
4584,1615
4584,1739
4584,2673
4584,3190
4584,3209
4584,3559
4584,3751
4584,4427
4584,6699
4585,901
4585,2449
4585,2499
4585,4663
4585,4884
4585,5972
4585,5974
4585,6609
4585,7598
4586,89
4586,269
4586,1899
4586,2832
4586,3578
4586,5881
4586,7247
4587,827
4587,1049
4587,1288
4587,1419
4587,1536
4587,2496
4587,4405
4587,4875
4587,4907
4587,5684
4587,7026
4588,1663
4588,1744
4588,1746
4588,2541
4588,2689
4588,3051
4588,3353
4588,3439
4588,3704
4588,4176
4588,5006
4588,5050
4588,5734
4588,6414
4588,7247
4589,2239
4589,4203
4590,290
4590,963
4590,1538
4590,1899
4590,2198
4590,3051
4590,5359
4590,6669
4590,7477
4591,593
4591,800
4591,868
4591,4127
4591,4522
4591,6678
4592,1481
4592,1730
4592,2267
4592,2513
4592,4573
4592,5629
4592,7003
4593,3964
4593,5556
4593,6012
4593,7077
4593,7130
4594,278
4594,3555
4594,3721
4594,5937
4594,6414
4594,6847
4594,7044
4594,7266
4595,42
4595,85
4595,874
4595,1415
4595,1876
4595,1959
4595,2253
4595,2370
4595,2958
4595,3049
4595,3895
4595,4090
4595,4164
4595,4184
4595,5132
4595,6723
4595,7116
4595,7147
4595,7464
4596,628
4596,1521
4596,2172
4597,140
4597,368
4597,1384
4597,1451
4597,1547
4597,1719
4597,1848
4597,2351
4597,2459
4597,2501
4597,3696
4597,4018
4597,5579
4597,5670
4597,5776
4597,6317
4597,6977
4598,491
4598,2054
4598,2180
4598,5426
4599,968
4599,2064
4599,2133
4599,3747
4599,4143
4599,4237
4599,4530
4599,5877
4599,6199
4599,7460
4600,2054
4600,6255
4601,756
4601,835
4601,3295
4601,5634
4601,5664
4602,1660
4602,4376
4602,5435
4602,6675
4602,7546
4603,749
4603,1243
4603,2090
4603,3091
4603,3805
4603,4467
4603,4666
4604,2827
4604,3180
4604,4663
4604,5974
4604,6567
4605,638
4605,761
4605,2897
4605,4378
4605,4687
4605,7479
4606,2450
4606,7330
4607,744
4607,837
4607,2499
4607,3180
4607,4485
4607,4498
4607,5784
4607,6311
4608,235
4608,1665
4608,1708
4608,2239
4608,2782
4608,2991
4608,4376
4608,4787
4608,5468
4608,6066
4608,6400
4608,7085
4609,777
4609,5115
4609,6512
4609,6715
4609,6909
4610,709
4610,884
4610,932
4610,1593
4610,3494
4610,6094
4610,6130
4610,7460
4611,355
4611,1149
4611,2168
4611,2329
4611,3431
4611,4202
4611,5128
4611,5911
4612,1488
4612,2284
4612,3924
4612,5613
4612,5876
4612,7565
4613,83
4613,144
4613,886
4613,1410
4613,1533
4613,4221
4613,5277
4613,5421
4613,7133
4613,7342
4614,275
4614,1391
4614,1630
4614,1696
4614,1969
4614,2090
4614,2103
4614,2603
4614,3272
4614,3840
4614,5555
4614,5828
4615,709
4615,1791
4615,2251
4615,2292
4615,3030
4615,4237
4615,4379
4615,5515
4615,5877
4615,6002
4615,6404
4615,6561
4615,6635
4615,6870
4616,431
4616,951
4616,1668
4616,2618
4616,4167
4616,7071
4616,7289
4617,1979
4617,2570
4617,2863
4617,3492
4617,3809
4617,4577
4617,4817
4617,4890
4617,5796
4618,54
4618,1021
4618,1303
4618,1675
4618,1728
4618,3201
4618,5279
4618,7405
4618,7500
4619,1504
4619,2260
4619,2622
4619,2717
4619,2775
4619,5529
4620,4149
4620,4340
4620,7343
4621,613
4621,631
4621,1239
4621,1362
4621,1832
4621,1870
4621,2613
4621,3233
4621,3995
4621,4824
4621,5014
4621,5374
4621,5527
4621,6041
4622,357
4622,1284
4622,1854
4622,2595
4622,3796
4622,4067
4622,5143
4623,935
4623,1053
4623,1852
4623,4133
4623,6650
4624,5063
4624,6408
4625,1936
4625,2458
4625,3244
4625,3429
4625,3437
4625,3735
4625,4209
4625,4445
4625,5548
4625,5720
4626,474
4626,680
4626,3532
4626,4991
4626,5997
4626,6878
4627,354
4627,452
4627,743
4627,929
4627,3344
4627,4859
4627,5702
4627,6136
4628,45
4628,202
4628,1012
4628,1320
4628,1955
4628,2078
4628,2236
4628,2477
4628,3662
4628,3792
4628,3814
4628,3819
4628,4428
4628,4455
4628,4520
4628,5423
4628,5527
4628,5838
4628,5887
4628,6117
4628,6177
4628,6260
4628,6318
4628,6349
4628,6429
4628,7390
4628,7394
4629,1749
4629,3812
4629,3896
4629,5739
4629,6009
4629,6569
4629,7250
4630,359
4630,1210
4630,3547
4630,4211
4630,6787
4630,6930
4630,7346
4631,3187
4631,4640
4631,7457
4632,4240
4632,6138
4632,7208
4633,549
4633,993
4633,1496
4633,2052
4633,2512
4633,3524
4633,6838
4633,7160
4634,808
4634,1291
4634,3513
4634,3821
4634,3978
4634,4747
4634,4917
4634,5280
4634,5722
4634,7624
4635,1358
4636,7514
4637,2011
4637,2198
4637,2298
4638,89
4638,369
4638,1744
4638,1899
4638,3648
4638,4895
4638,4954
4638,6414
4638,6990
4639,491
4639,2504
4639,4133
4639,6255
4639,6763
4639,6871
4640,2180
4640,4363
4640,5727
4640,6607
4641,369
4641,1028
4641,1294
4641,1738
4641,1885
4641,1902
4641,2207
4641,2271
4641,2634
4641,2649
4641,3074
4641,3439
4641,3627
4641,4453
4641,4590
4641,4642
4641,4734
4641,4989
4641,5362
4641,5469
4641,5799
4641,5881
4641,6330
4641,6907
4641,7477
4642,60
4642,1472
4642,2377
4642,2967
4642,4805
4642,5234
4642,6551
4642,6731
4642,7071
4643,1141
4643,1283
4643,2862
4643,3075
4643,6697
4644,158
4644,2504
4644,3057
4644,3843
4645,3908
4645,6207
4645,7631
4646,53
4646,56
4646,157
4646,168
4646,289
4646,402
4646,651
4646,719
4646,734
4646,894
4646,895
4646,1043
4646,1219
4646,1397
4646,2156
4646,2184
4646,2550
4646,2560
4646,2742
4646,2748
4646,3100
4646,3107
4646,3463
4646,3624
4646,3629
4646,3675
4646,3792
4646,3829
4646,3972
4646,4272
4646,4445
4646,4449
4646,4582
4646,4742
4646,4907
4646,4995
4646,5024
4646,5057
4646,5134
4646,5232
4646,5580
4646,5596
4646,5894
4646,6509
4646,6768
4646,6925
4646,7026
4646,7031
4646,7049
4646,7051
4646,7260
4646,7261
4646,7367
4646,7434
4646,7447
4647,219
4647,230
4647,819
4647,1326
4647,1400
4647,2329
4647,2399
4647,2456
4647,2528
4647,2877
4647,3423
4647,3431
4647,3873
4647,3879
4647,4530
4647,5480
4647,6550
4648,1053
4648,2250
4648,5599
4648,6151
4648,6213
4648,6752
4648,6871
4649,4793
4649,6504
4650,134
4650,383
4650,592
4650,739
4650,2095
4650,2309
4650,2556
4650,2778
4650,3243
4650,3294
4650,3721
4650,3923
4650,6175
4650,6343
4650,7119
4650,7283
4651,1541
4651,2156
4651,4885
4652,1398
4652,3200
4652,4374
4652,5516
4652,6326
4652,6977
4653,203
4653,382
4653,669
4653,1566
4653,2917
4653,4747
4653,4957
4653,6569
4653,6668
4653,7093
4653,7325
4654,2463
4654,3097
4654,3793
4654,3809
4654,4040
4654,4799
4654,5425
4654,5777
4654,6542
4655,1326
4655,1903
4655,2666
4655,3082
4655,4974
4655,5336
4655,5480
4655,5673
4655,5883
4655,6217
4655,7257
4655,7342
4655,7570
4655,7609
4656,472
4656,716
4656,1087
4656,1916
4656,2156
4656,3197
4656,3525
4656,3630
4656,3676
4656,4804
4656,6431
4656,7221
4657,1336
4657,2100
4657,3175
4657,4242
4657,4732
4657,4843
4657,4903
4657,5548
4657,7575
4658,1214
4658,1798
4658,2313
4658,2340
4658,3051
4658,3184
4658,5082
4658,5707
4658,5799
4658,7104
4659,6311
4659,6625
4660,3735
4660,5647
4660,5684
4661,2748
4661,4235
4661,4260
4661,6691
4662,138
4662,309
4662,1178
4662,1561
4662,3051
4662,5979
4662,6077
4662,6414
4662,7204
4663,74
4663,298
4663,653
4663,663
4663,679
4663,688
4663,746
4663,901
4663,969
4663,1528
4663,1529
4663,1882
4663,2176
4663,2238
4663,2352
4663,2444
4663,2896
4663,2926
4663,3479
4663,3584
4663,3733
4663,4117
4663,4179
4663,4191
4663,4397
4663,4491
4663,4873
4663,4884
4663,4914
4663,4921
4663,4933
4663,5038
4663,5138
4663,5270
4663,5573
4663,5721
4663,5908
4663,6033
4663,6229
4663,6288
4663,6508
4663,6709
4663,6829
4663,7259
4663,7444
4663,7531
4664,1998
4664,2025
4664,2252
4664,4520
4664,5988
4664,7132
4665,434
4665,1536
4665,2422
4665,2585
4665,2608
4665,2803
4665,2833
4665,3086
4665,3343
4665,3461
4665,3819
4665,4501
4665,4738
4665,4867
4665,5922
4665,6556
4665,6621
4665,7621
4666,463
4666,537
4666,541
4666,786
4666,937
4666,1630
4666,1672
4666,1803
4666,2019
4666,2389
4666,2609
4666,2861
4666,3006
4666,3167
4666,3217
4666,3523
4666,3553
4666,3663
4666,3820
4666,3840
4666,4496
4666,4583
4666,4603
4666,4676
4666,5182
4666,5306
4666,5555
4666,6666
4666,7060
4666,7366
4667,914
4667,1743
4667,1969
4667,5849
4667,6010
4667,6046
4668,3686
4668,4033
4668,4731
4668,5186
4668,5254
4668,7373
4669,169
4669,774
4669,924
4669,1058
4669,1210
4669,1294
4669,1545
4669,1796
4669,1805
4669,1993
4669,3008
4669,3362
4669,3876
4669,5160
4669,6597
4669,6849
4669,6887
4669,7337
4669,7464
4669,7536
4669,7577
4670,345
4670,723
4670,869
4670,1966
4670,2683
4670,3081
4670,3103
4670,3115
4670,3216
4670,3218
4670,3249
4670,3527
4670,4102
4670,4216
4670,4541
4670,4573
4670,4836
4670,5068
4670,5304
4670,5403
4670,5559
4670,5758
4670,6197
4670,6272
4670,6560
4670,7216
4670,7266
4670,7553
4671,4428
4671,5910
4671,7641
4672,495
4672,1726
4672,1901
4672,2239
4672,3895
4672,4343
4672,5865
4672,6196
4672,6503
4672,6747
4673,126
4673,172
4673,554
4673,572
4673,758
4673,763
4673,995
4673,1953
4673,2226
4673,2311
4673,2756
4673,3391
4673,3417
4673,3500
4673,4208
4673,4354
4673,4492
4673,4567
4673,4726
4673,4802
4673,5587
4673,5876
4673,5968
4673,6006
4673,6623
4673,6645
4673,6657
4673,7236
4674,2405
4674,2703
4674,3503
4674,4046
4674,6030
4674,6426
4675,323
4675,401
4675,1865
4675,2050
4675,2139
4675,2503
4675,4901
4675,6220
4675,7515
4675,7642
4675,7645
4676,2098
4676,2925
4676,3356
4676,4666
4676,5329
4676,6997
4677,66
4677,511
4677,885
4677,1440
4677,4920
4677,7423
4678,82
4678,840
4678,2424
4678,2582
4678,3413
4678,4860
4678,6254
4678,6541
4678,6695
4678,6708
4679,1058
4679,2198
4679,2239
4679,3623
4679,4573
4680,33
4680,865
4680,1652
4680,2017
4680,2310
4680,2434
4680,2852
4680,2970
4680,3050
4680,3125
4680,3289
4680,3692
4680,4211
4680,4296
4680,4919
4680,5037
4680,5296
4680,5455
4680,6004
4680,6287
4680,6381
4680,6774
4680,7114
4680,7604
4681,1096
4681,2468
4681,2499
4681,4244
4681,4564
4681,6508
4681,7383
4682,2380
4682,2510
4682,4522
4682,5372
4682,5717
4682,6437
4683,1726
4683,2794
4683,3864
4684,2726
4684,2779
4684,6286
4684,6550
4685,413
4685,456
4685,675
4685,835
4685,1227
4685,1302
4685,2161
4685,2239
4685,2295
4685,2807
4685,2927
4685,4073
4685,4551
4685,5354
4685,5634
4685,6060
4685,6271
4685,6839
4686,25
4686,702
4686,925
4686,949
4686,3899
4686,6902
4687,88
4687,100
4687,1519
4687,1597
4687,2374
4687,2430
4687,2910
4687,3783
4687,4378
4687,4577
4687,5004
4687,5248
4687,5460
4687,6165
4687,6748
4688,552
4688,1294
4688,3051
4688,4641
4688,6702
4689,894
4689,1397
4689,2492
4689,2742
4689,2891
4689,3828
4689,3829
4689,3975
4689,4150
4689,4260
4689,5024
4689,5337
4689,5434
4689,5826
4689,5970
4689,6072
4689,6300
4689,6523
4690,1180
4690,1202
4690,1356
4690,1699
4690,2982
4690,3148
4690,7168
4690,7183
4690,7549
4691,1058
4691,2704
4691,4573
4691,5559
4691,6741
4691,7376
4692,3513
4692,3518
4692,3637
4692,3821
4692,5957
4692,6864
4692,7007
4692,7452
4692,7624
4693,109
4693,1769
4693,1956
4693,2345
4693,3155
4693,3295
4693,3331
4693,3578
4693,4805
4693,7518
4694,1058
4694,3177
4694,4313
4695,4774
4695,5241
4695,5538
4695,6414
4695,6702
4696,2059
4696,2375
4696,3559
4696,3641
4696,4889
4696,5234
4696,5881
4696,6171
4696,6464
4696,6466
4697,2348
4697,3488
4697,5412
4697,6707
4697,7395
4698,1009
4698,2074
4698,2315
4698,2606
4698,2702
4698,3038
4698,3354
4698,3993
4698,4051
4698,4346
4698,6991
4699,637
4699,1680
4699,4837
4699,5822
4699,7068
4700,137
4700,2145
4700,2689
4701,162
4701,1561
4701,2751
4701,2996
4701,3802
4701,4015
4701,4440
4701,5156
4701,5305
4701,5654
4702,3187
4702,3851
4702,4631
4702,5393
4703,147
4703,425
4703,746
4703,1223
4703,2012
4703,2395
4703,2548
4703,3504
4703,4564
4703,5357
4703,5920
4703,6168
4703,6725
4704,442
4704,517
4704,1648
4704,1766
4704,2019
4704,2098
4704,2327
4704,3874
4704,4960
4704,5245
4704,6357
4704,6416
4704,7555
4705,45
4705,101
4705,496
4705,1166
4705,1443
4705,1626
4705,3453
4705,5210
4705,5458
4705,7639
4706,2510
4706,3594
4706,3912
4706,4267
4706,6551
4706,6631
4707,1967
4707,3125
4707,3927
4707,4042
4707,5917
4707,6029
4708,147
4708,425
4708,481
4708,943
4708,2843
4708,6222
4708,6924
4708,7489
4709,2907
4709,3331
4709,4805
4709,5819
4710,601
4710,2021
4710,3726
4710,5478
4710,6848
4710,7330
4711,578
4711,619
4711,1509
4711,1529
4711,1555
4711,1858
4711,4117
4711,4491
4711,5228
4711,5718
4711,5751
4711,6227
4711,6496
4712,1798
4712,1907
4712,3051
4713,3608
4714,41
4714,1414
4714,2660
4714,3245
4714,3753
4714,3817
4714,4670
4714,5556
4714,5898
4714,6197
4714,7446
4715,456
4715,495
4715,552
4715,1058
4715,2239
4715,2650
4715,3469
4715,3581
4715,3618
4715,4805
4715,5735
4715,6388
4716,1289
4716,1361
4716,3878
4716,5845
4716,5926
4716,7445
4717,1530
4717,1755
4717,5770
4717,5792
4718,386
4718,5063
4719,1064
4719,4006
4719,4735
4719,4876
4719,4940
4719,5216
4719,7121
4720,1507
4720,1822
4720,1953
4720,2230
4720,4275
4720,4866
4720,5020
4720,5086
4720,5642
4720,6472
4720,7450
4720,7575
4721,206
4721,459
4721,2369
4721,5431
4721,5607
4721,6220
4721,6239
4721,6273
4722,1325
4722,1682
4722,5893
4722,6166
4722,7467
4723,349
4723,641
4723,1334
4723,2623
4723,2777
4723,3717
4723,3992
4723,5509
4723,5939
4723,6876
4723,7457
4723,7513
4724,73
4724,839
4724,2332
4724,5222
4724,5685
4724,6618
4724,6624
4724,7195
4725,436
4725,1522
4725,1657
4725,1669
4725,2228
4725,2390
4725,3131
4725,3313
4725,3847
4725,3911
4725,4027
4725,4908
4725,5301
4725,5541
4725,5604
4725,5992
4725,6314
4725,6589
4725,7153
4725,7191
4725,7365
4726,279
4726,563
4726,999
4726,1146
4726,2284
4726,2813
4726,3741
4726,4357
4726,5131
4726,5587
4726,6587
4726,6623
4726,7565
4727,3788
4727,5162
4727,6635
4728,2098
4728,2324
4728,3558
4728,5588
4728,7013
4728,7014
4728,7020
4728,7124
4728,7630
4729,1544
4729,2831
4729,3359
4729,4386
4729,4904
4729,6039
4729,6451
4729,7474
4730,402
4731,3889
4732,1336
4732,4242
4732,4720
4732,4843
4732,4866
4732,4903
4732,6205
4732,7516
4732,7575
4733,551
4733,1958
4733,2332
4733,4952
4733,5650
4734,369
4734,1453
4734,3377
4734,4578
4734,4768
4734,6678
4734,7247
4734,7395
4735,39
4735,705
4735,856
4735,1098
4735,1486
4735,1894
4735,2113
4735,2588
4735,2648
4735,3013
4735,4223
4735,4302
4735,5216
4735,5420
4735,5433
4735,6417
4736,180
4736,531
4736,1680
4736,2245
4736,4205
4736,4291
4736,4837
4736,6072
4736,7606
4737,863
4737,6265
4737,6646
4738,66
4738,1031
4738,2056
4738,3227
4738,3819
4738,4665
4738,4935
4738,5520
4738,6621
4738,7334
4739,316
4739,328
4739,463
4739,806
4739,1434
4739,1504
4739,1583
4739,1972
4739,2603
4739,2635
4739,3305
4739,3324
4739,3346
4739,3597
4739,3640
4739,3649
4739,3992
4739,4264
4739,4504
4739,4759
4739,4881
4739,5662
4739,6391
4740,10
4740,605
4740,1332
4740,1334
4740,3678
4740,3717
4740,4723
4740,5017
4740,5110
4740,7437
4741,1759
4741,1969
4741,5306
4741,6257
4741,6666
4741,6956
4742,2077
4742,2984
4742,3735
4742,4209
4742,4646
4742,4961
4742,6433
4742,7367
4743,116
4743,194
4743,2239
4743,6211
4743,7151
4744,249
4744,3122
4744,4322
4744,5834
4744,7509
4745,40
4745,51
4745,2001
4745,2809
4745,2955
4745,3077
4745,4735
4745,6733
4745,7602
4746,276
4746,446
4746,518
4746,582
4746,942
4746,947
4746,1108
4746,2287
4746,4384
4746,4458
4746,4771
4746,7127
4747,215
4747,922
4747,1568
4747,2234
4747,2529
4747,3779
4747,3827
4747,3964
4747,4634
4747,4653
4747,4858
4747,5728
4747,6110
4747,6960
4747,7130
4748,257
4748,303
4748,1468
4748,2133
4748,3082
4748,4655
4748,5025
4748,5135
4748,6062
4748,6217
4748,6550
4748,7229
4748,7500
4749,327
4749,1602
4749,2301
4749,2693
4749,4568
4749,5443
4749,6267
4749,7279
4750,333
4750,2515
4750,2545
4750,5564
4750,5574
4750,5814
4750,5890
4750,6905
4750,6908
4750,7057
4751,786
4751,1849
4751,2114
4751,2806
4751,6164
4751,6502
4751,6772
4751,7555
4752,586
4752,1701
4752,3085
4752,3136
4752,3690
4752,3826
4752,4410
4752,5387
4752,6312
4753,2275
4753,2670
4753,5607
4754,1280
4754,1645
4754,4679
4754,5428
4754,5556
4754,6388
4754,6458
4754,7233
4754,7250
4755,593
4755,1280
4755,5734
4755,5982
4755,6215
4756,3244
4757,2
4757,930
4757,2739
4757,4183
4757,6298
4757,6358
4757,6986
4758,755
4758,1434
4758,1717
4758,1751
4758,2419
4758,2557
4758,2681
4758,2754
4758,2806
4758,3346
4758,3356
4758,3528
4758,3558
4758,3575
4758,3628
4758,4236
4758,4739
4758,5245
4759,189
4759,1391
4759,1849
4759,2326
4759,3528
4759,3597
4759,5164
4759,5512
4759,5602
4759,5848
4759,6164
4760,37
4761,4252
4761,5357
4761,6106
4761,7489
4762,514
4762,1052
4762,2016
4762,2288
4762,3265
4762,3397
4762,4066
4762,4486
4762,6071
4762,6351
4762,6420
4762,6744
4763,884
4763,2064
4763,5884
4763,7009
4764,1069
4764,1091
4764,2977
4764,3330
4764,3672
4764,3895
4764,4343
4764,7067
4765,547
4765,574
4765,4481
4765,5196
4766,1482
4766,7172
4766,7476
4767,1618
4767,1650
4767,3351
4767,3566
4767,4282
4767,4362
4767,5175
4767,5550
4767,6558
4768,124
4768,774
4768,1614
4768,2043
4768,2614
4768,2931
4768,3284
4768,4167
4768,4422
4768,4737
4768,5392
4768,5471
4768,5689
4768,6077
4768,6620
4768,7159
4768,7628
4769,252
4769,564
4769,1300
4769,1435
4769,1490
4769,1550
4769,2094
4769,2707
4769,2944
4769,5625
4769,5636
4769,6555
4769,6955
4770,5594
4771,0
4771,269
4771,1744
4771,2823
4771,3080
4771,4522
4771,4948
4771,6952
4771,7467
4772,661
4772,2037
4772,2281
4772,4666
4772,4881
4772,6679
4773,85
4773,3370
4774,1498
4774,3704
4774,4590
4774,4695
4774,5538
4774,6702
4774,7215
4775,1990
4775,2052
4775,2644
4775,4015
4775,7190
4776,2850
4776,3747
4776,4925
4776,5547
4776,6130
4777,497
4777,757
4777,764
4777,3817
4778,593
4778,1711
4778,2198
4778,6702
4779,200
4779,1338
4779,1441
4779,1556
4779,2121
4779,2607
4779,4922
4779,7019
4780,1411
4780,3345
4780,4363
4780,6891
4781,265
4781,1738
4781,4024
4782,593
4782,3897
4782,6135
4782,6551
4782,6678
4782,6702
4783,3490
4783,4410
4783,4518
4783,4752
4783,5422
4783,5994
4783,7004
4783,7498
4784,3275
4785,904
4785,1293
4785,2620
4785,3068
4785,3538
4785,3895
4785,5222
4785,6551
4785,6618
4785,7197
4786,894
4786,2742
4786,3824
4786,3828
4786,3829
4786,4260
4786,6612
4787,85
4787,1022
4787,1268
4787,1592
4787,1842
4787,2048
4787,2711
4787,2882
4787,3235
4787,3252
4787,3616
4787,4158
4787,4608
4787,4847
4787,5816
4787,6492
4787,6540
4787,7296
4787,7572
4788,4568
4789,2813
4789,4181
4789,5380
4789,5876
4790,495
4790,1120
4790,1794
4790,2055
4790,3578
4790,3887
4790,5378
4790,5589
4790,5749
4790,5880
4790,7250
4790,7467
4791,658
4791,1004
4791,4082
4791,4345
4791,6702
4791,7526
4792,593
4792,3715
4793,282
4793,2619
4793,3208
4793,3813
4793,4649
4793,6065
4794,437
4794,1352
4794,2297
4794,3497
4794,5450
4794,6150
4794,6543
4794,7002
4794,7185
4794,7199
4794,7315
4795,491
4795,1213
4795,1306
4795,1411
4795,2504
4795,5395
4795,5599
4795,6871
4795,7378
4796,355
4796,2168
4796,2413
4796,6988
4797,4186
4797,5511
4797,7445
4798,2990
4799,2898
4799,3358
4799,4094
4799,4654
4799,4869
4799,4913
4799,5777
4800,667
4800,1909
4800,3684
4800,5934
4800,6423
4800,6884
4801,1293
4801,1624
4801,2883
4801,2911
4801,3069
4801,6933
4802,554
4802,763
4802,1488
4802,1656
4802,2756
4802,2813
4802,3924
4802,4673
4802,5266
4802,6163
4802,7271
4802,7432
4803,2571
4803,2911
4803,3602
4803,4184
4803,4806
4803,6462
4803,6760
4804,2149
4804,2416
4804,2803
4804,3354
4804,3586
4804,5071
4804,5723
4804,5922
4804,6084
4804,6698
4804,7145
4804,7281
4804,7386
4804,7391
4805,224
4805,360
4805,434
4805,438
4805,596
4805,655
4805,673
4805,696
4805,874
4805,1019
4805,1145
4805,1153
4805,1209
4805,1271
4805,1429
4805,1494
4805,1520
4805,1581
4805,1655
4805,1829
4805,2032
4805,2163
4805,2234
4805,2267
4805,2270
4805,2418
4805,2487
4805,2494
4805,2634
4805,2637
4805,2682
4805,2716
4805,2781
4805,2793
4805,2857
4805,2906
4805,2929
4805,2961
4805,2970
4805,3019
4805,3103
4805,3118
4805,3155
4805,3177
4805,3193
4805,3202
4805,3218
4805,3234
4805,3268
4805,3304
4805,3373
4805,3381
4805,3612
4805,3617
4805,3659
4805,3750
4805,3753
4805,3878
4805,3985
4805,4102
4805,4115
4805,4160
4805,4194
4805,4211
4805,4216
4805,4408
4805,4576
4805,4594
4805,4595
4805,4693
4805,4709
4805,4754
4805,4831
4805,4835
4805,5064
4805,5158
4805,5176
4805,5195
4805,5208
4805,5219
4805,5343
4805,5352
4805,5445
4805,5496
4805,5549
4805,5682
4805,5729
4805,5786
4805,5895
4805,6009
4805,6055
4805,6101
4805,6128
4805,6131
4805,6152
4805,6170
4805,6230
4805,6424
4805,6438
4805,6528
4805,6758
4805,6852
4805,6945
4805,6980
4805,7090
4805,7151
4805,7159
4805,7168
4805,7302
4805,7310
4805,7312
4805,7339
4805,7364
4805,7382
4805,7448
4805,7466
4805,7517
4805,7520
4805,7553
4806,69
4806,542
4806,810
4806,958
4806,1268
4806,1690
4806,1747
4806,1782
4806,1918
4806,2198
4806,2393
4806,2410
4806,2564
4806,2573
4806,2600
4806,2866
4806,2882
4806,2931
4806,3334
4806,3362
4806,3456
4806,3659
4806,3708
4806,4303
4806,4326
4806,4465
4806,4499
4806,4737
4806,5008
4806,5099
4806,5344
4806,5463
4806,5730
4806,6658
4806,7070
4806,7091
4806,7231
4809,1010
4809,3100
4809,4853
4809,5298
4809,5854
4810,302
4810,402
4810,465
4810,791
4810,1381
4810,2165
4810,2344
4810,2727
4810,3095
4810,3197
4810,3352
4810,3429
4810,3483
4810,3629
4810,4445
4810,4520
4810,4656
4810,4804
4810,5239
4810,5331
4810,5370
4810,5391
4810,5496
4810,5560
4810,5617
4810,5723
4810,6031
4810,6469
4810,6739
4810,6859
4810,6998
4810,7386
4811,2186
4811,2703
4811,3506
4811,3781
4811,3920
4811,4952
4811,5174
4811,5665
4811,6412
4811,6909
4811,7131
4812,592
4812,1194
4812,4848
4812,6175
4812,6371
4812,7601
4813,1487
4813,5256
4813,5591
4813,6453
4813,7631
4814,1537
4814,3041
4814,3375
4814,3494
4814,4292
4814,7404
4814,7530
4815,1968
4815,2167
4815,2178
4815,2429
4815,3192
4815,3200
4815,3694
4815,3971
4815,4018
4815,4374
4815,4929
4815,5516
4815,6248
4815,6809
4815,6862
4815,7199
4816,261
4816,593
4816,659
4816,706
4816,2675
4816,4243
4816,7346
4817,88
4817,301
4817,514
4817,2374
4817,4222
4817,4551
4817,4617
4817,4687
4817,6378
4817,6627
4817,6766
4817,7304
4818,1559
4818,1765
4818,1839
4818,2616
4818,4192
4818,4837
4818,5822
4818,6697
4819,1864
4819,3401
4819,3628
4819,4554
4819,7470
4820,835
4820,3249
4820,3578
4821,4437
4821,7172
4821,7476
4822,114
4822,881
4822,2171
4822,2820
4822,3983
4822,4522
4822,6069
4823,87
4823,634
4823,638
4823,648
4823,1261
4823,1436
4823,1987
4823,2481
4823,3176
4823,5183
4823,5379
4823,5930
4823,6861
4823,7087
4823,7414
4824,1688
4824,2000
4824,2254
4824,4621
4824,5253
4825,452
4825,1779
4825,1968
4825,2580
4825,3522
4825,4119
4825,4481
4825,7301
4826,3498
4827,260
4827,593
4827,1744
4827,1959
4827,3189
4827,3748
4827,4952
4827,5559
4827,7572
4828,2887
4828,3049
4828,3923
4828,4912
4828,5293
4828,7119
4829,349
4829,1264
4829,1736
4829,2623
4829,5939
4830,415
4830,1430
4830,4384
4830,6794
4830,6954
4831,858
4831,2066
4831,2502
4831,2586
4831,5180
4831,6246
4832,2973
4832,6942
4833,2833
4834,3510
4834,6897
4835,835
4835,1470
4835,3295
4835,4194
4835,7467
4836,1862
4836,4670
4836,5840
4837,1559
4837,2785
4837,2836
4837,4699
4837,5822
4837,6405
4837,6776
4837,7595
4838,4867
4839,1513
4839,1540
4839,6707
4841,407
4841,1116
4841,1314
4841,1393
4841,1506
4841,5207
4841,5622
4841,6053
4841,6702
4841,7123
4841,7168
4841,7303
4841,7495
4842,2385
4842,2686
4842,4489
4842,5142
4842,6438
4843,1039
4843,1953
4843,2035
4843,2053
4843,3156
4843,3417
4843,3846
4843,4321
4843,5187
4843,5339
4843,5601
4843,6205
4843,6755
4843,7497
4843,7516
4844,1265
4844,2580
4844,3254
4844,3943
4844,6697
4844,6863
4844,7028
4845,1862
4845,2808
4845,5082
4845,6936
4846,42
4846,1058
4846,4376
4846,6540
4847,593
4847,1067
4847,1833
4847,3698
4847,4787
4847,5816
4847,6701
4848,592
4848,739
4848,1082
4848,1236
4848,1591
4848,2778
4848,3020
4848,3241
4848,3243
4848,4638
4848,4912
4848,5595
4848,5597
4848,6371
4848,7534
4849,667
4849,699
4849,884
4849,1128
4849,1762
4849,1923
4849,3915
4849,4237
4849,6173
4849,6194
4849,6396
4849,7065
4850,1440
4850,6514
4850,7532
4851,336
4851,2089
4851,2143
4851,2358
4851,2372
4851,2425
4851,3466
4851,4054
4851,7307
4851,7587
4852,2453
4852,2492
4852,2752
4852,3219
4852,4646
4852,7031
4852,7081
4853,4809
4853,5298
4854,94
4854,1777
4854,2244
4854,2738
4854,2801
4854,3271
4854,4001
4854,5209
4854,5500
4854,6015
4854,6282
4854,6696
4854,7190
4855,7
4855,158
4855,2180
4855,4265
4855,6127
4855,7378
4856,797
4856,1015
4856,1404
4856,1559
4856,2566
4856,3238
4856,3465
4856,3596
4856,3955
4856,4361
4856,4997
4856,7595
4857,540
4857,3160
4857,4376
4857,4670
4857,5316
4857,6354
4858,526
4858,2026
4858,3964
4858,4747
4858,6388
4858,6668
4858,7250
4859,1052
4859,2131
4859,2580
4859,3344
4859,4451
4859,5862
4860,82
4860,3308
4860,3432
4860,3644
4860,4678
4861,204
4861,1021
4861,1099
4861,1262
4861,3412
4861,3423
4861,4237
4861,4418
4861,6113
4861,6374
4861,7285
4861,7460
4861,7483
4862,514
4862,2863
4862,2898
4862,4617
4862,4869
4862,4913
4862,5574
4862,5777
4862,6914
4862,7076
4863,1046
4863,1209
4863,1371
4863,1407
4863,1494
4863,1673
4863,2066
4863,2354
4863,2372
4863,2400
4863,2933
4863,4194
4863,4790
4863,4805
4863,5589
4863,5981
4863,6101
4864,677
4864,1330
4864,1524
4864,2671
4864,3184
4864,3493
4864,4376
4864,4422
4864,4490
4864,5658
4864,5961
4864,5984
4864,6115
4864,6284
4864,7401
4865,1249
4865,3171
4865,3408
4865,3681
4865,6640
4866,1336
4866,1565
4866,1988
4866,2035
4866,2053
4866,3191
4866,3292
4866,4657
4866,4732
4866,4903
4866,5024
4866,5276
4866,5339
4866,5548
4866,5558
4866,5601
4866,5642
4866,6324
4866,6591
4866,7450
4866,7516
4866,7595
4867,66
4867,90
4867,927
4867,993
4867,2422
4867,2803
4867,3205
4867,3729
4867,3902
4867,4838
4867,5440
4867,5517
4867,6460
4867,6957
4868,1046
4869,1192
4869,2155
4869,2863
4869,3265
4869,4376
4869,4862
4869,4913
4869,5403
4869,6230
4870,61
4870,138
4870,431
4870,469
4870,1723
4870,1908
4870,2060
4870,2239
4870,4156
4870,4352
4870,4380
4870,4531
4870,5006
4870,5311
4870,5966
4870,7150
4871,304
4871,789
4871,2143
4871,2198
4871,5438
4871,7330
4872,689
4872,2139
4872,2275
4872,6034
4873,1529
4873,3211
4873,3452
4873,4191
4873,4411
4873,4494
4873,4498
4873,5750
4873,5784
4873,6103
4874,766
4874,1884
4874,4376
4874,4466
4875,150
4875,164
4875,1691
4875,2051
4875,2539
4875,4560
4875,5059
4875,5238
4875,5326
4875,5671
4875,6443
4876,1064
4876,2454
4876,2610
4876,4719
4876,5936
4877,947
4877,1040
4877,2239
4877,3756
4877,4376
4877,6487
4877,7008
4877,7535
4878,282
4878,1068
4878,1454
4878,1687
4878,1994
4878,1998
4878,2619
4878,3653
4878,3902
4878,4283
4878,5320
4878,6249
4878,6295
4879,73
4879,555
4879,1139
4879,1296
4879,2225
4879,3671
4879,5550
4879,5801
4879,6740
4880,1425
4880,2872
4880,3400
4880,6493
4880,7455
4881,749
4881,806
4881,1054
4881,1648
4881,3346
4881,4236
4881,5409
4881,7061
4881,7241
4882,9
4882,564
4882,796
4882,1435
4882,2707
4882,3418
4882,3838
4882,4430
4882,4769
4882,5933
4882,6162
4882,7099
4883,433
4883,698
4883,1609
4883,3640
4883,5436
4883,5465
4883,6372
4884,398
4884,578
4884,609
4884,782
4884,1223
4884,1646
4884,2395
4884,2398
4884,2444
4884,2853
4884,6222
4884,7324
4885,1255
4885,1270
4885,1527
4885,1541
4885,2156
4885,4651
4885,6084
4885,7169
4886,481
4886,3584
4886,3904
4886,4663
4886,6488
4886,7383
4887,3005
4887,4116
4887,4462
4887,5071
4887,7414
4888,2580
4888,2862
4888,4124
4888,4431
4888,6394
4889,752
4889,777
4889,3469
4889,3542
4889,5098
4889,5171
4890,748
4890,1014
4890,1046
4890,1802
4890,2028
4890,2055
4890,2908
4890,2954
4890,3098
4890,4324
4890,5455
4891,5454
4891,6340
4892,584
4892,1296
4892,1722
4892,4982
4892,5936
4892,7121
4893,382
4893,2392
4893,2579
4893,6412
4893,6713
4893,6966
4894,1418
4894,2375
4894,3469
4894,4198
4894,5664
4894,6171
4894,6219
4895,522
4895,849
4895,924
4895,2294
4895,2380
4895,3551
4895,4638
4895,4954
4896,409
4896,3885
4896,4950
4896,4980
4896,5140
4896,5829
4896,6561
4896,6718
4896,7126
4896,7243
4897,158
4897,890
4897,2180
4897,2504
4897,5395
4897,5599
4897,6764
4898,330
4898,1274
4898,1506
4898,2246
4898,2693
4898,3148
4898,3668
4898,4432
4898,4690
4898,4841
4898,5234
4898,5622
4898,5625
4898,5837
4898,6346
4898,6826
4899,871
4899,977
4899,1131
4899,2654
4899,3150
4899,3924
4899,4143
4899,4208
4899,4414
4899,4673
4899,5380
4900,28
4900,456
4900,803
4900,1185
4900,1429
4900,2738
4900,4304
4900,5664
4900,5708
4900,6696
4901,1781
4901,2503
4901,3940
4901,4675
4901,4981
4901,5431
4901,6218
4902,1337
4902,1795
4902,3625
4902,3695
4902,4054
4902,5144
4902,6522
4902,6565
4903,2245
4903,4732
4903,4866
4903,5592
4904,85
4904,474
4904,1644
4904,2610
4904,3501
4904,4302
4904,4422
4904,4637
4904,6281
4904,6676
4904,6828
4904,7323
4905,186
4905,335
4905,349
4905,2235
4905,2953
4905,4105
4905,4403
4905,5619
4905,5711
4905,7458
4906,43
4906,151
4906,205
4906,270
4906,302
4906,472
4906,507
4906,704
4906,751
4906,791
4906,820
4906,1012
4906,1175
4906,1276
4906,1295
4906,1516
4906,1598
4906,1800
4906,1933
4906,1951
4906,1955
4906,2014
4906,2191
4906,2283
4906,2353
4906,2727
4906,3186
4906,3244
4906,3533
4906,3651
4906,3680
4906,4428
4906,4909
4906,4969
4906,5059
4906,5142
4906,5423
4906,5482
4906,5638
4906,5724
4906,5841
4906,6051
4906,6084
4906,6318
4906,6495
4906,6639
4906,6642
4906,7049
4906,7434
4906,7447
4907,347
4907,827
4907,1150
4907,1164
4907,3107
4907,3244
4907,3248
4907,4242
4907,4587
4907,4875
4907,5684
4907,6818
4907,7620
4908,1561
4908,2000
4908,2068
4908,4178
4908,4725
4908,7579
4909,1985
4909,4103
4909,4305
4909,6572
4910,2962
4910,2997
4910,5499
4910,5550
4910,6721
4911,206
4911,401
4911,1332
4911,1694
4911,2139
4911,3288
4911,4901
4911,5113
4911,5607
4911,5681
4911,6132
4911,6559
4911,6865
4912,2859
4912,3621
4912,5061
4912,6759
4912,6983
4913,156
4913,768
4913,1891
4913,2570
4913,2880
4913,2918
4913,3031
4913,3260
4913,3265
4913,3793
4913,3809
4913,3855
4913,4869
4913,5771
4913,6542
4913,6856
4914,147
4914,2805
4914,4411
4914,4663
4914,7110
4915,2863
4915,5492
4916,209
4917,526
4917,683
4917,3702
4917,4220
4917,4584
4917,6348
4917,6412
4917,6835
4917,7250
4917,7322
4918,474
4918,2438
4918,6451
4918,6594
4918,7330
4919,593
4919,810
4919,1775
4919,2339
4919,4384
4919,5132
4919,5296
4919,5551
4919,5641
4919,5730
4919,6022
4919,6714
4919,6848
4920,1010
4920,1043
4920,4000
4920,4677
4921,3452
4921,4244
4921,5974
4921,7383
4921,7598
4922,165
4922,181
4922,429
4922,676
4922,704
4922,1275
4922,1386
4922,1984
4922,2360
4922,3645
4922,3709
4922,4518
4922,4520
4922,4779
4922,5423
4922,5517
4922,5566
4922,5633
4922,6005
4922,6314
4922,6318
4922,6477
4922,6795
4922,6888
4923,96
4923,144
4923,315
4923,932
4923,1676
4923,2109
4923,2710
4923,3464
4923,4512
4923,5135
4923,6199
4923,6347
4923,6791
4923,6948
4923,7157
4923,7460
4923,7565
4924,1237
4924,2399
4924,3201
4924,4237
4924,5279
4924,5762
4924,6899
4925,355
4925,543
4925,733
4925,741
4925,1791
4925,1824
4925,2439
4925,2850
4925,2915
4925,3104
4925,4610
4925,4947
4925,4951
4925,6234
4925,6419
4925,6480
4925,6937
4925,6975
4925,7009
4926,3244
4926,3979
4926,4646
4926,4994
4926,6433
4926,6998
4927,1366
4927,1542
4927,1968
4927,2580
4927,4132
4927,5196
4927,6455
4927,6863
4927,7301
4927,7533
4928,374
4928,2198
4928,6397
4928,6497
4929,140
4929,1719
4929,1968
4929,3609
4929,3679
4929,3921
4929,3935
4929,4364
4929,5579
4929,5900
4929,6248
4929,6317
4929,6742
4929,6862
4929,6934
4929,7326
4930,4201
4931,844
4931,5256
4931,6937
4932,535
4932,6893
4933,679
4933,2827
4933,3904
4933,4663
4934,924
4934,2541
4934,4188
4934,5139
4934,5982
4934,6702
4934,6887
4934,7215
4935,3662
4935,3949
4935,4738
4935,5057
4935,5922
4935,7224
4936,1994
4936,3653
4936,6295
4937,187
4937,1065
4937,1537
4937,1846
4937,2792
4937,3258
4937,5153
4937,5432
4937,5867
4937,7052
4938,433
4938,1743
4938,2103
4938,2860
4938,3346
4938,3565
4938,3714
4938,5436
4938,5662
4938,6670
4939,873
4939,2619
4939,3208
4939,5988
4939,6436
4940,39
4940,75
4940,211
4940,248
4940,1139
4940,1212
4940,1315
4940,1722
4940,2024
4940,3224
4940,3320
4940,3643
4940,3890
4940,3891
4940,4422
4940,5216
4940,6096
4940,7556
4941,169
4941,1899
4941,3001
4941,3648
4941,3720
4941,4023
4941,5488
4941,6702
4942,3697
4943,182
4943,740
4943,1617
4943,2726
4943,3684
4943,5034
4943,6090
4943,6681
4944,1372
4944,2198
4944,2254
4944,3521
4944,3952
4944,5301
4945,1841
4945,3879
4945,6401
4945,6948
4946,1663
4946,3380
4946,4243
4946,5679
4946,7150
4946,7607
4947,4925
4947,5793
4947,6130
4948,3152
4948,5404
4948,6345
4949,1412
4949,2114
4949,2474
4949,2775
4949,3523
4949,5028
4949,6257
4949,6465
4949,6520
4949,7407
4950,959
4950,1823
4950,2350
4950,2409
4950,3801
4950,6550
4950,6635
4950,6718
4950,7460
4951,1065
4951,4925
4951,6130
4952,92
4952,173
4952,293
4952,341
4952,509
4952,538
4952,611
4952,655
4952,772
4952,1093
4952,1224
4952,1402
4952,1427
4952,1485
4952,1510
4952,1563
4952,1690
4952,1907
4952,1910
4952,1918
4952,1970
4952,2013
4952,2040
4952,2042
4952,2521
4952,2719
4952,3039
4952,3096
4952,3608
4952,3734
4952,3832
4952,3897
4952,3926
4952,3973
4952,4017
4952,4041
4952,4083
4952,4114
4952,4167
4952,4262
4952,4285
4952,4313
4952,4317
4952,4366
4952,4535
4952,4729
4952,4733
4952,4971
4952,5022
4952,5091
4952,5259
4952,5464
4952,5478
4952,5689
4952,5704
4952,5732
4952,5931
4952,6047
4952,6487
4952,6490
4952,6518
4952,6527
4952,6617
4952,6737
4952,6760
4952,6810
4952,6832
4952,7104
4952,7114
4952,7231
4952,7321
4952,7331
4952,7406
4952,7468
4952,7599
4952,7628
4954,258
4954,359
4954,3623
4954,5979
4954,6054
4954,6066
4954,6968
4954,7021
4954,7610
4955,2459
4955,3863
4955,6934
4956,28
4956,306
4956,1364
4956,1827
4956,2098
4956,3036
4956,3065
4956,3371
4956,4958
4956,6465
4956,6502
4956,7373
4957,1810
4957,1973
4957,2568
4957,4967
4957,5002
4957,5781
4957,6243
4957,6464
4957,7250
4957,7638
4958,512
4958,2250
4958,3024
4958,4956
4958,6451
4958,6852
4958,7380
4959,573
4959,851
4959,931
4959,2565
4959,3473
4959,3724
4959,3744
4959,3787
4959,3969
4959,4152
4959,4435
4959,4909
4959,5191
4959,5498
4960,541
4960,749
4960,787
4960,882
4960,1977
4960,2006
4960,2147
4960,2187
4960,2260
4960,2419
4960,2508
4960,2609
4960,2946
4960,2975
4960,3283
4960,3523
4960,3543
4960,4375
4960,4412
4960,4603
4960,4666
4960,4676
4960,4883
4960,5182
4960,5409
4960,5540
4960,5691
4960,5753
4960,6143
4960,6391
4960,6502
4960,6881
4960,7402
4961,46
4961,191
4961,347
4961,465
4961,531
4961,1043
4961,3352
4961,3833
4961,3953
4961,3975
4961,4065
4961,4150
4961,4582
4961,4742
4961,5802
4961,6025
4961,6072
4961,6120
4961,7316
4961,7622
4962,1765
4962,7575
4963,66
4963,171
4963,1035
4963,4325
4963,5563
4964,2018
4964,3309
4965,2022
4965,2139
4965,6865
4967,203
4967,1019
4967,1645
4967,2066
4967,3103
4967,3612
4967,3812
4967,3964
4967,4805
4967,5761
4967,7262
4967,7560
4968,147
4968,481
4968,1126
4968,3393
4968,6488
4968,7489
4969,719
4969,2293
4969,2492
4969,3884
4969,5733
4970,2963
4970,3437
4970,4239
4970,5826
4970,6117
4971,593
4971,4157
4971,4369
4971,5132
4971,5707
4971,5799
4972,275
4972,749
4972,1609
4972,2090
4972,2326
4972,4739
4972,4759
4972,5164
4972,5250
4973,2834
4973,2863
4973,2879
4973,4094
4973,5168
4973,5771
4973,6058
4973,6856
4974,120
4974,1326
4974,2343
4974,2456
4974,5131
4974,5480
4974,6138
4975,1656
4975,4673
4975,6653
4976,3494
4976,4276
4976,5877
4976,7564
4977,594
4977,823
4977,1265
4977,1300
4977,2716
4977,3338
4977,4481
4977,5196
4977,5246
4977,6659
4977,7571
4978,3759
4978,3915
4978,6598
4979,1744
4979,5241
4979,7477
4980,550
4980,1055
4980,1422
4980,1807
4980,2350
4980,2413
4980,3774
4980,4144
4980,4599
4981,78
4981,401
4981,1781
4981,2369
4981,2472
4981,2503
4981,4911
4981,5113
4981,5954
4981,6220
4981,7484
4981,7645
4982,1315
4982,1453
4982,2257
4982,3503
4982,3559
4982,5993
4982,6898
4983,857
4983,1665
4983,2106
4983,2239
4983,3178
4983,3538
4983,3632
4983,5222
4984,187
4984,557
4984,1737
4984,4143
4984,4208
4984,4237
4984,4280
4984,5877
4984,6199
4984,6278
4984,6975
4984,7565
4985,766
4985,3223
4985,7587
4986,20
4986,1296
4986,2225
4986,3469
4986,4879
4986,5296
4986,6328
4986,7196
4987,680
4987,964
4987,1069
4987,1379
4987,1409
4987,1725
4987,1831
4987,2024
4987,2454
4987,2701
4987,3194
4987,3410
4987,5188
4987,5263
4987,6417
4987,6901
4987,7102
4988,2293
4988,6294
4989,2586
4989,4009
4989,4747
4989,7325
4989,7590
4990,1810
4990,2404
4990,3510
4990,3742
4990,3757
4990,3837
4990,3964
4990,4069
4990,6569
4990,6879
4991,143
4991,248
4991,3888
4991,5022
4991,6210
4991,7020
4991,7032
4991,7035
4992,349
4992,605
4992,1736
4992,1980
4992,2337
4992,2435
4992,2777
4992,3102
4992,3415
4992,3717
4992,4236
4992,5929
4992,5939
4992,7348
4993,237
4993,615
4993,2517
4993,4087
4993,4379
4993,4472
4993,5256
4993,5419
4993,5523
4993,5553
4993,5736
4993,6090
4993,6681
4993,6796
4993,6873
4993,6915
4993,7037
4993,7133
4993,7257
4993,7355
4993,7631
4994,165
4994,197
4994,364
4994,384
4994,402
4994,454
4994,704
4994,912
4994,1255
4994,1386
4994,1441
4994,1480
4994,1541
4994,2308
4994,2932
4994,3374
4994,3524
4994,4969
4994,5254
4994,5894
4994,5910
4994,6155
4994,6509
4994,6745
4994,7543
4995,4646
4996,1547
4996,3192
4996,3639
4996,3679
4996,4374
4996,5579
4996,5621
4996,6167
4996,6809
4996,6862
4997,12
4997,2245
4997,3953
4997,4104
4997,4258
4997,4429
4997,6025
4997,6169
4997,6514
4997,7178
4997,7532
4998,281
4998,1114
4998,1602
4998,2578
4998,3943
4998,4132
4998,4481
4998,4547
4998,5233
4998,5246
4998,5353
4998,6158
4998,6943
4999,3220
4999,5272
5000,1940
5000,1961
5000,2007
5000,2371
5000,2405
5000,3199
5000,4422
5000,4427
5000,7384
5001,920
5001,1184
5001,2163
5001,3339
5001,4294
5001,6403
5001,6451
5002,3698
5002,4957
5002,6569
5003,639
5003,3698
5003,7551
5004,648
5004,3005
5004,4378
5004,4687
5004,6114
5005,2022
5005,2503
5005,5655
5005,6239
5005,6273
5005,6734
5006,1671
5006,2868
5006,5404
5006,5543
5006,5708
5006,6526
5006,6702
5006,7097
5006,7247
5007,1561
5007,2484
5007,3080
5007,4337
5007,5167
5007,5398
5007,6527
5008,1178
5008,1798
5008,3277
5008,4768
5008,5095
5008,6551
5009,146
5009,2431
5009,6048
5009,6165
5009,6896
5009,7304
5009,7486
5010,1927
5010,2883
5010,3895
5010,4384
5010,4490
5010,6452
5011,120
5011,884
5011,2850
5011,3494
5011,3684
5011,4613
5011,5162
5011,5271
5011,6002
5011,7011
5012,705
5012,3895
5012,5511
5013,593
5013,774
5013,1351
5013,1838
5013,2206
5013,2408
5013,2649
5013,3185
5013,3422
5013,3683
5013,3720
5013,5077
5013,5769
5013,5853
5013,5904
5013,6688
5013,6702
5013,7021
5013,7215
5014,807
5014,3705
5014,4621
5014,4908
5014,5541
5014,5992
5014,6179
5014,6314
5014,6325
5014,6967
5014,7591
5015,33
5015,183
5015,1744
5015,1805
5015,1907
5015,4054
5015,4333
5015,4556
5015,4864
5015,5139
5015,6313
5015,6449
5015,7174
5015,7597
5016,561
5016,688
5016,5489
5016,6083
5016,6488
5016,6924
5016,7383
5017,1781
5017,2139
5017,4740
5018,1353
5018,4100
5018,6807
5019,1772
5019,4143
5019,5380
5019,7460
5020,157
5020,1565
5020,1822
5020,2245
5020,3191
5020,4291
5020,4720
5020,5854
5020,6049
5020,6573
5020,6819
5020,7450
5020,7497
5021,547
5021,1059
5021,1231
5021,1542
5021,1713
5021,2276
5021,2278
5021,2642
5021,2716
5021,2919
5021,3055
5021,4011
5021,4059
5021,4204
5021,4319
5021,4481
5021,5590
5021,6267
5021,6710
5021,7148
5022,299
5022,1379
5022,1663
5022,2588
5022,2820
5022,3578
5022,4384
5022,4569
5022,5216
5022,5368
5022,6301
5022,6417
5022,6717
5022,6761
5022,7085
5022,7330
5022,7359
5023,565
5023,1025
5023,1208
5023,1342
5023,2466
5024,5093
5024,5826
5025,1468
5025,1721
5025,2249
5025,3082
5025,4748
5025,5135
5025,6550
5026,195
5026,2994
5026,3186
5026,3534
5026,3638
5026,3746
5026,3993
5026,5172
5026,5358
5026,5466
5026,5583
5027,230
5027,729
5027,1119
5027,1375
5027,1841
5027,2133
5027,2318
5027,2720
5027,3879
5028,1766
5028,2419
5028,2474
5028,3116
5028,3825
5028,4566
5028,5164
5028,5465
5028,6520
5028,6552
5028,6840
5028,6842
5028,7013
5028,7122
5029,50
5029,639
5029,2239
5029,3686
5029,3698
5029,4668
5029,5186
5029,5254
5029,7551
5030,4
5030,709
5030,2813
5030,4143
5030,4557
5030,4925
5030,4980
5030,5094
5030,6088
5030,6623
5030,6712
5031,2198
5031,3698
5031,4433
5031,4479
5032,562
5032,629
5032,2454
5032,5396
5032,6901
5032,7162
5033,1423
5033,2142
5033,2228
5033,2239
5033,5412
5034,256
5034,740
5034,2792
5034,3494
5034,5419
5034,6090
5034,6130
5034,6652
5034,7291
5034,7631
5035,394
5035,704
5035,1248
5035,1416
5035,2014
5035,2078
5035,3281
5035,6583
5035,7064
5035,7538
5035,7594
5036,648
5036,2049
5036,2431
5036,3114
5037,99
5037,235
5037,540
5037,552
5037,831
5037,2376
5037,3001
5037,3178
5037,3692
5037,3718
5037,3750
5037,3758
5037,4642
5037,5054
5037,5399
5037,5551
5038,179
5038,1126
5038,3487
5038,4873
5038,4968
5038,7214
5039,269
5039,3183
5039,3364
5039,3710
5039,3912
5039,4337
5039,6582
5040,2239
5040,6325
5041,3578
5041,6246
5042,243
5042,312
5042,431
5042,469
5042,836
5042,924
5042,1092
5042,1517
5042,2485
5042,3257
5042,3438
5042,3445
5042,3876
5042,4510
5042,5833
5042,6634
5042,6688
5042,7464
5043,2075
5043,3429
5043,3707
5043,3884
5043,3960
5043,5057
5043,5232
5043,5382
5043,5826
5043,6147
5043,6585
5043,7063
5043,7367
5044,2631
5044,7088
5045,216
5045,324
5045,749
5045,1609
5045,2090
5045,2596
5045,5069
5045,5602
5045,6532
5045,7073
5046,64
5046,1151
5046,1304
5046,2874
5046,4093
5046,7509
5047,3457
5047,3615
5047,3833
5047,4137
5047,4325
5047,4961
5047,5122
5047,5310
5047,5414
5047,5563
5047,6957
5047,7025
5047,7485
5048,1908
5048,3184
5048,3929
5048,5054
5048,5234
5048,5290
5048,5833
5048,7003
5048,7150
5048,7204
5049,1058
5049,4164
5049,4805
5049,5888
5049,6723
5050,366
5050,736
5050,3379
5050,3893
5050,3946
5050,4421
5050,5362
5050,5469
5050,5542
5050,6923
5051,4540
5051,5980
5051,6730
5052,1915
5052,3331
5052,4116
5052,5202
5052,5234
5052,5700
5053,4146
5053,6884
5053,7133
5054,659
5054,2675
5054,3287
5054,4211
5054,5612
5054,6066
5054,6526
5054,6907
5055,354
5055,452
5055,624
5055,1201
5055,2203
5055,2403
5055,3402
5055,4550
5055,7301
5055,7533
5056,518
5056,947
5056,1191
5056,2201
5056,2342
5056,2502
5056,2823
5056,4016
5056,5206
5056,5844
5056,5878
5056,6778
5057,1251
5057,2411
5057,2840
5057,3425
5057,4235
5057,4935
5057,5043
5057,5074
5057,5794
5057,5985
5057,7026
5057,7316
5057,7507
5058,1575
5058,3748
5058,4384
5058,6242
5059,1035
5059,1536
5059,3244
5059,4587
5059,4646
5059,4906
5059,7620
5060,1248
5061,2778
5061,3247
5061,4082
5061,5932
5061,6759
5061,7601
5062,643
5062,1465
5062,1960
5062,7637
5063,832
5063,971
5063,994
5063,1645
5063,2111
5063,2149
5063,2462
5063,3358
5063,3792
5063,4624
5063,4718
5063,5428
5063,6320
5063,6445
5063,6481
5063,6897
5063,7313
5063,7459
5064,4805
5064,5453
5064,6807
5064,7130
5064,7325
5065,1503
5065,1946
5065,2319
5065,3229
5065,5456
5065,6169
5065,6433
5065,7367
5066,340
5066,478
5066,1863
5066,2250
5066,4956
5067,2072
5068,1058
5068,1875
5068,1990
5068,4371
5068,4562
5068,6197
5069,2187
5069,2326
5069,3722
5069,3830
5069,5856
5070,76
5070,377
5070,727
5070,1908
5070,2163
5070,2229
5070,2592
5070,3459
5070,3748
5070,3867
5070,4071
5070,4595
5070,4806
5070,5039
5070,5155
5070,5365
5070,5945
5070,6055
5070,6069
5070,6321
5070,6723
5070,6877
5070,6992
5070,7070
5070,7607
5071,4804
5071,4887
5071,5460
5071,5741
5071,6513
5072,578
5072,901
5072,2444
5072,2786
5072,4353
5072,4491
5072,4585
5072,6229
5072,6609
5072,7469
5072,7598
5073,457
5073,1147
5073,1203
5073,3402
5073,3943
5073,4998
5073,5233
5073,6863
5074,496
5074,1952
5074,2412
5074,3086
5074,3159
5074,3662
5074,3669
5074,3823
5074,3949
5074,5057
5074,5521
5074,5817
5074,6554
5074,7594
5075,2597
5075,5999
5075,7372
5076,190
5076,3740
5076,4488
5076,5325
5076,6277
5076,6356
5076,6807
5076,6908
5076,7419
5077,593
5077,906
5077,1838
5077,2553
5077,5493
5077,5584
5077,6702
5078,250
5078,2150
5078,2897
5078,3004
5078,3240
5078,3731
5078,3937
5079,1091
5079,2066
5079,3273
5079,5083
5079,5213
5079,5485
5079,6570
5080,1499
5080,1673
5080,2143
5080,3895
5080,4054
5080,4198
5080,6171
5080,6219
5080,7411
5081,262
5081,1185
5081,1379
5081,4259
5081,7359
5081,7589
5082,677
5082,1521
5082,2198
5082,2961
5082,3060
5082,4384
5082,4658
5082,6036
5082,6451
5083,579
5083,1561
5083,1769
5083,2239
5083,5079
5083,6467
5084,2671
5084,5955
5084,7003
5084,7487
5084,7537
5085,2126
5085,2283
5085,2669
5085,2680
5085,4022
5085,5605
5086,135
5086,664
5086,1015
5086,1077
5086,2815
5086,4720
5086,4732
5086,5789
5086,6324
5086,6573
5086,6776
5086,6819
5086,7620
5087,1203
5087,2278
5087,2846
5087,2858
5087,4119
5088,2550
5088,3906
5088,5812
5088,6147
5089,2907
5089,3798
5090,2312
5090,5653
5090,7648
5091,1682
5091,2911
5091,4356
5091,5171
5091,5234
5091,7134
5091,7164
5091,7252
5092,733
5092,977
5092,2788
5092,2850
5092,4087
5092,5523
5092,6671
5093,45
5093,108
5093,530
5093,894
5093,3813
5093,4020
5093,6025
5094,19
5094,563
5094,871
5094,997
5094,1587
5094,2264
5094,3151
5094,4181
5094,6623
5094,7530
5095,85
5095,1040
5095,3183
5095,4262
5095,4474
5095,4952
5095,5008
5095,6707
5095,6802
5096,451
5096,3505
5096,3535
5096,4119
5096,5477
5096,5621
5096,7199
5097,593
5097,1899
5097,2913
5097,2945
5097,3278
5097,3578
5097,3608
5097,4217
5097,6702
5098,1091
5098,2028
5098,3330
5098,3772
5098,5171
5098,6171
5098,7171
5098,7623
5099,1747
5099,2571
5099,2617
5099,4303
5099,4806
5099,6551
5099,7535
5100,686
5100,1791
5100,6002
5101,784
5101,1394
5101,1729
5101,2218
5101,2277
5101,2488
5101,2579
5101,4404
5101,5177
5101,5917
5101,6266
5101,7045
5101,7175
5101,7358
5101,7389
5102,338
5102,401
5102,1694
5102,2022
5102,4298
5102,6853
5102,6858
5102,6865
5103,369
5103,562
5103,1798
5103,2661
5103,6702
5103,7464
5104,64
5104,543
5104,1149
5104,1692
5104,2217
5104,2413
5104,3147
5104,4093
5104,5803
5104,6144
5104,7408
5104,7509
5105,169
5105,1350
5105,6414
5105,6887
5106,2876
5106,4325
5106,5047
5106,7117
5106,7260
5107,581
5107,2251
5107,2602
5107,5877
5107,6870
5107,7080
5108,109
5108,967
5108,2198
5108,2239
5108,3049
5108,5234
5108,5404
5108,5559
5108,6354
5108,7021
5108,7277
5109,751
5109,1905
5109,3724
5109,4295
5109,5659
5109,6730
5110,605
5110,1041
5110,1088
5110,1334
5110,1616
5110,2337
5110,2435
5110,3283
5110,3717
5110,3749
5110,3992
5110,4509
5110,5852
5110,5929
5110,5939
5110,6628
5110,6665
5111,75
5111,601
5111,1189
5111,1293
5111,1361
5111,2299
5111,3190
5111,7330
5111,7395
5112,2440
5112,4592
5112,4805
5112,5196
5112,6158
5112,6697
5112,6883
5113,427
5113,1332
5113,2503
5113,2842
5113,4721
5113,5005
5113,5252
5113,5319
5113,5681
5113,5871
5113,7249
5113,7431
5113,7484
5114,971
5114,2163
5114,2826
5114,3155
5114,3335
5114,4001
5114,5209
5114,5343
5114,5615
5114,6600
5114,6844
5115,225
5115,628
5115,1143
5115,1601
5115,2093
5115,2111
5115,2655
5115,2987
5115,4503
5115,4609
5115,5295
5115,5739
5116,5455
5116,5664
5116,6880
5117,1785
5117,2667
5117,2899
5117,4072
5117,4105
5117,4403
5117,7506
5118,1358
5118,1435
5118,2044
5118,2263
5118,2707
5118,3484
5118,3555
5118,4430
5118,4882
5118,5933
5118,7094
5119,1072
5119,1397
5119,1939
5119,2492
5119,2742
5119,2994
5119,3586
5119,4247
5119,5337
5119,6049
5119,7367
5120,212
5120,683
5120,5144
5120,6412
5120,6699
5121,1160
5121,3197
5122,1816
5122,2742
5122,2966
5122,3086
5122,6120
5123,528
5123,558
5123,1227
5123,1413
5123,1829
5123,2065
5123,2161
5123,2177
5123,2233
5123,2760
5123,3509
5123,5682
5123,6271
5123,6839
5123,7397
5124,177
5124,1237
5124,1449
5124,2399
5124,2538
5124,3201
5124,3423
5124,3572
5124,3939
5124,4497
5124,4534
5124,5279
5124,5439
5124,7405
5125,432
5125,1575
5125,2239
5125,7395
5126,526
5126,584
5126,3506
5126,5645
5126,6412
5126,7486
5127,783
5127,1162
5127,3143
5127,4088
5127,5973
5127,6206
5128,1400
5128,2168
5128,2413
5128,3431
5128,4611
5128,6144
5128,7449
5128,7509
5130,1897
5130,3848
5130,7228
5131,126
5131,204
5131,581
5131,1131
5131,1146
5131,1737
5131,1772
5131,2318
5131,4208
5131,4391
5131,4414
5131,4557
5131,4974
5131,5030
5131,5439
5131,6113
5131,6199
5132,127
5132,152
5132,184
5132,245
5132,341
5132,345
5132,410
5132,431
5132,553
5132,696
5132,726
5132,865
5132,1042
5132,1330
5132,1647
5132,1650
5132,1655
5132,1918
5132,1928
5132,1948
5132,2173
5132,2262
5132,2294
5132,2310
5132,2471
5132,2595
5132,2719
5132,2745
5132,2766
5132,2816
5132,2970
5132,3062
5132,3270
5132,3284
5132,3289
5132,3311
5132,3370
5132,3372
5132,3593
5132,3697
5132,3753
5132,3784
5132,3804
5132,3958
5132,4097
5132,4113
5132,4206
5132,4211
5132,4371
5132,4490
5132,4971
5132,5145
5132,5223
5132,5259
5132,5386
5132,5490
5132,5507
5132,5557
5132,5855
5132,5923
5132,5952
5132,5962
5132,6022
5132,6354
5132,6412
5132,6424
5132,6449
5132,6705
5132,6848
5132,6887
5132,7212
5132,7239
5132,7265
5132,7277
5132,7539
5133,1092
5133,1194
5133,1236
5133,1591
5133,2117
5133,2685
5133,2778
5133,2887
5133,3123
5133,3257
5133,3294
5133,3923
5133,4082
5133,4828
5133,5293
5133,6054
5134,268
5134,3107
5134,4646
5135,1728
5135,2249
5135,4748
5135,4923
5135,6062
5135,6217
5136,593
5136,924
5136,4001
5136,5154
5136,5659
5136,5903
5136,6414
5136,6807
5137,676
5137,2236
5137,2749
5137,3934
5138,147
5138,444
5138,481
5138,1223
5138,4663
5139,795
5139,2340
5139,2972
5139,4188
5139,4257
5139,6597
5139,6787
5139,7170
5139,7352
5139,7592
5140,595
5140,1567
5140,5100
5140,5934
5140,6247
5140,6550
5141,3115
5141,3331
5141,3433
5141,5734
5142,764
5142,835
5142,2041
5142,2686
5142,4489
5142,4906
5142,5158
5143,357
5143,1299
5143,1453
5143,1854
5143,3796
5143,3866
5143,4376
5143,4622
5143,5132
5143,7079
5144,724
5144,1887
5144,2202
5144,2368
5144,3625
5144,4519
5144,4902
5144,5120
5144,5213
5144,5373
5144,6547
5144,7054
5145,1853
5145,1954
5145,3012
5145,4378
5145,4384
5145,5132
5145,7585
5146,137
5146,2751
5146,3022
5146,5397
5146,6078
5146,6545
5146,7305
5147,645
5147,1213
5147,1411
5147,1564
5147,2054
5147,3843
5147,4133
5147,4363
5147,4640
5147,5408
5147,6764
5147,6871
5148,261
5148,622
5148,1100
5148,3623
5148,3799
5148,4546
5148,4870
5148,5964
5148,5966
5148,6678
5148,6702
5149,44
5149,68
5149,238
5149,396
5149,468
5149,792
5149,1208
5149,1265
5149,2858
5149,3029
5149,3055
5149,3568
5149,4222
5149,4319
5149,4547
5149,6863
5149,6963
5150,308
5150,766
5150,1343
5150,1831
5150,1990
5150,3295
5150,3866
5150,3922
5150,4508
5150,6098
5150,6422
5150,7090
5151,3746
5151,5314
5151,6084
5152,2764
5153,1702
5153,1846
5153,2064
5153,2790
5153,3754
5153,4937
5153,6376
5153,7052
5153,7451
5154,443
5154,2419
5154,3512
5154,4201
5154,4295
5154,6807
5154,7453
5155,1383
5155,2432
5155,5234
5155,5873
5156,862
5156,1774
5156,2565
5156,2758
5156,3969
5156,4701
5156,5657
5156,5969
5156,6093
5158,32
5158,2385
5158,2686
5158,3545
5158,3817
5158,4805
5158,5354
5158,5682
5159,3668
5159,4437
5159,5207
5159,6053
5160,294
5160,369
5160,1513
5160,1628
5160,1798
5160,4074
5160,4578
5160,4669
5160,4712
5160,5148
5160,5399
5160,5816
5160,7464
5161,991
5161,1204
5161,1852
5161,2957
5161,3048
5161,3489
5161,3730
5161,4035
5161,4265
5161,5600
5161,6081
5161,6380
5162,2168
5162,3788
5162,4727
5162,5011
5162,6480
5162,7126
5163,255
5163,2151
5163,2366
5163,2391
5163,3087
5163,3423
5163,4861
5163,5279
5163,5815
5163,6113
5163,6935
5163,7285
5163,7544
5164,1759
5164,2192
5164,2946
5164,3825
5164,4048
5164,5602
5164,6383
5164,6416
5164,6842
5164,7014
5164,7073
5164,7400
5165,6702
5165,7296
5166,766
5166,2239
5167,0
5167,2823
5167,3070
5167,3080
5167,3152
5167,3710
5167,5406
5168,2355
5168,2879
5168,2918
5168,4913
5168,6058
5169,182
5169,1502
5169,1804
5169,1923
5169,2148
5169,2774
5169,3258
5169,3293
5169,5237
5169,5860
5169,6130
5169,6290
5170,521
5170,631
5170,2111
5170,3443
5170,3725
5170,3784
5170,3839
5170,3964
5170,4069
5170,4805
5170,5648
5170,7512
5170,7608
5171,2358
5171,3866
5171,4037
5171,4889
5171,5459
5171,5893
5171,5936
5172,1386
5172,1416
5172,2477
5172,3705
5172,4239
5172,4752
5172,4779
5172,5026
5172,5057
5172,5422
5172,5680
5172,7591
5173,2304
5173,3802
5173,4318
5173,5305
5173,6341
5174,397
5174,614
5174,655
5174,1287
5174,1733
5174,1978
5174,4502
5174,5813
5175,761
5175,1143
5175,2081
5175,2261
5175,2404
5175,2430
5175,3005
5175,3665
5175,3757
5175,3907
5175,5778
5175,6258
5175,6651
5175,6766
5176,4376
5176,4805
5176,5312
5177,1026
5177,1984
5177,5947
5177,7455
5178,6818
5179,111
5179,1418
5179,3671
5179,3784
5179,4707
5179,5378
5179,6128
5179,6522
5179,6770
5179,7022
5179,7478
5180,858
5180,1103
5180,2125
5180,4831
5180,7335
5181,211
5181,1725
5181,3194
5181,5674
5181,5997
5181,6176
5182,1759
5182,2260
5182,4048
5182,6679
5183,525
5183,548
5183,2481
5183,2997
5183,3176
5183,3709
5183,4462
5183,5499
5183,6302
5183,7087
5183,7414
5184,773
5184,3375
5184,3988
5184,5419
5184,6860
5185,394
5185,429
5185,1295
5185,1500
5185,1710
5185,2014
5185,2749
5185,2914
5185,3533
5185,4521
5185,4560
5185,4574
5185,6005
5185,6270
5185,6994
5185,7386
5185,7613
5186,2239
5186,2952
5186,3332
5186,4668
5186,5029
5186,7644
5187,4242
5187,4843
5187,5592
5187,7562
5187,7575
5188,106
5188,1280
5188,3339
5188,3503
5188,4031
5188,4033
5188,4373
5188,4626
5188,4940
5188,6159
5188,7032
5188,7330
5189,1979
5189,2533
5189,3866
5189,5234
5189,7307
5189,7584
5189,7587
5190,966
5191,751
5191,1076
5191,1961
5191,3271
5191,3473
5191,3605
5191,3744
5191,4435
5191,7173
5192,908
5192,1490
5192,1550
5192,1888
5192,2027
5192,2263
5192,3478
5192,3484
5192,3706
5192,4327
5192,5636
5192,5933
5192,6555
5192,7094
5192,7393
5193,354
5193,3055
5193,4444
5193,5196
5193,5695
5193,7301
5194,69
5194,731
5194,1959
5194,2129
5194,3384
5194,5649
5194,5941
5194,7139
5195,727
5195,1268
5195,1472
5195,1668
5195,2586
5195,3172
5195,5612
5196,406
5196,451
5196,823
5196,1114
5196,1154
5196,1203
5196,2020
5196,2692
5196,2716
5196,3110
5196,3301
5196,4119
5196,4132
5196,4319
5196,4396
5196,5096
5196,5149
5196,5353
5196,6011
5196,6697
5196,6863
5197,2239
5197,4102
5197,4376
5198,579
5198,2239
5198,5545
5198,6264
5199,27
5199,449
5199,1105
5199,1686
5199,2342
5199,3277
5199,3436
5199,3594
5199,4267
5199,4306
5199,4510
5199,5372
5199,5518
5199,6704
5199,7440
5200,310
5200,1674
5200,1924
5200,1998
5200,2505
5200,4273
5200,6241
5200,6941
5201,23
5201,593
5201,780
5201,4376
5201,4538
5201,4669
5201,5015
5201,7003
5201,7085
5201,7170
5202,1645
5202,1974
5202,5052
5203,552
5203,2310
5203,3578
5203,3817
5203,4371
5203,4805
5204,352
5204,3510
5204,3559
5204,6158
5204,6310
5205,258
5205,309
5205,1798
5205,1899
5205,2198
5205,6077
5205,7464
5206,1000
5206,1191
5206,1561
5206,2239
5206,2857
5207,1314
5207,1506
5207,4432
5207,4437
5207,4690
5207,6053
5208,552
5208,2198
5208,3049
5209,28
5209,513
5209,1060
5209,1182
5209,1253
5209,1981
5209,2286
5209,2740
5209,3512
5209,6593
5209,6996
5210,384
5210,891
5210,1386
5210,2126
5210,3675
5210,4705
5210,5605
5211,1212
5211,2701
5211,3330
5211,4490
5211,5218
5211,7556
5212,1058
5212,1254
5212,1414
5212,1854
5212,3183
5212,3748
5212,3796
5212,5143
5212,5404
5213,264
5213,1091
5213,1153
5213,1442
5213,1520
5213,1660
5213,1769
5213,1929
5213,2066
5213,2287
5213,3295
5213,3625
5213,4805
5213,5079
5213,6166
5213,6864
5213,7262
5213,7466
5214,366
5214,1206
5214,1561
5214,1663
5214,2614
5214,4352
5214,4373
5214,4522
5214,4870
5214,5050
5214,5664
5214,5799
5214,6414
5214,7150
5214,7592
5215,835
5215,2066
5215,5213
5216,40
5216,295
5216,2626
5216,4569
5216,4940
5216,5993
5216,6276
5216,6369
5216,6898
5217,3302
5218,75
5218,584
5218,3515
5218,3559
5218,4406
5218,6086
5219,2208
5219,4376
5219,5403
5220,1058
5220,1634
5220,5404
5220,7071
5221,195
5221,941
5221,988
5221,1556
5221,2014
5221,2453
5221,3227
5221,3244
5221,3437
5221,4665
5221,4906
5221,7160
5221,7641
5222,124
5222,266
5222,839
5222,1218
5222,2332
5222,3501
5222,3608
5222,5490
5222,5507
5222,5694
5222,5732
5222,6259
5222,6582
5222,6660
5222,6738
5222,6811
5222,6984
5222,7197
5223,3538
5223,3698
5223,3758
5223,5132
5223,5455
5223,5641
5223,6760
5224,1058
5224,2618
5224,4376
5224,4384
5224,5740
5224,5816
5225,3276
5225,7620
5226,88
5226,146
5226,3778
5226,4378
5226,6048
5226,7169
5227,1503
5228,147
5228,481
5228,2853
5228,4191
5228,6311
5228,6625
5228,6725
5229,1707
5229,2519
5229,2700
5229,2996
5229,3716
5230,619
5230,688
5230,2383
5230,2395
5230,2398
5230,2983
5230,4703
5230,5072
5230,5228
5230,5718
5230,5920
5230,6083
5230,6222
5230,6725
5230,7383
5230,7426
5231,2772
5231,3384
5231,4067
5231,5251
5231,6408
5231,6794
5231,7147
5232,53
5232,362
5232,1534
5232,3153
5232,3615
5233,281
5233,348
5233,635
5233,792
5233,823
5233,2578
5233,3522
5233,4166
5233,4444
5233,4927
5233,4977
5233,6158
5233,6375
5233,6863
5233,6943
5234,3
5234,155
5234,245
5234,352
5234,858
5234,953
5234,1582
5234,1650
5234,1796
5234,2032
5234,2470
5234,2598
5234,2634
5234,2664
5234,2677
5234,2884
5234,3213
5234,3612
5234,3618
5234,3641
5234,3670
5234,4148
5234,4442
5234,4755
5234,4842
5234,5108
5234,5155
5234,5167
5234,5202
5234,5307
5234,5327
5234,5386
5234,5735
5234,5804
5234,5820
5234,5897
5234,5932
5234,6166
5234,6759
5234,6832
5234,6864
5234,6958
5234,6960
5234,7091
5234,7135
5234,7168
5234,7179
5234,7302
5234,7391
5234,7415
5235,1323
5235,3564
5235,3755
5235,5815
5236,888
5236,1411
5236,1827
5236,1861
5236,1895
5236,2180
5236,2250
5236,3562
5236,5599
5236,6127
5236,6641
5236,7378
5236,7457
5237,112
5237,695
5237,1804
5237,1909
5237,3776
5237,5169
5237,5860
5238,117
5238,827
5238,1087
5238,1381
5238,1534
5238,1691
5238,2184
5238,2539
5238,2876
5238,4336
5238,4587
5238,4875
5238,4906
5238,6773
5239,197
5239,1035
5239,2924
5239,3227
5239,3244
5239,4209
5239,4646
5239,4906
5240,1019
5240,1645
5240,5335
5240,7130
5241,392
5241,1942
5241,2117
5241,2649
5241,3079
5241,3703
5241,5359
5241,5897
5241,5979
5241,5982
5241,6702
5241,6736
5241,6978
5242,3416
5242,4052
5242,4981
5242,5607
5242,5655
5242,6239
5243,475
5243,735
5243,3456
5243,4376
5243,6892
5244,271
5244,286
5244,300
5244,623
5244,1602
5244,2141
5244,3945
5244,4377
5244,6364
5245,556
5245,801
5245,1434
5245,1504
5245,1759
5245,2717
5245,3840
5245,5164
5245,6383
5245,7470
5246,304
5246,703
5246,1203
5246,2203
5246,3254
5246,3402
5246,3522
5246,4119
5246,4481
5246,6375
5247,2239
5247,3277
5247,4522
5247,7395
5248,747
5248,761
5248,2261
5248,2274
5248,2404
5248,2522
5248,3635
5248,4042
5248,4255
5248,4378
5248,5778
5248,6258
5249,485
5250,453
5250,698
5250,1157
5250,1309
5250,1412
5250,1811
5250,2326
5250,2860
5250,4883
5250,4960
5250,5436
5250,5879
5250,6250
5250,6363
5250,7073
5251,34
5251,99
5251,183
5251,1250
5251,1370
5251,1620
5251,1631
5251,1730
5251,2175
5251,2334
5251,2440
5251,2564
5251,2744
5251,3521
5251,3527
5251,3540
5251,3710
5251,3861
5251,4376
5251,4513
5251,4714
5251,5054
5251,5231
5251,5259
5251,5352
5251,5404
5251,5832
5251,6230
5251,6327
5251,6907
5251,6958
5251,7280
5251,7382
5252,2022
5252,4515
5252,4981
5252,6018
5253,1132
5253,1425
5253,2254
5253,2454
5253,2462
5253,3141
5253,3952
5253,5824
5253,7200
5253,7576
5254,50
5254,2952
5254,3686
5254,4033
5254,5550
5255,1467
5255,1476
5255,2198
5255,3422
5255,3683
5255,3704
5255,4755
5255,5139
5255,5543
5255,6505
5256,131
5256,166
5256,615
5256,1177
5256,1487
5256,1593
5256,3210
5256,4287
5256,4931
5256,5267
5256,5591
5256,6173
5256,6671
5256,6915
5256,7343
5257,537
5257,570
5257,787
5257,3091
5257,3529
5257,3805
5257,4603
5257,5540
5257,5691
5257,5706
5257,6143
5257,7086
5258,77
5258,989
5258,2377
5258,4257
5258,4553
5258,5039
5258,6658
5258,7582
5259,2198
5259,5593
5259,6001
5259,6140
5259,6702
5259,7252
5260,2412
5260,2748
5260,2994
5260,3159
5260,3642
5260,4209
5260,4332
5260,5119
5260,7423
5261,103
5261,1218
5261,1478
5261,1735
5261,5525
5261,6259
5261,6802
5261,6810
5262,535
5262,2697
5263,3870
5263,3888
5263,3966
5263,4987
5263,5022
5263,7330
5264,1645
5264,5193
5264,5215
5264,5544
5264,5719
5264,6038
5264,6668
5264,7300
5265,627
5265,2385
5265,5454
5266,758
5266,871
5266,3064
5266,3516
5266,3924
5266,4802
5266,5686
5266,5968
5267,5591
5267,6094
5267,6453
5267,7342
5267,7631
5268,162
5268,305
5268,2304
5268,2996
5268,3507
5268,3802
5268,4440
5269,2280
5270,1086
5270,1622
5270,3180
5270,3449
5270,4498
5270,5974
5270,6972
5271,2366
5271,3163
5271,3684
5271,4221
5271,5815
5271,6095
5271,7460
5272,216
5272,1412
5272,2326
5272,2508
5272,3220
5272,3640
5272,5250
5272,5602
5273,2198
5273,2380
5273,3550
5273,3578
5273,5199
5273,6012
5273,7395
5273,7467
5274,512
5274,1053
5274,1213
5274,3057
5274,3489
5274,3843
5274,5599
5274,5628
5274,6127
5274,6213
5274,6525
5274,6650
5275,491
5275,645
5275,1213
5275,1411
5275,1613
5275,4363
5275,5395
5275,7378
5276,81
5276,1953
5276,3175
5276,4866
5277,886
5277,7257
5277,7342
5278,85
5278,1293
5278,1663
5278,1860
5278,2198
5278,4983
5278,5941
5278,6208
5279,968
5279,1449
5279,2528
5279,2949
5279,3423
5279,3572
5279,3736
5279,4497
5279,6138
5279,6550
5279,7388
5279,7483
5279,7544
5280,748
5280,766
5280,2894
5280,2993
5280,3010
5280,3513
5280,3637
5280,4493
5280,5893
5281,2198
5281,2571
5281,4535
5281,7464
5282,3660
5283,741
5283,1721
5283,3143
5283,6002
5283,7001
5283,7065
5284,1674
5284,2162
5284,2613
5284,4507
5284,6293
5284,6991
5284,7591
5286,85
5286,811
5286,1058
5286,1089
5286,1211
5286,1575
5286,2571
5286,3050
5286,3542
5286,4164
5286,4919
5286,5203
5286,6723
5286,7096
5287,116
5287,766
5287,2816
5287,3203
5287,3866
5287,5132
5287,5676
5287,7151
5288,1043
5288,2963
5288,3017
5288,5514
5289,389
5289,2586
5289,3216
5289,4940
5289,4987
5289,7032
5290,2637
5290,4217
5290,5042
5290,5048
5291,458
5291,983
5291,1233
5291,4280
5291,4673
5291,6657
5292,226
5292,2460
5292,2579
5292,3183
5292,3330
5292,3681
5292,4228
5292,4469
5293,899
5293,924
5293,1002
5293,1024
5293,3123
5293,3241
5293,3257
5293,4812
5293,4848
5293,5061
5293,5853
5293,6289
5293,7398
5294,2139
5295,2111
5295,3510
5295,5115
5295,6569
5295,6909
5295,7250
5296,149
5296,220
5296,388
5296,473
5296,527
5296,540
5296,903
5296,916
5296,1137
5296,1511
5296,2010
5296,2194
5296,2600
5296,2657
5296,2659
5296,2719
5296,2772
5296,2921
5296,3171
5296,3377
5296,3403
5296,3459
5296,3796
5296,3867
5296,3970
5296,4184
5296,4434
5296,4465
5296,4553
5296,4556
5296,4919
5296,5037
5296,5082
5296,5302
5296,5593
5296,6505
5296,6510
5296,6588
5296,6961
5296,7597
5297,222
5297,1083
5297,1850
5297,2456
5297,7098
5297,7243
5298,1010
5298,3100
5298,3735
5298,4809
5298,4853
5298,4906
5298,5043
5299,1280
5299,2565
5299,7392
5300,332
5300,965
5300,1914
5300,3560
5300,5959
5300,7314
5300,7554
5301,251
5301,852
5301,1062
5301,3131
5301,3650
5301,4320
5301,4549
5301,4944
5301,6769
5301,7600
5302,522
5302,1347
5302,2931
5302,3123
5302,4812
5302,4848
5302,7276
5302,7526
5302,7601
5303,1678
5303,3862
5304,1862
5304,1884
5304,3753
5304,7147
5305,73
5305,803
5305,1679
5305,4433
5305,5031
5305,5173
5305,5445
5305,6815
5305,7184
5306,2281
5306,2357
5306,3401
5306,3553
5306,4300
5306,4539
5306,5588
5306,7255
5306,7566
5307,764
5307,1956
5307,2198
5307,3433
5307,3578
5307,4805
5307,5234
5307,5447
5307,6172
5308,7172
5308,7476
5309,2342
5309,2823
5309,3025
5309,4037
5309,4381
5310,2748
5310,2840
5310,3107
5310,3586
5310,4020
5310,4051
5310,4961
5310,5047
5310,5414
5310,5580
5310,5802
5310,5826
5310,6523
5310,6739
5310,7064
5311,522
5311,1178
5311,1548
5311,2661
5311,6024
5311,6180
5311,6887
5311,7311
5312,809
5312,1026
5312,1414
5312,1642
5312,3268
5312,4263
5312,5176
5312,5556
5312,6408
5312,7627
5313,593
5313,1063
5313,2431
5313,6592
5314,67
5314,872
5314,1075
5314,1107
5314,2136
5314,2156
5314,2830
5314,2875
5314,3197
5314,5151
5314,5918
5314,6431
5314,6633
5314,6821
5314,7286
5315,1261
5315,2213
5315,2997
5315,3351
5315,3532
5315,3698
5315,4462
5315,5550
5316,731
5316,1399
5316,2736
5316,2981
5316,3160
5316,3459
5316,4376
5316,4857
5316,5344
5316,7572
5317,1185
5317,3849
5317,5376
5317,5404
5317,5530
5317,6176
5318,381
5318,621
5318,2880
5318,2978
5318,4078
5318,5253
5318,6433
5318,6647
5318,7412
5319,78
5319,459
5319,647
5319,2503
5319,5113
5319,5871
5319,6018
5319,6220
5319,6273
5320,3653
5320,3824
5320,7613
5320,7622
5321,51
5321,161
5321,881
5321,1121
5321,1904
5321,2225
5321,2298
5321,2738
5321,2795
5321,4033
5321,5504
5321,6452
5321,6777
5321,7550
5322,361
5322,873
5322,1998
5322,2025
5322,2619
5322,2769
5322,5991
5322,6304
5322,7132
5323,1393
5323,1699
5323,3841
5323,3895
5323,4063
5323,4437
5323,5919
5323,6053
5323,6869
5323,7123
5323,7168
5324,258
5324,319
5324,359
5324,2380
5324,3893
5324,4156
5324,4243
5324,6596
5324,6968
5325,5076
5325,6277
5325,6283
5326,84
5326,195
5326,1395
5326,1419
5326,2496
5326,2968
5326,3175
5326,3661
5326,3735
5326,5580
5326,5684
5327,2887
5327,4217
5327,4650
5327,4912
5327,6343
5327,6371
5328,622
5328,1744
5328,2198
5328,3704
5328,6315
5328,6673
5329,649
5329,1863
5329,3065
5329,3356
5330,811
5330,1521
5330,2198
5330,2981
5330,3049
5330,4630
5330,5054
5330,5234
5330,5979
5330,7395
5331,1576
5331,2353
5331,4106
5331,4628
5331,4810
5331,4906
5331,5185
5331,5260
5331,7620
5332,28
5332,1862
5332,2170
5332,2935
5332,4365
5332,4573
5332,6732
5333,2249
5333,2838
5333,4237
5333,4399
5333,5522
5334,3559
5335,2801
5335,4805
5335,5240
5335,6388
5335,6481
5335,6512
5335,7130
5336,1903
5336,5277
5336,5736
5336,7198
5336,7257
5336,7342
5337,791
5337,1681
5337,1720
5337,2280
5337,2742
5337,3107
5337,3121
5337,3586
5337,3615
5337,3906
5337,3960
5337,4560
5337,5088
5337,5370
5337,5802
5337,5887
5337,5970
5337,6147
5338,150
5338,373
5338,1026
5338,3956
5338,3989
5338,5314
5338,5583
5338,6896
5339,4843
5339,4866
5340,358
5340,2198
5340,5132
5340,6909
5340,6958
5341,10
5341,1041
5341,5868
5341,6557
5342,1968
5342,2942
5342,3033
5342,4339
5343,403
5343,536
5343,2286
5343,3577
5343,3928
5343,4015
5343,4805
5343,5496
5343,5615
5343,6450
5343,7351
5344,304
5344,479
5344,726
5344,1453
5344,1551
5344,2129
5344,3947
5344,4806
5344,6658
5345,510
5345,901
5345,1365
5345,2786
5345,3255
5345,4244
5345,6311
5345,6625
5346,73
5346,3698
5346,5467
5346,6451
5347,2293
5347,2695
5347,5702
5347,7175
5348,1668
5348,1684
5348,1817
5348,2553
5348,3748
5348,5979
5348,7003
5349,941
5349,3227
5349,3267
5350,1624
5350,2370
5350,3226
5350,4177
5350,5296
5351,304
5351,431
5351,1665
5351,2657
5351,3718
5351,3748
5351,3996
5351,4384
5351,4952
5351,5730
5351,5816
5351,6553
5351,7582
5352,4164
5352,4805
5352,5194
5352,5404
5352,5881
5353,327
5353,1147
5353,1168
5353,3402
5353,4568
5353,7083
5353,7148
5354,413
5354,528
5354,673
5354,675
5354,1227
5354,1302
5354,1829
5354,2065
5354,2807
5354,3509
5354,5664
5354,7587
5357,619
5357,1223
5357,2444
5357,2491
5357,2548
5357,3255
5357,3479
5357,3504
5357,4475
5357,4703
5357,5737
5357,6311
5357,6924
5357,7015
5357,7110
5357,7426
5358,21
5358,150
5358,200
5358,872
5358,1107
5358,1964
5358,1989
5358,2074
5358,4698
5358,4906
5358,6773
5359,963
5359,1796
5359,2198
5359,4774
5359,5979
5359,6414
5359,6597
5359,6702
5360,750
5360,1654
5360,2746
5360,3605
5361,19
5361,620
5361,1824
5361,2251
5361,2602
5361,4181
5361,5444
5362,593
5362,2102
5362,5050
5362,5493
5362,5734
5363,766
5363,1926
5363,2349
5363,7300
5364,920
5364,1111
5364,2163
5364,3419
5364,3856
5364,4100
5364,4854
5364,5343
5364,6015
5364,7190
5365,1744
5365,3703
5365,4376
5365,4641
5365,7607
5366,1091
5366,2028
5366,3330
5366,5749
5367,310
5367,586
5367,2867
5367,3085
5367,4138
5367,4200
5367,4410
5367,4752
5367,5994
5367,6314
5368,2298
5368,2626
5368,2678
5368,5824
5368,6369
5368,6389
5369,1058
5369,3748
5370,2077
5370,4810
5370,5337
5371,5707
5372,0
5372,258
5372,320
5372,446
5372,604
5372,863
5372,1102
5372,1165
5372,1485
5372,1492
5372,1570
5372,2173
5372,3594
5372,3987
5372,4306
5372,4347
5372,4373
5372,4522
5372,5054
5372,5199
5372,5646
5372,5717
5372,5734
5372,6069
5372,6215
5372,6702
5372,7247
5372,7610
5373,526
5373,1493
5373,1926
5373,2349
5373,6909
5373,7240
5374,4482
5374,4507
5374,5604
5374,7591
5375,137
5375,382
5375,551
5375,1058
5375,1831
5375,2993
5375,3124
5375,4270
5375,5296
5375,5561
5375,5641
5375,5923
5375,6547
5375,6828
5376,229
5376,834
5376,1872
5376,3224
5376,3849
5377,2379
5378,2055
5378,2089
5378,2358
5378,3469
5378,3887
5378,3925
5378,4185
5378,4519
5378,4790
5378,4894
5378,5052
5378,5179
5378,5302
5378,5652
5379,159
5379,523
5379,1436
5379,3344
5379,4823
5379,5550
5379,6142
5379,7087
5379,7267
5379,7414
5380,581
5380,2341
5380,2426
5380,3845
5380,4181
5380,4899
5380,5019
5380,6712
5380,7314
5380,7504
5381,258
5381,1249
5381,3782
5381,5160
5381,7582
5382,365
5382,1681
5382,1939
5382,2762
5382,3884
5382,3960
5382,6147
5382,6316
5382,7237
5382,7438
5383,855
5383,2067
5383,3500
5383,6185
5383,7629
5384,2111
5384,2198
5384,6569
5384,6909
5384,7459
5385,366
5385,1467
5385,2239
5385,5404
5385,6702
5385,7021
5386,2795
5386,3052
5386,3567
5386,3866
5386,5234
5387,310
5387,1425
5387,3085
5387,3136
5387,4200
5387,4383
5387,4752
5387,6314
5387,6367
5387,7004
5388,1496
5388,1499
5388,2880
5388,4331
5388,5456
5388,5479
5388,6926
5389,1208
5389,1542
5389,4444
5389,5196
5389,6943
5390,7224
5391,496
5391,1750
5391,3107
5391,4810
5391,5402
5391,6583
5391,7041
5391,7175
5392,1738
5392,3557
5392,4680
5392,6551
5392,6702
5392,7535
5393,491
5393,3471
5393,4224
5393,4631
5393,4702
5393,5755
5393,6127
5393,7378
5393,7457
5394,280
5394,577
5394,1598
5394,2724
5394,3437
5394,6065
5395,337
5395,781
5395,1204
5395,1636
5395,1852
5395,3204
5395,3806
5395,4035
5395,4334
5395,4855
5395,5275
5395,6081
5395,6255
5395,6390
5395,6607
5395,6891
5395,7092
5395,7248
5396,456
5396,2211
5396,2257
5396,2454
5396,4029
5396,4892
5396,4982
5396,5032
5396,5936
5396,6901
5396,7032
5397,229
5397,305
5397,1707
5397,2626
5397,4055
5397,4433
5397,5146
5397,6828
5398,89
5398,947
5398,1414
5398,3152
5398,4337
5398,5412
5398,6321
5399,1357
5399,1907
5399,3051
5399,3185
5399,5518
5399,6076
5399,7353
5400,993
5400,1534
5400,2505
5400,3197
5400,3437
5400,4628
5400,4922
5400,4994
5400,5454
5400,6549
5400,7417
5401,1258
5401,6063
5401,7167
5402,1190
5402,1816
5402,4238
5402,5725
5402,6572
5402,7112
5403,1058
5403,1293
5403,2155
5403,2170
5403,2208
5403,3049
5403,3384
5403,4913
5403,5219
5403,5251
5403,6230
5403,6339
5404,18
5404,410
5404,449
5404,482
5404,542
5404,616
5404,696
5404,726
5404,731
5404,800
5404,1184
5404,1214
5404,1501
5404,1563
5404,1569
5404,1661
5404,1705
5404,1847
5404,1918
5404,2017
5404,2043
5404,2120
5404,2173
5404,2267
5404,2270
5404,2441
5404,2540
5404,2592
5404,2645
5404,2683
5404,2704
5404,2755
5404,2782
5404,2808
5404,2848
5404,2970
5404,2979
5404,3018
5404,3051
5404,3177
5404,3206
5404,3282
5404,3380
5404,3388
5404,3462
5404,3493
5404,3760
5404,4003
5404,4023
5404,4042
5404,4091
5404,4182
5404,4203
5404,4210
5404,4211
5404,4385
5404,4483
5404,4499
5404,4514
5404,4536
5404,4553
5404,4706
5404,5091
5404,5203
5404,5220
5404,5463
5404,5471
5404,5490
5404,5531
5404,5552
5404,5632
5404,5734
5404,5756
5404,5858
5404,6055
5404,6184
5404,6188
5404,6309
5404,6321
5404,6335
5404,6342
5404,6678
5404,6692
5404,6758
5404,6882
5404,6971
5404,6989
5404,7008
5404,7059
5404,7219
5404,7340
5405,147
5405,690
5405,3180
5405,4411
5405,4423
5405,4663
5405,5974
5405,6106
5405,6311
5405,7383
5406,2239
5406,2510
5406,5167
5406,5404
5407,354
5407,1393
5407,3148
5407,4690
5407,7074
5408,5147
5408,6008
5409,1759
5409,1766
5409,2596
5409,4758
5409,5540
5409,6164
5409,6250
5410,2710
5410,3231
5410,4512
5410,6199
5411,141
5411,4906
5411,5684
5411,6818
5412,188
5412,836
5412,1439
5412,2239
5412,2510
5412,2743
5412,2829
5412,4337
5412,4458
5412,4682
5412,5033
5412,5167
5412,6224
5412,6500
5412,6527
5412,6714
5412,7321
5412,7592
5413,7
5413,1564
5414,1816
5414,2742
5414,3497
5414,4961
5414,5047
5414,5106
5414,5310
5415,115
5415,320
5415,552
5415,770
5415,869
5415,1102
5415,1575
5415,2229
5415,2615
5415,3279
5415,4371
5415,4553
5415,4827
5415,4846
5415,5404
5415,5649
5415,5816
5415,5888
5415,6149
5415,6342
5415,6848
5415,7105
5415,7448
5415,7527
5416,78
5416,459
5416,1313
5416,1694
5416,2369
5416,2842
5416,5113
5416,5681
5416,5871
5416,6018
5416,6220
5416,6559
5416,6918
5416,7645
5417,852
5417,1246
5417,1893
5417,2739
5417,3767
5417,5743
5417,6209
5417,6293
5418,1662
5418,3762
5418,3770
5419,237
5419,256
5419,520
5419,686
5419,3366
5419,4379
5419,4993
5419,5553
5420,73
5420,466
5420,803
5420,2071
5420,2332
5420,2839
5420,5650
5420,6078
5420,7330
5420,7468
5421,615
5421,773
5421,997
5421,1303
5421,1533
5421,1675
5421,2534
5421,3474
5421,3684
5421,3788
5421,5429
5421,5537
5421,5934
5421,6423
5421,7011
5421,7165
5422,586
5422,807
5422,1132
5422,1275
5422,2218
5422,3496
5422,3674
5422,4783
5422,5680
5422,6244
5422,6245
5422,6536
5422,6647
5422,7175
5422,7583
5423,197
5423,2695
5423,5014
5423,5633
5423,6549
5423,7175
5424,6332
5424,6655
5424,6897
5425,2863
5425,3793
5425,4654
5425,5574
5425,6071
5426,378
5426,2022
5426,2503
5426,2737
5426,3652
5426,4052
5426,6218
5426,6858
5426,6865
5427,935
5427,2180
5427,2321
5427,2504
5427,2957
5427,3204
5427,3489
5427,4648
5427,6763
5427,6891
5427,6894
5428,2111
5428,2216
5428,2904
5428,5170
5428,6655
5428,6834
5429,1021
5429,1868
5429,4237
5429,5140
5429,5163
5429,5421
5429,5439
5429,7491
5430,2550
5430,2705
5430,4628
5430,5519
5430,7438
5431,842
5431,1742
5431,1865
5431,2050
5431,2737
5431,3652
5431,3797
5431,4298
5431,6218
5431,6239
5431,6919
5432,1804
5432,2790
5432,7404
5433,881
5433,1185
5433,2113
5433,6119
5433,6369
5433,6683
5434,734
5434,845
5434,2282
5434,4209
5434,6169
5434,6205
5434,6324
5434,6514
5434,7532
5434,7575
5434,7620
5435,215
5435,2894
5435,3612
5435,4009
5435,4227
5435,4230
5435,4989
5435,6437
5436,1743
5436,2860
5436,3021
5436,6250
5436,6372
5436,6670
5437,28
5437,920
5437,1111
5437,1253
5437,1579
5437,1633
5437,2561
5437,2740
5437,3403
5437,4100
5437,4390
5437,5114
5437,5615
5437,5843
5437,6572
5437,6807
5438,3003
5438,4384
5438,4871
5439,824
5439,1021
5439,1099
5439,1455
5439,2388
5439,2538
5439,3963
5439,4925
5439,5279
5439,6247
5439,6993
5440,878
5440,1385
5440,1625
5440,2422
5440,3267
5440,3327
5440,5358
5440,6436
5440,6556
5440,7281
5441,811
5441,2637
5441,3081
5441,3439
5441,3623
5441,3721
5441,5495
5441,5769
5441,5904
5441,6330
5441,6414
5442,383
5442,2685
5442,2778
5442,2871
5442,3123
5442,3133
5442,3185
5442,5302
5442,7276
5443,327
5443,1635
5443,2936
5443,3917
5443,7148
5444,741
5444,1146
5444,1824
5444,2480
5444,3151
5444,5283
5444,5361
5444,5773
5444,5877
5444,6130
5444,6623
5444,7271
5445,1563
5445,1969
5445,2565
5445,2663
5445,3510
5445,3716
5445,4422
5445,6411
5445,6451
5446,123
5446,1284
5446,3311
5446,4384
5446,6409
5446,7143
5446,7252
5447,835
5447,2066
5447,5213
5447,5307
5448,516
5448,570
5448,882
5448,1360
5448,1583
5448,2103
5448,2446
5448,3090
5448,3324
5448,3543
5448,3565
5448,4281
5448,4548
5448,5602
5448,5849
5448,5906
5450,3497
5450,4370
5450,4794
5450,7429
5451,2260
5451,2643
5451,3528
5451,4666
5451,6679
5452,75
5452,881
5452,2239
5452,3689
5452,4091
5452,4384
5452,7102
5453,1645
5453,5544
5453,6388
5454,160
5454,394
5454,545
5454,627
5454,649
5454,1130
5454,1280
5454,1295
5454,1541
5454,1650
5454,1710
5454,2014
5454,2052
5454,2344
5454,2644
5454,2727
5454,2803
5454,3300
5454,3327
5454,3528
5454,3819
5454,4015
5454,4428
5454,4582
5454,4775
5454,4891
5454,5265
5454,5519
5454,5857
5454,6031
5454,6241
5454,6606
5454,6911
5454,7390
5454,7482
5455,18
5455,905
5455,1014
5455,1268
5455,2011
5455,2310
5455,2518
5455,3118
5455,3311
5455,3468
5455,4324
5455,4358
5455,4919
5455,5116
5455,5386
5455,5865
5455,5888
5455,6308
5455,6448
5455,6815
5455,7280
5455,7331
5455,7349
5456,111
5456,160
5456,1252
5456,1290
5456,1950
5456,2135
5456,2416
5456,2695
5456,2880
5456,4913
5456,6501
5456,6821
5456,6888
5457,668
5457,2497
5458,668
5458,1385
5458,2585
5458,3524
5458,3705
5458,3942
5458,4518
5458,5535
5458,5680
5458,6516
5458,6886
5459,495
5459,1058
5459,3311
5459,3887
5459,4164
5459,4376
5459,4384
5459,5132
5459,5171
5459,5455
5459,7612
5460,4887
5460,5071
5460,5741
5460,6513
5461,1076
5461,1347
5461,1610
5461,1930
5461,2941
5461,3698
5461,4173
5461,6331
5461,6726
5462,3175
5462,5558
5462,7450
5463,2377
5463,2814
5463,3277
5463,5296
5463,5816
5463,5937
5464,551
5464,2043
5464,2113
5464,2143
5464,3037
5464,4076
5464,5650
5464,6001
5465,216
5465,850
5465,1157
5465,1412
5465,1743
5465,2849
5465,3316
5465,3830
5465,4412
5465,4667
5465,4883
5465,5272
5465,5848
5465,6372
5465,6765
5465,7122
5466,872
5466,1832
5466,3267
5466,4698
5466,5583
5466,5644
5466,5918
5466,6817
5466,6991
5467,2164
5467,3042
5467,3199
5467,3212
5467,3698
5467,4055
5467,4330
5467,5375
5467,5397
5467,5513
5467,6494
5467,6815
5468,593
5468,727
5468,1067
5468,2198
5468,3693
5468,4210
5468,4212
5468,4376
5468,6492
5468,7003
5469,3893
5469,4380
5469,4641
5469,6183
5469,6702
5469,7247
5469,7395
5470,2081
5470,4376
5470,5881
5470,7296
5471,2183
5471,3152
5471,6039
5473,347
5473,3661
5473,5699
5473,7232
5473,7620
5474,2438
5474,3339
5474,4373
5474,6210
5474,6403
5475,384
5475,912
5475,1386
5476,561
5476,1646
5476,4244
5476,4252
5476,4884
5476,6488
5476,7383
5477,1352
5477,1405
5477,2085
5477,2502
5477,3033
5477,4079
5477,5096
5477,5342
5477,6080
5477,6150
5477,7425
5478,881
5478,4422
5478,4952
5478,7330
5479,6158
5480,447
5480,745
5480,1256
5480,1326
5480,2399
5480,2528
5480,3084
5480,3569
5480,3850
5480,4237
5480,4443
5480,4647
5481,1207
5481,4339
5481,6543
5482,630
5482,1503
5482,2077
5482,2436
5482,6433
5483,162
5483,363
5483,1158
5483,3101
5483,3600
5483,4318
5483,6586
5483,6783
5483,7184
5484,2161
5484,2385
5484,2928
5484,3113
5484,3369
5484,5487
5484,5664
5484,6444
5484,6929
5485,495
5485,1284
5485,4376
5485,5079
5485,7553
5486,9
5486,564
5486,1300
5486,2044
5486,2707
5486,3365
5486,4327
5486,5625
5486,5933
5486,6555
5486,6955
5487,7467
5488,593
5488,2198
5488,4941
5489,782
5489,1509
5489,1562
5489,2395
5489,4353
5489,4411
5489,5718
5489,5896
5489,5974
5489,6222
5489,6311
5490,789
5490,942
5490,1058
5490,1840
5490,1862
5490,5222
5491,1558
5491,1706
5491,6275
5491,7368
5492,4376
5492,4915
5492,6536
5493,2206
5493,2628
5493,3623
5493,4074
5493,4578
5493,5979
5493,6688
5494,4172
5494,6905
5494,7057
5494,7169
5495,593
5495,2239
5495,3946
5495,4127
5495,4380
5495,4578
5495,4641
5495,5606
5496,28
5496,105
5496,756
5496,931
5496,1627
5496,1643
5496,1744
5496,1797
5496,2286
5496,2960
5496,4390
5496,4906
5496,5343
5496,5615
5497,2609
5497,3090
5497,4236
5497,4566
5497,6913
5497,7013
5498,485
5498,3928
5498,4959
5498,5191
5498,6593
5498,6722
5499,2593
5499,2864
5499,2962
5499,2992
5499,3176
5499,3485
5499,3709
5499,5183
5499,6548
5499,6861
5499,7087
5499,7267
5500,920
5500,1185
5500,2220
5500,2738
5500,3271
5500,3579
5500,3834
5500,3916
5500,4100
5500,5791
5500,6237
5500,7364
5500,7561
5501,30
5501,3014
5501,3141
5501,3176
5501,6277
5502,1961
5502,3499
5502,5156
5503,1189
5503,1603
5503,2871
5503,4386
5503,4729
5503,6632
5503,7032
5503,7072
5504,670
5504,756
5504,1585
5504,2447
5504,2527
5504,2801
5504,3677
5504,4259
5504,4356
5504,4390
5504,5530
5504,6878
5504,7359
5505,91
5505,975
5505,5948
5506,70
5506,165
5506,181
5506,918
5506,1078
5506,1252
5506,2036
5506,3645
5506,3969
5506,4170
5506,6521
5506,6590
5506,6757
5506,7498
5507,593
5507,1058
5507,1268
5507,1453
5507,5132
5508,3866
5508,4384
5509,1041
5509,1264
5509,1980
5509,3749
5509,4509
5509,4829
5509,7308
5509,7437
5510,593
5510,2239
5510,3844
5510,4164
5510,4680
5510,4865
5511,1064
5511,2588
5511,2964
5511,4259
5511,4302
5511,4784
5511,5012
5511,7128
5511,7445
5512,1364
5512,1531
5512,1732
5512,2260
5512,2603
5512,2822
5512,3006
5512,3324
5512,6143
5512,6164
5512,6257
5512,6416
5512,6520
5512,6881
5512,7014
5512,7144
5513,919
5513,1196
5513,1707
5513,2377
5513,5420
5513,5614
5514,2077
5514,3495
5514,4007
5514,5288
5514,6433
5514,7081
5515,745
5515,884
5515,1762
5515,2196
5515,4615
5515,5100
5515,5827
5515,7009
5516,4815
5516,4929
5516,6809
5516,6862
5516,7439
5517,364
5517,1255
5517,1480
5518,261
5518,712
5518,868
5518,1222
5518,2102
5518,2553
5518,3858
5518,4074
5518,5324
5518,5669
5518,6492
5518,6787
5518,6968
5519,1181
5519,3960
5519,5430
5520,1044
5520,3442
5520,4738
5521,1095
5521,1148
5521,1955
5521,2453
5521,4452
5521,5074
5521,5378
5521,6181
5521,6970
5522,2838
5522,5333
5523,166
5523,256
5523,977
5523,1065
5523,3759
5523,5419
5523,5618
5523,5793
5524,461
5524,495
5524,3295
5525,1301
5525,4384
5525,5261
5525,5931
5525,7010
5526,1136
5527,613
5527,896
5527,1653
5527,3145
5527,3767
5527,4451
5527,4799
5527,5777
5527,5912
5529,1038
5529,2357
5529,2717
5529,5692
5529,6164
5529,7241
5530,40
5530,456
5530,1417
5530,4301
5530,5317
5530,6807
5530,7032
5531,260
5531,1058
5531,2039
5531,2198
5531,2239
5531,3049
5531,3279
5531,6354
5531,6579
5531,6952
5531,7289
5532,593
5532,2198
5532,4376
5532,5816
5533,1989
5533,3396
5533,4104
5533,5684
5534,1239
5534,1278
5534,3277
5534,3359
5534,4230
5534,4422
5534,5813
5534,6589
5534,7395
5534,7510
5535,1893
5535,2612
5535,3313
5535,3531
5535,4362
5535,4757
5535,5986
5535,6293
5537,1124
5537,2181
5537,2526
5537,2720
5537,3231
5537,3747
5537,5421
5537,7243
5537,7342
5538,1498
5538,4695
5538,4774
5538,6978
5538,7215
5538,7603
5539,764
5539,994
5539,1536
5539,1750
5539,2041
5539,3197
5539,3343
5539,3895
5539,4628
5540,1736
5540,2147
5540,2552
5540,3805
5540,5409
5540,5753
5540,5848
5540,5856
5540,7614
5541,3607
5541,3631
5541,5839
5542,736
5542,906
5542,2198
5542,2689
5542,5050
5542,6807
5543,1744
5543,2406
5543,2502
5543,3858
5543,4388
5543,4895
5543,5132
5543,5493
5543,6215
5543,6361
5543,6673
5543,6702
5543,7467
5544,203
5544,360
5544,1645
5544,2198
5544,2363
5544,2917
5544,3049
5544,3273
5544,5264
5544,5453
5544,6131
5544,6388
5544,6668
5544,6909
5544,7266
5544,7341
5545,947
5545,1000
5545,1191
5545,2322
5545,2857
5545,3152
5545,5198
5545,5206
5545,5213
5545,6264
5545,6942
5546,1260
5546,6365
5546,7250
5547,2064
5547,2251
5547,3915
5547,4776
5547,4925
5547,5727
5547,6130
5547,6550
5548,135
5548,1039
5548,1756
5548,2230
5548,2397
5548,3955
5548,4215
5548,5086
5548,6875
5548,7563
5549,2447
5549,3578
5550,70
5550,329
5550,523
5550,638
5550,1335
5550,2071
5550,2543
5550,2952
5550,3202
5550,3240
5550,3731
5550,4255
5550,4268
5550,5315
5550,5379
5550,5566
5550,5571
5550,5873
5550,6165
5550,6513
5550,6548
5550,6590
5551,1899
5551,3160
5551,4384
5551,5037
5551,5296
5552,435
5552,5404
5552,6613
5552,6877
5553,237
5553,3494
5554,1561
5554,3152
5554,6582
5555,328
5555,661
5555,1264
5555,1803
5555,2768
5555,3272
5555,4614
5555,4739
5555,6519
5555,7566
5556,5
5556,576
5556,1826
5556,3725
5556,4023
5556,4398
5556,4541
5556,4593
5556,5312
5556,5551
5556,5832
5556,6193
5556,7634
5557,2198
5557,3183
5557,4164
5557,5037
5557,5251
5557,5296
5557,5881
5557,7572
5558,588
5558,3191
5558,4242
5558,4258
5558,5462
5558,6050
5558,6483
5558,7497
5558,7575
5559,34
5559,610
5559,1058
5559,1108
5559,1990
5559,2104
5559,2205
5559,2253
5559,2270
5559,2440
5559,2571
5559,3469
5559,3697
5559,4513
5559,5108
5559,5667
5559,6847
5559,7116
5559,7213
5560,1454
5560,2379
5560,2608
5560,4646
5560,4810
5560,4906
5560,6169
5560,7620
5561,1896
5561,2384
5561,3183
5561,3698
5561,4952
5562,2381
5562,3891
5562,4768
5563,302
5563,1816
5563,2083
5563,2742
5563,2749
5563,4150
5563,4325
5563,4449
5563,4582
5563,5617
5563,6000
5563,7447
5564,1472
5564,2586
5564,2810
5564,3740
5564,4750
5564,5890
5564,6214
5565,323
5565,401
5565,2503
5565,3048
5565,3797
5565,7515
5566,70
5566,197
5566,428
5566,573
5566,2986
5566,3763
5566,4922
5566,5550
5566,6155
5567,593
5567,1663
5567,3720
5567,6414
5568,26
5568,1082
5568,2871
5568,3242
5568,3247
5568,3294
5568,3657
5568,4345
5568,4828
5568,6790
5568,7398
5569,338
5569,401
5569,441
5569,3420
5569,4175
5569,4224
5569,6853
5569,7027
5570,102
5570,1490
5570,2061
5570,3067
5570,3200
5570,3863
5570,5282
5570,6346
5570,6927
5570,6950
5570,7640
5571,223
5571,1904
5571,1984
5571,2081
5571,2213
5571,2414
5571,2527
5571,2574
5571,3240
5571,4362
5571,4404
5571,4767
5571,4987
5571,5765
5571,6142
5571,6740
5571,7107
5571,7195
5572,593
5572,2239
5572,5799
5573,147
5573,444
5573,561
5573,1622
5573,1683
5573,2489
5573,2499
5573,3255
5573,4498
5573,4564
5573,6488
5573,6972
5573,7361
5574,1001
5574,1979
5574,2863
5574,3757
5574,3809
5574,5425
5574,6071
5574,7529
5575,2460
5575,3503
5575,3681
5575,4469
5576,2883
5576,5996
5576,6551
5576,7330
5576,7401
5577,320
5577,4376
5577,4384
5577,7572
5578,1087
5578,1500
5578,1503
5578,2412
5578,3425
5578,3647
5578,3735
5578,3953
5578,6813
5578,7178
5578,7292
5578,7575
5579,1398
5579,4597
5579,4929
5579,4996
5579,5670
5579,6742
5580,52
5580,530
5580,1049
5580,1123
5580,2968
5580,3137
5580,5684
5580,5983
5581,1162
5581,2517
5581,3143
5581,5927
5582,681
5582,1051
5582,1440
5582,3094
5582,3735
5582,4275
5582,5434
5582,6573
5582,7620
5583,1087
5583,2074
5583,2830
5583,2875
5583,3354
5583,3622
5583,3993
5583,4698
5583,5026
5583,5151
5583,5338
5583,5466
5583,6504
5584,258
5584,1186
5584,1271
5584,1467
5584,1899
5584,2206
5584,2239
5584,2929
5584,3051
5584,4682
5584,5077
5584,5372
5584,5543
5584,5853
5584,5897
5584,6887
5584,7003
5584,7021
5585,1377
5585,2484
5585,3152
5585,4337
5585,4522
5585,7363
5586,5738
5586,6144
5586,6873
5587,315
5587,1587
5587,1771
5587,1772
5587,2756
5587,3376
5587,3924
5588,541
5588,641
5588,1272
5588,1630
5588,1709
5588,2019
5588,2281
5588,3553
5588,3575
5588,4441
5588,4539
5588,4583
5588,4728
5588,5825
5588,6104
5588,6603
5588,6648
5588,7648
5589,1241
5589,1623
5589,2354
5589,3295
5589,3871
5589,4863
5589,6470
5589,6864
5590,594
5590,799
5590,1462
5590,2276
5590,3254
5590,3286
5590,3338
5590,4036
5590,6158
5591,1487
5591,1728
5591,4149
5591,4472
5591,5267
5591,6453
5591,7631
5592,1988
5592,2100
5592,2976
5592,4657
5592,4732
5592,4843
5592,4866
5592,5187
5593,1453
5593,2377
5593,2571
5593,4080
5593,4164
5593,4376
5593,5194
5593,5641
5593,6811
5593,7139
5593,7612
5594,4770
5594,4805
5594,4834
5594,6146
5595,739
5595,1194
5595,1383
5595,2685
5595,3243
5595,3923
5595,6343
5595,7119
5596,101
5596,197
5596,364
5596,2224
5596,2347
5596,2473
5596,2523
5596,2680
5596,3219
5596,3525
5597,592
5597,3807
5597,4848
5597,6759
5597,7276
5598,250
5598,3056
5598,3331
5598,5044
5598,5839
5598,7371
5599,337
5599,1471
5599,1636
5599,3204
5599,3610
5599,4897
5599,5727
5599,5755
5599,5783
5599,5995
5599,6255
5599,6607
5600,399
5600,853
5600,890
5600,991
5600,1460
5600,3481
5600,3811
5600,4224
5600,5599
5600,6894
5601,4843
5601,4866
5601,7497
5602,698
5602,749
5602,909
5602,1391
5602,1428
5602,1583
5602,1743
5602,1849
5602,2189
5602,4342
5602,4704
5602,5250
5602,5662
5602,6046
5602,6771
5602,7437
5603,662
5603,2492
5603,2994
5603,3957
5603,7261
5604,544
5604,1239
5604,1258
5604,1359
5604,3329
5604,3573
5604,3911
5604,4314
5604,5374
5604,5907
5604,5971
5604,6777
5604,6946
5604,6967
5604,7441
5604,7579
5604,7591
5605,53
5605,691
5605,891
5605,2283
5605,2669
5605,2680
5605,2840
5605,3046
5605,3675
5605,5085
5605,7063
5606,593
5606,2198
5606,2239
5606,4127
5606,6702
5606,7247
5606,7395
5607,78
5607,647
5607,2369
5607,2842
5607,3288
5607,3416
5607,4425
5607,5242
5607,5252
5607,6559
5607,6918
5607,7431
5608,305
5608,3359
5608,3698
5608,4479
5608,7364
5609,618
5609,943
5609,1223
5609,1562
5609,1683
5609,4244
5609,4478
5609,5230
5609,5489
5609,6222
5609,7598
5610,306
5610,1961
5610,2070
5610,5791
5610,7373
5610,7561
5611,1533
5611,2528
5611,2949
5611,3741
5611,3879
5611,4208
5611,4237
5611,6347
5612,731
5612,1545
5612,2592
5612,3693
5612,5415
5612,7091
5612,7289
5612,7464
5613,4612
5614,1679
5614,1831
5614,2346
5614,3022
5614,3212
5614,4141
5614,5445
5614,6494
5614,6815
5615,28
5615,36
5615,485
5615,536
5615,1111
5615,1280
5615,1929
5615,2163
5615,3419
5615,4033
5615,4100
5615,5209
5615,5364
5615,5496
5615,5708
5615,6696
5616,621
5616,2607
5616,3437
5616,5035
5616,5454
5616,6393
5616,6549
5616,7129
5617,1951
5617,2077
5617,2347
5617,3219
5617,3227
5617,5454
5617,6433
5618,166
5618,420
5618,733
5618,977
5618,2064
5618,2850
5618,3447
5618,4292
5618,4443
5618,5092
5618,5523
5618,5867
5618,5927
5618,6396
5618,6671
5618,7282
5619,335
5619,1785
5619,2235
5619,4105
5619,4905
5619,5879
5620,835
5620,847
5620,2198
5620,2317
5620,2514
5620,2682
5620,3578
5621,1207
5621,1606
5621,1968
5621,2069
5621,4079
5621,6285
5621,6862
5622,407
5622,1216
5622,1755
5622,4841
5622,4898
5622,5770
5623,320
5623,2479
5623,4177
5623,4952
5623,5641
5623,5707
5623,6961
5623,7296
5623,7582
5624,1450
5624,5826
5624,6433
5624,7367
5625,564
5625,1358
5625,2096
5625,2944
5625,4277
5625,4769
5625,4898
5625,5486
5625,5636
5625,6162
5625,7094
5626,593
5626,1093
5626,1663
5626,2198
5626,4535
5626,4768
5627,458
5627,1079
5627,3741
5627,5968
5627,6712
5628,3164
5628,6213
5628,6479
5628,6784
5629,593
5629,1184
5629,2796
5629,2991
5629,3049
5629,3152
5629,4746
5629,6664
5629,7296
5630,85
5630,807
5630,1252
5630,3026
5630,3573
5630,3631
5630,4362
5630,4725
5630,5101
5630,5743
5630,5839
5630,6868
5630,7107
5631,3661
5631,3968
5631,6514
5632,1686
5632,2239
5632,3359
5632,4337
5632,5404
5633,668
5633,1056
5633,1134
5633,1952
5633,2872
5633,3662
5633,4520
5633,6117
5633,6571
5633,6994
5633,7482
5634,274
5634,1058
5634,1413
5634,2807
5634,2927
5634,3578
5634,4273
5634,4601
5634,4685
5634,5123
5634,5354
5634,5378
5634,5487
5634,6271
5634,6444
5634,7467
5635,829
5635,2111
5635,3492
5635,3510
5635,3578
5636,1888
5636,2094
5636,2096
5636,2944
5636,3161
5636,5486
5636,5625
5636,5933
5637,593
5637,1727
5637,1805
5637,5734
5637,6551
5638,394
5638,395
5638,2056
5638,3086
5638,3244
5638,3869
5638,4628
5638,5454
5638,6558
5639,1999
5639,2518
5639,3895
5639,7632
5640,479
5640,593
5640,2198
5640,2406
5640,4376
5640,7464
5641,192
5641,341
5641,410
5641,696
5641,986
5641,1047
5641,1284
5641,2183
5641,2617
5641,2770
5641,2848
5641,3124
5641,3245
5641,3270
5641,3999
5641,4162
5641,4233
5641,4313
5641,4608
5641,4940
5641,5058
5641,5082
5641,5223
5641,5732
5641,6430
5641,6801
5641,7265
5641,7320
5641,7353
5641,7580
5642,135
5642,1288
5642,2035
5642,2467
5642,3571
5642,3846
5642,4242
5642,4657
5642,4720
5642,6682
5642,6755
5643,5790
5643,5999
5643,6615
5644,1338
5644,3622
5644,3823
5644,3993
5645,1199
5645,1571
5645,2002
5645,4844
5645,7066
5645,7152
5646,89
5646,1415
5646,4768
5646,6492
5646,6702
5646,7003
5646,7166
5646,7607
5647,2833
5647,3437
5647,3735
5647,4660
5648,4067
5648,6408
5648,7077
5649,42
5649,553
5649,1908
5649,2848
5649,3074
5649,3279
5649,3929
5649,4155
5649,4210
5649,4642
5649,5640
5649,7266
5649,7573
5650,20
5650,73
5650,198
5650,466
5650,1551
5650,2021
5650,2332
5650,2993
5650,3311
5650,3710
5650,3891
5650,5010
5650,5420
5650,6297
5650,7330
5651,341
5651,1875
5651,4670
5651,5641
5651,5979
5651,7471
5652,990
5652,1337
5652,2028
5652,3209
5652,3567
5652,4672
5652,6280
5652,6503
5653,649
5653,4300
5653,5090
5653,6104
5653,6502
5653,7073
5654,305
5654,762
5654,1174
5654,1429
5654,4199
5654,6730
5654,7550
5655,1781
5655,3416
5655,5005
5655,5319
5655,6239
5656,21
5656,67
5656,93
5656,3107
5656,3766
5656,6514
5656,6612
5657,1205
5657,1961
5657,3600
5657,3802
5657,5156
5658,412
5658,1734
5658,2192
5658,2854
5658,7014
5659,1280
5659,5109
5659,6807
5660,2246
5660,4024
5661,881
5661,1189
5661,1610
5661,2339
5661,3035
5661,3501
5661,5843
5661,6618
5661,6726
5661,7276
5661,7406
5661,7503
5661,7633
5662,216
5662,453
5662,569
5662,2189
5662,2552
5662,3032
5662,4739
5662,5491
5662,6275
5662,6965
5662,7368
5663,45
5663,3281
5663,3662
5663,4452
5663,5074
5663,6117
5663,7287
5663,7334
5664,274
5664,597
5664,673
5664,675
5664,953
5664,1337
5664,1417
5664,1429
5664,1595
5664,1651
5664,1673
5664,1929
5664,2065
5664,2295
5664,2462
5664,2494
5664,3179
5664,3381
5664,3433
5664,3473
5664,3492
5664,4338
5664,4344
5664,4601
5664,4685
5664,4792
5664,4835
5664,4907
5664,5022
5664,5080
5664,5116
5664,5142
5664,5206
5664,5549
5664,5729
5664,5880
5664,5895
5664,5990
5664,6060
5664,6538
5664,7005
5664,7112
5665,1707
5665,1940
5665,2371
5665,2993
5665,3199
5665,4054
5665,4427
5665,4811
5665,6412
5665,7131
5666,1681
5666,2280
5666,2742
5666,2762
5666,3828
5666,5725
5666,7201
5666,7237
5666,7386
5667,1650
5667,1990
5667,2205
5667,2287
5667,3548
5667,3697
5668,174
5668,937
5668,2419
5668,3575
5668,4264
5669,593
5669,774
5669,2410
5669,2675
5669,2832
5669,5518
5669,6398
5669,6551
5670,1398
5670,3200
5670,3639
5670,5579
5671,1161
5671,1773
5671,4051
5671,4875
5671,6051
5671,6225
5671,6337
5671,7473
5672,277
5672,1704
5672,6043
5673,423
5673,1855
5673,2130
5673,2362
5673,4399
5674,28
5674,40
5674,299
5674,456
5674,1280
5674,1725
5674,2113
5674,2438
5674,2586
5674,3339
5674,3888
5674,5022
5675,884
5675,1326
5675,4925
5675,5092
5675,5523
5675,5581
5675,5793
5675,6130
5675,6419
5676,213
5676,495
5676,583
5676,1014
5676,1069
5676,1802
5676,1941
5676,2058
5676,2198
5676,2418
5676,2977
5676,3887
5676,4054
5676,4480
5676,4722
5676,6128
5676,6211
5676,6448
5676,6880
5676,7466
5676,7584
5677,2373
5677,4325
5677,6300
5677,6780
5678,3213
5678,4889
5678,5234
5678,6592
5679,706
5679,4211
5679,4243
5679,4816
5679,6526
5679,6930
5679,7346
5680,66
5680,1029
5680,2214
5680,2386
5680,4518
5680,5422
5680,5458
5680,6058
5680,6516
5681,103
5681,647
5681,1332
5681,3350
5681,4298
5681,4515
5681,4965
5681,5005
5681,5252
5681,5319
5681,5607
5681,5871
5681,6132
5681,6273
5681,6559
5681,6734
5681,7554
5682,1829
5682,2385
5682,2927
5682,4489
5682,5123
5682,5354
5682,6438
5683,437
5683,1135
5683,1606
5683,3033
5683,4370
5683,4401
5683,6080
5683,6150
5683,6727
5683,7082
5683,7185
5683,7327
5684,84
5684,157
5684,651
5684,1043
5684,1138
5684,1150
5684,1219
5684,1419
5684,1869
5684,2051
5684,2190
5684,2876
5684,3121
5684,4020
5684,4332
5684,4471
5684,4677
5684,4907
5684,5238
5684,5411
5684,5699
5684,5854
5684,6122
5684,6463
5684,7316
5685,551
5685,1296
5685,2201
5685,3427
5685,3688
5685,4356
5685,4724
5685,7134
5686,172
5686,554
5686,557
5686,1953
5686,2311
5686,2382
5686,3238
5686,3391
5686,3417
5686,3619
5686,3881
5686,4673
5686,4802
5686,4975
5686,6163
5686,6601
5686,6645
5687,2467
5687,3308
5687,4678
5688,6764
5689,1492
5689,2198
5689,3502
5689,3532
5689,5385
5689,5471
5689,5525
5689,6702
5689,6707
5689,7599
5690,1535
5690,2749
5690,3934
5690,4272
5690,4646
5690,5065
5690,5227
5690,5885
5690,6169
5690,6656
5690,7081
5690,7217
5691,1969
5691,2324
5691,4412
5691,4960
5692,828
5692,1434
5692,1672
5692,2019
5692,2357
5692,3291
5692,3575
5692,3840
5692,4704
5692,5409
5692,5529
5692,6502
5692,7060
5693,7260
5694,305
5694,1510
5694,3744
5694,4407
5694,5654
5695,396
5695,532
5695,574
5695,1369
5695,1384
5695,4204
5695,5021
5695,5719
5695,6747
5695,7040
5695,7466
5695,7533
5696,485
5696,1457
5696,1905
5696,3605
5697,187
5697,667
5697,1455
5697,1502
5697,1804
5697,3127
5697,3258
5697,4937
5697,5153
5697,5237
5697,5698
5697,5867
5697,6396
5697,6652
5698,314
5698,1065
5698,1804
5698,5169
5699,1419
5699,2482
5699,3205
5699,5473
5699,5684
5700,343
5700,5052
5700,7076
5701,209
5701,524
5701,703
5701,1035
5701,4235
5701,6433
5701,7050
5701,7532
5702,227
5702,1489
5702,2452
5702,5347
5702,5454
5703,42
5703,1002
5703,2117
5703,2887
5703,3438
5703,4650
5703,5932
5703,6289
5703,7276
5704,4384
5704,4830
5705,1674
5705,1856
5705,1924
5706,882
5706,1531
5706,2324
5706,4312
5706,6679
5707,98
5707,290
5707,320
5707,449
5707,521
5707,540
5707,568
5707,973
5707,1067
5707,1211
5707,1327
5707,1485
5707,1526
5707,1735
5707,1880
5707,1975
5707,2129
5707,2331
5707,2573
5707,2730
5707,2744
5707,2782
5707,3073
5707,3149
5707,3196
5707,3261
5707,3594
5707,3844
5707,3947
5707,4366
5707,4510
5707,4737
5707,4787
5707,5039
5707,5224
5707,5623
5707,5859
5707,6492
5707,6646
5707,6921
5707,7071
5707,7091
5707,7166
5707,7520
5708,1834
5708,2286
5708,5114
5708,5364
5708,5500
5708,6338
5708,6568
5708,6600
5708,7298
5709,1090
5709,1590
5709,2198
5709,2729
5709,2883
5709,2974
5709,3060
5709,3183
5709,3659
5709,4864
5710,260
5710,1268
5710,1368
5710,4376
5710,4384
5710,5707
5710,5740
5711,1785
5711,4105
5712,348
5712,1201
5712,1576
5712,1968
5712,2580
5712,3402
5712,4998
5712,5766
5712,6883
5712,7028
5713,1748
5713,2702
5713,4505
5713,5965
5713,6501
5713,7030
5714,260
5714,593
5714,831
5714,1268
5714,1513
5714,2617
5714,2744
5714,3226
5714,3334
5714,5058
5714,5707
5714,7147
5715,2762
5715,5812
5715,6147
5715,7438
5716,1058
5716,2558
5716,2798
5717,4203
5717,4682
5717,5372
5718,561
5718,1223
5718,1562
5718,2395
5718,2444
5718,4564
5718,5489
5718,6311
5718,7598
5719,521
5719,1901
5719,2231
5719,2794
5719,4672
5719,5120
5719,5264
5719,6038
5719,6196
5719,6909
5720,3429
5720,4625
5720,5854
5720,6120
5720,6573
5720,6979
5720,7450
5720,7622
5721,425
5721,481
5721,618
5721,2786
5721,2853
5721,3904
5721,6222
5721,6609
5721,6625
5721,7383
5721,7598
5722,956
5722,1607
5722,2198
5722,3559
5722,3758
5722,4634
5722,5943
5722,6047
5722,6610
5722,6992
5722,7322
5723,373
5723,941
5723,1107
5723,2034
5723,2646
5723,6549
5724,4238
5724,4906
5725,2280
5725,3981
5725,4336
5725,4786
5725,5402
5725,5666
5725,6433
5726,4034
5727,3562
5727,5755
5727,6127
5728,456
5728,4747
5728,6110
5728,7250
5729,3578
5729,4073
5729,5664
5730,1624
5730,2852
5730,4233
5730,4313
5730,4864
5730,4919
5730,5296
5730,6877
5730,7280
5731,1804
5731,2154
5732,192
5732,813
5732,1330
5732,2215
5732,4952
5732,5222
5732,5881
5732,6313
5732,6649
5732,6702
5733,3425
5733,3661
5733,4969
5733,7260
5733,7292
5734,24
5734,455
5734,540
5734,633
5734,900
5734,1097
5734,1329
5734,1744
5734,1838
5734,1942
5734,2859
5734,3550
5734,3720
5734,3897
5734,4148
5734,4630
5734,4848
5734,5013
5734,5141
5734,5359
5734,5385
5734,5399
5734,5853
5734,6528
5734,7413
5735,2198
5735,2793
5735,4715
5735,5234
5736,1728
5736,5336
5736,6453
5736,7257
5736,7342
5737,510
5737,1292
5737,1622
5737,2444
5737,2489
5737,3452
5737,4123
5737,4498
5737,5270
5737,5974
5737,6229
5737,7218
5737,7444
5737,7463
5737,7490
5737,7598
5738,166
5738,788
5738,2874
5738,5586
5738,6144
5738,6873
5739,526
5739,808
5739,1601
5739,1810
5739,2026
5739,2273
5739,4069
5739,4500
5739,5648
5739,6512
5740,192
5740,726
5740,951
5740,1058
5740,1996
5740,2198
5740,2396
5740,2979
5740,3710
5740,4114
5740,4384
5740,4392
5740,5224
5740,5392
5740,6228
5741,5071
5741,7244
5742,3340
5743,246
5743,852
5743,1198
5743,2222
5743,2739
5743,3531
5743,4320
5743,4362
5743,6195
5743,6851
5743,6868
5743,7153
5744,183
5744,1663
5744,1805
5744,1899
5744,4590
5744,5359
5744,5488
5744,5612
5744,6702
5744,6849
5745,1406
5745,3532
5745,6617
5745,7330
5746,93
5746,1087
5746,1107
5746,1150
5746,1381
5746,3244
5746,4025
5746,4587
5746,6773
5746,6817
5747,2264
5747,6623
5748,1255
5748,4428
5749,1418
5749,2058
5749,2418
5749,3578
5749,4223
5749,5366
5749,7269
5750,837
5750,4123
5750,6083
5750,7361
5751,1622
5751,2499
5751,2548
5751,4252
5751,4411
5751,4663
5751,5016
5751,7015
5751,7463
5753,850
5753,1648
5753,2090
5753,3346
5753,3649
5753,4960
5753,5662
5753,5848
5753,7073
5753,7086
5753,7614
5754,554
5754,1079
5754,1656
5754,2240
5754,2311
5754,2757
5754,3150
5754,3231
5754,3880
5754,6125
5754,6587
5755,888
5755,1564
5755,1613
5755,2054
5755,3187
5755,3940
5755,5599
5755,6680
5755,6763
5755,7378
5755,7457
5756,5
5756,1011
5756,1907
5756,2313
5756,3713
5756,3804
5756,4333
5756,4662
5756,5015
5756,5259
5756,6658
5756,7008
5756,7085
5757,1772
5757,3236
5757,3924
5757,5876
5757,6653
5758,461
5758,960
5758,2629
5758,3295
5758,4419
5758,4670
5758,4805
5758,7456
5759,83
5759,959
5759,1124
5759,2181
5759,2526
5759,3231
5759,3747
5759,3801
5759,4144
5759,5883
5759,6002
5759,7356
5760,1961
5760,3101
5760,3716
5761,1956
5761,2354
5761,6172
5761,7000
5762,581
5762,737
5762,1468
5762,2605
5762,3201
5762,3850
5762,4208
5762,4399
5762,4924
5762,6374
5763,87
5763,333
5763,621
5763,1230
5763,2481
5763,2515
5763,2810
5763,3485
5763,3599
5763,3740
5763,4172
5763,5076
5763,6356
5763,6836
5763,6908
5763,7583
5764,593
5764,881
5764,2287
5764,2484
5764,2553
5764,2823
5764,3080
5764,5070
5764,5372
5764,6702
5765,250
5765,3351
5765,3731
5765,3937
5765,7479
5765,7588
5766,354
5766,1201
5766,1462
5766,1571
5766,1837
5766,2403
5766,3338
5766,4036
5766,4119
5767,407
5767,1202
5767,1356
5767,3314
5767,3877
5767,4898
5767,5159
5767,6346
5767,6995
5767,7123
5767,7495
5767,7549
5768,2586
5768,6015
5769,2336
5769,2689
5769,5013
5769,5050
5769,5903
5770,407
5770,636
5770,2464
5770,2693
5770,4717
5770,5159
5770,5622
5770,5837
5770,6643
5770,6885
5770,7192
5771,864
5771,1388
5771,1891
5771,2223
5771,2570
5771,2879
5771,2918
5771,3260
5771,3378
5771,4532
5771,4799
5771,4973
5771,5168
5771,6058
5771,7418
5772,229
5772,305
5772,456
5772,1495
5772,1831
5772,2332
5772,3073
5772,3689
5772,3723
5772,3891
5772,4168
5772,5404
5772,5445
5772,5807
5772,6448
5772,6451
5773,3458
5773,3560
5773,5444
5774,273
5774,1488
5774,2240
5774,3150
5774,3516
5774,4673
5774,6163
5774,6653
5775,864
5775,911
5775,936
5775,1521
5775,1967
5775,3250
5775,3520
5775,3821
5775,5813
5776,3200
5776,4597
5776,4929
5776,7199
5777,768
5777,3793
5777,4799
5777,5912
5778,638
5778,1394
5778,1931
5778,2261
5778,2274
5778,2427
5778,2430
5778,4042
5778,4378
5778,6142
5778,6721
5779,713
5779,3896
5779,6009
5780,1838
5780,3648
5780,5441
5780,6702
5780,7477
5781,990
5781,1321
5781,1821
5781,1979
5781,2490
5781,3052
5781,3492
5781,3612
5781,4227
5781,4957
5781,6172
5781,6280
5781,6960
5781,7262
5781,7467
5781,7546
5782,290
5782,1711
5782,1723
5782,2198
5782,2207
5782,4578
5782,5381
5782,6985
5782,7036
5782,7174
5782,7597
5783,645
5783,697
5783,3164
5783,4363
5784,3733
5784,4498
5784,4663
5784,7489
5784,7598
5785,1337
5785,1453
5785,3695
5785,5944
5785,7067
5786,1084
5786,1241
5786,1761
5786,3839
5786,7125
5787,768
5787,1388
5787,2880
5787,2898
5787,3265
5787,3358
5787,3883
5787,4094
5787,5771
5787,5912
5787,6058
5788,756
5788,1280
5788,3433
5788,3578
5789,1565
5789,2100
5789,2976
5789,4866
5789,5086
5789,5642
5790,5643
5790,5999
5790,6615
5791,306
5791,1744
5791,1796
5791,2220
5791,5500
5791,7373
5791,7561
5792,1008
5792,1235
5792,1755
5792,1789
5792,1878
5792,2082
5792,2865
5792,3977
5792,4030
5792,5770
5792,6857
5792,6885
5793,615
5793,699
5793,1455
5793,2064
5793,3759
5793,4947
5793,5011
5793,5092
5793,5523
5793,5675
5793,6362
5793,6419
5793,6652
5794,44
5794,2078
5794,3949
5794,4424
5794,6352
5794,7334
5795,867
5795,6581
5796,156
5796,301
5796,768
5796,1388
5796,2898
5796,3265
5796,3809
5796,3855
5796,4762
5796,6058
5796,6724
5796,6914
5797,61
5797,359
5797,377
5797,1513
5797,1663
5797,2406
5797,2882
5797,3185
5797,3251
5797,3262
5797,3364
5797,3620
5797,4352
5797,4522
5797,5324
5797,5381
5797,5689
5797,7139
5798,724
5798,892
5798,2059
5798,6026
5798,6427
5798,6610
5798,6909
5798,7417
5799,626
5799,732
5799,1249
5799,1639
5799,1723
5799,1746
5799,1847
5799,2290
5799,2365
5799,3008
5799,3353
5799,3582
5799,4083
5799,4384
5799,4531
5799,5205
5799,5399
5799,6024
5799,6135
5799,6487
5799,6537
5799,6802
5799,7231
5799,7352
5799,7428
5800,414
5800,1765
5800,2467
5800,2582
5800,3071
5800,3432
5800,3764
5800,4192
5800,4678
5800,6056
5800,7189
5801,51
5801,881
5801,1511
5801,1820
5801,1904
5801,1940
5801,2113
5801,2821
5801,6252
5802,90
5802,148
5802,927
5802,941
5802,1385
5802,1816
5802,2052
5802,2709
5802,3586
5802,3615
5802,4137
5802,4961
5802,5185
5802,5414
5802,5563
5802,6191
5802,6433
5802,6473
5802,6509
5802,6957
5803,307
5803,1445
5803,1740
5803,3494
5803,4005
5803,4611
5803,6144
5803,6402
5803,7268
5803,7449
5804,760
5804,3433
5804,6064
5804,6171
5804,6219
5805,1998
5805,2971
5805,3192
5805,3208
5805,3971
5805,4793
5805,6862
5805,7329
5806,1480
5807,137
5807,1551
5807,1961
5807,2198
5807,2239
5807,2801
5807,2993
5807,3171
5807,3689
5807,3698
5807,5056
5807,5132
5807,5772
5807,6389
5807,6761
5808,1918
5808,1965
5808,4376
5808,5070
5809,1208
5809,2020
5809,2088
5809,3568
5809,7499
5809,7571
5810,3165
5812,665
5812,1936
5812,5337
5812,5382
5812,5715
5813,526
5813,936
5813,1291
5813,1521
5813,2349
5813,3758
5813,5534
5813,5775
5813,5839
5813,5873
5813,6547
5814,2446
5814,2515
5814,3401
5814,3740
5814,4172
5814,4750
5814,7057
5814,7078
5814,7529
5815,982
5815,2318
5815,3431
5815,4647
5815,5235
5815,5827
5816,18
5816,170
5816,346
5816,479
5816,854
5816,1097
5816,1293
5816,1330
5816,1350
5816,1370
5816,1545
5816,2339
5816,2479
5816,2725
5816,2814
5816,3068
5816,3177
5816,3225
5816,3502
5816,3693
5816,3786
5816,3808
5816,3832
5816,3867
5816,4269
5816,4393
5816,4694
5816,4706
5816,4836
5816,4847
5816,5048
5816,5195
5816,5224
5816,5577
5816,5807
5816,5961
5816,6208
5816,6236
5816,6321
5816,6811
5816,7008
5816,7010
5816,7070
5816,7085
5816,7353
5816,7593
5817,1952
5817,1955
5817,2412
5817,3819
5817,3949
5817,5035
5817,5794
5817,6300
5817,6307
5817,6813
5817,6970
5817,7538
5818,1961
5818,6019
5819,923
5819,4116
5819,4805
5820,1518
5820,3469
5820,3548
5820,5881
5821,2083
5821,4020
5821,4260
5821,4661
5821,5724
5821,6109
5822,180
5822,531
5822,637
5822,1680
5822,1988
5822,4205
5822,4699
5822,4837
5822,6776
5822,7423
5822,7595
5824,778
5824,1429
5824,5253
5824,5368
5825,463
5825,749
5825,1759
5825,2037
5825,3272
5825,4300
5825,5588
5826,1035
5826,3352
5826,3766
5826,3872
5826,4689
5826,4970
5826,5024
5826,5043
5826,5310
5826,5624
5826,7586
5827,817
5827,1065
5827,1923
5827,3684
5827,3988
5827,4993
5827,5515
5827,5815
5827,5867
5827,5934
5827,6247
5827,6396
5827,6423
5827,6652
5828,463
5828,649
5828,2281
5828,2622
5828,3324
5828,3392
5828,3597
5828,4614
5828,4666
5828,6212
5828,6679
5828,7061
5829,1055
5829,2837
5829,3601
5829,3873
5829,4144
5829,4923
5829,5934
5829,6718
5829,7165
5830,3465
5830,3526
5831,842
5831,1313
5831,1694
5831,1865
5831,2472
5831,2737
5831,3288
5831,4740
5831,4901
5831,6218
5831,7515
5831,7642
5831,7645
5832,986
5832,1317
5832,1667
5832,2170
5832,2215
5832,3114
5832,6408
5833,351
5833,803
5833,1316
5833,1517
5833,1744
5833,1862
5833,3623
5833,3704
5833,5937
5833,6702
5833,7572
5834,1807
5834,2168
5834,4744
5834,5951
5834,7449
5835,7087
5836,1645
5836,6789
5837,1116
5837,1274
5837,2082
5837,2865
5837,3728
5837,4898
5837,5770
5838,21
5838,827
5838,988
5838,1107
5838,1536
5838,1556
5838,1964
5838,2136
5838,2539
5838,3267
5838,3993
5838,4130
5838,4906
5838,6429
5838,7026
5839,522
5839,707
5839,1252
5839,1658
5839,1700
5839,1910
5839,2024
5839,2228
5839,2303
5839,3589
5839,3914
5839,4027
5839,4282
5839,4908
5839,5014
5839,5541
5839,5598
5839,5604
5839,5907
5839,6123
5839,6198
5839,6544
5839,6619
5839,6624
5839,7039
5839,7551
5840,2370
5840,3538
5840,4670
5840,4805
5840,6075
5840,6266
5840,7107
5840,7553
5841,872
5841,1107
5841,3396
5841,5314
5841,6084
5841,6773
5842,73
5842,4427
5842,5665
5842,6003
5843,1353
5843,5496
5843,5504
5843,6237
5843,6730
5844,1961
5844,2484
5844,3277
5844,5007
5844,5764
5844,6345
5844,6664
5845,1133
5845,1189
5845,1289
5845,3430
5845,4716
5845,6440
5845,7234
5846,464
5846,6891
5847,1419
5848,324
5848,414
5848,433
5848,570
5848,801
5848,1412
5848,2147
5848,2250
5848,2446
5848,2860
5848,3091
5848,3116
5848,3565
5848,3722
5848,3830
5848,4142
5848,4375
5848,4883
5848,5602
5848,5753
5848,5856
5848,6007
5848,6357
5848,7073
5848,7241
5849,850
5849,914
5849,1827
5849,1900
5849,3116
5849,4264
5849,6007
5849,6046
5849,6931
5850,1793
5850,3390
5850,3535
5850,5956
5850,6862
5850,7002
5851,2059
5851,2579
5851,3246
5851,3781
5851,4893
5851,5120
5851,6565
5851,6713
5851,6909
5851,7569
5852,1264
5852,2483
5852,3749
5852,4723
5852,5110
5852,6876
5852,7458
5853,2336
5853,2812
5853,3951
5853,4538
5853,5441
5853,5556
5853,6678
5853,6702
5854,2053
5854,2100
5854,2496
5854,3227
5854,4471
5854,5020
5854,5720
5854,7620
5855,85
5855,1185
5855,1472
5855,1862
5855,2039
5855,2198
5855,3311
5855,3748
5855,3996
5855,5415
5855,5649
5855,6707
5856,275
5856,570
5856,909
5856,1696
5856,5069
5856,5540
5856,6670
5857,3989
5857,5454
5857,7281
5858,1453
5858,2239
5858,2339
5858,5404
5858,6760
5859,2671
5859,3958
5859,4376
5859,7464
5860,187
5860,1065
5860,1247
5860,2148
5860,2328
5860,3656
5860,4146
5860,6200
5861,2100
5861,2976
5861,3735
5861,4000
5861,4646
5861,7620
5862,4687
5862,4859
5862,6045
5862,6114
5862,6729
5863,253
5863,985
5863,1990
5863,3405
5863,3739
5863,7332
5864,2438
5864,3888
5864,3983
5864,4565
5864,5674
5864,5708
5864,6717
5865,835
5865,1927
5865,3433
5865,3866
5865,4343
5865,5079
5865,6196
5865,6747
5865,7466
5866,1689
5866,2996
5866,3716
5866,3802
5866,4318
5867,120
5867,1128
5867,1649
5867,2943
5867,3776
5867,4943
5867,5698
5867,6090
5867,6138
5867,6200
5867,6376
5867,6767
5868,468
5868,3102
5868,4723
5868,6357
5869,111
5869,1901
5869,2632
5869,2794
5869,3209
5869,3864
5869,4672
5869,4683
5869,6399
5869,6699
5870,3043
5870,3361
5870,4399
5870,6421
5871,1694
5871,1781
5871,2737
5871,3350
5871,5319
5871,5607
5871,6220
5871,6559
5871,6858
5871,7484
5871,7642
5872,1416
5872,2078
5872,2453
5872,3281
5872,3442
5872,3819
5872,3949
5872,5221
5872,5794
5872,6554
5872,7260
5872,7538
5872,7594
5873,269
5873,495
5873,2205
5873,2258
5873,2470
5873,3049
5873,5155
5873,5550
5873,5813
5874,2080
5874,2269
5874,4266
5876,999
5876,1982
5876,2341
5876,2443
5876,3741
5876,4143
5876,4567
5876,4673
5876,6006
5876,6623
5876,7504
5877,64
5877,504
5877,1061
5877,2168
5877,3143
5877,3258
5877,3759
5877,3774
5877,4292
5877,4976
5877,5011
5877,5107
5877,5184
5877,5973
5877,7271
5877,7472
5878,722
5878,924
5878,2336
5878,2553
5878,5042
5878,5056
5878,6673
5878,6807
5878,7090
5878,7337
5879,186
5879,1977
5879,2508
5879,2895
5879,3021
5879,3220
5879,4667
5879,5045
5879,5250
5879,5272
5879,6010
5879,6250
5879,7238
5880,495
5880,558
5880,1250
5880,1429
5880,1795
5880,3866
5880,4863
5880,5664
5880,6098
5880,6976
5880,7307
5881,79
5881,285
5881,321
5881,346
5881,410
5881,711
5881,774
5881,776
5881,811
5881,916
5881,973
5881,1017
5881,1178
5881,1211
5881,1351
5881,1491
5881,1517
5881,1582
5881,1684
5881,2183
5881,2267
5881,2336
5881,2410
5881,2476
5881,2938
5881,2958
5881,3118
5881,3178
5881,3189
5881,3659
5881,3703
5881,3758
5881,3950
5881,4203
5881,4212
5881,4466
5881,4578
5881,4580
5881,4801
5881,4857
5881,5007
5881,5259
5881,5593
5881,5641
5881,5707
5881,5855
5881,5878
5881,5937
5881,6284
5881,6705
5881,6989
5881,7059
5881,7070
5881,7210
5881,7215
5881,7346
5881,7578
5882,412
5882,1648
5882,1969
5882,2260
5882,2324
5882,4256
5882,4467
5882,4960
5882,6552
5883,1326
5883,2130
5883,2362
5883,2779
5883,4655
5883,5759
5884,617
5884,977
5884,1065
5884,2064
5884,4087
5884,4292
5884,5092
5884,5793
5884,6206
5884,6635
5884,6667
5885,2236
5885,2607
5885,2749
5885,2963
5885,3205
5885,3705
5885,3934
5885,5690
5885,6433
5885,6501
5886,3658
5886,6034
5887,195
5887,3437
5887,4305
5887,4689
5887,6433
5888,1058
5888,2370
5888,3311
5888,3459
5888,4248
5888,4805
5888,5049
5888,5251
5888,5649
5888,6140
5888,6424
5888,7481
5888,7572
5889,264
5889,6172
5889,6570
5890,2545
5890,2810
5890,4172
5890,4750
5890,7419
5890,7529
5891,799
5891,1208
5891,1384
5891,3055
5891,3469
5891,6498
5891,6880
5892,3321
5892,3541
5892,6415
5893,771
5893,3421
5893,3567
5893,3959
5893,4722
5893,5171
5893,5280
5893,5435
5893,6070
5893,6675
5893,6747
5893,6864
5893,7067
5894,53
5894,1385
5894,1441
5894,1629
5894,2373
5894,3957
5894,4106
5894,4305
5894,4646
5894,5172
5894,5458
5895,673
5895,2065
5895,2295
5895,3578
5895,4805
5896,782
5896,5784
5896,5928
5896,6222
5896,6311
5896,6488
5896,6625
5897,900
5897,1838
5897,3856
5897,5241
5897,5881
5897,7477
5898,4376
5898,4714
5898,5068
5898,7481
5899,301
5899,2016
5899,2570
5899,3397
5899,3793
5899,5063
5899,6246
5899,6420
5900,1451
5900,1968
5900,2459
5900,3863
5900,6167
5900,6498
5900,6809
5900,7358
5901,310
5901,1348
5901,2221
5901,3085
5901,5994
5901,6367
5902,1277
5902,6807
5902,6900
5903,732
5903,1501
5903,1993
5903,3379
5903,3623
5903,3627
5903,3987
5903,4176
5903,4531
5903,4588
5903,5769
5903,6152
5903,6188
5903,7097
5903,7619
5904,3152
5904,3720
5904,3799
5904,5013
5904,5441
5904,7395
5905,1207
5905,1793
5905,2069
5905,2289
5905,3200
5905,3519
5905,4299
5905,5477
5905,5621
5905,6150
5905,6875
5905,6903
5905,7429
5906,850
5906,879
5906,1396
5906,2728
5906,2975
5906,3099
5906,4548
5906,4667
5906,6363
5906,6931
5907,331
5907,462
5907,1032
5907,1522
5907,3141
5907,6263
5907,6868
5907,7579
5908,481
5908,1622
5908,2499
5908,3733
5908,4191
5908,7598
5909,518
5909,1058
5909,1105
5909,1108
5909,1561
5909,1899
5909,2823
5909,2979
5909,3070
5909,3282
5909,5398
5909,5764
5910,1515
5910,1541
5910,3374
5910,3525
5910,4019
5910,4671
5910,4885
5910,5506
5910,7543
5911,1354
5911,3873
5912,768
5912,1080
5912,1192
5912,1832
5912,2127
5912,2223
5912,2879
5912,3031
5912,3397
5912,3793
5912,3809
5912,4094
5912,4532
5912,4617
5912,4654
5912,4862
5912,6542
5913,1331
5913,1403
5913,2034
5913,3038
5913,3154
5913,3993
5913,5671
5913,6556
5914,554
5914,581
5914,4280
5915,247
5915,441
5915,890
5915,1204
5915,3420
5915,3806
5915,3811
5915,4855
5915,5977
5915,6081
5915,6380
5916,887
5916,2319
5916,2963
5916,3495
5917,212
5917,382
5917,728
5917,4707
5917,5798
5917,6427
5918,1075
5918,1500
5918,2136
5918,3186
5918,3327
5918,3993
5918,5314
5918,6005
5919,3841
5919,5323
5919,6053
5919,7074
5920,2843
5920,4252
5920,4703
5920,5230
5920,6222
5920,6725
5921,2168
5921,2534
5921,2874
5922,55
5922,957
5922,1536
5922,1758
5922,1773
5922,2833
5922,3630
5922,4215
5923,20
5923,551
5923,2248
5923,3394
5923,5132
5923,6828
5924,1660
5924,1956
5924,5144
5924,5404
5924,5435
5924,6235
5926,382
5926,1521
5926,2332
5926,2703
5926,3574
5926,5132
5927,17
5927,120
5927,1326
5927,1367
5927,1819
5927,2343
5927,2590
5927,2666
5927,5034
5927,5883
5927,6598
5928,578
5928,618
5928,685
5928,1858
5928,2786
5928,3584
5928,4475
5928,6168
5928,6725
5929,2435
5929,3415
5929,3711
5929,3717
5929,4829
5929,5509
5929,5868
5929,6557
5929,6628
5929,7437
5930,4033
5930,4823
5931,3593
5931,5576
5931,5689
5931,5996
5932,739
5932,3053
5932,3063
5932,3243
5932,3247
5932,3657
5932,4082
5932,5042
5932,5597
5933,9
5933,1298
5933,1435
5933,2094
5933,2305
5933,4277
5933,5192
5933,5636
5934,2168
5934,2350
5934,3747
5934,4237
5934,4379
5934,4763
5934,4800
5934,4896
5934,6561
5934,6948
5934,6975
5935,1223
5935,5920
5935,6222
5935,6924
5936,73
5936,964
5936,2021
5936,2145
5936,2205
5936,2610
5936,4876
5936,5234
5936,7007
5936,7409
5937,201
5937,5415
5937,5463
5937,5714
5937,5734
5937,5833
5937,5881
5937,5982
5937,6027
5937,6354
5937,6475
5937,6707
5937,7091
5937,7448
5938,1310
5938,5993
5939,2139
5939,3749
5939,4740
5940,1520
5940,2884
5941,1013
5941,1058
5941,2522
5941,3098
5941,3518
5941,3895
5941,4376
5941,5987
5941,6098
5941,7401
5943,539
5943,975
5943,2112
5943,2404
5943,3927
5943,4042
5943,5722
5944,892
5944,1448
5944,1519
5944,2625
5944,7067
5945,369
5945,951
5945,1067
5945,2239
5945,5095
5945,5955
5946,4235
5946,5093
5946,6300
5946,7586
5947,784
5947,2277
5947,2392
5947,3816
5947,4234
5947,4801
5947,5101
5947,5661
5948,1185
5948,1343
5948,2055
5948,2425
5948,3015
5948,4376
5948,4480
5948,4735
5948,5378
5948,5943
5948,6448
5948,7029
5949,260
5949,766
5949,975
5949,1058
5949,2239
5949,3518
5950,1503
5950,3495
5950,5616
5950,7129
5951,2168
5951,2413
5951,7449
5952,863
5952,1453
5952,1478
5952,2194
5952,2198
5952,2537
5952,3370
5952,3406
5952,3672
5952,3948
5952,5132
5953,1060
5953,1280
5953,1610
5953,2801
5953,3054
5953,4173
5953,5963
5953,6015
5954,459
5954,2139
5954,2369
5954,3350
5954,4721
5954,5607
5954,6220
5954,7249
5955,542
5955,863
5955,1293
5955,3428
5955,4091
5955,4184
5955,5070
5955,5084
5955,5646
5955,5756
5955,6551
5956,1207
5956,1307
5956,2351
5956,4119
5956,4229
5956,5096
5956,5850
5956,5905
5956,7002
5957,308
5957,990
5957,1091
5957,1189
5957,1660
5957,1843
5957,2055
5957,3421
5957,3637
5957,3871
5957,4223
5957,7603
5958,522
5958,1236
5958,2173
5958,3063
5958,4217
5958,4650
5958,4812
5958,5932
5958,6054
5959,871
5959,5300
5960,3292
5960,4935
5960,5020
5960,5548
5960,7575
5961,85
5961,260
5961,2377
5961,5404
5962,116
5962,432
5962,1069
5962,1631
5962,3672
5962,5455
5962,5676
5962,7349
5962,7612
5963,28
5963,456
5963,970
5963,1060
5963,1353
5963,2738
5963,3271
5963,4152
5964,25
5964,702
5964,838
5964,925
5964,3699
5964,3899
5964,4686
5964,5148
5964,6669
5964,6940
5965,650
5965,918
5965,4051
5965,5713
5965,7112
5966,183
5966,1421
5966,4578
5966,4870
5966,5070
5966,6702
5966,7464
5966,7568
5967,1876
5967,2215
5967,2921
5967,3580
5967,4054
5967,6863
5967,7446
5968,519
5968,1244
5968,1914
5968,2443
5968,3064
5968,3460
5969,1961
5969,2758
5969,2998
5969,3386
5969,3765
5969,5156
5970,1072
5970,1251
5970,1681
5970,1939
5970,2003
5970,2705
5970,3872
5970,4689
5970,4786
5970,5119
5970,5337
5970,5382
5970,6089
5971,4482
5971,5014
5971,6328
5971,6575
5971,7039
5971,7579
5972,147
5972,578
5972,618
5972,1223
5972,2491
5972,3255
5972,4564
5972,4585
5972,4663
5972,5016
5972,5072
5972,5718
5972,6168
5972,6222
5972,6311
5972,6924
5972,7489
5973,1162
5973,4075
5973,5127
5974,510
5974,561
5974,685
5974,1096
5974,1466
5974,2137
5974,2361
5974,2395
5974,2491
5974,2983
5974,3411
5974,3504
5974,3984
5974,4117
5974,4585
5974,4681
5974,5072
5974,5476
5974,5784
5974,6972
5974,7015
5974,7263
5975,795
5975,810
5975,2106
5975,2320
5975,2770
5975,3538
5975,5816
5975,6551
5975,7525
5976,260
5976,1431
5976,2128
5976,2571
5976,2711
5976,2888
5976,2921
5976,3804
5976,4525
5976,5404
5976,5881
5976,7320
5976,7487
5977,399
5977,935
5977,1053
5977,1306
5977,3057
5977,3843
5977,4623
5977,6380
5978,328
5978,1759
5978,2250
5978,2260
5978,2557
5978,4666
5978,6104
5979,152
5979,505
5979,633
5979,958
5979,1350
5979,1942
5979,2380
5979,2812
5979,2832
5979,2981
5979,3027
5979,3034
5979,3221
5979,3274
5979,3287
5979,3377
5979,3446
5979,3799
5979,3946
5979,4188
5979,4352
5979,4511
5979,4946
5979,4954
5979,5015
5979,5258
5979,5330
5979,5488
5979,6156
5979,6183
5979,6373
5979,6398
5979,6537
5979,6634
5979,6754
5979,6930
5979,7023
5979,7085
5979,7536
5980,750
5980,4295
5980,4540
5980,5051
5980,6730
5981,308
5981,835
5981,2258
5981,5786
5981,7125
5982,322
5982,836
5982,1738
5982,1797
5982,2432
5982,2485
5982,2634
5982,3704
5982,5015
5982,5241
5982,5415
5982,6669
5982,7105
5982,7428
5982,7440
5982,7610
5983,1049
5983,1051
5983,2482
5983,3661
5983,5580
5983,7620
5984,3339
5984,3501
5984,3591
5984,4386
5984,4864
5984,6511
5984,6563
5985,93
5985,3303
5985,4061
5985,5057
5986,980
5986,1893
5986,2254
5986,2612
5986,5907
5986,6868
5987,3330
5987,4223
5987,4376
5987,6553
5987,6565
5988,268
5988,361
5988,2025
5988,2367
5988,2505
5988,3208
5988,4135
5988,4664
5988,5991
5988,6065
5989,1541
5989,2986
5990,2539
5990,5664
5991,2619
5991,3208
5991,5322
5992,1291
5992,1764
5992,3313
5992,3952
5992,5063
5992,6293
5992,7412
5993,39
5993,75
5993,106
5993,629
5993,2024
5993,3542
5993,4006
5993,4049
5993,4330
5993,4982
5993,4991
5993,5396
5993,5936
5993,5938
5993,6301
5993,6426
5993,6447
5993,7121
5993,7288
5994,2221
5994,2735
5994,2867
5994,3690
5994,3826
5994,4410
5994,6070
5995,645
5995,890
5995,2504
5995,3057
5995,5395
5995,6151
5995,6764
5996,408
5996,4864
5996,5576
5996,5931
5996,6115
5996,7401
5997,2678
5997,2738
5997,4031
5997,4626
5997,4991
5997,5504
5997,6379
5997,6389
5997,6403
5998,259
5998,495
5998,1022
5998,1971
5998,2977
5998,4109
5998,5080
5998,6531
5998,6713
5998,7623
5999,4174
5999,5643
5999,5790
5999,6615
6000,5563
6001,611
6001,715
6001,881
6001,1076
6001,1831
6001,2959
6001,3372
6001,3538
6001,3698
6001,4490
6001,5614
6001,5650
6001,5839
6001,6451
6001,6733
6001,7101
6002,1923
6002,3375
6002,3494
6002,4776
6002,5537
6002,5547
6003,1483
6003,2007
6003,2544
6003,3895
6003,4384
6003,5842
6004,446
6004,1368
6004,3692
6004,4680
6005,872
6005,1359
6005,1534
6005,1541
6005,2695
6005,2833
6005,2880
6005,3981
6005,3995
6005,6630
6006,1772
6006,2341
6006,4673
6006,4726
6006,5876
6007,828
6007,1396
6007,2250
6007,2728
6007,4960
6007,5849
6007,5906
6008,1283
6008,4124
6008,4222
6008,4305
6008,5408
6009,672
6009,2216
6009,3812
6009,4629
6009,4805
6009,5779
6010,236
6010,412
6010,914
6010,1396
6010,1900
6010,2090
6010,3099
6010,4264
6010,4667
6010,5849
6010,5879
6010,6007
6010,6046
6010,6363
6011,354
6011,624
6011,823
6011,1754
6011,2403
6011,2642
6011,2846
6011,3522
6011,5021
6011,5073
6011,5233
6011,6697
6012,1966
6012,2125
6012,2233
6012,4593
6012,4831
6012,5273
6012,6654
6012,7467
6012,7632
6013,3644
6013,5687
6013,6478
6013,6541
6014,149
6014,616
6014,1757
6014,3698
6014,7374
6015,50
6015,72
6015,747
6015,2997
6015,3849
6015,4033
6015,4731
6015,4854
6015,5953
6015,6269
6015,7072
6016,593
6016,3951
6016,4376
6016,7385
6017,1091
6017,1682
6017,3421
6017,3950
6017,4343
6017,5171
6018,427
6018,2842
6018,3288
6018,4911
6018,5113
6018,5252
6018,5681
6018,6559
6018,7249
6018,7431
6019,5818
6020,966
6020,3856
6020,5372
6020,7395
6021,924
6021,5881
6021,5937
6021,7071
6022,3532
6023,2942
6023,5477
6023,7002
6023,7425
6024,260
6024,951
6024,1763
6024,2107
6024,2313
6024,2981
6024,3172
6024,3951
6024,4210
6024,4352
6024,4630
6024,5976
6025,193
6025,209
6025,734
6025,1440
6025,3829
6025,5093
6025,5684
6025,6814
6026,212
6026,583
6026,584
6026,1429
6026,2215
6026,3083
6026,4153
6026,5851
6026,6070
6026,6427
6026,6677
6026,7345
6026,7569
6027,1415
6027,1976
6027,1999
6027,2883
6027,3430
6027,3559
6027,6210
6027,7414
6028,766
6028,2239
6028,4522
6028,5372
6028,5505
6029,911
6029,1494
6029,1733
6029,2418
6029,3455
6029,3520
6029,4069
6029,5179
6029,7387
6030,1361
6030,2455
6030,3895
6030,4864
6030,6426
6030,6611
6031,941
6031,988
6031,3865
6031,4235
6031,4646
6031,4810
6031,7117
6032,1677
6032,1755
6032,2082
6033,3180
6033,4411
6033,4663
6033,6488
6033,7361
6033,7383
6034,1349
6034,1524
6034,2275
6034,4210
6034,4753
6034,5886
6034,6156
6034,7501
6036,352
6036,587
6036,3246
6036,3532
6036,4153
6036,6512
6036,7175
6038,352
6038,410
6038,526
6038,672
6038,923
6038,2111
6038,3457
6038,3962
6038,4858
6038,5234
6038,5264
6038,5335
6038,6388
6038,6668
6038,7312
6039,607
6039,869
6039,1178
6039,1738
6039,1778
6039,2183
6039,2520
6039,2571
6039,3140
6039,4091
6039,4174
6039,4952
6039,5199
6039,6313
6039,6582
6039,6631
6040,2848
6040,4376
6040,4805
6041,613
6041,631
6041,3578
6041,3956
6041,4621
6041,7587
6042,420
6042,884
6042,1455
6042,1537
6042,2943
6042,4088
6042,4145
6042,4849
6042,5100
6042,6130
6042,7009
6043,1704
6043,5672
6044,2035
6044,2053
6044,2976
6044,3175
6044,4242
6044,5548
6044,5578
6044,5642
6044,6755
6044,7063
6044,7620
6045,1181
6045,2374
6045,4378
6045,4687
6045,5862
6046,1396
6046,1864
6046,1983
6046,2037
6046,2189
6046,3543
6046,3597
6046,4264
6046,4281
6046,4566
6046,4759
6046,5602
6046,5828
6046,6007
6046,7061
6046,7238
6046,7566
6046,7648
6047,85
6047,1621
6047,1862
6047,2903
6047,3748
6047,4408
6047,5404
6047,5649
6047,6430
6047,7071
6048,1052
6048,2593
6048,2732
6048,2803
6048,4189
6048,4378
6048,4817
6048,5226
6048,6748
6048,6896
6048,7304
6049,3107
6049,3156
6049,3872
6049,5119
6049,6169
6049,6514
6050,1787
6050,2035
6050,2245
6050,3094
6050,3647
6050,3735
6050,4997
6050,5326
6050,5789
6050,6573
6050,7034
6051,150
6051,3327
6051,3534
6051,4025
6051,6337
6051,6606
6051,7473
6052,758
6052,995
6052,1073
6052,1488
6052,2757
6052,3516
6053,1574
6053,2747
6053,5159
6053,5919
6053,6995
6053,7183
6053,7331
6053,7495
6054,26
6054,739
6054,1082
6054,1194
6054,1591
6054,3923
6054,4217
6054,4895
6054,4954
6054,7119
6054,7534
6055,2981
6055,4805
6055,5404
6055,5881
6055,7091
6055,7166
6055,7464
6056,82
6056,414
6056,840
6056,1632
6056,1765
6056,2424
6056,2467
6056,3071
6056,3644
6056,3764
6056,4860
6056,5800
6056,6057
6056,6478
6056,6708
6056,6812
6057,414
6057,1765
6057,6056
6057,7189
6058,1001
6058,1188
6058,2863
6058,2879
6058,2918
6058,3378
6058,3595
6058,3855
6058,3883
6058,4532
6058,4973
6058,5680
6058,6724
6059,212
6059,728
6059,921
6059,1448
6059,1716
6059,1739
6059,4153
6059,4707
6059,5851
6059,6026
6059,6296
6059,6427
6059,6565
6059,6909
6060,2295
6060,4685
6061,1729
6061,1984
6061,4234
6061,5101
6061,5947
6061,7109
6061,7389
6062,303
6062,1468
6062,2038
6062,4748
6062,6160
6062,6217
6063,2113
6063,2143
6063,2215
6063,3868
6063,5401
6063,6447
6063,7102
6064,2032
6064,2287
6064,3469
6064,3697
6064,4696
6064,5070
6064,5234
6064,5667
6064,5804
6064,5820
6064,7003
6064,7560
6065,873
6065,2619
6065,3208
6065,5394
6066,2115
6066,2198
6066,2336
6066,4578
6066,4641
6066,5070
6066,7395
6066,7467
6067,304
6067,499
6067,936
6067,1448
6067,2402
6067,2655
6067,3784
6067,4503
6067,5404
6067,6029
6069,48
6069,411
6069,803
6069,1098
6069,2030
6069,3070
6069,3152
6069,3359
6069,4522
6069,7357
6069,7524
6069,7592
6070,1263
6070,1571
6070,2579
6070,2735
6070,3173
6070,3407
6071,1188
6071,3793
6071,4762
6071,5574
6071,5787
6071,6663
6072,52
6072,3248
6072,3352
6072,3953
6072,4341
6072,4646
6072,4660
6072,4689
6072,6813
6073,2198
6073,2239
6073,4164
6074,3812
6074,7270
6075,435
6075,1178
6075,4164
6075,6098
6075,7003
6075,7607
6076,593
6076,4712
6076,5015
6076,5399
6076,7464
6077,1167
6077,1671
6077,1997
6077,2432
6077,3262
6077,3306
6077,3502
6077,3856
6077,4156
6077,5006
6077,5205
6077,5392
6077,5799
6077,5903
6077,6468
6077,6551
6077,7510
6078,283
6078,305
6078,919
6078,1689
6078,2304
6078,2738
6078,2776
6078,3101
6078,3359
6078,3716
6078,3983
6078,4092
6078,4464
6078,4701
6078,4805
6078,5146
6078,5412
6078,6282
6078,6545
6078,6737
6078,7196
6078,7592
6079,2113
6079,2415
6079,3966
6079,4031
6079,4033
6079,6369
6079,7087
6080,1207
6080,1352
6080,2242
6080,3414
6080,4299
6080,4401
6080,6862
6080,7327
6081,935
6081,1852
6081,3843
6081,4126
6081,5915
6081,6127
6081,6525
6081,7378
6082,369
6082,1738
6082,4350
6082,4376
6082,6971
6083,481
6083,561
6083,618
6083,901
6083,1223
6083,1683
6083,4244
6083,4585
6083,6488
6083,7383
6084,716
6084,1534
6084,1541
6084,2353
6084,3534
6084,3673
6084,4885
6084,4906
6084,5151
6084,7221
6085,485
6085,644
6085,1253
6085,1633
6085,1666
6085,1930
6085,4173
6085,4386
6085,6726
6086,584
6086,2021
6086,2299
6086,3183
6086,3190
6086,3503
6086,3532
6086,4228
6086,6395
6086,7269
6087,3661
6087,5326
6087,6515
6087,6577
6087,6818
6087,7620
6088,581
6088,3924
6088,4171
6088,6653
6089,1629
6089,2702
6089,7081
6090,1247
6090,1804
6090,1909
6090,2148
6090,2328
6090,2333
6090,2774
6090,2792
6090,3041
6090,3530
6090,3915
6090,4088
6090,6396
6090,6482
6091,767
6091,2250
6091,2768
6091,3523
6091,4264
6091,4300
6091,7648
6092,837
6092,943
6092,1223
6092,4485
6092,4663
6092,7383
6092,7489
6093,162
6093,5156
6094,520
6094,708
6094,1567
6094,2674
6094,2774
6094,3084
6094,4149
6094,4214
6094,4340
6094,4813
6094,4943
6094,4993
6094,5256
6094,5267
6094,6207
6094,7133
6095,3231
6095,3879
6096,2089
6096,3077
6096,3275
6096,3503
6097,4505
6098,91
6098,113
6098,235
6098,336
6098,625
6098,718
6098,989
6098,1070
6098,1170
6098,1546
6098,1572
6098,1673
6098,1753
6098,1794
6098,2017
6098,2039
6098,2563
6098,2725
6098,3492
6098,3545
6098,3671
6098,3723
6098,4190
6098,4349
6098,4469
6098,4764
6098,5150
6098,5243
6098,5386
6098,5505
6098,5795
6098,5880
6098,6313
6098,6889
6098,7180
6098,7310
6098,7349
6098,7635
6099,340
6099,478
6099,2754
6099,2854
6099,3116
6099,4375
6099,4496
6099,5066
6099,5658
6099,6479
6100,479
6100,2981
6100,3357
6100,4167
6100,7071
6101,835
6101,4344
6101,4805
6101,4863
6102,179
6103,221
6103,481
6103,1223
6103,1683
6103,1917
6103,2238
6103,2491
6103,3255
6103,3733
6103,4494
6103,4886
6103,5784
6103,6488
6103,6508
6103,7598
6104,136
6104,649
6104,1016
6104,1038
6104,3401
6104,3874
6104,4441
6104,5451
6104,5588
6104,6666
6104,7043
6104,7630
6105,363
6105,551
6105,1185
6105,1896
6105,2384
6105,3224
6105,3765
6105,5561
6105,6815
6105,7550
6105,7602
6106,263
6106,481
6106,969
6106,1420
6106,2137
6106,2444
6106,2658
6106,2983
6106,4459
6106,6083
6106,6288
6106,6567
6106,7214
6106,7263
6106,7531
6107,195
6107,4235
6107,4646
6108,3005
6108,4376
6108,5144
6108,6841
6109,239
6109,1035
6109,1219
6109,3107
6109,3953
6109,4065
6109,5733
6109,6682
6110,203
6110,922
6110,1568
6110,2363
6110,2589
6110,2624
6110,4116
6110,4747
6110,5728
6110,6172
6110,7262
6110,7546
6111,96
6111,557
6111,1772
6111,2654
6111,3601
6111,6138
6111,6194
6111,6347
6111,6653
6111,6718
6111,7565
6112,1310
6112,3320
6113,222
6113,1003
6113,1256
6113,1835
6113,2391
6113,3087
6113,3201
6113,4861
6113,5163
6113,7285
6114,2374
6114,4378
6114,4551
6114,4817
6114,5004
6114,6048
6115,3060
6115,3965
6115,5996
6115,7401
6116,1117
6116,4209
6116,6169
6117,45
6117,171
6117,988
6117,2453
6117,4628
6117,4970
6117,5633
6117,6223
6117,6473
6117,6735
6117,6970
6117,7160
6118,539
6118,1337
6118,1978
6118,2202
6118,2418
6118,2676
6118,3250
6118,3607
6118,3927
6118,4185
6118,5987
6118,6211
6118,6920
6119,143
6119,1904
6119,3179
6119,4745
6119,5321
6119,6269
6119,7550
6119,7596
6120,2100
6120,2453
6120,3191
6120,3953
6120,4961
6120,5047
6120,5720
6120,6109
6120,6205
6120,7041
6120,7117
6121,1991
6121,2106
6121,6487
6122,385
6122,1450
6122,3137
6122,5684
6122,7545
6122,7620
6123,62
6123,1252
6123,2213
6123,2527
6123,2574
6123,2954
6123,3625
6123,4282
6123,5550
6123,5571
6123,5839
6123,6740
6124,3825
6124,4583
6124,7400
6125,965
6125,1488
6125,2240
6125,2382
6125,3516
6125,3924
6125,4208
6125,4280
6125,4673
6125,6653
6126,155
6126,1322
6126,1568
6126,2199
6126,3549
6126,4084
6126,4687
6126,4805
6126,6960
6126,7518
6127,7
6127,247
6127,337
6127,935
6127,1204
6127,2180
6127,3204
6127,3806
6127,4035
6127,4334
6127,4598
6127,4600
6127,4639
6127,4855
6127,5393
6127,6607
6127,7092
6128,728
6128,1493
6128,2586
6128,3578
6128,4707
6128,6522
6129,1181
6129,2430
6130,17
6130,112
6130,166
6130,314
6130,420
6130,520
6130,595
6130,617
6130,667
6130,745
6130,783
6130,944
6130,948
6130,982
6130,1171
6130,1804
6130,1808
6130,1846
6130,1857
6130,1909
6130,2148
6130,2154
6130,2291
6130,2666
6130,2850
6130,3084
6130,3266
6130,3530
6130,3759
6130,3776
6130,3915
6130,4005
6130,4145
6130,4382
6130,4615
6130,4776
6130,4947
6130,4984
6130,4993
6130,5053
6130,5237
6130,5444
6130,5698
6130,5884
6130,6200
6130,6344
6130,6396
6130,6419
6130,6480
6130,6685
6130,6767
6130,7001
6130,7052
6130,7065
6130,7282
6130,7291
6130,7404
6130,7460
6130,7461
6131,521
6131,655
6131,2380
6131,3246
6131,3784
6131,4067
6131,5544
6131,6570
6131,6841
6131,7000
6132,1781
6132,1937
6132,2139
6132,3350
6132,4911
6132,5681
6132,5954
6132,6239
6132,6273
6133,208
6133,1021
6133,1303
6133,1835
6133,3280
6133,3431
6133,3879
6133,6095
6133,7460
6134,1610
6134,1714
6134,1905
6134,1930
6134,4033
6134,4295
6134,6085
6134,6572
6134,6807
6135,169
6135,3008
6135,4157
6135,4782
6135,5359
6135,7139
6135,7477
6136,1496
6136,2016
6136,4331
6136,4389
6136,4501
6136,4627
6136,5664
6137,1899
6137,4295
6137,7477
6138,59
6138,121
6138,520
6138,737
6138,968
6138,1099
6138,1244
6138,1326
6138,1392
6138,1400
6138,1449
6138,1686
6138,1855
6138,2204
6138,2343
6138,2869
6138,3361
6138,3564
6138,3908
6138,4226
6138,4748
6138,4974
6138,5480
6138,5515
6138,6130
6138,6286
6138,6347
6138,6387
6138,7208
6138,7615
6139,3117
6139,6334
6140,1211
6140,1414
6140,2772
6140,4253
6140,4376
6140,4580
6140,5251
6140,5888
6140,6021
6140,6215
6140,6449
6140,7277
6140,7471
6141,1755
6141,3728
6141,6857
6142,1731
6142,2116
6142,2864
6142,2910
6142,3351
6142,3822
6142,5499
6142,6513
6142,6861
6142,7087
6142,7414
6143,570
6143,787
6143,1531
6143,2134
6143,2250
6143,3326
6143,7086
6143,7555
6144,64
6144,422
6144,656
6144,788
6144,1149
6144,1445
6144,1808
6144,2413
6144,3147
6144,4202
6144,4288
6144,4611
6144,5128
6144,5738
6144,6231
6144,6635
6144,7408
6145,1177
6145,2943
6145,6915
6146,2551
6146,5594
6147,199
6147,362
6147,1720
6147,1936
6147,2347
6147,3906
6147,4336
6147,5666
6147,5715
6147,6283
6147,7211
6148,131
6148,1354
6148,1728
6148,6160
6148,6410
6148,6816
6149,593
6149,2198
6149,5415
6149,5881
6149,6702
6149,6847
6150,371
6150,798
6150,1085
6150,1565
6150,4339
6150,4794
6150,6080
6150,6167
6150,6809
6150,7315
6150,7429
6151,247
6151,1213
6151,1471
6151,3806
6151,4639
6151,4855
6151,5275
6151,5600
6151,5995
6151,6081
6151,6607
6152,1744
6152,2198
6152,3105
6152,3648
6152,6183
6152,6414
6152,6702
6153,3231
6153,4208
6153,6928
6154,467
6154,2091
6154,6476
6155,1252
6155,4994
6155,5566
6156,260
6156,369
6156,1628
6156,2812
6156,3051
6156,3185
6156,4012
6156,5707
6156,5979
6156,6034
6156,6082
6156,6887
6156,7010
6157,73
6157,305
6157,803
6157,1586
6157,2164
6157,3302
6158,104
6158,348
6158,354
6158,416
6158,457
6158,1114
6158,1201
6158,1318
6158,1557
6158,1576
6158,1602
6158,1754
6158,2580
6158,2716
6158,3338
6158,3517
6158,3535
6158,3556
6158,3611
6158,4389
6158,4844
6158,5204
6158,5246
6158,6863
6158,7350
6158,7567
6159,106
6159,211
6159,680
6159,1603
6159,2586
6159,3194
6159,4031
6159,4569
6159,4991
6159,5188
6160,1728
6160,6062
6160,6148
6161,92
6161,2563
6161,3298
6161,3359
6161,4422
6162,128
6162,1358
6162,2263
6162,2707
6162,2944
6162,3484
6162,4430
6162,4882
6162,5486
6162,5625
6162,7235
6163,2443
6163,6125
6163,6653
6163,7236
6163,7541
6164,801
6164,806
6164,1016
6164,1037
6164,2419
6164,2717
6164,3291
6164,3392
6164,3840
6164,4236
6164,4375
6164,4751
6164,5602
6164,5692
6164,5706
6164,6143
6164,6771
6164,6842
6164,7013
6165,250
6165,638
6165,747
6165,1987
6165,2430
6165,3240
6165,4605
6165,4687
6166,1673
6166,1682
6166,2490
6166,3433
6166,3469
6166,4722
6166,5889
6167,979
6167,1405
6167,2429
6167,3971
6167,4370
6167,4652
6167,6820
6167,7089
6168,2983
6168,4478
6168,5928
6168,6227
6168,6609
6168,6924
6169,209
6169,347
6169,894
6169,1164
6169,1219
6169,1288
6169,1440
6169,1691
6169,1800
6169,2702
6169,2909
6169,3497
6169,3829
6169,3852
6169,3934
6169,4660
6169,5434
6169,5690
6169,6107
6169,6515
6169,7049
6169,7050
6169,7064
6169,7367
6169,7379
6169,7532
6170,809
6170,2026
6170,2558
6170,4805
6170,6844
6170,7130
6171,1418
6171,1581
6171,4894
6171,5080
6171,5098
6171,5378
6171,5667
6171,5804
6172,1682
6172,4863
6172,5761
6172,5781
6172,5889
6172,6189
6172,6280
6172,7262
6172,7560
6173,237
6173,617
6173,817
6173,944
6173,3366
6173,4110
6173,7460
6174,1196
6174,6569
6174,7047
6174,7130
6175,739
6175,899
6175,2117
6175,2819
6175,4345
6175,5958
6175,7398
6176,28
6176,456
6176,3339
6176,3889
6176,4033
6176,5317
6176,6382
6176,7032
6177,3856
6177,4628
6177,6270
6177,6807
6178,417
6178,1906
6178,2218
6178,2277
6178,2392
6178,2954
6178,3901
6178,4234
6178,5947
6178,6266
6178,6647
6178,6911
6178,6912
6178,7107
6178,7109
6178,7300
6178,7455
6179,707
6179,1239
6179,1252
6179,6575
6179,6719
6179,7191
6180,1548
6180,1744
6180,7311
6181,3437
6181,3949
6181,5872
6183,258
6183,359
6183,593
6183,736
6183,1698
6183,2197
6183,3051
6183,3279
6183,3859
6183,4453
6183,5348
6183,5493
6183,6082
6183,6707
6183,6847
6184,1621
6184,4384
6184,5404
6184,5816
6185,1830
6185,2067
6185,2652
6185,3500
6185,5383
6186,2978
6186,3329
6187,373
6187,1280
6187,3856
6188,1472
6188,4531
6188,6398
6188,6673
6189,2907
6189,4692
6189,4863
6189,4987
6189,6172
6189,6747
6189,7164
6191,1109
6191,2709
6191,4804
6191,5802
6192,2209
6192,4607
6192,6435
6192,7053
6193,852
6193,1575
6193,1884
6193,2587
6193,2772
6193,3131
6193,4216
6193,4320
6194,208
6194,884
6194,2133
6194,3366
6194,4849
6194,7460
6195,980
6195,1246
6195,5743
6196,2536
6196,4672
6196,5193
6196,5719
6196,5865
6196,6569
6197,576
6197,3203
6197,3521
6197,4371
6197,4714
6197,4805
6197,7446
6198,1669
6198,4362
6198,4482
6198,5014
6198,5604
6198,5839
6198,7039
6198,7375
6198,7441
6199,204
6199,219
6199,737
6199,1115
6199,1146
6199,1256
6199,1392
6199,2133
6199,2391
6199,3280
6199,4237
6199,4251
6199,4984
6199,5410
6199,6153
6199,7264
6200,314
6200,1502
6200,1804
6200,2148
6200,6090
6200,6130
6201,193
6201,676
6201,1748
6201,4014
6201,4053
6201,4346
6201,6097
6201,6501
6201,6612
6201,7064
6202,260
6202,1293
6202,2239
6202,2852
6202,3538
6202,3672
6202,5707
6202,6961
6203,1109
6203,6433
6204,1114
6204,4977
6204,5021
6204,6292
6205,1787
6205,2282
6205,3112
6205,3417
6205,3571
6205,4321
6205,4361
6205,4471
6205,4866
6205,4907
6205,5558
6205,5854
6205,5922
6205,5960
6205,7575
6206,783
6206,3084
6206,5127
6206,7198
6206,7282
6207,1128
6207,1487
6207,4149
6207,4340
6207,6094
6207,7631
6208,1368
6208,1665
6208,1840
6208,2033
6208,2370
6208,2657
6208,3039
6208,3226
6208,3538
6208,4983
6208,5799
6209,1372
6209,2462
6209,4805
6209,6293
6209,6358
6210,106
6210,248
6210,1215
6210,1603
6210,2070
6210,2572
6210,2761
6210,2831
6210,3194
6210,3207
6210,3216
6210,3277
6210,3302
6210,3515
6210,3760
6210,4154
6210,4569
6210,6379
6210,6384
6211,105
6211,714
6211,1014
6211,1546
6211,1673
6211,1802
6211,2664
6211,3866
6211,4344
6211,4358
6211,4743
6211,5179
6211,5948
6211,6448
6211,6522
6211,7310
6212,1972
6212,2260
6212,2635
6212,3663
6212,4614
6212,4666
6212,5828
6212,6534
6212,6842
6212,7061
6213,247
6213,399
6213,1636
6213,3048
6213,4133
6213,5465
6213,5628
6213,6894
6214,2515
6214,3740
6214,5564
6214,6277
6214,7078
6214,7419
6214,7529
6215,42
6215,1357
6215,1744
6215,3748
6215,4164
6215,4243
6215,5048
6215,5070
6215,5734
6215,5982
6215,6492
6216,810
6216,1293
6216,2198
6216,6551
6216,6981
6217,932
6217,1468
6217,2838
6217,6410
6218,78
6218,825
6218,2503
6218,2737
6218,4425
6218,4575
6218,5242
6218,5426
6218,5431
6218,6865
6218,6919
6219,1581
6219,2032
6219,2243
6219,3581
6219,4894
6219,5080
6219,5804
6219,5820
6219,6466
6219,7247
6220,78
6220,1332
6220,2369
6220,4099
6220,4721
6220,5607
6220,5871
6220,6273
6220,6559
6220,6865
6221,667
6221,699
6221,3030
6221,5439
6221,6173
6221,6247
6221,6652
6221,6993
6221,7291
6222,74
6222,782
6222,2383
6222,4252
6222,5228
6222,5230
6222,5476
6222,5489
6222,5896
6222,5935
6222,6924
6223,45
6223,101
6223,1814
6223,3669
6223,3942
6223,4106
6223,4413
6223,6307
6223,6473
6224,3317
6224,4196
6224,5412
6225,1010
6225,4025
6225,5671
6225,7613
6226,615
6226,695
6226,4087
6226,7282
6226,7559
6227,481
6227,561
6227,685
6227,1562
6227,1646
6227,4663
6227,6222
6227,6488
6228,1414
6228,2510
6228,3532
6228,3912
6228,5398
6228,6911
6229,4884
6229,5072
6229,5974
6230,2155
6230,3540
6230,5403
6230,6339
6231,997
6231,1640
6231,2181
6231,3885
6231,4727
6231,6928
6231,7126
6231,7162
6232,918
6232,6201
6232,6501
6233,2388
6233,3879
6233,7460
6234,2064
6234,4925
6234,5793
6235,2714
6235,3578
6235,4037
6235,5505
6235,5924
6235,6654
6236,1453
6236,2571
6236,4080
6236,5404
6236,5816
6237,72
6237,536
6237,966
6237,1060
6237,2740
6237,3577
6237,4390
6237,5114
6237,5364
6237,5500
6237,5615
6237,5963
6238,82
6238,414
6238,840
6238,2424
6238,2467
6238,3308
6238,3413
6238,3644
6238,3752
6238,4678
6238,5687
6238,6013
6238,6254
6238,6541
6239,459
6239,1694
6239,2139
6239,2737
6239,3288
6239,3350
6239,4981
6239,5431
6239,5607
6239,5954
6239,6132
6239,6273
6239,6734
6239,7431
6239,7484
6240,981
6240,6357
6241,640
6241,1087
6241,1452
6241,1463
6241,1924
6241,2156
6241,2505
6241,3044
6241,3981
6241,5151
6241,5200
6241,5454
6241,5705
6241,6340
6241,6431
6241,6741
6241,6941
6241,7376
6242,789
6242,1415
6242,4952
6242,6664
6243,8
6243,571
6243,1572
6243,2375
6243,2529
6243,3827
6243,4957
6243,5002
6243,6677
6243,6835
6243,7093
6243,7345
6244,807
6244,3518
6244,4518
6244,5422
6244,7045
6245,402
6245,1416
6245,2872
6245,3524
6245,4518
6245,6994
6246,308
6246,1163
6246,1474
6246,1494
6246,2138
6246,2195
6246,2368
6246,3672
6246,7310
6247,520
6247,884
6247,932
6247,1171
6247,1702
6247,1791
6247,4237
6247,4849
6247,6884
6247,7065
6248,1208
6248,2429
6248,4815
6248,6862
6248,7199
6249,589
6249,3824
6249,4878
6249,7613
6250,570
6250,698
6250,787
6250,914
6250,1977
6250,2235
6250,2326
6250,2860
6250,2953
6250,3021
6250,3220
6250,3316
6250,3649
6250,4603
6250,4667
6250,4704
6250,5045
6250,5436
6250,5753
6250,5879
6250,6199
6250,7238
6251,6572
6251,7550
6251,7564
6252,555
6252,1511
6252,2821
6252,3688
6252,5801
6253,1249
6253,1293
6253,2911
6253,3782
6253,7597
6254,82
6254,2424
6254,2467
6254,3413
6254,3752
6254,4678
6254,6013
6254,6695
6255,491
6255,1213
6255,2250
6255,3164
6255,4126
6255,4133
6256,1647
6256,2445
6256,5234
6257,2132
6257,2324
6257,4554
6257,4666
6257,4741
6257,5028
6257,5245
6257,5448
6257,7144
6258,761
6258,998
6258,1437
6258,1519
6258,1618
6258,2131
6258,2150
6258,2374
6258,2910
6258,3566
6258,4084
6258,4454
6258,4577
6258,6114
6258,6729
6259,5261
6259,6618
6260,4628
6261,1177
6262,2517
6262,2554
6262,6453
6262,7055
6263,381
6263,1183
6263,2000
6263,3329
6263,4320
6263,6325
6263,6328
6263,6544
6263,7643
6264,2239
6264,5198
6264,5545
6264,6942
6264,7300
6265,1798
6265,2521
6265,4326
6265,5756
6266,1026
6266,5177
6266,6061
6266,6178
6266,6911
6266,7360
6267,327
6267,2464
6267,2693
6267,2747
6267,2936
6267,3522
6267,5021
6267,6833
6268,367
6268,824
6268,932
6268,3361
6268,3879
6268,4237
6269,1076
6269,1347
6269,1596
6269,1905
6269,3339
6269,3816
6269,4356
6269,6608
6270,151
6270,2344
6270,2914
6270,5185
6270,5583
6270,6177
6271,2177
6271,5123
6271,5634
6272,576
6272,2049
6272,3578
6272,7330
6273,78
6273,459
6273,2369
6273,2842
6273,3416
6273,4099
6273,5113
6273,5871
6273,6734
6273,7431
6274,643
6274,1181
6274,1534
6274,2613
6274,3842
6274,3847
6274,4621
6274,5284
6274,6314
6274,6556
6274,6836
6274,7441
6274,7548
6275,38
6275,529
6275,569
6275,2189
6275,3032
6275,3220
6275,4342
6275,5491
6275,5662
6275,6602
6275,7368
6275,7646
6276,1064
6276,2143
6276,5801
6276,6901
6277,139
6277,5076
6277,5325
6277,6283
6278,19
6278,315
6278,1772
6278,3892
6278,4984
6278,6623
6280,1046
6280,1371
6280,3567
6280,3612
6280,5781
6280,5957
6280,6172
6280,6675
6281,705
6281,1310
6281,3320
6281,7323
6282,2346
6282,2835
6282,2854
6282,3224
6282,4297
6282,4854
6282,6078
6282,6494
6282,6852
6282,7305
6283,429
6283,525
6283,1230
6283,2083
6283,3709
6283,4172
6283,5325
6283,5763
6283,6277
6283,6999
6283,7078
6284,192
6284,235
6284,593
6284,958
6284,1104
6284,1211
6284,2645
6284,4366
6284,4839
6284,5556
6284,6140
6285,1207
6285,1405
6285,2085
6285,3200
6285,3519
6285,4299
6285,4370
6285,5956
6285,6875
6285,7082
6285,7199
6286,130
6286,815
6286,932
6286,1841
6286,2394
6286,2439
6286,2779
6286,2850
6286,4684
6286,5759
6287,2039
6287,2571
6287,3183
6287,4376
6287,4680
6287,5816
6287,6409
6287,7464
6288,744
6288,1223
6288,1622
6288,4244
6288,6788
6289,739
6289,1082
6289,2685
6289,2778
6289,3243
6289,3247
6289,3657
6289,4650
6289,5302
6289,6343
6290,550
6290,2168
6290,2647
6290,4088
6290,4145
6290,5169
6290,5184
6290,7355
6291,1925
6291,2198
6291,2571
6291,3947
6291,4384
6291,5404
6291,5816
6291,7607
6292,1231
6292,1312
6292,1571
6292,1971
6292,3338
6292,3402
6292,3556
6292,5196
6292,6158
6292,6204
6292,6697
6292,6863
6292,7571
6293,846
6293,1764
6293,1934
6293,2222
6293,2462
6293,2612
6293,3026
6293,3531
6293,4078
6293,6209
6293,6744
6293,6851
6294,3095
6294,3387
6294,3454
6294,4988
6295,4878
6295,4936
6295,5032
6295,6433
6295,7162
6296,71
6296,352
6296,587
6296,655
6296,936
6296,1493
6296,2215
6296,2655
6296,3665
6296,3702
6296,4811
6296,5739
6296,6610
6296,6920
6297,305
6297,573
6297,1184
6297,2166
6297,2520
6297,2621
6297,4174
6297,4697
6297,5344
6297,6518
6297,6618
6297,6620
6297,6737
6297,6951
6297,7114
6298,846
6298,1036
6298,1669
6298,2222
6298,2612
6298,3329
6298,4178
6298,4757
6298,5417
6298,5535
6298,5743
6298,5986
6298,6198
6298,6719
6298,6851
6298,6986
6298,7576
6298,7579
6298,7590
6299,93
6299,4413
6299,5671
6299,6674
6300,195
6300,1503
6300,3352
6300,3766
6300,3980
6300,4646
6300,5260
6300,5563
6301,40
6301,295
6301,2118
6301,3382
6301,3854
6301,4301
6301,4719
6301,4735
6301,4892
6302,4461
6302,5183
6302,7087
6303,789
6303,2207
6303,2911
6303,4384
6303,5881
6303,7597
6304,361
6304,1998
6304,2025
6304,2252
6304,2724
6304,3813
6304,4878
6304,5322
6304,6469
6304,6694
6304,7647
6305,764
6305,954
6305,2385
6305,2927
6305,3817
6305,5354
6307,1190
6307,1535
6307,1814
6307,1816
6307,1951
6307,2160
6307,3142
6307,3642
6307,4193
6307,6316
6307,6554
6307,7064
6307,7237
6307,7292
6307,7482
6308,495
6308,535
6308,1990
6308,2198
6308,2372
6308,2425
6308,4054
6308,6098
6308,6581
6308,6770
6308,6847
6309,495
6309,532
6309,1442
6309,2354
6309,5179
6309,5839
6309,6680
6309,7054
6309,7467
6310,2205
6310,5204
6310,6328
6311,578
6311,688
6311,2361
6311,2468
6311,2548
6311,2805
6311,3393
6311,3452
6311,4244
6311,4478
6311,4498
6311,4659
6311,4681
6311,4708
6311,4884
6311,5228
6311,5896
6311,5908
6311,5972
6311,7015
6311,7490
6311,7502
6311,7598
6312,310
6312,3085
6312,3400
6312,3490
6312,4200
6312,6367
6313,77
6313,321
6313,593
6313,711
6313,1050
6313,2129
6313,2310
6313,2370
6313,5689
6313,5881
6313,6484
6313,7071
6314,223
6314,1166
6314,1750
6314,2068
6314,2505
6314,2795
6314,4200
6314,4362
6314,4783
6314,5367
6314,5387
6315,2553
6315,2571
6315,3051
6315,3311
6315,3623
6315,7428
6316,665
6316,1035
6316,2347
6316,4238
6316,4786
6316,5402
6316,6307
6316,7155
6316,7221
6316,7508
6317,3200
6317,4597
6317,6167
6317,7199
6317,7326
6318,1261
6318,3222
6318,4922
6318,5458
6319,369
6319,593
6320,2111
6320,6458
6320,6481
6321,42
6321,1415
6321,1899
6321,5048
6321,5070
6321,7501
6322,2198
6322,4578
6322,5797
6322,6678
6323,1458
6323,6450
6323,6807
6324,664
6324,1543
6324,1822
6324,2815
6324,2836
6324,4332
6324,4866
6324,5434
6324,6573
6324,7034
6324,7475
6324,7497
6325,1678
6325,2684
6325,4116
6325,5014
6325,5040
6325,6750
6325,6942
6326,1547
6326,3971
6326,4134
6326,4996
6326,5900
6326,6820
6326,7439
6327,6702
6328,777
6328,2612
6328,2739
6328,3469
6328,3531
6328,3618
6328,3631
6328,4555
6328,4824
6328,5604
6328,5630
6328,5743
6328,5907
6328,5971
6328,6179
6328,6263
6328,6310
6328,6633
6328,6851
6328,6967
6328,7193
6328,7200
6328,7376
6328,7576
6329,957
6329,1773
6329,2149
6329,2416
6329,3154
6329,7281
6330,2239
6330,6183
6331,1596
6331,1981
6331,4253
6331,4422
6331,5412
6331,5585
6331,6726
6332,5424
6332,6655
6332,6897
6333,2837
6333,3755
6333,5829
6334,3117
6334,6139
6335,789
6335,1350
6335,1744
6335,2198
6335,4538
6335,5296
6335,6968
6335,7607
6336,2988
6336,3989
6336,6481
6337,3038
6337,3354
6337,6051
6337,6845
6338,143
6338,2201
6338,2244
6338,2415
6338,2738
6338,4021
6338,4033
6338,6756
6338,6807
6339,934
6339,1655
6339,2863
6339,3260
6339,3378
6339,3540
6339,3883
6339,6230
6340,627
6340,1924
6340,3095
6340,4891
6340,5265
6340,6241
6340,7305
6341,1961
6341,3716
6341,4187
6341,5156
6341,6783
6342,1058
6342,1796
6342,5881
6342,6414
6343,2778
6343,4013
6343,4650
6343,5932
6343,5958
6344,1065
6344,2148
6344,6130
6345,28
6345,269
6345,2502
6345,2950
6345,3670
6345,4948
6345,5844
6345,6064
6345,7167
6346,1314
6346,1393
6346,3148
6346,5207
6346,5570
6346,5767
6346,6826
6347,122
6347,126
6347,204
6347,968
6347,1099
6347,1115
6347,1256
6347,1737
6347,2079
6347,3939
6347,4251
6347,4426
6347,4923
6347,5131
6347,5410
6347,5611
6347,6153
6348,71
6348,1196
6348,1518
6348,3506
6349,3437
6349,4106
6349,4305
6349,4628
6349,5185
6350,1401
6350,3744
6351,514
6351,4762
6352,31
6352,1248
6352,2662
6352,3461
6352,3633
6352,6813
6353,1418
6353,2685
6353,5234
6353,6175
6353,7283
6354,76
6354,138
6354,260
6354,836
6354,1108
6354,1316
6354,1370
6354,1905
6354,2104
6354,2170
6354,3659
6354,3697
6354,4028
6354,5208
6355,237
6355,2874
6355,3494
6355,5419
6355,5553
6356,190
6356,3485
6356,4172
6356,5076
6356,6908
6356,7078
6357,335
6357,749
6357,1396
6357,1609
6357,1977
6357,2189
6357,2623
6357,2728
6357,2777
6357,3091
6357,3583
6357,3714
6357,4509
6357,4905
6357,5110
6357,5341
6357,5852
6357,6007
6357,6143
6357,6240
6357,7122
6357,7308
6358,585
6358,1032
6358,1372
6358,1745
6358,1893
6358,2977
6358,3014
6358,3313
6358,4482
6358,5417
6358,5986
6358,6209
6358,6293
6358,6619
6358,6719
6358,6851
6358,6986
6359,1155
6360,4007
6360,4209
6361,1796
6361,3034
6361,3721
6361,4669
6361,5488
6361,6673
6361,6849
6361,6968
6361,7215
6362,520
6362,778
6362,948
6362,3447
6362,4814
6362,4978
6362,6130
6362,6598
6362,7055
6362,7162
6363,412
6363,1977
6363,2090
6363,2516
6363,2596
6363,4673
6363,5465
6363,5848
6363,5879
6363,6010
6363,7238
6364,271
6364,286
6364,300
6364,2082
6364,2141
6364,5244
6365,1260
6365,2828
6365,5546
6366,131
6366,257
6366,1638
6366,2788
6366,4655
6366,6410
6366,7342
6366,7609
6367,1701
6367,2546
6367,2712
6367,3136
6367,3173
6367,3490
6367,3690
6367,3770
6367,3826
6367,4752
6367,5901
6367,6312
6367,7175
6368,910
6369,1725
6369,2062
6369,2678
6369,3515
6369,4031
6369,5321
6369,5368
6369,5614
6369,5953
6369,6417
6369,7128
6370,846
6370,4320
6370,4725
6370,7375
6371,1002
6371,3257
6371,3807
6371,4812
6371,4848
6371,4912
6371,5133
6371,5595
6371,6887
6372,324
6372,3021
6372,4667
6372,5250
6372,5436
6372,6363
6372,6965
6372,7073
6373,963
6373,5979
6373,6849
6373,7413
6374,1237
6374,1392
6374,2538
6374,3361
6374,3572
6374,4237
6374,4861
6374,6138
6375,281
6375,929
6375,1312
6375,2203
6375,2403
6375,3286
6375,5246
6375,6883
6376,708
6376,740
6376,1065
6376,1617
6376,1804
6376,2792
6376,3656
6376,4145
6376,4146
6376,5169
6376,5237
6376,6090
6376,6138
6376,7208
6377,1363
6377,4581
6377,6425
6377,7460
6378,613
6378,1052
6378,1362
6378,1496
6378,3956
6378,4451
6378,6041
6379,211
6379,1409
6379,2070
6379,2626
6379,3194
6379,3339
6379,7293
6380,7
6380,247
6380,853
6380,1204
6380,1460
6380,3730
6380,3811
6380,4035
6380,4623
6380,5600
6380,5977
6380,6650
6380,6687
6381,455
6381,1723
6381,4522
6381,4805
6381,6807
6381,7572
6382,105
6382,456
6382,756
6382,1280
6382,3224
6382,6282
6383,2114
6383,2327
6383,5448
6383,5497
6383,6465
6383,7013
6383,7258
6383,7407
6384,28
6384,3889
6384,7293
6385,284
6385,983
6385,1233
6385,2757
6385,3563
6385,6653
6385,6657
6386,1188
6386,1388
6386,2223
6386,2355
6386,2898
6386,4094
6386,5771
6386,5912
6387,3491
6387,3544
6387,7208
6388,1019
6388,2376
6388,2904
6388,2917
6388,2935
6388,3273
6388,3510
6388,4116
6388,4442
6388,4653
6388,4858
6388,5193
6388,5234
6388,5335
6388,5340
6388,5453
6388,5544
6388,6038
6388,6512
6388,6569
6389,526
6389,1245
6389,2084
6389,2586
6389,4098
6389,4719
6389,5001
6389,5368
6390,158
6390,491
6390,3562
6390,5395
6391,1122
6391,1759
6391,2474
6391,2622
6391,3305
6391,4312
6391,4739
6391,6212
6391,6842
6392,1674
6392,2585
6392,3267
6392,5922
6392,6005
6392,6509
6392,7281
6393,45
6393,210
6393,5616
6393,6433
6394,1141
6394,2862
6394,4124
6394,4643
6394,4888
6394,7115
6395,73
6395,198
6395,304
6395,1682
6395,1896
6395,2299
6395,2529
6395,4584
6395,5650
6395,6411
6395,7131
6395,7196
6395,7330
6395,7468
6396,817
6396,1903
6396,2064
6396,4849
6396,5092
6396,5618
6396,5827
6396,6138
6396,7055
6397,89
6397,3185
6397,3359
6397,4352
6397,4578
6397,7353
6398,5139
6398,5669
6398,5979
6398,6414
6399,3040
6399,5869
6399,7414
6400,369
6400,762
6400,774
6400,1415
6400,2060
6400,3068
6400,4466
6400,4608
6400,5286
6400,5714
6400,6228
6400,7046
6400,7520
6401,122
6401,409
6401,1055
6401,1920
6401,2409
6401,3231
6401,3801
6401,4945
6401,6550
6401,6635
6401,6791
6401,7126
6402,1807
6402,7108
6403,211
6403,2572
6403,2588
6403,3277
6403,3561
6403,3591
6403,3710
6403,4522
6403,4822
6403,5188
6403,5839
6403,7305
6404,595
6404,6130
6404,6652
6404,6884
6404,7291
6405,2616
6405,4205
6405,4818
6405,4837
6405,7256
6406,518
6406,582
6406,2342
6406,3070
6406,3080
6406,3152
6406,4159
6406,4458
6406,4771
6406,7127
6407,369
6407,1663
6407,1723
6407,2198
6407,6678
6407,6706
6408,1382
6408,1518
6408,2273
6408,2404
6408,2423
6408,2632
6408,2798
6408,2856
6408,2987
6408,4057
6408,4541
6408,4624
6408,5264
6408,5301
6408,6715
6408,7512
6409,266
6409,1058
6409,1093
6409,1165
6409,1652
6409,2205
6409,2294
6409,2334
6409,2471
6409,2513
6409,2730
6409,3081
6409,3206
6409,3269
6409,3322
6409,4278
6409,4296
6409,5097
6409,5234
6409,5258
6409,5446
6409,5936
6409,6287
6409,7096
6409,7527
6409,7604
6410,83
6410,231
6410,4221
6410,4561
6410,6148
6410,6217
6410,6425
6410,6816
6410,7356
6411,1831
6411,1877
6411,2071
6411,2164
6411,2332
6411,2835
6411,3664
6411,4141
6411,4168
6411,5513
6412,683
6412,1090
6412,1624
6412,2113
6412,2186
6412,2232
6412,2945
6412,3513
6412,4220
6412,4384
6412,5126
6412,5218
6412,5513
6412,6537
6412,6713
6412,7006
6412,7187
6412,7197
6413,4164
6413,6825
6414,322
6414,732
6414,818
6414,865
6414,963
6414,1127
6414,1294
6414,1421
6414,1491
6414,1796
6414,1875
6414,1942
6414,2206
6414,2575
6414,2615
6414,2812
6414,3149
6414,3799
6414,3897
6414,4538
6414,4546
6414,4857
6414,4979
6414,5316
6414,5385
6414,5966
6414,6342
6414,6597
6414,6849
6414,7085
6414,7105
6414,7166
6414,7289
6414,7302
6414,7428
6414,7477
6415,2088
6415,3321
6415,3541
6415,3568
6415,3694
6415,3857
6415,4396
6415,4468
6415,6697
6415,7499
6415,7571
6416,828
6416,1696
6416,2098
6416,2187
6416,3316
6416,3722
6416,4236
6416,5028
6416,5512
6416,6502
6417,161
6417,1486
6417,2415
6417,3077
6417,4940
6417,4952
6417,5216
6418,160
6418,1012
6418,1255
6418,1385
6418,1480
6418,2077
6418,3814
6418,3902
6418,4051
6418,4804
6418,6739
6418,7442
6419,2064
6419,4087
6419,5793
6419,5877
6419,6130
6419,6671
6420,4762
6420,5899
6421,3043
6421,5870
6422,1513
6422,1990
6422,2239
6422,3405
6422,3654
6422,3739
6422,4562
6422,5150
6422,7134
6422,7332
6423,817
6423,933
6423,1567
6423,3684
6423,4763
6423,4800
6423,6286
6423,7037
6423,7275
6424,3
6424,552
6424,1382
6424,4116
6424,4805
6424,5888
6424,7096
6425,83
6425,1237
6425,1363
6425,1410
6425,1438
6425,4581
6425,6377
6425,6410
6425,6816
6426,705
6426,2901
6426,4674
6427,71
6427,382
6427,584
6427,1521
6427,2186
6427,2215
6427,3062
6427,4584
6427,4893
6427,5120
6428,83
6428,1055
6428,1124
6428,1433
6428,1676
6428,2409
6428,2710
6428,2720
6428,3747
6428,4980
6428,5421
6428,7356
6429,67
6429,545
6429,827
6429,941
6429,988
6429,1051
6429,1331
6429,3396
6429,4587
6429,4810
6429,5238
6429,5746
6429,6773
6429,7620
6430,341
6430,552
6430,1047
6430,2461
6430,3114
6430,4067
6430,4806
6431,545
6431,1270
6431,3534
6431,5314
6431,6084
6431,6241
6431,6896
6431,7169
6431,7386
6432,52
6432,2876
6432,3244
6432,3248
6432,3437
6432,4875
6432,6463
6432,6823
6432,7026
6432,7041
6432,7620
6433,28
6433,148
6433,227
6433,364
6433,394
6433,887
6433,962
6433,972
6433,1142
6433,1217
6433,1497
6433,1503
6433,1626
6433,1856
6433,1946
6433,1963
6433,2224
6433,2416
6433,2417
6433,2436
6433,2477
6433,2498
6433,2523
6433,3205
6433,3229
6433,3400
6433,3453
6433,3777
6433,3995
6433,4272
6433,4495
6433,4560
6433,4705
6433,4926
6433,5137
6433,5331
6433,5423
6433,5514
6433,5517
6433,5701
6433,5725
6433,5802
6433,5885
6433,5988
6433,6203
6433,6501
6433,6656
6433,6739
6433,6886
6433,6888
6434,1444
6434,1494
6434,4230
6434,6704
6434,7067
6435,6192
6435,7053
6436,1338
6436,1441
6436,2315
6436,2497
6436,3086
6436,3244
6436,3647
6436,4209
6436,4225
6436,4939
6437,766
6437,1112
6437,1321
6437,1941
6437,2212
6437,2239
6437,2348
6437,2354
6437,2750
6437,2767
6437,5392
6437,5435
6437,5534
6437,6434
6437,7628
6438,1829
6438,2385
6438,3387
6438,3817
6438,4489
6438,5142
6438,5682
6439,2679
6439,3748
6439,6690
6440,1289
6440,6624
6441,214
6441,993
6441,6549
6442,850
6442,914
6442,1969
6442,2975
6442,4960
6443,3175
6443,4875
6443,7434
6444,5484
6444,5634
6444,5664
6445,669
6445,6569
6445,6909
6445,7250
6446,3451
6446,4116
6446,6703
6447,590
6447,629
6447,875
6447,1776
6447,2043
6447,2145
6447,2626
6447,5936
6447,7032
6448,143
6448,597
6448,1802
6448,2427
6448,4223
6448,5949
6449,5
6449,192
6449,770
6449,1169
6449,1254
6449,1907
6449,4184
6449,4210
6449,4806
6449,5714
6449,5797
6449,6140
6449,6774
6449,7071
6450,751
6450,1280
6450,1458
6450,1633
6450,1714
6450,1981
6450,3035
6450,3605
6450,5343
6450,6323
6450,7596
6451,73
6451,269
6451,3073
6451,3689
6451,4479
6451,4729
6451,4918
6451,4958
6451,5001
6451,5082
6451,5807
6451,6579
6451,6761
6452,1287
6452,2001
6452,2062
6452,2113
6452,2954
6452,5321
6452,5420
6452,6740
6452,6878
6453,1487
6453,1903
6453,2439
6453,3988
6453,4287
6453,4813
6453,4993
6453,5591
6453,5736
6453,6094
6453,6262
6453,7343
6453,7631
6454,1183
6454,2121
6454,4314
6454,5598
6454,6684
6455,452
6455,1147
6455,1602
6455,1837
6455,3286
6455,3390
6455,4036
6455,5259
6455,6883
6456,1085
6456,3200
6456,4134
6456,4339
6456,7199
6457,1678
6457,2239
6458,631
6458,2581
6458,2800
6458,2904
6458,2917
6458,3443
6458,5063
6458,5115
6458,5428
6458,6320
6458,6569
6458,6856
6458,7250
6459,1290
6459,1760
6459,2880
6460,331
6460,918
6460,4362
6460,4518
6460,4867
6460,6501
6460,6886
6460,7455
6460,7498
6461,1798
6461,4213
6461,6702
6462,89
6462,762
6462,1991
6462,2106
6462,4420
6462,5756
6462,6121
6462,6646
6462,6738
6462,7254
6463,2184
6463,2968
6463,3137
6463,3248
6463,3437
6463,4810
6463,6432
6463,7545
6463,7620
6464,836
6464,1650
6464,2093
6464,2470
6464,2558
6464,4696
6464,4722
6464,5667
6464,5708
6464,6909
6465,541
6465,1685
6465,1709
6465,1717
6465,2099
6465,2324
6465,2754
6465,2854
6465,3116
6465,3217
6465,3401
6465,4256
6465,4751
6465,4956
6465,4960
6465,5164
6465,5497
6465,5825
6465,6124
6465,6648
6465,7407
6466,2487
6466,3270
6466,3641
6466,5080
6466,6880
6466,7102
6466,7164
6467,1561
6467,5083
6468,89
6468,780
6468,1738
6468,3808
6468,4415
6468,4778
6468,6887
6468,7395
6469,361
6469,805
6469,2769
6469,3244
6469,4646
6469,6433
6469,7034
6469,7081
6469,7475
6470,1520
6470,1660
6470,1979
6470,2199
6470,3052
6470,3612
6470,3732
6470,5589
6470,5893
6470,6172
6470,6960
6470,6980
6470,7113
6470,7309
6470,7546
6471,1008
6471,1235
6471,1530
6471,1878
6471,2082
6471,3285
6471,4717
6471,5792
6471,5837
6471,6857
6472,133
6472,406
6472,703
6472,1015
6472,1693
6472,3094
6472,3852
6472,4122
6472,4275
6472,4720
6472,6573
6472,6776
6473,549
6473,2422
6473,2872
6473,3662
6473,6117
6473,6223
6473,7621
6474,41
6474,2558
6474,3962
6474,4805
6475,593
6475,1744
6475,2634
6475,7464
6476,467
6476,2091
6476,6154
6477,2360
6477,4922
6478,3308
6478,3644
6478,6056
6478,6708
6479,512
6479,1243
6479,2854
6479,3164
6479,3326
6479,3371
6479,4334
6479,4960
6479,6099
6479,7032
6480,126
6480,968
6480,1791
6480,1841
6480,2391
6480,2779
6480,4748
6480,4925
6480,4945
6480,5027
6480,5829
6480,7275
6481,429
6481,1027
6481,1362
6481,3443
6481,3742
6481,3989
6481,5428
6481,6336
6481,6569
6481,7179
6481,7313
6481,7328
6481,7341
6482,256
6482,1446
6482,1804
6482,1903
6482,3530
6482,4146
6482,4943
6482,5169
6483,5558
6484,1684
6484,1712
6484,2239
6484,2945
6484,4086
6484,5979
6484,5982
6484,7003
6484,7252
6484,7568
6484,7572
6485,260
6485,2384
6485,6437
6486,1790
6486,2049
6486,3469
6486,4376
6486,7116
6487,1040
6487,1540
6487,4877
6487,5222
6487,5799
6487,7501
6488,221
6488,263
6488,398
6488,609
6488,653
6488,671
6488,679
6488,969
6488,1365
6488,1466
6488,1475
6488,1637
6488,1889
6488,2067
6488,2176
6488,2259
6488,2352
6488,2383
6488,2658
6488,3047
6488,3399
6488,3435
6488,3452
6488,3500
6488,3737
6488,4081
6488,4252
6488,4353
6488,4411
6488,4708
6488,4921
6488,5138
6488,5228
6488,5345
6488,5405
6488,5489
6488,5609
6488,5721
6488,5784
6488,5896
6488,6092
6488,6168
6488,6229
6488,6709
6488,6788
6488,7110
6488,7361
6488,7502
6489,762
6489,1586
6489,1961
6489,2239
6489,2520
6489,6039
6489,7395
6490,149
6490,1586
6490,2071
6490,2239
6490,3359
6490,3591
6490,3698
6490,6707
6491,462
6491,1132
6491,1522
6491,2978
6491,3349
6491,4078
6491,6263
6491,6328
6491,7153
6492,484
6492,951
6492,1431
6492,1634
6492,3693
6492,3958
6492,4392
6492,5468
6492,5612
6492,5707
6492,5816
6492,6540
6492,6843
6492,7166
6492,7210
6492,7464
6492,7607
6493,202
6493,634
6493,764
6493,896
6493,1338
6493,2052
6493,2662
6493,3197
6493,4628
6493,4880
6493,6051
6493,6225
6493,6549
6494,162
6494,305
6494,803
6494,1707
6494,3224
6495,941
6495,3244
6495,4906
6496,481
6496,1622
6496,3733
6496,4117
6496,4411
6496,4498
6496,7016
6496,7598
6497,258
6497,1206
6497,2198
6497,2239
6497,3277
6497,4928
6498,546
6498,594
6498,1342
6498,1369
6498,2278
6498,2442
6498,2802
6498,5246
6498,5695
6498,5891
6498,6375
6498,6798
6498,6943
6498,6963
6498,7040
6500,1178
6500,2239
6500,4164
6500,5372
6500,5404
6501,918
6501,1117
6501,1748
6501,3239
6501,4232
6501,5456
6501,6201
6501,6232
6501,6436
6501,6460
6501,7417
6502,755
6502,1863
6502,2099
6502,2312
6502,2681
6502,3356
6502,3628
6502,3820
6502,4554
6502,4728
6502,4741
6502,4758
6502,4949
6502,4956
6502,4960
6502,5329
6502,5653
6502,6416
6502,7060
6502,7255
6503,532
6503,1726
6503,1901
6503,2198
6503,3040
6503,3864
6503,4672
6503,5652
6503,5869
6503,7269
6504,150
6504,403
6504,1057
6504,1075
6504,1403
6504,2875
6504,3975
6504,4346
6504,4649
6504,5746
6504,5841
6504,6136
6504,6606
6504,7049
6505,1663
6505,5037
6505,5255
6505,5296
6505,5404
6506,533
6506,1524
6506,2047
6506,2205
6506,4217
6506,6917
6507,2039
6507,2215
6507,2911
6507,5404
6507,5816
6507,7535
6508,481
6508,1622
6508,1646
6508,2499
6508,2896
6508,3211
6508,4681
6508,6311
6509,53
6509,1629
6509,2224
6509,2347
6509,2473
6509,2523
6509,2680
6509,3046
6509,3525
6509,3957
6509,5517
6509,7155
6510,904
6510,2194
6510,4864
6510,4865
6510,6707
6510,6760
6510,7535
6511,7032
6512,203
6512,1058
6512,1084
6512,1645
6512,2567
6512,3742
6512,4609
6512,5739
6512,6715
6512,7130
6512,7250
6512,7318
6513,1238
6513,1464
6513,1943
6513,3998
6513,4255
6513,6572
6514,193
6514,637
6514,2282
6514,3222
6514,4000
6514,4332
6514,4646
6514,5434
6514,5558
6514,5631
6514,5861
6514,6169
6514,7051
6514,7606
6515,588
6515,1049
6515,1164
6515,1565
6515,3396
6515,3437
6515,5414
6515,5684
6515,6087
6515,6768
6515,7575
6516,2386
6516,2583
6516,3524
6516,5172
6516,6886
6517,1035
6517,4108
6518,881
6518,1444
6518,2158
6518,5412
6519,661
6519,1272
6519,1391
6519,1630
6519,1803
6519,2281
6519,2387
6519,4539
6519,5588
6519,6046
6520,1531
6520,1759
6520,1827
6520,1969
6520,2099
6520,2114
6520,4539
6520,4666
6520,5028
6520,6046
6520,6465
6520,6842
6520,7124
6521,1270
6521,5506
6521,6549
6522,1739
6522,2418
6522,4042
6522,4519
6522,5917
6522,5987
6522,6118
6522,6128
6522,6872
6523,66
6523,199
6523,365
6523,791
6523,1681
6523,1939
6523,2003
6523,2891
6523,3884
6523,3960
6523,4689
6523,5043
6523,5119
6523,5310
6523,5684
6523,7081
6524,249
6524,355
6524,2413
6524,4202
6524,5803
6524,7108
6524,7449
6525,7
6525,399
6525,441
6525,991
6525,2180
6525,2255
6525,4265
6525,4623
6525,5600
6525,6687
6525,6894
6526,2614
6526,4522
6526,4682
6526,4870
6526,5050
6526,6678
6527,1658
6527,2239
6527,3532
6527,4080
6527,4422
6527,4522
6527,5007
6527,5412
6527,7395
6528,261
6528,593
6528,2198
6528,6702
6529,608
6529,2351
6529,4134
6529,4339
6529,4929
6529,5683
6529,6167
6529,6543
6529,7315
6530,2388
6530,4399
6530,7460
6531,766
6531,1817
6531,3295
6531,3578
6531,4447
6531,4851
6531,6764
6531,7269
6531,7478
6532,828
6532,1412
6532,1743
6532,1977
6532,2508
6532,2849
6532,3830
6532,6670
6532,7073
6532,7122
6534,275
6534,1947
6534,4300
6534,7061
6535,234
6535,2688
6535,6782
6536,91
6536,807
6536,1029
6536,1291
6536,2016
6536,2169
6536,2570
6536,3397
6536,3635
6536,3665
6536,4577
6536,5422
6536,5492
6536,6244
6536,6246
6536,6651
6537,60
6537,304
6537,317
6537,762
6537,789
6537,1293
6537,3370
6537,5626
6537,5979
6537,7296
6538,4041
6538,4067
6538,5664
6538,5851
6539,164
6540,951
6540,1210
6540,1575
6540,3362
6540,3459
6540,7395
6541,82
6541,2424
6541,3432
6541,4678
6541,6013
6542,3793
6542,5912
6543,1307
6543,1352
6543,1606
6543,2466
6543,3033
6543,3390
6543,3519
6543,4079
6543,5096
6543,5481
6543,7138
6543,7425
6544,6868
6544,7441
6545,162
6545,2751
6545,3600
6545,3716
6545,3802
6545,5031
6545,5146
6545,5305
6545,6282
6545,7374
6546,47
6546,334
6546,2714
6546,3195
6546,3745
6546,7456
6547,8
6547,728
6547,754
6547,956
6547,1493
6547,1926
6547,3134
6547,3250
6547,3404
6547,3821
6547,4500
6547,4707
6547,6412
6547,6668
6547,6872
6548,329
6548,638
6548,1436
6548,2574
6548,2631
6548,3709
6548,5183
6548,5499
6548,5571
6548,6123
6548,6142
6548,7087
6549,918
6549,993
6549,1295
6549,1416
6549,2160
6549,2799
6549,3467
6549,3674
6549,5400
6549,5423
6549,6245
6549,6441
6549,7334
6550,130
6550,177
6550,409
6550,2182
6550,2350
6550,2456
6550,2726
6550,2779
6550,2790
6550,3801
6550,3879
6550,3885
6550,4271
6550,4443
6550,4950
6550,5027
6550,5439
6550,5547
6550,6286
6550,6718
6550,6928
6550,7011
6551,259
6551,293
6551,446
6551,482
6551,566
6551,626
6551,632
6551,687
6551,951
6551,1485
6551,1661
6551,1993
6551,1999
6551,2159
6551,2239
6551,2521
6551,2617
6551,2668
6551,2711
6551,2744
6551,2855
6551,2956
6551,3096
6551,3196
6551,3289
6551,3446
6551,3547
6551,3593
6551,3620
6551,3882
6551,3948
6551,4071
6551,4074
6551,4090
6551,4174
6551,4249
6551,4262
6551,4313
6551,4658
6551,4706
6551,4971
6551,5111
6551,5139
6551,5224
6551,5732
6551,5808
6551,5975
6551,6021
6551,6265
6551,6397
6551,6400
6551,6462
6551,6487
6551,6537
6551,6705
6551,6802
6551,6849
6551,6889
6551,6906
6551,7008
6551,7182
6551,7192
6551,7353
6551,7410
6551,7487
6551,7501
6551,7617
6552,541
6552,1766
6552,2861
6552,3006
6552,3401
6552,3840
6552,3874
6552,4312
6552,5882
6552,6099
6552,6143
6552,6842
6552,7272
6553,304
6553,1631
6553,1884
6553,5304
6553,7277
6553,7553
6554,3437
6554,3461
6554,5074
6554,5817
6554,5872
6554,7287
6555,252
6555,2027
6555,2044
6555,2094
6555,2707
6555,3418
6555,4277
6555,4327
6555,5192
6555,5486
6555,6955
6556,93
6556,650
6556,1403
6556,1625
6556,2709
6556,3343
6556,3344
6556,4051
6556,4451
6556,4501
6556,4804
6556,6817
6556,6845
6556,7427
6557,349
6557,641
6557,1264
6557,1736
6557,1881
6557,2337
6557,3415
6557,3749
6557,5341
6557,5868
6557,7458
6557,7513
6558,223
6558,747
6558,1275
6558,1904
6558,2218
6558,2527
6558,3781
6558,4404
6558,4767
6558,5638
6558,6123
6558,6548
6559,401
6559,459
6559,2022
6559,2503
6559,3416
6559,4911
6559,4981
6559,5252
6559,5416
6559,6918
6559,7645
6560,593
6560,2993
6560,3330
6560,3532
6560,4670
6560,7415
6560,7464
6561,959
6561,1640
6561,3788
6561,3988
6561,4615
6561,4896
6561,6231
6562,1621
6562,2106
6562,2586
6562,3538
6562,4350
6562,4392
6562,6551
6563,1121
6563,1904
6563,3013
6563,5541
6563,5984
6565,1388
6565,1608
6565,2202
6565,2418
6565,2525
6565,3250
6565,4902
6565,5771
6565,5987
6565,6059
6565,6128
6565,6920
6565,7635
6566,1763
6566,3185
6566,3859
6566,6702
6566,7150
6567,481
6567,4047
6567,4485
6567,4604
6568,946
6568,1280
6568,3419
6568,5708
6569,775
6569,1973
6569,2273
6569,2279
6569,2363
6569,2904
6569,2920
6569,3385
6569,3587
6569,3962
6569,4069
6569,4116
6569,4629
6569,5002
6569,5063
6569,5295
6569,5384
6569,5428
6569,5445
6569,6038
6569,6174
6569,6445
6569,6715
6569,7047
6569,7328
6570,835
6570,1769
6570,3433
6570,4116
6570,5264
6570,6038
6570,7312
6571,1295
6571,2283
6571,2872
6571,5633
6572,40
6572,575
6572,750
6572,851
6572,1174
6572,1285
6572,1347
6572,1495
6572,1534
6572,1544
6572,1596
6572,1666
6572,1905
6572,1930
6572,2488
6572,2547
6572,2561
6572,2565
6572,2908
6572,3256
6572,3654
6572,3685
6572,3744
6572,3765
6572,3787
6572,3816
6572,3916
6572,4407
6572,4436
6572,4464
6572,4909
6572,4959
6572,5402
6572,5694
6572,6134
6572,6251
6572,6269
6572,6722
6572,6730
6572,6784
6572,6996
6572,7184
6572,7526
6573,845
6573,1015
6573,2100
6573,2976
6573,4242
6573,6050
6573,7497
6574,1293
6574,3025
6574,4080
6574,4157
6574,6039
6574,7599
6575,2210
6575,3368
6575,3557
6575,4555
6575,5604
6575,7039
6575,7193
6575,7375
6575,7376
6575,7579
6576,1058
6576,1908
6576,2198
6576,2848
6576,4113
6576,4376
6577,385
6577,1035
6577,1419
6577,2100
6577,2184
6577,3156
6577,3437
6577,3968
6577,4209
6577,6087
6577,6514
6577,6818
6578,2406
6578,3532
6578,3607
6578,6447
6578,7357
6578,7599
6578,7628
6579,839
6579,1058
6579,4376
6579,5531
6581,583
6581,625
6581,1091
6581,2993
6581,3887
6581,4037
6581,7603
6582,188
6582,1782
6582,2239
6582,2510
6582,3428
6582,4522
6582,5039
6582,5554
6582,5707
6582,5816
6582,6890
6582,7071
6583,46
6583,3352
6583,3571
6583,3953
6583,4689
6583,4961
6583,5414
6583,5563
6583,5684
6584,821
6584,1058
6584,2803
6584,3753
6584,4376
6584,4562
6584,4805
6584,7481
6585,791
6585,3707
6585,5970
6585,6523
6585,7237
6586,2304
6586,2844
6586,3369
6586,3600
6586,5483
6587,19
6587,563
6587,3741
6587,4008
6587,5380
6587,5754
6588,964
6588,1293
6588,1612
6588,2021
6588,2211
6588,3320
6588,3868
6588,4054
6588,4674
6588,5218
6588,5801
6588,6001
6588,6096
6588,6412
6588,6660
6588,6878
6588,6898
6588,6901
6588,7556
6588,7589
6589,1239
6589,2000
6589,3573
6589,5534
6589,7548
6590,223
6590,1174
6590,1252
6590,1335
6590,3333
6590,3566
6590,7295
6591,3175
6591,4866
6591,6819
6591,6979
6591,7620
6592,638
6592,654
6592,1063
6592,1143
6592,1597
6592,2431
6592,2440
6592,2558
6592,2793
6592,3213
6592,3800
6592,4148
6592,4268
6592,5313
6593,920
6593,1714
6593,1905
6593,2163
6593,2565
6593,3473
6593,5209
6593,5498
6594,248
6594,456
6594,680
6594,2146
6594,3359
6594,4918
6594,6210
6594,7032
6595,268
6595,805
6595,2769
6596,309
6596,868
6596,4230
6596,4243
6596,5324
6597,1513
6597,1899
6597,3039
6597,3623
6597,4526
6597,4870
6597,5979
6598,520
6598,778
6598,1995
6598,2590
6598,3084
6598,3104
6598,3258
6598,4978
6598,5927
6598,6130
6598,6362
6599,150
6599,241
6599,1450
6599,2052
6599,2315
6599,5802
6599,6957
6600,920
6600,1111
6600,1457
6600,1579
6600,1905
6600,2244
6600,3054
6600,3335
6600,4033
6600,4103
6600,4754
6600,5343
6600,5364
6600,5708
6600,6237
6600,6844
6601,758
6601,3563
6601,4280
6601,4673
6601,6163
6602,38
6602,453
6602,3570
6602,6965
6602,7368
6603,2098
6603,3558
6603,5828
6603,6648
6603,7060
6604,604
6604,2820
6604,3277
6604,5474
6604,7357
6605,2451
6606,373
6606,872
6606,1107
6606,1381
6606,1443
6606,2254
6606,2646
6606,2875
6606,3355
6606,4025
6606,4810
6606,6051
6606,6340
6606,6493
6606,7473
6607,491
6607,1053
6607,1306
6607,1895
6607,2321
6607,2504
6607,6764
6607,7306
6608,2705
6608,6269
6608,7332
6609,221
6609,510
6609,609
6609,685
6609,2012
6609,2238
6609,2873
6609,3479
6609,5718
6609,5972
6609,6168
6610,748
6610,2215
6610,2525
6610,2632
6610,3920
6610,5775
6610,6029
6610,6059
6610,6296
6610,6699
6611,85
6611,721
6611,2455
6611,2544
6611,2948
6611,3330
6611,6030
6612,193
6612,209
6612,3121
6612,3586
6612,4786
6612,5656
6612,6169
6612,6514
6613,435
6613,593
6613,2198
6613,3132
6613,5552
6614,269
6614,2197
6614,2239
6614,3670
6614,4415
6614,5799
6615,2239
6615,4282
6615,5643
6615,5790
6615,5999
6616,414
6616,1632
6616,3752
6616,3764
6616,6056
6616,6057
6617,1406
6617,5745
6617,6743
6617,7330
6618,149
6618,500
6618,727
6618,795
6618,958
6618,1427
6618,1453
6618,1586
6618,1778
6618,2086
6618,2120
6618,2129
6618,2520
6618,3574
6618,3602
6618,3606
6618,4196
6618,4286
6618,4865
6618,5459
6618,5975
6618,6039
6618,6259
6618,6451
6618,7101
6619,462
6619,1036
6619,1261
6619,1764
6619,5301
6619,5839
6619,5907
6619,6298
6619,7375
6620,1961
6620,2663
6620,3359
6620,3698
6620,3891
6620,4768
6620,6297
6620,6582
6620,7395
6621,394
6621,549
6621,941
6621,2512
6621,3154
6621,3168
6621,3819
6622,932
6622,1115
6622,3736
6622,7141
6622,7460
6623,4
6623,420
6623,1324
6623,1818
6623,2133
6623,2168
6623,2813
6623,3151
6623,3458
6623,3915
6623,4171
6623,4208
6623,4226
6623,4351
6623,4414
6623,4492
6623,4726
6623,4789
6623,5747
6623,5914
6623,7157
6623,7451
6624,149
6624,1572
6624,1647
6624,2290
6624,2371
6624,2954
6624,3427
6624,3832
6624,4356
6624,4384
6624,4724
6624,4879
6624,6027
6624,6440
6624,6452
6624,7195
6625,609
6625,671
6625,901
6625,2361
6625,2444
6625,2489
6625,2843
6625,2926
6625,3255
6625,3393
6625,3479
6625,3504
6625,3584
6625,4310
6625,4659
6625,4884
6625,5230
6625,5489
6625,5609
6625,5784
6625,5920
6625,6227
6625,6709
6625,7490
6626,1472
6627,146
6627,1362
6627,2239
6627,3554
6627,3778
6627,4378
6627,4817
6627,7169
6628,1041
6628,2337
6628,2623
6628,3749
6628,3992
6628,4509
6628,4992
6628,5929
6628,7348
6629,1078
6629,2244
6629,2565
6629,3473
6629,3744
6630,911
6630,1581
6630,1750
6630,3896
6630,4500
6630,6067
6630,6512
6630,6909
6630,7576
6631,593
6631,1492
6631,2198
6631,4806
6631,6551
6631,7071
6631,7395
6632,1767
6632,4729
6632,5503
6633,650
6633,1338
6633,1534
6633,2585
6633,5314
6633,6606
6634,258
6634,1798
6634,5903
6634,6354
6634,7010
6635,550
6635,699
6635,948
6635,1162
6635,1323
6635,1537
6635,1828
6635,1841
6635,2109
6635,2182
6635,2196
6635,2788
6635,2943
6635,3474
6635,3601
6635,3684
6635,3788
6635,4599
6635,5162
6635,5815
6635,5884
6635,6194
6635,6231
6635,6480
6635,6561
6635,6718
6635,7126
6635,7165
6635,7530
6636,1317
6636,2170
6636,2461
6636,4376
6636,4541
6636,5132
6636,5312
6637,498
6637,984
6637,4254
6638,354
6638,2913
6638,4090
6638,4119
6638,4210
6638,4359
6638,7046
6639,4906
6640,1513
6640,2194
6640,3762
6640,4384
6640,5351
6641,7
6641,491
6641,1411
6641,2504
6641,5236
6641,5395
6641,5599
6642,171
6642,432
6642,1175
6642,2056
6642,2608
6642,3227
6642,3244
6642,5185
6642,7176
6643,330
6643,1216
6643,2301
6643,7192
6645,22
6645,995
6645,1079
6645,2226
6645,4143
6645,4280
6645,5774
6646,240
6646,1006
6646,1278
6646,1301
6646,1467
6646,1492
6646,2142
6646,2183
6646,2198
6646,2882
6646,2888
6646,3532
6646,4420
6646,4734
6646,5008
6646,5525
6646,6518
6646,6704
6646,7114
6646,7159
6647,1062
6647,1984
6647,2524
6647,4260
6647,5422
6647,5947
6648,5588
6648,6679
6649,1744
6649,2198
6649,2913
6649,4253
6649,7266
6650,399
6650,1460
6650,2957
6650,3730
6650,4623
6650,4644
6650,5995
6650,6380
6650,6894
6651,146
6651,998
6651,1853
6651,2430
6651,2543
6651,3240
6651,3625
6651,4084
6651,4189
6651,4454
6651,4605
6651,6536
6652,740
6652,1649
6652,5034
6652,5618
6652,5793
6652,5827
6652,7136
6652,7491
6653,4
6653,557
6653,737
6653,1073
6653,1308
6653,1818
6653,2226
6653,2311
6653,2341
6653,3150
6653,3266
6653,3417
6653,3516
6653,3881
6653,3997
6653,4125
6653,4208
6653,4354
6653,4426
6653,4567
6653,4975
6653,5094
6653,5291
6653,5754
6653,5774
6653,5876
6653,5914
6653,5968
6653,6088
6653,6199
6653,6385
6653,6712
6653,7541
6654,766
6654,3578
6654,6235
6654,7467
6655,961
6655,5424
6655,5428
6655,6332
6656,962
6656,1503
6656,1578
6656,2319
6656,2411
6656,2417
6656,2607
6656,2963
6656,2984
6656,3229
6656,3495
6656,5065
6656,5288
6656,5690
6656,5916
6657,557
6657,1073
6657,5291
6657,6385
6657,6653
6657,7541
6658,1421
6658,1492
6658,1798
6658,2736
6658,4768
6658,5756
6658,6707
6659,354
6659,547
6659,792
6659,1208
6659,2580
6659,3338
6659,4210
6659,6697
6659,6938
6659,7301
6659,7625
6660,1406
6660,1612
6660,2299
6660,3183
6660,3503
6660,3559
6660,3602
6660,3895
6660,4037
6660,4097
6660,4719
6660,5455
6660,6395
6660,6588
6661,961
6661,6897
6663,1290
6663,1950
6663,6071
6664,276
6664,1561
6664,1661
6664,3152
6664,3277
6664,4381
6664,4511
6664,4522
6664,5404
6664,5844
6664,7592
6665,10
6665,1264
6665,1736
6665,2337
6665,2777
6665,4723
6665,4992
6665,7437
6666,1505
6666,2114
6666,2754
6666,6104
6666,7255
6666,7630
6667,595
6667,884
6667,2168
6667,2196
6667,4849
6667,5884
6667,6130
6667,6247
6668,911
6668,1183
6668,2493
6668,2536
6668,3331
6668,4116
6668,4858
6668,5064
6668,6038
6668,6570
6668,7322
6669,169
6669,366
6669,552
6669,659
6669,1671
6669,2432
6669,2553
6669,3027
6669,4024
6669,4402
6669,5139
6669,5649
6669,5964
6669,6156
6669,6847
6669,7353
6670,1412
6670,2508
6670,3649
6670,4883
6670,5045
6670,5250
6670,5436
6670,5753
6670,6965
6671,166
6671,733
6671,977
6671,2196
6671,4087
6671,4993
6671,5092
6671,5618
6671,5867
6671,5884
6671,6376
6671,6396
6671,6652
6672,672
6672,1058
6672,2172
6672,3964
6672,4067
6672,5132
6672,5335
6672,5544
6672,7130
6673,33
6673,79
6673,431
6673,596
6673,1017
6673,1226
6673,1350
6673,1447
6673,1498
6673,1538
6673,1614
6673,1723
6673,1792
6673,1805
6673,2229
6673,2485
6673,2649
6673,3081
6673,3274
6673,3363
6673,3623
6673,3721
6673,3782
6673,4578
6673,4658
6673,4774
6673,5328
6673,5833
6673,6075
6673,6188
6673,6335
6673,6528
6673,6907
6673,7010
6673,7021
6673,7215
6673,7231
6673,7440
6673,7464
6673,7536
6674,117
6674,146
6674,531
6674,1010
6674,1057
6674,2074
6674,3186
6674,4025
6674,4130
6674,4920
6674,5026
6674,6504
6675,215
6675,308
6675,861
6675,1660
6675,1915
6675,5893
6675,7518
6676,1486
6676,2011
6676,4637
6676,7330
6677,1287
6677,1291
6677,2579
6677,2673
6677,3506
6677,3871
6677,3878
6677,3920
6677,4427
6677,6243
6677,6835
6677,7131
6677,7345
6678,632
6678,811
6678,1447
6678,1467
6678,1723
6678,1738
6678,1866
6678,1871
6678,2239
6678,3542
6678,4188
6678,4203
6678,4355
6678,4415
6678,4531
6678,4591
6678,5148
6678,5606
6678,5881
6678,5982
6678,6414
6678,6992
6679,517
6679,661
6679,786
6679,928
6679,1189
6679,1221
6679,1504
6679,1803
6679,1864
6679,2006
6679,2312
6679,2474
6679,2557
6679,2635
6679,2925
6679,3272
6679,3305
6679,3392
6679,3628
6679,5182
6679,6212
6679,6520
6679,6648
6679,6913
6679,7043
6679,7272
6679,7380
6679,7566
6680,491
6680,1895
6680,2475
6680,6309
6681,17
6681,1367
6681,1791
6681,2869
6681,3636
6681,3988
6681,4088
6681,4214
6681,5883
6681,6138
6681,6671
6681,6855
6681,7198
6682,1035
6682,2976
6682,3352
6682,3571
6682,4065
6682,4961
6682,6583
6682,7292
6682,7620
6683,456
6683,834
6683,881
6683,1185
6684,2
6684,1198
6684,1688
6684,2000
6684,2152
6684,3014
6684,5992
6684,6454
6685,884
6685,7404
6686,668
6686,2497
6686,7051
6687,441
6687,890
6687,1053
6687,1852
6687,2046
6687,3536
6687,5395
6687,5600
6687,6380
6687,6525
6688,1838
6688,2102
6688,4805
6688,5013
6688,5042
6688,5493
6689,1534
6689,2315
6689,3038
6689,3154
6689,3233
6690,2198
6690,3895
6690,4384
6690,6439
6690,7553
6691,1035
6691,4260
6691,4661
6692,258
6692,732
6692,1899
6692,3049
6692,3720
6692,3768
6692,4157
6692,4415
6692,4641
6692,4734
6692,5404
6692,7477
6693,1210
6693,3999
6693,5251
6693,5404
6694,361
6694,873
6694,1579
6694,1998
6694,2252
6694,2367
6694,6304
6695,82
6695,3071
6695,3432
6695,3752
6695,4678
6695,6254
6695,6478
6695,6708
6696,2447
6696,2740
6696,3916
6696,4304
6696,4376
6696,4854
6696,5437
6697,457
6697,1059
6697,1265
6697,1462
6697,2578
6697,2687
6697,3110
6697,3556
6697,3694
6697,3790
6697,4036
6697,4139
6697,4319
6697,5196
6697,5621
6697,5956
6697,6883
6697,6943
6698,805
6698,2347
6698,2433
6698,2560
6698,3219
6698,3972
6698,4804
6698,7606
6699,212
6699,655
6699,683
6699,728
6699,1287
6699,2580
6699,2856
6699,4067
6699,4502
6699,4541
6700,2509
6700,7154
6701,717
6701,1210
6701,2855
6701,3538
6701,4806
6701,4847
6701,5976
6701,6449
6702,25
6702,77
6702,109
6702,233
6702,254
6702,285
6702,309
6702,318
6702,351
6702,358
6702,359
6702,375
6702,445
6702,534
6702,553
6702,582
6702,706
6702,717
6702,720
6702,770
6702,814
6702,849
6702,963
6702,973
6702,1028
6702,1101
6702,1222
6702,1226
6702,1469
6702,1491
6702,1524
6702,1579
6702,1723
6702,1738
6702,1752
6702,1792
6702,1866
6702,1874
6702,1875
6702,1885
6702,1925
6702,1970
6702,1997
6702,2193
6702,2197
6702,2310
6702,2640
6702,2950
6702,2977
6702,3027
6702,3074
6702,3140
6702,3149
6702,3251
6702,3262
6702,3279
6702,3284
6702,3379
6702,3384
6702,3419
6702,3422
6702,3436
6702,3440
6702,3462
6702,3627
6702,3648
6702,3659
6702,3692
6702,3703
6702,3704
6702,3721
6702,3912
6702,3974
6702,3987
6702,4156
6702,4162
6702,4176
6702,4211
6702,4217
6702,4241
6702,4278
6702,4333
6702,4421
6702,4483
6702,4526
6702,4531
6702,4536
6702,4543
6702,4586
6702,4594
6702,4662
6702,4695
6702,4928
6702,4971
6702,5042
6702,5050
6702,5077
6702,5097
6702,5103
6702,5105
6702,5165
6702,5166
6702,5224
6702,5255
6702,5281
6702,5441
6702,5518
6702,5542
6702,5567
6702,5572
6702,5584
6702,5637
6702,5764
6702,5780
6702,5782
6702,5976
6702,6024
6702,6040
6702,6135
6702,6149
6702,6152
6702,6289
6702,6319
6702,6335
6702,6373
6702,6489
6702,6492
6702,6528
6702,6566
6702,6688
6702,6736
6702,6805
6702,6830
6702,6895
6702,6953
6702,7337
6702,7346
6702,7387
6702,7413
6702,7428
6702,7534
6703,835
6703,2359
6703,2559
6703,3056
6703,3331
6703,3492
6703,4218
6703,6446
6703,7546
6704,1798
6704,2198
6704,2890
6704,5222
6704,7628
6705,1284
6705,3185
6705,4864
6705,5412
6705,7067
6706,267
6706,593
6706,1663
6706,1899
6706,2396
6706,4350
6706,5799
6706,6135
6707,27
6707,220
6707,318
6707,455
6707,711
6707,726
6707,903
6707,1165
6707,1170
6707,1427
6707,1439
6707,1621
6707,1690
6707,1723
6707,2198
6707,2380
6707,2393
6707,2750
6707,2913
6707,3226
6707,3279
6707,3930
6707,3947
6707,3970
6707,4161
6707,4167
6707,4415
6707,4642
6707,4682
6707,4697
6707,4737
6707,4870
6707,5095
6707,5463
6707,5646
6707,5730
6707,5949
6707,6381
6707,6449
6707,6526
6707,6646
6707,6714
6707,6895
6707,7079
6707,7114
6707,7320
6707,7410
6707,7582
6708,82
6708,840
6708,2424
6708,2467
6708,3432
6708,3752
6708,4860
6708,6013
6708,6254
6708,6478
6708,6541
6709,147
6709,1223
6709,4244
6710,468
6710,1231
6710,3402
6710,4119
6710,4481
6710,5055
6710,5233
6710,6455
6711,885
6711,2497
6712,315
6712,557
6712,2196
6712,3741
6712,4101
6712,4143
6712,4673
6712,5380
6712,5627
6712,5884
6712,7009
6713,2488
6713,3781
6713,6026
6713,6123
6713,6412
6713,6920
6713,7131
6713,7401
6713,7569
6714,1058
6714,1453
6714,2198
6714,2571
6714,4384
6714,6702
6715,672
6715,3457
6715,4238
6715,5170
6715,7417
6716,2907
6716,3798
6717,39
6717,1215
6717,1379
6717,2043
6717,3532
6717,5022
6717,5263
6717,5864
6718,409
6718,2350
6718,2409
6718,2837
6718,3028
6718,6333
6718,6948
6718,7126
6718,7460
6719,1118
6719,2068
6719,2210
6719,3313
6719,3911
6719,4725
6719,4757
6719,5630
6719,6589
6720,835
6721,329
6721,1394
6721,1731
6721,2131
6721,2481
6721,2864
6721,3566
6721,3822
6721,4910
6721,5499
6721,5778
6721,6452
6721,6513
6721,6558
6721,6777
6721,7267
6722,751
6722,3744
6722,4103
6722,5191
6722,6572
6723,1330
6723,4217
6723,4376
6723,4573
6723,5049
6723,5707
6723,6414
6723,7003
6723,7071
6723,7090
6723,7252
6723,7276
6723,7582
6724,829
6724,2127
6724,2879
6724,3031
6724,3397
6724,4094
6724,4617
6724,4762
6724,4869
6724,5574
6724,5796
6724,6058
6724,7624
6725,746
6725,1223
6725,4708
6725,5228
6725,5357
6725,5920
6725,5928
6725,6311
6725,6609
6726,456
6726,970
6726,1596
6726,1905
6726,1930
6726,3109
6726,3310
6726,3577
6726,4386
6726,4464
6726,5694
6726,6269
6726,7406
6726,7550
6727,608
6727,798
6727,3200
6727,3414
6727,4401
6728,918
6728,3949
6728,7417
6728,7442
6729,250
6729,761
6729,2430
6729,3213
6729,4817
6729,5862
6730,513
6730,750
6730,1045
6730,1174
6730,1280
6730,1429
6730,1981
6730,3928
6730,4540
6730,5051
6730,5109
6730,5843
6730,5980
6730,6572
6730,6593
6731,865
6731,4805
6731,6537
6731,6984
6732,352
6732,2170
6732,6909
6733,305
6733,2071
6733,3698
6733,4141
6733,4745
6733,6452
6734,2369
6734,5607
6734,6239
6734,6273
6734,6865
6734,7431
6735,1248
6735,2344
6735,3828
6735,4424
6735,4428
6735,4521
6735,4878
6735,6554
6735,6994
6735,7287
6735,7641
6736,599
6736,1871
6736,2124
6736,2198
6736,4538
6736,5241
6736,6702
6736,7464
6737,137
6737,162
6737,229
6737,1757
6737,2332
6737,2569
6737,3698
6737,4952
6737,6078
6738,103
6738,762
6738,1453
6738,1735
6738,2086
6738,2194
6738,3532
6738,3708
6738,4083
6738,4952
6738,6462
6739,139
6739,701
6739,3437
6739,3590
6739,4810
6739,4922
6740,1296
6740,2332
6740,3688
6740,3832
6740,4046
6740,4724
6740,4791
6740,4879
6740,5541
6740,6030
6740,6123
6740,6624
6740,7288
6741,707
6741,1534
6741,1856
6741,2505
6741,3170
6741,4691
6741,5301
6742,1547
6742,3971
6742,4597
6742,4929
6742,5579
6742,6248
6742,6862
6742,7089
6742,7199
6743,2021
6743,2750
6743,3532
6743,5111
6743,6617
6743,7330
6744,156
6744,301
6744,3358
6744,4121
6744,4617
6744,4654
6744,4762
6744,5912
6744,6293
6745,3374
6745,4994
6746,3335
6746,3419
6746,3856
6746,4016
6747,1887
6747,1901
6747,2794
6747,3209
6747,3864
6747,4037
6747,4109
6747,5652
6747,5865
6747,5924
6747,6822
6748,146
6748,2374
6748,4189
6748,4378
6749,494
6749,2275
6749,2659
6749,5881
6749,6034
6749,7477
6750,1678
6750,6325
6751,443
6751,1689
6751,1961
6751,2519
6751,2604
6751,3101
6751,3507
6751,3716
6752,645
6752,1213
6752,4363
6752,4648
6753,965
6753,3236
6753,3924
6753,3997
6753,4280
6754,183
6754,593
6754,1798
6754,1942
6754,3440
6754,3974
6754,4538
6755,1565
6755,1953
6755,2976
6755,3244
6755,4258
6755,4843
6755,6433
6755,7620
6756,4021
6756,7373
6757,1385
6757,1515
6757,1541
6757,3153
6757,4106
6757,4305
6757,5517
6757,5633
6758,170
6758,1058
6758,3049
6758,4164
6758,4805
6758,5404
6759,134
6759,658
6759,1194
6759,2233
6759,2418
6759,4082
6759,5302
6759,6054
6759,6343
6760,415
6760,1775
6760,2765
6760,2881
6760,3408
6760,3476
6760,4177
6760,4381
6760,4616
6760,4830
6760,5223
6760,6208
6760,6303
6760,7085
6760,7296
6760,7320
6761,629
6761,1757
6761,1948
6761,2084
6761,2586
6761,2738
6761,4301
6761,5022
6761,7020
6762,646
6762,1553
6762,2188
6762,6415
6763,7
6763,247
6763,441
6763,1306
6763,1471
6763,3315
6763,3371
6763,4126
6763,4265
6763,4598
6763,4639
6763,4644
6763,4648
6763,4897
6763,5147
6763,5600
6763,5755
6764,1670
6764,1861
6764,2180
6764,3164
6764,3187
6764,3562
6764,4702
6764,4897
6764,5688
6764,7457
6765,216
6765,1648
6765,1696
6765,2256
6765,2860
6765,3021
6765,4070
6765,4412
6765,5045
6765,5465
6766,146
6766,1987
6766,2430
6766,4551
6766,4577
6766,4687
6766,4817
6766,5175
6766,6114
6766,6651
6767,982
6767,5867
6767,6130
6768,56
6768,193
6768,887
6768,1072
6768,1869
6768,2190
6768,2219
6768,2597
6768,3852
6768,4332
6768,4852
6768,4997
6768,5020
6768,5298
6768,5656
6768,6515
6768,6612
6768,7051
6768,7287
6768,7316
6769,2170
6769,2215
6769,2772
6769,3131
6769,4067
6769,4320
6769,4541
6769,4543
6769,5251
6769,5301
6769,5556
6769,7147
6769,7585
6769,7600
6770,1619
6770,2213
6770,2425
6770,4109
6770,5676
6770,6308
6770,7039
6770,7067
6770,7370
6770,7635
6771,2147
6771,2717
6771,5409
6771,6793
6772,786
6772,4504
6772,4704
6772,4960
6772,5245
6772,5529
6772,6164
6772,7060
6772,7555
6773,1009
6773,2074
6773,2585
6773,3354
6773,3534
6773,4810
6773,5238
6773,5583
6773,5746
6773,6429
6774,254
6774,1652
6774,2198
6774,2406
6774,3322
6774,3804
6774,6449
6774,7539
6775,259
6775,411
6775,590
6775,1296
6775,1700
6775,1872
6775,3359
6775,4822
6775,6447
6775,6594
6775,7357
6776,2616
6776,4205
6776,4429
6776,4736
6776,4837
6776,5822
6776,7068
6777,1121
6777,1139
6777,1820
6777,1904
6777,2225
6777,5433
6777,5953
6777,6119
6777,6328
6777,6409
6777,6683
6777,6721
6778,2239
6778,3070
6778,3080
6778,3538
6779,1757
6779,3501
6779,4330
6780,4325
6780,5677
6781,368
6781,1398
6781,1605
6781,2580
6781,2699
6781,3055
6781,4364
6781,6934
6782,281
6782,327
6782,1201
6782,1602
6782,2688
6782,2696
6782,6535
6782,6833
6782,7156
6783,862
6783,1961
6783,2996
6783,3716
6783,4440
6783,5483
6783,6341
6783,7038
6784,4956
6784,6852
6784,7020
6784,7035
6785,1810
6786,158
6786,7295
6787,552
6787,593
6787,1254
6787,2198
6787,2592
6787,3363
6787,3796
6787,3951
6787,4380
6787,5518
6787,7280
6787,7311
6787,7337
6787,7395
6788,1622
6788,2468
6788,4123
6788,5270
6788,6288
6788,6488
6788,6508
6789,5836
6790,658
6790,2173
6790,4791
6790,5302
6790,6983
6791,96
6791,730
6791,1533
6791,3231
6791,3601
6791,3755
6791,3788
6791,4896
6791,4923
6791,6428
6791,7011
6792,676
6792,1190
6792,3975
6792,7064
6793,806
6793,909
6793,2090
6793,2103
6793,2635
6793,6164
6793,6771
6793,7272
6793,7555
6794,2441
6794,3177
6794,3311
6794,3758
6794,4830
6794,5231
6794,5623
6794,5704
6795,1020
6795,2497
6795,3437
6795,7155
6796,4993
6796,5419
6796,5884
6796,6355
6797,1440
6798,546
6798,799
6798,1886
6798,1971
6798,3055
6798,4444
6798,6498
6798,7040
6798,7350
6799,3146
6800,593
6800,1744
6800,2123
6800,3221
6801,1592
6801,5641
6801,5816
6802,772
6802,903
6802,1540
6802,1798
6802,3734
6802,4083
6802,4384
6803,2021
6803,2905
6803,3532
6803,4952
6804,1592
6804,1668
6804,2711
6804,3538
6804,3693
6804,3748
6804,3756
6804,7071
6805,1058
6805,2198
6805,2848
6805,3748
6805,4113
6805,4376
6806,182
6806,745
6806,1523
6806,1537
6806,1762
6806,1846
6806,2534
6806,2774
6806,3754
6806,3915
6806,5100
6806,5432
6806,6042
6806,6993
6806,7009
6806,7136
6807,41
6807,175
6807,306
6807,366
6807,513
6807,536
6807,756
6807,764
6807,924
6807,946
6807,1111
6807,1174
6807,1220
6807,1408
6807,1470
6807,1643
6807,1714
6807,1899
6807,1905
6807,1985
6807,2045
6807,2335
6807,2706
6807,2761
6807,2771
6807,2776
6807,2796
6807,2804
6807,2826
6807,2960
6807,2969
6807,3335
6807,3577
6807,3721
6807,3765
6807,3802
6807,3916
6807,4367
6807,4390
6807,4434
6807,4435
6807,4531
6807,4540
6807,5004
6807,5018
6807,5136
6807,5364
6807,5500
6807,5530
6807,5654
6807,5659
6807,5694
6807,5902
6807,5963
6807,6282
6807,6323
6807,6996
6807,7202
6808,1319
6808,4002
6809,437
6809,1085
6809,1200
6809,1451
6809,1547
6809,2597
6809,2851
6809,3679
6809,4018
6809,4370
6809,5579
6809,6248
6809,6326
6809,6456
6809,6903
6809,7185
6810,1478
6810,3898
6810,6802
6811,245
6811,1478
6811,2479
6811,3370
6811,3948
6811,4919
6811,5816
6812,1765
6812,2467
6812,3752
6812,3764
6812,6056
6813,241
6813,1175
6813,1295
6813,2014
6813,2126
6813,2512
6813,3425
6813,3533
6813,3633
6813,3869
6813,4560
6813,5057
6813,5391
6813,6072
6813,6606
6813,7334
6813,7621
6814,1072
6814,4997
6814,5861
6815,162
6815,2198
6815,2751
6815,3022
6815,6411
6815,7222
6816,231
6816,1083
6816,1354
6816,4221
6816,6366
6816,6410
6816,7243
6817,150
6817,193
6817,878
6817,1057
6817,1164
6817,2051
6817,2539
6817,2606
6817,3121
6817,3186
6817,3233
6817,3267
6817,5671
6817,6436
6817,6556
6817,6674
6817,6991
6817,7078
6818,1164
6818,1419
6818,1554
6818,4907
6818,5178
6818,6577
6819,135
6819,1015
6819,1565
6819,1756
6819,2230
6819,2976
6819,3292
6819,3417
6819,4242
6819,4258
6819,4657
6819,5086
6819,5548
6819,5642
6819,5789
6819,6050
6819,6324
6819,6591
6819,7497
6819,7575
6820,1200
6820,2178
6820,2429
6820,3192
6820,3639
6820,3971
6820,4018
6820,4597
6820,6326
6820,6862
6821,1007
6821,1026
6821,2277
6821,2880
6821,3387
6821,4051
6821,5723
6821,6939
6821,6991
6822,95
6822,1390
6822,1726
6822,1901
6822,3040
6822,5869
6822,6747
6823,4258
6823,6432
6824,526
6824,1783
6824,3896
6824,7517
6825,727
6825,3003
6825,6413
6826,102
6826,1393
6826,2721
6826,3668
6826,4432
6826,4437
6826,4690
6826,4841
6826,5159
6826,7168
6826,7495
6827,485
6827,1930
6827,2746
6828,551
6828,803
6828,4141
6828,4406
6828,5146
6828,5346
6828,5420
6828,6001
6828,6078
6828,7344
6828,7468
6829,812
6829,1096
6829,1477
6829,2827
6829,2926
6829,3180
6829,3452
6829,3733
6829,3904
6829,4681
6829,4873
6829,5750
6829,6508
6829,7024
6830,593
6830,2198
6830,2380
6830,3330
6830,4453
6831,1058
6831,1999
6831,7501
6832,2198
6832,4952
6832,5091
6833,635
6833,2403
6833,2937
6833,3144
6833,4568
6833,6455
6833,6883
6834,2904
6834,2988
6834,3385
6834,4116
6834,4805
6834,5063
6835,305
6835,526
6835,2673
6835,4917
6835,6243
6835,6677
6835,7149
6836,2162
6836,2390
6836,3327
6836,5763
6837,1051
6838,1295
6838,1416
6838,1496
6838,1816
6838,2078
6838,3524
6838,4633
6838,4867
6838,7334
6839,2385
6839,2927
6839,2928
6839,4489
6839,5158
6839,5354
6840,2250
6840,3523
6840,3825
6840,5028
6840,7400
6841,1337
6841,2368
6841,5144
6841,5373
6841,5505
6841,5924
6841,6108
6841,6909
6842,328
6842,1037
6842,1122
6842,1759
6842,1983
6842,3305
6842,3597
6842,4496
6842,4758
6842,6212
6842,6391
6842,6552
6842,7407
6843,1592
6843,3252
6843,4376
6843,6492
6844,28
6844,1280
6844,5114
6844,6170
6844,6600
6845,30
6845,660
6845,988
6845,1068
6845,1625
6845,2218
6845,3343
6845,4362
6845,4533
6845,5417
6845,5671
6845,6209
6845,6225
6845,6293
6845,6337
6845,7360
6846,1342
6846,2466
6847,94
6847,1152
6847,1671
6847,2571
6847,2645
6847,2650
6847,3074
6847,3445
6847,5148
6847,5488
6847,6149
6847,7527
6848,2377
6848,2392
6848,2886
6848,4578
6848,4710
6848,4919
6848,7572
6849,1538
6849,2575
6849,4578
6849,6669
6849,6754
6850,89
6850,374
6850,1663
6850,2868
6850,5234
6850,6100
6850,6414
6850,7607
6851,1036
6851,1246
6851,2222
6851,2612
6851,3026
6851,4362
6851,5417
6851,6209
6851,6298
6851,6358
6851,6719
6851,6868
6852,167
6852,526
6852,1034
6852,1417
6852,2250
6852,2740
6852,3152
6852,3224
6852,3278
6852,3326
6852,3578
6852,3916
6852,4854
6852,4900
6852,4958
6852,5001
6852,5114
6852,5364
6852,5615
6852,6761
6852,7293
6852,7589
6853,1694
6853,2472
6853,3797
6853,5102
6853,6858
6853,7515
6853,7645
6854,1098
6854,1975
6854,2239
6854,3277
6854,3532
6854,4154
6854,6447
6854,7072
6854,7395
6855,783
6855,1326
6855,3143
6855,5581
6855,7198
6856,430
6856,864
6856,3595
6856,3793
6856,4862
6856,4973
6856,5777
6857,1235
6857,1755
6857,3728
6857,5792
6857,6141
6857,6471
6857,7242
6858,1865
6858,2503
6858,3088
6858,4052
6858,4298
6858,4575
6858,4901
6858,5319
6858,6218
6858,6853
6858,7027
6858,7515
6859,4810
6860,773
6860,2647
6860,3041
6860,3375
6860,5184
6860,6290
6861,523
6861,525
6861,548
6861,6142
6861,6721
6861,7414
6862,437
6862,1085
6862,1135
6862,1200
6862,1257
6862,1793
6862,1848
6862,2351
6862,3033
6862,3537
6862,3696
6862,3921
6862,4134
6862,5805
6862,5850
6862,6080
6862,6167
6862,6326
6862,7089
6862,7439
6863,452
6863,792
6863,1571
6863,2276
6863,2716
6863,3522
6863,3943
6863,4011
6863,4166
6863,4550
6863,4998
6863,5149
6863,5196
6863,5246
6863,5967
6863,6697
6864,1225
6864,1520
6864,2363
6864,3295
6864,3492
6864,3567
6864,3637
6864,5213
6864,5524
6864,6172
6864,6305
6864,6960
6865,338
6865,1742
6865,1799
6865,2139
6865,2369
6865,2503
6865,3019
6865,4099
6865,4224
6865,4675
6865,4965
6865,4981
6865,5102
6865,5113
6865,5319
6865,5426
6865,5565
6865,5655
6865,5954
6865,6734
6865,7027
6865,7554
6866,593
6866,906
6866,3353
6866,4176
6866,4641
6866,6702
6867,246
6867,2505
6867,3557
6867,4164
6867,4725
6867,5132
6868,846
6868,1036
6868,1118
6868,1246
6868,1669
6868,2222
6868,2739
6868,3014
6868,3913
6868,4320
6868,4908
6868,5743
6868,6619
6868,6851
6868,7375
6869,1314
6869,1356
6869,1574
6869,3067
6869,3877
6869,4063
6869,4437
6869,4690
6869,5159
6869,5767
6869,7123
6869,7183
6870,2251
6870,4379
6870,5107
6871,697
6871,935
6871,1213
6871,3738
6871,4639
6871,4640
6871,4648
6871,5147
6871,5236
6871,5274
6871,5727
6872,1493
6872,2122
6872,2856
6872,3246
6872,4707
6872,5641
6872,6547
6872,7240
6873,615
6873,788
6873,1438
6873,1537
6873,1824
6873,5586
6874,519
6874,763
6874,1244
6874,1656
6874,1845
6874,1914
6874,3997
6874,4673
6874,5627
6875,3200
6875,5548
6875,5905
6875,6285
6876,349
6876,1334
6876,1827
6876,1881
6876,3102
6876,3749
6876,5110
6876,5852
6876,7513
6877,1058
6877,1959
6877,4376
6877,5369
6877,5552
6877,5976
6877,7289
6877,7369
6878,40
6878,161
6878,393
6878,456
6878,1185
6878,2011
6878,2586
6878,2738
6878,3339
6878,4626
6878,5081
6878,6452
6879,499
6879,1084
6879,1761
6879,2265
6879,3134
6879,3920
6880,1210
6880,3152
6880,3548
6880,3578
6880,5116
6880,5234
6880,5404
6880,5804
6880,6219
6880,7467
6881,749
6881,1648
6881,4960
6881,5512
6882,1798
6882,1993
6882,4157
6882,5881
6882,6702
6882,7428
6883,416
6883,624
6883,1208
6883,1229
6883,1349
6883,1590
6883,2203
6883,2716
6883,3301
6883,3505
6883,3522
6883,4139
6883,5021
6883,5233
6883,5246
6883,5353
6883,5590
6883,5712
6883,6659
6883,6949
6883,7301
6884,595
6884,4800
6884,5053
6884,7133
6884,7291
6885,1008
6885,1235
6885,1530
6885,2464
6885,3977
6886,160
6886,2872
6886,3792
6886,5458
6886,6433
6886,6460
6886,6516
6887,377
6887,383
6887,1513
6887,1708
6887,2336
6887,2689
6887,2801
6887,3439
6887,3627
6887,3854
6887,4306
6887,4421
6887,4578
6887,4682
6887,4755
6887,4928
6887,5105
6887,5311
6887,5381
6887,5966
6887,6156
6887,6800
6887,7280
6887,7540
6888,668
6888,3145
6888,3227
6888,4922
6888,5456
6889,240
6889,1293
6889,2198
6889,6774
6889,7085
6890,377
6890,449
6890,1444
6890,1492
6890,1561
6890,2510
6890,3910
6890,5199
6890,7289
6890,7572
6891,645
6891,1213
6891,1564
6891,3345
6891,3738
6891,4780
6891,5599
6891,5846
6891,6213
6891,6763
6891,7056
6892,69
6892,1069
6892,1368
6892,1798
6892,3456
6892,4806
6892,5139
6892,5258
6893,535
6893,4932
6894,399
6894,433
6894,853
6894,991
6894,1053
6894,1306
6894,3843
6894,5161
6894,5915
6894,6687
6895,2106
6895,2913
6895,6702
6896,764
6896,994
6896,1560
6896,3956
6896,4577
6896,4817
6896,5226
6896,5338
6896,6048
6897,386
6897,413
6897,1260
6897,2922
6897,2988
6897,4718
6897,4834
6897,5424
6897,6332
6897,6365
6897,6655
6897,6661
6898,295
6898,1064
6898,1486
6898,2257
6898,5993
6899,932
6899,2399
6899,3572
6899,4924
6900,1277
6900,2286
6900,2447
6900,3197
6900,3856
6900,4435
6900,5902
6900,6807
6901,1479
6901,2145
6901,2454
6901,3990
6901,4154
6901,4569
6901,6276
6901,6588
6901,6898
6902,25
6902,702
6902,3699
6902,3899
6902,4686
6902,5964
6902,6940
6903,608
6903,798
6903,1451
6903,1793
6903,2942
6903,4079
6903,4401
6903,6080
6903,6285
6903,6809
6904,1563
6904,2198
6904,2239
6904,2529
6904,6702
6904,7452
6905,190
6905,2810
6905,3485
6905,3599
6905,4488
6905,4750
6905,5494
6905,7057
6905,7253
6905,7419
6906,1067
6906,2521
6906,2671
6906,3895
6906,3958
6906,4184
6906,4369
6906,4658
6906,4806
6906,6537
6907,169
6907,1684
6907,1899
6907,3748
6907,4538
6907,4630
6907,4641
6907,4669
6907,4816
6907,5415
6907,5493
6907,6215
6907,6409
6907,7203
6908,381
6908,621
6908,1159
6908,1230
6908,2515
6908,2705
6908,2810
6908,2880
6908,5076
6908,6356
6908,7200
6908,7253
6909,5
6909,321
6909,600
6909,712
6909,808
6909,1539
6909,1601
6909,1780
6909,2059
6909,2093
6909,2232
6909,2567
6909,2624
6909,2632
6909,2903
6909,2904
6909,2987
6909,3050
6909,3134
6909,3339
6909,3539
6909,3587
6909,3725
6909,4050
6909,4069
6909,4442
6909,4502
6909,4579
6909,4596
6909,4609
6909,5063
6909,5170
6909,5295
6909,5384
6909,5428
6909,5594
6909,5851
6909,6036
6909,6388
6909,6412
6909,6430
6909,6458
6909,6538
6909,6732
6909,6824
6909,6834
6909,6872
6909,7187
6909,7517
6910,2422
6910,5802
6910,7190
6910,7442
6911,1183
6911,1650
6911,2863
6911,5132
6911,6178
6911,6572
6912,6178
6912,7455
6913,972
6913,2281
6913,3815
6913,4300
6913,4666
6913,4739
6913,5497
6913,5512
6913,6104
6913,7255
6914,88
6914,301
6914,2863
6914,3358
6914,4040
6915,1177
6915,1593
6915,4993
6915,6145
6915,7343
6916,65
6916,600
6916,613
6916,631
6916,2041
6916,2316
6916,3457
6916,3956
6916,4115
6916,6569
6916,7077
6916,7250
6917,352
6917,533
6917,1418
6917,2047
6917,4217
6917,7276
6918,78
6918,3416
6918,4965
6918,5005
6918,5113
6918,5416
6918,5831
6918,6018
6918,6865
6918,7554
6919,1742
6919,1799
6919,3088
6919,3940
6919,4981
6919,5831
6919,7515
6920,1521
6920,1860
6920,1922
6920,2059
6920,2673
6920,3520
6920,3781
6920,4050
6920,5926
6920,6059
6920,6118
6920,6427
6920,6966
6920,7445
6921,89
6921,369
6922,559
6922,643
6922,1465
6922,2231
6922,2798
6922,3985
6922,5062
6922,5312
6922,7354
6923,622
6923,1796
6923,2689
6923,5903
6924,74
6924,618
6924,1529
6924,1858
6924,2012
6924,2383
6924,2491
6924,2853
6924,4047
6924,4761
6924,5718
6924,5920
6924,5935
6924,5972
6924,6222
6924,7015
6924,7218
6924,7324
6925,268
6925,577
6925,2769
6926,21
6926,44
6926,1571
6926,1715
6926,2353
6926,4331
6926,5388
6926,7571
6927,1490
6927,2061
6927,3067
6927,3660
6927,5570
6927,6950
6928,2182
6928,6153
6928,6231
6928,6635
6929,4685
6929,5484
6929,7467
6930,622
6930,2115
6930,3185
6930,3578
6930,5679
6930,5979
6931,850
6931,5849
6932,68
6932,238
6932,396
6932,451
6932,2466
6932,3522
6932,4119
6932,4765
6932,5021
6932,5149
6932,5389
6932,6498
6932,6697
6932,7301
6933,1958
6933,2021
6933,2921
6933,3672
6933,3748
6933,4164
6933,4535
6933,5707
6933,5816
6933,7464
6934,368
6934,2459
6934,4036
6934,4364
6934,4929
6934,4955
6934,6781
6935,729
6935,1021
6935,1256
6935,1737
6935,3412
6935,5815
6935,6138
6935,6993
6935,7285
6936,346
6936,735
6936,766
6936,1210
6936,1293
6936,1784
6936,2745
6936,3659
6936,4845
6936,6971
6936,7071
6937,2528
6937,3231
6937,3431
6937,3494
6937,6094
6937,6550
6937,6635
6938,1208
6938,1605
6938,1968
6938,2846
6938,3943
6938,4132
6938,5246
6938,5766
6938,6011
6939,6821
6939,7175
6940,702
6940,949
6940,2787
6940,3325
6940,3899
6940,4686
6940,6902
6941,1280
6941,1674
6941,1924
6941,5200
6941,6241
6941,7377
6942,2239
6942,3687
6942,4832
6942,6264
6942,6325
6943,348
6943,416
6943,1971
6943,2278
6943,2578
6943,2580
6943,2692
6943,2858
6943,4547
6943,4998
6943,5149
6943,6498
6944,913
6945,835
6945,1042
6945,1145
6945,1546
6945,2170
6945,4371
6945,4376
6945,4805
6945,6486
6946,769
6946,2000
6946,2390
6946,4219
6946,4308
6946,4507
6946,6719
6946,7548
6947,2438
6947,3966
6947,4173
6947,4294
6947,4301
6947,6015
6947,7510
6948,315
6948,409
6948,730
6948,1533
6948,1920
6948,3885
6948,4950
6948,6401
6948,6550
6949,823
6949,2841
6949,2858
6949,3505
6949,4119
6949,5233
6949,7567
6950,102
6950,1490
6950,2061
6950,3067
6950,6927
6951,606
6951,2901
6951,3073
6951,3698
6951,4168
6951,7296
6952,3
6952,898
6952,1047
6952,1415
6952,1655
6952,1665
6952,1667
6952,1884
6952,2170
6952,2441
6952,2660
6952,2736
6952,2772
6952,3334
6952,3538
6952,4525
6952,4570
6952,5296
6952,5651
6952,5832
6952,5976
6952,6067
6952,6131
6952,6843
6952,6990
6952,7163
6952,7277
6952,7519
6953,319
6953,1467
6953,3683
6954,754
6954,784
6954,1414
6954,1631
6954,1655
6954,1862
6954,2155
6954,3240
6954,3521
6954,4466
6954,4543
6954,4670
6954,4830
6954,7084
6954,7416
6954,7585
6955,908
6955,1358
6955,1550
6955,2094
6955,4769
6956,786
6956,1504
6956,1751
6956,2557
6956,4819
6956,7470
6957,1416
6957,1450
6957,2477
6957,5596
6957,5802
6958,1472
6958,2198
6958,5340
6959,1058
6959,3177
6959,3698
6959,6613
6960,2066
6960,2356
6960,3404
6960,4747
6960,4967
6960,5213
6960,6110
6960,7000
6960,7262
6960,7518
6961,789
6961,1862
6961,2143
6961,3018
6961,3177
6961,3311
6961,3748
6961,4269
6961,4376
6961,4406
6961,6242
6961,6892
6961,7067
6961,7572
6963,1025
6963,4204
6963,4444
6963,6498
6965,38
6965,453
6965,1157
6965,1309
6965,1811
6965,2326
6965,2508
6965,2860
6965,3220
6965,4938
6965,4960
6965,5250
6965,5436
6965,6670
6966,266
6966,1296
6966,1624
6966,2215
6966,2392
6966,2729
6966,6412
6966,6427
6966,7269
6967,585
6967,846
6967,1252
6967,1359
6967,2228
6967,2303
6967,2719
6967,2741
6967,3631
6967,3911
6967,4555
6967,4908
6967,5014
6967,6328
6967,6358
6967,6575
6968,1206
6968,1997
6968,2239
6968,3768
6968,4578
6968,4816
6968,5132
6968,5404
6968,6847
6968,7085
6968,7464
6969,263
6970,394
6970,1952
6970,1955
6970,3168
6970,3281
6970,3662
6970,5521
6970,5723
6970,7160
6970,7594
6971,89
6971,304
6971,552
6971,593
6971,735
6971,814
6971,1058
6971,1170
6971,1453
6971,2671
6971,3456
6971,4184
6971,4384
6971,5243
6971,7085
6972,1622
6972,1889
6972,2176
6972,3737
6972,4411
6972,4487
6972,7361
6973,3626
6974,158
6974,4447
6975,1061
6975,2064
6975,2285
6975,4143
6975,4925
6975,6194
6975,6347
6975,6718
6976,835
6976,2425
6976,3578
6976,5213
6976,7587
6977,1968
6977,2501
6977,2699
6977,3694
6977,3790
6977,4597
6977,4652
6977,6781
6978,1517
6978,1538
6978,4538
6978,5488
6978,7413
6979,404
6979,508
6979,664
6979,3191
6979,4291
6979,6591
6979,7421
6979,7450
6979,7620
6980,3480
6980,3839
6980,4503
6980,4863
6980,5981
6981,85
6981,283
6981,479
6981,1453
6981,1798
6981,2392
6981,2587
6981,3762
6981,3895
6981,7572
6982,2695
6983,522
6983,739
6983,1194
6983,2871
6983,3294
6983,4912
6983,5932
6983,6790
6983,7276
6983,7534
6983,7601
6984,85
6984,973
6984,1293
6984,2215
6984,5952
6984,6303
6984,7296
6985,1102
6985,1249
6985,3808
6985,4983
6985,5881
6986,1032
6986,1688
6986,3014
6986,5501
6986,5986
6987,2127
6987,2863
6988,355
6988,1149
6988,2874
6988,3147
6988,3511
6988,4202
6988,4322
6988,4796
6988,5803
6988,6144
6988,7108
6989,593
6989,924
6989,1058
6989,2198
6989,3183
6989,4376
6990,99
6990,1210
6990,1899
6990,2198
6990,3704
6990,4919
6990,5037
6990,5937
6990,6024
6991,1068
6991,1107
6991,1443
6991,2646
6991,3354
6991,4533
6991,5466
6991,5583
6991,7019
6992,766
6992,2013
6992,3510
6992,4164
6992,5015
6992,5722
6992,6702
6992,6920
6992,7401
6993,656
6993,1247
6993,4849
6993,5140
6993,5439
6993,5697
6993,5867
6993,7052
6993,7065
6993,7275
6994,202
6994,214
6994,784
6994,993
6994,1134
6994,2253
6994,2935
6994,5559
6994,7003
6995,1180
6995,1699
6995,6346
6995,6869
6995,7183
6996,28
6996,485
6996,5209
6996,6807
6996,7526
6997,1717
6997,2006
6997,2114
6997,2324
6997,2622
6997,2681
6997,2754
6997,2925
6997,3036
6997,3065
6997,3356
6997,3528
6997,3588
6997,4256
6997,4728
6997,6502
6997,7566
6998,941
6998,2505
6998,2785
6998,3227
6998,3343
6998,4810
6998,4994
6999,4172
6999,6283
7000,203
7000,215
7000,990
7000,1568
7000,2363
7000,4227
7001,783
7001,1824
7001,3143
7001,4075
7001,6130
7002,368
7002,1890
7002,2580
7002,2942
7002,3390
7002,3505
7002,3519
7002,3694
7002,4547
7002,5477
7002,5481
7002,6080
7002,6543
7002,6862
7002,7425
7003,124
7003,593
7003,632
7003,689
7003,869
7003,1093
7003,1481
7003,1491
7003,1570
7003,1631
7003,1763
7003,1918
7003,2107
7003,2336
7003,2521
7003,2634
7003,3446
7003,3718
7003,3748
7003,4536
7003,4592
7003,4662
7003,4816
7003,5084
7003,5328
7003,5945
7003,5955
7003,6315
7003,6354
7003,6400
7003,6936
7003,7319
7003,7578
7004,546
7004,586
7004,1199
7004,1553
7004,1971
7004,2524
7004,2580
7004,3770
7004,4119
7004,4752
7004,4783
7004,7066
7005,308
7005,1069
7005,1418
7005,1426
7005,3203
7005,3578
7005,6098
7005,6211
7005,7467
7006,326
7006,683
7006,1252
7006,1716
7006,1733
7006,2002
7006,2673
7006,3506
7006,6412
7006,6909
7006,7569
7007,2257
7007,4049
7007,4062
7007,4186
7007,4692
7007,4716
7007,4876
7007,4982
7007,7445
7008,1453
7008,1925
7008,4080
7008,4257
7008,4384
7008,7320
7009,656
7009,709
7009,884
7009,982
7009,1721
7009,1909
7009,4925
7009,6042
7009,6090
7009,6712
7009,7141
7010,192
7010,593
7010,1663
7010,1738
7010,1899
7010,2432
7010,3050
7010,4376
7010,4680
7010,5070
7010,6707
7011,1410
7011,1638
7011,1676
7011,1823
7011,2140
7012,679
7012,4411
7012,4459
7012,4485
7012,4663
7012,6488
7012,7598
7013,1648
7013,1969
7013,2114
7013,2260
7013,2324
7013,3090
7013,3371
7013,4728
7013,4960
7013,5497
7014,478
7014,1389
7014,1734
7014,2324
7014,2446
7014,2861
7014,4256
7014,6648
7015,398
7015,2873
7015,3211
7015,3479
7015,6311
7016,1529
7016,2259
7016,5270
7016,6488
7016,6508
7016,7444
7016,7502
7016,7531
7017,593
7017,1357
7017,3750
7017,4376
7018,1414
7018,1575
7018,1695
7018,3114
7018,3223
7018,3578
7018,3895
7018,4670
7019,1338
7019,1463
7019,1534
7019,1674
7019,2315
7019,2607
7019,3038
7019,3327
7019,3633
7019,3746
7019,4195
7019,6005
7020,72
7020,1034
7020,1585
7020,2084
7020,5674
7020,6176
7020,6210
7020,7035
7021,366
7021,622
7021,1659
7021,2376
7021,4895
7021,5385
7021,6152
7021,7042
7021,7337
7021,7440
7021,7511
7022,1343
7022,1546
7022,1794
7022,2524
7022,2576
7022,3866
7022,3871
7022,6211
7022,7029
7023,593
7023,1421
7023,1796
7023,4787
7023,4806
7023,6492
7024,653
7024,1086
7024,1223
7024,4475
7024,4663
7024,6106
7024,6567
7024,6829
7024,7598
7025,3957
7025,4852
7025,5026
7025,5047
7025,5603
7025,7145
7026,385
7026,827
7026,1123
7026,2272
7026,2968
7026,3661
7026,5057
7026,5326
7027,399
7027,2050
7027,2472
7027,3130
7027,3730
7027,3797
7027,4224
7027,5569
7027,6858
7027,6865
7028,792
7028,1033
7028,1114
7028,1542
7028,1571
7028,1576
7028,1602
7028,4036
7028,4139
7028,4844
7028,5246
7028,5766
7028,6863
7028,6883
7029,501
7029,1014
7029,1120
7029,1966
7029,2427
7029,3784
7029,4185
7029,4358
7029,5150
7029,6211
7029,7022
7030,1166
7030,1503
7030,2319
7030,2347
7030,4089
7030,5035
7030,5713
7030,7217
7031,362
7031,2473
7031,2924
7031,3219
7031,4061
7032,217
7032,248
7032,456
7032,474
7032,680
7032,1098
7032,1215
7032,1389
7032,2062
7032,2588
7032,3643
7032,4067
7032,4186
7032,5396
7032,5530
7032,6210
7032,6563
7032,6901
7032,7035
7032,7359
7033,481
7033,855
7033,1622
7033,1892
7033,3584
7033,4459
7033,4886
7033,5038
7034,361
7034,2433
7034,2492
7034,2769
7034,3191
7034,6324
7034,6469
7034,7132
7034,7475
7034,7575
7034,7647
7035,456
7035,512
7035,1613
7035,1767
7035,3164
7035,4940
7035,4958
7035,5628
7035,6079
7035,6784
7036,61
7036,400
7036,1684
7036,1875
7036,3632
7036,3782
7036,4778
7036,5782
7036,6253
7036,6468
7036,6985
7036,7209
7036,7289
7037,2788
7037,3900
7037,4088
7037,4993
7037,6423
7037,7530
7037,7631
7038,3369
7038,3716
7038,3802
7038,5483
7038,6783
7039,707
7039,769
7039,1239
7039,1252
7039,2068
7039,2741
7039,3911
7039,4555
7039,6198
7039,6719
7039,7153
7040,3055
7040,4204
7040,4481
7040,7301
7040,7466
7041,6120
7041,6583
7041,7205
7041,7622
7042,105
7042,2198
7042,3295
7042,3856
7042,5734
7043,1630
7043,2389
7043,3597
7043,3815
7043,4539
7043,5588
7043,6679
7043,7144
7043,7566
7043,7630
7043,7648
7044,1058
7044,1513
7044,2571
7044,2711
7044,4023
7044,4158
7044,4384
7044,6843
7044,7166
7044,7582
7045,2214
7045,3351
7045,3865
7045,3982
7045,5101
7045,6244
7045,6328
7045,6536
7046,1210
7046,1368
7046,1996
7046,3895
7046,4155
7046,5251
7046,5258
7046,5855
7046,7520
7046,7582
7047,571
7047,669
7047,833
7047,2363
7047,7459
7048,456
7048,4116
7048,7244
7049,244
7049,790
7049,3175
7049,4209
7049,6169
7049,6307
7049,7112
7049,7532
7049,7620
7050,3829
7050,5701
7050,6612
7050,7316
7051,3094
7051,4058
7051,5582
7051,6686
7052,3258
7052,4937
7052,6130
7052,6993
7053,6192
7053,6435
7054,728
7054,1258
7054,2372
7054,3216
7054,3617
7054,3695
7054,4223
7054,4519
7054,5179
7054,6434
7054,7114
7055,520
7055,778
7055,2517
7055,6262
7055,6396
7056,4363
7056,6871
7057,134
7057,190
7057,2545
7057,4617
7057,4750
7057,5494
7057,5564
7057,6908
7057,7078
7057,7419
7057,7529
7059,593
7059,1798
7059,2198
7059,5881
7059,7395
7060,442
7060,882
7060,1867
7060,2260
7060,2717
7060,4619
7060,6552
7060,6772
7060,6842
7060,7255
7061,275
7061,1969
7061,2260
7061,2622
7061,3272
7061,3324
7061,5448
7061,6212
7061,6519
7062,4193
7063,503
7063,691
7063,1756
7063,1812
7063,2473
7063,2994
7063,3222
7063,3425
7063,3463
7063,3642
7063,6698
7063,7367
7064,734
7064,1117
7064,3142
7064,4014
7064,6169
7064,6504
7064,6792
7065,595
7065,741
7065,1824
7065,2064
7065,3759
7065,5283
7065,5444
7065,6653
7065,6993
7065,7271
7066,2495
7066,2846
7066,3781
7066,5101
7066,5149
7066,6314
7066,6883
7067,62
7067,185
7067,372
7067,450
7067,718
7067,1278
7067,1430
7067,1589
7067,2009
7067,2058
7067,2171
7067,2405
7067,2522
7067,2577
7067,3406
7067,3503
7067,3994
7067,4006
7067,4097
7067,4315
7067,4333
7067,4343
7067,4349
7067,4722
7067,5171
7067,5223
7067,5388
7067,5508
7067,5785
7067,6437
7067,6439
7067,6507
7067,6538
7067,6770
7067,6961
7067,7278
7067,7443
7067,7486
7068,180
7068,560
7068,2077
7068,4019
7068,4699
7068,6776
7070,484
7070,593
7070,951
7070,2115
7070,2198
7070,2334
7070,3748
7070,4164
7070,4816
7070,5468
7070,5816
7070,7091
7070,7568
7071,258
7071,717
7071,726
7071,795
7071,800
7071,869
7071,1330
7071,1540
7071,1847
7071,2115
7071,2476
7071,2661
7071,2711
7071,2866
7071,2938
7071,3132
7071,4210
7071,4392
7071,4845
7071,5220
7071,5937
7071,6551
7071,6701
7071,6707
7071,6804
7071,7046
7071,7231
7071,7353
7071,7568
7072,92
7072,1975
7072,2415
7072,2663
7072,2831
7072,3698
7072,4033
7072,5111
7072,5452
7073,570
7073,1360
7073,1428
7073,1696
7073,2849
7073,3346
7073,3722
7073,3830
7073,4070
7073,4412
7073,4496
7073,5045
7073,5069
7073,6363
7073,6532
7073,6842
7073,7086
7074,1393
7074,1699
7074,3148
7074,3841
7074,5407
7074,5919
7074,6346
7074,7168
7075,937
7075,2037
7075,2357
7075,3392
7075,3820
7075,4441
7075,7566
7076,264
7076,1192
7076,4862
7076,5700
7077,521
7077,1058
7077,1733
7077,2122
7077,2279
7077,2404
7077,3270
7077,3559
7077,4502
7077,4593
7077,5648
7077,7006
7078,333
7078,1870
7078,2411
7078,2810
7078,3740
7078,5814
7078,6356
7078,7200
7078,7253
7079,1798
7079,1826
7079,5234
7079,6707
7079,7603
7079,7612
7080,620
7080,3845
7080,5107
7080,5361
7081,239
7081,270
7081,691
7081,880
7081,887
7081,2492
7081,2742
7081,4020
7081,5134
7081,5514
7081,6025
7081,6089
7081,6515
7081,7261
7081,7367
7082,1547
7082,1839
7082,3033
7082,3414
7082,3537
7082,4401
7082,6080
7082,6285
7082,6727
7083,1144
7083,1201
7083,2936
7083,4132
7083,5353
7083,6455
7083,6833
7084,934
7084,2208
7084,2314
7084,2355
7084,3855
7084,4094
7084,6954
7085,599
7085,1113
7085,1268
7085,1918
7085,3079
7085,3334
7085,3363
7085,3377
7085,3659
7085,5015
7085,5538
7085,6076
7085,6597
7085,6971
7086,570
7086,1531
7086,2187
7086,2754
7086,3326
7086,4375
7086,4412
7086,5882
7086,6250
7086,7614
7087,87
7087,159
7087,429
7087,523
7087,1436
7087,1512
7087,1596
7087,2542
7087,2864
7087,2902
7087,2997
7087,3176
7087,3240
7087,3618
7087,4461
7087,4462
7087,5550
7087,5835
7087,6079
7087,6302
7087,7267
7087,7583
7088,660
7088,1497
7088,2631
7088,2986
7088,4542
7088,5044
7088,7087
7089,1200
7089,3971
7089,4134
7089,4929
7089,6742
7089,6809
7089,7199
7089,7439
7090,1382
7090,2206
7090,2215
7090,3049
7090,5888
7090,6673
7090,7096
7090,7250
7091,42
7091,2107
7091,2115
7091,4091
7091,5070
7091,7166
7091,7369
7092,1306
7092,2180
7092,3843
7092,4126
7092,5395
7093,3125
7093,3559
7093,3827
7093,4653
7093,7131
7093,7325
7094,9
7094,796
7094,1435
7094,2378
7094,2707
7094,3365
7094,3418
7094,5192
7094,5486
7094,5625
7094,6555
7094,6955
7094,7393
7095,52
7095,3967
7095,7611
7096,446
7096,1058
7096,1753
7096,1999
7096,3693
7096,4067
7096,4785
7096,4805
7096,5286
7096,5455
7096,6140
7096,7550
7097,1429
7097,3251
7097,4156
7097,4352
7097,4771
7098,1354
7098,1410
7098,2877
7098,2951
7098,3084
7098,3361
7098,5297
7099,2713
7099,4882
7099,7223
7101,1058
7101,1284
7101,2033
7101,2215
7101,2679
7101,3183
7101,3948
7101,6760
7101,7067
7101,7269
7101,7612
7102,75
7102,1478
7102,1722
7102,2143
7102,3950
7102,5111
7102,5452
7102,6026
7102,7072
7103,1668
7103,1874
7103,3185
7103,5937
7103,6315
7103,7352
7103,7428
7104,89
7104,124
7104,479
7104,1738
7104,2313
7104,3277
7104,4499
7104,4952
7104,6039
7104,7465
7105,1663
7105,3049
7105,4080
7105,4347
7105,6039
7106,835
7106,1974
7106,3433
7106,3578
7106,3886
7106,5052
7106,5234
7107,1610
7107,2277
7107,4282
7107,5177
7107,5630
7107,6178
7107,7371
7107,7389
7108,1262
7108,1445
7108,1740
7108,2168
7108,3147
7108,3214
7108,3486
7108,4005
7108,4512
7108,4611
7108,6113
7108,6402
7108,6524
7108,6988
7109,1026
7109,1275
7109,2277
7109,4234
7109,5177
7109,6061
7109,6178
7109,7107
7109,7455
7110,481
7110,688
7110,1223
7110,1292
7110,1365
7110,2805
7110,4151
7110,4353
7110,4411
7110,4914
7110,5270
7110,6625
7112,364
7112,524
7112,1263
7112,1279
7112,1748
7112,3219
7112,4106
7112,4283
7112,4305
7112,4994
7112,5115
7112,5965
7112,6246
7112,6307
7112,6501
7112,7145
7112,7639
7113,922
7113,1568
7113,2589
7113,2917
7113,5435
7113,6470
7113,7130
7114,226
7114,258
7114,3359
7114,3532
7114,5816
7114,6297
7114,6646
7114,6704
7114,6707
7115,1141
7115,2862
7115,3075
7115,4124
7115,6394
7116,34
7116,2253
7116,4595
7116,5112
7116,7448
7117,239
7117,302
7117,2876
7117,4020
7117,5106
7117,6031
7118,174
7118,537
7118,1685
7118,1827
7118,1969
7118,2281
7118,2387
7118,2768
7118,4300
7118,4566
7118,6091
7119,419
7119,899
7119,1236
7119,1591
7119,2095
7119,2871
7119,3241
7119,4828
7119,5302
7119,5568
7119,5595
7119,7398
7120,44
7120,891
7120,1142
7120,1516
7120,4699
7121,629
7121,2257
7121,3895
7121,4982
7121,5936
7121,5993
7122,850
7122,1648
7122,1743
7122,2508
7122,2754
7122,2975
7122,4960
7122,6357
7122,6679
7123,1180
7123,1699
7123,4898
7123,5323
7123,6053
7123,6869
7123,7168
7123,7549
7124,541
7124,1867
7124,2327
7124,3167
7124,3371
7124,3815
7124,4264
7124,5668
7124,6520
7124,6603
7124,7255
7125,2625
7125,3052
7125,3466
7125,3480
7125,4805
7125,5664
7125,5786
7125,7142
7125,7481
7125,7587
7126,550
7126,2109
7126,3788
7126,4144
7126,4727
7126,4950
7126,6561
7127,920
7127,2198
7127,4458
7127,6406
7128,1
7128,40
7128,721
7128,856
7128,881
7128,2611
7128,2955
7129,630
7129,1503
7129,1946
7129,2077
7129,3437
7129,4239
7129,5616
7129,5950
7130,196
7130,628
7130,1084
7130,1761
7130,2376
7130,2650
7130,2920
7130,2945
7130,3510
7130,3962
7130,3964
7130,3991
7130,4593
7130,4917
7130,5064
7130,5115
7130,5240
7130,5544
7130,6512
7130,7000
7130,7312
7131,1922
7131,2903
7131,2948
7131,3125
7131,3190
7131,4917
7131,5650
7131,6026
7131,6296
7131,7093
7131,7102
7131,7345
7132,577
7132,1429
7132,1998
7132,2025
7132,2367
7132,3208
7132,4664
7132,4878
7132,4939
7132,5322
7132,5991
7133,708
7133,1177
7133,2792
7133,4287
7133,5053
7133,5867
7133,6130
7133,6884
7134,73
7134,1495
7134,1910
7134,4422
7134,4724
7134,6422
7134,6624
7135,526
7135,3964
7135,6388
7136,1446
7136,1502
7136,1804
7136,2148
7136,3656
7136,4146
7136,5169
7136,6376
7136,6652
7136,6806
7137,28
7137,305
7137,513
7137,1280
7137,4367
7138,1207
7138,1890
7138,2069
7138,2466
7138,2942
7138,4079
7138,4339
7138,5621
7138,6150
7138,6543
7138,7002
7138,7185
7138,7199
7139,258
7139,1350
7139,2795
7139,5404
7140,277
7140,1704
7141,59
7141,932
7141,1841
7141,2318
7141,3879
7141,5429
7141,6622
7141,7460
7142,1343
7142,1795
7142,1979
7142,3381
7142,3578
7142,4503
7142,4790
7142,5943
7142,7125
7142,7466
7143,123
7143,1796
7143,7090
7143,7252
7144,1531
7144,2132
7144,2324
7144,2622
7144,2754
7144,3597
7144,4741
7144,5448
7144,7470
7145,195
7145,1629
7145,2473
7145,2492
7145,2680
7145,3046
7145,3107
7145,3642
7145,3823
7145,4068
7145,4804
7146,2708
7146,4440
7146,7528
7147,1370
7147,2243
7147,2487
7147,2881
7147,2911
7147,2974
7147,3114
7147,3784
7147,4216
7147,4233
7147,4787
7147,4919
7147,5132
7147,5304
7147,5714
7147,5917
7147,6228
7147,6400
7148,1033
7148,1300
7148,1366
7148,2203
7148,2642
7148,2936
7148,3917
7148,4132
7148,4481
7148,4550
7148,6292
7148,6498
7148,7083
7148,7571
7149,5
7149,8
7149,49
7149,382
7149,1922
7149,1967
7149,3404
7149,3821
7149,3827
7149,4692
7149,4893
7149,6243
7149,6835
7149,7624
7150,359
7150,659
7150,1698
7150,2410
7150,2866
7150,3538
7150,3547
7150,4402
7150,5797
7150,6566
7151,194
7151,766
7151,1546
7151,3203
7151,4670
7151,4743
7151,5287
7152,1473
7152,2002
7152,2403
7152,3510
7152,4119
7152,5645
7152,6158
7153,246
7153,1246
7153,1297
7153,2000
7153,3531
7153,3712
7153,3911
7153,4549
7153,4725
7153,5301
7153,6030
7153,6263
7153,7191
7153,7412
7154,2509
7154,3578
7154,4194
7154,6700
7155,1181
7155,1816
7155,2293
7155,2606
7155,4150
7155,4656
7155,5725
7155,6795
7156,234
7156,1201
7157,315
7157,1772
7157,3997
7157,4208
7157,4923
7157,6111
7157,6623
7158,1934
7158,2254
7159,2881
7159,4768
7159,4805
7160,1320
7160,1674
7160,1955
7160,2453
7160,2646
7160,3467
7160,4260
7160,4633
7160,4838
7160,5794
7160,6117
7161,2301
7161,2464
7161,2722
7161,3169
7161,4470
7162,562
7162,948
7162,1083
7162,1354
7162,2168
7162,6231
7163,1058
7163,1453
7163,5641
7163,6801
7163,7265
7164,760
7164,1673
7164,3433
7164,3469
7164,5180
7164,5203
7164,5372
7164,5378
7164,5804
7164,6466
7164,7003
7164,7467
7164,7553
7165,1823
7165,3747
7165,3801
7165,4144
7165,4379
7165,5829
7165,6231
7165,6635
7165,7126
7166,1570
7166,3049
7166,6702
7167,1899
7167,1961
7167,2239
7167,5401
7167,7395
7168,3841
7168,4690
7168,5323
7168,6053
7168,6869
7168,7074
7168,7123
7168,7183
7168,7495
7169,684
7169,2156
7169,4885
7169,5226
7169,6084
7169,7221
7169,7246
7170,1226
7170,1993
7170,4641
7170,4934
7170,5626
7170,6135
7170,6156
7170,6669
7170,6830
7170,7346
7170,7568
7171,625
7171,771
7171,2060
7171,2573
7171,2977
7171,3866
7171,3871
7171,4493
7171,4672
7171,5452
7171,7067
7171,7079
7172,2982
7172,4437
7172,4766
7172,4821
7172,5308
7172,7636
7173,930
7173,2198
7173,3171
7173,3698
7173,3969
7173,6593
7173,6629
7174,1058
7174,1453
7174,2575
7174,5782
7174,6551
7175,1252
7175,1425
7175,1549
7175,1906
7175,1910
7175,2371
7175,2392
7175,2493
7175,2597
7175,2716
7175,4234
7175,4518
7175,5347
7175,5391
7175,5422
7175,6036
7175,6939
7175,7334
7175,7360
7175,7371
7176,1710
7176,2535
7176,3095
7176,6642
7178,1015
7178,4000
7178,7034
7178,7450
7179,1317
7179,3962
7179,4805
7179,5234
7179,7250
7180,1784
7180,3748
7180,7537
7181,89
7181,3105
7181,3768
7181,4347
7181,4578
7181,4954
7181,5881
7181,5979
7181,7021
7182,103
7182,509
7182,2106
7182,4384
7182,7599
7183,1393
7183,4690
7183,4898
7183,6346
7183,6995
7183,7168
7184,1961
7184,4187
7184,4440
7184,6572
7185,1257
7185,2289
7185,2429
7185,2466
7185,4339
7185,4370
7185,4794
7185,5905
7185,6150
7185,6285
7185,6809
7185,7429
7187,584
7187,6412
7187,6909
7188,879
7188,1709
7188,1803
7188,2099
7188,4264
7189,414
7189,1632
7189,1839
7189,2278
7189,2467
7189,3752
7189,3764
7189,4192
7189,5800
7189,6616
7190,403
7190,1985
7190,2644
7190,3300
7190,4015
7190,4775
7190,5615
7190,6177
7190,6807
7190,6910
7190,7641
7191,1764
7191,3847
7191,4555
7191,5839
7191,6298
7191,7039
7191,7376
7191,7441
7192,330
7192,1216
7192,1235
7192,1530
7192,2119
7192,2693
7192,6551
7192,6643
7193,544
7193,6328
7193,6575
7194,738
7194,2984
7194,7620
7195,1129
7195,1862
7195,1984
7195,2629
7195,3124
7195,3427
7195,4356
7195,7107
7196,305
7196,1563
7196,3212
7196,4168
7196,4427
7196,6369
7196,6815
7196,7305
7197,260
7197,3183
7197,3538
7197,3559
7197,3948
7197,4865
7197,4952
7198,2666
7198,4943
7198,5336
7198,5591
7198,6855
7199,368
7199,546
7199,574
7199,979
7199,1085
7199,1257
7199,1352
7199,1398
7199,1606
7199,2069
7199,2085
7199,2167
7199,2178
7199,2459
7199,2519
7199,2699
7199,2971
7199,3517
7199,3537
7199,3764
7199,3935
7199,3986
7199,4018
7199,4229
7199,4370
7199,4396
7199,4793
7199,4794
7199,4815
7199,4955
7199,5096
7199,5342
7199,5516
7199,5579
7199,5670
7199,5683
7199,5850
7199,6317
7199,6742
7199,7002
7199,7040
7199,7326
7199,7429
7199,7605
7200,381
7200,525
7200,3329
7200,3336
7200,3709
7200,4482
7200,4621
7200,5604
7200,6328
7200,6491
7200,6908
7200,7078
7201,1936
7201,2762
7201,5666
7202,6807
7203,924
7203,1744
7203,1899
7203,3184
7203,6078
7203,6673
7203,6907
7203,7003
7204,659
7204,1517
7204,3061
7204,4870
7205,46
7205,191
7205,465
7205,3833
7205,4325
7206,2163
7207,1636
7207,3345
7208,1162
7208,1449
7208,4632
7208,6133
7208,6138
7208,6376
7208,6387
7208,6681
7209,290
7209,1102
7209,1249
7209,2198
7209,2553
7209,3370
7209,3782
7209,5404
7209,5782
7209,6702
7210,345
7210,3172
7210,3616
7210,5404
7211,2762
7211,6147
7212,789
7212,2060
7212,3748
7212,5132
7213,1042
7213,2513
7213,3049
7213,7116
7214,1475
7214,1830
7214,2067
7214,2652
7214,3500
7214,3904
7214,5038
7214,6106
7214,6488
7215,183
7215,900
7215,1152
7215,2906
7215,3578
7215,3974
7215,5013
7215,5348
7215,5734
7215,5937
7215,6409
7215,6978
7216,2558
7216,3203
7217,1319
7217,2078
7217,4002
7217,4424
7217,5690
7217,7287
7218,2395
7218,2499
7218,4252
7218,4353
7218,4663
7218,5489
7218,6924
7219,1293
7219,1876
7219,2205
7219,2958
7219,3183
7219,3580
7219,4384
7219,7535
7220,1151
7220,1304
7220,2168
7220,3135
7220,3266
7220,4005
7220,4093
7220,5046
7220,7509
7221,1773
7221,3673
7221,3989
7221,4656
7221,5671
7221,6084
7221,6316
7221,7281
7222,748
7222,1069
7222,1225
7222,1432
7222,1494
7222,1566
7222,1572
7222,2028
7222,3223
7222,3513
7222,5150
7222,5280
7222,7452
7222,7603
7222,7623
7222,7624
7223,128
7223,2094
7223,2665
7223,7099
7224,1773
7224,3766
7224,4665
7224,5390
7224,5664
7225,1379
7225,1409
7225,1725
7225,5022
7225,5263
7225,5674
7226,308
7226,597
7226,1339
7226,2055
7226,2372
7226,2625
7226,3203
7226,5378
7226,5455
7226,6098
7226,6864
7226,7005
7227,4360
7228,1897
7228,5130
7229,1728
7229,3082
7229,4748
7230,144
7230,1124
7230,2710
7230,3028
7230,3231
7230,7243
7231,23
7231,2340
7231,3226
7231,4952
7231,6082
7231,6597
7231,7464
7232,84
7232,5473
7233,360
7233,2104
7233,2440
7233,2581
7233,3742
7233,4160
7233,4805
7234,1289
7234,3878
7234,7338
7235,128
7235,252
7235,908
7235,1358
7235,2096
7235,2263
7235,2378
7235,2944
7235,3478
7235,3484
7235,4430
7235,4882
7235,5636
7236,758
7236,1656
7236,2382
7236,2757
7236,3563
7236,4673
7236,6601
7237,1251
7237,1515
7237,1936
7237,1939
7237,3437
7237,3872
7237,3884
7237,5185
7237,5666
7237,5970
7237,6523
7237,6585
7237,7618
7238,850
7238,1282
7238,1396
7238,1609
7238,1743
7238,2516
7238,2728
7238,5250
7238,5465
7238,5849
7238,5879
7238,6250
7238,6670
7239,304
7239,881
7239,1296
7239,1418
7239,2021
7239,2143
7239,3183
7239,3469
7239,3559
7239,7452
7240,71
7240,521
7240,785
7240,1493
7240,2488
7240,2525
7240,2536
7240,3246
7240,3784
7240,4358
7240,4502
7240,5373
7240,5813
7240,6067
7240,6296
7240,6547
7240,6872
7241,1434
7241,1531
7241,3874
7241,4048
7241,4412
7241,4960
7241,5182
7241,5245
7241,5602
7241,5692
7242,327
7242,1008
7242,1677
7242,1755
7242,1878
7242,2082
7242,2865
7242,4030
7242,6857
7242,6885
7243,1323
7243,1533
7243,1823
7243,2951
7243,3755
7243,3885
7243,4144
7243,4896
7243,7356
7244,2149
7244,6329
7244,7048
7245,3942
7245,4106
7245,4527
7246,1181
7246,4551
7246,7169
7247,269
7247,375
7247,633
7247,1752
7247,3893
7247,4565
7247,5469
7247,5495
7247,5606
7247,5769
7247,6692
7247,7097
7247,7477
7248,158
7248,4265
7248,5395
7249,1781
7249,1937
7249,2022
7249,2139
7249,5607
7249,5655
7249,5681
7249,6865
7250,203
7250,600
7250,672
7250,809
7250,892
7250,923
7250,1084
7250,1382
7250,1601
7250,2092
7250,2093
7250,2111
7250,2660
7250,2800
7250,2920
7250,3056
7250,3296
7250,3587
7250,3839
7250,3896
7250,4503
7250,4629
7250,4754
7250,5264
7250,5544
7250,5635
7250,5716
7250,5786
7250,6916
7250,7135
7250,7179
7250,7318
7250,7325
7251,139
7251,429
7251,3007
7251,6608
7252,448
7252,942
7252,2033
7252,2881
7252,2974
7252,3406
7252,3898
7252,4269
7252,5091
7252,5259
7252,6618
7252,7288
7252,7296
7253,6905
7253,6908
7253,7057
7254,3698
7254,4080
7254,4384
7254,6462
7254,6738
7255,541
7255,556
7255,786
7255,1272
7255,1851
7255,1983
7255,2132
7255,2327
7255,2387
7255,2389
7255,2557
7255,2768
7255,3167
7255,3217
7255,3356
7255,3528
7255,3840
7255,4819
7255,5451
7255,5825
7255,5978
7255,6772
7255,6913
7255,7043
7255,7060
7255,7272
7255,7366
7256,414
7256,2616
7256,6405
7257,131
7257,1903
7257,4088
7257,4655
7257,4993
7257,5277
7257,5736
7257,7342
7258,512
7259,609
7259,6625
7260,53
7260,2056
7260,2492
7260,2680
7260,2840
7260,3425
7260,4215
7260,5693
7260,5733
7260,6087
7260,7025
7260,7475
7261,66
7261,2492
7261,3175
7261,3219
7261,4235
7261,7025
7262,2005
7262,3433
7262,3567
7262,3612
7262,5865
7263,481
7263,746
7263,901
7263,2827
7263,4487
7263,4498
7263,5072
7264,204
7264,932
7264,6347
7264,6622
7264,7491
7265,2639
7265,5641
7265,7163
7266,770
7266,835
7266,2239
7266,3079
7266,3704
7266,3721
7266,4913
7267,2274
7267,4255
7267,4462
7267,5499
7267,5550
7267,5661
7267,6721
7268,959
7268,1124
7268,3494
7268,4237
7268,6090
7268,6635
7269,226
7269,432
7269,625
7269,721
7269,1070
7269,1094
7269,2434
7269,2577
7269,2620
7269,2763
7269,3015
7269,3106
7269,4140
7269,4398
7269,4616
7269,4871
7269,4890
7269,5082
7269,5998
7269,6503
7269,6531
7269,6966
7269,7468
7269,7603
7270,3896
7270,4273
7270,6074
7271,581
7271,741
7271,1824
7271,1825
7271,2064
7271,2426
7271,4802
7271,5283
7271,5444
7271,5877
7271,7065
7272,328
7272,1867
7272,2090
7272,2147
7272,2754
7272,4467
7272,6679
7272,6842
7273,2168
7273,2413
7273,4322
7273,7449
7273,7472
7274,2826
7275,932
7275,1303
7275,2196
7275,3201
7275,4418
7275,4615
7275,4861
7275,5429
7275,6396
7275,6423
7275,6993
7275,7405
7275,7483
7276,522
7276,533
7276,1004
7276,1092
7276,1194
7276,1236
7276,1492
7276,2117
7276,2556
7276,3063
7276,3294
7276,3854
7276,4345
7276,5133
7276,5442
7276,5703
7276,6353
7276,7119
7277,1415
7277,1575
7277,2115
7277,4680
7277,4806
7277,5132
7277,6140
7277,7369
7278,369
7278,593
7278,693
7278,1058
7278,4384
7279,4749
7280,24
7280,243
7280,294
7280,345
7280,711
7280,831
7280,1100
7280,1281
7280,1628
7280,1784
7280,1833
7280,1883
7280,2916
7280,3446
7280,3897
7280,4408
7280,4535
7280,6284
7280,6327
7280,6397
7280,6505
7280,6551
7280,6723
7280,7021
7280,7572
7281,866
7281,957
7281,1238
7281,1381
7281,1989
7281,3233
7281,3396
7281,4323
7281,4533
7281,5382
7281,5857
7281,6329
7281,6392
7281,6817
7281,7221
7282,783
7282,2064
7282,5877
7282,6130
7282,6206
7283,419
7283,1004
7283,2095
7283,2294
7283,3807
7283,4013
7283,4082
7283,4650
7283,6054
7283,7534
7284,972
7284,2098
7284,2419
7284,3649
7285,729
7285,3569
7285,4399
7285,5163
7285,6113
7285,6935
7285,7500
7286,373
7286,650
7286,2315
7286,2709
7286,2830
7286,3622
7286,5358
7286,5466
7286,5723
7286,6991
7287,1955
7287,3442
7287,3461
7287,5074
7287,5260
7287,5663
7287,5817
7287,5872
7287,7594
7288,446
7288,2198
7288,4952
7288,5222
7288,5234
7288,5993
7288,6328
7288,7252
7289,770
7289,810
7289,1286
7289,1705
7289,2882
7289,3051
7289,3364
7289,3384
7289,4392
7289,4746
7289,5148
7289,5234
7289,5415
7289,5612
7289,5881
7289,6354
7289,6518
7289,7091
7289,7572
7290,306
7290,875
7290,1098
7290,1872
7290,2572
7290,3194
7290,5404
7290,6210
7290,6901
7290,7295
7291,17
7291,1702
7291,1846
7291,2291
7291,4237
7291,5432
7291,6404
7291,6667
7291,6806
7291,6884
7291,7404
7291,7491
7292,191
7292,242
7292,465
7292,1035
7292,3953
7292,4065
7292,4961
7292,5733
7292,6031
7292,6307
7292,7117
7292,7205
7293,143
7293,920
7293,2738
7293,3889
7293,4031
7293,4033
7293,6807
7294,319
7294,868
7294,1206
7294,3185
7294,3459
7294,3506
7294,4127
7294,4352
7294,5006
7294,6100
7294,6702
7294,7607
7295,269
7295,639
7295,1827
7295,2201
7295,2290
7295,3859
7295,5003
7295,5029
7295,6590
7295,6786
7295,7395
7295,7551
7296,408
7296,599
7296,626
7296,930
7296,1129
7296,1330
7296,1378
7296,1590
7296,2334
7296,2522
7296,2956
7296,3060
7296,3209
7296,3370
7296,3808
7296,3890
7296,3926
7296,4037
7296,4062
7296,4376
7296,4529
7296,4864
7296,5015
7296,5165
7296,5201
7296,5470
7296,5513
7296,5709
7296,6242
7296,6740
7296,6992
7296,7101
7296,7580
7297,3856
7298,389
7298,714
7298,2795
7298,3157
7298,3216
7298,3983
7298,4522
7298,4569
7298,5022
7298,5289
7298,7032
7299,2239
7299,3331
7300,835
7300,1645
7300,1915
7300,2066
7300,3317
7300,4358
7300,4559
7300,4957
7300,5070
7300,5213
7300,5363
7300,5545
7300,6942
7301,396
7301,624
7301,1025
7301,1605
7301,1968
7301,2578
7301,2642
7301,2696
7301,2937
7301,3390
7301,3943
7301,4481
7301,4927
7301,5112
7301,5196
7301,5233
7301,6204
7301,6455
7301,6943
7302,319
7302,1467
7302,2198
7302,2239
7302,2553
7302,5234
7302,5404
7303,1116
7303,1506
7303,2721
7303,4841
7303,4898
7304,146
7304,764
7304,2016
7304,3783
7304,4577
7304,5226
7304,6378
7304,6481
7304,6748
7305,28
7305,1108
7305,1534
7305,1689
7305,1831
7305,1981
7305,3928
7305,4185
7305,4265
7305,5146
7305,5694
7305,6014
7305,6403
7305,6951
7306,697
7306,2504
7306,3843
7306,4126
7306,5236
7306,6607
7306,7645
7307,804
7307,2427
7307,3757
7307,3922
7307,5189
7307,5574
7307,5944
7307,7022
7307,7029
7308,1041
7308,1264
7308,2337
7308,4905
7308,5110
7308,6357
7308,6628
7309,305
7309,1225
7309,6470
7310,766
7310,1575
7311,593
7311,1763
7311,2380
7311,4217
7311,5518
7311,5707
7311,6180
7311,6787
7311,7021
7312,672
7312,1589
7312,2111
7312,2359
7312,2581
7312,3273
7312,4067
7312,4416
7312,6909
7312,7250
7312,7512
7313,669
7313,2092
7313,2111
7313,5063
7314,273
7314,1131
7314,4125
7314,4673
7314,5019
7314,5300
7314,6347
7314,6653
7314,7565
7315,2085
7315,2297
7315,7429
7316,21
7316,524
7316,531
7316,588
7316,918
7316,2702
7316,3352
7316,3953
7316,4209
7316,5656
7316,6514
7316,6612
7316,6814
7316,7050
7316,7532
7317,2391
7317,2951
7317,3128
7317,3361
7317,4237
7317,4512
7317,5611
7317,7011
7317,7356
7318,2026
7318,6570
7318,7250
7319,593
7319,1663
7319,5404
7319,7003
7320,1268
7320,2120
7320,2410
7320,2703
7320,2808
7320,2888
7320,3160
7320,3206
7320,3758
7320,4095
7320,4384
7320,5507
7321,1293
7321,1472
7321,1999
7321,2755
7321,6707
7322,526
7322,629
7322,655
7322,808
7322,1976
7322,2113
7322,2536
7322,4584
7322,5144
7322,5641
7322,5719
7322,6569
7322,7512
7323,39
7323,881
7323,1310
7323,4904
7323,7330
7324,147
7324,746
7324,782
7324,1086
7324,1223
7324,2398
7324,3255
7324,4711
7324,5489
7324,6488
7325,1568
7325,1973
7325,2493
7325,2624
7325,5064
7326,1848
7326,4134
7326,4597
7326,6317
7327,608
7327,798
7327,1135
7327,3200
7327,5683
7327,6080
7327,7082
7328,526
7328,3457
7328,3856
7328,5063
7328,6408
7328,6909
7329,282
7329,361
7329,826
7329,873
7329,2025
7329,2252
7329,2367
7329,4793
7329,4875
7329,5322
7329,5988
7329,5991
7329,6065
7329,6608
7330,339
7330,483
7330,500
7330,521
7330,601
7330,793
7330,939
7330,1064
7330,1212
7330,1215
7330,1281
7330,1612
7330,1976
7330,2294
7330,2569
7330,2734
7330,2820
7330,2834
7330,2905
7330,3561
7330,3686
7330,3950
7330,3954
7330,4366
7330,4381
7330,4484
7330,4519
7330,4606
7330,4797
7330,4879
7330,4918
7330,5216
7330,5289
7330,5292
7330,5464
7330,5474
7330,5478
7330,5505
7330,5575
7330,5745
7330,5865
7330,6281
7330,6417
7330,6578
7330,6617
7330,6620
7330,6676
7330,6743
7330,7067
7330,7323
7330,7480
7331,1478
7331,2198
7331,2239
7331,2320
7331,3406
7331,3895
7331,4080
7331,5455
7331,6053
7332,643
7332,1990
7332,2613
7332,3485
7332,3739
7332,5863
7332,6422
7334,195
7334,214
7334,2052
7334,2662
7334,2833
7334,4633
7334,5454
7334,5663
7334,6245
7334,7175
7335,1103
7335,3578
7335,5180
7335,7467
7336,593
7336,2111
7336,2198
7336,3510
7337,169
7337,455
7337,1268
7337,1792
7337,4023
7337,4024
7337,5878
7337,5881
7337,7010
7337,7021
7337,7352
7338,304
7338,1291
7338,2536
7338,7330
7339,593
7339,1357
7339,1467
7339,1744
7339,6409
7339,6673
7339,7247
7339,7607
7340,2370
7340,5404
7341,3510
7341,3964
7341,5234
7341,5544
7341,6481
7342,615
7342,5267
7342,5277
7342,5537
7342,5736
7342,7011
7342,7257
7343,595
7343,1567
7343,2196
7343,2774
7343,4620
7343,4943
7343,6138
7343,6221
7343,7208
7343,7631
7344,393
7344,2198
7344,2384
7344,3072
7344,3152
7344,4406
7344,6485
7345,584
7345,3513
7345,4427
7345,6026
7345,7131
7346,811
7346,2198
7346,4630
7346,5518
7346,5679
7346,5734
7346,7170
7346,7280
7347,1115
7347,1262
7347,1841
7347,4208
7347,6138
7347,6347
7348,349
7348,1041
7348,1088
7348,1616
7348,1736
7348,1881
7348,2446
7348,3316
7348,3711
7348,3717
7348,4236
7348,4723
7348,4992
7348,5110
7348,5692
7348,5852
7348,5929
7348,6502
7348,6628
7348,6876
7348,7308
7348,7513
7349,116
7349,127
7349,766
7349,1069
7349,2198
7349,6098
7350,354
7350,1147
7350,1968
7350,1971
7350,2442
7350,5023
7350,6158
7350,6498
7351,1579
7351,3856
7351,4033
7352,593
7352,951
7352,1329
7352,2571
7352,2906
7352,3051
7352,4538
7352,4669
7352,5348
7352,5799
7352,7428
7353,27
7353,374
7353,857
7353,1357
7353,1513
7353,1970
7353,2340
7353,2575
7353,2661
7353,4928
7353,5160
7353,5976
7353,6562
7353,6702
7353,7428
7354,326
7354,1465
7354,2231
7354,2488
7354,5062
7354,6922
7354,7454
7354,7637
7355,550
7355,1303
7355,3375
7355,4993
7355,6290
7355,6423
7355,7500
7356,391
7356,567
7356,2788
7356,5297
7356,6286
7356,6410
7357,226
7357,590
7357,2239
7357,2743
7357,4565
7357,5452
7357,6063
7357,6069
7357,6604
7357,7592
7358,1553
7358,1968
7358,2351
7358,2580
7358,3200
7358,3321
7358,3863
7358,3971
7358,5101
7358,6415
7358,6529
7358,6977
7359,3013
7359,3077
7359,3339
7359,5022
7359,6369
7359,6777
7360,1500
7360,2392
7360,2524
7360,4518
7360,5177
7360,5391
7360,5422
7360,7175
7361,1683
7361,3904
7361,4485
7361,4487
7361,5750
7363,5585
7364,1429
7364,1744
7364,1899
7364,2380
7364,3152
7364,5608
7364,6702
7364,7395
7365,471
7365,1627
7365,2375
7365,3035
7365,3310
7365,3895
7365,5404
7365,7596
7366,189
7366,541
7366,1969
7366,2037
7366,2327
7366,2622
7366,3528
7366,3840
7366,4666
7366,6164
7366,7255
7366,7272
7367,199
7367,242
7367,325
7367,1939
7367,1946
7367,2319
7367,4108
7367,5337
7367,5414
7367,5624
7367,7063
7368,529
7368,569
7368,779
7368,1309
7368,3032
7368,3570
7368,5662
7368,6602
7368,7646
7369,1908
7369,2048
7369,2129
7369,2621
7369,2736
7369,3403
7369,3996
7369,4113
7369,4177
7369,4553
7369,6701
7369,6961
7369,7071
7370,614
7370,1013
7370,1418
7370,2258
7370,5171
7370,5378
7370,6770
7371,2218
7371,5598
7371,5947
7371,7107
7371,7175
7372,470
7372,1968
7372,2597
7372,2797
7372,5075
7373,50
7373,305
7373,604
7373,1280
7373,1872
7373,4021
7373,4958
7373,5610
7373,6015
7373,7072
7373,7305
7373,7561
7374,20
7374,305
7374,593
7374,2179
7374,3591
7374,3698
7374,4173
7375,585
7375,980
7375,1359
7375,2000
7375,3232
7375,3339
7375,3368
7375,4078
7375,4178
7375,4725
7375,5743
7375,6575
7375,6868
7375,7153
7375,7579
7376,1534
7376,1655
7376,2210
7376,2314
7376,2583
7376,4027
7376,4691
7376,6198
7376,6867
7376,7039
7376,7191
7376,7441
7377,1856
7377,2505
7377,5200
7377,6941
7377,7441
7378,464
7378,1613
7378,1895
7378,3471
7378,3481
7378,4334
7378,4648
7378,5727
7378,5977
7378,6081
7378,6687
7379,588
7379,3248
7379,4209
7379,7545
7380,1863
7380,2250
7380,4958
7381,452
7381,1602
7381,3144
7381,6267
7382,1058
7382,4805
7382,6549
7383,179
7383,221
7383,398
7383,561
7383,812
7383,1466
7383,1529
7383,1562
7383,1683
7383,1892
7383,2137
7383,2259
7383,2352
7383,2383
7383,2896
7383,4151
7383,4397
7383,4423
7383,4459
7383,4659
7383,4884
7383,4886
7383,5072
7383,5228
7383,5609
7383,5718
7383,5721
7383,6033
7383,6229
7383,6508
7383,6709
7383,6725
7383,7259
7383,7490
7384,1801
7384,1894
7384,2455
7384,2544
7384,2948
7384,5000
7384,7556
7385,85
7385,1293
7385,1621
7385,3003
7385,3183
7385,3748
7385,4080
7385,4785
7386,545
7386,827
7386,1381
7386,1534
7386,3396
7386,4587
7386,4810
7386,4875
7386,5185
7386,5666
7386,6431
7387,867
7387,1013
7387,4790
7387,6029
7388,447
7388,819
7388,1061
7388,1326
7388,1400
7388,1675
7388,2343
7388,2456
7388,2877
7388,3431
7388,3569
7388,5815
7388,7500
7389,417
7389,5947
7389,6178
7389,7455
7390,4628
7390,5454
7391,1153
7391,4033
7391,4378
7391,4804
7392,1905
7392,3054
7392,4100
7392,4295
7392,5299
7393,452
7393,822
7393,1435
7393,2944
7393,4769
7394,4628
7395,61
7395,269
7395,291
7395,318
7395,389
7395,590
7395,604
7395,639
7395,714
7395,803
7395,1034
7395,1106
7395,1152
7395,1439
7395,1551
7395,1671
7395,1782
7395,2043
7395,2128
7395,2201
7395,2384
7395,2541
7395,2743
7395,2750
7395,2991
7395,3171
7395,3216
7395,3282
7395,3582
7395,3667
7395,3670
7395,3893
7395,3973
7395,3983
7395,3987
7395,4039
7395,4041
7395,4154
7395,4184
7395,4243
7395,4337
7395,4406
7395,4476
7395,4565
7395,4641
7395,4697
7395,4771
7395,4928
7395,5008
7395,5125
7395,5247
7395,5281
7395,5309
7395,5330
7395,5510
7395,5518
7395,5543
7395,5606
7395,5993
7395,6020
7395,6208
7395,6345
7395,6527
7395,6604
7395,6778
7395,6854
7395,6953
7395,7364
7395,7510
7395,7551
7397,675
7397,3578
7397,5123
7397,5664
7398,25
7398,383
7398,899
7398,2309
7398,2685
7398,2778
7398,2819
7398,2887
7398,3243
7398,3294
7398,3438
7398,4082
7398,4828
7398,5568
7398,5958
7398,6289
7399,3836
7400,2250
7400,3006
7400,6124
7400,6764
7401,1011
7401,1030
7401,1218
7401,1287
7401,1572
7401,1999
7401,2392
7401,3758
7401,5576
7401,5709
7401,6115
7401,6713
7401,6802
7401,7296
7401,7320
7401,7385
7402,1863
7403,2140
7403,3280
7404,120
7404,1455
7404,1923
7404,5169
7404,5432
7404,6130
7404,6221
7404,6667
7404,6681
7404,6685
7404,7264
7404,7291
7404,7451
7404,7491
7405,1237
7405,1449
7405,2399
7405,2528
7405,2538
7405,2605
7405,3572
7405,3939
7405,4399
7405,4618
7405,4861
7405,5124
7405,7544
7406,606
7406,1353
7406,2205
7406,2871
7406,3351
7406,4952
7406,5843
7407,516
7407,749
7407,1969
7407,3090
7407,3528
7407,3663
7407,4056
7407,4566
7407,4949
7407,5668
7407,6383
7407,6465
7407,6840
7407,7014
7407,7073
7408,64
7408,249
7408,996
7408,2168
7408,2874
7408,5803
7408,7108
7408,7449
7409,295
7409,1353
7409,4033
7409,4217
7409,4735
7410,85
7410,89
7410,260
7410,304
7410,2039
7410,2198
7410,2239
7410,4384
7410,5649
7410,7067
7411,186
7411,1785
7411,1900
7411,2667
7411,2892
7411,2895
7411,3961
7411,4072
7411,4905
7411,5080
7411,5117
7411,5711
7411,7506
7412,846
7412,1950
7412,2416
7412,4320
7413,593
7413,963
7413,2198
7413,3720
7413,4641
7413,5734
7413,6373
7413,7477
7414,648
7414,1179
7414,1731
7414,2481
7414,2527
7414,3625
7414,4461
7414,4462
7414,4823
7414,4887
7414,4910
7414,5183
7414,6027
7414,6142
7414,6513
7414,7087
7415,2375
7415,5132
7415,5234
7415,6560
7416,223
7416,934
7416,2049
7416,2431
7416,6954
7417,90
7417,160
7417,3524
7417,3975
7417,4838
7417,6501
7417,6728
7417,7442
7418,907
7418,2110
7418,3097
7418,4952
7418,6459
7419,5890
7419,7057
7420,211
7420,2415
7420,2438
7420,2672
7420,3207
7420,3302
7420,4469
7420,7032
7421,2825
7421,2836
7421,6979
7422,2232
7422,2903
7422,4343
7422,6713
7423,1320
7423,4242
7423,5260
7423,5520
7423,6025
7423,6768
7424,5707
7424,5740
7425,1207
7425,2942
7425,5477
7425,5481
7425,6080
7425,6543
7426,943
7426,3795
7426,4244
7426,4423
7426,5928
7426,6222
7426,6609
7426,6625
7427,873
7427,1450
7427,1964
7427,2034
7427,2422
7427,2608
7427,2709
7427,3615
7427,4665
7427,5047
7427,6957
7427,7621
7428,243
7428,304
7428,1513
7428,1796
7428,2553
7428,5330
7428,7021
7428,7353
7428,7477
7429,371
7429,608
7429,1085
7429,2167
7429,3971
7429,4370
7429,5905
7429,6809
7429,6875
7429,7315
7430,1280
7430,2015
7430,2586
7430,3271
7430,4033
7430,5496
7430,7330
7431,206
7431,2369
7431,2503
7431,4721
7431,5005
7431,5416
7431,5681
7431,7642
7432,2443
7432,3941
7432,4802
7433,2512
7433,4424
7433,4452
7433,6120
7434,3175
7434,4906
7434,6443
7435,560
7435,891
7435,1386
7435,2373
7435,3437
7435,3894
7435,3979
7435,4106
7435,4628
7435,4646
7435,4922
7436,2670
7437,981
7437,1041
7437,2337
7437,3717
7437,4509
7437,4740
7437,5110
7437,5868
7437,6665
7437,7284
7437,7513
7438,2003
7438,3872
7438,4646
7438,5043
7438,5337
7438,5430
7438,7586
7439,140
7439,1451
7439,2178
7439,3192
7439,4374
7440,1569
7440,2553
7440,3051
7440,4870
7440,6354
7440,6921
7441,769
7441,2384
7441,3368
7441,3557
7441,3589
7441,4691
7441,4725
7441,6274
7441,6967
7441,7376
7442,200
7442,927
7442,1816
7442,1879
7442,2695
7442,3197
7442,3496
7442,3655
7442,5152
7442,6599
7442,6728
7442,7160
7443,495
7443,718
7443,766
7443,1267
7443,4223
7443,7067
7444,685
7444,1646
7444,2499
7444,6106
7444,6625
7444,7598
7445,606
7445,919
7445,4186
7445,4797
7445,5012
7445,5467
7445,5511
7446,904
7446,1575
7446,2170
7446,2772
7446,3203
7446,3268
7446,3384
7446,3895
7446,3982
7446,4120
7446,4670
7446,4714
7446,6197
7446,6272
7446,6732
7447,3244
7447,3735
7447,3953
7447,4646
7447,4906
7447,5563
7447,6813
7447,7041
7448,552
7448,1368
7448,1665
7448,2208
7448,2471
7448,2558
7448,3049
7448,3050
7448,4080
7449,11
7449,307
7449,959
7449,996
7449,1740
7449,2947
7449,3147
7449,3266
7449,3494
7449,4279
7449,4288
7449,4611
7449,5104
7449,5951
7449,6524
7449,7273
7449,7408
7450,2053
7450,2825
7450,3175
7450,3292
7450,3735
7450,5462
7450,6050
7450,7178
7450,7620
7451,1772
7451,2064
7451,3771
7451,3794
7451,4181
7451,7565
7452,748
7452,867
7452,1091
7452,1189
7452,1566
7452,2028
7452,2625
7452,3330
7452,4493
7452,6904
7452,7054
7452,7624
7453,296
7453,3512
7453,4295
7453,5154
7453,5654
7454,326
7454,559
7454,643
7454,1465
7454,2488
7454,6922
7454,7354
7454,7637
7455,370
7455,1275
7455,1906
7455,3286
7455,3901
7455,4096
7455,4880
7455,5101
7455,5177
7455,6460
7455,6647
7455,6912
7455,7066
7455,7109
7455,7389
7456,47
7456,723
7456,960
7456,2195
7456,2425
7456,3745
7456,3922
7456,4338
7456,5758
7457,3187
7457,3326
7457,3562
7457,4702
7457,4795
7457,5727
7458,1264
7458,3415
7458,3678
7458,3992
7458,4829
7458,5868
7458,5929
7458,6357
7458,6876
7459,526
7459,4067
7459,5063
7459,5384
7459,6569
7460,54
7460,59
7460,121
7460,166
7460,208
7460,249
7460,367
7460,1115
7460,1311
7460,1724
7460,2140
7460,2182
7460,2790
7460,3087
7460,3104
7460,3163
7460,3231
7460,3684
7460,3803
7460,3873
7460,3879
7460,4226
7460,4322
7460,4443
7460,4615
7460,4923
7460,4925
7460,4945
7460,5019
7460,5025
7460,5140
7460,5163
7460,5673
7460,5934
7460,6113
7460,6233
7460,6247
7460,6423
7460,6530
7460,6622
7460,7009
7460,7268
7461,1702
7461,4925
7461,5515
7461,7565
7462,855
7462,3264
7462,3795
7462,3904
7462,4459
7463,1772
7463,3504
7463,4353
7463,4491
7463,5072
7463,5476
7463,5896
7464,33
7464,243
7464,479
7464,522
7464,604
7464,658
7464,726
7464,849
7464,1214
7464,1305
7464,1545
7464,1614
7464,1628
7464,1753
7464,1784
7464,1833
7464,2540
7464,2549
7464,2575
7464,2855
7464,2938
7464,3081
7464,3123
7464,3237
7464,3241
7464,3428
7464,3469
7464,3546
7464,3582
7464,3608
7464,3882
7464,3947
7464,4190
7464,4303
7464,4333
7464,4366
7464,4525
7464,4608
7464,4642
7464,4792
7464,5273
7464,5281
7464,5385
7464,5387
7464,5518
7464,5640
7464,5669
7464,5797
7464,5799
7464,6076
7464,6183
7464,6287
7464,6397
7464,6449
7464,6562
7464,6704
7464,6802
7464,6882
7464,6892
7464,6971
7464,7278
7464,7537
7464,7539
7465,474
7465,795
7465,1218
7465,2215
7465,2290
7465,2911
7465,3039
7465,3370
7465,3408
7465,3538
7465,4157
7465,4233
7465,4262
7465,4286
7465,4326
7465,4465
7465,5707
7465,5730
7465,6537
7465,6551
7465,6981
7466,532
7466,1968
7466,3433
7466,4204
7466,4805
7466,5193
7466,5196
7466,5652
7466,5695
7466,5891
7467,274
7467,276
7467,413
7467,723
7467,764
7467,1145
7467,1227
7467,1250
7467,1343
7467,1414
7467,1962
7467,2031
7467,2125
7467,2345
7467,2354
7467,2425
7467,2494
7467,2514
7467,3072
7467,3158
7467,3218
7467,3381
7467,4344
7467,4438
7467,4682
7467,4743
7467,4985
7467,5307
7467,5504
7467,5634
7467,5729
7467,5781
7467,5924
7467,6172
7467,6235
7467,6654
7467,7005
7468,1896
7468,6411
7468,6828
7468,7269
7469,481
7469,2491
7469,3984
7469,4244
7469,4478
7469,4663
7469,6083
7470,1864
7470,2260
7470,4300
7470,4819
7470,5529
7470,6164
7470,7255
7471,69
7471,1058
7471,1575
7471,1620
7471,4384
7471,4857
7471,5251
7471,6400
7471,6907
7472,543
7472,1149
7472,1692
7472,1807
7472,2874
7472,2947
7472,3511
7472,4005
7472,5877
7472,6144
7472,7273
7473,5671
7473,6051
7473,6606
7474,1544
7474,2239
7474,3070
7474,3698
7474,4091
7474,4174
7474,4952
7474,5222
7475,664
7475,1072
7475,1953
7475,2815
7475,3972
7475,4275
7475,6698
7475,7034
7475,7260
7476,1482
7476,2982
7476,4766
7476,4821
7476,5308
7476,7636
7477,183
7477,774
7477,1222
7477,1902
7477,2432
7477,3008
7477,3683
7477,4453
7477,5359
7477,5365
7477,5404
7477,5734
7477,5937
7477,6978
7477,7010
7477,7103
7477,7413
7477,7440
7478,111
7478,305
7478,1069
7478,1802
7478,2490
7478,3098
7478,4054
7478,4109
7478,5179
7478,6531
7478,6581
7479,250
7479,747
7479,1335
7479,2274
7479,2430
7479,2897
7479,3004
7479,4282
7479,5765
7480,62
7480,904
7480,1091
7480,1499
7480,4037
7480,4343
7480,4584
7480,7330
7480,7603
7481,456
7481,495
7481,1642
7481,1655
7481,2049
7481,2117
7481,2258
7481,2913
7481,3713
7481,4580
7481,5898
7481,6305
7481,7125
7482,941
7482,988
7482,2353
7482,4061
7482,5506
7483,932
7483,1323
7483,3163
7483,4861
7483,5279
7484,1313
7484,4515
7484,4981
7484,5113
7484,5607
7484,5681
7484,5871
7484,6018
7484,6220
7484,6734
7484,6918
7484,7642
7485,941
7485,3735
7485,4106
7485,6768
7485,7041
7485,7423
7485,7620
7486,432
7486,597
7486,2089
7486,2577
7486,2732
7486,3158
7486,3162
7486,5009
7486,5126
7486,7067
7487,23
7487,479
7487,542
7487,1902
7487,2571
7487,6540
7488,268
7488,577
7488,694
7488,2691
7488,3813
7488,7034
7489,653
7489,1223
7489,1466
7489,1683
7489,2067
7489,3393
7489,3399
7489,3449
7489,4397
7489,4423
7489,4524
7489,4681
7489,4886
7489,5228
7489,5908
7489,5972
7489,6609
7489,6709
7489,6972
7489,7324
7490,147
7490,481
7490,561
7490,837
7490,2444
7490,4663
7490,5737
7490,5974
7490,7598
7491,1303
7491,2943
7491,4924
7491,5163
7491,5429
7491,5934
7491,6113
7491,6652
7492,515
7492,3998
7493,2111
7493,4116
7493,4805
7493,5264
7494,2168
7495,1202
7495,1574
7495,3841
7495,4063
7495,4841
7495,4898
7495,6346
7495,6826
7495,6869
7495,7168
7497,135
7497,1565
7497,2976
7497,3094
7497,3156
7497,3175
7497,3191
7497,5601
7497,5789
7497,6050
7497,6819
7497,7562
7498,159
7498,417
7498,1275
7498,2214
7498,2880
7498,3097
7498,4460
7498,4880
7498,5456
7499,1553
7499,1844
7499,3541
7499,3568
7499,3694
7499,3853
7499,4389
7499,5809
7499,6697
7499,6768
7500,257
7500,819
7500,1449
7500,2079
7500,2439
7500,3087
7500,3939
7500,4197
7500,4748
7500,5140
7500,5163
7500,5271
7500,6113
7500,7388
7501,258
7501,1472
7501,6034
7501,6313
7501,6487
7501,7321
7501,7628
7502,147
7502,444
7502,2499
7502,3211
7502,4244
7502,4663
7502,7016
7502,7383
7503,456
7503,1457
7503,1666
7503,1905
7503,2586
7503,4173
7503,4295
7503,5661
7503,6572
7504,315
7504,1079
7504,1656
7504,2382
7504,3563
7504,3892
7504,3924
7504,4143
7504,4171
7504,4567
7504,4673
7504,4726
7504,5876
7504,7541
7505,16
7506,2667
7506,2953
7506,4105
7506,4403
7506,5619
7506,5711
7507,2436
7507,2477
7507,2789
7507,4452
7507,4646
7507,5885
7508,830
7508,2492
7508,2840
7508,6316
7509,249
7509,297
7509,307
7509,996
7509,2217
7509,2318
7509,2534
7509,3214
7509,4093
7509,4611
7509,4744
7509,5046
7509,7408
7510,780
7510,1872
7510,1948
7510,3152
7510,4141
7510,4822
7510,5534
7510,6228
7510,6331
7510,6447
7510,6594
7510,6604
7510,7330
7511,369
7511,1453
7511,1472
7511,1663
7511,1723
7511,3330
7512,911
7512,1291
7512,6256
7512,6569
7512,6728
7512,7608
7513,1736
7513,3102
7513,3583
7513,3678
7513,3717
7513,4740
7513,5110
7513,5509
7513,5868
7513,5929
7513,6876
7513,7308
7514,1298
7514,4277
7514,4636
7515,323
7515,825
7515,842
7515,1742
7515,1799
7515,1865
7515,3797
7515,4052
7515,4298
7515,4675
7515,5565
7515,6218
7515,6853
7515,7645
7516,1336
7516,1565
7516,2976
7516,4242
7516,4321
7516,4657
7516,4843
7516,4903
7516,7575
7516,7595
7516,7620
7517,526
7517,713
7517,3896
7517,3976
7518,1520
7518,1660
7518,1813
7518,2005
7518,2559
7518,2633
7518,3451
7518,4685
7518,5280
7518,5667
7518,5761
7518,5781
7518,5957
7518,6078
7518,6470
7518,7370
7519,934
7519,3114
7519,4304
7519,4543
7519,6193
7519,6769
7520,85
7520,1058
7520,1113
7520,2039
7520,2239
7520,2370
7520,2571
7520,3359
7520,4680
7520,5404
7520,7280
7520,7464
7521,3532
7521,3613
7521,3772
7521,3895
7521,4384
7523,28
7523,1429
7523,2239
7523,3698
7523,5056
7524,1098
7524,1423
7524,1872
7524,1961
7524,2198
7524,2572
7524,2820
7524,3698
7524,4522
7524,4822
7524,5412
7524,6069
7524,7357
7525,789
7525,810
7525,2113
7525,2765
7525,2911
7525,3996
7525,5037
7525,5258
7525,5975
7525,7289
7526,305
7526,1633
7526,1777
7526,1981
7526,3310
7526,3577
7526,3621
7526,6269
7526,6572
7526,6600
7527,1744
7527,2198
7527,2615
7528,2708
7528,7146
7528,7581
7529,1230
7529,2515
7529,5564
7529,5890
7529,6214
7529,7057
7530,709
7530,1702
7530,1791
7530,1920
7530,3900
7530,4060
7530,4814
7530,5131
7530,5421
7530,5432
7530,6130
7530,6635
7530,7037
7530,7460
7531,1646
7531,2843
7531,3211
7531,4310
7531,5737
7531,6625
7532,244
7532,1440
7532,3121
7532,3303
7532,3829
7532,4332
7532,4850
7532,5578
7532,5656
7532,6107
7532,7064
7532,7316
7533,104
7533,594
7533,635
7533,1025
7533,1154
7533,1366
7533,1542
7533,2937
7533,2954
7533,4036
7533,4927
7533,4977
7533,6158
7533,6863
7534,1591
7534,2778
7534,3063
7534,4164
7534,4217
7534,4791
7534,5311
7534,5597
7534,5703
7534,6702
7535,312
7535,359
7535,772
7535,841
7535,958
7535,1735
7535,1945
7535,1970
7535,2320
7535,2571
7535,3039
7535,3225
7535,4474
7535,4662
7535,4669
7535,5392
7535,6802
7535,7219
7535,7537
7536,633
7536,1206
7536,1513
7536,4402
7536,7280
7537,479
7537,1663
7537,2888
7537,3152
7537,3188
7537,3958
7537,4326
7537,4376
7537,4384
7537,4578
7537,4806
7537,4864
7537,5987
7537,6537
7537,7535
7538,1295
7538,1952
7538,1955
7538,2453
7538,3281
7538,3437
7538,3949
7538,4305
7538,4424
7538,4628
7538,5074
7538,6554
7538,6970
7539,593
7539,1634
7539,1712
7539,2198
7539,4376
7539,5234
7539,5404
7539,5881
7539,6702
7540,1744
7540,3008
7540,6414
7540,6634
7540,6669
7540,6678
7541,554
7541,2654
7541,4354
7541,6623
7543,1255
7543,3374
7543,4994
7544,54
7544,177
7544,581
7544,932
7544,2605
7544,3572
7544,3719
7544,3939
7544,4237
7544,4497
7544,4534
7544,4618
7544,4861
7544,7500
7545,6122
7545,7379
7546,990
7546,4602
7546,6110
7548,2068
7548,3329
7548,3573
7548,5839
7548,6589
7548,6946
7549,1202
7549,1356
7549,4690
7549,5767
7549,6869
7549,7123
7550,72
7550,471
7550,536
7550,1270
7550,1896
7550,2213
7550,3566
7550,3602
7550,3966
7550,5101
7550,5194
7550,5654
7550,6251
7550,6563
7550,7455
7550,7596
7551,1424
7551,1439
7551,3359
7551,3698
7551,3910
7551,5003
7551,5029
7552,2198
7552,6592
7553,776
7553,2772
7553,4261
7553,4805
7553,5485
7553,6690
7553,7164
7554,78
7554,647
7554,1664
7554,3288
7554,5300
7555,787
7555,806
7555,2090
7555,2147
7555,2260
7555,2622
7555,4312
7555,4504
7555,4548
7555,6212
7555,6793
7555,6842
7556,721
7556,1820
7556,2118
7556,2299
7556,2455
7556,2611
7556,2999
7556,3503
7556,4490
7556,4735
7556,4940
7556,6452
7556,7550
7558,2
7558,846
7558,980
7558,3014
7558,3026
7558,4183
7558,4634
7558,7590
7559,256
7559,615
7559,3375
7559,6226
7560,760
7560,1383
7560,2793
7560,3581
7560,4198
7560,4576
7560,4805
7560,6630
7561,2220
7561,4854
7561,5500
7561,5610
7561,5791
7561,7373
7562,1015
7562,1953
7562,2100
7562,3292
7562,4242
7562,4843
7562,5020
7562,5276
7562,5684
7562,6044
7562,6514
7562,6819
7562,7497
7563,2053
7563,2100
7563,5548
7563,7620
7564,703
7564,1252
7564,1950
7564,3611
7564,3765
7564,4276
7564,4976
7565,315
7565,342
7565,580
7565,794
7565,1073
7565,1131
7565,1324
7565,1824
7565,1841
7565,2182
7565,2790
7565,3266
7565,3376
7565,3774
7565,3892
7565,3915
7565,3997
7565,4226
7565,4357
7565,4923
7565,6111
7565,6278
7565,6347
7565,6587
7565,6712
7565,7314
7565,7451
7565,7461
7565,7504
7565,7530
7566,928
7566,937
7566,1803
7566,2557
7566,3217
7566,3272
7566,4034
7566,4300
7566,4441
7566,4619
7566,5454
7566,5588
7566,6104
7566,6502
7566,6519
7566,6997
7567,1201
7567,1265
7567,1605
7567,1837
7567,2501
7567,3694
7567,4119
7567,4927
7567,6011
7567,6863
7567,6949
7567,7301
7568,369
7568,1431
7568,1805
7568,1907
7568,2313
7568,2521
7568,3608
7568,4484
7568,5799
7568,5966
7568,6319
7568,7010
7568,7085
7568,7181
7568,7487
7569,2059
7569,2579
7569,2703
7569,4917
7569,5798
7569,5998
7569,6026
7569,7006
7569,7269
7569,7401
7569,7422
7570,2362
7570,4655
7571,1168
7571,2002
7571,2088
7571,2858
7571,3110
7571,3568
7571,4389
7571,4977
7571,5809
7571,6136
7571,6498
7571,6697
7571,6926
7571,7028
7572,321
7572,527
7572,1214
7572,1268
7572,1647
7572,1840
7572,2339
7572,2521
7572,2600
7572,2961
7572,2991
7572,3079
7572,3093
7572,3206
7572,3284
7572,3693
7572,3758
7572,4090
7572,4249
7572,4553
7572,4787
7572,4827
7572,4895
7572,5286
7572,5344
7572,5352
7572,5468
7572,5577
7572,5593
7572,6847
7572,6990
7572,7008
7572,7231
7572,7265
7572,7369
7573,358
7573,593
7573,770
7573,1929
7573,3049
7573,3713
7573,5251
7573,5982
7573,6672
7574,2923
7575,84
7575,135
7575,508
7575,531
7575,664
7575,1953
7575,2282
7575,2297
7575,2785
7575,3002
7575,3175
7575,3624
7575,3661
7575,3967
7575,4258
7575,4291
7575,4657
7575,4732
7575,4853
7575,4962
7575,4963
7575,5187
7575,5558
7575,5642
7575,5789
7575,5854
7575,6515
7575,6591
7575,6819
7575,7516
7576,1036
7576,1291
7576,1297
7576,2703
7576,4482
7576,5301
7576,5604
7576,5907
7576,6619
7576,6630
7576,7375
7577,924
7577,1018
7577,1415
7577,2380
7577,3648
7577,4669
7577,4934
7577,5734
7577,6669
7577,7021
7577,7352
7577,7511
7578,1415
7578,3172
7578,7003
7579,585
7579,769
7579,1285
7579,1522
7579,1669
7579,1718
7579,2254
7579,2303
7579,2613
7579,3913
7579,4078
7579,4314
7579,4555
7579,5014
7579,5374
7579,5839
7579,5971
7579,6454
7579,7200
7579,7375
7579,7591
7579,7600
7580,85
7580,103
7580,1284
7580,1624
7580,3183
7580,3225
7580,4303
7580,5296
7580,5730
7580,7067
7580,7465
7581,2708
7581,3111
7581,3508
7581,7528
7582,3
7582,235
7582,473
7582,731
7582,958
7582,1908
7582,1918
7582,2129
7582,2657
7582,2745
7582,3377
7582,3456
7582,4128
7582,4556
7582,5058
7582,5194
7582,5259
7582,5381
7582,5732
7582,5840
7582,6242
7582,6265
7582,6413
7582,6537
7582,7103
7582,7289
7583,159
7583,429
7583,2997
7583,5422
7583,5763
7584,804
7584,1966
7584,1979
7584,3757
7584,3866
7584,3890
7584,5150
7585,1453
7585,1695
7585,3578
7585,4216
7585,5145
7585,5231
7585,6769
7585,6954
7586,239
7586,887
7586,1072
7586,2308
7586,3642
7586,4332
7586,5239
7586,5861
7586,5946
7586,5970
7586,6049
7586,7237
7587,804
7587,1120
7587,1362
7587,1673
7587,2928
7587,3381
7587,4438
7587,4621
7587,4692
7587,4985
7587,5080
7587,7467
7588,747
7588,2897
7588,3351
7588,3731
7588,3937
7588,4571
7588,5765
7588,7479
7589,299
7589,881
7589,1962
7589,2113
7589,3224
7589,3966
7589,4029
7589,4373
7589,4940
7589,4987
7589,7225
7590,2
7590,846
7590,980
7590,1764
7590,2363
7590,4989
7590,5986
7590,7558
7591,1359
7591,1870
7591,2162
7591,2390
7591,3141
7591,4078
7591,4234
7591,5604
7591,6836
7591,7200
7591,7579
7592,5139
7592,6069
7592,6664
7593,762
7593,2198
7593,3408
7593,3748
7593,4806
7593,5816
7593,6487
7593,7395
7594,1340
7594,1556
7594,1952
7594,2412
7594,3222
7594,3461
7594,5074
7594,5663
7594,5872
7594,6813
7594,7287
7595,1559
7595,2100
7595,2616
7595,4856
7595,4866
7595,5822
7596,1076
7596,1347
7596,1353
7596,1429
7596,1610
7596,1904
7596,2871
7596,3310
7596,3339
7596,4173
7596,4386
7596,6450
7597,290
7597,687
7597,1102
7597,1249
7597,1708
7597,2013
7597,3502
7597,3808
7597,4578
7597,5782
7597,6137
7597,6253
7597,7607
7598,298
7598,609
7598,653
7598,671
7598,1365
7598,1529
7598,1646
7598,1683
7598,1858
7598,2067
7598,2361
7598,2398
7598,2983
7598,3449
7598,4047
7598,4123
7598,4353
7598,4711
7598,4761
7598,4968
7598,6083
7598,6829
7598,7015
7598,7024
7598,7218
7599,903
7599,1427
7599,1778
7599,2040
7599,3183
7599,3895
7599,4083
7599,4196
7599,4228
7599,4420
7599,4422
7599,4469
7599,6527
7599,7197
7599,7593
7600,707
7600,1718
7600,2314
7600,3170
7600,3952
7600,4691
7600,7579
7601,1194
7601,3123
7601,3257
7601,3621
7601,3657
7601,6353
7602,107
7602,4031
7602,4745
7602,5321
7602,6105
7603,185
7603,432
7603,625
7603,718
7603,1453
7603,2354
7603,3762
7603,4398
7603,4480
7603,5171
7603,6017
7603,6265
7603,7478
7603,7480
7604,2913
7604,4680
7604,6702
7605,1257
7605,2085
7605,2466
7605,4370
7605,7185
7605,7429
7606,53
7606,503
7606,3823
7606,3972
7606,6698
7606,7063
7607,240
7607,455
7607,2571
7607,2725
7607,2921
7607,3081
7607,3648
7607,4463
7607,4669
7607,4688
7607,5039
7607,5278
7607,5463
7607,5840
7607,5881
7607,6075
7607,6284
7607,6315
7607,6484
7607,6669
7607,7593
7608,892
7608,911
7608,1761
7608,2111
7608,3078
7608,3457
7608,3725
7608,4140
7608,4609
7608,4957
7608,4990
7608,5170
7608,6630
7608,6909
7608,7047
7608,7512
7609,257
7609,1728
7609,4655
7609,6366
7610,1711
7610,1744
7610,3987
7610,4127
7610,5214
7610,5385
7610,7021
7610,7428
7611,31
7611,3967
7611,7095
7612,69
7612,85
7612,973
7612,2143
7612,2198
7612,3183
7612,3659
7612,3948
7612,5082
7612,6961
7612,7067
7612,7101
7613,195
7613,978
7613,1068
7613,1936
7613,3450
7613,4051
7613,4646
7613,5320
7613,6225
7613,6249
7614,1977
7614,2250
7614,2822
7614,3316
7614,4375
7614,4960
7614,5540
7614,6099
7614,7014
7615,1845
7615,3997
7615,4143
7615,4280
7615,5153
7615,6138
7615,6874
7616,1999
7616,5709
7617,1711
7617,2239
7617,3277
7617,3502
7617,4421
7617,4806
7618,941
7618,1251
7618,3437
7618,3872
7618,3884
7618,4209
7618,7237
7619,61
7619,1429
7619,1746
7619,2198
7619,2380
7619,3277
7619,3987
7619,6921
7620,12
7620,84
7620,141
7620,168
7620,239
7620,280
7620,347
7620,508
7620,642
7620,738
7620,845
7620,895
7620,1039
7620,1043
7620,1138
7620,1150
7620,1242
7620,1543
7620,1554
7620,1588
7620,1892
7620,1988
7620,2190
7620,2282
7620,2433
7620,2482
7620,2539
7620,2560
7620,2723
7620,2759
7620,2824
7620,2825
7620,2836
7620,2930
7620,3112
7620,3292
7620,3360
7620,3603
7620,3852
7620,4104
7620,4169
7620,4258
7620,4275
7620,4332
7620,4361
7620,4429
7620,4431
7620,4446
7620,5059
7620,5134
7620,5225
7620,5411
7620,5462
7620,5473
7620,5647
7620,5838
7620,5983
7620,6049
7620,6122
7620,6577
7620,6583
7620,6591
7620,6776
7620,6979
7620,7194
7620,7232
7620,7292
7620,7423
7620,7485
7620,7516
7620,7562
7620,7563
7621,496
7621,1134
7621,1340
7621,2799
7621,3343
7621,4867
7621,5633
7621,5817
7621,6245
7621,6910
7622,242
7622,1035
7622,2976
7622,3571
7622,3953
7622,4961
7622,5320
7622,5720
7622,6169
7622,7041
7622,7620
7623,1091
7623,1802
7623,2993
7623,3895
7623,6832
7623,7171
7623,7330
7623,7370
7624,397
7624,1225
7624,1291
7624,1607
7624,2258
7624,3404
7624,3492
7624,3702
7624,3959
7624,4368
7624,4493
7624,4692
7624,5589
7624,7222
7624,7370
7625,68
7625,348
7625,823
7625,1025
7625,1114
7625,1231
7625,1605
7625,2716
7625,2841
7625,2858
7625,2934
7625,3338
7625,3390
7625,4166
7625,4319
7625,4444
7625,4547
7625,4998
7625,5149
7625,5353
7625,5766
7625,6292
7625,6710
7625,6943
7625,7301
7626,1670
7626,3562
7627,1176
7627,2111
7627,4805
7627,5312
7627,5332
7628,903
7628,1006
7628,2106
7628,2614
7628,4871
7628,5689
7628,5740
7628,5975
7628,7501
7629,1830
7629,5383
7630,136
7630,174
7630,541
7630,661
7630,1272
7630,1717
7630,1803
7630,1863
7630,3558
7630,3575
7630,4539
7630,4728
7630,5825
7630,7043
7630,7648
7631,131
7631,656
7631,695
7631,1593
7631,1617
7631,2101
7631,3041
7631,3375
7631,4287
7631,4645
7631,4993
7631,6207
7631,6226
7631,7055
7631,7355
7632,2576
7632,3895
7632,4109
7632,5455
7632,6012
7633,970
7633,3501
7633,3712
7633,4952
7633,5461
7634,352
7634,2529
7634,3510
7634,4273
7634,5556
7634,6909
7635,975
7635,2198
7635,6770
7635,7067
7636,1482
7636,2982
7636,7172
7636,7476
7637,326
7637,2231
7637,2488
7637,5062
7637,7454
7638,832
7638,967
7638,4541
7638,4957
7639,148
7639,310
7639,1109
7639,3400
7639,4428
7639,5910
7640,5570
7641,43
7641,676
7641,1048
7641,1255
7641,1480
7641,1985
7641,2236
7641,2872
7641,3645
7641,4449
7641,5185
7641,5221
7641,5617
7642,2737
7642,4099
7642,4425
7642,4721
7642,4981
7642,5113
7642,5242
7642,7249
7642,7431
7642,7484
7643,1036
7643,2978
7644,50
7644,2239
7644,3332
7644,3491
7645,1332
7645,1781
7645,1937
7645,2022
7645,2842
7645,3119
7645,3288
7645,3652
7645,3797
7645,4052
7645,4175
7645,4901
7645,4911
7645,5319
7645,5416
7645,6132
7645,6858
7645,6918
7646,453
7646,569
7646,1743
7646,6275
7647,268
7647,577
7647,4646
7647,6304
7647,7034
7648,937
7648,2389
7648,4666
7648,5090
7648,5588
7648,5668
7648,6046
7648,6091
7648,7118
7648,7255
7649,2239
7649,3295
