0,2239
0,4337
0,7395
1,107
1,483
1,856
1,1066
1,1315
1,2113
1,2648
1,3013
1,4259
1,4735
1,5321
1,5433
1,6417
1,6563
3,448
3,4376
4,3474
4,5030
5,71
5,3134
5,3920
5,4040
5,6843
6,4311
7,401
7,433
7,2591
7,5413
7,5977
8,3404
8,3978
9,1435
10,1088
10,1980
10,5929
11,2168
12,4850
14,85
14,1965
14,4376
15,4376
16,7505
17,3988
18,3895
18,4376
18,5404
19,1664
19,1982
19,4557
19,6587
20,1586
20,4433
20,5305
21,1989
21,2606
21,6991
22,995
22,3741
22,4280
22,6163
22,6645
23,1226
23,3093
23,4243
23,6208
23,6461
24,6414
24,7247
25,3699
25,3899
25,6902
25,7398
26,3221
26,5302
26,5932
26,7398
26,7534
27,213
27,4352
27,4522
28,522
28,714
28,1627
28,1834
28,2030
28,2070
28,4194
28,5496
28,5498
28,6696
28,6844
29,2647
29,6290
30,669
30,2732
30,3457
30,3633
30,4115
30,5501
30,6845
31,1049
31,6352
31,7095
31,7620
32,558
33,1226
33,2013
33,6673
34,2704
34,2935
34,5251
35,929
35,6415
36,105
36,1060
36,1827
36,4390
36,4854
37,4760
38,569
38,1309
38,1743
38,3023
38,6275
38,6965
39,601
39,3990
39,6717
40,107
40,483
40,1184
40,3585
40,4029
40,5461
40,6451
40,7602
41,4376
41,6474
42,2736
42,3242
42,3721
42,4161
42,5799
42,6702
42,7369
43,2077
43,5885
45,3281
45,5093
45,6393
46,1035
46,6583
47,3195
47,4338
47,6546
47,7456
49,212
49,382
50,3686
50,5029
50,6015
51,2225
51,2738
52,6432
52,7095
53,45
53,577
53,2283
53,3425
53,4705
54,2528
54,3431
54,4618
54,4861
54,7544
55,1606
56,3219
56,6768
57,882
57,2090
57,3543
59,2204
60,494
60,1349
60,2275
60,2716
60,2967
60,5886
61,2689
61,7619
62,771
62,2299
62,2425
64,3511
64,5046
64,6144
64,7408
65,2111
65,4456
67,878
67,1009
67,1075
67,2315
68,5021
68,6455
68,6883
69,3311
69,4071
70,2036
70,3494
70,5550
70,5566
71,4917
71,5722
72,28
73,198
73,1679
73,1820
73,1896
73,1904
73,1922
73,2384
73,4724
73,6252
75,339
75,881
75,2569
75,4490
77,309
77,7150
78,4721
78,6018
78,7554
81,5276
82,3432
83,886
83,1055
83,1823
83,4613
83,6410
83,6425
84,1123
84,3661
85,1954
85,3069
85,3183
85,3958
85,4167
85,5058
85,6242
85,6736
85,7044
85,7280
86,3573
86,4118
87,5499
88,3783
88,5226
88,6258
89,1028
89,1081
89,2030
89,2193
89,2916
89,3379
89,3970
89,4243
89,4579
90,676
90,2709
90,3647
91,2287
91,3098
91,4223
92,606
92,2572
92,5404
93,2606
93,2742
94,1417
94,4297
95,2143
95,3864
95,6098
96,144
97,3792
98,6024
98,7210
99,1357
100,638
100,3554
100,4084
101,7049
102,2506
103,149
103,226
103,3508
103,5926
103,6489
103,6510
103,7580
104,3522
104,4444
104,4481
104,7301
105,28
105,7042
106,456
106,2415
106,2438
106,3207
106,6159
107,40
108,5093
108,7427
109,1790
110,2996
111,3336
111,5052
111,7332
112,5237
113,1753
113,6409
114,3277
114,3561
114,5404
116,7216
117,3396
117,4130
118,2547
118,3698
118,4373
120,1234
120,3084
120,4382
121,917
122,932
122,3601
122,4237
122,7460
123,4384
123,5404
123,5446
124,7067
125,1912
126,2366
127,3697
128,2263
128,4769
130,2726
131,7631
132,2039
132,2198
132,4535
133,703
134,7057
135,3191
136,7255
137,391
137,2164
137,2460
137,7196
137,7612
138,258
138,717
138,2410
139,326
139,2335
139,3007
139,7251
140,3696
140,4018
140,4929
141,7620
142,2602
142,5107
143,106
143,2143
143,4168
143,6417
143,6878
143,7035
144,2366
144,2951
144,3128
144,7230
146,88
146,4400
146,6674
146,7304
147,578
147,1223
147,2805
147,4123
147,4681
147,5784
148,3495
148,3777
149,551
149,2621
149,3698
150,2803
150,2875
150,3038
150,3767
150,5026
150,6337
151,2914
152,5641
155,5234
156,3097
156,4094
156,5777
157,2100
157,2876
157,3156
157,4810
158,3187
158,3843
158,4334
158,5275
158,6786
159,6142
159,7087
160,90
160,586
160,1452
160,2524
160,2695
160,4019
160,6460
161,1911
161,2298
162,1205
162,1689
162,4433
162,5031
162,5146
162,6494
162,6815
163,2397
164,4875
164,6539
166,439
166,3104
167,1347
167,7035
168,3872
169,3683
169,4402
169,5982
169,7464
170,2198
171,1869
171,5817
172,1656
172,2757
173,1006
174,937
174,4441
174,7630
175,2335
177,932
177,1021
177,2528
177,4197
177,5124
179,3795
179,4459
179,6102
180,4837
180,7068
181,4922
181,5506
182,112
182,6090
182,6806
183,2124
183,5543
184,2215
184,3897
185,7067
186,3961
186,4105
186,7506
187,1065
187,1247
187,6130
188,1108
188,6582
188,6778
189,463
190,3599
190,5076
190,5763
191,7292
192,947
192,2013
192,6098
193,66
193,1117
193,6025
193,6169
193,6817
194,2372
195,1952
195,1964
195,2428
195,3633
195,5887
196,2653
196,4376
197,1252
197,5423
197,5566
197,5596
197,5910
199,4449
199,5043
200,150
200,873
200,4533
201,4392
202,139
202,1175
202,2749
202,3281
202,3705
202,3763
202,4628
202,5633
203,3779
203,6512
204,3569
204,5587
205,1536
209,4916
209,5701
210,6393
211,40
212,49
212,571
212,1922
212,2325
212,3520
212,5576
212,5917
213,4376
213,5676
214,6441
214,7334
215,4747
215,6110
215,7000
216,4883
216,5250
217,40
217,2955
218,3712
219,1400
222,819
222,1354
222,2877
222,5297
223,70
223,310
223,752
223,2149
223,2213
223,3351
223,3566
223,5661
223,6590
224,3240
224,4805
225,669
225,7322
226,875
227,6433
229,20
229,5397
229,5772
229,7344
231,2951
232,1508
233,593
233,2239
233,6414
234,452
234,2688
234,6782
235,3311
235,3718
235,4376
236,1282
236,2281
236,5849
236,6046
237,5419
237,6173
238,1025
238,2442
239,3972
239,7117
239,7586
240,3183
241,3354
241,5238
242,1190
242,2308
242,2870
242,3814
242,7622
243,1513
243,2553
243,7280
244,1788
245,1291
245,2198
246,852
247,890
247,3057
247,6525
248,1486
248,6379
248,6594
249,4744
249,5803
250,100
250,6165
250,7588
251,331
252,4430
252,5118
253,1990
253,3405
254,1798
254,2406
254,3330
254,6702
254,6774
256,4145
256,5153
256,6855
258,27
258,1431
258,1711
258,2239
258,3768
258,4306
258,4453
258,5105
258,5324
258,5797
258,6069
258,6434
258,7231
258,7619
259,875
259,1377
259,4315
260,989
260,1350
260,1415
260,2587
260,2657
260,3149
260,3178
260,5840
260,5945
261,706
261,3287
261,6492
262,1777
262,3966
262,5181
263,4244
263,6969
264,835
264,1915
264,2066
264,3249
264,7076
265,4781
266,1628
266,2883
266,5455
266,5709
267,3051
267,4578
268,4360
268,5134
268,5988
268,7488
269,759
269,4203
269,4373
270,1936
270,7081
271,300
272,2848
272,4376
272,5194
273,737
273,794
273,1656
273,2226
273,3881
273,6874
273,7314
274,4344
274,5484
275,909
275,1412
275,3543
275,3597
275,4614
275,4881
276,1610
276,4805
276,6345
277,1704
277,3629
277,5672
277,7140
279,3236
279,4351
279,5876
279,6623
280,268
280,1598
280,3360
280,7620
281,1754
281,7571
283,196
283,986
283,2402
284,458
284,572
284,983
284,2654
284,3376
284,5627
285,1467
285,5881
285,7395
286,271
286,623
286,2082
286,2721
286,6364
288,2986
289,2727
289,7620
290,687
290,6024
290,7597
291,2659
291,3762
291,6537
294,4350
295,629
295,2454
295,5993
296,3724
296,3969
296,4295
297,1149
298,3795
298,7598
300,2082
300,4377
300,5244
301,1080
301,6481
301,6914
303,4293
303,6062
304,152
304,287
304,1590
304,6022
304,6615
305,1689
305,2202
305,2563
305,4092
305,4187
305,4223
305,4317
305,5984
305,6157
305,6737
305,7309
306,1929
306,4956
306,7290
306,7305
307,355
307,4202
308,2031
308,5287
308,5948
308,7584
309,3859
309,6596
309,7215
310,3173
310,4783
311,2519
312,42
312,2198
312,3856
313,2233
313,2295
313,4073
314,256
314,5867
314,6090
314,6376
315,7157
316,328
316,2281
317,304
317,1058
318,5372
318,6702
319,1796
319,2598
319,2689
319,3439
319,7247
320,4384
320,5415
320,6039
321,1050
322,1738
322,2198
322,2541
323,1865
324,1609
324,4960
324,5465
325,1906
325,3705
325,7507
326,526
326,3083
326,7107
326,7354
327,2693
327,3917
327,4550
327,5353
327,7161
327,7242
328,1391
328,1583
328,2281
328,2474
328,2635
328,6391
329,2767
329,2997
329,4823
330,1921
330,2082
330,5770
330,6643
331,246
331,251
331,846
331,3232
331,6263
331,6946
332,871
332,999
332,6623
333,7529
334,47
334,2714
334,4338
335,1785
335,4905
335,6250
335,7506
336,1069
336,6048
337,3315
337,5395
338,2050
338,6853
338,7027
340,1346
340,2854
341,2370
341,4952
341,6430
342,1772
342,7565
343,1915
344,3277
345,951
345,1058
345,2618
345,3132
345,7464
346,23
346,1798
346,2215
346,5251
347,4907
347,6813
348,1025
348,1231
348,7301
348,7533
349,1334
349,3102
349,6357
350,367
350,1124
351,5881
352,994
352,2487
352,5170
352,6569
352,7328
353,2198
354,1462
354,1590
354,2203
354,2858
354,4011
354,4359
354,4749
354,7152
355,1808
355,2947
355,3147
355,3214
355,5046
356,2867
356,3490
357,2595
358,7096
359,3380
359,4954
360,2093
361,440
361,1998
361,2619
361,6694
361,7132
362,6147
363,4440
364,5894
364,5910
365,5970
366,5799
368,3694
368,3863
368,6977
368,7358
369,2365
369,3859
369,4355
369,4734
369,5359
369,6551
369,7101
369,7174
370,2221
372,1069
372,2239
373,872
373,1026
373,1075
373,1924
373,1946
373,2422
373,6606
374,4928
375,319
375,1467
375,1663
375,1796
375,4184
375,4578
375,7607
377,2995
378,1332
378,4298
378,4425
378,6865
380,4680
380,5455
381,4178
381,5253
381,6263
381,6908
382,1133
382,3978
382,4282
382,7345
383,2871
383,4013
383,4217
383,5302
384,197
384,891
384,912
385,84
385,157
385,2876
387,3244
389,5404
389,7290
390,1584
391,137
391,4535
392,7010
395,2570
395,3635
395,5226
396,238
396,1208
396,2687
396,5149
396,7199
397,584
397,1252
397,3821
397,5174
399,7
399,3730
399,6894
400,1152
401,1694
401,4265
401,5426
401,6853
402,2390
402,4730
403,1579
403,5343
403,6187
404,6979
405,2849
405,3825
406,799
406,929
406,5149
407,6053
408,7296
408,7401
409,187
409,2720
409,4144
409,6718
410,4376
410,4805
411,48
411,590
411,6369
412,2895
412,4375
413,2927
413,6897
414,1713
414,6616
414,7189
414,7256
415,1293
415,3895
416,792
416,2580
416,4036
416,4481
417,5177
419,4912
419,6343
420,237
420,2251
420,4181
421,4384
422,5104
422,6144
423,1806
423,2362
424,4537
425,2548
427,78
427,2022
428,5566
429,2902
429,5183
430,2570
431,5160
431,5710
431,6921
432,2977
432,3672
432,4230
432,5125
432,7486
433,7
433,6687
434,4222
435,3951
435,5552
435,6075
436,4027
436,4555
437,608
437,1848
437,4339
437,4794
440,3208
440,5991
441,1053
441,2046
441,3420
441,4265
442,517
442,1504
442,3840
442,4619
442,4666
443,2519
443,6751
444,1646
444,5138
444,5345
444,5405
444,6488
444,7489
445,2198
445,2913
445,6702
446,818
446,2485
446,2772
446,3322
446,5082
446,5108
446,5412
446,7289
447,1326
447,2456
447,3431
448,1453
448,5446
448,7252
449,4267
450,1377
451,354
451,2351
451,6455
451,7358
452,68
452,1199
452,1312
452,2716
452,3314
452,4331
452,4359
452,4627
452,6782
452,7156
452,7381
452,7625
453,529
453,779
454,2373
454,6509
455,1415
455,2906
455,7607
456,262
456,536
456,834
456,1979
456,2961
456,3849
456,3854
456,5289
456,5500
456,5598
456,5651
456,5728
456,6338
457,2580
458,557
458,4101
459,5681
459,6132
459,7645
460,4067
460,4952
461,1595
461,3743
461,5504
461,5524
463,1983
463,2281
463,2387
463,3324
464,1613
464,6763
464,7306
466,1958
467,2091
467,6154
469,3693
470,1025
470,1425
470,4752
471,456
471,4098
471,7365
471,7409
472,1075
472,2535
472,3680
472,4656
472,7176
472,7190
473,1058
473,2586
473,7572
474,1586
474,2795
474,2801
474,3073
474,4904
474,4918
474,5807
474,7121
475,3359
475,4847
475,6906
476,3070
476,3277
476,3607
477,1464
478,340
478,1243
478,7014
479,138
479,3909
479,5640
479,6413
479,6701
479,7487
480,4346
481,1466
481,2012
481,2137
481,2352
481,2926
481,4873
481,4886
481,6496
481,7214
481,7426
482,593
482,1723
482,2106
482,2661
482,5399
482,5689
483,2415
484,2649
484,6907
484,7021
485,3278
485,5249
485,6134
485,6323
486,276
486,2239
486,4691
487,862
487,3499
487,4295
488,4199
489,3578
490,7330
491,2180
491,4334
491,4639
491,6255
491,6680
492,3044
492,4574
493,1000
493,2451
493,2469
493,3337
494,60
494,689
494,2198
495,960
495,974
495,1769
495,2258
495,2354
495,3556
495,3739
495,3785
495,4519
495,4672
495,5941
495,6747
496,3524
496,6556
496,7621
497,3817
498,984
498,4254
498,6637
499,6296
500,7330
501,2372
501,7456
502,4427
502,7234
502,7239
504,2292
505,4384
506,2007
509,762
509,4952
510,5345
510,6625
511,880
511,2824
512,7248
513,7137
514,4094
514,4501
514,4762
515,7492
516,4566
517,801
517,1717
517,1972
517,3874
517,4751
517,6416
518,2342
518,4159
518,5056
518,5372
518,6406
519,458
520,778
521,1291
521,6131
522,3947
522,5597
522,7601
523,784
523,1436
524,3829
524,5690
525,139
525,548
525,1181
525,1611
525,3709
525,6861
525,7200
526,775
526,920
526,1382
526,2026
526,2402
526,2988
526,3062
526,5428
526,6388
526,6794
526,6835
526,7006
527,789
528,4670
529,2189
529,2552
529,5662
529,7368
531,734
531,4961
531,5822
531,7575
532,6309
532,6747
533,7276
536,920
536,1714
536,6807
537,3116
538,2765
539,5179
540,1210
540,4408
540,4857
540,6140
541,1505
542,7464
543,932
544,3631
545,241
545,3145
545,5746
546,7004
546,7199
547,281
547,3254
547,3286
548,139
548,2593
548,2997
549,2052
549,3244
549,5185
549,5821
549,6621
549,7427
550,959
550,1124
550,6635
551,2529
551,4733
551,5010
552,115
552,1582
552,2310
552,2441
552,2470
552,4062
552,4715
552,5651
553,5707
554,682
554,4171
554,4208
554,5587
554,5686
555,1511
555,6252
555,6624
556,3840
557,284
557,1488
558,32
558,1195
558,4842
559,326
560,987
560,5210
561,685
561,782
561,1646
561,1882
561,4179
561,4921
561,5935
561,6092
562,1206
562,3185
562,5103
563,5094
563,5444
564,822
564,2665
564,3161
564,4277
564,5636
564,6162
564,6555
564,7235
565,396
565,1342
565,2687
565,4396
566,593
567,391
567,3128
568,1327
568,1368
568,2510
568,3698
568,4384
568,5816
569,3023
569,3570
570,787
570,1696
570,6357
571,3978
572,4673
573,103
573,750
573,930
573,1741
573,2998
573,5566
574,1968
574,4444
574,5021
575,2565
577,3166
577,3813
577,6514
577,6925
577,7132
577,7647
578,398
578,1223
578,1466
579,920
579,4559
580,4077
580,6623
580,7565
581,1131
581,1324
581,3389
581,4181
581,4391
581,5914
582,4771
582,6702
583,1263
583,1499
583,4223
584,956
584,2486
584,2945
584,3520
584,3559
584,4153
585,462
585,769
585,4482
585,6544
585,6967
586,160
586,3400
586,5367
587,911
587,3062
587,4584
588,4104
588,4587
588,7261
589,97
589,2641
589,4209
589,6249
590,6447
591,361
591,1347
592,2117
592,3053
592,6983
593,294
593,344
593,353
593,374
593,596
593,717
593,939
593,1023
593,1081
593,1127
593,1281
593,1330
593,1492
593,1673
593,1690
593,1727
593,1847
593,1850
593,1898
593,2017
593,2193
593,2340
593,2600
593,2832
593,2866
593,2977
593,3003
593,3027
593,3074
593,3252
593,3274
593,3287
593,3379
593,3446
593,3582
593,3768
593,3799
593,3987
593,4012
593,4511
593,4594
593,4774
593,4801
593,4836
593,4847
593,5077
593,5105
593,5313
593,5542
593,5572
593,5640
593,5904
593,6330
593,6596
593,6613
593,6614
593,6985
593,7017
593,7573
593,7593
594,1025
594,1542
594,4844
594,5766
595,745
595,6221
595,7009
596,1185
596,1796
596,2198
596,2553
599,4805
599,6597
600,7130
600,7250
601,2213
601,5263
602,709
602,3375
602,5547
604,2179
604,4806
604,6775
605,1736
605,4829
606,1278
608,437
608,1606
609,746
610,2270
610,2287
610,2935
611,4952
612,1966
612,3295
613,1132
613,1181
614,1013
614,3920
614,5174
615,2292
615,4087
615,7559
616,607
616,2639
616,3171
616,3723
616,3789
616,6039
616,6511
616,7072
617,1824
617,3759
617,6130
618,561
618,4191
618,5016
618,7469
619,147
620,19
620,4208
620,5884
620,7080
621,1870
621,2583
621,6516
622,2485
622,3138
622,5330
623,2141
623,3945
623,4377
624,1542
624,6938
625,6581
626,1113
626,7296
627,4891
627,7190
628,1761
628,1922
628,2111
629,2454
629,5368
630,43
630,676
630,2607
631,30
631,994
631,1832
631,4066
631,6834
632,5853
633,659
633,2661
633,5584
633,5979
633,6850
634,1130
634,5499
634,6493
634,7087
635,792
636,330
637,3175
637,6514
638,4577
638,4578
639,1424
639,3910
639,7395
643,807
643,2488
643,5763
643,6922
643,7454
644,1060
644,1930
644,3310
645,6390
645,6764
646,2188
646,6762
648,329
648,2574
648,3566
648,5004
648,5036
648,6548
648,6729
648,7414
649,2098
649,2312
649,4300
649,6104
650,6633
651,4646
651,7620
652,311
652,2604
652,3716
653,4179
653,4487
653,6288
655,2198
655,6699
655,6715
656,3915
657,85
657,1798
657,4253
657,4376
658,7276
658,7601
659,138
659,4248
660,1497
660,2529
660,6513
660,6845
660,7088
661,463
661,1016
661,1038
661,1851
661,4034
662,691
662,887
662,1219
662,2752
662,5603
663,7263
664,6979
665,2347
667,884
667,4925
667,6130
667,6806
668,5457
668,5458
668,6686
669,4679
669,5295
669,6038
669,7313
670,2791
670,3677
671,133
671,703
671,4122
671,7383
672,2440
673,2295
673,5895
675,2065
675,4685
675,5354
676,90
676,2436
676,5035
677,266
677,5641
678,2253
679,837
679,1096
679,3733
679,4933
680,2801
680,3339
680,4626
680,5181
681,3735
682,758
682,4673
683,1521
683,2186
683,4917
683,5120
684,3095
684,3989
685,561
685,1562
685,7383
686,5419
688,4411
688,5230
689,60
689,6034
690,2361
690,4117
690,4252
690,5357
691,2924
691,7145
693,260
693,3502
693,6551
694,7488
695,1177
695,1487
696,2487
697,5783
697,6871
697,7306
698,275
698,4883
699,884
699,1909
700,2008
700,6347
701,6739
702,3899
702,5964
703,118
703,133
703,883
703,2303
703,2495
703,4122
704,3227
704,3307
704,3437
704,4527
704,4994
705,1310
705,2299
705,5218
705,6426
705,7445
706,484
707,4549
707,5839
709,615
709,4610
709,5030
709,7009
710,366
710,2198
710,2553
710,5404
710,6669
711,5881
713,1749
713,7517
714,28
715,1958
715,2577
715,3330
715,7330
716,4656
718,2009
718,7603
719,4969
720,593
720,3185
720,4161
721,5000
721,6611
721,7269
723,1467
723,2985
724,1739
724,2987
724,3539
724,5144
725,1961
725,3698
726,4384
727,836
727,1170
727,7091
727,7369
728,1978
728,5917
728,6128
729,1375
729,4221
730,1311
730,1676
730,2318
731,4071
731,5251
732,1081
733,6671
734,5701
734,6025
735,5707
736,1280
736,1744
736,6183
738,941
738,4231
738,7620
740,1328
740,2196
740,5860
741,884
741,7271
743,4627
744,481
744,1477
744,2073
744,6488
745,1061
745,2329
745,3431
745,4443
745,4647
745,4814
745,5618
745,5867
745,7208
746,3452
747,638
747,3635
747,5078
747,5550
748,3691
748,4692
749,850
749,1364
749,1428
749,2860
749,5825
749,6532
750,1525
750,3600
751,1045
751,1353
752,6258
752,6766
753,4810
754,4216
755,2775
755,2780
755,3523
756,4033
757,497
757,4777
758,682
758,4077
758,4280
759,269
760,696
760,5155
761,395
761,3635
761,6729
762,4803
763,1656
763,1845
764,32
764,461
764,497
764,954
764,5307
764,5788
764,6896
764,7467
765,1507
765,2077
765,4019
766,113
766,1209
766,1333
766,1575
766,1817
766,1941
766,2368
766,2372
766,3223
766,3695
766,4680
766,4874
766,5505
766,6159
766,6654
767,186
767,1759
767,7118
768,5787
769,621
770,2017
770,7266
771,1843
772,1218
772,1798
772,2290
773,2647
774,1152
774,1447
774,3105
776,1069
776,2239
777,808
777,2375
777,5378
777,7077
778,1537
780,3912
780,6545
780,7079
780,7280
781,2321
781,3057
782,688
782,1646
782,5737
782,5896
783,3143
783,4088
783,7282
784,766
784,1058
784,2253
784,3223
784,5101
785,6565
786,2037
787,1827
787,1947
787,5257
788,5586
789,2194
789,2744
789,3225
789,5839
789,6984
789,7147
790,7049
791,1936
792,1968
792,7533
793,4067
794,5686
795,3183
795,4303
796,564
796,1550
796,5636
797,1073
797,4101
797,4856
798,2851
798,4794
798,6862
799,546
799,594
799,1844
799,1886
799,3790
799,4119
799,5891
800,269
801,1696
801,3305
801,5245
802,456
803,162
803,1896
803,2239
803,3670
803,4015
803,5467
803,5833
804,3839
804,5574
805,2769
805,6595
806,1648
806,2090
807,1359
807,1932
808,777
808,2376
808,2655
809,2798
810,1368
810,7289
811,5493
811,5518
811,5799
811,6921
812,837
812,1944
812,4397
813,260
813,1284
813,5732
813,6313
813,6774
814,4213
814,7568
815,2726
816,593
816,2106
816,3123
818,89
818,633
818,1206
818,4156
819,4611
819,5815
819,7388
820,2870
821,3115
821,6584
822,128
822,2027
823,1208
823,5087
824,4237
824,6138
824,6550
826,6304
827,1051
827,2539
827,4875
827,7026
828,516
828,4070
828,5692
828,6765
829,3265
832,3115
834,2626
835,954
835,1660
835,2345
835,3612
835,4805
835,5215
836,4080
836,4253
836,5042
837,1889
837,1917
837,6508
837,7361
838,702
838,925
839,119
839,5650
840,2582
840,4678
840,6013
840,6708
841,1453
841,4054
841,4466
841,6540
842,1694
842,2050
842,3652
842,4298
844,2792
844,4457
844,4931
845,3094
846,4725
846,4757
846,6263
846,6868
847,456
847,1058
847,2287
847,7481
848,2609
848,3825
848,7457
850,5753
850,6250
850,6931
851,4152
851,5843
851,6572
852,2612
852,3026
852,3521
852,4376
852,6851
853,3811
855,179
855,837
855,1892
855,2926
855,3584
855,6106
855,7012
855,7462
856,3275
857,5132
857,7353
858,2125
858,3578
858,5180
859,6433
860,705
860,2901
860,3359
861,1189
861,3866
862,3600
863,2668
863,4376
863,7320
864,2155
864,4094
867,3920
867,3927
867,5941
867,7452
868,3768
868,4946
868,6492
868,6907
868,7294
869,2115
869,4384
870,2601
871,2756
871,5959
871,6130
871,6652
872,1057
872,2094
872,2875
872,3746
873,1856
873,2619
873,3630
873,5991
873,7132
873,7329
874,2958
874,4595
875,6803
877,2037
877,2260
878,93
878,1331
878,1964
879,1396
879,4264
880,3735
880,3766
881,1315
881,1379
881,1495
881,3515
881,3532
881,4710
883,703
883,2239
884,667
884,5107
884,5827
885,6711
886,83
886,5277
887,2319
887,2436
887,7081
888,6764
889,3894
890,4795
890,4897
890,6525
891,560
891,3979
891,7435
892,1084
892,1967
892,2092
892,3701
892,4990
892,5944
892,7130
893,627
893,2052
893,3300
894,3872
894,5093
895,3429
895,7620
896,7130
897,988
897,3694
899,5958
899,7601
900,593
901,4585
901,7598
902,1375
902,4399
902,5027
903,1540
903,1798
903,5261
903,6618
904,1067
904,3950
904,5098
904,6760
905,456
905,3269
906,2271
906,2950
906,4538
907,2465
908,3555
908,4430
909,1969
909,2147
909,4666
910,6368
911,7054
911,7077
911,7512
912,384
912,1629
912,3979
912,7435
913,6944
914,5849
914,6010
915,2133
915,3029
916,3311
916,6702
916,7607
917,121
917,2554
918,4906
918,6201
918,6232
919,4062
920,105
920,1253
920,2761
920,5001
920,6085
921,5
922,4653
922,4747
923,526
924,593
924,5136
924,6669
925,838
925,3325
925,3699
925,5964
925,6940
926,4666
927,1816
928,1983
928,2327
928,6212
928,6679
929,406
929,2802
929,3055
929,5892
930,573
930,606
930,4952
931,750
931,3928
932,1003
932,1021
932,1455
932,2343
932,2939
932,4924
932,5027
932,5333
932,5815
932,6374
933,740
933,1804
935,6763
936,71
937,1272
939,1284
939,1663
939,6702
939,6707
940,1046
941,2550
941,3429
941,4002
941,4424
941,4907
941,5349
941,7485
942,85
943,5230
943,5928
943,6168
943,6725
944,6130
946,6568
947,2220
947,7127
948,6362
949,25
949,925
949,3325
949,3699
949,5964
949,6902
950,1107
950,3534
951,2107
951,2573
951,3693
951,4402
952,960
952,1429
952,3203
952,3654
952,5758
952,7456
954,2385
954,4805
955,789
955,4384
956,526
956,2059
956,6699
957,6329
958,3183
959,2181
959,3988
959,7449
960,952
961,6655
961,6661
962,6433
962,6656
964,40
964,2678
965,995
965,4143
965,4492
966,920
966,5190
966,5209
967,2175
967,2798
967,3051
967,4541
967,5108
967,6474
967,6769
967,7638
968,1244
968,1256
968,2949
968,4399
968,4984
969,481
969,4663
969,6488
970,5661
970,7633
971,1182
971,6458
973,2958
973,3311
973,4952
973,6984
973,7465
974,495
975,5813
977,1438
977,5523
979,2429
979,3696
979,5900
979,7089
980,1297
980,3631
980,4757
980,5630
980,7191
981,3102
981,3678
982,6767
985,5863
986,4115
987,560
988,851
988,1556
988,4665
988,6473
988,7482
990,2354
990,3866
990,4009
990,5957
991,4224
991,6894
993,4284
993,4867
993,7442
994,3078
994,3385
994,6896
994,6909
995,3892
995,4008
995,4673
995,7565
996,1149
996,1445
996,3477
997,1124
998,2116
1000,493
1000,2451
1000,6942
1001,4094
1001,4913
1002,4345
1002,6371
1002,7601
1003,3087
1003,3412
1003,7491
1004,26
1004,4217
1004,4345
1005,1905
1005,3716
1006,173
1007,858
1007,6926
1008,271
1008,2865
1009,1381
1009,3145
1009,4698
1009,5644
1010,3100
1010,4920
1011,1624
1011,2275
1011,5709
1012,3437
1012,4305
1013,1267
1013,2522
1013,4692
1013,7478
1013,7635
1015,1594
1015,4720
1016,316
1016,516
1016,1630
1016,1766
1016,2260
1016,3840
1016,4704
1016,7060
1017,593
1017,1744
1018,2628
1019,4116
1020,637
1021,177
1021,1806
1021,2878
1021,3939
1021,7491
1022,1744
1022,1798
1024,1899
1024,2887
1024,3247
1024,5799
1025,452
1025,915
1025,1208
1025,2466
1025,5023
1026,2277
1026,2546
1027,1560
1027,6481
1028,89
1028,4127
1028,6702
1029,5422
1029,5680
1030,4890
1030,7269
1031,4738
1032,1688
1032,3866
1032,4362
1033,6415
1034,3419
1035,108
1035,244
1035,5059
1035,6316
1036,2222
1036,6298
1037,1864
1037,4704
1038,1864
1038,4034
1040,4384
1041,2337
1041,3583
1041,3749
1041,5341
1041,6357
1043,511
1043,701
1043,4209
1043,4920
1043,6768
1044,5520
1045,3600
1045,3605
1045,6730
1046,4868
1047,4376
1047,6952
1048,1710
1048,2718
1048,4906
1048,5185
1048,7176
1049,3661
1049,4000
1049,4907
1050,89
1050,593
1051,4341
1051,6813
1051,6837
1052,88
1052,4486
1053,3048
1053,3730
1053,4265
1053,4623
1053,6213
1053,6687
1053,6891
1054,2260
1054,3116
1054,7060
1055,231
1055,5829
1056,2577
1056,2872
1056,5633
1057,1161
1057,2034
1058,34
1058,272
1058,431
1058,576
1058,1645
1058,1651
1058,1695
1058,2229
1058,2267
1058,2334
1058,2441
1058,2479
1058,2645
1058,4128
1058,4845
1058,5224
1058,5296
1058,5313
1058,5470
1058,5485
1058,5764
1058,5889
1058,6040
1058,6216
1058,6672
1058,6959
1058,7163
1058,7173
1058,7578
1059,2580
1060,1457
1060,4152
1060,7550
1061,237
1061,2329
1061,3104
1061,4647
1061,5911
1062,6647
1063,1058
1063,3202
1063,4573
1064,2257
1064,2332
1064,2901
1064,4356
1064,5346
1064,6878
1065,1171
1065,4951
1065,6993
1066,483
1067,6551
1068,4193
1068,4582
1069,1030
1069,7632
1070,7067
1072,5057
1072,5970
1072,6768
1072,7178
1073,458
1073,3150
1073,6657
1073,7565
1075,2830
1075,3673
1075,5338
1075,6504
1076,2765
1076,3109
1077,2815
1078,3969
1079,3741
1079,5686
1080,301
1080,5912
1081,4164
1082,522
1082,2173
1082,3621
1082,5568
1083,7162
1085,371
1085,2085
1085,6456
1085,7185
1086,5974
1087,1057
1087,4239
1087,6433
1088,6357
1089,1575
1091,3183
1091,3871
1091,5080
1091,5366
1092,134
1092,739
1092,2095
1092,5042
1093,593
1093,1798
1093,2198
1093,4465
1094,535
1094,718
1094,1267
1094,2239
1094,3223
1094,4054
1094,7269
1096,744
1096,4047
1096,6829
1097,1796
1097,7464
1099,4399
1100,659
1102,3632
1102,5881
1102,6646
1103,5180
1103,7335
1103,7456
1104,6707
1105,2510
1106,6001
1106,6646
1107,241
1107,5358
1107,5671
1107,5746
1108,2198
1108,2823
1108,7305
1108,7467
1109,2319
1109,2338
1109,4283
1109,4705
1109,5616
1109,7641
1111,5437
1112,4406
1112,5931
1113,132
1113,814
1113,2129
1113,2617
1113,5350
1113,7044
1114,5233
1115,144
1115,1772
1115,2366
1115,3803
1116,2246
1117,292
1117,6116
1118,2612
1118,4725
1118,6719
1119,4516
1119,5027
1120,7584
1121,20
1121,606
1121,1820
1121,6119
1121,6777
1122,2132
1122,2822
1122,2925
1122,5692
1124,1638
1124,1676
1124,6347
1124,6816
1125,1457
1125,1714
1125,5209
1126,3668
1126,3904
1126,3977
1127,1684
1127,6702
1128,4240
1129,3548
1129,6740
1129,7195
1130,2445
1130,2465
1130,3336
1130,5454
1132,4136
1132,6491
1133,551
1133,2363
1133,3183
1133,3878
1133,5926
1133,6743
1134,5633
1134,6549
1134,7442
1135,1606
1135,2851
1135,3414
1136,5526
1138,5684
1138,7620
1139,2586
1139,3179
1139,4062
1139,4173
1140,96
1141,6394
1141,7115
1142,6433
1143,1362
1143,5379
1144,7083
1145,4194
1145,6945
1146,581
1146,2528
1146,3431
1146,4414
1146,7208
1147,354
1147,5196
1147,6833
1147,7625
1148,4305
1149,2413
1149,2534
1149,4005
1149,5104
1150,4907
1150,7620
1152,2393
1153,4805
1153,5213
1154,1968
1154,1971
1154,2696
1154,2919
1155,6359
1156,301
1156,2863
1156,3397
1157,216
1157,5465
1158,1961
1158,2304
1159,548
1159,1290
1160,13
1160,3197
1160,3534
1161,2074
1161,4346
1162,2554
1162,4075
1162,7282
1163,456
1163,756
1164,3222
1165,633
1165,4380
1165,5679
1165,7150
1166,3705
1166,6516
1166,7030
1167,2198
1167,2239
1167,3408
1168,1837
1168,7571
1169,192
1169,1712
1169,5330
1170,5132
1172,2239
1174,3256
1175,2428
1175,2662
1175,4689
1175,5172
1175,5185
1175,6735
1176,784
1176,5312
1176,6547
1177,695
1177,5092
1177,5419
1177,6145
1177,6226
1177,6261
1177,7133
1178,1663
1178,4071
1178,5365
1178,6500
1178,7610
1179,2992
1179,2997
1179,7414
1180,1699
1180,5159
1181,395
1181,1261
1181,5519
1181,7155
1182,7190
1183,1650
1183,4116
1183,6454
1184,40
1184,1524
1184,2106
1185,39
1185,526
1185,2611
1185,4745
1185,5420
1185,5474
1185,6096
1185,6511
1185,6761
1186,319
1186,2102
1186,2598
1186,5441
1188,864
1188,5168
1188,5771
1188,5787
1189,861
1189,2855
1189,3052
1189,3430
1189,5503
1189,5661
1189,7131
1190,6307
1191,5056
1192,5912
1193,4208
1194,3123
1194,5061
1195,4376
1195,5664
1196,2783
1196,3539
1196,6174
1196,6348
1197,4082
1198,4482
1198,6358
1199,1571
1199,3943
1199,7004
1200,7089
1201,327
1201,1144
1201,1971
1201,2141
1201,2747
1201,2937
1201,4011
1201,4331
1201,5712
1201,6267
1202,4690
1202,7495
1202,7549
1203,4139
1203,5087
1204,2054
1204,6380
1204,6525
1204,6650
1205,3802
1206,5543
1207,1341
1207,2289
1207,3126
1207,4229
1207,5905
1207,6285
1208,546
1208,915
1208,2020
1208,2185
1208,2466
1208,2696
1208,2802
1208,5389
1208,5695
1208,7152
1209,2198
1210,540
1210,3245
1210,4846
1210,5855
1210,6892
1210,7582
1211,5286
1211,6284
1212,4735
1213,781
1213,935
1213,4133
1213,5599
1213,5995
1214,4074
1215,6210
1215,6588
1216,1921
1217,3662
1218,5261
1219,662
1219,2492
1219,2976
1219,7117
1221,516
1221,1864
1221,4819
1222,2198
1223,221
1223,398
1223,2983
1223,3984
1223,4310
1223,4585
1223,5935
1224,1453
1224,5082
1226,780
1226,1421
1226,4333
1227,5634
1228,2586
1228,2804
1228,5993
1229,1984
1229,2858
1229,4481
1229,4977
1229,7455
1230,6277
1230,6908
1232,1169
1232,1469
1232,4253
1232,5626
1233,519
1233,4101
1233,6385
1234,817
1234,3636
1234,5480
1235,1530
1235,1789
1236,739
1236,2778
1237,54
1237,1422
1237,2885
1238,1625
1239,2162
1239,3557
1239,5839
1239,6589
1239,7191
1240,2746
1241,2917
1241,3381
1242,3735
1243,2235
1244,4899
1244,5300
1245,107
1245,3888
1245,3990
1247,4923
1247,6806
1248,2338
1248,5060
1248,5260
1249,780
1249,5160
1250,7467
1251,791
1251,1951
1251,5057
1251,7618
1252,165
1252,197
1252,397
1252,1296
1252,2741
1252,2979
1252,4255
1252,5839
1252,6155
1252,6721
1252,7006
1253,1353
1253,4173
1253,6572
1254,1214
1254,6787
1254,6936
1255,454
1256,5480
1257,2085
1257,7185
1257,7605
1258,1610
1258,2998
1260,5546
1260,6365
1261,3709
1261,7087
1262,144
1262,824
1262,932
1262,2140
1262,2710
1262,4512
1262,5410
1262,5673
1263,2002
1263,2198
1263,7112
1264,3992
1264,6557
1265,635
1265,1779
1265,2642
1265,3338
1265,5021
1266,593
1266,2370
1267,2143
1267,3098
1268,283
1268,4737
1268,5404
1269,4116
1270,428
1270,1078
1270,2036
1270,3374
1270,6155
1270,6521
1271,4388
1271,5255
1273,3426
1274,5837
1275,1394
1275,3518
1275,6967
1275,7498
1276,1565
1276,6970
1277,2709
1277,5902
1277,6900
1278,2212
1279,3121
1280,154
1280,167
1280,522
1280,802
1280,848
1280,1125
1280,1187
1280,1643
1280,2244
1280,2400
1280,3271
1280,3335
1280,3433
1280,3585
1280,3623
1280,4265
1280,4729
1280,5136
1280,5154
1280,5674
1280,6176
1280,6568
1280,6608
1280,6746
1280,6923
1280,6941
1280,7042
1280,7258
1281,593
1282,4739
1283,4439
1284,1299
1284,1833
1284,3050
1284,3347
1284,4248
1284,4658
1284,4982
1284,5145
1284,5203
1284,5446
1284,6424
1286,258
1286,1798
1286,5070
1286,6887
1287,1624
1287,6452
1287,7604
1288,414
1288,1049
1289,674
1289,1820
1289,4716
1289,7234
1290,2880
1290,6459
1291,5
1291,8
1291,3457
1291,3962
1291,4500
1291,6296
1291,6715
1291,6879
1291,7336
1293,2086
1293,2852
1293,3149
1293,4090
1293,6889
1293,6895
1294,710
1294,1738
1294,5050
1295,5633
1295,6433
1295,6571
1296,1910
1296,3688
1296,5000
1296,6452
1297,980
1297,4320
1298,2209
1300,564
1300,3402
1300,7393
1301,1006
1301,6646
1302,413
1302,4685
1302,5123
1303,982
1303,1737
1303,2878
1303,6113
1304,3135
1305,258
1306,2591
1306,5600
1306,6687
1307,1793
1307,3519
1307,4299
1308,6653
1309,2552
1309,3220
1310,39
1310,930
1310,1076
1310,1938
1310,4904
1310,5938
1311,2788
1311,3231
1311,4145
1312,354
1313,5416
1314,4432
1314,4437
1314,5207
1315,1
1315,456
1316,5881
1316,6354
1317,4067
1317,7179
1318,3402
1318,6158
1320,4424
1321,1371
1321,1566
1321,3567
1322,155
1322,2374
1322,3549
1323,7243
1325,2625
1325,2907
1325,6243
1326,1237
1327,2239
1328,917
1329,2239
1329,6702
1329,7577
1330,4420
1331,1964
1332,5319
1332,6559
1333,552
1333,2310
1334,605
1334,1264
1334,3717
1334,6357
1334,7348
1334,7437
1335,747
1335,1261
1335,1465
1335,7588
1336,3791
1336,4657
1336,4866
1336,7516
1337,3246
1337,3492
1337,5652
1338,2585
1338,3993
1338,4025
1338,4232
1338,4283
1339,535
1339,5865
1339,5949
1340,496
1340,5539
1340,6408
1341,1793
1341,1968
1341,2085
1341,2242
1342,929
1343,111
1343,1795
1343,3739
1343,5150
1344,4161
1345,1961
1345,2304
1346,1827
1346,2953
1347,149
1347,1457
1347,1603
1347,2941
1347,4729
1347,6269
1347,6726
1347,7406
1348,2214
1348,3982
1350,294
1350,2396
1350,5707
1351,319
1351,2198
1352,437
1352,2942
1352,3033
1352,4299
1352,4339
1352,4794
1353,3763
1353,4386
1353,6085
1354,2456
1357,2587
1357,6315
1357,7017
1358,252
1358,2096
1358,4437
1358,4635
1358,5486
1359,2583
1359,5907
1359,7039
1359,7375
1360,2147
1360,7073
1361,3275
1361,3430
1361,4422
1361,7234
1362,613
1362,2162
1363,886
1363,1410
1363,3569
1365,4663
1365,4914
1366,7083
1367,2343
1367,2362
1368,4556
1368,5278
1368,5710
1368,6933
1369,396
1369,5695
1370,5404
1370,5641
1371,1321
1371,1979
1371,2529
1371,4989
1371,7546
1372,4757
1372,5535
1373,1544
1373,3771
1375,902
1376,2502
1377,2484
1377,4315
1377,5218
1378,4384
1379,1725
1379,3870
1380,3771
1381,1075
1382,7250
1383,3548
1383,4198
1383,7560
1384,1398
1384,4481
1384,4929
1384,5891
1384,6498
1384,6697
1384,7533
1385,6418
1386,3894
1386,4922
1386,7417
1387,368
1387,624
1387,1201
1387,2004
1388,2570
1388,3883
1388,4913
1388,6724
1389,1827
1389,2854
1390,1726
1390,5869
1391,2090
1391,2446
1391,5602
1391,6519
1392,1146
1392,1664
1392,5271
1393,5767
1393,7074
1393,7123
1394,1335
1394,4823
1394,6123
1395,1123
1396,879
1396,1280
1396,1759
1396,6010
1396,6046
1396,7238
1397,3437
1397,4646
1398,2167
1398,3694
1398,5670
1399,780
1400,4647
1401,3969
1401,6350
1402,240
1402,2571
1402,4768
1404,4856
1405,798
1405,1341
1405,7185
1405,7315
1406,3593
1406,5745
1407,4863
1407,6158
1407,6926
1407,7587
1408,1633
1408,1689
1409,456
1409,5263
1410,83
1410,4581
1410,6377
1410,7098
1411,781
1411,1895
1411,5755
1411,6127
1412,6670
1413,2295
1413,5354
1414,1007
1414,1700
1414,1790
1414,2461
1414,2816
1414,3521
1414,5231
1415,1840
1415,3093
1415,3185
1415,3659
1415,7578
1416,4665
1416,6245
1416,6910
1417,1280
1417,1627
1417,1948
1417,2835
1417,5500
1417,5530
1418,33
1418,2358
1418,3241
1418,4889
1418,5080
1418,5091
1418,5442
1418,5981
1418,7222
1419,1049
1419,3661
1419,4907
1419,5847
1421,3183
1421,6597
1422,1237
1422,2399
1422,7275
1423,5404
1423,7373
1424,3019
1424,7295
1425,468
1425,470
1425,586
1425,3400
1425,4880
1425,7175
1426,4438
1426,7142
1427,930
1427,6738
1428,1696
1429,756
1429,952
1429,966
1429,2286
1429,2969
1429,3686
1429,3918
1429,4295
1429,4854
1429,5155
1429,5549
1429,6382
1429,7021
1429,7137
1429,7351
1430,2911
1431,258
1431,869
1432,1069
1432,1129
1432,1133
1432,1572
1433,2951
1433,6428
1434,2019
1434,2187
1434,4236
1434,6416
1435,2094
1435,5486
1436,634
1436,2997
1437,146
1438,602
1438,4978
1438,6671
1439,2239
1439,3152
1440,2100
1440,4677
1440,6797
1440,7532
1441,1385
1441,3205
1441,5596
1441,5894
1442,3918
1442,6172
1443,1681
1443,2034
1443,3396
1443,3823
1443,7281
1444,1975
1444,2142
1444,2228
1444,2348
1444,6664
1446,2790
1446,4146
1447,2485
1447,3703
1447,7170
1448,1967
1449,5124
1449,7208
1451,2178
1451,3639
1452,1924
1452,3038
1453,220
1453,657
1453,1862
1453,1958
1453,1999
1453,2991
1453,3692
1453,4785
1453,5381
1453,5785
1453,6303
1453,7580
1454,1516
1454,4428
1454,5560
1454,5748
1454,6501
1455,3754
1455,6993
1457,1930
1457,1981
1457,5615
1457,7409
1458,485
1458,3035
1458,3335
1458,4152
1458,6323
1460,3811
1460,6380
1462,792
1462,1208
1462,2642
1463,1534
1463,2236
1463,3233
1463,3705
1463,7639
1464,477
1464,6513
1465,326
1465,2488
1465,2579
1465,7354
1466,1096
1466,3211
1466,4663
1466,5974
1466,7598
1467,375
1467,1782
1468,932
1468,2038
1468,4237
1468,6062
1468,6217
1469,593
1469,1232
1469,1744
1469,2198
1470,2581
1471,1564
1472,604
1472,1551
1472,4402
1472,6313
1472,6626
1472,6638
1472,7173
1472,7616
1473,3402
1475,1830
1475,5383
1475,7214
1476,2615
1477,3449
1478,3970
1478,6588
1478,7331
1478,7385
1480,1936
1480,2347
1480,5806
1481,6702
1481,7266
1482,2982
1482,4766
1482,7172
1483,1940
1483,2455
1483,6003
1483,7269
1484,3331
1485,23
1486,1644
1486,2198
1486,3045
1486,4637
1487,6207
1487,6453
1488,3376
1488,3460
1488,4280
1488,4492
1489,1916
1490,102
1491,5734
1491,5881
1492,258
1492,3403
1492,5199
1492,6551
1493,892
1494,2239
1494,4438
1494,6235
1495,4384
1496,3358
1497,660
1497,2505
1497,3395
1498,3721
1498,7577
1499,5539
1499,7486
1500,2218
1500,3396
1502,5867
1502,7136
1503,2963
1504,4300
1504,4619
1504,5448
1505,801
1505,1717
1505,7366
1506,4841
1506,5792
1507,4720
1508,232
1509,444
1509,3452
1509,4585
1509,6625
1509,7598
1511,555
1512,523
1513,431
1513,1415
1513,1991
1513,2197
1513,3620
1513,5348
1513,5542
1514,2356
1514,7300
1515,1109
1515,3675
1516,1454
1516,4906
1516,7120
1517,79
1517,4670
1517,6978
1518,696
1518,5126
1519,898
1519,5944
1520,835
1520,5940
1521,2423
1521,3134
1521,3715
1521,4041
1521,4596
1522,1297
1522,4320
1523,933
1524,494
1524,2961
1524,3225
1524,6313
1525,1961
1526,3748
1526,4384
1528,4663
1529,4244
1530,407
1530,1116
1530,2301
1530,4717
1530,7242
1531,3825
1531,4960
1531,5409
1531,6099
1533,222
1533,1676
1533,1920
1533,3747
1534,640
1534,1175
1534,1924
1534,2452
1534,3395
1534,4505
1534,5638
1534,7088
1535,5690
1536,1051
1536,2051
1536,5326
1537,4814
1538,593
1539,1493
1540,3408
1540,6802
1541,1075
1541,3525
1541,4651
1541,5989
1541,6084
1541,6392
1542,104
1542,6943
1543,2836
1543,3002
1543,3156
1543,5720
1543,6324
1544,1373
1544,2973
1544,3698
1544,4080
1545,1368
1545,3008
1545,4071
1545,4184
1545,7296
1546,576
1546,2518
1546,3578
1546,4216
1547,5579
1547,6167
1548,258
1548,304
1549,2525
1549,4584
1549,5719
1549,5798
1550,252
1550,5118
1552,1981
1553,1576
1553,6762
1553,7499
1553,7571
1554,7620
1555,263
1555,4411
1556,4779
1557,7083
1558,1706
1558,5491
1558,6275
1559,1839
1560,1027
1560,6896
1561,1678
1561,6664
1563,3394
1563,4163
1564,2180
1564,4598
1564,6891
1565,3191
1565,4720
1565,7516
1566,2490
1566,3330
1567,740
1567,4110
1567,4849
1567,5140
1568,4653
1569,1899
1570,1067
1570,7166
1571,1425
1571,2442
1573,4542
1574,3841
1574,5919
1574,7495
1575,357
1575,421
1575,1058
1575,1642
1575,1655
1575,2967
1575,2972
1575,3334
1575,5125
1575,6877
1575,7382
1576,4501
1576,5479
1576,5712
1576,6136
1578,2815
1579,1643
1579,4805
1579,5437
1579,6694
1580,3067
1581,760
1581,1518
1581,2239
1581,6464
1581,6466
1582,4184
1582,5132
1582,5979
1583,4056
1583,4070
1583,5602
1584,814
1584,1836
1585,456
1586,947
1586,1184
1586,2743
1586,4173
1588,2053
1588,3191
1590,2198
1590,2275
1591,5703
1592,98
1592,2711
1592,3235
1592,4787
1593,1162
1593,4813
1593,5256
1593,6094
1594,1822
1595,2385
1595,5664
1596,1750
1596,5014
1597,1618
1597,3554
1597,3839
1597,4378
1598,577
1601,7077
1601,7250
1602,2747
1602,4749
1602,6782
1603,5503
1603,7072
1604,3376
1604,7565
1605,6781
1606,798
1606,6781
1607,1196
1607,7325
1608,3607
1609,7238
1611,3625
1611,7414
1612,474
1612,881
1612,1521
1612,3073
1613,464
1613,5275
1613,5755
1613,7035
1614,3363
1614,5015
1615,2349
1615,2847
1616,537
1616,2609
1616,7348
1616,7513
1617,695
1617,1593
1617,5034
1618,1143
1618,2274
1618,4767
1619,1418
1619,7395
1620,1058
1620,4376
1620,7471
1622,663
1622,2896
1622,5750
1622,7033
1623,3887
1624,2339
1624,3559
1624,3898
1624,4398
1624,6412
1624,6713
1625,3267
1625,3655
1626,2436
1626,3437
1626,4906
1627,4294
1627,5343
1628,3946
1628,6098
1628,6156
1629,5457
1630,3324
1630,3575
1630,4554
1631,1575
1631,1884
1631,4216
1632,2467
1632,3752
1632,6616
1632,7189
1633,1458
1633,2561
1633,3835
1633,3969
1633,4103
1634,1842
1634,2370
1634,7535
1634,7572
1635,2693
1635,2747
1635,4749
1636,4126
1636,5395
1636,5599
1636,6650
1637,876
1637,4498
1638,222
1638,231
1638,2837
1638,4221
1638,7011
1640,603
1640,6231
1641,1957
1643,4100
1644,2434
1645,2093
1645,5453
1645,6388
1645,6909
1645,7135
1646,2786
1646,3255
1646,3411
1646,5405
1646,5737
1646,6106
1647,1414
1647,2198
1647,2445
1647,3502
1648,537
1648,2849
1648,3371
1648,4938
1648,7086
1648,7241
1650,3574
1650,4416
1651,4376
1652,4253
1652,6409
1653,1832
1653,4486
1653,6420
1654,3605
1654,4103
1655,2772
1655,7376
1655,7481
1656,763
1656,1308
1656,4008
1656,4975
1657,7039
1658,6527
1659,5881
1660,5213
1662,3490
1663,939
1663,2340
1663,2432
1663,2689
1663,3462
1663,4846
1663,7174
1663,7424
1663,7540
1664,1920
1664,3924
1665,421
1666,2871
1667,1862
1667,1875
1667,5485
1668,789
1668,5371
1668,6801
1669,585
1669,3531
1669,7191
1670,6764
1670,7626
1671,4805
1671,7204
1672,2775
1673,766
1673,1619
1673,2375
1673,5455
1674,1856
1674,2136
1674,3154
1674,4118
1674,5200
1675,3412
1676,1638
1677,2721
1677,3668
1677,3977
1677,6032
1678,493
1678,2469
1678,3434
1678,3862
1678,6457
1678,6750
1679,137
1680,1068
1681,1381
1681,1939
1681,2075
1681,3872
1681,3960
1681,6523
1681,6813
1682,1566
1682,1573
1682,2676
1682,3607
1682,6675
1683,2468
1683,5573
1684,258
1684,369
1684,1639
1684,1959
1684,2115
1684,2432
1684,6849
1685,3324
1686,3544
1686,5199
1686,6138
1688,3952
1688,4362
1689,2384
1689,2996
1689,4433
1690,2571
1690,4806
1690,4952
1690,6707
1692,6524
1693,133
1693,671
1693,3914
1694,3843
1694,6220
1694,6239
1695,2431
1695,7018
1696,570
1696,3392
1696,4566
1696,5164
1697,3748
1698,4164
1698,5048
1699,1180
1699,4432
1699,5323
1699,7168
1700,1975
1700,2068
1700,3710
1700,5839
1700,6775
1701,2867
1701,7004
1702,6138
1704,277
1704,1020
1704,5672
1704,7140
1705,7582
1706,6965
1707,3723
1707,4141
1707,5513
1707,5614
1707,6382
1708,1472
1708,3782
1708,6253
1708,7036
1709,1630
1709,2099
1710,1048
1710,3680
1711,258
1711,7610
1712,85
1712,6889
1713,2029
1713,2185
1713,2858
1713,3943
1714,1253
1715,354
1715,1407
1715,2403
1715,4222
1715,5388
1716,655
1716,724
1716,3510
1716,4050
1716,4811
1717,517
1717,541
1718,3847
1718,7600
1719,3200
1719,3971
1719,4597
1719,6529
1720,3615
1721,1664
1722,4719
1722,5993
1722,6276
1723,945
1723,2123
1723,2262
1723,5799
1724,932
1725,299
1725,3339
1726,1390
1726,4683
1727,3704
1727,6673
1728,2204
1728,4748
1728,5135
1728,6148
1728,7229
1729,1026
1729,1349
1729,1650
1729,5947
1729,7455
1730,4331
1731,2542
1731,6142
1732,1734
1732,4412
1732,4960
1732,6666
1733,921
1733,2215
1733,3246
1733,6699
1734,3371
1734,7614
1735,1540
1735,3734
1735,5261
1736,5939
1737,581
1737,3988
1737,4237
1737,5131
1737,6199
1738,4734
1738,6468
1738,6692
1739,4707
1739,7054
1742,4901
1742,6919
1743,1157
1743,1309
1743,2552
1743,3649
1743,5045
1743,7122
1744,1286
1744,1316
1744,1344
1744,1351
1744,1469
1744,2307
1744,3160
1744,3445
1744,3551
1744,4111
1744,4161
1744,4669
1744,5359
1744,5833
1744,6315
1744,6669
1744,7181
1744,7289
1744,7527
1745,331
1745,2314
1745,3259
1746,258
1747,5099
1748,5713
1748,6201
1750,807
1750,1816
1750,2799
1750,5391
1750,6549
1750,7621
1751,2019
1752,593
1753,116
1753,1339
1753,1794
1753,2406
1753,7464
1754,1168
1755,1008
1755,1274
1755,5570
1755,5770
1755,7161
1756,2100
1756,5276
1756,6819
1756,7260
1757,2801
1757,3179
1757,3256
1757,3359
1757,5984
1757,6014
1757,6779
1757,7374
1758,5922
1759,412
1759,2132
1759,2635
1759,2895
1759,3291
1759,4496
1759,4972
1759,5451
1759,7470
1760,2110
1760,2880
1760,6459
1761,5786
1762,2064
1764,5992
1764,7191
1765,1839
1765,5642
1765,6013
1765,6057
1766,2387
1766,5828
1768,2997
1769,1901
1769,3273
1771,315
1772,1193
1772,3391
1772,4899
1772,5019
1772,5914
1772,7157
1773,7281
1774,1961
1774,2998
1775,1415
1775,2033
1775,4233
1775,4384
1775,6760
1776,1185
1776,5936
1777,4033
1777,4854
1777,6600
1778,4803
1778,6259
1778,7401
1779,68
1779,3402
1779,4481
1779,6883
1779,7028
1780,4477
1781,2022
1781,2842
1781,6132
1781,6559
1782,2484
1782,3445
1782,4565
1783,6824
1784,2671
1784,6936
1784,7464
1785,2899
1785,4403
1785,5117
1786,1259
1786,2237
1787,6205
1788,244
1788,3953
1788,4250
1789,1008
1789,3728
1790,2175
1790,6945
1790,7481
1791,699
1791,2333
1791,3143
1791,3905
1791,4615
1791,6247
1793,1059
1793,6903
1794,495
1794,1753
1794,1802
1794,7370
1795,461
1795,804
1795,4109
1795,4902
1795,5150
1796,351
1796,3403
1796,3808
1796,4546
1796,4979
1796,5290
1796,5833
1796,6398
1797,3049
1797,4376
1797,5013
1797,5234
1798,475
1798,500
1798,816
1798,857
1798,1840
1798,2730
1798,3066
1798,3357
1798,3428
1798,3947
1798,3950
1798,4616
1798,4669
1798,4971
1798,5039
1798,6291
1798,6414
1798,7079
1799,3088
1799,6858
1800,2608
1800,5642
1801,2299
1802,3578
1802,4037
1802,4343
1802,5981
1802,7222
1804,112
1804,182
1804,740
1804,5053
1804,5153
1805,1513
1805,1942
1805,2340
1805,5348
1806,423
1807,6402
1808,355
1808,2168
1808,3511
1808,6396
1809,2170
1809,3713
1809,4304
1809,4541
1809,4805
1810,225
1810,3920
1810,4584
1810,4940
1810,4990
1810,5832
1810,6036
1810,6785
1810,7131
1811,2508
1812,2126
1812,2347
1812,2752
1812,3894
1812,3979
1813,835
1815,1373
1815,3526
1815,5968
1816,927
1816,2764
1816,5122
1816,5402
1816,7155
1817,766
1817,3466
1817,6128
1817,7584
1819,2666
1819,5927
1820,1121
1820,2450
1820,7128
1821,3567
1821,5213
1821,6675
1822,1594
1822,2976
1822,3156
1822,4242
1823,231
1823,409
1823,2181
1823,2409
1823,2720
1823,2837
1823,5421
1823,7011
1824,3104
1825,7271
1827,537
1827,4274
1827,5849
1829,835
1829,3095
1829,3387
1830,653
1830,2652
1830,2656
1830,3500
1831,2332
1831,2795
1832,434
1832,613
1833,593
1833,2571
1833,4806
1834,1280
1835,4237
1835,5271
1835,6133
1836,814
1836,3093
1836,4213
1837,574
1837,1349
1837,2919
1837,5193
1837,6498
1837,7040
1838,3422
1838,4638
1838,5362
1839,4818
1839,6616
1840,958
1840,1431
1840,2866
1840,4420
1841,126
1841,4237
1841,6221
1842,260
1842,4787
1842,5371
1843,3959
1844,44
1844,929
1844,1577
1844,4468
1845,3997
1845,4673
1845,6125
1845,7615
1846,3754
1847,626
1847,1330
1849,2090
1849,2387
1849,3714
1849,6212
1849,6534
1850,24
1850,7395
1851,1630
1851,3663
1851,4666
1851,6046
1852,7
1852,4224
1852,4623
1852,7092
1853,2431
1854,283
1854,357
1854,1655
1854,2239
1854,3015
1854,3796
1855,1262
1855,1857
1855,6138
1856,3233
1856,6741
1857,230
1858,7598
1859,1873
1860,3311
1860,3370
1860,5278
1861,5236
1861,6764
1862,1667
1862,2175
1862,2406
1862,2461
1862,4836
1863,3036
1864,2557
1864,6956
1865,825
1865,3797
1865,7249
1866,593
1866,6678
1867,877
1867,3558
1868,5429
1869,3872
1869,4677
1870,2390
1870,5604
1870,7579
1871,6736
1872,389
1872,3216
1872,3889
1873,6909
1874,6702
1875,576
1875,3115
1875,7553
1876,874
1877,2201
1877,2996
1877,6078
1877,7374
1878,5792
1878,6471
1879,3197
1880,14
1880,593
1881,4509
1881,5509
1881,6357
1881,6628
1882,561
1882,4663
1884,1058
1884,5231
1885,6702
1886,5023
1886,5389
1886,6798
1887,835
1887,6747
1888,564
1888,3478
1888,3484
1888,3555
1889,744
1889,4485
1889,4663
1890,1793
1890,4079
1890,7138
1891,1001
1891,1188
1892,855
1892,3904
1893,5535
1893,5986
1894,881
1895,5427
1896,3072
1896,4163
1896,4406
1896,7468
1897,5130
1897,7228
1898,129
1899,380
1899,540
1899,1249
1899,1548
1899,2904
1899,2995
1899,3020
1899,3051
1899,4553
1899,5049
1899,5097
1899,5669
1899,6688
1899,6807
1899,7526
1900,186
1900,879
1901,1390
1901,2794
1901,6747
1902,4213
1902,6551
1903,886
1903,2674
1903,7198
1903,7257
1904,2588
1904,5101
1904,5368
1904,6563
1905,931
1905,1596
1905,3035
1905,3310
1905,4473
1905,6422
1905,7392
1906,5422
1907,1663
1908,1266
1908,4113
1909,2196
1909,3656
1909,4443
1909,5053
1910,502
1910,919
1911,4301
1911,6015
1912,125
1912,4473
1912,5155
1913,5234
1914,580
1915,264
1915,343
1915,2066
1915,3612
1916,1489
1916,2762
1916,4656
1916,6147
1917,837
1918,5808
1919,892
1919,2092
1919,3078
1920,96
1920,1303
1920,1533
1921,407
1921,2119
1922,3839
1922,4747
1922,6026
1923,620
1923,1702
1924,640
1924,3197
1925,258
1925,6291
1925,6702
1926,785
1926,6547
1927,5010
1927,6251
1928,2339
1929,1442
1929,1585
1929,3552
1929,4194
1930,1905
1930,1981
1930,5696
1930,6827
1931,2430
1931,4378
1931,6114
1932,1998
1933,941
1933,4336
1934,1688
1934,4320
1934,4725
1934,7158
1935,7551
1936,1951
1936,3824
1936,4625
1936,6147
1936,7201
1937,6132
1938,606
1938,1310
1938,4302
1939,1933
1939,1951
1939,6523
1940,2007
1940,2648
1940,5801
1941,2239
1941,5144
1941,6551
1942,593
1942,3974
1942,5637
1942,6754
1943,3676
1943,6392
1943,6513
1944,3904
1945,6810
1945,7067
1946,6433
1947,5448
1948,456
1948,3585
1948,6761
1949,1968
1950,6647
1950,6663
1952,3227
1952,4232
1952,6554
1953,1822
1953,4275
1953,5276
1953,6755
1953,6819
1954,5145
1955,5035
1955,5663
1957,1641
1958,3372
1958,3959
1958,4733
1958,5614
1958,7196
1958,7330
1959,1551
1959,2573
1959,2981
1959,4155
1959,6562
1961,118
1961,363
1961,1258
1961,1610
1961,4395
1961,4407
1961,4436
1961,5483
1961,5818
1961,5844
1961,6093
1961,6489
1961,6615
1961,6783
1961,7474
1962,766
1962,1426
1962,2070
1962,3916
1962,6815
1965,304
1965,4616
1965,4864
1966,612
1966,2400
1966,3925
1966,4194
1966,4670
1966,4805
1966,4985
1967,956
1967,3134
1967,3978
1967,6630
1968,1352
1968,2242
1968,2696
1968,3694
1968,3790
1968,6932
1968,6977
1968,7350
1969,877
1969,879
1969,1396
1969,2189
1969,2635
1969,4403
1969,4548
1969,5882
1969,6442
1970,2239
1970,4952
1970,6702
1970,7535
1971,68
1971,1387
1971,1910
1971,2495
1971,2696
1971,2934
1971,3694
1971,4998
1971,7004
1972,787
1974,5202
1975,1872
1975,5056
1975,7357
1976,2158
1977,2516
1977,6372
1978,3455
1978,3784
1978,4067
1978,5722
1978,5775
1979,2089
1979,2627
1979,4040
1979,4344
1979,6960
1980,3717
1980,4509
1980,7308
1981,1552
1981,4033
1982,19
1982,4726
1982,6653
1983,5529
1984,4096
1984,5869
1984,5917
1984,5947
1984,6266
1984,6647
1985,4909
1985,7190
1986,7199
1987,1143
1987,1731
1987,2274
1987,2574
1987,6627
1988,4321
1988,5822
1989,21
1989,878
1989,5533
1990,2244
1990,4562
1990,4775
1990,5863
1990,7332
1991,6437
1991,6462
1991,6646
1991,6802
1992,912
1992,1386
1993,1727
1993,2645
1993,4161
1993,6361
1994,4936
1995,6598
1996,2198
1996,2370
1996,3996
1997,1671
1997,1918
1997,1959
1997,2198
1997,3262
1997,3683
1997,6024
1998,2025
1998,4135
1998,5805
1999,849
1999,1170
1999,1305
1999,4114
1999,4791
1999,6313
1999,7623
2000,1239
2000,1764
2000,3847
2000,5144
2000,5839
2000,7548
2002,1263
2002,1571
2002,2580
2002,7006
2003,5043
2003,5382
2003,5970
2003,6523
2004,1387
2004,3200
2005,7518
2006,2312
2006,3628
2006,6502
2007,1940
2007,6003
2008,700
2009,718
2010,4392
2010,4806
2011,73
2011,2298
2011,4422
2011,6676
2012,5357
2013,1614
2013,1907
2013,4114
2013,5756
2013,7353
2013,7597
2014,941
2014,2428
2014,3869
2015,2447
2016,156
2016,613
2016,1832
2016,6536
2017,6702
2018,3309
2018,4964
2019,3291
2019,7241
2020,44
2020,396
2020,2597
2020,7350
2021,1430
2021,2299
2022,459
2022,647
2022,1742
2022,2369
2022,4099
2022,4175
2022,4224
2022,5431
2022,7554
2025,873
2026,628
2026,7318
2027,128
2027,1300
2027,6555
2027,7393
2028,861
2028,1572
2028,7480
2030,2618
2031,2993
2032,4198
2032,5667
2033,6208
2034,2833
2034,3145
2034,5644
2034,6821
2035,642
2035,3292
2035,6050
2036,70
2037,556
2037,2389
2037,3553
2037,5451
2038,5135
2038,6062
2039,132
2039,863
2039,4556
2040,2086
2041,6916
2042,2106
2042,2166
2042,5404
2042,5816
2043,1961
2043,4952
2043,6717
2044,1358
2044,3706
2045,5496
2045,7351
2047,533
2048,6492
2049,654
2049,2431
2049,7416
2050,842
2050,1865
2050,1937
2050,5565
2050,5569
2050,7515
2051,1536
2051,4875
2051,6072
2051,6443
2051,7620
2052,4633
2052,4775
2052,5857
2052,6493
2053,1588
2053,6755
2053,7575
2054,1204
2054,1895
2054,3048
2054,3610
2054,4648
2055,748
2055,2143
2055,2372
2055,3871
2055,5948
2055,7022
2057,2665
2058,1802
2058,7067
2059,956
2059,4917
2060,6040
2061,102
2061,3933
2061,3986
2061,5282
2063,1678
2064,617
2064,1808
2064,1995
2064,4237
2064,4615
2064,4947
2064,4978
2064,6247
2065,675
2065,2927
2065,5354
2066,2345
2066,3469
2066,5213
2066,6189
2067,3180
2067,3733
2068,3329
2068,6198
2068,6719
2068,6967
2068,7548
2069,1793
2069,7138
2070,1185
2070,4522
2071,5614
2071,7196
2072,5067
2073,6488
2073,7489
2074,67
2074,1087
2074,5358
2075,1681
2075,5043
2076,884
2077,2416
2077,3108
2077,3205
2077,4272
2078,2833
2078,4232
2078,5221
2079,1303
2079,7460
2080,2269
2080,5874
2081,1394
2082,1789
2082,2119
2082,3285
2084,2113
2084,5504
2084,6210
2085,798
2085,4079
2086,85
2086,1782
2086,7269
2087,766
2087,1744
2087,3277
2088,7571
2089,434
2089,1426
2089,6048
2089,6096
2090,1428
2090,1759
2090,1947
2090,3805
2090,4264
2090,4548
2090,5602
2090,6771
2091,6476
2092,5786
2092,6879
2092,7313
2092,7608
2093,360
2094,1358
2094,5933
2094,7223
2095,3247
2095,4161
2095,7283
2096,1888
2096,5625
2098,2681
2098,5329
2098,6104
2098,6603
2099,1346
2099,1709
2099,2250
2099,2622
2099,6502
2099,6552
2100,3603
2101,131
2101,1593
2102,1165
2102,4023
2102,4755
2103,6793
2104,1058
2104,4090
2104,4329
2104,4573
2104,7233
2105,799
2106,475
2106,1690
2106,2212
2106,3370
2106,3476
2106,4190
2106,4787
2106,5557
2106,6802
2108,1444
2108,1686
2108,4164
2109,550
2109,1920
2109,5829
2109,6401
2110,1760
2110,2880
2111,30
2111,65
2111,438
2111,2917
2111,3991
2111,6512
2111,7313
2112,1448
2113,856
2113,2701
2113,2959
2113,3037
2113,3643
2113,4745
2114,882
2114,4949
2114,5825
2114,6666
2115,4376
2116,998
2116,2150
2117,1236
2117,2556
2117,7601
2118,2648
2118,3607
2118,6301
2118,7556
2120,3999
2120,6618
2120,6707
2120,7464
2121,160
2121,4779
2121,7621
2122,1739
2122,2856
2122,6118
2124,1871
2124,2198
2127,2511
2127,6987
2128,98
2129,776
2129,1665
2129,3225
2129,3659
2129,5251
2129,5381
2129,7147
2129,7231
2130,2638
2130,5883
2131,761
2131,5862
2132,1434
2132,1849
2132,2260
2132,6465
2133,6199
2134,787
2134,5602
2135,470
2135,1290
2135,2465
2135,4880
2136,200
2136,1107
2136,3993
2136,4328
2136,6436
2137,2499
2137,3733
2138,1103
2139,2842
2139,5294
2140,3231
2140,7403
2141,300
2141,623
2142,2239
2142,5033
2142,6646
2143,1133
2143,1267
2143,1572
2143,1650
2143,3010
2143,3607
2143,3950
2143,5218
2143,5511
2143,5785
2145,6447
2146,92
2148,5698
2149,957
2149,5664
2149,6329
2149,7244
2151,4534
2152,2
2152,4183
2152,6684
2152,7590
2154,5731
2156,1527
2156,5566
2156,6084
2156,6241
2157,4284
2158,1976
2160,2799
2160,3227
2160,3437
2161,4685
2162,613
2162,1362
2162,2880
2163,72
2163,1429
2163,1627
2163,4434
2163,5209
2163,7206
2164,2751
2164,4422
2164,4433
2164,5614
2164,5984
2164,6157
2165,3437
2165,3461
2165,3669
2165,3729
2166,1561
2166,4080
2166,5199
2166,5404
2166,7289
2166,7290
2167,1200
2167,1384
2167,1719
2167,4652
2167,5900
2167,6809
2167,7185
2168,938
2168,1311
2168,1445
2168,2217
2168,2874
2168,5834
2168,7472
2168,7494
2168,7509
2169,301
2169,829
2170,360
2170,1631
2170,1651
2170,2175
2170,4442
2170,7446
2170,7448
2171,446
2172,4376
2173,658
2173,1305
2173,2887
2173,3657
2173,7526
2174,3248
2174,4032
2175,3384
2175,4263
2175,4365
2176,561
2176,6972
2177,2295
2177,2927
2177,4685
2177,5354
2177,6271
2178,282
2178,1451
2178,1547
2178,3609
2179,761
2179,2213
2179,5506
2180,401
2180,888
2180,1861
2180,2046
2180,3048
2180,4224
2180,4640
2180,6763
2180,7092
2181,6550
2182,6550
2182,6928
2182,7565
2183,5222
2183,5471
2184,5238
2185,929
2185,2862
2186,6408
2187,1434
2187,4960
2187,5069
2188,646
2188,929
2188,6415
2188,6762
2189,828
2189,1360
2189,2260
2189,3023
2189,5448
2190,4646
2191,4906
2192,2822
2194,942
2194,4257
2194,5464
2195,2125
2195,3578
2195,6246
2196,884
2196,1791
2196,3431
2196,6667
2198,15
2198,194
2198,213
2198,254
2198,445
2198,450
2198,476
2198,555
2198,657
2198,863
2198,971
2198,1028
2198,1094
2198,1266
2198,1329
2198,1524
2198,1590
2198,1592
2198,1620
2198,1695
2198,1752
2198,1871
2198,1942
2198,1979
2198,2001
2198,2043
2198,2104
2198,2125
2198,2243
2198,2485
2198,2513
2198,2614
2198,2770
2198,2773
2198,2795
2198,2847
2198,2866
2198,2883
2198,2908
2198,2916
2198,3068
2198,3225
2198,3252
2198,3253
2198,3270
2198,3304
2198,3446
2198,3492
2198,3514
2198,3855
2198,3893
2198,3947
2198,4003
2198,4091
2198,4182
2198,4188
2198,4358
2198,4545
2198,4588
2198,4696
2198,4706
2198,4750
2198,4944
2198,5287
2198,5371
2198,5376
2198,5397
2198,5445
2198,5463
2198,5508
2198,5542
2198,5552
2198,5640
2198,5667
2198,6021
2198,6296
2198,6389
2198,6413
2198,6528
2198,6736
2198,6830
2198,6895
2198,7219
2198,7424
2198,7552
2198,7573
2198,7580
2199,515
2199,4084
2201,162
2202,1013
2202,1608
2203,1576
2203,3418
2203,4119
2203,4132
2203,4568
2203,5055
2204,54
2204,3412
2204,4861
2204,7460
2205,1189
2205,2376
2205,6409
2205,6506
2205,7239
2205,7546
2206,3020
2207,789
2207,4384
2208,1414
2208,2155
2208,2513
2208,5219
2208,7084
2209,1298
2209,6192
2210,462
2210,544
2210,3329
2210,3911
2210,4118
2211,456
2211,1479
2211,4031
2211,6369
2212,3532
2212,7067
2213,752
2213,1987
2213,4904
2213,7550
2214,6328
2215,410
2215,1478
2215,1928
2215,1965
2215,3190
2215,3312
2215,3751
2215,4105
2215,7101
2215,7265
2215,7422
2216,713
2216,2581
2216,3896
2216,5428
2217,1445
2218,417
2218,807
2218,6845
2218,7371
2220,3916
2220,7561
2221,3895
2221,5901
2221,7107
2222,5743
2223,2834
2224,5596
2225,51
2225,1139
2225,4879
2225,6119
2226,4208
2229,1058
2229,3051
2230,4732
2231,139
2231,1465
2232,4893
2233,2927
2233,6759
2234,4805
2234,7130
2235,1243
2235,2899
2235,7118
2236,148
2236,1946
2236,3777
2236,4495
2237,1259
2238,147
2238,1420
2238,1683
2239,127
2239,213
2239,264
2239,309
2239,312
2239,313
2239,432
2239,493
2239,518
2239,604
2239,883
2239,1081
2239,1172
2239,1327
2239,1376
2239,1383
2239,1439
2239,1563
2239,1570
2239,1581
2239,1634
2239,1671
2239,1690
2239,1872
2239,1945
2239,2322
2239,2401
2239,2640
2239,2855
2239,3323
2239,3334
2239,3337
2239,3445
2239,3547
2239,3550
2239,3576
2239,3667
2239,3687
2239,3760
2239,3834
2239,4016
2239,4026
2239,4041
2239,4100
2239,4128
2239,4196
2239,4306
2239,4417
2239,4450
2239,4473
2239,4589
2239,4682
2239,4734
2239,4803
2239,5040
2239,5186
2239,5195
2239,5381
2239,5534
2239,5572
2239,6446
2239,6540
2239,6759
2239,6801
2239,6854
2239,7353
2239,7363
2239,7466
2239,7649
2240,682
2240,5686
2241,3277
2242,1352
2242,3126
2242,3505
2242,3694
2242,7199
2242,7567
2243,1518
2244,536
2244,5437
2245,4235
2245,6050
2246,4898
2246,5660
2247,2532
2249,1468
2249,1728
2250,340
2250,405
2250,2957
2250,3048
2250,3091
2250,3529
2250,3588
2250,5257
2250,5708
2250,6007
2250,6881
2250,7400
2251,5547
2252,282
2252,2025
2252,3007
2252,4664
2252,6694
2252,7329
2253,34
2253,610
2253,2270
2253,3527
2253,4206
2253,6994
2254,3349
2255,399
2255,890
2256,2860
2256,6765
2257,2454
2257,5216
2258,892
2258,2427
2258,3480
2258,6128
2258,7370
2259,4411
2259,6496
2260,570
2260,1016
2260,1759
2260,2768
2260,3324
2260,7013
2260,7124
2260,7255
2260,7402
2261,5175
2261,5248
2261,5778
2262,183
2262,1018
2262,3446
2262,5404
2263,2094
2263,3365
2263,7235
2264,4351
2267,5037
2268,641
2269,2080
2269,4266
2270,5404
2271,632
2271,4641
2272,3661
2273,352
2275,689
2275,2659
2275,2716
2275,3762
2276,4384
2276,4481
2278,104
2278,416
2278,1229
2278,1384
2278,1713
2278,2919
2278,2934
2278,4627
2278,5073
2278,7567
2279,1084
2279,7325
2279,7608
2280,4518
2281,1221
2281,1630
2281,2389
2281,3305
2281,3324
2281,5451
2281,6383
2282,2100
2282,6205
2282,7620
2283,4994
2283,5085
2284,4726
2285,1074
2285,1920
2286,36
2286,1470
2286,2581
2286,3419
2286,4001
2286,4033
2286,6382
2286,7042
2286,7328
2287,91
2287,276
2287,2368
2287,2743
2287,2798
2287,3578
2287,4371
2287,4592
2287,7560
2288,5912
2288,6744
2289,437
2289,2297
2289,2466
2289,3033
2289,4339
2290,299
2290,1218
2290,4465
2290,6462
2290,7295
2290,7395
2291,3293
2291,3424
2292,788
2293,753
2293,1057
2293,2709
2293,3186
2293,4435
2293,4907
2293,4988
2293,6294
2294,7330
2295,2065
2295,2161
2295,6060
2295,6305
2295,7397
2297,12
2298,4259
2299,1212
2299,2486
2300,2077
2301,1180
2301,4717
2301,6643
2302,3502
2303,5604
2304,1205
2304,1689
2304,3600
2304,4187
2304,6093
2304,6783
2305,4882
2305,5933
2306,40
2307,7440
2307,7607
2308,4209
2308,7081
2309,3923
2309,6343
2310,552
2310,1333
2311,3064
2311,3880
2312,4441
2312,4676
2312,5329
2313,1684
2313,2406
2314,6193
2314,7600
2315,373
2315,3630
2315,5918
2316,1964
2316,3186
2316,6089
2317,1769
2317,2345
2317,7518
2318,1868
2318,2388
2318,4512
2319,43
2319,2966
2319,2984
2319,4742
2320,1058
2320,4286
2320,4865
2320,7465
2321,5600
2322,579
2322,5545
2323,289
2323,7575
2324,1243
2324,3558
2324,4375
2324,4666
2325,1521
2325,4502
2326,2698
2326,4048
2326,5250
2326,6250
2327,4741
2328,5867
2329,4399
2329,4611
2329,4647
2330,2239
2330,2952
2331,103
2332,92
2332,881
2332,5397
2333,1065
2333,1791
2333,6598
2334,3697
2334,5881
2335,139
2335,1280
2335,6807
2336,2981
2336,4156
2336,6152
2337,1881
2338,148
2338,2966
2338,3865
2339,1064
2339,1842
2339,4553
2339,5132
2340,3547
2341,999
2341,2284
2341,3924
2343,2130
2344,7190
2345,3578
2346,305
2347,1812
2347,3222
2347,7031
2349,4358
2350,2182
2350,4950
2351,451
2351,1765
2351,4597
2351,4929
2351,7567
2352,6106
2353,1710
2353,3095
2353,3244
2353,7482
2354,766
2354,3492
2354,4227
2354,4450
2355,1388
2355,2879
2355,7084
2356,2143
2356,3249
2356,5335
2358,2505
2358,2527
2358,4851
2359,6703
2360,1270
2360,6477
2361,7598
2362,17
2362,423
2362,3636
2363,352
2363,803
2363,3821
2363,4009
2363,4653
2363,6412
2363,7047
2364,4905
2364,5619
2365,3627
2366,3431
2366,4861
2366,7483
2367,5988
2368,3866
2368,5652
2369,1781
2369,5300
2369,5319
2369,5681
2369,6018
2369,6132
2369,6220
2370,1178
2370,1697
2370,3172
2370,3225
2370,3298
2370,3999
2370,4095
2370,4147
2370,5808
2370,5926
2371,3199
2371,3959
2371,7345
2372,1966
2372,2233
2372,3922
2372,7022
2373,891
2373,3894
2373,3979
2374,2131
2374,2910
2374,4577
2374,5379
2375,3503
2375,5080
2375,6448
2376,2904
2376,4989
2377,5258
2377,5557
2377,7101
2378,9
2378,6955
2379,791
2379,1190
2379,3586
2379,4582
2379,5377
2379,5414
2379,5617
2380,3008
2380,5234
2380,5255
2381,1663
2381,4156
2382,554
2382,6657
2383,1223
2383,2853
2383,6924
2384,2106
2384,5561
2384,6828
2385,4501
2385,5158
2386,2978
2387,1391
2387,2327
2387,2768
2387,4281
2387,4300
2388,1841
2388,3412
2389,4728
2389,7630
2390,402
2391,1724
2392,2218
2394,4237
2394,6550
2395,481
2395,690
2395,3399
2396,5160
2396,5707
2396,5816
2397,1181
2397,2293
2397,2990
2399,3201
2399,4647
2400,1407
2400,2857
2400,4863
2401,3152
2401,5404
2402,3748
2402,6412
2402,7608
2403,823
2403,1114
2403,4998
2403,5055
2403,7152
2404,936
2404,1739
2404,5778
2405,4674
2406,1712
2406,4422
2406,4680
2406,5037
2406,7573
2407,4216
2408,3684
2408,5013
2409,2109
2409,3788
2409,4144
2409,4923
2409,4950
2410,3659
2410,3804
2410,4805
2410,5840
2411,4518
2411,7078
2412,3823
2412,5074
2412,5221
2412,5578
2412,5817
2412,6813
2412,7538
2413,145
2413,1304
2413,3135
2413,3614
2413,4322
2413,4796
2413,7220
2414,4384
2414,7087
2415,2070
2415,4991
2415,6159
2415,7072
2416,1625
2416,2481
2416,2524
2416,4906
2416,6647
2417,6656
2418,3625
2418,4230
2418,6118
2418,6759
2419,1759
2419,2250
2419,3036
2419,4667
2420,797
2420,3238
2420,3526
2420,3771
2421,1006
2422,4501
2422,5185
2423,7322
2424,3413
2424,4860
2424,6238
2425,62
2425,4185
2425,6235
2426,5380
2426,7271
2427,432
2427,956
2427,2112
2427,3466
2427,3887
2427,4503
2427,4672
2427,5987
2427,7296
2428,3227
2429,979
2429,4652
2430,395
2430,1931
2430,2116
2430,4687
2430,6129
2430,7479
2431,4148
2431,4573
2431,5550
2431,7416
2432,3279
2432,4350
2432,6669
2432,7036
2432,7477
2433,1773
2433,7606
2434,5012
2434,6624
2435,605
2435,3415
2436,887
2436,1626
2436,2749
2437,4000
2438,106
2438,4991
2438,6947
2439,3879
2439,4399
2439,6113
2439,6130
2439,7544
2440,4160
2440,4595
2440,5629
2440,7213
2441,2903
2441,2921
2442,3402
2443,1604
2443,4802
2443,5968
2444,1622
2444,4191
2444,5718
2447,1777
2447,3931
2447,4297
2447,6382
2447,6696
2449,3733
2449,4494
2449,4711
2449,4884
2449,5357
2449,5972
2450,555
2450,4606
2450,4879
2450,6252
2451,1000
2451,6605
2452,5702
2453,108
2453,2512
2453,3437
2454,5032
2454,5253
2455,1483
2455,2948
2455,4384
2455,6276
2455,7384
2456,447
2456,3431
2456,3569
2458,1440
2459,3863
2459,4364
2459,4597
2459,6781
2460,5292
2462,6909
2463,3097
2464,1530
2464,2082
2464,3285
2464,3728
2464,3977
2464,6471
2464,7161
2465,2110
2465,3265
2465,7418
2466,1342
2466,4059
2466,4765
2466,6846
2466,7350
2467,3644
2467,4192
2467,6254
2467,6695
2468,6106
2468,6508
2469,3434
2469,3862
2470,1185
2471,3348
2471,7003
2472,4175
2472,4981
2473,197
2473,3219
2473,7031
2474,516
2474,2260
2474,3553
2474,4312
2474,6679
2474,7144
2475,645
2475,3562
2475,6680
2476,369
2476,5937
2476,7071
2477,148
2477,630
2477,2338
2477,3038
2477,5137
2477,7507
2477,7639
2478,1283
2479,1862
2479,5626
2480,5444
2481,5763
2481,7087
2482,1419
2482,5699
2482,5983
2483,5852
2484,5764
2484,6064
2485,3692
2485,4463
2486,584
2486,6086
2487,4805
2488,326
2488,1465
2488,2579
2488,5062
2488,6713
2488,7454
2488,7637
2489,3211
2490,532
2490,2375
2490,3567
2491,5072
2491,6625
2491,7469
2492,4969
2492,5603
2492,5656
2492,6698
2492,7508
2492,7606
2493,7175
2494,835
2494,3817
2494,4218
2494,7467
2495,1971
2495,4481
2496,3953
2496,4875
2496,5326
2497,2135
2497,4058
2497,5457
2497,6686
2497,6711
2497,6795
2497,6888
2498,3495
2499,2983
2499,3441
2499,4475
2499,5345
2499,6972
2500,4305
2500,4449
2502,947
2502,1376
2502,4768
2503,4901
2504,1636
2504,3263
2504,3315
2504,5427
2504,6390
2504,7306
2505,160
2505,486
2505,3170
2505,3233
2505,4691
2505,5705
2505,7412
2506,102
2507,1828
2507,4544
2508,1157
2508,3021
2508,6363
2508,6670
2508,6965
2509,2239
2509,4805
2509,6700
2510,1327
2510,5372
2510,5406
2510,6582
2511,2127
2511,3855
2512,988
2512,5035
2512,6642
2512,7427
2512,7433
2513,3433
2513,7213
2515,4488
2515,6908
2515,7419
2516,6363
2516,7238
2517,520
2517,695
2517,1328
2518,1103
2518,2198
2518,7632
2519,2996
2519,4311
2520,7599
2521,1663
2521,4787
2522,91
2522,867
2523,5596
2523,6433
2523,6509
2524,1425
2524,1950
2524,4040
2524,4752
2524,7360
2525,724
2525,1733
2525,1978
2525,3246
2525,5373
2525,6920
2525,7240
2526,5537
2527,525
2527,6123
2527,7087
2528,208
2528,932
2528,1326
2528,3361
2528,3423
2529,571
2529,1973
2529,4009
2529,4617
2529,6243
2530,3231
2531,1472
2531,2198
2532,2233
2532,2247
2532,2586
2533,1979
2534,256
2534,6402
2535,2344
2536,3062
2536,4541
2536,7634
2537,3748
2537,5132
2537,5816
2538,1099
2538,1422
2538,1449
2538,6374
2538,7544
2539,2136
2540,258
2540,593
2540,1663
2541,732
2541,2239
2541,2826
2541,5372
2542,1731
2542,7087
2543,2430
2543,6651
2544,2215
2544,2455
2544,3025
2544,6003
2545,2515
2545,5890
2545,7057
2546,417
2546,5177
2546,6266
2548,746
2548,6222
2548,7489
2548,7531
2550,3960
2550,5088
2550,5382
2551,6146
2552,1459
2552,5491
2552,6965
2553,1351
2553,1797
2553,1871
2553,4463
2553,5220
2553,5359
2553,6847
2553,6978
2554,917
2554,1328
2555,4376
2556,1092
2556,4013
2556,6371
2557,5451
2557,5978
2557,6956
2558,2935
2558,3384
2558,4263
2558,5716
2558,7216
2559,2005
2559,3295
2560,691
2560,6698
2561,3035
2561,4152
2563,1241
2563,2239
2565,296
2565,575
2565,1060
2565,1596
2565,5299
2565,5445
2565,6629
2565,6722
2566,2759
2566,4856
2567,4502
2568,526
2568,4653
2569,1377
2569,7589
2570,395
2570,4121
2570,5899
2571,500
2571,522
2571,1097
2571,1402
2571,1690
2571,4616
2571,5234
2571,6284
2571,6327
2571,6400
2572,2820
2572,4289
2572,4822
2572,6403
2572,7524
2573,2129
2574,5315
2574,5571
2574,7267
2575,1226
2575,3363
2576,7226
2577,1056
2578,1571
2579,5917
2579,6713
2579,7107
2580,1147
2580,1307
2580,2841
2580,3318
2580,4888
2580,4927
2580,5246
2581,672
2581,922
2581,1749
2581,2286
2581,5295
2583,621
2583,2210
2585,2505
2585,5563
2585,6051
2585,6225
2585,6886
2586,2532
2586,3207
2586,3742
2586,4846
2586,5368
2586,5768
2586,6451
2586,7276
2587,789
2587,4448
2587,5132
2587,6933
2587,7116
2588,40
2588,3990
2588,4186
2588,6403
2589,3779
2589,4009
2590,2517
2590,2554
2591,7
2591,2849
2591,3057
2592,2981
2592,3049
2592,4805
2592,6787
2593,548
2593,5499
2593,7169
2595,1293
2595,2770
2595,4164
2596,5045
2596,5906
2596,6357
2597,2020
2597,4235
2597,6814
2598,2615
2598,6807
2600,1545
2600,3185
2600,7572
2601,870
2602,2168
2602,4379
2602,5361
2603,1696
2604,3716
2605,3201
2605,5762
2605,7460
2606,988
2606,1107
2606,4328
2606,6817
2607,1166
2607,2319
2607,2833
2607,7019
2608,1556
2608,3442
2608,5560
2608,5817
2609,537
2609,848
2609,2357
2610,4904
2610,4982
2611,2701
2612,1198
2612,6719
2613,2695
2613,4520
2613,4725
2613,5971
2614,377
2614,4393
2614,6526
2615,400
2615,4870
2615,5878
2615,6887
2615,7105
2616,1839
2616,6405
2617,1058
2617,2852
2617,4366
2617,4865
2617,5099
2618,1965
2619,440
2619,3208
2619,4939
2619,5322
2620,2086
2620,2106
2620,2143
2620,2852
2620,3734
2620,4262
2620,5839
2621,616
2621,5654
2622,877
2622,5028
2623,1980
2623,6357
2623,7437
2624,6675
2624,7000
2625,1325
2625,2258
2626,248
2626,3585
2626,3643
2626,6276
2626,6721
2626,6898
2626,7409
2626,7589
2627,1929
2627,7587
2628,1797
2628,5042
2629,3336
2629,4185
2629,5863
2630,2883
2631,6548
2632,1521
2632,2215
2633,7518
2634,2553
2635,316
2635,6679
2638,2343
2639,2883
2640,3295
2640,6702
2642,929
2643,972
2643,4666
2643,6772
2644,195
2644,3331
2644,7190
2645,3049
2646,1416
2646,5539
2646,6606
2646,6991
2646,7281
2647,29
2647,773
2647,6290
2648,1066
2648,1429
2648,4987
2648,6563
2649,2198
2650,2738
2650,6219
2651,2709
2652,1830
2652,5383
2652,6185
2653,2817
2653,4273
2654,1656
2654,2757
2654,4899
2654,6645
2654,7615
2655,3062
2655,5115
2655,6296
2656,1830
2656,3500
2657,789
2657,2033
2658,812
2658,4485
2659,3183
2659,5070
2659,6787
2661,4154
2661,5103
2661,5707
2662,1175
2662,2034
2662,4665
2662,5922
2663,606
2663,2239
2664,3895
2665,1435
2665,2057
2665,4882
2665,7223
2666,1819
2666,6855
2666,7198
2667,7506
2668,6551
2669,5085
2670,4753
2670,7436
2671,1293
2671,2888
2671,6100
2671,6702
2672,6379
2672,7420
2673,1189
2673,2903
2673,6427
2673,7006
2674,4149
2675,7464
2676,3330
2676,3871
2676,4037
2676,7171
2677,5234
2678,5368
2680,691
2680,3046
2680,7031
2681,2312
2683,1418
2683,1472
2683,4670
2684,6325
2685,1236
2685,3807
2686,3049
2686,4842
2687,565
2687,4396
2688,234
2688,6535
2689,1738
2689,2832
2689,3856
2691,7488
2692,6863
2693,1635
2693,4470
2695,148
2695,3524
2695,3823
2695,3869
2695,6982
2696,1203
2696,2858
2696,2937
2696,4036
2696,7533
2697,495
2697,3510
2697,5262
2698,2326
2699,4364
2700,4311
2701,295
2701,2738
2701,3339
2701,5211
2702,941
2702,1035
2702,4089
2702,5656
2702,5713
2703,2632
2703,4398
2704,2104
2704,7116
2705,6283
2705,6608
2706,2317
2706,2973
2706,4628
2706,4832
2706,5185
2707,4769
2708,7146
2709,1879
2709,1964
2709,2651
2709,3197
2709,6191
2710,126
2710,1262
2710,1533
2710,4512
2710,5611
2711,4616
2713,3838
2714,3745
2716,2967
2717,3840
2717,4704
2718,7641
2719,291
2719,593
2719,1624
2719,2215
2719,7401
2720,2877
2720,3788
2720,4896
2721,1116
2721,2464
2721,3977
2724,577
2724,5394
2725,138
2725,1284
2726,815
2726,4684
2726,4925
2727,289
2727,4810
2728,850
2728,6010
2729,3060
2729,3965
2729,4384
2732,3510
2732,7486
2734,6660
2735,1147
2735,5196
2735,7066
2736,7105
2737,378
2737,1865
2737,4175
2737,6218
2738,28
2738,1409
2738,2306
2738,3643
2738,4731
2738,5500
2738,7536
2739,6328
2740,6481
2741,6967
2741,7039
2742,199
2742,1068
2742,2891
2742,5122
2743,947
2743,2572
2743,3152
2743,5839
2744,1268
2744,1621
2744,5707
2744,6760
2745,3456
2745,4806
2746,931
2746,1240
2746,2871
2747,2203
2747,2936
2747,5443
2748,3107
2748,3244
2748,4065
2748,4372
2748,4661
2748,5260
2749,859
2749,2436
2749,3777
2750,4952
2750,6743
2751,1679
2751,4163
2751,4479
2751,5031
2752,662
2752,1812
2754,749
2754,767
2754,5512
2754,6257
2754,6842
2754,7013
2754,7014
2756,580
2756,3563
2756,3880
2756,3997
2756,4008
2756,4112
2757,519
2757,995
2757,1073
2757,1488
2757,1604
2757,1656
2757,1818
2757,6385
2759,2230
2759,2566
2760,4273
2760,4338
2760,5664
2762,941
2762,5725
2762,7201
2763,1091
2763,2816
2763,3330
2763,5098
2765,1076
2765,3970
2765,5223
2765,6843
2766,2801
2766,3049
2766,3459
2767,4462
2767,6437
2768,828
2769,577
2769,694
2769,3360
2769,5134
2769,5322
2771,2514
2771,4103
2772,1631
2772,1642
2772,2267
2772,5286
2773,2198
2773,3578
2774,4925
2774,6130
2775,537
2775,1734
2775,3346
2775,5028
2776,1034
2778,3257
2779,4684
2779,6550
2782,924
2782,1671
2782,1744
2782,3061
2782,5649
2783,628
2783,2987
2785,3661
2785,4837
2785,6998
2786,561
2786,2491
2786,6625
2786,7531
2787,838
2787,1113
2787,3699
2788,6635
2790,4849
2790,4925
2790,6806
2791,3677
2792,695
2792,708
2792,1065
2792,1162
2792,6130
2792,6207
2793,1768
2793,3566
2793,5735
2794,95
2794,1901
2794,2143
2794,4683
2795,1245
2795,1424
2795,3011
2795,3468
2795,6176
2795,6575
2795,7139
2795,7225
2796,3512
2796,3856
2796,4295
2797,7372
2798,4371
2798,6672
2799,1750
2799,6838
2801,526
2801,1757
2801,3689
2801,7021
2801,7430
2802,2846
2802,3402
2804,403
2804,1034
2804,1827
2804,3512
2805,4663
2806,1038
2807,4685
2808,1908
2808,4164
2809,3077
2811,133
2812,1744
2812,4012
2812,5853
2814,1798
2815,1578
2815,5086
2815,7475
2815,7620
2816,3203
2816,3304
2816,4743
2816,5287
2817,196
2817,3896
2819,1591
2819,2685
2819,4345
2819,6790
2819,7276
2819,7398
2819,7601
2820,3532
2821,1904
2822,6416
2822,7073
2823,1108
2823,1561
2824,511
2824,7620
2825,3292
2825,7421
2826,7351
2827,837
2827,4411
2827,4933
2828,6365
2830,373
2830,1026
2830,2136
2831,3359
2832,2432
2832,2541
2832,3185
2832,4586
2833,2607
2833,3086
2833,4833
2834,73
2835,2239
2835,4854
2836,3002
2836,3175
2836,4837
2836,6979
2836,7620
2837,3788
2838,2249
2838,5522
2839,551
2839,1958
2840,830
2840,1450
2840,2924
2840,3227
2840,3642
2841,823
2841,1203
2841,1542
2842,3288
2843,1917
2843,3733
2844,3600
2845,3904
2846,1033
2846,1366
2846,3338
2846,5087
2846,6710
2847,3277
2847,7638
2848,3061
2848,4870
2848,6040
2848,7320
2849,405
2849,767
2849,1360
2849,2591
2850,709
2850,2292
2850,5011
2850,5092
2850,6286
2851,1135
2851,3414
2851,7199
2852,2911
2853,2383
2853,4498
2853,5016
2854,36
2854,3091
2854,6143
2855,3693
2855,7269
2856,1810
2858,792
2858,929
2858,7625
2859,2778
2859,6759
2860,1609
2861,1867
2861,2192
2861,3116
2861,6357
2862,1141
2862,6394
2862,7115
2863,864
2863,2463
2863,4532
2863,4862
2863,4869
2863,6856
2863,6987
2865,5792
2866,1840
2866,7071
2866,7150
2868,5006
2868,5518
2868,6887
2870,820
2871,1666
2871,3109
2871,5234
2871,7373
2872,1031
2872,2636
2872,3239
2872,3461
2872,4305
2872,4922
2873,1223
2873,4310
2874,11
2874,64
2874,1151
2874,1445
2874,4093
2874,4279
2874,4611
2874,5921
2875,6504
2876,66
2876,4341
2877,1354
2877,2720
2877,3801
2877,7243
2877,7388
2878,1303
2879,5168
2879,6386
2879,7084
2880,2110
2880,2465
2881,4376
2882,27
2882,4164
2882,5797
2883,2630
2884,2199
2884,5940
2885,3412
2887,3053
2887,5703
2887,6343
2887,6759
2888,3357
2889,3578
2890,293
2891,2742
2892,3283
2892,4072
2892,7411
2893,5722
2894,5435
2895,2899
2895,4960
2896,1622
2896,6508
2897,146
2897,250
2897,1453
2897,3731
2898,975
2899,335
2899,4105
2899,5619
2899,5879
2900,3143
2901,4490
2901,4986
2901,6426
2902,429
2902,7087
2903,1665
2903,2893
2903,6059
2904,6458
2904,6569
2905,3503
2906,2380
2906,4805
2906,5404
2907,940
2907,1813
2907,3567
2907,5089
2907,6716
2908,1069
2909,6169
2910,1436
2910,4687
2910,6258
2911,138
2911,2033
2911,4803
2911,6877
2912,3735
2912,4025
2912,4563
2912,6814
2913,469
2913,1624
2913,3832
2913,6649
2914,151
2914,5185
2915,884
2915,4925
2915,5827
2915,6042
2916,2115
2916,4380
2917,6668
2918,2863
2918,4913
2918,4973
2918,6058
2919,2278
2920,2111
2920,6569
2920,7130
2921,1415
2921,5967
2922,6897
2923,7574
2924,5239
2925,2006
2925,3356
2926,6625
2927,1227
2927,1302
2927,2807
2927,3509
2928,5484
2928,6839
2928,7587
2930,3860
2930,7620
2933,2233
2933,4194
2934,1971
2934,4481
2934,5196
2935,2104
2935,6388
2935,6994
2935,7116
2936,1602
2936,2747
2936,3522
2936,6267
2937,6833
2938,3693
2938,4164
2938,5641
2938,7572
2939,54
2939,1115
2939,7275
2940,3608
2941,5661
2942,2289
2942,3790
2942,5342
2942,6023
2943,17
2943,2399
2943,3908
2943,4382
2943,5591
2943,6145
2943,6598
2943,7460
2944,4882
2944,5625
2944,7094
2945,683
2946,909
2947,355
2947,1149
2947,7472
2948,721
2948,2455
2948,2959
2948,4037
2949,3361
2949,3389
2949,3569
2949,4497
2950,947
2950,4458
2950,6345
2950,7467
2951,3801
2951,7243
2952,1335
2952,2330
2952,3491
2952,5186
2952,5254
2953,335
2953,2895
2953,5117
2954,2001
2954,6123
2955,217
2955,4745
2955,5676
2956,2106
2956,3762
2956,4376
2957,4265
2958,874
2958,1270
2959,2999
2959,4362
2960,7190
2961,4864
2962,4910
2962,5499
2963,1087
2963,3229
2963,3934
2964,3532
2964,3726
2964,4259
2964,5511
2965,3985
2965,4206
2966,2477
2966,2695
2967,317
2967,526
2969,3579
2970,593
2970,836
2970,1802
2970,1999
2970,5881
2971,2252
2971,7199
2972,6409
2972,7638
2973,1544
2973,3335
2973,4100
2973,4832
2974,5709
2975,1282
2975,6442
2975,6931
2976,1015
2976,1288
2976,1756
2976,2035
2976,2825
2976,4104
2976,7516
2977,3162
2977,4398
2977,5132
2977,6024
2978,2386
2978,6186
2979,89
2979,1252
2979,3844
2979,3912
2981,98
2981,2782
2981,7071
2981,7289
2982,4690
2983,5609
2984,199
2984,3229
2984,4209
2984,4646
2985,2233
2986,288
2986,1541
2987,3455
2988,3385
2988,3936
2990,55
2990,2397
2990,4798
2991,1575
2991,5629
2992,1179
2993,2031
2993,3821
2994,662
2995,258
2995,593
2996,4701
2996,5229
2997,1731
2997,2527
2997,2767
2998,1774
2998,2758
2998,5156
2999,7131
3001,1058
3001,3092
3002,1543
3002,1565
3002,2836
3003,3183
3003,6825
3003,7385
3004,3998
3004,5460
3005,1618
3005,2150
3005,3635
3005,4817
3005,6108
3006,7470
3007,139
3007,2252
3008,732
3008,3856
3008,5572
3008,6702
3009,2867
3009,3400
3009,3490
3010,3920
3012,5145
3013,1066
3013,1820
3013,3179
3013,6369
3014,6868
3016,6623
3017,5288
3018,6961
3019,4329
3020,1236
3020,4074
3020,5780
3022,2306
3023,569
3023,779
3024,5245
3024,6099
3025,789
3025,2377
3025,2544
3025,3297
3025,3330
3025,6510
3025,6760
3026,980
3026,6851
3026,7558
3027,1796
3028,6718
3028,7230
3030,2779
3030,3494
3030,6130
3031,4094
3032,3570
3032,4342
3033,1341
3033,2069
3033,3694
3033,5342
3033,5905
3034,5979
3035,1457
3035,1458
3035,1930
3035,3054
3036,1863
3037,4097
3037,4991
3037,6660
3038,6337
3039,2956
3040,1901
3040,3864
3040,6503
3040,6822
3041,439
3042,229
3042,4055
3042,6593
3043,4271
3043,5870
3043,6421
3044,492
3044,3095
3044,3387
3044,6241
3045,1486
3046,4051
3046,5605
3046,7606
3047,3733
3048,337
3048,1213
3048,2180
3048,5599
3049,438
3049,2287
3049,2645
3049,2683
3049,2868
3049,3001
3049,3203
3049,3581
3049,3623
3049,4579
3049,6758
3050,6284
3051,3221
3051,4642
3051,5404
3051,6882
3052,7125
3053,134
3053,2095
3054,1353
3054,5114
3055,5112
3055,5891
3056,1046
3056,1769
3056,6703
3057,3315
3057,4126
3060,2755
3060,5576
3060,6992
3062,499
3062,1539
3062,2655
3062,4067
3062,4153
3062,4210
3062,7130
3063,2380
3063,4267
3064,332
3064,5266
3065,2312
3065,5329
3066,1798
3066,3895
3066,4384
3067,564
3067,908
3067,2061
3067,3986
3067,6869
3067,7393
3068,123
3068,448
3068,3539
3068,6400
3069,85
3069,904
3069,4952
3070,3206
3071,3752
3072,1700
3072,2384
3072,3070
3072,3359
3072,7467
3073,2106
3073,4522
3073,7330
3074,4071
3074,5904
3074,6414
3075,1283
3075,2862
3075,7115
3077,2701
3077,4376
3078,2461
3079,6678
3080,568
3080,1108
3080,1561
3081,5255
3081,5441
3082,1728
3082,5025
3082,6217
3082,7229
3083,5917
3084,3127
3084,3143
3084,4443
3084,7098
3085,310
3085,586
3085,2218
3085,3009
3087,932
3087,5163
3089,929
3089,3541
3090,1849
3090,3874
3091,412
3093,1836
3093,3183
3093,3502
3093,4080
3093,6461
3094,1043
3094,3292
3094,4258
3095,1160
3095,2875
3095,3483
3095,6294
3095,6340
3096,6551
3097,1290
3097,2288
3097,6663
3097,7304
3098,5941
3100,3352
3100,4809
3101,5483
3102,5939
3103,264
3103,4967
3103,5052
3103,6325
3104,1762
3104,6130
3104,6247
3105,659
3106,1576
3106,7269
3107,394
3107,3303
3107,3833
3107,6515
3107,7292
3109,6722
3110,7148
3110,7301
3111,7581
3112,2815
3112,4275
3113,766
3113,4376
3114,3078
3114,5832
3114,6952
3115,2287
3115,3202
3115,3304
3115,6486
3116,2099
3116,3529
3116,4619
3117,6139
3117,6334
3118,5881
3119,2472
3119,3797
3120,1761
3120,3005
3121,1279
3121,2702
3121,4089
3122,2168
3123,816
3124,551
3124,4270
3125,2703
3125,7093
3125,7512
3126,1059
3126,1341
3126,2942
3127,6090
3128,391
3128,1124
3128,4613
3128,7317
3129,330
3132,4787
3132,6613
3133,7083
3134,1967
3135,1149
3135,6144
3136,3865
3136,4752
3136,6367
3137,4032
3139,487
3139,4033
3140,149
3140,1961
3140,4064
3140,6297
3140,6551
3140,6702
3141,462
3141,2386
3141,4178
3141,5253
3142,1906
3142,7064
3143,617
3143,5127
3143,5618
3144,3917
3144,6833
3145,150
3145,613
3145,2422
3145,5527
3146,6799
3147,422
3147,1149
3147,2947
3147,4744
3148,5407
3148,6995
3149,6414
3150,1073
3150,3376
3150,4673
3150,5774
3150,6125
3151,5300
3152,188
3152,1195
3152,1661
3152,2058
3152,2823
3152,4559
3152,4586
3152,4948
3152,5543
3152,5585
3152,6330
3152,6467
3152,7344
3153,5232
3153,6757
3154,1087
3154,2136
3154,2646
3154,2833
3154,3630
3154,3995
3154,4108
3154,6556
3155,1429
3156,5960
3156,7516
3157,1911
3157,2062
3157,2070
3159,3145
3160,1705
3160,2432
3160,2736
3161,3478
3161,6555
3162,583
3162,2977
3163,2366
3163,5271
3163,5429
3164,2854
3164,3562
3165,2139
3165,5810
3167,1504
3168,2056
3168,3682
3168,7433
3169,4470
3169,7161
3170,2505
3170,6741
3171,881
3171,2086
3171,2831
3171,3602
3171,4803
3171,7295
3172,1357
3172,2410
3172,5707
3172,6066
3173,7004
3174,4033
3175,664
3175,1039
3175,1543
3175,1756
3175,4332
3175,4625
3175,4963
3175,7434
3175,7562
3176,4172
3176,4823
3176,5501
3177,3384
3177,4694
3177,5258
3177,5296
3177,6040
3177,6959
3178,1178
3178,5037
3179,3577
3179,4745
3179,5504
3180,1562
3180,1637
3180,4607
3180,4681
3180,5405
3180,6033
3180,7024
3180,7361
3182,3133
3182,6917
3183,986
3183,1070
3183,1249
3183,1330
3183,1378
3183,2290
3183,2659
3183,3312
3183,4420
3183,4465
3183,5513
3183,5626
3183,6660
3183,6981
3183,7163
3183,7487
3184,6849
3185,77
3185,374
3185,2921
3185,4290
3185,7103
3185,7294
3186,2136
3186,3354
3186,5358
3186,5918
3187,158
3189,7003
3190,793
3190,2198
3190,4469
3191,2282
3192,1451
3192,3679
3192,4374
3192,4815
3192,7439
3193,2170
3193,4206
3194,4029
3194,4294
3196,260
3196,1798
3196,2377
3197,13
3197,650
3197,878
3197,6418
3198,1128
3198,3526
3199,1070
3199,1707
3199,5000
3200,2004
3200,2351
3200,3055
3200,3935
3200,4794
3200,4815
3200,6456
3200,6727
3200,7326
3201,581
3202,2374
3203,194
3203,3545
3203,7151
3204,158
3204,4133
3204,6127
3205,496
3205,1964
3205,3227
3205,4628
3205,4810
3206,1058
3208,150
3208,282
3208,5805
3208,5988
3208,5991
3208,7132
3209,3040
3209,5652
3209,5719
3210,1903
3210,5256
3210,6453
3211,444
3211,2489
3211,4708
3212,229
3212,4141
3213,5234
3213,5678
3213,5735
3214,249
3214,996
3214,1304
3216,2572
3217,6091
3217,6679
3217,7255
3219,2373
3219,2473
3219,7031
3219,7606
3220,324
3220,2189
3220,4999
3221,1513
3222,496
3222,2608
3222,2840
3222,3292
3222,6109
3223,1519
3223,3887
3223,3925
3223,5936
3223,7018
3223,7310
3224,1429
3224,3382
3224,6282
3224,6494
3226,479
3226,5132
3226,5296
3227,31
3227,1164
3227,1276
3227,2056
3227,2308
3227,3792
3227,4660
3227,4738
3227,4963
3227,5349
3227,5533
3227,6813
3227,7237
3228,547
3228,1971
3228,5149
3228,5196
3228,6932
3229,2966
3229,7030
3231,96
3231,122
3231,550
3231,699
3231,1433
3231,2530
3231,3482
3231,3875
3231,4599
3231,5297
3231,5754
3231,6419
3231,6428
3231,6899
3232,5971
3233,1338
3233,1452
3233,1463
3233,6277
3233,6689
3234,2106
3234,2239
3234,5641
3235,5371
3235,6024
3236,999
3236,4357
3236,6088
3238,797
3239,1295
3239,2165
3239,3524
3240,223
3240,224
3240,747
3240,4823
3240,7479
3241,26
3241,1418
3241,3242
3242,26
3243,2887
3243,4013
3243,5327
3244,941
3244,2160
3244,2184
3244,2188
3244,4053
3244,4574
3244,4756
3244,5221
3244,7618
3245,4714
3245,7582
3246,2122
3246,2525
3247,2859
3247,5595
3247,6983
3248,738
3248,2174
3248,4032
3248,4341
3248,5238
3248,6072
3248,6432
3249,4820
3249,4863
3250,1739
3250,2111
3250,3821
3250,6522
3251,258
3252,593
3252,1058
3252,6843
3253,2198
3254,2578
3254,4166
3254,5073
3254,6659
3255,2499
3255,4663
3255,7490
3256,5694
3257,1194
3257,4082
3257,6343
3258,581
3258,5697
3260,1192
3260,5425
3260,6058
3260,6339
3261,593
3261,1058
3262,2618
3263,158
3264,4153
3264,4384
3264,5251
3264,5881
3265,5796
3266,315
3266,5046
3266,7220
3266,7565
3267,1441
3267,1629
3267,1964
3267,2585
3267,2749
3267,5349
3267,5440
3267,7281
3269,1650
3269,7252
3270,1650
3270,6464
3270,6630
3271,3849
3271,4390
3271,5063
3271,5114
3272,661
3273,1608
3273,5544
3273,7135
3274,534
3274,5543
3275,2588
3275,4784
3275,5012
3276,5225
3277,1711
3277,2024
3277,2171
3277,2212
3277,2241
3277,2572
3277,2743
3277,3320
3277,3532
3277,3667
3277,4734
3277,5029
3277,5199
3277,5214
3277,5273
3277,6078
3277,6497
3277,6582
3279,1210
3280,2528
3280,7230
3281,7538
3282,2823
3282,7395
3283,897
3284,1058
3284,7582
3285,1530
3285,2082
3285,4470
3286,2578
3286,4166
3286,5055
3286,5590
3287,5979
3288,427
3288,6918
3289,1058
3289,1634
3289,4806
3290,1373
3291,661
3291,1969
3291,2090
3291,4751
3292,2297
3292,2825
3292,3603
3293,2291
3293,5169
3295,612
3295,3743
3295,4409
3295,5524
3295,7649
3296,867
3296,2186
3296,2404
3296,4596
3296,7250
3297,1011
3297,4392
3298,3591
3298,5562
3298,6161
3299,4295
3300,5454
3301,354
3301,2696
3301,4166
3301,4550
3301,6455
3301,7301
3302,5217
3303,3168
3303,5985
3304,2587
3304,2816
3304,3115
3305,2260
3305,4960
3306,593
3306,1472
3306,4352
3307,704
3307,3267
3308,840
3308,2582
3308,5687
3308,6708
3309,2018
3309,4964
3310,6085
3311,18
3311,3334
3312,904
3313,1036
3313,1764
3313,3557
3314,271
3314,281
3314,286
3314,564
3314,598
3314,5767
3315,1053
3315,1471
3315,1852
3315,3204
3315,4648
3315,5395
3315,5599
3316,1759
3316,6372
3316,6670
3316,7614
3317,3049
3319,2239
3319,2241
3320,2801
3320,4904
3321,7358
3322,1652
3323,2239
3324,801
3326,537
3327,2254
3327,5284
3327,5918
3328,2904
3328,6630
3329,4314
3329,4507
3329,4555
3329,5284
3329,6005
3329,6186
3329,6719
3329,7591
3330,715
3330,2729
3330,3015
3330,5292
3330,5987
3330,6830
3330,7452
3331,1484
3331,1589
3331,1915
3331,2149
3331,2191
3331,2345
3331,2706
3331,4709
3331,5052
3331,5079
3332,3475
3333,6590
3334,3370
3334,4580
3334,6553
3335,1458
3336,4078
3336,4482
3337,2239
3338,823
3338,2858
3338,3522
3339,1379
3339,4186
3339,6511
3340,5742
3341,839
3341,7330
3342,2686
3343,4665
3343,6556
3343,7621
3344,1560
3344,2465
3344,6378
3345,4780
3346,412
3346,3640
3346,6771
3347,2711
3347,4806
3347,6804
3348,1316
3348,2198
3349,2254
3350,3416
3350,5113
3350,5681
3351,648
3351,2214
3351,4767
3351,7479
3352,3814
3352,6072
3352,6583
3352,7316
3353,632
3353,2271
3353,6702
3354,1009
3354,4025
3354,5644
3355,6606
3356,749
3356,2681
3357,727
3358,301
3358,829
3358,4486
3358,4922
3358,6420
3359,375
3359,604
3359,1975
3359,2166
3359,4565
3359,5031
3359,5125
3359,6485
3359,6582
3359,6634
3359,6664
3360,280
3360,577
3360,805
3361,3163
3361,3569
3361,3719
3361,5131
3361,5762
3361,6374
3361,7098
3363,1058
3363,1614
3363,2575
3363,5139
3363,5966
3363,6706
3364,4306
3364,4870
3365,5636
3366,2182
3366,3041
3366,3601
3366,3900
3366,4060
3367,4384
3368,6544
3369,751
3369,1345
3369,3600
3369,5173
3369,7038
3370,1619
3370,5082
3370,5593
3370,7582
3371,28
3371,1389
3371,2854
3371,3164
3371,3326
3371,6479
3372,551
3374,1480
3374,6745
3375,2647
3375,3143
3375,7559
3376,519
3376,1604
3376,6601
3377,5404
3377,6551
3377,6702
3378,5912
3380,1698
3380,7097
3381,2372
3381,3295
3382,2701
3382,3320
3382,6079
3384,1113
3384,2798
3384,5403
3385,2904
3385,6569
3385,6834
3386,1961
3387,954
3387,5494
3387,6294
3387,6504
3387,6821
3388,2198
3389,2949
3390,1605
3390,4079
3390,7301
3391,557
3391,4112
3391,4208
3391,4426
3392,1630
3392,3167
3392,4739
3392,6603
3393,3255
3393,4151
3393,4191
3393,5573
3393,6106
3394,1938
3394,4302
3394,6624
3394,6828
3394,7599
3395,1534
3396,241
3396,7224
3397,156
3397,301
3397,1156
3398,3895
3398,4376
3399,690
3399,4004
3399,7489
3400,4752
3400,6647
3401,2327
3401,6552
3402,416
3402,792
3402,2020
3402,2696
3402,2934
3403,6551
3404,2893
3405,253
3405,1159
3405,2629
3405,5863
3405,6422
3406,7197
3407,1499
3407,5994
3408,103
3408,3406
3408,5463
3408,7580
3409,2465
3409,3175
3409,4058
3410,4469
3411,837
3411,4498
3411,4564
3411,4663
3412,1021
3412,1237
3412,3087
3412,3719
3412,3939
3412,4197
3412,5163
3413,2424
3413,6013
3413,6238
3414,4401
3414,6862
3415,3992
3415,7513
3416,1332
3416,4911
3416,5242
3416,5681
3416,5871
3416,6273
3417,2035
3418,2044
3419,966
3419,6568
3420,1852
3420,5569
3421,1843
3421,5893
3422,900
3422,3799
3424,3143
3424,5034
3425,2680
3425,7063
3426,1273
3427,919
3427,2205
3427,2239
3427,7195
3428,89
3428,240
3428,2106
3428,2750
3428,3096
3428,5199
3429,941
3429,1440
3429,2458
3429,3626
3429,4445
3430,1361
3430,3878
3430,6027
3431,819
3432,1765
3432,6238
3432,6254
3432,6695
3433,1442
3433,4508
3433,5924
3433,6720
3433,6960
3434,2997
3435,5270
3436,2239
3437,1320
3437,1955
3437,3159
3437,3461
3437,3813
3437,3824
3437,4661
3437,5887
3437,7129
3438,42
3439,4127
3439,6702
3439,6887
3440,3974
3440,6702
3441,1830
3441,6488
3442,2608
3442,5872
3443,669
3443,684
3444,1634
3444,3734
3445,622
3446,4210
3447,3905
3449,7110
3450,7613
3451,7518
3452,74
3452,4117
3452,5489
3453,6813
3454,6294
3455,1978
3456,3149
3456,7003
3456,7180
3457,1300
3457,3078
3457,5047
3458,5773
3459,3079
3459,6658
3460,965
3461,1952
3461,2607
3461,6813
3462,4164
3462,6990
3463,4646
3464,4923
3465,3596
3466,1426
3466,5948
3467,3729
3467,4410
3467,6044
3467,6838
3469,785
3469,1184
3469,1673
3469,1915
3469,2650
3469,4889
3469,5891
3469,5936
3471,3562
3471,7457
3472,3009
3473,766
3473,6629
3474,4
3474,4379
3474,6635
3475,2330
3477,297
3477,5104
3478,252
3478,2944
3478,3706
3478,5486
3479,147
3479,5972
3480,1597
3480,1966
3481,5915
3481,7378
3482,3231
3482,4237
3482,7230
3483,3095
3483,3197
3484,1358
3484,3365
3485,5890
3486,4322
3487,179
3487,2067
3488,4952
3489,645
3489,2054
3489,2180
3489,3536
3489,4126
3489,5274
3489,5395
3490,356
3490,3009
3490,4783
3491,2952
3491,3475
3491,7644
3492,2898
3492,4409
3492,5949
3493,1862
3493,4384
3494,237
3494,667
3494,2850
3494,3147
3494,4201
3494,5034
3494,5803
3495,43
3495,1107
3495,2498
3495,4804
3495,5916
3496,4518
3497,4089
3497,4429
3497,5450
3499,487
3499,5502
3500,3904
3501,1310
3501,3124
3501,6779
3502,61
3502,85
3502,553
3502,2302
3502,3311
3502,4791
3502,7597
3503,483
3503,856
3503,1076
3503,1296
3503,2198
3503,2402
3503,3013
3503,5839
3503,6426
3504,943
3505,3535
3505,4481
3506,1066
3506,1539
3506,2330
3506,2794
3506,6920
3506,7077
3506,7328
3507,2604
3507,6751
3508,103
3509,528
3509,3554
3510,225
3510,1382
3510,1761
3510,1842
3510,3839
3510,4477
3510,4528
3510,4754
3510,4834
3510,5202
3510,5262
3510,5445
3510,7130
3511,1151
3511,1808
3512,7453
3513,2529
3513,3751
3513,5280
3514,4164
3514,7471
3515,881
3515,2415
3516,3064
3516,4492
3517,2858
3518,3635
3519,451
3519,3033
3519,3126
3519,3390
3519,5342
3521,251
3522,574
3522,1168
3522,3182
3522,3917
3522,6943
3523,7255
3524,1166
3524,3467
3524,4922
3524,5633
3525,1255
3525,2416
3525,3267
3525,3327
3525,3425
3525,4656
3525,6509
3526,2420
3526,3465
3526,3771
3526,5830
3527,3578
3528,786
3528,937
3528,1685
3528,1851
3528,2357
3529,1827
3529,2754
3529,4274
3530,1523
3530,3258
3530,6482
3532,1215
3532,2809
3532,4286
3532,4517
3532,4626
3532,5292
3532,6437
3532,6462
3532,6560
3533,3682
3533,4209
3533,5260
3533,6813
3534,950
3534,1057
3534,2074
3534,4501
3534,4698
3534,6225
3537,608
3537,798
3537,2851
3538,1293
3538,6707
3538,7102
3539,1291
3539,2059
3539,2539
3539,3068
3539,4067
3539,5264
3540,2155
3540,2772
3540,6230
3540,6339
3540,7084
3541,35
3541,897
3541,2188
3541,5892
3542,1682
3542,3761
3542,4376
3542,4889
3542,7330
3545,7553
3547,484
3547,2198
3549,1322
3550,2239
3550,5734
3551,5234
3551,6702
3552,2509
3553,1630
3553,4819
3554,1597
3554,4378
3554,6009
3554,6114
3554,6258
3554,6627
3555,128
3555,1888
3555,5192
3556,4222
3556,4738
3556,6158
3557,707
3557,1285
3557,5813
3557,5971
3557,6867
3558,1867
3558,4728
3558,5588
3558,7566
3559,921
3559,3125
3559,3725
3559,4262
3559,4696
3559,5204
3559,5334
3559,5704
3559,6610
3560,871
3560,5300
3560,5773
3561,881
3561,3532
3562,2475
3562,3164
3562,3471
3562,4131
3562,6081
3562,7626
3563,1488
3563,3064
3563,3924
3564,4544
3565,749
3565,806
3565,5448
3565,6772
3566,1335
3566,1853
3566,3240
3566,4268
3566,6558
3567,1321
3567,3052
3568,44
3568,1033
3568,4468
3569,932
3569,1244
3569,3879
3569,4647
3570,3032
3570,3598
3571,1450
3571,6205
3573,1372
3573,5907
3574,1189
3575,1751
3575,1863
3575,5692
3576,2239
3577,6237
3577,6807
3578,113
3578,264
3578,299
3578,1069
3578,1195
3578,1623
3578,1948
3578,2032
3578,2195
3578,2576
3578,2781
3578,3106
3578,3466
3578,3542
3578,3743
3578,4207
3578,4218
3578,4349
3578,4365
3578,4565
3578,5007
3578,5022
3578,5485
3578,5487
3578,5635
3578,5895
3578,5898
3578,7020
3578,7154
3579,4033
3579,5500
3580,5967
3580,7219
3581,1518
3582,2553
3583,641
3583,1616
3583,1980
3583,3678
3583,5929
3583,7513
3584,4411
3584,4886
3585,456
3586,978
3586,5802
3587,967
3587,6769
3588,2780
3588,6997
3589,1359
3589,6719
3590,2083
3591,1510
3591,1603
3591,3359
3591,3832
3591,7374
3592,2152
3593,431
3593,2013
3593,7003
3593,7607
3594,5707
3594,6787
3594,6890
3595,829
3595,3855
3595,5771
3595,6856
3597,275
3597,1969
3597,2132
3598,2189
3599,190
3599,6283
3599,6905
3600,2844
3600,6593
3601,122
3601,2109
3601,2409
3601,3747
3602,2179
3602,4803
3603,1015
3603,1565
3603,5582
3604,4180
3605,1353
3605,3856
3605,5360
3606,1058
3606,3929
3606,3999
3606,5404
3607,1427
3607,2320
3607,3672
3608,2106
3608,4713
3608,7535
3609,1398
3609,4996
3610,2180
3610,5599
3611,799
3611,1208
3612,1163
3612,5634
3613,3503
3613,3895
3613,5218
3614,2168
3615,1720
3616,4680
3616,5415
3617,6211
3617,7054
3619,1656
3619,3064
3619,4280
3619,6653
3620,258
3620,3185
3621,592
3621,4082
3622,93
3622,2606
3622,6773
3622,6821
3623,309
3623,1236
3623,5441
3623,7311
3624,3735
3624,6169
3625,100
3625,2368
3625,5144
3626,6973
3627,2365
3627,6887
3627,7395
3628,649
3628,2557
3628,2925
3628,4758
3630,3154
3630,7281
3631,2719
3631,4178
3631,6868
3632,1102
3632,6702
3633,1035
3633,7019
3634,4459
3635,761
3635,5248
3635,6896
3636,2362
3636,7133
3637,5957
3638,872
3638,5026
3639,2167
3639,2178
3639,4134
3639,6809
3640,324
3640,328
3640,2256
3640,5250
3641,3469
3641,6464
3642,2347
3642,5260
3642,6307
3643,3726
3644,4860
3644,6238
3645,4172
3645,4994
3645,6647
3646,1833
3646,3347
3646,6492
3646,6551
3646,7353
3647,90
3647,200
3647,1536
3647,2803
3648,6361
3648,7003
3649,2256
3649,2326
3649,3021
3650,2314
3650,4362
3650,5301
3650,7376
3651,1710
3653,4936
3653,5320
3654,952
3654,3405
3657,4217
3657,5932
3657,6289
3658,60
3659,1254
3659,1284
3659,7572
3660,5570
3661,2051
3661,5548
3661,5983
3662,5748
3662,5817
3662,6970
3663,1696
3663,6793
3664,1261
3664,3532
3664,4406
3664,7196
3665,397
3665,2522
3665,3907
3666,1490
3666,2722
3667,2239
3667,3277
3667,4026
3667,7395
3668,1116
3669,704
3669,6501
3670,360
3670,803
3670,1034
3671,1831
3671,4879
3672,6211
3673,1075
3674,3729
3675,53
3675,4646
3676,2379
3676,3554
3677,670
3677,2791
3678,605
3678,1736
3679,3040
3681,5575
3682,3533
3683,766
3684,982
3684,5827
3685,4295
3686,5029
3687,1000
3687,6942
3688,7134
3689,1184
3690,3009
3691,7603
3692,6004
3693,1415
3693,1698
3693,2340
3693,3861
3693,6537
3694,897
3694,1257
3694,1384
3694,3033
3694,3853
3694,4955
3694,5900
3694,6862
3694,7567
3695,4870
3695,5287
3695,5949
3695,6309
3695,7603
3696,1398
3696,1547
3696,2178
3697,4573
3697,4942
3698,725
3698,1184
3698,1278
3698,1495
3698,1525
3698,1767
3698,2332
3698,2746
3698,3042
3698,3139
3698,3689
3698,4015
3698,4302
3698,4356
3698,5346
3698,5561
3698,5880
3698,6028
3698,6489
3698,6490
3698,6959
3698,7134
3699,702
3701,1448
3701,2372
3701,3866
3701,7149
3702,2903
3702,3404
3702,5798
3704,5584
3704,5904
3704,6135
3705,2607
3705,2749
3706,564
3706,1550
3707,5043
3707,6585
3708,1293
3709,548
3709,634
3709,2254
3709,2593
3709,4078
3709,5379
3709,6861
3710,213
3710,2510
3710,3226
3710,3748
3710,4768
3710,5909
3710,6707
3711,1334
3711,1980
3711,4992
3711,5069
3711,7437
3712,3602
3713,4579
3713,5518
3713,6284
3713,6649
3713,7573
3714,1531
3715,3856
3715,4384
3715,4792
3716,110
3716,4479
3716,4701
3716,6783
3717,3583
3717,4723
3717,5929
3718,2639
3719,932
3720,319
3720,1017
3720,3946
3720,6551
3720,7337
3722,3830
3722,5848
3723,229
3723,2509
3723,5772
3723,6411
3723,6815
3724,296
3724,4959
3725,352
3725,631
3725,7250
3726,4186
3728,1878
3728,7161
3729,1248
3729,2422
3730,1053
3730,2046
3730,3811
3730,5161
3731,2897
3731,5078
3732,1566
3733,4663
3733,6709
3733,7444
3734,5222
3734,5296
3734,6618
3734,6802
3734,7535
3735,135
3735,577
3735,589
3735,1588
3735,5647
3735,5861
3735,5946
3735,7224
3736,1737
3736,3361
3737,1622
3737,6488
3738,1564
3739,1343
3739,4562
3740,4488
3740,5574
3740,6905
3741,3903
3742,2111
3743,7467
3744,296
3744,1961
3744,3152
3744,6350
3745,2714
3745,4338
3746,1576
3746,2875
3746,3767
3747,409
3747,1823
3748,129
3748,1266
3748,1665
3748,2060
3748,2375
3748,3178
3748,3713
3748,5369
3748,5669
3748,6413
3748,6439
3748,7166
3748,7331
3749,1264
3749,2777
3749,3102
3751,7345
3752,414
3752,1565
3752,3071
3752,4192
3752,5800
3753,1695
3753,3115
3753,3203
3753,6584
3754,3258
3754,6806
3754,7291
3755,1638
3755,3564
3755,5235
3756,85
3756,1925
3757,1241
3758,1357
3758,1665
3758,5626
3758,6047
3759,3127
3759,5523
3760,5404
3761,3469
3761,4198
3761,6064
3762,584
3762,1070
3762,2143
3762,2215
3762,3025
3762,3311
3762,7603
3763,930
3763,1930
3763,3256
3763,5953
3763,6269
3763,6726
3764,414
3764,2467
3764,3752
3764,6616
3764,7189
3765,1270
3765,3611
3765,7564
3767,3344
3767,5318
3768,2198
3769,354
3769,929
3769,1265
3769,2580
3769,2846
3769,4977
3769,6498
3770,310
3770,2867
3770,3400
3771,1380
3771,2420
3771,3290
3772,3503
3772,3613
3773,2773
3773,3866
3773,4102
3774,237
3774,2251
3774,5877
3774,6290
3775,456
3775,2113
3777,2477
3778,3265
3778,4400
3778,4817
3778,6114
3779,1568
3779,4634
3781,4067
3782,1210
3782,5278
3783,100
3783,1362
3783,3554
3783,4551
3783,6896
3784,696
3784,1927
3784,3618
3784,4115
3784,5170
3784,6547
3784,7370
3784,7387
3785,495
3786,2198
3786,2423
3786,3985
3786,4206
3786,5132
3786,5816
3787,3035
3787,3605
3788,4727
3788,6561
3788,6635
3789,616
3789,2179
3790,2278
3790,3519
3790,6977
3790,7199
3791,4107
3792,97
3793,301
3793,1188
3793,3358
3793,3809
3793,6386
3793,6856
3794,7451
3795,179
3796,4622
3796,5212
3796,7252
3797,3119
3797,4425
3797,5565
3797,6132
3798,2907
3798,5089
3799,1797
3799,4023
3799,6702
3800,4084
3801,1533
3801,1823
3801,2109
3801,2850
3801,2877
3801,3601
3801,7165
3802,3139
3802,3369
3802,3716
3802,4187
3802,5760
3804,260
3804,1093
3804,6774
3805,2250
3805,5691
3805,7086
3806,3048
3806,5599
3807,7534
3808,1113
3808,1453
3808,3370
3809,6914
3811,1852
3811,3130
3811,6213
3812,4747
3813,2769
3813,3437
3813,7488
3814,2293
3814,5633
3816,5947
3817,116
3817,497
3817,835
3817,954
3817,5332
3819,4628
3819,6031
3820,972
3820,2357
3820,4300
3821,1978
3821,2055
3822,1261
3822,2349
3823,3662
3823,5074
3824,3653
3824,5337
3825,405
3825,1531
3825,5512
3826,310
3826,6070
3827,3404
3827,3506
3828,1936
3828,5725
3829,1068
3829,4786
3829,7050
3830,324
3830,2860
3830,7073
3831,1444
3831,2198
3831,4356
3832,2913
3833,3107
3833,3953
3833,6109
3833,7081
3834,269
3834,6702
3835,1633
3835,3928
3836,7399
3837,1084
3837,4503
3838,564
3838,2713
3838,7099
3839,2917
3839,3062
3839,3742
3839,5786
3839,7250
3840,786
3840,2260
3840,4034
3841,7168
3842,3329
3843,441
3843,2046
3843,5274
3843,6380
3843,7092
3844,4381
3845,142
3845,3741
3845,4008
3845,4615
3845,6653
3846,5642
3847,2162
3847,3329
3847,4482
3849,3889
3849,4021
3849,6403
3850,120
3851,3187
3852,7081
3853,929
3853,3321
3854,7276
3855,2223
3855,5796
3856,48
3856,2015
3856,2239
3856,3987
3856,4161
3856,5136
3856,5549
3856,5708
3856,6187
3856,7297
3856,7518
3857,44
3857,1553
3857,3541
3858,2198
3858,5543
3858,7280
3859,7295
3860,1395
3860,3967
3861,527
3862,1678
3862,5303
3863,2459
3863,2692
3863,7358
3864,4672
3864,6503
3865,586
3865,4880
3866,178
3866,1014
3866,1546
3866,1608
3866,2678
3866,2889
3866,3757
3866,3922
3866,3959
3866,4971
3866,5171
3866,7467
3868,4490
3868,7330
3869,1295
3869,2052
3869,2662
3869,2749
3869,3086
3871,1794
3871,4493
3871,7222
3872,577
3872,1072
3872,2184
3872,6523
3872,7618
3873,2109
3873,5829
3874,517
3874,2260
3874,5978
3875,3231
3876,5042
3876,6702
3877,6346
3877,6869
3878,1442
3878,3760
3878,4716
3878,4805
3878,6440
3878,7234
3879,230
3879,3231
3879,4945
3879,5410
3880,995
3881,763
3882,3895
3883,1388
3883,4913
3883,5787
3884,4969
3884,7618
3885,208
3886,3249
3886,7106
3887,1013
3887,3871
3887,4109
3887,4790
3887,6470
3887,7624
3888,1245
3888,5263
3889,48
3889,5296
3889,6384
3890,495
3891,5772
3891,5984
3892,5686
3892,6111
3893,5469
3894,384
3894,560
3894,912
3894,1386
3894,2126
3894,2594
3894,2932
3895,789
3895,905
3895,1070
3895,1532
3895,1619
3895,2058
3895,2486
3895,2531
3895,3077
3895,3203
3895,3312
3895,3382
3895,3796
3895,3861
3895,4003
3895,4355
3895,4483
3895,5012
3895,5508
3895,5714
3895,6003
3895,6098
3895,6184
3895,6245
3895,6803
3895,6906
3895,7446
3896,833
3896,1749
3896,4609
3896,5739
3897,482
3897,4782
3897,6082
3898,2194
3898,4067
3898,6810
3899,2787
3899,3325
3899,6902
3900,7530
3901,2875
3902,5400
3902,6418
3903,1656
3903,4673
3904,1096
3904,2845
3904,3487
3904,6185
3904,7033
3905,709
3907,2910
3907,3005
3907,4577
3907,5248
3908,4645
3909,5404
3910,2039
3911,3557
3911,4118
3911,5839
3911,7376
3912,389
3912,1105
3912,2198
3912,3070
3912,6890
3913,86
3913,1239
3913,2198
3913,3329
3913,6868
3914,703
3914,2495
3914,4387
3914,5839
3915,4
3915,3104
3915,4849
3915,5793
3916,2220
3916,3856
3916,4100
3917,452
3917,4749
3917,7381
3918,1429
3920,1013
3920,2059
3920,2529
3920,3010
3921,3390
3921,4364
3921,4794
3921,6862
3922,1343
3922,1619
3922,3098
3922,3223
3922,7584
3923,2309
3923,3807
3923,5568
3923,6353
3924,999
3924,2264
3924,4077
3924,4143
3924,6653
3925,495
3925,3887
3925,3927
3926,1999
3926,3066
3926,4420
3926,4803
3927,867
3927,6565
3928,1353
3928,3835
3929,4248
3930,7395
3931,2198
3931,2740
3931,3164
3931,4479
3933,2061
3934,2695
3934,5137
3935,3200
3935,4929
3936,2988
3937,3240
3937,7479
3939,2456
3939,2943
3939,4497
3939,6935
3940,825
3940,6919
3941,1845
3941,3064
3941,7432
3942,764
3942,5680
3943,3338
3944,1563
3944,3212
3944,4141
3945,271
3945,4377
3945,6364
3947,3548
3947,5039
3947,5412
3947,5816
3948,266
3948,1621
3948,2021
3948,3394
3948,4269
3948,5259
3949,3281
3949,3461
3949,3669
3950,2377
3951,1402
3951,3039
3951,5853
3952,251
3952,1688
3952,3521
3952,5301
3953,734
3953,1010
3953,3975
3953,7292
3955,5548
3955,7205
3956,3344
3956,6041
3956,6378
3957,1386
3957,5603
3957,7025
3958,2888
3958,5286
3959,3895
3959,5171
3959,5218
3959,5957
3960,1681
3960,5337
3961,3283
3961,4403
3962,3510
3962,6474
3963,932
3964,4593
3964,5544
3964,7130
3964,7341
3965,2729
3965,5996
3967,3425
3967,7575
3967,7611
3968,531
3968,6514
3968,6577
3969,1045
3969,1401
3969,1981
3969,6450
3970,2370
3970,4376
3972,2347
3972,2560
3972,2976
3972,3219
3972,3642
3972,6698
3973,2239
3973,4952
3974,593
3974,1942
3974,6754
3975,6792
3976,1749
3976,1783
3976,7517
3977,3668
3977,5792
3978,49
3978,3520
3979,1386
3981,6241
3982,1348
3983,1098
3983,5474
3984,901
3984,5072
3984,7469
3985,986
3985,5176
3986,6471
3986,6950
3987,7247
3988,740
3988,3375
3988,5515
3989,1773
3989,2686
3989,5338
3989,5484
3989,5857
3990,1034
3992,10
3992,3820
3992,6557
3992,7348
3993,150
3993,5026
3993,7286
3994,2198
3994,3866
3995,2162
3995,6241
3996,552
3996,4376
3996,5194
3997,1845
3997,4077
3997,6753
3998,4687
3998,6513
3998,7492
3999,2120
4000,2437
4000,7178
4001,28
4001,4854
4002,6808
4004,4487
4005,307
4005,5803
4005,6144
4006,1722
4007,4209
4007,6360
4008,2654
4008,3903
4009,922
4009,3779
4009,4602
4009,4989
4011,1201
4011,2858
4011,6697
4012,4578
4013,5133
4014,7064
4015,1679
4015,4433
4016,2973
4016,6746
4017,6551
4018,6820
4019,765
4019,4560
4019,5617
4019,7068
4020,2379
4020,5310
4020,5821
4020,6792
4021,2198
4021,3849
4021,6756
4021,7072
4021,7373
4022,5085
4023,622
4023,3799
4023,4538
4023,6669
4023,6907
4023,7215
4023,7577
4024,265
4024,278
4024,5660
4024,7235
4025,1057
4025,2074
4025,5671
4025,6225
4025,6495
4026,1191
4026,3667
4026,4417
4027,4314
4027,5604
4029,40
4029,266
4029,5474
4030,2464
4031,6452
4032,2174
4033,1182
4033,1353
4033,3139
4033,3174
4033,4103
4033,4371
4033,5181
4033,5768
4033,7430
4034,2387
4034,5448
4034,5726
4034,7255
4035,1564
4035,3315
4036,624
4036,4139
4036,5055
4037,185
4037,1014
4037,5309
4037,7480
4038,1732
4038,2953
4038,4960
4038,5849
4038,5906
4039,149
4039,5685
4040,4042
4040,4043
4041,5534
4041,6538
4042,728
4042,3223
4042,3665
4042,4406
4042,5778
4042,5943
4042,7142
4043,4040
4043,7142
4046,6624
4047,4663
4048,1759
4048,5164
4048,5182
4048,5856
4049,1782
4049,1961
4050,2198
4050,3532
4051,2702
4051,3267
4052,825
4052,2503
4052,4515
4052,6858
4052,7515
4053,6201
4054,2664
4054,2676
4054,3073
4054,3785
4054,3895
4054,4480
4054,5557
4055,162
4055,803
4056,806
4056,1583
4056,4496
4056,5512
4057,593
4057,3510
4058,2135
4058,2497
4059,5196
4059,5695
4060,3041
4060,3375
4061,7482
4062,2901
4062,3559
4062,4986
4063,5919
4066,631
4066,2288
4066,3443
4066,4486
4067,448
4067,934
4067,1780
4067,1996
4067,2673
4067,3503
4067,3510
4067,3539
4067,3985
4067,4304
4067,4593
4067,4714
4067,5842
4068,66
4068,978
4068,1251
4069,1922
4069,4990
4069,5635
4069,5918
4070,2326
4070,6372
4071,731
4071,1152
4071,6551
4071,6702
4072,2953
4072,5117
4073,4685
4074,593
4074,6849
4076,551
4076,839
4076,7330
4077,554
4077,580
4077,1656
4077,2757
4077,4143
4077,4208
4077,4673
4077,6653
4078,4118
4078,5907
4079,1793
4079,2942
4080,103
4080,415
4080,903
4080,1427
4080,2040
4080,3196
4080,4167
4080,5346
4080,5714
4080,6579
4080,7331
4081,4663
4082,2887
4082,7398
4083,42
4083,3183
4083,6738
4084,3625
4085,2000
4085,4118
4085,7579
4086,479
4087,733
4087,740
4087,6652
4087,6671
4088,4075
4088,6561
4089,820
4089,3497
4089,3833
4089,4020
4089,5563
4089,5887
4089,6583
4091,2183
4091,6236
4093,1740
4093,2874
4094,1891
4094,4799
4094,6339
4094,6542
4094,7084
4095,1058
4095,2239
4095,4384
4095,5296
4096,5350
4096,5961
4097,793
4097,3515
4097,5455
4098,629
4098,3179
4098,5368
4100,2070
4100,5018
4101,458
4101,1073
4101,3771
4101,4254
4101,6712
4102,5676
4103,1253
4103,4436
4103,4909
4103,4959
4103,6722
4104,511
4104,2282
4104,3453
4104,4275
4104,5582
4104,7575
4105,2364
4105,2667
4105,4905
4105,7411
4105,7506
4106,7245
4106,7435
4107,3791
4108,365
4108,2966
4108,3934
4108,6517
4108,7367
4110,1567
4110,6173
4111,3152
4112,1656
4112,1679
4112,4354
4112,7565
4113,346
4113,4870
4113,7369
4114,1167
4114,3715
4115,225
4115,1472
4115,6916
4116,684
4116,713
4116,1269
4116,2026
4116,2376
4116,2493
4116,2800
4116,2904
4116,3839
4116,6446
4117,690
4117,3211
4117,4873
4118,86
4118,2629
4118,4085
4118,5400
4119,68
4119,1312
4119,2687
4119,4319
4119,5246
4120,2425
4121,1653
4121,2810
4121,3485
4121,3599
4121,3767
4122,671
4122,4387
4123,679
4123,6788
4124,1141
4124,4439
4124,7115
4125,1244
4125,2133
4125,4567
4126,7
4126,2957
4126,5977
4126,6525
4126,6687
4127,375
4127,1028
4127,1752
4127,2102
4127,3185
4127,5495
4130,117
4130,4000
4131,3562
4132,7083
4133,7
4133,935
4133,1204
4133,2591
4133,2957
4133,3315
4133,6213
4133,6255
4133,6607
4133,6687
4134,4374
4134,6248
4134,6456
4135,5988
4136,381
4137,7622
4138,5367
4139,1713
4140,7608
4141,305
4141,5375
4141,6411
4143,682
4143,741
4143,3741
4143,4008
4143,4351
4143,5019
4143,5587
4144,1124
4144,2409
4144,2837
4144,4950
4145,708
4145,1065
4145,1502
4145,3494
4146,3424
4146,5867
4146,6090
4146,6482
4147,2755
4148,2431
4148,3202
4148,4687
4148,5734
4148,6592
4149,6207
4149,6652
4150,3244
4150,4810
4151,3393
4151,4353
4151,4564
4151,7463
4152,1060
4152,2561
4152,3310
4153,8
4153,3190
4153,6026
4153,6070
4154,259
4154,6901
4155,1058
4155,1415
4155,5296
4156,774
4156,4278
4156,4870
4156,5372
4157,7105
4157,7353
4159,6406
4161,3185
4161,5006
4161,6707
4162,2410
4163,1679
4163,6078
4164,717
4164,1491
4164,2108
4164,2334
4164,2406
4164,2814
4164,3462
4164,4257
4164,5296
4164,5352
4164,5557
4164,6413
4164,6500
4164,6658
4164,6758
4164,6843
4164,6990
4166,624
4166,823
4166,1265
4166,5196
4166,6659
4168,5772
4168,7196
4169,7620
4170,70
4170,1650
4170,5506
4171,995
4171,3741
4171,4280
4172,28
4172,525
4172,2545
4172,3120
4172,6999
4173,211
4173,970
4173,4259
4173,5953
4173,5997
4173,7252
4174,2047
4174,7474
4175,4052
4175,7645
4176,632
4176,4588
4176,6669
4177,85
4177,5350
4177,6412
4178,1036
4178,6868
4178,7576
4180,3604
4181,420
4181,6006
4182,2239
4182,7467
4183,4757
4183,5986
4184,2313
4184,3756
4184,3970
4184,4871
4184,6397
4184,6933
4184,7597
4185,2629
4185,5150
4185,5758
4185,6422
4185,7029
4186,2588
4187,3369
4189,146
4189,4378
4189,4817
4189,6729
4190,3408
4190,6098
4190,6702
4191,74
4191,2012
4191,2073
4191,5908
4191,7361
4192,1839
4192,2846
4192,3071
4192,3752
4192,7189
4193,589
4193,1068
4193,7062
4193,7586
4194,1145
4194,1153
4194,2509
4194,3552
4194,5889
4194,7154
4196,5707
4196,6224
4197,3412
4198,1022
4198,3618
4198,6880
4199,488
4200,2712
4200,3085
4200,3173
4200,3400
4200,5994
4200,6070
4200,6312
4201,4367
4202,307
4202,1149
4202,3147
4202,3511
4202,5803
4203,258
4203,260
4203,4352
4203,4589
4203,7003
4206,2965
4206,3384
4206,4304
4206,4376
4206,4805
4206,5556
4208,1193
4208,1771
4208,2226
4208,3266
4208,4512
4208,4599
4208,6088
4208,7157
4209,195
4209,1190
4209,1276
4209,2702
4209,4625
4209,5298
4209,6116
4209,7049
4210,1254
4210,5612
4210,6678
4211,593
4212,1899
4212,5132
4212,5881
4213,390
4213,593
4213,1584
4213,1744
4213,1902
4213,4376
4214,1909
4214,3143
4214,5675
4214,6681
4215,1758
4215,5548
4215,5922
4216,1655
4216,2407
4216,4805
4216,6954
4216,7416
4217,456
4217,1197
4217,5070
4217,5597
4217,6506
4218,2494
4218,4805
4219,2239
4219,4482
4220,4427
4221,729
4221,2877
4221,5271
4222,44
4222,1496
4222,1560
4222,2803
4222,4501
4222,7571
4223,583
4223,1094
4223,7296
4224,1852
4224,2022
4224,2472
4224,5569
4224,6650
4225,6436
4226,4673
4226,6347
4226,7460
4227,5435
4228,2544
4228,4386
4228,5464
4228,6063
4229,1405
4229,3519
4229,5621
4229,7002
4229,7138
4230,1094
4230,2009
4230,3532
4230,4682
4230,6596
4231,738
4231,3248
4232,1674
4232,2872
4232,3205
4232,3524
4232,4867
4233,2143
4234,1984
4234,2278
4234,2524
4234,4518
4234,6061
4234,7107
4234,7591
4235,244
4235,3453
4235,3949
4235,5298
4235,6120
4236,3116
4236,5497
4237,121
4237,1099
4237,1237
4237,1841
4237,2133
4237,2366
4237,2507
4237,2605
4237,3572
4237,3963
4237,4443
4237,4497
4237,5333
4237,6247
4237,6530
4237,7291
4238,108
4238,5724
4238,6583
4238,7613
4239,200
4239,2695
4239,3229
4240,1128
4240,4632
4240,5686
4241,1796
4241,4895
4241,7607
4242,4321
4242,5548
4242,5592
4242,6819
4243,5797
4244,653
4244,1126
4244,1637
4244,1889
4244,2137
4244,2352
4244,3984
4244,4491
4244,4873
4244,4914
4244,5228
4244,7024
4244,7214
4245,2250
4245,4412
4248,4806
4249,4384
4251,6347
4252,5896
4252,6106
4253,1472
4253,3330
4253,6984
4254,4101
4254,6637
4255,6513
4256,5706
4256,7014
4257,1775
4257,5799
4258,3497
4258,4850
4259,881
4259,3013
4259,3382
4260,1450
4260,3615
4260,6307
4260,7081
4261,4384
4262,3003
4263,2198
4263,2558
4264,1827
4264,3116
4264,7188
4265,888
4265,1306
4265,5600
4265,7248
4266,2080
4266,2269
4266,5874
4268,1655
4271,3043
4271,6550
4272,1946
4273,288
4273,2817
4273,4573
4273,6074
4274,2854
4274,6479
4275,2230
4275,3175
4275,3960
4276,3494
4276,3771
4276,7564
4277,908
4277,2094
4277,2305
4277,5192
4277,7094
4277,7514
4278,1185
4278,2782
4279,355
4279,2168
4279,7509
4280,2426
4280,2654
4280,3150
4280,3417
4280,3619
4280,5291
4280,5757
4280,6753
4280,7236
4281,1849
4281,2387
4282,4571
4282,4767
4282,4889
4282,6590
4282,7006
4284,2157
4285,1444
4286,1478
4287,1593
4287,6094
4289,3277
4290,566
4290,4392
4290,6098
4290,7280
4291,4130
4291,6205
4292,617
4292,3845
4293,303
4294,456
4294,1379
4294,4390
4294,5321
4294,6210
4294,6947
4294,7359
4295,487
4295,575
4295,1045
4295,1355
4295,3685
4295,3744
4295,5191
4295,6137
4295,6722
4295,7392
4295,7453
4297,94
4298,4425
4299,1307
4299,2167
4299,3971
4299,4079
4299,5450
4299,6285
4300,2681
4300,5825
4301,1361
4301,2062
4301,3559
4301,5188
4301,5289
4301,6096
4301,6761
4301,7298
4302,601
4302,4637
4302,4904
4302,5346
4302,5511
4302,7330
4304,1875
4304,3268
4304,4900
4304,6408
4304,7481
4305,2500
4305,4106
4305,6008
4305,6181
4306,258
4306,1744
4306,6887
4307,1561
4307,2484
4309,551
4309,1707
4310,561
4310,5345
4311,6
4311,3802
4312,3529
4313,5730
4315,259
4315,3532
4317,4952
4318,3499
4319,1384
4319,4204
4319,6199
4319,6963
4320,585
4320,707
4320,1297
4320,3911
4320,4362
4321,1988
4321,4242
4322,3135
4322,4744
4322,6524
4322,6988
4322,7108
4325,2500
4325,3980
4325,5047
4325,5677
4325,7041
4328,3186
4328,3993
4329,2440
4329,3019
4329,5112
4330,1938
4330,6779
4331,3402
4331,6136
4332,7586
4334,2504
4334,3481
4335,932
4336,2074
4337,0
4337,1744
4337,3070
4337,5070
4338,47
4338,4419
4338,6546
4339,2085
4339,2289
4339,6543
4339,7425
4340,1567
4340,4620
4340,6094
4340,6681
4340,7631
4341,31
4341,2876
4342,569
4342,1609
4342,3032
4342,3597
4343,7422
4344,1153
4344,2927
4345,4791
4345,6289
4346,872
4346,2316
4346,3622
4347,2381
4347,4241
4347,6152
4348,1280
4348,1429
4348,3371
4349,535
4349,771
4349,7603
4350,267
4350,5707
4350,6706
4351,4
4351,1079
4351,4181
4351,4208
4351,6653
4352,3306
4352,3373
4352,5214
4352,5707
4352,6850
4353,444
4354,7541
4356,3831
4356,4724
4356,6759
4357,1587
4358,3695
4359,354
4360,7227
4361,139
4361,1465
4361,1963
4361,2379
4361,2709
4362,1118
4362,1297
4362,3368
4362,5063
4362,6491
4363,3471
4363,3738
4364,1986
4364,4370
4367,7137
4367,7453
4368,1853
4368,3821
4368,4282
4368,4571
4369,2039
4370,3971
4370,4339
4370,4364
4370,5905
4371,495
4371,3527
4372,2748
4373,2415
4373,3987
4373,4098
4373,4569
4373,5263
4374,1398
4374,4018
4374,4134
4374,6248
4375,2854
4375,6250
4376,98
4376,116
4376,460
4376,555
4376,626
4376,727
4376,804
4376,821
4376,986
4376,1170
4376,1186
4376,1614
4376,1631
4376,1642
4376,1705
4376,1884
4376,1912
4376,2058
4376,2155
4376,2555
4376,2645
4376,2677
4376,2855
4376,2888
4376,2931
4376,3113
4376,3245
4376,3632
4376,4365
4376,4442
4376,4479
4376,4553
4376,4602
4376,4691
4376,4768
4376,4839
4376,5201
4376,5219
4376,5704
4376,5840
4376,5962
4376,6016
4376,6047
4376,6075
4376,6475
4376,6486
4376,6579
4376,6693
4376,7044
4376,7310
4376,7321
4378,1618
4378,1931
4378,2261
4378,2431
4378,2910
4378,3800
4378,4189
4378,4605
4378,6766
4379,2251
4379,3474
4379,5934
4379,6870
4380,868
4380,2598
4380,3373
4380,5214
4381,2228
4381,2484
4381,3532
4382,420
4383,310
4383,5387
4384,173
4384,372
4384,638
4384,1093
4384,1378
4384,1826
4384,1945
4384,2414
4384,2921
4384,2941
4384,3347
4384,3367
4384,3398
4384,4261
4384,4262
4384,4801
4384,5008
4384,5350
4384,5508
4384,5532
4384,5945
4384,6075
4384,6086
4384,6400
4384,6574
4384,6714
4384,6774
4384,6810
4384,6895
4384,6966
4384,7252
4384,7410
4385,869
4385,7166
4386,1024
4386,4173
4386,7503
4387,1693
4387,4122
4388,5878
4389,1300
4390,1111
4390,6696
4391,204
4391,581
4392,3459
4393,1368
4393,1744
4393,2239
4393,2614
4394,3959
4396,1886
4397,6106
4398,1744
4398,7603
4399,54
4399,824
4399,968
4399,1099
4399,1422
4399,2140
4399,2885
4399,3163
4399,3939
4399,4418
4399,4534
4399,5673
4399,5870
4400,4577
4400,7304
4401,608
4401,3200
4402,1883
4402,6887
4403,1969
4403,2667
4403,2899
4403,3961
4403,4237
4403,4905
4403,6357
4404,452
4404,535
4404,2546
4405,6621
4406,1278
4406,3351
4407,3763
4407,4201
4408,4954
4408,6990
4409,3295
4409,3545
4410,310
4410,2422
4410,3173
4410,5367
4411,653
4411,679
4411,1292
4411,1509
4411,3211
4411,3393
4411,3435
4411,4117
4411,4123
4411,4487
4411,5270
4411,5345
4412,4048
4412,4056
4412,4245
4412,5512
4412,6164
4412,6372
4414,1146
4414,3563
4414,4557
4414,4673
4415,89
4415,2832
4416,1650
4416,7312
4417,3277
4418,1146
4418,5279
4418,7275
4419,2714
4419,5758
4419,7456
4420,1330
4420,1453
4420,1991
4421,1746
4422,604
4422,2831
4422,3760
4422,6620
4422,6624
4422,6904
4423,4711
4424,66
4424,1814
4424,4209
4425,4981
4426,1771
4426,2757
4426,3391
4427,212
4427,551
4427,3959
4428,4671
4429,193
4429,2825
4429,3094
4429,6776
4430,564
4430,4277
4431,2862
4431,3029
4431,4439
4431,4888
4432,3841
4432,4437
4433,3723
4433,4055
4434,1280
4434,6807
4435,2293
4435,5191
4436,1961
4437,4821
4437,5159
4438,1494
4440,2998
4440,3111
4440,3802
4441,2215
4441,5588
4441,6104
4442,4805
4443,6671
4444,2692
4444,6932
4445,3227
4446,7620
4447,6974
4448,1058
4448,2587
4449,1450
4449,4089
4449,7641
4450,2198
4450,2239
4450,2354
4451,631
4451,1362
4451,3778
4451,6378
4452,1095
4452,1320
4452,2453
4452,5521
4452,7433
4453,3185
4454,88
4454,747
4454,998
4454,1322
4454,3005
4454,4189
4455,4628
4458,4746
4458,5398
4458,5412
4459,3634
4459,3795
4459,6102
4459,7462
4460,7498
4461,6302
4461,7414
4462,1512
4462,2767
4462,2864
4462,2997
4462,4887
4462,5183
4462,5379
4462,6142
4463,3720
4463,5365
4464,4407
4465,258
4465,1663
4465,3502
4465,4091
4466,1357
4467,2474
4468,2188
4468,6415
4469,551
4469,5464
4469,5575
4469,6063
4470,1755
4470,2722
4470,3169
4470,3285
4470,3666
4471,31
4471,3156
4471,3276
4471,4104
4472,1487
4472,5591
4473,1912
4473,3698
4475,1646
4475,1830
4475,4485
4475,4663
4476,1444
4476,2239
4476,3277
4477,1780
4477,3510
4478,1529
4478,4244
4478,7469
4479,616
4479,3022
4479,3931
4479,4307
4479,4433
4479,5608
4481,594
4481,1605
4481,1779
4481,2696
4481,2735
4481,2937
4481,5590
4482,1217
4482,1669
4482,3336
4482,4824
4482,7441
4483,3185
4483,5404
4483,5881
4485,3411
4485,4475
4485,6567
4485,7598
4486,2880
4486,4066
4486,5899
4486,6392
4487,653
4489,1595
4489,4842
4489,5142
4489,6839
4490,881
4490,1655
4490,2486
4490,3772
4490,5218
4491,481
4491,6609
4492,3516
4493,3871
4494,481
4494,6103
4496,4960
4496,6842
4497,1675
4497,2439
4497,3201
4497,4197
4498,4411
4499,5404
4499,7104
4500,5775
4501,2385
4501,4863
4501,4906
4502,7322
4503,6131
4503,6672
4504,2250
4504,5409
4505,6097
4506,2988
4506,6897
4507,2210
4507,4118
4509,1736
4509,1881
4509,2435
4509,2777
4509,7458
4510,7003
4511,4384
4512,1124
4512,2710
4513,1058
4514,2239
4515,2842
4515,4721
4515,5319
4515,5426
4515,5565
4516,932
4516,1119
4516,1841
4516,2720
4517,3532
4518,2121
4518,2280
4518,3496
4518,4234
4518,4922
4518,5422
4518,6460
4519,495
4519,4054
4519,6118
4520,361
4520,4664
4520,6304
4521,4867
4522,61
4522,2929
4522,3686
4522,4031
4522,4453
4522,5029
4522,5247
4522,5614
4522,7059
4523,5650
4523,6551
4523,7330
4524,3449
4524,3733
4524,4423
4524,5357
4524,6508
4524,7383
4525,2772
4526,6702
4527,45
4527,704
4527,4305
4528,593
4528,2198
4529,4376
4529,6096
4530,3431
4530,5911
4532,864
4532,1188
4532,1891
4532,5912
4534,4237
4534,5124
4535,132
4535,2145
4535,4384
4536,3189
4536,5881
4537,424
4538,4176
4538,5637
4539,928
4539,1221
4539,1685
4539,2099
4539,3558
4539,6519
4539,6520
4540,5051
4540,5980
4541,809
4541,1862
4541,2198
4541,3587
4542,1046
4542,5447
4542,7088
4544,379
4545,2518
4546,183
4547,574
4547,2696
4547,3110
4549,2314
4549,4725
4550,2696
4550,6782
4550,6863
4551,3783
4551,7246
4553,2239
4554,828
4555,436
4555,2613
4555,7153
4555,7579
4556,1370
4556,4384
4556,7464
4557,3915
4557,5131
4559,579
4560,941
4560,1166
4560,3676
4560,5185
4560,6813
4563,2912
4564,992
4564,3399
4564,4711
4565,1098
4565,2062
4565,2572
4565,5864
4566,1391
4566,3523
4566,4583
4566,5028
4566,5465
4566,6842
4567,3741
4567,3903
4568,2688
4568,4788
4568,4998
4568,5021
4569,6159
4569,6301
4569,7032
4570,1908
4570,2772
4570,6673
4570,7572
4571,6123
4573,678
4573,3521
4573,4679
4573,5155
4573,5312
4574,492
4574,4988
4575,4052
4575,7515
4577,1618
4577,3778
4577,3907
4577,6258
4577,7391
4578,841
4578,1639
4578,1883
4578,4012
4578,4290
4578,4408
4578,4801
4578,4928
4578,5979
4578,6397
4578,7349
4578,7410
4579,3277
4581,6377
4582,3437
4582,3766
4582,5260
4582,5563
4582,6169
4583,1630
4583,1851
4583,4566
4583,6124
4583,6679
4584,3125
4584,4067
4584,5798
4584,7131
4585,4884
4586,593
4586,4127
4587,21
4587,195
4587,827
4587,4405
4587,5059
4587,5838
4588,2689
4588,6526
4589,2239
4589,4203
4590,1152
4590,7215
4590,7280
4592,4160
4593,7077
4595,3311
4595,3469
4595,4384
4595,5234
4595,6140
4595,7219
4596,936
4597,4018
4597,6742
4598,6763
4599,3924
4599,6347
4599,6550
4600,2054
4601,5664
4603,787
4604,837
4604,2827
4605,4596
4605,6258
4605,6651
4606,7330
4607,6192
4608,2991
4608,4376
4609,4273
4610,1065
4610,1593
4610,4149
4611,2168
4611,4202
4611,4322
4611,5911
4611,7472
4612,2284
4612,4726
4612,5613
4613,5277
4613,7011
4614,1696
4614,3272
4614,5828
4615,2251
4615,4379
4615,6002
4615,6550
4615,6870
4616,2106
4616,2618
4616,2711
4617,2529
4617,2570
4617,4817
4617,5796
4617,7057
4618,1021
4618,3361
4619,1672
4620,4340
4620,7343
4621,1181
4621,5374
4621,5527
4622,4067
4622,5143
4623,1306
4624,2988
4624,5063
4624,6408
4625,7620
4626,4991
4627,452
4627,743
4627,4119
4628,2872
4628,4455
4628,4671
4628,5887
4628,6177
4628,7112
4628,7390
4628,7394
4628,7435
4629,3896
4629,7250
4630,359
4630,2030
4630,6526
4630,7097
4630,7346
4631,3187
4631,3851
4631,4702
4631,7457
4632,7208
4633,3506
4633,4867
4633,6549
4634,1225
4635,1358
4636,7514
4637,4302
4638,4895
4638,4954
4639,5395
4639,6151
4640,5727
4641,410
4641,632
4641,736
4641,1885
4641,2271
4641,2634
4641,4442
4641,7337
4641,7610
4642,1415
4642,4608
4642,6702
4642,6787
4642,6992
4642,7568
4644,3057
4645,6207
4646,157
4646,168
4646,325
4646,1480
4646,1951
4646,2190
4646,2748
4646,3417
4646,3792
4646,4445
4646,4995
4646,6501
4646,7316
4646,7435
4646,7606
4647,2329
4647,2399
4647,3569
4647,4530
4649,4793
4650,5133
4651,2156
4652,6326
4653,3751
4653,4957
4654,2463
4654,5777
4655,5673
4655,6366
4655,7609
4656,53
4656,2347
4656,6084
4656,7221
4657,4843
4657,6205
4658,5241
4659,7383
4660,1035
4660,3227
4660,5647
4660,6169
4661,4235
4662,1513
4662,4352
4662,7204
4663,653
4663,663
4663,876
4663,1466
4663,1528
4663,1555
4663,1637
4663,1889
4663,1917
4663,2352
4663,4397
4663,4494
4663,4659
4663,5038
4663,5405
4663,6227
4663,6829
4664,3208
4664,5988
4665,988
4665,3267
4665,3819
4665,6910
4665,7224
4666,136
4666,442
4666,2728
4666,3006
4666,5409
4666,5555
4666,5978
4666,6391
4666,7075
4666,7366
4667,1969
4668,4033
4668,7373
4669,1993
4669,2206
4669,2637
4669,6021
4670,1929
4670,2368
4670,3218
4670,3542
4670,4831
4670,5403
4670,5758
4670,6584
4671,5910
4671,7641
4672,1390
4672,1726
4672,6503
4673,172
4673,794
4673,1771
4673,3417
4673,3741
4673,4354
4673,4947
4673,4975
4673,7314
4673,7504
4674,1030
4674,3503
4674,6030
4674,6426
4675,1694
4675,7515
4675,7645
4676,2098
4676,3356
4676,5245
4676,6997
4677,885
4677,4920
4677,5684
4677,6472
4677,7532
4677,7575
4678,3644
4678,5687
4678,6013
4678,7189
4679,4116
4679,4805
4679,5332
4680,380
4680,2434
4680,3456
4680,4697
4680,5392
4680,5557
4680,6004
4680,6098
4681,5737
4681,6508
4682,89
4682,258
4682,6604
4683,1901
4683,3209
4683,3864
4684,2726
4684,6286
4684,6550
4685,1227
4685,6929
4686,702
4686,3325
4687,1931
4687,2374
4687,6592
4688,552
4688,906
4688,2832
4688,5979
4689,3824
4689,5887
4689,6147
4689,7237
4689,7438
4690,1202
4690,1314
4690,1699
4690,3148
4690,3877
4691,3995
4691,7441
4692,1566
4692,3637
4693,1956
4693,3155
4693,3295
4693,4805
4694,942
4694,3616
4695,6414
4696,760
4696,3641
4696,4198
4697,2239
4698,2315
4698,2702
4698,5838
4699,4205
4699,7120
4700,137
4702,3187
4702,5393
4703,4252
4705,1443
4705,3842
4706,1561
4707,3455
4707,5722
4707,5813
4708,2395
4708,5974
4710,3726
4711,1555
4711,2259
4711,5737
4712,2198
4712,7353
4713,3608
4714,776
4714,1575
4714,2772
4714,6952
4714,7446
4715,456
4715,2198
4715,5735
4716,1289
4716,5845
4716,5926
4716,7007
4718,386
4718,6897
4719,4876
4719,5216
4720,1822
4720,5086
4720,6050
4721,459
4721,5242
4721,5681
4721,6239
4723,4992
4723,7457
4724,1296
4724,6618
4725,436
4725,1118
4725,1285
4725,2243
4725,3531
4725,4308
4725,5039
4726,279
4726,2284
4726,4143
4726,4567
4727,5162
4728,174
4728,1221
4728,1630
4728,1849
4728,7014
4728,7630
4730,402
4731,2220
4731,2415
4731,6807
4731,7020
4732,2053
4732,5548
4733,495
4733,5650
4734,4453
4734,6692
4735,106
4735,211
4735,856
4735,1066
4735,6417
4736,180
4736,2616
4737,1663
4737,4806
4738,2833
4739,1583
4739,2189
4739,3992
4740,3102
4740,4723
4740,5017
4740,6865
4741,7043
4742,1503
4743,116
4743,194
4743,2816
4743,4324
4744,2874
4744,3122
4744,3135
4744,3511
4745,2809
4746,1524
4746,4458
4746,7305
4747,4634
4747,5728
4747,6110
4747,6864
4747,7113
4748,303
4748,3082
4748,5025
4749,1602
4749,1635
4749,2936
4749,3144
4749,7279
4750,2545
4750,6214
4751,2114
4751,2327
4751,5692
4752,470
4752,1701
4752,3136
4752,4410
4753,2670
4754,672
4754,2111
4757,6868
4757,6986
4758,1732
4758,2037
4758,2681
4758,3346
4758,4704
4759,189
4759,6534
4760,37
4761,1223
4762,3793
4762,6351
4763,6247
4764,2143
4765,547
4765,4481
4765,5196
4766,1482
4766,7476
4767,3351
4767,4362
4768,633
4768,2087
4768,2931
4768,5626
4768,6880
4768,7464
4769,1358
4769,1490
4769,4430
4769,4882
4769,5486
4771,2287
4771,5398
4771,5415
4773,85
4774,1805
4775,5454
4775,7190
4777,757
4777,764
4777,3817
4778,2239
4779,1441
4779,1556
4779,2121
4780,3345
4780,6891
4781,265
4782,369
4782,6551
4782,6702
4783,310
4783,3085
4783,6367
4784,3275
4785,85
4785,3068
4785,5222
4786,3828
4786,4260
4786,5970
4786,6316
4787,3132
4787,3252
4788,4568
4789,3236
4789,5380
4790,4863
4791,4217
4791,4345
4792,1167
4792,5664
4792,7464
4793,282
4793,2252
4793,2971
4793,4649
4793,5134
4793,7199
4794,4299
4794,5450
4795,4363
4796,355
4796,2413
4797,4186
4798,2990
4799,2863
4799,4654
4801,2911
4801,4952
4801,6933
4802,554
4802,557
4802,1488
4802,3741
4802,6163
4802,6623
4802,7432
4804,1541
4804,2416
4804,5071
4804,7391
4805,3
4805,34
4805,672
4805,707
4805,760
4805,847
4805,971
4805,1062
4805,1129
4805,1195
4805,1382
4805,1905
4805,2714
4805,3078
4805,3193
4805,3202
4805,3931
4805,3991
4805,4709
4805,4869
4805,4941
4805,4946
4805,4967
4805,5273
4805,5316
4805,5594
4805,5629
4805,5667
4805,5678
4805,5716
4805,5819
4805,6040
4805,6128
4805,6528
4805,7159
4805,7312
4805,7328
4805,7382
4805,7536
4806,69
4806,810
4806,1918
4806,2981
4806,3297
4806,5714
4806,6631
4806,6774
4806,7607
4810,753
4810,3633
4810,4150
4810,4445
4810,5370
4810,5388
4810,6429
4810,6739
4810,6773
4810,6807
4810,6859
4811,212
4811,936
4811,2059
4811,2903
4811,3920
4812,3247
4812,7398
4813,1593
4813,7631
4814,3041
4814,3084
4815,3639
4815,5516
4815,6326
4816,5054
4816,5518
4816,7070
4817,2265
4817,3956
4817,4222
4817,5550
4817,7169
4818,414
4818,4837
4819,541
4819,1221
4819,1751
4819,2132
4819,2357
4820,3433
4821,4437
4821,7172
4821,7476
4822,389
4822,2171
4822,3216
4822,7290
4823,638
4823,2527
4823,3176
4823,5930
4823,7267
4824,2000
4824,6328
4825,1779
4826,3498
4827,3748
4827,5415
4828,592
4828,739
4828,3247
4828,3294
4828,5234
4828,5293
4829,6357
4829,6557
4830,2370
4830,4269
4830,5704
4830,6794
4831,5180
4832,2706
4832,2973
4832,6942
4833,2833
4834,3510
4834,5594
4835,756
4835,764
4836,593
4836,1862
4836,5840
4837,7068
4838,4867
4839,1040
4839,4952
4839,6284
4841,564
4841,1602
4841,1755
4841,4437
4841,6053
4841,6702
4841,6826
4841,7495
4842,2686
4842,6438
4843,1039
4843,1822
4843,2976
4843,5339
4846,6540
4848,593
4848,2685
4848,4912
4848,6175
4848,6790
4849,6221
4851,2143
4851,5981
4852,2492
4852,3972
4852,7025
4853,5298
4854,3916
4854,5343
4854,6237
4854,7561
4855,7
4855,1306
4856,1404
4856,2566
4856,3596
4856,3955
4857,2239
4858,7250
4860,6056
4860,6708
4861,3719
4861,4418
4862,514
4862,4654
4863,1407
4863,1673
4863,3732
4863,4790
4863,6172
4863,6189
4863,6675
4863,6980
4863,7370
4864,321
4864,3225
4864,5996
4864,7537
4865,2921
4865,3681
4866,2035
4866,2053
4866,6591
4867,1625
4867,2412
4867,2646
4867,2662
4867,3467
4867,3674
4867,3729
4867,4521
4868,1046
4869,5403
4869,5912
4870,3364
4870,6152
4870,7204
4871,1453
4871,1945
4871,6702
4872,60
4873,4494
4873,7383
4873,7489
4874,1884
4874,4376
4874,4466
4875,2051
4875,5059
4877,3377
4877,4257
4877,6291
4878,4936
4878,6051
4878,6225
4878,6249
4880,1425
4880,1610
4880,6501
4881,2147
4881,3722
4881,4772
4881,6765
4882,252
4882,2305
4882,2665
4882,3838
4882,7094
4883,4554
4883,5465
4883,6765
4884,609
4884,2449
4884,4564
4884,4585
4884,5072
4884,5489
4885,1527
4885,1541
4885,4651
4886,1223
4886,3584
4886,6103
4887,3005
4887,4116
4887,5071
4887,5460
4887,7414
4888,2862
4889,2143
4889,3240
4890,308
4890,1046
4890,2908
4890,2954
4890,5455
4890,5998
4890,6012
4890,7370
4891,627
4892,1296
4892,1722
4892,4719
4892,6412
4892,6624
4894,4198
4895,4241
4895,5568
4895,7181
4896,550
4896,2350
4897,1213
4897,1827
4897,2504
4898,1274
4898,1393
4898,2246
4899,557
4899,4280
4899,5968
4900,1429
4900,2738
4901,6218
4901,6919
4902,4054
4902,6522
4903,2245
4903,4321
4903,4732
4903,5592
4904,860
4904,1644
4904,1731
4904,4637
4904,4729
4905,335
4905,2953
4906,507
4906,1012
4906,1507
4906,1516
4906,1800
4906,2422
4906,2749
4906,3086
4906,3651
4906,4428
4906,5560
4906,6005
4906,6177
4906,6495
4906,6639
4906,7224
4907,1150
4908,4178
4908,5604
4909,1985
4909,3605
4910,2962
4910,7414
4911,206
4911,2369
4911,3416
4911,4901
4911,6132
4912,2173
4912,4650
4912,5327
4913,3665
4913,4040
4913,5912
4914,561
4914,4411
4914,4663
4915,5492
4916,209
4917,71
4917,2111
4918,6451
4919,552
4919,4480
4919,4983
4919,5551
4920,4000
4921,2395
4921,5896
4922,165
4922,1130
4922,2872
4922,5506
4922,6477
4923,2109
4923,2710
4923,3464
4923,4980
4924,4399
4924,5163
4924,5279
4924,5762
4925,543
4925,2439
4925,2774
4925,4087
4925,4776
4925,4947
4925,5675
4925,6144
4926,3979
4927,2278
4928,3185
4928,6702
4928,6887
4929,1398
4929,1719
4929,3935
4929,6820
4929,7567
4930,4201
4931,844
4932,535
4932,6893
4933,2827
4934,243
4934,392
4934,593
4934,2432
4934,6551
4934,7215
4934,7428
4935,5057
4935,7594
4936,6295
4937,933
4937,2328
4938,529
4938,2256
4938,3346
4939,873
4940,1215
4940,2901
4940,5216
4940,6451
4940,7359
4941,258
4941,4669
4941,7010
4943,740
4943,1617
4943,4615
4945,7460
4946,3380
4946,5679
4947,2064
4948,1561
4948,4771
4949,2775
4949,3116
4949,6257
4949,6520
4950,3231
4950,6002
4952,372
4952,1486
4952,1492
4952,2808
4952,2979
4952,3096
4952,3225
4952,3370
4952,3488
4952,3973
4952,4017
4952,4049
4952,4174
4952,5302
4952,5525
4952,5840
4952,6489
4952,6803
4952,7182
4954,3160
4954,3623
4954,4638
4955,2351
4955,3694
4955,3863
4955,6934
4956,3164
4956,6807
4956,7035
4957,526
4957,1973
4957,5002
4957,5781
4957,7638
4958,3024
4958,4956
4959,4435
4959,5191
4959,5498
4960,1122
4960,2187
4960,2895
4960,3091
4960,3316
4960,3640
4960,4264
4960,4758
4960,5028
4960,5691
4960,6164
4960,6881
4961,191
4961,1043
4961,5310
4961,5560
4961,7622
4962,7575
4965,2369
4965,5113
4969,805
4969,3437
4969,3884
4969,5733
4969,5872
4970,2078
4970,3437
4971,5799
4973,1388
4973,6856
4974,4237
4974,5131
4974,5927
4976,3494
4976,4276
4977,594
4977,5233
4977,7148
4978,3104
4978,3759
4978,4925
4979,1744
4979,6702
4980,4950
4980,5537
4980,5934
4980,6401
4981,2369
4981,2503
4981,4721
4981,5242
4981,5607
4982,2610
4982,4892
4983,3502
4983,3898
4983,7036
4984,3151
4984,6130
4984,6199
4985,501
4985,766
4985,1966
4985,3578
4985,7467
4986,51
4986,6328
4987,3330
4987,5998
4987,7128
4987,7359
4987,7465
4988,2293
4989,5435
4991,3037
4991,3328
4991,3503
4991,3889
4991,4033
4991,6379
4992,10
4992,1264
4992,1881
4992,6628
4993,615
4993,2517
4993,5092
4993,5256
4993,5419
4993,5523
4994,165
4994,704
4994,889
4994,912
4994,2932
4994,3374
4994,5701
4994,6155
4994,6998
4995,4646
4997,12
4997,1440
4997,6050
4998,1602
4999,3220
4999,5272
5000,2405
5000,3199
5001,1429
5001,2163
5001,4033
5001,4373
5001,5181
5002,6569
5003,3698
5003,7551
5005,647
5005,4721
5005,5655
5006,774
5007,4337
5007,5398
5007,5881
5009,88
5009,395
5009,2416
5009,6896
5010,2883
5010,4584
5010,6452
5011,4613
5011,6002
5012,2434
5013,1100
5013,2408
5013,3081
5013,3138
5013,6475
5014,2210
5014,6967
5015,5979
5015,6076
5015,7170
5016,147
5016,6222
5017,4740
5021,452
5021,1387
5021,4568
5021,5353
5021,7301
5022,127
5022,1215
5022,2211
5022,4031
5022,4719
5022,4991
5022,6717
5022,7225
5022,7579
5023,1342
5024,56
5024,4866
5024,7586
5025,5135
5026,2034
5026,3746
5026,5314
5026,7025
5027,230
5027,1791
5027,1857
5028,2235
5028,4496
5028,4949
5028,6840
5028,7013
5029,639
5029,7295
5030,1721
5030,4557
5032,629
5032,5396
5033,2142
5034,1162
5035,2165
5035,4521
5035,6429
5035,7287
5036,2431
5037,410
5037,2267
5037,2855
5037,3178
5037,3632
5037,5507
5037,7003
5038,1622
5038,4663
5038,7033
5039,731
5039,4725
5039,5258
5039,6582
5040,2239
5040,7523
5041,3578
5042,1671
5042,3882
5042,4217
5043,791
5043,2003
5043,2075
5043,2994
5043,3707
5043,5826
5044,2631
5044,5598
5045,5250
5046,1149
5046,4322
5047,662
5047,4961
5047,5310
5047,7485
5048,2239
5048,6077
5049,5132
5050,24
5050,375
5050,2541
5050,5904
5051,6730
5052,495
5052,5202
5055,3254
5055,7175
5055,7301
5056,518
5056,616
5056,1975
5056,2287
5056,3698
5056,5206
5056,5844
5056,7523
5057,1072
5057,1251
5057,2840
5057,5043
5057,7026
5058,1575
5058,2537
5058,4952
5061,7119
5062,559
5062,643
5063,533
5063,898
5063,2988
5063,3271
5063,3385
5063,3964
5063,3991
5063,4718
5063,4754
5063,5992
5063,6320
5063,6445
5064,2376
5064,5453
5065,2436
5066,340
5066,1389
5066,1863
5066,6099
5067,2072
5068,821
5068,3545
5068,6197
5069,3640
5069,6363
5069,6670
5070,1798
5070,2627
5070,2931
5070,3138
5070,4147
5070,6055
5070,7010
5071,5460
5071,5741
5072,782
5072,4585
5072,6222
5073,1713
5073,2578
5074,2412
5074,3442
5074,3669
5074,5794
5075,7372
5076,5325
5076,6277
5076,6356
5077,906
5077,5013
5077,5493
5078,2150
5078,2897
5079,2066
5079,5083
5079,5485
5080,4889
5081,262
5082,446
5082,3060
5082,4658
5083,1769
5083,6467
5084,2671
5085,2126
5085,2669
5085,4022
5085,5605
5086,1015
5086,1822
5086,2815
5086,3094
5087,823
5087,2858
5088,2550
5088,2762
5088,3906
5089,2907
5089,3798
5090,2312
5090,5653
5091,1495
5092,2788
5093,887
5093,894
5094,1728
5094,2813
5094,5380
5094,6088
5094,7530
5095,1040
5095,6707
5095,6802
5096,1949
5098,1682
5098,2993
5099,1840
5099,4806
5099,6551
5099,7535
5101,2218
5101,2488
5101,2579
5101,7045
5101,7358
5102,2022
5102,2050
5103,2396
5103,6702
5103,7464
5104,2217
5105,258
5105,593
5105,1350
5105,1744
5105,6702
5106,2876
5106,3107
5106,4325
5106,7260
5107,3845
5107,4379
5108,1415
5108,7090
5109,3724
5109,5659
5110,1980
5110,2623
5110,4829
5111,85
5111,766
5111,2215
5111,3522
5111,3607
5111,5641
5112,3228
5112,4329
5112,6498
5112,6883
5112,7116
5113,401
5113,427
5113,647
5113,2139
5113,4965
5113,7645
5114,2826
5114,5209
5114,6237
5114,6600
5115,2655
5116,5455
5116,5664
5117,2899
5117,4072
5118,128
5118,908
5118,3555
5118,5625
5119,2994
5119,4247
5120,2703
5120,5144
5121,3197
5122,3086
5123,675
5123,2807
5123,4685
5123,5682
5123,7397
5124,1003
5124,5439
5124,6374
5126,6909
5127,783
5127,1162
5127,4088
5127,5973
5127,6206
5130,1897
5130,3848
5130,7228
5131,2528
5131,6653
5131,7530
5132,115
5132,143
5132,245
5132,553
5132,677
5132,803
5132,1268
5132,1753
5132,1918
5132,1958
5132,2310
5132,2339
5132,2568
5132,3372
5132,4113
5132,4971
5132,5807
5132,6327
5132,7585
5133,5958
5133,7276
5134,3107
5134,3813
5134,4793
5135,1728
5135,3361
5135,4748
5136,322
5136,5659
5137,4239
5138,4244
5139,795
5139,6021
5140,2391
5142,954
5142,4842
5143,1299
5143,2595
5144,724
5144,1091
5144,1608
5144,1887
5144,1941
5144,2202
5144,2368
5144,5373
5145,4378
5145,6651
5145,7585
5146,20
5147,4640
5147,5408
5148,2553
5148,6673
5149,2692
5149,2846
5149,3029
5149,7066
5150,111
5150,3466
5150,4508
5150,7090
5151,6504
5152,2764
5153,4943
5153,7052
5154,6
5154,4201
5155,6464
5155,7560
5156,862
5156,1774
5156,1961
5156,2758
5158,3545
5158,6839
5159,1314
5159,1393
5159,3668
5159,4432
5159,5767
5159,6346
5159,7168
5160,2553
5160,6082
5161,853
5161,2255
5161,4224
5161,4265
5161,5977
5163,1675
5163,2439
5163,3939
5164,1054
5168,4094
5168,4973
5169,2148
5169,3293
5169,5698
5169,6090
5169,6376
5169,7136
5170,2122
5170,4067
5170,5115
5171,3672
5172,1386
5172,1674
5172,3934
5172,4705
5172,6314
5172,6516
5172,7591
5173,3802
5174,397
5174,5722
5175,761
5175,2274
5175,3907
5175,4687
5176,3985
5177,872
5177,2277
5177,2392
5177,7286
5178,6818
5181,471
5181,1627
5181,6119
5182,4666
5183,548
5183,4462
5183,6548
5184,3041
5184,5877
5184,6860
5185,151
5185,2052
5185,2914
5185,4428
5185,4867
5185,7190
5186,2239
5186,2952
5186,4668
5186,5029
5186,7644
5187,4242
5187,5592
5189,1979
5189,2533
5191,2565
5191,3969
5191,4295
5192,2027
5192,6162
5192,7235
5193,354
5193,2198
5193,5264
5193,5869
5194,1551
5194,5459
5194,5816
5195,3459
5196,416
5196,2696
5196,3943
5196,5389
5196,7625
5197,2239
5197,4102
5198,579
5199,449
5199,1686
5199,6704
5200,1924
5202,5052
5203,3185
5203,3578
5203,4037
5204,352
5204,3510
5204,6158
5206,1561
5206,5545
5207,6346
5208,1357
5208,3866
5208,4376
5209,513
5209,1125
5209,1585
5209,5963
5210,4705
5210,5605
5211,7556
5212,4109
5213,489
5213,1091
5213,1153
5213,1195
5213,6976
5214,800
5214,1561
5214,2614
5214,5372
5214,7204
5214,7510
5216,1185
5216,2211
5216,6276
5217,3302
5218,881
5218,2215
5218,3515
5218,3895
5218,6086
5219,4869
5219,5403
5220,4806
5220,5881
5221,2412
5221,3437
5222,1927
5222,3698
5222,4177
5222,4785
5222,5694
5222,6984
5223,3538
5223,3758
5224,5707
5227,1503
5228,4703
5228,6222
5229,2700
5231,1631
5231,4573
5232,197
5232,362
5232,3153
5232,3615
5233,1571
5233,4927
5233,6659
5234,1383
5234,1520
5234,1821
5234,1913
5234,2005
5234,2470
5234,2598
5234,2683
5234,3547
5234,3761
5234,4576
5234,4755
5234,4889
5234,5307
5234,5386
5234,5678
5234,6852
5234,7391
5234,7573
5235,1323
5235,3564
5235,5815
5237,112
5237,6130
5238,1381
5238,2184
5238,7620
5239,2840
5239,4646
5239,4810
5240,4116
5241,455
5241,2649
5241,5538
5241,5853
5242,78
5242,2369
5242,4721
5242,5319
5242,6018
5242,6218
5243,475
5243,735
5244,286
5244,623
5245,541
5245,1037
5245,2132
5245,2260
5245,3825
5245,4038
5245,4496
5245,6666
5246,2841
5246,3402
5246,4132
5246,6158
5247,4522
5247,7395
5248,4454
5248,6748
5249,485
5250,1743
5250,2256
5250,5602
5251,1063
5251,2049
5251,3540
5251,4513
5251,4570
5251,5352
5251,5403
5251,6769
5252,78
5252,2022
5252,5607
5252,6559
5253,1425
5253,2454
5253,4824
5253,5824
5254,5029
5254,6085
5254,7395
5255,1744
5255,3623
5255,4755
5255,5904
5256,131
5256,615
5256,2774
5256,2792
5256,4813
5256,5267
5257,2609
5257,3529
5258,3074
5258,5740
5259,1415
5259,6455
5260,637
5261,103
5261,6707
5262,535
5263,3888
5264,1769
5264,2376
5264,4116
5264,5202
5264,5215
5264,7135
5265,627
5266,758
5266,1604
5266,3516
5267,5591
5267,7342
5269,2280
5270,4047
5270,4494
5270,5357
5270,6788
5271,3361
5271,6133
5272,324
5272,1412
5272,2326
5272,2508
5272,4999
5273,1357
5273,3277
5273,5213
5274,890
5274,1053
5274,1411
5274,1852
5274,4133
5274,6525
5275,5599
5276,1015
5276,1953
5277,7342
5278,201
5279,177
5279,3736
5279,4497
5279,6374
5279,7544
5280,2894
5280,3010
5280,7222
5281,6702
5282,2061
5282,5570
5283,7001
5284,2390
5284,3265
5284,3329
5286,2060
5286,3279
5286,5859
5287,1546
5287,1753
5287,3295
5288,6656
5289,2113
5289,4301
5289,4565
5290,5037
5291,458
5291,1233
5291,6657
5292,3183
5292,3681
5294,2139
5295,669
5295,6569
5295,6909
5296,388
5296,421
5296,1370
5296,1430
5296,2657
5296,2736
5296,4785
5296,5082
5296,5707
5296,6510
5297,1083
5297,1850
5297,2456
5298,4235
5298,4853
5298,7620
5299,2565
5300,332
5300,1244
5300,5959
5300,7615
5301,86
5301,3019
5301,3078
5301,6619
5301,7039
5301,7153
5301,7376
5302,7097
5302,7526
5303,3862
5304,3895
5304,4371
5304,4805
5305,3042
5305,4163
5305,4479
5305,5031
5305,5445
5306,3401
5306,4741
5307,5234
5307,5447
5308,7172
5308,7476
5309,7395
5310,1190
5310,6739
5311,1744
5311,6702
5312,672
5312,2170
5312,5176
5312,7446
5313,1058
5314,1075
5314,1107
5314,6431
5315,1731
5315,2997
5315,4823
5315,7414
5316,4376
5316,4805
5316,5404
5316,6414
5317,5530
5319,78
5319,1332
5319,5871
5319,6918
5319,7645
5320,7613
5320,7622
5321,1121
5321,2225
5323,1699
5323,6995
5323,7123
5324,6596
5325,6277
5326,84
5327,5234
5329,972
5330,261
5330,2981
5330,4630
5332,1058
5332,2935
5332,4365
5333,4399
5333,5522
5334,3559
5335,2356
5335,4967
5335,5240
5336,1903
5336,5736
5336,7198
5337,1720
5337,3824
5337,3828
5337,4560
5337,5725
5337,6191
5337,7438
5338,2422
5338,6896
5339,4843
5339,4866
5340,2198
5340,6388
5341,10
5341,1041
5341,3583
5342,1207
5342,2942
5343,28
5343,1643
5344,2129
5344,2198
5345,746
5345,901
5345,4117
5345,4411
5346,5923
5346,6451
5347,2293
5348,1899
5350,1472
5351,1414
5351,2479
5351,2765
5352,1058
5352,7572
5353,7083
5354,673
5354,2807
5354,4685
5354,5634
5357,5737
5358,2875
5358,4906
5358,5913
5358,6504
5359,183
5359,534
5359,3274
5360,485
5361,142
5361,2251
5362,5255
5363,1069
5363,6098
5364,6572
5365,1899
5365,4463
5365,5132
5366,2028
5366,5749
5367,310
5367,4138
5367,4200
5367,4410
5367,6314
5368,1185
5368,5022
5369,1058
5369,6877
5371,1798
5372,469
5372,2380
5372,3438
5372,4111
5372,4306
5372,5054
5372,6069
5372,6692
5372,6800
5373,2349
5373,2567
5373,6118
5373,6538
5375,5561
5375,6828
5376,3849
5377,2379
5378,461
5378,777
5378,2047
5378,2125
5378,2425
5379,523
5379,525
5379,6548
5380,2813
5380,6587
5381,2129
5381,4376
5381,4806
5381,5782
5382,1072
5382,5134
5382,6316
5383,1830
5383,2067
5383,6185
5384,2111
5384,6909
5385,2239
5385,5833
5386,1572
5386,2795
5386,6409
5387,1425
5387,1803
5387,3136
5387,4383
5389,4444
5390,7224
5391,6813
5392,7395
5392,7535
5393,1895
5393,3471
5393,6764
5394,2724
5394,3437
5395,6151
5396,2299
5396,4982
5396,5936
5398,3748
5399,3704
5399,4023
5400,1035
5400,2379
5400,2764
5400,4994
5401,7167
5402,5391
5403,1293
5403,2772
5403,5219
5404,318
5404,366
5404,1330
5404,2120
5404,2183
5404,2229
5404,2401
5404,2587
5404,2730
5404,2882
5404,2886
5404,2991
5404,3149
5404,3245
5404,3364
5404,3377
5404,3462
5404,4076
5404,4392
5404,5008
5404,5039
5404,5286
5404,5649
5404,5782
5404,6342
5404,6400
5404,6758
5404,6850
5404,6968
5405,2853
5405,4411
5405,4423
5405,6311
5406,2239
5407,7074
5407,7123
5408,6008
5409,801
5410,1920
5410,4512
5411,141
5411,3227
5412,5033
5412,5844
5412,7321
5414,5106
5414,5310
5414,5802
5414,7367
5415,115
5415,596
5415,2645
5415,4536
5416,2369
5416,5113
5417,1246
5417,3573
5418,1662
5418,3762
5419,439
5419,5184
5419,5553
5419,7559
5420,2839
5420,5650
5421,1823
5421,2850
5421,3601
5422,5458
5422,6460
5423,4628
5424,6332
5424,6655
5425,2016
5425,4654
5426,4052
5426,4598
5428,4805
5430,2550
5430,2705
5431,378
5431,2022
5431,5426
5431,7642
5432,7530
5433,1
5433,3382
5434,21
5434,681
5434,1588
5434,3292
5434,5548
5434,5684
5434,6169
5435,2894
5435,5893
5436,324
5436,2256
5436,6372
5437,1111
5437,1182
5437,1579
5437,2581
5437,5343
5439,3572
5440,878
5440,4867
5440,6436
5441,1744
5441,2598
5441,3683
5442,3133
5442,4217
5443,327
5443,1789
5443,2693
5443,6267
5444,1146
5444,2426
5444,2480
5444,3151
5445,2751
5447,2066
5447,3433
5447,4542
5448,2260
5448,2281
5448,3714
5448,4548
5448,5849
5450,4794
5450,7429
5451,2557
5451,3528
5451,6679
5452,7171
5454,545
5454,627
5454,5265
5454,5519
5454,5857
5454,6910
5455,18
5455,116
5455,2011
5455,2055
5455,3468
5455,3887
5455,3922
5455,5022
5455,5145
5455,5386
5455,6954
5455,7280
5456,111
5456,1290
5456,5065
5457,2497
5458,5422
5458,6318
5458,6886
5459,1113
5460,4462
5460,5071
5460,5741
5461,40
5463,2814
5463,4680
5465,2508
5465,4667
5465,5069
5465,5879
5465,6532
5465,6840
5466,4533
5466,6821
5467,1831
5467,1958
5467,2071
5467,4479
5467,7445
5468,1067
5468,4376
5468,4806
5468,6673
5468,7070
5469,24
5469,6183
5471,762
5471,2183
5471,4420
5471,5222
5471,6618
5473,5699
5474,40
5474,3888
5474,7510
5475,912
5475,1386
5477,5096
5477,5905
5477,6285
5477,7425
5480,5163
5480,5927
5481,7002
5482,6433
5483,162
5483,1961
5483,3507
5483,3716
5484,675
5484,2239
5484,2927
5484,3817
5484,5487
5484,6444
5484,7518
5485,1058
5485,4376
5486,3161
5486,3365
5487,3578
5487,7467
5489,4478
5489,4491
5489,4884
5489,6103
5490,1415
5490,2129
5490,2370
5490,7582
5492,4376
5492,4915
5492,6536
5493,2649
5493,3623
5493,5543
5493,7170
5494,3387
5495,2239
5495,2738
5495,4380
5495,7607
5496,1643
5497,537
5497,2609
5497,3825
5497,5164
5497,7013
5498,1905
5498,4959
5498,6450
5498,6593
5499,2962
5499,6142
5499,7087
5500,3271
5500,3579
5500,5364
5500,7561
5501,30
5501,2978
5501,4501
5501,4757
5501,5986
5503,1767
5504,75
5504,1409
5504,2062
5504,2447
5504,2527
5504,5530
5504,5674
5504,6079
5505,91
5505,6098
5505,7114
5506,70
5506,454
5506,1252
5506,1270
5506,2036
5506,3496
5506,4926
5506,6521
5507,5037
5508,3895
5508,7067
5509,3583
5509,4723
5510,593
5510,3532
5510,4164
5511,107
5511,3643
5511,3726
5511,4784
5511,4797
5511,6301
5511,7445
5512,787
5512,1054
5512,1531
5512,3006
5512,4056
5512,6520
5513,73
5513,2377
5513,2883
5515,745
5515,5827
5515,5867
5515,6138
5515,6993
5515,7291
5515,7461
5516,2429
5516,6167
5517,364
5517,1480
5518,712
5518,2336
5518,4816
5518,5324
5518,6678
5518,7464
5519,1181
5519,5430
5521,1095
5521,1955
5521,2453
5522,2838
5523,1061
5523,4925
5523,4993
5523,5092
5524,3295
5526,1136
5527,613
5527,2863
5527,3767
5527,4913
5527,5777
5529,1016
5529,1766
5529,2357
5529,5692
5529,7241
5530,5317
5531,1058
5531,6579
5531,7289
5531,7518
5532,2198
5535,1893
5535,5986
5535,7412
5537,222
5537,2526
5537,7011
5538,4074
5538,6098
5539,994
5539,1499
5539,1536
5540,1609
5540,6250
5540,6793
5541,3607
5541,5839
5541,6740
5542,906
5542,5050
5542,6807
5543,3713
5543,5013
5543,6215
5544,6038
5545,1561
5545,2322
5545,3687
5545,6264
5546,1260
5546,6365
5546,7250
5547,2850
5547,5727
5547,6002
5548,37
5548,3955
5548,4242
5548,4720
5548,6205
5549,1470
5549,2198
5550,2414
5550,3202
5550,4170
5550,4404
5550,5566
5550,5873
5550,6590
5550,7087
5553,237
5556,3725
5556,4714
5556,5312
5556,6702
5557,2106
5557,4080
5558,2976
5559,616
5559,1744
5559,2935
5559,4573
5559,4805
5559,5234
5559,6994
5560,3571
5560,4961
5561,1896
5561,3359
5561,4141
5561,5375
5562,2239
5562,2381
5563,302
5563,1190
5563,4238
5563,6000
5564,1230
5564,6214
5565,1865
5565,3797
5565,4515
5566,197
5566,1270
5567,392
5567,6414
5568,2859
5568,4895
5569,3420
5569,7027
5570,5282
5570,7640
5571,4987
5571,5765
5573,444
5573,510
5573,6488
5573,6972
5574,4862
5575,2460
5575,3895
5575,4469
5575,7330
5576,304
5576,408
5578,1500
5578,1556
5578,3156
5578,3735
5578,7178
5579,3694
5579,5670
5580,52
5580,1123
5580,3137
5580,5983
5581,778
5581,2517
5582,4104
5583,3534
5583,5151
5584,868
5584,1271
5584,4590
5585,1377
5585,2829
5585,3152
5585,4522
5585,7363
5586,2292
5587,3741
5587,3924
5588,641
5588,1803
5588,4300
5588,4741
5589,2625
5589,3295
5590,635
5590,1366
5590,4977
5590,6863
5591,7198
5592,1988
5592,2976
5592,4657
5592,4903
5592,5642
5592,7516
5593,3183
5593,4164
5594,4770
5594,4805
5594,4834
5595,4912
5595,7119
5596,384
5596,2523
5597,522
5598,250
5598,1183
5599,2475
5599,3315
5599,4363
5599,5727
5599,6891
5600,5161
5600,6380
5601,642
5601,4843
5601,4866
5602,1364
5602,2326
5602,2446
5602,3663
5602,4883
5602,5848
5602,7555
5603,2840
5603,7025
5604,1239
5604,2390
5604,7441
5605,53
5605,891
5605,1386
5605,3979
5606,2239
5606,4127
5607,7484
5608,3359
5609,618
5609,6311
5610,306
5610,5791
5611,3879
5611,5410
5612,869
5612,1097
5612,1959
5612,3172
5613,4612
5614,162
5614,3022
5614,3042
5615,2244
5615,3403
5615,5114
5615,5364
5615,6696
5616,1109
5616,4646
5616,7367
5617,2347
5618,420
5618,1438
5618,5092
5618,5793
5619,335
5620,847
5620,2514
5620,2682
5621,2069
5622,330
5622,407
5624,1450
5624,2347
5624,4108
5625,252
5625,1358
5625,6162
5626,1093
5626,2198
5627,458
5627,554
5627,1233
5627,3741
5627,3924
5627,4673
5628,3024
5629,2440
5629,2484
5630,980
5630,3557
5630,3911
5631,3968
5632,1663
5632,4337
5633,3969
5633,6757
5634,5123
5634,5378
5634,6444
5635,3492
5636,252
5636,796
5636,1435
5636,2096
5636,3161
5636,3478
5636,3706
5637,6551
5638,1416
5638,4738
5638,7641
5639,7632
5640,593
5641,71
5641,1047
5641,4313
5641,4500
5641,5304
5641,6265
5642,1953
5642,3417
5642,6682
5642,6755
5642,6875
5643,5790
5643,5999
5643,6615
5644,150
5644,1009
5644,2136
5644,5358
5644,5583
5647,2833
5648,4067
5649,2981
5649,4071
5650,3311
5650,3710
5650,5998
5651,2239
5651,5037
5651,5649
5651,6952
5652,990
5652,2368
5652,6503
5653,649
5653,749
5653,2474
5653,5090
5654,762
5654,4199
5655,2022
5655,5242
5656,93
5656,524
5656,6612
5657,3802
5659,1280
5659,5109
5660,2246
5661,1253
5661,1377
5661,2941
5661,4097
5661,7503
5662,569
5662,1459
5662,1706
5662,2326
5662,5602
5663,4452
5663,7287
5663,7538
5664,777
5664,1962
5664,2149
5664,2244
5664,2295
5664,2857
5664,4601
5664,5487
5665,2579
5665,5000
5665,5842
5666,1681
5666,7201
5667,6219
5668,1709
5669,2832
5670,3639
5670,5579
5671,1161
5671,3676
5671,6337
5671,7473
5672,277
5673,423
5673,2130
5673,4237
5673,7460
5674,1610
5674,3966
5675,6130
5675,6419
5676,432
5676,2955
5676,7029
5677,6300
5677,6780
5678,2793
5679,6787
5680,66
5680,3402
5680,6516
5681,1332
5681,2842
5681,6220
5682,2385
5682,3342
5682,6438
5683,798
5683,1405
5683,3537
5683,4370
5683,7327
5684,651
5684,1150
5684,1588
5684,4332
5684,5699
5684,6463
5684,7575
5685,1586
5685,4422
5685,4724
5687,2582
5688,6764
5689,3428
5689,3502
5689,5525
5690,4272
5691,3805
5691,4603
5691,4960
5692,5529
5692,6552
5694,1961
5694,3394
5694,7374
5695,354
5695,5865
5695,6747
5697,314
5697,1537
5697,2148
5698,256
5698,2148
5698,6130
5699,1419
5699,2482
5699,3205
5700,343
5701,1035
5701,3227
5701,4209
5702,227
5702,1489
5702,2452
5702,4627
5702,5347
5703,4828
5704,2370
5704,2441
5705,1856
5705,1924
5705,6241
5706,570
5706,3116
5706,4312
5707,42
5707,272
5707,1614
5707,1628
5707,1735
5707,2614
5707,2888
5707,3910
5707,4680
5707,4971
5707,5199
5707,5952
5707,7174
5707,7210
5707,7535
5707,7537
5708,1899
5708,3278
5708,3419
5709,3965
5709,7067
5710,4384
5712,354
5712,594
5712,6883
5713,5656
5713,5965
5714,5816
5715,2762
5715,5812
5715,6147
5716,2175
5716,4805
5719,1901
5720,4291
5721,1223
5722,5231
5723,93
5723,4328
5723,6504
5724,4238
5724,4906
5725,1381
5725,3828
5725,4786
5725,5666
5726,4034
5727,1564
5727,1895
5727,5547
5727,7378
5728,526
5729,2295
5730,1918
5731,1804
5731,2154
5732,1293
5732,5286
5732,5641
5733,4969
5734,24
5734,267
5734,351
5734,438
5734,900
5734,1671
5734,1746
5734,2247
5734,3545
5734,3550
5734,3946
5734,4442
5734,4630
5734,5293
5734,5441
5734,5780
5734,6449
5735,3213
5735,5234
5736,1728
5736,6453
5736,7257
5736,7342
5737,746
5737,6229
5737,7383
5738,1537
5739,809
5739,5648
5739,7512
5740,2979
5740,6149
5741,5071
5741,5460
5741,7244
5742,3340
5743,980
5743,5630
5744,3274
5745,1406
5745,3532
5746,1150
5746,7386
5747,2264
5747,6623
5748,1255
5748,3662
5749,3607
5749,4037
5750,6083
5751,2853
5753,1969
5753,2516
5753,3722
5753,4070
5754,2311
5754,3231
5754,3880
5754,6125
5755,888
5755,2250
5755,3187
5755,3562
5755,3940
5755,6479
5755,6680
5755,6871
5756,2302
5756,4333
5756,5302
5757,554
5758,2714
5758,4419
5759,83
5759,3747
5759,4144
5760,1961
5761,2354
5761,6172
5762,1828
5762,2605
5762,5279
5763,87
5763,1230
5763,2515
5763,2978
5763,3599
5763,4172
5763,4308
5763,4750
5765,2897
5766,1265
5766,2642
5767,3314
5767,4690
5769,1838
5769,2689
5769,5013
5771,3595
5771,4532
5771,4799
5771,4913
5771,4973
5771,6565
5771,7418
5772,3256
5772,3501
5772,6551
5773,3458
5773,3560
5773,5444
5774,554
5774,557
5774,4280
5774,6125
5774,6163
5775,6610
5776,3200
5777,156
5777,4116
5777,5771
5777,6542
5777,6856
5778,1931
5778,2274
5778,5248
5779,713
5779,3896
5779,6009
5780,1100
5781,111
5781,3492
5781,4863
5781,6960
5782,6414
5783,4363
5784,4498
5784,4607
5784,4873
5785,3895
5785,4054
5785,6565
5786,1084
5786,1761
5786,4503
5787,1891
5787,4094
5787,5796
5787,5912
5787,6071
5788,3433
5788,5664
5789,1015
5789,1822
5789,6324
5790,5643
5790,5999
5791,5610
5792,1878
5792,6857
5793,1061
5793,2850
5793,6234
5794,44
5794,4424
5795,4054
5796,301
5796,430
5796,768
5796,3883
5796,4869
5797,192
5797,359
5797,3251
5797,4243
5797,7290
5798,936
5799,2307
5799,2671
5799,3683
5799,4243
5799,4934
5799,5205
5799,5572
5799,6121
5800,414
5800,2580
5800,2582
5800,5687
5800,6695
5801,1910
5801,2450
5801,4529
5801,6276
5802,1385
5802,2709
5802,4961
5802,5310
5802,6418
5802,6957
5803,1149
5803,3147
5803,5046
5804,2198
5804,4805
5804,7164
5807,2239
5808,1918
5808,5296
5809,2088
5810,3165
5812,101
5812,665
5812,5088
5812,5715
5813,956
5813,3784
5814,934
5815,932
5815,4748
5815,5235
5815,6635
5816,129
5816,989
5816,1668
5816,2745
5816,3074
5816,4091
5816,4269
5816,4694
5816,5160
5816,5463
5816,5510
5816,5532
5816,5710
5816,6646
5816,7369
5817,3949
5817,7538
5820,3469
5820,6064
5821,4020
5822,637
5822,4736
5822,7423
5822,7595
5824,778
5824,2454
5824,5253
5825,3272
5825,4539
5825,5306
5825,7255
5825,7566
5826,53
5826,101
5826,4646
5826,4970
5826,5043
5826,7586
5827,6423
5828,1864
5829,2109
5829,3601
5829,7165
5830,3465
5831,401
5831,4901
5831,5681
5831,7515
5832,2772
5833,1472
5833,5816
5833,5982
5833,6414
5834,2168
5835,7087
5836,4116
5836,6789
5837,2082
5837,4898
5838,1107
5838,4875
5838,6429
5839,3329
5839,3589
5839,3911
5839,7039
5840,726
5841,5314
5842,5665
5843,2113
5843,7406
5844,5056
5846,464
5846,1636
5847,1419
5848,570
5848,2596
5848,3116
5848,4142
5849,236
5849,1969
5849,3099
5849,6931
5849,7238
5850,6862
5851,6427
5852,2483
5853,868
5853,5556
5853,7247
5854,2053
5854,4809
5855,5258
5856,3346
5856,4048
5856,5069
5856,6670
5857,3989
5857,7281
5858,2215
5858,4384
5859,4376
5859,5194
5860,112
5860,740
5860,2328
5861,2100
5861,3107
5861,7620
5863,253
5863,985
5863,3739
5864,2795
5864,5993
5865,1927
5865,4343
5865,5079
5865,6196
5866,3802
5867,1234
5867,6767
5867,6806
5867,7052
5867,7133
5868,468
5869,62
5869,1726
5869,1984
5869,5865
5869,6399
5869,6547
5870,6421
5871,2737
5871,4911
5871,5431
5871,7642
5872,1416
5872,3461
5872,4452
5872,4935
5872,4969
5873,5550
5874,2080
5874,2269
5874,4266
5876,1982
5876,4143
5877,166
5877,773
5877,1061
5877,2413
5877,3375
5877,4088
5878,722
5878,1415
5878,2615
5878,3160
5879,2235
5879,2508
5879,6250
5880,3480
5881,79
5881,607
5881,841
5881,916
5881,2471
5881,2881
5881,3373
5881,3861
5881,3909
5881,4355
5881,4463
5881,4483
5881,4857
5881,6077
5881,6321
5881,6342
5881,6907
5881,7105
5881,7166
5881,7477
5882,412
5882,5906
5883,5927
5884,4181
5884,6667
5885,148
5885,2749
5885,5616
5885,7507
5886,3658
5887,3437
5887,5337
5887,6433
5889,2005
5889,2198
5889,6570
5890,2545
5890,2810
5890,6283
5890,7419
5890,7529
5891,1208
5891,3055
5891,7040
5893,3871
5893,4343
5893,4722
5893,6747
5895,675
5895,2065
5895,2295
5896,2073
5896,2398
5896,4663
5896,4884
5896,4921
5896,5072
5897,3856
5898,4376
5900,4364
5900,4597
5900,7439
5901,2867
5902,6807
5902,6900
5903,732
5903,4768
5903,6923
5904,622
5904,3020
5904,3720
5904,4641
5904,7395
5905,1405
5905,2069
5905,2466
5905,5621
5906,236
5906,1396
5906,4960
5906,6931
5907,4136
5907,6263
5909,2166
5909,3282
5909,4706
5909,4746
5909,4771
5910,1515
5910,2156
5910,3525
5910,5506
5911,3231
5911,4530
5912,2863
5912,4617
5912,5777
5912,6724
5913,93
5913,2083
5913,3955
5914,1772
5914,1818
5915,991
5916,6656
5917,382
5917,6794
5918,2136
5918,2315
5918,4069
5918,6005
5918,6821
5919,3841
5921,2534
5922,1758
5922,6392
5923,2248
5923,3698
5923,5132
5924,2198
5924,6235
5926,103
5926,502
5927,120
5927,5883
5928,1858
5928,3449
5928,5896
5928,6222
5929,605
5929,1264
5929,3711
5929,4829
5930,4033
5931,1472
5931,1524
5931,3408
5931,5709
5932,1194
5932,4812
5932,5133
5932,6983
5933,2378
5933,4882
5933,5636
5934,4443
5934,5515
5934,6194
5934,7388
5935,1223
5935,5920
5935,6609
5936,1418
5936,5216
5936,5396
5936,7007
5936,7121
5937,593
5938,1310
5939,1736
5940,2884
5941,748
5941,2911
5941,4037
5944,7067
5944,7142
5945,85
5945,2571
5945,2883
5945,6707
5945,7607
5946,3735
5947,2175
5947,6912
5947,7109
5948,1795
5948,5749
5949,975
5949,1339
5949,1700
5950,7129
5951,4322
5951,5834
5952,2339
5952,3025
5952,5707
5953,4152
5953,4294
5953,6237
5954,4721
5954,6132
5954,7249
5955,369
5955,1842
5955,3958
5955,7537
5956,2351
5956,4119
5957,1843
5957,3691
5958,5595
5959,5300
5960,2053
5960,4258
5960,7497
5961,3183
5962,3672
5962,5455
5962,6098
5962,7277
5962,7349
5963,36
5963,536
5963,920
5963,5953
5964,702
5964,925
5967,1876
5967,3580
5970,1072
5970,1251
5970,5119
5971,2210
5971,2741
5972,2983
5972,5928
5973,783
5973,1162
5973,7001
5974,685
5974,1096
5974,1292
5974,4310
5974,4761
5975,810
5975,2320
5975,2370
5975,2770
5975,7628
5976,1431
5976,3646
5976,4384
5976,4465
5976,5881
5977,1053
5977,2321
5978,1759
5978,2357
5978,3874
5978,7241
5979,3051
5979,4712
5979,6373
5979,6921
5979,6971
5979,7464
5980,4295
5981,308
5981,2258
5982,1796
5982,5878
5983,2482
5984,2663
5984,6563
5985,93
5985,3303
5985,4061
5985,5057
5986,462
5986,2612
5986,5501
5986,5535
5986,6986
5987,4707
5987,6553
5988,282
5988,361
5988,4135
5988,4793
5988,6304
5989,2986
5991,873
5991,5988
5992,1764
5992,5604
5992,6619
5993,211
5993,1418
5993,4422
5993,7359
5993,7464
5994,310
5994,3136
5994,3690
5996,5576
5997,106
5997,1185
5997,3207
5997,4991
5998,4054
5998,5941
5998,6581
5999,5075
5999,5643
5999,5790
6000,5563
6001,3190
6001,6411
6001,7196
6002,1438
6002,3030
6002,4950
6003,5842
6004,1368
6004,3692
6004,4680
6005,1181
6005,6821
6007,1969
6007,2728
6007,6046
6008,1283
6008,4222
6008,5408
6009,672
6009,4805
6010,1282
6010,2975
6010,6046
6011,68
6011,1231
6011,6697
6012,723
6012,1103
6012,1966
6012,4593
6012,7467
6014,149
6014,616
6015,747
6015,6338
6016,593
6016,4376
6016,6810
6017,2676
6017,3607
6017,7480
6018,1781
6018,4911
6018,5113
6018,5252
6018,5319
6019,5818
6020,3856
6021,4865
6022,3532
6023,3519
6023,5477
6024,868
6024,1113
6024,1763
6024,2336
6024,5756
6025,6814
6026,212
6026,2325
6026,3062
6026,7486
6027,1647
6027,3559
6028,766
6028,2198
6028,4522
6028,5372
6030,85
6030,2299
6030,6426
6030,6740
6031,4238
6031,4922
6031,7292
6031,7641
6032,1677
6032,2082
6033,3180
6034,3658
6034,4753
6034,4872
6034,5886
6036,2567
6038,2041
6038,2904
6038,5544
6038,6570
6039,1105
6039,2331
6040,2848
6040,3748
6041,4621
6041,7467
6042,3905
6042,4849
6042,5100
6042,6480
6042,7291
6043,1704
6043,5672
6044,4258
6044,5548
6044,5922
6045,2374
6045,4378
6046,1504
6046,5849
6046,6520
6048,3956
6048,5009
6049,681
6049,1939
6049,6050
6049,6514
6049,7081
6050,1787
6050,2035
6050,3002
6050,4720
6050,5578
6051,4346
6051,7473
6052,1073
6052,3150
6052,3376
6053,1393
6053,5159
6053,7168
6054,2859
6055,5404
6055,7166
6056,1765
6056,3071
6056,3413
6056,3764
6056,6254
6057,414
6057,2467
6057,6056
6058,829
6058,1188
6058,2834
6058,4973
6059,3559
6061,1984
6061,6266
6062,303
6062,1468
6062,2038
6063,1961
6063,3330
6063,5401
6063,7357
6064,3618
6064,5234
6065,2619
6065,5394
6067,593
6067,975
6067,1655
6067,3134
6070,356
6070,3009
6070,3826
6070,7067
6071,1001
6071,2208
6071,3793
6072,52
6072,385
6072,1536
6072,3953
6072,4341
6072,7620
6073,4164
6074,7270
6075,435
6075,3459
6075,7572
6076,593
6076,4712
6076,5160
6077,377
6077,1798
6077,2381
6077,4278
6077,4510
6077,5392
6077,7204
6078,1005
6078,1058
6078,1679
6078,1707
6078,1975
6078,3716
6078,4092
6079,3382
6080,1606
6081,4126
6082,267
6082,1350
6082,1723
6082,1738
6082,2396
6082,4688
6082,5740
6082,6551
6082,6702
6082,7021
6082,7428
6083,618
6083,1223
6083,3180
6083,4191
6083,4884
6084,1541
6085,1633
6085,1666
6085,3054
6085,4152
6085,5209
6085,5661
6085,7365
6086,502
6086,2021
6086,3330
6087,2496
6088,1772
6089,2379
6089,5119
6090,182
6090,314
6090,740
6090,3656
6090,6681
6091,174
6092,4485
6093,1961
6094,1593
6094,2674
6094,4610
6095,932
6095,3879
6095,6133
6096,2089
6096,3077
6096,3275
6096,4987
6098,235
6098,597
6098,1070
6098,1875
6098,2368
6098,2736
6098,3927
6098,5150
6098,5243
6098,5795
6099,1417
6099,1531
6099,4375
6099,7014
6100,7003
6101,4805
6102,179
6102,4459
6103,5489
6104,1864
6104,6666
6105,73
6105,363
6105,1679
6106,444
6106,3435
6106,4397
6106,4475
6106,4524
6106,5345
6106,5737
6106,6488
6107,3437
6107,4235
6108,3005
6109,4065
6109,4325
6110,922
6110,2563
6110,3567
6110,5728
6111,6718
6112,1310
6113,255
6113,1737
6113,2318
6113,2388
6113,4924
6113,6268
6114,3778
6114,6258
6115,5996
6115,7401
6117,1814
6117,2453
6117,5633
6118,2202
6118,2418
6118,4519
6118,6565
6120,3953
6120,4963
6120,5047
6121,593
6123,2954
6123,6590
6123,6740
6124,512
6124,4583
6125,557
6125,3064
6125,4280
6125,4492
6125,6623
6126,100
6126,1597
6126,2374
6127,1460
6127,3843
6127,4855
6127,5274
6127,6607
6128,432
6128,7240
6129,1181
6129,2430
6130,314
6130,817
6130,944
6130,2182
6130,2291
6130,3759
6130,3776
6130,4110
6130,4763
6130,5547
6130,6144
6130,6344
6130,6884
6130,7282
6131,521
6131,2567
6131,5404
6131,7113
6132,1781
6132,5607
6133,6095
6133,6138
6134,485
6134,2871
6135,4934
6135,6692
6136,1199
6136,1576
6136,4389
6136,6504
6136,6926
6137,1899
6137,2198
6138,121
6138,126
6138,1686
6138,3564
6139,3117
6139,6334
6140,446
6141,3728
6141,6857
6142,3822
6143,3805
6144,1692
6144,4093
6144,4202
6144,5738
6144,7220
6144,7449
6145,6915
6146,2551
6146,5594
6147,2347
6147,3906
6147,3960
6147,4336
6147,5043
6147,7211
6148,131
6148,1354
6149,593
6150,1257
6150,7138
6151,935
6151,3843
6151,6687
6152,4870
6153,2064
6153,6199
6153,6928
6154,2091
6154,6476
6155,1252
6155,1270
6155,4994
6156,3051
6156,3184
6156,6034
6157,73
6157,305
6157,803
6157,3302
6158,1168
6158,2185
6158,3338
6158,3517
6158,5204
6158,5353
6158,5479
6158,6943
6158,7152
6159,2586
6160,6062
6160,6148
6162,564
6163,3150
6163,3460
6164,786
6164,4881
6164,5978
6166,835
6166,4116
6167,3192
6167,4370
6167,4374
6168,5357
6169,3497
6169,3975
6169,4660
6169,6107
6169,6501
6169,7050
6169,7379
6169,7532
6170,2558
6171,4894
6172,1660
6172,1821
6172,3612
6172,5889
6172,7560
6173,944
6173,2064
6173,3231
6173,4110
6175,1024
6175,2294
6175,4912
6176,28
6176,1245
6176,2738
6177,6270
6178,1906
6178,7389
6180,5372
6183,736
6183,4241
6183,7071
6184,260
6184,1621
6184,5404
6185,1475
6185,5383
6186,3329
6187,373
6187,403
6187,872
6188,1421
6188,1472
6188,2832
6189,6675
6192,2209
6192,4607
6192,6435
6193,1862
6194,208
6194,5934
6194,6712
6195,980
6195,1246
6195,5743
6197,6945
6198,7375
6199,204
6199,554
6199,2240
6199,3280
6199,4008
6200,4146
6200,5697
6201,2074
6201,4014
6201,4053
6201,4346
6202,5296
6203,1109
6204,7571
6205,3852
6205,5548
6205,5960
6206,1824
6207,4340
6207,4645
6208,201
6208,4983
6209,3014
6209,4805
6209,6358
6209,6845
6209,6851
6210,834
6210,3515
6210,3889
6210,4991
6210,5289
6210,6384
6211,1046
6211,3890
6212,57
6212,2103
6212,4554
6213,7
6213,991
6213,1204
6213,3536
6213,4644
6214,4750
6214,6277
6214,7078
6215,258
6215,1210
6215,3380
6215,5048
6215,6930
6216,2239
6217,2838
6217,3082
6217,5815
6218,1799
6218,2022
6218,2050
6218,4052
6218,6858
6219,696
6219,777
6221,1702
6221,5439
6221,6194
6221,7404
6222,2983
6222,5721
6222,5751
6222,5920
6223,988
6223,3669
6223,4452
6224,3317
6225,4878
6226,1824
6226,3041
6226,6130
6227,481
6229,5072
6230,3540
6231,1640
6231,2168
6231,6561
6231,6928
6232,6201
6232,6501
6233,7460
6234,2064
6234,4925
6236,6039
6237,966
6237,1627
6237,1777
6237,5114
6237,5963
6238,414
6238,840
6238,3644
6238,3752
6238,4678
6238,5687
6239,1332
6240,981
6241,640
6241,1452
6241,1856
6241,2764
6241,3197
6241,5200
6241,6941
6242,3538
6242,6664
6243,571
6243,2529
6243,2568
6243,3827
6243,6610
6244,5422
6244,6536
6245,6994
6246,858
6246,1163
6246,1494
6246,4831
6246,5041
6247,1762
6247,6042
6247,6221
6247,7065
6248,3200
6248,3921
6248,4134
6248,6167
6248,6498
6248,6742
6248,6809
6250,3316
6250,3843
6250,4264
6250,5879
6250,6010
6250,6143
6250,6965
6252,1296
6252,3688
6253,3782
6253,3808
6254,3413
6254,4678
6254,6478
6254,6708
6255,3057
6255,4600
6255,7378
6256,2445
6257,2754
6257,4741
6257,4960
6257,5028
6258,5248
6261,1177
6262,2554
6262,7055
6263,462
6264,6942
6265,85
6265,2725
6265,4167
6266,266
6266,6061
6266,6911
6267,1602
6267,7381
6269,1596
6269,7633
6271,2177
6271,5123
6271,5634
6272,1790
6272,2461
6272,7330
6274,1132
6274,2254
6274,3842
6274,7591
6275,1459
6275,2552
6275,3220
6275,7368
6276,5801
6277,5325
6277,5501
6280,1046
6281,705
6282,6494
6282,6761
6282,6852
6283,2705
6283,3524
6283,3599
6283,3709
6283,5325
6283,5890
6283,6147
6283,7057
6284,2198
6285,2942
6285,7185
6286,815
6286,2779
6286,6138
6287,4680
6287,7464
6288,4244
6288,5750
6288,7024
6290,4993
6290,6860
6291,1925
6292,1312
6292,1971
6292,2278
6293,3531
6294,3387
6295,5032
6295,6433
6295,7162
6296,3506
6296,3559
6296,6059
6296,7131
6297,2194
6297,3140
6297,3408
6297,7114
6298,2612
6298,4482
6298,5743
6298,6851
6299,6493
6300,101
6300,1503
6300,5946
6301,3339
6301,3854
6301,4940
6303,3183
6304,1998
6304,7329
6304,7647
6305,2295
6307,1219
6307,3642
6307,4424
6307,6808
6308,3518
6308,3866
6308,4890
6308,7171
6309,2354
6309,4805
6310,5204
6311,6168
6311,6725
6311,7324
6312,2867
6313,1050
6313,7401
6314,621
6314,4200
6314,6647
6315,2106
6315,7320
6315,7369
6316,7221
6319,2365
6319,6702
6320,6481
6321,2868
6322,258
6322,593
6323,1457
6323,1458
6324,1543
6324,1822
6324,2836
6324,6573
6325,1000
6325,2684
6325,5040
6325,6750
6326,1398
6326,3192
6326,3971
6326,4996
6326,6167
6327,6702
6328,1359
6328,3618
6328,4027
6328,5992
6328,6298
6328,7576
6329,2149
6329,3630
6330,5903
6331,1353
6337,2083
6337,3038
6337,3354
6337,6051
6338,2244
6338,2415
6338,5496
6339,3883
6339,5403
6340,3095
6340,4891
6341,2304
6341,3139
6342,42
6342,3623
6343,2095
6343,4848
6343,7398
6344,2148
6346,1314
6346,4432
6346,5159
6347,915
6347,1256
6347,5410
6348,71
6348,6699
6348,7077
6349,4305
6350,3744
6352,3819
6352,4106
6352,5794
6352,7594
6354,638
6354,1316
6354,2663
6354,3748
6354,5651
6354,7079
6354,7159
6356,5076
6356,7078
6357,981
6357,1264
6357,2139
6357,3843
6357,4740
6357,4829
6357,5045
6357,5540
6357,6010
6357,6876
6358,1198
6358,2222
6358,3014
6358,5986
6358,6619
6358,6851
6359,1155
6360,4007
6361,4941
6362,778
6362,948
6362,3447
6362,6130
6362,6598
6363,5879
6363,5906
6363,6007
6364,286
6364,2141
6364,3945
6364,4377
6365,1260
6365,2828
6365,4805
6365,6897
6366,7342
6366,7609
6367,1701
6367,2867
6367,4752
6367,4783
6367,5387
6368,910
6370,4725
6370,6328
6371,739
6371,6175
6371,6759
6371,7398
6372,2508
6372,3316
6372,6250
6374,3201
6374,5124
6374,7405
6375,1312
6375,7028
6376,3127
6379,680
6379,2672
6379,3194
6380,7
6380,853
6380,2321
6381,3947
6381,5493
6382,835
6382,3224
6383,1732
6383,5497
6383,6552
6383,7013
6383,7258
6384,3889
6384,6210
6384,7293
6385,2757
6386,3260
6386,3793
6386,4913
6387,3491
6387,3544
6387,6138
6388,2005
6388,2581
6389,964
6389,5807
6390,158
6391,328
6391,4467
6391,4666
6392,1943
6394,4888
6395,919
6395,3559
6395,4584
6395,5420
6395,5650
6395,6660
6396,121
6396,355
6396,1128
6396,1903
6396,5515
6396,5827
6396,6094
6400,2377
6401,1055
6401,2109
6402,5803
6402,7108
6403,2801
6403,4565
6403,4870
6403,6887
6403,7290
6404,595
6404,6652
6404,7133
6405,2616
6405,4205
6405,4837
6405,7256
6406,518
6406,582
6406,2239
6406,5007
6407,4578
6408,1642
6408,2461
6408,3510
6408,4206
6408,5832
6409,7127
6409,7527
6410,4561
6410,6816
6411,551
6411,2384
6411,3212
6411,7468
6412,4917
6412,5665
6412,6296
6413,479
6413,3748
6414,622
6414,1214
6414,2380
6414,3274
6414,3799
6414,4531
6414,4590
6414,4695
6414,4774
6414,4941
6414,5201
6414,6067
6415,2188
6416,1360
6416,2187
6416,4758
6416,6502
6417,1
6417,161
6417,2298
6417,7330
6417,7359
6418,1012
6418,1816
6418,2077
6419,709
6419,2064
6419,5793
6421,3043
6421,5870
6422,2629
6422,3405
6423,3684
6423,5515
6423,6286
6423,7491
6424,7096
6425,886
6425,1363
6425,1410
6425,6410
6426,2901
6426,4674
6426,6030
6427,2215
6427,3062
6428,1433
6428,2710
6428,4237
6428,7243
6428,7356
6429,988
6431,1075
6432,4646
6433,227
6433,2121
6433,2523
6433,3453
6433,3533
6433,3823
6433,5514
6433,5690
6433,6191
6433,6203
6433,6886
6433,6888
6433,7030
6434,258
6435,6192
6435,7053
6436,2497
6436,2803
6436,4225
6436,6807
6437,1444
6437,1991
6437,2212
6437,7290
6438,1829
6438,5682
6439,6690
6439,7067
6440,1361
6440,3878
6440,5845
6441,214
6441,993
6442,914
6443,3175
6443,4875
6444,5484
6444,5664
6445,6909
6446,2239
6446,3451
6447,226
6447,1776
6447,4987
6447,5936
6447,6578
6447,6901
6448,7022
6449,4384
6449,5385
6450,1353
6450,1633
6450,7305
6451,3689
6451,4918
6451,5082
6452,1139
6452,2588
6452,3351
6452,6624
6453,1487
6453,1593
6453,5267
6454,1657
6454,2121
6454,6684
6455,1605
6455,3917
6455,7083
6456,4339
6456,7199
6457,1678
6457,2239
6458,2462
6458,2800
6458,6320
6458,6856
6459,2880
6460,7498
6461,1902
6462,762
6462,3408
6462,6618
6462,7254
6462,7487
6464,2650
6464,6219
6464,7003
6465,2250
6465,2822
6465,2854
6465,3006
6465,7124
6466,4696
6466,6769
6466,7289
6467,1561
6468,1746
6468,3428
6468,4680
6468,4983
6470,1660
6470,1821
6470,3612
6470,6980
6470,7262
6470,7309
6471,1530
6471,1878
6471,2082
6471,6857
6471,6885
6472,703
6472,1693
6472,3852
6472,6573
6473,4521
6473,5802
6474,4376
6474,4805
6475,2634
6475,4188
6475,4816
6475,5415
6475,5982
6476,2091
6476,6154
6477,2360
6478,2424
6478,4678
6478,6013
6478,6254
6479,3024
6479,4274
6479,4334
6480,7460
6481,5539
6481,7313
6482,1065
6482,3530
6482,6130
6483,5558
6484,584
6484,6707
6485,260
6485,1700
6485,2384
6486,576
6486,1790
6486,4541
6487,3608
6487,4420
6488,179
6488,1466
6488,2361
6488,3047
6488,3411
6488,3441
6488,4081
6488,4604
6488,4921
6488,5072
6488,5476
6488,6092
6488,6496
6489,1961
6489,2239
6489,7395
6490,4479
6491,462
6491,3349
6492,1592
6492,1712
6492,1833
6492,2592
6492,3456
6492,5468
6493,2052
6493,4880
6494,7305
6495,3244
6495,4025
6496,2259
6497,89
6497,258
6497,4928
6497,6887
6498,2020
6498,2578
6498,2802
6498,5246
6498,6697
6500,4164
6500,5372
6501,1117
6501,3239
6501,3674
6501,4880
6501,5885
6502,5653
6503,532
6504,108
6504,2422
6504,3186
6504,3327
6504,3823
6504,4649
6506,4217
6507,2377
6507,4384
6507,7296
6508,2137
6508,4123
6509,1480
6509,5517
6510,6760
6510,7067
6511,7032
6512,1601
6512,3725
6512,4957
6512,5115
6512,5264
6513,3998
6513,5071
6513,6721
6514,637
6514,4850
6514,5024
6514,5624
6514,7316
6515,1123
6515,3437
6515,7575
6516,1166
6516,2386
6516,3824
6516,5172
6516,5458
6517,4108
6518,2239
6518,6297
6518,7330
6520,3006
6520,4300
6520,5512
6522,1978
6522,3925
6522,4707
6522,6211
6522,7480
6523,1251
6523,1939
6523,6089
6523,7237
6524,4005
6524,4322
6524,5803
6525,5977
6526,5054
6526,5441
6527,3152
6527,7599
6529,608
6529,1719
6529,4339
6529,7358
6530,4237
6532,1157
6532,3830
6532,5028
6532,5045
6534,463
6535,2688
6536,807
6536,3397
6536,5492
6538,4153
6540,1293
6541,82
6541,2424
6543,5477
6543,6875
6544,4362
6544,6868
6544,7441
6545,2201
6546,2714
6546,3195
6546,3745
6547,8
6547,526
6547,1064
6547,1495
6547,3250
6547,7468
6548,648
6548,1731
6549,1175
6549,3869
6549,5723
6550,2726
6550,4271
6550,4684
6550,4950
6550,5140
6550,6928
6550,6935
6550,6937
6551,542
6551,731
6551,1105
6551,1370
6551,1805
6551,2159
6551,2476
6551,2711
6551,3184
6551,3859
6551,4017
6551,4162
6551,4190
6551,4313
6551,4642
6551,4662
6551,5278
6551,5976
6551,6265
6551,7008
6551,7617
6552,541
6552,882
6552,4264
6553,1414
6554,3227
6554,4305
6554,4935
6554,6352
6555,2094
6555,2707
6555,3418
6555,4430
6556,150
6556,200
6556,2316
6556,4665
6556,5440
6556,7019
6557,1881
6557,2435
6557,3415
6557,5868
6558,1261
6558,1984
6559,401
6559,1781
6559,2050
6559,2472
6559,2842
6559,7484
6560,3359
6560,7415
6561,959
6561,1640
6561,3885
6561,7126
6562,1268
6562,2033
6562,4376
6562,7353
6563,2611
6563,5984
6565,4584
6565,7635
6567,4485
6568,946
6569,775
6569,3385
6569,5115
6569,5295
6569,6445
6569,6916
6570,1769
6570,5083
6570,5335
6570,6388
6570,7318
6571,1295
6571,2872
6571,5633
6572,573
6572,1280
6572,2488
6572,2547
6572,3816
6572,3832
6572,4436
6572,5364
6572,6237
6572,6513
6572,6996
6572,7184
6572,7351
6572,7409
6572,7550
6573,681
6573,7620
6574,4384
6574,7599
6575,6967
6575,7039
6577,1419
6578,2750
6579,6451
6581,625
6581,2993
6581,4349
6581,5795
6581,6098
6582,3594
6582,5554
6583,3953
6583,4961
6584,1058
6584,4562
6585,791
6585,1681
6585,5043
6585,6523
6586,1961
6586,2304
6586,2844
6586,5483
6587,4351
6587,5380
6588,1894
6588,6660
6589,2000
6589,7548
6590,1335
6590,3333
6590,3494
6592,654
6592,2884
6592,4148
6592,4592
6592,5678
6592,6729
6592,7552
6593,2565
6593,6730
6594,106
6594,3359
6594,4918
6594,5188
6594,6878
6595,361
6595,2769
6596,2198
6596,4230
6596,4243
6596,4943
6597,85
6597,1226
6597,7464
6598,2590
6598,3258
6598,4951
6598,4978
6599,1403
6599,3615
6599,5802
6600,971
6600,1905
6601,1604
6601,3941
6602,453
6602,6965
6603,3217
6603,3392
6603,7060
6604,48
6604,1098
6604,2820
6604,3561
6605,2451
6606,1443
6606,3355
6606,6337
6606,6633
6606,6817
6607,491
6607,3315
6607,3843
6608,7251
6608,7332
6609,74
6609,1365
6609,2398
6609,4491
6609,6227
6610,1978
6610,4605
6610,7047
6610,7131
6611,4384
6611,5000
6612,193
6612,734
6612,7050
6612,7316
6613,5552
6613,6959
6614,593
6614,2197
6614,2826
6614,3893
6615,304
6615,3302
6615,4282
6615,5643
6615,5790
6617,4481
6618,2120
6618,4196
6618,5261
6618,6693
6619,1252
6619,1764
6619,4320
6619,5839
6620,1961
6620,4479
6621,3267
6621,4405
6621,4867
6621,5872
6621,6031
6622,1115
6623,620
6623,3016
6623,4357
6623,5361
6623,5747
6623,6006
6623,6278
6624,1910
6624,2371
6624,2954
6625,2398
6625,3984
6625,4353
6625,4659
6625,5476
6625,5609
6625,7259
6625,7426
6626,1472
6627,146
6627,2239
6627,3778
6627,4551
6628,1041
6629,4033
6630,526
6630,808
6630,1581
6630,4362
6631,3594
6632,4729
6633,1338
6634,6692
6634,6707
6635,948
6635,2850
6635,3684
6635,5162
6635,6928
6635,7126
6635,7268
6636,1317
6636,2461
6636,4067
6637,498
6638,1147
6638,3370
6638,4090
6639,4906
6640,1798
6640,2194
6640,4384
6641,158
6642,2512
6642,2608
6642,4738
6643,330
6643,2301
6643,5770
6645,2226
6645,3391
6646,4420
6646,4768
6646,4806
6646,4871
6646,5689
6646,6462
6647,1816
6647,1950
6647,5318
6647,5947
6647,6314
6648,649
6648,4666
6648,7630
6649,4680
6650,4126
6650,4623
6650,5274
6651,100
6651,3778
6651,4605
6652,520
6652,7136
6653,1073
6653,1664
6653,1845
6653,2341
6653,3516
6653,3563
6653,5019
6653,5094
6654,7467
6655,5424
6655,5428
6655,6332
6656,962
6656,2411
6656,2417
6656,3229
6656,5065
6656,5288
6656,5616
6657,1073
6657,4673
6657,6385
6658,1102
6658,5042
6659,1203
6659,2696
6659,4166
6659,5353
6659,6375
6659,7028
6660,2569
6660,2734
6660,4719
6660,4952
6661,961
6661,6897
6663,6071
6664,5007
6664,5404
6664,5844
6665,349
6665,1881
6665,5110
6665,7437
6666,5245
6666,6465
6667,4849
6667,6130
6669,1178
6669,5493
6669,5833
6670,1583
6670,5436
6670,6363
6671,1438
6671,3988
6671,5618
6671,5867
6671,6652
6673,2124
6673,3974
6673,5328
6673,5734
6673,5833
6673,6183
6674,531
6674,4025
6675,1915
6675,6280
6675,7546
6676,4637
6677,7345
6678,1152
6678,2124
6678,4591
6678,5048
6678,5982
6678,7540
6679,879
6679,1272
6679,1803
6679,2312
6679,5825
6679,6383
6679,6772
6679,7122
6679,7630
6680,491
6680,2475
6680,6309
6681,2362
6681,3143
6681,5867
6681,6396
6682,2976
6682,4065
6682,7292
6682,7620
6683,40
6684,1657
6684,3014
6684,6263
6684,6454
6685,884
6687,401
6687,433
6687,1852
6687,6127
6689,150
6689,3233
6690,2198
6690,6439
6691,1035
6691,4260
6692,2198
6692,5799
6692,6702
6693,5404
6694,2367
6695,3071
6695,3308
6696,5437
6697,1576
6697,4166
6697,4844
6697,5112
6697,5590
6697,6883
6697,7301
6697,7499
6698,4804
6699,728
6699,1739
6699,2856
6699,5645
6700,7154
6701,14
6701,1268
6701,2981
6702,261
6702,290
6702,445
6702,582
6702,1165
6702,1206
6702,1271
6702,1639
6702,1945
6702,2193
6702,2408
6702,2929
6702,3189
6702,3328
6702,3440
6702,3444
6702,3834
6702,3858
6702,3909
6702,3954
6702,4044
6702,4483
6702,4782
6702,5327
6702,5495
6702,5780
6702,5881
6702,6319
6702,6327
6702,6373
6702,6407
6702,6673
6702,6971
6702,7164
6702,7174
6702,7339
6702,7352
6702,7527
6703,3103
6703,6446
6704,2239
6704,4384
6704,4680
6704,6551
6705,1284
6705,5881
6706,4023
6706,4350
6707,201
6707,375
6707,475
6707,1170
6707,3898
6707,4049
6707,5859
6707,6047
6707,6490
6707,6702
6707,6714
6707,6882
6708,3308
6708,3644
6710,929
6710,4119
6710,4977
6711,885
6711,2497
6712,3741
6712,3924
6712,5030
6713,1716
6713,7569
6715,1448
6715,1919
6715,5170
6715,6672
6715,7417
6716,3798
6717,1379
6717,5864
6718,2109
6718,2837
6718,6333
6718,6948
6718,6975
6719,86
6719,1118
6719,3589
6720,835
6721,2213
6721,2864
6721,4255
6721,6861
6722,1905
6723,4248
6723,4595
6723,5049
6723,5132
6723,7071
6723,7090
6724,1188
6724,1388
6724,2223
6724,2570
6724,2863
6724,3809
6724,4617
6725,561
6725,4703
6725,5230
6725,5920
6725,6625
6726,1457
6726,6269
6726,6331
6727,798
6727,2851
6727,3200
6729,747
6729,4817
6729,5175
6730,2746
6730,5980
6730,6572
6731,1999
6731,3623
6731,4805
6732,352
6732,2461
6733,6001
6734,2022
6734,6865
6735,676
6735,1048
6735,6117
6736,7464
6737,3895
6738,3708
6738,6297
6738,6462
6739,2083
6739,5821
6740,555
6740,4986
6740,5541
6740,7134
6740,7288
6741,1856
6741,3329
6742,6862
6743,3532
6744,4799
6747,1726
6747,4109
6747,6503
6748,4378
6748,6048
6749,60
6749,2659
6750,1678
6750,6325
6751,3507
6752,4363
6755,4843
6756,4021
6756,6338
6756,7373
6757,2347
6757,7417
6758,1058
6758,4805
6758,5404
6759,2778
6759,4912
6759,5595
6759,5664
6759,6790
6760,1011
6760,1665
6760,2033
6760,4376
6760,4384
6760,5296
6760,5858
6761,2835
6761,4982
6761,5001
6761,7290
6762,646
6762,6415
6763,1471
6763,3730
6763,5236
6764,1861
6764,5688
6765,909
6765,4881
6765,4938
6765,7073
6766,100
6766,395
6766,4551
6767,6130
6768,1072
6768,1242
6768,1951
6768,2219
6768,3824
6768,4852
6768,5520
6768,6814
6768,7485
6769,3587
6769,6922
6769,7600
6770,3871
6771,749
6771,3597
6771,7073
6772,275
6772,3874
6772,5978
6772,7555
6773,5314
6774,4806
6775,590
6775,6447
6776,508
6776,4837
6777,471
6778,2823
6778,5056
6779,305
6779,3183
6779,3501
6780,5677
6781,4364
6783,1961
6783,2996
6784,5628
6786,158
6787,2782
6787,3172
6787,6064
6788,2468
6788,6288
6789,5836
6790,3063
6790,3123
6792,676
6792,1190
6792,3975
6792,4020
6792,4235
6793,328
6794,2039
6794,3114
6795,1020
6795,4922
6796,3375
6796,4993
6796,5884
6796,6355
6797,1440
6798,1971
6798,4444
6798,7040
6799,3146
6800,593
6802,6810
6803,1406
6803,6617
6805,2848
6806,2328
6806,3530
6806,3915
6806,4943
6806,5432
6807,175
6807,513
6807,736
6807,920
6807,946
6807,1689
6807,1985
6807,2776
6807,3371
6807,3419
6807,5454
6807,5953
6807,6177
6807,7202
6807,7402
6808,4002
6809,2178
6809,2597
6809,3790
6809,5900
6810,240
6810,593
6810,5816
6810,6707
6811,245
6811,3068
6811,3758
6811,7143
6813,394
6813,1248
6813,1535
6813,1681
6813,2034
6813,3533
6813,7292
6815,495
6815,766
6815,2993
6816,231
6816,6148
6817,1057
6817,1164
6817,2422
6817,3233
6817,3354
6817,4533
6817,6429
6818,3661
6818,5178
6818,5411
6818,6577
6819,2976
6819,3417
6819,4258
6819,6591
6820,1398
6820,1451
6820,4374
6820,4996
6820,6529
6821,650
6821,3354
6822,1726
6822,1901
6822,5869
6823,4258
6823,6432
6824,1783
6824,3896
6825,6413
6826,1314
6826,1506
6826,4437
6826,7168
6827,485
6827,2746
6828,803
6828,2248
6828,4406
6828,4904
6828,5923
6829,2926
6829,6106
6829,7598
6830,2198
6831,1058
6831,1524
6831,2239
6831,2755
6832,2198
6832,2358
6833,547
6833,3144
6833,3254
6834,28
6834,631
6834,1429
6834,4805
6835,7149
6836,807
6836,2390
6836,7591
6837,1051
6838,4867
6839,1829
6839,2686
6839,5158
6840,767
6842,3649
6842,4759
6843,5
6844,28
6845,4501
6845,5417
6845,5671
6846,1342
6846,2466
6847,320
6847,1414
6847,1796
6847,6140
6848,2657
6848,2886
6848,2974
6848,7535
6849,4578
6849,6373
6849,6673
6851,1246
6851,5417
6852,403
6852,526
6852,1228
6852,4958
6853,6858
6854,6447
6855,783
6855,884
6855,2666
6855,3127
6855,3143
6855,5973
6855,6635
6856,2879
6856,3595
6857,1878
6857,5792
6857,7242
6858,842
6858,3088
6858,6853
6858,7515
6860,3494
6861,523
6861,3709
6861,4823
6862,1547
6862,2167
6862,3537
6862,3609
6862,5776
6863,635
6863,1168
6863,2278
6863,4139
6863,4927
6863,6292
6864,3637
6864,5524
6864,5589
6865,378
6865,427
6865,3288
6865,4515
6865,4721
6865,5431
6865,6220
6867,246
6868,1036
6868,2303
6868,6986
6869,3877
6869,5323
6869,5767
6869,6995
6871,464
6871,1411
6871,4897
6871,5274
6871,5393
6871,7056
6872,2122
6872,6029
6873,3494
6873,5419
6873,5738
6874,557
6874,794
6874,2382
6874,4008
6875,7315
6875,7429
6875,7620
6876,7437
6877,479
6878,456
6878,2626
6879,499
6879,892
6879,1291
6879,5170
6880,1581
6880,2683
6880,5891
6881,1648
6882,593
6882,1545
6883,104
6883,4444
6884,667
6886,6516
6887,469
6887,1796
6887,4156
6887,4928
6887,6156
6888,3227
6889,1293
6889,7085
6890,2510
6890,4164
6891,158
6891,645
6891,1648
6891,5846
6892,4376
6892,5881
6892,6877
6894,3420
6894,5427
6895,1058
6895,7046
6896,4189
6896,5226
6897,961
6897,1260
6897,2922
6897,4506
6897,4718
6897,6661
6898,2257
6898,4490
6898,5396
6898,7121
6898,7330
6899,3231
6899,4237
6900,1277
6900,2293
6900,4435
6901,2257
6901,5032
6901,6276
6902,702
6903,1793
6903,5956
6903,6285
6904,461
6904,6624
6905,2515
6905,4488
6906,4658
6908,4078
6908,7253
6909,321
6909,1859
6909,2921
6909,4528
6909,4609
6909,5295
6909,5340
6909,6834
6909,7312
6909,7634
6910,549
6910,2422
6910,4665
6911,456
6911,1183
6911,5234
6911,6178
6912,7455
6914,156
6914,301
6914,829
6914,4040
6914,4486
6914,5574
6915,1617
6915,6145
6916,65
6916,613
6916,2041
6916,5899
6917,3182
6918,427
6918,4911
6918,7642
6919,3088
6919,3940
6919,7515
6920,521
6920,2579
6920,3781
6921,3439
6921,4023
6922,643
6922,7175
6924,578
6924,1917
6924,4491
6924,4708
6924,5751
6924,7426
6925,577
6926,3556
6926,6136
6927,1490
6927,3067
6927,6950
6928,6550
6929,835
6930,868
6930,7464
6932,451
6932,1147
6932,5389
6932,6943
6933,1621
6933,1958
6933,4095
6933,5955
6933,7537
6934,368
6935,2439
6935,6993
6935,7285
6936,4003
6936,4845
6937,3231
6937,3494
6937,4931
6938,1462
6938,2203
6938,2846
6939,7175
6940,25
6940,838
6940,3325
6940,6902
6941,1280
6941,1856
6942,2063
6943,574
6943,823
6943,5021
6944,913
6945,835
6945,3545
6945,6486
6946,4308
6946,6719
6947,920
6947,7592
6948,2182
6948,4950
6949,1837
6949,3505
6949,6158
6951,606
6951,2901
6951,3359
6951,3698
6952,3
6952,1047
6952,1284
6952,1884
6952,4206
6952,4376
6952,4408
6952,7163
6953,3683
6954,1414
6954,1655
6954,1862
6954,4216
6954,4549
6954,4830
6954,7585
6955,908
6955,1550
6955,2044
6955,3418
6955,4769
6956,1504
6956,2557
6957,5047
6958,5251
6959,5251
6960,1442
6960,5079
6960,5957
6960,6172
6960,7113
6960,7518
6961,942
6961,2239
6961,3018
6961,4406
6961,5296
6961,5507
6963,5149
6965,38
6965,529
6965,3032
6965,5436
6966,7401
6967,980
6967,1252
6967,3573
6967,4725
6968,319
6968,811
6968,1763
6968,4816
6968,4954
6969,263
6970,45
6970,1276
6970,5817
6970,7594
6971,1093
6971,1170
6971,2888
6971,5243
6971,6936
6972,679
6972,2176
6972,4485
6972,4681
6972,5573
6973,3626
6974,158
6975,2285
6975,6718
6977,368
6977,2351
6977,4364
6978,593
6978,4774
6979,404
6979,3191
6980,5455
6980,5981
6981,260
6981,1798
6981,3762
6981,4080
6981,4384
6982,2695
6983,4217
6983,6790
6983,7119
6984,1293
6984,2320
6984,5132
6985,1744
6989,1058
6990,3462
6990,6024
6991,1773
6991,4698
6991,6821
6992,2013
6992,5676
6993,1237
6994,202
6994,1990
6994,5633
6995,4437
6995,5323
6995,7183
6996,6572
6996,6807
6997,1505
6998,4926
6999,4172
7000,990
7000,1520
7000,1821
7000,4009
7000,5761
7000,7130
7001,4075
7001,6206
7002,3033
7002,3200
7002,3505
7002,5905
7002,6543
7003,7023
7003,7231
7003,7319
7003,7578
7004,1701
7005,495
7006,326
7007,2626
7007,4422
7007,4716
7008,4877
7009,595
7009,7141
7010,392
7010,5982
7010,6551
7010,7181
7011,2409
7012,4485
7013,5497
7014,1389
7014,1709
7014,2446
7014,2854
7014,3006
7015,2853
7015,3211
7015,3479
7016,7531
7017,593
7017,1357
7017,4376
7019,2607
7019,3746
7019,4195
7019,4779
7020,262
7020,1034
7020,1872
7020,7298
7021,366
7021,1993
7021,2553
7021,2913
7021,5255
7021,6990
7022,2055
7022,3466
7023,951
7023,6492
7023,6669
7023,7044
7025,691
7025,2994
7025,3957
7025,4852
7025,5894
7025,7063
7027,401
7027,3730
7028,1114
7028,1199
7028,7533
7028,7625
7029,1426
7030,3229
7030,4108
7031,362
7031,691
7031,3642
7031,4061
7031,4852
7032,305
7032,766
7032,1245
7032,1347
7032,1389
7032,1722
7032,2415
7032,2588
7032,3686
7032,3866
7032,6594
7032,6951
7033,3584
7034,280
7034,805
7034,2433
7034,4793
7035,5628
7036,857
7036,3632
7036,4578
7036,7209
7037,3900
7037,4060
7037,7355
7037,7530
7038,3600
7038,6783
7039,2068
7039,4118
7040,1837
7040,2846
7041,3975
7041,4738
7041,7205
7042,2198
7043,3815
7043,3820
7043,7255
7044,727
7044,3177
7044,4525
7044,5679
7045,1348
7045,3865
7045,4725
7045,7498
7046,4071
7046,5258
7046,5855
7046,6895
7047,2917
7047,6174
7047,7459
7048,456
7048,7244
7049,244
7049,6307
7050,734
7050,3829
7050,6025
7050,6612
7051,668
7051,4058
7051,5582
7051,7620
7052,5153
7053,6192
7053,6435
7054,535
7054,2349
7054,2795
7054,7240
7055,6362
7056,6871
7057,2545
7057,6908
7060,1016
7060,2717
7060,4704
7060,5529
7061,2281
7061,5555
7061,5828
7061,7255
7062,4193
7063,691
7063,1242
7063,1812
7063,3675
7063,4926
7063,5043
7064,4014
7064,4920
7064,6504
7064,6792
7065,1762
7066,1971
7067,372
7067,1913
7067,1935
7067,3965
7068,180
7070,951
7071,717
7071,1211
7071,3132
7071,5646
7071,6631
7071,7166
7071,7180
7071,7319
7072,2663
7072,5111
7072,5376
7073,981
7073,2090
7073,4070
7073,5069
7073,7086
7074,3148
7074,3841
7074,6346
7075,2281
7075,3167
7075,7255
7076,264
7076,4862
7076,5700
7077,808
7077,3250
7077,4115
7077,4502
7078,190
7078,1181
7078,3599
7078,6214
7079,6707
7080,4379
7080,5361
7082,1839
7082,3537
7082,6543
7083,327
7083,635
7083,1144
7083,3144
7083,6267
7084,2863
7084,3540
7084,4094
7085,482
7085,1723
7085,5139
7086,2187
7086,3371
7086,3805
7086,4412
7086,5465
7086,5848
7087,159
7087,2864
7087,5499
7087,5835
7087,6302
7087,7414
7088,1497
7088,2986
7088,5044
7088,7087
7089,979
7089,4134
7089,6862
7090,358
7090,1382
7090,2215
7090,5108
7090,5155
7091,5707
7091,6055
7091,6620
7092,4133
7094,2944
7094,3365
7094,4277
7094,5118
7094,7393
7095,52
7095,6515
7096,123
7096,526
7096,2913
7096,6409
7097,947
7097,1738
7097,4156
7097,5324
7097,7150
7099,4882
7101,1478
7101,3948
7101,6001
7101,7464
7102,7072
7103,1634
7103,1738
7103,5979
7104,4499
7105,5404
7106,3295
7106,3578
7106,3886
7106,5213
7106,5234
7107,2488
7107,6061
7107,7045
7107,7109
7108,376
7108,932
7108,3214
7108,4611
7108,6988
7109,6178
7110,561
7110,1365
7110,2853
7110,4244
7110,6311
7112,1263
7112,5402
7113,4009
7113,4989
7113,6280
7115,4124
7115,6394
7116,2253
7116,2704
7117,4020
7117,4325
7118,316
7118,1391
7118,6465
7119,6054
7121,6898
7123,1699
7123,4898
7123,5323
7123,7549
7124,541
7124,2281
7124,3167
7124,4264
7124,4300
7124,7630
7125,1241
7125,3466
7125,3839
7125,6980
7126,6401
7127,4458
7127,5056
7128,40
7128,721
7128,7359
7129,630
7129,4239
7129,5950
7130,2172
7130,2920
7130,3962
7130,4747
7130,5544
7131,721
7131,1511
7131,4811
7131,7325
7132,873
7132,1429
7132,4664
7134,2450
7135,1645
7136,695
7136,5169
7136,5237
7136,6130
7137,513
7137,1429
7138,1257
7138,2069
7138,2466
7138,4299
7138,6285
7138,7002
7139,1350
7140,277
7140,1704
7142,3742
7142,7125
7143,5593
7143,7252
7144,1531
7144,2132
7144,4666
7145,5605
7145,6299
7146,2708
7147,1063
7147,5917
7148,452
7148,2578
7148,3402
7148,4481
7148,7301
7148,7571
7149,1607
7149,3702
7150,1698
7150,3756
7150,5469
7150,6850
7151,2816
7151,3895
7152,2002
7153,246
7153,2222
7153,2612
7153,2739
7153,3232
7153,3712
7153,4767
7153,7590
7154,2509
7154,3578
7154,4194
7155,791
7155,6795
7156,1201
7157,3892
7157,6653
7157,7565
7158,1934
7160,101
7160,4628
7160,4661
7160,5521
7160,6117
7161,327
7161,3285
7161,3666
7161,5770
7162,948
7162,1354
7163,3183
7164,3049
7164,5091
7164,5203
7165,5829
7166,4385
7166,5646
7167,5401
7168,5159
7168,7495
7169,4451
7169,5494
7169,6627
7170,240
7170,2013
7170,2039
7170,4556
7170,6830
7171,2911
7171,3010
7172,1482
7173,2198
7173,2565
7173,6593
7174,6702
7174,7280
7175,5423
7175,6939
7176,472
7176,2535
7176,3095
7178,3603
7179,967
7179,4805
7179,7250
7180,1798
7180,5955
7181,89
7181,4895
7182,103
7182,1293
7182,3171
7182,4952
7183,6346
7184,1961
7184,2996
7184,5305
7184,6341
7185,4299
7185,5683
7185,6285
7190,1985
7190,2960
7191,1246
7191,1764
7191,7375
7192,1530
7192,2119
7192,2693
7194,738
7195,616
7195,3124
7195,3427
7195,4282
7195,4320
7196,73
7196,3359
7196,5513
7196,6078
7197,3406
7197,3559
7197,3948
7197,4865
7198,2666
7198,6855
7199,282
7199,565
7199,574
7199,1085
7199,1848
7199,2519
7199,3935
7199,5570
7199,5776
7199,5805
7199,6456
7199,6932
7199,7605
7200,1132
7200,3141
7200,3709
7201,5666
7202,6807
7203,1993
7203,2206
7203,3748
7203,4670
7203,6409
7204,1671
7204,6077
7205,46
7207,3345
7208,1128
7208,1162
7208,4618
7208,4632
7209,1102
7210,345
7210,6801
7211,2762
7211,6147
7212,2060
7212,3748
7213,2958
7213,5559
7215,1620
7216,116
7217,2078
7218,5737
7218,5974
7218,6488
7218,6924
7219,1876
7220,1304
7220,2168
7221,1773
7221,4656
7222,766
7222,2625
7222,7067
7223,2665
7223,7099
7224,1773
7224,4935
7224,5390
7225,1215
7225,3578
7225,5022
7226,2055
7226,5378
7227,4360
7228,1897
7230,2140
7230,2409
7230,3280
7230,4512
7231,1058
7231,2313
7231,5979
7232,84
7232,5473
7233,2026
7233,2440
7233,4805
7234,1289
7234,1361
7235,2094
7235,3478
7236,758
7236,1656
7237,1251
7237,3884
7237,3960
7237,4305
7237,4906
7237,5043
7238,236
7238,6010
7238,6046
7239,1927
7240,71
7240,1919
7240,2231
7240,3246
7240,4519
7240,4902
7240,6872
7241,2775
7241,5182
7242,1878
7242,4030
7242,5792
7242,7161
7243,1055
7243,1410
7243,2951
7243,5297
7244,5741
7244,7048
7245,101
7245,3942
7246,1181
7246,4551
7247,269
7247,375
7247,4344
7247,4586
7248,158
7248,512
7248,5395
7249,1865
7249,2369
7249,3350
7249,5681
7249,6220
7250,410
7250,672
7250,2234
7250,2800
7250,3725
7250,3920
7250,4442
7250,4989
7250,5295
7251,6608
7252,942
7252,1511
7252,2755
7252,7096
7252,7143
7252,7288
7253,5890
7254,4080
7255,556
7255,1504
7255,1851
7255,1983
7255,4142
7255,7075
7255,7124
7255,7407
7256,2616
7256,6405
7257,4149
7257,5277
7257,5336
7257,5736
7258,1280
7259,4663
7259,7383
7260,1629
7260,1939
7260,4215
7260,5693
7261,4646
7262,1660
7262,3331
7262,5781
7263,855
7263,901
7264,1326
7264,1422
7264,4237
7264,6622
7265,3506
7265,4384
7266,770
7266,1058
7266,1481
7266,3079
7267,429
7267,5661
7267,7087
7268,959
7268,3494
7268,6130
7269,62
7269,421
7269,2086
7269,2299
7269,4140
7269,5851
7269,7174
7270,4273
7271,1244
7271,1824
7271,1825
7271,5283
7272,4728
7272,7255
7273,2874
7274,2826
7275,2196
7276,383
7276,533
7276,1194
7276,2047
7276,3053
7276,3242
7276,3854
7276,6759
7277,1357
7278,1854
7278,6702
7279,4749
7280,435
7280,939
7280,1281
7280,2564
7280,2832
7280,2961
7280,4712
7280,5160
7280,5646
7280,6805
7280,7103
7281,866
7281,1989
7281,5857
7281,6392
7282,1162
7282,6206
7282,6226
7283,26
7283,4013
7284,1863
7285,6480
7286,1026
7287,66
7287,3442
7287,7641
7288,358
7288,1174
7288,3269
7289,61
7289,552
7289,1705
7289,2336
7289,3172
7289,3177
7289,4535
7289,6877
7290,875
7290,3910
7290,4289
7290,6447
7290,6901
7290,7295
7290,7592
7291,617
7291,2291
7291,5432
7291,6884
7292,941
7292,3571
7293,4522
7293,6015
7293,6384
7294,7395
7295,269
7295,2239
7295,3277
7295,5003
7295,6786
7296,95
7296,408
7296,626
7296,813
7296,1590
7296,6022
7296,6395
7296,6507
7297,28
7298,143
7298,161
7298,6210
7299,2239
7300,1926
7300,2066
7300,4116
7300,6178
7301,416
7301,1147
7301,3769
7301,4927
7301,5112
7301,6204
7303,1116
7303,2464
7304,3783
7304,5009
7304,5170
7305,4185
7305,5772
7305,6297
7305,7510
7306,697
7306,2504
7306,4897
7306,5236
7307,5189
7307,7029
7308,1881
7308,7458
7309,1225
7309,6470
7310,3866
7310,3890
7311,1293
7311,1763
7311,4164
7312,3273
7312,4416
7313,6909
7314,557
7314,4208
7314,5019
7316,734
7316,6768
7316,7217
7317,730
7317,4512
7318,2026
7318,6512
7319,7071
7320,1862
7320,2808
7320,3279
7320,3695
7320,5415
7322,1926
7322,5722
7322,6408
7322,7240
7323,39
7324,943
7324,2395
7324,2983
7324,4411
7324,5972
7325,526
7325,1321
7325,5264
7325,7093
7326,4929
7326,6317
7327,798
7327,1135
7327,1606
7327,3200
7327,4401
7328,352
7328,6569
7329,440
7329,2619
7329,6608
7330,793
7330,1286
7330,2348
7330,3388
7330,3672
7330,3772
7330,4076
7330,4674
7330,4797
7330,5576
7330,6281
7330,6676
7330,7101
7330,7359
7331,2744
7331,3311
7331,3406
7332,3405
7332,3739
7334,993
7334,2056
7334,5794
7335,2125
7335,7467
7336,4206
7337,1727
7337,2649
7337,4669
7337,5878
7337,5881
7338,1291
7338,5132
7338,7234
7339,319
7340,726
7340,1575
7342,1903
7342,5537
7342,7257
7343,420
7343,4340
7343,4800
7343,6094
7344,2384
7344,3152
7344,6485
7345,2371
7345,6243
7346,1899
7347,6138
7348,981
7348,1766
7348,4236
7349,2239
7351,6852
7352,455
7352,951
7352,3703
7352,4463
7353,857
7353,1993
7353,3008
7353,4012
7353,4642
7353,5626
7353,7010
7354,2231
7354,5062
7356,391
7356,2720
7356,6816
7357,6854
7358,451
7358,3321
7358,3390
7358,4815
7359,143
7359,483
7359,856
7359,881
7359,6588
7360,5391
7360,6501
7361,3904
7361,6033
7363,3152
7363,5585
7365,970
7365,3310
7366,7255
7367,199
7367,325
7367,4272
7367,6169
7368,529
7368,779
7368,3598
7368,5491
7368,5662
7368,6275
7369,1266
7369,3234
7369,6100
7370,4037
7370,5174
7371,7175
7372,2797
7372,5075
7373,604
7373,1280
7373,1872
7373,4668
7373,4958
7373,7561
7374,92
7374,2771
7374,3394
7374,3473
7374,5694
7375,3313
7375,3368
7376,2505
7376,3952
7376,6867
7376,7441
7377,3329
7378,247
7378,337
7378,3471
7379,588
7379,1049
7379,4209
7380,1961
7380,3532
7380,4958
7381,327
7382,4376
7383,179
7383,992
7383,1086
7383,1917
7383,3452
7383,4886
7383,5270
7383,5974
7383,7259
7383,7502
7384,2544
7386,545
7386,3396
7386,4906
7386,6431
7387,6702
7388,1061
7388,2528
7388,4443
7390,4628
7391,1153
7391,4804
7391,6592
7392,4295
7392,5299
7393,2944
7393,5486
7394,4628
7395,0
7395,582
7395,720
7395,863
7395,1671
7395,1883
7395,1935
7395,2142
7395,2290
7395,2743
7395,4476
7395,5309
7395,5606
7395,7167
7397,3578
7397,5664
7398,5932
7398,6343
7399,3836
7401,3616
7403,3280
7404,439
7404,884
7404,3754
7404,4237
7404,4382
7404,5432
7405,2538
7405,3572
7405,4861
7406,5843
7407,2114
7407,2250
7409,1610
7409,3179
7409,4876
7409,5661
7409,6301
7409,7365
7410,2106
7410,2571
7411,2892
7411,3961
7412,4362
7414,329
7414,1394
7414,4461
7414,5315
7414,6399
7415,5132
7415,6560
7416,934
7416,2049
7416,6954
7418,907
7418,1760
7418,2880
7419,6214
7420,211
7420,3207
7420,3302
7421,3175
7422,4153
7422,5851
7422,5998
7423,4242
7423,5520
7423,6768
7423,7485
7424,3895
7425,4339
7425,6023
7427,200
7428,169
7428,593
7428,1517
7428,1899
7429,371
7429,608
7429,1606
7429,6150
7429,6167
7429,6875
7431,1332
7431,5319
7432,4802
7433,2078
7433,2083
7433,2872
7434,3175
7434,4646
7435,912
7435,2373
7435,3894
7436,2670
7437,349
7437,2623
7437,3749
7437,5110
7437,5509
7437,5852
7437,5929
7438,1936
7438,5337
7438,5715
7439,2429
7439,5516
7439,6248
7440,6673
7440,7337
7441,3589
7442,3674
7442,6728
7443,718
7443,1267
7444,2073
7446,1058
7446,4160
7446,6197
7446,7627
7447,1035
7447,3352
7448,784
7448,2660
7449,1151
7449,4288
7449,5834
7450,2825
7450,5642
7450,7178
7451,3794
7452,1794
7452,2028
7452,2522
7452,3330
7452,7067
7454,559
7454,2231
7454,6922
7455,1906
7455,7109
7456,461
7456,723
7456,952
7457,3187
7457,3326
7457,3471
7457,4702
7457,4795
7458,7348
7459,4067
7459,6569
7460,219
7460,730
7460,1303
7460,1676
7460,1841
7460,1868
7460,2151
7460,2388
7460,2788
7460,3258
7460,3873
7460,5025
7460,6347
7460,6899
7460,7285
7461,884
7461,7565
7462,3904
7462,4459
7463,782
7463,4491
7464,294
7464,1511
7464,1753
7464,1993
7464,2262
7464,2725
7464,3582
7464,4241
7464,5103
7464,5281
7464,5640
7464,5859
7464,7539
7465,1959
7465,4384
7465,4465
7466,238
7466,495
7466,6747
7467,847
7467,858
7467,1145
7467,2244
7467,2514
7467,3158
7467,3162
7467,3381
7467,3773
7467,4508
7467,4743
7467,4985
7467,5484
7467,6128
7467,6246
7467,6747
7467,6929
7468,1896
7469,2491
7469,4244
7469,4663
7470,3006
7471,1575
7471,2938
7471,3514
7471,4857
7472,543
7472,1807
7473,5671
7473,6606
7474,4952
7475,2815
7475,2836
7476,5308
7476,7636
7477,2380
7477,3092
7477,4157
7477,6137
7477,6526
7477,7103
7477,7413
7478,4037
7478,4343
7478,4864
7478,6531
7479,250
7479,5765
7480,1499
7480,6522
7480,7269
7481,3206
7481,4164
7481,5404
7482,4061
7482,4628
7482,5506
7484,6018
7484,6734
7484,6865
7484,7431
7485,941
7485,3586
7486,2089
7486,5126
7487,1902
7488,694
7488,2691
7488,4360
7489,298
7489,1365
7489,1529
7489,4397
7490,4663
7491,1303
7491,2318
7491,2399
7491,4861
7492,515
7493,4116
7494,2168
7495,4841
7495,5767
7495,6346
7497,3156
7497,4850
7497,5642
7497,7575
7498,1906
7498,2880
7498,3097
7498,4783
7499,929
7499,1844
7499,2088
7499,3853
7499,5809
7499,6768
7500,54
7500,6935
7500,7388
7501,6831
7502,7016
7503,1253
7503,1905
7503,2586
7503,4295
7504,22
7504,3892
7504,4008
7505,16
7506,186
7506,335
7506,2899
7507,1166
7507,1441
7507,1503
7507,2121
7507,2436
7507,2789
7507,5172
7509,4279
7509,4611
7509,4744
7510,875
7510,4141
7510,4626
7511,593
7511,4012
7512,956
7512,7077
7513,1616
7513,1736
7513,5929
7514,1298
7514,4277
7514,4636
7515,3940
7515,4298
7515,4425
7515,4575
7515,6865
7516,4903
7517,526
7517,4805
7518,2502
7518,3451
7518,5652
7518,5761
7518,6172
7518,6960
7519,934
7519,1655
7519,6954
7520,1663
7520,4578
7520,7477
7521,3895
7523,3152
7523,5040
7523,5056
7524,48
7524,4822
7525,3183
7526,1280
7526,3310
7526,6996
7528,2708
7528,7146
7528,7581
7529,3740
7529,6214
7530,602
7530,4925
7530,6130
7530,7037
7531,561
7532,5701
7533,1168
7533,5021
7533,5712
7534,522
7534,4217
7534,4791
7534,4848
7534,6054
7535,772
7535,1170
7535,2302
7535,3926
7535,4474
7535,4669
7535,7174
7536,6702
7537,2198
7537,5084
7537,5756
7537,6551
7537,6892
7538,5035
7538,5872
7539,1712
7540,2239
7540,3051
7540,6414
7541,2654
7543,3374
7543,4994
7544,177
7544,2204
7544,3572
7545,2968
7545,7379
7546,990
7546,6172
7546,6703
7546,7000
7548,1377
7548,2000
7548,3573
7548,6437
7549,1202
7549,1356
7549,4690
7550,72
7551,5003
7551,5839
7552,6592
7553,1546
7553,3817
7553,4670
7553,6492
7554,2022
7554,5300
7555,787
7555,4504
7555,5706
7556,2611
7556,4046
7556,7384
7558,2
7558,3026
7559,256
7560,3049
7560,5234
7562,2035
7562,2230
7562,2976
7562,3156
7562,4866
7564,4276
7565,420
7565,4357
7565,7463
7566,649
7566,786
7567,5021
7567,7002
7568,258
7568,1214
7568,6319
7568,7170
7569,3083
7570,4655
7571,1553
7571,4998
7571,7148
7572,540
7572,951
7572,2033
7572,2229
7572,2770
7572,3861
7572,5937
7572,6313
7572,7277
7573,446
7573,2553
7574,2923
7575,508
7575,3094
7575,3967
7575,4429
7575,4853
7575,6205
7576,980
7576,4136
7576,5253
7576,6298
7577,4934
7578,3172
7579,2303
7579,7600
7580,23
7580,103
7580,795
7580,1624
7580,2620
7580,4384
7580,6760
7580,7067
7580,7612
7581,2708
7581,3111
7581,3508
7582,727
7582,1526
7582,5463
7582,5490
7582,5507
7582,5714
7582,6701
7584,1794
7584,3890
7584,5150
7585,1058
7586,239
7586,668
7586,3813
7586,5725
7586,5826
7586,7237
7587,953
7587,1120
7588,2897
7589,287
7589,456
7589,5081
7589,7225
7590,2
7590,980
7590,4183
7590,4757
7590,6298
7591,1217
7593,4080
7593,7599
7594,3442
7594,4935
7594,5035
7594,7287
7595,1839
7595,2616
7595,4837
7596,1596
7596,3339
7597,3782
7598,782
7598,901
7598,5908
7598,6092
7598,6227
7598,6508
7599,3183
7599,4196
7599,5261
7599,5478
7600,3131
7600,5301
7600,6867
7601,26
7601,419
7601,2309
7601,4828
7601,6054
7601,6353
7602,6119
7603,5507
7603,6660
7603,7330
7604,5734
7604,6702
7605,1257
7605,1405
7605,3694
7606,2347
7606,3823
7607,2637
7607,3226
7607,3593
7607,4535
7607,4934
7607,6397
7607,6738
7607,7085
7607,7610
7608,892
7608,4140
7609,257
7609,1728
7610,7428
7611,31
7611,7095
7612,6705
7613,53
7613,3450
7613,5185
7613,6768
7614,2250
7616,1472
7617,2239
7617,3502
7618,365
7618,7237
7619,2239
7619,3152
7619,3277
7620,31
7620,168
7620,193
7620,511
7620,642
7620,738
7620,1869
7620,1892
7620,2297
7620,2759
7620,2825
7620,2872
7620,3191
7620,4169
7620,4275
7620,4332
7620,4446
7620,5331
7620,5411
7620,5582
7620,5983
7620,6577
7620,6682
7620,6698
7620,6776
7620,7205
7620,7232
7620,7261
7620,7292
7620,7497
7620,7563
7622,3244
7622,7041
7623,1999
7623,6832
7624,397
7624,829
7624,1225
7624,1794
7624,2258
7624,2355
7624,3513
7624,7149
7625,1366
7625,2276
7625,2696
7625,3402
7625,5353
7625,5590
7625,6949
7627,2170
7627,5312
7628,92
7628,1006
7628,1104
7628,1444
7628,4384
7630,6648
7631,1617
7631,2101
7631,4472
7631,4645
7631,7055
7632,5639
7633,1610
7633,3698
7633,7503
7634,352
7634,5556
7636,2982
7636,7172
7636,7476
7637,5062
7637,7454
7639,160
7639,2477
7640,5570
7641,43
7641,4002
7641,6994
7642,842
7642,1781
7642,5319
7643,1036
7643,6263
7644,3491
7644,5186
7645,2842
7645,4515
7645,6239
7645,6858
7645,6919
7646,6275
7646,7368
7648,174
7648,2312
7648,6091
7649,3295
7649,4196
