

================================================================
== Vitis HLS Report for 'naive_spmm_stage_Pipeline_SPMM_NNZ'
================================================================
* Date:           Wed Apr 15 15:14:50 2026

* Version:        2025.2 (Build 6295257 on Nov 14 2025)
* Project:        naive_spmm_stage
* Solution:       hls (Vivado IP Flow Target)
* Product family: zynquplus
* Target device:  xck26-sfvc784-2LV-c


================================================================
== Performance Estimates
================================================================
+ Timing: 
    * Summary: 
    +--------+----------+----------+------------+
    |  Clock |  Target  | Estimated| Uncertainty|
    +--------+----------+----------+------------+
    |ap_clk  |  10.00 ns|  7.300 ns|     2.70 ns|
    +--------+----------+----------+------------+

+ Latency: 
    * Summary: 
    +---------+---------+----------+----------+-----+-----+-------------------+
    |  Latency (cycles) |  Latency (absolute) |  Interval |      Pipeline     |
    |   min   |   max   |    min   |    max   | min | max |        Type       |
    +---------+---------+----------+----------+-----+-----+-------------------+
    |       77|    10765|  0.770 us|  0.108 ms|    0|    0|  loop pipeline stp|
    +---------+---------+----------+----------+-----+-----+-------------------+

    + Detail: 
        * Instance: 
        N/A

        * Loop: 
        +------------+---------+---------+----------+-----------+-----------+---------+----------+
        |            |  Latency (cycles) | Iteration|  Initiation Interval  |   Trip  |          |
        |  Loop Name |   min   |   max   |  Latency |  achieved |   target  |  Count  | Pipelined|
        +------------+---------+---------+----------+-----------+-----------+---------+----------+
        |- SPMM_NNZ  |       75|    10763|        76|         64|          1|  1 ~ 168|       yes|
        +------------+---------+---------+----------+-----------+-----------+---------+----------+

============================================================
+ Verbose Summary: Synthesis Manager
============================================================
InlineROM: 1
ExposeGlobal: 0
============================================================
+ Verbose Summary: CDFG Model
============================================================
IsTopModel: 0
ResetActiveHigh: 1
IsCombinational: 0
IsDatapathOnly: 0
HasWiredReturn: 1
HasMFsm: 2
HasVarLatency: 1
IsPipeline: 0
IsRtlPipelined: 0
IsInstanceOverlapped: 0
IsDontTouch: 0
HasImplIP: 0
IsGatedGlobalClock: 0

+ Individual pipeline summary: 
  * Pipeline-0: initiation interval (II) = 64, depth = 76


============================================================
+ Verbose Summary: Schedule
============================================================
* Number of FSM states : 76
* Pipeline : 1
  Pipeline-0 : II = 64, D = 76, States = { 1 2 3 4 5 6 7 8 9 10 11 12 13 14 15 16 17 18 19 20 21 22 23 24 25 26 27 28 29 30 31 32 33 34 35 36 37 38 39 40 41 42 43 44 45 46 47 48 49 50 51 52 53 54 55 56 57 58 59 60 61 62 63 64 65 66 67 68 69 70 71 72 73 74 75 76 }
* Dataflow Pipeline: 0

* FSM state transitions: 
1 --> 2 
2 --> 3 
3 --> 4 
4 --> 5 
5 --> 6 
6 --> 7 
7 --> 8 
8 --> 9 
9 --> 10 
10 --> 11 
11 --> 12 
12 --> 13 
13 --> 14 
14 --> 15 
15 --> 16 
16 --> 17 
17 --> 18 
18 --> 19 
19 --> 20 
20 --> 21 
21 --> 22 
22 --> 23 
23 --> 24 
24 --> 25 
25 --> 26 
26 --> 27 
27 --> 28 
28 --> 29 
29 --> 30 
30 --> 31 
31 --> 32 
32 --> 33 
33 --> 34 
34 --> 35 
35 --> 36 
36 --> 37 
37 --> 38 
38 --> 39 
39 --> 40 
40 --> 41 
41 --> 42 
42 --> 43 
43 --> 44 
44 --> 45 
45 --> 46 
46 --> 47 
47 --> 48 
48 --> 49 
49 --> 50 
50 --> 51 
51 --> 52 
52 --> 53 
53 --> 54 
54 --> 55 
55 --> 56 
56 --> 57 
57 --> 58 
58 --> 59 
59 --> 60 
60 --> 61 
61 --> 62 
62 --> 63 
63 --> 64 
64 --> 65 
65 --> 66 
66 --> 67 
67 --> 68 
68 --> 69 
69 --> 70 
70 --> 71 
71 --> 72 
72 --> 73 
73 --> 74 
74 --> 75 
75 --> 76 
76 --> 

* FSM state operations: 

State 1 <SV = 0> <Delay = 1.87>
ST_1 : Operation 79 [1/1] (0.00ns)   --->   "%jj = alloca i32 1" [src/integrated-gcn/naive_spmm_stage.cpp:31]   --->   Operation 79 'alloca' 'jj' <Predicate = true> <Delay = 0.00>
ST_1 : Operation 80 [1/1] (0.00ns)   --->   "%conv_i_i135 = alloca i32 1"   --->   Operation 80 'alloca' 'conv_i_i135' <Predicate = true> <Delay = 0.00>
ST_1 : Operation 81 [1/1] (0.00ns)   --->   "%conv_i_i13_110 = alloca i32 1"   --->   Operation 81 'alloca' 'conv_i_i13_110' <Predicate = true> <Delay = 0.00>
ST_1 : Operation 82 [1/1] (0.00ns)   --->   "%conv_i_i13_211 = alloca i32 1"   --->   Operation 82 'alloca' 'conv_i_i13_211' <Predicate = true> <Delay = 0.00>
ST_1 : Operation 83 [1/1] (0.00ns)   --->   "%conv_i_i13_312 = alloca i32 1"   --->   Operation 83 'alloca' 'conv_i_i13_312' <Predicate = true> <Delay = 0.00>
ST_1 : Operation 84 [1/1] (0.00ns)   --->   "%conv_i_i13_413 = alloca i32 1"   --->   Operation 84 'alloca' 'conv_i_i13_413' <Predicate = true> <Delay = 0.00>
ST_1 : Operation 85 [1/1] (0.00ns)   --->   "%conv_i_i13_514 = alloca i32 1"   --->   Operation 85 'alloca' 'conv_i_i13_514' <Predicate = true> <Delay = 0.00>
ST_1 : Operation 86 [1/1] (0.00ns)   --->   "%conv_i_i13_615 = alloca i32 1"   --->   Operation 86 'alloca' 'conv_i_i13_615' <Predicate = true> <Delay = 0.00>
ST_1 : Operation 87 [1/1] (0.00ns)   --->   "%conv_i_i13_716 = alloca i32 1"   --->   Operation 87 'alloca' 'conv_i_i13_716' <Predicate = true> <Delay = 0.00>
ST_1 : Operation 88 [1/1] (0.00ns)   --->   "%conv_i_i13_817 = alloca i32 1"   --->   Operation 88 'alloca' 'conv_i_i13_817' <Predicate = true> <Delay = 0.00>
ST_1 : Operation 89 [1/1] (0.00ns)   --->   "%conv_i_i13_918 = alloca i32 1"   --->   Operation 89 'alloca' 'conv_i_i13_918' <Predicate = true> <Delay = 0.00>
ST_1 : Operation 90 [1/1] (0.00ns)   --->   "%conv_i_i13_1019 = alloca i32 1"   --->   Operation 90 'alloca' 'conv_i_i13_1019' <Predicate = true> <Delay = 0.00>
ST_1 : Operation 91 [1/1] (0.00ns)   --->   "%conv_i_i13_1120 = alloca i32 1"   --->   Operation 91 'alloca' 'conv_i_i13_1120' <Predicate = true> <Delay = 0.00>
ST_1 : Operation 92 [1/1] (0.00ns)   --->   "%conv_i_i13_1221 = alloca i32 1"   --->   Operation 92 'alloca' 'conv_i_i13_1221' <Predicate = true> <Delay = 0.00>
ST_1 : Operation 93 [1/1] (0.00ns)   --->   "%conv_i_i13_1322 = alloca i32 1"   --->   Operation 93 'alloca' 'conv_i_i13_1322' <Predicate = true> <Delay = 0.00>
ST_1 : Operation 94 [1/1] (0.00ns)   --->   "%conv_i_i13_1423 = alloca i32 1"   --->   Operation 94 'alloca' 'conv_i_i13_1423' <Predicate = true> <Delay = 0.00>
ST_1 : Operation 95 [1/1] (0.00ns)   --->   "%conv_i_i13_1524 = alloca i32 1"   --->   Operation 95 'alloca' 'conv_i_i13_1524' <Predicate = true> <Delay = 0.00>
ST_1 : Operation 96 [1/1] (0.00ns)   --->   "%conv_i_i13_1625 = alloca i32 1"   --->   Operation 96 'alloca' 'conv_i_i13_1625' <Predicate = true> <Delay = 0.00>
ST_1 : Operation 97 [1/1] (0.00ns)   --->   "%conv_i_i13_1726 = alloca i32 1"   --->   Operation 97 'alloca' 'conv_i_i13_1726' <Predicate = true> <Delay = 0.00>
ST_1 : Operation 98 [1/1] (0.00ns)   --->   "%conv_i_i13_1827 = alloca i32 1"   --->   Operation 98 'alloca' 'conv_i_i13_1827' <Predicate = true> <Delay = 0.00>
ST_1 : Operation 99 [1/1] (0.00ns)   --->   "%conv_i_i13_1928 = alloca i32 1"   --->   Operation 99 'alloca' 'conv_i_i13_1928' <Predicate = true> <Delay = 0.00>
ST_1 : Operation 100 [1/1] (0.00ns)   --->   "%conv_i_i13_2029 = alloca i32 1"   --->   Operation 100 'alloca' 'conv_i_i13_2029' <Predicate = true> <Delay = 0.00>
ST_1 : Operation 101 [1/1] (0.00ns)   --->   "%conv_i_i13_2130 = alloca i32 1"   --->   Operation 101 'alloca' 'conv_i_i13_2130' <Predicate = true> <Delay = 0.00>
ST_1 : Operation 102 [1/1] (0.00ns)   --->   "%conv_i_i13_2231 = alloca i32 1"   --->   Operation 102 'alloca' 'conv_i_i13_2231' <Predicate = true> <Delay = 0.00>
ST_1 : Operation 103 [1/1] (0.00ns)   --->   "%conv_i_i13_2332 = alloca i32 1"   --->   Operation 103 'alloca' 'conv_i_i13_2332' <Predicate = true> <Delay = 0.00>
ST_1 : Operation 104 [1/1] (0.00ns)   --->   "%conv_i_i13_2433 = alloca i32 1"   --->   Operation 104 'alloca' 'conv_i_i13_2433' <Predicate = true> <Delay = 0.00>
ST_1 : Operation 105 [1/1] (0.00ns)   --->   "%conv_i_i13_2534 = alloca i32 1"   --->   Operation 105 'alloca' 'conv_i_i13_2534' <Predicate = true> <Delay = 0.00>
ST_1 : Operation 106 [1/1] (0.00ns)   --->   "%conv_i_i13_2635 = alloca i32 1"   --->   Operation 106 'alloca' 'conv_i_i13_2635' <Predicate = true> <Delay = 0.00>
ST_1 : Operation 107 [1/1] (0.00ns)   --->   "%conv_i_i13_2736 = alloca i32 1"   --->   Operation 107 'alloca' 'conv_i_i13_2736' <Predicate = true> <Delay = 0.00>
ST_1 : Operation 108 [1/1] (0.00ns)   --->   "%conv_i_i13_2837 = alloca i32 1"   --->   Operation 108 'alloca' 'conv_i_i13_2837' <Predicate = true> <Delay = 0.00>
ST_1 : Operation 109 [1/1] (0.00ns)   --->   "%conv_i_i13_2938 = alloca i32 1"   --->   Operation 109 'alloca' 'conv_i_i13_2938' <Predicate = true> <Delay = 0.00>
ST_1 : Operation 110 [1/1] (0.00ns)   --->   "%conv_i_i13_3039 = alloca i32 1"   --->   Operation 110 'alloca' 'conv_i_i13_3039' <Predicate = true> <Delay = 0.00>
ST_1 : Operation 111 [1/1] (0.00ns)   --->   "%conv_i_i13_3140 = alloca i32 1"   --->   Operation 111 'alloca' 'conv_i_i13_3140' <Predicate = true> <Delay = 0.00>
ST_1 : Operation 112 [1/1] (0.00ns)   --->   "%conv_i_i13_3241 = alloca i32 1"   --->   Operation 112 'alloca' 'conv_i_i13_3241' <Predicate = true> <Delay = 0.00>
ST_1 : Operation 113 [1/1] (0.00ns)   --->   "%conv_i_i13_3342 = alloca i32 1"   --->   Operation 113 'alloca' 'conv_i_i13_3342' <Predicate = true> <Delay = 0.00>
ST_1 : Operation 114 [1/1] (0.00ns)   --->   "%conv_i_i13_3443 = alloca i32 1"   --->   Operation 114 'alloca' 'conv_i_i13_3443' <Predicate = true> <Delay = 0.00>
ST_1 : Operation 115 [1/1] (0.00ns)   --->   "%conv_i_i13_3544 = alloca i32 1"   --->   Operation 115 'alloca' 'conv_i_i13_3544' <Predicate = true> <Delay = 0.00>
ST_1 : Operation 116 [1/1] (0.00ns)   --->   "%conv_i_i13_3645 = alloca i32 1"   --->   Operation 116 'alloca' 'conv_i_i13_3645' <Predicate = true> <Delay = 0.00>
ST_1 : Operation 117 [1/1] (0.00ns)   --->   "%conv_i_i13_3746 = alloca i32 1"   --->   Operation 117 'alloca' 'conv_i_i13_3746' <Predicate = true> <Delay = 0.00>
ST_1 : Operation 118 [1/1] (0.00ns)   --->   "%conv_i_i13_3847 = alloca i32 1"   --->   Operation 118 'alloca' 'conv_i_i13_3847' <Predicate = true> <Delay = 0.00>
ST_1 : Operation 119 [1/1] (0.00ns)   --->   "%conv_i_i13_3948 = alloca i32 1"   --->   Operation 119 'alloca' 'conv_i_i13_3948' <Predicate = true> <Delay = 0.00>
ST_1 : Operation 120 [1/1] (0.00ns)   --->   "%conv_i_i13_4049 = alloca i32 1"   --->   Operation 120 'alloca' 'conv_i_i13_4049' <Predicate = true> <Delay = 0.00>
ST_1 : Operation 121 [1/1] (0.00ns)   --->   "%conv_i_i13_4150 = alloca i32 1"   --->   Operation 121 'alloca' 'conv_i_i13_4150' <Predicate = true> <Delay = 0.00>
ST_1 : Operation 122 [1/1] (0.00ns)   --->   "%conv_i_i13_4251 = alloca i32 1"   --->   Operation 122 'alloca' 'conv_i_i13_4251' <Predicate = true> <Delay = 0.00>
ST_1 : Operation 123 [1/1] (0.00ns)   --->   "%conv_i_i13_4352 = alloca i32 1"   --->   Operation 123 'alloca' 'conv_i_i13_4352' <Predicate = true> <Delay = 0.00>
ST_1 : Operation 124 [1/1] (0.00ns)   --->   "%conv_i_i13_4453 = alloca i32 1"   --->   Operation 124 'alloca' 'conv_i_i13_4453' <Predicate = true> <Delay = 0.00>
ST_1 : Operation 125 [1/1] (0.00ns)   --->   "%conv_i_i13_4554 = alloca i32 1"   --->   Operation 125 'alloca' 'conv_i_i13_4554' <Predicate = true> <Delay = 0.00>
ST_1 : Operation 126 [1/1] (0.00ns)   --->   "%conv_i_i13_4655 = alloca i32 1"   --->   Operation 126 'alloca' 'conv_i_i13_4655' <Predicate = true> <Delay = 0.00>
ST_1 : Operation 127 [1/1] (0.00ns)   --->   "%conv_i_i13_4756 = alloca i32 1"   --->   Operation 127 'alloca' 'conv_i_i13_4756' <Predicate = true> <Delay = 0.00>
ST_1 : Operation 128 [1/1] (0.00ns)   --->   "%conv_i_i13_4857 = alloca i32 1"   --->   Operation 128 'alloca' 'conv_i_i13_4857' <Predicate = true> <Delay = 0.00>
ST_1 : Operation 129 [1/1] (0.00ns)   --->   "%conv_i_i13_4958 = alloca i32 1"   --->   Operation 129 'alloca' 'conv_i_i13_4958' <Predicate = true> <Delay = 0.00>
ST_1 : Operation 130 [1/1] (0.00ns)   --->   "%conv_i_i13_5059 = alloca i32 1"   --->   Operation 130 'alloca' 'conv_i_i13_5059' <Predicate = true> <Delay = 0.00>
ST_1 : Operation 131 [1/1] (0.00ns)   --->   "%conv_i_i13_5160 = alloca i32 1"   --->   Operation 131 'alloca' 'conv_i_i13_5160' <Predicate = true> <Delay = 0.00>
ST_1 : Operation 132 [1/1] (0.00ns)   --->   "%conv_i_i13_5261 = alloca i32 1"   --->   Operation 132 'alloca' 'conv_i_i13_5261' <Predicate = true> <Delay = 0.00>
ST_1 : Operation 133 [1/1] (0.00ns)   --->   "%conv_i_i13_5362 = alloca i32 1"   --->   Operation 133 'alloca' 'conv_i_i13_5362' <Predicate = true> <Delay = 0.00>
ST_1 : Operation 134 [1/1] (0.00ns)   --->   "%conv_i_i13_5463 = alloca i32 1"   --->   Operation 134 'alloca' 'conv_i_i13_5463' <Predicate = true> <Delay = 0.00>
ST_1 : Operation 135 [1/1] (0.00ns)   --->   "%conv_i_i13_5564 = alloca i32 1"   --->   Operation 135 'alloca' 'conv_i_i13_5564' <Predicate = true> <Delay = 0.00>
ST_1 : Operation 136 [1/1] (0.00ns)   --->   "%conv_i_i13_5665 = alloca i32 1"   --->   Operation 136 'alloca' 'conv_i_i13_5665' <Predicate = true> <Delay = 0.00>
ST_1 : Operation 137 [1/1] (0.00ns)   --->   "%conv_i_i13_5766 = alloca i32 1"   --->   Operation 137 'alloca' 'conv_i_i13_5766' <Predicate = true> <Delay = 0.00>
ST_1 : Operation 138 [1/1] (0.00ns)   --->   "%conv_i_i13_5867 = alloca i32 1"   --->   Operation 138 'alloca' 'conv_i_i13_5867' <Predicate = true> <Delay = 0.00>
ST_1 : Operation 139 [1/1] (0.00ns)   --->   "%conv_i_i13_5968 = alloca i32 1"   --->   Operation 139 'alloca' 'conv_i_i13_5968' <Predicate = true> <Delay = 0.00>
ST_1 : Operation 140 [1/1] (0.00ns)   --->   "%conv_i_i13_6069 = alloca i32 1"   --->   Operation 140 'alloca' 'conv_i_i13_6069' <Predicate = true> <Delay = 0.00>
ST_1 : Operation 141 [1/1] (0.00ns)   --->   "%conv_i_i13_6170 = alloca i32 1"   --->   Operation 141 'alloca' 'conv_i_i13_6170' <Predicate = true> <Delay = 0.00>
ST_1 : Operation 142 [1/1] (0.00ns)   --->   "%conv_i_i13_6271 = alloca i32 1"   --->   Operation 142 'alloca' 'conv_i_i13_6271' <Predicate = true> <Delay = 0.00>
ST_1 : Operation 143 [1/1] (0.00ns)   --->   "%conv_i_i13_6372 = alloca i32 1"   --->   Operation 143 'alloca' 'conv_i_i13_6372' <Predicate = true> <Delay = 0.00>
ST_1 : Operation 144 [1/1] (0.00ns)   --->   "%H_temp_read = read i64 @_ssdm_op_Read.ap_auto.i64, i64 %H_temp"   --->   Operation 144 'read' 'H_temp_read' <Predicate = true> <Delay = 0.00>
ST_1 : Operation 145 [1/1] (0.00ns)   --->   "%sext_ln31_3_read = read i63 @_ssdm_op_Read.ap_auto.i63, i63 %sext_ln31_3"   --->   Operation 145 'read' 'sext_ln31_3_read' <Predicate = true> <Delay = 0.00>
ST_1 : Operation 146 [1/1] (0.00ns)   --->   "%sext_ln31_2_read = read i62 @_ssdm_op_Read.ap_auto.i62, i62 %sext_ln31_2"   --->   Operation 146 'read' 'sext_ln31_2_read' <Predicate = true> <Delay = 0.00>
ST_1 : Operation 147 [1/1] (0.00ns)   --->   "%row_end_read = read i32 @_ssdm_op_Read.ap_auto.i32, i32 %row_end"   --->   Operation 147 'read' 'row_end_read' <Predicate = true> <Delay = 0.00>
ST_1 : Operation 148 [1/1] (0.00ns)   --->   "%row_start_read = read i32 @_ssdm_op_Read.ap_auto.i32, i32 %row_start"   --->   Operation 148 'read' 'row_start_read' <Predicate = true> <Delay = 0.00>
ST_1 : Operation 149 [1/1] (0.00ns)   --->   "%acc_load_read = read i32 @_ssdm_op_Read.ap_auto.i32, i32 %acc_load"   --->   Operation 149 'read' 'acc_load_read' <Predicate = true> <Delay = 0.00>
ST_1 : Operation 150 [1/1] (0.00ns)   --->   "%acc_load_1_read = read i32 @_ssdm_op_Read.ap_auto.i32, i32 %acc_load_1"   --->   Operation 150 'read' 'acc_load_1_read' <Predicate = true> <Delay = 0.00>
ST_1 : Operation 151 [1/1] (0.00ns)   --->   "%acc_load_2_read = read i32 @_ssdm_op_Read.ap_auto.i32, i32 %acc_load_2"   --->   Operation 151 'read' 'acc_load_2_read' <Predicate = true> <Delay = 0.00>
ST_1 : Operation 152 [1/1] (0.00ns)   --->   "%acc_load_3_read = read i32 @_ssdm_op_Read.ap_auto.i32, i32 %acc_load_3"   --->   Operation 152 'read' 'acc_load_3_read' <Predicate = true> <Delay = 0.00>
ST_1 : Operation 153 [1/1] (0.00ns)   --->   "%acc_load_4_read = read i32 @_ssdm_op_Read.ap_auto.i32, i32 %acc_load_4"   --->   Operation 153 'read' 'acc_load_4_read' <Predicate = true> <Delay = 0.00>
ST_1 : Operation 154 [1/1] (0.00ns)   --->   "%acc_load_5_read = read i32 @_ssdm_op_Read.ap_auto.i32, i32 %acc_load_5"   --->   Operation 154 'read' 'acc_load_5_read' <Predicate = true> <Delay = 0.00>
ST_1 : Operation 155 [1/1] (0.00ns)   --->   "%acc_load_6_read = read i32 @_ssdm_op_Read.ap_auto.i32, i32 %acc_load_6"   --->   Operation 155 'read' 'acc_load_6_read' <Predicate = true> <Delay = 0.00>
ST_1 : Operation 156 [1/1] (0.00ns)   --->   "%acc_load_7_read = read i32 @_ssdm_op_Read.ap_auto.i32, i32 %acc_load_7"   --->   Operation 156 'read' 'acc_load_7_read' <Predicate = true> <Delay = 0.00>
ST_1 : Operation 157 [1/1] (0.00ns)   --->   "%acc_load_8_read = read i32 @_ssdm_op_Read.ap_auto.i32, i32 %acc_load_8"   --->   Operation 157 'read' 'acc_load_8_read' <Predicate = true> <Delay = 0.00>
ST_1 : Operation 158 [1/1] (0.00ns)   --->   "%acc_load_9_read = read i32 @_ssdm_op_Read.ap_auto.i32, i32 %acc_load_9"   --->   Operation 158 'read' 'acc_load_9_read' <Predicate = true> <Delay = 0.00>
ST_1 : Operation 159 [1/1] (0.00ns)   --->   "%acc_load_10_read = read i32 @_ssdm_op_Read.ap_auto.i32, i32 %acc_load_10"   --->   Operation 159 'read' 'acc_load_10_read' <Predicate = true> <Delay = 0.00>
ST_1 : Operation 160 [1/1] (0.00ns)   --->   "%acc_load_11_read = read i32 @_ssdm_op_Read.ap_auto.i32, i32 %acc_load_11"   --->   Operation 160 'read' 'acc_load_11_read' <Predicate = true> <Delay = 0.00>
ST_1 : Operation 161 [1/1] (0.00ns)   --->   "%acc_load_12_read = read i32 @_ssdm_op_Read.ap_auto.i32, i32 %acc_load_12"   --->   Operation 161 'read' 'acc_load_12_read' <Predicate = true> <Delay = 0.00>
ST_1 : Operation 162 [1/1] (0.00ns)   --->   "%acc_load_13_read = read i32 @_ssdm_op_Read.ap_auto.i32, i32 %acc_load_13"   --->   Operation 162 'read' 'acc_load_13_read' <Predicate = true> <Delay = 0.00>
ST_1 : Operation 163 [1/1] (0.00ns)   --->   "%acc_load_14_read = read i32 @_ssdm_op_Read.ap_auto.i32, i32 %acc_load_14"   --->   Operation 163 'read' 'acc_load_14_read' <Predicate = true> <Delay = 0.00>
ST_1 : Operation 164 [1/1] (0.00ns)   --->   "%acc_load_15_read = read i32 @_ssdm_op_Read.ap_auto.i32, i32 %acc_load_15"   --->   Operation 164 'read' 'acc_load_15_read' <Predicate = true> <Delay = 0.00>
ST_1 : Operation 165 [1/1] (0.00ns)   --->   "%acc_load_16_read = read i32 @_ssdm_op_Read.ap_auto.i32, i32 %acc_load_16"   --->   Operation 165 'read' 'acc_load_16_read' <Predicate = true> <Delay = 0.00>
ST_1 : Operation 166 [1/1] (0.00ns)   --->   "%acc_load_17_read = read i32 @_ssdm_op_Read.ap_auto.i32, i32 %acc_load_17"   --->   Operation 166 'read' 'acc_load_17_read' <Predicate = true> <Delay = 0.00>
ST_1 : Operation 167 [1/1] (0.00ns)   --->   "%acc_load_18_read = read i32 @_ssdm_op_Read.ap_auto.i32, i32 %acc_load_18"   --->   Operation 167 'read' 'acc_load_18_read' <Predicate = true> <Delay = 0.00>
ST_1 : Operation 168 [1/1] (0.00ns)   --->   "%acc_load_19_read = read i32 @_ssdm_op_Read.ap_auto.i32, i32 %acc_load_19"   --->   Operation 168 'read' 'acc_load_19_read' <Predicate = true> <Delay = 0.00>
ST_1 : Operation 169 [1/1] (0.00ns)   --->   "%acc_load_20_read = read i32 @_ssdm_op_Read.ap_auto.i32, i32 %acc_load_20"   --->   Operation 169 'read' 'acc_load_20_read' <Predicate = true> <Delay = 0.00>
ST_1 : Operation 170 [1/1] (0.00ns)   --->   "%acc_load_21_read = read i32 @_ssdm_op_Read.ap_auto.i32, i32 %acc_load_21"   --->   Operation 170 'read' 'acc_load_21_read' <Predicate = true> <Delay = 0.00>
ST_1 : Operation 171 [1/1] (0.00ns)   --->   "%acc_load_22_read = read i32 @_ssdm_op_Read.ap_auto.i32, i32 %acc_load_22"   --->   Operation 171 'read' 'acc_load_22_read' <Predicate = true> <Delay = 0.00>
ST_1 : Operation 172 [1/1] (0.00ns)   --->   "%acc_load_23_read = read i32 @_ssdm_op_Read.ap_auto.i32, i32 %acc_load_23"   --->   Operation 172 'read' 'acc_load_23_read' <Predicate = true> <Delay = 0.00>
ST_1 : Operation 173 [1/1] (0.00ns)   --->   "%acc_load_24_read = read i32 @_ssdm_op_Read.ap_auto.i32, i32 %acc_load_24"   --->   Operation 173 'read' 'acc_load_24_read' <Predicate = true> <Delay = 0.00>
ST_1 : Operation 174 [1/1] (0.00ns)   --->   "%acc_load_25_read = read i32 @_ssdm_op_Read.ap_auto.i32, i32 %acc_load_25"   --->   Operation 174 'read' 'acc_load_25_read' <Predicate = true> <Delay = 0.00>
ST_1 : Operation 175 [1/1] (0.00ns)   --->   "%acc_load_26_read = read i32 @_ssdm_op_Read.ap_auto.i32, i32 %acc_load_26"   --->   Operation 175 'read' 'acc_load_26_read' <Predicate = true> <Delay = 0.00>
ST_1 : Operation 176 [1/1] (0.00ns)   --->   "%acc_load_27_read = read i32 @_ssdm_op_Read.ap_auto.i32, i32 %acc_load_27"   --->   Operation 176 'read' 'acc_load_27_read' <Predicate = true> <Delay = 0.00>
ST_1 : Operation 177 [1/1] (0.00ns)   --->   "%acc_load_28_read = read i32 @_ssdm_op_Read.ap_auto.i32, i32 %acc_load_28"   --->   Operation 177 'read' 'acc_load_28_read' <Predicate = true> <Delay = 0.00>
ST_1 : Operation 178 [1/1] (0.00ns)   --->   "%acc_load_29_read = read i32 @_ssdm_op_Read.ap_auto.i32, i32 %acc_load_29"   --->   Operation 178 'read' 'acc_load_29_read' <Predicate = true> <Delay = 0.00>
ST_1 : Operation 179 [1/1] (0.00ns)   --->   "%acc_load_30_read = read i32 @_ssdm_op_Read.ap_auto.i32, i32 %acc_load_30"   --->   Operation 179 'read' 'acc_load_30_read' <Predicate = true> <Delay = 0.00>
ST_1 : Operation 180 [1/1] (0.00ns)   --->   "%acc_load_31_read = read i32 @_ssdm_op_Read.ap_auto.i32, i32 %acc_load_31"   --->   Operation 180 'read' 'acc_load_31_read' <Predicate = true> <Delay = 0.00>
ST_1 : Operation 181 [1/1] (0.00ns)   --->   "%acc_load_32_read = read i32 @_ssdm_op_Read.ap_auto.i32, i32 %acc_load_32"   --->   Operation 181 'read' 'acc_load_32_read' <Predicate = true> <Delay = 0.00>
ST_1 : Operation 182 [1/1] (0.00ns)   --->   "%acc_load_33_read = read i32 @_ssdm_op_Read.ap_auto.i32, i32 %acc_load_33"   --->   Operation 182 'read' 'acc_load_33_read' <Predicate = true> <Delay = 0.00>
ST_1 : Operation 183 [1/1] (0.00ns)   --->   "%acc_load_34_read = read i32 @_ssdm_op_Read.ap_auto.i32, i32 %acc_load_34"   --->   Operation 183 'read' 'acc_load_34_read' <Predicate = true> <Delay = 0.00>
ST_1 : Operation 184 [1/1] (0.00ns)   --->   "%acc_load_35_read = read i32 @_ssdm_op_Read.ap_auto.i32, i32 %acc_load_35"   --->   Operation 184 'read' 'acc_load_35_read' <Predicate = true> <Delay = 0.00>
ST_1 : Operation 185 [1/1] (0.00ns)   --->   "%acc_load_36_read = read i32 @_ssdm_op_Read.ap_auto.i32, i32 %acc_load_36"   --->   Operation 185 'read' 'acc_load_36_read' <Predicate = true> <Delay = 0.00>
ST_1 : Operation 186 [1/1] (0.00ns)   --->   "%acc_load_37_read = read i32 @_ssdm_op_Read.ap_auto.i32, i32 %acc_load_37"   --->   Operation 186 'read' 'acc_load_37_read' <Predicate = true> <Delay = 0.00>
ST_1 : Operation 187 [1/1] (0.00ns)   --->   "%acc_load_38_read = read i32 @_ssdm_op_Read.ap_auto.i32, i32 %acc_load_38"   --->   Operation 187 'read' 'acc_load_38_read' <Predicate = true> <Delay = 0.00>
ST_1 : Operation 188 [1/1] (0.00ns)   --->   "%acc_load_39_read = read i32 @_ssdm_op_Read.ap_auto.i32, i32 %acc_load_39"   --->   Operation 188 'read' 'acc_load_39_read' <Predicate = true> <Delay = 0.00>
ST_1 : Operation 189 [1/1] (0.00ns)   --->   "%acc_load_40_read = read i32 @_ssdm_op_Read.ap_auto.i32, i32 %acc_load_40"   --->   Operation 189 'read' 'acc_load_40_read' <Predicate = true> <Delay = 0.00>
ST_1 : Operation 190 [1/1] (0.00ns)   --->   "%acc_load_41_read = read i32 @_ssdm_op_Read.ap_auto.i32, i32 %acc_load_41"   --->   Operation 190 'read' 'acc_load_41_read' <Predicate = true> <Delay = 0.00>
ST_1 : Operation 191 [1/1] (0.00ns)   --->   "%acc_load_42_read = read i32 @_ssdm_op_Read.ap_auto.i32, i32 %acc_load_42"   --->   Operation 191 'read' 'acc_load_42_read' <Predicate = true> <Delay = 0.00>
ST_1 : Operation 192 [1/1] (0.00ns)   --->   "%acc_load_43_read = read i32 @_ssdm_op_Read.ap_auto.i32, i32 %acc_load_43"   --->   Operation 192 'read' 'acc_load_43_read' <Predicate = true> <Delay = 0.00>
ST_1 : Operation 193 [1/1] (0.00ns)   --->   "%acc_load_44_read = read i32 @_ssdm_op_Read.ap_auto.i32, i32 %acc_load_44"   --->   Operation 193 'read' 'acc_load_44_read' <Predicate = true> <Delay = 0.00>
ST_1 : Operation 194 [1/1] (0.00ns)   --->   "%acc_load_45_read = read i32 @_ssdm_op_Read.ap_auto.i32, i32 %acc_load_45"   --->   Operation 194 'read' 'acc_load_45_read' <Predicate = true> <Delay = 0.00>
ST_1 : Operation 195 [1/1] (0.00ns)   --->   "%acc_load_46_read = read i32 @_ssdm_op_Read.ap_auto.i32, i32 %acc_load_46"   --->   Operation 195 'read' 'acc_load_46_read' <Predicate = true> <Delay = 0.00>
ST_1 : Operation 196 [1/1] (0.00ns)   --->   "%acc_load_47_read = read i32 @_ssdm_op_Read.ap_auto.i32, i32 %acc_load_47"   --->   Operation 196 'read' 'acc_load_47_read' <Predicate = true> <Delay = 0.00>
ST_1 : Operation 197 [1/1] (0.00ns)   --->   "%acc_load_48_read = read i32 @_ssdm_op_Read.ap_auto.i32, i32 %acc_load_48"   --->   Operation 197 'read' 'acc_load_48_read' <Predicate = true> <Delay = 0.00>
ST_1 : Operation 198 [1/1] (0.00ns)   --->   "%acc_load_49_read = read i32 @_ssdm_op_Read.ap_auto.i32, i32 %acc_load_49"   --->   Operation 198 'read' 'acc_load_49_read' <Predicate = true> <Delay = 0.00>
ST_1 : Operation 199 [1/1] (0.00ns)   --->   "%acc_load_50_read = read i32 @_ssdm_op_Read.ap_auto.i32, i32 %acc_load_50"   --->   Operation 199 'read' 'acc_load_50_read' <Predicate = true> <Delay = 0.00>
ST_1 : Operation 200 [1/1] (0.00ns)   --->   "%acc_load_51_read = read i32 @_ssdm_op_Read.ap_auto.i32, i32 %acc_load_51"   --->   Operation 200 'read' 'acc_load_51_read' <Predicate = true> <Delay = 0.00>
ST_1 : Operation 201 [1/1] (0.00ns)   --->   "%acc_load_52_read = read i32 @_ssdm_op_Read.ap_auto.i32, i32 %acc_load_52"   --->   Operation 201 'read' 'acc_load_52_read' <Predicate = true> <Delay = 0.00>
ST_1 : Operation 202 [1/1] (0.00ns)   --->   "%acc_load_53_read = read i32 @_ssdm_op_Read.ap_auto.i32, i32 %acc_load_53"   --->   Operation 202 'read' 'acc_load_53_read' <Predicate = true> <Delay = 0.00>
ST_1 : Operation 203 [1/1] (0.00ns)   --->   "%acc_load_54_read = read i32 @_ssdm_op_Read.ap_auto.i32, i32 %acc_load_54"   --->   Operation 203 'read' 'acc_load_54_read' <Predicate = true> <Delay = 0.00>
ST_1 : Operation 204 [1/1] (0.00ns)   --->   "%acc_load_55_read = read i32 @_ssdm_op_Read.ap_auto.i32, i32 %acc_load_55"   --->   Operation 204 'read' 'acc_load_55_read' <Predicate = true> <Delay = 0.00>
ST_1 : Operation 205 [1/1] (0.00ns)   --->   "%acc_load_56_read = read i32 @_ssdm_op_Read.ap_auto.i32, i32 %acc_load_56"   --->   Operation 205 'read' 'acc_load_56_read' <Predicate = true> <Delay = 0.00>
ST_1 : Operation 206 [1/1] (0.00ns)   --->   "%acc_load_57_read = read i32 @_ssdm_op_Read.ap_auto.i32, i32 %acc_load_57"   --->   Operation 206 'read' 'acc_load_57_read' <Predicate = true> <Delay = 0.00>
ST_1 : Operation 207 [1/1] (0.00ns)   --->   "%acc_load_58_read = read i32 @_ssdm_op_Read.ap_auto.i32, i32 %acc_load_58"   --->   Operation 207 'read' 'acc_load_58_read' <Predicate = true> <Delay = 0.00>
ST_1 : Operation 208 [1/1] (0.00ns)   --->   "%acc_load_59_read = read i32 @_ssdm_op_Read.ap_auto.i32, i32 %acc_load_59"   --->   Operation 208 'read' 'acc_load_59_read' <Predicate = true> <Delay = 0.00>
ST_1 : Operation 209 [1/1] (0.00ns)   --->   "%acc_load_60_read = read i32 @_ssdm_op_Read.ap_auto.i32, i32 %acc_load_60"   --->   Operation 209 'read' 'acc_load_60_read' <Predicate = true> <Delay = 0.00>
ST_1 : Operation 210 [1/1] (0.00ns)   --->   "%acc_load_61_read = read i32 @_ssdm_op_Read.ap_auto.i32, i32 %acc_load_61"   --->   Operation 210 'read' 'acc_load_61_read' <Predicate = true> <Delay = 0.00>
ST_1 : Operation 211 [1/1] (0.00ns)   --->   "%acc_load_62_read = read i32 @_ssdm_op_Read.ap_auto.i32, i32 %acc_load_62"   --->   Operation 211 'read' 'acc_load_62_read' <Predicate = true> <Delay = 0.00>
ST_1 : Operation 212 [1/1] (0.00ns)   --->   "%acc_load_63_read = read i32 @_ssdm_op_Read.ap_auto.i32, i32 %acc_load_63"   --->   Operation 212 'read' 'acc_load_63_read' <Predicate = true> <Delay = 0.00>
ST_1 : Operation 213 [1/1] (0.00ns)   --->   "%sext_ln31_3_cast = sext i63 %sext_ln31_3_read"   --->   Operation 213 'sext' 'sext_ln31_3_cast' <Predicate = true> <Delay = 0.00>
ST_1 : Operation 214 [1/1] (0.00ns)   --->   "%sext_ln31_2_cast = sext i62 %sext_ln31_2_read"   --->   Operation 214 'sext' 'sext_ln31_2_cast' <Predicate = true> <Delay = 0.00>
ST_1 : Operation 215 [1/1] (0.00ns)   --->   "%specinterface_ln0 = specinterface void @_ssdm_op_SpecInterface, i16 %gmem3, void @empty_8, i32 0, i32 0, void @empty_9, i32 0, i32 0, void @empty_4, void @empty_0, void @empty_9, i32 16, i32 16, i32 16, i32 16, void @empty_9, void @empty_9, i32 4294967295, i32 0, i32 0, i32 2"   --->   Operation 215 'specinterface' 'specinterface_ln0' <Predicate = true> <Delay = 0.00>
ST_1 : Operation 216 [1/1] (0.00ns)   --->   "%specinterface_ln0 = specinterface void @_ssdm_op_SpecInterface, i16 %gmem2, void @empty_8, i32 0, i32 0, void @empty_9, i32 0, i32 0, void @empty_2, void @empty_0, void @empty_9, i32 16, i32 16, i32 16, i32 16, void @empty_9, void @empty_9, i32 4294967295, i32 0, i32 0, i32 2"   --->   Operation 216 'specinterface' 'specinterface_ln0' <Predicate = true> <Delay = 0.00>
ST_1 : Operation 217 [1/1] (0.00ns)   --->   "%specinterface_ln0 = specinterface void @_ssdm_op_SpecInterface, i32 %gmem1, void @empty_8, i32 0, i32 0, void @empty_9, i32 0, i32 0, void @empty_1, void @empty_0, void @empty_9, i32 16, i32 16, i32 16, i32 16, void @empty_9, void @empty_9, i32 4294967295, i32 0, i32 0, i32 4"   --->   Operation 217 'specinterface' 'specinterface_ln0' <Predicate = true> <Delay = 0.00>
ST_1 : Operation 218 [1/1] (0.42ns)   --->   "%store_ln0 = store i32 %acc_load_63_read, i32 %conv_i_i13_6372"   --->   Operation 218 'store' 'store_ln0' <Predicate = true> <Delay = 0.42>
ST_1 : Operation 219 [1/1] (0.42ns)   --->   "%store_ln0 = store i32 %acc_load_62_read, i32 %conv_i_i13_6271"   --->   Operation 219 'store' 'store_ln0' <Predicate = true> <Delay = 0.42>
ST_1 : Operation 220 [1/1] (0.42ns)   --->   "%store_ln0 = store i32 %acc_load_61_read, i32 %conv_i_i13_6170"   --->   Operation 220 'store' 'store_ln0' <Predicate = true> <Delay = 0.42>
ST_1 : Operation 221 [1/1] (0.42ns)   --->   "%store_ln0 = store i32 %acc_load_60_read, i32 %conv_i_i13_6069"   --->   Operation 221 'store' 'store_ln0' <Predicate = true> <Delay = 0.42>
ST_1 : Operation 222 [1/1] (0.42ns)   --->   "%store_ln0 = store i32 %acc_load_59_read, i32 %conv_i_i13_5968"   --->   Operation 222 'store' 'store_ln0' <Predicate = true> <Delay = 0.42>
ST_1 : Operation 223 [1/1] (0.42ns)   --->   "%store_ln0 = store i32 %acc_load_58_read, i32 %conv_i_i13_5867"   --->   Operation 223 'store' 'store_ln0' <Predicate = true> <Delay = 0.42>
ST_1 : Operation 224 [1/1] (0.42ns)   --->   "%store_ln0 = store i32 %acc_load_57_read, i32 %conv_i_i13_5766"   --->   Operation 224 'store' 'store_ln0' <Predicate = true> <Delay = 0.42>
ST_1 : Operation 225 [1/1] (0.42ns)   --->   "%store_ln0 = store i32 %acc_load_56_read, i32 %conv_i_i13_5665"   --->   Operation 225 'store' 'store_ln0' <Predicate = true> <Delay = 0.42>
ST_1 : Operation 226 [1/1] (0.42ns)   --->   "%store_ln0 = store i32 %acc_load_55_read, i32 %conv_i_i13_5564"   --->   Operation 226 'store' 'store_ln0' <Predicate = true> <Delay = 0.42>
ST_1 : Operation 227 [1/1] (0.42ns)   --->   "%store_ln0 = store i32 %acc_load_54_read, i32 %conv_i_i13_5463"   --->   Operation 227 'store' 'store_ln0' <Predicate = true> <Delay = 0.42>
ST_1 : Operation 228 [1/1] (0.42ns)   --->   "%store_ln0 = store i32 %acc_load_53_read, i32 %conv_i_i13_5362"   --->   Operation 228 'store' 'store_ln0' <Predicate = true> <Delay = 0.42>
ST_1 : Operation 229 [1/1] (0.42ns)   --->   "%store_ln0 = store i32 %acc_load_52_read, i32 %conv_i_i13_5261"   --->   Operation 229 'store' 'store_ln0' <Predicate = true> <Delay = 0.42>
ST_1 : Operation 230 [1/1] (0.42ns)   --->   "%store_ln0 = store i32 %acc_load_51_read, i32 %conv_i_i13_5160"   --->   Operation 230 'store' 'store_ln0' <Predicate = true> <Delay = 0.42>
ST_1 : Operation 231 [1/1] (0.42ns)   --->   "%store_ln0 = store i32 %acc_load_50_read, i32 %conv_i_i13_5059"   --->   Operation 231 'store' 'store_ln0' <Predicate = true> <Delay = 0.42>
ST_1 : Operation 232 [1/1] (0.42ns)   --->   "%store_ln0 = store i32 %acc_load_49_read, i32 %conv_i_i13_4958"   --->   Operation 232 'store' 'store_ln0' <Predicate = true> <Delay = 0.42>
ST_1 : Operation 233 [1/1] (0.42ns)   --->   "%store_ln0 = store i32 %acc_load_48_read, i32 %conv_i_i13_4857"   --->   Operation 233 'store' 'store_ln0' <Predicate = true> <Delay = 0.42>
ST_1 : Operation 234 [1/1] (0.42ns)   --->   "%store_ln0 = store i32 %acc_load_47_read, i32 %conv_i_i13_4756"   --->   Operation 234 'store' 'store_ln0' <Predicate = true> <Delay = 0.42>
ST_1 : Operation 235 [1/1] (0.42ns)   --->   "%store_ln0 = store i32 %acc_load_46_read, i32 %conv_i_i13_4655"   --->   Operation 235 'store' 'store_ln0' <Predicate = true> <Delay = 0.42>
ST_1 : Operation 236 [1/1] (0.42ns)   --->   "%store_ln0 = store i32 %acc_load_45_read, i32 %conv_i_i13_4554"   --->   Operation 236 'store' 'store_ln0' <Predicate = true> <Delay = 0.42>
ST_1 : Operation 237 [1/1] (0.42ns)   --->   "%store_ln0 = store i32 %acc_load_44_read, i32 %conv_i_i13_4453"   --->   Operation 237 'store' 'store_ln0' <Predicate = true> <Delay = 0.42>
ST_1 : Operation 238 [1/1] (0.42ns)   --->   "%store_ln0 = store i32 %acc_load_43_read, i32 %conv_i_i13_4352"   --->   Operation 238 'store' 'store_ln0' <Predicate = true> <Delay = 0.42>
ST_1 : Operation 239 [1/1] (0.42ns)   --->   "%store_ln0 = store i32 %acc_load_42_read, i32 %conv_i_i13_4251"   --->   Operation 239 'store' 'store_ln0' <Predicate = true> <Delay = 0.42>
ST_1 : Operation 240 [1/1] (0.42ns)   --->   "%store_ln0 = store i32 %acc_load_41_read, i32 %conv_i_i13_4150"   --->   Operation 240 'store' 'store_ln0' <Predicate = true> <Delay = 0.42>
ST_1 : Operation 241 [1/1] (0.42ns)   --->   "%store_ln0 = store i32 %acc_load_40_read, i32 %conv_i_i13_4049"   --->   Operation 241 'store' 'store_ln0' <Predicate = true> <Delay = 0.42>
ST_1 : Operation 242 [1/1] (0.42ns)   --->   "%store_ln0 = store i32 %acc_load_39_read, i32 %conv_i_i13_3948"   --->   Operation 242 'store' 'store_ln0' <Predicate = true> <Delay = 0.42>
ST_1 : Operation 243 [1/1] (0.42ns)   --->   "%store_ln0 = store i32 %acc_load_38_read, i32 %conv_i_i13_3847"   --->   Operation 243 'store' 'store_ln0' <Predicate = true> <Delay = 0.42>
ST_1 : Operation 244 [1/1] (0.42ns)   --->   "%store_ln0 = store i32 %acc_load_37_read, i32 %conv_i_i13_3746"   --->   Operation 244 'store' 'store_ln0' <Predicate = true> <Delay = 0.42>
ST_1 : Operation 245 [1/1] (0.42ns)   --->   "%store_ln0 = store i32 %acc_load_36_read, i32 %conv_i_i13_3645"   --->   Operation 245 'store' 'store_ln0' <Predicate = true> <Delay = 0.42>
ST_1 : Operation 246 [1/1] (0.42ns)   --->   "%store_ln0 = store i32 %acc_load_35_read, i32 %conv_i_i13_3544"   --->   Operation 246 'store' 'store_ln0' <Predicate = true> <Delay = 0.42>
ST_1 : Operation 247 [1/1] (0.42ns)   --->   "%store_ln0 = store i32 %acc_load_34_read, i32 %conv_i_i13_3443"   --->   Operation 247 'store' 'store_ln0' <Predicate = true> <Delay = 0.42>
ST_1 : Operation 248 [1/1] (0.42ns)   --->   "%store_ln0 = store i32 %acc_load_33_read, i32 %conv_i_i13_3342"   --->   Operation 248 'store' 'store_ln0' <Predicate = true> <Delay = 0.42>
ST_1 : Operation 249 [1/1] (0.42ns)   --->   "%store_ln0 = store i32 %acc_load_32_read, i32 %conv_i_i13_3241"   --->   Operation 249 'store' 'store_ln0' <Predicate = true> <Delay = 0.42>
ST_1 : Operation 250 [1/1] (0.42ns)   --->   "%store_ln0 = store i32 %acc_load_31_read, i32 %conv_i_i13_3140"   --->   Operation 250 'store' 'store_ln0' <Predicate = true> <Delay = 0.42>
ST_1 : Operation 251 [1/1] (0.42ns)   --->   "%store_ln0 = store i32 %acc_load_30_read, i32 %conv_i_i13_3039"   --->   Operation 251 'store' 'store_ln0' <Predicate = true> <Delay = 0.42>
ST_1 : Operation 252 [1/1] (0.42ns)   --->   "%store_ln0 = store i32 %acc_load_29_read, i32 %conv_i_i13_2938"   --->   Operation 252 'store' 'store_ln0' <Predicate = true> <Delay = 0.42>
ST_1 : Operation 253 [1/1] (0.42ns)   --->   "%store_ln0 = store i32 %acc_load_28_read, i32 %conv_i_i13_2837"   --->   Operation 253 'store' 'store_ln0' <Predicate = true> <Delay = 0.42>
ST_1 : Operation 254 [1/1] (0.42ns)   --->   "%store_ln0 = store i32 %acc_load_27_read, i32 %conv_i_i13_2736"   --->   Operation 254 'store' 'store_ln0' <Predicate = true> <Delay = 0.42>
ST_1 : Operation 255 [1/1] (0.42ns)   --->   "%store_ln0 = store i32 %acc_load_26_read, i32 %conv_i_i13_2635"   --->   Operation 255 'store' 'store_ln0' <Predicate = true> <Delay = 0.42>
ST_1 : Operation 256 [1/1] (0.42ns)   --->   "%store_ln0 = store i32 %acc_load_25_read, i32 %conv_i_i13_2534"   --->   Operation 256 'store' 'store_ln0' <Predicate = true> <Delay = 0.42>
ST_1 : Operation 257 [1/1] (0.42ns)   --->   "%store_ln0 = store i32 %acc_load_24_read, i32 %conv_i_i13_2433"   --->   Operation 257 'store' 'store_ln0' <Predicate = true> <Delay = 0.42>
ST_1 : Operation 258 [1/1] (0.42ns)   --->   "%store_ln0 = store i32 %acc_load_23_read, i32 %conv_i_i13_2332"   --->   Operation 258 'store' 'store_ln0' <Predicate = true> <Delay = 0.42>
ST_1 : Operation 259 [1/1] (0.42ns)   --->   "%store_ln0 = store i32 %acc_load_22_read, i32 %conv_i_i13_2231"   --->   Operation 259 'store' 'store_ln0' <Predicate = true> <Delay = 0.42>
ST_1 : Operation 260 [1/1] (0.42ns)   --->   "%store_ln0 = store i32 %acc_load_21_read, i32 %conv_i_i13_2130"   --->   Operation 260 'store' 'store_ln0' <Predicate = true> <Delay = 0.42>
ST_1 : Operation 261 [1/1] (0.42ns)   --->   "%store_ln0 = store i32 %acc_load_20_read, i32 %conv_i_i13_2029"   --->   Operation 261 'store' 'store_ln0' <Predicate = true> <Delay = 0.42>
ST_1 : Operation 262 [1/1] (0.42ns)   --->   "%store_ln0 = store i32 %acc_load_19_read, i32 %conv_i_i13_1928"   --->   Operation 262 'store' 'store_ln0' <Predicate = true> <Delay = 0.42>
ST_1 : Operation 263 [1/1] (0.42ns)   --->   "%store_ln0 = store i32 %acc_load_18_read, i32 %conv_i_i13_1827"   --->   Operation 263 'store' 'store_ln0' <Predicate = true> <Delay = 0.42>
ST_1 : Operation 264 [1/1] (0.42ns)   --->   "%store_ln0 = store i32 %acc_load_17_read, i32 %conv_i_i13_1726"   --->   Operation 264 'store' 'store_ln0' <Predicate = true> <Delay = 0.42>
ST_1 : Operation 265 [1/1] (0.42ns)   --->   "%store_ln0 = store i32 %acc_load_16_read, i32 %conv_i_i13_1625"   --->   Operation 265 'store' 'store_ln0' <Predicate = true> <Delay = 0.42>
ST_1 : Operation 266 [1/1] (0.42ns)   --->   "%store_ln0 = store i32 %acc_load_15_read, i32 %conv_i_i13_1524"   --->   Operation 266 'store' 'store_ln0' <Predicate = true> <Delay = 0.42>
ST_1 : Operation 267 [1/1] (0.42ns)   --->   "%store_ln0 = store i32 %acc_load_14_read, i32 %conv_i_i13_1423"   --->   Operation 267 'store' 'store_ln0' <Predicate = true> <Delay = 0.42>
ST_1 : Operation 268 [1/1] (0.42ns)   --->   "%store_ln0 = store i32 %acc_load_13_read, i32 %conv_i_i13_1322"   --->   Operation 268 'store' 'store_ln0' <Predicate = true> <Delay = 0.42>
ST_1 : Operation 269 [1/1] (0.42ns)   --->   "%store_ln0 = store i32 %acc_load_12_read, i32 %conv_i_i13_1221"   --->   Operation 269 'store' 'store_ln0' <Predicate = true> <Delay = 0.42>
ST_1 : Operation 270 [1/1] (0.42ns)   --->   "%store_ln0 = store i32 %acc_load_11_read, i32 %conv_i_i13_1120"   --->   Operation 270 'store' 'store_ln0' <Predicate = true> <Delay = 0.42>
ST_1 : Operation 271 [1/1] (0.42ns)   --->   "%store_ln0 = store i32 %acc_load_10_read, i32 %conv_i_i13_1019"   --->   Operation 271 'store' 'store_ln0' <Predicate = true> <Delay = 0.42>
ST_1 : Operation 272 [1/1] (0.42ns)   --->   "%store_ln0 = store i32 %acc_load_9_read, i32 %conv_i_i13_918"   --->   Operation 272 'store' 'store_ln0' <Predicate = true> <Delay = 0.42>
ST_1 : Operation 273 [1/1] (0.42ns)   --->   "%store_ln0 = store i32 %acc_load_8_read, i32 %conv_i_i13_817"   --->   Operation 273 'store' 'store_ln0' <Predicate = true> <Delay = 0.42>
ST_1 : Operation 274 [1/1] (0.42ns)   --->   "%store_ln0 = store i32 %acc_load_7_read, i32 %conv_i_i13_716"   --->   Operation 274 'store' 'store_ln0' <Predicate = true> <Delay = 0.42>
ST_1 : Operation 275 [1/1] (0.42ns)   --->   "%store_ln0 = store i32 %acc_load_6_read, i32 %conv_i_i13_615"   --->   Operation 275 'store' 'store_ln0' <Predicate = true> <Delay = 0.42>
ST_1 : Operation 276 [1/1] (0.42ns)   --->   "%store_ln0 = store i32 %acc_load_5_read, i32 %conv_i_i13_514"   --->   Operation 276 'store' 'store_ln0' <Predicate = true> <Delay = 0.42>
ST_1 : Operation 277 [1/1] (0.42ns)   --->   "%store_ln0 = store i32 %acc_load_4_read, i32 %conv_i_i13_413"   --->   Operation 277 'store' 'store_ln0' <Predicate = true> <Delay = 0.42>
ST_1 : Operation 278 [1/1] (0.42ns)   --->   "%store_ln0 = store i32 %acc_load_3_read, i32 %conv_i_i13_312"   --->   Operation 278 'store' 'store_ln0' <Predicate = true> <Delay = 0.42>
ST_1 : Operation 279 [1/1] (0.42ns)   --->   "%store_ln0 = store i32 %acc_load_2_read, i32 %conv_i_i13_211"   --->   Operation 279 'store' 'store_ln0' <Predicate = true> <Delay = 0.42>
ST_1 : Operation 280 [1/1] (0.42ns)   --->   "%store_ln0 = store i32 %acc_load_1_read, i32 %conv_i_i13_110"   --->   Operation 280 'store' 'store_ln0' <Predicate = true> <Delay = 0.42>
ST_1 : Operation 281 [1/1] (0.42ns)   --->   "%store_ln0 = store i32 %acc_load_read, i32 %conv_i_i135"   --->   Operation 281 'store' 'store_ln0' <Predicate = true> <Delay = 0.42>
ST_1 : Operation 282 [1/1] (0.42ns)   --->   "%store_ln31 = store i32 %row_start_read, i32 %jj" [src/integrated-gcn/naive_spmm_stage.cpp:31]   --->   Operation 282 'store' 'store_ln31' <Predicate = true> <Delay = 0.42>
ST_1 : Operation 283 [1/1] (0.00ns)   --->   "%br_ln0 = br void %SPMM_FEAT"   --->   Operation 283 'br' 'br_ln0' <Predicate = true> <Delay = 0.00>
ST_1 : Operation 284 [1/1] (0.00ns)   --->   "%jj_1 = load i32 %jj" [src/integrated-gcn/naive_spmm_stage.cpp:31]   --->   Operation 284 'load' 'jj_1' <Predicate = true> <Delay = 0.00>
ST_1 : Operation 285 [1/1] (0.00ns)   --->   "%specbitsmap_ln0 = specbitsmap void @_ssdm_op_SpecBitsMap, i16 %gmem3"   --->   Operation 285 'specbitsmap' 'specbitsmap_ln0' <Predicate = true> <Delay = 0.00>
ST_1 : Operation 286 [1/1] (0.00ns)   --->   "%specbitsmap_ln0 = specbitsmap void @_ssdm_op_SpecBitsMap, i16 %gmem2"   --->   Operation 286 'specbitsmap' 'specbitsmap_ln0' <Predicate = true> <Delay = 0.00>
ST_1 : Operation 287 [1/1] (0.00ns)   --->   "%specbitsmap_ln0 = specbitsmap void @_ssdm_op_SpecBitsMap, i32 %gmem1"   --->   Operation 287 'specbitsmap' 'specbitsmap_ln0' <Predicate = true> <Delay = 0.00>
ST_1 : Operation 288 [1/1] (1.01ns)   --->   "%icmp_ln31 = icmp_slt  i32 %jj_1, i32 %row_end_read" [src/integrated-gcn/naive_spmm_stage.cpp:31]   --->   Operation 288 'icmp' 'icmp_ln31' <Predicate = true> <Delay = 1.01> <CoreInst = "Cmp">   --->   Core 9 'Cmp' <Latency = 0> <II = 1> <Delay = 1.01> <FuncUnit> <Opcode : 'seteq' 'setne' 'setle' 'setge' 'setlt' 'setgt'> <InPorts = 2> <OutPorts = 1>
ST_1 : Operation 289 [1/1] (0.00ns)   --->   "%br_ln31 = br i1 %icmp_ln31, void %SPMM_WRITE.loopexit.exitStub, void %SPMM_FEAT.split" [src/integrated-gcn/naive_spmm_stage.cpp:31]   --->   Operation 289 'br' 'br_ln31' <Predicate = true> <Delay = 0.00>
ST_1 : Operation 290 [1/1] (0.00ns)   --->   "%gmem1_addr = getelementptr i32 %gmem1, i64 %sext_ln31_2_cast" [src/integrated-gcn/naive_spmm_stage.cpp:31]   --->   Operation 290 'getelementptr' 'gmem1_addr' <Predicate = (icmp_ln31)> <Delay = 0.00>
ST_1 : Operation 291 [1/1] (0.00ns)   --->   "%gmem2_addr = getelementptr i16 %gmem2, i64 %sext_ln31_3_cast" [src/integrated-gcn/naive_spmm_stage.cpp:31]   --->   Operation 291 'getelementptr' 'gmem2_addr' <Predicate = (icmp_ln31)> <Delay = 0.00>
ST_1 : Operation 292 [1/1] (1.01ns)   --->   "%add_ln31 = add i32 %jj_1, i32 1" [src/integrated-gcn/naive_spmm_stage.cpp:31]   --->   Operation 292 'add' 'add_ln31' <Predicate = (icmp_ln31)> <Delay = 1.01> <CoreInst = "Adder">   --->   Core 1 'Adder' <Latency = 0> <II = 1> <Delay = 1.01> <FuncUnit> <Opcode : 'add' 'sub'> <InPorts = 2> <OutPorts = 1>
ST_1 : Operation 293 [1/1] (0.42ns)   --->   "%store_ln31 = store i32 %add_ln31, i32 %jj" [src/integrated-gcn/naive_spmm_stage.cpp:31]   --->   Operation 293 'store' 'store_ln31' <Predicate = (icmp_ln31)> <Delay = 0.42>

State 2 <SV = 1> <Delay = 7.30>
ST_2 : Operation 294 [1/1] ( I:7.30ns O:7.30ns )   --->   "%col = read i32 @_ssdm_op_Read.m_axi.i32.p1i32, i32 %gmem1_addr" [src/integrated-gcn/naive_spmm_stage.cpp:33]   --->   Operation 294 'read' 'col' <Predicate = (icmp_ln31)> <Delay = 7.30> <CoreInst = "m_axi">   --->   Core 119 'm_axi' <Latency = 3> <II = 1> <Delay = 1.00> <Adapter> <Opcode : 'readrequnaligned' 'writerequnaligned' 'read' 'write' 'readreq' 'writereq' 'writeresp'>
ST_2 : Operation 295 [1/1] ( I:7.30ns O:7.30ns )   --->   "%val = read i16 @_ssdm_op_Read.m_axi.i16.p1i16, i16 %gmem2_addr" [src/integrated-gcn/naive_spmm_stage.cpp:34]   --->   Operation 295 'read' 'val' <Predicate = (icmp_ln31)> <Delay = 7.30> <CoreInst = "m_axi">   --->   Core 119 'm_axi' <Latency = 3> <II = 1> <Delay = 1.00> <Adapter> <Opcode : 'readrequnaligned' 'writerequnaligned' 'read' 'write' 'readreq' 'writereq' 'writeresp'>
ST_2 : Operation 296 [1/1] (0.00ns)   --->   "%trunc_ln36 = trunc i32 %col" [src/integrated-gcn/naive_spmm_stage.cpp:36]   --->   Operation 296 'trunc' 'trunc_ln36' <Predicate = (icmp_ln31)> <Delay = 0.00>

State 3 <SV = 2> <Delay = 1.08>
ST_3 : Operation 297 [1/1] (0.00ns)   --->   "%shl_ln36_1 = bitconcatenate i33 @_ssdm_op_BitConcatenate.i33.i26.i7, i26 %trunc_ln36, i7 0" [src/integrated-gcn/naive_spmm_stage.cpp:36]   --->   Operation 297 'bitconcatenate' 'shl_ln36_1' <Predicate = (icmp_ln31)> <Delay = 0.00>
ST_3 : Operation 298 [1/1] (0.00ns)   --->   "%sext_ln36_2 = sext i33 %shl_ln36_1" [src/integrated-gcn/naive_spmm_stage.cpp:36]   --->   Operation 298 'sext' 'sext_ln36_2' <Predicate = (icmp_ln31)> <Delay = 0.00>
ST_3 : Operation 299 [1/1] (1.08ns)   --->   "%add_ln36 = add i64 %sext_ln36_2, i64 %H_temp_read" [src/integrated-gcn/naive_spmm_stage.cpp:36]   --->   Operation 299 'add' 'add_ln36' <Predicate = (icmp_ln31)> <Delay = 1.08> <CoreInst = "Adder">   --->   Core 1 'Adder' <Latency = 0> <II = 1> <Delay = 1.08> <FuncUnit> <Opcode : 'add' 'sub'> <InPorts = 2> <OutPorts = 1>
ST_3 : Operation 300 [1/1] (0.00ns)   --->   "%trunc_ln3 = partselect i63 @_ssdm_op_PartSelect.i63.i64.i32.i32, i64 %add_ln36, i32 1, i32 63" [src/integrated-gcn/naive_spmm_stage.cpp:36]   --->   Operation 300 'partselect' 'trunc_ln3' <Predicate = (icmp_ln31)> <Delay = 0.00>
ST_3 : Operation 301 [1/1] (0.00ns)   --->   "%sext_ln36_1 = sext i63 %trunc_ln3" [src/integrated-gcn/naive_spmm_stage.cpp:36]   --->   Operation 301 'sext' 'sext_ln36_1' <Predicate = (icmp_ln31)> <Delay = 0.00>
ST_3 : Operation 302 [1/1] (0.00ns)   --->   "%gmem3_addr = getelementptr i16 %gmem3, i64 %sext_ln36_1" [src/integrated-gcn/naive_spmm_stage.cpp:36]   --->   Operation 302 'getelementptr' 'gmem3_addr' <Predicate = (icmp_ln31)> <Delay = 0.00>

State 4 <SV = 3> <Delay = 0.00>
ST_4 : Operation 303 [8/8] (7.30ns)   --->   "%empty = readreq i1 @_ssdm_op_ReadReq.m_axi.p1i16, i16 %gmem3_addr, i64 64" [src/integrated-gcn/naive_spmm_stage.cpp:36]   --->   Operation 303 'readreq' 'empty' <Predicate = (icmp_ln31)> <Delay = 7.30> <CoreInst = "m_axi">   --->   Core 119 'm_axi' <Latency = 6> <II = 1> <Delay = 1.00> <Adapter> <Opcode : 'readrequnaligned' 'writerequnaligned' 'read' 'write' 'readreq' 'writereq' 'writeresp'>

State 5 <SV = 4> <Delay = 0.00>
ST_5 : Operation 304 [7/8] (7.30ns)   --->   "%empty = readreq i1 @_ssdm_op_ReadReq.m_axi.p1i16, i16 %gmem3_addr, i64 64" [src/integrated-gcn/naive_spmm_stage.cpp:36]   --->   Operation 304 'readreq' 'empty' <Predicate = (icmp_ln31)> <Delay = 7.30> <CoreInst = "m_axi">   --->   Core 119 'm_axi' <Latency = 6> <II = 1> <Delay = 1.00> <Adapter> <Opcode : 'readrequnaligned' 'writerequnaligned' 'read' 'write' 'readreq' 'writereq' 'writeresp'>

State 6 <SV = 5> <Delay = 0.00>
ST_6 : Operation 305 [6/8] (7.30ns)   --->   "%empty = readreq i1 @_ssdm_op_ReadReq.m_axi.p1i16, i16 %gmem3_addr, i64 64" [src/integrated-gcn/naive_spmm_stage.cpp:36]   --->   Operation 305 'readreq' 'empty' <Predicate = (icmp_ln31)> <Delay = 7.30> <CoreInst = "m_axi">   --->   Core 119 'm_axi' <Latency = 6> <II = 1> <Delay = 1.00> <Adapter> <Opcode : 'readrequnaligned' 'writerequnaligned' 'read' 'write' 'readreq' 'writereq' 'writeresp'>

State 7 <SV = 6> <Delay = 0.00>
ST_7 : Operation 306 [5/8] (7.30ns)   --->   "%empty = readreq i1 @_ssdm_op_ReadReq.m_axi.p1i16, i16 %gmem3_addr, i64 64" [src/integrated-gcn/naive_spmm_stage.cpp:36]   --->   Operation 306 'readreq' 'empty' <Predicate = (icmp_ln31)> <Delay = 7.30> <CoreInst = "m_axi">   --->   Core 119 'm_axi' <Latency = 6> <II = 1> <Delay = 1.00> <Adapter> <Opcode : 'readrequnaligned' 'writerequnaligned' 'read' 'write' 'readreq' 'writereq' 'writeresp'>

State 8 <SV = 7> <Delay = 0.00>
ST_8 : Operation 307 [4/8] (7.30ns)   --->   "%empty = readreq i1 @_ssdm_op_ReadReq.m_axi.p1i16, i16 %gmem3_addr, i64 64" [src/integrated-gcn/naive_spmm_stage.cpp:36]   --->   Operation 307 'readreq' 'empty' <Predicate = (icmp_ln31)> <Delay = 7.30> <CoreInst = "m_axi">   --->   Core 119 'm_axi' <Latency = 6> <II = 1> <Delay = 1.00> <Adapter> <Opcode : 'readrequnaligned' 'writerequnaligned' 'read' 'write' 'readreq' 'writereq' 'writeresp'>

State 9 <SV = 8> <Delay = 0.00>
ST_9 : Operation 308 [3/8] (7.30ns)   --->   "%empty = readreq i1 @_ssdm_op_ReadReq.m_axi.p1i16, i16 %gmem3_addr, i64 64" [src/integrated-gcn/naive_spmm_stage.cpp:36]   --->   Operation 308 'readreq' 'empty' <Predicate = (icmp_ln31)> <Delay = 7.30> <CoreInst = "m_axi">   --->   Core 119 'm_axi' <Latency = 6> <II = 1> <Delay = 1.00> <Adapter> <Opcode : 'readrequnaligned' 'writerequnaligned' 'read' 'write' 'readreq' 'writereq' 'writeresp'>

State 10 <SV = 9> <Delay = 0.00>
ST_10 : Operation 309 [2/8] (7.30ns)   --->   "%empty = readreq i1 @_ssdm_op_ReadReq.m_axi.p1i16, i16 %gmem3_addr, i64 64" [src/integrated-gcn/naive_spmm_stage.cpp:36]   --->   Operation 309 'readreq' 'empty' <Predicate = (icmp_ln31)> <Delay = 7.30> <CoreInst = "m_axi">   --->   Core 119 'm_axi' <Latency = 6> <II = 1> <Delay = 1.00> <Adapter> <Opcode : 'readrequnaligned' 'writerequnaligned' 'read' 'write' 'readreq' 'writereq' 'writeresp'>

State 11 <SV = 10> <Delay = 7.30>
ST_11 : Operation 310 [1/8] ( I:7.30ns O:7.30ns )   --->   "%empty = readreq i1 @_ssdm_op_ReadReq.m_axi.p1i16, i16 %gmem3_addr, i64 64" [src/integrated-gcn/naive_spmm_stage.cpp:36]   --->   Operation 310 'readreq' 'empty' <Predicate = (icmp_ln31)> <Delay = 7.30> <CoreInst = "m_axi">   --->   Core 119 'm_axi' <Latency = 6> <II = 1> <Delay = 1.00> <Adapter> <Opcode : 'readrequnaligned' 'writerequnaligned' 'read' 'write' 'readreq' 'writereq' 'writeresp'>

State 12 <SV = 11> <Delay = 7.30>
ST_12 : Operation 311 [1/1] ( I:7.30ns O:7.30ns )   --->   "%gmem3_addr_read = read i16 @_ssdm_op_Read.m_axi.i16.p1i16, i16 %gmem3_addr" [src/integrated-gcn/naive_spmm_stage.cpp:37]   --->   Operation 311 'read' 'gmem3_addr_read' <Predicate = (icmp_ln31)> <Delay = 7.30> <CoreInst = "m_axi">   --->   Core 119 'm_axi' <Latency = 3> <II = 1> <Delay = 1.00> <Adapter> <Opcode : 'readrequnaligned' 'writerequnaligned' 'read' 'write' 'readreq' 'writereq' 'writeresp'>
ST_12 : Operation 893 [1/1] (0.00ns)   --->   "%conv_i_i135_load = load i32 %conv_i_i135"   --->   Operation 893 'load' 'conv_i_i135_load' <Predicate = (!icmp_ln31)> <Delay = 0.00>
ST_12 : Operation 894 [1/1] (0.00ns)   --->   "%conv_i_i13_110_load = load i32 %conv_i_i13_110"   --->   Operation 894 'load' 'conv_i_i13_110_load' <Predicate = (!icmp_ln31)> <Delay = 0.00>
ST_12 : Operation 895 [1/1] (0.00ns)   --->   "%conv_i_i13_211_load = load i32 %conv_i_i13_211"   --->   Operation 895 'load' 'conv_i_i13_211_load' <Predicate = (!icmp_ln31)> <Delay = 0.00>
ST_12 : Operation 896 [1/1] (0.00ns)   --->   "%conv_i_i13_312_load = load i32 %conv_i_i13_312"   --->   Operation 896 'load' 'conv_i_i13_312_load' <Predicate = (!icmp_ln31)> <Delay = 0.00>
ST_12 : Operation 897 [1/1] (0.00ns)   --->   "%conv_i_i13_413_load = load i32 %conv_i_i13_413"   --->   Operation 897 'load' 'conv_i_i13_413_load' <Predicate = (!icmp_ln31)> <Delay = 0.00>
ST_12 : Operation 898 [1/1] (0.00ns)   --->   "%conv_i_i13_514_load = load i32 %conv_i_i13_514"   --->   Operation 898 'load' 'conv_i_i13_514_load' <Predicate = (!icmp_ln31)> <Delay = 0.00>
ST_12 : Operation 899 [1/1] (0.00ns)   --->   "%conv_i_i13_615_load = load i32 %conv_i_i13_615"   --->   Operation 899 'load' 'conv_i_i13_615_load' <Predicate = (!icmp_ln31)> <Delay = 0.00>
ST_12 : Operation 900 [1/1] (0.00ns)   --->   "%conv_i_i13_716_load = load i32 %conv_i_i13_716"   --->   Operation 900 'load' 'conv_i_i13_716_load' <Predicate = (!icmp_ln31)> <Delay = 0.00>
ST_12 : Operation 901 [1/1] (0.00ns)   --->   "%conv_i_i13_817_load = load i32 %conv_i_i13_817"   --->   Operation 901 'load' 'conv_i_i13_817_load' <Predicate = (!icmp_ln31)> <Delay = 0.00>
ST_12 : Operation 902 [1/1] (0.00ns)   --->   "%conv_i_i13_918_load = load i32 %conv_i_i13_918"   --->   Operation 902 'load' 'conv_i_i13_918_load' <Predicate = (!icmp_ln31)> <Delay = 0.00>
ST_12 : Operation 903 [1/1] (0.00ns)   --->   "%conv_i_i13_1019_load = load i32 %conv_i_i13_1019"   --->   Operation 903 'load' 'conv_i_i13_1019_load' <Predicate = (!icmp_ln31)> <Delay = 0.00>
ST_12 : Operation 904 [1/1] (0.00ns)   --->   "%conv_i_i13_1120_load = load i32 %conv_i_i13_1120"   --->   Operation 904 'load' 'conv_i_i13_1120_load' <Predicate = (!icmp_ln31)> <Delay = 0.00>
ST_12 : Operation 905 [1/1] (0.00ns)   --->   "%conv_i_i13_1221_load = load i32 %conv_i_i13_1221"   --->   Operation 905 'load' 'conv_i_i13_1221_load' <Predicate = (!icmp_ln31)> <Delay = 0.00>
ST_12 : Operation 906 [1/1] (0.00ns)   --->   "%conv_i_i13_1322_load = load i32 %conv_i_i13_1322"   --->   Operation 906 'load' 'conv_i_i13_1322_load' <Predicate = (!icmp_ln31)> <Delay = 0.00>
ST_12 : Operation 907 [1/1] (0.00ns)   --->   "%conv_i_i13_1423_load = load i32 %conv_i_i13_1423"   --->   Operation 907 'load' 'conv_i_i13_1423_load' <Predicate = (!icmp_ln31)> <Delay = 0.00>
ST_12 : Operation 908 [1/1] (0.00ns)   --->   "%conv_i_i13_1524_load = load i32 %conv_i_i13_1524"   --->   Operation 908 'load' 'conv_i_i13_1524_load' <Predicate = (!icmp_ln31)> <Delay = 0.00>
ST_12 : Operation 909 [1/1] (0.00ns)   --->   "%conv_i_i13_1625_load = load i32 %conv_i_i13_1625"   --->   Operation 909 'load' 'conv_i_i13_1625_load' <Predicate = (!icmp_ln31)> <Delay = 0.00>
ST_12 : Operation 910 [1/1] (0.00ns)   --->   "%conv_i_i13_1726_load = load i32 %conv_i_i13_1726"   --->   Operation 910 'load' 'conv_i_i13_1726_load' <Predicate = (!icmp_ln31)> <Delay = 0.00>
ST_12 : Operation 911 [1/1] (0.00ns)   --->   "%conv_i_i13_1827_load = load i32 %conv_i_i13_1827"   --->   Operation 911 'load' 'conv_i_i13_1827_load' <Predicate = (!icmp_ln31)> <Delay = 0.00>
ST_12 : Operation 912 [1/1] (0.00ns)   --->   "%conv_i_i13_1928_load = load i32 %conv_i_i13_1928"   --->   Operation 912 'load' 'conv_i_i13_1928_load' <Predicate = (!icmp_ln31)> <Delay = 0.00>
ST_12 : Operation 913 [1/1] (0.00ns)   --->   "%conv_i_i13_2029_load = load i32 %conv_i_i13_2029"   --->   Operation 913 'load' 'conv_i_i13_2029_load' <Predicate = (!icmp_ln31)> <Delay = 0.00>
ST_12 : Operation 914 [1/1] (0.00ns)   --->   "%conv_i_i13_2130_load = load i32 %conv_i_i13_2130"   --->   Operation 914 'load' 'conv_i_i13_2130_load' <Predicate = (!icmp_ln31)> <Delay = 0.00>
ST_12 : Operation 915 [1/1] (0.00ns)   --->   "%conv_i_i13_2231_load = load i32 %conv_i_i13_2231"   --->   Operation 915 'load' 'conv_i_i13_2231_load' <Predicate = (!icmp_ln31)> <Delay = 0.00>
ST_12 : Operation 916 [1/1] (0.00ns)   --->   "%conv_i_i13_2332_load = load i32 %conv_i_i13_2332"   --->   Operation 916 'load' 'conv_i_i13_2332_load' <Predicate = (!icmp_ln31)> <Delay = 0.00>
ST_12 : Operation 917 [1/1] (0.00ns)   --->   "%conv_i_i13_2433_load = load i32 %conv_i_i13_2433"   --->   Operation 917 'load' 'conv_i_i13_2433_load' <Predicate = (!icmp_ln31)> <Delay = 0.00>
ST_12 : Operation 918 [1/1] (0.00ns)   --->   "%conv_i_i13_2534_load = load i32 %conv_i_i13_2534"   --->   Operation 918 'load' 'conv_i_i13_2534_load' <Predicate = (!icmp_ln31)> <Delay = 0.00>
ST_12 : Operation 919 [1/1] (0.00ns)   --->   "%conv_i_i13_2635_load = load i32 %conv_i_i13_2635"   --->   Operation 919 'load' 'conv_i_i13_2635_load' <Predicate = (!icmp_ln31)> <Delay = 0.00>
ST_12 : Operation 920 [1/1] (0.00ns)   --->   "%conv_i_i13_2736_load = load i32 %conv_i_i13_2736"   --->   Operation 920 'load' 'conv_i_i13_2736_load' <Predicate = (!icmp_ln31)> <Delay = 0.00>
ST_12 : Operation 921 [1/1] (0.00ns)   --->   "%conv_i_i13_2837_load = load i32 %conv_i_i13_2837"   --->   Operation 921 'load' 'conv_i_i13_2837_load' <Predicate = (!icmp_ln31)> <Delay = 0.00>
ST_12 : Operation 922 [1/1] (0.00ns)   --->   "%conv_i_i13_2938_load = load i32 %conv_i_i13_2938"   --->   Operation 922 'load' 'conv_i_i13_2938_load' <Predicate = (!icmp_ln31)> <Delay = 0.00>
ST_12 : Operation 923 [1/1] (0.00ns)   --->   "%conv_i_i13_3039_load = load i32 %conv_i_i13_3039"   --->   Operation 923 'load' 'conv_i_i13_3039_load' <Predicate = (!icmp_ln31)> <Delay = 0.00>
ST_12 : Operation 924 [1/1] (0.00ns)   --->   "%conv_i_i13_3140_load = load i32 %conv_i_i13_3140"   --->   Operation 924 'load' 'conv_i_i13_3140_load' <Predicate = (!icmp_ln31)> <Delay = 0.00>
ST_12 : Operation 925 [1/1] (0.00ns)   --->   "%conv_i_i13_3241_load = load i32 %conv_i_i13_3241"   --->   Operation 925 'load' 'conv_i_i13_3241_load' <Predicate = (!icmp_ln31)> <Delay = 0.00>
ST_12 : Operation 926 [1/1] (0.00ns)   --->   "%conv_i_i13_3342_load = load i32 %conv_i_i13_3342"   --->   Operation 926 'load' 'conv_i_i13_3342_load' <Predicate = (!icmp_ln31)> <Delay = 0.00>
ST_12 : Operation 927 [1/1] (0.00ns)   --->   "%conv_i_i13_3443_load = load i32 %conv_i_i13_3443"   --->   Operation 927 'load' 'conv_i_i13_3443_load' <Predicate = (!icmp_ln31)> <Delay = 0.00>
ST_12 : Operation 928 [1/1] (0.00ns)   --->   "%conv_i_i13_3544_load = load i32 %conv_i_i13_3544"   --->   Operation 928 'load' 'conv_i_i13_3544_load' <Predicate = (!icmp_ln31)> <Delay = 0.00>
ST_12 : Operation 929 [1/1] (0.00ns)   --->   "%conv_i_i13_3645_load = load i32 %conv_i_i13_3645"   --->   Operation 929 'load' 'conv_i_i13_3645_load' <Predicate = (!icmp_ln31)> <Delay = 0.00>
ST_12 : Operation 930 [1/1] (0.00ns)   --->   "%conv_i_i13_3746_load = load i32 %conv_i_i13_3746"   --->   Operation 930 'load' 'conv_i_i13_3746_load' <Predicate = (!icmp_ln31)> <Delay = 0.00>
ST_12 : Operation 931 [1/1] (0.00ns)   --->   "%conv_i_i13_3847_load = load i32 %conv_i_i13_3847"   --->   Operation 931 'load' 'conv_i_i13_3847_load' <Predicate = (!icmp_ln31)> <Delay = 0.00>
ST_12 : Operation 932 [1/1] (0.00ns)   --->   "%conv_i_i13_3948_load = load i32 %conv_i_i13_3948"   --->   Operation 932 'load' 'conv_i_i13_3948_load' <Predicate = (!icmp_ln31)> <Delay = 0.00>
ST_12 : Operation 933 [1/1] (0.00ns)   --->   "%conv_i_i13_4049_load = load i32 %conv_i_i13_4049"   --->   Operation 933 'load' 'conv_i_i13_4049_load' <Predicate = (!icmp_ln31)> <Delay = 0.00>
ST_12 : Operation 934 [1/1] (0.00ns)   --->   "%conv_i_i13_4150_load = load i32 %conv_i_i13_4150"   --->   Operation 934 'load' 'conv_i_i13_4150_load' <Predicate = (!icmp_ln31)> <Delay = 0.00>
ST_12 : Operation 935 [1/1] (0.00ns)   --->   "%conv_i_i13_4251_load = load i32 %conv_i_i13_4251"   --->   Operation 935 'load' 'conv_i_i13_4251_load' <Predicate = (!icmp_ln31)> <Delay = 0.00>
ST_12 : Operation 936 [1/1] (0.00ns)   --->   "%conv_i_i13_4352_load = load i32 %conv_i_i13_4352"   --->   Operation 936 'load' 'conv_i_i13_4352_load' <Predicate = (!icmp_ln31)> <Delay = 0.00>
ST_12 : Operation 937 [1/1] (0.00ns)   --->   "%conv_i_i13_4453_load = load i32 %conv_i_i13_4453"   --->   Operation 937 'load' 'conv_i_i13_4453_load' <Predicate = (!icmp_ln31)> <Delay = 0.00>
ST_12 : Operation 938 [1/1] (0.00ns)   --->   "%conv_i_i13_4554_load = load i32 %conv_i_i13_4554"   --->   Operation 938 'load' 'conv_i_i13_4554_load' <Predicate = (!icmp_ln31)> <Delay = 0.00>
ST_12 : Operation 939 [1/1] (0.00ns)   --->   "%conv_i_i13_4655_load = load i32 %conv_i_i13_4655"   --->   Operation 939 'load' 'conv_i_i13_4655_load' <Predicate = (!icmp_ln31)> <Delay = 0.00>
ST_12 : Operation 940 [1/1] (0.00ns)   --->   "%conv_i_i13_4756_load = load i32 %conv_i_i13_4756"   --->   Operation 940 'load' 'conv_i_i13_4756_load' <Predicate = (!icmp_ln31)> <Delay = 0.00>
ST_12 : Operation 941 [1/1] (0.00ns)   --->   "%conv_i_i13_4857_load = load i32 %conv_i_i13_4857"   --->   Operation 941 'load' 'conv_i_i13_4857_load' <Predicate = (!icmp_ln31)> <Delay = 0.00>
ST_12 : Operation 942 [1/1] (0.00ns)   --->   "%conv_i_i13_4958_load = load i32 %conv_i_i13_4958"   --->   Operation 942 'load' 'conv_i_i13_4958_load' <Predicate = (!icmp_ln31)> <Delay = 0.00>
ST_12 : Operation 943 [1/1] (0.00ns)   --->   "%conv_i_i13_5059_load = load i32 %conv_i_i13_5059"   --->   Operation 943 'load' 'conv_i_i13_5059_load' <Predicate = (!icmp_ln31)> <Delay = 0.00>
ST_12 : Operation 944 [1/1] (0.00ns)   --->   "%conv_i_i13_5160_load = load i32 %conv_i_i13_5160"   --->   Operation 944 'load' 'conv_i_i13_5160_load' <Predicate = (!icmp_ln31)> <Delay = 0.00>
ST_12 : Operation 945 [1/1] (0.00ns)   --->   "%conv_i_i13_5261_load = load i32 %conv_i_i13_5261"   --->   Operation 945 'load' 'conv_i_i13_5261_load' <Predicate = (!icmp_ln31)> <Delay = 0.00>
ST_12 : Operation 946 [1/1] (0.00ns)   --->   "%conv_i_i13_5362_load = load i32 %conv_i_i13_5362"   --->   Operation 946 'load' 'conv_i_i13_5362_load' <Predicate = (!icmp_ln31)> <Delay = 0.00>
ST_12 : Operation 947 [1/1] (0.00ns)   --->   "%conv_i_i13_5463_load = load i32 %conv_i_i13_5463"   --->   Operation 947 'load' 'conv_i_i13_5463_load' <Predicate = (!icmp_ln31)> <Delay = 0.00>
ST_12 : Operation 948 [1/1] (0.00ns)   --->   "%conv_i_i13_5564_load = load i32 %conv_i_i13_5564"   --->   Operation 948 'load' 'conv_i_i13_5564_load' <Predicate = (!icmp_ln31)> <Delay = 0.00>
ST_12 : Operation 949 [1/1] (0.00ns)   --->   "%conv_i_i13_5665_load = load i32 %conv_i_i13_5665"   --->   Operation 949 'load' 'conv_i_i13_5665_load' <Predicate = (!icmp_ln31)> <Delay = 0.00>
ST_12 : Operation 950 [1/1] (0.00ns)   --->   "%conv_i_i13_5766_load = load i32 %conv_i_i13_5766"   --->   Operation 950 'load' 'conv_i_i13_5766_load' <Predicate = (!icmp_ln31)> <Delay = 0.00>
ST_12 : Operation 951 [1/1] (0.00ns)   --->   "%conv_i_i13_5867_load = load i32 %conv_i_i13_5867"   --->   Operation 951 'load' 'conv_i_i13_5867_load' <Predicate = (!icmp_ln31)> <Delay = 0.00>
ST_12 : Operation 952 [1/1] (0.00ns)   --->   "%conv_i_i13_5968_load = load i32 %conv_i_i13_5968"   --->   Operation 952 'load' 'conv_i_i13_5968_load' <Predicate = (!icmp_ln31)> <Delay = 0.00>
ST_12 : Operation 953 [1/1] (0.00ns)   --->   "%conv_i_i13_6069_load = load i32 %conv_i_i13_6069"   --->   Operation 953 'load' 'conv_i_i13_6069_load' <Predicate = (!icmp_ln31)> <Delay = 0.00>
ST_12 : Operation 954 [1/1] (0.00ns)   --->   "%conv_i_i13_6170_load = load i32 %conv_i_i13_6170"   --->   Operation 954 'load' 'conv_i_i13_6170_load' <Predicate = (!icmp_ln31)> <Delay = 0.00>
ST_12 : Operation 955 [1/1] (0.00ns)   --->   "%conv_i_i13_6271_load = load i32 %conv_i_i13_6271"   --->   Operation 955 'load' 'conv_i_i13_6271_load' <Predicate = (!icmp_ln31)> <Delay = 0.00>
ST_12 : Operation 956 [1/1] (0.00ns)   --->   "%conv_i_i13_6372_load = load i32 %conv_i_i13_6372"   --->   Operation 956 'load' 'conv_i_i13_6372_load' <Predicate = (!icmp_ln31)> <Delay = 0.00>
ST_12 : Operation 957 [1/1] (0.00ns)   --->   "%write_ln0 = write void @_ssdm_op_Write.ap_auto.i32P0A, i32 %conv_i_i13_6372_out, i32 %conv_i_i13_6372_load"   --->   Operation 957 'write' 'write_ln0' <Predicate = (!icmp_ln31)> <Delay = 0.00>
ST_12 : Operation 958 [1/1] (0.00ns)   --->   "%write_ln0 = write void @_ssdm_op_Write.ap_auto.i32P0A, i32 %conv_i_i13_6271_out, i32 %conv_i_i13_6271_load"   --->   Operation 958 'write' 'write_ln0' <Predicate = (!icmp_ln31)> <Delay = 0.00>
ST_12 : Operation 959 [1/1] (0.00ns)   --->   "%write_ln0 = write void @_ssdm_op_Write.ap_auto.i32P0A, i32 %conv_i_i13_6170_out, i32 %conv_i_i13_6170_load"   --->   Operation 959 'write' 'write_ln0' <Predicate = (!icmp_ln31)> <Delay = 0.00>
ST_12 : Operation 960 [1/1] (0.00ns)   --->   "%write_ln0 = write void @_ssdm_op_Write.ap_auto.i32P0A, i32 %conv_i_i13_6069_out, i32 %conv_i_i13_6069_load"   --->   Operation 960 'write' 'write_ln0' <Predicate = (!icmp_ln31)> <Delay = 0.00>
ST_12 : Operation 961 [1/1] (0.00ns)   --->   "%write_ln0 = write void @_ssdm_op_Write.ap_auto.i32P0A, i32 %conv_i_i13_5968_out, i32 %conv_i_i13_5968_load"   --->   Operation 961 'write' 'write_ln0' <Predicate = (!icmp_ln31)> <Delay = 0.00>
ST_12 : Operation 962 [1/1] (0.00ns)   --->   "%write_ln0 = write void @_ssdm_op_Write.ap_auto.i32P0A, i32 %conv_i_i13_5867_out, i32 %conv_i_i13_5867_load"   --->   Operation 962 'write' 'write_ln0' <Predicate = (!icmp_ln31)> <Delay = 0.00>
ST_12 : Operation 963 [1/1] (0.00ns)   --->   "%write_ln0 = write void @_ssdm_op_Write.ap_auto.i32P0A, i32 %conv_i_i13_5766_out, i32 %conv_i_i13_5766_load"   --->   Operation 963 'write' 'write_ln0' <Predicate = (!icmp_ln31)> <Delay = 0.00>
ST_12 : Operation 964 [1/1] (0.00ns)   --->   "%write_ln0 = write void @_ssdm_op_Write.ap_auto.i32P0A, i32 %conv_i_i13_5665_out, i32 %conv_i_i13_5665_load"   --->   Operation 964 'write' 'write_ln0' <Predicate = (!icmp_ln31)> <Delay = 0.00>
ST_12 : Operation 965 [1/1] (0.00ns)   --->   "%write_ln0 = write void @_ssdm_op_Write.ap_auto.i32P0A, i32 %conv_i_i13_5564_out, i32 %conv_i_i13_5564_load"   --->   Operation 965 'write' 'write_ln0' <Predicate = (!icmp_ln31)> <Delay = 0.00>
ST_12 : Operation 966 [1/1] (0.00ns)   --->   "%write_ln0 = write void @_ssdm_op_Write.ap_auto.i32P0A, i32 %conv_i_i13_5463_out, i32 %conv_i_i13_5463_load"   --->   Operation 966 'write' 'write_ln0' <Predicate = (!icmp_ln31)> <Delay = 0.00>
ST_12 : Operation 967 [1/1] (0.00ns)   --->   "%write_ln0 = write void @_ssdm_op_Write.ap_auto.i32P0A, i32 %conv_i_i13_5362_out, i32 %conv_i_i13_5362_load"   --->   Operation 967 'write' 'write_ln0' <Predicate = (!icmp_ln31)> <Delay = 0.00>
ST_12 : Operation 968 [1/1] (0.00ns)   --->   "%write_ln0 = write void @_ssdm_op_Write.ap_auto.i32P0A, i32 %conv_i_i13_5261_out, i32 %conv_i_i13_5261_load"   --->   Operation 968 'write' 'write_ln0' <Predicate = (!icmp_ln31)> <Delay = 0.00>
ST_12 : Operation 969 [1/1] (0.00ns)   --->   "%write_ln0 = write void @_ssdm_op_Write.ap_auto.i32P0A, i32 %conv_i_i13_5160_out, i32 %conv_i_i13_5160_load"   --->   Operation 969 'write' 'write_ln0' <Predicate = (!icmp_ln31)> <Delay = 0.00>
ST_12 : Operation 970 [1/1] (0.00ns)   --->   "%write_ln0 = write void @_ssdm_op_Write.ap_auto.i32P0A, i32 %conv_i_i13_5059_out, i32 %conv_i_i13_5059_load"   --->   Operation 970 'write' 'write_ln0' <Predicate = (!icmp_ln31)> <Delay = 0.00>
ST_12 : Operation 971 [1/1] (0.00ns)   --->   "%write_ln0 = write void @_ssdm_op_Write.ap_auto.i32P0A, i32 %conv_i_i13_4958_out, i32 %conv_i_i13_4958_load"   --->   Operation 971 'write' 'write_ln0' <Predicate = (!icmp_ln31)> <Delay = 0.00>
ST_12 : Operation 972 [1/1] (0.00ns)   --->   "%write_ln0 = write void @_ssdm_op_Write.ap_auto.i32P0A, i32 %conv_i_i13_4857_out, i32 %conv_i_i13_4857_load"   --->   Operation 972 'write' 'write_ln0' <Predicate = (!icmp_ln31)> <Delay = 0.00>
ST_12 : Operation 973 [1/1] (0.00ns)   --->   "%write_ln0 = write void @_ssdm_op_Write.ap_auto.i32P0A, i32 %conv_i_i13_4756_out, i32 %conv_i_i13_4756_load"   --->   Operation 973 'write' 'write_ln0' <Predicate = (!icmp_ln31)> <Delay = 0.00>
ST_12 : Operation 974 [1/1] (0.00ns)   --->   "%write_ln0 = write void @_ssdm_op_Write.ap_auto.i32P0A, i32 %conv_i_i13_4655_out, i32 %conv_i_i13_4655_load"   --->   Operation 974 'write' 'write_ln0' <Predicate = (!icmp_ln31)> <Delay = 0.00>
ST_12 : Operation 975 [1/1] (0.00ns)   --->   "%write_ln0 = write void @_ssdm_op_Write.ap_auto.i32P0A, i32 %conv_i_i13_4554_out, i32 %conv_i_i13_4554_load"   --->   Operation 975 'write' 'write_ln0' <Predicate = (!icmp_ln31)> <Delay = 0.00>
ST_12 : Operation 976 [1/1] (0.00ns)   --->   "%write_ln0 = write void @_ssdm_op_Write.ap_auto.i32P0A, i32 %conv_i_i13_4453_out, i32 %conv_i_i13_4453_load"   --->   Operation 976 'write' 'write_ln0' <Predicate = (!icmp_ln31)> <Delay = 0.00>
ST_12 : Operation 977 [1/1] (0.00ns)   --->   "%write_ln0 = write void @_ssdm_op_Write.ap_auto.i32P0A, i32 %conv_i_i13_4352_out, i32 %conv_i_i13_4352_load"   --->   Operation 977 'write' 'write_ln0' <Predicate = (!icmp_ln31)> <Delay = 0.00>
ST_12 : Operation 978 [1/1] (0.00ns)   --->   "%write_ln0 = write void @_ssdm_op_Write.ap_auto.i32P0A, i32 %conv_i_i13_4251_out, i32 %conv_i_i13_4251_load"   --->   Operation 978 'write' 'write_ln0' <Predicate = (!icmp_ln31)> <Delay = 0.00>
ST_12 : Operation 979 [1/1] (0.00ns)   --->   "%write_ln0 = write void @_ssdm_op_Write.ap_auto.i32P0A, i32 %conv_i_i13_4150_out, i32 %conv_i_i13_4150_load"   --->   Operation 979 'write' 'write_ln0' <Predicate = (!icmp_ln31)> <Delay = 0.00>
ST_12 : Operation 980 [1/1] (0.00ns)   --->   "%write_ln0 = write void @_ssdm_op_Write.ap_auto.i32P0A, i32 %conv_i_i13_4049_out, i32 %conv_i_i13_4049_load"   --->   Operation 980 'write' 'write_ln0' <Predicate = (!icmp_ln31)> <Delay = 0.00>
ST_12 : Operation 981 [1/1] (0.00ns)   --->   "%write_ln0 = write void @_ssdm_op_Write.ap_auto.i32P0A, i32 %conv_i_i13_3948_out, i32 %conv_i_i13_3948_load"   --->   Operation 981 'write' 'write_ln0' <Predicate = (!icmp_ln31)> <Delay = 0.00>
ST_12 : Operation 982 [1/1] (0.00ns)   --->   "%write_ln0 = write void @_ssdm_op_Write.ap_auto.i32P0A, i32 %conv_i_i13_3847_out, i32 %conv_i_i13_3847_load"   --->   Operation 982 'write' 'write_ln0' <Predicate = (!icmp_ln31)> <Delay = 0.00>
ST_12 : Operation 983 [1/1] (0.00ns)   --->   "%write_ln0 = write void @_ssdm_op_Write.ap_auto.i32P0A, i32 %conv_i_i13_3746_out, i32 %conv_i_i13_3746_load"   --->   Operation 983 'write' 'write_ln0' <Predicate = (!icmp_ln31)> <Delay = 0.00>
ST_12 : Operation 984 [1/1] (0.00ns)   --->   "%write_ln0 = write void @_ssdm_op_Write.ap_auto.i32P0A, i32 %conv_i_i13_3645_out, i32 %conv_i_i13_3645_load"   --->   Operation 984 'write' 'write_ln0' <Predicate = (!icmp_ln31)> <Delay = 0.00>
ST_12 : Operation 985 [1/1] (0.00ns)   --->   "%write_ln0 = write void @_ssdm_op_Write.ap_auto.i32P0A, i32 %conv_i_i13_3544_out, i32 %conv_i_i13_3544_load"   --->   Operation 985 'write' 'write_ln0' <Predicate = (!icmp_ln31)> <Delay = 0.00>
ST_12 : Operation 986 [1/1] (0.00ns)   --->   "%write_ln0 = write void @_ssdm_op_Write.ap_auto.i32P0A, i32 %conv_i_i13_3443_out, i32 %conv_i_i13_3443_load"   --->   Operation 986 'write' 'write_ln0' <Predicate = (!icmp_ln31)> <Delay = 0.00>
ST_12 : Operation 987 [1/1] (0.00ns)   --->   "%write_ln0 = write void @_ssdm_op_Write.ap_auto.i32P0A, i32 %conv_i_i13_3342_out, i32 %conv_i_i13_3342_load"   --->   Operation 987 'write' 'write_ln0' <Predicate = (!icmp_ln31)> <Delay = 0.00>
ST_12 : Operation 988 [1/1] (0.00ns)   --->   "%write_ln0 = write void @_ssdm_op_Write.ap_auto.i32P0A, i32 %conv_i_i13_3241_out, i32 %conv_i_i13_3241_load"   --->   Operation 988 'write' 'write_ln0' <Predicate = (!icmp_ln31)> <Delay = 0.00>
ST_12 : Operation 989 [1/1] (0.00ns)   --->   "%write_ln0 = write void @_ssdm_op_Write.ap_auto.i32P0A, i32 %conv_i_i13_3140_out, i32 %conv_i_i13_3140_load"   --->   Operation 989 'write' 'write_ln0' <Predicate = (!icmp_ln31)> <Delay = 0.00>
ST_12 : Operation 990 [1/1] (0.00ns)   --->   "%write_ln0 = write void @_ssdm_op_Write.ap_auto.i32P0A, i32 %conv_i_i13_3039_out, i32 %conv_i_i13_3039_load"   --->   Operation 990 'write' 'write_ln0' <Predicate = (!icmp_ln31)> <Delay = 0.00>
ST_12 : Operation 991 [1/1] (0.00ns)   --->   "%write_ln0 = write void @_ssdm_op_Write.ap_auto.i32P0A, i32 %conv_i_i13_2938_out, i32 %conv_i_i13_2938_load"   --->   Operation 991 'write' 'write_ln0' <Predicate = (!icmp_ln31)> <Delay = 0.00>
ST_12 : Operation 992 [1/1] (0.00ns)   --->   "%write_ln0 = write void @_ssdm_op_Write.ap_auto.i32P0A, i32 %conv_i_i13_2837_out, i32 %conv_i_i13_2837_load"   --->   Operation 992 'write' 'write_ln0' <Predicate = (!icmp_ln31)> <Delay = 0.00>
ST_12 : Operation 993 [1/1] (0.00ns)   --->   "%write_ln0 = write void @_ssdm_op_Write.ap_auto.i32P0A, i32 %conv_i_i13_2736_out, i32 %conv_i_i13_2736_load"   --->   Operation 993 'write' 'write_ln0' <Predicate = (!icmp_ln31)> <Delay = 0.00>
ST_12 : Operation 994 [1/1] (0.00ns)   --->   "%write_ln0 = write void @_ssdm_op_Write.ap_auto.i32P0A, i32 %conv_i_i13_2635_out, i32 %conv_i_i13_2635_load"   --->   Operation 994 'write' 'write_ln0' <Predicate = (!icmp_ln31)> <Delay = 0.00>
ST_12 : Operation 995 [1/1] (0.00ns)   --->   "%write_ln0 = write void @_ssdm_op_Write.ap_auto.i32P0A, i32 %conv_i_i13_2534_out, i32 %conv_i_i13_2534_load"   --->   Operation 995 'write' 'write_ln0' <Predicate = (!icmp_ln31)> <Delay = 0.00>
ST_12 : Operation 996 [1/1] (0.00ns)   --->   "%write_ln0 = write void @_ssdm_op_Write.ap_auto.i32P0A, i32 %conv_i_i13_2433_out, i32 %conv_i_i13_2433_load"   --->   Operation 996 'write' 'write_ln0' <Predicate = (!icmp_ln31)> <Delay = 0.00>
ST_12 : Operation 997 [1/1] (0.00ns)   --->   "%write_ln0 = write void @_ssdm_op_Write.ap_auto.i32P0A, i32 %conv_i_i13_2332_out, i32 %conv_i_i13_2332_load"   --->   Operation 997 'write' 'write_ln0' <Predicate = (!icmp_ln31)> <Delay = 0.00>
ST_12 : Operation 998 [1/1] (0.00ns)   --->   "%write_ln0 = write void @_ssdm_op_Write.ap_auto.i32P0A, i32 %conv_i_i13_2231_out, i32 %conv_i_i13_2231_load"   --->   Operation 998 'write' 'write_ln0' <Predicate = (!icmp_ln31)> <Delay = 0.00>
ST_12 : Operation 999 [1/1] (0.00ns)   --->   "%write_ln0 = write void @_ssdm_op_Write.ap_auto.i32P0A, i32 %conv_i_i13_2130_out, i32 %conv_i_i13_2130_load"   --->   Operation 999 'write' 'write_ln0' <Predicate = (!icmp_ln31)> <Delay = 0.00>
ST_12 : Operation 1000 [1/1] (0.00ns)   --->   "%write_ln0 = write void @_ssdm_op_Write.ap_auto.i32P0A, i32 %conv_i_i13_2029_out, i32 %conv_i_i13_2029_load"   --->   Operation 1000 'write' 'write_ln0' <Predicate = (!icmp_ln31)> <Delay = 0.00>
ST_12 : Operation 1001 [1/1] (0.00ns)   --->   "%write_ln0 = write void @_ssdm_op_Write.ap_auto.i32P0A, i32 %conv_i_i13_1928_out, i32 %conv_i_i13_1928_load"   --->   Operation 1001 'write' 'write_ln0' <Predicate = (!icmp_ln31)> <Delay = 0.00>
ST_12 : Operation 1002 [1/1] (0.00ns)   --->   "%write_ln0 = write void @_ssdm_op_Write.ap_auto.i32P0A, i32 %conv_i_i13_1827_out, i32 %conv_i_i13_1827_load"   --->   Operation 1002 'write' 'write_ln0' <Predicate = (!icmp_ln31)> <Delay = 0.00>
ST_12 : Operation 1003 [1/1] (0.00ns)   --->   "%write_ln0 = write void @_ssdm_op_Write.ap_auto.i32P0A, i32 %conv_i_i13_1726_out, i32 %conv_i_i13_1726_load"   --->   Operation 1003 'write' 'write_ln0' <Predicate = (!icmp_ln31)> <Delay = 0.00>
ST_12 : Operation 1004 [1/1] (0.00ns)   --->   "%write_ln0 = write void @_ssdm_op_Write.ap_auto.i32P0A, i32 %conv_i_i13_1625_out, i32 %conv_i_i13_1625_load"   --->   Operation 1004 'write' 'write_ln0' <Predicate = (!icmp_ln31)> <Delay = 0.00>
ST_12 : Operation 1005 [1/1] (0.00ns)   --->   "%write_ln0 = write void @_ssdm_op_Write.ap_auto.i32P0A, i32 %conv_i_i13_1524_out, i32 %conv_i_i13_1524_load"   --->   Operation 1005 'write' 'write_ln0' <Predicate = (!icmp_ln31)> <Delay = 0.00>
ST_12 : Operation 1006 [1/1] (0.00ns)   --->   "%write_ln0 = write void @_ssdm_op_Write.ap_auto.i32P0A, i32 %conv_i_i13_1423_out, i32 %conv_i_i13_1423_load"   --->   Operation 1006 'write' 'write_ln0' <Predicate = (!icmp_ln31)> <Delay = 0.00>
ST_12 : Operation 1007 [1/1] (0.00ns)   --->   "%write_ln0 = write void @_ssdm_op_Write.ap_auto.i32P0A, i32 %conv_i_i13_1322_out, i32 %conv_i_i13_1322_load"   --->   Operation 1007 'write' 'write_ln0' <Predicate = (!icmp_ln31)> <Delay = 0.00>
ST_12 : Operation 1008 [1/1] (0.00ns)   --->   "%write_ln0 = write void @_ssdm_op_Write.ap_auto.i32P0A, i32 %conv_i_i13_1221_out, i32 %conv_i_i13_1221_load"   --->   Operation 1008 'write' 'write_ln0' <Predicate = (!icmp_ln31)> <Delay = 0.00>
ST_12 : Operation 1009 [1/1] (0.00ns)   --->   "%write_ln0 = write void @_ssdm_op_Write.ap_auto.i32P0A, i32 %conv_i_i13_1120_out, i32 %conv_i_i13_1120_load"   --->   Operation 1009 'write' 'write_ln0' <Predicate = (!icmp_ln31)> <Delay = 0.00>
ST_12 : Operation 1010 [1/1] (0.00ns)   --->   "%write_ln0 = write void @_ssdm_op_Write.ap_auto.i32P0A, i32 %conv_i_i13_1019_out, i32 %conv_i_i13_1019_load"   --->   Operation 1010 'write' 'write_ln0' <Predicate = (!icmp_ln31)> <Delay = 0.00>
ST_12 : Operation 1011 [1/1] (0.00ns)   --->   "%write_ln0 = write void @_ssdm_op_Write.ap_auto.i32P0A, i32 %conv_i_i13_918_out, i32 %conv_i_i13_918_load"   --->   Operation 1011 'write' 'write_ln0' <Predicate = (!icmp_ln31)> <Delay = 0.00>
ST_12 : Operation 1012 [1/1] (0.00ns)   --->   "%write_ln0 = write void @_ssdm_op_Write.ap_auto.i32P0A, i32 %conv_i_i13_817_out, i32 %conv_i_i13_817_load"   --->   Operation 1012 'write' 'write_ln0' <Predicate = (!icmp_ln31)> <Delay = 0.00>
ST_12 : Operation 1013 [1/1] (0.00ns)   --->   "%write_ln0 = write void @_ssdm_op_Write.ap_auto.i32P0A, i32 %conv_i_i13_716_out, i32 %conv_i_i13_716_load"   --->   Operation 1013 'write' 'write_ln0' <Predicate = (!icmp_ln31)> <Delay = 0.00>
ST_12 : Operation 1014 [1/1] (0.00ns)   --->   "%write_ln0 = write void @_ssdm_op_Write.ap_auto.i32P0A, i32 %conv_i_i13_615_out, i32 %conv_i_i13_615_load"   --->   Operation 1014 'write' 'write_ln0' <Predicate = (!icmp_ln31)> <Delay = 0.00>
ST_12 : Operation 1015 [1/1] (0.00ns)   --->   "%write_ln0 = write void @_ssdm_op_Write.ap_auto.i32P0A, i32 %conv_i_i13_514_out, i32 %conv_i_i13_514_load"   --->   Operation 1015 'write' 'write_ln0' <Predicate = (!icmp_ln31)> <Delay = 0.00>
ST_12 : Operation 1016 [1/1] (0.00ns)   --->   "%write_ln0 = write void @_ssdm_op_Write.ap_auto.i32P0A, i32 %conv_i_i13_413_out, i32 %conv_i_i13_413_load"   --->   Operation 1016 'write' 'write_ln0' <Predicate = (!icmp_ln31)> <Delay = 0.00>
ST_12 : Operation 1017 [1/1] (0.00ns)   --->   "%write_ln0 = write void @_ssdm_op_Write.ap_auto.i32P0A, i32 %conv_i_i13_312_out, i32 %conv_i_i13_312_load"   --->   Operation 1017 'write' 'write_ln0' <Predicate = (!icmp_ln31)> <Delay = 0.00>
ST_12 : Operation 1018 [1/1] (0.00ns)   --->   "%write_ln0 = write void @_ssdm_op_Write.ap_auto.i32P0A, i32 %conv_i_i13_211_out, i32 %conv_i_i13_211_load"   --->   Operation 1018 'write' 'write_ln0' <Predicate = (!icmp_ln31)> <Delay = 0.00>
ST_12 : Operation 1019 [1/1] (0.00ns)   --->   "%write_ln0 = write void @_ssdm_op_Write.ap_auto.i32P0A, i32 %conv_i_i13_110_out, i32 %conv_i_i13_110_load"   --->   Operation 1019 'write' 'write_ln0' <Predicate = (!icmp_ln31)> <Delay = 0.00>
ST_12 : Operation 1020 [1/1] (0.00ns)   --->   "%write_ln0 = write void @_ssdm_op_Write.ap_auto.i32P0A, i32 %conv_i_i135_out, i32 %conv_i_i135_load"   --->   Operation 1020 'write' 'write_ln0' <Predicate = (!icmp_ln31)> <Delay = 0.00>
ST_12 : Operation 1021 [1/1] (0.42ns)   --->   "%ret_ln0 = ret"   --->   Operation 1021 'ret' 'ret_ln0' <Predicate = (!icmp_ln31)> <Delay = 0.42>

State 13 <SV = 12> <Delay = 7.30>
ST_13 : Operation 312 [1/1] (0.00ns)   --->   "%conv_i_i135_load_1 = load i32 %conv_i_i135" [src/integrated-gcn/naive_spmm_stage.cpp:37]   --->   Operation 312 'load' 'conv_i_i135_load_1' <Predicate = (icmp_ln31)> <Delay = 0.00>
ST_13 : Operation 313 [1/1] (0.00ns)   --->   "%shl_ln2 = bitconcatenate i26 @_ssdm_op_BitConcatenate.i26.i16.i10, i16 %val, i10 0" [src/integrated-gcn/naive_spmm_stage.cpp:37]   --->   Operation 313 'bitconcatenate' 'shl_ln2' <Predicate = (icmp_ln31)> <Delay = 0.00>
ST_13 : Operation 314 [1/1] (0.00ns)   --->   "%sext_ln36 = sext i26 %shl_ln2" [src/integrated-gcn/naive_spmm_stage.cpp:36]   --->   Operation 314 'sext' 'sext_ln36' <Predicate = (icmp_ln31)> <Delay = 0.00>
ST_13 : Operation 315 [1/1] (0.00ns)   --->   "%shl_ln37_1 = bitconcatenate i26 @_ssdm_op_BitConcatenate.i26.i16.i10, i16 %gmem3_addr_read, i10 0" [src/integrated-gcn/naive_spmm_stage.cpp:37]   --->   Operation 315 'bitconcatenate' 'shl_ln37_1' <Predicate = (icmp_ln31)> <Delay = 0.00>
ST_13 : Operation 316 [1/1] (0.00ns)   --->   "%sext_ln37 = sext i26 %shl_ln37_1" [src/integrated-gcn/naive_spmm_stage.cpp:37]   --->   Operation 316 'sext' 'sext_ln37' <Predicate = (icmp_ln31)> <Delay = 0.00>
ST_13 : Operation 317 [1/1] (3.14ns)   --->   "%mul_ln37 = mul i52 %sext_ln37, i52 %sext_ln36" [src/integrated-gcn/naive_spmm_stage.cpp:37]   --->   Operation 317 'mul' 'mul_ln37' <Predicate = (icmp_ln31)> <Delay = 3.14> <CoreInst = "Multiplier">   --->   Core 3 'Multiplier' <Latency = 0> <II = 1> <Delay = 3.14> <FuncUnit> <Opcode : 'mul'> <InPorts = 2> <OutPorts = 1>
ST_13 : Operation 318 [1/1] (0.00ns)   --->   "%shl_ln37_s = bitconcatenate i52 @_ssdm_op_BitConcatenate.i52.i32.i20, i32 %conv_i_i135_load_1, i20 0" [src/integrated-gcn/naive_spmm_stage.cpp:37]   --->   Operation 318 'bitconcatenate' 'shl_ln37_s' <Predicate = (icmp_ln31)> <Delay = 0.00>
ST_13 : Operation 319 [1/1] (1.10ns)   --->   "%add_ln37 = add i52 %shl_ln37_s, i52 %mul_ln37" [src/integrated-gcn/naive_spmm_stage.cpp:37]   --->   Operation 319 'add' 'add_ln37' <Predicate = (icmp_ln31)> <Delay = 1.10> <CoreInst = "Adder">   --->   Core 1 'Adder' <Latency = 0> <II = 1> <Delay = 1.10> <FuncUnit> <Opcode : 'add' 'sub'> <InPorts = 2> <OutPorts = 1>
ST_13 : Operation 320 [1/1] (0.00ns)   --->   "%trunc_ln4 = partselect i32 @_ssdm_op_PartSelect.i32.i52.i32.i32, i52 %add_ln37, i32 20, i32 51" [src/integrated-gcn/naive_spmm_stage.cpp:37]   --->   Operation 320 'partselect' 'trunc_ln4' <Predicate = (icmp_ln31)> <Delay = 0.00>
ST_13 : Operation 321 [1/1] ( I:7.30ns O:7.30ns )   --->   "%gmem3_addr_read_1 = read i16 @_ssdm_op_Read.m_axi.i16.p1i16, i16 %gmem3_addr" [src/integrated-gcn/naive_spmm_stage.cpp:37]   --->   Operation 321 'read' 'gmem3_addr_read_1' <Predicate = (icmp_ln31)> <Delay = 7.30> <CoreInst = "m_axi">   --->   Core 119 'm_axi' <Latency = 3> <II = 1> <Delay = 1.00> <Adapter> <Opcode : 'readrequnaligned' 'writerequnaligned' 'read' 'write' 'readreq' 'writereq' 'writeresp'>
ST_13 : Operation 322 [1/1] (0.42ns)   --->   "%store_ln37 = store i32 %trunc_ln4, i32 %conv_i_i135" [src/integrated-gcn/naive_spmm_stage.cpp:37]   --->   Operation 322 'store' 'store_ln37' <Predicate = (icmp_ln31)> <Delay = 0.42>

State 14 <SV = 13> <Delay = 7.30>
ST_14 : Operation 323 [1/1] (0.00ns)   --->   "%conv_i_i13_110_load_1 = load i32 %conv_i_i13_110" [src/integrated-gcn/naive_spmm_stage.cpp:37]   --->   Operation 323 'load' 'conv_i_i13_110_load_1' <Predicate = (icmp_ln31)> <Delay = 0.00>
ST_14 : Operation 324 [1/1] (0.00ns)   --->   "%shl_ln37_2 = bitconcatenate i26 @_ssdm_op_BitConcatenate.i26.i16.i10, i16 %gmem3_addr_read_1, i10 0" [src/integrated-gcn/naive_spmm_stage.cpp:37]   --->   Operation 324 'bitconcatenate' 'shl_ln37_2' <Predicate = (icmp_ln31)> <Delay = 0.00>
ST_14 : Operation 325 [1/1] (0.00ns)   --->   "%sext_ln37_1 = sext i26 %shl_ln37_2" [src/integrated-gcn/naive_spmm_stage.cpp:37]   --->   Operation 325 'sext' 'sext_ln37_1' <Predicate = (icmp_ln31)> <Delay = 0.00>
ST_14 : Operation 326 [1/1] (3.14ns)   --->   "%mul_ln37_1 = mul i52 %sext_ln37_1, i52 %sext_ln36" [src/integrated-gcn/naive_spmm_stage.cpp:37]   --->   Operation 326 'mul' 'mul_ln37_1' <Predicate = (icmp_ln31)> <Delay = 3.14> <CoreInst = "Multiplier">   --->   Core 3 'Multiplier' <Latency = 0> <II = 1> <Delay = 3.14> <FuncUnit> <Opcode : 'mul'> <InPorts = 2> <OutPorts = 1>
ST_14 : Operation 327 [1/1] (0.00ns)   --->   "%shl_ln37_65 = bitconcatenate i52 @_ssdm_op_BitConcatenate.i52.i32.i20, i32 %conv_i_i13_110_load_1, i20 0" [src/integrated-gcn/naive_spmm_stage.cpp:37]   --->   Operation 327 'bitconcatenate' 'shl_ln37_65' <Predicate = (icmp_ln31)> <Delay = 0.00>
ST_14 : Operation 328 [1/1] (1.10ns)   --->   "%add_ln37_1 = add i52 %shl_ln37_65, i52 %mul_ln37_1" [src/integrated-gcn/naive_spmm_stage.cpp:37]   --->   Operation 328 'add' 'add_ln37_1' <Predicate = (icmp_ln31)> <Delay = 1.10> <CoreInst = "Adder">   --->   Core 1 'Adder' <Latency = 0> <II = 1> <Delay = 1.10> <FuncUnit> <Opcode : 'add' 'sub'> <InPorts = 2> <OutPorts = 1>
ST_14 : Operation 329 [1/1] (0.00ns)   --->   "%trunc_ln37_1 = partselect i32 @_ssdm_op_PartSelect.i32.i52.i32.i32, i52 %add_ln37_1, i32 20, i32 51" [src/integrated-gcn/naive_spmm_stage.cpp:37]   --->   Operation 329 'partselect' 'trunc_ln37_1' <Predicate = (icmp_ln31)> <Delay = 0.00>
ST_14 : Operation 330 [1/1] ( I:7.30ns O:7.30ns )   --->   "%gmem3_addr_read_2 = read i16 @_ssdm_op_Read.m_axi.i16.p1i16, i16 %gmem3_addr" [src/integrated-gcn/naive_spmm_stage.cpp:37]   --->   Operation 330 'read' 'gmem3_addr_read_2' <Predicate = (icmp_ln31)> <Delay = 7.30> <CoreInst = "m_axi">   --->   Core 119 'm_axi' <Latency = 3> <II = 1> <Delay = 1.00> <Adapter> <Opcode : 'readrequnaligned' 'writerequnaligned' 'read' 'write' 'readreq' 'writereq' 'writeresp'>
ST_14 : Operation 331 [1/1] (0.42ns)   --->   "%store_ln37 = store i32 %trunc_ln37_1, i32 %conv_i_i13_110" [src/integrated-gcn/naive_spmm_stage.cpp:37]   --->   Operation 331 'store' 'store_ln37' <Predicate = (icmp_ln31)> <Delay = 0.42>

State 15 <SV = 14> <Delay = 7.30>
ST_15 : Operation 332 [1/1] (0.00ns)   --->   "%conv_i_i13_211_load_1 = load i32 %conv_i_i13_211" [src/integrated-gcn/naive_spmm_stage.cpp:37]   --->   Operation 332 'load' 'conv_i_i13_211_load_1' <Predicate = (icmp_ln31)> <Delay = 0.00>
ST_15 : Operation 333 [1/1] (0.00ns)   --->   "%shl_ln37_3 = bitconcatenate i26 @_ssdm_op_BitConcatenate.i26.i16.i10, i16 %gmem3_addr_read_2, i10 0" [src/integrated-gcn/naive_spmm_stage.cpp:37]   --->   Operation 333 'bitconcatenate' 'shl_ln37_3' <Predicate = (icmp_ln31)> <Delay = 0.00>
ST_15 : Operation 334 [1/1] (0.00ns)   --->   "%sext_ln37_2 = sext i26 %shl_ln37_3" [src/integrated-gcn/naive_spmm_stage.cpp:37]   --->   Operation 334 'sext' 'sext_ln37_2' <Predicate = (icmp_ln31)> <Delay = 0.00>
ST_15 : Operation 335 [1/1] (3.14ns)   --->   "%mul_ln37_2 = mul i52 %sext_ln37_2, i52 %sext_ln36" [src/integrated-gcn/naive_spmm_stage.cpp:37]   --->   Operation 335 'mul' 'mul_ln37_2' <Predicate = (icmp_ln31)> <Delay = 3.14> <CoreInst = "Multiplier">   --->   Core 3 'Multiplier' <Latency = 0> <II = 1> <Delay = 3.14> <FuncUnit> <Opcode : 'mul'> <InPorts = 2> <OutPorts = 1>
ST_15 : Operation 336 [1/1] (0.00ns)   --->   "%shl_ln37_66 = bitconcatenate i52 @_ssdm_op_BitConcatenate.i52.i32.i20, i32 %conv_i_i13_211_load_1, i20 0" [src/integrated-gcn/naive_spmm_stage.cpp:37]   --->   Operation 336 'bitconcatenate' 'shl_ln37_66' <Predicate = (icmp_ln31)> <Delay = 0.00>
ST_15 : Operation 337 [1/1] (1.10ns)   --->   "%add_ln37_2 = add i52 %shl_ln37_66, i52 %mul_ln37_2" [src/integrated-gcn/naive_spmm_stage.cpp:37]   --->   Operation 337 'add' 'add_ln37_2' <Predicate = (icmp_ln31)> <Delay = 1.10> <CoreInst = "Adder">   --->   Core 1 'Adder' <Latency = 0> <II = 1> <Delay = 1.10> <FuncUnit> <Opcode : 'add' 'sub'> <InPorts = 2> <OutPorts = 1>
ST_15 : Operation 338 [1/1] (0.00ns)   --->   "%trunc_ln37_2 = partselect i32 @_ssdm_op_PartSelect.i32.i52.i32.i32, i52 %add_ln37_2, i32 20, i32 51" [src/integrated-gcn/naive_spmm_stage.cpp:37]   --->   Operation 338 'partselect' 'trunc_ln37_2' <Predicate = (icmp_ln31)> <Delay = 0.00>
ST_15 : Operation 339 [1/1] ( I:7.30ns O:7.30ns )   --->   "%gmem3_addr_read_3 = read i16 @_ssdm_op_Read.m_axi.i16.p1i16, i16 %gmem3_addr" [src/integrated-gcn/naive_spmm_stage.cpp:37]   --->   Operation 339 'read' 'gmem3_addr_read_3' <Predicate = (icmp_ln31)> <Delay = 7.30> <CoreInst = "m_axi">   --->   Core 119 'm_axi' <Latency = 3> <II = 1> <Delay = 1.00> <Adapter> <Opcode : 'readrequnaligned' 'writerequnaligned' 'read' 'write' 'readreq' 'writereq' 'writeresp'>
ST_15 : Operation 340 [1/1] (0.42ns)   --->   "%store_ln37 = store i32 %trunc_ln37_2, i32 %conv_i_i13_211" [src/integrated-gcn/naive_spmm_stage.cpp:37]   --->   Operation 340 'store' 'store_ln37' <Predicate = (icmp_ln31)> <Delay = 0.42>

State 16 <SV = 15> <Delay = 7.30>
ST_16 : Operation 341 [1/1] (0.00ns)   --->   "%conv_i_i13_312_load_1 = load i32 %conv_i_i13_312" [src/integrated-gcn/naive_spmm_stage.cpp:37]   --->   Operation 341 'load' 'conv_i_i13_312_load_1' <Predicate = (icmp_ln31)> <Delay = 0.00>
ST_16 : Operation 342 [1/1] (0.00ns)   --->   "%shl_ln37_4 = bitconcatenate i26 @_ssdm_op_BitConcatenate.i26.i16.i10, i16 %gmem3_addr_read_3, i10 0" [src/integrated-gcn/naive_spmm_stage.cpp:37]   --->   Operation 342 'bitconcatenate' 'shl_ln37_4' <Predicate = (icmp_ln31)> <Delay = 0.00>
ST_16 : Operation 343 [1/1] (0.00ns)   --->   "%sext_ln37_3 = sext i26 %shl_ln37_4" [src/integrated-gcn/naive_spmm_stage.cpp:37]   --->   Operation 343 'sext' 'sext_ln37_3' <Predicate = (icmp_ln31)> <Delay = 0.00>
ST_16 : Operation 344 [1/1] (3.14ns)   --->   "%mul_ln37_3 = mul i52 %sext_ln37_3, i52 %sext_ln36" [src/integrated-gcn/naive_spmm_stage.cpp:37]   --->   Operation 344 'mul' 'mul_ln37_3' <Predicate = (icmp_ln31)> <Delay = 3.14> <CoreInst = "Multiplier">   --->   Core 3 'Multiplier' <Latency = 0> <II = 1> <Delay = 3.14> <FuncUnit> <Opcode : 'mul'> <InPorts = 2> <OutPorts = 1>
ST_16 : Operation 345 [1/1] (0.00ns)   --->   "%shl_ln37_67 = bitconcatenate i52 @_ssdm_op_BitConcatenate.i52.i32.i20, i32 %conv_i_i13_312_load_1, i20 0" [src/integrated-gcn/naive_spmm_stage.cpp:37]   --->   Operation 345 'bitconcatenate' 'shl_ln37_67' <Predicate = (icmp_ln31)> <Delay = 0.00>
ST_16 : Operation 346 [1/1] (1.10ns)   --->   "%add_ln37_3 = add i52 %shl_ln37_67, i52 %mul_ln37_3" [src/integrated-gcn/naive_spmm_stage.cpp:37]   --->   Operation 346 'add' 'add_ln37_3' <Predicate = (icmp_ln31)> <Delay = 1.10> <CoreInst = "Adder">   --->   Core 1 'Adder' <Latency = 0> <II = 1> <Delay = 1.10> <FuncUnit> <Opcode : 'add' 'sub'> <InPorts = 2> <OutPorts = 1>
ST_16 : Operation 347 [1/1] (0.00ns)   --->   "%trunc_ln37_3 = partselect i32 @_ssdm_op_PartSelect.i32.i52.i32.i32, i52 %add_ln37_3, i32 20, i32 51" [src/integrated-gcn/naive_spmm_stage.cpp:37]   --->   Operation 347 'partselect' 'trunc_ln37_3' <Predicate = (icmp_ln31)> <Delay = 0.00>
ST_16 : Operation 348 [1/1] ( I:7.30ns O:7.30ns )   --->   "%gmem3_addr_read_4 = read i16 @_ssdm_op_Read.m_axi.i16.p1i16, i16 %gmem3_addr" [src/integrated-gcn/naive_spmm_stage.cpp:37]   --->   Operation 348 'read' 'gmem3_addr_read_4' <Predicate = (icmp_ln31)> <Delay = 7.30> <CoreInst = "m_axi">   --->   Core 119 'm_axi' <Latency = 3> <II = 1> <Delay = 1.00> <Adapter> <Opcode : 'readrequnaligned' 'writerequnaligned' 'read' 'write' 'readreq' 'writereq' 'writeresp'>
ST_16 : Operation 349 [1/1] (0.42ns)   --->   "%store_ln37 = store i32 %trunc_ln37_3, i32 %conv_i_i13_312" [src/integrated-gcn/naive_spmm_stage.cpp:37]   --->   Operation 349 'store' 'store_ln37' <Predicate = (icmp_ln31)> <Delay = 0.42>

State 17 <SV = 16> <Delay = 7.30>
ST_17 : Operation 350 [1/1] (0.00ns)   --->   "%conv_i_i13_413_load_1 = load i32 %conv_i_i13_413" [src/integrated-gcn/naive_spmm_stage.cpp:37]   --->   Operation 350 'load' 'conv_i_i13_413_load_1' <Predicate = (icmp_ln31)> <Delay = 0.00>
ST_17 : Operation 351 [1/1] (0.00ns)   --->   "%shl_ln37_5 = bitconcatenate i26 @_ssdm_op_BitConcatenate.i26.i16.i10, i16 %gmem3_addr_read_4, i10 0" [src/integrated-gcn/naive_spmm_stage.cpp:37]   --->   Operation 351 'bitconcatenate' 'shl_ln37_5' <Predicate = (icmp_ln31)> <Delay = 0.00>
ST_17 : Operation 352 [1/1] (0.00ns)   --->   "%sext_ln37_4 = sext i26 %shl_ln37_5" [src/integrated-gcn/naive_spmm_stage.cpp:37]   --->   Operation 352 'sext' 'sext_ln37_4' <Predicate = (icmp_ln31)> <Delay = 0.00>
ST_17 : Operation 353 [1/1] (3.14ns)   --->   "%mul_ln37_4 = mul i52 %sext_ln37_4, i52 %sext_ln36" [src/integrated-gcn/naive_spmm_stage.cpp:37]   --->   Operation 353 'mul' 'mul_ln37_4' <Predicate = (icmp_ln31)> <Delay = 3.14> <CoreInst = "Multiplier">   --->   Core 3 'Multiplier' <Latency = 0> <II = 1> <Delay = 3.14> <FuncUnit> <Opcode : 'mul'> <InPorts = 2> <OutPorts = 1>
ST_17 : Operation 354 [1/1] (0.00ns)   --->   "%shl_ln37_68 = bitconcatenate i52 @_ssdm_op_BitConcatenate.i52.i32.i20, i32 %conv_i_i13_413_load_1, i20 0" [src/integrated-gcn/naive_spmm_stage.cpp:37]   --->   Operation 354 'bitconcatenate' 'shl_ln37_68' <Predicate = (icmp_ln31)> <Delay = 0.00>
ST_17 : Operation 355 [1/1] (1.10ns)   --->   "%add_ln37_4 = add i52 %shl_ln37_68, i52 %mul_ln37_4" [src/integrated-gcn/naive_spmm_stage.cpp:37]   --->   Operation 355 'add' 'add_ln37_4' <Predicate = (icmp_ln31)> <Delay = 1.10> <CoreInst = "Adder">   --->   Core 1 'Adder' <Latency = 0> <II = 1> <Delay = 1.10> <FuncUnit> <Opcode : 'add' 'sub'> <InPorts = 2> <OutPorts = 1>
ST_17 : Operation 356 [1/1] (0.00ns)   --->   "%trunc_ln37_4 = partselect i32 @_ssdm_op_PartSelect.i32.i52.i32.i32, i52 %add_ln37_4, i32 20, i32 51" [src/integrated-gcn/naive_spmm_stage.cpp:37]   --->   Operation 356 'partselect' 'trunc_ln37_4' <Predicate = (icmp_ln31)> <Delay = 0.00>
ST_17 : Operation 357 [1/1] ( I:7.30ns O:7.30ns )   --->   "%gmem3_addr_read_5 = read i16 @_ssdm_op_Read.m_axi.i16.p1i16, i16 %gmem3_addr" [src/integrated-gcn/naive_spmm_stage.cpp:37]   --->   Operation 357 'read' 'gmem3_addr_read_5' <Predicate = (icmp_ln31)> <Delay = 7.30> <CoreInst = "m_axi">   --->   Core 119 'm_axi' <Latency = 3> <II = 1> <Delay = 1.00> <Adapter> <Opcode : 'readrequnaligned' 'writerequnaligned' 'read' 'write' 'readreq' 'writereq' 'writeresp'>
ST_17 : Operation 358 [1/1] (0.42ns)   --->   "%store_ln37 = store i32 %trunc_ln37_4, i32 %conv_i_i13_413" [src/integrated-gcn/naive_spmm_stage.cpp:37]   --->   Operation 358 'store' 'store_ln37' <Predicate = (icmp_ln31)> <Delay = 0.42>

State 18 <SV = 17> <Delay = 7.30>
ST_18 : Operation 359 [1/1] (0.00ns)   --->   "%conv_i_i13_514_load_1 = load i32 %conv_i_i13_514" [src/integrated-gcn/naive_spmm_stage.cpp:37]   --->   Operation 359 'load' 'conv_i_i13_514_load_1' <Predicate = (icmp_ln31)> <Delay = 0.00>
ST_18 : Operation 360 [1/1] (0.00ns)   --->   "%shl_ln37_6 = bitconcatenate i26 @_ssdm_op_BitConcatenate.i26.i16.i10, i16 %gmem3_addr_read_5, i10 0" [src/integrated-gcn/naive_spmm_stage.cpp:37]   --->   Operation 360 'bitconcatenate' 'shl_ln37_6' <Predicate = (icmp_ln31)> <Delay = 0.00>
ST_18 : Operation 361 [1/1] (0.00ns)   --->   "%sext_ln37_5 = sext i26 %shl_ln37_6" [src/integrated-gcn/naive_spmm_stage.cpp:37]   --->   Operation 361 'sext' 'sext_ln37_5' <Predicate = (icmp_ln31)> <Delay = 0.00>
ST_18 : Operation 362 [1/1] (3.14ns)   --->   "%mul_ln37_5 = mul i52 %sext_ln37_5, i52 %sext_ln36" [src/integrated-gcn/naive_spmm_stage.cpp:37]   --->   Operation 362 'mul' 'mul_ln37_5' <Predicate = (icmp_ln31)> <Delay = 3.14> <CoreInst = "Multiplier">   --->   Core 3 'Multiplier' <Latency = 0> <II = 1> <Delay = 3.14> <FuncUnit> <Opcode : 'mul'> <InPorts = 2> <OutPorts = 1>
ST_18 : Operation 363 [1/1] (0.00ns)   --->   "%shl_ln37_69 = bitconcatenate i52 @_ssdm_op_BitConcatenate.i52.i32.i20, i32 %conv_i_i13_514_load_1, i20 0" [src/integrated-gcn/naive_spmm_stage.cpp:37]   --->   Operation 363 'bitconcatenate' 'shl_ln37_69' <Predicate = (icmp_ln31)> <Delay = 0.00>
ST_18 : Operation 364 [1/1] (1.10ns)   --->   "%add_ln37_5 = add i52 %shl_ln37_69, i52 %mul_ln37_5" [src/integrated-gcn/naive_spmm_stage.cpp:37]   --->   Operation 364 'add' 'add_ln37_5' <Predicate = (icmp_ln31)> <Delay = 1.10> <CoreInst = "Adder">   --->   Core 1 'Adder' <Latency = 0> <II = 1> <Delay = 1.10> <FuncUnit> <Opcode : 'add' 'sub'> <InPorts = 2> <OutPorts = 1>
ST_18 : Operation 365 [1/1] (0.00ns)   --->   "%trunc_ln37_5 = partselect i32 @_ssdm_op_PartSelect.i32.i52.i32.i32, i52 %add_ln37_5, i32 20, i32 51" [src/integrated-gcn/naive_spmm_stage.cpp:37]   --->   Operation 365 'partselect' 'trunc_ln37_5' <Predicate = (icmp_ln31)> <Delay = 0.00>
ST_18 : Operation 366 [1/1] ( I:7.30ns O:7.30ns )   --->   "%gmem3_addr_read_6 = read i16 @_ssdm_op_Read.m_axi.i16.p1i16, i16 %gmem3_addr" [src/integrated-gcn/naive_spmm_stage.cpp:37]   --->   Operation 366 'read' 'gmem3_addr_read_6' <Predicate = (icmp_ln31)> <Delay = 7.30> <CoreInst = "m_axi">   --->   Core 119 'm_axi' <Latency = 3> <II = 1> <Delay = 1.00> <Adapter> <Opcode : 'readrequnaligned' 'writerequnaligned' 'read' 'write' 'readreq' 'writereq' 'writeresp'>
ST_18 : Operation 367 [1/1] (0.42ns)   --->   "%store_ln37 = store i32 %trunc_ln37_5, i32 %conv_i_i13_514" [src/integrated-gcn/naive_spmm_stage.cpp:37]   --->   Operation 367 'store' 'store_ln37' <Predicate = (icmp_ln31)> <Delay = 0.42>

State 19 <SV = 18> <Delay = 7.30>
ST_19 : Operation 368 [1/1] (0.00ns)   --->   "%conv_i_i13_615_load_1 = load i32 %conv_i_i13_615" [src/integrated-gcn/naive_spmm_stage.cpp:37]   --->   Operation 368 'load' 'conv_i_i13_615_load_1' <Predicate = (icmp_ln31)> <Delay = 0.00>
ST_19 : Operation 369 [1/1] (0.00ns)   --->   "%shl_ln37_7 = bitconcatenate i26 @_ssdm_op_BitConcatenate.i26.i16.i10, i16 %gmem3_addr_read_6, i10 0" [src/integrated-gcn/naive_spmm_stage.cpp:37]   --->   Operation 369 'bitconcatenate' 'shl_ln37_7' <Predicate = (icmp_ln31)> <Delay = 0.00>
ST_19 : Operation 370 [1/1] (0.00ns)   --->   "%sext_ln37_6 = sext i26 %shl_ln37_7" [src/integrated-gcn/naive_spmm_stage.cpp:37]   --->   Operation 370 'sext' 'sext_ln37_6' <Predicate = (icmp_ln31)> <Delay = 0.00>
ST_19 : Operation 371 [1/1] (3.14ns)   --->   "%mul_ln37_6 = mul i52 %sext_ln37_6, i52 %sext_ln36" [src/integrated-gcn/naive_spmm_stage.cpp:37]   --->   Operation 371 'mul' 'mul_ln37_6' <Predicate = (icmp_ln31)> <Delay = 3.14> <CoreInst = "Multiplier">   --->   Core 3 'Multiplier' <Latency = 0> <II = 1> <Delay = 3.14> <FuncUnit> <Opcode : 'mul'> <InPorts = 2> <OutPorts = 1>
ST_19 : Operation 372 [1/1] (0.00ns)   --->   "%shl_ln37_70 = bitconcatenate i52 @_ssdm_op_BitConcatenate.i52.i32.i20, i32 %conv_i_i13_615_load_1, i20 0" [src/integrated-gcn/naive_spmm_stage.cpp:37]   --->   Operation 372 'bitconcatenate' 'shl_ln37_70' <Predicate = (icmp_ln31)> <Delay = 0.00>
ST_19 : Operation 373 [1/1] (1.10ns)   --->   "%add_ln37_6 = add i52 %shl_ln37_70, i52 %mul_ln37_6" [src/integrated-gcn/naive_spmm_stage.cpp:37]   --->   Operation 373 'add' 'add_ln37_6' <Predicate = (icmp_ln31)> <Delay = 1.10> <CoreInst = "Adder">   --->   Core 1 'Adder' <Latency = 0> <II = 1> <Delay = 1.10> <FuncUnit> <Opcode : 'add' 'sub'> <InPorts = 2> <OutPorts = 1>
ST_19 : Operation 374 [1/1] (0.00ns)   --->   "%trunc_ln37_6 = partselect i32 @_ssdm_op_PartSelect.i32.i52.i32.i32, i52 %add_ln37_6, i32 20, i32 51" [src/integrated-gcn/naive_spmm_stage.cpp:37]   --->   Operation 374 'partselect' 'trunc_ln37_6' <Predicate = (icmp_ln31)> <Delay = 0.00>
ST_19 : Operation 375 [1/1] ( I:7.30ns O:7.30ns )   --->   "%gmem3_addr_read_7 = read i16 @_ssdm_op_Read.m_axi.i16.p1i16, i16 %gmem3_addr" [src/integrated-gcn/naive_spmm_stage.cpp:37]   --->   Operation 375 'read' 'gmem3_addr_read_7' <Predicate = (icmp_ln31)> <Delay = 7.30> <CoreInst = "m_axi">   --->   Core 119 'm_axi' <Latency = 3> <II = 1> <Delay = 1.00> <Adapter> <Opcode : 'readrequnaligned' 'writerequnaligned' 'read' 'write' 'readreq' 'writereq' 'writeresp'>
ST_19 : Operation 376 [1/1] (0.42ns)   --->   "%store_ln37 = store i32 %trunc_ln37_6, i32 %conv_i_i13_615" [src/integrated-gcn/naive_spmm_stage.cpp:37]   --->   Operation 376 'store' 'store_ln37' <Predicate = (icmp_ln31)> <Delay = 0.42>

State 20 <SV = 19> <Delay = 7.30>
ST_20 : Operation 377 [1/1] (0.00ns)   --->   "%conv_i_i13_716_load_1 = load i32 %conv_i_i13_716" [src/integrated-gcn/naive_spmm_stage.cpp:37]   --->   Operation 377 'load' 'conv_i_i13_716_load_1' <Predicate = (icmp_ln31)> <Delay = 0.00>
ST_20 : Operation 378 [1/1] (0.00ns)   --->   "%shl_ln37_8 = bitconcatenate i26 @_ssdm_op_BitConcatenate.i26.i16.i10, i16 %gmem3_addr_read_7, i10 0" [src/integrated-gcn/naive_spmm_stage.cpp:37]   --->   Operation 378 'bitconcatenate' 'shl_ln37_8' <Predicate = (icmp_ln31)> <Delay = 0.00>
ST_20 : Operation 379 [1/1] (0.00ns)   --->   "%sext_ln37_7 = sext i26 %shl_ln37_8" [src/integrated-gcn/naive_spmm_stage.cpp:37]   --->   Operation 379 'sext' 'sext_ln37_7' <Predicate = (icmp_ln31)> <Delay = 0.00>
ST_20 : Operation 380 [1/1] (3.14ns)   --->   "%mul_ln37_7 = mul i52 %sext_ln37_7, i52 %sext_ln36" [src/integrated-gcn/naive_spmm_stage.cpp:37]   --->   Operation 380 'mul' 'mul_ln37_7' <Predicate = (icmp_ln31)> <Delay = 3.14> <CoreInst = "Multiplier">   --->   Core 3 'Multiplier' <Latency = 0> <II = 1> <Delay = 3.14> <FuncUnit> <Opcode : 'mul'> <InPorts = 2> <OutPorts = 1>
ST_20 : Operation 381 [1/1] (0.00ns)   --->   "%shl_ln37_71 = bitconcatenate i52 @_ssdm_op_BitConcatenate.i52.i32.i20, i32 %conv_i_i13_716_load_1, i20 0" [src/integrated-gcn/naive_spmm_stage.cpp:37]   --->   Operation 381 'bitconcatenate' 'shl_ln37_71' <Predicate = (icmp_ln31)> <Delay = 0.00>
ST_20 : Operation 382 [1/1] (1.10ns)   --->   "%add_ln37_7 = add i52 %shl_ln37_71, i52 %mul_ln37_7" [src/integrated-gcn/naive_spmm_stage.cpp:37]   --->   Operation 382 'add' 'add_ln37_7' <Predicate = (icmp_ln31)> <Delay = 1.10> <CoreInst = "Adder">   --->   Core 1 'Adder' <Latency = 0> <II = 1> <Delay = 1.10> <FuncUnit> <Opcode : 'add' 'sub'> <InPorts = 2> <OutPorts = 1>
ST_20 : Operation 383 [1/1] (0.00ns)   --->   "%trunc_ln37_7 = partselect i32 @_ssdm_op_PartSelect.i32.i52.i32.i32, i52 %add_ln37_7, i32 20, i32 51" [src/integrated-gcn/naive_spmm_stage.cpp:37]   --->   Operation 383 'partselect' 'trunc_ln37_7' <Predicate = (icmp_ln31)> <Delay = 0.00>
ST_20 : Operation 384 [1/1] ( I:7.30ns O:7.30ns )   --->   "%gmem3_addr_read_8 = read i16 @_ssdm_op_Read.m_axi.i16.p1i16, i16 %gmem3_addr" [src/integrated-gcn/naive_spmm_stage.cpp:37]   --->   Operation 384 'read' 'gmem3_addr_read_8' <Predicate = (icmp_ln31)> <Delay = 7.30> <CoreInst = "m_axi">   --->   Core 119 'm_axi' <Latency = 3> <II = 1> <Delay = 1.00> <Adapter> <Opcode : 'readrequnaligned' 'writerequnaligned' 'read' 'write' 'readreq' 'writereq' 'writeresp'>
ST_20 : Operation 385 [1/1] (0.42ns)   --->   "%store_ln37 = store i32 %trunc_ln37_7, i32 %conv_i_i13_716" [src/integrated-gcn/naive_spmm_stage.cpp:37]   --->   Operation 385 'store' 'store_ln37' <Predicate = (icmp_ln31)> <Delay = 0.42>

State 21 <SV = 20> <Delay = 7.30>
ST_21 : Operation 386 [1/1] (0.00ns)   --->   "%conv_i_i13_817_load_1 = load i32 %conv_i_i13_817" [src/integrated-gcn/naive_spmm_stage.cpp:37]   --->   Operation 386 'load' 'conv_i_i13_817_load_1' <Predicate = (icmp_ln31)> <Delay = 0.00>
ST_21 : Operation 387 [1/1] (0.00ns)   --->   "%shl_ln37_9 = bitconcatenate i26 @_ssdm_op_BitConcatenate.i26.i16.i10, i16 %gmem3_addr_read_8, i10 0" [src/integrated-gcn/naive_spmm_stage.cpp:37]   --->   Operation 387 'bitconcatenate' 'shl_ln37_9' <Predicate = (icmp_ln31)> <Delay = 0.00>
ST_21 : Operation 388 [1/1] (0.00ns)   --->   "%sext_ln37_8 = sext i26 %shl_ln37_9" [src/integrated-gcn/naive_spmm_stage.cpp:37]   --->   Operation 388 'sext' 'sext_ln37_8' <Predicate = (icmp_ln31)> <Delay = 0.00>
ST_21 : Operation 389 [1/1] (3.14ns)   --->   "%mul_ln37_8 = mul i52 %sext_ln37_8, i52 %sext_ln36" [src/integrated-gcn/naive_spmm_stage.cpp:37]   --->   Operation 389 'mul' 'mul_ln37_8' <Predicate = (icmp_ln31)> <Delay = 3.14> <CoreInst = "Multiplier">   --->   Core 3 'Multiplier' <Latency = 0> <II = 1> <Delay = 3.14> <FuncUnit> <Opcode : 'mul'> <InPorts = 2> <OutPorts = 1>
ST_21 : Operation 390 [1/1] (0.00ns)   --->   "%shl_ln37_72 = bitconcatenate i52 @_ssdm_op_BitConcatenate.i52.i32.i20, i32 %conv_i_i13_817_load_1, i20 0" [src/integrated-gcn/naive_spmm_stage.cpp:37]   --->   Operation 390 'bitconcatenate' 'shl_ln37_72' <Predicate = (icmp_ln31)> <Delay = 0.00>
ST_21 : Operation 391 [1/1] (1.10ns)   --->   "%add_ln37_8 = add i52 %shl_ln37_72, i52 %mul_ln37_8" [src/integrated-gcn/naive_spmm_stage.cpp:37]   --->   Operation 391 'add' 'add_ln37_8' <Predicate = (icmp_ln31)> <Delay = 1.10> <CoreInst = "Adder">   --->   Core 1 'Adder' <Latency = 0> <II = 1> <Delay = 1.10> <FuncUnit> <Opcode : 'add' 'sub'> <InPorts = 2> <OutPorts = 1>
ST_21 : Operation 392 [1/1] (0.00ns)   --->   "%trunc_ln37_8 = partselect i32 @_ssdm_op_PartSelect.i32.i52.i32.i32, i52 %add_ln37_8, i32 20, i32 51" [src/integrated-gcn/naive_spmm_stage.cpp:37]   --->   Operation 392 'partselect' 'trunc_ln37_8' <Predicate = (icmp_ln31)> <Delay = 0.00>
ST_21 : Operation 393 [1/1] ( I:7.30ns O:7.30ns )   --->   "%gmem3_addr_read_9 = read i16 @_ssdm_op_Read.m_axi.i16.p1i16, i16 %gmem3_addr" [src/integrated-gcn/naive_spmm_stage.cpp:37]   --->   Operation 393 'read' 'gmem3_addr_read_9' <Predicate = (icmp_ln31)> <Delay = 7.30> <CoreInst = "m_axi">   --->   Core 119 'm_axi' <Latency = 3> <II = 1> <Delay = 1.00> <Adapter> <Opcode : 'readrequnaligned' 'writerequnaligned' 'read' 'write' 'readreq' 'writereq' 'writeresp'>
ST_21 : Operation 394 [1/1] (0.42ns)   --->   "%store_ln37 = store i32 %trunc_ln37_8, i32 %conv_i_i13_817" [src/integrated-gcn/naive_spmm_stage.cpp:37]   --->   Operation 394 'store' 'store_ln37' <Predicate = (icmp_ln31)> <Delay = 0.42>

State 22 <SV = 21> <Delay = 7.30>
ST_22 : Operation 395 [1/1] (0.00ns)   --->   "%conv_i_i13_918_load_1 = load i32 %conv_i_i13_918" [src/integrated-gcn/naive_spmm_stage.cpp:37]   --->   Operation 395 'load' 'conv_i_i13_918_load_1' <Predicate = (icmp_ln31)> <Delay = 0.00>
ST_22 : Operation 396 [1/1] (0.00ns)   --->   "%shl_ln37_10 = bitconcatenate i26 @_ssdm_op_BitConcatenate.i26.i16.i10, i16 %gmem3_addr_read_9, i10 0" [src/integrated-gcn/naive_spmm_stage.cpp:37]   --->   Operation 396 'bitconcatenate' 'shl_ln37_10' <Predicate = (icmp_ln31)> <Delay = 0.00>
ST_22 : Operation 397 [1/1] (0.00ns)   --->   "%sext_ln37_9 = sext i26 %shl_ln37_10" [src/integrated-gcn/naive_spmm_stage.cpp:37]   --->   Operation 397 'sext' 'sext_ln37_9' <Predicate = (icmp_ln31)> <Delay = 0.00>
ST_22 : Operation 398 [1/1] (3.14ns)   --->   "%mul_ln37_9 = mul i52 %sext_ln37_9, i52 %sext_ln36" [src/integrated-gcn/naive_spmm_stage.cpp:37]   --->   Operation 398 'mul' 'mul_ln37_9' <Predicate = (icmp_ln31)> <Delay = 3.14> <CoreInst = "Multiplier">   --->   Core 3 'Multiplier' <Latency = 0> <II = 1> <Delay = 3.14> <FuncUnit> <Opcode : 'mul'> <InPorts = 2> <OutPorts = 1>
ST_22 : Operation 399 [1/1] (0.00ns)   --->   "%shl_ln37_73 = bitconcatenate i52 @_ssdm_op_BitConcatenate.i52.i32.i20, i32 %conv_i_i13_918_load_1, i20 0" [src/integrated-gcn/naive_spmm_stage.cpp:37]   --->   Operation 399 'bitconcatenate' 'shl_ln37_73' <Predicate = (icmp_ln31)> <Delay = 0.00>
ST_22 : Operation 400 [1/1] (1.10ns)   --->   "%add_ln37_9 = add i52 %shl_ln37_73, i52 %mul_ln37_9" [src/integrated-gcn/naive_spmm_stage.cpp:37]   --->   Operation 400 'add' 'add_ln37_9' <Predicate = (icmp_ln31)> <Delay = 1.10> <CoreInst = "Adder">   --->   Core 1 'Adder' <Latency = 0> <II = 1> <Delay = 1.10> <FuncUnit> <Opcode : 'add' 'sub'> <InPorts = 2> <OutPorts = 1>
ST_22 : Operation 401 [1/1] (0.00ns)   --->   "%trunc_ln37_9 = partselect i32 @_ssdm_op_PartSelect.i32.i52.i32.i32, i52 %add_ln37_9, i32 20, i32 51" [src/integrated-gcn/naive_spmm_stage.cpp:37]   --->   Operation 401 'partselect' 'trunc_ln37_9' <Predicate = (icmp_ln31)> <Delay = 0.00>
ST_22 : Operation 402 [1/1] ( I:7.30ns O:7.30ns )   --->   "%gmem3_addr_read_10 = read i16 @_ssdm_op_Read.m_axi.i16.p1i16, i16 %gmem3_addr" [src/integrated-gcn/naive_spmm_stage.cpp:37]   --->   Operation 402 'read' 'gmem3_addr_read_10' <Predicate = (icmp_ln31)> <Delay = 7.30> <CoreInst = "m_axi">   --->   Core 119 'm_axi' <Latency = 3> <II = 1> <Delay = 1.00> <Adapter> <Opcode : 'readrequnaligned' 'writerequnaligned' 'read' 'write' 'readreq' 'writereq' 'writeresp'>
ST_22 : Operation 403 [1/1] (0.42ns)   --->   "%store_ln37 = store i32 %trunc_ln37_9, i32 %conv_i_i13_918" [src/integrated-gcn/naive_spmm_stage.cpp:37]   --->   Operation 403 'store' 'store_ln37' <Predicate = (icmp_ln31)> <Delay = 0.42>

State 23 <SV = 22> <Delay = 7.30>
ST_23 : Operation 404 [1/1] (0.00ns)   --->   "%conv_i_i13_1019_load_1 = load i32 %conv_i_i13_1019" [src/integrated-gcn/naive_spmm_stage.cpp:37]   --->   Operation 404 'load' 'conv_i_i13_1019_load_1' <Predicate = (icmp_ln31)> <Delay = 0.00>
ST_23 : Operation 405 [1/1] (0.00ns)   --->   "%shl_ln37_11 = bitconcatenate i26 @_ssdm_op_BitConcatenate.i26.i16.i10, i16 %gmem3_addr_read_10, i10 0" [src/integrated-gcn/naive_spmm_stage.cpp:37]   --->   Operation 405 'bitconcatenate' 'shl_ln37_11' <Predicate = (icmp_ln31)> <Delay = 0.00>
ST_23 : Operation 406 [1/1] (0.00ns)   --->   "%sext_ln37_10 = sext i26 %shl_ln37_11" [src/integrated-gcn/naive_spmm_stage.cpp:37]   --->   Operation 406 'sext' 'sext_ln37_10' <Predicate = (icmp_ln31)> <Delay = 0.00>
ST_23 : Operation 407 [1/1] (3.14ns)   --->   "%mul_ln37_10 = mul i52 %sext_ln37_10, i52 %sext_ln36" [src/integrated-gcn/naive_spmm_stage.cpp:37]   --->   Operation 407 'mul' 'mul_ln37_10' <Predicate = (icmp_ln31)> <Delay = 3.14> <CoreInst = "Multiplier">   --->   Core 3 'Multiplier' <Latency = 0> <II = 1> <Delay = 3.14> <FuncUnit> <Opcode : 'mul'> <InPorts = 2> <OutPorts = 1>
ST_23 : Operation 408 [1/1] (0.00ns)   --->   "%shl_ln37_74 = bitconcatenate i52 @_ssdm_op_BitConcatenate.i52.i32.i20, i32 %conv_i_i13_1019_load_1, i20 0" [src/integrated-gcn/naive_spmm_stage.cpp:37]   --->   Operation 408 'bitconcatenate' 'shl_ln37_74' <Predicate = (icmp_ln31)> <Delay = 0.00>
ST_23 : Operation 409 [1/1] (1.10ns)   --->   "%add_ln37_10 = add i52 %shl_ln37_74, i52 %mul_ln37_10" [src/integrated-gcn/naive_spmm_stage.cpp:37]   --->   Operation 409 'add' 'add_ln37_10' <Predicate = (icmp_ln31)> <Delay = 1.10> <CoreInst = "Adder">   --->   Core 1 'Adder' <Latency = 0> <II = 1> <Delay = 1.10> <FuncUnit> <Opcode : 'add' 'sub'> <InPorts = 2> <OutPorts = 1>
ST_23 : Operation 410 [1/1] (0.00ns)   --->   "%trunc_ln37_s = partselect i32 @_ssdm_op_PartSelect.i32.i52.i32.i32, i52 %add_ln37_10, i32 20, i32 51" [src/integrated-gcn/naive_spmm_stage.cpp:37]   --->   Operation 410 'partselect' 'trunc_ln37_s' <Predicate = (icmp_ln31)> <Delay = 0.00>
ST_23 : Operation 411 [1/1] ( I:7.30ns O:7.30ns )   --->   "%gmem3_addr_read_11 = read i16 @_ssdm_op_Read.m_axi.i16.p1i16, i16 %gmem3_addr" [src/integrated-gcn/naive_spmm_stage.cpp:37]   --->   Operation 411 'read' 'gmem3_addr_read_11' <Predicate = (icmp_ln31)> <Delay = 7.30> <CoreInst = "m_axi">   --->   Core 119 'm_axi' <Latency = 3> <II = 1> <Delay = 1.00> <Adapter> <Opcode : 'readrequnaligned' 'writerequnaligned' 'read' 'write' 'readreq' 'writereq' 'writeresp'>
ST_23 : Operation 412 [1/1] (0.42ns)   --->   "%store_ln37 = store i32 %trunc_ln37_s, i32 %conv_i_i13_1019" [src/integrated-gcn/naive_spmm_stage.cpp:37]   --->   Operation 412 'store' 'store_ln37' <Predicate = (icmp_ln31)> <Delay = 0.42>

State 24 <SV = 23> <Delay = 7.30>
ST_24 : Operation 413 [1/1] (0.00ns)   --->   "%conv_i_i13_1120_load_1 = load i32 %conv_i_i13_1120" [src/integrated-gcn/naive_spmm_stage.cpp:37]   --->   Operation 413 'load' 'conv_i_i13_1120_load_1' <Predicate = (icmp_ln31)> <Delay = 0.00>
ST_24 : Operation 414 [1/1] (0.00ns)   --->   "%shl_ln37_12 = bitconcatenate i26 @_ssdm_op_BitConcatenate.i26.i16.i10, i16 %gmem3_addr_read_11, i10 0" [src/integrated-gcn/naive_spmm_stage.cpp:37]   --->   Operation 414 'bitconcatenate' 'shl_ln37_12' <Predicate = (icmp_ln31)> <Delay = 0.00>
ST_24 : Operation 415 [1/1] (0.00ns)   --->   "%sext_ln37_11 = sext i26 %shl_ln37_12" [src/integrated-gcn/naive_spmm_stage.cpp:37]   --->   Operation 415 'sext' 'sext_ln37_11' <Predicate = (icmp_ln31)> <Delay = 0.00>
ST_24 : Operation 416 [1/1] (3.14ns)   --->   "%mul_ln37_11 = mul i52 %sext_ln37_11, i52 %sext_ln36" [src/integrated-gcn/naive_spmm_stage.cpp:37]   --->   Operation 416 'mul' 'mul_ln37_11' <Predicate = (icmp_ln31)> <Delay = 3.14> <CoreInst = "Multiplier">   --->   Core 3 'Multiplier' <Latency = 0> <II = 1> <Delay = 3.14> <FuncUnit> <Opcode : 'mul'> <InPorts = 2> <OutPorts = 1>
ST_24 : Operation 417 [1/1] (0.00ns)   --->   "%shl_ln37_75 = bitconcatenate i52 @_ssdm_op_BitConcatenate.i52.i32.i20, i32 %conv_i_i13_1120_load_1, i20 0" [src/integrated-gcn/naive_spmm_stage.cpp:37]   --->   Operation 417 'bitconcatenate' 'shl_ln37_75' <Predicate = (icmp_ln31)> <Delay = 0.00>
ST_24 : Operation 418 [1/1] (1.10ns)   --->   "%add_ln37_11 = add i52 %shl_ln37_75, i52 %mul_ln37_11" [src/integrated-gcn/naive_spmm_stage.cpp:37]   --->   Operation 418 'add' 'add_ln37_11' <Predicate = (icmp_ln31)> <Delay = 1.10> <CoreInst = "Adder">   --->   Core 1 'Adder' <Latency = 0> <II = 1> <Delay = 1.10> <FuncUnit> <Opcode : 'add' 'sub'> <InPorts = 2> <OutPorts = 1>
ST_24 : Operation 419 [1/1] (0.00ns)   --->   "%trunc_ln37_10 = partselect i32 @_ssdm_op_PartSelect.i32.i52.i32.i32, i52 %add_ln37_11, i32 20, i32 51" [src/integrated-gcn/naive_spmm_stage.cpp:37]   --->   Operation 419 'partselect' 'trunc_ln37_10' <Predicate = (icmp_ln31)> <Delay = 0.00>
ST_24 : Operation 420 [1/1] ( I:7.30ns O:7.30ns )   --->   "%gmem3_addr_read_12 = read i16 @_ssdm_op_Read.m_axi.i16.p1i16, i16 %gmem3_addr" [src/integrated-gcn/naive_spmm_stage.cpp:37]   --->   Operation 420 'read' 'gmem3_addr_read_12' <Predicate = (icmp_ln31)> <Delay = 7.30> <CoreInst = "m_axi">   --->   Core 119 'm_axi' <Latency = 3> <II = 1> <Delay = 1.00> <Adapter> <Opcode : 'readrequnaligned' 'writerequnaligned' 'read' 'write' 'readreq' 'writereq' 'writeresp'>
ST_24 : Operation 421 [1/1] (0.42ns)   --->   "%store_ln37 = store i32 %trunc_ln37_10, i32 %conv_i_i13_1120" [src/integrated-gcn/naive_spmm_stage.cpp:37]   --->   Operation 421 'store' 'store_ln37' <Predicate = (icmp_ln31)> <Delay = 0.42>

State 25 <SV = 24> <Delay = 7.30>
ST_25 : Operation 422 [1/1] (0.00ns)   --->   "%conv_i_i13_1221_load_1 = load i32 %conv_i_i13_1221" [src/integrated-gcn/naive_spmm_stage.cpp:37]   --->   Operation 422 'load' 'conv_i_i13_1221_load_1' <Predicate = (icmp_ln31)> <Delay = 0.00>
ST_25 : Operation 423 [1/1] (0.00ns)   --->   "%shl_ln37_13 = bitconcatenate i26 @_ssdm_op_BitConcatenate.i26.i16.i10, i16 %gmem3_addr_read_12, i10 0" [src/integrated-gcn/naive_spmm_stage.cpp:37]   --->   Operation 423 'bitconcatenate' 'shl_ln37_13' <Predicate = (icmp_ln31)> <Delay = 0.00>
ST_25 : Operation 424 [1/1] (0.00ns)   --->   "%sext_ln37_12 = sext i26 %shl_ln37_13" [src/integrated-gcn/naive_spmm_stage.cpp:37]   --->   Operation 424 'sext' 'sext_ln37_12' <Predicate = (icmp_ln31)> <Delay = 0.00>
ST_25 : Operation 425 [1/1] (3.14ns)   --->   "%mul_ln37_12 = mul i52 %sext_ln37_12, i52 %sext_ln36" [src/integrated-gcn/naive_spmm_stage.cpp:37]   --->   Operation 425 'mul' 'mul_ln37_12' <Predicate = (icmp_ln31)> <Delay = 3.14> <CoreInst = "Multiplier">   --->   Core 3 'Multiplier' <Latency = 0> <II = 1> <Delay = 3.14> <FuncUnit> <Opcode : 'mul'> <InPorts = 2> <OutPorts = 1>
ST_25 : Operation 426 [1/1] (0.00ns)   --->   "%shl_ln37_76 = bitconcatenate i52 @_ssdm_op_BitConcatenate.i52.i32.i20, i32 %conv_i_i13_1221_load_1, i20 0" [src/integrated-gcn/naive_spmm_stage.cpp:37]   --->   Operation 426 'bitconcatenate' 'shl_ln37_76' <Predicate = (icmp_ln31)> <Delay = 0.00>
ST_25 : Operation 427 [1/1] (1.10ns)   --->   "%add_ln37_12 = add i52 %shl_ln37_76, i52 %mul_ln37_12" [src/integrated-gcn/naive_spmm_stage.cpp:37]   --->   Operation 427 'add' 'add_ln37_12' <Predicate = (icmp_ln31)> <Delay = 1.10> <CoreInst = "Adder">   --->   Core 1 'Adder' <Latency = 0> <II = 1> <Delay = 1.10> <FuncUnit> <Opcode : 'add' 'sub'> <InPorts = 2> <OutPorts = 1>
ST_25 : Operation 428 [1/1] (0.00ns)   --->   "%trunc_ln37_11 = partselect i32 @_ssdm_op_PartSelect.i32.i52.i32.i32, i52 %add_ln37_12, i32 20, i32 51" [src/integrated-gcn/naive_spmm_stage.cpp:37]   --->   Operation 428 'partselect' 'trunc_ln37_11' <Predicate = (icmp_ln31)> <Delay = 0.00>
ST_25 : Operation 429 [1/1] ( I:7.30ns O:7.30ns )   --->   "%gmem3_addr_read_13 = read i16 @_ssdm_op_Read.m_axi.i16.p1i16, i16 %gmem3_addr" [src/integrated-gcn/naive_spmm_stage.cpp:37]   --->   Operation 429 'read' 'gmem3_addr_read_13' <Predicate = (icmp_ln31)> <Delay = 7.30> <CoreInst = "m_axi">   --->   Core 119 'm_axi' <Latency = 3> <II = 1> <Delay = 1.00> <Adapter> <Opcode : 'readrequnaligned' 'writerequnaligned' 'read' 'write' 'readreq' 'writereq' 'writeresp'>
ST_25 : Operation 430 [1/1] (0.42ns)   --->   "%store_ln37 = store i32 %trunc_ln37_11, i32 %conv_i_i13_1221" [src/integrated-gcn/naive_spmm_stage.cpp:37]   --->   Operation 430 'store' 'store_ln37' <Predicate = (icmp_ln31)> <Delay = 0.42>

State 26 <SV = 25> <Delay = 7.30>
ST_26 : Operation 431 [1/1] (0.00ns)   --->   "%conv_i_i13_1322_load_1 = load i32 %conv_i_i13_1322" [src/integrated-gcn/naive_spmm_stage.cpp:37]   --->   Operation 431 'load' 'conv_i_i13_1322_load_1' <Predicate = (icmp_ln31)> <Delay = 0.00>
ST_26 : Operation 432 [1/1] (0.00ns)   --->   "%shl_ln37_14 = bitconcatenate i26 @_ssdm_op_BitConcatenate.i26.i16.i10, i16 %gmem3_addr_read_13, i10 0" [src/integrated-gcn/naive_spmm_stage.cpp:37]   --->   Operation 432 'bitconcatenate' 'shl_ln37_14' <Predicate = (icmp_ln31)> <Delay = 0.00>
ST_26 : Operation 433 [1/1] (0.00ns)   --->   "%sext_ln37_13 = sext i26 %shl_ln37_14" [src/integrated-gcn/naive_spmm_stage.cpp:37]   --->   Operation 433 'sext' 'sext_ln37_13' <Predicate = (icmp_ln31)> <Delay = 0.00>
ST_26 : Operation 434 [1/1] (3.14ns)   --->   "%mul_ln37_13 = mul i52 %sext_ln37_13, i52 %sext_ln36" [src/integrated-gcn/naive_spmm_stage.cpp:37]   --->   Operation 434 'mul' 'mul_ln37_13' <Predicate = (icmp_ln31)> <Delay = 3.14> <CoreInst = "Multiplier">   --->   Core 3 'Multiplier' <Latency = 0> <II = 1> <Delay = 3.14> <FuncUnit> <Opcode : 'mul'> <InPorts = 2> <OutPorts = 1>
ST_26 : Operation 435 [1/1] (0.00ns)   --->   "%shl_ln37_77 = bitconcatenate i52 @_ssdm_op_BitConcatenate.i52.i32.i20, i32 %conv_i_i13_1322_load_1, i20 0" [src/integrated-gcn/naive_spmm_stage.cpp:37]   --->   Operation 435 'bitconcatenate' 'shl_ln37_77' <Predicate = (icmp_ln31)> <Delay = 0.00>
ST_26 : Operation 436 [1/1] (1.10ns)   --->   "%add_ln37_13 = add i52 %shl_ln37_77, i52 %mul_ln37_13" [src/integrated-gcn/naive_spmm_stage.cpp:37]   --->   Operation 436 'add' 'add_ln37_13' <Predicate = (icmp_ln31)> <Delay = 1.10> <CoreInst = "Adder">   --->   Core 1 'Adder' <Latency = 0> <II = 1> <Delay = 1.10> <FuncUnit> <Opcode : 'add' 'sub'> <InPorts = 2> <OutPorts = 1>
ST_26 : Operation 437 [1/1] (0.00ns)   --->   "%trunc_ln37_12 = partselect i32 @_ssdm_op_PartSelect.i32.i52.i32.i32, i52 %add_ln37_13, i32 20, i32 51" [src/integrated-gcn/naive_spmm_stage.cpp:37]   --->   Operation 437 'partselect' 'trunc_ln37_12' <Predicate = (icmp_ln31)> <Delay = 0.00>
ST_26 : Operation 438 [1/1] ( I:7.30ns O:7.30ns )   --->   "%gmem3_addr_read_14 = read i16 @_ssdm_op_Read.m_axi.i16.p1i16, i16 %gmem3_addr" [src/integrated-gcn/naive_spmm_stage.cpp:37]   --->   Operation 438 'read' 'gmem3_addr_read_14' <Predicate = (icmp_ln31)> <Delay = 7.30> <CoreInst = "m_axi">   --->   Core 119 'm_axi' <Latency = 3> <II = 1> <Delay = 1.00> <Adapter> <Opcode : 'readrequnaligned' 'writerequnaligned' 'read' 'write' 'readreq' 'writereq' 'writeresp'>
ST_26 : Operation 439 [1/1] (0.42ns)   --->   "%store_ln37 = store i32 %trunc_ln37_12, i32 %conv_i_i13_1322" [src/integrated-gcn/naive_spmm_stage.cpp:37]   --->   Operation 439 'store' 'store_ln37' <Predicate = (icmp_ln31)> <Delay = 0.42>

State 27 <SV = 26> <Delay = 7.30>
ST_27 : Operation 440 [1/1] (0.00ns)   --->   "%conv_i_i13_1423_load_1 = load i32 %conv_i_i13_1423" [src/integrated-gcn/naive_spmm_stage.cpp:37]   --->   Operation 440 'load' 'conv_i_i13_1423_load_1' <Predicate = (icmp_ln31)> <Delay = 0.00>
ST_27 : Operation 441 [1/1] (0.00ns)   --->   "%shl_ln37_15 = bitconcatenate i26 @_ssdm_op_BitConcatenate.i26.i16.i10, i16 %gmem3_addr_read_14, i10 0" [src/integrated-gcn/naive_spmm_stage.cpp:37]   --->   Operation 441 'bitconcatenate' 'shl_ln37_15' <Predicate = (icmp_ln31)> <Delay = 0.00>
ST_27 : Operation 442 [1/1] (0.00ns)   --->   "%sext_ln37_14 = sext i26 %shl_ln37_15" [src/integrated-gcn/naive_spmm_stage.cpp:37]   --->   Operation 442 'sext' 'sext_ln37_14' <Predicate = (icmp_ln31)> <Delay = 0.00>
ST_27 : Operation 443 [1/1] (3.14ns)   --->   "%mul_ln37_14 = mul i52 %sext_ln37_14, i52 %sext_ln36" [src/integrated-gcn/naive_spmm_stage.cpp:37]   --->   Operation 443 'mul' 'mul_ln37_14' <Predicate = (icmp_ln31)> <Delay = 3.14> <CoreInst = "Multiplier">   --->   Core 3 'Multiplier' <Latency = 0> <II = 1> <Delay = 3.14> <FuncUnit> <Opcode : 'mul'> <InPorts = 2> <OutPorts = 1>
ST_27 : Operation 444 [1/1] (0.00ns)   --->   "%shl_ln37_78 = bitconcatenate i52 @_ssdm_op_BitConcatenate.i52.i32.i20, i32 %conv_i_i13_1423_load_1, i20 0" [src/integrated-gcn/naive_spmm_stage.cpp:37]   --->   Operation 444 'bitconcatenate' 'shl_ln37_78' <Predicate = (icmp_ln31)> <Delay = 0.00>
ST_27 : Operation 445 [1/1] (1.10ns)   --->   "%add_ln37_14 = add i52 %shl_ln37_78, i52 %mul_ln37_14" [src/integrated-gcn/naive_spmm_stage.cpp:37]   --->   Operation 445 'add' 'add_ln37_14' <Predicate = (icmp_ln31)> <Delay = 1.10> <CoreInst = "Adder">   --->   Core 1 'Adder' <Latency = 0> <II = 1> <Delay = 1.10> <FuncUnit> <Opcode : 'add' 'sub'> <InPorts = 2> <OutPorts = 1>
ST_27 : Operation 446 [1/1] (0.00ns)   --->   "%trunc_ln37_13 = partselect i32 @_ssdm_op_PartSelect.i32.i52.i32.i32, i52 %add_ln37_14, i32 20, i32 51" [src/integrated-gcn/naive_spmm_stage.cpp:37]   --->   Operation 446 'partselect' 'trunc_ln37_13' <Predicate = (icmp_ln31)> <Delay = 0.00>
ST_27 : Operation 447 [1/1] ( I:7.30ns O:7.30ns )   --->   "%gmem3_addr_read_15 = read i16 @_ssdm_op_Read.m_axi.i16.p1i16, i16 %gmem3_addr" [src/integrated-gcn/naive_spmm_stage.cpp:37]   --->   Operation 447 'read' 'gmem3_addr_read_15' <Predicate = (icmp_ln31)> <Delay = 7.30> <CoreInst = "m_axi">   --->   Core 119 'm_axi' <Latency = 3> <II = 1> <Delay = 1.00> <Adapter> <Opcode : 'readrequnaligned' 'writerequnaligned' 'read' 'write' 'readreq' 'writereq' 'writeresp'>
ST_27 : Operation 448 [1/1] (0.42ns)   --->   "%store_ln37 = store i32 %trunc_ln37_13, i32 %conv_i_i13_1423" [src/integrated-gcn/naive_spmm_stage.cpp:37]   --->   Operation 448 'store' 'store_ln37' <Predicate = (icmp_ln31)> <Delay = 0.42>

State 28 <SV = 27> <Delay = 7.30>
ST_28 : Operation 449 [1/1] (0.00ns)   --->   "%conv_i_i13_1524_load_1 = load i32 %conv_i_i13_1524" [src/integrated-gcn/naive_spmm_stage.cpp:37]   --->   Operation 449 'load' 'conv_i_i13_1524_load_1' <Predicate = (icmp_ln31)> <Delay = 0.00>
ST_28 : Operation 450 [1/1] (0.00ns)   --->   "%shl_ln37_16 = bitconcatenate i26 @_ssdm_op_BitConcatenate.i26.i16.i10, i16 %gmem3_addr_read_15, i10 0" [src/integrated-gcn/naive_spmm_stage.cpp:37]   --->   Operation 450 'bitconcatenate' 'shl_ln37_16' <Predicate = (icmp_ln31)> <Delay = 0.00>
ST_28 : Operation 451 [1/1] (0.00ns)   --->   "%sext_ln37_15 = sext i26 %shl_ln37_16" [src/integrated-gcn/naive_spmm_stage.cpp:37]   --->   Operation 451 'sext' 'sext_ln37_15' <Predicate = (icmp_ln31)> <Delay = 0.00>
ST_28 : Operation 452 [1/1] (3.14ns)   --->   "%mul_ln37_15 = mul i52 %sext_ln37_15, i52 %sext_ln36" [src/integrated-gcn/naive_spmm_stage.cpp:37]   --->   Operation 452 'mul' 'mul_ln37_15' <Predicate = (icmp_ln31)> <Delay = 3.14> <CoreInst = "Multiplier">   --->   Core 3 'Multiplier' <Latency = 0> <II = 1> <Delay = 3.14> <FuncUnit> <Opcode : 'mul'> <InPorts = 2> <OutPorts = 1>
ST_28 : Operation 453 [1/1] (0.00ns)   --->   "%shl_ln37_79 = bitconcatenate i52 @_ssdm_op_BitConcatenate.i52.i32.i20, i32 %conv_i_i13_1524_load_1, i20 0" [src/integrated-gcn/naive_spmm_stage.cpp:37]   --->   Operation 453 'bitconcatenate' 'shl_ln37_79' <Predicate = (icmp_ln31)> <Delay = 0.00>
ST_28 : Operation 454 [1/1] (1.10ns)   --->   "%add_ln37_15 = add i52 %shl_ln37_79, i52 %mul_ln37_15" [src/integrated-gcn/naive_spmm_stage.cpp:37]   --->   Operation 454 'add' 'add_ln37_15' <Predicate = (icmp_ln31)> <Delay = 1.10> <CoreInst = "Adder">   --->   Core 1 'Adder' <Latency = 0> <II = 1> <Delay = 1.10> <FuncUnit> <Opcode : 'add' 'sub'> <InPorts = 2> <OutPorts = 1>
ST_28 : Operation 455 [1/1] (0.00ns)   --->   "%trunc_ln37_14 = partselect i32 @_ssdm_op_PartSelect.i32.i52.i32.i32, i52 %add_ln37_15, i32 20, i32 51" [src/integrated-gcn/naive_spmm_stage.cpp:37]   --->   Operation 455 'partselect' 'trunc_ln37_14' <Predicate = (icmp_ln31)> <Delay = 0.00>
ST_28 : Operation 456 [1/1] ( I:7.30ns O:7.30ns )   --->   "%gmem3_addr_read_16 = read i16 @_ssdm_op_Read.m_axi.i16.p1i16, i16 %gmem3_addr" [src/integrated-gcn/naive_spmm_stage.cpp:37]   --->   Operation 456 'read' 'gmem3_addr_read_16' <Predicate = (icmp_ln31)> <Delay = 7.30> <CoreInst = "m_axi">   --->   Core 119 'm_axi' <Latency = 3> <II = 1> <Delay = 1.00> <Adapter> <Opcode : 'readrequnaligned' 'writerequnaligned' 'read' 'write' 'readreq' 'writereq' 'writeresp'>
ST_28 : Operation 457 [1/1] (0.42ns)   --->   "%store_ln37 = store i32 %trunc_ln37_14, i32 %conv_i_i13_1524" [src/integrated-gcn/naive_spmm_stage.cpp:37]   --->   Operation 457 'store' 'store_ln37' <Predicate = (icmp_ln31)> <Delay = 0.42>

State 29 <SV = 28> <Delay = 7.30>
ST_29 : Operation 458 [1/1] (0.00ns)   --->   "%conv_i_i13_1625_load_1 = load i32 %conv_i_i13_1625" [src/integrated-gcn/naive_spmm_stage.cpp:37]   --->   Operation 458 'load' 'conv_i_i13_1625_load_1' <Predicate = (icmp_ln31)> <Delay = 0.00>
ST_29 : Operation 459 [1/1] (0.00ns)   --->   "%shl_ln37_17 = bitconcatenate i26 @_ssdm_op_BitConcatenate.i26.i16.i10, i16 %gmem3_addr_read_16, i10 0" [src/integrated-gcn/naive_spmm_stage.cpp:37]   --->   Operation 459 'bitconcatenate' 'shl_ln37_17' <Predicate = (icmp_ln31)> <Delay = 0.00>
ST_29 : Operation 460 [1/1] (0.00ns)   --->   "%sext_ln37_16 = sext i26 %shl_ln37_17" [src/integrated-gcn/naive_spmm_stage.cpp:37]   --->   Operation 460 'sext' 'sext_ln37_16' <Predicate = (icmp_ln31)> <Delay = 0.00>
ST_29 : Operation 461 [1/1] (3.14ns)   --->   "%mul_ln37_16 = mul i52 %sext_ln37_16, i52 %sext_ln36" [src/integrated-gcn/naive_spmm_stage.cpp:37]   --->   Operation 461 'mul' 'mul_ln37_16' <Predicate = (icmp_ln31)> <Delay = 3.14> <CoreInst = "Multiplier">   --->   Core 3 'Multiplier' <Latency = 0> <II = 1> <Delay = 3.14> <FuncUnit> <Opcode : 'mul'> <InPorts = 2> <OutPorts = 1>
ST_29 : Operation 462 [1/1] (0.00ns)   --->   "%shl_ln37_80 = bitconcatenate i52 @_ssdm_op_BitConcatenate.i52.i32.i20, i32 %conv_i_i13_1625_load_1, i20 0" [src/integrated-gcn/naive_spmm_stage.cpp:37]   --->   Operation 462 'bitconcatenate' 'shl_ln37_80' <Predicate = (icmp_ln31)> <Delay = 0.00>
ST_29 : Operation 463 [1/1] (1.10ns)   --->   "%add_ln37_16 = add i52 %shl_ln37_80, i52 %mul_ln37_16" [src/integrated-gcn/naive_spmm_stage.cpp:37]   --->   Operation 463 'add' 'add_ln37_16' <Predicate = (icmp_ln31)> <Delay = 1.10> <CoreInst = "Adder">   --->   Core 1 'Adder' <Latency = 0> <II = 1> <Delay = 1.10> <FuncUnit> <Opcode : 'add' 'sub'> <InPorts = 2> <OutPorts = 1>
ST_29 : Operation 464 [1/1] (0.00ns)   --->   "%trunc_ln37_15 = partselect i32 @_ssdm_op_PartSelect.i32.i52.i32.i32, i52 %add_ln37_16, i32 20, i32 51" [src/integrated-gcn/naive_spmm_stage.cpp:37]   --->   Operation 464 'partselect' 'trunc_ln37_15' <Predicate = (icmp_ln31)> <Delay = 0.00>
ST_29 : Operation 465 [1/1] ( I:7.30ns O:7.30ns )   --->   "%gmem3_addr_read_17 = read i16 @_ssdm_op_Read.m_axi.i16.p1i16, i16 %gmem3_addr" [src/integrated-gcn/naive_spmm_stage.cpp:37]   --->   Operation 465 'read' 'gmem3_addr_read_17' <Predicate = (icmp_ln31)> <Delay = 7.30> <CoreInst = "m_axi">   --->   Core 119 'm_axi' <Latency = 3> <II = 1> <Delay = 1.00> <Adapter> <Opcode : 'readrequnaligned' 'writerequnaligned' 'read' 'write' 'readreq' 'writereq' 'writeresp'>
ST_29 : Operation 466 [1/1] (0.42ns)   --->   "%store_ln37 = store i32 %trunc_ln37_15, i32 %conv_i_i13_1625" [src/integrated-gcn/naive_spmm_stage.cpp:37]   --->   Operation 466 'store' 'store_ln37' <Predicate = (icmp_ln31)> <Delay = 0.42>

State 30 <SV = 29> <Delay = 7.30>
ST_30 : Operation 467 [1/1] (0.00ns)   --->   "%conv_i_i13_1726_load_1 = load i32 %conv_i_i13_1726" [src/integrated-gcn/naive_spmm_stage.cpp:37]   --->   Operation 467 'load' 'conv_i_i13_1726_load_1' <Predicate = (icmp_ln31)> <Delay = 0.00>
ST_30 : Operation 468 [1/1] (0.00ns)   --->   "%shl_ln37_18 = bitconcatenate i26 @_ssdm_op_BitConcatenate.i26.i16.i10, i16 %gmem3_addr_read_17, i10 0" [src/integrated-gcn/naive_spmm_stage.cpp:37]   --->   Operation 468 'bitconcatenate' 'shl_ln37_18' <Predicate = (icmp_ln31)> <Delay = 0.00>
ST_30 : Operation 469 [1/1] (0.00ns)   --->   "%sext_ln37_17 = sext i26 %shl_ln37_18" [src/integrated-gcn/naive_spmm_stage.cpp:37]   --->   Operation 469 'sext' 'sext_ln37_17' <Predicate = (icmp_ln31)> <Delay = 0.00>
ST_30 : Operation 470 [1/1] (3.14ns)   --->   "%mul_ln37_17 = mul i52 %sext_ln37_17, i52 %sext_ln36" [src/integrated-gcn/naive_spmm_stage.cpp:37]   --->   Operation 470 'mul' 'mul_ln37_17' <Predicate = (icmp_ln31)> <Delay = 3.14> <CoreInst = "Multiplier">   --->   Core 3 'Multiplier' <Latency = 0> <II = 1> <Delay = 3.14> <FuncUnit> <Opcode : 'mul'> <InPorts = 2> <OutPorts = 1>
ST_30 : Operation 471 [1/1] (0.00ns)   --->   "%shl_ln37_81 = bitconcatenate i52 @_ssdm_op_BitConcatenate.i52.i32.i20, i32 %conv_i_i13_1726_load_1, i20 0" [src/integrated-gcn/naive_spmm_stage.cpp:37]   --->   Operation 471 'bitconcatenate' 'shl_ln37_81' <Predicate = (icmp_ln31)> <Delay = 0.00>
ST_30 : Operation 472 [1/1] (1.10ns)   --->   "%add_ln37_17 = add i52 %shl_ln37_81, i52 %mul_ln37_17" [src/integrated-gcn/naive_spmm_stage.cpp:37]   --->   Operation 472 'add' 'add_ln37_17' <Predicate = (icmp_ln31)> <Delay = 1.10> <CoreInst = "Adder">   --->   Core 1 'Adder' <Latency = 0> <II = 1> <Delay = 1.10> <FuncUnit> <Opcode : 'add' 'sub'> <InPorts = 2> <OutPorts = 1>
ST_30 : Operation 473 [1/1] (0.00ns)   --->   "%trunc_ln37_16 = partselect i32 @_ssdm_op_PartSelect.i32.i52.i32.i32, i52 %add_ln37_17, i32 20, i32 51" [src/integrated-gcn/naive_spmm_stage.cpp:37]   --->   Operation 473 'partselect' 'trunc_ln37_16' <Predicate = (icmp_ln31)> <Delay = 0.00>
ST_30 : Operation 474 [1/1] ( I:7.30ns O:7.30ns )   --->   "%gmem3_addr_read_18 = read i16 @_ssdm_op_Read.m_axi.i16.p1i16, i16 %gmem3_addr" [src/integrated-gcn/naive_spmm_stage.cpp:37]   --->   Operation 474 'read' 'gmem3_addr_read_18' <Predicate = (icmp_ln31)> <Delay = 7.30> <CoreInst = "m_axi">   --->   Core 119 'm_axi' <Latency = 3> <II = 1> <Delay = 1.00> <Adapter> <Opcode : 'readrequnaligned' 'writerequnaligned' 'read' 'write' 'readreq' 'writereq' 'writeresp'>
ST_30 : Operation 475 [1/1] (0.42ns)   --->   "%store_ln37 = store i32 %trunc_ln37_16, i32 %conv_i_i13_1726" [src/integrated-gcn/naive_spmm_stage.cpp:37]   --->   Operation 475 'store' 'store_ln37' <Predicate = (icmp_ln31)> <Delay = 0.42>

State 31 <SV = 30> <Delay = 7.30>
ST_31 : Operation 476 [1/1] (0.00ns)   --->   "%conv_i_i13_1827_load_1 = load i32 %conv_i_i13_1827" [src/integrated-gcn/naive_spmm_stage.cpp:37]   --->   Operation 476 'load' 'conv_i_i13_1827_load_1' <Predicate = (icmp_ln31)> <Delay = 0.00>
ST_31 : Operation 477 [1/1] (0.00ns)   --->   "%shl_ln37_19 = bitconcatenate i26 @_ssdm_op_BitConcatenate.i26.i16.i10, i16 %gmem3_addr_read_18, i10 0" [src/integrated-gcn/naive_spmm_stage.cpp:37]   --->   Operation 477 'bitconcatenate' 'shl_ln37_19' <Predicate = (icmp_ln31)> <Delay = 0.00>
ST_31 : Operation 478 [1/1] (0.00ns)   --->   "%sext_ln37_18 = sext i26 %shl_ln37_19" [src/integrated-gcn/naive_spmm_stage.cpp:37]   --->   Operation 478 'sext' 'sext_ln37_18' <Predicate = (icmp_ln31)> <Delay = 0.00>
ST_31 : Operation 479 [1/1] (3.14ns)   --->   "%mul_ln37_18 = mul i52 %sext_ln37_18, i52 %sext_ln36" [src/integrated-gcn/naive_spmm_stage.cpp:37]   --->   Operation 479 'mul' 'mul_ln37_18' <Predicate = (icmp_ln31)> <Delay = 3.14> <CoreInst = "Multiplier">   --->   Core 3 'Multiplier' <Latency = 0> <II = 1> <Delay = 3.14> <FuncUnit> <Opcode : 'mul'> <InPorts = 2> <OutPorts = 1>
ST_31 : Operation 480 [1/1] (0.00ns)   --->   "%shl_ln37_82 = bitconcatenate i52 @_ssdm_op_BitConcatenate.i52.i32.i20, i32 %conv_i_i13_1827_load_1, i20 0" [src/integrated-gcn/naive_spmm_stage.cpp:37]   --->   Operation 480 'bitconcatenate' 'shl_ln37_82' <Predicate = (icmp_ln31)> <Delay = 0.00>
ST_31 : Operation 481 [1/1] (1.10ns)   --->   "%add_ln37_18 = add i52 %shl_ln37_82, i52 %mul_ln37_18" [src/integrated-gcn/naive_spmm_stage.cpp:37]   --->   Operation 481 'add' 'add_ln37_18' <Predicate = (icmp_ln31)> <Delay = 1.10> <CoreInst = "Adder">   --->   Core 1 'Adder' <Latency = 0> <II = 1> <Delay = 1.10> <FuncUnit> <Opcode : 'add' 'sub'> <InPorts = 2> <OutPorts = 1>
ST_31 : Operation 482 [1/1] (0.00ns)   --->   "%trunc_ln37_17 = partselect i32 @_ssdm_op_PartSelect.i32.i52.i32.i32, i52 %add_ln37_18, i32 20, i32 51" [src/integrated-gcn/naive_spmm_stage.cpp:37]   --->   Operation 482 'partselect' 'trunc_ln37_17' <Predicate = (icmp_ln31)> <Delay = 0.00>
ST_31 : Operation 483 [1/1] ( I:7.30ns O:7.30ns )   --->   "%gmem3_addr_read_19 = read i16 @_ssdm_op_Read.m_axi.i16.p1i16, i16 %gmem3_addr" [src/integrated-gcn/naive_spmm_stage.cpp:37]   --->   Operation 483 'read' 'gmem3_addr_read_19' <Predicate = (icmp_ln31)> <Delay = 7.30> <CoreInst = "m_axi">   --->   Core 119 'm_axi' <Latency = 3> <II = 1> <Delay = 1.00> <Adapter> <Opcode : 'readrequnaligned' 'writerequnaligned' 'read' 'write' 'readreq' 'writereq' 'writeresp'>
ST_31 : Operation 484 [1/1] (0.42ns)   --->   "%store_ln37 = store i32 %trunc_ln37_17, i32 %conv_i_i13_1827" [src/integrated-gcn/naive_spmm_stage.cpp:37]   --->   Operation 484 'store' 'store_ln37' <Predicate = (icmp_ln31)> <Delay = 0.42>

State 32 <SV = 31> <Delay = 7.30>
ST_32 : Operation 485 [1/1] (0.00ns)   --->   "%conv_i_i13_1928_load_1 = load i32 %conv_i_i13_1928" [src/integrated-gcn/naive_spmm_stage.cpp:37]   --->   Operation 485 'load' 'conv_i_i13_1928_load_1' <Predicate = (icmp_ln31)> <Delay = 0.00>
ST_32 : Operation 486 [1/1] (0.00ns)   --->   "%shl_ln37_20 = bitconcatenate i26 @_ssdm_op_BitConcatenate.i26.i16.i10, i16 %gmem3_addr_read_19, i10 0" [src/integrated-gcn/naive_spmm_stage.cpp:37]   --->   Operation 486 'bitconcatenate' 'shl_ln37_20' <Predicate = (icmp_ln31)> <Delay = 0.00>
ST_32 : Operation 487 [1/1] (0.00ns)   --->   "%sext_ln37_19 = sext i26 %shl_ln37_20" [src/integrated-gcn/naive_spmm_stage.cpp:37]   --->   Operation 487 'sext' 'sext_ln37_19' <Predicate = (icmp_ln31)> <Delay = 0.00>
ST_32 : Operation 488 [1/1] (3.14ns)   --->   "%mul_ln37_19 = mul i52 %sext_ln37_19, i52 %sext_ln36" [src/integrated-gcn/naive_spmm_stage.cpp:37]   --->   Operation 488 'mul' 'mul_ln37_19' <Predicate = (icmp_ln31)> <Delay = 3.14> <CoreInst = "Multiplier">   --->   Core 3 'Multiplier' <Latency = 0> <II = 1> <Delay = 3.14> <FuncUnit> <Opcode : 'mul'> <InPorts = 2> <OutPorts = 1>
ST_32 : Operation 489 [1/1] (0.00ns)   --->   "%shl_ln37_83 = bitconcatenate i52 @_ssdm_op_BitConcatenate.i52.i32.i20, i32 %conv_i_i13_1928_load_1, i20 0" [src/integrated-gcn/naive_spmm_stage.cpp:37]   --->   Operation 489 'bitconcatenate' 'shl_ln37_83' <Predicate = (icmp_ln31)> <Delay = 0.00>
ST_32 : Operation 490 [1/1] (1.10ns)   --->   "%add_ln37_19 = add i52 %shl_ln37_83, i52 %mul_ln37_19" [src/integrated-gcn/naive_spmm_stage.cpp:37]   --->   Operation 490 'add' 'add_ln37_19' <Predicate = (icmp_ln31)> <Delay = 1.10> <CoreInst = "Adder">   --->   Core 1 'Adder' <Latency = 0> <II = 1> <Delay = 1.10> <FuncUnit> <Opcode : 'add' 'sub'> <InPorts = 2> <OutPorts = 1>
ST_32 : Operation 491 [1/1] (0.00ns)   --->   "%trunc_ln37_18 = partselect i32 @_ssdm_op_PartSelect.i32.i52.i32.i32, i52 %add_ln37_19, i32 20, i32 51" [src/integrated-gcn/naive_spmm_stage.cpp:37]   --->   Operation 491 'partselect' 'trunc_ln37_18' <Predicate = (icmp_ln31)> <Delay = 0.00>
ST_32 : Operation 492 [1/1] ( I:7.30ns O:7.30ns )   --->   "%gmem3_addr_read_20 = read i16 @_ssdm_op_Read.m_axi.i16.p1i16, i16 %gmem3_addr" [src/integrated-gcn/naive_spmm_stage.cpp:37]   --->   Operation 492 'read' 'gmem3_addr_read_20' <Predicate = (icmp_ln31)> <Delay = 7.30> <CoreInst = "m_axi">   --->   Core 119 'm_axi' <Latency = 3> <II = 1> <Delay = 1.00> <Adapter> <Opcode : 'readrequnaligned' 'writerequnaligned' 'read' 'write' 'readreq' 'writereq' 'writeresp'>
ST_32 : Operation 493 [1/1] (0.42ns)   --->   "%store_ln37 = store i32 %trunc_ln37_18, i32 %conv_i_i13_1928" [src/integrated-gcn/naive_spmm_stage.cpp:37]   --->   Operation 493 'store' 'store_ln37' <Predicate = (icmp_ln31)> <Delay = 0.42>

State 33 <SV = 32> <Delay = 7.30>
ST_33 : Operation 494 [1/1] (0.00ns)   --->   "%conv_i_i13_2029_load_1 = load i32 %conv_i_i13_2029" [src/integrated-gcn/naive_spmm_stage.cpp:37]   --->   Operation 494 'load' 'conv_i_i13_2029_load_1' <Predicate = (icmp_ln31)> <Delay = 0.00>
ST_33 : Operation 495 [1/1] (0.00ns)   --->   "%shl_ln37_21 = bitconcatenate i26 @_ssdm_op_BitConcatenate.i26.i16.i10, i16 %gmem3_addr_read_20, i10 0" [src/integrated-gcn/naive_spmm_stage.cpp:37]   --->   Operation 495 'bitconcatenate' 'shl_ln37_21' <Predicate = (icmp_ln31)> <Delay = 0.00>
ST_33 : Operation 496 [1/1] (0.00ns)   --->   "%sext_ln37_20 = sext i26 %shl_ln37_21" [src/integrated-gcn/naive_spmm_stage.cpp:37]   --->   Operation 496 'sext' 'sext_ln37_20' <Predicate = (icmp_ln31)> <Delay = 0.00>
ST_33 : Operation 497 [1/1] (3.14ns)   --->   "%mul_ln37_20 = mul i52 %sext_ln37_20, i52 %sext_ln36" [src/integrated-gcn/naive_spmm_stage.cpp:37]   --->   Operation 497 'mul' 'mul_ln37_20' <Predicate = (icmp_ln31)> <Delay = 3.14> <CoreInst = "Multiplier">   --->   Core 3 'Multiplier' <Latency = 0> <II = 1> <Delay = 3.14> <FuncUnit> <Opcode : 'mul'> <InPorts = 2> <OutPorts = 1>
ST_33 : Operation 498 [1/1] (0.00ns)   --->   "%shl_ln37_84 = bitconcatenate i52 @_ssdm_op_BitConcatenate.i52.i32.i20, i32 %conv_i_i13_2029_load_1, i20 0" [src/integrated-gcn/naive_spmm_stage.cpp:37]   --->   Operation 498 'bitconcatenate' 'shl_ln37_84' <Predicate = (icmp_ln31)> <Delay = 0.00>
ST_33 : Operation 499 [1/1] (1.10ns)   --->   "%add_ln37_20 = add i52 %shl_ln37_84, i52 %mul_ln37_20" [src/integrated-gcn/naive_spmm_stage.cpp:37]   --->   Operation 499 'add' 'add_ln37_20' <Predicate = (icmp_ln31)> <Delay = 1.10> <CoreInst = "Adder">   --->   Core 1 'Adder' <Latency = 0> <II = 1> <Delay = 1.10> <FuncUnit> <Opcode : 'add' 'sub'> <InPorts = 2> <OutPorts = 1>
ST_33 : Operation 500 [1/1] (0.00ns)   --->   "%trunc_ln37_19 = partselect i32 @_ssdm_op_PartSelect.i32.i52.i32.i32, i52 %add_ln37_20, i32 20, i32 51" [src/integrated-gcn/naive_spmm_stage.cpp:37]   --->   Operation 500 'partselect' 'trunc_ln37_19' <Predicate = (icmp_ln31)> <Delay = 0.00>
ST_33 : Operation 501 [1/1] ( I:7.30ns O:7.30ns )   --->   "%gmem3_addr_read_21 = read i16 @_ssdm_op_Read.m_axi.i16.p1i16, i16 %gmem3_addr" [src/integrated-gcn/naive_spmm_stage.cpp:37]   --->   Operation 501 'read' 'gmem3_addr_read_21' <Predicate = (icmp_ln31)> <Delay = 7.30> <CoreInst = "m_axi">   --->   Core 119 'm_axi' <Latency = 3> <II = 1> <Delay = 1.00> <Adapter> <Opcode : 'readrequnaligned' 'writerequnaligned' 'read' 'write' 'readreq' 'writereq' 'writeresp'>
ST_33 : Operation 502 [1/1] (0.42ns)   --->   "%store_ln37 = store i32 %trunc_ln37_19, i32 %conv_i_i13_2029" [src/integrated-gcn/naive_spmm_stage.cpp:37]   --->   Operation 502 'store' 'store_ln37' <Predicate = (icmp_ln31)> <Delay = 0.42>

State 34 <SV = 33> <Delay = 7.30>
ST_34 : Operation 503 [1/1] (0.00ns)   --->   "%conv_i_i13_2130_load_1 = load i32 %conv_i_i13_2130" [src/integrated-gcn/naive_spmm_stage.cpp:37]   --->   Operation 503 'load' 'conv_i_i13_2130_load_1' <Predicate = (icmp_ln31)> <Delay = 0.00>
ST_34 : Operation 504 [1/1] (0.00ns)   --->   "%shl_ln37_22 = bitconcatenate i26 @_ssdm_op_BitConcatenate.i26.i16.i10, i16 %gmem3_addr_read_21, i10 0" [src/integrated-gcn/naive_spmm_stage.cpp:37]   --->   Operation 504 'bitconcatenate' 'shl_ln37_22' <Predicate = (icmp_ln31)> <Delay = 0.00>
ST_34 : Operation 505 [1/1] (0.00ns)   --->   "%sext_ln37_21 = sext i26 %shl_ln37_22" [src/integrated-gcn/naive_spmm_stage.cpp:37]   --->   Operation 505 'sext' 'sext_ln37_21' <Predicate = (icmp_ln31)> <Delay = 0.00>
ST_34 : Operation 506 [1/1] (3.14ns)   --->   "%mul_ln37_21 = mul i52 %sext_ln37_21, i52 %sext_ln36" [src/integrated-gcn/naive_spmm_stage.cpp:37]   --->   Operation 506 'mul' 'mul_ln37_21' <Predicate = (icmp_ln31)> <Delay = 3.14> <CoreInst = "Multiplier">   --->   Core 3 'Multiplier' <Latency = 0> <II = 1> <Delay = 3.14> <FuncUnit> <Opcode : 'mul'> <InPorts = 2> <OutPorts = 1>
ST_34 : Operation 507 [1/1] (0.00ns)   --->   "%shl_ln37_85 = bitconcatenate i52 @_ssdm_op_BitConcatenate.i52.i32.i20, i32 %conv_i_i13_2130_load_1, i20 0" [src/integrated-gcn/naive_spmm_stage.cpp:37]   --->   Operation 507 'bitconcatenate' 'shl_ln37_85' <Predicate = (icmp_ln31)> <Delay = 0.00>
ST_34 : Operation 508 [1/1] (1.10ns)   --->   "%add_ln37_21 = add i52 %shl_ln37_85, i52 %mul_ln37_21" [src/integrated-gcn/naive_spmm_stage.cpp:37]   --->   Operation 508 'add' 'add_ln37_21' <Predicate = (icmp_ln31)> <Delay = 1.10> <CoreInst = "Adder">   --->   Core 1 'Adder' <Latency = 0> <II = 1> <Delay = 1.10> <FuncUnit> <Opcode : 'add' 'sub'> <InPorts = 2> <OutPorts = 1>
ST_34 : Operation 509 [1/1] (0.00ns)   --->   "%trunc_ln37_20 = partselect i32 @_ssdm_op_PartSelect.i32.i52.i32.i32, i52 %add_ln37_21, i32 20, i32 51" [src/integrated-gcn/naive_spmm_stage.cpp:37]   --->   Operation 509 'partselect' 'trunc_ln37_20' <Predicate = (icmp_ln31)> <Delay = 0.00>
ST_34 : Operation 510 [1/1] ( I:7.30ns O:7.30ns )   --->   "%gmem3_addr_read_22 = read i16 @_ssdm_op_Read.m_axi.i16.p1i16, i16 %gmem3_addr" [src/integrated-gcn/naive_spmm_stage.cpp:37]   --->   Operation 510 'read' 'gmem3_addr_read_22' <Predicate = (icmp_ln31)> <Delay = 7.30> <CoreInst = "m_axi">   --->   Core 119 'm_axi' <Latency = 3> <II = 1> <Delay = 1.00> <Adapter> <Opcode : 'readrequnaligned' 'writerequnaligned' 'read' 'write' 'readreq' 'writereq' 'writeresp'>
ST_34 : Operation 511 [1/1] (0.42ns)   --->   "%store_ln37 = store i32 %trunc_ln37_20, i32 %conv_i_i13_2130" [src/integrated-gcn/naive_spmm_stage.cpp:37]   --->   Operation 511 'store' 'store_ln37' <Predicate = (icmp_ln31)> <Delay = 0.42>

State 35 <SV = 34> <Delay = 7.30>
ST_35 : Operation 512 [1/1] (0.00ns)   --->   "%conv_i_i13_2231_load_1 = load i32 %conv_i_i13_2231" [src/integrated-gcn/naive_spmm_stage.cpp:37]   --->   Operation 512 'load' 'conv_i_i13_2231_load_1' <Predicate = (icmp_ln31)> <Delay = 0.00>
ST_35 : Operation 513 [1/1] (0.00ns)   --->   "%shl_ln37_23 = bitconcatenate i26 @_ssdm_op_BitConcatenate.i26.i16.i10, i16 %gmem3_addr_read_22, i10 0" [src/integrated-gcn/naive_spmm_stage.cpp:37]   --->   Operation 513 'bitconcatenate' 'shl_ln37_23' <Predicate = (icmp_ln31)> <Delay = 0.00>
ST_35 : Operation 514 [1/1] (0.00ns)   --->   "%sext_ln37_22 = sext i26 %shl_ln37_23" [src/integrated-gcn/naive_spmm_stage.cpp:37]   --->   Operation 514 'sext' 'sext_ln37_22' <Predicate = (icmp_ln31)> <Delay = 0.00>
ST_35 : Operation 515 [1/1] (3.14ns)   --->   "%mul_ln37_22 = mul i52 %sext_ln37_22, i52 %sext_ln36" [src/integrated-gcn/naive_spmm_stage.cpp:37]   --->   Operation 515 'mul' 'mul_ln37_22' <Predicate = (icmp_ln31)> <Delay = 3.14> <CoreInst = "Multiplier">   --->   Core 3 'Multiplier' <Latency = 0> <II = 1> <Delay = 3.14> <FuncUnit> <Opcode : 'mul'> <InPorts = 2> <OutPorts = 1>
ST_35 : Operation 516 [1/1] (0.00ns)   --->   "%shl_ln37_86 = bitconcatenate i52 @_ssdm_op_BitConcatenate.i52.i32.i20, i32 %conv_i_i13_2231_load_1, i20 0" [src/integrated-gcn/naive_spmm_stage.cpp:37]   --->   Operation 516 'bitconcatenate' 'shl_ln37_86' <Predicate = (icmp_ln31)> <Delay = 0.00>
ST_35 : Operation 517 [1/1] (1.10ns)   --->   "%add_ln37_22 = add i52 %shl_ln37_86, i52 %mul_ln37_22" [src/integrated-gcn/naive_spmm_stage.cpp:37]   --->   Operation 517 'add' 'add_ln37_22' <Predicate = (icmp_ln31)> <Delay = 1.10> <CoreInst = "Adder">   --->   Core 1 'Adder' <Latency = 0> <II = 1> <Delay = 1.10> <FuncUnit> <Opcode : 'add' 'sub'> <InPorts = 2> <OutPorts = 1>
ST_35 : Operation 518 [1/1] (0.00ns)   --->   "%trunc_ln37_21 = partselect i32 @_ssdm_op_PartSelect.i32.i52.i32.i32, i52 %add_ln37_22, i32 20, i32 51" [src/integrated-gcn/naive_spmm_stage.cpp:37]   --->   Operation 518 'partselect' 'trunc_ln37_21' <Predicate = (icmp_ln31)> <Delay = 0.00>
ST_35 : Operation 519 [1/1] ( I:7.30ns O:7.30ns )   --->   "%gmem3_addr_read_23 = read i16 @_ssdm_op_Read.m_axi.i16.p1i16, i16 %gmem3_addr" [src/integrated-gcn/naive_spmm_stage.cpp:37]   --->   Operation 519 'read' 'gmem3_addr_read_23' <Predicate = (icmp_ln31)> <Delay = 7.30> <CoreInst = "m_axi">   --->   Core 119 'm_axi' <Latency = 3> <II = 1> <Delay = 1.00> <Adapter> <Opcode : 'readrequnaligned' 'writerequnaligned' 'read' 'write' 'readreq' 'writereq' 'writeresp'>
ST_35 : Operation 520 [1/1] (0.42ns)   --->   "%store_ln37 = store i32 %trunc_ln37_21, i32 %conv_i_i13_2231" [src/integrated-gcn/naive_spmm_stage.cpp:37]   --->   Operation 520 'store' 'store_ln37' <Predicate = (icmp_ln31)> <Delay = 0.42>

State 36 <SV = 35> <Delay = 7.30>
ST_36 : Operation 521 [1/1] (0.00ns)   --->   "%conv_i_i13_2332_load_1 = load i32 %conv_i_i13_2332" [src/integrated-gcn/naive_spmm_stage.cpp:37]   --->   Operation 521 'load' 'conv_i_i13_2332_load_1' <Predicate = (icmp_ln31)> <Delay = 0.00>
ST_36 : Operation 522 [1/1] (0.00ns)   --->   "%shl_ln37_24 = bitconcatenate i26 @_ssdm_op_BitConcatenate.i26.i16.i10, i16 %gmem3_addr_read_23, i10 0" [src/integrated-gcn/naive_spmm_stage.cpp:37]   --->   Operation 522 'bitconcatenate' 'shl_ln37_24' <Predicate = (icmp_ln31)> <Delay = 0.00>
ST_36 : Operation 523 [1/1] (0.00ns)   --->   "%sext_ln37_23 = sext i26 %shl_ln37_24" [src/integrated-gcn/naive_spmm_stage.cpp:37]   --->   Operation 523 'sext' 'sext_ln37_23' <Predicate = (icmp_ln31)> <Delay = 0.00>
ST_36 : Operation 524 [1/1] (3.14ns)   --->   "%mul_ln37_23 = mul i52 %sext_ln37_23, i52 %sext_ln36" [src/integrated-gcn/naive_spmm_stage.cpp:37]   --->   Operation 524 'mul' 'mul_ln37_23' <Predicate = (icmp_ln31)> <Delay = 3.14> <CoreInst = "Multiplier">   --->   Core 3 'Multiplier' <Latency = 0> <II = 1> <Delay = 3.14> <FuncUnit> <Opcode : 'mul'> <InPorts = 2> <OutPorts = 1>
ST_36 : Operation 525 [1/1] (0.00ns)   --->   "%shl_ln37_87 = bitconcatenate i52 @_ssdm_op_BitConcatenate.i52.i32.i20, i32 %conv_i_i13_2332_load_1, i20 0" [src/integrated-gcn/naive_spmm_stage.cpp:37]   --->   Operation 525 'bitconcatenate' 'shl_ln37_87' <Predicate = (icmp_ln31)> <Delay = 0.00>
ST_36 : Operation 526 [1/1] (1.10ns)   --->   "%add_ln37_23 = add i52 %shl_ln37_87, i52 %mul_ln37_23" [src/integrated-gcn/naive_spmm_stage.cpp:37]   --->   Operation 526 'add' 'add_ln37_23' <Predicate = (icmp_ln31)> <Delay = 1.10> <CoreInst = "Adder">   --->   Core 1 'Adder' <Latency = 0> <II = 1> <Delay = 1.10> <FuncUnit> <Opcode : 'add' 'sub'> <InPorts = 2> <OutPorts = 1>
ST_36 : Operation 527 [1/1] (0.00ns)   --->   "%trunc_ln37_22 = partselect i32 @_ssdm_op_PartSelect.i32.i52.i32.i32, i52 %add_ln37_23, i32 20, i32 51" [src/integrated-gcn/naive_spmm_stage.cpp:37]   --->   Operation 527 'partselect' 'trunc_ln37_22' <Predicate = (icmp_ln31)> <Delay = 0.00>
ST_36 : Operation 528 [1/1] ( I:7.30ns O:7.30ns )   --->   "%gmem3_addr_read_24 = read i16 @_ssdm_op_Read.m_axi.i16.p1i16, i16 %gmem3_addr" [src/integrated-gcn/naive_spmm_stage.cpp:37]   --->   Operation 528 'read' 'gmem3_addr_read_24' <Predicate = (icmp_ln31)> <Delay = 7.30> <CoreInst = "m_axi">   --->   Core 119 'm_axi' <Latency = 3> <II = 1> <Delay = 1.00> <Adapter> <Opcode : 'readrequnaligned' 'writerequnaligned' 'read' 'write' 'readreq' 'writereq' 'writeresp'>
ST_36 : Operation 529 [1/1] (0.42ns)   --->   "%store_ln37 = store i32 %trunc_ln37_22, i32 %conv_i_i13_2332" [src/integrated-gcn/naive_spmm_stage.cpp:37]   --->   Operation 529 'store' 'store_ln37' <Predicate = (icmp_ln31)> <Delay = 0.42>

State 37 <SV = 36> <Delay = 7.30>
ST_37 : Operation 530 [1/1] (0.00ns)   --->   "%conv_i_i13_2433_load_1 = load i32 %conv_i_i13_2433" [src/integrated-gcn/naive_spmm_stage.cpp:37]   --->   Operation 530 'load' 'conv_i_i13_2433_load_1' <Predicate = (icmp_ln31)> <Delay = 0.00>
ST_37 : Operation 531 [1/1] (0.00ns)   --->   "%shl_ln37_25 = bitconcatenate i26 @_ssdm_op_BitConcatenate.i26.i16.i10, i16 %gmem3_addr_read_24, i10 0" [src/integrated-gcn/naive_spmm_stage.cpp:37]   --->   Operation 531 'bitconcatenate' 'shl_ln37_25' <Predicate = (icmp_ln31)> <Delay = 0.00>
ST_37 : Operation 532 [1/1] (0.00ns)   --->   "%sext_ln37_24 = sext i26 %shl_ln37_25" [src/integrated-gcn/naive_spmm_stage.cpp:37]   --->   Operation 532 'sext' 'sext_ln37_24' <Predicate = (icmp_ln31)> <Delay = 0.00>
ST_37 : Operation 533 [1/1] (3.14ns)   --->   "%mul_ln37_24 = mul i52 %sext_ln37_24, i52 %sext_ln36" [src/integrated-gcn/naive_spmm_stage.cpp:37]   --->   Operation 533 'mul' 'mul_ln37_24' <Predicate = (icmp_ln31)> <Delay = 3.14> <CoreInst = "Multiplier">   --->   Core 3 'Multiplier' <Latency = 0> <II = 1> <Delay = 3.14> <FuncUnit> <Opcode : 'mul'> <InPorts = 2> <OutPorts = 1>
ST_37 : Operation 534 [1/1] (0.00ns)   --->   "%shl_ln37_88 = bitconcatenate i52 @_ssdm_op_BitConcatenate.i52.i32.i20, i32 %conv_i_i13_2433_load_1, i20 0" [src/integrated-gcn/naive_spmm_stage.cpp:37]   --->   Operation 534 'bitconcatenate' 'shl_ln37_88' <Predicate = (icmp_ln31)> <Delay = 0.00>
ST_37 : Operation 535 [1/1] (1.10ns)   --->   "%add_ln37_24 = add i52 %shl_ln37_88, i52 %mul_ln37_24" [src/integrated-gcn/naive_spmm_stage.cpp:37]   --->   Operation 535 'add' 'add_ln37_24' <Predicate = (icmp_ln31)> <Delay = 1.10> <CoreInst = "Adder">   --->   Core 1 'Adder' <Latency = 0> <II = 1> <Delay = 1.10> <FuncUnit> <Opcode : 'add' 'sub'> <InPorts = 2> <OutPorts = 1>
ST_37 : Operation 536 [1/1] (0.00ns)   --->   "%trunc_ln37_23 = partselect i32 @_ssdm_op_PartSelect.i32.i52.i32.i32, i52 %add_ln37_24, i32 20, i32 51" [src/integrated-gcn/naive_spmm_stage.cpp:37]   --->   Operation 536 'partselect' 'trunc_ln37_23' <Predicate = (icmp_ln31)> <Delay = 0.00>
ST_37 : Operation 537 [1/1] ( I:7.30ns O:7.30ns )   --->   "%gmem3_addr_read_25 = read i16 @_ssdm_op_Read.m_axi.i16.p1i16, i16 %gmem3_addr" [src/integrated-gcn/naive_spmm_stage.cpp:37]   --->   Operation 537 'read' 'gmem3_addr_read_25' <Predicate = (icmp_ln31)> <Delay = 7.30> <CoreInst = "m_axi">   --->   Core 119 'm_axi' <Latency = 3> <II = 1> <Delay = 1.00> <Adapter> <Opcode : 'readrequnaligned' 'writerequnaligned' 'read' 'write' 'readreq' 'writereq' 'writeresp'>
ST_37 : Operation 538 [1/1] (0.42ns)   --->   "%store_ln37 = store i32 %trunc_ln37_23, i32 %conv_i_i13_2433" [src/integrated-gcn/naive_spmm_stage.cpp:37]   --->   Operation 538 'store' 'store_ln37' <Predicate = (icmp_ln31)> <Delay = 0.42>

State 38 <SV = 37> <Delay = 7.30>
ST_38 : Operation 539 [1/1] (0.00ns)   --->   "%conv_i_i13_2534_load_1 = load i32 %conv_i_i13_2534" [src/integrated-gcn/naive_spmm_stage.cpp:37]   --->   Operation 539 'load' 'conv_i_i13_2534_load_1' <Predicate = (icmp_ln31)> <Delay = 0.00>
ST_38 : Operation 540 [1/1] (0.00ns)   --->   "%shl_ln37_26 = bitconcatenate i26 @_ssdm_op_BitConcatenate.i26.i16.i10, i16 %gmem3_addr_read_25, i10 0" [src/integrated-gcn/naive_spmm_stage.cpp:37]   --->   Operation 540 'bitconcatenate' 'shl_ln37_26' <Predicate = (icmp_ln31)> <Delay = 0.00>
ST_38 : Operation 541 [1/1] (0.00ns)   --->   "%sext_ln37_25 = sext i26 %shl_ln37_26" [src/integrated-gcn/naive_spmm_stage.cpp:37]   --->   Operation 541 'sext' 'sext_ln37_25' <Predicate = (icmp_ln31)> <Delay = 0.00>
ST_38 : Operation 542 [1/1] (3.14ns)   --->   "%mul_ln37_25 = mul i52 %sext_ln37_25, i52 %sext_ln36" [src/integrated-gcn/naive_spmm_stage.cpp:37]   --->   Operation 542 'mul' 'mul_ln37_25' <Predicate = (icmp_ln31)> <Delay = 3.14> <CoreInst = "Multiplier">   --->   Core 3 'Multiplier' <Latency = 0> <II = 1> <Delay = 3.14> <FuncUnit> <Opcode : 'mul'> <InPorts = 2> <OutPorts = 1>
ST_38 : Operation 543 [1/1] (0.00ns)   --->   "%shl_ln37_89 = bitconcatenate i52 @_ssdm_op_BitConcatenate.i52.i32.i20, i32 %conv_i_i13_2534_load_1, i20 0" [src/integrated-gcn/naive_spmm_stage.cpp:37]   --->   Operation 543 'bitconcatenate' 'shl_ln37_89' <Predicate = (icmp_ln31)> <Delay = 0.00>
ST_38 : Operation 544 [1/1] (1.10ns)   --->   "%add_ln37_25 = add i52 %shl_ln37_89, i52 %mul_ln37_25" [src/integrated-gcn/naive_spmm_stage.cpp:37]   --->   Operation 544 'add' 'add_ln37_25' <Predicate = (icmp_ln31)> <Delay = 1.10> <CoreInst = "Adder">   --->   Core 1 'Adder' <Latency = 0> <II = 1> <Delay = 1.10> <FuncUnit> <Opcode : 'add' 'sub'> <InPorts = 2> <OutPorts = 1>
ST_38 : Operation 545 [1/1] (0.00ns)   --->   "%trunc_ln37_24 = partselect i32 @_ssdm_op_PartSelect.i32.i52.i32.i32, i52 %add_ln37_25, i32 20, i32 51" [src/integrated-gcn/naive_spmm_stage.cpp:37]   --->   Operation 545 'partselect' 'trunc_ln37_24' <Predicate = (icmp_ln31)> <Delay = 0.00>
ST_38 : Operation 546 [1/1] ( I:7.30ns O:7.30ns )   --->   "%gmem3_addr_read_26 = read i16 @_ssdm_op_Read.m_axi.i16.p1i16, i16 %gmem3_addr" [src/integrated-gcn/naive_spmm_stage.cpp:37]   --->   Operation 546 'read' 'gmem3_addr_read_26' <Predicate = (icmp_ln31)> <Delay = 7.30> <CoreInst = "m_axi">   --->   Core 119 'm_axi' <Latency = 3> <II = 1> <Delay = 1.00> <Adapter> <Opcode : 'readrequnaligned' 'writerequnaligned' 'read' 'write' 'readreq' 'writereq' 'writeresp'>
ST_38 : Operation 547 [1/1] (0.42ns)   --->   "%store_ln37 = store i32 %trunc_ln37_24, i32 %conv_i_i13_2534" [src/integrated-gcn/naive_spmm_stage.cpp:37]   --->   Operation 547 'store' 'store_ln37' <Predicate = (icmp_ln31)> <Delay = 0.42>

State 39 <SV = 38> <Delay = 7.30>
ST_39 : Operation 548 [1/1] (0.00ns)   --->   "%conv_i_i13_2635_load_1 = load i32 %conv_i_i13_2635" [src/integrated-gcn/naive_spmm_stage.cpp:37]   --->   Operation 548 'load' 'conv_i_i13_2635_load_1' <Predicate = (icmp_ln31)> <Delay = 0.00>
ST_39 : Operation 549 [1/1] (0.00ns)   --->   "%shl_ln37_27 = bitconcatenate i26 @_ssdm_op_BitConcatenate.i26.i16.i10, i16 %gmem3_addr_read_26, i10 0" [src/integrated-gcn/naive_spmm_stage.cpp:37]   --->   Operation 549 'bitconcatenate' 'shl_ln37_27' <Predicate = (icmp_ln31)> <Delay = 0.00>
ST_39 : Operation 550 [1/1] (0.00ns)   --->   "%sext_ln37_26 = sext i26 %shl_ln37_27" [src/integrated-gcn/naive_spmm_stage.cpp:37]   --->   Operation 550 'sext' 'sext_ln37_26' <Predicate = (icmp_ln31)> <Delay = 0.00>
ST_39 : Operation 551 [1/1] (3.14ns)   --->   "%mul_ln37_26 = mul i52 %sext_ln37_26, i52 %sext_ln36" [src/integrated-gcn/naive_spmm_stage.cpp:37]   --->   Operation 551 'mul' 'mul_ln37_26' <Predicate = (icmp_ln31)> <Delay = 3.14> <CoreInst = "Multiplier">   --->   Core 3 'Multiplier' <Latency = 0> <II = 1> <Delay = 3.14> <FuncUnit> <Opcode : 'mul'> <InPorts = 2> <OutPorts = 1>
ST_39 : Operation 552 [1/1] (0.00ns)   --->   "%shl_ln37_90 = bitconcatenate i52 @_ssdm_op_BitConcatenate.i52.i32.i20, i32 %conv_i_i13_2635_load_1, i20 0" [src/integrated-gcn/naive_spmm_stage.cpp:37]   --->   Operation 552 'bitconcatenate' 'shl_ln37_90' <Predicate = (icmp_ln31)> <Delay = 0.00>
ST_39 : Operation 553 [1/1] (1.10ns)   --->   "%add_ln37_26 = add i52 %shl_ln37_90, i52 %mul_ln37_26" [src/integrated-gcn/naive_spmm_stage.cpp:37]   --->   Operation 553 'add' 'add_ln37_26' <Predicate = (icmp_ln31)> <Delay = 1.10> <CoreInst = "Adder">   --->   Core 1 'Adder' <Latency = 0> <II = 1> <Delay = 1.10> <FuncUnit> <Opcode : 'add' 'sub'> <InPorts = 2> <OutPorts = 1>
ST_39 : Operation 554 [1/1] (0.00ns)   --->   "%trunc_ln37_25 = partselect i32 @_ssdm_op_PartSelect.i32.i52.i32.i32, i52 %add_ln37_26, i32 20, i32 51" [src/integrated-gcn/naive_spmm_stage.cpp:37]   --->   Operation 554 'partselect' 'trunc_ln37_25' <Predicate = (icmp_ln31)> <Delay = 0.00>
ST_39 : Operation 555 [1/1] ( I:7.30ns O:7.30ns )   --->   "%gmem3_addr_read_27 = read i16 @_ssdm_op_Read.m_axi.i16.p1i16, i16 %gmem3_addr" [src/integrated-gcn/naive_spmm_stage.cpp:37]   --->   Operation 555 'read' 'gmem3_addr_read_27' <Predicate = (icmp_ln31)> <Delay = 7.30> <CoreInst = "m_axi">   --->   Core 119 'm_axi' <Latency = 3> <II = 1> <Delay = 1.00> <Adapter> <Opcode : 'readrequnaligned' 'writerequnaligned' 'read' 'write' 'readreq' 'writereq' 'writeresp'>
ST_39 : Operation 556 [1/1] (0.42ns)   --->   "%store_ln37 = store i32 %trunc_ln37_25, i32 %conv_i_i13_2635" [src/integrated-gcn/naive_spmm_stage.cpp:37]   --->   Operation 556 'store' 'store_ln37' <Predicate = (icmp_ln31)> <Delay = 0.42>

State 40 <SV = 39> <Delay = 7.30>
ST_40 : Operation 557 [1/1] (0.00ns)   --->   "%conv_i_i13_2736_load_1 = load i32 %conv_i_i13_2736" [src/integrated-gcn/naive_spmm_stage.cpp:37]   --->   Operation 557 'load' 'conv_i_i13_2736_load_1' <Predicate = (icmp_ln31)> <Delay = 0.00>
ST_40 : Operation 558 [1/1] (0.00ns)   --->   "%shl_ln37_28 = bitconcatenate i26 @_ssdm_op_BitConcatenate.i26.i16.i10, i16 %gmem3_addr_read_27, i10 0" [src/integrated-gcn/naive_spmm_stage.cpp:37]   --->   Operation 558 'bitconcatenate' 'shl_ln37_28' <Predicate = (icmp_ln31)> <Delay = 0.00>
ST_40 : Operation 559 [1/1] (0.00ns)   --->   "%sext_ln37_27 = sext i26 %shl_ln37_28" [src/integrated-gcn/naive_spmm_stage.cpp:37]   --->   Operation 559 'sext' 'sext_ln37_27' <Predicate = (icmp_ln31)> <Delay = 0.00>
ST_40 : Operation 560 [1/1] (3.14ns)   --->   "%mul_ln37_27 = mul i52 %sext_ln37_27, i52 %sext_ln36" [src/integrated-gcn/naive_spmm_stage.cpp:37]   --->   Operation 560 'mul' 'mul_ln37_27' <Predicate = (icmp_ln31)> <Delay = 3.14> <CoreInst = "Multiplier">   --->   Core 3 'Multiplier' <Latency = 0> <II = 1> <Delay = 3.14> <FuncUnit> <Opcode : 'mul'> <InPorts = 2> <OutPorts = 1>
ST_40 : Operation 561 [1/1] (0.00ns)   --->   "%shl_ln37_91 = bitconcatenate i52 @_ssdm_op_BitConcatenate.i52.i32.i20, i32 %conv_i_i13_2736_load_1, i20 0" [src/integrated-gcn/naive_spmm_stage.cpp:37]   --->   Operation 561 'bitconcatenate' 'shl_ln37_91' <Predicate = (icmp_ln31)> <Delay = 0.00>
ST_40 : Operation 562 [1/1] (1.10ns)   --->   "%add_ln37_27 = add i52 %shl_ln37_91, i52 %mul_ln37_27" [src/integrated-gcn/naive_spmm_stage.cpp:37]   --->   Operation 562 'add' 'add_ln37_27' <Predicate = (icmp_ln31)> <Delay = 1.10> <CoreInst = "Adder">   --->   Core 1 'Adder' <Latency = 0> <II = 1> <Delay = 1.10> <FuncUnit> <Opcode : 'add' 'sub'> <InPorts = 2> <OutPorts = 1>
ST_40 : Operation 563 [1/1] (0.00ns)   --->   "%trunc_ln37_26 = partselect i32 @_ssdm_op_PartSelect.i32.i52.i32.i32, i52 %add_ln37_27, i32 20, i32 51" [src/integrated-gcn/naive_spmm_stage.cpp:37]   --->   Operation 563 'partselect' 'trunc_ln37_26' <Predicate = (icmp_ln31)> <Delay = 0.00>
ST_40 : Operation 564 [1/1] ( I:7.30ns O:7.30ns )   --->   "%gmem3_addr_read_28 = read i16 @_ssdm_op_Read.m_axi.i16.p1i16, i16 %gmem3_addr" [src/integrated-gcn/naive_spmm_stage.cpp:37]   --->   Operation 564 'read' 'gmem3_addr_read_28' <Predicate = (icmp_ln31)> <Delay = 7.30> <CoreInst = "m_axi">   --->   Core 119 'm_axi' <Latency = 3> <II = 1> <Delay = 1.00> <Adapter> <Opcode : 'readrequnaligned' 'writerequnaligned' 'read' 'write' 'readreq' 'writereq' 'writeresp'>
ST_40 : Operation 565 [1/1] (0.42ns)   --->   "%store_ln37 = store i32 %trunc_ln37_26, i32 %conv_i_i13_2736" [src/integrated-gcn/naive_spmm_stage.cpp:37]   --->   Operation 565 'store' 'store_ln37' <Predicate = (icmp_ln31)> <Delay = 0.42>

State 41 <SV = 40> <Delay = 7.30>
ST_41 : Operation 566 [1/1] (0.00ns)   --->   "%conv_i_i13_2837_load_1 = load i32 %conv_i_i13_2837" [src/integrated-gcn/naive_spmm_stage.cpp:37]   --->   Operation 566 'load' 'conv_i_i13_2837_load_1' <Predicate = (icmp_ln31)> <Delay = 0.00>
ST_41 : Operation 567 [1/1] (0.00ns)   --->   "%shl_ln37_29 = bitconcatenate i26 @_ssdm_op_BitConcatenate.i26.i16.i10, i16 %gmem3_addr_read_28, i10 0" [src/integrated-gcn/naive_spmm_stage.cpp:37]   --->   Operation 567 'bitconcatenate' 'shl_ln37_29' <Predicate = (icmp_ln31)> <Delay = 0.00>
ST_41 : Operation 568 [1/1] (0.00ns)   --->   "%sext_ln37_28 = sext i26 %shl_ln37_29" [src/integrated-gcn/naive_spmm_stage.cpp:37]   --->   Operation 568 'sext' 'sext_ln37_28' <Predicate = (icmp_ln31)> <Delay = 0.00>
ST_41 : Operation 569 [1/1] (3.14ns)   --->   "%mul_ln37_28 = mul i52 %sext_ln37_28, i52 %sext_ln36" [src/integrated-gcn/naive_spmm_stage.cpp:37]   --->   Operation 569 'mul' 'mul_ln37_28' <Predicate = (icmp_ln31)> <Delay = 3.14> <CoreInst = "Multiplier">   --->   Core 3 'Multiplier' <Latency = 0> <II = 1> <Delay = 3.14> <FuncUnit> <Opcode : 'mul'> <InPorts = 2> <OutPorts = 1>
ST_41 : Operation 570 [1/1] (0.00ns)   --->   "%shl_ln37_92 = bitconcatenate i52 @_ssdm_op_BitConcatenate.i52.i32.i20, i32 %conv_i_i13_2837_load_1, i20 0" [src/integrated-gcn/naive_spmm_stage.cpp:37]   --->   Operation 570 'bitconcatenate' 'shl_ln37_92' <Predicate = (icmp_ln31)> <Delay = 0.00>
ST_41 : Operation 571 [1/1] (1.10ns)   --->   "%add_ln37_28 = add i52 %shl_ln37_92, i52 %mul_ln37_28" [src/integrated-gcn/naive_spmm_stage.cpp:37]   --->   Operation 571 'add' 'add_ln37_28' <Predicate = (icmp_ln31)> <Delay = 1.10> <CoreInst = "Adder">   --->   Core 1 'Adder' <Latency = 0> <II = 1> <Delay = 1.10> <FuncUnit> <Opcode : 'add' 'sub'> <InPorts = 2> <OutPorts = 1>
ST_41 : Operation 572 [1/1] (0.00ns)   --->   "%trunc_ln37_27 = partselect i32 @_ssdm_op_PartSelect.i32.i52.i32.i32, i52 %add_ln37_28, i32 20, i32 51" [src/integrated-gcn/naive_spmm_stage.cpp:37]   --->   Operation 572 'partselect' 'trunc_ln37_27' <Predicate = (icmp_ln31)> <Delay = 0.00>
ST_41 : Operation 573 [1/1] ( I:7.30ns O:7.30ns )   --->   "%gmem3_addr_read_29 = read i16 @_ssdm_op_Read.m_axi.i16.p1i16, i16 %gmem3_addr" [src/integrated-gcn/naive_spmm_stage.cpp:37]   --->   Operation 573 'read' 'gmem3_addr_read_29' <Predicate = (icmp_ln31)> <Delay = 7.30> <CoreInst = "m_axi">   --->   Core 119 'm_axi' <Latency = 3> <II = 1> <Delay = 1.00> <Adapter> <Opcode : 'readrequnaligned' 'writerequnaligned' 'read' 'write' 'readreq' 'writereq' 'writeresp'>
ST_41 : Operation 574 [1/1] (0.42ns)   --->   "%store_ln37 = store i32 %trunc_ln37_27, i32 %conv_i_i13_2837" [src/integrated-gcn/naive_spmm_stage.cpp:37]   --->   Operation 574 'store' 'store_ln37' <Predicate = (icmp_ln31)> <Delay = 0.42>

State 42 <SV = 41> <Delay = 7.30>
ST_42 : Operation 575 [1/1] (0.00ns)   --->   "%conv_i_i13_2938_load_1 = load i32 %conv_i_i13_2938" [src/integrated-gcn/naive_spmm_stage.cpp:37]   --->   Operation 575 'load' 'conv_i_i13_2938_load_1' <Predicate = (icmp_ln31)> <Delay = 0.00>
ST_42 : Operation 576 [1/1] (0.00ns)   --->   "%shl_ln37_30 = bitconcatenate i26 @_ssdm_op_BitConcatenate.i26.i16.i10, i16 %gmem3_addr_read_29, i10 0" [src/integrated-gcn/naive_spmm_stage.cpp:37]   --->   Operation 576 'bitconcatenate' 'shl_ln37_30' <Predicate = (icmp_ln31)> <Delay = 0.00>
ST_42 : Operation 577 [1/1] (0.00ns)   --->   "%sext_ln37_29 = sext i26 %shl_ln37_30" [src/integrated-gcn/naive_spmm_stage.cpp:37]   --->   Operation 577 'sext' 'sext_ln37_29' <Predicate = (icmp_ln31)> <Delay = 0.00>
ST_42 : Operation 578 [1/1] (3.14ns)   --->   "%mul_ln37_29 = mul i52 %sext_ln37_29, i52 %sext_ln36" [src/integrated-gcn/naive_spmm_stage.cpp:37]   --->   Operation 578 'mul' 'mul_ln37_29' <Predicate = (icmp_ln31)> <Delay = 3.14> <CoreInst = "Multiplier">   --->   Core 3 'Multiplier' <Latency = 0> <II = 1> <Delay = 3.14> <FuncUnit> <Opcode : 'mul'> <InPorts = 2> <OutPorts = 1>
ST_42 : Operation 579 [1/1] (0.00ns)   --->   "%shl_ln37_93 = bitconcatenate i52 @_ssdm_op_BitConcatenate.i52.i32.i20, i32 %conv_i_i13_2938_load_1, i20 0" [src/integrated-gcn/naive_spmm_stage.cpp:37]   --->   Operation 579 'bitconcatenate' 'shl_ln37_93' <Predicate = (icmp_ln31)> <Delay = 0.00>
ST_42 : Operation 580 [1/1] (1.10ns)   --->   "%add_ln37_29 = add i52 %shl_ln37_93, i52 %mul_ln37_29" [src/integrated-gcn/naive_spmm_stage.cpp:37]   --->   Operation 580 'add' 'add_ln37_29' <Predicate = (icmp_ln31)> <Delay = 1.10> <CoreInst = "Adder">   --->   Core 1 'Adder' <Latency = 0> <II = 1> <Delay = 1.10> <FuncUnit> <Opcode : 'add' 'sub'> <InPorts = 2> <OutPorts = 1>
ST_42 : Operation 581 [1/1] (0.00ns)   --->   "%trunc_ln37_28 = partselect i32 @_ssdm_op_PartSelect.i32.i52.i32.i32, i52 %add_ln37_29, i32 20, i32 51" [src/integrated-gcn/naive_spmm_stage.cpp:37]   --->   Operation 581 'partselect' 'trunc_ln37_28' <Predicate = (icmp_ln31)> <Delay = 0.00>
ST_42 : Operation 582 [1/1] ( I:7.30ns O:7.30ns )   --->   "%gmem3_addr_read_30 = read i16 @_ssdm_op_Read.m_axi.i16.p1i16, i16 %gmem3_addr" [src/integrated-gcn/naive_spmm_stage.cpp:37]   --->   Operation 582 'read' 'gmem3_addr_read_30' <Predicate = (icmp_ln31)> <Delay = 7.30> <CoreInst = "m_axi">   --->   Core 119 'm_axi' <Latency = 3> <II = 1> <Delay = 1.00> <Adapter> <Opcode : 'readrequnaligned' 'writerequnaligned' 'read' 'write' 'readreq' 'writereq' 'writeresp'>
ST_42 : Operation 583 [1/1] (0.42ns)   --->   "%store_ln37 = store i32 %trunc_ln37_28, i32 %conv_i_i13_2938" [src/integrated-gcn/naive_spmm_stage.cpp:37]   --->   Operation 583 'store' 'store_ln37' <Predicate = (icmp_ln31)> <Delay = 0.42>

State 43 <SV = 42> <Delay = 7.30>
ST_43 : Operation 584 [1/1] (0.00ns)   --->   "%conv_i_i13_3039_load_1 = load i32 %conv_i_i13_3039" [src/integrated-gcn/naive_spmm_stage.cpp:37]   --->   Operation 584 'load' 'conv_i_i13_3039_load_1' <Predicate = (icmp_ln31)> <Delay = 0.00>
ST_43 : Operation 585 [1/1] (0.00ns)   --->   "%shl_ln37_31 = bitconcatenate i26 @_ssdm_op_BitConcatenate.i26.i16.i10, i16 %gmem3_addr_read_30, i10 0" [src/integrated-gcn/naive_spmm_stage.cpp:37]   --->   Operation 585 'bitconcatenate' 'shl_ln37_31' <Predicate = (icmp_ln31)> <Delay = 0.00>
ST_43 : Operation 586 [1/1] (0.00ns)   --->   "%sext_ln37_30 = sext i26 %shl_ln37_31" [src/integrated-gcn/naive_spmm_stage.cpp:37]   --->   Operation 586 'sext' 'sext_ln37_30' <Predicate = (icmp_ln31)> <Delay = 0.00>
ST_43 : Operation 587 [1/1] (3.14ns)   --->   "%mul_ln37_30 = mul i52 %sext_ln37_30, i52 %sext_ln36" [src/integrated-gcn/naive_spmm_stage.cpp:37]   --->   Operation 587 'mul' 'mul_ln37_30' <Predicate = (icmp_ln31)> <Delay = 3.14> <CoreInst = "Multiplier">   --->   Core 3 'Multiplier' <Latency = 0> <II = 1> <Delay = 3.14> <FuncUnit> <Opcode : 'mul'> <InPorts = 2> <OutPorts = 1>
ST_43 : Operation 588 [1/1] (0.00ns)   --->   "%shl_ln37_94 = bitconcatenate i52 @_ssdm_op_BitConcatenate.i52.i32.i20, i32 %conv_i_i13_3039_load_1, i20 0" [src/integrated-gcn/naive_spmm_stage.cpp:37]   --->   Operation 588 'bitconcatenate' 'shl_ln37_94' <Predicate = (icmp_ln31)> <Delay = 0.00>
ST_43 : Operation 589 [1/1] (1.10ns)   --->   "%add_ln37_30 = add i52 %shl_ln37_94, i52 %mul_ln37_30" [src/integrated-gcn/naive_spmm_stage.cpp:37]   --->   Operation 589 'add' 'add_ln37_30' <Predicate = (icmp_ln31)> <Delay = 1.10> <CoreInst = "Adder">   --->   Core 1 'Adder' <Latency = 0> <II = 1> <Delay = 1.10> <FuncUnit> <Opcode : 'add' 'sub'> <InPorts = 2> <OutPorts = 1>
ST_43 : Operation 590 [1/1] (0.00ns)   --->   "%trunc_ln37_29 = partselect i32 @_ssdm_op_PartSelect.i32.i52.i32.i32, i52 %add_ln37_30, i32 20, i32 51" [src/integrated-gcn/naive_spmm_stage.cpp:37]   --->   Operation 590 'partselect' 'trunc_ln37_29' <Predicate = (icmp_ln31)> <Delay = 0.00>
ST_43 : Operation 591 [1/1] ( I:7.30ns O:7.30ns )   --->   "%gmem3_addr_read_31 = read i16 @_ssdm_op_Read.m_axi.i16.p1i16, i16 %gmem3_addr" [src/integrated-gcn/naive_spmm_stage.cpp:37]   --->   Operation 591 'read' 'gmem3_addr_read_31' <Predicate = (icmp_ln31)> <Delay = 7.30> <CoreInst = "m_axi">   --->   Core 119 'm_axi' <Latency = 3> <II = 1> <Delay = 1.00> <Adapter> <Opcode : 'readrequnaligned' 'writerequnaligned' 'read' 'write' 'readreq' 'writereq' 'writeresp'>
ST_43 : Operation 592 [1/1] (0.42ns)   --->   "%store_ln37 = store i32 %trunc_ln37_29, i32 %conv_i_i13_3039" [src/integrated-gcn/naive_spmm_stage.cpp:37]   --->   Operation 592 'store' 'store_ln37' <Predicate = (icmp_ln31)> <Delay = 0.42>

State 44 <SV = 43> <Delay = 7.30>
ST_44 : Operation 593 [1/1] (0.00ns)   --->   "%conv_i_i13_3140_load_1 = load i32 %conv_i_i13_3140" [src/integrated-gcn/naive_spmm_stage.cpp:37]   --->   Operation 593 'load' 'conv_i_i13_3140_load_1' <Predicate = (icmp_ln31)> <Delay = 0.00>
ST_44 : Operation 594 [1/1] (0.00ns)   --->   "%shl_ln37_32 = bitconcatenate i26 @_ssdm_op_BitConcatenate.i26.i16.i10, i16 %gmem3_addr_read_31, i10 0" [src/integrated-gcn/naive_spmm_stage.cpp:37]   --->   Operation 594 'bitconcatenate' 'shl_ln37_32' <Predicate = (icmp_ln31)> <Delay = 0.00>
ST_44 : Operation 595 [1/1] (0.00ns)   --->   "%sext_ln37_31 = sext i26 %shl_ln37_32" [src/integrated-gcn/naive_spmm_stage.cpp:37]   --->   Operation 595 'sext' 'sext_ln37_31' <Predicate = (icmp_ln31)> <Delay = 0.00>
ST_44 : Operation 596 [1/1] (3.14ns)   --->   "%mul_ln37_31 = mul i52 %sext_ln37_31, i52 %sext_ln36" [src/integrated-gcn/naive_spmm_stage.cpp:37]   --->   Operation 596 'mul' 'mul_ln37_31' <Predicate = (icmp_ln31)> <Delay = 3.14> <CoreInst = "Multiplier">   --->   Core 3 'Multiplier' <Latency = 0> <II = 1> <Delay = 3.14> <FuncUnit> <Opcode : 'mul'> <InPorts = 2> <OutPorts = 1>
ST_44 : Operation 597 [1/1] (0.00ns)   --->   "%shl_ln37_95 = bitconcatenate i52 @_ssdm_op_BitConcatenate.i52.i32.i20, i32 %conv_i_i13_3140_load_1, i20 0" [src/integrated-gcn/naive_spmm_stage.cpp:37]   --->   Operation 597 'bitconcatenate' 'shl_ln37_95' <Predicate = (icmp_ln31)> <Delay = 0.00>
ST_44 : Operation 598 [1/1] (1.10ns)   --->   "%add_ln37_31 = add i52 %shl_ln37_95, i52 %mul_ln37_31" [src/integrated-gcn/naive_spmm_stage.cpp:37]   --->   Operation 598 'add' 'add_ln37_31' <Predicate = (icmp_ln31)> <Delay = 1.10> <CoreInst = "Adder">   --->   Core 1 'Adder' <Latency = 0> <II = 1> <Delay = 1.10> <FuncUnit> <Opcode : 'add' 'sub'> <InPorts = 2> <OutPorts = 1>
ST_44 : Operation 599 [1/1] (0.00ns)   --->   "%trunc_ln37_30 = partselect i32 @_ssdm_op_PartSelect.i32.i52.i32.i32, i52 %add_ln37_31, i32 20, i32 51" [src/integrated-gcn/naive_spmm_stage.cpp:37]   --->   Operation 599 'partselect' 'trunc_ln37_30' <Predicate = (icmp_ln31)> <Delay = 0.00>
ST_44 : Operation 600 [1/1] ( I:7.30ns O:7.30ns )   --->   "%gmem3_addr_read_32 = read i16 @_ssdm_op_Read.m_axi.i16.p1i16, i16 %gmem3_addr" [src/integrated-gcn/naive_spmm_stage.cpp:37]   --->   Operation 600 'read' 'gmem3_addr_read_32' <Predicate = (icmp_ln31)> <Delay = 7.30> <CoreInst = "m_axi">   --->   Core 119 'm_axi' <Latency = 3> <II = 1> <Delay = 1.00> <Adapter> <Opcode : 'readrequnaligned' 'writerequnaligned' 'read' 'write' 'readreq' 'writereq' 'writeresp'>
ST_44 : Operation 601 [1/1] (0.42ns)   --->   "%store_ln37 = store i32 %trunc_ln37_30, i32 %conv_i_i13_3140" [src/integrated-gcn/naive_spmm_stage.cpp:37]   --->   Operation 601 'store' 'store_ln37' <Predicate = (icmp_ln31)> <Delay = 0.42>

State 45 <SV = 44> <Delay = 7.30>
ST_45 : Operation 602 [1/1] (0.00ns)   --->   "%conv_i_i13_3241_load_1 = load i32 %conv_i_i13_3241" [src/integrated-gcn/naive_spmm_stage.cpp:37]   --->   Operation 602 'load' 'conv_i_i13_3241_load_1' <Predicate = (icmp_ln31)> <Delay = 0.00>
ST_45 : Operation 603 [1/1] (0.00ns)   --->   "%shl_ln37_33 = bitconcatenate i26 @_ssdm_op_BitConcatenate.i26.i16.i10, i16 %gmem3_addr_read_32, i10 0" [src/integrated-gcn/naive_spmm_stage.cpp:37]   --->   Operation 603 'bitconcatenate' 'shl_ln37_33' <Predicate = (icmp_ln31)> <Delay = 0.00>
ST_45 : Operation 604 [1/1] (0.00ns)   --->   "%sext_ln37_32 = sext i26 %shl_ln37_33" [src/integrated-gcn/naive_spmm_stage.cpp:37]   --->   Operation 604 'sext' 'sext_ln37_32' <Predicate = (icmp_ln31)> <Delay = 0.00>
ST_45 : Operation 605 [1/1] (3.14ns)   --->   "%mul_ln37_32 = mul i52 %sext_ln37_32, i52 %sext_ln36" [src/integrated-gcn/naive_spmm_stage.cpp:37]   --->   Operation 605 'mul' 'mul_ln37_32' <Predicate = (icmp_ln31)> <Delay = 3.14> <CoreInst = "Multiplier">   --->   Core 3 'Multiplier' <Latency = 0> <II = 1> <Delay = 3.14> <FuncUnit> <Opcode : 'mul'> <InPorts = 2> <OutPorts = 1>
ST_45 : Operation 606 [1/1] (0.00ns)   --->   "%shl_ln37_96 = bitconcatenate i52 @_ssdm_op_BitConcatenate.i52.i32.i20, i32 %conv_i_i13_3241_load_1, i20 0" [src/integrated-gcn/naive_spmm_stage.cpp:37]   --->   Operation 606 'bitconcatenate' 'shl_ln37_96' <Predicate = (icmp_ln31)> <Delay = 0.00>
ST_45 : Operation 607 [1/1] (1.10ns)   --->   "%add_ln37_32 = add i52 %shl_ln37_96, i52 %mul_ln37_32" [src/integrated-gcn/naive_spmm_stage.cpp:37]   --->   Operation 607 'add' 'add_ln37_32' <Predicate = (icmp_ln31)> <Delay = 1.10> <CoreInst = "Adder">   --->   Core 1 'Adder' <Latency = 0> <II = 1> <Delay = 1.10> <FuncUnit> <Opcode : 'add' 'sub'> <InPorts = 2> <OutPorts = 1>
ST_45 : Operation 608 [1/1] (0.00ns)   --->   "%trunc_ln37_31 = partselect i32 @_ssdm_op_PartSelect.i32.i52.i32.i32, i52 %add_ln37_32, i32 20, i32 51" [src/integrated-gcn/naive_spmm_stage.cpp:37]   --->   Operation 608 'partselect' 'trunc_ln37_31' <Predicate = (icmp_ln31)> <Delay = 0.00>
ST_45 : Operation 609 [1/1] ( I:7.30ns O:7.30ns )   --->   "%gmem3_addr_read_33 = read i16 @_ssdm_op_Read.m_axi.i16.p1i16, i16 %gmem3_addr" [src/integrated-gcn/naive_spmm_stage.cpp:37]   --->   Operation 609 'read' 'gmem3_addr_read_33' <Predicate = (icmp_ln31)> <Delay = 7.30> <CoreInst = "m_axi">   --->   Core 119 'm_axi' <Latency = 3> <II = 1> <Delay = 1.00> <Adapter> <Opcode : 'readrequnaligned' 'writerequnaligned' 'read' 'write' 'readreq' 'writereq' 'writeresp'>
ST_45 : Operation 610 [1/1] (0.42ns)   --->   "%store_ln37 = store i32 %trunc_ln37_31, i32 %conv_i_i13_3241" [src/integrated-gcn/naive_spmm_stage.cpp:37]   --->   Operation 610 'store' 'store_ln37' <Predicate = (icmp_ln31)> <Delay = 0.42>

State 46 <SV = 45> <Delay = 7.30>
ST_46 : Operation 611 [1/1] (0.00ns)   --->   "%conv_i_i13_3342_load_1 = load i32 %conv_i_i13_3342" [src/integrated-gcn/naive_spmm_stage.cpp:37]   --->   Operation 611 'load' 'conv_i_i13_3342_load_1' <Predicate = (icmp_ln31)> <Delay = 0.00>
ST_46 : Operation 612 [1/1] (0.00ns)   --->   "%shl_ln37_34 = bitconcatenate i26 @_ssdm_op_BitConcatenate.i26.i16.i10, i16 %gmem3_addr_read_33, i10 0" [src/integrated-gcn/naive_spmm_stage.cpp:37]   --->   Operation 612 'bitconcatenate' 'shl_ln37_34' <Predicate = (icmp_ln31)> <Delay = 0.00>
ST_46 : Operation 613 [1/1] (0.00ns)   --->   "%sext_ln37_33 = sext i26 %shl_ln37_34" [src/integrated-gcn/naive_spmm_stage.cpp:37]   --->   Operation 613 'sext' 'sext_ln37_33' <Predicate = (icmp_ln31)> <Delay = 0.00>
ST_46 : Operation 614 [1/1] (3.14ns)   --->   "%mul_ln37_33 = mul i52 %sext_ln37_33, i52 %sext_ln36" [src/integrated-gcn/naive_spmm_stage.cpp:37]   --->   Operation 614 'mul' 'mul_ln37_33' <Predicate = (icmp_ln31)> <Delay = 3.14> <CoreInst = "Multiplier">   --->   Core 3 'Multiplier' <Latency = 0> <II = 1> <Delay = 3.14> <FuncUnit> <Opcode : 'mul'> <InPorts = 2> <OutPorts = 1>
ST_46 : Operation 615 [1/1] (0.00ns)   --->   "%shl_ln37_97 = bitconcatenate i52 @_ssdm_op_BitConcatenate.i52.i32.i20, i32 %conv_i_i13_3342_load_1, i20 0" [src/integrated-gcn/naive_spmm_stage.cpp:37]   --->   Operation 615 'bitconcatenate' 'shl_ln37_97' <Predicate = (icmp_ln31)> <Delay = 0.00>
ST_46 : Operation 616 [1/1] (1.10ns)   --->   "%add_ln37_33 = add i52 %shl_ln37_97, i52 %mul_ln37_33" [src/integrated-gcn/naive_spmm_stage.cpp:37]   --->   Operation 616 'add' 'add_ln37_33' <Predicate = (icmp_ln31)> <Delay = 1.10> <CoreInst = "Adder">   --->   Core 1 'Adder' <Latency = 0> <II = 1> <Delay = 1.10> <FuncUnit> <Opcode : 'add' 'sub'> <InPorts = 2> <OutPorts = 1>
ST_46 : Operation 617 [1/1] (0.00ns)   --->   "%trunc_ln37_32 = partselect i32 @_ssdm_op_PartSelect.i32.i52.i32.i32, i52 %add_ln37_33, i32 20, i32 51" [src/integrated-gcn/naive_spmm_stage.cpp:37]   --->   Operation 617 'partselect' 'trunc_ln37_32' <Predicate = (icmp_ln31)> <Delay = 0.00>
ST_46 : Operation 618 [1/1] ( I:7.30ns O:7.30ns )   --->   "%gmem3_addr_read_34 = read i16 @_ssdm_op_Read.m_axi.i16.p1i16, i16 %gmem3_addr" [src/integrated-gcn/naive_spmm_stage.cpp:37]   --->   Operation 618 'read' 'gmem3_addr_read_34' <Predicate = (icmp_ln31)> <Delay = 7.30> <CoreInst = "m_axi">   --->   Core 119 'm_axi' <Latency = 3> <II = 1> <Delay = 1.00> <Adapter> <Opcode : 'readrequnaligned' 'writerequnaligned' 'read' 'write' 'readreq' 'writereq' 'writeresp'>
ST_46 : Operation 619 [1/1] (0.42ns)   --->   "%store_ln37 = store i32 %trunc_ln37_32, i32 %conv_i_i13_3342" [src/integrated-gcn/naive_spmm_stage.cpp:37]   --->   Operation 619 'store' 'store_ln37' <Predicate = (icmp_ln31)> <Delay = 0.42>

State 47 <SV = 46> <Delay = 7.30>
ST_47 : Operation 620 [1/1] (0.00ns)   --->   "%conv_i_i13_3443_load_1 = load i32 %conv_i_i13_3443" [src/integrated-gcn/naive_spmm_stage.cpp:37]   --->   Operation 620 'load' 'conv_i_i13_3443_load_1' <Predicate = (icmp_ln31)> <Delay = 0.00>
ST_47 : Operation 621 [1/1] (0.00ns)   --->   "%shl_ln37_35 = bitconcatenate i26 @_ssdm_op_BitConcatenate.i26.i16.i10, i16 %gmem3_addr_read_34, i10 0" [src/integrated-gcn/naive_spmm_stage.cpp:37]   --->   Operation 621 'bitconcatenate' 'shl_ln37_35' <Predicate = (icmp_ln31)> <Delay = 0.00>
ST_47 : Operation 622 [1/1] (0.00ns)   --->   "%sext_ln37_34 = sext i26 %shl_ln37_35" [src/integrated-gcn/naive_spmm_stage.cpp:37]   --->   Operation 622 'sext' 'sext_ln37_34' <Predicate = (icmp_ln31)> <Delay = 0.00>
ST_47 : Operation 623 [1/1] (3.14ns)   --->   "%mul_ln37_34 = mul i52 %sext_ln37_34, i52 %sext_ln36" [src/integrated-gcn/naive_spmm_stage.cpp:37]   --->   Operation 623 'mul' 'mul_ln37_34' <Predicate = (icmp_ln31)> <Delay = 3.14> <CoreInst = "Multiplier">   --->   Core 3 'Multiplier' <Latency = 0> <II = 1> <Delay = 3.14> <FuncUnit> <Opcode : 'mul'> <InPorts = 2> <OutPorts = 1>
ST_47 : Operation 624 [1/1] (0.00ns)   --->   "%shl_ln37_98 = bitconcatenate i52 @_ssdm_op_BitConcatenate.i52.i32.i20, i32 %conv_i_i13_3443_load_1, i20 0" [src/integrated-gcn/naive_spmm_stage.cpp:37]   --->   Operation 624 'bitconcatenate' 'shl_ln37_98' <Predicate = (icmp_ln31)> <Delay = 0.00>
ST_47 : Operation 625 [1/1] (1.10ns)   --->   "%add_ln37_34 = add i52 %shl_ln37_98, i52 %mul_ln37_34" [src/integrated-gcn/naive_spmm_stage.cpp:37]   --->   Operation 625 'add' 'add_ln37_34' <Predicate = (icmp_ln31)> <Delay = 1.10> <CoreInst = "Adder">   --->   Core 1 'Adder' <Latency = 0> <II = 1> <Delay = 1.10> <FuncUnit> <Opcode : 'add' 'sub'> <InPorts = 2> <OutPorts = 1>
ST_47 : Operation 626 [1/1] (0.00ns)   --->   "%trunc_ln37_33 = partselect i32 @_ssdm_op_PartSelect.i32.i52.i32.i32, i52 %add_ln37_34, i32 20, i32 51" [src/integrated-gcn/naive_spmm_stage.cpp:37]   --->   Operation 626 'partselect' 'trunc_ln37_33' <Predicate = (icmp_ln31)> <Delay = 0.00>
ST_47 : Operation 627 [1/1] ( I:7.30ns O:7.30ns )   --->   "%gmem3_addr_read_35 = read i16 @_ssdm_op_Read.m_axi.i16.p1i16, i16 %gmem3_addr" [src/integrated-gcn/naive_spmm_stage.cpp:37]   --->   Operation 627 'read' 'gmem3_addr_read_35' <Predicate = (icmp_ln31)> <Delay = 7.30> <CoreInst = "m_axi">   --->   Core 119 'm_axi' <Latency = 3> <II = 1> <Delay = 1.00> <Adapter> <Opcode : 'readrequnaligned' 'writerequnaligned' 'read' 'write' 'readreq' 'writereq' 'writeresp'>
ST_47 : Operation 628 [1/1] (0.42ns)   --->   "%store_ln37 = store i32 %trunc_ln37_33, i32 %conv_i_i13_3443" [src/integrated-gcn/naive_spmm_stage.cpp:37]   --->   Operation 628 'store' 'store_ln37' <Predicate = (icmp_ln31)> <Delay = 0.42>

State 48 <SV = 47> <Delay = 7.30>
ST_48 : Operation 629 [1/1] (0.00ns)   --->   "%conv_i_i13_3544_load_1 = load i32 %conv_i_i13_3544" [src/integrated-gcn/naive_spmm_stage.cpp:37]   --->   Operation 629 'load' 'conv_i_i13_3544_load_1' <Predicate = (icmp_ln31)> <Delay = 0.00>
ST_48 : Operation 630 [1/1] (0.00ns)   --->   "%shl_ln37_36 = bitconcatenate i26 @_ssdm_op_BitConcatenate.i26.i16.i10, i16 %gmem3_addr_read_35, i10 0" [src/integrated-gcn/naive_spmm_stage.cpp:37]   --->   Operation 630 'bitconcatenate' 'shl_ln37_36' <Predicate = (icmp_ln31)> <Delay = 0.00>
ST_48 : Operation 631 [1/1] (0.00ns)   --->   "%sext_ln37_35 = sext i26 %shl_ln37_36" [src/integrated-gcn/naive_spmm_stage.cpp:37]   --->   Operation 631 'sext' 'sext_ln37_35' <Predicate = (icmp_ln31)> <Delay = 0.00>
ST_48 : Operation 632 [1/1] (3.14ns)   --->   "%mul_ln37_35 = mul i52 %sext_ln37_35, i52 %sext_ln36" [src/integrated-gcn/naive_spmm_stage.cpp:37]   --->   Operation 632 'mul' 'mul_ln37_35' <Predicate = (icmp_ln31)> <Delay = 3.14> <CoreInst = "Multiplier">   --->   Core 3 'Multiplier' <Latency = 0> <II = 1> <Delay = 3.14> <FuncUnit> <Opcode : 'mul'> <InPorts = 2> <OutPorts = 1>
ST_48 : Operation 633 [1/1] (0.00ns)   --->   "%shl_ln37_99 = bitconcatenate i52 @_ssdm_op_BitConcatenate.i52.i32.i20, i32 %conv_i_i13_3544_load_1, i20 0" [src/integrated-gcn/naive_spmm_stage.cpp:37]   --->   Operation 633 'bitconcatenate' 'shl_ln37_99' <Predicate = (icmp_ln31)> <Delay = 0.00>
ST_48 : Operation 634 [1/1] (1.10ns)   --->   "%add_ln37_35 = add i52 %shl_ln37_99, i52 %mul_ln37_35" [src/integrated-gcn/naive_spmm_stage.cpp:37]   --->   Operation 634 'add' 'add_ln37_35' <Predicate = (icmp_ln31)> <Delay = 1.10> <CoreInst = "Adder">   --->   Core 1 'Adder' <Latency = 0> <II = 1> <Delay = 1.10> <FuncUnit> <Opcode : 'add' 'sub'> <InPorts = 2> <OutPorts = 1>
ST_48 : Operation 635 [1/1] (0.00ns)   --->   "%trunc_ln37_34 = partselect i32 @_ssdm_op_PartSelect.i32.i52.i32.i32, i52 %add_ln37_35, i32 20, i32 51" [src/integrated-gcn/naive_spmm_stage.cpp:37]   --->   Operation 635 'partselect' 'trunc_ln37_34' <Predicate = (icmp_ln31)> <Delay = 0.00>
ST_48 : Operation 636 [1/1] ( I:7.30ns O:7.30ns )   --->   "%gmem3_addr_read_36 = read i16 @_ssdm_op_Read.m_axi.i16.p1i16, i16 %gmem3_addr" [src/integrated-gcn/naive_spmm_stage.cpp:37]   --->   Operation 636 'read' 'gmem3_addr_read_36' <Predicate = (icmp_ln31)> <Delay = 7.30> <CoreInst = "m_axi">   --->   Core 119 'm_axi' <Latency = 3> <II = 1> <Delay = 1.00> <Adapter> <Opcode : 'readrequnaligned' 'writerequnaligned' 'read' 'write' 'readreq' 'writereq' 'writeresp'>
ST_48 : Operation 637 [1/1] (0.42ns)   --->   "%store_ln37 = store i32 %trunc_ln37_34, i32 %conv_i_i13_3544" [src/integrated-gcn/naive_spmm_stage.cpp:37]   --->   Operation 637 'store' 'store_ln37' <Predicate = (icmp_ln31)> <Delay = 0.42>

State 49 <SV = 48> <Delay = 7.30>
ST_49 : Operation 638 [1/1] (0.00ns)   --->   "%conv_i_i13_3645_load_1 = load i32 %conv_i_i13_3645" [src/integrated-gcn/naive_spmm_stage.cpp:37]   --->   Operation 638 'load' 'conv_i_i13_3645_load_1' <Predicate = (icmp_ln31)> <Delay = 0.00>
ST_49 : Operation 639 [1/1] (0.00ns)   --->   "%shl_ln37_37 = bitconcatenate i26 @_ssdm_op_BitConcatenate.i26.i16.i10, i16 %gmem3_addr_read_36, i10 0" [src/integrated-gcn/naive_spmm_stage.cpp:37]   --->   Operation 639 'bitconcatenate' 'shl_ln37_37' <Predicate = (icmp_ln31)> <Delay = 0.00>
ST_49 : Operation 640 [1/1] (0.00ns)   --->   "%sext_ln37_36 = sext i26 %shl_ln37_37" [src/integrated-gcn/naive_spmm_stage.cpp:37]   --->   Operation 640 'sext' 'sext_ln37_36' <Predicate = (icmp_ln31)> <Delay = 0.00>
ST_49 : Operation 641 [1/1] (3.14ns)   --->   "%mul_ln37_36 = mul i52 %sext_ln37_36, i52 %sext_ln36" [src/integrated-gcn/naive_spmm_stage.cpp:37]   --->   Operation 641 'mul' 'mul_ln37_36' <Predicate = (icmp_ln31)> <Delay = 3.14> <CoreInst = "Multiplier">   --->   Core 3 'Multiplier' <Latency = 0> <II = 1> <Delay = 3.14> <FuncUnit> <Opcode : 'mul'> <InPorts = 2> <OutPorts = 1>
ST_49 : Operation 642 [1/1] (0.00ns)   --->   "%shl_ln37_100 = bitconcatenate i52 @_ssdm_op_BitConcatenate.i52.i32.i20, i32 %conv_i_i13_3645_load_1, i20 0" [src/integrated-gcn/naive_spmm_stage.cpp:37]   --->   Operation 642 'bitconcatenate' 'shl_ln37_100' <Predicate = (icmp_ln31)> <Delay = 0.00>
ST_49 : Operation 643 [1/1] (1.10ns)   --->   "%add_ln37_36 = add i52 %shl_ln37_100, i52 %mul_ln37_36" [src/integrated-gcn/naive_spmm_stage.cpp:37]   --->   Operation 643 'add' 'add_ln37_36' <Predicate = (icmp_ln31)> <Delay = 1.10> <CoreInst = "Adder">   --->   Core 1 'Adder' <Latency = 0> <II = 1> <Delay = 1.10> <FuncUnit> <Opcode : 'add' 'sub'> <InPorts = 2> <OutPorts = 1>
ST_49 : Operation 644 [1/1] (0.00ns)   --->   "%trunc_ln37_35 = partselect i32 @_ssdm_op_PartSelect.i32.i52.i32.i32, i52 %add_ln37_36, i32 20, i32 51" [src/integrated-gcn/naive_spmm_stage.cpp:37]   --->   Operation 644 'partselect' 'trunc_ln37_35' <Predicate = (icmp_ln31)> <Delay = 0.00>
ST_49 : Operation 645 [1/1] ( I:7.30ns O:7.30ns )   --->   "%gmem3_addr_read_37 = read i16 @_ssdm_op_Read.m_axi.i16.p1i16, i16 %gmem3_addr" [src/integrated-gcn/naive_spmm_stage.cpp:37]   --->   Operation 645 'read' 'gmem3_addr_read_37' <Predicate = (icmp_ln31)> <Delay = 7.30> <CoreInst = "m_axi">   --->   Core 119 'm_axi' <Latency = 3> <II = 1> <Delay = 1.00> <Adapter> <Opcode : 'readrequnaligned' 'writerequnaligned' 'read' 'write' 'readreq' 'writereq' 'writeresp'>
ST_49 : Operation 646 [1/1] (0.42ns)   --->   "%store_ln37 = store i32 %trunc_ln37_35, i32 %conv_i_i13_3645" [src/integrated-gcn/naive_spmm_stage.cpp:37]   --->   Operation 646 'store' 'store_ln37' <Predicate = (icmp_ln31)> <Delay = 0.42>

State 50 <SV = 49> <Delay = 7.30>
ST_50 : Operation 647 [1/1] (0.00ns)   --->   "%conv_i_i13_3746_load_1 = load i32 %conv_i_i13_3746" [src/integrated-gcn/naive_spmm_stage.cpp:37]   --->   Operation 647 'load' 'conv_i_i13_3746_load_1' <Predicate = (icmp_ln31)> <Delay = 0.00>
ST_50 : Operation 648 [1/1] (0.00ns)   --->   "%shl_ln37_38 = bitconcatenate i26 @_ssdm_op_BitConcatenate.i26.i16.i10, i16 %gmem3_addr_read_37, i10 0" [src/integrated-gcn/naive_spmm_stage.cpp:37]   --->   Operation 648 'bitconcatenate' 'shl_ln37_38' <Predicate = (icmp_ln31)> <Delay = 0.00>
ST_50 : Operation 649 [1/1] (0.00ns)   --->   "%sext_ln37_37 = sext i26 %shl_ln37_38" [src/integrated-gcn/naive_spmm_stage.cpp:37]   --->   Operation 649 'sext' 'sext_ln37_37' <Predicate = (icmp_ln31)> <Delay = 0.00>
ST_50 : Operation 650 [1/1] (3.14ns)   --->   "%mul_ln37_37 = mul i52 %sext_ln37_37, i52 %sext_ln36" [src/integrated-gcn/naive_spmm_stage.cpp:37]   --->   Operation 650 'mul' 'mul_ln37_37' <Predicate = (icmp_ln31)> <Delay = 3.14> <CoreInst = "Multiplier">   --->   Core 3 'Multiplier' <Latency = 0> <II = 1> <Delay = 3.14> <FuncUnit> <Opcode : 'mul'> <InPorts = 2> <OutPorts = 1>
ST_50 : Operation 651 [1/1] (0.00ns)   --->   "%shl_ln37_101 = bitconcatenate i52 @_ssdm_op_BitConcatenate.i52.i32.i20, i32 %conv_i_i13_3746_load_1, i20 0" [src/integrated-gcn/naive_spmm_stage.cpp:37]   --->   Operation 651 'bitconcatenate' 'shl_ln37_101' <Predicate = (icmp_ln31)> <Delay = 0.00>
ST_50 : Operation 652 [1/1] (1.10ns)   --->   "%add_ln37_37 = add i52 %shl_ln37_101, i52 %mul_ln37_37" [src/integrated-gcn/naive_spmm_stage.cpp:37]   --->   Operation 652 'add' 'add_ln37_37' <Predicate = (icmp_ln31)> <Delay = 1.10> <CoreInst = "Adder">   --->   Core 1 'Adder' <Latency = 0> <II = 1> <Delay = 1.10> <FuncUnit> <Opcode : 'add' 'sub'> <InPorts = 2> <OutPorts = 1>
ST_50 : Operation 653 [1/1] (0.00ns)   --->   "%trunc_ln37_36 = partselect i32 @_ssdm_op_PartSelect.i32.i52.i32.i32, i52 %add_ln37_37, i32 20, i32 51" [src/integrated-gcn/naive_spmm_stage.cpp:37]   --->   Operation 653 'partselect' 'trunc_ln37_36' <Predicate = (icmp_ln31)> <Delay = 0.00>
ST_50 : Operation 654 [1/1] ( I:7.30ns O:7.30ns )   --->   "%gmem3_addr_read_38 = read i16 @_ssdm_op_Read.m_axi.i16.p1i16, i16 %gmem3_addr" [src/integrated-gcn/naive_spmm_stage.cpp:37]   --->   Operation 654 'read' 'gmem3_addr_read_38' <Predicate = (icmp_ln31)> <Delay = 7.30> <CoreInst = "m_axi">   --->   Core 119 'm_axi' <Latency = 3> <II = 1> <Delay = 1.00> <Adapter> <Opcode : 'readrequnaligned' 'writerequnaligned' 'read' 'write' 'readreq' 'writereq' 'writeresp'>
ST_50 : Operation 655 [1/1] (0.42ns)   --->   "%store_ln37 = store i32 %trunc_ln37_36, i32 %conv_i_i13_3746" [src/integrated-gcn/naive_spmm_stage.cpp:37]   --->   Operation 655 'store' 'store_ln37' <Predicate = (icmp_ln31)> <Delay = 0.42>

State 51 <SV = 50> <Delay = 7.30>
ST_51 : Operation 656 [1/1] (0.00ns)   --->   "%conv_i_i13_3847_load_1 = load i32 %conv_i_i13_3847" [src/integrated-gcn/naive_spmm_stage.cpp:37]   --->   Operation 656 'load' 'conv_i_i13_3847_load_1' <Predicate = (icmp_ln31)> <Delay = 0.00>
ST_51 : Operation 657 [1/1] (0.00ns)   --->   "%shl_ln37_39 = bitconcatenate i26 @_ssdm_op_BitConcatenate.i26.i16.i10, i16 %gmem3_addr_read_38, i10 0" [src/integrated-gcn/naive_spmm_stage.cpp:37]   --->   Operation 657 'bitconcatenate' 'shl_ln37_39' <Predicate = (icmp_ln31)> <Delay = 0.00>
ST_51 : Operation 658 [1/1] (0.00ns)   --->   "%sext_ln37_38 = sext i26 %shl_ln37_39" [src/integrated-gcn/naive_spmm_stage.cpp:37]   --->   Operation 658 'sext' 'sext_ln37_38' <Predicate = (icmp_ln31)> <Delay = 0.00>
ST_51 : Operation 659 [1/1] (3.14ns)   --->   "%mul_ln37_38 = mul i52 %sext_ln37_38, i52 %sext_ln36" [src/integrated-gcn/naive_spmm_stage.cpp:37]   --->   Operation 659 'mul' 'mul_ln37_38' <Predicate = (icmp_ln31)> <Delay = 3.14> <CoreInst = "Multiplier">   --->   Core 3 'Multiplier' <Latency = 0> <II = 1> <Delay = 3.14> <FuncUnit> <Opcode : 'mul'> <InPorts = 2> <OutPorts = 1>
ST_51 : Operation 660 [1/1] (0.00ns)   --->   "%shl_ln37_102 = bitconcatenate i52 @_ssdm_op_BitConcatenate.i52.i32.i20, i32 %conv_i_i13_3847_load_1, i20 0" [src/integrated-gcn/naive_spmm_stage.cpp:37]   --->   Operation 660 'bitconcatenate' 'shl_ln37_102' <Predicate = (icmp_ln31)> <Delay = 0.00>
ST_51 : Operation 661 [1/1] (1.10ns)   --->   "%add_ln37_38 = add i52 %shl_ln37_102, i52 %mul_ln37_38" [src/integrated-gcn/naive_spmm_stage.cpp:37]   --->   Operation 661 'add' 'add_ln37_38' <Predicate = (icmp_ln31)> <Delay = 1.10> <CoreInst = "Adder">   --->   Core 1 'Adder' <Latency = 0> <II = 1> <Delay = 1.10> <FuncUnit> <Opcode : 'add' 'sub'> <InPorts = 2> <OutPorts = 1>
ST_51 : Operation 662 [1/1] (0.00ns)   --->   "%trunc_ln37_37 = partselect i32 @_ssdm_op_PartSelect.i32.i52.i32.i32, i52 %add_ln37_38, i32 20, i32 51" [src/integrated-gcn/naive_spmm_stage.cpp:37]   --->   Operation 662 'partselect' 'trunc_ln37_37' <Predicate = (icmp_ln31)> <Delay = 0.00>
ST_51 : Operation 663 [1/1] ( I:7.30ns O:7.30ns )   --->   "%gmem3_addr_read_39 = read i16 @_ssdm_op_Read.m_axi.i16.p1i16, i16 %gmem3_addr" [src/integrated-gcn/naive_spmm_stage.cpp:37]   --->   Operation 663 'read' 'gmem3_addr_read_39' <Predicate = (icmp_ln31)> <Delay = 7.30> <CoreInst = "m_axi">   --->   Core 119 'm_axi' <Latency = 3> <II = 1> <Delay = 1.00> <Adapter> <Opcode : 'readrequnaligned' 'writerequnaligned' 'read' 'write' 'readreq' 'writereq' 'writeresp'>
ST_51 : Operation 664 [1/1] (0.42ns)   --->   "%store_ln37 = store i32 %trunc_ln37_37, i32 %conv_i_i13_3847" [src/integrated-gcn/naive_spmm_stage.cpp:37]   --->   Operation 664 'store' 'store_ln37' <Predicate = (icmp_ln31)> <Delay = 0.42>

State 52 <SV = 51> <Delay = 7.30>
ST_52 : Operation 665 [1/1] (0.00ns)   --->   "%conv_i_i13_3948_load_1 = load i32 %conv_i_i13_3948" [src/integrated-gcn/naive_spmm_stage.cpp:37]   --->   Operation 665 'load' 'conv_i_i13_3948_load_1' <Predicate = (icmp_ln31)> <Delay = 0.00>
ST_52 : Operation 666 [1/1] (0.00ns)   --->   "%shl_ln37_40 = bitconcatenate i26 @_ssdm_op_BitConcatenate.i26.i16.i10, i16 %gmem3_addr_read_39, i10 0" [src/integrated-gcn/naive_spmm_stage.cpp:37]   --->   Operation 666 'bitconcatenate' 'shl_ln37_40' <Predicate = (icmp_ln31)> <Delay = 0.00>
ST_52 : Operation 667 [1/1] (0.00ns)   --->   "%sext_ln37_39 = sext i26 %shl_ln37_40" [src/integrated-gcn/naive_spmm_stage.cpp:37]   --->   Operation 667 'sext' 'sext_ln37_39' <Predicate = (icmp_ln31)> <Delay = 0.00>
ST_52 : Operation 668 [1/1] (3.14ns)   --->   "%mul_ln37_39 = mul i52 %sext_ln37_39, i52 %sext_ln36" [src/integrated-gcn/naive_spmm_stage.cpp:37]   --->   Operation 668 'mul' 'mul_ln37_39' <Predicate = (icmp_ln31)> <Delay = 3.14> <CoreInst = "Multiplier">   --->   Core 3 'Multiplier' <Latency = 0> <II = 1> <Delay = 3.14> <FuncUnit> <Opcode : 'mul'> <InPorts = 2> <OutPorts = 1>
ST_52 : Operation 669 [1/1] (0.00ns)   --->   "%shl_ln37_103 = bitconcatenate i52 @_ssdm_op_BitConcatenate.i52.i32.i20, i32 %conv_i_i13_3948_load_1, i20 0" [src/integrated-gcn/naive_spmm_stage.cpp:37]   --->   Operation 669 'bitconcatenate' 'shl_ln37_103' <Predicate = (icmp_ln31)> <Delay = 0.00>
ST_52 : Operation 670 [1/1] (1.10ns)   --->   "%add_ln37_39 = add i52 %shl_ln37_103, i52 %mul_ln37_39" [src/integrated-gcn/naive_spmm_stage.cpp:37]   --->   Operation 670 'add' 'add_ln37_39' <Predicate = (icmp_ln31)> <Delay = 1.10> <CoreInst = "Adder">   --->   Core 1 'Adder' <Latency = 0> <II = 1> <Delay = 1.10> <FuncUnit> <Opcode : 'add' 'sub'> <InPorts = 2> <OutPorts = 1>
ST_52 : Operation 671 [1/1] (0.00ns)   --->   "%trunc_ln37_38 = partselect i32 @_ssdm_op_PartSelect.i32.i52.i32.i32, i52 %add_ln37_39, i32 20, i32 51" [src/integrated-gcn/naive_spmm_stage.cpp:37]   --->   Operation 671 'partselect' 'trunc_ln37_38' <Predicate = (icmp_ln31)> <Delay = 0.00>
ST_52 : Operation 672 [1/1] ( I:7.30ns O:7.30ns )   --->   "%gmem3_addr_read_40 = read i16 @_ssdm_op_Read.m_axi.i16.p1i16, i16 %gmem3_addr" [src/integrated-gcn/naive_spmm_stage.cpp:37]   --->   Operation 672 'read' 'gmem3_addr_read_40' <Predicate = (icmp_ln31)> <Delay = 7.30> <CoreInst = "m_axi">   --->   Core 119 'm_axi' <Latency = 3> <II = 1> <Delay = 1.00> <Adapter> <Opcode : 'readrequnaligned' 'writerequnaligned' 'read' 'write' 'readreq' 'writereq' 'writeresp'>
ST_52 : Operation 673 [1/1] (0.42ns)   --->   "%store_ln37 = store i32 %trunc_ln37_38, i32 %conv_i_i13_3948" [src/integrated-gcn/naive_spmm_stage.cpp:37]   --->   Operation 673 'store' 'store_ln37' <Predicate = (icmp_ln31)> <Delay = 0.42>

State 53 <SV = 52> <Delay = 7.30>
ST_53 : Operation 674 [1/1] (0.00ns)   --->   "%conv_i_i13_4049_load_1 = load i32 %conv_i_i13_4049" [src/integrated-gcn/naive_spmm_stage.cpp:37]   --->   Operation 674 'load' 'conv_i_i13_4049_load_1' <Predicate = (icmp_ln31)> <Delay = 0.00>
ST_53 : Operation 675 [1/1] (0.00ns)   --->   "%shl_ln37_41 = bitconcatenate i26 @_ssdm_op_BitConcatenate.i26.i16.i10, i16 %gmem3_addr_read_40, i10 0" [src/integrated-gcn/naive_spmm_stage.cpp:37]   --->   Operation 675 'bitconcatenate' 'shl_ln37_41' <Predicate = (icmp_ln31)> <Delay = 0.00>
ST_53 : Operation 676 [1/1] (0.00ns)   --->   "%sext_ln37_40 = sext i26 %shl_ln37_41" [src/integrated-gcn/naive_spmm_stage.cpp:37]   --->   Operation 676 'sext' 'sext_ln37_40' <Predicate = (icmp_ln31)> <Delay = 0.00>
ST_53 : Operation 677 [1/1] (3.14ns)   --->   "%mul_ln37_40 = mul i52 %sext_ln37_40, i52 %sext_ln36" [src/integrated-gcn/naive_spmm_stage.cpp:37]   --->   Operation 677 'mul' 'mul_ln37_40' <Predicate = (icmp_ln31)> <Delay = 3.14> <CoreInst = "Multiplier">   --->   Core 3 'Multiplier' <Latency = 0> <II = 1> <Delay = 3.14> <FuncUnit> <Opcode : 'mul'> <InPorts = 2> <OutPorts = 1>
ST_53 : Operation 678 [1/1] (0.00ns)   --->   "%shl_ln37_104 = bitconcatenate i52 @_ssdm_op_BitConcatenate.i52.i32.i20, i32 %conv_i_i13_4049_load_1, i20 0" [src/integrated-gcn/naive_spmm_stage.cpp:37]   --->   Operation 678 'bitconcatenate' 'shl_ln37_104' <Predicate = (icmp_ln31)> <Delay = 0.00>
ST_53 : Operation 679 [1/1] (1.10ns)   --->   "%add_ln37_40 = add i52 %shl_ln37_104, i52 %mul_ln37_40" [src/integrated-gcn/naive_spmm_stage.cpp:37]   --->   Operation 679 'add' 'add_ln37_40' <Predicate = (icmp_ln31)> <Delay = 1.10> <CoreInst = "Adder">   --->   Core 1 'Adder' <Latency = 0> <II = 1> <Delay = 1.10> <FuncUnit> <Opcode : 'add' 'sub'> <InPorts = 2> <OutPorts = 1>
ST_53 : Operation 680 [1/1] (0.00ns)   --->   "%trunc_ln37_39 = partselect i32 @_ssdm_op_PartSelect.i32.i52.i32.i32, i52 %add_ln37_40, i32 20, i32 51" [src/integrated-gcn/naive_spmm_stage.cpp:37]   --->   Operation 680 'partselect' 'trunc_ln37_39' <Predicate = (icmp_ln31)> <Delay = 0.00>
ST_53 : Operation 681 [1/1] ( I:7.30ns O:7.30ns )   --->   "%gmem3_addr_read_41 = read i16 @_ssdm_op_Read.m_axi.i16.p1i16, i16 %gmem3_addr" [src/integrated-gcn/naive_spmm_stage.cpp:37]   --->   Operation 681 'read' 'gmem3_addr_read_41' <Predicate = (icmp_ln31)> <Delay = 7.30> <CoreInst = "m_axi">   --->   Core 119 'm_axi' <Latency = 3> <II = 1> <Delay = 1.00> <Adapter> <Opcode : 'readrequnaligned' 'writerequnaligned' 'read' 'write' 'readreq' 'writereq' 'writeresp'>
ST_53 : Operation 682 [1/1] (0.42ns)   --->   "%store_ln37 = store i32 %trunc_ln37_39, i32 %conv_i_i13_4049" [src/integrated-gcn/naive_spmm_stage.cpp:37]   --->   Operation 682 'store' 'store_ln37' <Predicate = (icmp_ln31)> <Delay = 0.42>

State 54 <SV = 53> <Delay = 7.30>
ST_54 : Operation 683 [1/1] (0.00ns)   --->   "%conv_i_i13_4150_load_1 = load i32 %conv_i_i13_4150" [src/integrated-gcn/naive_spmm_stage.cpp:37]   --->   Operation 683 'load' 'conv_i_i13_4150_load_1' <Predicate = (icmp_ln31)> <Delay = 0.00>
ST_54 : Operation 684 [1/1] (0.00ns)   --->   "%shl_ln37_42 = bitconcatenate i26 @_ssdm_op_BitConcatenate.i26.i16.i10, i16 %gmem3_addr_read_41, i10 0" [src/integrated-gcn/naive_spmm_stage.cpp:37]   --->   Operation 684 'bitconcatenate' 'shl_ln37_42' <Predicate = (icmp_ln31)> <Delay = 0.00>
ST_54 : Operation 685 [1/1] (0.00ns)   --->   "%sext_ln37_41 = sext i26 %shl_ln37_42" [src/integrated-gcn/naive_spmm_stage.cpp:37]   --->   Operation 685 'sext' 'sext_ln37_41' <Predicate = (icmp_ln31)> <Delay = 0.00>
ST_54 : Operation 686 [1/1] (3.14ns)   --->   "%mul_ln37_41 = mul i52 %sext_ln37_41, i52 %sext_ln36" [src/integrated-gcn/naive_spmm_stage.cpp:37]   --->   Operation 686 'mul' 'mul_ln37_41' <Predicate = (icmp_ln31)> <Delay = 3.14> <CoreInst = "Multiplier">   --->   Core 3 'Multiplier' <Latency = 0> <II = 1> <Delay = 3.14> <FuncUnit> <Opcode : 'mul'> <InPorts = 2> <OutPorts = 1>
ST_54 : Operation 687 [1/1] (0.00ns)   --->   "%shl_ln37_105 = bitconcatenate i52 @_ssdm_op_BitConcatenate.i52.i32.i20, i32 %conv_i_i13_4150_load_1, i20 0" [src/integrated-gcn/naive_spmm_stage.cpp:37]   --->   Operation 687 'bitconcatenate' 'shl_ln37_105' <Predicate = (icmp_ln31)> <Delay = 0.00>
ST_54 : Operation 688 [1/1] (1.10ns)   --->   "%add_ln37_41 = add i52 %shl_ln37_105, i52 %mul_ln37_41" [src/integrated-gcn/naive_spmm_stage.cpp:37]   --->   Operation 688 'add' 'add_ln37_41' <Predicate = (icmp_ln31)> <Delay = 1.10> <CoreInst = "Adder">   --->   Core 1 'Adder' <Latency = 0> <II = 1> <Delay = 1.10> <FuncUnit> <Opcode : 'add' 'sub'> <InPorts = 2> <OutPorts = 1>
ST_54 : Operation 689 [1/1] (0.00ns)   --->   "%trunc_ln37_40 = partselect i32 @_ssdm_op_PartSelect.i32.i52.i32.i32, i52 %add_ln37_41, i32 20, i32 51" [src/integrated-gcn/naive_spmm_stage.cpp:37]   --->   Operation 689 'partselect' 'trunc_ln37_40' <Predicate = (icmp_ln31)> <Delay = 0.00>
ST_54 : Operation 690 [1/1] ( I:7.30ns O:7.30ns )   --->   "%gmem3_addr_read_42 = read i16 @_ssdm_op_Read.m_axi.i16.p1i16, i16 %gmem3_addr" [src/integrated-gcn/naive_spmm_stage.cpp:37]   --->   Operation 690 'read' 'gmem3_addr_read_42' <Predicate = (icmp_ln31)> <Delay = 7.30> <CoreInst = "m_axi">   --->   Core 119 'm_axi' <Latency = 3> <II = 1> <Delay = 1.00> <Adapter> <Opcode : 'readrequnaligned' 'writerequnaligned' 'read' 'write' 'readreq' 'writereq' 'writeresp'>
ST_54 : Operation 691 [1/1] (0.42ns)   --->   "%store_ln37 = store i32 %trunc_ln37_40, i32 %conv_i_i13_4150" [src/integrated-gcn/naive_spmm_stage.cpp:37]   --->   Operation 691 'store' 'store_ln37' <Predicate = (icmp_ln31)> <Delay = 0.42>

State 55 <SV = 54> <Delay = 7.30>
ST_55 : Operation 692 [1/1] (0.00ns)   --->   "%conv_i_i13_4251_load_1 = load i32 %conv_i_i13_4251" [src/integrated-gcn/naive_spmm_stage.cpp:37]   --->   Operation 692 'load' 'conv_i_i13_4251_load_1' <Predicate = (icmp_ln31)> <Delay = 0.00>
ST_55 : Operation 693 [1/1] (0.00ns)   --->   "%shl_ln37_43 = bitconcatenate i26 @_ssdm_op_BitConcatenate.i26.i16.i10, i16 %gmem3_addr_read_42, i10 0" [src/integrated-gcn/naive_spmm_stage.cpp:37]   --->   Operation 693 'bitconcatenate' 'shl_ln37_43' <Predicate = (icmp_ln31)> <Delay = 0.00>
ST_55 : Operation 694 [1/1] (0.00ns)   --->   "%sext_ln37_42 = sext i26 %shl_ln37_43" [src/integrated-gcn/naive_spmm_stage.cpp:37]   --->   Operation 694 'sext' 'sext_ln37_42' <Predicate = (icmp_ln31)> <Delay = 0.00>
ST_55 : Operation 695 [1/1] (3.14ns)   --->   "%mul_ln37_42 = mul i52 %sext_ln37_42, i52 %sext_ln36" [src/integrated-gcn/naive_spmm_stage.cpp:37]   --->   Operation 695 'mul' 'mul_ln37_42' <Predicate = (icmp_ln31)> <Delay = 3.14> <CoreInst = "Multiplier">   --->   Core 3 'Multiplier' <Latency = 0> <II = 1> <Delay = 3.14> <FuncUnit> <Opcode : 'mul'> <InPorts = 2> <OutPorts = 1>
ST_55 : Operation 696 [1/1] (0.00ns)   --->   "%shl_ln37_106 = bitconcatenate i52 @_ssdm_op_BitConcatenate.i52.i32.i20, i32 %conv_i_i13_4251_load_1, i20 0" [src/integrated-gcn/naive_spmm_stage.cpp:37]   --->   Operation 696 'bitconcatenate' 'shl_ln37_106' <Predicate = (icmp_ln31)> <Delay = 0.00>
ST_55 : Operation 697 [1/1] (1.10ns)   --->   "%add_ln37_42 = add i52 %shl_ln37_106, i52 %mul_ln37_42" [src/integrated-gcn/naive_spmm_stage.cpp:37]   --->   Operation 697 'add' 'add_ln37_42' <Predicate = (icmp_ln31)> <Delay = 1.10> <CoreInst = "Adder">   --->   Core 1 'Adder' <Latency = 0> <II = 1> <Delay = 1.10> <FuncUnit> <Opcode : 'add' 'sub'> <InPorts = 2> <OutPorts = 1>
ST_55 : Operation 698 [1/1] (0.00ns)   --->   "%trunc_ln37_41 = partselect i32 @_ssdm_op_PartSelect.i32.i52.i32.i32, i52 %add_ln37_42, i32 20, i32 51" [src/integrated-gcn/naive_spmm_stage.cpp:37]   --->   Operation 698 'partselect' 'trunc_ln37_41' <Predicate = (icmp_ln31)> <Delay = 0.00>
ST_55 : Operation 699 [1/1] ( I:7.30ns O:7.30ns )   --->   "%gmem3_addr_read_43 = read i16 @_ssdm_op_Read.m_axi.i16.p1i16, i16 %gmem3_addr" [src/integrated-gcn/naive_spmm_stage.cpp:37]   --->   Operation 699 'read' 'gmem3_addr_read_43' <Predicate = (icmp_ln31)> <Delay = 7.30> <CoreInst = "m_axi">   --->   Core 119 'm_axi' <Latency = 3> <II = 1> <Delay = 1.00> <Adapter> <Opcode : 'readrequnaligned' 'writerequnaligned' 'read' 'write' 'readreq' 'writereq' 'writeresp'>
ST_55 : Operation 700 [1/1] (0.42ns)   --->   "%store_ln37 = store i32 %trunc_ln37_41, i32 %conv_i_i13_4251" [src/integrated-gcn/naive_spmm_stage.cpp:37]   --->   Operation 700 'store' 'store_ln37' <Predicate = (icmp_ln31)> <Delay = 0.42>

State 56 <SV = 55> <Delay = 7.30>
ST_56 : Operation 701 [1/1] (0.00ns)   --->   "%conv_i_i13_4352_load_1 = load i32 %conv_i_i13_4352" [src/integrated-gcn/naive_spmm_stage.cpp:37]   --->   Operation 701 'load' 'conv_i_i13_4352_load_1' <Predicate = (icmp_ln31)> <Delay = 0.00>
ST_56 : Operation 702 [1/1] (0.00ns)   --->   "%shl_ln37_44 = bitconcatenate i26 @_ssdm_op_BitConcatenate.i26.i16.i10, i16 %gmem3_addr_read_43, i10 0" [src/integrated-gcn/naive_spmm_stage.cpp:37]   --->   Operation 702 'bitconcatenate' 'shl_ln37_44' <Predicate = (icmp_ln31)> <Delay = 0.00>
ST_56 : Operation 703 [1/1] (0.00ns)   --->   "%sext_ln37_43 = sext i26 %shl_ln37_44" [src/integrated-gcn/naive_spmm_stage.cpp:37]   --->   Operation 703 'sext' 'sext_ln37_43' <Predicate = (icmp_ln31)> <Delay = 0.00>
ST_56 : Operation 704 [1/1] (3.14ns)   --->   "%mul_ln37_43 = mul i52 %sext_ln37_43, i52 %sext_ln36" [src/integrated-gcn/naive_spmm_stage.cpp:37]   --->   Operation 704 'mul' 'mul_ln37_43' <Predicate = (icmp_ln31)> <Delay = 3.14> <CoreInst = "Multiplier">   --->   Core 3 'Multiplier' <Latency = 0> <II = 1> <Delay = 3.14> <FuncUnit> <Opcode : 'mul'> <InPorts = 2> <OutPorts = 1>
ST_56 : Operation 705 [1/1] (0.00ns)   --->   "%shl_ln37_107 = bitconcatenate i52 @_ssdm_op_BitConcatenate.i52.i32.i20, i32 %conv_i_i13_4352_load_1, i20 0" [src/integrated-gcn/naive_spmm_stage.cpp:37]   --->   Operation 705 'bitconcatenate' 'shl_ln37_107' <Predicate = (icmp_ln31)> <Delay = 0.00>
ST_56 : Operation 706 [1/1] (1.10ns)   --->   "%add_ln37_43 = add i52 %shl_ln37_107, i52 %mul_ln37_43" [src/integrated-gcn/naive_spmm_stage.cpp:37]   --->   Operation 706 'add' 'add_ln37_43' <Predicate = (icmp_ln31)> <Delay = 1.10> <CoreInst = "Adder">   --->   Core 1 'Adder' <Latency = 0> <II = 1> <Delay = 1.10> <FuncUnit> <Opcode : 'add' 'sub'> <InPorts = 2> <OutPorts = 1>
ST_56 : Operation 707 [1/1] (0.00ns)   --->   "%trunc_ln37_42 = partselect i32 @_ssdm_op_PartSelect.i32.i52.i32.i32, i52 %add_ln37_43, i32 20, i32 51" [src/integrated-gcn/naive_spmm_stage.cpp:37]   --->   Operation 707 'partselect' 'trunc_ln37_42' <Predicate = (icmp_ln31)> <Delay = 0.00>
ST_56 : Operation 708 [1/1] ( I:7.30ns O:7.30ns )   --->   "%gmem3_addr_read_44 = read i16 @_ssdm_op_Read.m_axi.i16.p1i16, i16 %gmem3_addr" [src/integrated-gcn/naive_spmm_stage.cpp:37]   --->   Operation 708 'read' 'gmem3_addr_read_44' <Predicate = (icmp_ln31)> <Delay = 7.30> <CoreInst = "m_axi">   --->   Core 119 'm_axi' <Latency = 3> <II = 1> <Delay = 1.00> <Adapter> <Opcode : 'readrequnaligned' 'writerequnaligned' 'read' 'write' 'readreq' 'writereq' 'writeresp'>
ST_56 : Operation 709 [1/1] (0.42ns)   --->   "%store_ln37 = store i32 %trunc_ln37_42, i32 %conv_i_i13_4352" [src/integrated-gcn/naive_spmm_stage.cpp:37]   --->   Operation 709 'store' 'store_ln37' <Predicate = (icmp_ln31)> <Delay = 0.42>

State 57 <SV = 56> <Delay = 7.30>
ST_57 : Operation 710 [1/1] (0.00ns)   --->   "%conv_i_i13_4453_load_1 = load i32 %conv_i_i13_4453" [src/integrated-gcn/naive_spmm_stage.cpp:37]   --->   Operation 710 'load' 'conv_i_i13_4453_load_1' <Predicate = (icmp_ln31)> <Delay = 0.00>
ST_57 : Operation 711 [1/1] (0.00ns)   --->   "%shl_ln37_45 = bitconcatenate i26 @_ssdm_op_BitConcatenate.i26.i16.i10, i16 %gmem3_addr_read_44, i10 0" [src/integrated-gcn/naive_spmm_stage.cpp:37]   --->   Operation 711 'bitconcatenate' 'shl_ln37_45' <Predicate = (icmp_ln31)> <Delay = 0.00>
ST_57 : Operation 712 [1/1] (0.00ns)   --->   "%sext_ln37_44 = sext i26 %shl_ln37_45" [src/integrated-gcn/naive_spmm_stage.cpp:37]   --->   Operation 712 'sext' 'sext_ln37_44' <Predicate = (icmp_ln31)> <Delay = 0.00>
ST_57 : Operation 713 [1/1] (3.14ns)   --->   "%mul_ln37_44 = mul i52 %sext_ln37_44, i52 %sext_ln36" [src/integrated-gcn/naive_spmm_stage.cpp:37]   --->   Operation 713 'mul' 'mul_ln37_44' <Predicate = (icmp_ln31)> <Delay = 3.14> <CoreInst = "Multiplier">   --->   Core 3 'Multiplier' <Latency = 0> <II = 1> <Delay = 3.14> <FuncUnit> <Opcode : 'mul'> <InPorts = 2> <OutPorts = 1>
ST_57 : Operation 714 [1/1] (0.00ns)   --->   "%shl_ln37_108 = bitconcatenate i52 @_ssdm_op_BitConcatenate.i52.i32.i20, i32 %conv_i_i13_4453_load_1, i20 0" [src/integrated-gcn/naive_spmm_stage.cpp:37]   --->   Operation 714 'bitconcatenate' 'shl_ln37_108' <Predicate = (icmp_ln31)> <Delay = 0.00>
ST_57 : Operation 715 [1/1] (1.10ns)   --->   "%add_ln37_44 = add i52 %shl_ln37_108, i52 %mul_ln37_44" [src/integrated-gcn/naive_spmm_stage.cpp:37]   --->   Operation 715 'add' 'add_ln37_44' <Predicate = (icmp_ln31)> <Delay = 1.10> <CoreInst = "Adder">   --->   Core 1 'Adder' <Latency = 0> <II = 1> <Delay = 1.10> <FuncUnit> <Opcode : 'add' 'sub'> <InPorts = 2> <OutPorts = 1>
ST_57 : Operation 716 [1/1] (0.00ns)   --->   "%trunc_ln37_43 = partselect i32 @_ssdm_op_PartSelect.i32.i52.i32.i32, i52 %add_ln37_44, i32 20, i32 51" [src/integrated-gcn/naive_spmm_stage.cpp:37]   --->   Operation 716 'partselect' 'trunc_ln37_43' <Predicate = (icmp_ln31)> <Delay = 0.00>
ST_57 : Operation 717 [1/1] ( I:7.30ns O:7.30ns )   --->   "%gmem3_addr_read_45 = read i16 @_ssdm_op_Read.m_axi.i16.p1i16, i16 %gmem3_addr" [src/integrated-gcn/naive_spmm_stage.cpp:37]   --->   Operation 717 'read' 'gmem3_addr_read_45' <Predicate = (icmp_ln31)> <Delay = 7.30> <CoreInst = "m_axi">   --->   Core 119 'm_axi' <Latency = 3> <II = 1> <Delay = 1.00> <Adapter> <Opcode : 'readrequnaligned' 'writerequnaligned' 'read' 'write' 'readreq' 'writereq' 'writeresp'>
ST_57 : Operation 718 [1/1] (0.42ns)   --->   "%store_ln37 = store i32 %trunc_ln37_43, i32 %conv_i_i13_4453" [src/integrated-gcn/naive_spmm_stage.cpp:37]   --->   Operation 718 'store' 'store_ln37' <Predicate = (icmp_ln31)> <Delay = 0.42>

State 58 <SV = 57> <Delay = 7.30>
ST_58 : Operation 719 [1/1] (0.00ns)   --->   "%conv_i_i13_4554_load_1 = load i32 %conv_i_i13_4554" [src/integrated-gcn/naive_spmm_stage.cpp:37]   --->   Operation 719 'load' 'conv_i_i13_4554_load_1' <Predicate = (icmp_ln31)> <Delay = 0.00>
ST_58 : Operation 720 [1/1] (0.00ns)   --->   "%shl_ln37_46 = bitconcatenate i26 @_ssdm_op_BitConcatenate.i26.i16.i10, i16 %gmem3_addr_read_45, i10 0" [src/integrated-gcn/naive_spmm_stage.cpp:37]   --->   Operation 720 'bitconcatenate' 'shl_ln37_46' <Predicate = (icmp_ln31)> <Delay = 0.00>
ST_58 : Operation 721 [1/1] (0.00ns)   --->   "%sext_ln37_45 = sext i26 %shl_ln37_46" [src/integrated-gcn/naive_spmm_stage.cpp:37]   --->   Operation 721 'sext' 'sext_ln37_45' <Predicate = (icmp_ln31)> <Delay = 0.00>
ST_58 : Operation 722 [1/1] (3.14ns)   --->   "%mul_ln37_45 = mul i52 %sext_ln37_45, i52 %sext_ln36" [src/integrated-gcn/naive_spmm_stage.cpp:37]   --->   Operation 722 'mul' 'mul_ln37_45' <Predicate = (icmp_ln31)> <Delay = 3.14> <CoreInst = "Multiplier">   --->   Core 3 'Multiplier' <Latency = 0> <II = 1> <Delay = 3.14> <FuncUnit> <Opcode : 'mul'> <InPorts = 2> <OutPorts = 1>
ST_58 : Operation 723 [1/1] (0.00ns)   --->   "%shl_ln37_109 = bitconcatenate i52 @_ssdm_op_BitConcatenate.i52.i32.i20, i32 %conv_i_i13_4554_load_1, i20 0" [src/integrated-gcn/naive_spmm_stage.cpp:37]   --->   Operation 723 'bitconcatenate' 'shl_ln37_109' <Predicate = (icmp_ln31)> <Delay = 0.00>
ST_58 : Operation 724 [1/1] (1.10ns)   --->   "%add_ln37_45 = add i52 %shl_ln37_109, i52 %mul_ln37_45" [src/integrated-gcn/naive_spmm_stage.cpp:37]   --->   Operation 724 'add' 'add_ln37_45' <Predicate = (icmp_ln31)> <Delay = 1.10> <CoreInst = "Adder">   --->   Core 1 'Adder' <Latency = 0> <II = 1> <Delay = 1.10> <FuncUnit> <Opcode : 'add' 'sub'> <InPorts = 2> <OutPorts = 1>
ST_58 : Operation 725 [1/1] (0.00ns)   --->   "%trunc_ln37_44 = partselect i32 @_ssdm_op_PartSelect.i32.i52.i32.i32, i52 %add_ln37_45, i32 20, i32 51" [src/integrated-gcn/naive_spmm_stage.cpp:37]   --->   Operation 725 'partselect' 'trunc_ln37_44' <Predicate = (icmp_ln31)> <Delay = 0.00>
ST_58 : Operation 726 [1/1] ( I:7.30ns O:7.30ns )   --->   "%gmem3_addr_read_46 = read i16 @_ssdm_op_Read.m_axi.i16.p1i16, i16 %gmem3_addr" [src/integrated-gcn/naive_spmm_stage.cpp:37]   --->   Operation 726 'read' 'gmem3_addr_read_46' <Predicate = (icmp_ln31)> <Delay = 7.30> <CoreInst = "m_axi">   --->   Core 119 'm_axi' <Latency = 3> <II = 1> <Delay = 1.00> <Adapter> <Opcode : 'readrequnaligned' 'writerequnaligned' 'read' 'write' 'readreq' 'writereq' 'writeresp'>
ST_58 : Operation 727 [1/1] (0.42ns)   --->   "%store_ln37 = store i32 %trunc_ln37_44, i32 %conv_i_i13_4554" [src/integrated-gcn/naive_spmm_stage.cpp:37]   --->   Operation 727 'store' 'store_ln37' <Predicate = (icmp_ln31)> <Delay = 0.42>

State 59 <SV = 58> <Delay = 7.30>
ST_59 : Operation 728 [1/1] (0.00ns)   --->   "%conv_i_i13_4655_load_1 = load i32 %conv_i_i13_4655" [src/integrated-gcn/naive_spmm_stage.cpp:37]   --->   Operation 728 'load' 'conv_i_i13_4655_load_1' <Predicate = (icmp_ln31)> <Delay = 0.00>
ST_59 : Operation 729 [1/1] (0.00ns)   --->   "%shl_ln37_47 = bitconcatenate i26 @_ssdm_op_BitConcatenate.i26.i16.i10, i16 %gmem3_addr_read_46, i10 0" [src/integrated-gcn/naive_spmm_stage.cpp:37]   --->   Operation 729 'bitconcatenate' 'shl_ln37_47' <Predicate = (icmp_ln31)> <Delay = 0.00>
ST_59 : Operation 730 [1/1] (0.00ns)   --->   "%sext_ln37_46 = sext i26 %shl_ln37_47" [src/integrated-gcn/naive_spmm_stage.cpp:37]   --->   Operation 730 'sext' 'sext_ln37_46' <Predicate = (icmp_ln31)> <Delay = 0.00>
ST_59 : Operation 731 [1/1] (3.14ns)   --->   "%mul_ln37_46 = mul i52 %sext_ln37_46, i52 %sext_ln36" [src/integrated-gcn/naive_spmm_stage.cpp:37]   --->   Operation 731 'mul' 'mul_ln37_46' <Predicate = (icmp_ln31)> <Delay = 3.14> <CoreInst = "Multiplier">   --->   Core 3 'Multiplier' <Latency = 0> <II = 1> <Delay = 3.14> <FuncUnit> <Opcode : 'mul'> <InPorts = 2> <OutPorts = 1>
ST_59 : Operation 732 [1/1] (0.00ns)   --->   "%shl_ln37_110 = bitconcatenate i52 @_ssdm_op_BitConcatenate.i52.i32.i20, i32 %conv_i_i13_4655_load_1, i20 0" [src/integrated-gcn/naive_spmm_stage.cpp:37]   --->   Operation 732 'bitconcatenate' 'shl_ln37_110' <Predicate = (icmp_ln31)> <Delay = 0.00>
ST_59 : Operation 733 [1/1] (1.10ns)   --->   "%add_ln37_46 = add i52 %shl_ln37_110, i52 %mul_ln37_46" [src/integrated-gcn/naive_spmm_stage.cpp:37]   --->   Operation 733 'add' 'add_ln37_46' <Predicate = (icmp_ln31)> <Delay = 1.10> <CoreInst = "Adder">   --->   Core 1 'Adder' <Latency = 0> <II = 1> <Delay = 1.10> <FuncUnit> <Opcode : 'add' 'sub'> <InPorts = 2> <OutPorts = 1>
ST_59 : Operation 734 [1/1] (0.00ns)   --->   "%trunc_ln37_45 = partselect i32 @_ssdm_op_PartSelect.i32.i52.i32.i32, i52 %add_ln37_46, i32 20, i32 51" [src/integrated-gcn/naive_spmm_stage.cpp:37]   --->   Operation 734 'partselect' 'trunc_ln37_45' <Predicate = (icmp_ln31)> <Delay = 0.00>
ST_59 : Operation 735 [1/1] ( I:7.30ns O:7.30ns )   --->   "%gmem3_addr_read_47 = read i16 @_ssdm_op_Read.m_axi.i16.p1i16, i16 %gmem3_addr" [src/integrated-gcn/naive_spmm_stage.cpp:37]   --->   Operation 735 'read' 'gmem3_addr_read_47' <Predicate = (icmp_ln31)> <Delay = 7.30> <CoreInst = "m_axi">   --->   Core 119 'm_axi' <Latency = 3> <II = 1> <Delay = 1.00> <Adapter> <Opcode : 'readrequnaligned' 'writerequnaligned' 'read' 'write' 'readreq' 'writereq' 'writeresp'>
ST_59 : Operation 736 [1/1] (0.42ns)   --->   "%store_ln37 = store i32 %trunc_ln37_45, i32 %conv_i_i13_4655" [src/integrated-gcn/naive_spmm_stage.cpp:37]   --->   Operation 736 'store' 'store_ln37' <Predicate = (icmp_ln31)> <Delay = 0.42>

State 60 <SV = 59> <Delay = 7.30>
ST_60 : Operation 737 [1/1] (0.00ns)   --->   "%conv_i_i13_4756_load_1 = load i32 %conv_i_i13_4756" [src/integrated-gcn/naive_spmm_stage.cpp:37]   --->   Operation 737 'load' 'conv_i_i13_4756_load_1' <Predicate = (icmp_ln31)> <Delay = 0.00>
ST_60 : Operation 738 [1/1] (0.00ns)   --->   "%shl_ln37_48 = bitconcatenate i26 @_ssdm_op_BitConcatenate.i26.i16.i10, i16 %gmem3_addr_read_47, i10 0" [src/integrated-gcn/naive_spmm_stage.cpp:37]   --->   Operation 738 'bitconcatenate' 'shl_ln37_48' <Predicate = (icmp_ln31)> <Delay = 0.00>
ST_60 : Operation 739 [1/1] (0.00ns)   --->   "%sext_ln37_47 = sext i26 %shl_ln37_48" [src/integrated-gcn/naive_spmm_stage.cpp:37]   --->   Operation 739 'sext' 'sext_ln37_47' <Predicate = (icmp_ln31)> <Delay = 0.00>
ST_60 : Operation 740 [1/1] (3.14ns)   --->   "%mul_ln37_47 = mul i52 %sext_ln37_47, i52 %sext_ln36" [src/integrated-gcn/naive_spmm_stage.cpp:37]   --->   Operation 740 'mul' 'mul_ln37_47' <Predicate = (icmp_ln31)> <Delay = 3.14> <CoreInst = "Multiplier">   --->   Core 3 'Multiplier' <Latency = 0> <II = 1> <Delay = 3.14> <FuncUnit> <Opcode : 'mul'> <InPorts = 2> <OutPorts = 1>
ST_60 : Operation 741 [1/1] (0.00ns)   --->   "%shl_ln37_111 = bitconcatenate i52 @_ssdm_op_BitConcatenate.i52.i32.i20, i32 %conv_i_i13_4756_load_1, i20 0" [src/integrated-gcn/naive_spmm_stage.cpp:37]   --->   Operation 741 'bitconcatenate' 'shl_ln37_111' <Predicate = (icmp_ln31)> <Delay = 0.00>
ST_60 : Operation 742 [1/1] (1.10ns)   --->   "%add_ln37_47 = add i52 %shl_ln37_111, i52 %mul_ln37_47" [src/integrated-gcn/naive_spmm_stage.cpp:37]   --->   Operation 742 'add' 'add_ln37_47' <Predicate = (icmp_ln31)> <Delay = 1.10> <CoreInst = "Adder">   --->   Core 1 'Adder' <Latency = 0> <II = 1> <Delay = 1.10> <FuncUnit> <Opcode : 'add' 'sub'> <InPorts = 2> <OutPorts = 1>
ST_60 : Operation 743 [1/1] (0.00ns)   --->   "%trunc_ln37_46 = partselect i32 @_ssdm_op_PartSelect.i32.i52.i32.i32, i52 %add_ln37_47, i32 20, i32 51" [src/integrated-gcn/naive_spmm_stage.cpp:37]   --->   Operation 743 'partselect' 'trunc_ln37_46' <Predicate = (icmp_ln31)> <Delay = 0.00>
ST_60 : Operation 744 [1/1] ( I:7.30ns O:7.30ns )   --->   "%gmem3_addr_read_48 = read i16 @_ssdm_op_Read.m_axi.i16.p1i16, i16 %gmem3_addr" [src/integrated-gcn/naive_spmm_stage.cpp:37]   --->   Operation 744 'read' 'gmem3_addr_read_48' <Predicate = (icmp_ln31)> <Delay = 7.30> <CoreInst = "m_axi">   --->   Core 119 'm_axi' <Latency = 3> <II = 1> <Delay = 1.00> <Adapter> <Opcode : 'readrequnaligned' 'writerequnaligned' 'read' 'write' 'readreq' 'writereq' 'writeresp'>
ST_60 : Operation 745 [1/1] (0.42ns)   --->   "%store_ln37 = store i32 %trunc_ln37_46, i32 %conv_i_i13_4756" [src/integrated-gcn/naive_spmm_stage.cpp:37]   --->   Operation 745 'store' 'store_ln37' <Predicate = (icmp_ln31)> <Delay = 0.42>

State 61 <SV = 60> <Delay = 7.30>
ST_61 : Operation 746 [1/1] (0.00ns)   --->   "%conv_i_i13_4857_load_1 = load i32 %conv_i_i13_4857" [src/integrated-gcn/naive_spmm_stage.cpp:37]   --->   Operation 746 'load' 'conv_i_i13_4857_load_1' <Predicate = (icmp_ln31)> <Delay = 0.00>
ST_61 : Operation 747 [1/1] (0.00ns)   --->   "%shl_ln37_49 = bitconcatenate i26 @_ssdm_op_BitConcatenate.i26.i16.i10, i16 %gmem3_addr_read_48, i10 0" [src/integrated-gcn/naive_spmm_stage.cpp:37]   --->   Operation 747 'bitconcatenate' 'shl_ln37_49' <Predicate = (icmp_ln31)> <Delay = 0.00>
ST_61 : Operation 748 [1/1] (0.00ns)   --->   "%sext_ln37_48 = sext i26 %shl_ln37_49" [src/integrated-gcn/naive_spmm_stage.cpp:37]   --->   Operation 748 'sext' 'sext_ln37_48' <Predicate = (icmp_ln31)> <Delay = 0.00>
ST_61 : Operation 749 [1/1] (3.14ns)   --->   "%mul_ln37_48 = mul i52 %sext_ln37_48, i52 %sext_ln36" [src/integrated-gcn/naive_spmm_stage.cpp:37]   --->   Operation 749 'mul' 'mul_ln37_48' <Predicate = (icmp_ln31)> <Delay = 3.14> <CoreInst = "Multiplier">   --->   Core 3 'Multiplier' <Latency = 0> <II = 1> <Delay = 3.14> <FuncUnit> <Opcode : 'mul'> <InPorts = 2> <OutPorts = 1>
ST_61 : Operation 750 [1/1] (0.00ns)   --->   "%shl_ln37_112 = bitconcatenate i52 @_ssdm_op_BitConcatenate.i52.i32.i20, i32 %conv_i_i13_4857_load_1, i20 0" [src/integrated-gcn/naive_spmm_stage.cpp:37]   --->   Operation 750 'bitconcatenate' 'shl_ln37_112' <Predicate = (icmp_ln31)> <Delay = 0.00>
ST_61 : Operation 751 [1/1] (1.10ns)   --->   "%add_ln37_48 = add i52 %shl_ln37_112, i52 %mul_ln37_48" [src/integrated-gcn/naive_spmm_stage.cpp:37]   --->   Operation 751 'add' 'add_ln37_48' <Predicate = (icmp_ln31)> <Delay = 1.10> <CoreInst = "Adder">   --->   Core 1 'Adder' <Latency = 0> <II = 1> <Delay = 1.10> <FuncUnit> <Opcode : 'add' 'sub'> <InPorts = 2> <OutPorts = 1>
ST_61 : Operation 752 [1/1] (0.00ns)   --->   "%trunc_ln37_47 = partselect i32 @_ssdm_op_PartSelect.i32.i52.i32.i32, i52 %add_ln37_48, i32 20, i32 51" [src/integrated-gcn/naive_spmm_stage.cpp:37]   --->   Operation 752 'partselect' 'trunc_ln37_47' <Predicate = (icmp_ln31)> <Delay = 0.00>
ST_61 : Operation 753 [1/1] ( I:7.30ns O:7.30ns )   --->   "%gmem3_addr_read_49 = read i16 @_ssdm_op_Read.m_axi.i16.p1i16, i16 %gmem3_addr" [src/integrated-gcn/naive_spmm_stage.cpp:37]   --->   Operation 753 'read' 'gmem3_addr_read_49' <Predicate = (icmp_ln31)> <Delay = 7.30> <CoreInst = "m_axi">   --->   Core 119 'm_axi' <Latency = 3> <II = 1> <Delay = 1.00> <Adapter> <Opcode : 'readrequnaligned' 'writerequnaligned' 'read' 'write' 'readreq' 'writereq' 'writeresp'>
ST_61 : Operation 754 [1/1] (0.42ns)   --->   "%store_ln37 = store i32 %trunc_ln37_47, i32 %conv_i_i13_4857" [src/integrated-gcn/naive_spmm_stage.cpp:37]   --->   Operation 754 'store' 'store_ln37' <Predicate = (icmp_ln31)> <Delay = 0.42>

State 62 <SV = 61> <Delay = 7.30>
ST_62 : Operation 755 [1/1] (0.00ns)   --->   "%conv_i_i13_4958_load_1 = load i32 %conv_i_i13_4958" [src/integrated-gcn/naive_spmm_stage.cpp:37]   --->   Operation 755 'load' 'conv_i_i13_4958_load_1' <Predicate = (icmp_ln31)> <Delay = 0.00>
ST_62 : Operation 756 [1/1] (0.00ns)   --->   "%shl_ln37_50 = bitconcatenate i26 @_ssdm_op_BitConcatenate.i26.i16.i10, i16 %gmem3_addr_read_49, i10 0" [src/integrated-gcn/naive_spmm_stage.cpp:37]   --->   Operation 756 'bitconcatenate' 'shl_ln37_50' <Predicate = (icmp_ln31)> <Delay = 0.00>
ST_62 : Operation 757 [1/1] (0.00ns)   --->   "%sext_ln37_49 = sext i26 %shl_ln37_50" [src/integrated-gcn/naive_spmm_stage.cpp:37]   --->   Operation 757 'sext' 'sext_ln37_49' <Predicate = (icmp_ln31)> <Delay = 0.00>
ST_62 : Operation 758 [1/1] (3.14ns)   --->   "%mul_ln37_49 = mul i52 %sext_ln37_49, i52 %sext_ln36" [src/integrated-gcn/naive_spmm_stage.cpp:37]   --->   Operation 758 'mul' 'mul_ln37_49' <Predicate = (icmp_ln31)> <Delay = 3.14> <CoreInst = "Multiplier">   --->   Core 3 'Multiplier' <Latency = 0> <II = 1> <Delay = 3.14> <FuncUnit> <Opcode : 'mul'> <InPorts = 2> <OutPorts = 1>
ST_62 : Operation 759 [1/1] (0.00ns)   --->   "%shl_ln37_113 = bitconcatenate i52 @_ssdm_op_BitConcatenate.i52.i32.i20, i32 %conv_i_i13_4958_load_1, i20 0" [src/integrated-gcn/naive_spmm_stage.cpp:37]   --->   Operation 759 'bitconcatenate' 'shl_ln37_113' <Predicate = (icmp_ln31)> <Delay = 0.00>
ST_62 : Operation 760 [1/1] (1.10ns)   --->   "%add_ln37_49 = add i52 %shl_ln37_113, i52 %mul_ln37_49" [src/integrated-gcn/naive_spmm_stage.cpp:37]   --->   Operation 760 'add' 'add_ln37_49' <Predicate = (icmp_ln31)> <Delay = 1.10> <CoreInst = "Adder">   --->   Core 1 'Adder' <Latency = 0> <II = 1> <Delay = 1.10> <FuncUnit> <Opcode : 'add' 'sub'> <InPorts = 2> <OutPorts = 1>
ST_62 : Operation 761 [1/1] (0.00ns)   --->   "%trunc_ln37_48 = partselect i32 @_ssdm_op_PartSelect.i32.i52.i32.i32, i52 %add_ln37_49, i32 20, i32 51" [src/integrated-gcn/naive_spmm_stage.cpp:37]   --->   Operation 761 'partselect' 'trunc_ln37_48' <Predicate = (icmp_ln31)> <Delay = 0.00>
ST_62 : Operation 762 [1/1] ( I:7.30ns O:7.30ns )   --->   "%gmem3_addr_read_50 = read i16 @_ssdm_op_Read.m_axi.i16.p1i16, i16 %gmem3_addr" [src/integrated-gcn/naive_spmm_stage.cpp:37]   --->   Operation 762 'read' 'gmem3_addr_read_50' <Predicate = (icmp_ln31)> <Delay = 7.30> <CoreInst = "m_axi">   --->   Core 119 'm_axi' <Latency = 3> <II = 1> <Delay = 1.00> <Adapter> <Opcode : 'readrequnaligned' 'writerequnaligned' 'read' 'write' 'readreq' 'writereq' 'writeresp'>
ST_62 : Operation 763 [1/1] (0.42ns)   --->   "%store_ln37 = store i32 %trunc_ln37_48, i32 %conv_i_i13_4958" [src/integrated-gcn/naive_spmm_stage.cpp:37]   --->   Operation 763 'store' 'store_ln37' <Predicate = (icmp_ln31)> <Delay = 0.42>

State 63 <SV = 62> <Delay = 7.30>
ST_63 : Operation 764 [1/1] (0.00ns)   --->   "%conv_i_i13_5059_load_1 = load i32 %conv_i_i13_5059" [src/integrated-gcn/naive_spmm_stage.cpp:37]   --->   Operation 764 'load' 'conv_i_i13_5059_load_1' <Predicate = (icmp_ln31)> <Delay = 0.00>
ST_63 : Operation 765 [1/1] (0.00ns)   --->   "%shl_ln37_51 = bitconcatenate i26 @_ssdm_op_BitConcatenate.i26.i16.i10, i16 %gmem3_addr_read_50, i10 0" [src/integrated-gcn/naive_spmm_stage.cpp:37]   --->   Operation 765 'bitconcatenate' 'shl_ln37_51' <Predicate = (icmp_ln31)> <Delay = 0.00>
ST_63 : Operation 766 [1/1] (0.00ns)   --->   "%sext_ln37_50 = sext i26 %shl_ln37_51" [src/integrated-gcn/naive_spmm_stage.cpp:37]   --->   Operation 766 'sext' 'sext_ln37_50' <Predicate = (icmp_ln31)> <Delay = 0.00>
ST_63 : Operation 767 [1/1] (3.14ns)   --->   "%mul_ln37_50 = mul i52 %sext_ln37_50, i52 %sext_ln36" [src/integrated-gcn/naive_spmm_stage.cpp:37]   --->   Operation 767 'mul' 'mul_ln37_50' <Predicate = (icmp_ln31)> <Delay = 3.14> <CoreInst = "Multiplier">   --->   Core 3 'Multiplier' <Latency = 0> <II = 1> <Delay = 3.14> <FuncUnit> <Opcode : 'mul'> <InPorts = 2> <OutPorts = 1>
ST_63 : Operation 768 [1/1] (0.00ns)   --->   "%shl_ln37_114 = bitconcatenate i52 @_ssdm_op_BitConcatenate.i52.i32.i20, i32 %conv_i_i13_5059_load_1, i20 0" [src/integrated-gcn/naive_spmm_stage.cpp:37]   --->   Operation 768 'bitconcatenate' 'shl_ln37_114' <Predicate = (icmp_ln31)> <Delay = 0.00>
ST_63 : Operation 769 [1/1] (1.10ns)   --->   "%add_ln37_50 = add i52 %shl_ln37_114, i52 %mul_ln37_50" [src/integrated-gcn/naive_spmm_stage.cpp:37]   --->   Operation 769 'add' 'add_ln37_50' <Predicate = (icmp_ln31)> <Delay = 1.10> <CoreInst = "Adder">   --->   Core 1 'Adder' <Latency = 0> <II = 1> <Delay = 1.10> <FuncUnit> <Opcode : 'add' 'sub'> <InPorts = 2> <OutPorts = 1>
ST_63 : Operation 770 [1/1] (0.00ns)   --->   "%trunc_ln37_49 = partselect i32 @_ssdm_op_PartSelect.i32.i52.i32.i32, i52 %add_ln37_50, i32 20, i32 51" [src/integrated-gcn/naive_spmm_stage.cpp:37]   --->   Operation 770 'partselect' 'trunc_ln37_49' <Predicate = (icmp_ln31)> <Delay = 0.00>
ST_63 : Operation 771 [1/1] ( I:7.30ns O:7.30ns )   --->   "%gmem3_addr_read_51 = read i16 @_ssdm_op_Read.m_axi.i16.p1i16, i16 %gmem3_addr" [src/integrated-gcn/naive_spmm_stage.cpp:37]   --->   Operation 771 'read' 'gmem3_addr_read_51' <Predicate = (icmp_ln31)> <Delay = 7.30> <CoreInst = "m_axi">   --->   Core 119 'm_axi' <Latency = 3> <II = 1> <Delay = 1.00> <Adapter> <Opcode : 'readrequnaligned' 'writerequnaligned' 'read' 'write' 'readreq' 'writereq' 'writeresp'>
ST_63 : Operation 772 [1/1] (0.42ns)   --->   "%store_ln37 = store i32 %trunc_ln37_49, i32 %conv_i_i13_5059" [src/integrated-gcn/naive_spmm_stage.cpp:37]   --->   Operation 772 'store' 'store_ln37' <Predicate = (icmp_ln31)> <Delay = 0.42>

State 64 <SV = 63> <Delay = 7.30>
ST_64 : Operation 773 [1/1] (0.00ns)   --->   "%conv_i_i13_5160_load_1 = load i32 %conv_i_i13_5160" [src/integrated-gcn/naive_spmm_stage.cpp:37]   --->   Operation 773 'load' 'conv_i_i13_5160_load_1' <Predicate = (icmp_ln31)> <Delay = 0.00>
ST_64 : Operation 774 [1/1] (0.00ns)   --->   "%shl_ln37_52 = bitconcatenate i26 @_ssdm_op_BitConcatenate.i26.i16.i10, i16 %gmem3_addr_read_51, i10 0" [src/integrated-gcn/naive_spmm_stage.cpp:37]   --->   Operation 774 'bitconcatenate' 'shl_ln37_52' <Predicate = (icmp_ln31)> <Delay = 0.00>
ST_64 : Operation 775 [1/1] (0.00ns)   --->   "%sext_ln37_51 = sext i26 %shl_ln37_52" [src/integrated-gcn/naive_spmm_stage.cpp:37]   --->   Operation 775 'sext' 'sext_ln37_51' <Predicate = (icmp_ln31)> <Delay = 0.00>
ST_64 : Operation 776 [1/1] (3.14ns)   --->   "%mul_ln37_51 = mul i52 %sext_ln37_51, i52 %sext_ln36" [src/integrated-gcn/naive_spmm_stage.cpp:37]   --->   Operation 776 'mul' 'mul_ln37_51' <Predicate = (icmp_ln31)> <Delay = 3.14> <CoreInst = "Multiplier">   --->   Core 3 'Multiplier' <Latency = 0> <II = 1> <Delay = 3.14> <FuncUnit> <Opcode : 'mul'> <InPorts = 2> <OutPorts = 1>
ST_64 : Operation 777 [1/1] (0.00ns)   --->   "%shl_ln37_115 = bitconcatenate i52 @_ssdm_op_BitConcatenate.i52.i32.i20, i32 %conv_i_i13_5160_load_1, i20 0" [src/integrated-gcn/naive_spmm_stage.cpp:37]   --->   Operation 777 'bitconcatenate' 'shl_ln37_115' <Predicate = (icmp_ln31)> <Delay = 0.00>
ST_64 : Operation 778 [1/1] (1.10ns)   --->   "%add_ln37_51 = add i52 %shl_ln37_115, i52 %mul_ln37_51" [src/integrated-gcn/naive_spmm_stage.cpp:37]   --->   Operation 778 'add' 'add_ln37_51' <Predicate = (icmp_ln31)> <Delay = 1.10> <CoreInst = "Adder">   --->   Core 1 'Adder' <Latency = 0> <II = 1> <Delay = 1.10> <FuncUnit> <Opcode : 'add' 'sub'> <InPorts = 2> <OutPorts = 1>
ST_64 : Operation 779 [1/1] (0.00ns)   --->   "%trunc_ln37_50 = partselect i32 @_ssdm_op_PartSelect.i32.i52.i32.i32, i52 %add_ln37_51, i32 20, i32 51" [src/integrated-gcn/naive_spmm_stage.cpp:37]   --->   Operation 779 'partselect' 'trunc_ln37_50' <Predicate = (icmp_ln31)> <Delay = 0.00>
ST_64 : Operation 780 [1/1] ( I:7.30ns O:7.30ns )   --->   "%gmem3_addr_read_52 = read i16 @_ssdm_op_Read.m_axi.i16.p1i16, i16 %gmem3_addr" [src/integrated-gcn/naive_spmm_stage.cpp:37]   --->   Operation 780 'read' 'gmem3_addr_read_52' <Predicate = (icmp_ln31)> <Delay = 7.30> <CoreInst = "m_axi">   --->   Core 119 'm_axi' <Latency = 3> <II = 1> <Delay = 1.00> <Adapter> <Opcode : 'readrequnaligned' 'writerequnaligned' 'read' 'write' 'readreq' 'writereq' 'writeresp'>
ST_64 : Operation 781 [1/1] (0.42ns)   --->   "%store_ln37 = store i32 %trunc_ln37_50, i32 %conv_i_i13_5160" [src/integrated-gcn/naive_spmm_stage.cpp:37]   --->   Operation 781 'store' 'store_ln37' <Predicate = (icmp_ln31)> <Delay = 0.42>

State 65 <SV = 64> <Delay = 7.30>
ST_65 : Operation 782 [1/1] (0.00ns)   --->   "%conv_i_i13_5261_load_1 = load i32 %conv_i_i13_5261" [src/integrated-gcn/naive_spmm_stage.cpp:37]   --->   Operation 782 'load' 'conv_i_i13_5261_load_1' <Predicate = true> <Delay = 0.00>
ST_65 : Operation 783 [1/1] (0.00ns)   --->   "%shl_ln37_53 = bitconcatenate i26 @_ssdm_op_BitConcatenate.i26.i16.i10, i16 %gmem3_addr_read_52, i10 0" [src/integrated-gcn/naive_spmm_stage.cpp:37]   --->   Operation 783 'bitconcatenate' 'shl_ln37_53' <Predicate = true> <Delay = 0.00>
ST_65 : Operation 784 [1/1] (0.00ns)   --->   "%sext_ln37_52 = sext i26 %shl_ln37_53" [src/integrated-gcn/naive_spmm_stage.cpp:37]   --->   Operation 784 'sext' 'sext_ln37_52' <Predicate = true> <Delay = 0.00>
ST_65 : Operation 785 [1/1] (3.14ns)   --->   "%mul_ln37_52 = mul i52 %sext_ln37_52, i52 %sext_ln36" [src/integrated-gcn/naive_spmm_stage.cpp:37]   --->   Operation 785 'mul' 'mul_ln37_52' <Predicate = true> <Delay = 3.14> <CoreInst = "Multiplier">   --->   Core 3 'Multiplier' <Latency = 0> <II = 1> <Delay = 3.14> <FuncUnit> <Opcode : 'mul'> <InPorts = 2> <OutPorts = 1>
ST_65 : Operation 786 [1/1] (0.00ns)   --->   "%shl_ln37_116 = bitconcatenate i52 @_ssdm_op_BitConcatenate.i52.i32.i20, i32 %conv_i_i13_5261_load_1, i20 0" [src/integrated-gcn/naive_spmm_stage.cpp:37]   --->   Operation 786 'bitconcatenate' 'shl_ln37_116' <Predicate = true> <Delay = 0.00>
ST_65 : Operation 787 [1/1] (1.10ns)   --->   "%add_ln37_52 = add i52 %shl_ln37_116, i52 %mul_ln37_52" [src/integrated-gcn/naive_spmm_stage.cpp:37]   --->   Operation 787 'add' 'add_ln37_52' <Predicate = true> <Delay = 1.10> <CoreInst = "Adder">   --->   Core 1 'Adder' <Latency = 0> <II = 1> <Delay = 1.10> <FuncUnit> <Opcode : 'add' 'sub'> <InPorts = 2> <OutPorts = 1>
ST_65 : Operation 788 [1/1] (0.00ns)   --->   "%trunc_ln37_51 = partselect i32 @_ssdm_op_PartSelect.i32.i52.i32.i32, i52 %add_ln37_52, i32 20, i32 51" [src/integrated-gcn/naive_spmm_stage.cpp:37]   --->   Operation 788 'partselect' 'trunc_ln37_51' <Predicate = true> <Delay = 0.00>
ST_65 : Operation 789 [1/1] ( I:7.30ns O:7.30ns )   --->   "%gmem3_addr_read_53 = read i16 @_ssdm_op_Read.m_axi.i16.p1i16, i16 %gmem3_addr" [src/integrated-gcn/naive_spmm_stage.cpp:37]   --->   Operation 789 'read' 'gmem3_addr_read_53' <Predicate = true> <Delay = 7.30> <CoreInst = "m_axi">   --->   Core 119 'm_axi' <Latency = 3> <II = 1> <Delay = 1.00> <Adapter> <Opcode : 'readrequnaligned' 'writerequnaligned' 'read' 'write' 'readreq' 'writereq' 'writeresp'>
ST_65 : Operation 790 [1/1] (0.42ns)   --->   "%store_ln37 = store i32 %trunc_ln37_51, i32 %conv_i_i13_5261" [src/integrated-gcn/naive_spmm_stage.cpp:37]   --->   Operation 790 'store' 'store_ln37' <Predicate = true> <Delay = 0.42>

State 66 <SV = 65> <Delay = 7.30>
ST_66 : Operation 791 [1/1] (0.00ns)   --->   "%conv_i_i13_5362_load_1 = load i32 %conv_i_i13_5362" [src/integrated-gcn/naive_spmm_stage.cpp:37]   --->   Operation 791 'load' 'conv_i_i13_5362_load_1' <Predicate = true> <Delay = 0.00>
ST_66 : Operation 792 [1/1] (0.00ns)   --->   "%shl_ln37_54 = bitconcatenate i26 @_ssdm_op_BitConcatenate.i26.i16.i10, i16 %gmem3_addr_read_53, i10 0" [src/integrated-gcn/naive_spmm_stage.cpp:37]   --->   Operation 792 'bitconcatenate' 'shl_ln37_54' <Predicate = true> <Delay = 0.00>
ST_66 : Operation 793 [1/1] (0.00ns)   --->   "%sext_ln37_53 = sext i26 %shl_ln37_54" [src/integrated-gcn/naive_spmm_stage.cpp:37]   --->   Operation 793 'sext' 'sext_ln37_53' <Predicate = true> <Delay = 0.00>
ST_66 : Operation 794 [1/1] (3.14ns)   --->   "%mul_ln37_53 = mul i52 %sext_ln37_53, i52 %sext_ln36" [src/integrated-gcn/naive_spmm_stage.cpp:37]   --->   Operation 794 'mul' 'mul_ln37_53' <Predicate = true> <Delay = 3.14> <CoreInst = "Multiplier">   --->   Core 3 'Multiplier' <Latency = 0> <II = 1> <Delay = 3.14> <FuncUnit> <Opcode : 'mul'> <InPorts = 2> <OutPorts = 1>
ST_66 : Operation 795 [1/1] (0.00ns)   --->   "%shl_ln37_117 = bitconcatenate i52 @_ssdm_op_BitConcatenate.i52.i32.i20, i32 %conv_i_i13_5362_load_1, i20 0" [src/integrated-gcn/naive_spmm_stage.cpp:37]   --->   Operation 795 'bitconcatenate' 'shl_ln37_117' <Predicate = true> <Delay = 0.00>
ST_66 : Operation 796 [1/1] (1.10ns)   --->   "%add_ln37_53 = add i52 %shl_ln37_117, i52 %mul_ln37_53" [src/integrated-gcn/naive_spmm_stage.cpp:37]   --->   Operation 796 'add' 'add_ln37_53' <Predicate = true> <Delay = 1.10> <CoreInst = "Adder">   --->   Core 1 'Adder' <Latency = 0> <II = 1> <Delay = 1.10> <FuncUnit> <Opcode : 'add' 'sub'> <InPorts = 2> <OutPorts = 1>
ST_66 : Operation 797 [1/1] (0.00ns)   --->   "%trunc_ln37_52 = partselect i32 @_ssdm_op_PartSelect.i32.i52.i32.i32, i52 %add_ln37_53, i32 20, i32 51" [src/integrated-gcn/naive_spmm_stage.cpp:37]   --->   Operation 797 'partselect' 'trunc_ln37_52' <Predicate = true> <Delay = 0.00>
ST_66 : Operation 798 [1/1] ( I:7.30ns O:7.30ns )   --->   "%gmem3_addr_read_54 = read i16 @_ssdm_op_Read.m_axi.i16.p1i16, i16 %gmem3_addr" [src/integrated-gcn/naive_spmm_stage.cpp:37]   --->   Operation 798 'read' 'gmem3_addr_read_54' <Predicate = true> <Delay = 7.30> <CoreInst = "m_axi">   --->   Core 119 'm_axi' <Latency = 3> <II = 1> <Delay = 1.00> <Adapter> <Opcode : 'readrequnaligned' 'writerequnaligned' 'read' 'write' 'readreq' 'writereq' 'writeresp'>
ST_66 : Operation 799 [1/1] (0.42ns)   --->   "%store_ln37 = store i32 %trunc_ln37_52, i32 %conv_i_i13_5362" [src/integrated-gcn/naive_spmm_stage.cpp:37]   --->   Operation 799 'store' 'store_ln37' <Predicate = true> <Delay = 0.42>

State 67 <SV = 66> <Delay = 7.30>
ST_67 : Operation 800 [1/1] (0.00ns)   --->   "%conv_i_i13_5463_load_1 = load i32 %conv_i_i13_5463" [src/integrated-gcn/naive_spmm_stage.cpp:37]   --->   Operation 800 'load' 'conv_i_i13_5463_load_1' <Predicate = true> <Delay = 0.00>
ST_67 : Operation 801 [1/1] (0.00ns)   --->   "%shl_ln37_55 = bitconcatenate i26 @_ssdm_op_BitConcatenate.i26.i16.i10, i16 %gmem3_addr_read_54, i10 0" [src/integrated-gcn/naive_spmm_stage.cpp:37]   --->   Operation 801 'bitconcatenate' 'shl_ln37_55' <Predicate = true> <Delay = 0.00>
ST_67 : Operation 802 [1/1] (0.00ns)   --->   "%sext_ln37_54 = sext i26 %shl_ln37_55" [src/integrated-gcn/naive_spmm_stage.cpp:37]   --->   Operation 802 'sext' 'sext_ln37_54' <Predicate = true> <Delay = 0.00>
ST_67 : Operation 803 [1/1] (3.14ns)   --->   "%mul_ln37_54 = mul i52 %sext_ln37_54, i52 %sext_ln36" [src/integrated-gcn/naive_spmm_stage.cpp:37]   --->   Operation 803 'mul' 'mul_ln37_54' <Predicate = true> <Delay = 3.14> <CoreInst = "Multiplier">   --->   Core 3 'Multiplier' <Latency = 0> <II = 1> <Delay = 3.14> <FuncUnit> <Opcode : 'mul'> <InPorts = 2> <OutPorts = 1>
ST_67 : Operation 804 [1/1] (0.00ns)   --->   "%shl_ln37_118 = bitconcatenate i52 @_ssdm_op_BitConcatenate.i52.i32.i20, i32 %conv_i_i13_5463_load_1, i20 0" [src/integrated-gcn/naive_spmm_stage.cpp:37]   --->   Operation 804 'bitconcatenate' 'shl_ln37_118' <Predicate = true> <Delay = 0.00>
ST_67 : Operation 805 [1/1] (1.10ns)   --->   "%add_ln37_54 = add i52 %shl_ln37_118, i52 %mul_ln37_54" [src/integrated-gcn/naive_spmm_stage.cpp:37]   --->   Operation 805 'add' 'add_ln37_54' <Predicate = true> <Delay = 1.10> <CoreInst = "Adder">   --->   Core 1 'Adder' <Latency = 0> <II = 1> <Delay = 1.10> <FuncUnit> <Opcode : 'add' 'sub'> <InPorts = 2> <OutPorts = 1>
ST_67 : Operation 806 [1/1] (0.00ns)   --->   "%trunc_ln37_53 = partselect i32 @_ssdm_op_PartSelect.i32.i52.i32.i32, i52 %add_ln37_54, i32 20, i32 51" [src/integrated-gcn/naive_spmm_stage.cpp:37]   --->   Operation 806 'partselect' 'trunc_ln37_53' <Predicate = true> <Delay = 0.00>
ST_67 : Operation 807 [1/1] ( I:7.30ns O:7.30ns )   --->   "%gmem3_addr_read_55 = read i16 @_ssdm_op_Read.m_axi.i16.p1i16, i16 %gmem3_addr" [src/integrated-gcn/naive_spmm_stage.cpp:37]   --->   Operation 807 'read' 'gmem3_addr_read_55' <Predicate = true> <Delay = 7.30> <CoreInst = "m_axi">   --->   Core 119 'm_axi' <Latency = 3> <II = 1> <Delay = 1.00> <Adapter> <Opcode : 'readrequnaligned' 'writerequnaligned' 'read' 'write' 'readreq' 'writereq' 'writeresp'>
ST_67 : Operation 808 [1/1] (0.42ns)   --->   "%store_ln37 = store i32 %trunc_ln37_53, i32 %conv_i_i13_5463" [src/integrated-gcn/naive_spmm_stage.cpp:37]   --->   Operation 808 'store' 'store_ln37' <Predicate = true> <Delay = 0.42>

State 68 <SV = 67> <Delay = 7.30>
ST_68 : Operation 809 [1/1] (0.00ns)   --->   "%conv_i_i13_5564_load_1 = load i32 %conv_i_i13_5564" [src/integrated-gcn/naive_spmm_stage.cpp:37]   --->   Operation 809 'load' 'conv_i_i13_5564_load_1' <Predicate = true> <Delay = 0.00>
ST_68 : Operation 810 [1/1] (0.00ns)   --->   "%shl_ln37_56 = bitconcatenate i26 @_ssdm_op_BitConcatenate.i26.i16.i10, i16 %gmem3_addr_read_55, i10 0" [src/integrated-gcn/naive_spmm_stage.cpp:37]   --->   Operation 810 'bitconcatenate' 'shl_ln37_56' <Predicate = true> <Delay = 0.00>
ST_68 : Operation 811 [1/1] (0.00ns)   --->   "%sext_ln37_55 = sext i26 %shl_ln37_56" [src/integrated-gcn/naive_spmm_stage.cpp:37]   --->   Operation 811 'sext' 'sext_ln37_55' <Predicate = true> <Delay = 0.00>
ST_68 : Operation 812 [1/1] (3.14ns)   --->   "%mul_ln37_55 = mul i52 %sext_ln37_55, i52 %sext_ln36" [src/integrated-gcn/naive_spmm_stage.cpp:37]   --->   Operation 812 'mul' 'mul_ln37_55' <Predicate = true> <Delay = 3.14> <CoreInst = "Multiplier">   --->   Core 3 'Multiplier' <Latency = 0> <II = 1> <Delay = 3.14> <FuncUnit> <Opcode : 'mul'> <InPorts = 2> <OutPorts = 1>
ST_68 : Operation 813 [1/1] (0.00ns)   --->   "%shl_ln37_119 = bitconcatenate i52 @_ssdm_op_BitConcatenate.i52.i32.i20, i32 %conv_i_i13_5564_load_1, i20 0" [src/integrated-gcn/naive_spmm_stage.cpp:37]   --->   Operation 813 'bitconcatenate' 'shl_ln37_119' <Predicate = true> <Delay = 0.00>
ST_68 : Operation 814 [1/1] (1.10ns)   --->   "%add_ln37_55 = add i52 %shl_ln37_119, i52 %mul_ln37_55" [src/integrated-gcn/naive_spmm_stage.cpp:37]   --->   Operation 814 'add' 'add_ln37_55' <Predicate = true> <Delay = 1.10> <CoreInst = "Adder">   --->   Core 1 'Adder' <Latency = 0> <II = 1> <Delay = 1.10> <FuncUnit> <Opcode : 'add' 'sub'> <InPorts = 2> <OutPorts = 1>
ST_68 : Operation 815 [1/1] (0.00ns)   --->   "%trunc_ln37_54 = partselect i32 @_ssdm_op_PartSelect.i32.i52.i32.i32, i52 %add_ln37_55, i32 20, i32 51" [src/integrated-gcn/naive_spmm_stage.cpp:37]   --->   Operation 815 'partselect' 'trunc_ln37_54' <Predicate = true> <Delay = 0.00>
ST_68 : Operation 816 [1/1] ( I:7.30ns O:7.30ns )   --->   "%gmem3_addr_read_56 = read i16 @_ssdm_op_Read.m_axi.i16.p1i16, i16 %gmem3_addr" [src/integrated-gcn/naive_spmm_stage.cpp:37]   --->   Operation 816 'read' 'gmem3_addr_read_56' <Predicate = true> <Delay = 7.30> <CoreInst = "m_axi">   --->   Core 119 'm_axi' <Latency = 3> <II = 1> <Delay = 1.00> <Adapter> <Opcode : 'readrequnaligned' 'writerequnaligned' 'read' 'write' 'readreq' 'writereq' 'writeresp'>
ST_68 : Operation 817 [1/1] (0.42ns)   --->   "%store_ln37 = store i32 %trunc_ln37_54, i32 %conv_i_i13_5564" [src/integrated-gcn/naive_spmm_stage.cpp:37]   --->   Operation 817 'store' 'store_ln37' <Predicate = true> <Delay = 0.42>

State 69 <SV = 68> <Delay = 7.30>
ST_69 : Operation 818 [1/1] (0.00ns)   --->   "%conv_i_i13_5665_load_1 = load i32 %conv_i_i13_5665" [src/integrated-gcn/naive_spmm_stage.cpp:37]   --->   Operation 818 'load' 'conv_i_i13_5665_load_1' <Predicate = true> <Delay = 0.00>
ST_69 : Operation 819 [1/1] (0.00ns)   --->   "%shl_ln37_57 = bitconcatenate i26 @_ssdm_op_BitConcatenate.i26.i16.i10, i16 %gmem3_addr_read_56, i10 0" [src/integrated-gcn/naive_spmm_stage.cpp:37]   --->   Operation 819 'bitconcatenate' 'shl_ln37_57' <Predicate = true> <Delay = 0.00>
ST_69 : Operation 820 [1/1] (0.00ns)   --->   "%sext_ln37_56 = sext i26 %shl_ln37_57" [src/integrated-gcn/naive_spmm_stage.cpp:37]   --->   Operation 820 'sext' 'sext_ln37_56' <Predicate = true> <Delay = 0.00>
ST_69 : Operation 821 [1/1] (3.14ns)   --->   "%mul_ln37_56 = mul i52 %sext_ln37_56, i52 %sext_ln36" [src/integrated-gcn/naive_spmm_stage.cpp:37]   --->   Operation 821 'mul' 'mul_ln37_56' <Predicate = true> <Delay = 3.14> <CoreInst = "Multiplier">   --->   Core 3 'Multiplier' <Latency = 0> <II = 1> <Delay = 3.14> <FuncUnit> <Opcode : 'mul'> <InPorts = 2> <OutPorts = 1>
ST_69 : Operation 822 [1/1] (0.00ns)   --->   "%shl_ln37_120 = bitconcatenate i52 @_ssdm_op_BitConcatenate.i52.i32.i20, i32 %conv_i_i13_5665_load_1, i20 0" [src/integrated-gcn/naive_spmm_stage.cpp:37]   --->   Operation 822 'bitconcatenate' 'shl_ln37_120' <Predicate = true> <Delay = 0.00>
ST_69 : Operation 823 [1/1] (1.10ns)   --->   "%add_ln37_56 = add i52 %shl_ln37_120, i52 %mul_ln37_56" [src/integrated-gcn/naive_spmm_stage.cpp:37]   --->   Operation 823 'add' 'add_ln37_56' <Predicate = true> <Delay = 1.10> <CoreInst = "Adder">   --->   Core 1 'Adder' <Latency = 0> <II = 1> <Delay = 1.10> <FuncUnit> <Opcode : 'add' 'sub'> <InPorts = 2> <OutPorts = 1>
ST_69 : Operation 824 [1/1] (0.00ns)   --->   "%trunc_ln37_55 = partselect i32 @_ssdm_op_PartSelect.i32.i52.i32.i32, i52 %add_ln37_56, i32 20, i32 51" [src/integrated-gcn/naive_spmm_stage.cpp:37]   --->   Operation 824 'partselect' 'trunc_ln37_55' <Predicate = true> <Delay = 0.00>
ST_69 : Operation 825 [1/1] ( I:7.30ns O:7.30ns )   --->   "%gmem3_addr_read_57 = read i16 @_ssdm_op_Read.m_axi.i16.p1i16, i16 %gmem3_addr" [src/integrated-gcn/naive_spmm_stage.cpp:37]   --->   Operation 825 'read' 'gmem3_addr_read_57' <Predicate = true> <Delay = 7.30> <CoreInst = "m_axi">   --->   Core 119 'm_axi' <Latency = 3> <II = 1> <Delay = 1.00> <Adapter> <Opcode : 'readrequnaligned' 'writerequnaligned' 'read' 'write' 'readreq' 'writereq' 'writeresp'>
ST_69 : Operation 826 [1/1] (0.42ns)   --->   "%store_ln37 = store i32 %trunc_ln37_55, i32 %conv_i_i13_5665" [src/integrated-gcn/naive_spmm_stage.cpp:37]   --->   Operation 826 'store' 'store_ln37' <Predicate = true> <Delay = 0.42>

State 70 <SV = 69> <Delay = 7.30>
ST_70 : Operation 827 [1/1] (0.00ns)   --->   "%conv_i_i13_5766_load_1 = load i32 %conv_i_i13_5766" [src/integrated-gcn/naive_spmm_stage.cpp:37]   --->   Operation 827 'load' 'conv_i_i13_5766_load_1' <Predicate = true> <Delay = 0.00>
ST_70 : Operation 828 [1/1] (0.00ns)   --->   "%shl_ln37_58 = bitconcatenate i26 @_ssdm_op_BitConcatenate.i26.i16.i10, i16 %gmem3_addr_read_57, i10 0" [src/integrated-gcn/naive_spmm_stage.cpp:37]   --->   Operation 828 'bitconcatenate' 'shl_ln37_58' <Predicate = true> <Delay = 0.00>
ST_70 : Operation 829 [1/1] (0.00ns)   --->   "%sext_ln37_57 = sext i26 %shl_ln37_58" [src/integrated-gcn/naive_spmm_stage.cpp:37]   --->   Operation 829 'sext' 'sext_ln37_57' <Predicate = true> <Delay = 0.00>
ST_70 : Operation 830 [1/1] (3.14ns)   --->   "%mul_ln37_57 = mul i52 %sext_ln37_57, i52 %sext_ln36" [src/integrated-gcn/naive_spmm_stage.cpp:37]   --->   Operation 830 'mul' 'mul_ln37_57' <Predicate = true> <Delay = 3.14> <CoreInst = "Multiplier">   --->   Core 3 'Multiplier' <Latency = 0> <II = 1> <Delay = 3.14> <FuncUnit> <Opcode : 'mul'> <InPorts = 2> <OutPorts = 1>
ST_70 : Operation 831 [1/1] (0.00ns)   --->   "%shl_ln37_121 = bitconcatenate i52 @_ssdm_op_BitConcatenate.i52.i32.i20, i32 %conv_i_i13_5766_load_1, i20 0" [src/integrated-gcn/naive_spmm_stage.cpp:37]   --->   Operation 831 'bitconcatenate' 'shl_ln37_121' <Predicate = true> <Delay = 0.00>
ST_70 : Operation 832 [1/1] (1.10ns)   --->   "%add_ln37_57 = add i52 %shl_ln37_121, i52 %mul_ln37_57" [src/integrated-gcn/naive_spmm_stage.cpp:37]   --->   Operation 832 'add' 'add_ln37_57' <Predicate = true> <Delay = 1.10> <CoreInst = "Adder">   --->   Core 1 'Adder' <Latency = 0> <II = 1> <Delay = 1.10> <FuncUnit> <Opcode : 'add' 'sub'> <InPorts = 2> <OutPorts = 1>
ST_70 : Operation 833 [1/1] (0.00ns)   --->   "%trunc_ln37_56 = partselect i32 @_ssdm_op_PartSelect.i32.i52.i32.i32, i52 %add_ln37_57, i32 20, i32 51" [src/integrated-gcn/naive_spmm_stage.cpp:37]   --->   Operation 833 'partselect' 'trunc_ln37_56' <Predicate = true> <Delay = 0.00>
ST_70 : Operation 834 [1/1] ( I:7.30ns O:7.30ns )   --->   "%gmem3_addr_read_58 = read i16 @_ssdm_op_Read.m_axi.i16.p1i16, i16 %gmem3_addr" [src/integrated-gcn/naive_spmm_stage.cpp:37]   --->   Operation 834 'read' 'gmem3_addr_read_58' <Predicate = true> <Delay = 7.30> <CoreInst = "m_axi">   --->   Core 119 'm_axi' <Latency = 3> <II = 1> <Delay = 1.00> <Adapter> <Opcode : 'readrequnaligned' 'writerequnaligned' 'read' 'write' 'readreq' 'writereq' 'writeresp'>
ST_70 : Operation 835 [1/1] (0.42ns)   --->   "%store_ln37 = store i32 %trunc_ln37_56, i32 %conv_i_i13_5766" [src/integrated-gcn/naive_spmm_stage.cpp:37]   --->   Operation 835 'store' 'store_ln37' <Predicate = true> <Delay = 0.42>

State 71 <SV = 70> <Delay = 7.30>
ST_71 : Operation 836 [1/1] (0.00ns)   --->   "%conv_i_i13_5867_load_1 = load i32 %conv_i_i13_5867" [src/integrated-gcn/naive_spmm_stage.cpp:37]   --->   Operation 836 'load' 'conv_i_i13_5867_load_1' <Predicate = true> <Delay = 0.00>
ST_71 : Operation 837 [1/1] (0.00ns)   --->   "%shl_ln37_59 = bitconcatenate i26 @_ssdm_op_BitConcatenate.i26.i16.i10, i16 %gmem3_addr_read_58, i10 0" [src/integrated-gcn/naive_spmm_stage.cpp:37]   --->   Operation 837 'bitconcatenate' 'shl_ln37_59' <Predicate = true> <Delay = 0.00>
ST_71 : Operation 838 [1/1] (0.00ns)   --->   "%sext_ln37_58 = sext i26 %shl_ln37_59" [src/integrated-gcn/naive_spmm_stage.cpp:37]   --->   Operation 838 'sext' 'sext_ln37_58' <Predicate = true> <Delay = 0.00>
ST_71 : Operation 839 [1/1] (3.14ns)   --->   "%mul_ln37_58 = mul i52 %sext_ln37_58, i52 %sext_ln36" [src/integrated-gcn/naive_spmm_stage.cpp:37]   --->   Operation 839 'mul' 'mul_ln37_58' <Predicate = true> <Delay = 3.14> <CoreInst = "Multiplier">   --->   Core 3 'Multiplier' <Latency = 0> <II = 1> <Delay = 3.14> <FuncUnit> <Opcode : 'mul'> <InPorts = 2> <OutPorts = 1>
ST_71 : Operation 840 [1/1] (0.00ns)   --->   "%shl_ln37_122 = bitconcatenate i52 @_ssdm_op_BitConcatenate.i52.i32.i20, i32 %conv_i_i13_5867_load_1, i20 0" [src/integrated-gcn/naive_spmm_stage.cpp:37]   --->   Operation 840 'bitconcatenate' 'shl_ln37_122' <Predicate = true> <Delay = 0.00>
ST_71 : Operation 841 [1/1] (1.10ns)   --->   "%add_ln37_58 = add i52 %shl_ln37_122, i52 %mul_ln37_58" [src/integrated-gcn/naive_spmm_stage.cpp:37]   --->   Operation 841 'add' 'add_ln37_58' <Predicate = true> <Delay = 1.10> <CoreInst = "Adder">   --->   Core 1 'Adder' <Latency = 0> <II = 1> <Delay = 1.10> <FuncUnit> <Opcode : 'add' 'sub'> <InPorts = 2> <OutPorts = 1>
ST_71 : Operation 842 [1/1] (0.00ns)   --->   "%trunc_ln37_57 = partselect i32 @_ssdm_op_PartSelect.i32.i52.i32.i32, i52 %add_ln37_58, i32 20, i32 51" [src/integrated-gcn/naive_spmm_stage.cpp:37]   --->   Operation 842 'partselect' 'trunc_ln37_57' <Predicate = true> <Delay = 0.00>
ST_71 : Operation 843 [1/1] ( I:7.30ns O:7.30ns )   --->   "%gmem3_addr_read_59 = read i16 @_ssdm_op_Read.m_axi.i16.p1i16, i16 %gmem3_addr" [src/integrated-gcn/naive_spmm_stage.cpp:37]   --->   Operation 843 'read' 'gmem3_addr_read_59' <Predicate = true> <Delay = 7.30> <CoreInst = "m_axi">   --->   Core 119 'm_axi' <Latency = 3> <II = 1> <Delay = 1.00> <Adapter> <Opcode : 'readrequnaligned' 'writerequnaligned' 'read' 'write' 'readreq' 'writereq' 'writeresp'>
ST_71 : Operation 844 [1/1] (0.42ns)   --->   "%store_ln37 = store i32 %trunc_ln37_57, i32 %conv_i_i13_5867" [src/integrated-gcn/naive_spmm_stage.cpp:37]   --->   Operation 844 'store' 'store_ln37' <Predicate = true> <Delay = 0.42>

State 72 <SV = 71> <Delay = 7.30>
ST_72 : Operation 845 [1/1] (0.00ns)   --->   "%conv_i_i13_5968_load_1 = load i32 %conv_i_i13_5968" [src/integrated-gcn/naive_spmm_stage.cpp:37]   --->   Operation 845 'load' 'conv_i_i13_5968_load_1' <Predicate = true> <Delay = 0.00>
ST_72 : Operation 846 [1/1] (0.00ns)   --->   "%shl_ln37_60 = bitconcatenate i26 @_ssdm_op_BitConcatenate.i26.i16.i10, i16 %gmem3_addr_read_59, i10 0" [src/integrated-gcn/naive_spmm_stage.cpp:37]   --->   Operation 846 'bitconcatenate' 'shl_ln37_60' <Predicate = true> <Delay = 0.00>
ST_72 : Operation 847 [1/1] (0.00ns)   --->   "%sext_ln37_59 = sext i26 %shl_ln37_60" [src/integrated-gcn/naive_spmm_stage.cpp:37]   --->   Operation 847 'sext' 'sext_ln37_59' <Predicate = true> <Delay = 0.00>
ST_72 : Operation 848 [1/1] (3.14ns)   --->   "%mul_ln37_59 = mul i52 %sext_ln37_59, i52 %sext_ln36" [src/integrated-gcn/naive_spmm_stage.cpp:37]   --->   Operation 848 'mul' 'mul_ln37_59' <Predicate = true> <Delay = 3.14> <CoreInst = "Multiplier">   --->   Core 3 'Multiplier' <Latency = 0> <II = 1> <Delay = 3.14> <FuncUnit> <Opcode : 'mul'> <InPorts = 2> <OutPorts = 1>
ST_72 : Operation 849 [1/1] (0.00ns)   --->   "%shl_ln37_123 = bitconcatenate i52 @_ssdm_op_BitConcatenate.i52.i32.i20, i32 %conv_i_i13_5968_load_1, i20 0" [src/integrated-gcn/naive_spmm_stage.cpp:37]   --->   Operation 849 'bitconcatenate' 'shl_ln37_123' <Predicate = true> <Delay = 0.00>
ST_72 : Operation 850 [1/1] (1.10ns)   --->   "%add_ln37_59 = add i52 %shl_ln37_123, i52 %mul_ln37_59" [src/integrated-gcn/naive_spmm_stage.cpp:37]   --->   Operation 850 'add' 'add_ln37_59' <Predicate = true> <Delay = 1.10> <CoreInst = "Adder">   --->   Core 1 'Adder' <Latency = 0> <II = 1> <Delay = 1.10> <FuncUnit> <Opcode : 'add' 'sub'> <InPorts = 2> <OutPorts = 1>
ST_72 : Operation 851 [1/1] (0.00ns)   --->   "%trunc_ln37_58 = partselect i32 @_ssdm_op_PartSelect.i32.i52.i32.i32, i52 %add_ln37_59, i32 20, i32 51" [src/integrated-gcn/naive_spmm_stage.cpp:37]   --->   Operation 851 'partselect' 'trunc_ln37_58' <Predicate = true> <Delay = 0.00>
ST_72 : Operation 852 [1/1] ( I:7.30ns O:7.30ns )   --->   "%gmem3_addr_read_60 = read i16 @_ssdm_op_Read.m_axi.i16.p1i16, i16 %gmem3_addr" [src/integrated-gcn/naive_spmm_stage.cpp:37]   --->   Operation 852 'read' 'gmem3_addr_read_60' <Predicate = true> <Delay = 7.30> <CoreInst = "m_axi">   --->   Core 119 'm_axi' <Latency = 3> <II = 1> <Delay = 1.00> <Adapter> <Opcode : 'readrequnaligned' 'writerequnaligned' 'read' 'write' 'readreq' 'writereq' 'writeresp'>
ST_72 : Operation 853 [1/1] (0.42ns)   --->   "%store_ln37 = store i32 %trunc_ln37_58, i32 %conv_i_i13_5968" [src/integrated-gcn/naive_spmm_stage.cpp:37]   --->   Operation 853 'store' 'store_ln37' <Predicate = true> <Delay = 0.42>

State 73 <SV = 72> <Delay = 7.30>
ST_73 : Operation 854 [1/1] (0.00ns)   --->   "%conv_i_i13_6069_load_1 = load i32 %conv_i_i13_6069" [src/integrated-gcn/naive_spmm_stage.cpp:37]   --->   Operation 854 'load' 'conv_i_i13_6069_load_1' <Predicate = true> <Delay = 0.00>
ST_73 : Operation 855 [1/1] (0.00ns)   --->   "%shl_ln37_61 = bitconcatenate i26 @_ssdm_op_BitConcatenate.i26.i16.i10, i16 %gmem3_addr_read_60, i10 0" [src/integrated-gcn/naive_spmm_stage.cpp:37]   --->   Operation 855 'bitconcatenate' 'shl_ln37_61' <Predicate = true> <Delay = 0.00>
ST_73 : Operation 856 [1/1] (0.00ns)   --->   "%sext_ln37_60 = sext i26 %shl_ln37_61" [src/integrated-gcn/naive_spmm_stage.cpp:37]   --->   Operation 856 'sext' 'sext_ln37_60' <Predicate = true> <Delay = 0.00>
ST_73 : Operation 857 [1/1] (3.14ns)   --->   "%mul_ln37_60 = mul i52 %sext_ln37_60, i52 %sext_ln36" [src/integrated-gcn/naive_spmm_stage.cpp:37]   --->   Operation 857 'mul' 'mul_ln37_60' <Predicate = true> <Delay = 3.14> <CoreInst = "Multiplier">   --->   Core 3 'Multiplier' <Latency = 0> <II = 1> <Delay = 3.14> <FuncUnit> <Opcode : 'mul'> <InPorts = 2> <OutPorts = 1>
ST_73 : Operation 858 [1/1] (0.00ns)   --->   "%shl_ln37_124 = bitconcatenate i52 @_ssdm_op_BitConcatenate.i52.i32.i20, i32 %conv_i_i13_6069_load_1, i20 0" [src/integrated-gcn/naive_spmm_stage.cpp:37]   --->   Operation 858 'bitconcatenate' 'shl_ln37_124' <Predicate = true> <Delay = 0.00>
ST_73 : Operation 859 [1/1] (1.10ns)   --->   "%add_ln37_60 = add i52 %shl_ln37_124, i52 %mul_ln37_60" [src/integrated-gcn/naive_spmm_stage.cpp:37]   --->   Operation 859 'add' 'add_ln37_60' <Predicate = true> <Delay = 1.10> <CoreInst = "Adder">   --->   Core 1 'Adder' <Latency = 0> <II = 1> <Delay = 1.10> <FuncUnit> <Opcode : 'add' 'sub'> <InPorts = 2> <OutPorts = 1>
ST_73 : Operation 860 [1/1] (0.00ns)   --->   "%trunc_ln37_59 = partselect i32 @_ssdm_op_PartSelect.i32.i52.i32.i32, i52 %add_ln37_60, i32 20, i32 51" [src/integrated-gcn/naive_spmm_stage.cpp:37]   --->   Operation 860 'partselect' 'trunc_ln37_59' <Predicate = true> <Delay = 0.00>
ST_73 : Operation 861 [1/1] ( I:7.30ns O:7.30ns )   --->   "%gmem3_addr_read_61 = read i16 @_ssdm_op_Read.m_axi.i16.p1i16, i16 %gmem3_addr" [src/integrated-gcn/naive_spmm_stage.cpp:37]   --->   Operation 861 'read' 'gmem3_addr_read_61' <Predicate = true> <Delay = 7.30> <CoreInst = "m_axi">   --->   Core 119 'm_axi' <Latency = 3> <II = 1> <Delay = 1.00> <Adapter> <Opcode : 'readrequnaligned' 'writerequnaligned' 'read' 'write' 'readreq' 'writereq' 'writeresp'>
ST_73 : Operation 862 [1/1] (0.42ns)   --->   "%store_ln37 = store i32 %trunc_ln37_59, i32 %conv_i_i13_6069" [src/integrated-gcn/naive_spmm_stage.cpp:37]   --->   Operation 862 'store' 'store_ln37' <Predicate = true> <Delay = 0.42>

State 74 <SV = 73> <Delay = 7.30>
ST_74 : Operation 863 [1/1] (0.00ns)   --->   "%conv_i_i13_6170_load_1 = load i32 %conv_i_i13_6170" [src/integrated-gcn/naive_spmm_stage.cpp:37]   --->   Operation 863 'load' 'conv_i_i13_6170_load_1' <Predicate = true> <Delay = 0.00>
ST_74 : Operation 864 [1/1] (0.00ns)   --->   "%shl_ln37_62 = bitconcatenate i26 @_ssdm_op_BitConcatenate.i26.i16.i10, i16 %gmem3_addr_read_61, i10 0" [src/integrated-gcn/naive_spmm_stage.cpp:37]   --->   Operation 864 'bitconcatenate' 'shl_ln37_62' <Predicate = true> <Delay = 0.00>
ST_74 : Operation 865 [1/1] (0.00ns)   --->   "%sext_ln37_61 = sext i26 %shl_ln37_62" [src/integrated-gcn/naive_spmm_stage.cpp:37]   --->   Operation 865 'sext' 'sext_ln37_61' <Predicate = true> <Delay = 0.00>
ST_74 : Operation 866 [1/1] (3.14ns)   --->   "%mul_ln37_61 = mul i52 %sext_ln37_61, i52 %sext_ln36" [src/integrated-gcn/naive_spmm_stage.cpp:37]   --->   Operation 866 'mul' 'mul_ln37_61' <Predicate = true> <Delay = 3.14> <CoreInst = "Multiplier">   --->   Core 3 'Multiplier' <Latency = 0> <II = 1> <Delay = 3.14> <FuncUnit> <Opcode : 'mul'> <InPorts = 2> <OutPorts = 1>
ST_74 : Operation 867 [1/1] (0.00ns)   --->   "%shl_ln37_125 = bitconcatenate i52 @_ssdm_op_BitConcatenate.i52.i32.i20, i32 %conv_i_i13_6170_load_1, i20 0" [src/integrated-gcn/naive_spmm_stage.cpp:37]   --->   Operation 867 'bitconcatenate' 'shl_ln37_125' <Predicate = true> <Delay = 0.00>
ST_74 : Operation 868 [1/1] (1.10ns)   --->   "%add_ln37_61 = add i52 %shl_ln37_125, i52 %mul_ln37_61" [src/integrated-gcn/naive_spmm_stage.cpp:37]   --->   Operation 868 'add' 'add_ln37_61' <Predicate = true> <Delay = 1.10> <CoreInst = "Adder">   --->   Core 1 'Adder' <Latency = 0> <II = 1> <Delay = 1.10> <FuncUnit> <Opcode : 'add' 'sub'> <InPorts = 2> <OutPorts = 1>
ST_74 : Operation 869 [1/1] (0.00ns)   --->   "%trunc_ln37_60 = partselect i32 @_ssdm_op_PartSelect.i32.i52.i32.i32, i52 %add_ln37_61, i32 20, i32 51" [src/integrated-gcn/naive_spmm_stage.cpp:37]   --->   Operation 869 'partselect' 'trunc_ln37_60' <Predicate = true> <Delay = 0.00>
ST_74 : Operation 870 [1/1] ( I:7.30ns O:7.30ns )   --->   "%gmem3_addr_read_62 = read i16 @_ssdm_op_Read.m_axi.i16.p1i16, i16 %gmem3_addr" [src/integrated-gcn/naive_spmm_stage.cpp:37]   --->   Operation 870 'read' 'gmem3_addr_read_62' <Predicate = true> <Delay = 7.30> <CoreInst = "m_axi">   --->   Core 119 'm_axi' <Latency = 3> <II = 1> <Delay = 1.00> <Adapter> <Opcode : 'readrequnaligned' 'writerequnaligned' 'read' 'write' 'readreq' 'writereq' 'writeresp'>
ST_74 : Operation 871 [1/1] (0.42ns)   --->   "%store_ln37 = store i32 %trunc_ln37_60, i32 %conv_i_i13_6170" [src/integrated-gcn/naive_spmm_stage.cpp:37]   --->   Operation 871 'store' 'store_ln37' <Predicate = true> <Delay = 0.42>

State 75 <SV = 74> <Delay = 7.30>
ST_75 : Operation 872 [1/1] (0.00ns)   --->   "%conv_i_i13_6271_load_1 = load i32 %conv_i_i13_6271" [src/integrated-gcn/naive_spmm_stage.cpp:37]   --->   Operation 872 'load' 'conv_i_i13_6271_load_1' <Predicate = true> <Delay = 0.00>
ST_75 : Operation 873 [1/1] (0.00ns)   --->   "%shl_ln37_63 = bitconcatenate i26 @_ssdm_op_BitConcatenate.i26.i16.i10, i16 %gmem3_addr_read_62, i10 0" [src/integrated-gcn/naive_spmm_stage.cpp:37]   --->   Operation 873 'bitconcatenate' 'shl_ln37_63' <Predicate = true> <Delay = 0.00>
ST_75 : Operation 874 [1/1] (0.00ns)   --->   "%sext_ln37_62 = sext i26 %shl_ln37_63" [src/integrated-gcn/naive_spmm_stage.cpp:37]   --->   Operation 874 'sext' 'sext_ln37_62' <Predicate = true> <Delay = 0.00>
ST_75 : Operation 875 [1/1] (3.14ns)   --->   "%mul_ln37_62 = mul i52 %sext_ln37_62, i52 %sext_ln36" [src/integrated-gcn/naive_spmm_stage.cpp:37]   --->   Operation 875 'mul' 'mul_ln37_62' <Predicate = true> <Delay = 3.14> <CoreInst = "Multiplier">   --->   Core 3 'Multiplier' <Latency = 0> <II = 1> <Delay = 3.14> <FuncUnit> <Opcode : 'mul'> <InPorts = 2> <OutPorts = 1>
ST_75 : Operation 876 [1/1] (0.00ns)   --->   "%shl_ln37_126 = bitconcatenate i52 @_ssdm_op_BitConcatenate.i52.i32.i20, i32 %conv_i_i13_6271_load_1, i20 0" [src/integrated-gcn/naive_spmm_stage.cpp:37]   --->   Operation 876 'bitconcatenate' 'shl_ln37_126' <Predicate = true> <Delay = 0.00>
ST_75 : Operation 877 [1/1] (1.10ns)   --->   "%add_ln37_62 = add i52 %shl_ln37_126, i52 %mul_ln37_62" [src/integrated-gcn/naive_spmm_stage.cpp:37]   --->   Operation 877 'add' 'add_ln37_62' <Predicate = true> <Delay = 1.10> <CoreInst = "Adder">   --->   Core 1 'Adder' <Latency = 0> <II = 1> <Delay = 1.10> <FuncUnit> <Opcode : 'add' 'sub'> <InPorts = 2> <OutPorts = 1>
ST_75 : Operation 878 [1/1] (0.00ns)   --->   "%trunc_ln37_61 = partselect i32 @_ssdm_op_PartSelect.i32.i52.i32.i32, i52 %add_ln37_62, i32 20, i32 51" [src/integrated-gcn/naive_spmm_stage.cpp:37]   --->   Operation 878 'partselect' 'trunc_ln37_61' <Predicate = true> <Delay = 0.00>
ST_75 : Operation 879 [1/1] ( I:7.30ns O:7.30ns )   --->   "%gmem3_addr_read_63 = read i16 @_ssdm_op_Read.m_axi.i16.p1i16, i16 %gmem3_addr" [src/integrated-gcn/naive_spmm_stage.cpp:37]   --->   Operation 879 'read' 'gmem3_addr_read_63' <Predicate = true> <Delay = 7.30> <CoreInst = "m_axi">   --->   Core 119 'm_axi' <Latency = 3> <II = 1> <Delay = 1.00> <Adapter> <Opcode : 'readrequnaligned' 'writerequnaligned' 'read' 'write' 'readreq' 'writereq' 'writeresp'>
ST_75 : Operation 880 [1/1] (0.42ns)   --->   "%store_ln37 = store i32 %trunc_ln37_61, i32 %conv_i_i13_6271" [src/integrated-gcn/naive_spmm_stage.cpp:37]   --->   Operation 880 'store' 'store_ln37' <Predicate = true> <Delay = 0.42>

State 76 <SV = 75> <Delay = 4.67>
ST_76 : Operation 881 [1/1] (0.00ns)   --->   "%conv_i_i13_6372_load_1 = load i32 %conv_i_i13_6372" [src/integrated-gcn/naive_spmm_stage.cpp:37]   --->   Operation 881 'load' 'conv_i_i13_6372_load_1' <Predicate = true> <Delay = 0.00>
ST_76 : Operation 882 [1/1] (0.00ns)   --->   "%specpipeline_ln31 = specpipeline void @_ssdm_op_SpecPipeline, i32 4294967295, i32 0, i32 0, i32 0, i32 4294967295, void @empty_9" [src/integrated-gcn/naive_spmm_stage.cpp:31]   --->   Operation 882 'specpipeline' 'specpipeline_ln31' <Predicate = true> <Delay = 0.00>
ST_76 : Operation 883 [1/1] (0.00ns)   --->   "%speclooptripcount_ln32 = speclooptripcount void @_ssdm_op_SpecLoopTripCount, i64 1, i64 168, i64 4" [src/integrated-gcn/naive_spmm_stage.cpp:32]   --->   Operation 883 'speclooptripcount' 'speclooptripcount_ln32' <Predicate = true> <Delay = 0.00>
ST_76 : Operation 884 [1/1] (0.00ns)   --->   "%specloopname_ln31 = specloopname void @_ssdm_op_SpecLoopName, void @empty_15" [src/integrated-gcn/naive_spmm_stage.cpp:31]   --->   Operation 884 'specloopname' 'specloopname_ln31' <Predicate = true> <Delay = 0.00>
ST_76 : Operation 885 [1/1] (0.00ns)   --->   "%shl_ln37_64 = bitconcatenate i26 @_ssdm_op_BitConcatenate.i26.i16.i10, i16 %gmem3_addr_read_63, i10 0" [src/integrated-gcn/naive_spmm_stage.cpp:37]   --->   Operation 885 'bitconcatenate' 'shl_ln37_64' <Predicate = true> <Delay = 0.00>
ST_76 : Operation 886 [1/1] (0.00ns)   --->   "%sext_ln37_63 = sext i26 %shl_ln37_64" [src/integrated-gcn/naive_spmm_stage.cpp:37]   --->   Operation 886 'sext' 'sext_ln37_63' <Predicate = true> <Delay = 0.00>
ST_76 : Operation 887 [1/1] (3.14ns)   --->   "%mul_ln37_63 = mul i52 %sext_ln37_63, i52 %sext_ln36" [src/integrated-gcn/naive_spmm_stage.cpp:37]   --->   Operation 887 'mul' 'mul_ln37_63' <Predicate = true> <Delay = 3.14> <CoreInst = "Multiplier">   --->   Core 3 'Multiplier' <Latency = 0> <II = 1> <Delay = 3.14> <FuncUnit> <Opcode : 'mul'> <InPorts = 2> <OutPorts = 1>
ST_76 : Operation 888 [1/1] (0.00ns)   --->   "%shl_ln37_127 = bitconcatenate i52 @_ssdm_op_BitConcatenate.i52.i32.i20, i32 %conv_i_i13_6372_load_1, i20 0" [src/integrated-gcn/naive_spmm_stage.cpp:37]   --->   Operation 888 'bitconcatenate' 'shl_ln37_127' <Predicate = true> <Delay = 0.00>
ST_76 : Operation 889 [1/1] (1.10ns)   --->   "%add_ln37_63 = add i52 %shl_ln37_127, i52 %mul_ln37_63" [src/integrated-gcn/naive_spmm_stage.cpp:37]   --->   Operation 889 'add' 'add_ln37_63' <Predicate = true> <Delay = 1.10> <CoreInst = "Adder">   --->   Core 1 'Adder' <Latency = 0> <II = 1> <Delay = 1.10> <FuncUnit> <Opcode : 'add' 'sub'> <InPorts = 2> <OutPorts = 1>
ST_76 : Operation 890 [1/1] (0.00ns)   --->   "%trunc_ln37_62 = partselect i32 @_ssdm_op_PartSelect.i32.i52.i32.i32, i52 %add_ln37_63, i32 20, i32 51" [src/integrated-gcn/naive_spmm_stage.cpp:37]   --->   Operation 890 'partselect' 'trunc_ln37_62' <Predicate = true> <Delay = 0.00>
ST_76 : Operation 891 [1/1] (0.42ns)   --->   "%store_ln37 = store i32 %trunc_ln37_62, i32 %conv_i_i13_6372" [src/integrated-gcn/naive_spmm_stage.cpp:37]   --->   Operation 891 'store' 'store_ln37' <Predicate = true> <Delay = 0.42>
ST_76 : Operation 892 [1/1] (0.00ns)   --->   "%br_ln31 = br void %SPMM_FEAT" [src/integrated-gcn/naive_spmm_stage.cpp:31]   --->   Operation 892 'br' 'br_ln31' <Predicate = true> <Delay = 0.00>


============================================================
+ Verbose Summary: Timing violations
============================================================
Target clock period: 10.000ns, clock uncertainty: 2.700ns.

 <State 1>: 1.870ns
The critical path consists of the following:
	'store' operation ('store_ln31', src/integrated-gcn/naive_spmm_stage.cpp:31) of variable 'row_start_read' 32 bit on local variable 'jj', src/integrated-gcn/naive_spmm_stage.cpp:31 [340]  (0.427 ns)
	'load' operation 32 bit ('jj', src/integrated-gcn/naive_spmm_stage.cpp:31) on local variable 'jj', src/integrated-gcn/naive_spmm_stage.cpp:31 [343]  (0.000 ns)
	'add' operation 32 bit ('add_ln31', src/integrated-gcn/naive_spmm_stage.cpp:31) [879]  (1.016 ns)
	'store' operation ('store_ln31', src/integrated-gcn/naive_spmm_stage.cpp:31) of variable 'add_ln31', src/integrated-gcn/naive_spmm_stage.cpp:31 32 bit on local variable 'jj', src/integrated-gcn/naive_spmm_stage.cpp:31 [944]  (0.427 ns)

 <State 2>: 7.300ns
The critical path consists of the following:
	bus read operation ('col', src/integrated-gcn/naive_spmm_stage.cpp:33) on port 'gmem1' (src/integrated-gcn/naive_spmm_stage.cpp:33) [419]  (7.300 ns)

 <State 3>: 1.085ns
The critical path consists of the following:
	'add' operation 64 bit ('add_ln36', src/integrated-gcn/naive_spmm_stage.cpp:36) [426]  (1.085 ns)

 <State 4>: 0.000ns
The critical path consists of the following:

 <State 5>: 0.000ns
The critical path consists of the following:

 <State 6>: 0.000ns
The critical path consists of the following:

 <State 7>: 0.000ns
The critical path consists of the following:

 <State 8>: 0.000ns
The critical path consists of the following:

 <State 9>: 0.000ns
The critical path consists of the following:

 <State 10>: 0.000ns
The critical path consists of the following:

 <State 11>: 7.300ns
The critical path consists of the following:
	bus request operation ('empty', src/integrated-gcn/naive_spmm_stage.cpp:36) on port 'gmem3' (src/integrated-gcn/naive_spmm_stage.cpp:36) [430]  (7.300 ns)

 <State 12>: 7.300ns
The critical path consists of the following:
	bus read operation ('gmem3_addr_read', src/integrated-gcn/naive_spmm_stage.cpp:37) on port 'gmem3' (src/integrated-gcn/naive_spmm_stage.cpp:37) [431]  (7.300 ns)

 <State 13>: 7.300ns
The critical path consists of the following:
	bus read operation ('gmem3_addr_read_1', src/integrated-gcn/naive_spmm_stage.cpp:37) on port 'gmem3' (src/integrated-gcn/naive_spmm_stage.cpp:37) [438]  (7.300 ns)

 <State 14>: 7.300ns
The critical path consists of the following:
	bus read operation ('gmem3_addr_read_2', src/integrated-gcn/naive_spmm_stage.cpp:37) on port 'gmem3' (src/integrated-gcn/naive_spmm_stage.cpp:37) [445]  (7.300 ns)

 <State 15>: 7.300ns
The critical path consists of the following:
	bus read operation ('gmem3_addr_read_3', src/integrated-gcn/naive_spmm_stage.cpp:37) on port 'gmem3' (src/integrated-gcn/naive_spmm_stage.cpp:37) [452]  (7.300 ns)

 <State 16>: 7.300ns
The critical path consists of the following:
	bus read operation ('gmem3_addr_read_4', src/integrated-gcn/naive_spmm_stage.cpp:37) on port 'gmem3' (src/integrated-gcn/naive_spmm_stage.cpp:37) [459]  (7.300 ns)

 <State 17>: 7.300ns
The critical path consists of the following:
	bus read operation ('gmem3_addr_read_5', src/integrated-gcn/naive_spmm_stage.cpp:37) on port 'gmem3' (src/integrated-gcn/naive_spmm_stage.cpp:37) [466]  (7.300 ns)

 <State 18>: 7.300ns
The critical path consists of the following:
	bus read operation ('gmem3_addr_read_6', src/integrated-gcn/naive_spmm_stage.cpp:37) on port 'gmem3' (src/integrated-gcn/naive_spmm_stage.cpp:37) [473]  (7.300 ns)

 <State 19>: 7.300ns
The critical path consists of the following:
	bus read operation ('gmem3_addr_read_7', src/integrated-gcn/naive_spmm_stage.cpp:37) on port 'gmem3' (src/integrated-gcn/naive_spmm_stage.cpp:37) [480]  (7.300 ns)

 <State 20>: 7.300ns
The critical path consists of the following:
	bus read operation ('gmem3_addr_read_8', src/integrated-gcn/naive_spmm_stage.cpp:37) on port 'gmem3' (src/integrated-gcn/naive_spmm_stage.cpp:37) [487]  (7.300 ns)

 <State 21>: 7.300ns
The critical path consists of the following:
	bus read operation ('gmem3_addr_read_9', src/integrated-gcn/naive_spmm_stage.cpp:37) on port 'gmem3' (src/integrated-gcn/naive_spmm_stage.cpp:37) [494]  (7.300 ns)

 <State 22>: 7.300ns
The critical path consists of the following:
	bus read operation ('gmem3_addr_read_10', src/integrated-gcn/naive_spmm_stage.cpp:37) on port 'gmem3' (src/integrated-gcn/naive_spmm_stage.cpp:37) [501]  (7.300 ns)

 <State 23>: 7.300ns
The critical path consists of the following:
	bus read operation ('gmem3_addr_read_11', src/integrated-gcn/naive_spmm_stage.cpp:37) on port 'gmem3' (src/integrated-gcn/naive_spmm_stage.cpp:37) [508]  (7.300 ns)

 <State 24>: 7.300ns
The critical path consists of the following:
	bus read operation ('gmem3_addr_read_12', src/integrated-gcn/naive_spmm_stage.cpp:37) on port 'gmem3' (src/integrated-gcn/naive_spmm_stage.cpp:37) [515]  (7.300 ns)

 <State 25>: 7.300ns
The critical path consists of the following:
	bus read operation ('gmem3_addr_read_13', src/integrated-gcn/naive_spmm_stage.cpp:37) on port 'gmem3' (src/integrated-gcn/naive_spmm_stage.cpp:37) [522]  (7.300 ns)

 <State 26>: 7.300ns
The critical path consists of the following:
	bus read operation ('gmem3_addr_read_14', src/integrated-gcn/naive_spmm_stage.cpp:37) on port 'gmem3' (src/integrated-gcn/naive_spmm_stage.cpp:37) [529]  (7.300 ns)

 <State 27>: 7.300ns
The critical path consists of the following:
	bus read operation ('gmem3_addr_read_15', src/integrated-gcn/naive_spmm_stage.cpp:37) on port 'gmem3' (src/integrated-gcn/naive_spmm_stage.cpp:37) [536]  (7.300 ns)

 <State 28>: 7.300ns
The critical path consists of the following:
	bus read operation ('gmem3_addr_read_16', src/integrated-gcn/naive_spmm_stage.cpp:37) on port 'gmem3' (src/integrated-gcn/naive_spmm_stage.cpp:37) [543]  (7.300 ns)

 <State 29>: 7.300ns
The critical path consists of the following:
	bus read operation ('gmem3_addr_read_17', src/integrated-gcn/naive_spmm_stage.cpp:37) on port 'gmem3' (src/integrated-gcn/naive_spmm_stage.cpp:37) [550]  (7.300 ns)

 <State 30>: 7.300ns
The critical path consists of the following:
	bus read operation ('gmem3_addr_read_18', src/integrated-gcn/naive_spmm_stage.cpp:37) on port 'gmem3' (src/integrated-gcn/naive_spmm_stage.cpp:37) [557]  (7.300 ns)

 <State 31>: 7.300ns
The critical path consists of the following:
	bus read operation ('gmem3_addr_read_19', src/integrated-gcn/naive_spmm_stage.cpp:37) on port 'gmem3' (src/integrated-gcn/naive_spmm_stage.cpp:37) [564]  (7.300 ns)

 <State 32>: 7.300ns
The critical path consists of the following:
	bus read operation ('gmem3_addr_read_20', src/integrated-gcn/naive_spmm_stage.cpp:37) on port 'gmem3' (src/integrated-gcn/naive_spmm_stage.cpp:37) [571]  (7.300 ns)

 <State 33>: 7.300ns
The critical path consists of the following:
	bus read operation ('gmem3_addr_read_21', src/integrated-gcn/naive_spmm_stage.cpp:37) on port 'gmem3' (src/integrated-gcn/naive_spmm_stage.cpp:37) [578]  (7.300 ns)

 <State 34>: 7.300ns
The critical path consists of the following:
	bus read operation ('gmem3_addr_read_22', src/integrated-gcn/naive_spmm_stage.cpp:37) on port 'gmem3' (src/integrated-gcn/naive_spmm_stage.cpp:37) [585]  (7.300 ns)

 <State 35>: 7.300ns
The critical path consists of the following:
	bus read operation ('gmem3_addr_read_23', src/integrated-gcn/naive_spmm_stage.cpp:37) on port 'gmem3' (src/integrated-gcn/naive_spmm_stage.cpp:37) [592]  (7.300 ns)

 <State 36>: 7.300ns
The critical path consists of the following:
	bus read operation ('gmem3_addr_read_24', src/integrated-gcn/naive_spmm_stage.cpp:37) on port 'gmem3' (src/integrated-gcn/naive_spmm_stage.cpp:37) [599]  (7.300 ns)

 <State 37>: 7.300ns
The critical path consists of the following:
	bus read operation ('gmem3_addr_read_25', src/integrated-gcn/naive_spmm_stage.cpp:37) on port 'gmem3' (src/integrated-gcn/naive_spmm_stage.cpp:37) [606]  (7.300 ns)

 <State 38>: 7.300ns
The critical path consists of the following:
	bus read operation ('gmem3_addr_read_26', src/integrated-gcn/naive_spmm_stage.cpp:37) on port 'gmem3' (src/integrated-gcn/naive_spmm_stage.cpp:37) [613]  (7.300 ns)

 <State 39>: 7.300ns
The critical path consists of the following:
	bus read operation ('gmem3_addr_read_27', src/integrated-gcn/naive_spmm_stage.cpp:37) on port 'gmem3' (src/integrated-gcn/naive_spmm_stage.cpp:37) [620]  (7.300 ns)

 <State 40>: 7.300ns
The critical path consists of the following:
	bus read operation ('gmem3_addr_read_28', src/integrated-gcn/naive_spmm_stage.cpp:37) on port 'gmem3' (src/integrated-gcn/naive_spmm_stage.cpp:37) [627]  (7.300 ns)

 <State 41>: 7.300ns
The critical path consists of the following:
	bus read operation ('gmem3_addr_read_29', src/integrated-gcn/naive_spmm_stage.cpp:37) on port 'gmem3' (src/integrated-gcn/naive_spmm_stage.cpp:37) [634]  (7.300 ns)

 <State 42>: 7.300ns
The critical path consists of the following:
	bus read operation ('gmem3_addr_read_30', src/integrated-gcn/naive_spmm_stage.cpp:37) on port 'gmem3' (src/integrated-gcn/naive_spmm_stage.cpp:37) [641]  (7.300 ns)

 <State 43>: 7.300ns
The critical path consists of the following:
	bus read operation ('gmem3_addr_read_31', src/integrated-gcn/naive_spmm_stage.cpp:37) on port 'gmem3' (src/integrated-gcn/naive_spmm_stage.cpp:37) [648]  (7.300 ns)

 <State 44>: 7.300ns
The critical path consists of the following:
	bus read operation ('gmem3_addr_read_32', src/integrated-gcn/naive_spmm_stage.cpp:37) on port 'gmem3' (src/integrated-gcn/naive_spmm_stage.cpp:37) [655]  (7.300 ns)

 <State 45>: 7.300ns
The critical path consists of the following:
	bus read operation ('gmem3_addr_read_33', src/integrated-gcn/naive_spmm_stage.cpp:37) on port 'gmem3' (src/integrated-gcn/naive_spmm_stage.cpp:37) [662]  (7.300 ns)

 <State 46>: 7.300ns
The critical path consists of the following:
	bus read operation ('gmem3_addr_read_34', src/integrated-gcn/naive_spmm_stage.cpp:37) on port 'gmem3' (src/integrated-gcn/naive_spmm_stage.cpp:37) [669]  (7.300 ns)

 <State 47>: 7.300ns
The critical path consists of the following:
	bus read operation ('gmem3_addr_read_35', src/integrated-gcn/naive_spmm_stage.cpp:37) on port 'gmem3' (src/integrated-gcn/naive_spmm_stage.cpp:37) [676]  (7.300 ns)

 <State 48>: 7.300ns
The critical path consists of the following:
	bus read operation ('gmem3_addr_read_36', src/integrated-gcn/naive_spmm_stage.cpp:37) on port 'gmem3' (src/integrated-gcn/naive_spmm_stage.cpp:37) [683]  (7.300 ns)

 <State 49>: 7.300ns
The critical path consists of the following:
	bus read operation ('gmem3_addr_read_37', src/integrated-gcn/naive_spmm_stage.cpp:37) on port 'gmem3' (src/integrated-gcn/naive_spmm_stage.cpp:37) [690]  (7.300 ns)

 <State 50>: 7.300ns
The critical path consists of the following:
	bus read operation ('gmem3_addr_read_38', src/integrated-gcn/naive_spmm_stage.cpp:37) on port 'gmem3' (src/integrated-gcn/naive_spmm_stage.cpp:37) [697]  (7.300 ns)

 <State 51>: 7.300ns
The critical path consists of the following:
	bus read operation ('gmem3_addr_read_39', src/integrated-gcn/naive_spmm_stage.cpp:37) on port 'gmem3' (src/integrated-gcn/naive_spmm_stage.cpp:37) [704]  (7.300 ns)

 <State 52>: 7.300ns
The critical path consists of the following:
	bus read operation ('gmem3_addr_read_40', src/integrated-gcn/naive_spmm_stage.cpp:37) on port 'gmem3' (src/integrated-gcn/naive_spmm_stage.cpp:37) [711]  (7.300 ns)

 <State 53>: 7.300ns
The critical path consists of the following:
	bus read operation ('gmem3_addr_read_41', src/integrated-gcn/naive_spmm_stage.cpp:37) on port 'gmem3' (src/integrated-gcn/naive_spmm_stage.cpp:37) [718]  (7.300 ns)

 <State 54>: 7.300ns
The critical path consists of the following:
	bus read operation ('gmem3_addr_read_42', src/integrated-gcn/naive_spmm_stage.cpp:37) on port 'gmem3' (src/integrated-gcn/naive_spmm_stage.cpp:37) [725]  (7.300 ns)

 <State 55>: 7.300ns
The critical path consists of the following:
	bus read operation ('gmem3_addr_read_43', src/integrated-gcn/naive_spmm_stage.cpp:37) on port 'gmem3' (src/integrated-gcn/naive_spmm_stage.cpp:37) [732]  (7.300 ns)

 <State 56>: 7.300ns
The critical path consists of the following:
	bus read operation ('gmem3_addr_read_44', src/integrated-gcn/naive_spmm_stage.cpp:37) on port 'gmem3' (src/integrated-gcn/naive_spmm_stage.cpp:37) [739]  (7.300 ns)

 <State 57>: 7.300ns
The critical path consists of the following:
	bus read operation ('gmem3_addr_read_45', src/integrated-gcn/naive_spmm_stage.cpp:37) on port 'gmem3' (src/integrated-gcn/naive_spmm_stage.cpp:37) [746]  (7.300 ns)

 <State 58>: 7.300ns
The critical path consists of the following:
	bus read operation ('gmem3_addr_read_46', src/integrated-gcn/naive_spmm_stage.cpp:37) on port 'gmem3' (src/integrated-gcn/naive_spmm_stage.cpp:37) [753]  (7.300 ns)

 <State 59>: 7.300ns
The critical path consists of the following:
	bus read operation ('gmem3_addr_read_47', src/integrated-gcn/naive_spmm_stage.cpp:37) on port 'gmem3' (src/integrated-gcn/naive_spmm_stage.cpp:37) [760]  (7.300 ns)

 <State 60>: 7.300ns
The critical path consists of the following:
	bus read operation ('gmem3_addr_read_48', src/integrated-gcn/naive_spmm_stage.cpp:37) on port 'gmem3' (src/integrated-gcn/naive_spmm_stage.cpp:37) [767]  (7.300 ns)

 <State 61>: 7.300ns
The critical path consists of the following:
	bus read operation ('gmem3_addr_read_49', src/integrated-gcn/naive_spmm_stage.cpp:37) on port 'gmem3' (src/integrated-gcn/naive_spmm_stage.cpp:37) [774]  (7.300 ns)

 <State 62>: 7.300ns
The critical path consists of the following:
	bus read operation ('gmem3_addr_read_50', src/integrated-gcn/naive_spmm_stage.cpp:37) on port 'gmem3' (src/integrated-gcn/naive_spmm_stage.cpp:37) [781]  (7.300 ns)

 <State 63>: 7.300ns
The critical path consists of the following:
	bus read operation ('gmem3_addr_read_51', src/integrated-gcn/naive_spmm_stage.cpp:37) on port 'gmem3' (src/integrated-gcn/naive_spmm_stage.cpp:37) [788]  (7.300 ns)

 <State 64>: 7.300ns
The critical path consists of the following:
	bus read operation ('gmem3_addr_read_52', src/integrated-gcn/naive_spmm_stage.cpp:37) on port 'gmem3' (src/integrated-gcn/naive_spmm_stage.cpp:37) [795]  (7.300 ns)

 <State 65>: 7.300ns
The critical path consists of the following:
	bus read operation ('gmem3_addr_read_53', src/integrated-gcn/naive_spmm_stage.cpp:37) on port 'gmem3' (src/integrated-gcn/naive_spmm_stage.cpp:37) [802]  (7.300 ns)

 <State 66>: 7.300ns
The critical path consists of the following:
	bus read operation ('gmem3_addr_read_54', src/integrated-gcn/naive_spmm_stage.cpp:37) on port 'gmem3' (src/integrated-gcn/naive_spmm_stage.cpp:37) [809]  (7.300 ns)

 <State 67>: 7.300ns
The critical path consists of the following:
	bus read operation ('gmem3_addr_read_55', src/integrated-gcn/naive_spmm_stage.cpp:37) on port 'gmem3' (src/integrated-gcn/naive_spmm_stage.cpp:37) [816]  (7.300 ns)

 <State 68>: 7.300ns
The critical path consists of the following:
	bus read operation ('gmem3_addr_read_56', src/integrated-gcn/naive_spmm_stage.cpp:37) on port 'gmem3' (src/integrated-gcn/naive_spmm_stage.cpp:37) [823]  (7.300 ns)

 <State 69>: 7.300ns
The critical path consists of the following:
	bus read operation ('gmem3_addr_read_57', src/integrated-gcn/naive_spmm_stage.cpp:37) on port 'gmem3' (src/integrated-gcn/naive_spmm_stage.cpp:37) [830]  (7.300 ns)

 <State 70>: 7.300ns
The critical path consists of the following:
	bus read operation ('gmem3_addr_read_58', src/integrated-gcn/naive_spmm_stage.cpp:37) on port 'gmem3' (src/integrated-gcn/naive_spmm_stage.cpp:37) [837]  (7.300 ns)

 <State 71>: 7.300ns
The critical path consists of the following:
	bus read operation ('gmem3_addr_read_59', src/integrated-gcn/naive_spmm_stage.cpp:37) on port 'gmem3' (src/integrated-gcn/naive_spmm_stage.cpp:37) [844]  (7.300 ns)

 <State 72>: 7.300ns
The critical path consists of the following:
	bus read operation ('gmem3_addr_read_60', src/integrated-gcn/naive_spmm_stage.cpp:37) on port 'gmem3' (src/integrated-gcn/naive_spmm_stage.cpp:37) [851]  (7.300 ns)

 <State 73>: 7.300ns
The critical path consists of the following:
	bus read operation ('gmem3_addr_read_61', src/integrated-gcn/naive_spmm_stage.cpp:37) on port 'gmem3' (src/integrated-gcn/naive_spmm_stage.cpp:37) [858]  (7.300 ns)

 <State 74>: 7.300ns
The critical path consists of the following:
	bus read operation ('gmem3_addr_read_62', src/integrated-gcn/naive_spmm_stage.cpp:37) on port 'gmem3' (src/integrated-gcn/naive_spmm_stage.cpp:37) [865]  (7.300 ns)

 <State 75>: 7.300ns
The critical path consists of the following:
	bus read operation ('gmem3_addr_read_63', src/integrated-gcn/naive_spmm_stage.cpp:37) on port 'gmem3' (src/integrated-gcn/naive_spmm_stage.cpp:37) [872]  (7.300 ns)

 <State 76>: 4.674ns
The critical path consists of the following:
	'mul' operation 52 bit ('mul_ln37_63', src/integrated-gcn/naive_spmm_stage.cpp:37) [875]  (3.146 ns)
	'add' operation 52 bit ('add_ln37_63', src/integrated-gcn/naive_spmm_stage.cpp:37) [877]  (1.101 ns)
	'store' operation ('store_ln37', src/integrated-gcn/naive_spmm_stage.cpp:37) of variable 'trunc_ln37_62', src/integrated-gcn/naive_spmm_stage.cpp:37 32 bit on local variable 'conv_i_i13_6372' [880]  (0.427 ns)


============================================================
+ Verbose Summary: Binding
============================================================
N/A
* FSMD analyzer results:
  - Output states:
 - Input state : 
  - Chain level:
	State 1
	State 2
	State 3
	State 4
	State 5
	State 6
	State 7
	State 8
	State 9
	State 10
	State 11
	State 12
	State 13
	State 14
	State 15
	State 16
	State 17
	State 18
	State 19
	State 20
	State 21
	State 22
	State 23
	State 24
	State 25
	State 26
	State 27
	State 28
	State 29
	State 30
	State 31
	State 32
	State 33
	State 34
	State 35
	State 36
	State 37
	State 38
	State 39
	State 40
	State 41
	State 42
	State 43
	State 44
	State 45
	State 46
	State 47
	State 48
	State 49
	State 50
	State 51
	State 52
	State 53
	State 54
	State 55
	State 56
	State 57
	State 58
	State 59
	State 60
	State 61
	State 62
	State 63
	State 64
	State 65
	State 66
	State 67
	State 68
	State 69
	State 70
	State 71
	State 72
	State 73
	State 74
	State 75
	State 76


============================================================
+ Verbose Summary: Datapath Resource usage 
============================================================
N/A
