================================================================
== Vivado RTL Synthesis Results
================================================================
+ General Information:
    * Date:            Wed Apr 15 13:17:21 IST 2026
    * Version:         2025.2 (Build 6295257 on Nov 14 2025)
    * Project:         gemm_stage
    * Solution:        hls (Vivado IP Flow Target)
    * Product family:  zynquplus
    * Target device:   xck26-sfvc784-2LV-c


================================================================
== Run Constraints & Options
================================================================
+ Design Constraints & Options:
    * RTL Synthesis target clock:  10 ns
    * C-Synthesis target clock:    10 ns
    * C-Synthesis uncertainty:     27%

+ RTL Synthesis Options:
    * config_export -vivado_synth_strategy:     default
    * config_export -vivado_synth_design_args:  -directive sdx_optimization_effort_high

+ Reporting Options:
    * config_export -vivado_report_level:      2
    * config_export -vivado_max_timing_paths:  10


================================================================
== RTL Synthesis Resource Summary
================================================================
LUT:              33009
FF:               20720
DSP:              258
BRAM:             30
URAM:             0
SRL:              943


================================================================
== RTL Synthesis Timing Summary
================================================================
* Timing was met
+----------------+-------------+
| Timing         | Period (ns) |
+----------------+-------------+
| Target         | 10.000      |
| Post-Synthesis | 5.381       |
+----------------+-------------+


================================================================
== RTL Synthesis Resources
================================================================
+----------------------------------------------------------------------+-----+----+-----+------+------+-----+--------+------+---------+----------+--------+
| Name                                                                 | LUT | FF | DSP | BRAM | URAM | SRL | Pragma | Impl | Latency | Variable | Source |
+----------------------------------------------------------------------+-----+----+-----+------+------+-----+--------+------+---------+----------+--------+
| inst                                                                 |     |    |     |      |      | 943 |        |      |         |          |        |
|   H_temp_c_U                                                         |     |    |     |      |      | 58  |        |      |         |          |        |
|   W_stream_U                                                         |     |    |     |      |      |     |        |      |         |          |        |
|   XW_stream_U                                                        |     |    |     |      |      |     |        |      |         |          |        |
|   X_stream_U                                                         |     |    |     |      |      |     |        |      |         |          |        |
|   control_s_axi_U                                                    |     |    |     |      |      |     |        |      |         |          |        |
|   entry_proc_U0                                                      |     |    |     |      |      |     |        |      |         |          |        |
|   gemm_compute_U0                                                    |     |    |     |      |      |     |        |      |         |          |        |
|     (gemm_compute_U0)                                                |     |    |     |      |      |     |        |      |         |          |        |
|     XW_block_100_U                                                   |     |    |     |      |      |     |        |      |         |          |        |
|     XW_block_101_U                                                   |     |    |     |      |      |     |        |      |         |          |        |
|     XW_block_102_U                                                   |     |    |     |      |      |     |        |      |         |          |        |
|     XW_block_103_U                                                   |     |    |     |      |      |     |        |      |         |          |        |
|     XW_block_104_U                                                   |     |    |     |      |      |     |        |      |         |          |        |
|     XW_block_105_U                                                   |     |    |     |      |      |     |        |      |         |          |        |
|     XW_block_106_U                                                   |     |    |     |      |      |     |        |      |         |          |        |
|     XW_block_107_U                                                   |     |    |     |      |      |     |        |      |         |          |        |
|     XW_block_108_U                                                   |     |    |     |      |      |     |        |      |         |          |        |
|     XW_block_109_U                                                   |     |    |     |      |      |     |        |      |         |          |        |
|     XW_block_10_U                                                    |     |    |     |      |      |     |        |      |         |          |        |
|     XW_block_110_U                                                   |     |    |     |      |      |     |        |      |         |          |        |
|     XW_block_111_U                                                   |     |    |     |      |      |     |        |      |         |          |        |
|     XW_block_112_U                                                   |     |    |     |      |      |     |        |      |         |          |        |
|     XW_block_113_U                                                   |     |    |     |      |      |     |        |      |         |          |        |
|     XW_block_114_U                                                   |     |    |     |      |      |     |        |      |         |          |        |
|     XW_block_115_U                                                   |     |    |     |      |      |     |        |      |         |          |        |
|     XW_block_116_U                                                   |     |    |     |      |      |     |        |      |         |          |        |
|     XW_block_117_U                                                   |     |    |     |      |      |     |        |      |         |          |        |
|     XW_block_118_U                                                   |     |    |     |      |      |     |        |      |         |          |        |
|     XW_block_119_U                                                   |     |    |     |      |      |     |        |      |         |          |        |
|     XW_block_11_U                                                    |     |    |     |      |      |     |        |      |         |          |        |
|     XW_block_120_U                                                   |     |    |     |      |      |     |        |      |         |          |        |
|     XW_block_121_U                                                   |     |    |     |      |      |     |        |      |         |          |        |
|     XW_block_122_U                                                   |     |    |     |      |      |     |        |      |         |          |        |
|     XW_block_123_U                                                   |     |    |     |      |      |     |        |      |         |          |        |
|     XW_block_124_U                                                   |     |    |     |      |      |     |        |      |         |          |        |
|     XW_block_125_U                                                   |     |    |     |      |      |     |        |      |         |          |        |
|     XW_block_126_U                                                   |     |    |     |      |      |     |        |      |         |          |        |
|     XW_block_127_U                                                   |     |    |     |      |      |     |        |      |         |          |        |
|     XW_block_128_U                                                   |     |    |     |      |      |     |        |      |         |          |        |
|     XW_block_129_U                                                   |     |    |     |      |      |     |        |      |         |          |        |
|     XW_block_12_U                                                    |     |    |     |      |      |     |        |      |         |          |        |
|     XW_block_130_U                                                   |     |    |     |      |      |     |        |      |         |          |        |
|     XW_block_131_U                                                   |     |    |     |      |      |     |        |      |         |          |        |
|     XW_block_132_U                                                   |     |    |     |      |      |     |        |      |         |          |        |
|     XW_block_133_U                                                   |     |    |     |      |      |     |        |      |         |          |        |
|     XW_block_134_U                                                   |     |    |     |      |      |     |        |      |         |          |        |
|     XW_block_135_U                                                   |     |    |     |      |      |     |        |      |         |          |        |
|     XW_block_136_U                                                   |     |    |     |      |      |     |        |      |         |          |        |
|     XW_block_137_U                                                   |     |    |     |      |      |     |        |      |         |          |        |
|     XW_block_138_U                                                   |     |    |     |      |      |     |        |      |         |          |        |
|     XW_block_139_U                                                   |     |    |     |      |      |     |        |      |         |          |        |
|     XW_block_13_U                                                    |     |    |     |      |      |     |        |      |         |          |        |
|     XW_block_140_U                                                   |     |    |     |      |      |     |        |      |         |          |        |
|     XW_block_141_U                                                   |     |    |     |      |      |     |        |      |         |          |        |
|     XW_block_142_U                                                   |     |    |     |      |      |     |        |      |         |          |        |
|     XW_block_143_U                                                   |     |    |     |      |      |     |        |      |         |          |        |
|     XW_block_144_U                                                   |     |    |     |      |      |     |        |      |         |          |        |
|     XW_block_145_U                                                   |     |    |     |      |      |     |        |      |         |          |        |
|     XW_block_146_U                                                   |     |    |     |      |      |     |        |      |         |          |        |
|     XW_block_147_U                                                   |     |    |     |      |      |     |        |      |         |          |        |
|     XW_block_148_U                                                   |     |    |     |      |      |     |        |      |         |          |        |
|     XW_block_149_U                                                   |     |    |     |      |      |     |        |      |         |          |        |
|     XW_block_14_U                                                    |     |    |     |      |      |     |        |      |         |          |        |
|     XW_block_150_U                                                   |     |    |     |      |      |     |        |      |         |          |        |
|     XW_block_151_U                                                   |     |    |     |      |      |     |        |      |         |          |        |
|     XW_block_152_U                                                   |     |    |     |      |      |     |        |      |         |          |        |
|     XW_block_153_U                                                   |     |    |     |      |      |     |        |      |         |          |        |
|     XW_block_154_U                                                   |     |    |     |      |      |     |        |      |         |          |        |
|     XW_block_155_U                                                   |     |    |     |      |      |     |        |      |         |          |        |
|     XW_block_156_U                                                   |     |    |     |      |      |     |        |      |         |          |        |
|     XW_block_157_U                                                   |     |    |     |      |      |     |        |      |         |          |        |
|     XW_block_158_U                                                   |     |    |     |      |      |     |        |      |         |          |        |
|     XW_block_159_U                                                   |     |    |     |      |      |     |        |      |         |          |        |
|     XW_block_15_U                                                    |     |    |     |      |      |     |        |      |         |          |        |
|     XW_block_160_U                                                   |     |    |     |      |      |     |        |      |         |          |        |
|     XW_block_161_U                                                   |     |    |     |      |      |     |        |      |         |          |        |
|     XW_block_162_U                                                   |     |    |     |      |      |     |        |      |         |          |        |
|     XW_block_163_U                                                   |     |    |     |      |      |     |        |      |         |          |        |
|     XW_block_164_U                                                   |     |    |     |      |      |     |        |      |         |          |        |
|     XW_block_165_U                                                   |     |    |     |      |      |     |        |      |         |          |        |
|     XW_block_166_U                                                   |     |    |     |      |      |     |        |      |         |          |        |
|     XW_block_167_U                                                   |     |    |     |      |      |     |        |      |         |          |        |
|     XW_block_168_U                                                   |     |    |     |      |      |     |        |      |         |          |        |
|     XW_block_169_U                                                   |     |    |     |      |      |     |        |      |         |          |        |
|     XW_block_16_U                                                    |     |    |     |      |      |     |        |      |         |          |        |
|     XW_block_170_U                                                   |     |    |     |      |      |     |        |      |         |          |        |
|     XW_block_171_U                                                   |     |    |     |      |      |     |        |      |         |          |        |
|     XW_block_172_U                                                   |     |    |     |      |      |     |        |      |         |          |        |
|     XW_block_173_U                                                   |     |    |     |      |      |     |        |      |         |          |        |
|     XW_block_174_U                                                   |     |    |     |      |      |     |        |      |         |          |        |
|     XW_block_175_U                                                   |     |    |     |      |      |     |        |      |         |          |        |
|     XW_block_176_U                                                   |     |    |     |      |      |     |        |      |         |          |        |
|     XW_block_177_U                                                   |     |    |     |      |      |     |        |      |         |          |        |
|     XW_block_178_U                                                   |     |    |     |      |      |     |        |      |         |          |        |
|     XW_block_179_U                                                   |     |    |     |      |      |     |        |      |         |          |        |
|     XW_block_17_U                                                    |     |    |     |      |      |     |        |      |         |          |        |
|     XW_block_180_U                                                   |     |    |     |      |      |     |        |      |         |          |        |
|     XW_block_181_U                                                   |     |    |     |      |      |     |        |      |         |          |        |
|     XW_block_182_U                                                   |     |    |     |      |      |     |        |      |         |          |        |
|     XW_block_183_U                                                   |     |    |     |      |      |     |        |      |         |          |        |
|     XW_block_184_U                                                   |     |    |     |      |      |     |        |      |         |          |        |
|     XW_block_185_U                                                   |     |    |     |      |      |     |        |      |         |          |        |
|     XW_block_186_U                                                   |     |    |     |      |      |     |        |      |         |          |        |
|     XW_block_187_U                                                   |     |    |     |      |      |     |        |      |         |          |        |
|     XW_block_188_U                                                   |     |    |     |      |      |     |        |      |         |          |        |
|     XW_block_189_U                                                   |     |    |     |      |      |     |        |      |         |          |        |
|     XW_block_18_U                                                    |     |    |     |      |      |     |        |      |         |          |        |
|     XW_block_190_U                                                   |     |    |     |      |      |     |        |      |         |          |        |
|     XW_block_191_U                                                   |     |    |     |      |      |     |        |      |         |          |        |
|     XW_block_192_U                                                   |     |    |     |      |      |     |        |      |         |          |        |
|     XW_block_193_U                                                   |     |    |     |      |      |     |        |      |         |          |        |
|     XW_block_194_U                                                   |     |    |     |      |      |     |        |      |         |          |        |
|     XW_block_195_U                                                   |     |    |     |      |      |     |        |      |         |          |        |
|     XW_block_196_U                                                   |     |    |     |      |      |     |        |      |         |          |        |
|     XW_block_197_U                                                   |     |    |     |      |      |     |        |      |         |          |        |
|     XW_block_198_U                                                   |     |    |     |      |      |     |        |      |         |          |        |
|     XW_block_199_U                                                   |     |    |     |      |      |     |        |      |         |          |        |
|     XW_block_19_U                                                    |     |    |     |      |      |     |        |      |         |          |        |
|     XW_block_1_U                                                     |     |    |     |      |      |     |        |      |         |          |        |
|     XW_block_200_U                                                   |     |    |     |      |      |     |        |      |         |          |        |
|     XW_block_201_U                                                   |     |    |     |      |      |     |        |      |         |          |        |
|     XW_block_202_U                                                   |     |    |     |      |      |     |        |      |         |          |        |
|     XW_block_203_U                                                   |     |    |     |      |      |     |        |      |         |          |        |
|     XW_block_204_U                                                   |     |    |     |      |      |     |        |      |         |          |        |
|     XW_block_205_U                                                   |     |    |     |      |      |     |        |      |         |          |        |
|     XW_block_206_U                                                   |     |    |     |      |      |     |        |      |         |          |        |
|     XW_block_207_U                                                   |     |    |     |      |      |     |        |      |         |          |        |
|     XW_block_208_U                                                   |     |    |     |      |      |     |        |      |         |          |        |
|     XW_block_209_U                                                   |     |    |     |      |      |     |        |      |         |          |        |
|     XW_block_20_U                                                    |     |    |     |      |      |     |        |      |         |          |        |
|     XW_block_210_U                                                   |     |    |     |      |      |     |        |      |         |          |        |
|     XW_block_211_U                                                   |     |    |     |      |      |     |        |      |         |          |        |
|     XW_block_212_U                                                   |     |    |     |      |      |     |        |      |         |          |        |
|     XW_block_213_U                                                   |     |    |     |      |      |     |        |      |         |          |        |
|     XW_block_214_U                                                   |     |    |     |      |      |     |        |      |         |          |        |
|     XW_block_215_U                                                   |     |    |     |      |      |     |        |      |         |          |        |
|     XW_block_216_U                                                   |     |    |     |      |      |     |        |      |         |          |        |
|     XW_block_217_U                                                   |     |    |     |      |      |     |        |      |         |          |        |
|     XW_block_218_U                                                   |     |    |     |      |      |     |        |      |         |          |        |
|     XW_block_219_U                                                   |     |    |     |      |      |     |        |      |         |          |        |
|     XW_block_21_U                                                    |     |    |     |      |      |     |        |      |         |          |        |
|     XW_block_220_U                                                   |     |    |     |      |      |     |        |      |         |          |        |
|     XW_block_221_U                                                   |     |    |     |      |      |     |        |      |         |          |        |
|     XW_block_222_U                                                   |     |    |     |      |      |     |        |      |         |          |        |
|     XW_block_223_U                                                   |     |    |     |      |      |     |        |      |         |          |        |
|     XW_block_224_U                                                   |     |    |     |      |      |     |        |      |         |          |        |
|     XW_block_225_U                                                   |     |    |     |      |      |     |        |      |         |          |        |
|     XW_block_226_U                                                   |     |    |     |      |      |     |        |      |         |          |        |
|     XW_block_227_U                                                   |     |    |     |      |      |     |        |      |         |          |        |
|     XW_block_228_U                                                   |     |    |     |      |      |     |        |      |         |          |        |
|     XW_block_229_U                                                   |     |    |     |      |      |     |        |      |         |          |        |
|     XW_block_22_U                                                    |     |    |     |      |      |     |        |      |         |          |        |
|     XW_block_230_U                                                   |     |    |     |      |      |     |        |      |         |          |        |
|     XW_block_231_U                                                   |     |    |     |      |      |     |        |      |         |          |        |
|     XW_block_232_U                                                   |     |    |     |      |      |     |        |      |         |          |        |
|     XW_block_233_U                                                   |     |    |     |      |      |     |        |      |         |          |        |
|     XW_block_234_U                                                   |     |    |     |      |      |     |        |      |         |          |        |
|     XW_block_235_U                                                   |     |    |     |      |      |     |        |      |         |          |        |
|     XW_block_236_U                                                   |     |    |     |      |      |     |        |      |         |          |        |
|     XW_block_237_U                                                   |     |    |     |      |      |     |        |      |         |          |        |
|     XW_block_238_U                                                   |     |    |     |      |      |     |        |      |         |          |        |
|     XW_block_239_U                                                   |     |    |     |      |      |     |        |      |         |          |        |
|     XW_block_23_U                                                    |     |    |     |      |      |     |        |      |         |          |        |
|     XW_block_240_U                                                   |     |    |     |      |      |     |        |      |         |          |        |
|     XW_block_241_U                                                   |     |    |     |      |      |     |        |      |         |          |        |
|     XW_block_242_U                                                   |     |    |     |      |      |     |        |      |         |          |        |
|     XW_block_243_U                                                   |     |    |     |      |      |     |        |      |         |          |        |
|     XW_block_244_U                                                   |     |    |     |      |      |     |        |      |         |          |        |
|     XW_block_245_U                                                   |     |    |     |      |      |     |        |      |         |          |        |
|     XW_block_246_U                                                   |     |    |     |      |      |     |        |      |         |          |        |
|     XW_block_247_U                                                   |     |    |     |      |      |     |        |      |         |          |        |
|     XW_block_248_U                                                   |     |    |     |      |      |     |        |      |         |          |        |
|     XW_block_249_U                                                   |     |    |     |      |      |     |        |      |         |          |        |
|     XW_block_24_U                                                    |     |    |     |      |      |     |        |      |         |          |        |
|     XW_block_250_U                                                   |     |    |     |      |      |     |        |      |         |          |        |
|     XW_block_251_U                                                   |     |    |     |      |      |     |        |      |         |          |        |
|     XW_block_252_U                                                   |     |    |     |      |      |     |        |      |         |          |        |
|     XW_block_253_U                                                   |     |    |     |      |      |     |        |      |         |          |        |
|     XW_block_254_U                                                   |     |    |     |      |      |     |        |      |         |          |        |
|     XW_block_255_U                                                   |     |    |     |      |      |     |        |      |         |          |        |
|     XW_block_25_U                                                    |     |    |     |      |      |     |        |      |         |          |        |
|     XW_block_26_U                                                    |     |    |     |      |      |     |        |      |         |          |        |
|     XW_block_27_U                                                    |     |    |     |      |      |     |        |      |         |          |        |
|     XW_block_28_U                                                    |     |    |     |      |      |     |        |      |         |          |        |
|     XW_block_29_U                                                    |     |    |     |      |      |     |        |      |         |          |        |
|     XW_block_2_U                                                     |     |    |     |      |      |     |        |      |         |          |        |
|     XW_block_30_U                                                    |     |    |     |      |      |     |        |      |         |          |        |
|     XW_block_31_U                                                    |     |    |     |      |      |     |        |      |         |          |        |
|     XW_block_32_U                                                    |     |    |     |      |      |     |        |      |         |          |        |
|     XW_block_33_U                                                    |     |    |     |      |      |     |        |      |         |          |        |
|     XW_block_34_U                                                    |     |    |     |      |      |     |        |      |         |          |        |
|     XW_block_35_U                                                    |     |    |     |      |      |     |        |      |         |          |        |
|     XW_block_36_U                                                    |     |    |     |      |      |     |        |      |         |          |        |
|     XW_block_37_U                                                    |     |    |     |      |      |     |        |      |         |          |        |
|     XW_block_38_U                                                    |     |    |     |      |      |     |        |      |         |          |        |
|     XW_block_39_U                                                    |     |    |     |      |      |     |        |      |         |          |        |
|     XW_block_3_U                                                     |     |    |     |      |      |     |        |      |         |          |        |
|     XW_block_40_U                                                    |     |    |     |      |      |     |        |      |         |          |        |
|     XW_block_41_U                                                    |     |    |     |      |      |     |        |      |         |          |        |
|     XW_block_42_U                                                    |     |    |     |      |      |     |        |      |         |          |        |
|     XW_block_43_U                                                    |     |    |     |      |      |     |        |      |         |          |        |
|     XW_block_44_U                                                    |     |    |     |      |      |     |        |      |         |          |        |
|     XW_block_45_U                                                    |     |    |     |      |      |     |        |      |         |          |        |
|     XW_block_46_U                                                    |     |    |     |      |      |     |        |      |         |          |        |
|     XW_block_47_U                                                    |     |    |     |      |      |     |        |      |         |          |        |
|     XW_block_48_U                                                    |     |    |     |      |      |     |        |      |         |          |        |
|     XW_block_49_U                                                    |     |    |     |      |      |     |        |      |         |          |        |
|     XW_block_4_U                                                     |     |    |     |      |      |     |        |      |         |          |        |
|     XW_block_50_U                                                    |     |    |     |      |      |     |        |      |         |          |        |
|     XW_block_51_U                                                    |     |    |     |      |      |     |        |      |         |          |        |
|     XW_block_52_U                                                    |     |    |     |      |      |     |        |      |         |          |        |
|     XW_block_53_U                                                    |     |    |     |      |      |     |        |      |         |          |        |
|     XW_block_54_U                                                    |     |    |     |      |      |     |        |      |         |          |        |
|     XW_block_55_U                                                    |     |    |     |      |      |     |        |      |         |          |        |
|     XW_block_56_U                                                    |     |    |     |      |      |     |        |      |         |          |        |
|     XW_block_57_U                                                    |     |    |     |      |      |     |        |      |         |          |        |
|     XW_block_58_U                                                    |     |    |     |      |      |     |        |      |         |          |        |
|     XW_block_59_U                                                    |     |    |     |      |      |     |        |      |         |          |        |
|     XW_block_5_U                                                     |     |    |     |      |      |     |        |      |         |          |        |
|     XW_block_60_U                                                    |     |    |     |      |      |     |        |      |         |          |        |
|     XW_block_61_U                                                    |     |    |     |      |      |     |        |      |         |          |        |
|     XW_block_62_U                                                    |     |    |     |      |      |     |        |      |         |          |        |
|     XW_block_63_U                                                    |     |    |     |      |      |     |        |      |         |          |        |
|     XW_block_64_U                                                    |     |    |     |      |      |     |        |      |         |          |        |
|     XW_block_65_U                                                    |     |    |     |      |      |     |        |      |         |          |        |
|     XW_block_66_U                                                    |     |    |     |      |      |     |        |      |         |          |        |
|     XW_block_67_U                                                    |     |    |     |      |      |     |        |      |         |          |        |
|     XW_block_68_U                                                    |     |    |     |      |      |     |        |      |         |          |        |
|     XW_block_69_U                                                    |     |    |     |      |      |     |        |      |         |          |        |
|     XW_block_6_U                                                     |     |    |     |      |      |     |        |      |         |          |        |
|     XW_block_70_U                                                    |     |    |     |      |      |     |        |      |         |          |        |
|     XW_block_71_U                                                    |     |    |     |      |      |     |        |      |         |          |        |
|     XW_block_72_U                                                    |     |    |     |      |      |     |        |      |         |          |        |
|     XW_block_73_U                                                    |     |    |     |      |      |     |        |      |         |          |        |
|     XW_block_74_U                                                    |     |    |     |      |      |     |        |      |         |          |        |
|     XW_block_75_U                                                    |     |    |     |      |      |     |        |      |         |          |        |
|     XW_block_76_U                                                    |     |    |     |      |      |     |        |      |         |          |        |
|     XW_block_77_U                                                    |     |    |     |      |      |     |        |      |         |          |        |
|     XW_block_78_U                                                    |     |    |     |      |      |     |        |      |         |          |        |
|     XW_block_79_U                                                    |     |    |     |      |      |     |        |      |         |          |        |
|     XW_block_7_U                                                     |     |    |     |      |      |     |        |      |         |          |        |
|     XW_block_80_U                                                    |     |    |     |      |      |     |        |      |         |          |        |
|     XW_block_81_U                                                    |     |    |     |      |      |     |        |      |         |          |        |
|     XW_block_82_U                                                    |     |    |     |      |      |     |        |      |         |          |        |
|     XW_block_83_U                                                    |     |    |     |      |      |     |        |      |         |          |        |
|     XW_block_84_U                                                    |     |    |     |      |      |     |        |      |         |          |        |
|     XW_block_85_U                                                    |     |    |     |      |      |     |        |      |         |          |        |
|     XW_block_86_U                                                    |     |    |     |      |      |     |        |      |         |          |        |
|     XW_block_87_U                                                    |     |    |     |      |      |     |        |      |         |          |        |
|     XW_block_88_U                                                    |     |    |     |      |      |     |        |      |         |          |        |
|     XW_block_89_U                                                    |     |    |     |      |      |     |        |      |         |          |        |
|     XW_block_8_U                                                     |     |    |     |      |      |     |        |      |         |          |        |
|     XW_block_90_U                                                    |     |    |     |      |      |     |        |      |         |          |        |
|     XW_block_91_U                                                    |     |    |     |      |      |     |        |      |         |          |        |
|     XW_block_92_U                                                    |     |    |     |      |      |     |        |      |         |          |        |
|     XW_block_93_U                                                    |     |    |     |      |      |     |        |      |         |          |        |
|     XW_block_94_U                                                    |     |    |     |      |      |     |        |      |         |          |        |
|     XW_block_95_U                                                    |     |    |     |      |      |     |        |      |         |          |        |
|     XW_block_96_U                                                    |     |    |     |      |      |     |        |      |         |          |        |
|     XW_block_97_U                                                    |     |    |     |      |      |     |        |      |         |          |        |
|     XW_block_98_U                                                    |     |    |     |      |      |     |        |      |         |          |        |
|     XW_block_99_U                                                    |     |    |     |      |      |     |        |      |         |          |        |
|     XW_block_9_U                                                     |     |    |     |      |      |     |        |      |         |          |        |
|     XW_block_U                                                       |     |    |     |      |      |     |        |      |         |          |        |
|     grp_gemm_compute_Pipeline_COMP_EMIT_VITIS_LOOP_119_4_fu_2398     |     |    |     |      |      |     |        |      |         |          |        |
|       (grp_gemm_compute_Pipeline_COMP_EMIT_VITIS_LOOP_119_4_fu_2398) |     |    |     |      |      |     |        |      |         |          |        |
|       flow_control_loop_pipe_sequential_init_U                       |     |    |     |      |      |     |        |      |         |          |        |
|     grp_gemm_compute_Pipeline_COMP_INIT_fu_2138                      |     |    |     |      |      |     |        |      |         |          |        |
|       flow_control_loop_pipe_sequential_init_U                       |     |    |     |      |      |     |        |      |         |          |        |
|     grp_gemm_compute_Pipeline_COMP_I_fu_2924                         |     |    |     |      |      |     |        |      |         |          |        |
|       flow_control_loop_pipe_sequential_init_U                       |     |    |     |      |      |     |        |      |         |          |        |
|       mac_muladd_16s_16s_32s_32_4_1_U531                             |     |    |     |      |      |     |        |      |         |          |        |
|       mac_muladd_16s_16s_32s_32_4_1_U532                             |     |    |     |      |      |     |        |      |         |          |        |
|       mac_muladd_16s_16s_32s_32_4_1_U533                             |     |    |     |      |      |     |        |      |         |          |        |
|       mac_muladd_16s_16s_32s_32_4_1_U534                             |     |    |     |      |      |     |        |      |         |          |        |
|       mac_muladd_16s_16s_32s_32_4_1_U535                             |     |    |     |      |      |     |        |      |         |          |        |
|       mac_muladd_16s_16s_32s_32_4_1_U536                             |     |    |     |      |      |     |        |      |         |          |        |
|       mac_muladd_16s_16s_32s_32_4_1_U537                             |     |    |     |      |      |     |        |      |         |          |        |
|       mac_muladd_16s_16s_32s_32_4_1_U538                             |     |    |     |      |      |     |        |      |         |          |        |
|       mac_muladd_16s_16s_32s_32_4_1_U539                             |     |    |     |      |      |     |        |      |         |          |        |
|       mac_muladd_16s_16s_32s_32_4_1_U540                             |     |    |     |      |      |     |        |      |         |          |        |
|       mac_muladd_16s_16s_32s_32_4_1_U541                             |     |    |     |      |      |     |        |      |         |          |        |
|       mac_muladd_16s_16s_32s_32_4_1_U542                             |     |    |     |      |      |     |        |      |         |          |        |
|       mac_muladd_16s_16s_32s_32_4_1_U543                             |     |    |     |      |      |     |        |      |         |          |        |
|       mac_muladd_16s_16s_32s_32_4_1_U544                             |     |    |     |      |      |     |        |      |         |          |        |
|       mac_muladd_16s_16s_32s_32_4_1_U545                             |     |    |     |      |      |     |        |      |         |          |        |
|       mac_muladd_16s_16s_32s_32_4_1_U546                             |     |    |     |      |      |     |        |      |         |          |        |
|       mac_muladd_16s_16s_32s_32_4_1_U547                             |     |    |     |      |      |     |        |      |         |          |        |
|       mac_muladd_16s_16s_32s_32_4_1_U548                             |     |    |     |      |      |     |        |      |         |          |        |
|       mac_muladd_16s_16s_32s_32_4_1_U549                             |     |    |     |      |      |     |        |      |         |          |        |
|       mac_muladd_16s_16s_32s_32_4_1_U550                             |     |    |     |      |      |     |        |      |         |          |        |
|       mac_muladd_16s_16s_32s_32_4_1_U551                             |     |    |     |      |      |     |        |      |         |          |        |
|       mac_muladd_16s_16s_32s_32_4_1_U552                             |     |    |     |      |      |     |        |      |         |          |        |
|       mac_muladd_16s_16s_32s_32_4_1_U553                             |     |    |     |      |      |     |        |      |         |          |        |
|       mac_muladd_16s_16s_32s_32_4_1_U554                             |     |    |     |      |      |     |        |      |         |          |        |
|       mac_muladd_16s_16s_32s_32_4_1_U555                             |     |    |     |      |      |     |        |      |         |          |        |
|       mac_muladd_16s_16s_32s_32_4_1_U556                             |     |    |     |      |      |     |        |      |         |          |        |
|       mac_muladd_16s_16s_32s_32_4_1_U557                             |     |    |     |      |      |     |        |      |         |          |        |
|       mac_muladd_16s_16s_32s_32_4_1_U558                             |     |    |     |      |      |     |        |      |         |          |        |
|       mac_muladd_16s_16s_32s_32_4_1_U559                             |     |    |     |      |      |     |        |      |         |          |        |
|       mac_muladd_16s_16s_32s_32_4_1_U560                             |     |    |     |      |      |     |        |      |         |          |        |
|       mac_muladd_16s_16s_32s_32_4_1_U561                             |     |    |     |      |      |     |        |      |         |          |        |
|       mac_muladd_16s_16s_32s_32_4_1_U562                             |     |    |     |      |      |     |        |      |         |          |        |
|       mac_muladd_16s_16s_32s_32_4_1_U563                             |     |    |     |      |      |     |        |      |         |          |        |
|       mac_muladd_16s_16s_32s_32_4_1_U564                             |     |    |     |      |      |     |        |      |         |          |        |
|       mac_muladd_16s_16s_32s_32_4_1_U565                             |     |    |     |      |      |     |        |      |         |          |        |
|       mac_muladd_16s_16s_32s_32_4_1_U566                             |     |    |     |      |      |     |        |      |         |          |        |
|       mac_muladd_16s_16s_32s_32_4_1_U567                             |     |    |     |      |      |     |        |      |         |          |        |
|       mac_muladd_16s_16s_32s_32_4_1_U568                             |     |    |     |      |      |     |        |      |         |          |        |
|       mac_muladd_16s_16s_32s_32_4_1_U569                             |     |    |     |      |      |     |        |      |         |          |        |
|       mac_muladd_16s_16s_32s_32_4_1_U570                             |     |    |     |      |      |     |        |      |         |          |        |
|       mac_muladd_16s_16s_32s_32_4_1_U571                             |     |    |     |      |      |     |        |      |         |          |        |
|       mac_muladd_16s_16s_32s_32_4_1_U572                             |     |    |     |      |      |     |        |      |         |          |        |
|       mac_muladd_16s_16s_32s_32_4_1_U573                             |     |    |     |      |      |     |        |      |         |          |        |
|       mac_muladd_16s_16s_32s_32_4_1_U574                             |     |    |     |      |      |     |        |      |         |          |        |
|       mac_muladd_16s_16s_32s_32_4_1_U575                             |     |    |     |      |      |     |        |      |         |          |        |
|       mac_muladd_16s_16s_32s_32_4_1_U576                             |     |    |     |      |      |     |        |      |         |          |        |
|       mac_muladd_16s_16s_32s_32_4_1_U577                             |     |    |     |      |      |     |        |      |         |          |        |
|       mac_muladd_16s_16s_32s_32_4_1_U578                             |     |    |     |      |      |     |        |      |         |          |        |
|       mac_muladd_16s_16s_32s_32_4_1_U579                             |     |    |     |      |      |     |        |      |         |          |        |
|       mac_muladd_16s_16s_32s_32_4_1_U580                             |     |    |     |      |      |     |        |      |         |          |        |
|       mac_muladd_16s_16s_32s_32_4_1_U581                             |     |    |     |      |      |     |        |      |         |          |        |
|       mac_muladd_16s_16s_32s_32_4_1_U582                             |     |    |     |      |      |     |        |      |         |          |        |
|       mac_muladd_16s_16s_32s_32_4_1_U583                             |     |    |     |      |      |     |        |      |         |          |        |
|       mac_muladd_16s_16s_32s_32_4_1_U584                             |     |    |     |      |      |     |        |      |         |          |        |
|       mac_muladd_16s_16s_32s_32_4_1_U585                             |     |    |     |      |      |     |        |      |         |          |        |
|       mac_muladd_16s_16s_32s_32_4_1_U586                             |     |    |     |      |      |     |        |      |         |          |        |
|       mac_muladd_16s_16s_32s_32_4_1_U587                             |     |    |     |      |      |     |        |      |         |          |        |
|       mac_muladd_16s_16s_32s_32_4_1_U588                             |     |    |     |      |      |     |        |      |         |          |        |
|       mac_muladd_16s_16s_32s_32_4_1_U589                             |     |    |     |      |      |     |        |      |         |          |        |
|       mac_muladd_16s_16s_32s_32_4_1_U590                             |     |    |     |      |      |     |        |      |         |          |        |
|       mac_muladd_16s_16s_32s_32_4_1_U591                             |     |    |     |      |      |     |        |      |         |          |        |
|       mac_muladd_16s_16s_32s_32_4_1_U592                             |     |    |     |      |      |     |        |      |         |          |        |
|       mac_muladd_16s_16s_32s_32_4_1_U593                             |     |    |     |      |      |     |        |      |         |          |        |
|       mac_muladd_16s_16s_32s_32_4_1_U594                             |     |    |     |      |      |     |        |      |         |          |        |
|       mac_muladd_16s_16s_32s_32_4_1_U595                             |     |    |     |      |      |     |        |      |         |          |        |
|       mac_muladd_16s_16s_32s_32_4_1_U596                             |     |    |     |      |      |     |        |      |         |          |        |
|       mac_muladd_16s_16s_32s_32_4_1_U597                             |     |    |     |      |      |     |        |      |         |          |        |
|       mac_muladd_16s_16s_32s_32_4_1_U598                             |     |    |     |      |      |     |        |      |         |          |        |
|       mac_muladd_16s_16s_32s_32_4_1_U599                             |     |    |     |      |      |     |        |      |         |          |        |
|       mac_muladd_16s_16s_32s_32_4_1_U600                             |     |    |     |      |      |     |        |      |         |          |        |
|       mac_muladd_16s_16s_32s_32_4_1_U601                             |     |    |     |      |      |     |        |      |         |          |        |
|       mac_muladd_16s_16s_32s_32_4_1_U602                             |     |    |     |      |      |     |        |      |         |          |        |
|       mac_muladd_16s_16s_32s_32_4_1_U603                             |     |    |     |      |      |     |        |      |         |          |        |
|       mac_muladd_16s_16s_32s_32_4_1_U604                             |     |    |     |      |      |     |        |      |         |          |        |
|       mac_muladd_16s_16s_32s_32_4_1_U605                             |     |    |     |      |      |     |        |      |         |          |        |
|       mac_muladd_16s_16s_32s_32_4_1_U606                             |     |    |     |      |      |     |        |      |         |          |        |
|       mac_muladd_16s_16s_32s_32_4_1_U607                             |     |    |     |      |      |     |        |      |         |          |        |
|       mac_muladd_16s_16s_32s_32_4_1_U608                             |     |    |     |      |      |     |        |      |         |          |        |
|       mac_muladd_16s_16s_32s_32_4_1_U609                             |     |    |     |      |      |     |        |      |         |          |        |
|       mac_muladd_16s_16s_32s_32_4_1_U610                             |     |    |     |      |      |     |        |      |         |          |        |
|       mac_muladd_16s_16s_32s_32_4_1_U611                             |     |    |     |      |      |     |        |      |         |          |        |
|       mac_muladd_16s_16s_32s_32_4_1_U612                             |     |    |     |      |      |     |        |      |         |          |        |
|       mac_muladd_16s_16s_32s_32_4_1_U613                             |     |    |     |      |      |     |        |      |         |          |        |
|       mac_muladd_16s_16s_32s_32_4_1_U614                             |     |    |     |      |      |     |        |      |         |          |        |
|       mac_muladd_16s_16s_32s_32_4_1_U615                             |     |    |     |      |      |     |        |      |         |          |        |
|       mac_muladd_16s_16s_32s_32_4_1_U616                             |     |    |     |      |      |     |        |      |         |          |        |
|       mac_muladd_16s_16s_32s_32_4_1_U617                             |     |    |     |      |      |     |        |      |         |          |        |
|       mac_muladd_16s_16s_32s_32_4_1_U618                             |     |    |     |      |      |     |        |      |         |          |        |
|       mac_muladd_16s_16s_32s_32_4_1_U619                             |     |    |     |      |      |     |        |      |         |          |        |
|       mac_muladd_16s_16s_32s_32_4_1_U620                             |     |    |     |      |      |     |        |      |         |          |        |
|       mac_muladd_16s_16s_32s_32_4_1_U621                             |     |    |     |      |      |     |        |      |         |          |        |
|       mac_muladd_16s_16s_32s_32_4_1_U622                             |     |    |     |      |      |     |        |      |         |          |        |
|       mac_muladd_16s_16s_32s_32_4_1_U623                             |     |    |     |      |      |     |        |      |         |          |        |
|       mac_muladd_16s_16s_32s_32_4_1_U624                             |     |    |     |      |      |     |        |      |         |          |        |
|       mac_muladd_16s_16s_32s_32_4_1_U625                             |     |    |     |      |      |     |        |      |         |          |        |
|       mac_muladd_16s_16s_32s_32_4_1_U626                             |     |    |     |      |      |     |        |      |         |          |        |
|       mac_muladd_16s_16s_32s_32_4_1_U627                             |     |    |     |      |      |     |        |      |         |          |        |
|       mac_muladd_16s_16s_32s_32_4_1_U628                             |     |    |     |      |      |     |        |      |         |          |        |
|       mac_muladd_16s_16s_32s_32_4_1_U629                             |     |    |     |      |      |     |        |      |         |          |        |
|       mac_muladd_16s_16s_32s_32_4_1_U630                             |     |    |     |      |      |     |        |      |         |          |        |
|       mac_muladd_16s_16s_32s_32_4_1_U631                             |     |    |     |      |      |     |        |      |         |          |        |
|       mac_muladd_16s_16s_32s_32_4_1_U632                             |     |    |     |      |      |     |        |      |         |          |        |
|       mac_muladd_16s_16s_32s_32_4_1_U633                             |     |    |     |      |      |     |        |      |         |          |        |
|       mac_muladd_16s_16s_32s_32_4_1_U634                             |     |    |     |      |      |     |        |      |         |          |        |
|       mac_muladd_16s_16s_32s_32_4_1_U635                             |     |    |     |      |      |     |        |      |         |          |        |
|       mac_muladd_16s_16s_32s_32_4_1_U636                             |     |    |     |      |      |     |        |      |         |          |        |
|       mac_muladd_16s_16s_32s_32_4_1_U637                             |     |    |     |      |      |     |        |      |         |          |        |
|       mac_muladd_16s_16s_32s_32_4_1_U638                             |     |    |     |      |      |     |        |      |         |          |        |
|       mac_muladd_16s_16s_32s_32_4_1_U639                             |     |    |     |      |      |     |        |      |         |          |        |
|       mac_muladd_16s_16s_32s_32_4_1_U640                             |     |    |     |      |      |     |        |      |         |          |        |
|       mac_muladd_16s_16s_32s_32_4_1_U641                             |     |    |     |      |      |     |        |      |         |          |        |
|       mac_muladd_16s_16s_32s_32_4_1_U642                             |     |    |     |      |      |     |        |      |         |          |        |
|       mac_muladd_16s_16s_32s_32_4_1_U643                             |     |    |     |      |      |     |        |      |         |          |        |
|       mac_muladd_16s_16s_32s_32_4_1_U644                             |     |    |     |      |      |     |        |      |         |          |        |
|       mac_muladd_16s_16s_32s_32_4_1_U645                             |     |    |     |      |      |     |        |      |         |          |        |
|       mac_muladd_16s_16s_32s_32_4_1_U646                             |     |    |     |      |      |     |        |      |         |          |        |
|       mac_muladd_16s_16s_32s_32_4_1_U647                             |     |    |     |      |      |     |        |      |         |          |        |
|       mac_muladd_16s_16s_32s_32_4_1_U648                             |     |    |     |      |      |     |        |      |         |          |        |
|       mac_muladd_16s_16s_32s_32_4_1_U649                             |     |    |     |      |      |     |        |      |         |          |        |
|       mac_muladd_16s_16s_32s_32_4_1_U650                             |     |    |     |      |      |     |        |      |         |          |        |
|       mac_muladd_16s_16s_32s_32_4_1_U651                             |     |    |     |      |      |     |        |      |         |          |        |
|       mac_muladd_16s_16s_32s_32_4_1_U652                             |     |    |     |      |      |     |        |      |         |          |        |
|       mac_muladd_16s_16s_32s_32_4_1_U653                             |     |    |     |      |      |     |        |      |         |          |        |
|       mac_muladd_16s_16s_32s_32_4_1_U654                             |     |    |     |      |      |     |        |      |         |          |        |
|       mac_muladd_16s_16s_32s_32_4_1_U655                             |     |    |     |      |      |     |        |      |         |          |        |
|       mac_muladd_16s_16s_32s_32_4_1_U656                             |     |    |     |      |      |     |        |      |         |          |        |
|       mac_muladd_16s_16s_32s_32_4_1_U657                             |     |    |     |      |      |     |        |      |         |          |        |
|       mac_muladd_16s_16s_32s_32_4_1_U658                             |     |    |     |      |      |     |        |      |         |          |        |
|       mac_muladd_16s_16s_32s_32_4_1_U659                             |     |    |     |      |      |     |        |      |         |          |        |
|       mac_muladd_16s_16s_32s_32_4_1_U660                             |     |    |     |      |      |     |        |      |         |          |        |
|       mac_muladd_16s_16s_32s_32_4_1_U661                             |     |    |     |      |      |     |        |      |         |          |        |
|       mac_muladd_16s_16s_32s_32_4_1_U662                             |     |    |     |      |      |     |        |      |         |          |        |
|       mac_muladd_16s_16s_32s_32_4_1_U663                             |     |    |     |      |      |     |        |      |         |          |        |
|       mac_muladd_16s_16s_32s_32_4_1_U664                             |     |    |     |      |      |     |        |      |         |          |        |
|       mac_muladd_16s_16s_32s_32_4_1_U665                             |     |    |     |      |      |     |        |      |         |          |        |
|       mac_muladd_16s_16s_32s_32_4_1_U666                             |     |    |     |      |      |     |        |      |         |          |        |
|       mac_muladd_16s_16s_32s_32_4_1_U667                             |     |    |     |      |      |     |        |      |         |          |        |
|       mac_muladd_16s_16s_32s_32_4_1_U668                             |     |    |     |      |      |     |        |      |         |          |        |
|       mac_muladd_16s_16s_32s_32_4_1_U669                             |     |    |     |      |      |     |        |      |         |          |        |
|       mac_muladd_16s_16s_32s_32_4_1_U670                             |     |    |     |      |      |     |        |      |         |          |        |
|       mac_muladd_16s_16s_32s_32_4_1_U671                             |     |    |     |      |      |     |        |      |         |          |        |
|       mac_muladd_16s_16s_32s_32_4_1_U672                             |     |    |     |      |      |     |        |      |         |          |        |
|       mac_muladd_16s_16s_32s_32_4_1_U673                             |     |    |     |      |      |     |        |      |         |          |        |
|       mac_muladd_16s_16s_32s_32_4_1_U674                             |     |    |     |      |      |     |        |      |         |          |        |
|       mac_muladd_16s_16s_32s_32_4_1_U675                             |     |    |     |      |      |     |        |      |         |          |        |
|       mac_muladd_16s_16s_32s_32_4_1_U676                             |     |    |     |      |      |     |        |      |         |          |        |
|       mac_muladd_16s_16s_32s_32_4_1_U677                             |     |    |     |      |      |     |        |      |         |          |        |
|       mac_muladd_16s_16s_32s_32_4_1_U678                             |     |    |     |      |      |     |        |      |         |          |        |
|       mac_muladd_16s_16s_32s_32_4_1_U679                             |     |    |     |      |      |     |        |      |         |          |        |
|       mac_muladd_16s_16s_32s_32_4_1_U680                             |     |    |     |      |      |     |        |      |         |          |        |
|       mac_muladd_16s_16s_32s_32_4_1_U681                             |     |    |     |      |      |     |        |      |         |          |        |
|       mac_muladd_16s_16s_32s_32_4_1_U682                             |     |    |     |      |      |     |        |      |         |          |        |
|       mac_muladd_16s_16s_32s_32_4_1_U683                             |     |    |     |      |      |     |        |      |         |          |        |
|       mac_muladd_16s_16s_32s_32_4_1_U684                             |     |    |     |      |      |     |        |      |         |          |        |
|       mac_muladd_16s_16s_32s_32_4_1_U685                             |     |    |     |      |      |     |        |      |         |          |        |
|       mac_muladd_16s_16s_32s_32_4_1_U686                             |     |    |     |      |      |     |        |      |         |          |        |
|       mac_muladd_16s_16s_32s_32_4_1_U687                             |     |    |     |      |      |     |        |      |         |          |        |
|       mac_muladd_16s_16s_32s_32_4_1_U688                             |     |    |     |      |      |     |        |      |         |          |        |
|       mac_muladd_16s_16s_32s_32_4_1_U689                             |     |    |     |      |      |     |        |      |         |          |        |
|       mac_muladd_16s_16s_32s_32_4_1_U690                             |     |    |     |      |      |     |        |      |         |          |        |
|       mac_muladd_16s_16s_32s_32_4_1_U691                             |     |    |     |      |      |     |        |      |         |          |        |
|       mac_muladd_16s_16s_32s_32_4_1_U692                             |     |    |     |      |      |     |        |      |         |          |        |
|       mac_muladd_16s_16s_32s_32_4_1_U693                             |     |    |     |      |      |     |        |      |         |          |        |
|       mac_muladd_16s_16s_32s_32_4_1_U694                             |     |    |     |      |      |     |        |      |         |          |        |
|       mac_muladd_16s_16s_32s_32_4_1_U695                             |     |    |     |      |      |     |        |      |         |          |        |
|       mac_muladd_16s_16s_32s_32_4_1_U696                             |     |    |     |      |      |     |        |      |         |          |        |
|       mac_muladd_16s_16s_32s_32_4_1_U697                             |     |    |     |      |      |     |        |      |         |          |        |
|       mac_muladd_16s_16s_32s_32_4_1_U698                             |     |    |     |      |      |     |        |      |         |          |        |
|       mac_muladd_16s_16s_32s_32_4_1_U699                             |     |    |     |      |      |     |        |      |         |          |        |
|       mac_muladd_16s_16s_32s_32_4_1_U700                             |     |    |     |      |      |     |        |      |         |          |        |
|       mac_muladd_16s_16s_32s_32_4_1_U701                             |     |    |     |      |      |     |        |      |         |          |        |
|       mac_muladd_16s_16s_32s_32_4_1_U702                             |     |    |     |      |      |     |        |      |         |          |        |
|       mac_muladd_16s_16s_32s_32_4_1_U703                             |     |    |     |      |      |     |        |      |         |          |        |
|       mac_muladd_16s_16s_32s_32_4_1_U704                             |     |    |     |      |      |     |        |      |         |          |        |
|       mac_muladd_16s_16s_32s_32_4_1_U705                             |     |    |     |      |      |     |        |      |         |          |        |
|       mac_muladd_16s_16s_32s_32_4_1_U706                             |     |    |     |      |      |     |        |      |         |          |        |
|       mac_muladd_16s_16s_32s_32_4_1_U707                             |     |    |     |      |      |     |        |      |         |          |        |
|       mac_muladd_16s_16s_32s_32_4_1_U708                             |     |    |     |      |      |     |        |      |         |          |        |
|       mac_muladd_16s_16s_32s_32_4_1_U709                             |     |    |     |      |      |     |        |      |         |          |        |
|       mac_muladd_16s_16s_32s_32_4_1_U710                             |     |    |     |      |      |     |        |      |         |          |        |
|       mac_muladd_16s_16s_32s_32_4_1_U711                             |     |    |     |      |      |     |        |      |         |          |        |
|       mac_muladd_16s_16s_32s_32_4_1_U712                             |     |    |     |      |      |     |        |      |         |          |        |
|       mac_muladd_16s_16s_32s_32_4_1_U713                             |     |    |     |      |      |     |        |      |         |          |        |
|       mac_muladd_16s_16s_32s_32_4_1_U714                             |     |    |     |      |      |     |        |      |         |          |        |
|       mac_muladd_16s_16s_32s_32_4_1_U715                             |     |    |     |      |      |     |        |      |         |          |        |
|       mac_muladd_16s_16s_32s_32_4_1_U716                             |     |    |     |      |      |     |        |      |         |          |        |
|       mac_muladd_16s_16s_32s_32_4_1_U717                             |     |    |     |      |      |     |        |      |         |          |        |
|       mac_muladd_16s_16s_32s_32_4_1_U718                             |     |    |     |      |      |     |        |      |         |          |        |
|       mac_muladd_16s_16s_32s_32_4_1_U719                             |     |    |     |      |      |     |        |      |         |          |        |
|       mac_muladd_16s_16s_32s_32_4_1_U720                             |     |    |     |      |      |     |        |      |         |          |        |
|       mac_muladd_16s_16s_32s_32_4_1_U721                             |     |    |     |      |      |     |        |      |         |          |        |
|       mac_muladd_16s_16s_32s_32_4_1_U722                             |     |    |     |      |      |     |        |      |         |          |        |
|       mac_muladd_16s_16s_32s_32_4_1_U723                             |     |    |     |      |      |     |        |      |         |          |        |
|       mac_muladd_16s_16s_32s_32_4_1_U724                             |     |    |     |      |      |     |        |      |         |          |        |
|       mac_muladd_16s_16s_32s_32_4_1_U725                             |     |    |     |      |      |     |        |      |         |          |        |
|       mac_muladd_16s_16s_32s_32_4_1_U726                             |     |    |     |      |      |     |        |      |         |          |        |
|       mac_muladd_16s_16s_32s_32_4_1_U727                             |     |    |     |      |      |     |        |      |         |          |        |
|       mac_muladd_16s_16s_32s_32_4_1_U728                             |     |    |     |      |      |     |        |      |         |          |        |
|       mac_muladd_16s_16s_32s_32_4_1_U729                             |     |    |     |      |      |     |        |      |         |          |        |
|       mac_muladd_16s_16s_32s_32_4_1_U730                             |     |    |     |      |      |     |        |      |         |          |        |
|       mac_muladd_16s_16s_32s_32_4_1_U731                             |     |    |     |      |      |     |        |      |         |          |        |
|       mac_muladd_16s_16s_32s_32_4_1_U732                             |     |    |     |      |      |     |        |      |         |          |        |
|       mac_muladd_16s_16s_32s_32_4_1_U733                             |     |    |     |      |      |     |        |      |         |          |        |
|       mac_muladd_16s_16s_32s_32_4_1_U734                             |     |    |     |      |      |     |        |      |         |          |        |
|       mac_muladd_16s_16s_32s_32_4_1_U735                             |     |    |     |      |      |     |        |      |         |          |        |
|       mac_muladd_16s_16s_32s_32_4_1_U736                             |     |    |     |      |      |     |        |      |         |          |        |
|       mac_muladd_16s_16s_32s_32_4_1_U737                             |     |    |     |      |      |     |        |      |         |          |        |
|       mac_muladd_16s_16s_32s_32_4_1_U738                             |     |    |     |      |      |     |        |      |         |          |        |
|       mac_muladd_16s_16s_32s_32_4_1_U739                             |     |    |     |      |      |     |        |      |         |          |        |
|       mac_muladd_16s_16s_32s_32_4_1_U740                             |     |    |     |      |      |     |        |      |         |          |        |
|       mac_muladd_16s_16s_32s_32_4_1_U741                             |     |    |     |      |      |     |        |      |         |          |        |
|       mac_muladd_16s_16s_32s_32_4_1_U742                             |     |    |     |      |      |     |        |      |         |          |        |
|       mac_muladd_16s_16s_32s_32_4_1_U743                             |     |    |     |      |      |     |        |      |         |          |        |
|       mac_muladd_16s_16s_32s_32_4_1_U744                             |     |    |     |      |      |     |        |      |         |          |        |
|       mac_muladd_16s_16s_32s_32_4_1_U745                             |     |    |     |      |      |     |        |      |         |          |        |
|       mac_muladd_16s_16s_32s_32_4_1_U746                             |     |    |     |      |      |     |        |      |         |          |        |
|       mac_muladd_16s_16s_32s_32_4_1_U747                             |     |    |     |      |      |     |        |      |         |          |        |
|       mac_muladd_16s_16s_32s_32_4_1_U748                             |     |    |     |      |      |     |        |      |         |          |        |
|       mac_muladd_16s_16s_32s_32_4_1_U749                             |     |    |     |      |      |     |        |      |         |          |        |
|       mac_muladd_16s_16s_32s_32_4_1_U750                             |     |    |     |      |      |     |        |      |         |          |        |
|       mac_muladd_16s_16s_32s_32_4_1_U751                             |     |    |     |      |      |     |        |      |         |          |        |
|       mac_muladd_16s_16s_32s_32_4_1_U752                             |     |    |     |      |      |     |        |      |         |          |        |
|       mac_muladd_16s_16s_32s_32_4_1_U753                             |     |    |     |      |      |     |        |      |         |          |        |
|       mac_muladd_16s_16s_32s_32_4_1_U754                             |     |    |     |      |      |     |        |      |         |          |        |
|       mac_muladd_16s_16s_32s_32_4_1_U755                             |     |    |     |      |      |     |        |      |         |          |        |
|       mac_muladd_16s_16s_32s_32_4_1_U756                             |     |    |     |      |      |     |        |      |         |          |        |
|       mac_muladd_16s_16s_32s_32_4_1_U757                             |     |    |     |      |      |     |        |      |         |          |        |
|       mac_muladd_16s_16s_32s_32_4_1_U758                             |     |    |     |      |      |     |        |      |         |          |        |
|       mac_muladd_16s_16s_32s_32_4_1_U759                             |     |    |     |      |      |     |        |      |         |          |        |
|       mac_muladd_16s_16s_32s_32_4_1_U760                             |     |    |     |      |      |     |        |      |         |          |        |
|       mac_muladd_16s_16s_32s_32_4_1_U761                             |     |    |     |      |      |     |        |      |         |          |        |
|       mac_muladd_16s_16s_32s_32_4_1_U762                             |     |    |     |      |      |     |        |      |         |          |        |
|       mac_muladd_16s_16s_32s_32_4_1_U763                             |     |    |     |      |      |     |        |      |         |          |        |
|       mac_muladd_16s_16s_32s_32_4_1_U764                             |     |    |     |      |      |     |        |      |         |          |        |
|       mac_muladd_16s_16s_32s_32_4_1_U765                             |     |    |     |      |      |     |        |      |         |          |        |
|       mac_muladd_16s_16s_32s_32_4_1_U766                             |     |    |     |      |      |     |        |      |         |          |        |
|       mac_muladd_16s_16s_32s_32_4_1_U767                             |     |    |     |      |      |     |        |      |         |          |        |
|       mac_muladd_16s_16s_32s_32_4_1_U768                             |     |    |     |      |      |     |        |      |         |          |        |
|       mac_muladd_16s_16s_32s_32_4_1_U769                             |     |    |     |      |      |     |        |      |         |          |        |
|       mac_muladd_16s_16s_32s_32_4_1_U770                             |     |    |     |      |      |     |        |      |         |          |        |
|       mac_muladd_16s_16s_32s_32_4_1_U771                             |     |    |     |      |      |     |        |      |         |          |        |
|       mac_muladd_16s_16s_32s_32_4_1_U772                             |     |    |     |      |      |     |        |      |         |          |        |
|       mac_muladd_16s_16s_32s_32_4_1_U773                             |     |    |     |      |      |     |        |      |         |          |        |
|       mac_muladd_16s_16s_32s_32_4_1_U774                             |     |    |     |      |      |     |        |      |         |          |        |
|       mac_muladd_16s_16s_32s_32_4_1_U775                             |     |    |     |      |      |     |        |      |         |          |        |
|       mac_muladd_16s_16s_32s_32_4_1_U776                             |     |    |     |      |      |     |        |      |         |          |        |
|       mac_muladd_16s_16s_32s_32_4_1_U777                             |     |    |     |      |      |     |        |      |         |          |        |
|       mac_muladd_16s_16s_32s_32_4_1_U778                             |     |    |     |      |      |     |        |      |         |          |        |
|       mac_muladd_16s_16s_32s_32_4_1_U779                             |     |    |     |      |      |     |        |      |         |          |        |
|       mac_muladd_16s_16s_32s_32_4_1_U780                             |     |    |     |      |      |     |        |      |         |          |        |
|       mac_muladd_16s_16s_32s_32_4_1_U781                             |     |    |     |      |      |     |        |      |         |          |        |
|       mac_muladd_16s_16s_32s_32_4_1_U782                             |     |    |     |      |      |     |        |      |         |          |        |
|       mac_muladd_16s_16s_32s_32_4_1_U783                             |     |    |     |      |      |     |        |      |         |          |        |
|       mac_muladd_16s_16s_32s_32_4_1_U784                             |     |    |     |      |      |     |        |      |         |          |        |
|       mac_muladd_16s_16s_32s_32_4_1_U785                             |     |    |     |      |      |     |        |      |         |          |        |
|       mac_muladd_16s_16s_32s_32_4_1_U786                             |     |    |     |      |      |     |        |      |         |          |        |
|     grp_gemm_compute_Pipeline_COMP_LOAD_XW_fu_2660                   |     |    |     |      |      |     |        |      |         |          |        |
|       (grp_gemm_compute_Pipeline_COMP_LOAD_XW_fu_2660)               |     |    |     |      |      |     |        |      |         |          |        |
|       flow_control_loop_pipe_sequential_init_U                       |     |    |     |      |      |     |        |      |         |          |        |
|   gemm_read_W_U0                                                     |     |    |     |      |      |     |        |      |         |          |        |
|     (gemm_read_W_U0)                                                 |     |    |     |      |      |     |        |      |         |          |        |
|     flow_control_loop_pipe_U                                         |     |    |     |      |      |     |        |      |         |          |        |
|   gemm_read_X_U0                                                     |     |    |     |      |      | 61  |        |      |         |          |        |
|     (gemm_read_X_U0)                                                 |     |    |     |      |      | 61  |        |      |         |          |        |
|     flow_control_loop_delay_pipe_U                                   |     |    |     |      |      |     |        |      |         |          |        |
|     mac_muladd_7ns_7ns_17s_17_1_1_U4                                 |     |    |     |      |      |     |        |      |         |          |        |
|     mul_5ns_14ns_17_1_1_U3                                           |     |    |     |      |      |     |        |      |         |          |        |
|   gemm_write_U0                                                      |     |    |     |      |      | 2   |        |      |         |          |        |
|     (gemm_write_U0)                                                  |     |    |     |      |      | 2   |        |      |         |          |        |
|     flow_control_loop_delay_pipe_U                                   |     |    |     |      |      |     |        |      |         |          |        |
|   gmem0_m_axi_U                                                      |     |    |     |      |      | 59  |        |      |         |          |        |
|   gmem1_m_axi_U                                                      |     |    |     |      |      | 62  |        |      |         |          |        |
|   gmem2_m_axi_U                                                      |     |    |     |      |      | 699 |        |      |         |          |        |
|   start_for_gemm_compute_U0_U                                        |     |    |     |      |      |     |        |      |         |          |        |
|   start_for_gemm_write_U0_U                                          |     |    |     |      |      |     |        |      |         |          |        |
+----------------------------------------------------------------------+-----+----+-----+------+------+-----+--------+------+---------+----------+--------+


================================================================
== RTL Synthesis Fail Fast
================================================================
+-----------------------------------------------------------+-----------+--------+--------+
| Criteria                                                  | Guideline | Actual | Status |
+-----------------------------------------------------------+-----------+--------+--------+
| LUT                                                       | 70%       | 28.18% | OK     |
| FD                                                        | 50%       | 8.85%  | OK     |
| LUTRAM+SRL                                                | 25%       | 31.62% | REVIEW |
| CARRY8                                                    | 25%       | 0.48%  | OK     |
| MUXF7                                                     | 15%       | 0.22%  | OK     |
| DSP                                                       | 80%       | 20.67% | OK     |
| RAMB/FIFO                                                 | 80%       | 10.42% | OK     |
| URAM                                                      | 80%       | 0.00%  | OK     |
| DSP+RAMB+URAM (Avg)                                       | 70%       | 15.55% | OK     |
| BUFGCE* + BUFGCTRL                                        | 24        | 0      | OK     |
| DONT_TOUCH (cells/nets)                                   | 0         | 6      | REVIEW |
| MARK_DEBUG (nets)                                         | 0         | 0      | OK     |
| Control Sets                                              | 2196      | 277    | OK     |
| Average Fanout for modules > 100k cells                   | 4         | 1.52   | OK     |
| Max Average Fanout for modules > 100k cells               | 4         | 0      | OK     |
| Non-FD high fanout nets > 10k loads                       | 0         | 0      | OK     |
+-----------------------------------------------------------+-----------+--------+--------+
| TIMING-6 (No common primary clock between related clocks) | 0         | 0      | OK     |
| TIMING-7 (No common node between related clocks)          | 0         | 0      | OK     |
| TIMING-8 (No common period between related clocks)        | 0         | 0      | OK     |
| TIMING-14 (LUT on the clock tree)                         | 0         | 0      | OK     |
| TIMING-35 (No common node in paths with the same clock)   | 0         | 0      | OK     |
+-----------------------------------------------------------+-----------+--------+--------+
| Number of paths above max LUT budgeting (0.391ns)         | 0         | 0      | OK     |
| Number of paths above max Net budgeting (0.263ns)         | 0         | 0      | OK     |
+-----------------------------------------------------------+-----------+--------+--------+


================================================================
== RTL Synthesis Timing Paths
================================================================
* Timing was met
+-------+-------+----------------------------------------------+-------------------------------------------+--------------+------------+----------------+----------------+--------------+
| Path  | SLACK | STARTPOINT PIN                               | ENDPOINT PIN                              | LOGIC LEVELS | MAX FANOUT | DATAPATH DELAY | DATAPATH LOGIC | DATAPATH NET |
|       |       |                                              |                                           |              |            |                |          DELAY |        DELAY |
+-------+-------+----------------------------------------------+-------------------------------------------+--------------+------------+----------------+----------------+--------------+
| Path1 | 4.619 | gemm_read_X_U0/ap_enable_reg_pp0_iter4_reg/C | gemm_read_X_U0/trunc_ln_reg_663_reg[56]/D |           19 |         28 |          5.378 |          4.288 |        1.090 |
| Path2 | 4.631 | gemm_read_X_U0/ap_enable_reg_pp0_iter4_reg/C | gemm_read_X_U0/trunc_ln_reg_663_reg[57]/D |           19 |         28 |          5.366 |          4.275 |        1.091 |
| Path3 | 4.633 | gemm_read_X_U0/ap_enable_reg_pp0_iter4_reg/C | gemm_read_X_U0/trunc_ln_reg_663_reg[54]/D |           18 |         28 |          5.365 |          4.280 |        1.085 |
| Path4 | 4.643 | gemm_read_X_U0/ap_enable_reg_pp0_iter4_reg/C | gemm_read_X_U0/trunc_ln_reg_663_reg[52]/D |           18 |         28 |          5.354 |          4.270 |        1.084 |
| Path5 | 4.646 | gemm_read_X_U0/ap_enable_reg_pp0_iter4_reg/C | gemm_read_X_U0/trunc_ln_reg_663_reg[53]/D |           18 |         28 |          5.351 |          4.266 |        1.085 |
+-------+-------+----------------------------------------------+-------------------------------------------+--------------+------------+----------------+----------------+--------------+

    +----------------------------------------------------------------------------------------------------------------------+------------------------+
    | Path1 Cells                                                                                                          | Primitive Type         |
    +----------------------------------------------------------------------------------------------------------------------+------------------------+
    | gemm_read_X_U0/ap_enable_reg_pp0_iter4_reg                                                                           | REGISTER.SDR.FDRE      |
    | gemm_read_X_U0/mul_5ns_14ns_17_1_1_U3/tmp_product_i_8                                                                | CLB.LUT.LUT4           |
    | gemm_read_X_U0/mul_5ns_14ns_17_1_1_U3/tmp_product_i_2                                                                | CLB.LUT.LUT5           |
    | gemm_read_X_U0/mul_5ns_14ns_17_1_1_U3/tmp_product/DSP_A_B_DATA_INST                                                  | ARITHMETIC.DSP.DSP48E2 |
    | gemm_read_X_U0/mul_5ns_14ns_17_1_1_U3/tmp_product/DSP_PREADD_DATA_INST                                               | ARITHMETIC.DSP.DSP48E2 |
    | gemm_read_X_U0/mul_5ns_14ns_17_1_1_U3/tmp_product/DSP_MULTIPLIER_INST                                                | ARITHMETIC.DSP.DSP48E2 |
    | gemm_read_X_U0/mul_5ns_14ns_17_1_1_U3/tmp_product/DSP_M_DATA_INST                                                    | ARITHMETIC.DSP.DSP48E2 |
    | gemm_read_X_U0/mul_5ns_14ns_17_1_1_U3/tmp_product/DSP_ALU_INST                                                       | ARITHMETIC.DSP.DSP48E2 |
    | gemm_read_X_U0/mul_5ns_14ns_17_1_1_U3/tmp_product/DSP_OUTPUT_INST                                                    | ARITHMETIC.DSP.DSP48E2 |
    | gemm_read_X_U0/mac_muladd_7ns_7ns_17s_17_1_1_U4/gemm_stage_mac_muladd_7ns_7ns_17s_17_1_1_DSP48_0_U/p/DSP_C_DATA_INST | ARITHMETIC.DSP.DSP48E2 |
    | gemm_read_X_U0/mac_muladd_7ns_7ns_17s_17_1_1_U4/gemm_stage_mac_muladd_7ns_7ns_17s_17_1_1_DSP48_0_U/p/DSP_ALU_INST    | ARITHMETIC.DSP.DSP48E2 |
    | gemm_read_X_U0/mac_muladd_7ns_7ns_17s_17_1_1_U4/gemm_stage_mac_muladd_7ns_7ns_17s_17_1_1_DSP48_0_U/p/DSP_OUTPUT_INST | ARITHMETIC.DSP.DSP48E2 |
    | gemm_read_X_U0/trunc_ln_reg_663[14]_i_9                                                                              | CLB.LUT.LUT2           |
    | gemm_read_X_U0/trunc_ln_reg_663_reg[14]_i_1                                                                          | CLB.CARRY.CARRY8       |
    | gemm_read_X_U0/trunc_ln_reg_663_reg[22]_i_1                                                                          | CLB.CARRY.CARRY8       |
    | gemm_read_X_U0/trunc_ln_reg_663_reg[30]_i_1                                                                          | CLB.CARRY.CARRY8       |
    | gemm_read_X_U0/trunc_ln_reg_663_reg[38]_i_1                                                                          | CLB.CARRY.CARRY8       |
    | gemm_read_X_U0/trunc_ln_reg_663_reg[46]_i_1                                                                          | CLB.CARRY.CARRY8       |
    | gemm_read_X_U0/trunc_ln_reg_663_reg[54]_i_1                                                                          | CLB.CARRY.CARRY8       |
    | gemm_read_X_U0/trunc_ln_reg_663_reg[57]_i_1                                                                          | CLB.CARRY.CARRY8       |
    | gemm_read_X_U0/trunc_ln_reg_663_reg[56]                                                                              | REGISTER.SDR.FDRE      |
    +----------------------------------------------------------------------------------------------------------------------+------------------------+

    +----------------------------------------------------------------------------------------------------------------------+------------------------+
    | Path2 Cells                                                                                                          | Primitive Type         |
    +----------------------------------------------------------------------------------------------------------------------+------------------------+
    | gemm_read_X_U0/ap_enable_reg_pp0_iter4_reg                                                                           | REGISTER.SDR.FDRE      |
    | gemm_read_X_U0/mul_5ns_14ns_17_1_1_U3/tmp_product_i_8                                                                | CLB.LUT.LUT4           |
    | gemm_read_X_U0/mul_5ns_14ns_17_1_1_U3/tmp_product_i_2                                                                | CLB.LUT.LUT5           |
    | gemm_read_X_U0/mul_5ns_14ns_17_1_1_U3/tmp_product/DSP_A_B_DATA_INST                                                  | ARITHMETIC.DSP.DSP48E2 |
    | gemm_read_X_U0/mul_5ns_14ns_17_1_1_U3/tmp_product/DSP_PREADD_DATA_INST                                               | ARITHMETIC.DSP.DSP48E2 |
    | gemm_read_X_U0/mul_5ns_14ns_17_1_1_U3/tmp_product/DSP_MULTIPLIER_INST                                                | ARITHMETIC.DSP.DSP48E2 |
    | gemm_read_X_U0/mul_5ns_14ns_17_1_1_U3/tmp_product/DSP_M_DATA_INST                                                    | ARITHMETIC.DSP.DSP48E2 |
    | gemm_read_X_U0/mul_5ns_14ns_17_1_1_U3/tmp_product/DSP_ALU_INST                                                       | ARITHMETIC.DSP.DSP48E2 |
    | gemm_read_X_U0/mul_5ns_14ns_17_1_1_U3/tmp_product/DSP_OUTPUT_INST                                                    | ARITHMETIC.DSP.DSP48E2 |
    | gemm_read_X_U0/mac_muladd_7ns_7ns_17s_17_1_1_U4/gemm_stage_mac_muladd_7ns_7ns_17s_17_1_1_DSP48_0_U/p/DSP_C_DATA_INST | ARITHMETIC.DSP.DSP48E2 |
    | gemm_read_X_U0/mac_muladd_7ns_7ns_17s_17_1_1_U4/gemm_stage_mac_muladd_7ns_7ns_17s_17_1_1_DSP48_0_U/p/DSP_ALU_INST    | ARITHMETIC.DSP.DSP48E2 |
    | gemm_read_X_U0/mac_muladd_7ns_7ns_17s_17_1_1_U4/gemm_stage_mac_muladd_7ns_7ns_17s_17_1_1_DSP48_0_U/p/DSP_OUTPUT_INST | ARITHMETIC.DSP.DSP48E2 |
    | gemm_read_X_U0/trunc_ln_reg_663[14]_i_9                                                                              | CLB.LUT.LUT2           |
    | gemm_read_X_U0/trunc_ln_reg_663_reg[14]_i_1                                                                          | CLB.CARRY.CARRY8       |
    | gemm_read_X_U0/trunc_ln_reg_663_reg[22]_i_1                                                                          | CLB.CARRY.CARRY8       |
    | gemm_read_X_U0/trunc_ln_reg_663_reg[30]_i_1                                                                          | CLB.CARRY.CARRY8       |
    | gemm_read_X_U0/trunc_ln_reg_663_reg[38]_i_1                                                                          | CLB.CARRY.CARRY8       |
    | gemm_read_X_U0/trunc_ln_reg_663_reg[46]_i_1                                                                          | CLB.CARRY.CARRY8       |
    | gemm_read_X_U0/trunc_ln_reg_663_reg[54]_i_1                                                                          | CLB.CARRY.CARRY8       |
    | gemm_read_X_U0/trunc_ln_reg_663_reg[57]_i_1                                                                          | CLB.CARRY.CARRY8       |
    | gemm_read_X_U0/trunc_ln_reg_663_reg[57]                                                                              | REGISTER.SDR.FDRE      |
    +----------------------------------------------------------------------------------------------------------------------+------------------------+

    +----------------------------------------------------------------------------------------------------------------------+------------------------+
    | Path3 Cells                                                                                                          | Primitive Type         |
    +----------------------------------------------------------------------------------------------------------------------+------------------------+
    | gemm_read_X_U0/ap_enable_reg_pp0_iter4_reg                                                                           | REGISTER.SDR.FDRE      |
    | gemm_read_X_U0/mul_5ns_14ns_17_1_1_U3/tmp_product_i_8                                                                | CLB.LUT.LUT4           |
    | gemm_read_X_U0/mul_5ns_14ns_17_1_1_U3/tmp_product_i_2                                                                | CLB.LUT.LUT5           |
    | gemm_read_X_U0/mul_5ns_14ns_17_1_1_U3/tmp_product/DSP_A_B_DATA_INST                                                  | ARITHMETIC.DSP.DSP48E2 |
    | gemm_read_X_U0/mul_5ns_14ns_17_1_1_U3/tmp_product/DSP_PREADD_DATA_INST                                               | ARITHMETIC.DSP.DSP48E2 |
    | gemm_read_X_U0/mul_5ns_14ns_17_1_1_U3/tmp_product/DSP_MULTIPLIER_INST                                                | ARITHMETIC.DSP.DSP48E2 |
    | gemm_read_X_U0/mul_5ns_14ns_17_1_1_U3/tmp_product/DSP_M_DATA_INST                                                    | ARITHMETIC.DSP.DSP48E2 |
    | gemm_read_X_U0/mul_5ns_14ns_17_1_1_U3/tmp_product/DSP_ALU_INST                                                       | ARITHMETIC.DSP.DSP48E2 |
    | gemm_read_X_U0/mul_5ns_14ns_17_1_1_U3/tmp_product/DSP_OUTPUT_INST                                                    | ARITHMETIC.DSP.DSP48E2 |
    | gemm_read_X_U0/mac_muladd_7ns_7ns_17s_17_1_1_U4/gemm_stage_mac_muladd_7ns_7ns_17s_17_1_1_DSP48_0_U/p/DSP_C_DATA_INST | ARITHMETIC.DSP.DSP48E2 |
    | gemm_read_X_U0/mac_muladd_7ns_7ns_17s_17_1_1_U4/gemm_stage_mac_muladd_7ns_7ns_17s_17_1_1_DSP48_0_U/p/DSP_ALU_INST    | ARITHMETIC.DSP.DSP48E2 |
    | gemm_read_X_U0/mac_muladd_7ns_7ns_17s_17_1_1_U4/gemm_stage_mac_muladd_7ns_7ns_17s_17_1_1_DSP48_0_U/p/DSP_OUTPUT_INST | ARITHMETIC.DSP.DSP48E2 |
    | gemm_read_X_U0/trunc_ln_reg_663[14]_i_9                                                                              | CLB.LUT.LUT2           |
    | gemm_read_X_U0/trunc_ln_reg_663_reg[14]_i_1                                                                          | CLB.CARRY.CARRY8       |
    | gemm_read_X_U0/trunc_ln_reg_663_reg[22]_i_1                                                                          | CLB.CARRY.CARRY8       |
    | gemm_read_X_U0/trunc_ln_reg_663_reg[30]_i_1                                                                          | CLB.CARRY.CARRY8       |
    | gemm_read_X_U0/trunc_ln_reg_663_reg[38]_i_1                                                                          | CLB.CARRY.CARRY8       |
    | gemm_read_X_U0/trunc_ln_reg_663_reg[46]_i_1                                                                          | CLB.CARRY.CARRY8       |
    | gemm_read_X_U0/trunc_ln_reg_663_reg[54]_i_1                                                                          | CLB.CARRY.CARRY8       |
    | gemm_read_X_U0/trunc_ln_reg_663_reg[54]                                                                              | REGISTER.SDR.FDRE      |
    +----------------------------------------------------------------------------------------------------------------------+------------------------+

    +----------------------------------------------------------------------------------------------------------------------+------------------------+
    | Path4 Cells                                                                                                          | Primitive Type         |
    +----------------------------------------------------------------------------------------------------------------------+------------------------+
    | gemm_read_X_U0/ap_enable_reg_pp0_iter4_reg                                                                           | REGISTER.SDR.FDRE      |
    | gemm_read_X_U0/mul_5ns_14ns_17_1_1_U3/tmp_product_i_8                                                                | CLB.LUT.LUT4           |
    | gemm_read_X_U0/mul_5ns_14ns_17_1_1_U3/tmp_product_i_2                                                                | CLB.LUT.LUT5           |
    | gemm_read_X_U0/mul_5ns_14ns_17_1_1_U3/tmp_product/DSP_A_B_DATA_INST                                                  | ARITHMETIC.DSP.DSP48E2 |
    | gemm_read_X_U0/mul_5ns_14ns_17_1_1_U3/tmp_product/DSP_PREADD_DATA_INST                                               | ARITHMETIC.DSP.DSP48E2 |
    | gemm_read_X_U0/mul_5ns_14ns_17_1_1_U3/tmp_product/DSP_MULTIPLIER_INST                                                | ARITHMETIC.DSP.DSP48E2 |
    | gemm_read_X_U0/mul_5ns_14ns_17_1_1_U3/tmp_product/DSP_M_DATA_INST                                                    | ARITHMETIC.DSP.DSP48E2 |
    | gemm_read_X_U0/mul_5ns_14ns_17_1_1_U3/tmp_product/DSP_ALU_INST                                                       | ARITHMETIC.DSP.DSP48E2 |
    | gemm_read_X_U0/mul_5ns_14ns_17_1_1_U3/tmp_product/DSP_OUTPUT_INST                                                    | ARITHMETIC.DSP.DSP48E2 |
    | gemm_read_X_U0/mac_muladd_7ns_7ns_17s_17_1_1_U4/gemm_stage_mac_muladd_7ns_7ns_17s_17_1_1_DSP48_0_U/p/DSP_C_DATA_INST | ARITHMETIC.DSP.DSP48E2 |
    | gemm_read_X_U0/mac_muladd_7ns_7ns_17s_17_1_1_U4/gemm_stage_mac_muladd_7ns_7ns_17s_17_1_1_DSP48_0_U/p/DSP_ALU_INST    | ARITHMETIC.DSP.DSP48E2 |
    | gemm_read_X_U0/mac_muladd_7ns_7ns_17s_17_1_1_U4/gemm_stage_mac_muladd_7ns_7ns_17s_17_1_1_DSP48_0_U/p/DSP_OUTPUT_INST | ARITHMETIC.DSP.DSP48E2 |
    | gemm_read_X_U0/trunc_ln_reg_663[14]_i_9                                                                              | CLB.LUT.LUT2           |
    | gemm_read_X_U0/trunc_ln_reg_663_reg[14]_i_1                                                                          | CLB.CARRY.CARRY8       |
    | gemm_read_X_U0/trunc_ln_reg_663_reg[22]_i_1                                                                          | CLB.CARRY.CARRY8       |
    | gemm_read_X_U0/trunc_ln_reg_663_reg[30]_i_1                                                                          | CLB.CARRY.CARRY8       |
    | gemm_read_X_U0/trunc_ln_reg_663_reg[38]_i_1                                                                          | CLB.CARRY.CARRY8       |
    | gemm_read_X_U0/trunc_ln_reg_663_reg[46]_i_1                                                                          | CLB.CARRY.CARRY8       |
    | gemm_read_X_U0/trunc_ln_reg_663_reg[54]_i_1                                                                          | CLB.CARRY.CARRY8       |
    | gemm_read_X_U0/trunc_ln_reg_663_reg[52]                                                                              | REGISTER.SDR.FDRE      |
    +----------------------------------------------------------------------------------------------------------------------+------------------------+

    +----------------------------------------------------------------------------------------------------------------------+------------------------+
    | Path5 Cells                                                                                                          | Primitive Type         |
    +----------------------------------------------------------------------------------------------------------------------+------------------------+
    | gemm_read_X_U0/ap_enable_reg_pp0_iter4_reg                                                                           | REGISTER.SDR.FDRE      |
    | gemm_read_X_U0/mul_5ns_14ns_17_1_1_U3/tmp_product_i_8                                                                | CLB.LUT.LUT4           |
    | gemm_read_X_U0/mul_5ns_14ns_17_1_1_U3/tmp_product_i_2                                                                | CLB.LUT.LUT5           |
    | gemm_read_X_U0/mul_5ns_14ns_17_1_1_U3/tmp_product/DSP_A_B_DATA_INST                                                  | ARITHMETIC.DSP.DSP48E2 |
    | gemm_read_X_U0/mul_5ns_14ns_17_1_1_U3/tmp_product/DSP_PREADD_DATA_INST                                               | ARITHMETIC.DSP.DSP48E2 |
    | gemm_read_X_U0/mul_5ns_14ns_17_1_1_U3/tmp_product/DSP_MULTIPLIER_INST                                                | ARITHMETIC.DSP.DSP48E2 |
    | gemm_read_X_U0/mul_5ns_14ns_17_1_1_U3/tmp_product/DSP_M_DATA_INST                                                    | ARITHMETIC.DSP.DSP48E2 |
    | gemm_read_X_U0/mul_5ns_14ns_17_1_1_U3/tmp_product/DSP_ALU_INST                                                       | ARITHMETIC.DSP.DSP48E2 |
    | gemm_read_X_U0/mul_5ns_14ns_17_1_1_U3/tmp_product/DSP_OUTPUT_INST                                                    | ARITHMETIC.DSP.DSP48E2 |
    | gemm_read_X_U0/mac_muladd_7ns_7ns_17s_17_1_1_U4/gemm_stage_mac_muladd_7ns_7ns_17s_17_1_1_DSP48_0_U/p/DSP_C_DATA_INST | ARITHMETIC.DSP.DSP48E2 |
    | gemm_read_X_U0/mac_muladd_7ns_7ns_17s_17_1_1_U4/gemm_stage_mac_muladd_7ns_7ns_17s_17_1_1_DSP48_0_U/p/DSP_ALU_INST    | ARITHMETIC.DSP.DSP48E2 |
    | gemm_read_X_U0/mac_muladd_7ns_7ns_17s_17_1_1_U4/gemm_stage_mac_muladd_7ns_7ns_17s_17_1_1_DSP48_0_U/p/DSP_OUTPUT_INST | ARITHMETIC.DSP.DSP48E2 |
    | gemm_read_X_U0/trunc_ln_reg_663[14]_i_9                                                                              | CLB.LUT.LUT2           |
    | gemm_read_X_U0/trunc_ln_reg_663_reg[14]_i_1                                                                          | CLB.CARRY.CARRY8       |
    | gemm_read_X_U0/trunc_ln_reg_663_reg[22]_i_1                                                                          | CLB.CARRY.CARRY8       |
    | gemm_read_X_U0/trunc_ln_reg_663_reg[30]_i_1                                                                          | CLB.CARRY.CARRY8       |
    | gemm_read_X_U0/trunc_ln_reg_663_reg[38]_i_1                                                                          | CLB.CARRY.CARRY8       |
    | gemm_read_X_U0/trunc_ln_reg_663_reg[46]_i_1                                                                          | CLB.CARRY.CARRY8       |
    | gemm_read_X_U0/trunc_ln_reg_663_reg[54]_i_1                                                                          | CLB.CARRY.CARRY8       |
    | gemm_read_X_U0/trunc_ln_reg_663_reg[53]                                                                              | REGISTER.SDR.FDRE      |
    +----------------------------------------------------------------------------------------------------------------------+------------------------+


================================================================
== RTL Synthesis Vivado Reports
================================================================
+--------------------------+-------------------------------------------------------------------+
| Report Type              | Report Location                                                   |
+--------------------------+-------------------------------------------------------------------+
| design_analysis          | impl/verilog/report/gemm_stage_design_analysis_synth.rpt          |
| failfast                 | impl/verilog/report/gemm_stage_failfast_synth.rpt                 |
| power                    | impl/verilog/report/gemm_stage_power_synth.rpt                    |
| timing                   | impl/verilog/report/gemm_stage_timing_synth.rpt                   |
| timing_paths             | impl/verilog/report/gemm_stage_timing_paths_synth.rpt             |
| utilization              | impl/verilog/report/gemm_stage_utilization_synth.rpt              |
| utilization_hierarchical | impl/verilog/report/gemm_stage_utilization_hierarchical_synth.rpt |
+--------------------------+-------------------------------------------------------------------+


